1 cc3f4c7ba4e552bd
2 cc3f4c7ba4e552bd
3 cc3f4c7ba4e552bd
4 cc3f4c7ba4e552bd
5 cc3f4c7ba4e552bd
6 cc3f4c7ba4e552bd
7 cc3f4c7ba4e552bd
8 cc3f4c7ba4e552bd
9 cc3f4c7ba4e552bd
10 cc3f4c7ba4e552bd
11 cc3f4c7ba4e552bd
12 f30dfa61d8621222
13 cc3f4c7ba4e552bd
14 cc3f4c7ba4e552bd
15 44f3877ba4e552bd
16 cc3f4c7ba4e552bd
17 a465b5afef1b5358
18 cc3f4c7ba4e552bd
19 cc3f4c7ba4e552bd
20 cc3f4c7ba4e552bd
21 cc3f4c7ba4e552bd
22 cc3f4c7ba4e552bd
23 cc3f4c7ba4e552bd
24 cc3f4c7ba4e552bd
25 cc3f4c7ba4e552bd
26 cc3f4c7ba4e552bd
27 cc3f4c7ba4e552bd
28 cc3f4c7ba4e552bd
29 cc3f4c7ba4e552bd
30 cc3f4c7ba4e552bd
31 cc3f4c7ba4e552bd
32 cc3f4c7ba4e552bd
33 cc3f4c7ba4e552bd
34 cc3f4c7ba4e552bd
35 cc3f4c7ba4e552bd
36 cc3f4c7ba4e552bd
37 cc3f4c7ba4e552bd
38 cc3f4c7ba4e552bd
39 cc3f4c7ba4e552bd
40 cc3f4c7ba4e552bd
41 cc3f4c7ba4e552bd
42 cc3f4c7ba4e552bd
43 cc3f4c7ba4e552bd
44 cc3f4c7ba4e552bd
45 cc3f4c7ba4e552bd
46 cc3f4c7ba4e552bd
47 cc3f4c7ba4e552bd
48 cc3f4c7ba4e552bd
49 cc3f4c7ba4e552bd
50 cc3f4c7ba4e552bd
51 cc3f4c7ba4e552bd
52 cc3f4c7ba4e552bd
53 cc3f4c7ba4e552bd
54 cc3f4c7ba4e552bd
55 cc3f4c7ba4e552bd
56 cc3f4c7ba4e552bd
57 cc3f4c7ba4e552bd
58 cc3f4c7ba4e552bd
59 cc3f4c7ba4e552bd
60 cc3f4c7ba4e552bd
61 cc3f4c7ba4e552bd
62 cc3f4c7ba4e552bd
63 cc3f4c7ba4e552bd
64 cc3f4c7ba4e552bd
65 cc3f4c7ba4e552bd
66 cc3f4c7ba4e552bd
67 cc3f4c7ba4e552bd
68 cc3f4c7ba4e552bd
69 cc3f4c7ba4e552bd
70 cc3f4c7ba4e552bd
71 cc3f4c7ba4e552bd
72 cc3f4c7ba4e552bd
73 2cd1db70413e21c9
74 68595622ba5026df
75 cb24c151a6ecc235
76 d2339de50ac985e8
77 d2339de50ac985e8
78 d2339de50ac985e8
79 d2339de50ac985e8
80 d2339de50ac985e8
81 d2339de50ac985e8
82 d2339de50ac985e8
83 d2339de50ac985e8
84 d2339de50ac985e8
85 d2339de50ac985e8
86 d2339de50ac985e8
87 d2339de50ac985e8
88 d2339de50ac985e8
89 d2339de50ac985e8
90 d2339de50ac985e8
91 c32bd3d6f11d9754
92 1a97765eb25e4068
93 cba81c17f1d19b38
94 b75e5338631c6572
95 6906f2709bb4aa78
96 ad98a65b9db521bf
97 a3e6cced7a05c713
98 d5ec949c6c3cc713
99 fb48e67b3ce7c713
100 137aa8922b56c713
101 105ed4d1bda9c713
102 e000abda01f0c713
103 cf7aa5dd0d8bc713
104 7b9b37febfaac713
105 c6b27fe6493dc713
106 8108ee7990f4c713
107 e773dfe59bbfc713
108 4dea34aaf1aec713
109 674b617599a1c713
110 61f0b69465e8c713
111 629767d77c63c713
112 870939d97d22c713
113 54fa1426c6f5c713
114 1a079cf2a8ecc713
115 766547dba357c713
116 9956953df886c713
117 3e9aeb6824d9c713
118 445be322fc20c713
119 be53735bf03bc713
120 25910ee3359ac713
121 4fe5fddded6dc713
122 3bf2d66d4464c713
123 4cc8eab16fafc713
124 4173b91338dec713
125 5f4f2660b751c713
126 3db890d282d8c713
127 a2b9e385b993c713
128 54399c78d392c713
129 489462a62fe5c713
130 1ba17dbff29cc713
131 1278386b2a47c713
132 56fa3dd92836c713
133 8e513bccb689c713
134 3d890d68add0c713
135 af537cff326bc713
136 74084ccb770ac713
137 3e09dcf6601dc713
138 527b9a279854c713
139 787dc031999fc713
140 986bc619ca0ec713
141 23f5508a7681c713
142 e870aa72a048c713
143 82f8f8b5d8c3c713
144 1e13d0f20302c713
145 fd7bcf824855c713
146 1ef524d691ccc713
147 ef7380c209b7c713
148 f371858112e6c713
149 05609982e2b9c713
150 c23bd05c6200c713
151 122dd65b9f1bc713
152 00337f3beb7ac713
153 c484b91177cdc713
154 5489f0dad844c713
155 01cf33e2b88fc713
156 805a40f843bec713
157 d1d8147e9a31c713
158 0ed49a4e25b8c713
159 238f4e961f73c713
160 a5b7f95706f2c713
161 bee3a48d6645c713
162 643d89e8497cc713
163 5811fa845927c713
164 f91278eaca96c713
165 e46e1371e5e9c713
166 7f441eccfc30c713
167 6ef24c8edacbc713
168 0b709d40aceac713
169 a37c3cbd3d7dc713
170 ec04c5060e34c713
171 ca87d28b8dffc713
172 9bd6289228eec713
173 a3e4571f4de1c713
174 ec90edddb628c713
175 90b71f5c50a3c713
176 a74f435b1262c713
177 b0a90cd9b735c713
178 eccb0b96cd2cc713
179 8556be695197c713
180 a0ca7d7a71c6c713
181 450211d4a919c713
182 5ba417d8f860c713
183 34825e46e67bc713
184 f77f37f673dac713
185 6faf9c440eadc713
186 b0cd187c02a4c713
187 f936e5ecfcefc713
188 33cc12ac801ec713
189 4db8c4562391c713
190 7db8b0e70a18c713
191 4ec1063e9dd3c713
192 9b83419563d2c713
193 de3d8c9de325c713
194 5cb08c231edcc713
195 737a7661b487c713
196 b4e6075ff776c713
197 3c181fbbc2c9c713
198 9fd1850bee10c713
199 859b17efefabc713
200 33e76bc3f34ac713
201 ca63e77e3c5dc713
202 a888bebcb594c713
203 4397c97e06dfc713
204 fa0fcd6b644ec713
205 eecbc22258c1c713
206 73164bd62688c713
207 fa815e2ad403c713
208 fb09594d2342c713
209 9505d8e93f95c713
210 352ddfe9320cc713
211 a12b32f7a5f7c713
212 2772e08ac926c713
213 cf29415f26f9c713
214 e3f2de462c40c713
215 8f6f8d3cf95bc713
216 bc015b0766bac713
217 b22545b5800dc713
218 bb02c9513e84c713
219 bdb1f16885cfc713
220 9b959a0399fec713
221 81f0570f7d71c713
222 cc09cb2f98f8c713
223 cc08b09880b3c713
224 934ed9b6ab32c713
225 1e98a7e36a85c713
226 9a56edca5fbcc713
227 94429b20da67c713
228 6d0eab9a58d6c713
229 37822778c529c713
230 20d32d149770c713
231 9d12c41d0d0bc713
232 2bc27c75c52ac713
233 a41e488e58bdc713
234 2ff88a658274c713
235 a9b7eae89d3fc713
236 e20cf794c12ec713
237 b4498bd17521c713
238 70389865b368c713
239 1ccfd6d369e3c713
240 f833bcef92a2c713
241 eee21acae675c713
242 7a1e7211146cc713
243 7da6fdbcdcd7c713
244 f38e0357d406c713
245 b7e61ffc0659c713
246 0bea43b127a0c713
247 472bd64391bbc713
248 c4a7117a831ac713
249 177b212996edc713
250 900c12fa35e4c713
251 d459ab9bbb2fc713
252 c0d0800c865ec713
253 61a4f1fc1ad1c713
254 a3ee4be37458c713
255 6071f2cecd13c713
256 9eaf6568cf12c713
257 45db986e4d65c713
258 5c309844ca1cc713
259 6bf4cda03bc7c713
260 76eacf53d3b6c713
261 42a7e68eb609c713
262 69be6482f350c713
263 6e9c9aa8a1ebc713
264 ab1d8fae768ac713
265 3552c100119dc713
266 55ed86a90fd4c713
267 6d13eea1bf1fc713
268 e4645f5dd98ec713
269 3a2af5052601c713
270 b6f657a1f9c8c713
271 913355a41c43c713
272 c885e01a1882c713
273 7c7bbe0411d5c713
274 d3d216c2434cc713
275 43cb81cc3937c713
276 8f7ca9d4ee66c713
277 d12c46f59ce940ed
278 58f4e9f367f1f24d
279 ab074833c47cce47
280 96b1c2764841ce47
281 251c728bf742ce47
282 b6fe9715d987ce47
283 9107f65ab9d0ce47
284 96ef78ca71b5ce47
285 eacaada4b3b6ce47
286 45368a1af02bce47
287 fdeea5c36df4ce47
288 e3c407ae2b19ce47
289 3500d38c511ace47
290 9bbcf113093fce47
291 a3805615ffe8ce47
292 9022c8bd27cdce47
293 be7d75ff0beece47
294 a5710ebc7863ce47
295 90ed03e5788cce47
296 c62390cb4511ce47
297 6b5a8d7b4812ce47
298 fb2053b62257ce47
299 42ad14213aa0ce47
300 b3887f28a2c5ce47
301 bc821cede96d6277
302 0db846321bca5277
303 11b53df6c8df5277
304 ce6669c989205277
305 79eda676e2f55277
306 115c606e6e2e5277
307 c253bafce244ca5f
308 365a1fc7cf75814f
309 36c28d2bd502814f
310 6a8e76615c23814f
311 7b4079239cc0814f
312 30e390349a99814f
313 c5d2aa5c6296814f
314 2b94494d7887814f
315 3b6aaebef0a4814f
316 6d7ef91b063d814f
317 cccd5a48e1ba814f
318 f9ca8196aafb814f
319 c45603a00158814f
320 e7313f76fa11814f
321 3e17985e54ae814f
322 17b055bb1c5f814f
323 7f0705e21e3c814f
324 0497cefe4eb5814f
325 8ff5dc864612814f
326 64910c6f6873814f
327 277261913050814f
328 3992c67f9a29814f
329 9947f9efd726814f
330 d885e0451b97814f
331 bcadf05cc3f4814f
332 7a8b46110e8d814f
333 25cb7714e08a814f
334 868aca95170b814f
335 70557cc9a2a8814f
336 4cc92e8ebda1814f
337 d3049338f9be814f
338 49538c38666f814f
339 78b79a28ef4c814f
340 f30a07d15c0c814f
341 ece903bcd943814f
342 94cef611e2a2814f
343 7cbd66f12119814f
344 cf033e775980814f
345 7a2f8733be47814f
346 e31d7f79b196814f
347 c3ed3334e2bd814f
348 be78cdbe62e4814f
349 1b11b575687b814f
350 b9e00a0b19fa814f
351 4d6e6bfa1a71814f
352 8b2fbaee2db8814f
353 57f9ad618c7f814f
354 3be250c5924e814f
355 b488726f7d55814f
356 408131e8c25c814f
357 03afcaca2153814f
358 1238f1fd7172814f
359 b9b17a0a0aa9814f
360 55ac4fbdd090814f
361 8992e0ab7f17814f
362 fd0bedc22f66814f
363 f7de43919f4d814f
364 24a5d597f5f4814f
365 b3f9bf8b6ecb814f
366 108592fe960a814f
367 c3e393fd7e41814f
368 0aa725af2948814f
369 1f79757fb68f814f
370 8cb39bd3dfde814f
371 94c1384dc325814f
372 24fee80639ac814f
373 150e0840ea63814f
374 a4dd6f9fff42814f
375 6ad87e223a39814f
376 a9961bd305a0814f
377 5e3919a2b1e7814f
378 5b3b56d9aeb6814f
379 4c1b41534add814f
380 22baa5e67f84814f
381 7059a130aa1b814f
382 a82eb5508e1a814f
383 46b9638b2791814f
384 dbabd098cc58814f
385 49f797197a9f814f
386 a5a03e8502ee814f
387 c42093055ff5814f
388 08e7ac40b57c814f
389 8d3316d224f3814f
390 9848e813d512814f
391 018f830efd49814f
392 d2b9f7ccd1b0814f
393 1ae87449fb37814f
394 db28ede2ef06814f
395 aad12fb98a6d814f
396 da0cb9058994814f
397 c5d43dbc97eb814f
398 d2701978c72a814f
399 04dec2ec4ee1814f
400 8c5da62947e8814f
401 150b465e38af814f
402 c3e8526088fe814f
403 ca716014d145814f
404 3e706e7ec64c814f
405 d99d7973c883814f
406 8898a5d4e1e2814f
407 d26ef97c0e59814f
408 2c1d247d49c0814f
409 2e64fb298887814f
410 796a18f40cd6814f
411 37bb47f110fd814f
412 538a3bab1c24814f
413 422ce2fb69bb814f
414 f99d68d4b33a814f
415 6310a5d939b1814f
416 21ab44d09ef8814f
417 d3e0a7254ebf814f
418 e57d3f73c68e814f
419 1d957ba3e895814f
420 b717c4c5b99c814f
421 63e5c1ac6a93814f
422 a91dfbdb32b2814f
423 b6115ae2aae9814f
424 f90137af39d0814f
425 ed45b3604957814f
426 daa6289d4da6814f
427 56c2e9525a8d814f
428 86e671902b34814f
429 02ff2485ef0b814f
430 f558c308cc4a814f
431 2ffec9ce3e81814f
432 fe832eb05788814f
433 443e822936cf814f
434 961fb0c0c41e814f
435 30bdffe3dc65814f
436 20d1de0715ec814f
437 95816a73e2a3814f
438 607e7ecbe182814f
439 561cd8b63379814f
440 ca733bd5d4e0814f
441 1ba6fa5b8f27814f
442 78a71ab74af6814f
443 ab8d9dcda91d814f
444 9995a8982ac4814f
445 81700256cc5b814f
446 32fbef8d715a814f
447 800d738994d1814f
448 0015ea3d8d98814f
449 15c9ac6fcddf814f
450 05273c521e2e814f
451 be083b64e635814f
452 9195180ecfbc814f
453 998289b53833814f
454 cf7cefaeeb52814f
455 a6b36df82889814f
456 c2163951fef0814f
457 ec52f6530777814f
458 0bf0298f1e46814f
459 91c58facb4974628
460 f569fdb00cb40ebb
461 ba85a99f39af1d09
462 70399dee885091a2
463 92e0c037684f8a72
464 ac10ba2e3f7a905f
465 8cde89d777d3c859
466 99b8c7a14a95bd8d
467 21de6e3fccc695dd
468 ea726a5accc695dd
469 c7a59e724c61e69a
470 e7969aea83de3d50
471 e83af6a96ec8f8b0
472 f3774912bbc8f8b0
473 1f925fd64ec8f8b0
474 c932af87bcc8f8b0
475 60041183fec8f8b0
476 af3de76f01c8f8b0
477 ec09c19f9fc8f8b0
478 1c3ec4f993c8f8b0
479 6d4f5eceb4c8f8b0
480 6c5430c7a6d77730
481 ad4a4e32b7d77730
482 3471db0a6fd77730
483 af19ffec27d77730
484 5289766736d77730
485 ab22e0881ad77730
486 e51a981b5fd77730
487 36051d2222d77730
488 09841e6876d77730
489 196b92bcd2d77730
490 717d513a88d77730
491 08cd14f7a3d77730
492 2dd5d316b4d77730
493 3206bb848ad77730
494 123bc9802fd77730
495 be20793101d77730
496 bad8fa67b3d77730
497 92b0594ff1d77730
498 854e817e36d77730
499 77c93f51f9d77730
500 da42783d9bd77730
501 6b4182225ad77730
502 6afba7d2858ef1b0
503 db259b48fb8ef1b0
504 257e61606f8ef1b0
505 8d2f9dbe81d77730
506 f2ea6afb7ed77730
507 113d6ef9399058b0
508 8527764fc39058b0
509 928d0ff4929058b0
510 1ddf544a48d77730
511 7a42b5e371d77730
512 3c3df20b2fd77730
513 80f4dd1d27d77730
514 3b085841f6d77730
515 6bb5cb8722d77730
516 60ecbb33efd77730
517 b3973ef329d77730
518 fa9e7ce49ed77730
519 43233a4953d77730
520 5b4459a4b4d77730
521 972d682f1ad77730
522 c8740a351fd77730
523 9f6532be81d77730
524 3d3ff9e6ded77730
525 f24f477cb2d77730
526 418ae4aaced77730
527 9cd7632063d77730
528 e2c8d2d93bd77730
529 2140316a69d77730
530 9c96402408d77730
531 5dd9a122e9d77730
532 656828d56fd77730
533 9cb8cc1749d77730
534 4fe3f2eb2ed77730
535 dd51eb8319d77730
536 d2d585957fd77730
537 91c25db499d77730
538 06a63d9f988ef1b0
539 481b185a9e8ef1b0
540 42c4383d5c8ef1b0
541 dbf714101ad77730
542 e58302ba66d77730
543 cbee5607719058b0
544 10381e7d579058b0
545 42854ab7d99058b0
546 acd5617b44d77730
547 3b3b8a4547d77730
548 b2370b482fd77730
549 9b2fc3e8a2d77730
550 65c9d92e38d77730
551 2c94cc491ad77730
552 ca31e7907cd77730
553 693f8d0e27d77730
554 09fdbe42efd77730
555 aed14eacc9d77730
556 589d7e1d2ed77730
557 44a70ea5f3d77730
558 4036620b0ed77730
559 17608d39a9d77730
560 83058404c8d77730
561 e5474ba7cad77730
562 bada7e16bed77730
563 654e06c512d77730
564 f01363225bd77730
565 b08aed4d99d77730
566 a8dafc4986d77730
567 6f4e5f0227d77730
568 a8449f5b08d77730
569 270ade3b29d77730
570 fa9af79976d77730
571 fb63a9c027d77730
572 85fa47415fd77730
573 9a5aba2fe7d77730
574 77a4b8f1818ef1b0
575 4731fdd2988ef1b0
576 70c2df0a858ef1b0
577 3e4ff57b57d77730
578 dd893c72c8d77730
579 5d0f8bb6b49058b0
580 22a2b9b0d79058b0
581 bd79a0360e9058b0
582 f3b25155eed77730
583 74b3200b59d77730
584 2a088d1786d77730
585 9c0b5cca12d77730
586 0019463a7fd77730
587 6c27ef6df9d77730
588 647406be4ed77730
589 06f6c7c40ad77730
590 e793b68be3d77730
591 8ddb3a4c52d77730
592 4208d2c1b4d77730
593 cc28f3721ad77730
594 b2fe64fdf8d77730
595 7ec1fbfc72d77730
596 babef417fed77730
597 0878747ecad77730
598 c72ad2418cd77730
599 e3497053f2d77730
600 6c66563908d77730
601 bfdaa1ea69d77730
602 ea2c293408d77730
603 6a77649ae9d77730
604 de8fe64f88d77730
605 ad91c1848ad77730
606 be5e5ef0ccd77730
607 d51f89e731d77730
608 d2010ce33bc8f8b0
609 b14a6d33efc8f8b0
610 4fd54353db706830
611 6ce3c26b03706830
612 8c85f64f4a706830
613 57446393a0c8f8b0
614 d6cc15ffb9c8f8b0
615 4d49d906bbb65730
616 e434a2b258b65730
617 c863212f65b65730
618 7a57024eebc8f8b0
619 5715fca463d77730
620 226cfaea6ed77730
621 2fc27b67b9d77730
622 3850b1da38d77730
623 1af3609bf3d77730
624 2fe434210ed77730
625 c9538cd74ad77730
626 1b6449a67ed77730
627 0735f169f1d77730
628 541070cd46d77730
629 7264584de9d77730
630 d03f8eb13ed77730
631 58d017df79d77730
632 38229764b8d77730
633 79173e0bf9d77730
634 017e33fc66d77730
635 119dfe4ba7d77730
636 b4c3d6f508d77730
637 9bfeadff63d77730
638 1e437b7fcbd77730
639 5122544c8ad77730
640 d194f99becd77730
641 869a246aa7d77730
642 352c5d6dffd77730
643 322b80ca5ad77730
644 07269cad5fd77730
645 9fd2f22e71d77730
646 7a869485e78ef1b0
647 d00761dc988ef1b0
648 7d1e8474878ef1b0
649 25a26da991d77730
650 115407ac36d77730
651 f69ef330819058b0
652 d82f30ec1d9058b0
653 0b2267aa749058b0
654 87ea943c4bd77730
655 d745d89769d77730
656 41451a2f76d77730
657 1784c1fb17d77730
658 227e5ea17fd77730
659 78cb71dd47d77730
660 24add14066d77730
661 6259fbfb29d77730
662 4245f0669ed77730
663 efb3cb2fbad77730
664 21bea3c93cd77730
665 ea5423c251d77730
666 2388408d53d77730
667 130a03b70bd77730
668 cacaf0b2a3d77730
669 459fb55772d77730
670 c07e57e2cbd77730
671 36bb835fbad77730
672 5160290a5cd77730
673 95d4a76e01d77730
674 81bffd0db3d77730
675 b0c907bf0bd77730
676 0a020884ccd77730
677 2dcb6ae272d77730
678 234429a576d77730
679 fe9b0e0ca2d77730
680 b9959172c8d77730
681 f1ad23a7a3d77730
682 23a65548778ef1b0
683 082ca3bc438ef1b0
684 5ad6fa59c08ef1b0
685 79cb4c3f91d77730
686 6a80273a36d77730
687 8bd96607f29058b0
688 a58b8676fd9058b0
689 75aaa4ac549058b0
690 39d73f46fbd77730
691 c1a98eeee9d77730
692 67f6287676d77730
693 dc96f82ea7d77730
694 46497942ffd77730
695 447feddf79d77730
696 f32b1bc5ced77730
697 80a6331de9d77730
698 1c18376d6fd77730
699 f69eb60acad77730
700 2915031db6d77730
701 ef88f9fb79d77730
702 9b4d99764ed77730
703 be42131363d77730
704 695fe2fe2ed77730
705 5aaaad011ad77730
706 ddd9b1447cd77730
707 4cdf1de881d77730
708 84f1dc993ed77730
709 fdf0639e4bd77730
710 527b2aa4acd77730
711 bb91787281d77730
712 5a96f00f5ed77730
713 e2773a7232d77730
714 d07583d4a4d77730
715 0e0cc21ee7d77730
716 17b63b6466d77730
717 16e449da87d77730
718 57da27049f8ef1b0
719 874f02da648ef1b0
720 95e7d22d218ef1b0
721 dde9b27c31d77730
722 e501e7d806d77730
723 e1a2b265f19058b0
724 cb2e153c979058b0
725 8cb5d36b3c9058b0
726 fa114f7908d77730
727 ed5273bf0bd77730
728 af5ccc7eacd77730
729 590a0fb822d77730
730 44177e92f6d77730
731 69f7f4ae52d77730
732 8d84c0eff6d77730
733 d009025627d77730
734 7689c733a6d77730
735 aa9e33c3a7d77730
736 c6af95d2efd77730
737 f88979c847d77730
738 354304f436d77730
739 7b20b882bad77730
740 c519f2ea3fd77730
741 6627d26272d77730
742 000081586fd77730
743 38e54d6b2ad77730
744 6f006f54f6d77730
745 05f771bc99d77730
746 ef287abf9ed77730
747 714ed35f20c8f8b0
748 68cbf6575bc8f8b0
749 9b1b2a3d97c8f8b0
750 1bdca37a31c8f8b0
751 d67cd35ceec8f8b0
752 5b9436ad7bc8f8b0
753 f93aba7dc8c8f8b0
754 ec00af8ab8706830
755 5eb765ce41706830
756 508a04423a706830
757 5883b62bcfc8f8b0
758 c0dbb101b4d77730
759 8a3fc3cb129058b0
760 de3cb2901d9058b0
761 21a9b3f7729058b0
762 f3c630ce76d77730
763 44c8dfb247d77730
764 9864ea8ff8d77730
765 17c6bdfcd1d77730
766 022960da66d77730
767 49569defcad77730
768 9982ae43c8d77730
769 3b606b3531d77730
770 96c408e3c8d77730
771 5b1ed5580bd77730
772 50b5d9b8ccd77730
773 6633489a72d77730
774 a2b880abf6d77730
775 87f3dc43a2d77730
776 53208285b6d77730
777 c2a3c71077d77730
778 b1c8470fa6d77730
779 d96c7dbab7d77730
780 3761976376d77730
781 6dc23b8992d77730
782 9604055e6fd77730
783 ac4718b9ead77730
784 2854c89ec8d77730
785 6037dfa62bd77730
786 056693c4ecd77730
787 caed238501d77730
788 23dcfa9da3d77730
789 d068ccc891d77730
790 cdf14cd8dc8ef1b0
791 c7faa74e248ef1b0
792 35d9708c1c8ef1b0
793 db753e0699d77730
794 2a8283010ed77730
795 81936d97119058b0
796 946a7844d59058b0
797 a5bfdd6d7c9058b0
798 21dbefbe46d77730
799 33d1445069d77730
800 b22b1db1737b9d68
801 7d69c9182d063e45
802 f310e4ced7bd4b45
803 c346ef4c81b84b45
804 846792dceab84b45
805 d3285e1da26c1e68
806 f60b22adb9329d68
807 b22b6cfb677b9d68
808 460f4dc9947b9d68
809 e528df19427b9d68
810 739fce46217b9d68
811 057726741c7b9d68
812 e893aa69fd7b9d68
813 21ddb63e907b9d68
814 71bfaec55c7b9d68
815 3db16a1f6f9c8a8f
816 c208a9fd586a618f
817 103dc28188c3dc30
818 8043673f37e50873
819 036c9dd64343f422
820 cd0a6415461724e1
821 f477273dfbbf336a
822 d1ac3f59b55d9081
823 7e10c256e82a5b8e
824 f16fd099d37d1d4c
825 e56c88dfca650e24
826 8206fd562648f231
827 36c043f2d1dc556b
828 a42d50af11dc817f
829 325d5c98bbc62e1a
830 310d52ac37ce71c0
831 eea9b2c9d269b933
832 69dd55354eeaf88c
833 f0540d1f18d28039
834 3894340d9079507a
835 fa21e8d0721c07e7
836 3ea3b522ef05f0b0
837 aca9f39f1692aaed
838 0b01b1d78a895cae
839 08eae276be81d38b
840 8c7c6b0dbe653ca4
841 bb71e5cd1d652eb1
842 2741ed7ff2208ad2
843 862924e46c5ee7bf
844 53ef9cd32b794b48
845 9af7b7672db4eb81
846 5b8d65d9cc0ee8a2
847 376c109d971e2e4f
848 70b273763c86fd90
849 7a139bbe3cd16ccd
850 2f23bb429e0b1d8e
851 faa9adee3e80b7eb
852 61c33a5dcda2016c
853 aee60c0e7fe9e519
854 62216d193abd5cda
855 0488a384937dbec7
856 22e9b043dac65308
857 c8fe04dc64d03805
858 a1d78cbdd9184bc6
859 fbfefe4827b82243
860 49c1edcff0ecbd64
861 9ac47a509ef7ecd5
862 f4a949a0cf4be216
863 c00e687ed854a453
864 925eaf4bdfc32aac
865 96ed6ddd10b94559
866 3a8aaf5a3b50791a
867 e26be3f54767cd07
868 2758f43353c6f4d0
869 fa9be6e57599100d
870 1536fe4316a3f7ce
871 08daa66b531ffb2b
872 12187d2fad3ab9c4
873 f3d93ef6d7d1d5d1
874 2cb68f23b7b2c8f2
875 255353f5c1fbe6df
876 51fb75dcebf2e068
877 ddca8165a30b8de5
878 2bf4ebbeb95b60a6
879 cc2c9cc6603e8da3
880 04021c8462dbf1fc
881 9324fbc1a8ed4669
882 6f4079b8cd4278ea
883 5670bd4627ed9897
884 4c7c155502c58de0
885 85dc56fe2f4b735d
886 7dd0fcb16ee67a9e
887 bdf6f3cd39ec09bb
888 794e0bb4605cfed4
889 cdc6e824e1f7d451
890 7323f084095eb93c
891 34113962d65a8b60
892 d86c446391607234
893 f70bc328c96fa824
894 d66cac502b6a5a28
895 9c086a23d0b1b1ac
896 7e7abce509c2aaf0
897 34cc6e80c3ac14a4
898 ee745d7ab9296420
899 e58a4558463b261c
900 54c39905813b28e8
901 413f07c7e9f93304
902 45b5e6693a6e1788
903 41e0d8c461f7d2bc
904 b47cfa8c8ea807a0
905 4643af57c9f4cd34
906 4361680cbdb12480
907 31b17039e6289a9c
908 5c241f2d05ec2138
909 6b12e8ad6ac500f4
910 6227dcf9511b49f8
911 bb9939a2d0613dbc
912 090db47a3804d280
913 7766b85e2d60b8c4
914 a16e373eeb4d1580
915 575b7416a8980abc
916 f258f412dbaca248
917 94f2651c85c29924
918 8a995ff493ce5f70
919 9084021a2d9cb584
920 d14108d96b9bb4f8
921 d2329d5ca90b8ee5
922 bae8880c5da5a6ca
923 06c838ec13b9ee97
924 6ae2e7ded1566e14
925 c95e878ab080bb75
926 7850fcd30e57505a
927 83963bb7e4f4a527
928 25239d68567f4eec
929 fad6756beff86519
930 37263037827f71de
931 9ae2896775907c1b
932 7ffb9767d7a031d8
933 6a95b5b0006458c5
934 953c6873d8bd3baa
935 6305e2b794667f77
936 a9c3b795f6d4ca0c
937 007caedd3b382e39
938 2a6beff3fc56bffe
939 0fb19ad2e506e543
940 32ab6ee74103ca38
941 b92091dcec361025
942 98e623defa936e0a
943 2236fee3535be0d7
944 81388670e62bb95c
945 2972e71d26fd09c9
946 e186243671f415de
947 ef8cc78cad3d801b
948 cc7c47baf960e7d0
949 a4e2cfaf36abbb1d
950 2b6f07457ff59b62
951 08937754201b9caf
952 8cb5507711ff5ab4
953 2b9e3a937cd96ce1
954 d7ad0c91ccd84c86
955 feca13018f0738a3
956 a74dedf23dc50c18
957 948c7814ecc5b0d1
958 32e10686b50543b6
959 69b03a4f4c879f53
960 6f6cbd240eba45aa
961 4cbacf2ba11f4a9b
962 6a67e3277bffb408
963 118684118230d5bd
964 e944395a6be30346
965 4abf0e3275755a0b
966 7deeb7b55d6e2534
967 2a10efa372d51b41
968 fbe537d893f7ec5a
969 005a29ec1804d87f
970 58b5d262cd538648
971 a4de00c1e34c49cd
972 bbdefa058d22b1d6
973 7e9fb66925eb87db
974 d17414babf7b071c
975 aac0c8e25b4f02e1
976 23a048507db90bea
977 1d40d1bf2179bc8f
978 e8bccc0275e00cd8
979 b1b78a38cd102bdd
980 07325bb230c089e6
981 d12419bcb4e96cbb
982 7587c39f422dc0e4
983 ba6ff417989830a9
984 08d13efbf2607dd2
985 a2af9c395f4d31d7
986 39a1bead6d90e9e0
987 82e264b84a7cd3a5
988 49e9c86b3fb1a18e
989 8c1d0dad306145e7
990 5e5eb57f06267230
991 2e06e176c67826b5
992 634ed751cf8edc56
993 61ca2f51099a435b
994 a2298e084ace3f04
995 8bae21534c8862e9
996 35fae7089ad6037a
997 8b8dd22c6fa8b51f
998 36574ff112a946e8
999 5c699f63bc45816d
1000 9da480531027992e
1001 865f3325f06b6713
1002 bc91068dc9045184
1003 9849e1822392a149
1004 54065241b84d92da
1005 98e3dde1fd2d22ff
1006 dcd79fa1ca005748
1007 ed948f68bbd1b64d
1008 392c13eab4f4589e
1009 00f5444071b23103
1010 001b068dbf37f8cc
1011 61d94e7ef88e0dd1
1012 bef146863659d5a2
1013 3250bc8778ccb4e7
1014 5a540511e095e230
1015 c82cc93a92158735
1016 bfca963169d279ee
1017 a0f9e7abbe240253
1018 97b316c177de1e5c
1019 db59684a63b31221
1020 bf7d224ec216f9b2
1021 273ca2069906a243
1022 a2f3e0d31b821e0c
1023 5a60b39634b28049
1024 ea4900e42bc490a2
1025 1ce48f6a3c837fe7
1026 8f387480d90158b0
1027 166781caa30e7eb5
1028 2eab6193f1811b9e
1029 9c2e3bb82c4e7003
1030 00ad0ccd46d6935c
1031 8c965283873b47a1
1032 fc85887e824d58ba
1033 441b0f1dc829f95f
1034 77622e38b3313428
1035 d17b8bc9610afdad
1036 f40964c332562536
1037 f5fd0a7241c19b3b
1038 621b1df16ea1ad64
1039 8d832f3c15d79229
1040 e7bec9fa7d33d602
1041 72c20ef7270c67c7
1042 94f0aee9da3fe010
1043 e7703a96b26feb15
1044 7fb271bd8bb45e16
1045 d52030ac096ba41b
1046 b8a06502fd4a4044
1047 17a05d22708f5b09
1048 2eca39a82d5a0e72
1049 8ceaace8974e69f7
1050 ccdc6621c6c5ad00
1051 185afcb6f221025d
1052 e0e2ff18d6537d66
1053 a1bbc2d7e2f51f9f
1054 7286978b1f7b7a68
1055 05d40d954ce21ced
1056 36ccc37adabdc73e
1057 caeee7badb7718a3
1058 ad77df61a002d054
1059 88cd26510732fe19
1060 431ccda52546b36a
1061 4b5fef373b600f8f
1062 0229e639380cd8d8
1063 35dc24132438dfdd
1064 51919f3bf0d4f53e
1065 da44ffbf19bcc3b3
1066 4336d3df87d892bc
1067 156257ab2b7a4e81
1068 72a1f3b581b90f12
1069 57721c7ac7d61917
1070 a4de5ff99fbe45a0
1071 306ed87e2c712fe5
1072 8c61326d913a1c06
1073 8486509766b736cb
1074 e278af71c5808274
1075 4213843747f4f639
1076 f600927f40d4730a
1077 64c0d75b304305af
1078 dc75396330056ff8
1079 0da7d25bfb4da61d
1080 da46539126e0a1de
1081 a4cf1645f61aa3c3
1082 9f276e6ccab48f8c
1083 ffa2ab842879f911
1084 71427ea7790c6be2
1085 8a367585070d4a73
1086 57d83670c839f044
1087 9e5fecc960a9cb09
1088 a044256aa0775462
1089 72d171f05b711ba7
1090 3d44dcbfe874f9f0
1091 63bc02f25ea00675
1092 081c7446fbb4c75e
1093 fcb9230150c07dc3
1094 b315db1ea4ce718c
1095 f1a20fada79b6311
1096 a5ddbb96365a910a
1097 e1ecb8ae69e253af
1098 21537e246f9235f8
1099 ed63af7f98a6effd
1100 549e8dfa7ea01e8e
1101 69331c7a2cf623f3
1102 4d6f2a5480d3217c
1103 80614b450a068141
1104 31236ac7682c50ca
1105 45997574a1bc206f
1106 8d6ddbc6571f4c38
1107 5e931a25547fc865
1108 c6429e91e1d26b4e
1109 47c83920a3a41a33
1110 1d5d2f6fe13770bc
1111 69b06a0ec0ae3401
1112 892d7887f748c17a
1113 6051c1ff234aa21f
1114 a9b7a8887350bff8
1115 1b7c2b8a49e1dffd
1116 fb44354bc491bc06
1117 1ab3d8fbda11b9ff
1118 7c46514bcddecfc8
1119 c9eb20962eb3a4cd
1120 d46d144da62ac51e
1121 9f6a9bf04c5e3f03
1122 a737edc393a8eccc
1123 c515ca86ef84f151
1124 00dbd144f8532122
1125 4985f11c2b880c67
1126 50e8a1a555c41030
1127 7e0896e04d495435
1128 ca514939fecdd8ae
1129 7d8ce781aae97813
1130 204c2ed14feb181c
1131 53cfbee2cb540a61
1132 41ab0f2ac7e540f2
1133 39780b2492f39677
1134 0d0ada4c18e33780
1135 27ce59077e5a911d
1136 23c43fd99169d5ee
1137 7fabdcd4caa91e53
1138 73bac6035aa6325c
1139 d96711132e5cda21
1140 82495f2292a372b2
1141 a4c639da74e1a1b7
1142 93099e6d52ffe5a8
1143 11093fd8d3e7172d
1144 7086e377c1689a4e
1145 e3818b9b0fe0f033
1146 91e295a64997fe3c
1147 6488e3c8efcb6601
1148 d3f82a751646ce92
1149 e57de1791ce84493
1150 0b5e1f0b0efc209c
1151 5acf1a14aba2dde1
1152 6d2ba77e8588d66a
1153 48158c629a5caa0f
1154 8e9f6d766bcf9958
1155 ba34399b1a4d105d
1156 3156a4e6238ad8e6
1157 dac6748137e762ab
1158 1dc6d4116b66d3d4
1159 5d0f387c95774399
1160 07788c724e9acd42
1161 f027f49df6161a07
1162 addf048f416ba050
1163 c1a1672482b399f5
1164 745637d31f87f0de
1165 b0bab14a43bee343
1166 5faa98d2b985508c
1167 c2edde9aeb26b011
1168 5df69d084900ef1a
1169 f6ff29a7c9f7143f
1170 0f4032584f0e9be0
1171 d5b295e5b59a8a25
1172 331db77fb2b0b40e
1173 7130ed04a89250f3
1174 f1b0e00365b3de7c
1175 9e09c564220f8e41
1176 a93371da86f3553a
1177 0aac2a2200a96edf
1178 767f68066876cfa8
1179 904cf8a1d294fa2d
1180 1060020929246036
1181 9a779af21169302f
1182 bea237cc311b0a78
1183 4782a71d5faba27d
1184 91612578d1fcc6c6
1185 529b1d710d006d8b
1186 807031837baad5b4
1187 385fa2bbb0849c79
1188 b66963676d568aca
1189 a1ce63349e19c36f
1190 9a2b94392b4b0bb8
1191 4de613127408d2e5
1192 f2df292e75958316
1193 00a9325fb59ddd1b
1194 fe6ec235b315c3c4
1195 44690f566fc3b489
1196 982dd33b5ecfbd9a
1197 8ca705e7d44124bf
1198 9ef07b0e97d11df8
1199 31912dbe69c277fd
1200 191d4d6ecae7f34e
1201 3ff9184c036a31b3
1202 328225fc3c44e03c
1203 9ec6828b6423dc01
1204 4e21a8dcd78a4c92
1205 9c1a7441ec6bf397
1206 617008e915bcb3a0
1207 3401d7a91d477065
1208 8c42909a160814b6
1209 636237747887cebb
1210 78d4184928e8e2e4
1211 dc18565d02b64a29
1212 c3c13ff8bb726162
1213 a5534c9ed124a0f3
1214 7a3762efaf76ae7c
1215 3e1cf910dab81e41
1216 f1500907b452f44a
1217 9db8e15f0512e0ef
1218 96663dee53171938
1219 c870b6ea62c96725
1220 a9ccbb0c0a58050e
1221 e6696a6719e89173
1222 610278b52507a0fc
1223 3b9b49555e327ac1
1224 b53aea69625450da
1225 20f1a45b56aa37ff
1226 3dd16bb2a4c81a80
1227 33a5eca4b0d53645
1228 4a809a7a2e6b2a2e
1229 402fbfd3c9dfd593
1230 cb3ae1a86d2d559c
1231 4cafcf1d4a1702e1
1232 c1796811473d276a
1233 947e6da5b2466a5f
1234 e5f53be0c2cbfd28
1235 96389cf9ec03b2ad
1236 4ed51cf1cbce8e36
1237 15363313136c983b
1238 0ec251205ebede64
1239 48762cb1ee376729
1240 ce13991d2bbe3f52
1241 9c134302bf3a31d7
1242 9756698e598abf60
1243 0055da427e268025
1244 21f8db48ea41ca0e
1245 b9eb89ddacb41e67
1246 2144a17f06267230
1247 f5e7d5420be89bd5
1248 821dad91d4fd1e76
1249 77abed04e7ab447b
1250 e85473b70c223aa4
1251 bc1075534c8862e9
1252 af1be7cbb3dab0fa
1253 f42b409457d7e99f
1254 6bce0e506be6afe0
1255 ec73bd942c1c18a5
1256 42e1e958bf285356
1257 a651efc1955c5b5b
1258 8085413bb674ae04
1259 cb0c1de786425ac9
1260 d25f9736b696665a
1261 06f707898de722ff
1262 0151e1022b0693c8
1263 c71a36af152f02cd
1264 e1e130b4c491471e
1265 39963cb9adc07d83
1266 e4e95f8dbf37f8cc
1267 1efa0229df880651
1268 59ca79a11a81349a
1269 c5a3816507ba8bbf
1270 19d73d967eea1088
1271 eb6c3e678aeb660d
1272 8d3e535aaabfdc6e
1273 f5dffe6a7d1908d3
1274 26c9b09131fcd2dc
1275 240d84bd2072e419
1276 36ee5649c5b991ea
1277 db52d3eb7a4a265b
1278 55b88bd0586da504
1279 7f398309deb565c9
1280 97d068dfe4831822
1281 fbdcfb6a3c837fe7
1282 10561aceb3c185c0
1283 71cd5ba6a7552585
1284 16dbdde281fc856e
1285 c5ff05c648bf2dd3
1286 c4b398cd46d6935c
1287 bdfce078988b1f21
1288 dad0f8f73299ee3a
1289 9e5c09bd3cc707df
1290 7198d4feca3184a8
1291 79bc6a741209fdad
1292 357547a9b1390eb6
1293 41e61d332fa017bb
1294 0338c317007d7fe4
1295 ec64d0774f778fa9
1296 b3b52d0ca8f9d09a
1297 47d2a7a6959c27bf
1298 e544a2a6fc552c88
1299 44f8c9ba3077008d
1300 1918b22e8e98ba96
1301 06f1f4ac096ba41b
1302 9edd83f346b10ac4
1303 af7e532d557b6791
1304 7d1e03674e4a296a
1305 d61fa3dee8467c0f
1306 b3ec596663efffd8
1307 c44cf28df874f0dd
1308 491c37489be69ae6
1309 99e0e9c511d0831f
1310 914c42e8d6dce600
1311 4a5e92d97f073f45
1312 bbd28d980af12ae6
1313 60892c0d0c3c0cab
1314 7219f8db287279d4
1315 b3557c6756d1c099
1316 c0bd51a52546b36a
1317 92a88f00cbbfa9bf
1318 3fd30c7bd1c28e88
1319 926f10a785f93a8d
1320 4206780fad7f054e
1321 77aa9cbf19bcc3b3
1322 05a1481a9a85623c
1323 c7a87e051d159601
1324 bac235f689f44692
1325 dc48f1c303c51597
1326 c1cfb289c59345a0
1327 21f95a4cb567b265
1328 5da67a245b1d6886
1329 212652af7105e54b
1330 940661fd6f80dff4
1331 7156d92ed7fb6159
1332 ecb1de78c4cdabaa
1333 4cafb50a0c032d4f
1334 05d25fb92adc8098
1335 873934c25c14f99d
1336 02f8289126e0a1de
1337 743d95fc5ade4a43
1338 450923c2178eb894
1339 0ff08665f95cca59
1340 7c431ecf17b315aa
1341 888f716ec6a7941b
1342 6be6ff6ed898fac4
1343 f9cd0c6c5153a389
1344 3c23b5511263ede2
1345 7c9b6face1761e27
1346 9271900a00cef9f0
1347 9c723b7779f543f5
1348 2dc592512cab8bde
1349 642ba4e96f126c43
1350 8df135e623d2740c
1351 4b9e9bada79b6311
1352 cab28b56d045bed2
1353 fab6c0cd572cf6d7
1354 07bfeacaef64dc60
1355 7e8b3e4623c6dd25
1356 5c8419fa7ea01e8e
1357 369fe66e0f7e9673
1358 50284e9e13f562fc
1359 e8e4393eade374b9
1360 bcf6a4e4f2841512
1361 323c7ed145072b97
1362 28ae28db097d5120
1363 83355d2f654645e5
1364 b5159d500e04b7ce
1365 d9e4f54259eec9b3
1366 e7a5d252e68e13ec
1367 a83ce19f4e435071
1368 4dd52294d3dde08a
1369 330f6409172b3d2f
1370 d2501481809d9f78
1371 34036f8a49e1dffd
1372 a6d1344f5e288886
1373 2a7c626c4564a27f
1374 c3f5dfb443212348
1375 bf2747ed72d3804d
1376 90bf852c5fb3c51e
1377 d9c5b501cd1c5383
1378 5a32c4b88dfa174c
1379 bb9e04986a22d0d1
1380 2b6c84315b48e4fa
1381 ebaad18110aa301f
1382 41fd81ad881e1fe8
1383 70a53f23854bf16d
1384 335a600659b1152e
1385 4804438d04d64993
1386 36d70bd14feb181c
1387 a1f00a35a827e159
1388 65ffb0352adc9aaa
1389 9f64ab9b625c3c4f
1390 f50a0eb64295b398
1391 ec3a54077e5a911d
1392 62349b147589586e
1393 3bca98cfcd8484d3
1394 4663aa82cfba6d64
1395 a6c672d7168eb329
1396 39a6debe022bf0ba
1397 a4e8dfc4b479865f
1398 ded86f5268b2ad28
1399 536118744f65d9ad
1400 0f0eef1ac343b2ce
1401 f9e6b65358fb5523
1402 1027b62ea2473d6c
1403 c4363decfbd0c0f1
1404 80309413ddb530c2
1405 79b21500419c2f13
1406 c4f12b0b0efc209c
1407 f8bae2c8887ad161
1408 199a64e291bbceea
1409 67c2a3e6b0fc378f
1410 c62010865fc3dfd8
1411 b6d33fb3fa50105d
1412 66564eef24d36366
1413 6ae84f9e3299b52b
1414 4be21d3aa5947254
1415 9ff44d9a8facdfb9
1416 20bc5a207a087ce2
1417 b043332815301e27
1418 a6c7b79989a63670
1419 cc40973d88d40c75
1420 c49e15d39d04d85e
1421 4d84354a43bee343
1422 1488c9c6f8ce32b4
1423 1c0e1db423bce079
1424 4b97967833285fd2
1425 04cb48663ca2ebd7
1426 6edc66584f0e9be0
1427 c1e2eb63958ea5a5
1428 e368aeebe890138e
1429 b51ba9febee0f373
1430 4e7501b9b5d2c7fc
1431 cb15fed7ec918e41
1432 d9dc55af2cb313ba
1433 3477b89c8259b45f
1434 95fd86565e2cff28
1435 d1f0abc675b98cad
1436 b712d904439de3be
1437 7ee9e91c34d828d7
1438 799c966627824060
1439 fb8385e0c567e825
1440 73970ee9981dd946
1441 8314c2710d006d8b
1442 52f3712219864c34
1443 678138a170708501
1444 6baeabe32e0dc592
1445 58f23589eba36097
1446 075419d4582068a0
1447 59638579eeb33165
1448 092eef4eea1cd796
1449 551c1e0bc055319b
1450 c90eed16cdc1b5f4
1451 6f35a9d64f7a7439
1452 d13687f67dfdce8a
1453 4e2d58a5387e132f
1454 8ed81577b1eb3578
1455 c1a427415a57757d
1456 7fab4a6ecae7f34e
1457 02482bc00f6c8233
1458 35df76edf5f2d8bc
1459 ec58829eeca32481
1460 f29127ac98167d12
1461 8586d041ec6bf397
1462 3d8eb06083877920
1463 37776538add80de5
1464 f059b80ff884e6de
1465 7fd0d01254c83143
1466 dbffcc1ddfc5de8c
1467 9dcfb672dab98611
1468 e83348e356517ae2
1469 876671ea8250c373
1470 e6fd3a2459dd17fc
1471 6e80fd0e773d59f9
1472 4d6ff2097d39f752
1473 db67879ec2efdc57
1474 8ae7320c4c0846e0
1475 b5055005176bcea5
1476 7d7c3f0c0a58050e
1477 84acc1850e4c26f3
1478 9ff740a43eb53fa4
1479 f8cef3a365289f69
1480 311c2c605fe041f2
1481 4b01ac8c04f33cf7
1482 06bce55509fb9200
1483 807d6fbf31566ac5
1484 dd514867a379a5ae
1485 2bbcdb4e454877e3
1486 9c049506675495ac
1487 85fa87b99f300331
1488 93a43ae56bb0933a
1489 fe6b8e2e67a374df
1490 0b81afc1473e35a8
1491 8714b0f9ec03b2ad
1492 8e5e8f75c456f7b6
1493 4b44b54e73246cbb
1494 99e033afdff8c0e4
1495 f77cacb3ddbd30a9
1496 9c90c51d2bbe3f52
1497 a8e0a84e77c77257
1498 03adf744f283e9e0
1499 db5741790061ed05
1500 40f6f8a4e25095ee
1501 08b4a427252dd207
1502 ce1fa97f1d4f3850
1503 663575f6b786b655
1504 9b3d760f61329ff6
1505 b891c95c42739ffb
1506 fb43b782a182017c
1507 8ef8f8b517432f41
1508 9a88554189699ed2
1509 ccd75d3c9068e1d7
1510 96872f5de1b99d60
1511 de6248942c1c18a5
1512 f00f162168ea2cd6
1513 0f2d855fe6b1a9db
1514 404b94b274f65184
1515 b04951d1bf18a149
1516 9527836fcfcc665a
1517 9b3ea1fbaa8aff7f
1518 0099f2fe77a65748
1519 c77ad07cc0f7b64d
1520 1d2a0b76be618e96
1521 2e9d7e3b4abfe81b
1522 9021d6068c571ec4
1523 709ec1587d5d8789
1524 8808d94c913ca11a
1525 3bbd8d854386a53f
1526 828b01967eea1088
1527 116c4d4dfb77bfb5
1528 7014e111064b7fe6
1529 4cefdc3b3b0f15ab
1530 960d149ca3e276d4
1531 3df420bd2072e419
1532 6b1f4e5f9d4fad6a
1533 ce8553dd563d14db
1534 e09db86443e3a714
1535 7c679be13dfb38d9
1536 7ece469e7c372ab2
1537 ba127c1f899f7b37
1538 784a6dc49ed28740
1539 02d04b13aecfba05
1540 b719ecdd19e44aee
1541 c3eed97c24aa2dd3
1542 36fdbb0fdeae9bdc
1543 9094340e84b047a1
1544 25db131e980e58ba
1545 647f33e7449ef95f
1546 bb2890feca3184a8
1547 139715b015590b2d
1548 5d79622a3c2d5bde
1549 ff7070446f807c43
1550 7913bdd3896dc40c
1551 5b6dec289d7a3311
1552 e640d5916c90ad1a
1553 926cd7f32119b13f
1554 b527f51223a8c108
1555 79a788c037ee03f5
1556 b077441778056b5e
1557 60f891d4f7113fc3
1558 6e3c5ef7198a418c
1559 a6fdf8fb7f582f11
1560 33ad248c3df6fdea
1561 4b3a8cdee8467c0f
1562 dddfc15bcc11e430
1563 3bd522b1acf90135
1564 417bd9f73962991e
1565 cc7b849b48e57577
1566 0a2515e8d6dce600
1567 6a61b32a7d2a83c5
1568 6c3daee64c098d66
1569 8bac6d54d81faa9b
1570 3fd7d3d67c432244
1571 90b655edf6325589
1572 7a619ba7e74c271a
1573 407949720eec533f
1574 25eaa72deb063b08
1575 9c36ad04f576b40d
1576 da8207175bb8054e
1577 708a39ceaee39433
1578 085fe29afdeb92bc
1579 a6069405db754e81
1580 e9a9dfe9c06a0f12
1581 3d5bedc303c51597
1582 869ac368dbfde320
1583 9be80fa5c134fc05
1584 283eb8a519f3e0a6
1585 f1ef271ef12c306b
1586 d79bb5596f812414
1587 1ce3768b35ec1bd9
1588 949927ab1549272a
1589 f06ebfa59a4794cf
1590 6ca66e9f948def70
1591 67f36f438812aef5
1592 c54c323f1f171c26
1593 322cab94a78469eb
1594 f10915e26bb57314
1595 0a4f60546f7f04d9
1596 c8231acf17b315aa
1597 398490bdffbcb09b
1598 c5aa510f5e27f044
1599 c21341742e6bcb09
1600 bfae5d08dce15462
1601 03e61bace1761e27
1602 aeff7e8dc677b170
1603 7d0d4665531e0675
1604 68e255317581f956
1605 e0490e0628cffc5b
1606 342a02e8b2c06784
1607 d69d4ad89ecdfc49
1608 96e31d5d75dfc052
1609 aafd7a0826255b57
1610 b7d3c75f9da1cae0
1611 41a8cabe47ce4d7d
1612 a9533bdef5095206
1613 26ee861890cfa4cb
1614 af25afd0160de074
1615 a6cdd8bd79ad2c39
1616 378860e4f2841512
1617 983fe62273a67f17
1618 29933c7e45bd4bd0
1619 f2e53c5e674c02d5
1620 71e8e4b6b2be963e
1621 1fb68eb45feeed28
1622 de444f31d349d811
1623 36a6116b5e38a916
1624 6a1b87b70bd57a2d
1625 c353e8d5227942d8
1626 db518c43a374af77
1627 115ecc7ef14bb7b2
1628 5c840f3efbf195e9
1629 5463ed4926cc0a68
1630 f36b466d51aa83c7
1631 63f19b22446b1142
1632 a8bd209c3901ac79
1633 ad2e69c3abb4a7a4
1634 05b94257ad918853
1635 197a0a8b8a3b092e
1636 5028e072c1618f7d
1637 41199ca9da4c3ca8
1638 bd37176437c71907
1639 9ea323490271b56a
1640 1d3f2f3bc10a0c29
1641 93c055d5b24912d4
1642 a4c6048ae0591e43
1643 8d86cabdd412a5de
1644 d24fceeb38f49b6d
1645 ffcf558f99f5e318
1646 1a1efd587edaedef
1647 d6bfa10a8e2c4dca
1648 e3eea60b9bc414f9
1649 5b0383f0c299bf24
1650 403caa45aa0a7ad3
1651 ae3530167641a6ae
1652 d485239527810bfd
1653 87454e7adacfcbd8
1654 2155554b544a6877
1655 62c289405cb9ecb2
1656 b0b805411ae28c41
1657 f5a66835cbf96ccc
1658 0e411d06c223051b
1659 116021245bb4e2d6
1660 7aa959404207e225
1661 250a6d69616a8e3c
1662 2d90d4c64c65558b
1663 65481ee073ef35c6
1664 7a7653efa4d048ad
1665 278fe5cec89c8c58
1666 a8d0a4e9aabbc3f7
1667 9b01d81fd1ae2752
1668 2da87badf1d5d109
1669 05ec766cddc52fb4
1670 3e652212506df034
1671 ee839c82dda3627d
1672 f0ad904ce86fcd72
1673 39e2ee074f4d3d3b
1674 a785990bf812e010
1675 225a2ef2ab4a9e67
1676 7f4148d837d683cb
1677 9323be805a403b9e
1678 8d86fa18abd269e5
1679 bf958078815c9b40
1680 7eb457112b66fcf7
1681 308987ee470e612a
1682 a0ac3207365c37e1
1683 366c1514aa73300c
1684 25f671282c804ec3
1685 4030cf5cc787a196
1686 d55e795647b2127d
1687 c1b485cd9f3d89f8
1688 19a86e20a9d2b1f7
1689 0fc9597f731e722a
1690 b25314742e1bb0e1
1691 e56db14f5b91298c
1692 c094efb8fc37d443
1693 a18cad8bb2e4e242
1694 129b06c9a8798dd9
1695 59ec2a5a9b0f56dc
1696 49dc7d7cbe20f7db
1697 c6b48c21392a056e
1698 e2261683a7f744b5
1699 ee55c30e82d80150
1700 b30480f004b8e46f
1701 7d5c783c3b126642
1702 f07371bce6a29f49
1703 601d49c7fedbce34
1704 75deab51c3099373
1705 115b7b4a6ea1b7c6
1706 c14b5f70c926c86d
1707 6cd39ecc3a912968
1708 c969394d461bc867
1709 d8276c146bf0ee5a
1710 c4bd7f4780f39e91
1711 21ad1a868dec2d3c
1712 450783be185445bb
1713 f03f3ecd7eb53d4e
1714 40aec12830ace995
1715 5d339b1ad2662530
1716 cc432f101646f547
1717 37c1ff8d2f1c513a
1718 70a1c5d6afa09671
1719 42abebe47d3fba1c
1720 c835711ddf61824b
1721 a210a0c2e943b19e
1722 39902f8e62998ce5
1723 99adc526cf6ad9b8
1724 4904e986711bfa37
1725 d6f1ffaf3b6e7c1e
1726 a43247a08b870ab9
1727 3b5a9ef0ae7a50bc
1728 04f8924a062afae3
1729 9afa77f8866ba36e
1730 0530be148f6dbf2d
1731 248aaa4cc7f78d20
1732 47d2414b5fcb3aa7
1733 8c2d167dd248ad5e
1734 476f3340a8404720
1735 46d6f7f619c5139a
1736 34997ca695603710
1737 32d623c1ee8c873f
1738 d0f4c5e39e1380f5
1739 6338158c736880f8
1740 928eb309c7ad355f
1741 6d3c4080fd2bf5b2
1742 2134bcff5368c5ee
1743 92f895a10e5bf684
1744 ede979dafacfe353
1745 a56d8d51674ce217
1746 101bcac72ca3f113
1747 231cfeb1c0c3dc7c
1748 782eccf21ab0da59
1749 b5ba9c3ce2ddba2c
1750 6535edf865ef9ff7
1751 6e029c94e567a1c9
1752 726146aad37f6234
1753 46964640640a8001
1754 0cc8a2aefc893b53
1755 a7475874c6b08a23
1756 862eef391167c3ae
1757 b4a9d185701dad61
1758 864052c482a96956
1759 e539f25908fee70d
1760 dd7fb9a588b5d7c1
1761 e56a5cd71edb1c1f
1762 bf165112d376e950
1763 7a4270a4e795b94a
1764 3af552860a324dcf
1765 57f1dee48220bc00
1766 758aa99784fc9b2d
1767 481e88962528459f
1768 2efeb9270c2881ca
1769 7587c7db8e794ca3
1770 83c24e11c6ee6dcb
1771 5438e7177e439657
1772 46d9c5fe2b0b203a
1773 1633c9fa19b44cd9
1774 9441bbe3f2c409fa
1775 09e9c16ff5a299d5
1776 17c5837e55e345c0
1777 bce8f17470749599
1778 f6e3a9280a4b8d64
1779 f398d43ad957b3b8
1780 fe709d34b3d3b554
1781 0baa911795ab350a
1782 67dc94fbce9a5ee1
1783 9d81e0bef5da8656
1784 595d18493117de4e
1785 4a7b51a18b55ec82
1786 c52b18df92890ece
1787 d05708b823936d7f
1788 66b77b15e94d9c9d
1789 9bbb585f2de0a26f
1790 0bfcee7df8af1f4c
1791 b6fcaee2adb56d5c
1792 36b03be6f37af3f3
1793 3a17980b496c9e9e
1794 0bb3d9e2abbcbde0
1795 9a4081c1e7ba08f8
1796 b9ab89ef2e347f3b
1797 b2c83a948b2af102
1798 5df6dd7c28498141
1799 e9c2413601f1cf5d
1800 d244faad7c466b72
1801 cd45dcae5d5b35c4
1802 dec1afaf9465c804
1803 b8864f4fca1424d7
1804 5123a7a660b0dcdb
1805 a4d5ad6c99a0247f
1806 c6d569d8dfe47671
1807 4e92f012fb8c41ef
1808 8d45750ddac47191
1809 1351bfc868baa338
1810 3200dd304c7e65c2
1811 fa8029bb2cae4cd4
1812 d934d4e006a09e4d
1813 b26d86b024903d25
1814 5c7e3c73a0e2b99f
1815 ad13141b2d8b8908
1816 e17983132072891c
1817 3dcc7f32bcab7efa
1818 cfe531803d24b57c
1819 927a03e2f8a7ccb6
1820 65fef9e2143860c7
1821 0562727d6a8a64c5
1822 7e98fd9035c298b3
1823 f1d24e16023f9680
1824 2b21ae398d324fd2
1825 3d91829c00bf366a
1826 0c6e8dd269ad90b7
1827 e846767dccd73566
1828 bb4ac45ee2eefdb0
1829 832fb3023e281ddc
1830 4f210634bb0f2883
1831 e02f97d744674a31
1832 50c5921e72a1406b
1833 d23d0756d75ae13c
1834 dd87048e7014e329
1835 04e22cba2202a099
1836 7e8d7c330964d7a0
1837 b67c42a0cfb86737
1838 83d1c0a226c87fd5
1839 4d07324581851e28
1840 092ca0d4140015ab
1841 02436f417e624a34
1842 6bc6a48468d0a3bb
1843 b971c0534cef8a2e
1844 a77bf1b962109e7d
1845 1e237507f4ce9b7d
1846 8a70450782f04b65
1847 bcdd13c6c65943c0
1848 ecfbbb06fe411a10
1849 f403d05c25733ec0
1850 741f441b458eed2f
1851 13b4a03ff79cfd00
1852 d671d42babb24995
1853 0f012fefbe57bca8
1854 59d3115472b56b0d
1855 cc4fba12f5564267
1856 07ef9ee333c59935
1857 eb48b1adf1655138
1858 99233613f34703e2
1859 e344d79d03eb9c94
1860 8f2ed254bf82411d
1861 beb5d49b03524be1
1862 eee133deea8a77b0
1863 7fc412f8b0e9c536
1864 5b4e2c2de454d291
1865 ff484668ddeca5d5
1866 415bd389dc8b3fd7
1867 8b0d509eadc537f5
1868 517c6afe42981ed1
1869 72add879cafaf8c0
1870 c6cbc483dbdac76e
1871 04348f290c2d8e13
1872 fcdf3a22795ad92c
1873 c89d8fc6013c05f8
1874 e47a63f03bf26e81
1875 440be9b238643bad
1876 d85c6c7f54ac7335
1877 2589c12f2126dda2
1878 f24d2318479c3466
1879 806b4e7b4854e157
1880 24b646a10958d8a6
1881 0082206c0e4f916e
1882 7360d804ecd5e666
1883 21763cf1f6c460bb
1884 f435d61bf494ea2c
1885 682c69f510092d30
1886 b1dd9df4bb60c859
1887 1095eb40e04f8388
1888 1b75ded85aa03738
1889 9d1d6b3617c2886d
1890 8d52d60e55c3355b
1891 5ffc482455ec3c5c
1892 c015f01cb6ada93f
1893 d0f80925fafa81e3
1894 2dd916929d22e5e1
1895 72bd098971a978bb
1896 bd714b31c960dc8c
1897 71db6d6aeef48b76
1898 fb1f5d0407215846
1899 95ee17e3d776e636
1900 d2275b71b501cd73
1901 fcd5cdeacad3691f
1902 20c6461d26698a12
1903 9331264268191e6f
1904 f77b8bb514b0630d
1905 d02716a6659e2d06
1906 78be65cb62400c79
1907 0486e99b0feae448
1908 6435d307b31fb516
1909 c72c58dfd2389060
1910 f78ff4d637ad035b
1911 2e42a9104c892b72
1912 597da256e21765b1
1913 f7448caac3c14d18
1914 aa42a6d2833d620f
1915 468ae19c8170dae6
1916 f438ac11769e5465
1917 66aa199ad4f51278
1918 208225f04b11ed6f
1919 e74de5875e9355c6
1920 16dcd8b082220994
1921 a9074fba1c93a4dd
1922 00bb556d2c032c2a
1923 143f77078efbab0b
1924 1c78bb99e8f5bc60
1925 0155969b3cab72d1
1926 67e8059ae5ddfd0e
1927 0b877713f11c0ecf
1928 f689f33fc1a1bf44
1929 12ba0321707542a5
1930 7bfdb01edcabb292
1931 2b9957530dd705f3
1932 9bafc4547dbbf788
1933 79affed4b0f46159
1934 aa16190ba18fa6d6
1935 d1df38d66ec1f1f7
1936 c023295464fcf58c
1937 4ee0433481169e6d
1938 9a84a1d7b399df7a
1939 04a2b85e9cc5769b
1940 491c5892cc3640b0
1941 de4d5e45dd0a0a21
1942 d035b4888718dfde
1943 cd6645b58b4d15df
1944 0a8b8e1a7db11994
1945 3e85e63d0101e0f5
1946 9fca44ab4365b122
1947 e8eaf225a7919143
1948 ca69de44d071c298
1949 fd260dc73c40ab15
1950 f161d25fdc3f00c2
1951 99b62593aea5e863
1952 e8aae7e03e6b6c60
1953 1364917b22a9e2d1
1954 6136bd80c15d2d0e
1955 df03f5dabb0bfecf
1956 4cd0853c86fba33c
1957 4a71ea39cc7154dd
1958 a946c0498e685c2a
1959 410f3d283af19b0b
1960 f3dfa973b7496788
1961 1110db9b6296d159
1962 447b39121af7d6d6
1963 991516d09c71e1f7
1964 0787163cc8106f44
1965 c898bde0fe85f2a5
1966 4fe700b034292292
1967 d7a02bfd388fb5f3
1968 bf5f953b158d30b0
1969 906bc0e1f044ba21
1970 e9cc43f9c5470fde
1971 8f7a5f42f86705df
1972 c6bac4d577dd658c
1973 a8fc578385d44e6d
1974 4bdd1733a44bcf7a
1975 c01811b2fdb6e69b
1976 8a126f90b380b5d8
1977 cd5f788fd41e2fa9
1978 c950387edf36b766
1979 f1b6602ae4964847
1980 a0f934aab1b6c3d4
1981 74d647e5f16e2049
1982 be2806dfbbc68c06
1983 fa485193cfbcb767
1984 4de55caf298be37c
1985 7f6a33103d4cba1d
1986 7b0cf70967bb0c6a
1987 78b211caa961614b
1988 fd60eaf7e0f53ba0
1989 f7e98d8b5532bf11
1990 14e2d89f993a374e
1991 014ca5f7a4716d0f
1992 1a7a7ee79fbcfa84
1993 92c3f4c51de788e5
1994 4f6035415e9268d2
1995 eacbb09901542433
1996 673bef78ea843ec8
1997 f1f9d05052fca199
1998 58908bebba106516
1999 e6ed1f1031c90837
2000 73f79988108304cc
2001 9090b89058a777ad
2002 627604bd1f1372ba
2003 b3a579738602d6db
2004 ee18b0de3a8e29f0
2005 71b5922eeef2af61
2006 4a6f6b0dcbdc491e
2007 ec7b19fbd385ff1f
2008 19b9e4a5b591d3d4
2009 e2ebe0bfaed90035
2010 6333ec06fcc54362
2011 189fbca253aaf283
2012 cb1a45e1aba785d8
2013 28c959fd6c652855
2014 a046b796a459af02
2015 eb9aba6bbb99a6a3
2016 7ae846afbed16ba0
2017 e072e4df75f4af11
2018 a66148e1b1a1674e
2019 b316132dc01a9d0f
2020 173d9fe8f431d37c
2021 509d1691ec512a1d
2022 1448109c9bf27c6a
2023 bb2cc9a8e31f914b
2024 8699c3888714eec8
2025 27a44b4427175199
2026 fa39ad89aa6e1516
2027 f7285c3f232cf837
2028 c6adde071ee1aa84
2029 7c71fdf0d465b8e5
2030 2e0cb91539f298d2
2031 d0ea61f64ce95433
2032 91f7955c92f299f0
2033 0f3a9e6b500c5f61
2034 976339c5b454391e
2035 4567dd0c7dc3ef1f
2036 f05b738fffedb4cc
2037 6114e3d9c91be7ad
2038 a2cff5a93617a2ba
2039 78532882be75c6db
2040 52841bdb7245c618
2041 06fa41deffe67fe9
2042 b062e2a7bfb0f9a6
2043 20d9f6d723fe6687
2044 a0e3736a67b35514
2045 e3f69d557947b089
2046 f710a8ef209b9f46
2047 7e7d225886926aa7
2048 703f950528fb7a47
2049 b7accb7c8b58e025
2050 97e437e0bcf8256c
2051 30c2e4042a207a86
2052 dc20367b08c0db30
2053 80201a9a0d46e128
2054 8e116375bc2303e9
2055 2f627b37e4af1e09
2056 fc87d80c592f9515
2057 fba9775e3e01c21f
2058 9a49af53e8a90c1e
2059 9ea7d6103047dfb8
2060 0d86e7174a8a9b7e
2061 b77dcb767f78c0da
2062 97190d69d5c5590b
2063 441fe78c057a27ab
2064 0300b2f0c4211d8b
2065 1bf9658379298e42
2066 048221657e636c08
2067 58b99233e6103fa3
2068 399c4f27a22385d3
2069 7b2a0b9585d719be
2070 29bfa7d249563ad4
2071 6f4b8815e488c558
2072 2ec70e013cb09939
2073 0283d80dd4515240
2074 147025a9572d951c
2075 f2c904d897f138b9
2076 c279eab9b767fe3f
2077 5e44ed2a1ecfe5c5
2078 83036b0e52032641
2079 9442106eaba60261
2080 69dafa78edc6aecb
2081 8fd8a2e1bd06cf8b
2082 f353d0f25498173a
2083 85791272d2e3714d
2084 40bae9d8a75d56c0
2085 5313688a716ed0df
2086 6c47089018e9558e
2087 44e808347b959215
2088 7d5d6e4d10832b36
2089 c871195a1e21321b
2090 8a2405ed87c97bd2
2091 d4f3e35687286d75
2092 059d0c83ba4c7c47
2093 343d7813445a59f7
2094 28777c5ba2d25bc2
2095 b12f2ec53ef22232
2096 142f2ec53ef22232
2097 a61b9111ad0f8c6a
2098 28096f5667d922d6
2099 8a924e73a9e1c20c
2100 f7a8322c1ff1033d
2101 5bb240808c877017
2102 de6bc2e363fbbb92
2103 0193e4a9bc05ca13
2104 1830bbd8ac055665
2105 82c5e03579b3143a
2106 613f653b4ef206b6
2107 a67f9c370e84f2b0
2108 f00c583ffab3dd87
2109 c31dc48b2b4de862
2110 f9add478e6db4238
2111 66a76dba77a4484d
2112 e2b3fd17ceba35af
2113 0b26deaa3a66003d
2114 61c435712fe91dc5
2115 4b1026dad5eba58e
2116 10640f4b707358c8
2117 cba073691a881e44
2118 dbb2674e155e03aa
2119 b4ec08e1f1e78344
2120 bf3312dce8de138c
2121 d8cb6c151f736eb2
2122 4008ca36045a1fcc
2123 490f203cebfbf9b7
2124 d6b04abcd9d4a793
2125 5b0647ae8732a8a5
2126 8509710d6fd43853
2127 8c58657e5667621b
2128 33a4d0b9ed0e8559
2129 2b83cbe6c2d994db
2130 09cc8a9f0f15841b
2131 daff49a59788e2ad
2132 bfafa86cbe211145
2133 ac1ede96195f0626
2134 4ec2e569c6feb368
2135 516a4131439c4d9c
2136 87a7a744cac7e193
2137 eb4aaad1c034976d
2138 e10e4dc46ece1095
2139 3341311d5e0a102c
2140 e633cf883cdbaec2
2141 c9356a0ec5856ab2
2142 440ab74bb8f4ff28
2143 55103972644b1669
2144 8fa54901c204b459
2145 a6ebfe587f1104a5
2146 a8c72344d859a24b
2147 ddf26f5dd5c4632b
2148 ffceb49696334c50
2149 28fd8fd8196e03c5
2150 f495facec1233ae7
2151 ae9eaf25e36ff3e2
2152 58d1a98f071c7a52
2153 d4692d50ad7845ad
2154 ef7dc09d0eac49c0
2155 44a6fe44485e7097
2156 74b0da0e52d32042
2157 ebbbb06b33439817
2158 2a87903e3b88c85f
2159 4552245a99c89739
2160 a95ba9724838bcaa
2161 d474f72ba6458e01
2162 7839d62a2653c96d
2163 8946c10d5e236a18
2164 d2352bbec3f04ebe
2165 4fc9a85e9829dc3e
2166 aaf35c75e053b464
2167 df5e3136b9124cb4
2168 761023737157ca80
2169 487c7ed74f54eb2a
2170 d2f31ba5eaa9e73d
2171 f34ced57980f7796
2172 b0daa162d990ac0b
2173 6b51ce55c93065e3
2174 b717cb03ee3c4901
2175 336b3c26d90a648e
2176 3d5aa6dd0e74f39f
2177 f8ef46f67185c691
2178 2be020498706014d
2179 565331956921d3e0
2180 ff2a77cd0ecf6537
2181 fc15a2851fb608b5
2182 639f5eac5cec4613
2183 d0a753ba8df7d239
2184 e5104cd346b4b22f
2185 0689a393d7f4b74b
2186 373a4a48b6291705
2187 6b53ccf6f8507f63
2188 cfbcb3d58fdae964
2189 b751c30981c001ad
2190 4520cd51793e166e
2191 a3186b2fee157a75
2192 2d487a5d536b5491
2193 f0527efefb4f5ea6
2194 c696e0bae2cf2fc6
2195 8abe08be678bfbee
2196 57fcca9f5b21c8f5
2197 b52d310a25189a20
2198 abb8dee8b46bc7ff
2199 42b52af0ef5af640
2200 d84628f3faad3624
2201 3c4f4eed478b1ca1
2202 47482329a02f65d6
2203 077d167db6ef3ad8
2204 710f6e60c1d07825
2205 dd19d3bf3b1a3678
2206 aa5d59c60e1ac050
2207 f9c9cfe5db7b6dbc
2208 782faf58011c7a59
2209 2c3c7f390db59b62
2210 a3d1e94bfff7cb6d
2211 86dd1ee4d2e0dcc4
2212 01f3adb643ffa707
2213 df6f2cdc00d13bf7
2214 daee23412d7aeaa9
2215 293d633c88e23f3a
2216 2830ad62acdbb0c7
2217 00fd9bf2d9270df5
2218 1fb0bac6de7ca3ac
2219 10e53ffee845824f
2220 6392bd99873087a4
2221 e509fc47d0e75f0c
2222 ad4560d1e34cd9a9
2223 2ad930807d16551d
2224 d992c40c7c0c2254
2225 a5b25bfbde67eaa2
2226 427bd137f0203024
2227 8ea837b4928e6c48
2228 d6b2069ca19ec73d
2229 ecad828f86a4e547
2230 58007b6e66af4980
2231 1bcd1d9265a83a5f
2232 cd90230aa6917d25
2233 76577356be99c4d0
2234 ec7f7577a3279203
2235 1a879ed515af56e6
2236 0ea04d53fbfb4781
2237 016d4043aa7942e0
2238 7d5ba49ebd20afbb
2239 cfb76e35256b8dd6
2240 d5571143843e25d1
2241 7c15e8e8ab3807cc
2242 2e7c61b728203467
2243 4ee631b4b3937f71
2244 094dc68d9bd8a3b9
2245 4093b7770b62e8ce
2246 8f5fde3019ac4454
2247 f77d41835c36eae3
2248 d049c9eb53e9fb96
2249 a3c55e6efd6359e9
2250 3fefa1f5dde96550
2251 26d00d4d3418215f
2252 0afbe73af56d081a
2253 8865034b913ef7cd
2254 eab1c3389350e06c
2255 b4633aa15cb3023b
2256 25c3ed0f81385a2e
2257 a8cae443a8d2dbd1
2258 b874286088d5e2b0
2259 59181a348d9111eb
2260 7b187bd72f508846
2261 db2c5e769c1e8c71
2262 6da772e9b52785a0
2263 c479325e88c92aff
2264 dda152bd6e39188a
2265 e3373293b2c5b68d
2266 d8714a4838d0eaf4
2267 9660f0fedc237273
2268 fe839e66a94c19de
2269 2f122f15d213b02d
2270 4e289514e25fc03c
2271 f44630b6eed7cecb
2272 a124e86430f4debe
2273 657279ef850f1219
2274 5b5e67f016b185c0
2275 cdba397a0fcdc12f
2276 47c9133d3b893ddc
2277 93f7247e3c7d7f9b
2278 a6ddd8f3a56bcf62
2279 3dd1781eb96c333d
2280 118ce40e0b9e1d78
2281 f7ece60e771cab57
2282 40e79acab65ec11e
2283 b3eec77ee20c2959
2284 a94fdde803a827ec
2285 3100ea088a008c1b
2286 da6a36a03cef2fca
2287 a7e62976f8ece885
2288 370de22ef3168bb8
2289 d4810aad5a15b61f
2290 ae94a4bae912d336
2291 3de1e62155c38681
2292 e6c5df1e54d16e1c
2293 d5f50c8a8552de14
2294 4f0e8a9698fbf672
2295 5601224e2f668275
2296 a5d824a7217fd258
2297 8f3be6c1cc9edc17
2298 c7de7210ee54095e
2299 fa12ce8e3c4637e1
2300 d232e8ba4ae392b4
2301 5aafa82103b60fbf
2302 baecc5d50e011b36
2303 41b054e1e2d657f1
2304 8e28a2d0a753dc0c
2305 c57761bcaa87d0fb
2306 0bfbda5151cbe802
2307 c160e85a716ba13d
2308 1b6d77a492837f28
2309 0bef9343d31604b7
2310 09f333efd1b15d26
2311 b094e3b9adce9541
2312 2e4f598eecf926b4
2313 60042db0f39b084b
2314 b521eecfc597adc2
2315 9350644f35d426b5
2316 27a7b08ed0913e79
2317 675ca293cf3ca494
2318 193a6e800aa2c99a
2319 a48fb5e763879642
2320 368c6654afc99638
2321 37a9bf0656407d1e
2322 0f43db67976f57a3
2323 6109580ea7891ed1
2324 b7f0e6425165f913
2325 9c82c852822ad7e4
2326 0a2b259c862f4625
2327 ea23f32e9d41b3ae
2328 2d80827b49d7665b
2329 47bfbc08b1c72a86
2330 9637cc3516d09881
2331 28bcbe6c945786c0
2332 14715c4620b89517
2333 4b19b3f3819b6dba
2334 8ffda1a583edecec
2335 e6c3b003633d176d
2336 ed7b1f596e5a13f2
2337 4d3b741c20c0c781
2338 38b029bd3acc1414
2339 70ca2d485c460d15
2340 93d2b55e92f4fe66
2341 e45445e7165cad45
2342 d389152be2e6122b
2343 ba998b19946638de
2344 e771699c74f798be
2345 e0ae343e25bb4bf7
2346 a5fd3272d99264bf
2347 6797f36c2242cff4
2348 7e67d6edcd0e6a26
2349 88e9675465d528ab
2350 61dcc40ea44b3c05
2351 f0c9bae585220728
2352 58325e0d9c8e2c01
2353 1636e912488b2a80
2354 44f7091e9e69a530
2355 831245f316b12ed6
2356 224890562a860a60
2357 6d340884e17cc478
2358 ffe254dc0f3504f3
2359 4e6b7d42029da332
2360 6c6b567d36d65e66
2361 826d44ef5a174d82
2362 5e6088e7de707208
2363 74c7339563e99e76
2364 0956b42b078bc294
2365 4b295b9da433e654
2366 aa7f7bf8b4b48e25
2367 d25045b0fce22c0e
2368 fafc591e96223174
2369 b365b08d984c6754
2370 7623367069c736e9
2371 d0232e0c499dd131
2372 7ac7cb43e98fca59
2373 b465a48dd7de3005
2374 a5f294e5386fb2cc
2375 0c604fafea0a41ce
2376 3a27e6e7e4d5ff9f
2377 77dd9fea912140dc
2378 97b0c0675d19ed4d
2379 3e17153b2237713a
2380 db6e279bc2788f37
2381 bf4a41ab6208075b
2382 35799441f134fefd
2383 6c6cb7d04b2936f6
2384 8640767c66f4d5fe
2385 898623e144feaf8d
2386 dd5fb49105b12cb4
2387 f3d6546bc23cce74
2388 cd6d10cce46f0ff6
2389 45147bc417b360e5
2390 74157341d2e00073
2391 3c9858301a849997
2392 110ffbc0ccbe5ed6
2393 adfa955892537ca1
2394 b9848580788a75ea
2395 3d494d0fc86a06d9
2396 e9d2ce9d914f8049
2397 879d6eb2c8c4166a
2398 d28b13abdba3c419
2399 081a4d1e6cc86440
2400 65955373a94a3fe2
2401 a6a92434e363319d
2402 2443cec38ea84ff3
2403 92c5bd1d5a6ea9fa
2404 8d3a01d46a1f6666
2405 fa07cc8d3f42953a
2406 d543d500c2aa9ad4
2407 852e3aa4112aeb4c
2408 e0ca2578c23f29e6
2409 407480160018f41a
2410 f185a58265c165a4
2411 f34c76b1b934ce5b
2412 7f2dedb046da8760
2413 31cf879ca0567234
2414 b5afb05905d733da
2415 fd4a61bd2020c5c9
2416 91eb6e9bf89dba69
2417 6b0e7a26d57e0f89
2418 44dbcb1ec36bd472
2419 05eb6f013f8b2925
2420 0eb172a34c90ad10
2421 5f6374c828ff5686
2422 1cdba2949dd93e62
2423 3571498eb28f18c0
2424 af6852839e192e0b
2425 f79c41fadcaed99e
2426 3bc83a3230f555c0
2427 95be958f49f5afca
2428 cb27e4ef7fc27f70
2429 bf9449c8bf85fad5
2430 7a38019d1c1678e2
2431 7761c93737a538d6
2432 514ff6282cbe5754
2433 a6aa3eed9225c073
2434 a6b3e90b5bfee68c
2435 b21b4e15d73ed514
2436 029ca76690621e21
2437 c3043e6ccc0b61a6
2438 b47ca6b8962dbec8
2439 e034ebb8ca9db9f0
2440 69c6c12a7933e377
2441 9e3404916251d48b
2442 e8c501df8dad9ccb
2443 32e646dc1a086e2f
2444 b874be46af1a76f3
2445 41d7ace8058e65a3
2446 5cfaa904e5760921
2447 efa6ae11eab2edb7
2448 2379f2d5d0679df3
2449 207000cfe03faec7
2450 8e5339ee9a118734
2451 42e78509231980d9
2452 64e74f2837b0104e
2453 a919a1943c9d61b0
2454 5178539079bb4d75
2455 b48870a807850c66
2456 b5b03001dc42846d
2457 cf383392ecf5c757
2458 635983a0360c0de7
2459 94befbbf8c615f9a
2460 15230c6c196358fb
2461 0b0ccfe29625e50a
2462 f9adee8f6942ba4a
2463 a1f00adbcd8d722e
2464 282ab1a4b3141d25
2465 4f69cde549ff4b9f
2466 91a2221a287a145d
2467 64752d896868be23
2468 a7370495da2c9535
2469 e0452b5af7ff092c
2470 3dc29a7d833b6ce2
2471 c6aad5cdbd30736e
2472 6296b3e808a70c30
2473 2c8903c2b139e503
2474 4714afd01a97a029
2475 73b57e1866cf4867
2476 9fe5227ea3d13800
2477 74294db01da52633
2478 345ff374522dae73
2479 650fd07e2d10db02
2480 629ca5df503e825b
2481 26bac1242fdd03ad
2482 d698a5feef5ccba5
2483 96edf65aeabc1f79
2484 7de788ea44deb9d0
2485 296e5b407cdc584b
2486 d5ee5240375041f7
2487 ec84fc46466ec4ed
2488 c2071e89a3d182ea
2489 cf155d6264b550f4
2490 40a00169ccae2706
2491 1ba42973e0a2de99
2492 c31f7286d899afb4
2493 b9dc4877eb8e48f9
2494 f3e594ec9fdf2d1c
2495 1fb16581f25b4876
2496 af455e457b03bc63
2497 d96add598cdfa3d7
2498 fe103b84b9ff63ba
2499 fbd539b7c9c20204
2500 7d56c8562ba17b89
2501 ff3db5c66b1eb8a8
2502 11cffe9322bbe4e5
2503 92866498681f90be
2504 925c0eb67ad57e88
2505 f567c9e1e512c253
2506 d3c2fcb9c251bc13
2507 d59de65cfcef1834
2508 3e01fc3e71467c3d
2509 1446e25d0350b288
2510 870b7e464ccaf5fc
2511 e7eaf31be5dcba22
2512 dd1f56825d9517c1
2513 769427596cdac967
2514 1158b8e3055bd1b7
2515 03cdf0a3ed8fea82
2516 1eacf22bbaec4439
2517 0e53ff64d816728a
2518 fb2cf5656d64dc0b
2519 2c30b0120a598e43
2520 fe6b08d5778125ac
2521 bb31dfd4589b4fa7
2522 238d3c3b39d2079c
2523 0f7e5eb81a474eb5
2524 943a1b3c975d1251
2525 5a019c8180f8a518
2526 c3f2dea4aea1e64c
2527 871c75cea92093fd
2528 e8ec6105c3955116
2529 163e88018059632a
2530 1a32943f5a34564f
2531 b5e9f060ad3ae18c
2532 cb3c074d6df53852
2533 07b6ec8e04769e1a
2534 688985e75c46bae5
2535 4b5650d7e87f16aa
2536 49e359739cbbe2ba
2537 d7f815e562c7e85e
2538 21cceb77b1e98dfe
2539 974b08c10cab079c
2540 da492ee4e14115c6
2541 0abf1bc81ffaa38e
2542 a8b977b0d5762cc8
2543 d49d98ca23300df2
2544 5bc7ad20694d8118
2545 47ebb4cd4d3daad4
2546 c8578faab0937d5b
2547 ddc171d284186a7d
2548 da9401cadc6b3ea6
2549 8212293c065d4d1a
2550 be4db3b47db3a8e1
2551 4f4ac157f584481a
2552 22ed6242fe2dec7c
2553 5d3f72cb818412b0
2554 324dab1a6fa5b06e
2555 d66a6c58f494b02e
2556 f8d72e1c63113068
2557 a5d5d9b55c55177a
2558 45081b7398b0201a
2559 5e39565f1e4cbfe0
2560 fbb2087895616cb8
2561 f25a9aa37cab4361
2562 fbb0da357017d9b9
2563 8b05d16af2ddb461
2564 bb01d4b37162382e
2565 55f56da8a0602e92
2566 e8061894f6e90feb
2567 9403a0225d6729b9
2568 419df2cca2af50d7
2569 c77f7fe1f51fb2eb
2570 8a6ba9c0d979b557
2571 602d1728faf98d49
2572 b4285a5bc744c7c6
2573 61f99e1f37e26421
2574 ce0a1418f6620960
2575 61e68a1e786811a5
2576 e7d85522b4c8609f
2577 28e55b2e61cab43b
2578 52c930b7df4e5d21
2579 5e0fcc9087cd1a60
2580 2dbce117a093d637
2581 0df7ad5e1a367207
2582 8fc959019cf43257
2583 419652087d3fb25e
2584 6e1577f385774862
2585 d62532948acf5057
2586 5dd81891e5e05d20
2587 9ec26a91512d0842
2588 a4a212b09b04324a
2589 4e72ed6ef54894e7
2590 075f4a3c8c65d498
2591 6092671079dce5ff
2592 9a839175e02ec9e5
2593 e848bdd9ea5a0752
2594 21e8dec20bce476e
2595 b1b51a36a8114251
2596 3bf7e0e5b478a569
2597 57d2bc44f3b10209
2598 708eeffdacf1bcbf
2599 c5581f3d2ae46e0c
2600 bb62cf5d78d9db8c
2601 cc098fe49b08e1dd
2602 e8103c38443f0992
2603 f66727e7c8beaedc
2604 9bd38a52bde748bf
2605 64e1a83ec98927e4
2606 f696b1942e045e61
2607 d7863fc86ca15997
2608 c86c3a490b4e1f87
2609 2fc6c8132e2c6e97
2610 cfbacbc7ed15a011
2611 5d5ed518b8203687
2612 dd55859b2163b4f0
2613 792b8e5bfdd7bcfb
2614 fd6fe83f84a8976e
2615 d36272e2042541fa
2616 ed3b7afd0b475b51
2617 51cbfeb490c3da0f
2618 f0f57e678c5a47ab
2619 4ee991cefcf912ac
2620 317fef82b61bf937
2621 e8ea04656692b246
2622 8e1972e6f77947ce
2623 4193affff2de084d
2624 b7d828c263253c0c
2625 882dd4f91c258dd5
2626 491cb75b209a6278
2627 a18c968d31c62284
2628 a1d4fe48283e94cf
2629 0a874bd42ac69bc2
2630 c4a257c0be63129c
2631 2e10fde9d0215422
2632 8e6924a7d16f41fd
2633 26299c8e40976514
2634 e6da5b41bb991170
2635 46c2ee969db71828
2636 ae13bdb0c75c98b3
2637 e60b13cf675bed13
2638 8fd8a7f1be076fdf
2639 91283aab3837765e
2640 2f927947970b7e1c
2641 99ddba394669526d
2642 33cb3cbcfbe9b4af
2643 123575df2bf4a8f8
2644 8983f8fc6f340f57
2645 5b4c96fb93b8a9a8
2646 c2d4e3fbc799a1e2
2647 63295d5d7224ebb1
2648 793d23904bd06ece
2649 7d009f2ac59e221b
2650 fd79d4f3eb8616f3
2651 8f6ca7a8fe78a7cd
2652 a9c5a31d970c0049
2653 653afe6e40027cd5
2654 187a191ee596e1df
2655 cba93137d4bf41f2
2656 a198e405a7f4e319
2657 50192bffde16f612
2658 b6683bebdd020e5c
2659 95a1b55c938a7461
2660 9ef8fb8ccb9b1152
2661 2b0e858789e7f35d
2662 8f51ce4f4086b7d1
2663 d962742914ea3e66
2664 588acbf7e8d1a50a
2665 df216b52bfa585e4
2666 02a623cbfbb9ebc5
2667 c47a96ca32fa8883
2668 2ccec7976b73a354
2669 7613d0d89c3eea05
2670 c2bad5bfa6cfebf1
2671 9df282a31b575923
2672 7ec893dd93b8a3db
2673 18f39b2c606feec8
2674 06846fcf5f0a2f99
2675 94e741f87b4d9b50
2676 4e65d293dcdc6a47
2677 e6d2d90fd4a2af6d
2678 66bcd7f11bee7f87
2679 1622fafffa654fb5
2680 4e2f05d1444521cb
2681 84eaedfab515a8ef
2682 985c86d2cddbecfb
2683 f489e3c05a4caab3
2684 7e4fdc27ce4e8d6c
2685 1f8562e6e440cba6
2686 f3672e22ac56ca53
2687 5efbab8ba81875a3
2688 7464a725f1364820
2689 87efe47029228de4
2690 4ed7773303e3f8f4
2691 77c5ffa878a1a473
2692 d4e435a4b01b60ac
2693 14c8363d53b8cd60
2694 16c106aa536906a2
2695 6f4ecc9d3df70294
2696 eabb91742c8cc409
2697 f8d3cd01e74fb600
2698 de114bd1d798ae62
2699 0406125d55d2b631
2700 198309f5ae375762
2701 d4319cefcdcc83d4
2702 b217fa96d05cdc3f
2703 f646687fcce0df9c
2704 f7e8cd36531373d1
2705 b4bf5e73969b0ec9
2706 e4aaa4cb642b9ec1
2707 1016cf01997b529e
2708 a178bb466d3c03b5
2709 684ed9dccfa62723
2710 cf7223064a87f079
2711 f45186a5b790084d
2712 9a4719a137158d58
2713 7b51236b0bffb3d3
2714 1a9e85699aa53769
2715 5dfc3904c5af2313
2716 5ff4b4c35ac81cfa
2717 15ffd24eba9de6a5
2718 639d7f4292885aa6
2719 b87161d1b2153e03
2720 746a7fe7b51d77d5
2721 7fc88719fce4fe83
2722 2a71d7846a7b8861
2723 0ff579a5a952b61f
2724 c5914630f89ddd4a
2725 d1caf6cd9b0225f2
2726 86191abcd589f02b
2727 839ca4327fd10804
2728 6025708023f352ab
2729 aca63ff13bdd1e87
2730 4c0b3329cf698e20
2731 440e9a1e8e766758
2732 9c73fe80772f28e8
2733 3b80dda02e55c522
2734 7394c08bb4efb475
2735 a51f3c73f3e8897d
2736 7a376990330a217f
2737 7863aa836e1aa449
2738 a5e90df3c539d9db
2739 8962bbe8b5a2b59f
2740 41de433ca4759f9c
2741 6c3c9edbd19a02dc
2742 26f5bc80931de91a
2743 3d18febcc40e30b2
2744 d5c6c7bb811d4511
2745 dd4af7b519bc0749
2746 fa583fba6945276d
2747 18355182acb65350
2748 98bf62b59a195d96
2749 ed4d917e6cb02b7d
2750 d64c7630853deb03
2751 e9d18b4ddf295340
2752 e605199d4dc54f7d
2753 02a3f09e9fe6d33e
2754 414f363effd87954
2755 006560df7d961309
2756 856d077e741c01fa
2757 f122e7e2322eef89
2758 d6c5db559cb7bc63
2759 8f541cc148542b4d
2760 5273f2b4c5eebab8
2761 ff7dd33cde37e8b3
2762 3577c37933e3da18
2763 5cfae77ec8dd0f45
2764 35549e1640f8ba9a
2765 a188931430454066
2766 e596c4a898bb8786
2767 40622ba8c9f60c16
2768 31488f391442ad7a
2769 c0e00d3155e87802
2770 ddb31addfc0ec21f
2771 c55c287714710054
2772 29f0101ae3ffec71
2773 de800579929f28e8
2774 2a2e93a52989565f
2775 acf2fefa5884b4ff
2776 63856df744a83fc3
2777 3e83a732ed8e0f98
2778 4f78a66dd1c8921e
2779 b1519161c4aa77a1
2780 1e8aedc529a2ebd5
2781 d5d29b4c79484893
2782 932bcacdb8f19675
2783 af8190e910821960
2784 20d7d2086c99c592
2785 afd0629406174ab3
2786 c63f346a69ff98c2
2787 200c78d39f617619
2788 946f553c8e782172
2789 dadf3d5052fd4059
2790 a706dd0db121b183
2791 cf4f5b4d3e45cd9b
2792 c48724758b12dbb1
2793 f2f6e06cdb475ae2
2794 7e5298a5b0f1a318
2795 46c49927b75bfaa5
2796 5a11866390009c7a
2797 eb5fc4079bbe16ca
2798 c4f3d2484f0f0220
2799 01c345fbaf5850e3
2800 25b0d194ae15ba94
2801 dfadc58dad594ecc
2802 39582a7bf0b22f3a
2803 12703cfc78ff998c
2804 19e17ada84e3ebb6
2805 c3fe7466ac973ddd
2806 dfc255860645c589
2807 54b7b147ef07beab
2808 bb4925cf47f20c0d
2809 24503ac4c0fc1959
2810 414c4c03efdae699
2811 8584d7d9818f73ac
2812 afee34448298df19
2813 2fe6e28958e8c3e6
2814 c55362958bfbcaf8
2815 10eef64b5543dd19
2816 4798030fb4b42590
2817 557e2588f53eafc5
2818 673818f7d6de2137
2819 686ab654e5b5ea10
2820 4a4dcfcc00f6203f
2821 8c63ad7ed3697c19
2822 500218ff57648e52
2823 5c8f8fa68eca2639
2824 99b2956d3259319b
2825 42102e3cb5ba2c3f
2826 fa58582aa652dc04
2827 df665b821da5df68
2828 dca6926a0ec75001
2829 b18746bbffb2d84c
2830 f56f8d56e9045fa4
2831 47005b563e0c3f83
2832 6cb188910dd197e8
2833 18fee31219845b09
2834 3a08f82f2593ff32
2835 29fcd87d61e86cad
2836 763a0da01ada8981
2837 bd0fe47ae8ecabda
2838 cf0d6a60aac199fd
2839 fe34ed9879d23ffc
2840 879db1205ef0ac26
2841 7a60a34a9d603de0
2842 afc6eb18c1f0de1d
2843 783be45298469917
2844 7288110e25b92e2e
2845 06203708e716dbc8
2846 2d537e107425ac53
2847 fbd5203171c255ca
2848 4b0eed0cca9c9677
2849 bf2da9ac2bea448c
2850 4da0561808474451
2851 2146055b27b98a20
2852 64bbafd16a7bbc7c
2853 8606d278a35342db
2854 3a4d8c00761720c4
2855 44fd73c855c1f8f0
2856 9294a5b5cd7819d5
2857 a879abc31be0ba96
2858 b32ca3799dc52cb2
2859 4ccaad1140234462
2860 b19354035f23e557
2861 e18a7a30bcb3c2a8
2862 18a8f52c8c214f7c
2863 a3093bebfdfe3935
2864 1308dbc9a2ec108c
2865 5ce177e2e449816c
2866 b3929611b5fb9f45
2867 781543b365203b77
2868 af01a7c9e4bb9b31
2869 76ef1eee37991e79
2870 f96edb51230b4a37
2871 2868e4a2a5bd86bd
2872 39762c98b604df7d
2873 5b7ff876f8aa1afb
2874 8baac87b13d51c6f
2875 07dc1d72b0f07884
2876 1cc8a1adec996753
2877 12652f690520f896
2878 3e1563b03502efb5
2879 207688009021f784
2880 bbe279c3ee43d5e4
2881 8ae556293b3afef1
2882 f6b0b86f3475fd7b
2883 8e85e496be60b281
2884 742c30b774d14159
2885 86979d91dbd7481f
2886 a3e02a6a440b6f21
2887 607665ab0a9c37d3
2888 d6c6638a67d1ffc3
2889 9df6f22bd5d05964
2890 2a96e0049f4f69bf
2891 24081222233767d9
2892 0d0cab0e4d5e2ce2
2893 a139cac4f7887bb9
2894 c6d083d70fc21d6d
2895 a8e9d57fd0296c6c
2896 e6ff266fc2ed64f3
2897 fb2e68642ba41153
2898 8f48c5151b85d3e5
2899 2a12f8b44acb6744
2900 1a31bc05d1395f3d
2901 bf7aacb125942fec
2902 2fc95df789d18a69
2903 76f29e8889c50912
2904 0a91e1d69ca5f3d3
2905 434fdfeb3cfbf710
2906 fa68df9acb54661c
2907 7b9c3968d92dfa7a
2908 f5c6d9f6d1db0ebf
2909 80568ffb1c169333
2910 878737b37566723d
2911 9bf82da34956a87c
2912 c630eb663f2f316f
2913 50bcee1590a76b0b
2914 8029f9547b494b5e
2915 661201e8f107210d
2916 c195565b7b9ab62a
2917 a4761eb9a243a684
2918 6f7a66df6239cf67
2919 a1651037650bd5e1
2920 7b01eaddaf855d11
2921 ea41ccc46964368f
2922 8f5bc3f266bb717b
2923 9d081c82a5bc8c70
2924 d9e96d2cbfd59832
2925 55f791f2d6b0d750
2926 ca1bd791230676be
2927 ed144d3b12b3798e
2928 6232d7e0e897c31f
2929 7c3ad7b015fd54e8
2930 90172cecd959016c
2931 7e4f8b28ca1d1f1a
2932 aa7371911ca06ce6
2933 914250f3b58df66f
2934 96dab8e652fe6acb
2935 b894b6f140513a47
2936 41b68082d7fb811c
2937 e28dd1884db86f3c
2938 9ff7067b4a81487e
2939 7cd9182d64778be8
2940 a9e22361edac1074
2941 84afc725dfdbcbda
2942 df3e594c114cac12
2943 385738be3fd5d28f
2944 afc0380136cb5bae
2945 ed58787921b4abd0
2946 0a49a000e16850d6
2947 9149827637895076
2948 209700ac08c8276c
2949 748ee285527e65d2
2950 454d86ddacc0205b
2951 493aacb52c44007d
2952 1163d6175b134eee
2953 e6b76c27c34bb10a
2954 65062a78f69f2ec6
2955 4de9e07a3f66104b
2956 585b506aa3cbb188
2957 80c8ddc076ea6c1f
2958 a6a2d9a067734a26
2959 8938bcf191c3c28a
2960 d1b95c72b632caaa
2961 a84876bb3d153ad8
2962 74cee8716d188baa
2963 57fbaa3a4b490f8c
2964 959b6f076a6b4f38
2965 dc9b453890b5f594
2966 57fbd348b1c54438
2967 fd6916ad538a81c7
2968 5717c255ecc812c2
2969 dcf9f24901c221a5
2970 53c01221d1d55a48
2971 5cbbb072ee6d9372
2972 0e931496b3fb3a25
2973 d84e462a26562819
2974 804b02864d6f971e
2975 2a3c3de5c5713a92
2976 7e7e039e0b563ceb
2977 db93e0bd5b46cb51
2978 8ccf88a30709215b
2979 8138e542f3108fdc
2980 b948736b7c85348a
2981 2780e03b3d397c4c
2982 5ff0aa59e3dbb62b
2983 4d64d4373fe4a94b
2984 738111f8f7dcc062
2985 b722069023e257ff
2986 1c905a93dc6fea7d
2987 a7b4883f2bd2ed07
2988 6b19d9d960a4a9f1
2989 8104b6f4766d73b1
2990 c6f4a14714619116
2991 a7711615846ef2f4
2992 9978880d93f1f3ef
2993 8e81af5efaf78361
2994 7e3b5f25085a1f63
2995 ccc767a5ced24c5d
2996 7066a229f2d22b7c
2997 e867d1a9c378a5d3
2998 1ad3a6ed1cfab439
2999 784e34da5bf25dcd
3000 0da2e3f5ef07a0ed
3001 54d301c0ac349dfb
3002 6ce59b48bbd2a551
3003 3b04d87db5fd97d6
3004 7ef612b0f2e4f4fa
3005 d6239de1c33eba90
3006 fbd21ece63badb51
3007 c963bbc8da789453
3008 fb71b17f14a2218d
3009 65e82fda2cad8c6d
3010 99f44feadbac7bab
3011 a5d65869eefd7e79
3012 c89083e3f8c1dd3a
3013 271ae8852d2c3743
3014 c61d718a72d3c08e
3015 6b2c9e99facdb668
3016 8b6d0aaeae11df3c
3017 55a5819c1a9154aa
3018 6292250027a62490
3019 dcf54a48078259a1
3020 2a2150f25a2708a5
3021 4e53bf7ffa1ea3a9
3022 147edae20ab5bc2f
3023 ae6423d9915a8a15
3024 9971987448a9dba6
3025 9a3ec0e66c0ad01e
3026 02bb19754ab4466f
3027 4074582965b67fc3
3028 50c8ce2fb38b70c0
3029 24049bd7ef4ba022
3030 304286731338872f
3031 1bece7526d61cadc
3032 541c49d2c1cb90ac
3033 d0c83ee024c7d54e
3034 0a50569917dbef30
3035 998a37e40027495d
3036 a857707057756d1e
3037 136a40606fe6ad4d
3038 e952991551ec92db
3039 e6afff9f0d320e1b
3040 46094322320fd16a
3041 5284257f9df1e0cf
3042 c6ec5dae0d2bd987
3043 6b75bd470db07b61
3044 b04a96569eab93fa
3045 f22609b596e6d9b5
3046 58e0e4b71c3bd4b1
3047 0cda34203251cf0e
3048 c227b729891f36b4
3049 1b1ec0290f30db9d
3050 c9d0155b5ff1a0af
3051 038f9bba8b20156f
3052 2ba15ea64e77e753
3053 3ebc7507cf5855a1
3054 64848e0fea5ecbe3
3055 1d5a1c3bda54ef89
3056 225a060a209e8fd5
3057 c514a22307ebfca0
3058 a735dfdeb3ea6521
3059 ddd1f35de01bff35
3060 5bbf8bd5f251480a
3061 77ca3bc656fd9621
3062 eb098f064a71e4dd
3063 4b4fc2084f7b1448
3064 c6f9471eacb24a3c
3065 f417d6f43b1edab0
3066 e8a256485862f891
3067 76494e3ecdd0bf97
3068 d809345733f2fd54
3069 debb531835308403
3070 41106d89c5170f00
3071 8669e1b5e39181a8
3072 254f9775b37a2587
3073 84155d9ebad93d1f
3074 78c8f48f70411e3c
3075 7706d453b69b9e94
3076 20adfcc232f12775
3077 983ca5b7b0f12e9c
3078 028e752b56ac706a
3079 0435d5fe3e641464
3080 a9574ffc4be80649
3081 72b99b0de48a7ca9
3082 31f05ecdd66c90af
3083 0267774cd8ebbedb
3084 1894bfe7acd08b8e
3085 aef4a0efa142f740
3086 33189675a3520bb0
3087 f9b70fbb62b27eb0
3088 e91e1a437ddd51df
3089 fdf9ff2efe61c34b
3090 28c18b03fafba566
3091 cf2bd9809f27b458
3092 6d8cd927905f975e
3093 84b286203be02d8b
3094 6af043b31a28b15d
3095 8daee9fa6156f808
3096 6aa15777ecaf39a5
3097 dd27911ee3067b37
3098 665d0af78f54192a
3099 2e119066e46c2744
3100 96cf084448ac40d4
3101 a03b5a31240e6772
3102 60587cbfcb9bab7b
3103 c953e5f7af232a5d
3104 1d62c8f4c5b89d73
3105 e6c2f08630fdd086
3106 1c50fbfc4ea55538
3107 c12d3c9eb4811323
3108 1fad4b1f3297dc59
3109 25a905a66a6c05f3
3110 e9ad155735db844d
3111 dc16b84e824917bc
3112 3f6ddabe77ba77cd
3113 0d7911e8c251a830
3114 285cba291510b43c
3115 580a1570b4a9e3c1
3116 74b3a5977e3dd764
3117 e4b96c6bb693cefd
3118 3a5f5d108a30d3dc
3119 f397ba378d27e706
3120 b7627f02a6d73b41
3121 5ec37ab05ece4b85
3122 dfe1940c521dd8cc
3123 a41d6cda9ba34bde
3124 b5d4f8e71f6f723e
3125 9eabd7c3ac668cec
3126 ab749af8c129a4f7
3127 887c9495be5c6d4e
3128 a2fef4e3fd04f83e
3129 b2e9b011d850a95d
3130 3a90f7c2a88b1615
3131 cff9092f386efbb2
3132 c0dcdd1eddf53a4b
3133 26ff111157ec94e6
3134 cf1baa18876ac501
3135 c8e19ef6177764f0
3136 d572f8fe9b0ba079
3137 7a6fcff38a002359
3138 5713d34558e585fa
3139 3580678d960eaaea
3140 0be03f4bae129a33
3141 5b9c637763358c0b
3142 d6aefd48df516a41
3143 4081af712b03b98f
3144 46a5a127ae567f71
3145 bbfc0cd351b07d0d
3146 2360b6e8a80e4e88
3147 dd063522b26cc065
3148 5b57cabb9fb9dea6
3149 58cca20113e89013
3150 48fcd017d778ee7d
3151 1fb04cf4aafad39b
3152 1d20cdd0e60879bc
3153 1cdd9801344d79d0
3154 0cb987e0204631bb
3155 bbdf0c57e2221779
3156 6c39cbe6c217a721
3157 a3628de84d95cd8b
3158 f8a138f8cf5e8efc
3159 dec8865473fc65f8
3160 9902662a25d0aa67
3161 8932fa53213c2649
3162 80b42a3f39f0c8b3
3163 49972be4d4a0596e
3164 dffda2c25166a0b0
3165 5818b67a06b1a95e
3166 60d41c921be3fcf0
3167 bb83ed8cf63255cb
3168 c7b666c0bac87b8f
3169 4abf3d0ad9824a0d
3170 7254a3549e408ce4
3171 bde786985d33c705
3172 3e1a4e67ce24af15
3173 5761e526de378a12
3174 ce93ff6108ad7497
3175 15fa0fa3c80fc92a
3176 a4cb749974980a74
3177 af6105dd1b201cde
3178 7cca351c6c6b12a0
3179 fa2d4ff899710a2e
3180 1871ba03d08f9c30
3181 b9b9c779b61113f4
3182 3a9be6fd0a4131c1
3183 ee1c7c87cb915489
3184 db863bbce1d063c8
3185 87c75efafea96b9e
3186 4531f832ea263cea
3187 9bb15ffa1ba9c59e
3188 c21ae761b848d6ef
3189 1193effc07dbc24c
3190 6dea28a6a439622d
3191 e9c95bac62aaf407
3192 7e2d2598f584b06e
3193 5f6cddcdfa31ff4f
3194 6eb49d2598bd932d
3195 71bc24e84fff78d5
3196 5452e24f836e1b72
3197 451b0193a5a079dc
3198 5c5d159b6646bcf2
3199 f9f3beaf95ec9bf4
3200 82b939faf0c5c947
3201 08eb506a6771fc7e
3202 b8c61cd5db380da1
3203 c5868337c77e6556
3204 6a32f6aeec6142b4
3205 862eebc6d64bc13a
3206 49074dada50d8b30
3207 80772b3b3c046e7d
3208 edb59ff09af8e941
3209 08c9f5b901f24055
3210 c0c4132e6367635b
3211 2e5aff8477a1fea2
3212 b718bd9807cdf995
3213 9151adc7e65e140a
3214 6f168b5b7c747c5d
3215 6a7d4bd561ef763d
3216 69934bea04cde026
3217 9e7fbc40e02acc4a
3218 cfcbbd17e64178e0
3219 cb2eac495ca42d84
3220 ff2ec053794c256e
3221 f7a0e3b2a5dee33d
3222 d6b8acd97b83872f
3223 064fda6a56e858c6
3224 846fa9edb6cab3ba
3225 89a0f83b95b061a8
3226 bd0c64f668b6a126
3227 5fd92f4109c0a8b5
3228 2a0a51770f5c8b7c
3229 1a24a1fb4ae7ffd6
3230 7a4478e42b4fbec0
3231 690a85f645d55d22
3232 5bf53fe190ad78f4
3233 151a18141fb80be0
3234 8086d23dab8811ec
3235 89380e30636558c0
3236 61515327d5f2a32c
3237 f490ba1c7dc4d3c1
3238 1fb1ee27568a0044
3239 653749aba0a02e4e
3240 f313197a58e2fdd1
3241 21a620ef6624aa57
3242 14787829250afe45
3243 59084346772aaa7e
3244 7986dec3f724ccf5
3245 dc2f2f3bdbc776d1
3246 79cd7e3748231c7d
3247 12b1b8adfd1063e0
3248 069f2d38004e18a8
3249 7fc6a2652ceb66a5
3250 3526807d5f155235
3251 8f1482cf8dce3518
3252 c5fe8bd501c2eb7e
3253 862ecb7937e6890d
3254 bf65db7a0ff12808
3255 dfc1e9c679156d55
3256 98e9ee474e1e50ec
3257 0683034a1ddf7bb0
3258 b99c3a5b8ed10641
3259 c5a3155ba6e48fb0
3260 453feae5771b002a
3261 d95976871046e8e4
3262 8986657a2b15e305
3263 617b099c682b9861
3264 e21bee40a923ab1e
3265 afc91104134987b6
3266 21070f1d38dfcea1
3267 050cc098df5027b4
3268 9be6b4b9eecc1c43
3269 65211cbddf384738
3270 ef70f903286cba84
3271 412682b2ff63b2c8
3272 1c48f4f0b50dee38
3273 f0dbf0c330e0dd22
3274 15ae91be672a1737
3275 7f0049c5eb6e3865
3276 1b3f89bcddf50236
3277 d6d06fc768bdc143
3278 01e8b87d9ad504e9
3279 c9c98f5cf7f484d8
3280 81f3f1a0c190c70b
3281 0f6b7ba142315592
3282 f9579d57e09698af
3283 5565a7c54b619bd3
3284 c4eaf14d33243dcb
3285 7765e4ce3a4067e8
3286 c85cbc06357aff6c
3287 0f8fc1e5e2faf33d
3288 fabd22518a09283a
3289 fffd84cc5dbe0754
3290 8159829a1e2bd22c
3291 83bd737f27ea4bf5
3292 cdc42f93ca92e646
3293 8b5bd23c1f265eeb
3294 11991ae86fdadc82
3295 a460fa9f5f6a5625
3296 c03aacebf41fd5fe
3297 dd621edcc01920d7
3298 d415fedf00f765e4
3299 6e56199c878116e9
3300 b7c7b8cf5dcd1ffe
3301 25c35017d7ff9209
3302 e6154c5690056874
3303 bc91515e7d1d8f1e
3304 d1c732c1ce6dc7a6
3305 8e38b90d7c76d85d
3306 9e4661d400fef30e
3307 8eaa15f434814565
3308 82264db16941d8a1
3309 5fcc1227afa7e541
3310 6672d5f7df8f147d
3311 a1c9071b128428e7
3312 8ebf8ba510024edd
3313 b81f20440f21d0f1
3314 796e8279e584975f
3315 ed39aaf8db4bc9c9
3316 215b956dd363939d
3317 b4f5f0bc25900693
3318 e76791d6b8f0ef98
3319 b8ae3af20bd619ec
3320 f106c950d7eec0ad
3321 3918e85e4e6edc01
3322 fa0afeb1f5d363bc
3323 5c302975aea7283d
3324 ae1a8adb20535a69
3325 e7fc0a16ebb2d819
3326 fb5425eb3eba8219
3327 5d23a4d49f7e2f23
3328 56afcba962979be1
3329 e73484f0901c5453
3330 069e3fb0ab892483
3331 8150c0e0ef3f5697
3332 702a4d122160a293
3333 47c3650de5509d11
3334 5177190ff85aacc6
3335 865ee4be4867af6c
3336 0ef6768f6806933c
3337 9f4e963be4488991
3338 c11ffa82a3ff06b4
3339 bbc9415c28b7bf29
3340 6aa3f8ee1e5ce568
3341 a49df1044f9cc529
3342 9d030e16ef0e8129
3343 32f08ba27b3eccd0
3344 0b6b2a901a5a32b2
3345 d7d76cc524eaf2be
3346 9a17f6c6cd14d97c
3347 06af62d323c3d7e7
3348 cfe592445dbaed30
3349 8b074d961be0f442
3350 f16d8247519ee5f9
3351 f09a41f3653dd281
3352 e0569962751852e1
3353 36840e0fe43b2d69
3354 da45735e4093bd21
3355 3a6707786ec7b411
3356 ab4922574cc303e2
3357 5be8b748c3b2d202
3358 87a98c74d7fdf4a3
3359 cce81da098ab55c1
3360 c50c9dae0038fed0
3361 1ddf7ec4d6a6b03c
3362 b38ec61c47f238cc
3363 fc28dd95477e01ab
3364 1eda96069e7fbce2
3365 fbabe3b4ccf477e1
3366 1393e6240d231964
3367 9d1bc590ca50381e
3368 8cf636ae4ef1706c
3369 8fb14337a5e9b95a
3370 9933801d0359243e
3371 3ecf50c4b7a29394
3372 ca603c81518cc6e9
3373 9920abbad1648dc2
3374 fd13b176b482baf8
3375 b0a09659cd13630c
3376 a56709018c5fe6ed
3377 d4118fbfad225d03
3378 b4e405303e940e41
3379 f75e1a25877e4561
3380 9a2436a22d513c63
3381 92b787af68633821
3382 bb04fa81110c9ebf
3383 ec2207ac1e1fbbd8
3384 fa718c469d66ba15
3385 73611faa544b9d21
3386 fa216831bed3be78
3387 de27301d48a9008b
3388 52f8f3fe685f128a
3389 1003e3bfb9a281fc
3390 5d92a226160d9067
3391 15ec5ad49b876d1e
3392 271f396f83c0096e
3393 788c804243b577c0
3394 6ce9935c23ac2e50
3395 385445fdc58a4ccc
3396 64a5edd37eb9ba5c
3397 f7d97b6eeb477c25
3398 b239d5f82f84ade3
3399 aa69ba9efdfd8645
3400 551c81a0cca043f5
3401 f7bbee9b73d3713c
3402 eb99c44f1a58aab4
3403 62ddab0ed1f2838f
3404 f2cce59bca273290
3405 741ac502c624f2b1
3406 a579684fd9c117cd
3407 db2c5e39ed946651
3408 35f171cf3252be2e
3409 f7e16a91437fcef1
3410 b9e3c184566f016d
3411 53db05b181dc5a59
3412 8e0fa8ea22951370
3413 905d82212a9066a2
3414 9f0a42c7b91d1111
3415 2083638c4b2bb162
3416 445b7f83ed9c85a0
3417 f2a75735328f3215
3418 6f347404401486ad
3419 d90102f8ea9e1e6c
3420 ffb2a059820bb83c
3421 085057717e40d6c5
3422 633d17a5820fe0c3
3423 b8d0a1aa287cc8aa
3424 a324cd64062b1e3a
3425 f2e28bc500fe0c9e
3426 ee72c73913b8b939
3427 80a3ac4607863455
3428 7866b7a42c5c14fc
3429 1fca3bc75cfe0488
3430 a0df53bd983ffceb
3431 a2a6be7fd3018c80
3432 3be9b791b0cf48b0
3433 b6bd63cea3b286a2
3434 a7e1f48f220e103a
3435 b3728ecd13645665
3436 32b4918feb374a5c
3437 18e5b026ba60874a
3438 1abbc34be1c0c0ae
3439 a63f4d923499f00c
3440 e6c4c5cf3e61d5db
3441 7ab486bb95e731ff
3442 050b1454add5312e
3443 3b7ba54b59d1fd9b
3444 d9e6c08516b0c939
3445 cdd99421122e4bb6
3446 2d5ed16495b84c79
3447 f92b95f9833d279d
3448 fac1c45a38d51c59
3449 b6150417c576f180
3450 12d4cee3c284ada3
3451 23a42b8bd725aa51
3452 cbec93d77dce15f8
3453 0377f5e9069be422
3454 4bdb148f772a779a
3455 7c20c178641b300d
3456 2642ec71d3a012ca
3457 a1159ae899c1e4f8
3458 440a17f6c69267fc
3459 b0e2fb602472721e
3460 cb72f13bc2062da7
3461 5a4fc1cef3e13bb2
3462 df3dd6dbe2169851
3463 ee2ec7c5a2ee2f1a
3464 dedb8d0264786ac3
3465 bad3835263b9371a
3466 7ba72e75a8ccb58e
3467 9aafbcb4a0dd4016
3468 2e569a8958dc443a
3469 f78612bc97740d53
3470 4773c1bbe5bd6624
3471 b94dddc4c7e4ad27
3472 e40be1f1606feb3c
3473 56f5ddf3a70f5cab
3474 c19896d492a22108
3475 9fb8d6e5e71b17d6
3476 f87d5bc52276d2a6
3477 7be67b938319f901
3478 fbf4b5b307eae32d
3479 9810e36ccc971cbe
3480 a5d86d890f1daae1
3481 42f951cbb8b41f8c
3482 07abd1a72b22bf08
3483 ab5855f28344207a
3484 4f8c3a66ad3a25e4
3485 2a65004bb8f909fc
3486 ba7f6d765cd0afc1
3487 38f49ec2d18dac0c
3488 7173c0f51bd51e4a
3489 82db22c9f2a0039d
3490 3f2d9296c763c058
3491 e273643834905b5a
3492 68a2a70495b1c8cd
3493 2a30d62cd27d4675
3494 4f9061e7fc5f94c1
3495 47573a6049532212
3496 9eabd250b007cef1
3497 40e6d1e01c3d80f1
3498 1a63990052ec8624
3499 481010af2f8f584f
3500 49da447ba1673157
3501 3363ee274484d269
3502 febfedb5fadb0f2b
3503 9b720c84371c0d06
3504 972d25101dc818d5
3505 fc40ba0950b57aed
3506 4cdd1b88f83d0e06
3507 c23798233e946dfa
3508 971cc4e36cc24782
3509 458884fdbcd45377
3510 89cf0f7ae91e1414
3511 109339d67b676d30
3512 3e184963e66e6f90
3513 e9e652febfef0ba3
3514 92192976244fc42f
3515 41855c2705beae36
3516 8bfbf5caf5f3d3c8
3517 4553ed4abe62c0d3
3518 782f49fdac0cb369
3519 71ffe8b97e917856
3520 30ca391bfbcf631d
3521 3213f84cc45a806d
3522 6a2f92bfdd50646c
3523 13267c81a4536657
3524 84c19f43dd6305c7
3525 7d67a333d02666e7
3526 01845b861424a313
3527 cdada7d461313c47
3528 88a3d5b37b386795
3529 2a5bedc8297a576f
3530 6384d38cff0f7c4e
3531 c77b850d52831c34
3532 de4115e5683a42ba
3533 469ce0f09acd231e
3534 9dfb9d596e85a2f9
3535 04054587d24e36f7
3536 31ff84277fed1cd4
3537 597bf737cacc1f94
3538 7882c2066713129c
3539 828fc913113bb311
3540 6aa398f5af095815
3541 a0bb223b54e856cc
3542 0daa6e4d39e1cb31
3543 38d50d4b3584f805
3544 f7d436dfccb6e19b
3545 2803ffe7621502c0
3546 ad921293b753f2f6
3547 8cee1101aca78b80
3548 42cad17caba72583
3549 8903976be9b1c3c7
3550 beb81ddf2b494ad6
3551 16c1f05de5c7126b
3552 1bc5bca0bfe8d23b
3553 533e361befa42ca7
3554 277b9751ee21d5ef
3555 c874c498638bf494
3556 18cec3073677b8e9
3557 700bad47f8178916
3558 6db8dbc89819d7ae
3559 45da6c927eff27f4
3560 820b8e4377009daa
3561 22639b22d41430e7
3562 d2290f4d78069db7
3563 e53680b61df054ba
3564 cd41e75578993673
3565 796baaeb0c064f7c
3566 b1fae200af49bf83
3567 9c8a4f116d7764a0
3568 e9642659b2905c74
3569 4e9da025aa59e959
3570 946d3fdd215e769d
3571 6a65665ac90498d3
3572 efea33090d6d15db
3573 50762f7ff121d9fa
3574 cff5866d76e09fd8
3575 ba3c22977d83ea70
3576 1b8482ca30360ca8
3577 b53bd9c2be83ca59
3578 ac19c082006bad32
3579 0eaf5fb7ec368c22
3580 c60410baab8aba7d
3581 5c94aa11f23c6533
3582 8a8c97168db8f5cf
3583 bf163d3fd246785c
3584 d37d6fea748aebd0
3585 a6828ac374bf1a40
3586 8f2903ca5ca7e3d0
3587 7b1546a783cfed34
3588 333dac2d0faad814
3589 9e1dfc91f0bc9ea6
3590 28a102f4822d3993
3591 76b1c8fa710b7e0c
3592 1648aab505f09bf2
3593 ab6672333ef85c74
3594 402d15cbcb286187
3595 2b6dbe764e6aadea
3596 2cc9c930c4da96f0
3597 4f1e21b70702b5c4
3598 7f7fb0ad234c0dfd
3599 3129e92671ddc83a
3600 0d1bcb216c70c674
3601 6d5d74174dd8b05a
3602 62305b67ef772ca8
3603 281630e6ca22e938
3604 1c7393e0eb6859ef
3605 f71261bc884788ac
3606 b53cf99f2e3b0e38
3607 9e54142f1dd08ce7
3608 04b879d06dc5304d
3609 877c742c31acb208
3610 370c75f85d7fac96
3611 63826dcb809b1432
3612 dfc99777bb8d2193
3613 2f6f94c90f356359
3614 c0865db3d31ef99b
3615 7003d0479b18c411
3616 2cd477e6f70bae85
3617 a2bbc4e50a907f3c
3618 37df37b2e2166f42
3619 cb6fc32c8b656188
3620 7c152d66ac26699d
3621 61fde729efd9dc99
3622 8fad5905d859f0c8
3623 6f02a05af908b855
3624 8752a0bf84593482
3625 b8e52448fecabe3e
3626 08120d354e47be18
3627 f23da0a89f4690de
3628 392cec3434c23db2
3629 7250ced2b4213c50
3630 a258425bd5d185a5
3631 99aeb066e55b149c
3632 9180bdc214b4f692
3633 f1106f836f107949
3634 6ae945ddc3b5bc2b
3635 aa0356696eacaf4c
3636 2c5b5816c2615609
3637 2dcfd33bd1f67e98
3638 62deb7360df07a50
3639 c63df4574a3bc408
3640 5e6891a88499693d
3641 5bfbeca20e468b4a
3642 4963d6d4e492eae0
3643 8be7f3007fff66b2
3644 fb4e509c87bd92c9
3645 7633944bffc9ee30
3646 99022308ba77a241
3647 a2c507694951cd47
3648 482ffff5576096de
3649 8b8177c1b5411997
3650 f04fd77639ff72f1
3651 3523975a561c2ca6
3652 e61cdecc27ddc38a
3653 7dfc34fec3925353
3654 bee22ee529ee5ea8
3655 6c030b2953e9c586
3656 6a8f0b7c76fc28dc
3657 083a8c762e94eb98
3658 10988116f8a63575
3659 b3a164818ef7bca8
3660 74c7d3a74474ca34
3661 163a77dbd1cb8577
3662 99c1034ef56f2a3e
3663 88d217baf8480a2f
3664 07fdcc4797a8e1e0
3665 9f8169371dabcfd0
3666 e59a26d0255ce84a
3667 139f4d6cf11a5555
3668 6b975085e6ee6b63
3669 5c0a119c7d9a6cff
3670 14303cdf8d59830c
3671 3f2d418eb286593b
3672 df0b48d387480e1f
3673 11076ff90e4e1e16
3674 4b4dafbb073974b1
3675 8f85acb302bb994d
3676 35c31d9d24efc891
3677 fc4774008d6a3a3e
3678 86043975e543dcb0
3679 a8ce12074f8f2105
3680 fcd7bfcb9d2a97d4
3681 b29b7769148bfdfe
3682 99567a6e8da0b9f0
3683 725fe4c2f721aeca
3684 53eb6f882d595943
3685 838a5c5762e25ce5
3686 e6a5f26bae20fd45
3687 c18f3b63747f2b13
3688 e5bf6dbcffbf8774
3689 89defa8498903009
3690 3c0ec7cb9b8779f1
3691 d5dee2d8c1e12267
3692 3b778a89953e3096
3693 12e882f19612e706
3694 d8ca0a65f6fa713d
3695 435d8eda835762b4
3696 d7d90da0537a19d8
3697 6dcca0735e13cb13
3698 b71c9869fcd1dc43
3699 3b7c434a51b0a165
3700 6b6e2efb132a640c
3701 b3e6f658199c7b73
3702 cae9615cde603f5d
3703 651cfd58a4477586
3704 fdbffaf93dc66716
3705 49a0f2410f220b7b
3706 9984b9fd50cbadfc
3707 e467c5107a381372
3708 b157d0f379033445
3709 c303e4932d667323
3710 717d739fdf07493e
3711 b24e7adcfa4ea31a
3712 f15ff3337a71b79a
3713 3d394cc39a955803
3714 232a9535fc4ee333
3715 1c2a788a2ced304f
3716 4a086154cb2d034b
3717 11354ffa5eb5ad7f
3718 adc5602b10562346
3719 ecc0382a3f627217
3720 f90d7f5f499db391
3721 7c68f5f921e134ba
3722 c972c11eff2042e6
3723 9fffb8ebc4df7c9b
3724 e6db9ff3ebdeb86e
3725 cb026f0ddf5504ed
3726 2c2a9c5d74c15a78
3727 1b8730d507514cf7
3728 d1088dd4d2c3e3d8
3729 cba4c6038e971033
3730 41abd044ce9ac724
3731 399055223ccc87fd
3732 ca2e4580ae783ac6
3733 46b7f07908c19859
3734 3f81fbd4babda550
3735 0de9e70dbfe00cda
3736 03112508c55433b3
3737 c2b002bbc553bf40
3738 a72be744cc69dba0
3739 ec7def3960340b2c
3740 f0f7e30acbccecf9
3741 37bfc386429c1ec9
3742 6328b70b1b8a3f86
3743 e4e3841128e3e004
3744 83387e46cf1db743
3745 ce286dc4b4adcd25
3746 736e3423998d7ae8
3747 9ac58b701a771be0
3748 77aa84b758f4f62e
3749 0c73b227196f0332
3750 f80f6e2b3c3ba38f
3751 63159c6c935699ef
3752 5d167b16dc710616
3753 6c9aac9248cb24f7
3754 ee41b8525578c710
3755 64530bef15398a4a
3756 28a2b9dc92f5fdfe
3757 afcd81e6fe8f7ee6
3758 e6ed0b7d9d1cb031
3759 4c7b50fbe53c8ec4
3760 6fa783ccd410b716
3761 f2f3f3b4465057df
3762 09ac8cdc2ce94cc0
3763 5ba82a2e318ffb0f
3764 5d0274a1bc24adad
3765 10db0888dd466c44
3766 e574f74d4b62dbc7
3767 1d0eabbfeacc11b0
3768 c5d35940cc26759e
3769 75abf9e1a2d23e29
3770 6177afb12c313d17
3771 63e637b56f37af72
3772 c49aadba245bb77a
3773 11a05881027f7d8a
3774 cb5d873b699c144f
3775 56bb731eb975159c
3776 a53ef844de99eae4
3777 f6deebafa20386d0
3778 6a8913b0285a8ccb
3779 5b4078186c1fd8bf
3780 fb8fdc015b59d255
3781 ca5528e584878ee2
3782 1165ecd3515efb98
3783 d429fa1a624e0075
3784 c8f41d5e5727877f
3785 d417e1b4169eafea
3786 5a993cc36fa8b46c
3787 1405afe693f5dff6
3788 82e3c01b78ca2b0c
3789 4134b16821eecd4f
3790 d26ea52743ffb73b
3791 5796fe7ba1d062bc
3792 6c970ca3fa72cc31
3793 f3ff55a3f9e76d30
3794 4a928ac5ad733dc0
3795 13c0c747d2222fb0
3796 a98cf595b99abced
3797 6f018000223ed2b0
3798 e4b4bdbf17564808
3799 20daad0479aea7c5
3800 02ac1734bd6451c5
3801 3187a615c7ed91e0
3802 6594e44145d77c31
3803 3f3b4ee6f1575a02
3804 b4ff09271b50c372
3805 9f8bb0b53c1b4cd3
3806 7e1eb20713e1faff
3807 78fd8d0489f10a5a
3808 c9bea6bd37bb49fe
3809 c3718409d8aeb1b0
3810 8449a892a100b882
3811 8038c031453180b8
3812 9d7dfbb6fbf8497e
3813 7fd7fa565c3bff90
3814 3633b8eaa31a9b36
3815 1e46dfd5a78b617c
3816 0adbfc849de12a29
3817 32eb9dd32fa5f2d2
3818 242df2b38926b2ab
3819 a551d6c6c29ba97d
3820 839c03cae80c3500
3821 ba2bcb1d8cdf8bcf
3822 1f4869d0857687bd
3823 4b99816ad1afb12a
3824 53fd13df02d2b25b
3825 88268716917bf0fb
3826 979e909004a3860a
3827 1d9b2c07a6844671
3828 f3cea81b04126c43
3829 61d78c9e62e7a1fb
3830 7f86fafc847c95f5
3831 fc091a90ff2f2168
3832 21d82d4c8eabd713
3833 e54f198a5df10517
3834 507a82db9596ef8c
3835 40af6000b479ce87
3836 27154e00739cbe27
3837 4bbe3c6a3f32c283
3838 3e91a681a59e2a68
3839 7c9b58b3b8653141
3840 172d7e3ef5405fde
3841 0dd2408585a16373
3842 519c64ae31488705
3843 2e9f74cbb543744a
3844 09923cca677a2c8a
3845 3946b27f0a4010f1
3846 283659d0a5f3f8e9
3847 33b0841882839a20
3848 c2d978ba6bb404cf
3849 7cca3d237b6ee5df
3850 d869dc9b806f306a
3851 f3510a51d3f09eb1
3852 44a43d89c98609d5
3853 510c21e0c8d053ad
3854 9eb06537181742d0
3855 df3e691c4436b665
3856 cee68d5c88466a7c
3857 a1ff23b158373bb5
3858 a45ef426d584202b
3859 fc356a159ce5d9bc
3860 7faaa67c7ef1429e
3861 a167ca95a8b6f159
3862 4faf986c0ed400b1
3863 7315bc38952051b0
3864 fd741e7ed86dec54
3865 68e1069f2fc3e9a7
3866 96b513edbd333ed8
3867 42d7dde5cc4e75dd
3868 7562ced1f83178be
3869 b4e9c7513afbc1c8
3870 29102e610b9fc677
3871 008eaed2f0bd3c36
3872 a99ea7ffd9bc562f
3873 8fe26db502355dd6
3874 0aaa6833cf2ca05c
3875 c8062337e9247a9b
3876 924ecf5530867170
3877 b4e12147bb7ed05a
3878 7bcf7f7ca446212c
3879 7f580dbdce0cffc3
3880 4d22f7a3e6961423
3881 e815d2a2dc11c87b
3882 5e3420bb1a8e81c4
3883 31809fb1d8cf1ac0
3884 9a33b789c3700c28
3885 52db3cc75d2d5cb4
3886 5b3f8b09812b01e5
3887 167ca7fb4fe4197f
3888 550ce82e80380ab9
3889 3d2b7f95cfb98753
3890 f1e3731c70830da0
3891 8bf46f3a0a320220
3892 84e2e08a0d4bc91f
3893 153c3470763e2535
3894 bdf0bd320ec5adc7
3895 4c0f709059627f6f
3896 d9073037d9421210
3897 9ddb3e2091718eeb
3898 884acf33f6ed09d6
3899 c9ab805bf0cd3ae8
3900 764216c55894580b
3901 0335880b9fac4883
3902 30ae99e6d272e3f4
3903 6cfd425e1fa451ee
3904 4974544bddd2799a
3905 0e32970b0d3c0c8a
3906 fbbb98b0a67739c3
3907 29b3c2bd7d9dc6e0
3908 d8da78ede55f6046
3909 e11b8b1f76b03fa6
3910 c6e5401d31fd5356
3911 5a796f514d423c2f
3912 1af375a60340ce3d
3913 eb908c6994d7d2fd
3914 642bff0f640d7680
3915 b2d41a88d8f1dc7c
3916 cdfb7eca74c77953
3917 e3b0019c063e4c16
3918 ca1448ed3e64b4ef
3919 57b90c78c70778c9
3920 19c0f504b11a80bf
3921 c9040e5a7c132c32
3922 bbc881f333de9f0d
3923 d409b1ac2c994bdb
3924 17eec04cad09b777
3925 c36bbfeee7d675dd
3926 f5e2419fa42d6cda
3927 f8ff60cb20bcebbe
3928 22ef6d889e0f1c2f
3929 d0cccea948398673
3930 b2ce8c7d0b5610e3
3931 8de750e0f0f7c85a
3932 2485ae83e4cea4ac
3933 8d60b8769543a18f
3934 83727327080c4ab8
3935 1f99932e2ec85de0
3936 c02e1686c29dc8b3
3937 77df106b03f97445
3938 dc3ec62f85bedd41
3939 c3282a547b550d9a
3940 7257bdc6b11036bb
3941 361f470812be84bf
3942 abbd2e552ea0e2e2
3943 5f88f73ca5c7f6f1
3944 ee9b17fd9850287f
3945 64bd1f0b31a45eab
3946 95d9f9f3a97a0947
3947 f05c1ae1c2d70461
3948 a26241390c86b715
3949 5edfedb49c794ca4
3950 10c566864bb6a7ad
3951 12cbf3d5870c7322
3952 34d1485df201a6f5
3953 ab616efac6063104
3954 c9a241ed15125bbe
3955 655ceada1dd34551
3956 f2a5327476a2439e
3957 fc75fc1124dfbd05
3958 64303c2f0ac1f692
3959 c7347cd3ac5a44a9
3960 36ae50f9031bae54
3961 df4faddf245290b0
3962 698fd26dcc94ee34
3963 5d2b735bf2d38c29
3964 abf09c8abae122a1
3965 1e263b21c0610314
3966 b14997c966b12eca
3967 aa757d8b0ca40730
3968 29f5b91de6bbfe5c
3969 86e2dd353483f5f5
3970 a71e871f91d56015
3971 52b5ab1daf1b1e65
3972 7069a7b888672a87
3973 ac7d6c6ddbafd11d
3974 e29c02e2b18b506a
3975 dd2b717f441b175d
3976 f1789b53a69fd804
3977 553fbe3af4399ee9
3978 b28da2123ff56e47
3979 46bdfef242c86c63
3980 cf29180128ab140e
3981 239725b2931d41e0
3982 224cc1f457de3ce4
3983 d7f0503f71cd13ec
3984 f7732e4cbda34ee7
3985 2fc2e4cbd50252b0
3986 acd6a6bf2ec4acdb
3987 85d48c116f29a563
3988 cccff1b4e2646288
3989 e5f838841b64f671
3990 850f27dc99b12a66
3991 1c0b99ad72b08335
3992 c2b9495dd60935d4
3993 2bc6cb9f1b60e062
3994 1d06a3e17484813d
3995 6e30d2847afa723b
3996 44b5ba6bbe4e961e
3997 c69d298de74e8a67
3998 739dfffa8fbcf07d
3999 d2a69b648e850eaf
4000 99ee6d528fe3d9fa
4001 3e9bf9b9c4332c1b
4002 38dde81a94acf18c
4003 f5527b97e406844c
4004 d2c6d62a9b89808a
4005 0c0a0e7621d52ee5
4006 55052f64b7115e84
4007 6164eb1e9684ba16
4008 ee0551de25d42840
4009 37f147b742d0c7de
4010 97ffc4fa69e683f4
4011 f094c1365d962b5c
4012 ca744334cd3a57bd
4013 a970ed958dd4f924
4014 d1848263308c0fc1
4015 03d1b13ae6f46cc9
4016 3fb8794854f5acc0
4017 f645678c668b154d
4018 2450b554d860285a
4019 fdd6239343079c02
4020 0790b3018ece3475
4021 b1f43c53a4876774
4022 06056271499782b1
4023 d139c980ffc5dfe5
4024 574812ddc951a0f2
4025 4662b3e45af883bc
4026 e9fdd8ab66967282
4027 cf470e82770516bb
4028 de5d21e2e1855c0f
4029 eb7083393db74700
4030 395fdf79ac808dbf
4031 04057872598b46fa
4032 ad29d6d757b41a78
4033 a27832a312606877
4034 1e191470cb06e5f4
4035 28b577e91f3ae53d
4036 6d58bdd96bcea800
4037 17dca0131f0e8059
4038 7ff3949e441376ce
4039 d5e0519d903519e3
4040 0a0d40471d8037f4
4041 bde86a2904d2ac60
4042 bc23fc1a17e3b0f9
4043 9696c3e84c0b2108
4044 3c9409e2a1da4a2c
4045 8f73539e8764aa95
4046 2996b2ecf17cc338
4047 0b09cceb6fd594d3
4048 c9f3c5ae49b67577
4049 d261f8463a6d470e
4050 7509d7bb69e5f114
4051 572cb92ef732ac9a
4052 cc9bb614b8c36873
4053 7d8954d41af7868b
4054 2d4744494c9cbcac
4055 be36a0009114bc93
4056 a1502918bec1ce4d
4057 1a458e47f5de6cac
4058 cd6edad03e52ffc0
4059 6afc5cb79b1643a3
4060 ab395700049a73cd
4061 abee7a7aed178304
4062 b3634e79c8dc3d1b
4063 c29cf9774d08b755
4064 5eac58752567ecc8
4065 6758da8ff4f8c424
4066 25f3e06f9af3db1e
4067 9312478046288575
4068 75788d5bbfb6468c
4069 f89d2884d48f648d
4070 a776976823867045
4071 fa82a9a332724f03
4072 730ed62dde91b305
4073 927909e00ab39678
4074 45ffa3e8a65d8fff
4075 9a0a8f4746e87aac
4076 8bde3b15b5a8c1bd
4077 af46d68e47c7b8ed
4078 938357d01d98d335
4079 ff2ea2f058e73567
4080 8278df7dc8d54dbe
4081 dc7f470f2c6d61bf
4082 3a0a7fcb6b67ec46
4083 c1b295cf4190b02b
4084 86e0e76d0d90a5cc
4085 c6fd234af4b6fd2a
4086 3e9ce08e6839f54f
4087 4d7358e9c8d53313
4088 7f60ffad2f9fd857
4089 899a31ee792ee2b2
4090 662a16649f9150d6
4091 c4af7e673a8c370a
4092 06bd6f4e042db3ca
4093 0c48e70a5e0176f2
4094 48e01b2d5e0ddc3d
4095 2ab4861d2e8c6d1d
4096 64d78b75d8719d64
4097 e22167db32c1c3b9
4098 98bbbbc3f1bff076
4099 702bc2e5896446a2
4100 60409fc7a5161191
4101 480c2ae4a25f606e
4102 c13181049b8b6334
4103 8f8c31c4136d308b
4104 b2e4869c7dc5d7ca
4105 f04aae4f57dd9c2c
4106 81a2a7cf0fb1b9b6
4107 5839fda58636bc28
4108 cc704226e626c533
4109 24620dd72c18734f
4110 c4aac6c4477ff5b0
4111 82554ec0a205e239
4112 2948d9ebc6dca76f
4113 19579bc03a4b9bc6
4114 b7b3467b4e22622d
4115 ba5a6ef7316f9f8d
4116 f332ce45d74bcdcd
4117 e20fdb2b0033851e
4118 9a908f3696c6380d
4119 f9ac8eef2eafca06
4120 b12e5e6b8d07518f
4121 47e9076834cd4942
4122 63aaad85862d8ee3
4123 37fac0bad9eb147e
4124 76366c46d40f4027
4125 ae29d56dffb242cc
4126 e6ee11055f0e8275
4127 057b8e078557432b
4128 5b1823efb334b9eb
4129 959280bb4ce3d1d5
4130 5513462000b7889c
4131 7b7e27068fb5dfce
4132 0588e659aa1adb2d
4133 e1c915cfdeb25218
4134 0a3d1d59f5230d29
4135 b0cde9436dc9de7f
4136 2f4baf729a6a15a7
4137 9fa7c2789201efa6
4138 3c2181d8b723056a
4139 b6b02f113372cc1c
4140 7d69972a9d94ecce
4141 d443cc8e892f4b32
4142 6ebb3f7f891e0825
4143 d96bb931c33206e0
4144 8815a306184de3b8
4145 b2b313f83be0c1e4
4146 58f0f481baa74022
4147 40e5934687f04f77
4148 9103b315252f6cf9
4149 cd8184b6d24d081d
4150 d736b1935cf75235
4151 9ffc4d1b36c84aae
4152 89b81dc5af622b80
4153 5a10e8cce2480a0b
4154 6a4f9765679a4b3f
4155 f532946e60f38fa0
4156 d038b502bb2bb3a0
4157 57311d8215791783
4158 3d9b3ba47f25c15d
4159 90281727d02ba19e
4160 699317cc97ae9be1
4161 dc069702e3f46f33
4162 ffda12000abcb302
4163 918a013c04a5d5a8
4164 df67c4e3512ff303
4165 bb33f8bc9e5acc4b
4166 7222bd4ae834c8ca
4167 787ab5395c6edc3c
4168 f263d5dffa7adb2e
4169 5900c147abe59429
4170 84bc9418dd2d006d
4171 c4f7a730f428a874
4172 d558602cc10331b9
4173 048e3f94dce94bb0
4174 08a0159d1124fe4d
4175 7b47590dd6897503
4176 4e777b4139af1fdc
4177 3e27b97462435424
4178 ced59897063a92c9
4179 2e094f562e8beb1e
4180 0b6f01f38ab5f33a
4181 aa6437b564079ecf
4182 209cac7bbc3745f8
4183 1bd140e663a9c120
4184 3e71105621c77ed6
4185 330b1035dd102d42
4186 b354b350e4fbe3dc
4187 a6eae24cafb9c3d5
4188 e1b16b352bb5010e
4189 5111d8eae0a2eb00
4190 3263114ca46839af
4191 86b7420a2a9bddec
4192 771ac82bdbe35cbb
4193 e14910ee3bb4502e
4194 2c357803f6ccc888
4195 109fa903f8446908
4196 e04b37e2197f8e9c
4197 d63b8aa15dd57c06
4198 df8472eb9f3fe103
4199 47626e50f9f32a5b
4200 49aaa2f5b637532b
4201 3dfae993838c2d4b
4202 30d59273a87ef688
4203 935f68441f4eb7ca
4204 19b460b171e6ff57
4205 a6cd6d6d5e3b8331
4206 6a0613bda3335308
4207 7444e94478e1f22d
4208 08ce9bb3e8c3d7db
4209 5a512d721b04e244
4210 75ab2c692ebb497c
4211 dd2c7f7b19d91f64
4212 52e2af30b5a22023
4213 83e800c902819081
4214 6331fdcc9f08fb33
4215 262fb7714a8093b7
4216 96b07ffcb6cfb981
4217 eb33e6f82eb6db6c
4218 7dd38c10946c9df4
4219 a806beeffdcde3d2
4220 120d3c402fb7a9c4
4221 c7dd6cd145135c00
4222 c47b14472735b854
4223 26f6c8cb60af7e7c
4224 c2e20c4fb6ba7313
4225 19149f3ee5db104e
4226 04629f00fe8d9582
4227 cc14f97f0a0dc12a
4228 cf2a5508bb2c8abb
4229 a2512ec0d0dca3e1
4230 087359386965ad2f
4231 d6e20e5e3ac11624
4232 6407e1cfe780cb53
4233 ded622ca5608d85b
4234 0aa9ff9fcf3c726e
4235 d94204cad46af9c8
4236 2ed33fe8757f0472
4237 64bbf5b124131d8c
4238 b07778c5e596610b
4239 72e3e29f9c911fb5
4240 35885b03e3cb20eb
4241 de30875d898d0de5
4242 01c5cb79564378d4
4243 bf48dab0f76227d7
4244 41a0669e0ba5dec3
4245 18c13b8cabc0234a
4246 4f2aa7eee2ec7f23
4247 d7a4cf7fd1b61e48
4248 012408ff19e32d1b
4249 44d40d93d3264d59
4250 0e82a823bf13d795
4251 6199f9d5feca5ec2
4252 7610b3bd7a54099e
4253 660bf5bd0ed99572
4254 a96b8b3c0294ab0f
4255 01b88676edb24262
4256 101e195aefe596c0
4257 adc38c5e15cb09d3
4258 ece3315c8984ab6b
4259 1e88d77f14f9b2ff
4260 1591ecacbbec7de5
4261 fbec0165c1356b61
4262 4c57c8166a86e42b
4263 874c1c33a1f89fd0
4264 c7dfaec59e9dfec8
4265 d92e83a748f99dc7
4266 16c9da7413055c40
4267 6df1b5d7ce9b29a9
4268 90687e86afb90c6e
4269 935c001eb33400f8
4270 2f3c0658d3c5b349
4271 1556b176c61052f4
4272 a3f3d7fb7e8ece9c
4273 9a15bdcff0c22f40
4274 7d5dbff7fbfc5d63
4275 57b5cff8b0199cd4
4276 c317f002819cde3e
4277 2d16d752d2b11999
4278 eb50087d07d6f674
4279 a7776f59e45f7183
4280 79082820040e0898
4281 c70b358ae605e085
4282 1d532ee972fa2365
4283 f023bf2628d471b8
4284 47d855896262bff4
4285 623413a08c1da972
4286 445bad87875f2a35
4287 7ef75f35c76d2ecf
4288 382b69e2f2be9f3b
4289 d4fdb060da82918d
4290 b78a09c944ac8604
4291 56d233c096255d74
4292 fa818267fc5a1730
4293 61e9e00af0d9fc4f
4294 a15582fce3373dd5
4295 85ce775189dde448
4296 e3d88a5883931880
4297 60b6f300054b1a38
4298 ca82e62142345470
4299 610db98b593d8b9b
4300 86c6d6ef6e08993d
4301 098046f94fe99348
4302 64039466a1ab4b5b
4303 6069452e60835ea7
4304 dd1a32f5ffa58bee
4305 4a6d62ee84d4d875
4306 492ef0895de89bf4
4307 8784b86cd2cbbe50
4308 326c04d6fcd67bc9
4309 181644c0670ddd9c
4310 143a793f5fc95330
4311 52e2889a5f456814
4312 ce6b35f559b7d78d
4313 cf7446fb2e4063bd
4314 cc5c87b2e4e1e132
4315 9cdad761ce55d15e
4316 c7c3da5c1b752f01
4317 fed832cc60b52b95
4318 d3b7146b81b576c0
4319 aa5b8e6909bdd98a
4320 b950c612a16305bf
4321 2f1b5a17f5de4f0e
4322 dff42dc8873a160c
4323 b2bcad7d18d7ffc7
4324 ce424454520dc403
4325 3816f8f2c6a39181
4326 073e36d3d7ff89fe
4327 5701635506a2d686
4328 7563f2af78e3583f
4329 33dbbf11b4ab48c9
4330 e1b18ecdb3a298a0
4331 433b54505ce95119
4332 7ebb0e4029ca7a0c
4333 656165fbece4b9c8
4334 fc40868b7e900c62
4335 74395a2963988030
4336 83e774f8cf78af21
4337 68261771fa0c8b05
4338 7016b064d851f0b5
4339 d941d756727b1887
4340 02fde0bda341daf8
4341 d97357e06a274544
4342 be49428fa05ac30d
4343 345a1ef1f99356b2
4344 66e21a1fb8536adc
4345 b61526c94043e24a
4346 9e7b5c22e54277bf
4347 253e8f616510e3b4
4348 26c535ff7363ef65
4349 c9db18fc03f44979
4350 fd44a28df824b32c
4351 2884fbd62cd30e7d
4352 0e00f36d2de6e368
4353 ff51cd730a154f88
4354 2388ec7d95cace79
4355 15bd9374cab124b6
4356 6c7b50255ec5b84e
4357 5dceae0fec6c2bfa
4358 66784966934e9c75
4359 16be9b1efdc46bfa
4360 929c824e1ea2d895
4361 4dd8fccd72268dff
4362 ed22cf991fb9d3ef
4363 b3e8cd13fa0fc561
4364 10b6c795a929450b
4365 8c3032b65c851148
4366 9801443a2b6c9103
4367 d8724ca1b38c6e01
4368 766889ab5ca714a4
4369 41bd84c8405c9041
4370 13210e6d8479434c
4371 641bd9c706d053b2
4372 c796921d0107caaf
4373 9069d02098238019
4374 3277a47433b506a3
4375 75f3ae0c83525fa0
4376 2bab53bf39cfb0ac
4377 ed2801327a1f5be8
4378 86e85b0cb1910d7e
4379 1d9a90366a803d23
4380 f2fc5255fba42b49
4381 8495e927e103adbe
4382 4f52e21c645f8269
4383 459c44ea60052aac
4384 aa1c900242a17e6f
4385 3c7faa9054795969
4386 bc1be49631d81b05
4387 a7340d372d9c2a11
4388 d3e3d5d863c472f5
4389 d07d9ccb4073b35e
4390 2fb075c93d8c4595
4391 80b744f00f0f3a3a
4392 fffe731c38f86338
4393 a3f8f74407f3f3cc
4394 35438e1bfd77f32c
4395 e1f16dfea5188ceb
4396 f8939758060bf745
4397 dbd2f5ebe636c6fe
4398 c65323258f9fa06d
4399 eb3542b1f375d20c
4400 e9685b57d98b95a2
4401 75493c36fe529b2e
4402 cf0a74c44ba2ce8b
4403 205ae33146bc6363
4404 d9fdeeeb8b603066
4405 4f38c2f205cb8b24
4406 383c427c50e7eec7
4407 d65bcffa45bd0f68
4408 154e2a43834cc3ba
4409 d80c27dc4bfdc6f3
4410 5ca9f557c11836a3
4411 9eb8063602122cd5
4412 b2df65453b45a2b6
4413 88efdce032332710
4414 605da0f24ab63ee0
4415 1c63fe0515efa55b
4416 4bfafbc0a48766f9
4417 fa5261d7c2c69fe1
4418 8a6f67e108aa4102
4419 e4dd4c14720c111b
4420 65153e6b01a82df1
4421 e6258293582080ba
4422 0b29d35c85dd8000
4423 61afd67a4ce77d89
4424 bb53d844115be515
4425 75180e592f37be4d
4426 bd6dec554b2714be
4427 ae74184cb0108159
4428 92c86325b845691e
4429 5b4494ca2491f336
4430 5db14aa11f2461c3
4431 6fd81e3775b6c175
4432 0a193a573c2db4cc
4433 11a4bf39c769e4f9
4434 fb03ef9cb177dbfa
4435 e2730e02854381ed
4436 5fadce21418b1d41
4437 e68883023bbe6850
4438 c2bcee89eb793cc4
4439 2fd6f200b24e292f
4440 0aff85fab48dfa00
4441 6028c30e975cc15c
4442 a74c0fb7ef16ae5f
4443 dc7fbee51f3fad6f
4444 98fb67e7e0031280
4445 24f023e0af289716
4446 f386000baa68bea8
4447 14347ca261bad6c8
4448 1a7179892b388667
4449 6f4211fb31aa56ac
4450 2029080ec7f53660
4451 8e64ae2b2f093075
4452 aa6539d58e8a7076
4453 76ee8e42afb414fd
4454 64d8c5e20a03b707
4455 d0394a5c26b38dbb
4456 864e6be49e669115
4457 40b14a134bf69503
4458 0d15731f3cf97532
4459 6a3bb74369b922b8
4460 bca47c73143deb1b
4461 d6efe198740fb25d
4462 e764632df33a69eb
4463 b60b0f1ce261923a
4464 9c9941af5ae39e5e
4465 e8301518d756714a
4466 824fd560acc76210
4467 f92e31fc69bc8a3d
4468 01169edb2392f4ee
4469 5465fd2bba17aa72
4470 3bf8d4461a80c27e
4471 effdf35d6884d9c9
4472 7cdcaf9dba01331a
4473 bdeb68158049e452
4474 5f25be77a46052ab
4475 02775f76e734000a
4476 b5f3064616a56ef2
4477 b04ed0faba1d1148
4478 577fc18300fb6d21
4479 2200993487d0f663
4480 f0de7cb3a975c904
4481 c75a82f58182b48c
4482 5d19c5d686ced1ca
4483 3df5b6cba464178c
4484 e4e6fe091e129d35
4485 55af2d023af5582c
4486 6b95b9ae5d0e777a
4487 3ac6a28e6e1c24a6
4488 c389c299dc4e3bf8
4489 4e5cedfe89dca537
4490 dd88de8f9f81b5ad
4491 6e691e01fff4c81c
4492 7051ddbdb62f2fc8
4493 91d4ca4c34ceb0b1
4494 15adb2ecd25bb6a3
4495 1418aedebe91146a
4496 5781612f65a8beb6
4497 c7055130ec32b011
4498 6835355e5b33fa84
4499 2df4d984626f5624
4500 0faca852a2d399a5
4501 57c8b5759c647bfc
4502 5298d62cb1ba8bce
4503 0dda60255bbf4b2d
4504 a716a8840aaabeb4
4505 af64870e9d041c97
4506 ca3aa1cfa7b7a5e6
4507 fe151139b0aa8b17
4508 169fb21c33d9a348
4509 8b12fe04ac61ccd5
4510 9f28e88cf10f190a
4511 f2105c42b96eaf6f
4512 912bca07d9966826
4513 821a6f4f54357759
4514 44c11c3350f09396
4515 0e6a15e271b4c73c
4516 89fb83bc8608fe0c
4517 9832920c17f28e1e
4518 b877b869560a71dd
4519 276f8eff72a1b51c
4520 54d0012b35a8558b
4521 8d0b4e188c8531e6
4522 90f9914ce13eecb9
4523 5d51e76b6eba3324
4524 0db99782130e15c1
4525 fdf000609a4b3272
4526 a5779102af34187b
4527 e0a4b4a0ea67ce94
4528 d0201230f8e8b1a5
4529 cde8ea381574620f
4530 219803adbfd3d04e
4531 b8b6de6387938f9e
4532 95e4dcb82a7b32d2
4533 7657094f8bcc197d
4534 59f9693defebe09c
4535 bdd209393cb244c4
4536 aab65bb0f91511f2
4537 67ab994bb714d7f9
4538 6935a0974273e3c9
4539 0a5df24cb486240c
4540 4eccdbb9d1712e32
4541 61a71147e925b0ca
4542 e0d6eb91c0fa6b5d
4543 d92f650a8361f692
4544 cb164dcbbf8e2789
4545 acb6e554f3a43e5a
4546 dc5bd3e977275242
4547 ffa5cc614b438c9a
4548 762613a30e3285be
4549 8ba7d78aada349a2
4550 a920dee3cd804f16
4551 8e2a6d130e81a172
4552 83b09b7ebef3cdf7
4553 e8c971297173f7d7
4554 2208b1bb3d0b0f5c
4555 5c8bfed006b2972f
4556 22da6c3d57ce0087
4557 8c584cf872e5b8da
4558 b3f2a676b206bbc6
4559 4d1af0b52cb8a2da
4560 ce8bc59ebc70ae99
4561 568d6a1640090ccd
4562 0defbb300a8614bc
4563 697f3113a46a19ba
4564 597183414153d28d
4565 51ff71d2ca996f7d
4566 38729bd959b10bf9
4567 b8d86e6dc5396cf1
4568 2d6255ff7f8715c8
4569 6066de939318db3f
4570 cec0d7f0d47a249b
4571 53e008a4a2781d43
4572 527b317b82b012e1
4573 33e2fa00720959b6
4574 496fad8cfb889001
4575 c749be7ea1c198c9
4576 31ec041e4a1cc4e7
4577 ae6341622f15e645
4578 744674717e46da91
4579 6703de8d6903ec74
4580 6fb4f43ecd4a887d
4581 6739a459cc5b4ccf
4582 4a8c3b71889338dd
4583 1704d2abd07865ee
4584 14f78c21877e7e0e
4585 11662d81dc12a9e8
4586 8db1db7e90a8525b
4587 f8a768acf8602d14
4588 e167e3004382cee6
4589 7d31f9393f286f59
4590 21559f482bbc8939
4591 74be8e4aa81e3d18
4592 aa04d992e08e51e3
4593 3602cafed4a396e2
4594 7a4583788e1c45b3
4595 fd1e0a23ac8a1207
4596 ec48e080766395d5
4597 fc7f5fe6a2aa70fd
4598 0294789f0e7ce394
4599 a746597f9a73e80f
4600 6a6f68b8fcf07842
4601 4b8fc94d91906163
4602 aa54d34d6cc483f6
4603 5aae9efdb4ca19ea
4604 66d262d05ad73ba1
4605 01e51320509bf83d
4606 874cb09f1d7c4fe5
4607 feaa79ba9fd32119
4608 82959d86d6693b34
4609 ec96fe35e805e56d
4610 b428da09909223b6
4611 c096dbad8ea745a3
4612 6243ba8b149bde42
4613 39efbb90fbebcd03
4614 92bd784911c3990b
4615 17ae0010fd81d957
4616 b91b63ce210cb4a0
4617 23dbb337ff2b0e81
4618 7ba54bb03839897e
4619 654ab8a96fed396e
4620 0339dd8beb7c02b9
4621 dc1d534ea85a39bc
4622 d9608d5c62757fd0
4623 c1fcacbbddfcee86
4624 46de80e54134843a
4625 83ddd4e504d105b5
4626 a692ae6026c9daa3
4627 bbafdcfe4ece2bec
4628 4f49e36603f69b92
4629 7165422e88e45967
4630 ee26d3aa08579cff
4631 967bf2ea58e60d29
4632 a0285c9e77b82c67
4633 63633cc3d7a0c308
4634 88d3fc61f6c16cf9
4635 fc96945bf46f0b96
4636 8aa1020b5d7846e4
4637 018d02dc61c6d102
4638 5e8f0f18fc0188ec
4639 9c42b5e431946145
4640 4a89c8fe72f0dfdd
4641 cabe65347f876282
4642 baf69e2edf6d09b8
4643 17834039368bafc5
4644 c98b8b90de3dd415
4645 fdd676b856457ded
4646 433e8da2019dccaa
4647 ff9b1a2105e9ab55
4648 f2e9b569311f7bcf
4649 872660f046ecf277
4650 5745dc9de6076b91
4651 4b884a12b3742b5f
4652 83ad7d3c2c6a9d54
4653 2bab3b2cfdea0368
4654 29e706a1d7080a16
4655 f8ba88d23b559e5e
4656 d3d2bce73fa0aa23
4657 934f9a89d9c80ded
4658 f25a3bb51e255cf8
4659 b4aa0a2479e59990
4660 0ac47f4b0d8036e7
4661 5ec203b96374209e
4662 5e7e8139ba041640
4663 0a43a6967c1070d8
4664 d1e87bbff0b37dab
4665 31be966f6d6955ca
4666 107fb82b410bb0ce
4667 62426ee09838092c
4668 a64837ae75fa81cb
4669 ae4e01416063f9b5
4670 c2f32e8f3e357183
4671 29487acc15407084
4672 30deea8f8b114c85
4673 c3b49c6a12f3bdb0
4674 f8e8e894e9992e18
4675 6aac482748c8bec6
4676 b11eacbd51e62c96
4677 c1c381f136d0f47a
4678 5774d6fe827ac8c7
4679 6314215b066ce533
4680 ff60ab67d1851f27
4681 2028d14e1b96a4a9
4682 2b58d3429c60d0ca
4683 abe3f5ee5404d9c6
4684 f177545cb538fd60
4685 fe754e459a627d94
4686 a0945fe6cc3c3066
4687 94361fcc2c0dbb9a
4688 4dc728d2b5660759
4689 fe7e9962d3783d0f
4690 41cd3ce54b568ceb
4691 4b9a115e9a19e485
4692 16f1292e525c3089
4693 19d76b7b9f148e17
4694 91d5ce2a0fb9613d
4695 d293805fbf592355
4696 9a254f36c30cf0e8
4697 59f0fa8e248acdcf
4698 42ed4fad5025e55d
4699 cbad11d9559dead2
4700 865b2f8bc8cfc35b
4701 050bc92e05049ee0
4702 70598d339ba44453
4703 5fb7ba7eda84a4d4
4704 4f17e1aff70cb350
4705 cdeae26fbf960e9e
4706 0a15b4358ab09cc1
4707 c1f1abcc731d7dd2
4708 38ebb39ab3db826f
4709 b36ea2e379e9a9de
4710 ccc339ab26992615
4711 d63c91275134e1ee
4712 38266a1f32845f2b
4713 717119a4c7dd1236
4714 d665f802ef599f97
4715 98131673cb4c7d7a
4716 3341ffe8644d1439
4717 fc1106b9fb36394a
4718 6d13001da8454ffc
4719 35f2fef352f17989
4720 bc0a708c55a7fce5
4721 af61c546dba0467a
4722 f2e79dec8049b60c
4723 9c246a8182fa9ca2
4724 7916e3a6cf9bdf4f
4725 2a5eb021d94926a9
4726 2482c980d064db34
4727 a405cfb51000c51e
4728 ad86996f132ce4d2
4729 fd8fe354882b87c0
4730 924afc80cf73dc65
4731 e937a135e9a77ef5
4732 3ecf4d14757a012c
4733 b4d639aa3569c4bc
4734 bdfd036fbb7e1a29
4735 75d06eb54bc92079
4736 3ec99dce6b39f892
4737 3bebdcd4c46cd746
4738 878a4da732ff183a
4739 657e3416fb9401db
4740 9b5e17885ee08718
4741 28b4a8461bac496b
4742 659fd8cfdae4c8fd
4743 1280eac1137271a7
4744 2f3f7412d8a04cd4
4745 17b06ccc7c780b75
4746 81bd56671f3a7cbb
4747 dfdafdf393b1711d
4748 1e2ca3b75b96ffe4
4749 d5eb777e88432f67
4750 294e08a958b0f471
4751 0f3b42d0acf8f380
4752 47730c3ed0fc8067
4753 2898502f3b04c350
4754 a45073f98211f1aa
4755 e0752ee8d5b06223
4756 b2c407de0bacba96
4757 a03d21ef9f734b8c
4758 c3f39aec1a44942f
4759 5e6036c1c787d772
4760 a137ed33fb27bb15
4761 e7f98634e7110434
4762 101c8cb6536c1d1e
4763 2991ea72b0ab7362
4764 066b7f9792717f8a
4765 a4efb8e772308ae4
4766 52a5c64fda104b49
4767 41b19b9fc25934d1
4768 92d300431f6a13f1
4769 6be841f004b9b2ab
4770 4f0d42d97aef09b6
4771 644a6b55e34e8721
4772 f4c0905e94254c73
4773 ce14bb4a38a778a7
4774 45a25eea36c5764f
4775 e69016efd532087b
4776 e6d1f39a58aa4804
4777 5e0e0061b73b64f4
4778 40cf51e5f831f126
4779 55d10eabbf4e2fb0
4780 f01955a85979709d
4781 001a626400acfc22
4782 157da0336c65ca7e
4783 52e6a34ba70b748a
4784 bfb982fe7e74455e
4785 8c207bfad2be32b2
4786 8bb70bcb45a1a15e
4787 70bd0d16437b96fb
4788 2dde319af833b5d0
4789 338d99478cbc2d57
4790 d7d8cdf7540ad765
4791 15d91e655b9efa25
4792 72ab4d162b95a7f7
4793 067af4c84130f986
4794 38c410eda7a81712
4795 4186695aff1bd13e
4796 27de02a5bcade529
4797 c8e2fe26230c25ab
4798 26c17da80bdb679c
4799 bc2ae09aee62a1df
4800 63f6a740c7c6f66a
4801 9c03316bfd0a2443
4802 84b7399afa534b9e
4803 34f450cadf952fb2
4804 d66a954cc0e45807
4805 06260c920e632cc6
4806 8fbdca5e6b57d66b
4807 8eec0590bc81612f
4808 8342ccf29560336b
4809 068aa36d0b63faf3
4810 5a54f1a2d7da0a67
4811 37a7c856214d1dae
4812 f5a202ff866ac25a
4813 1d1a21ea7070da5b
4814 177985fdfdbfe5b9
4815 1d20909f581d0c24
4816 87b9888b3346b60b
4817 2318b54e110dadad
4818 9f657fbdf009026e
4819 25cd08280bfd6be5
4820 7968c533b3d62e1a
4821 67b864a11decd225
4822 3e1ac87a12d341e6
4823 c020c2d1b038ff4e
4824 dc07959532c1e173
4825 d2813c4cd2a10802
4826 1083378f210c3b4d
4827 7ff142c4c5e0e802
4828 53419727c2c1db06
4829 adea42d0db00b7e9
4830 874f537786e05a3c
4831 a8c588871cf8574b
4832 a5b673f8491721e8
4833 f7d688780dbb4e45
4834 d14b1945f5e0f7e7
4835 d55e38e96ed11554
4836 83b82f0ab93fa75a
4837 4c506f915a4700d9
4838 cce4c465489c4df6
4839 c0222af71190607d
4840 98e64e66e14d2494
4841 3e2287c565b89925
4842 7a4e2e44d1d1b8a9
4843 2ef77220828b69f3
4844 53be5ca87e4fb3b2
4845 6762871f13fb1074
4846 f2ebbacdc37ed58c
4847 74a25bb758dbb5f4
4848 8f55f0fa79861fff
4849 59941b2c7b2856fa
4850 64b8100ff69c4b39
4851 2d5d078a004203b2
4852 c12b19bcb8d564e8
4853 6b22beeefa4cfa1a
4854 a1b5a2fe7f70dddc
4855 ff7ff9b9e27670f4
4856 1c907c97371be7d1
4857 1a6cba0c00bfc939
4858 09a4402e2cdb26ed
4859 2a823b7b76c442be
4860 128809f5debf7f80
4861 f6ad2e66b70e0185
4862 9336f5a12d738c3d
4863 c1a6219c42ddb5ff
4864 db43e076b98c09b6
4865 ca4b07e454892ef4
4866 3636ce0ecc19e27e
4867 18d01da90f6fe333
4868 49b7694e6f9bbdca
4869 3de23b4dcf8616a3
4870 6c82f953b16d3fa4
4871 662d4b22ae520d6f
4872 ff62201ba1afaf55
4873 3dd262650b9468cb
4874 e85e7b83b29b40b1
4875 384205d70f014a34
4876 0253af8e24390f69
4877 7a7249aa0fb47e44
4878 fc459aca234e3a3c
4879 7862c9d96074cf48
4880 e4f659a62b508b40
4881 7c32166de8deec28
4882 769911bb6778a69f
4883 114cb5dd56230f7b
4884 22a0de09074a1067
4885 b0b9e38562752b61
4886 3237d8cd6d82aff4
4887 361ba5077a8712ba
4888 0a5d0ac7462606b9
4889 02b1cad9c4e86fc4
4890 112069b385b4f6f0
4891 d08589230a1ab68b
4892 8792a69b89d98e93
4893 86d1f3d9a25d3880
4894 2cd8143eda13e06f
4895 5696635d4ce584d5
4896 92d4435d7d4e0b1c
4897 eff2d8e2ca9c7eef
4898 46065f65a6008a30
4899 4f800bcf303bf283
4900 a9b8d85c3a972420
4901 e6c1f6236abf15a2
4902 545ba07a6c43dacf
4903 caaf40654e084d75
4904 e2f51af3186b4217
4905 4f5144e6cddb8037
4906 4ed5885da93f2424
4907 0abd294fe0198a04
4908 335899aa18ad22b2
4909 6751fe9a8ecb003f
4910 a1bf5dd8d5532523
4911 51e58ae90efd4385
4912 0c79c3ee18ec091b
4913 4d082d1b788d1352
4914 bdf14cc42de700f3
4915 9fcc1522066f4e0a
4916 423e8376a1a8d336
4917 c77d41dbfe1f92df
4918 eebb7fbb1eec1125
4919 00e12554212b2b46
4920 0a198f2df49c29de
4921 d3c9d59581ee5598
4922 b404556cd3504f9b
4923 301029be20136d76
4924 49ee0b6502ee8b1f
4925 d1a8dad3d884d5b3
4926 6747603a9a785045
4927 2f683782278b5ae6
4928 9fa3026105c03407
4929 e7c4969deb3db618
4930 9f92f7d0e665284d
4931 999d670c259063a2
4932 9c0eff599dc9b2ee
4933 bd40fe93459ac09d
4934 ae834ac7822b889e
4935 6ee855336bf56ea2
4936 a08d19c129fba632
4937 8ddcbc5e10adb51d
4938 d6d4cfe321025fde
4939 acdf12a7cbe66393
4940 38e78527afa4a9d9
4941 5c3f39536d11923c
4942 4fa6ea5c164e77f3
4943 9bc4850e4a728fa1
4944 e9f95d982a75e55e
4945 05210839734a69d7
4946 1174cdfb12b6ec77
4947 50bbc9abc8148c0b
4948 efe778141a0709e1
4949 18df37d2f6e6b855
4950 33ef55486235c558
4951 081d206741600fb1
4952 0f62a14654102e33
4953 84e402c536a5a7c3
4954 90351ff3de35ef6b
4955 9fdc0a34bf43b122
4956 f63b26c2413214b5
4957 4c3702eae163147b
4958 89613dd217015636
4959 7e0e01a1c014e97d
4960 d3b716b017b8d28e
4961 0b6a4d705e0884c7
4962 1eda4c26ae565aeb
4963 2f79a4f5057719fa
4964 5472f0f8fe29445d
4965 db6b14b2b135825b
4966 dc35ef799f5dfe5a
4967 b2bd77e3f8e99ae0
4968 c22b5595071220e6
4969 c6df29ed291c99cf
4970 399fc8538b4afae2
4971 5ca70c648968a54e
4972 8a6138e081dad44a
4973 3c40cdb5b8b85e52
4974 c8b229c5ac2903e4
4975 2be0d157ce580ebf
4976 027a1e675321a289
4977 393c7abc1fe8d4c8
4978 b760aefedb9b7a35
4979 d857aac2cc9aae58
4980 4b34267745c631c7
4981 ab70f4613c7eff11
4982 a47c202ed9728813
4983 71351783bf4e5223
4984 4f6c4f0fb182a670
4985 a19989696f02e7fc
4986 ebaa43b8d70e682c
4987 40c19b9cb36686e0
4988 513f8f751e8a879d
4989 df578c0249271439
4990 b4f212cdf48c8958
4991 fcc531d57e584547
4992 07de3834d7caf347
4993 78fd07eec9654a94
4994 accbaa2961da2a56
4995 21e0b485abf1012e
4996 b2113403ebdfed81
4997 88487698215bff0b
4998 e9ac4c5a5ad4c6d7
4999 53d3d6a6918a0c4b
5000 77baacf970104ebe
5001 b0b2cd1d412c71e8
5002 5263eb8431aab93b
5003 1c97e9a21a681e54
5004 b279aea2b10910eb
5005 8e2cb3a309106859
5006 648969c0a4f7271a
5007 a656245cc7eeec24
5008 1e30ea5f860a0b02
5009 1c8f1f2a457da170
5010 499ecd1b00de2884
5011 98161704efd6c65a
5012 73237417c6be2e0c
5013 eb42a988c424ec49
5014 236c544aa1ce76c9
5015 cb0937c18a6e7f7f
5016 d6e931183a7b3871
5017 6a9cc6941f10cbae
5018 5457f9757bd7f205
5019 46ab8e9b43ae800e
5020 c060971e9524806a
5021 30c9b07436c91dc6
5022 e22201c326b8449c
5023 c8f74c904df6dc7e
5024 275f28fe06b00bf3
5025 dbe13cd6b62eee73
5026 6b1bda0b94980589
5027 73c469df39764479
5028 64baac5f7bb29e53
5029 8d5717cb1c733451
5030 ba28e92615b2581b
5031 9958da2819fa1061
5032 386d72d794770840
5033 2d314e2ce37e794f
5034 2d534732687a93c1
5035 92d78d3925581cc7
5036 c110c6495b2b6919
5037 1999e73b6b26b874
5038 185b65f65597ba26
5039 52d5bd574273c42d
5040 b14a9d3ee7b7541d
5041 8b196268fdcdedb1
5042 f1e85239cc04ce64
5043 b92c2db6c9052714
5044 3dae373d94f5d78a
5045 8e824afdbfd1f859
5046 23146d99f995ef49
5047 ce121eee18d9617d
5048 a89643b612ef8019
5049 fad162fac8cd240f
5050 772ab3853e0bc451
5051 97d9bc7beaa44268
5052 94c94353613fa979
5053 9d51eb507c8a483d
5054 8aa586487901b7f7
5055 0926c325e461f775
5056 637a0dfc5d8336b7
5057 dd9936aeee2eb35a
5058 578f39fe25022d9d
5059 df54c242e56994b0
5060 b8e3e47326d164df
5061 fb948efd3757293f
5062 a7b205232e8c52a5
5063 7d294f8afbcbd0d8
5064 fd5d3781b2db467c
5065 1df07bc779dd0144
5066 926323ffff38da71
5067 49d29d4c09184876
5068 06bdf629378c7cc0
5069 844964e1c8a53eed
5070 e7968d4b8490e91c
5071 58131e29e25204b8
5072 d6fb34bf965c2955
5073 f4e5e863793c1b43
5074 9d9c2696a93aa365
5075 b46dabde4e75d40a
5076 2aec527b61d8f077
5077 796c466c9333e4b6
5078 e85846b8fe01f6cc
5079 b9a7b6cffc3c7cc6
5080 048f49c04a1a4660
5081 8fcc3ac96e5fc81e
5082 e82d3d576194d5e4
5083 a7aa200fe47d0920
5084 22a0daa8784a047b
5085 b7b7c14f00d6b706
5086 d34175ad03b90812
5087 5814a0aa518c13f7
5088 b32e36bbdb1a67ee
5089 dc81d26ab8bbd187
5090 fa31e204078c5ec0
5091 ad4e5df200ec1310
5092 3bd8ea72da20f238
5093 aa1a9ebab2a678ab
5094 48157e8db98fb698
5095 44d49a147c85500d
5096 1473dcd707c9b113
5097 eace0aad9c15ee07
5098 7de97ec347608219
5099 afceb833fdc72b26
5100 1be74bfc97f3cf48
5101 f961972e7c1b8ecd
5102 3836b092171547c8
5103 0de6db9dc5bb3739
5104 1227ca709be36d69
5105 3d3f25737291ed4b
5106 e3a81ad21e67ac52
5107 9e8b27e3fafab8bb
5108 63590bda142b11ce
5109 d1d73adddc238e1f
5110 47446659958f72a2
5111 1045e7628e7e27f7
5112 39df7594dd29707f
5113 315d23e5fc759b2e
5114 5dffb8562787bce1
5115 fcf02ea06a6df3dc
5116 546df7d101fe9a14
5117 f863f7338cb6631a
5118 d41bb30d05ea59c3
5119 ad85a3775c0603b6
5120 eddec916e852f8b1
5121 a9c4b793a7677a4f
5122 9dce1b3e13482321
5123 6e538ba57f32dfea
5124 62e355aeee97a790
5125 f69fcfe92ed7ec3b
5126 3b1ea3ec1d1dd498
5127 885ee5880e0e02c8
5128 49dc21ac336ce5c7
5129 29f75624e4a22f1f
5130 e57e2eaf968ea3e1
5131 fb3ec9c82ad64bda
5132 c18a8eb738fd7c26
5133 3fb8d87282341bab
5134 77246c98ce747a14
5135 9a6235ef1ea61b57
5136 7bccbcede47e8e30
5137 6ade57280586f08e
5138 e1306b242e5e8ea3
5139 e3573003601912ec
5140 27457850707e094b
5141 eef8bfb8452fe6ad
5142 b69a53d63ee404d5
5143 5b90ffe4016a2c96
5144 a6829f7be20db561
5145 77d361a9c57a0b69
5146 deb580953a015093
5147 40b7b0390a740b9b
5148 e4cd8a1f94bcac5a
5149 b05ad5ace3edfd91
5150 3ab6bf6045489c33
5151 20ff510d3a171c7a
5152 5624d615376e11bf
5153 5bebabbc6c633d89
5154 fede29c7eb602a66
5155 ad826704862ec80e
5156 7c8bee7684900eff
5157 ada705212e2b680e
5158 af4e899214671209
5159 9b061f408c4cfc43
5160 5b6c792f8320a041
5161 7389d61ddfd2d71b
5162 601c7a9217f9fa52
5163 b17e7fdf60b1cecf
5164 d774f8d809f4fc9a
5165 8e13fa1018cb5b97
5166 5122c0d50dd85d11
5167 9999f23acda02fc9
5168 b3970c31c9a3d465
5169 6f4ed8e0efec3ac0
5170 e4e82f9ae0bee32b
5171 93b0da0d91f02972
5172 93be6989065e5096
5173 5e541eef545ae860
5174 a9aaab7785fcfaed
5175 5e830425ca883a76
5176 52196a06a34020c8
5177 06be709c121dbf90
5178 ef2433b025d4124e
5179 10d40d0b099a7284
5180 3d654a4e25054abd
5181 277aa37929051de3
5182 8e686c74e5decf42
5183 9ffccbc6fed0b792
5184 e20e5c5c0d0f208e
5185 9d96c5d014b63659
5186 e63b6517d8bd8d38
5187 0f3fda047730d617
5188 0eae620b42587b88
5189 1eaa0e39efbaf7fd
5190 b93e2a562bd7904e
5191 98f68b8c1a996240
5192 e85597d67c7074ac
5193 38edb1292fa15ee8
5194 a13cf6656a496893
5195 7952be74dd4f11fb
5196 83c7c33f9dd96ea4
5197 eaa9c3d9202a7222
5198 6c0ad11257cdc1fd
5199 9cefc68c3f37ad39
5200 39aa3cce2e05cb0c
5201 fa0eb4fbe0e21252
5202 cef8dbe00bd0dd66
5203 fe4e1e0b960584c2
5204 ceb7eee8aec899a0
5205 5da672b2332a621f
5206 6162fb1f5f49ab1b
5207 b4fde9324e8ceace
5208 8bf32fa1ac0ed627
5209 8638ceb554be1055
5210 f9d79d60f4ea6bc9
5211 ebc37438aede78f4
5212 5b8ee090b8ac01f9
5213 808280fafa129a85
5214 af7c318702c55e94
5215 7dfa0dd38615b422
5216 f28628de16532b18
5217 85a68924328d7362
5218 237b4f9ff39418d8
5219 1cbb051640361aad
5220 47840d570149dcf6
5221 5fe47aee54049c54
5222 d0eb0f84106e91f7
5223 cf373e20b72e94d0
5224 e8bb88c46e835c0a
5225 08e77717dac2c0b7
5226 97967813a784e375
5227 6eaf5338efcdcd2f
5228 895f786672fdd894
5229 f64f9fba008cbceb
5230 3be9c7b44ef9a8ee
5231 a513a7f7960f1cd6
5232 6341e62c6ea70a93
5233 fc4c9d450fab5805
5234 cc5adaf4cbfc9dd0
5235 7b913b79d8150927
5236 2b2d9acb0ccf761b
5237 e02655bb83085414
5238 08b002d65039681c
5239 baa9e2cee228a113
5240 3c38e1002f41fbb4
5241 143215893fd01738
5242 01c4833983283b7e
5243 01706de343b2395d
5244 d73853f301e32e49
5245 718a7b53a459032f
5246 fc0b3d36f85bdd83
5247 bcc530db9407b968
5248 2f74d8a6fa431783
5249 16a56bcfa7e2958a
5250 9b0a00151689372e
5251 287f1fe71079ef8d
5252 a7dc3f2e2ac5264e
5253 adfa37e7fa4cf0ba
5254 1eaecbef5c50b906
5255 0d963a8357c38476
5256 4ce3c9fd8c2a8993
5257 80d99f9c3b52858c
5258 1519bba813fd9936
5259 d196062e5c208ab1
5260 a0cab8ef4292cfdf
5261 b710440eb80da8c0
5262 06d2816840c621fa
5263 b281d2fa398e5c25
5264 96602580e63b7a58
5265 9a9dd0a5a37b23ed
5266 3606ba11c9bbef1d
5267 dbaf348e7c1a25a5
5268 70739ab4935553ad
5269 4fb1fdecfa02eab7
5270 607ba1fdc3bf3599
5271 2a4d07f38b8925b9
5272 c15d9cfc01717bfd
5273 9cfe0752241fa5ea
5274 1bd35be6699f5f27
5275 bd4e67ad60144d9e
5276 232846cd37297add
5277 cdd75f5d5a356d16
5278 a850f47139ec402f
5279 bdda265c414d944f
5280 b663591d04ba82a1
5281 a1112fadefbece6a
5282 0e00795e9a0dc17c
5283 21a61ab02ab66914
5284 b7b7ff2c35c265ed
5285 2dd61958d10604b9
5286 1b3401fd303698b6
5287 9e0255bc82f487b8
5288 61381a2c1fbe5fac
5289 d11d5a382c413836
5290 f4d5df2b9e9cc03c
5291 ba1f30dd321aadb7
5292 f2482801bd0a7492
5293 70cf8988c689fb18
5294 c9dbd55a6fb6e3b7
5295 91939dc140f305f9
5296 4277e6acf0cccd59
5297 97aab86822360bf9
5298 6f7358f2bf3fa098
5299 a0eb8024783d8e48
5300 9997a65db4efd46d
5301 ae845c21847eb8e0
5302 680fe3bc771e1880
5303 de275cc363963447
5304 3985c330b5119928
5305 8653061cdf9d4ef7
5306 747501fb70dda125
5307 7b83350a6bad96da
5308 d083e674dad6f223
5309 f4927e75bd127191
5310 7d125bf46737cf10
5311 21ac385ea90ecb17
5312 e307e35e90cc78e7
5313 fac11c192b81b398
5314 b26310f6ad702d46
5315 ca37fb520e3fb775
5316 ddc7859eb8486591
5317 dc0e624293a971b6
5318 e106df7aeb39db5c
5319 6574c638ab6ccfef
5320 0bf896b5318b8690
5321 dd83eb62c2509847
5322 02a2a98e9ba99f8a
5323 49a8688db141a670
5324 460744153947cba9
5325 2f147955acc946e2
5326 72b18eda372fb073
5327 c00a4fcd9298a104
5328 7269dbd93bc0b207
5329 68d94722451a2f99
5330 31ceca6ac02f386a
5331 d0b0d4992cab8554
5332 8d94046c3d2e446b
5333 dd8efa1e40419aed
5334 92f8a627e7a24f5e
5335 7a574a68e7ffde44
5336 98497ecac8862fff
5337 c1c8d53757d385c2
5338 8658988cb50c463a
5339 4fb3c5146e88e918
5340 b98bf73d64be4e37
5341 aa71c7e9d5d22664
5342 544e3cf58db6e0bd
5343 38d1cdc191c155a4
5344 570dcf78166478dd
5345 badfddbb24a394b5
5346 a0f00906a4d9d8b1
5347 05f149d1fb8abd37
5348 b83028c0188d1118
5349 16e6b21ac449e261
5350 0dcf534a6b479829
5351 1e8ec4b8346b853f
5352 5a42dd723ac6fe6a
5353 9e58f99195a17727
5354 5e766fd2fa09e446
5355 dc73d2f1e831d8b4
5356 c34d9687b0420897
5357 cf84a25813c410c2
5358 3790ca69e574bc21
5359 845f111e089bed4d
5360 3b45ebfd08e567f6
5361 1b267e3fccdf7477
5362 ac3f6d462b80f9e9
5363 a05838d1d981b57d
5364 9350bd79c66dad43
5365 1ec9f12c7c276260
5366 06806b13890e1bed
5367 6fe29ae2962e5505
5368 7d1f7d0185226ba7
5369 f142b7325b229bf1
5370 a968bb2ee83393c6
5371 697966d001b4ab2d
5372 d827fc437fcfef33
5373 fa6eb3c43b982b11
5374 df6c8fc947ca37f3
5375 1c1216fa55e48e01
5376 f05443a14098a3bb
5377 4940e604168f1cb9
5378 d99e3c87d027fdad
5379 f2d3469842f68873
5380 9d5606c52f419ef9
5381 37dee74c70b877a7
5382 dd23f75fd2c51778
5383 5c572d0595b4dcae
5384 2dac993ee836e076
5385 716ca45da8fd940a
5386 81337db782b21c0c
5387 fb567bc5b169697b
5388 34741b53e28549ed
5389 c513053ef47d01b0
5390 42f3d8f2ae89c3bc
5391 f426257e46c2b536
5392 7d2cca559818513d
5393 2977f766bb2be75d
5394 417d5c0f5d7d3c38
5395 bef7d0845a49a13e
5396 c05589f7e6bff9b2
5397 9f0e63d68af6b86d
5398 46dfffa82ee24c9d
5399 b647f1652397f66d
5400 972cffefb990ce15
5401 b8270ea5fb9c9174
5402 e26e1e41c89fd654
5403 ecae117e284daa5d
5404 971f6cd70bb538c4
5405 e1e97689c19c8a0f
5406 c0a703ef5580741f
5407 4c95572bb63127a7
5408 dc718dae26d1cfe0
5409 8f5f4b05d693a609
5410 3d6c508d540eee25
5411 3e5ef20b84c91403
5412 430ff78173b9771c
5413 a11db0066f0c52b9
5414 13530644164e9d63
5415 7ada23323781b449
5416 ed0a31a7e1416f81
5417 694cce18e8821132
5418 3f4589a92dbceabd
5419 42b5cab80b81d856
5420 6a17a4ab55b8629d
5421 841a58de4a004f13
5422 104149ebfa3511ee
5423 c03b36e7834d6e8e
5424 fa300ba779aec5c7
5425 cc4897381b5a7fdd
5426 7a389184838c37fa
5427 93bdcd21776551bb
5428 64e9ebc2afa8bb54
5429 0b902551c718c075
5430 737f8107a29d4476
5431 69fc2c35048895e5
5432 5104b6ca0134e4aa
5433 c39b1806e940f891
5434 9ef8d3d18da9121b
5435 85e1922d1331b621
5436 b5ec68f5a51b6016
5437 7ad97de4d25eaa17
5438 c0d077f197ee6508
5439 fbf5bc0e9b036da6
5440 af3c832c68e67797
5441 e9efbe81cf1e9c83
5442 d1e38903857b243b
5443 2effbfc7c8a655c7
5444 090076390fd602f4
5445 a1c1622e838daded
5446 1e37cb79d3483ee9
5447 909546e42f6a956d
5448 5ef6507d509f39cb
5449 0c10f061e2947eb9
5450 5a62b75bdb57ed95
5451 c8063d0c949bac1b
5452 09d72a7d4c2f34e0
5453 c9db0fc9ef1edef4
5454 e692c1eb7f75a2d6
5455 8d7abaef799188dd
5456 99f3865c62f76fb0
5457 32785034d4c3a8f5
5458 cf76a1abd8103d73
5459 076428d283511a12
5460 63e2624e079e520f
5461 3e46f9290a0462ca
5462 1b1472fea2b7655e
5463 e0d24610bbb284d4
5464 7813b1cff1b7cc0e
5465 fa1ffcc161bb9220
5466 dac56d914170a156
5467 a0c500453f443444
5468 676c598b32d3a817
5469 29956795d81d785a
5470 8ae76656aa73b738
5471 a63ad940a48e4a79
5472 217531fe8df1a46d
5473 6ae46bdffb972dd6
5474 75a9688ca1d50bd1
5475 5bbeca9c5390d864
5476 f67a95aa885a404f
5477 32b40e710b9f7c3c
5478 8ea4d3134b2da1f2
5479 880265a1857ea782
5480 a79662e52aa8b586
5481 ba13be29d8e5007c
5482 b903d46b12576052
5483 95824862b978c6d8
5484 fa5bd67ab3ba1104
5485 26cebf9dc0c7ac96
5486 2b967ae1ec053a4e
5487 12f8373c5eeedbc7
5488 4be722a24aa6a09e
5489 243f92b04d6741d9
5490 9f65ce32f5b1900d
5491 27dca356b8a43bdb
5492 9a6ee77e601cee83
5493 9ff374ecbb3ef78a
5494 5ba9d892fe3b46d6
5495 32b3e0508dc580a5
5496 7b8afa04815ddb34
5497 33497f8cec780082
5498 6418ccbf9ab213a2
5499 a593e7376dd9dff1
5500 d93e47899bf4c3d1
5501 80563c3a847c8838
5502 1286fa9b4bb656f4
5503 1dd53ea814e7a751
5504 ec23b61f573c9cfe
5505 a5c3f76d9d6ad89d
5506 1f9c3a9ad11d5234
5507 eeae3ceb53a16e83
5508 a7dc6418d6e873b6
5509 1a8c4111e9d071ac
5510 de205b625fbc24a3
5511 fa1b7b6cd3b7a0f9
5512 8d9f2a0a1784e32d
5513 6cdc3f2c89885405
5514 a015580757dac4ba
5515 0902ff020f158a0d
5516 807aab8952027265
5517 c6dc4238aadc9a60
5518 512650d053ee4945
5519 7061f77e0bdedfbf
5520 4c7237cd3e661fce
END 5520
