1 cc3f4c7ba4e552bd
2 cc3f4c7ba4e552bd
3 cc3f4c7ba4e552bd
4 cc3f4c7ba4e552bd
5 cc3f4c7ba4e552bd
6 cc3f4c7ba4e552bd
7 cc3f4c7ba4e552bd
8 cc3f4c7ba4e552bd
9 cc3f4c7ba4e552bd
10 cc3f4c7ba4e552bd
11 cc3f4c7ba4e552bd
12 f30dfa61d8621222
13 cc3f4c7ba4e552bd
14 cc3f4c7ba4e552bd
15 44f3877ba4e552bd
16 cc3f4c7ba4e552bd
17 a465b5afef1b5358
18 cc3f4c7ba4e552bd
19 cc3f4c7ba4e552bd
20 cc3f4c7ba4e552bd
21 cc3f4c7ba4e552bd
22 cc3f4c7ba4e552bd
23 cc3f4c7ba4e552bd
24 cc3f4c7ba4e552bd
25 cc3f4c7ba4e552bd
26 cc3f4c7ba4e552bd
27 cc3f4c7ba4e552bd
28 cc3f4c7ba4e552bd
29 cc3f4c7ba4e552bd
30 cc3f4c7ba4e552bd
31 cc3f4c7ba4e552bd
32 cc3f4c7ba4e552bd
33 cc3f4c7ba4e552bd
34 cc3f4c7ba4e552bd
35 cc3f4c7ba4e552bd
36 cc3f4c7ba4e552bd
37 cc3f4c7ba4e552bd
38 cc3f4c7ba4e552bd
39 cc3f4c7ba4e552bd
40 cc3f4c7ba4e552bd
41 cc3f4c7ba4e552bd
42 cc3f4c7ba4e552bd
43 cc3f4c7ba4e552bd
44 cc3f4c7ba4e552bd
45 cc3f4c7ba4e552bd
46 cc3f4c7ba4e552bd
47 cc3f4c7ba4e552bd
48 cc3f4c7ba4e552bd
49 cc3f4c7ba4e552bd
50 cc3f4c7ba4e552bd
51 cc3f4c7ba4e552bd
52 cc3f4c7ba4e552bd
53 cc3f4c7ba4e552bd
54 cc3f4c7ba4e552bd
55 cc3f4c7ba4e552bd
56 cc3f4c7ba4e552bd
57 cc3f4c7ba4e552bd
58 cc3f4c7ba4e552bd
59 cc3f4c7ba4e552bd
60 cc3f4c7ba4e552bd
61 cc3f4c7ba4e552bd
62 cc3f4c7ba4e552bd
63 cc3f4c7ba4e552bd
64 cc3f4c7ba4e552bd
65 cc3f4c7ba4e552bd
66 cc3f4c7ba4e552bd
67 cc3f4c7ba4e552bd
68 cc3f4c7ba4e552bd
69 cc3f4c7ba4e552bd
70 cc3f4c7ba4e552bd
71 cc3f4c7ba4e552bd
72 cc3f4c7ba4e552bd
73 2cd1db70413e21c9
74 68595622ba5026df
75 cb24c151a6ecc235
76 d2339de50ac985e8
77 d2339de50ac985e8
78 d2339de50ac985e8
79 d2339de50ac985e8
80 d2339de50ac985e8
81 d2339de50ac985e8
82 d2339de50ac985e8
83 d2339de50ac985e8
84 d2339de50ac985e8
85 d2339de50ac985e8
86 d2339de50ac985e8
87 d2339de50ac985e8
88 d2339de50ac985e8
89 d2339de50ac985e8
90 d2339de50ac985e8
91 c32bd3d6f11d9754
92 1a97765eb25e4068
93 cba81c17f1d19b38
94 b75e5338631c6572
95 6906f2709bb4aa78
96 ad98a65b9db521bf
97 a3e6cced7a05c713
98 d5ec949c6c3cc713
99 fb48e67b3ce7c713
100 137aa8922b56c713
101 105ed4d1bda9c713
102 e000abda01f0c713
103 cf7aa5dd0d8bc713
104 7b9b37febfaac713
105 c6b27fe6493dc713
106 8108ee7990f4c713
107 e773dfe59bbfc713
108 4dea34aaf1aec713
109 674b617599a1c713
110 61f0b69465e8c713
111 629767d77c63c713
112 870939d97d22c713
113 54fa1426c6f5c713
114 1a079cf2a8ecc713
115 766547dba357c713
116 9956953df886c713
117 3e9aeb6824d9c713
118 445be322fc20c713
119 be53735bf03bc713
120 25910ee3359ac713
121 4fe5fddded6dc713
122 3bf2d66d4464c713
123 4cc8eab16fafc713
124 4173b91338dec713
125 5f4f2660b751c713
126 3db890d282d8c713
127 a2b9e385b993c713
128 54399c78d392c713
129 489462a62fe5c713
130 1ba17dbff29cc713
131 1278386b2a47c713
132 56fa3dd92836c713
133 8e513bccb689c713
134 3d890d68add0c713
135 af537cff326bc713
136 74084ccb770ac713
137 3e09dcf6601dc713
138 527b9a279854c713
139 787dc031999fc713
140 986bc619ca0ec713
141 23f5508a7681c713
142 e870aa72a048c713
143 82f8f8b5d8c3c713
144 1e13d0f20302c713
145 fd7bcf824855c713
146 1ef524d691ccc713
147 ef7380c209b7c713
148 f371858112e6c713
149 05609982e2b9c713
150 c23bd05c6200c713
151 122dd65b9f1bc713
152 00337f3beb7ac713
153 c484b91177cdc713
154 5489f0dad844c713
155 01cf33e2b88fc713
156 805a40f843bec713
157 d1d8147e9a31c713
158 0ed49a4e25b8c713
159 238f4e961f73c713
160 a5b7f95706f2c713
161 bee3a48d6645c713
162 643d89e8497cc713
163 5811fa845927c713
164 f91278eaca96c713
165 e46e1371e5e9c713
166 7f441eccfc30c713
167 6ef24c8edacbc713
168 0b709d40aceac713
169 a37c3cbd3d7dc713
170 ec04c5060e34c713
171 ca87d28b8dffc713
172 9bd6289228eec713
173 a3e4571f4de1c713
174 ec90edddb628c713
175 90b71f5c50a3c713
176 a74f435b1262c713
177 b0a90cd9b735c713
178 eccb0b96cd2cc713
179 8556be695197c713
180 a0ca7d7a71c6c713
181 450211d4a919c713
182 5ba417d8f860c713
183 34825e46e67bc713
184 f77f37f673dac713
185 6faf9c440eadc713
186 b0cd187c02a4c713
187 f936e5ecfcefc713
188 33cc12ac801ec713
189 4db8c4562391c713
190 7db8b0e70a18c713
191 4ec1063e9dd3c713
192 9b83419563d2c713
193 de3d8c9de325c713
194 5cb08c231edcc713
195 737a7661b487c713
196 b4e6075ff776c713
197 3c181fbbc2c9c713
198 9fd1850bee10c713
199 859b17efefabc713
200 33e76bc3f34ac713
201 ca63e77e3c5dc713
202 a888bebcb594c713
203 4397c97e06dfc713
204 fa0fcd6b644ec713
205 eecbc22258c1c713
206 73164bd62688c713
207 fa815e2ad403c713
208 fb09594d2342c713
209 9505d8e93f95c713
210 352ddfe9320cc713
211 a12b32f7a5f7c713
212 2772e08ac926c713
213 cf29415f26f9c713
214 e3f2de462c40c713
215 8f6f8d3cf95bc713
216 bc015b0766bac713
217 b22545b5800dc713
218 bb02c9513e84c713
219 bdb1f16885cfc713
220 9b959a0399fec713
221 81f0570f7d71c713
222 cc09cb2f98f8c713
223 cc08b09880b3c713
224 934ed9b6ab32c713
225 1e98a7e36a85c713
226 9a56edca5fbcc713
227 94429b20da67c713
228 6d0eab9a58d6c713
229 37822778c529c713
230 20d32d149770c713
231 9d12c41d0d0bc713
232 2bc27c75c52ac713
233 a41e488e58bdc713
234 2ff88a658274c713
235 a9b7eae89d3fc713
236 e20cf794c12ec713
237 b4498bd17521c713
238 70389865b368c713
239 1ccfd6d369e3c713
240 f833bcef92a2c713
241 eee21acae675c713
242 7a1e7211146cc713
243 7da6fdbcdcd7c713
244 f38e0357d406c713
245 b7e61ffc0659c713
246 0bea43b127a0c713
247 472bd64391bbc713
248 c4a7117a831ac713
249 177b212996edc713
250 900c12fa35e4c713
251 d459ab9bbb2fc713
252 c0d0800c865ec713
253 61a4f1fc1ad1c713
254 a3ee4be37458c713
255 6071f2cecd13c713
256 9eaf6568cf12c713
257 45db986e4d65c713
258 5c309844ca1cc713
259 6bf4cda03bc7c713
260 76eacf53d3b6c713
261 42a7e68eb609c713
262 69be6482f350c713
263 6e9c9aa8a1ebc713
264 ab1d8fae768ac713
265 3552c100119dc713
266 55ed86a90fd4c713
267 6d13eea1bf1fc713
268 e4645f5dd98ec713
269 3a2af5052601c713
270 b6f657a1f9c8c713
271 913355a41c43c713
272 c885e01a1882c713
273 7c7bbe0411d5c713
274 d3d216c2434cc713
275 43cb81cc3937c713
276 8f7ca9d4ee66c713
277 d12c46f59ce940ed
278 58f4e9f367f1f24d
279 ab074833c47cce47
280 96b1c2764841ce47
281 251c728bf742ce47
282 b6fe9715d987ce47
283 9107f65ab9d0ce47
284 96ef78ca71b5ce47
285 eacaada4b3b6ce47
286 45368a1af02bce47
287 fdeea5c36df4ce47
288 e3c407ae2b19ce47
289 3500d38c511ace47
290 9bbcf113093fce47
291 a3805615ffe8ce47
292 9022c8bd27cdce47
293 be7d75ff0beece47
294 a5710ebc7863ce47
295 90ed03e5788cce47
296 c62390cb4511ce47
297 6b5a8d7b4812ce47
298 fb2053b62257ce47
299 42ad14213aa0ce47
300 b3887f28a2c5ce47
301 bc821cede96d6277
302 0db846321bca5277
303 11b53df6c8df5277
304 ce6669c989205277
305 79eda676e2f55277
306 115c606e6e2e5277
307 c253bafce244ca5f
308 365a1fc7cf75814f
309 36c28d2bd502814f
310 6a8e76615c23814f
311 7b4079239cc0814f
312 30e390349a99814f
313 c5d2aa5c6296814f
314 2b94494d7887814f
315 3b6aaebef0a4814f
316 6d7ef91b063d814f
317 cccd5a48e1ba814f
318 f9ca8196aafb814f
319 c45603a00158814f
320 e7313f76fa11814f
321 3e17985e54ae814f
322 17b055bb1c5f814f
323 7f0705e21e3c814f
324 0497cefe4eb5814f
325 8ff5dc864612814f
326 64910c6f6873814f
327 277261913050814f
328 3992c67f9a29814f
329 9947f9efd726814f
330 72099eee1b97814f
331 aa5b3c6d53b402ef
332 ca45d626ddc062ef
333 de93a7f5709962ef
334 4d8194874d9e62ef
335 a875305c600762ef
336 5a53904df7a462ef
337 b3f6a2d6a4b3ce82
338 f539ad9070c373f2
339 1467b946955873f2
340 46d536e0c64273f2
341 3284661a30fd73f2
342 18532dd2387073f2
343 7ac00d99b92373f2
344 86385c5fea8673f2
345 52e1fe263bd173f2
346 22714d0e37d473f2
347 8844a1d6c2e773f2
348 7183d4aaa8aa73f2
349 c76119cc732573f2
350 2871fe924c7873f2
351 2497ce3e0f6b73f2
352 35715d17c48e73f2
353 0ad8f793519973f2
354 b33af7cf795c73f2
355 2c3b87df1d2f73f2
356 ee615be6263273f2
357 756f9fb01bed73f2
358 0b76ab9dec2073f2
359 bde368f96e5373f2
360 c4559f333af673f2
361 d2ba73bc058173f2
362 3df571b4e48473f2
363 c94e5b1d275773f2
364 ef438475799a73f2
365 526745c5abd573f2
366 5d9a05f444a873f2
367 24ecaf56215b73f2
368 a3de7d3930be73f2
369 245b360a424973f2
370 22cc1d6d66cc73f2
371 ffcf1481755f73f2
372 5536f23e6fe273f2
373 9519fce6737e73f2
374 107019baed1773f2
375 b6733acb0c4c73f2
376 68f3c42c514573f2
377 c3f960de65d273f2
378 9f6f6540f18b73f2
379 e770822eb7c073f2
380 0f958e23192973f2
381 14e61a81f2a673f2
382 29228a4d197f73f2
383 65b5bd058e7473f2
384 1a369728320d73f2
385 90873c91d31a73f2
386 b1f8c50db87373f2
387 f762c44d4a2873f2
388 1b935961337173f2
389 d522b35a08ae73f2
390 911515be310773f2
391 151f7a789f7c73f2
392 d5060705db7573f2
393 63b8ec62e08273f2
394 508ef190353b73f2
395 13afc9a4b4f073f2
396 ff7cb89660d973f2
397 b445c86abd1673f2
398 1e2344eeed6f73f2
399 5cd81aaf1be473f2
400 755044fc5b7d73f2
401 3a9121c4ec0a73f2
402 985e436d67e373f2
403 b4b2c7df451873f2
404 8aae24f743a173f2
405 1b7c142e9fbd73f2
406 319cf731733073f2
407 155543c50fe373f2
408 f11f1469e14673f2
409 13b11a709e9173f2
410 e3fb7ec3219473f2
411 19907f9b3da773f2
412 ad8abc3a066a73f2
413 2939d1abc3e573f2
414 81fb8891543873f2
415 a9e87c895f2b73f2
416 f5ef98a9224e73f2
417 846ecdf7425973f2
418 05e40b7c191c73f2
419 44354d8686ef73f2
420 250fce6545f273f2
421 da224fcf06ad73f2
422 5d4d310812e073f2
423 86e74355e01373f2
424 6f6d35d9b0b673f2
425 296379376f4173f2
426 709ac93b904473f2
427 03f33287f01773f2
428 1663bb91dd5a73f2
429 4c77473cec9573f2
430 4d42e08d086873f2
431 425480f41b1b73f2
432 24cb799d967e73f2
433 7cd39d6f260973f2
434 96b048fd608c73f2
435 44156f285e1f73f2
436 4915cce53ca273f2
437 8beef113c25d73f2
438 95e06cf1755073f2
439 39f990e5040373f2
440 1a88fb52efe673f2
441 5205acba5ab173f2
442 2d1415c5213473f2
443 842542871fc773f2
444 29b1fdb7630a73f2
445 e77ba0bc368573f2
446 8356ab334bd873f2
447 a8d911364e4b73f2
448 e575235aeaee73f2
449 61bee949af7973f2
450 73563fb556bc73f2
451 7bb9b8f3558f73f2
452 d7807a370c1273f2
453 99c54e10b74d73f2
454 e5959ab7d08073f2
455 d9ba96cfe2b373f2
456 b359f693b4d673f2
457 a3fc79c0a0e173f2
458 0e9fc8004ae473f2
459 b1fce0e02bc71f48
460 7f184cfebac622d7
461 d6dbb97e36281e34
462 88d43be71d50f2b3
463 8056c9d7e67afef1
464 dc6b49b894744fd0
465 d6bef324944ee09a
466 b5817cc361fb8ce6
467 dc974f9520017d7a
468 81f79efc20017d7a
469 e7c441ab32fab458
470 c2cc78da265e5b22
471 41e777e933a26142
472 d834a5070aa26142
473 9c934cd99fa26142
474 5fe219323ba26142
475 2450f66379a26142
476 b575091f1aa26142
477 b45ec65c7ea26142
478 fdc76ae28aa26142
479 398b43b4f1a26142
480 28b3110a0fa2abc2
481 cb8fbeffaea2abc2
482 8423adc610a2abc2
483 9f80529d60a2abc2
484 31bc616d9da2abc2
485 c20baa1b3ba2abc2
486 d9921f7f10a2abc2
487 4a9072f693a2abc2
488 1f8a07761fa2abc2
489 49f7332d5da2abc2
490 f0c561cd27a2abc2
491 1f689b60e4a2abc2
492 ca94b2229fa2abc2
493 6cac69165ba2abc2
494 8e0f250e40a2abc2
495 f806e90526a2abc2
496 1be6b50a82a2abc2
497 463dd88db4a2abc2
498 d001a5c22fa2abc2
499 a947c5f6a8a2abc2
500 5bc5e777d4a2abc2
501 b32e8f2eb3a2abc2
502 4067bdbd8283f142
503 858cf200fe83f142
504 aef2312d2e83f142
505 b66bf8be46a2abc2
506 0b063d8ef1a2abc2
507 854bc1a2fb358e42
508 e91bd97fd1358e42
509 621ee9a902358e42
510 4d9d80b775a2abc2
511 5bff49d6b4a2abc2
512 e75de7ab60a2abc2
513 96531d9e80a2abc2
514 6eb251aeada2abc2
515 305d792f53a2abc2
516 97fc69db90a2abc2
517 f5f37112bea2abc2
518 0dd27c50f9a2abc2
519 276dcf7f74a2abc2
520 ddb5b2666fa2abc2
521 1d77d3467ba2abc2
522 e6f5b95110a2abc2
523 f5ff553ef6a2abc2
524 850c96b471a2abc2
525 98ad6119dba2abc2
526 556f9cf17fa2abc2
527 854005004ea2abc2
528 4b2590a904a2abc2
529 f24e88bae6a2abc2
530 d82fdfd387a2abc2
531 c922f904a6a2abc2
532 2623c7c88aa2abc2
533 905cecb9a8a2abc2
534 aad45da80fa2abc2
535 a4bded022ca2abc2
536 ff82aeac60a2abc2
537 dc33777c5ea2abc2
538 d9e003676383f142
539 79515d0e1d83f142
540 e9192fcf0183f142
541 5df3fee33ba2abc2
542 f49496ed1fa2abc2
543 505df23cb5358e42
544 025005cd87358e42
545 a9907d861b358e42
546 a1f7b024c9a2abc2
547 9e2ecd9256a2abc2
548 54268bf540a2abc2
549 43c78819c3a2abc2
550 0f188ee155a2abc2
551 ecd35a9ff1a2abc2
552 525ffac3bfa2abc2
553 ee41aef280a2abc2
554 ca6c7297eaa2abc2
555 e5c7dd47a8a2abc2
556 d6a076eaefa2abc2
557 40ff04494ea2abc2
558 c13597913fa2abc2
559 0190f5dbaca2abc2
560 5358312665a2abc2
561 eb533034b1a2abc2
562 110dc4edb1a2abc2
563 70f666313ba2abc2
564 c7ab479f14a2abc2
565 a22d76bd56a2abc2
566 d4749f584da2abc2
567 426b00c580a2abc2
568 04c9a024a7a2abc2
569 b8e7f93586a2abc2
570 e840ba86ada2abc2
571 5a019ab5b0a2abc2
572 2049d4e32aa2abc2
573 b4eb5ed026a2abc2
574 348cc23ea683f142
575 63d8b2222783f142
576 374f65218283f142
577 65354454eea2abc2
578 fcfc71f165a2abc2
579 656fe76fc0358e42
580 77ee1c819d358e42
581 80d06a685a358e42
582 4727a05b8fa2abc2
583 e399e07aeca2abc2
584 fab4f1a7efa2abc2
585 306218959da2abc2
586 7cfc97650aa2abc2
587 807955d0a8a2abc2
588 820e71f37fa2abc2
589 035fbbf0f1a2abc2
590 cedb66a332a2abc2
591 d8a0cb3469a2abc2
592 5397817dafa2abc2
593 778a789e3ba2abc2
594 2e1a6fefa5a2abc2
595 116800bd89a2abc2
596 73a17c72e9a2abc2
597 3ed3138ce3a2abc2
598 159a363261a2abc2
599 e5bcf763dda2abc2
600 02f1db0a07a2abc2
601 c8b05ab2e6a2abc2
602 3acacb4b87a2abc2
603 1dba0faca6a2abc2
604 b29135b887a2abc2
605 c12b7c5643a2abc2
606 623eab3681a2abc2
607 7f52cd07e8a2abc2
608 bd40d4d10aa26142
609 8f0a7ecbc4a26142
610 5f698d7fd4cbfbc2
611 76554120a0cbfbc2
612 9f0a064351cbfbc2
613 fe0e3c0f51a26142
614 696ed8a004a26142
615 3506aa42b92ce8c2
616 594f8e60f42ce8c2
617 b77c6b1bbf2ce8c2
618 8a6521dbaaa26142
619 ec1962704ea2abc2
620 6726831b2fa2abc2
621 c76878ca6ca2abc2
622 34709c9555a2abc2
623 fcd8219f4ea2abc2
624 117b9cd93fa2abc2
625 3ef9185871a2abc2
626 c9f2d6c871a2abc2
627 64ffc2c9fea2abc2
628 957faccf1da2abc2
629 ba365b88dea2abc2
630 e63a446d79a2abc2
631 2f80f35a56a2abc2
632 fe65aa7667a2abc2
633 c28a0eec56a2abc2
634 2fa85d91eda2abc2
635 36ea3e9c20a2abc2
636 2fdc190687a2abc2
637 b8c94a4384a2abc2
638 52aa8af462a2abc2
639 918713d4b1a2abc2
640 1f6988872fa2abc2
641 465dcbb370a2abc2
642 471b5aad0aa2abc2
643 c69d85799da2abc2
644 c1ec77f71aa2abc2
645 c0fd73a768a2abc2
646 113800122883f142
647 341d6cb6a783f142
648 f217301a1883f142
649 5b9ffdeff4a2abc2
650 2b04aa618fa2abc2
651 9c74437235358e42
652 e3cc243335358e42
653 99bf2bfd6a358e42
654 857dd264e2a2abc2
655 11fb206d6ca2abc2
656 388c98e81fa2abc2
657 25b8a5552ea2abc2
658 37c6e12120a2abc2
659 b2c0afcd10a2abc2
660 deee45a19da2abc2
661 527813217ea2abc2
662 5e6fa601f9a2abc2
663 83124d9bb3a2abc2
664 180d225ce1a2abc2
665 18c66e3be8a2abc2
666 bce5fe737ca2abc2
667 3e356b995ca2abc2
668 9a2bc9d392a2abc2
669 4aa9a72309a2abc2
670 13a49d2792a2abc2
671 e2444297b1a2abc2
672 771f85d1bfa2abc2
673 f4453f69e6a2abc2
674 2666fcb242a2abc2
675 54e76be996a2abc2
676 350c761421a2abc2
677 f021cc175da2abc2
678 b34500e5cda2abc2
679 91414aa193a2abc2
680 a6df7ef165a2abc2
681 0e8b55338ea2abc2
682 0809a6ded883f142
683 38b292ad3283f142
684 0d883653f383f142
685 2d0c09fff4a2abc2
686 8bdc2fac8fa2abc2
687 10e892f812358e42
688 2a830f7e8f358e42
689 4c92698c9c358e42
690 6fdf7a43c4a2abc2
691 f87583e0a6a2abc2
692 9d20bfda4da2abc2
693 aeace95430a2abc2
694 d5253d7e8aa2abc2
695 345bb92528a2abc2
696 1abc80307fa2abc2
697 72bd195a2ca2abc2
698 f6a7d16010a2abc2
699 cd6a30fffba2abc2
700 2bf2b81d6fa2abc2
701 3b0e57d028a2abc2
702 64afb0bc3fa2abc2
703 d3f1858c0ea2abc2
704 784293f3efa2abc2
705 82c88fd7f1a2abc2
706 b887c97bbfa2abc2
707 2477a3a646a2abc2
708 519d4d11b1a2abc2
709 41598cd61ca2abc2
710 84c0c06a4fa2abc2
711 805dd54276a2abc2
712 b5e673c871a2abc2
713 ce2c1d535ba2abc2
714 b5405b7cd9a2abc2
715 e7a1f30c26a2abc2
716 ef4a315d9fa2abc2
717 572afd1dd6a2abc2
718 e27e90e7f883f142
719 7aa044e20783f142
720 398ee0dc2683f142
721 c9861acba4a2abc2
722 de3967311fa2abc2
723 ec85f38835358e42
724 603632cd07358e42
725 bfe156c6ca358e42
726 9483742417a2abc2
727 49bd54255ca2abc2
728 688d962acfa2abc2
729 38b9db0893a2abc2
730 eccdc3779fa2abc2
731 b320e1ff5da2abc2
732 b3721ae5eda2abc2
733 056a0d0870a2abc2
734 002563deada2abc2
735 4e9862fa60a2abc2
736 3d3453860aa2abc2
737 cc0cb7b1d6a2abc2
738 d7af66208fa2abc2
739 1b396e031da2abc2
740 44d5e19b1aa2abc2
741 5b8f7d7f5da2abc2
742 133bfdc70aa2abc2
743 e193ada79da2abc2
744 797105151da2abc2
745 687833db5ea2abc2
746 3b20f29589a2abc2
747 49bc50781fa26142
748 1a51effe34a26142
749 d228e2751ea26142
750 4c6cd51b3ca26142
751 65fdd95d73a26142
752 2787f6491aa26142
753 9be8ec2899a26142
754 8236001b3bcbfbc2
755 0d7fb92c42cbfbc2
756 1c7ae0dcb1cbfbc2
757 a1ecac29e4a26142
758 c031f89fafa2abc2
759 f0597d7284358e42
760 8274605335358e42
761 43a71f2974358e42
762 476e13959da2abc2
763 435cc09490a2abc2
764 95fb8f9a17a2abc2
765 42890977dea2abc2
766 d05c0e4c1da2abc2
767 6551379b7ba2abc2
768 ccb8fa3535a2abc2
769 1572ec61b4a2abc2
770 58699222b5a2abc2
771 b4f766fc96a2abc2
772 a83ea29fa1a2abc2
773 b729de035da2abc2
774 5b4313a14da2abc2
775 239ff21c93a2abc2
776 d318d4cadfa2abc2
777 7f235d55aea2abc2
778 9238147e0fa2abc2
779 fbea78afaea2abc2
780 cdadc5301fa2abc2
781 aabfcbeedda2abc2
782 f0d2ee61eaa2abc2
783 85688bfc1da2abc2
784 fcfe40d897a2abc2
785 6ee99f9afca2abc2
786 7e61af602fa2abc2
787 0635f79336a2abc2
788 d034db8b92a2abc2
789 663f5c6744a2abc2
790 d38174661183f142
791 306803957183f142
792 5ae1b7ee5b83f142
793 0a93fce328a2abc2
794 f029bb99bfa2abc2
795 1572add7b9358e42
796 7b8752d1b9358e42
797 0c91c4608a358e42
798 0f1178009da2abc2
799 1c7085965ea2abc2
800 21f69ae46668e09f
801 d304374dd80cabda
802 162b58e36646b4da
803 a618483334a9b4da
804 9ca57e7295a9b4da
805 bc5b870504da099f
806 8a9f71354133e09f
807 cddf80e2a668e09f
808 5cb25f635d68e09f
809 3cb00edacb68e09f
810 0dbca3e3da68e09f
811 da53565a5d68e09f
812 61ab3a860668e09f
813 9fbf2ba07d68e09f
814 05a1945ee768e09f
815 eb98b5965f5f9a58
816 ba86635187cff958
817 c39cd987c6bcd248
818 bebf4dbe53628877
819 c7d24c183e488563
820 118dd07a0d733715
821 82b09cd9d348f1d4
822 e2f6695843de8e79
823 0d06450c5860f57e
824 1b6380ec5e16c136
825 127e9ff738ee5102
826 e50c3b22f1542ee5
827 a0e4f3372e139dea
828 7bf4431dd486594e
829 ffa7ff9982e4b6bb
830 4272fad4b510f4a0
831 27611c2e9c8a35b3
832 b2cc9b903eb9270c
833 13a667eea1d2aeb9
834 5cf0dc622a5044fa
835 34303bc79891ce8d
836 4fbf49d4ab5d2d9a
837 e41e972124739d87
838 fa2ce7d0feab712c
839 1a21ba793962add9
840 fc07958254669326
841 29f590ea95689c23
842 01209a08282b2ae8
843 ebc612bf2c2c5e65
844 d66e0b95e8ea2f72
845 6ab98816eb9dd95f
846 856d7b0272bd6844
847 c38f2d7116083051
848 8547f5fa7821b11e
849 3f6334999703d23b
850 930a39de5bac5660
851 1cfb33e759b34ddd
852 ca9c2897a0e3636a
853 674ee6fa187be717
854 066a5829554a8a7c
855 5741cfb7756d84e9
856 b528cd14eb5e0976
857 0d2aa80f525b25b3
858 127aafc9a1bfbef8
859 ae0943a05750d735
860 ddab23093069f1c2
861 726f378414c6dfef
862 3b53b6a736c68094
863 6b5d6ae8010e4a21
864 a5b62d60e32ebd2e
865 321e7c7938ba0e0b
866 2235be980dd73530
867 5deaf7b1c4ca296d
868 cc1d92fffcafdefa
869 a296d848cee96c67
870 92ea6d18dcac610c
871 f5072d6f269658b9
872 a83ec19825d15b86
873 87ee46a56c39b403
874 637936381c996dc8
875 123fce3a7b147ec5
876 7ef17b325eb7ef52
877 79c7ca6668396a3f
878 f88a9f60ca640724
879 a03fa4861e70dd31
880 5f0fcc5850f1647e
881 fe22bc2e18c5e09b
882 4a85d7731ff699c0
883 de1c2beb10b4f13d
884 ef28cd9bb338d84a
885 751e716c9903db77
886 cdf6d8432ce2bedc
887 f6d38f6eb48631c9
888 6b5a80a80fb95156
889 b66b019f90255713
890 55cd09d4987df18f
891 d9469c15a05a39be
892 3489526d82d79cfd
893 4c11adac973ce2cc
894 8a2b9ff4f2d807eb
895 6ec62871308fd982
896 1ac77a563f29e039
897 a46c869817eda348
898 4f9224b3a29c6f77
899 aa13e5595304cdee
900 b920aa33c26673ad
901 d9ba51d997d8d69c
902 5ec9c2076591a1d3
903 c2a522815330462a
904 66e2d10d09768509
905 fca7ba7c1d6a8428
906 a76c8c725727ef97
907 8c9edc98eaf6508e
908 2fb648df256a1efd
909 eae76749ecc4616c
910 8fe948bc2e45deeb
911 f166a97f0b92f762
912 3a65202db300db81
913 27a2b16119d43600
914 81d2c88fcdd81b6f
915 be62f5799d1f45e6
916 45bd80a79f4b9085
917 7c801d291249b9b4
918 fecce5ada0358e4b
919 41fc75bba9bd5fa2
920 7d21bd193f625569
921 59dd4aaa53bb8ecc
922 abe464b579d5a537
923 b16b39bbba7ca88a
924 43527d7c4042d67d
925 d0097e72f0d85040
926 c7a6cdd5d03c6ae3
927 7447a6f66213fb96
928 c3ce2bd45f1b3a99
929 7f1645f4f42ee2fc
930 63eeaf39d230aee7
931 87c51257ccfbd3fa
932 22c26be09f28039d
933 399cb4cbb44b8560
934 40794d61f6ac8e3b
935 c00b940ad00fcb8e
936 f15834a56907ebf1
937 e7d752f824b10894
938 c95f3b900be1864f
939 9d8c3d5c176481da
940 457f3833ce1657cd
941 0074d034a9885910
942 1c6906010148e0eb
943 7d708ab0b6042afe
944 434df3f849c168b1
945 bbf3cca4aee2a954
946 c665c445dc97c92f
947 193bb7d5808300a2
948 cf07688faf1ab955
949 a2db1db866571b38
950 77dd99b155ece453
951 0fa581ff55a246c6
952 4a85442b694d1fd9
953 97150ba98754013c
954 05b1ef16991e6e27
955 e8e8438c629db63a
956 b23eb4648223a32d
957 08fdaa7afc123f70
958 9314495920a907cb
959 f553e39b719478de
960 553c35e2f18fe009
961 fd850ca58945e3ec
962 b58879439805f157
963 d7e1356d09bf56aa
964 5d561c3de63f5b1d
965 dda4fe742cc6b5e0
966 3006378227a2a2bb
967 54063ddacd5a9176
968 447691bb07579e19
969 f3b1716c42556f7c
970 57541b72850eb067
971 5cadf896792af67a
972 09d32470fe9aa26d
973 a4c806c1d78e8eb0
974 620bd18455f118bb
975 6a4fdb2dd580cc0e
976 89158042236cc981
977 bfa279bb2d6dd564
978 27e73b682d623daf
979 2b9d8d2e87cbbf22
980 58145ab346ac7c8d
981 215bc4ac15277040
982 17d9d7b1a1f8489b
983 a705d149aa0405ee
984 282cd383833ca371
985 5ab89fc80cc46c14
986 083b5f4d097223c7
987 bde01e6ef0b5c75a
988 cffed6670273974d
989 fe83350c50373c90
990 05c2e08d40e5606b
991 68aa30480c7d467e
992 70342725a47e1d41
993 ec7dd99b09308924
994 824330a9a5c01a6f
995 991d7619f4d80202
996 f2461cb1674e28b5
997 e2e64acdc88e8098
998 0146ec949e9ba0b3
999 6abd6fbadb56ec26
1000 e852b6932baef2b2
1001 6d213f867508ab5f
1002 c826347cf6a32c6c
1003 af5bc140d1d67721
1004 02d91aba860364be
1005 7ae0194d9b7852fb
1006 ae2494f324bf7b10
1007 a96ce5055d711615
1008 48e06e3274f4bb22
1009 9aa2918ac7dd403f
1010 7cd0ed6129cbec34
1011 36879c813c87dbc9
1012 06a7f07dae959306
1013 d435f64b18dbe843
1014 5fafbdb7c5af7768
1015 ca695851839ad86d
1016 e738e809dda27412
1017 af28ae3845caf2ef
1018 ccb010f8a532e2e4
1019 cb47e1b46307b0f9
1020 c25571aee3c36016
1021 999fe16f3bdc14d3
1022 12ddbcca95cbf5b8
1023 080593a694a40d45
1024 896ea3b7d34d1c92
1025 f2e7d8ce0cbc456f
1026 342fea6dbf0cf164
1027 ad3d5abf53d48c21
1028 4f7dd3d46f1cacbe
1029 f302702bceeca6fb
1030 d40fa02304f6ff50
1031 6b138995aac4b555
1032 518de09793bead52
1033 244572594ba6b32f
1034 220d803ff2e66e24
1035 4f620eb6cd799739
1036 fd9687262af4bdb6
1037 55515c94949e5973
1038 ef0e6f2246c7ced8
1039 d989a46f540b945d
1040 af79d923e10c075a
1041 3176790e3ff6b21f
1042 a958b5a11c19c914
1043 69caf170a4403c29
1044 2ac9d1b7890b24ae
1045 3ef21adbf1f25eeb
1046 2070040fd3ca3730
1047 557ddbd74ef533b5
1048 54dfadfdbfb42d3a
1049 06058ceb2868f8d7
1050 c5fb7bd2df3f958c
1051 a5a55ed8f0934b49
1052 a32b38db1f8ff886
1053 0718809f29fa66c3
1054 327f78d02569fbe8
1055 a1b88b0e07687e3d
1056 b5f3a3e9b0ec383a
1057 ba691a1f0d558ad7
1058 cf6c2aa3a76a2f84
1059 519ec4ff5115e299
1060 eb346994e6a3f676
1061 84d5078afa3031cf
1062 76fa73997cbe5d58
1063 e8d7604b6c6fc331
1064 a6ba5b8376e50d7a
1065 c31a120176902543
1066 285370537d6f7c4c
1067 a0b972decbd16c05
1068 aa1a8d035ea1a41e
1069 45675ccdd69b0317
1070 46164317ac9f6f00
1071 fe2d16522c842179
1072 f002e54917335fa2
1073 56b790b0c9cfc6db
1074 4ff87b72503f1384
1075 368b2cb830bca415
1076 c40eb443b6d1d76e
1077 222e9a6001ebf597
1078 450fe4ee87d7e980
1079 5807aefa21d648d9
1080 3859383299ef69d2
1081 ffb07ef448ce7183
1082 3084a62b806a5c8c
1083 5e869a67d7f34145
1084 f992007a2243cc5e
1085 d8af4d2d1afab287
1086 8c0f0dc488a48e48
1087 2949208ba113e2e1
1088 4598159c81014c1a
1089 415a64b0231dd933
1090 04290dfeb32fb57c
1091 53b0307f00da66b5
1092 f31d5e4b8b62c00e
1093 19b69c72d34a4437
1094 2c2871e800bc4d20
1095 3f52612dab8c8199
1096 5a2062c843c7a9b2
1097 775d62b82d3fdcab
1098 d8f02dc9dfdc6b54
1099 933fd6ae9dcfe255
1100 60d786107b3d2426
1101 cb24419f5bb15e8f
1102 e3e5a2901dedff18
1103 4b41073d27a328f1
1104 e593c971540fd06a
1105 b80f11d352387d43
1106 344be054f2b2944c
1107 aa6b268d7fae9a1d
1108 f9c5a3a70479e8f6
1109 25b33154afd2cb5f
1110 da935153d0382228
1111 b61841ac8633d071
1112 89714c575dc73b9a
1113 d3e46a0da841c2b3
1114 3a9c36bb340f136c
1115 bb9f7161057e4d25
1116 31349f7c62506bbe
1117 6a5888ee787213b7
1118 abe86032c20e64a0
1119 3b428dc72b547519
1120 6f214d6f0ef7bd51
1121 54e11c6551ae1684
1122 27cd1404ea3d87d7
1123 831355f82f6c018e
1124 155fa26ceedb3c1d
1125 cd7271829728ed0c
1126 8525920a8aba5bcb
1127 5058244c34b2e1fa
1128 a17dd246c9a35cf1
1129 6117a4cee5404cd0
1130 5eb219bb2e6b2a1f
1131 051aea68a74a496e
1132 4ec9834c416a3bfd
1133 73223ff8e2f6f8ec
1134 34837dad12c1b1ab
1135 a173ec1bfa720d12
1136 48142e906dc733b1
1137 170a1d73da55cca0
1138 ab6c722487965c2f
1139 d455b2768ff3ad3e
1140 4f13f90a2d7478ec
1141 a6ca1471630c5fba
1142 9281bbb4315a7245
1143 09f9f516ada6c188
1144 9d49123b1eb41103
1145 d7d87ba78fcadcee
1146 4bbf759b24266f51
1147 8b1ab6801496350c
1148 1c2675bb8d096b27
1149 672b52f1f8387f92
1150 bad9ea0c10fcde65
1151 7bee22fc715d5618
1152 694200dbf26b0b03
1153 c7cf5c146f8e2566
1154 89eb0fe80ee77b89
1155 1d18e04a03f2149c
1156 fc4260e305d664f7
1157 67348d54b77b5472
1158 9f603b051893d4c5
1159 7bcc17e9399fa518
1160 a5ce9dd4bd73f353
1161 7857f3f32690c7fe
1162 ead66615607cf461
1163 9aeaee5a7ca0d534
1164 061fe426febfaeaf
1165 1d153de5a894f5aa
1166 8f068e36d6fd183d
1167 eb4f3b6be59e9e90
1168 03b555eb97a4e90b
1169 549de9a380d024f6
1170 f341b170132b8ab1
1171 24e517af97cc3124
1172 473ac6053dded7df
1173 413665254921315a
1174 8f0dbf6a3815666d
1175 e9dbb043639932c0
1176 43c4d65a07feefeb
1177 fec6f5e334fd55ae
1178 640c132a94eb6b11
1179 209c17e5b289be84
1180 3d79e946e18c11bf
1181 f10af8c8e217dcba
1182 fab9e0c1ec78914d
1183 98af72902e34e260
1184 56ad17a1f5a54a73
1185 234743745b255b9e
1186 7232e828441e2681
1187 72335cfe71bebe34
1188 0072f1800970f4af
1189 087bc51f3477c0da
1190 2b6f6eadf26ffeed
1191 e4378af53ebe6f48
1192 08b7cdbcb3464fe3
1193 fd2aed74393b694e
1194 fea9ab774cce22b1
1195 0deb898943ccddf4
1196 bfe62826612c796f
1197 57bffc5a7fc9a76a
1198 7ee7f0a819dd5e6d
1199 6381ec2c97deefc0
1200 4d7b10e9494ae0bb
1201 aaeda396872baa6e
1202 e85a233e1b1f40d1
1203 0f042da085b04b44
1204 0f91d018f8d3937f
1205 1a2fa81f1083de7a
1206 f9325662c90bc40d
1207 c718eb4d43654a30
1208 5d21214efaf2e33b
1209 cdde20760c4bcc66
1210 87aca5980962ff89
1211 54311b5077fedb9c
1212 5d5e2a04d18c6aff
1213 59597404866f7c0a
1214 08b4f385235ebc1d
1215 32513a58ede97970
1216 95d0d8f430c9f0eb
1217 a47a32ee186e67d6
1218 f2cf61c1ab6ca5f9
1219 7b9ece67c67b9194
1220 086514371f87638f
1221 1f2119211a82c20a
1222 3a5afffcb9c4471d
1223 b5bb9d19f08e6a70
1224 ccf80cd09d4b685b
1225 98a85d5f1735dd0e
1226 5fb2a55c215b26e9
1227 69939586a7eb727c
1228 50777143d3159557
1229 ee6ed60046369a52
1230 a1a792e402661d25
1231 edcc96ec86d10c80
1232 5d386e55dd6da47b
1233 ea8138601e458776
1234 92613d19c303ef19
1235 74f7613ef7d892ac
1236 625f5a70d74b25c7
1237 465788387d50e832
1238 2059a522931ebc85
1239 85c5fecfcb4a32b8
1240 c85880fdc3a33113
1241 7f698b85fadb99be
1242 356344e63c9c3321
1243 f5c592699dc16bd4
1244 d4dbe416b93d59cf
1245 a33b7c0c7b82004a
1246 06a570abe88f5b5d
1247 96db6aca3a815260
1248 d8ebcad3f8340ddb
1249 6b7da685c9a5ae06
1250 b6af3045de19b829
1251 84fa12f907e34abc
1252 03be64f18b1f2b97
1253 40692ae1285deafa
1254 a8a44c51b223f005
1255 b87cc67c89c36038
1256 2c2140e521fe6673
1257 4d8fa7b9ce050e9e
1258 cfa8db851e169781
1259 3bc4408f9ec93c7c
1260 545e63ced1f43f57
1261 e0261a778a5ad952
1262 cab00ffcac2c4425
1263 cd24405c1d2f34d8
1264 67e9d391a466e1c3
1265 85db3788795c59ae
1266 b5799aa83c6fed11
1267 8be82ca9145d6084
1268 4733fc0bba14e957
1269 21457dba0841ce52
1270 ba1cd9566a06a125
1271 74c0fc34baecd6d8
1272 03d3cef953273333
1273 b2b89f8a6ad2225e
1274 5f9b165241386741
1275 8a428b23b6261fec
1276 8a1b7fb0c4404607
1277 0f4c56546a331c1a
1278 705390b02b8db42d
1279 8360d522ceb49280
1280 a98230591baaa57b
1281 d9ec5840071688a6
1282 5354380bccc0ab19
1283 b454018af4a571ec
1284 d5b18dd750951007
1285 e99fdff705173002
1286 892b0767d3d02155
1287 30b971866d5c6ac8
1288 8adc2c87430a0963
1289 89d3b9b639a5dc1e
1290 6b3f1b1f0da7e301
1291 08baa830cfd6ecb4
1292 3d271825bbafb82f
1293 88ede9af22e5a52a
1294 8943385ba56538bd
1295 4ee8f49674505860
1296 bbcf5e4897bcd1f3
1297 ae09fbc01120601e
1298 48cfbcc256edc701
1299 9e2647ce578786b4
1300 9cf0d0853f91792f
1301 e03fd61ff0ede892
1302 e634c6044e0b0e65
1303 f97487a7776f1fa0
1304 012a1da557aacf0b
1305 1d75edf07c90a2f6
1306 09126d7a8a96c699
1307 1b38145a0a784a9c
1308 ad1cefcb0f22e5f7
1309 1939947d594f3a72
1310 ebc7bb4c50e304dd
1311 3a9ec1dd01bbd630
1312 6e9db1cb8adfb1ab
1313 691a85f8bcf85a26
1314 a93b7b37185bf849
1315 c79fbf8a01d8645c
1316 b04841b4e78a48b7
1317 fae969791d77f8e2
1318 f457b35799739a35
1319 2485b4ebdf19dde8
1320 78d11b009d4c8403
1321 11727564e4eb8dee
1322 a7b6b749d4e01851
1323 9c0c89e86cfe80c4
1324 e698ea665ca246ff
1325 6d2af5c0cbdf4782
1326 95510e455ea1c4d5
1327 4c34cbfd549fa848
1328 1ec552fb1352c5b3
1329 fa5f913e877d39de
1330 a0ae7594a5cd44c1
1331 db9d2da375612b6c
1332 1bdac56dc09c9587
1333 ed42abce8abd6582
1334 24da80896ca674d5
1335 a578364f0feac448
1336 52a5081e69c638c3
1337 274d3d69c4050e4e
1338 2ed23e9594eb5899
1339 037c1ee51503c22c
1340 364cda2853f12647
1341 b8e071cb4df31b42
1342 a2f377452647bc95
1343 32677d0eba8c2108
1344 9bf0b829334d1273
1345 a9baec61270b839e
1346 e6f51b7fb194ce81
1347 79fc5056b45e8634
1348 0f84fe77fe78dcaf
1349 12a37ccc46064daa
1350 89d3b64996c21b3d
1351 b7f8d77cdd356e90
1352 82e66afe54e7e4a3
1353 eb2c667c01c5700e
1354 e6bab937c18a4971
1355 8787b2f400e13e7c
1356 20a5b4f66e4a8057
1357 3f368defaf951152
1358 70527ba2cfc7d425
1359 dafdeb34a95ff450
1360 06c07c53ccd080cb
1361 09a48d828f2c2676
1362 36f940da23213419
1363 08b1047836abb5ac
1364 6fd76b497a7bcfc7
1365 9f95b9c8cc820ac2
1366 e7e565ced3156705
1367 3bb7b4efb7ddc648
1368 dc3ad283fdcf0d83
1369 fb23ff048e13776e
1370 bcddad1bb79821d1
1371 59f7bb72a13eb444
1372 65d6ed9a3229947f
1373 fa43c14fa127b8aa
1374 f2e7262ef150f03d
1375 605e3d4279270690
1376 27016f390de4cc0b
1377 f6580586251ca3f6
1378 fdd552b1f7c9b099
1379 fb1db13c97d67b54
1380 af20c2c9a046fe47
1381 994225e1e04ff342
1382 08390cbe87859495
1383 c1f1f1ffc34b7908
1384 6a5ecde65af15aa3
1385 7a423b8be788ecde
1386 ed0253d556e69bc1
1387 17ee11121f1fb12c
1388 5de87c9c76501847
1389 868b380ede0dbf42
1390 112c59066049cc95
1391 f4038dabce9d06b8
1392 4dd786726f63a223
1393 64faa27e31f9388e
1394 b10e0f61e6ee59d9
1395 bd6c8812ce6af46c
1396 1d0b1372a5ef6287
1397 e051bd8e74fcfec2
1398 dcae07f8df31b615
1399 54bfe04491221088
1400 500c65252d45bf03
1401 07b95a8815f618de
1402 3689287fb43d37c1
1403 60b49408916e74bc
1404 d9bd7da459c60597
1405 90ff5eb970f99f92
1406 bd7c70ee10fcde65
1407 fe5f72f881fb6718
1408 06dcf104c07df903
1409 25b6cf809eb8f9e6
1410 8e16ab15bd295409
1411 546f338b5015751c
1412 c8e4ad101add6377
1413 12237f8496415df2
1414 952c1c613871f945
1415 da7b76dddf053068
1416 da1fa03d6ec75483
1417 d9f5a333d5f8e26e
1418 3a560a355cfb98d1
1419 933114105cefe344
1420 f80cd50752fe0a7f
1421 7f56ee2195bfb67a
1422 6a87acf265eff455
1423 a70cfad0aa0a0dc8
1424 8dbfdb712991ac33
1425 41921293c669714e
1426 5b5f380a8f188ab1
1427 d5afd129835f2324
1428 1265137956c2b7df
1429 3b4542a6b1f1e85a
1430 e94fca44f8d3866d
1431 8fdda256a010f6e8
1432 36a8c4d65f2f8263
1433 393decf90538f5ce
1434 af55f8c6573ed531
1435 c499a68e38f421a4
1436 ecbe9f0b618c5527
1437 a36abe9560fdac0a
1438 5ca2a3ea7ca9381d
1439 afdea6a145ab3570
1440 abe316383a0af1eb
1441 8cef4aeb153196d6
1442 ba16cdfa5d18b4f9
1443 a7719c383e96dd94
1444 79a8394c18423f8f
1445 26b86e663bd9e30a
1446 115f162c8589861d
1447 e8a381fbcb096370
1448 8e1a421a7f20135b
1449 1ebd3af8dae09f86
1450 548a062603a93459
1451 98401916dad11aec
1452 a78a2271044b9507
1453 6724313551c40d02
1454 0148005b6cc7c855
1455 54dd291c460e75a0
1456 a7488998709e231b
1457 bc92e83dcc43ed46
1458 5d82844eb0a2b869
1459 a1c5f41116bbcbfc
1460 d7612361ba04e2d7
1461 2298b057181e2112
1462 5d2848610c8098e5
1463 8abcc79ee067e398
1464 e221e7c97ce0911b
1465 0fb7a1afe04c7346
1466 599f80fb1d6cce69
1467 414ae8d55d3e226c
1468 2827173669611d87
1469 76a794f58649a282
1470 50d6fdff118c5ad5
1471 a96716fc04b49a20
1472 b51ca8120d0d739b
1473 132dd17427f4d4f6
1474 b06de0a17851e099
1475 cefe82089de6b02c
1476 e49747d844324747
1477 7ed573793e5d4a42
1478 d76013977df1775d
1479 9736c2665c845a58
1480 d33a19d277023693
1481 0b19403b586e953e
1482 4245dca7e5b40ea1
1483 e0db42499ce4cf54
1484 92f0782e9045734f
1485 df7579f07824a16a
1486 d012be2144a5bffd
1487 9c8f422910ff8b50
1488 1813349ce348a7cb
1489 f0c739c6368e58b6
1490 cbf04e94e0d72259
1491 bee6732646f9701c
1492 348e2682d8621f77
1493 8389089fe4ea0df2
1494 195b2585f8aee745
1495 294364bbe02ae078
1496 f0172d4f57a40dd3
1497 5189e984eff536be
1498 95b757d9d3516a21
1499 30ab01dbf063a9b4
1500 639f77651dc5942f
1501 1179c95a56b5442a
1502 9dfd5dc49b109fbd
1503 8ef12957c960f818
1504 e0fc9b21cccc5503
1505 c6064bfbef6680ee
1506 9a647864c78897c9
1507 f0ac5bf65da2a9dc
1508 a589e1c2c9031037
1509 48f57bce676f4e6a
1510 8f9ae87f2f4e32fd
1511 01454fee93f68650
1512 d53acece41af563b
1513 d9a7e88433f4fb66
1514 aacad1a230ca1189
1515 8098254f4aa2957c
1516 a385f57818a23f57
1517 a995bfb68ecf8452
1518 058b6d7dbc50cf25
1519 03b9da8aedd5d4d8
1520 c6e9b6e55baf659b
1521 412740a24c62b9c6
1522 c66e2e1d927b6ae9
1523 83b7e8ab0537277c
1524 3e69982a381bcc57
1525 d9c00bfcc229c352
1526 c91573566a06a125
1527 6348758017b80020
1528 c5d00fd2716ecacb
1529 ac21a3912c7a2bb6
1530 2f672f4edd61fd59
1531 6188c123b6261fec
1532 a9813a9be8882607
1533 e42d807ae3c8eb1a
1534 a5dfb29b10478cbd
1535 ee5c95231d9f7f10
1536 959d87006817688b
1537 a386990bf23d4476
1538 aaee224708c3cb19
1539 2acb8a604a9222ec
1540 0f1f3736fb49f007
1541 09d8a6939f103002
1542 d2e64e8121b7a755
1543 02401cd2c7a564c8
1544 5d7f20beceffcb63
1545 f4b9a166ed96de1e
1546 63047f1f0da7e301
1547 a5ad9c6cf133b2b4
1548 2532001c8e619837
1549 3e86952c08a8e9b2
1550 f778121f33ef0205
1551 4f7fb72c979de588
1552 632fd92ab13c20f3
1553 8e7c0ff62f54121e
1554 02a728d8d091c901
1555 a7302c37697dd31c
1556 27e846fbe595a177
1557 71e0bd2097ba913a
1558 dea2dc17dacb99cd
1559 1f12dc676f0e7fa0
1560 5911a37cbb832c0b
1561 00807df07c90a2f6
1562 7d5dbdebe9f01bb1
1563 9fddf72be329af54
1564 601aec51bf6fd34f
1565 405ca1d636871fca
1566 34e6254c50e304dd
1567 16e225a47f92b630
1568 ca2f1f4bdf3311ab
1569 91892ae157140596
1570 27b45d944b6f6eb9
1571 c33f3948dd7bc6cc
1572 3276c2dd336a73e7
1573 6eea273cfdc718e2
1574 9274412e8f00db35
1575 9c1c0469ca1a9be8
1576 a4dcc4d76d8b8403
1577 36aebb1ea5922dee
1578 00f178b44afaf851
1579 004f3647bb5960c4
1580 7d0e2a064d8d83ff
1581 a58eecc0cbdf4782
1582 a3a8073c3b3aa6d5
1583 a6c43f2f90e3fca8
1584 914d32869e2d4213
1585 66131c01ca2ce0be
1586 0005b2c95fb6ed21
1587 475bf09490463cec
1588 2df2379f4c751407
1589 da67d07ad5532202
1590 48372b82bf5be32d
1591 7f9a4a9aa476da80
1592 958f15eca32a136b
1593 8b09d2df8de88326
1594 09cc9e1bb8a28d49
1595 18b712754320255c
1596 413e2bcbd34721b7
1597 531cffd01cd6e532
1598 57c61e7df8be9d85
1599 21d11502d19c67b8
1600 d6894daf58f3a723
1601 b6964693d21ab28e
1602 77f4de5990e80df1
1603 6a1d427a031fbc34
1604 5a763b4bbab81a47
1605 08dfa44d04fca542
1606 741b9fcccce82b95
1607 17a00e9338d9cc08
1608 a19638cc83cd9aa3
1609 9631bcd8d6cc78a6
1610 53d5a3e8b63ddac9
1611 f27abd66756bead4
1612 816660f610778ccf
1613 d2b5c9d12e4c2b4a
1614 5ac447324f22385d
1615 3245f9c9e5096f38
1616 a4ad16129c0848a3
1617 ad72af76096a6b0e
1618 31c31a3b7b83c321
1619 687987dc923357d4
1620 29d1b0998ee0d5cf
1621 61c2e31bd86bb54a
1622 574cc513bba7f25d
1623 b2fbb31794ffcdb0
1624 376bcade059951fb
1625 8bba65195f699726
1626 8bb437b115be7749
1627 28bbde632fded95c
1628 3eaa80c77fff55b7
1629 5c51dd216fd2a932
1630 ac40680799c48185
1631 189a8844a6c8e9b8
1632 22d06c76a4830f5b
1633 b735430203a1dbce
1634 25295fe669ff0b31
1635 9392be15c662e7a4
1636 0dc12a7c430a605f
1637 8d198a0f4e8434da
1638 c839b9a40eb3c2ed
1639 f5c57347b86f35c8
1640 69e2e03733720b63
1641 8b48c33c9ceabece
1642 b95d63785ed09a31
1643 cc348be7cc47c2a4
1644 183d8300d713c75f
1645 5cf47a66c4adfeaa
1646 2b468e6f0a1c6a75
1647 28a74d544ba06768
1648 331ecaa2bdd111d3
1649 9fc0164ffe92c87e
1650 44c66d0b6f6904e1
1651 fad81ce630dee2e4
1652 6cea73c468e5a49f
1653 9d9d80d65f32ff2a
1654 fe58d792fdd3f2bd
1655 95188680accea510
1656 212ba2c974e8c7db
1657 a84f5ab77f6bf8de
1658 045a0dba662317c1
1659 161f9033981a3e74
1660 d1daeed199ae9aef
1661 7b053446251a2cea
1662 0ce19b5cfe1d637d
1663 8bf0789842905280
1664 e8aa2e9a8acfac7b
1665 936c2b09e93553a6
1666 8ffeba6d477077c9
1667 4933daafcbd39cfc
1668 8074eecad0df1bd7
1669 88114003122b0462
1670 0279a0a125cec3b5
1671 4fe99aa31b3c60a8
1672 a31f10d243e66ac3
1673 4f0451c6bf087eae
1674 f934277d78b76d99
1675 54892e4fc925e6ec
1676 a0df6b9c8de36107
1677 b3cf2027187ac002
1678 6fe8a9d56e8d0655
1679 5850bc2376338bc8
1680 4e0b8e1ca528b933
1681 1bf27e73e3577556
1682 a07f17231ea75b79
1683 4a9e1303ccb8398c
1684 97b8f56d7fec62a7
1685 41f26df852ec5aa2
1686 f66dce730340f1f5
1687 4f8188265594a4a0
1688 cf1242805bdc3c73
1689 dee13cb57202049e
1690 8e91243445d73581
1691 324d9ace2e97e334
1692 68709f7b4e69a4af
1693 7a5b27e7d93add0a
1694 8a47a41c4292c11d
1695 c17db4c7d0eb3868
1696 39cd068b90db0cd3
1697 ee0bd9d06478d77e
1698 38227a2678234fe1
1699 d114c6472252db94
1700 e532e1604ff5148f
1701 9c896c663bd9e30a
1702 1b6bbe7dfb84deed
1703 7e442d1c73a61d40
1704 ead1728df4eb2ecb
1705 35531a0c7f76e0b6
1706 0ecb902603a93459
1707 8bd13b9c4265f7ec
1708 06bef76f1a797507
1709 9217bc08009d368e
1710 9fccb979a1574641
1711 996b00117132722c
1712 18fa65d0d144b1af
1713 e0d5d923fd2bdb2a
1714 fae466c832e07dbd
1715 298e29bfe8ebc410
1716 287bc30ee1f5750b
1717 05b3b471109bd136
1718 3c6566d66bd0b159
1719 f656f533963596ec
1720 24abd13e6189c13f
1721 f9650dfbe03a74ba
1722 a0a8f6d79ad2c94d
1723 89240bb6cf659fa8
1724 6f4d1a414a34882b
1725 d5cffa594b78c216
1726 4515c8fb3a282cb9
1727 a1b7fe219e7aa9cc
1728 f5770a082f3ab5cf
1729 8767e9cfe6fc06ba
1730 90a7522433469035
1731 3221836ec4aad7a8
1732 e54b7772df9bdc2b
1733 80e957868181c596
1734 10cf67eea65974b9
1735 ca1978e3b12e9954
1736 84813ebe3ee01957
1737 4cf19bdaef08f662
1738 37c10dd444ca7b35
1739 98c217eff6616928
1740 4eaa3c4d275cccab
1741 58a739b42c94bb66
1742 c217e52bce41d189
1743 a7a79033d561821c
1744 8201933db4e06ddf
1745 192f9cefafc0875a
1746 1d2b7b6127dcb6ed
1747 2f51b39b45ed9870
1748 3fff6139b4a0cd57
1749 97d0cbad7c4d4f52
1750 58fd294cd8064c25
1751 e1edd83428302bf8
1752 7229f08cdeb44753
1753 ba4c8ceb799d9fbe
1754 7f3c5f82225c9921
1755 3ff41564c9a4f9d4
1756 01af8bf3abfac44f
1757 47402428c23ab7ca
1758 539f8c42cc8590e5
1759 a45de31e232109a0
1760 7bade0aa4637c31b
1761 8485f4257123c5c6
1762 ad025cffb3e206e9
1763 95c3a7cfecc0bdfc
1764 0e0e93742a05bed7
1765 f640a15fb9aa7f2a
1766 3515f749e60f763d
1767 25dd7e4b10360b90
1768 2b4201e469c01efb
1769 5dc9be470e260926
1770 4a7a8a4d88c85049
1771 6f587bc0bc2c368c
1772 51a8f7a9f7a6496f
1773 6e82c3060fdf12ea
1774 00a03c87c156f67d
1775 a3cb8b913df767d0
1776 5cab2ea89f5aa0cb
1777 57057c781a9f8ab6
1778 c9cddcb8bfbcd5d9
1779 c3bda3e9dba09e94
1780 6dfc34fcac20ff8f
1781 8990d810382efe34
1782 30c70a3604aa1c1b
1783 37f9eb71edc66c22
1784 8f902ecaa59f4cf5
1785 2d5802219dfc3df4
1786 ed4adefbcd5b039f
1787 d6276e4a40f118de
1788 8d6f86048857cad1
1789 f0bda9d05666c7e0
1790 63c93e4d169dbb6b
1791 a3b4c4bf69aa3ab2
1792 50f35e32ab839fd5
1793 897811cfd750749c
1794 b1bd437219c03b57
1795 7bf5523a039f55ae
1796 453db1000759a8a1
1797 db5324cbf8738f30
1798 2c5abdd53b7d623b
1799 7020c8844132ae42
1800 13c0876fa77a09ed
1801 959dc680f4e271a1
1802 9ff0604c0a4e8fd8
1803 99a792b8d029667d
1804 e6a66564d91ece16
1805 7578d2ceb11135db
1806 c96b9e4927f268fc
1807 6f4c6109deded1b9
1808 30d540a2df45d3a2
1809 58ec860edd67d977
1810 575eb7afc3c66578
1811 413484546db8cd85
1812 03b08cce5e9cad5e
1813 7c0c47df77bf09a3
1814 178d6568b652e14c
1815 28fa6b4ca4b3f331
1816 51f40203711b0b7a
1817 253c3d9103a04def
1818 6449e9d813f53b90
1819 b071a93d520254b5
1820 54eab0d134a20f8e
1821 7bc7dd9a36843ae3
1822 63f8ea828907d564
1823 8a86b28b88a3b4f9
1824 928bde4f1253f8e2
1825 50160c37cf7b57b7
1826 75e8fa66e59648b8
1827 4ce2c5733892947d
1828 940e7f880c23ac16
1829 a1c7042603a2c2eb
1830 f2ec0b55c10f5646
1831 28eaaf1b42f9c8a7
1832 e2df807401160b20
1833 ad22d00971aa0a29
1834 bd713de23b423912
1835 8d6e3c16e476500b
1836 d474bd39fb167414
1837 b5190e66ff840cdd
1838 9b48b5ee2165fa76
1839 88f2cd6b4e629297
1840 a0758fa236ff7220
1841 cdfc63e01ef78999
1842 57334582d30df04a
1843 6750437b01188adb
1844 63e775ec7bdbbd24
1845 abd940625abbf32d
1846 b2c56b7a4caebdc6
1847 df9a992857089fb7
1848 d7c620defb2713f0
1849 d12f81c4473c57f9
1850 41f2cdbc234057f7
1851 3355119a262bfdea
1852 5c35c2af29314a49
1853 8969667397bbd0e4
1854 55b86724e4ccc0df
1855 287c6f4dab9be41e
1856 d651bf51d2f5b4ea
1857 22fa22dc0dc9608d
1858 af48214501e3857b
1859 51db1d02fbee7c94
1860 f7d76f2a5e1306f8
1861 b584600cb11e41ad
1862 6d3147ccf1d0a823
1863 e50c9506748f79d6
1864 2b91ab26962d1346
1865 5e98afd20edf5cd8
1866 077e85695ab89ee1
1867 58652eeef7870699
1868 985b2b9fc5419323
1869 e8198e8b04990ba6
1870 3e4091c1aae66091
1871 b7532702a386e929
1872 de5c898a1e137217
1873 98d763d6c2a5e781
1874 943cf8cd630d352a
1875 81b7a98033a57119
1876 d23a522dd56e07e9
1877 dc25446b8e7b6ef2
1878 b2dfc3e0498fd060
1879 08eb4eec52c36259
1880 dac3eb92f37e1dda
1881 245b48642b7caa4d
1882 34bd67d79a9dbf01
1883 04f7577c35164272
1884 371b86a24f61c189
1885 3167a75c393e24ea
1886 2fb123c2578a58f0
1887 81f71ffa4a1898eb
1888 77857d756052c38d
1889 26cade3b766316e7
1890 807ae2a2720146eb
1891 7c6ec8b7a198ed53
1892 27dd8e7611d9848e
1893 dfb0a4d756d4d0c1
1894 159b14a040210890
1895 10c22535ee787870
1896 6e14674f6ad1134b
1897 0687b8da0d659b19
1898 b4f5340e5955f44f
1899 2c3e1d6d2c8257fd
1900 d3f5745f0b0fe949
1901 9019f89c0defda5d
1902 0a5e3a9b360cb0cc
1903 e8ba262deea62a88
1904 fea0c68964b603ef
1905 eba535d3584cfc7a
1906 4b82dc6c5d8dd0d9
1907 2046316b8015a79b
1908 22e5014245c8fb78
1909 4a6769c2b405de2d
1910 2bcff148664eec12
1911 8c10e41dac0f123f
1912 c734f71bdc9606fc
1913 57281aa750998001
1914 3576350a1a6121e6
1915 54d9871bd62a71e3
1916 b65774cbdbb24ce0
1917 d4fe995b6a7d2fb1
1918 bddb858bcf2d95fe
1919 11215319cdc0a12b
1920 af0fef0b62a76d68
1921 066393500b2bf97d
1922 7c0d243f19b8ebaa
1923 7d4c9368725625c7
1924 c4690971237685e4
1925 d570baeb912dcc09
1926 e6a748fde3e67966
1927 01e6720338de41f3
1928 002e5e7552cc6e50
1929 081f3b108ef22d85
1930 2ced913e3778e372
1931 78c9259efcc1740f
1932 d8ac4bad2c6810ec
1933 ebf792d72adcef11
1934 9cbd5b47670cb8ee
1935 a8c752b09a8f5f5b
1936 3d79382377f79218
1937 c64b8e67b3134cad
1938 5919fdb2c161ac5a
1939 88ccdeca72f7b837
1940 31458271a73d5c94
1941 dbc18602581931b9
1942 be98c320a903ca96
1943 53dda1d6de884c23
1944 295c041e96ed9040
1945 9da3c592c1b12335
1946 f14e3e68b9029762
1947 434acaf81ae9c87f
1948 918ed45036fcba1c
1949 faefa2ab44257a41
1950 307c3cbc310096de
1951 69fa7ded9aad0d8b
1952 0ec49cc157da8dc8
1953 dd3dcdc595f5fb5d
1954 81f2cb10b0e1d38a
1955 181db41fb5ad8627
1956 7b62bd8a76ec0844
1957 469c5ede96463e69
1958 d62da3e02ff35fc6
1959 780d85df1183b8d3
1960 0270984942e6b1b0
1961 e983684a69753165
1962 cf3b11757284f4d2
1963 bc2029d09d012a6f
1964 d59d1e8164ab5b4c
1965 c204fadeb9644f71
1966 c0c41dc79722db4e
1967 4ae9a4289170613b
1968 6471d1ecaa108378
1969 9646604550296c0d
1970 3605d936aa8c813a
1971 ceacd4f78215fc17
1972 7ad6607ef8a9b874
1973 c03b5713fcb36d19
1974 43074591c51301f6
1975 e9f2e58435387f03
1976 a974b3ed641170a0
1977 7444332a040eb895
1978 4a6b2567230586c2
1979 4e1b16536fdcd9df
1980 521f5667aa134afc
1981 c7d45a9c4acee121
1982 472e3c2d593a22be
1983 6486bf1eefa4c9eb
1984 56651b8a3b9dc728
1985 36d269c05692db3d
1986 bce2c29eae4db86a
1987 c07a4592d4df5987
1988 76bbbe4bced716a4
1989 308f86d743e9a8c9
1990 c980fffdca8eba26
1991 c66b8e070b0a6db3
1992 94d53eec932a3c10
1993 22ec0238991a9c45
1994 8bfc8347211dc032
1995 b10a5324afa198cf
1996 ac184cafbb5937ac
1997 dfd92063d56855d1
1998 c532f6c502a91eae
1999 3632f32311c5251b
2000 2a0fa5d35fabb3d8
2001 40fefa360221116d
2002 d29e9d083edfe01a
2003 e06d48dc5a1464f7
2004 a3a8307e2ec64b54
2005 b0b06a8ca5585679
2006 8286c91b1341a856
2007 1e580d038dbc71e3
2008 cd68f4cc8bc9bb00
2009 0d08d8f60098bcf5
2010 cb08ba79bce12b22
2011 68b60874a17c133f
2012 fc8e49a03daa79dc
2013 91caf3d06d5ee001
2014 06a9c588e364999e
2015 6d642714f95f734b
2016 bbd6440a5403a388
2017 78a2976af65d551d
2018 64cf97acf8ca8b4a
2019 5dd106f4172049e7
2020 b84f904d49f56a04
2021 7f88345c2a8c0629
2022 5290cc8495632386
2023 ccbbfc48eb67ed93
2024 7070db17dd086770
2025 055899d39440f125
2026 39711da36f145692
2027 6c4fcb61715fdf2f
2028 19933dfcc6b7fd0c
2029 ffc575cba8c68b31
2030 e95ebd85072d120e
2031 a23af2e53eb09dfb
2032 91c747d5e3650538
2033 dd9a7006bcf8ddcd
2034 39db64684e0090fa
2035 f5a59bca768454d7
2036 291587b807b0c434
2037 7463318a7a4c87d9
2038 aa6397339ab303b6
2039 a39925788cc2b1c3
2040 197ee73e79998060
2041 ec159d6a6b742e55
2042 67ce3e112bfa6182
2043 dab9629b3c59fa9f
2044 c6b2a4e6139d07bc
2045 1094068a4d69264a
2046 ad18abe78247da8e
2047 d62eccc990de6a89
2048 9df5e9157c238755
2049 ee5f7f63ee5ffe45
2050 80e0413ef174a693
2051 af7a2ccfed052414
2052 85edf300aed05c62
2053 c1b376b28e89cad8
2054 993b8f55359672f4
2055 882690704e3384ab
2056 d9a186ef5889fc33
2057 fcd4c32cf6b7391b
2058 dbe2290941c7d099
2059 6499f4c2f1ef6446
2060 2b83a6d1395754e8
2061 9f337cf76193e596
2062 f49c1ef60b3cf031
2063 6fef9520be6b8569
2064 28678ca887c83f1c
2065 00ac1c999721ab92
2066 82956cd0ea33d221
2067 74f0fb1e9cdb6715
2068 956498d93d6c5bff
2069 d83877d933c15a2f
2070 008a74f8d61d1370
2071 d0beaa457e3f17fa
2072 284efb2b5edd0799
2073 8d58ad11e9bcd201
2074 d508a06b949a812c
2075 421e37e5469b1916
2076 0941e67e94abb718
2077 9f0d3faf60db0064
2078 5d845325a4f2445e
2079 922fde1a9a6603ad
2080 297678214b2ae450
2081 99ded303321e87c3
2082 36ab3d73db17c152
2083 7d27c1039d625ac9
2084 827cf51fd3294180
2085 1c1d86042d849f5d
2086 3d1fa9cc4573f1e2
2087 2e75a9249b0e527e
2088 85c7cee137a15d26
2089 f320538150d24565
2090 53c1d8be37bdb5f5
2091 a5649f5b714c1c84
2092 1c750a712ed84f98
2093 8a94257e127bf0d0
2094 b1af2aca62673c78
2095 61adf9488c86f8bc
2096 1e90af27b8f7b243
2097 b61c2e24591ff740
2098 501d939048a3a776
2099 05d3e0c67ed0103a
2100 97b5ca7db530e701
2101 8e25c4783688111f
2102 31cc657e28496439
2103 8ac936bdfababa4a
2104 5a8f17d5e70a4aa4
2105 3b4b1aff39044504
2106 3d6582fbee1014d7
2107 5b7ce60b553e4b29
2108 8273be71ab9f7a8f
2109 3f780dd501ddc594
2110 72c8f80f84782d3a
2111 4754063f49ac7c2e
2112 9aa4c84165f60f8d
2113 62cea569303bb8cb
2114 343ca83fc888153d
2115 29cc98f4dbf699a6
2116 37d6409fffeb22f0
2117 6358ac2572821d50
2118 f1e77aa0ce8a05fb
2119 8a627b0997a7710d
2120 47a3b01ef94c9c5b
2121 8d65a30c9c6085d8
2122 920624eab1fe592e
2123 44fdfa9f279f1452
2124 bb9b7a84a4f94739
2125 3b131541e44a9df7
2126 52ffb969945e23d1
2127 7661c90c01d6d862
2128 49c8d4200464217c
2129 978487e9b024d613
2130 f621410d91ee250e
2131 5ec3406b764e5800
2132 035a5589ddcd1f86
2133 efbaf1c39adc342d
2134 19e6dd8ab6d4ed73
2135 6bb075ceea39bcb7
2136 004f6de2e71dd9b4
2137 7b35298512a3f432
2138 6125c2c4124a7bc4
2139 d6fff41206b377fe
2140 f153b5fff5e9cf15
2141 befbabbfb8f0e612
2142 e5028479a1f3ba18
2143 32ef2684f18c9254
2144 4473b9c63954bb7d
2145 047789357dbc063c
2146 ced183d93d91764e
2147 813b13ae6d168a8a
2148 88bf0b4a5d677d11
2149 2cc333e484dcc5ec
2150 53ddc8926afe737c
2151 0dee8f7dce755842
2152 00ced4953b1fb86b
2153 96343bd87df34cf9
2154 f17887b137f449aa
2155 d86d46244a46c57d
2156 03ebdd5b49221f5b
2157 453b570e3296542d
2158 c5c4abc1d3d13438
2159 0d02b623ba23259d
2160 52b797d7db501df7
2161 c8fb1283e2065bd9
2162 a5b9250b201432b8
2163 b2bb4cf4e1d93fca
2164 130531f13731404f
2165 c6043cf09ee3adc4
2166 d55fbe7c63fda2ce
2167 23e786704cb45b62
2168 693396dbd6d50319
2169 4755cfb245875874
2170 810c52fd07948d0c
2171 f904d7ad501ad110
2172 55fffb5f06a7ebaf
2173 7a272b4874d8155a
2174 25dae802fa33f2da
2175 bdf3b311bffe5b67
2176 475c40ef38750823
2177 2603de62057432bf
2178 47717edc2c2429ea
2179 4ddd453227a1b8f0
2180 54548e44c673da59
2181 ba704d955d40605e
2182 925a2328ec6bd6d4
2183 83f68f2409a4d639
2184 167778b5899a8e1b
2185 af873c1a23f76d54
2186 5af2bdd81828091e
2187 68828ac2d7290bec
2188 ed6696f6bafc8375
2189 4108296c57ca90bf
2190 bb4c03438082ea20
2191 b848d32aedf42802
2192 dac6b107d90ecfe5
2193 d7add30e55c44795
2194 c686690a4a6299c4
2195 5b0e6df77ac393d0
2196 07667e7140991479
2197 ee7f3a8fef3ff468
2198 9829815f3909c0ef
2199 165db3768f1cd8cc
2200 5923790b33861eb3
2201 ebfe2d17137f3263
2202 5b6a9c1ce23a047b
2203 4c6b7dbb4dd0223a
2204 7a5c75e5da6632c3
2205 aa09020072676f75
2206 3cbb67bcb8434f5f
2207 f003cc9a97a4b4f0
2208 75b643fabefbc5c3
2209 c123d4f024cfaadf
2210 f1c37e785e87b34b
2211 70cbc0a0eac94670
2212 1b1a3575df88ff0b
2213 aba0562779305af3
2214 4b911c95f0b9cab7
2215 4f4b135d038446ba
2216 6db56819df70562b
2217 0dca1e5c986b6151
2218 c4929e0cc10116ab
2219 da637c9ee0adf23c
2220 7119d7dcb64889ab
2221 785ea06d8a1b0c9f
2222 f072d017183fe867
2223 39f7789b4661858e
2224 3f9417a9aef5a803
2225 347fb89d220c2405
2226 2751037e43fa809b
2227 23d556d8a5205158
2228 04e72c927a793431
2229 ed029be896af8aaa
2230 bf6d35aea8654257
2231 c3bf9de56af46bfc
2232 beed941edd17417d
2233 90ea92fde544f4fe
2234 15af4481175b13eb
2235 fc8f002af8f3bb30
2236 188c1e375d801291
2237 e36d863a505af262
2238 1081f4646794c167
2239 983e68fd7478bc34
2240 d854a2ac0cbf4bce
2241 e02b2bd78ab76c8c
2242 46e99b0ec6b6f149
2243 96b906e1caa2e8ad
2244 f17e34333d593e0c
2245 8483a23c2255a9bf
2246 625777e9b0ca8ab2
2247 6c5c647c54ffc031
2248 5a4b7cc677267c48
2249 af419d6b4680174b
2250 11fb44da1b8ceb8e
2251 08af80d70f9bc685
2252 5eaa48794930f154
2253 426ef7daf7a5d3bf
2254 cc146d4995ae2ca2
2255 a51cc4ac44e327c1
2256 e99fd7f27c727734
2257 7d91c3cdea53184f
2258 1acdc6933dc51cd1
2259 338269d580e9784d
2260 a8219a4339cbb844
2261 c0b3cd10af20446f
2262 cb1ebb4f43d2dc8a
2263 922e0679a86d8ff9
2264 db7653f9de3639f0
2265 73a8171559d2e32b
2266 cf39c975f74829d6
2267 21b5cfbffeeb796d
2268 020acc930813ab54
2269 e24c58e0c917d837
2270 da2d5c71a8993e12
2271 0f15b20f56f4d891
2272 0ad5329ad60aabe0
2273 fc70ec3c7d0b6ab7
2274 e93fad607f69c15b
2275 ae252a00beb594ac
2276 d813b50d29527421
2277 13c8cf1866a60cb6
2278 88b6227325327b4f
2279 d0099cf1a5556ab0
2280 652a5d73b8331e85
2281 c0ecffe9519ccaf2
2282 a043a544da8a78d3
2283 552ddbaed75a6b3c
2284 76bf4bc7f3712d81
2285 1f8ec58890aaaece
2286 e7219f87089e337e
2287 931dda31b96143a1
2288 9543c74bc8b605fc
2289 5eb8ad35de3b018b
2290 0a80367c2791b802
2291 2a24b49794e44ded
2292 5632706a32fd2578
2293 9633305eeb4c80df
2294 d696a4f475c8ed66
2295 663fbd2cfc415cc9
2296 3632582f99fbacd4
2297 68ee32844e1726f3
2298 1e207f448bb3ae4a
2299 dfa99f358f93fde5
2300 3ee71fa7727eb970
2301 82f96ebfe5183d4f
2302 9154547d071dd376
2303 4fc085c58a435301
2304 66f2d25832956d0c
2305 321f24d9a590902b
2306 89d8ba7aafc9a1e2
2307 d1be097d9be59c15
2308 82ee4b43117922f0
2309 b18a74dab0b52eb7
2310 9671b2bb1c57ad86
2311 1b38e0958cd0a6f9
2312 96be0cc5ffdb14a4
2313 0041c870494583c2
2314 1ed7750dc80a6d39
2315 e8677ed8599d3a25
2316 3bbce59871c7088b
2317 231f616ba70ebc87
2318 c2c4f7e4189bff73
2319 a4dbe8a76e9eafe2
2320 60ecd18dbbef28ce
2321 e0f7cdfa8ce86792
2322 ee2077b7735cb535
2323 b51ea6858bb7433e
2324 35c7aa118321b613
2325 bdc7570a6c122181
2326 32787a35d279bc7c
2327 6c38b51df02608be
2328 82c3d48056b70cf1
2329 4f8dcb7db5efd0ac
2330 cf8dea44bd9b5a6e
2331 fb7945372d62e269
2332 e070a4672c5f753c
2333 05887e8fc885c443
2334 7c5be25c2b9b58a0
2335 6db0d901363776b5
2336 82abbbaa83878e3a
2337 5adf3a5337f7da52
2338 bb55b8f7e911cc3f
2339 e1506b2146c6bd4a
2340 0f3d2d006699e81b
2341 e76507c147e85d4f
2342 5a9bae4f28a1db48
2343 b5223e37d6bd8b21
2344 5b527d7f25d9daac
2345 637db8b00ba68d36
2346 5fdfab41b5a7cf69
2347 b2016c57ca8184e6
2348 61f9abeef6b8d66e
2349 5117585bf566298f
2350 e66c9f7d52faed08
2351 c948c9c80c9a53b9
2352 8ea8f239ab785207
2353 46d0c78acfbfed6b
2354 684db476ae45d796
2355 d0c8e2de60b2c9ba
2356 d8d4258132c0ba25
2357 6fa389c1bb4de328
2358 5be8a2b15db40749
2359 0a88e1e4b6bc859f
2360 28cfe4b8d8dd93d8
2361 f120b2f60609451f
2362 eea585294f52bff7
2363 137cdc89500eb7b2
2364 0bc649befcf7c415
2365 970410f914a5bc16
2366 0cad2d7497223204
2367 b21eee7a6266e0ef
2368 793b60e8606d9b1e
2369 3261ad1c65019b69
2370 317faf3a14935a45
2371 1dbb3be498943e04
2372 ef5c7e92f23fac15
2373 cc0ec25d2bafc05f
2374 a93b93945bacbbdc
2375 b2ead848d9be9b03
2376 daab5ed4264b2446
2377 1fee895fc521f486
2378 3691aec974eaf701
2379 b5d57c6113e0bdf6
2380 faf5f6adff84e948
2381 16e1fd86bbe57249
2382 cc24302ba0fe22c4
2383 6575f96c54648143
2384 09e23feee2b049e1
2385 34df54183303d2cc
2386 d96eb3c5390c84d9
2387 44c92163deb39f7f
2388 7cbdef375fd71f0c
2389 bac370ead5abc41b
2390 14d0132431c88582
2391 7e5572303f36e85a
2392 03074239c5c954b5
2393 e698197c6045f712
2394 3f2ddf49b37be1bd
2395 486929bae00c568d
2396 ee361f76e6d1255f
2397 c51a9a30df0d48d8
2398 d280970d892abe74
2399 0e2e1201f3816e45
2400 0ffaa9dac62e9426
2401 35f6bef4649a9093
2402 3dc8f004fa60973f
2403 a1be2b30b8fecbe8
2404 8dfa8de65a61d89e
2405 5cf53974c0450917
2406 519365df86043010
2407 cfb98104b72065e7
2408 acfdc30f6af71ec8
2409 f662e62db5e0dd68
2410 a0839ccd3bf8829b
2411 7e194ad5bfd407d0
2412 1bd75f0b7323be6c
2413 2e95f65411df69a1
2414 bc385a9fe096adc8
2415 6de3e26e7f798e81
2416 340f276d9088effb
2417 950d4e6987de0308
2418 d24e59cff6ca31d9
2419 6ee21dbe181c1744
2420 5c50a22966545d5a
2421 054e54822b2a68c9
2422 468d35516c41f732
2423 9c8f419efc1e53b2
2424 434e6e5dfaa54a83
2425 02108d8262174f20
2426 29b4dc5d46265f67
2427 8a6a18eef8285745
2428 f73216614fae47e8
2429 cd3c5b2997b9251d
2430 ec3b3da6abcd3e75
2431 4334d59142d5b316
2432 c333a5893db3fe7b
2433 18ddb3073305da3c
2434 ec12d889adb0398e
2435 f41b22678b3d1a6d
2436 7b482203fe571546
2437 dade719fb32c2bd6
2438 a805ce79a5154e8b
2439 498125a3df2b7028
2440 ae2110fb745b452f
2441 5a412cccf4120b99
2442 b6068b9127934950
2443 7e113998a86dccb1
2444 ecdc862817325c9a
2445 46057420dfc870d2
2446 8ac2f2e3a91b97bb
2447 d146cfddddbe6c2a
2448 b9002e082251215c
2449 405db5cf40030bf1
2450 f357d8dafac7cb8a
2451 5da682c6d41ae45f
2452 bde4b611c7a5b8eb
2453 422e9f797efd10c8
2454 d80065099afe597f
2455 5e0528be4aed08d5
2456 0b067a09bd232ec8
2457 13e20cc71300b4dd
2458 08084f7bf5910c26
2459 19d8457e2380e70e
2460 b34e2a9eeadfdd13
2461 9de13cf9e0f631c6
2462 8884dbdbf4b45334
2463 ff170e5350b484db
2464 32eb1555e03bd498
2465 5b365338bebf2c51
2466 4078a761ad77267b
2467 5bcc71751360f770
2468 891842c86790f327
2469 5c7009031cca6e2c
2470 76509b9c65251f58
2471 b03adce7fda54371
2472 ac51d700778a05d2
2473 6cc0384c3e0aafc2
2474 f5020f30ef83ec43
2475 44dd8e883ebecbe2
2476 1e4fe95521f5be57
2477 cb09b797f6c49443
2478 bcaa2453658382d0
2479 af2dbdf16a40dad5
2480 ea92ccd7ab98c67d
2481 d1d76dc25d8f1e2e
2482 2777784cdcee8dd7
2483 2f8406084dd08ed4
2484 02538633d4ad5840
2485 7f5938a220c760a5
2486 19319bb0e915915e
2487 bd760be675f115be
2488 bd695f123de0392b
2489 b8bb166a330ef726
2490 853519f5ecaed537
2491 76e98bf0a889db53
2492 65d3891263b09fc8
2493 6dd777e6ef126969
2494 f694ecbff4b6cca4
2495 b35fa9008e88045c
2496 175c4fca6fb0477f
2497 3b90807fef9c746c
2498 973f4dd91dbde68a
2499 dac87bfbaa916a67
2500 6bb6debbe507c364
2501 613bf03d6e7e04d7
2502 415936929f719c29
2503 161e2152c914aee4
2504 7a57933a7724a0bd
2505 6a6ef511dbd9ec89
2506 b26b5bf9f8dbd32a
2507 a64ec6345af9f0a3
2508 5e529b65d8e1378e
2509 77802f1af47bf200
2510 3ac6e8896f307593
2511 7331878b49742863
2512 e179ae43be5219bf
2513 0a82191af91173e6
2514 e074261f58600d45
2515 01519a974a8cac5c
2516 c07b5dbf03982f06
2517 39250cf1d58ca823
2518 546dfe7a8c88d3ee
2519 8989b7607e62628d
2520 ed91d8b23f580dc5
2521 5843081994c5c9a8
2522 3dd8758792414285
2523 32b8c1a62019a38f
2524 6caa1a22f57bf988
2525 d7928e56787951eb
2526 31606eebd282ad32
2527 e232ed99fd6fa1ca
2528 b644d297d574bab1
2529 49b0dfbcd0284ac2
2530 d534016d5fec8544
2531 60d5d3065ed444fb
2532 64a4c95d1bb61522
2533 1b97fdcdea0ba639
2534 7ee5272e202026c9
2535 35db2db73ce134e0
2536 d594708ec22b1c31
2537 8f6cda7b65ab4b27
2538 a207395b6da9f9e0
2539 b6038fb975f7f3d3
2540 3ae2677701560ed6
2541 f7454bf8b34240fe
2542 77ba236393a1aac5
2543 975cd9e5b2e78a5d
2544 156115e0858eebef
2545 8d458c3741f8537f
2546 0a56247239ece1e2
2547 94e369cf074962e1
2548 7659e96adb21e807
2549 335c835cccf8b242
2550 c1a66c7fa68d9b5f
2551 1c63dc9977da955e
2552 40ebfa032be67f72
2553 a0c03d3d8ce7dfe9
2554 7d2ef79c619092b0
2555 ab58c0347edce0a0
2556 c3865f2cd1b482f3
2557 999efcd2ff25da78
2558 a8bebf7f037ee9a3
2559 c4b3e6e1ef490f13
2560 ea8e60cfe8168622
2561 5cc090ca837dc7a9
2562 1eaddf0a61315fb5
2563 093b119cdb4eab74
2564 777bb1e358ef7373
2565 9fb64024b5fad64e
2566 89d95ff0d3baca12
2567 8d23c29fb02c0461
2568 9988e558eb6abda4
2569 0e2e7fcffa93ed65
2570 e1eca228fbfe2a1f
2571 3ade47eff28448c4
2572 66328bdb77618dbf
2573 1e6f3c0d04dbac8f
2574 3653549e4d2473da
2575 58577bb32b2952b9
2576 334df927ac5c6d56
2577 4cb3589b4622ed70
2578 326b7f3aa4714e59
2579 431505a965d28598
2580 70659dd7b508c8d8
2581 3012d9bc29fcdda7
2582 1023dd56e69d12e6
2583 b1001c09aef6c86b
2584 47ea0d96365911d1
2585 c2362f36eaa7bcbe
2586 02554f751026e081
2587 035e959460d60ed9
2588 e37c03506e976c08
2589 cbf41df0a1cea837
2590 12b3f0525e15d84c
2591 23432ae71d18a672
2592 9ad2c01dd2c9d05f
2593 597b716e02a96a52
2594 8fdace06f7858e7d
2595 05e6dcfade722e8d
2596 c0ff8679b7d6ef70
2597 1a10c4860d238593
2598 e913ed5a08d26f6d
2599 67610c816b98949a
2600 073a0476520b011d
2601 4d507dd6c83aeddc
2602 34e87e3f7b3edd70
2603 394f95831adea1cf
2604 2cfe433aef7775bc
2605 d0ee247550552e76
2606 c052839ebfc6b8ef
2607 478db96ca6ce4fce
2608 d5fd463deb5a9679
2609 6ae61fcc59c37741
2610 0f56425597cb3818
2611 4c7e2fc3c393d071
2612 2d4fbb7a15681863
2613 96c035b79cd14cfe
2614 3a0581e7ac6cdf09
2615 c6c2b4febee0fbec
2616 e522cddff24ee620
2617 66cc6feec813047f
2618 3937c45528298a04
2619 e79afe1b10bccbab
2620 b14cb6f4b3b018ef
2621 b0471a9f09f37902
2622 d8a65dd89cb43765
2623 a3b3c7c79f4f61ed
2624 3385c3e4eeea4550
2625 f4ccb57ecbf6b3cd
2626 b911b430778521f4
2627 8711ec4c97027de8
2628 47b0ec4c7a070e1f
2629 8768feb7ef19f74e
2630 3f2d00160a52dd20
2631 f56de8e063cdb1cf
2632 6d8a84eed547d284
2633 24914eb2a77b6e6b
2634 6bba13f0353f2f37
2635 9639e25381b68be6
2636 1f7412dfe38df099
2637 cec9e507bbe08df9
2638 940f5b0462c900c0
2639 3bb024d9cd089c31
2640 77d11b61fabf2cdc
2641 a5b1920d10e72410
2642 88e889c86515c1bf
2643 7dc7aff0c71f2c9a
2644 348104caba43f76b
2645 9bd0e8ccb733b635
2646 f12a30965988c94c
2647 8d2b1debc8aff39b
2648 aca5b588631f2c27
2649 1b545902eaccc76a
2650 6269eb5428cd51c2
2651 4dbb8f21a95a91a1
2652 e22b00e276f72fc3
2653 15669ce3bedb507a
2654 9ccf441a697e02db
2655 bd419f7e7271d553
2656 01edb2d9ad8435b4
2657 a4770b53f2f5085d
2658 acb4d24743c0fc6c
2659 f8946df1518e7d3e
2660 01fa05731cd1e35d
2661 e1a7799558f364d2
2662 7c6c55ac41ab8c04
2663 7abc4691b81c87ad
2664 656af27b01c610ea
2665 6c1657aa76063f11
2666 40f95a75577e13ad
2667 0eec2a48ae2bcecc
2668 69e11428ac0b266d
2669 48f616b7adca9cca
2670 28d0646889fedd8a
2671 b94058d303bad323
2672 e0f20cf103b3d8c2
2673 d0396d09fd35c158
2674 1444c111724f2d4b
2675 9b81e883433a8df4
2676 f090d338bf044179
2677 065a9741a7eeda51
2678 4ae8dfda70d716de
2679 6d137e2d92fa2c47
2680 27ac7d0bb49634a9
2681 5c7005345f8f4f2c
2682 62683d473b6f236a
2683 1f0c81100f631e54
2684 6b7128d150360f5c
2685 700541764f624999
2686 14a29e570487dc64
2687 01f719648f8445ea
2688 6e27043cb63bdeb9
2689 d641169691b3e8a6
2690 a73ac55102fcec77
2691 d16c468e4c538c2f
2692 047278126eb1f0a0
2693 6e52402117f31d0f
2694 1135b113af9bd260
2695 58ebd6a027690ae6
2696 cfb3c7a2fdaa6cb7
2697 935de0efbdc42b48
2698 09e45cf148b0c630
2699 b8c577620ef8a209
2700 c1c6c7a72102c2d0
2701 555f355101246425
2702 2d887647fec3f061
2703 79b91910a894ccbe
2704 67000b7bf47bd6c3
2705 b8e104b4d2d0d833
2706 9580042a4e2c6ca4
2707 5e40bacb96c9b1fb
2708 4450565374388a34
2709 ea5bcb7f24f0f8fc
2710 cce677f0b611bd51
2711 b814e530d801df3e
2712 191ff834a5feb0d4
2713 56edd64033a5a399
2714 8b851e2fd3817fbc
2715 d7509233c9e7f4b5
2716 77d21e08538c75b9
2717 127cf890538a1786
2718 30c20dfe3b690aff
2719 de7134dcb764322a
2720 d2db4625478713d0
2721 a0eb707bc24112e7
2722 5422d6466c6f3dd8
2723 270adcd86a5b5ee8
2724 efd88a2e75387981
2725 4a0c0097846b027e
2726 d3a811eeef59ae8d
2727 b60feb43cbf51c2b
2728 0bdccdd56330c588
2729 e63551a591704ecd
2730 f481987bb6ad4b69
2731 d4e3b2ac735f7876
2732 02bc695c3e454cdb
2733 d4ec0bb02d229caa
2734 7575cdf1c7a2aef4
2735 8fb64565451a4b3b
2736 dcd09bfee6ce8434
2737 84232960e11ee884
2738 4bdb9ec0f7abb119
2739 a4c2637b4e0ddab6
2740 05a84018341d7cb5
2741 f18a73a18eb0956f
2742 bf913225ee2560be
2743 13f2ae3ea5e36b57
2744 1646056393651188
2745 6610a0c169836bb6
2746 e1c81621c4144387
2747 2a74057aaece427a
2748 98aadaf850e882a0
2749 20cd28fd60bd6bbf
2750 9800cd872d049fb0
2751 cd1e47e7b37d9bfb
2752 85c79c2a00b59a9f
2753 d028b31e631ee88c
2754 ca2bcdc9a57f71d3
2755 3c8b0a4c18d3b459
2756 4ab80338a6ede044
2757 872424cad06484f1
2758 23e54b7e1a91c272
2759 52814ce58b974b52
2760 b0f8b22473638617
2761 b1741a0db424dcd8
2762 d777cf02f745aa1a
2763 4a29a871e3b34a89
2764 683530bc1d4f627a
2765 1a9616870608f1a3
2766 9160ee908627061f
2767 249e3b30fe7b5e7c
2768 99ec5c962b427cdb
2769 15fca6a957832c60
2770 5213989d70ec137c
2771 b13e381d01d19015
2772 97c06132e0966766
2773 9f8387fdb592693e
2774 4cc884aa7e9e60a7
2775 771a170c18d47146
2776 00e93518095ca1bb
2777 3ee77cef375b604d
2778 1a8c3d8b701115b6
2779 cc7812ca051d164b
2780 e97f648c74f59dc7
2781 be9e86f155babff4
2782 c5cc7f702dc82a7b
2783 ed3fe6a23b7af6f8
2784 e851a33be96ed9b4
2785 03eda63b926c1421
2786 bad9f7be2de786e2
2787 b8a7e86a4b54819a
2788 048292c53f95d27f
2789 9a0225d795b4bb1e
2790 3c4428c2605a51af
2791 66bfaa5906a577cb
2792 965f3733adfa48a8
2793 9c2ec58329529d81
2794 ebe2f07788a4d33e
2795 7b9c5d40325c8288
2796 babf77a7a6b0ef5f
2797 13d1b23f8969d2b4
2798 2be702ceb1ed6258
2799 79aed0a95d492a81
2800 9b26cf89681e6deb
2801 3d83317f0b615a23
2802 202648a90b2d91e0
2803 587d481276918533
2804 ff8c943f79ee3d99
2805 a7d7e91b1e7c951e
2806 999966016dd0c2a3
2807 3afe242a6250378b
2808 1c7d6be4284634e9
2809 ee9ee8d587312a4b
2810 e180ef957381a667
2811 1be84a6e380b2d4b
2812 f3f28433e0ed67ee
2813 0e1a9bc4ef6799e9
2814 985d4307da6c026f
2815 e3e571dc4a74550a
2816 182a3648575565c3
2817 95918aa4a1488b8a
2818 cac0555533b1c8a2
2819 bcb439f062733259
2820 6db887ee197ad299
2821 3e96c89228f90d45
2822 d474b98339844a38
2823 140223e39635ada7
2824 03939bd643687284
2825 dee6789ed903cda1
2826 ec9f418fcf25b6e4
2827 062cf8ee074630f3
2828 589f6c062e19cef6
2829 be76827df567028d
2830 bc502777931c0e29
2831 702f517cffe8b7ba
2832 5409bf96975b1d8e
2833 4f81a61620565fe7
2834 d6714722cfef7ddd
2835 011cc6b39e889d15
2836 34aa4081330bd13d
2837 68bbca80ba9b750c
2838 4941daa5630a7bea
2839 744ad0f949e7c427
2840 ec8d7dd7b600bc05
2841 563a5ccc6cff00c8
2842 20a97ad91aa30751
2843 b196a0182fb1cc1e
2844 105291255e7175b2
2845 518d28dfa86f925e
2846 cff00d29670a5468
2847 e989af8d1758c8b4
2848 847103880618e38b
2849 72053adf33aa5b65
2850 4b7d81208a532c64
2851 dd7e725bd3db9a6e
2852 ee28daf68a57d356
2853 ab2c0ee929e358b1
2854 87a2714e1bc350ad
2855 7935b8f0c3eac23f
2856 093f007a5b8d8e72
2857 ecb62279e9af558f
2858 7a3fb235ce05a102
2859 955eeeaf2ab157d6
2860 8859095fba4ec45b
2861 f97b6b8c06f56201
2862 acff81cf53f4a537
2863 544c8050035bf5a8
2864 609160ebc4c47387
2865 d140720c01747f1f
2866 94bdfb217402a080
2867 caa328495ab0784c
2868 ac0a845fffe23c8d
2869 4a543f71d2b68ea1
2870 85c764d7f7f70464
2871 0fd79d541af7c37e
2872 823703eb8f9375bf
2873 b0da6505a2defdff
2874 5274d330ae4d905a
2875 9fc397b40a13a508
2876 d640a575d23d4732
2877 2fb854d250c9ba51
2878 6f2b0311612f2884
2879 72990895f0d353f8
2880 96d7101751f05c8b
2881 42f655b32ab67fe5
2882 12c3a5079f984625
2883 3692576b42cd8234
2884 326b9bc3449f4582
2885 3f8b6fdf62d43e1d
2886 495ea554a4fc0ced
2887 fab27d825c0fe3c1
2888 86fac48e33fcccf8
2889 49a2331f84161cc8
2890 c8f9805efb9c0603
2891 667b52db895a9e11
2892 dc3410cdcd1737ea
2893 6561b5e4d2e4df63
2894 426654787510abc4
2895 4c3335b1d91f3f64
2896 cca71a34b418a158
2897 eef6d0f332a21fda
2898 82fd32e3b31478e1
2899 36df39d9843240e3
2900 ec0172621cddaec6
2901 e46295a51d095dbb
2902 50cc8b07ab67d425
2903 5e1a874c320355dd
2904 c6ef9bc4200a9af5
2905 272ec980bc66e409
2906 fa8dc22d3b360dfa
2907 44f7e9ded6e62944
2908 48d56481ffc02d34
2909 f3b12d113f2c4514
2910 8a8621db680367a0
2911 b3d1d2b48d25ee85
2912 62f7aba7328872ef
2913 f9da4abed7edbce5
2914 d95f1b9a1e6d2cbb
2915 27ef81c4f380269a
2916 50003b51da5ee17a
2917 cf00d680ea2e85cd
2918 3de5359f03d53fe2
2919 bf58e5b573e7367e
2920 ea3ad86182ee97de
2921 2607e9272752ce29
2922 a8fec3bba14b4c1b
2923 d027caade608fd90
2924 334700d98e73870d
2925 09697b3871f4e0b1
2926 0ff62cec6993ae35
2927 3e556146ba25db91
2928 90546eb5e907100b
2929 1e6e3a1c308d53d3
2930 76111856a7a5dab5
2931 0cbe1fe4b65ff1eb
2932 512a62566205825f
2933 d54ae53e579dd9b5
2934 8c47fdfa624b410b
2935 73847c551ab82f81
2936 9dbe867d20e4d8f5
2937 3037ae7a7055cd55
2938 5e4e76056a33bad0
2939 6d5c795da3a1abbc
2940 4baa5662e3c6fab2
2941 33703065ceaff1df
2942 c54fabb0534e7559
2943 82a5dc67e92e570c
2944 515ebf3c2de6c22d
2945 bd44e6950d2695d9
2946 90b63ae3f2918211
2947 041287cdb759b0ac
2948 e9d5631b51a1d3f1
2949 39a73f77c64a6224
2950 0b42ed46be7d6ea1
2951 9fa0a5dc828fbbb1
2952 5f5fc2a2c5df4c7f
2953 f49d7d021c5a8698
2954 9cc4efecfde51563
2955 244d56511c7f7cb3
2956 c8b18d8b5eae88c1
2957 a282bd673ac391c2
2958 7aae9c1b8d86de47
2959 9b085d3af60b8fb7
2960 3454c7dc01aaa324
2961 27a57842c5d45e93
2962 e57fd3c5be9d9b16
2963 f2ed41f4be7d1131
2964 ba371687c7145754
2965 b120bf99bff29fcd
2966 75c776303e601419
2967 21c58703dc7718f7
2968 13b46823d485166a
2969 f41e92bc7903bfeb
2970 7fb74dc309850424
2971 f764e6d86147473f
2972 8cedb7c06fb4e0a3
2973 ce286a89f2a5420c
2974 a0636b482a958de9
2975 9bd513d54fa1af90
2976 bc05099e4f0f84a5
2977 0178388a20ff5c7d
2978 642cdcd228981e3e
2979 055a2a5feaf19951
2980 f09e362ef0d2f9fe
2981 455952831dc6582b
2982 9607380b2148e287
2983 4cd66358d4c8afd6
2984 d4036fa6252a4c07
2985 10db18bc1e0a6011
2986 777f01cb4d7116d9
2987 59003dd6dce52e8b
2988 12761c4b04daf942
2989 76188165dd40511d
2990 b1d50d4e516dc7a2
2991 60b0bf232394afa7
2992 c81e4ac7d7e346a8
2993 93b02b87964e4ceb
2994 6fe0b14d32f5dd36
2995 4f37f217009532ed
2996 9fe7157b472c6e16
2997 c998469927a3c3bd
2998 1060d59c677ab3eb
2999 4593f002fcae7d11
3000 32a7f40d0bc476f3
3001 d460fd65bcb1c8f1
3002 6fbe14178359eedf
3003 35dbd024b2bfe619
3004 52846bfb62e86b6a
3005 e45ab0c62c607981
3006 2139ecc17f7930a2
3007 062a9cb4a164f6da
3008 79a60ab663c9e014
3009 18062e86f2aeec38
3010 53e64ed4f7b2c2fe
3011 302380e4dbbc2608
3012 c56b3f05016cadb1
3013 dca5f393e17af8b0
3014 0aaab58baaba8e48
3015 0e70ae9f8b2d97b8
3016 5fdbb52a57f8a551
3017 760bba5a398de69f
3018 ffbfef18d7860976
3019 7ab961702ecccd57
3020 e08c92bd5790e7ec
3021 c0ce4b0bcd4e38a0
3022 557728cfb9a26147
3023 2826e6b5fcc54fbf
3024 682c70545c1d3026
3025 c413860cbcb460aa
3026 d49ac329976be8f0
3027 af674c70f88feb73
3028 8ae9ac650a7895c4
3029 fac363f04ef9f379
3030 ade1582988553ee3
3031 d365ca2911731e10
3032 baabb940f8e075c8
3033 e1631b5122b9d043
3034 04458f8a192470fb
3035 7f3e51d91da96bda
3036 9452750a19942cc3
3037 defbd76ffb395b33
3038 1c55266eea56b12d
3039 39e5281e7de19367
3040 dd88b6d2a0f9d3c3
3041 3594e229d755572d
3042 64e11449daac4551
3043 30b6d79a5b02ee3f
3044 a4ae2433a29d720e
3045 be2f9c820e268ea9
3046 08d0288573405e23
3047 a938bbae6a7468ec
3048 33c8189e82a4b929
3049 55ca95e2a3d587e4
3050 741d374ed9b3267b
3051 8bc649ce320edcdc
3052 83eee6c79355c80b
3053 0269b64a7cdfd28e
3054 a65faf5c06838664
3055 9f56fcdc06ec8788
3056 f804f63806419918
3057 8835dddec30ed58c
3058 7205e8b99e7f9044
3059 67a5cd36b1f3e3ec
3060 6b3c167b523bbcc3
3061 925a8173ac651f3b
3062 0e38725820201ad2
3063 d3d614c1a5d5d21f
3064 968aae5ee13ef3b4
3065 baae5e1820aa0672
3066 47851c608c3952f9
3067 ea50bf8ee858489f
3068 f26cee8ee726b585
3069 48a30a93447928b4
3070 987178aba7f50b6c
3071 1de12267fa01a0bb
3072 e92f60a2d1b037a2
3073 6a1b7a2fc25114e8
3074 83625625835d2978
3075 4f860abca3cf4848
3076 51b80ac0e9007e3e
3077 f8f60728f3b31e36
3078 c65c9c4c4278d73e
3079 60ca1a4e0fb32c72
3080 d423b6c7db9f6ddc
3081 2c349200f4350a44
3082 a2e25d3e3cfbe349
3083 064763a84355d34a
3084 04a0eb15f5fbce48
3085 acf6a445cbf4ab16
3086 f76279e8fb799370
3087 56adeddfad7919d1
3088 3f41e8324e7d4df3
3089 73f7bbb65645e9e0
3090 a235b1ab2b0d15f9
3091 79c86f783591a936
3092 7d51d094c81f409d
3093 431e344f648427c8
3094 bc0bad4a956aec1e
3095 fdde157323c129d8
3096 f9b25e745496a57d
3097 8eeb5a05754e5db9
3098 01fc91ef8e478c1c
3099 da74dadc72d5d6c4
3100 7e99b1ec7e6ee5f0
3101 6b557c378c55104c
3102 295366eb62f62648
3103 a51744df05b3ce45
3104 f1157db0bddc712e
3105 d014780e2e989f5d
3106 481506b566b3c0f9
3107 37fd67664a81f197
3108 535d977ca3dcc7d5
3109 fbce3c55515f03cc
3110 7a065a72188c3a3b
3111 285932aa3fd2ffa8
3112 7837d0eec5bd240b
3113 cdc0d42474a3df93
3114 a2cca5975e645072
3115 ede7438da62bebf4
3116 69b5ab6a83b5bbe3
3117 cfaab1023741f577
3118 525d7f17f720248e
3119 0c0dfb8da3e28060
3120 29e3cd575ac5e810
3121 07f730286408d072
3122 06cabf190866c54c
3123 16c0634ccc22b866
3124 c8ba5057c6bd2259
3125 5ed9acc186fbd92c
3126 c2311acccf4adf8a
3127 435ae3973e4fd1a6
3128 035cf574e677aa17
3129 828346883590e510
3130 bfc5ca7c01beb0c8
3131 0d820e98a53c6949
3132 cb75b20298f2569f
3133 c750518e05abf114
3134 eb665ad40b11d36a
3135 52b47f7438ec5b3b
3136 812d27d4af6fcb53
3137 2ad7cc826dac4adb
3138 f8a7c18a5eece9ca
3139 82106b70dcbbaf62
3140 5e1650b921c077af
3141 2c37da49e0a6b2db
3142 a6b5e3afd5d5d4f9
3143 fa5af927ec0e0ece
3144 ebd354da70e54002
3145 c369c88b275a8649
3146 a3974fc10218081a
3147 99702c307878a1a4
3148 16f8fc4ec8cdbd59
3149 6512333bcd003293
3150 3fb38349b885502c
3151 4778f1f400f7f835
3152 c3ee9d03cdf3edfe
3153 7bff55de75f08a64
3154 de25e34ed8c35005
3155 e85619b658bc4049
3156 fcb16e1b6ede1062
3157 509e54e3f4568262
3158 9e6023de3b5a43c8
3159 b36b79754d908673
3160 37916f4944113085
3161 c6ffc7438c96e430
3162 a36953180386cbe2
3163 d1304a58684240c7
3164 4423b6a8c0ea7bf6
3165 23ba19e2f27d0e6c
3166 ad9ac4cc847ce9de
3167 932920332f08f508
3168 5ecd7e1226cc9dd0
3169 1faacaa032391b2a
3170 a1582dc3598180ce
3171 73997a2cda93729d
3172 d1963706d551a00b
3173 b73150ccc5d63ccc
3174 dee22b9a8452b78f
3175 ced3f2ed5c715faa
3176 72b2ab01663d583d
3177 58a5c5a1747581e4
3178 0a6b59d59af1c02d
3179 174b16117bc13fda
3180 429309f03be0dd57
3181 de11b6f5e7e033c8
3182 688b32fe30710897
3183 19f5c6057d6b882c
3184 dedff85c24fbba1c
3185 acc3d5f161a9bcd5
3186 ee155ad1befc0c9f
3187 dbd49e80a5ffa711
3188 755cbf25b5f4613f
3189 2b4ce166e0fb383c
3190 292e0df692f719b1
3191 8db8b52d3152b394
3192 09347deb6307c4cd
3193 1bf300eb9ea05f1e
3194 4925e1cdf2c298d5
3195 711f412101b9889d
3196 a7f1a290643fc823
3197 35691b79787a8485
3198 bcaabb8aa3303a95
3199 954b34daac2b8d20
3200 a70f761899baec95
3201 6b5bf743e29b028e
3202 0421bdd01e7a6e74
3203 8bf3b1db8218957d
3204 44ab7f5fb5897dd3
3205 c4984287c5d15f5e
3206 1e52e605b6b84274
3207 1d4b3921b26c443a
3208 1418b7c37e764dee
3209 08f840f2316a99b5
3210 df44fdfb8d6a3e8d
3211 8a25b190aff232f4
3212 23a3138ad63bc90c
3213 441b468e7781be71
3214 3b1a1b5f45933726
3215 7e5dfd7876d95911
3216 0a75e2406d7a6b1e
3217 fccdca9ed3340537
3218 2756ce0d50c2d2ab
3219 299fced169c6d136
3220 41bd253739467602
3221 6b9905cabfd5520f
3222 c5b5195a902cf764
3223 bbaf789a3184bd1c
3224 828de61b5d4355d5
3225 121848a7cfda1294
3226 53372f4895c07137
3227 85d7adf3fa0caa0d
3228 a129897610336172
3229 49f2127ae7a8e329
3230 ee45c9dceb2236ef
3231 b17701f9016baa73
3232 b02643007daefd26
3233 125a68722120ff9d
3234 fa917533e0bf5182
3235 31cb1f6403fb0da1
3236 e877cebf3b34fff0
3237 a7264ed721879d02
3238 d1aad951ad46e7cb
3239 01dcb98c557b022a
3240 b8f79a4e4354f5c6
3241 90881c3ce867e73f
3242 7f47e43c583b6055
3243 80640e90852a35f7
3244 4da8f89abd9bc5ea
3245 de495192730ceb0f
3246 3df382e4ff6347ed
3247 e29c1b260c686829
3248 6f571b4358793ac6
3249 3f6930bb92981f98
3250 a0ccba320737921b
3251 c6a214a0b49c8807
3252 475610650ab8cc0f
3253 e22698a97885f5a7
3254 29d10cf45f1032e5
3255 7cd1910e84828b69
3256 d2df1c996c85bd17
3257 004c30b0f2fc9a1d
3258 389a3bb18db32cd3
3259 5a00c6240587ded6
3260 499b32d6d7f80e49
3261 81530a19f5a6e866
3262 ae7112dab53756c0
3263 b425b438c0e4958a
3264 9ce91e6324220df2
3265 eb56a6f455af3366
3266 46f34f8af6963f56
3267 1ec08e549be34daa
3268 ef39374c1c7121e8
3269 72d6c0c9025ea332
3270 fd9fd621c279dd10
3271 3f88277341b55bc8
3272 4ad063614580ce52
3273 4863a908a96c0ac5
3274 76e94d2d60968323
3275 c048f1d0fc7ec35d
3276 ac0ed2d8ce5bebd0
3277 829cb62a21ab1ea9
3278 380e5d7d912f651f
3279 3f840f54a8617f01
3280 7547c963cdf49964
3281 43d8d22400ccedfe
3282 edb6711111b68471
3283 176c4a11d401fb41
3284 3313b62adf978bdb
3285 704f97138f4f7597
3286 d8174756d9a7ee53
3287 06d409c15a7f1b33
3288 f0d75b295c31f733
3289 bd84eebeb88553f5
3290 1f5e653763dcecc8
3291 abdfec2c8e3e8bbc
3292 335cb5f8bb834787
3293 16e94401dbd01e75
3294 25964a7c2d5cc9c9
3295 96d27e0e474966a6
3296 b36877b7ddd8d394
3297 d71d56ccca9af04e
3298 6ec7084bff59d1b8
3299 093544dca0476f86
3300 24f51916131c6cf9
3301 acdc1d872bc04d4b
3302 1982cc40ae7b84c8
3303 924cfd0d321221fb
3304 d4a5b5ecf5b1c513
3305 573cf6b2322a6eb8
3306 df457307a7bd7bc8
3307 e4a0cab987e82c88
3308 f78c9c4e18ca26d1
3309 77d1c20ed416c726
3310 1f3ab1fe10306984
3311 97ad6712fd0eb42e
3312 06c830ba00b84d4b
3313 dea15ef708281fab
3314 1a2e16d46553e9a2
3315 63c9690f98c4d1fa
3316 37456692a01edf42
3317 d6bb60e7cfd6a6e2
3318 26cfa8be5943bd2e
3319 fa754503aa37bf03
3320 36be43b42b0ee9c4
3321 26fc3dbd36acd940
3322 da8c377bb80f2712
3323 3205ed16b057b9cb
3324 547f52e59ac6cd00
3325 22ffbad32d7e81c2
3326 5692942cf67c7618
3327 ea7c93877032d2b3
3328 36ea407efc986cfb
3329 14895ca549622185
3330 af0891ad2a262211
3331 1cbd71e1ff788eff
3332 0e0deba818e24b94
3333 d22e2be6f72f7054
3334 48e1e3097516076f
3335 22ef746cdf9291ee
3336 dc5d400a31774754
3337 9b885c442432b223
3338 b206fa0c5126d3fb
3339 3f65d332dcc0c52b
3340 4bd46763f8e20f28
3341 cf7d5e70a2857e93
3342 a2cac81a7bb7a14b
3343 51e4e156597c53f1
3344 ec33454e147256a3
3345 ea0050b47901a3f2
3346 a64187bd59cc0e1f
3347 20788b514a6a4f09
3348 afc2a7c34e340941
3349 b3388eb54f729803
3350 c9cff3b1596742c8
3351 0b7e344d82032736
3352 866b0d55fa3a5193
3353 db28c6dccd3ab542
3354 726bde13918a5fe3
3355 e4cf85a89afef053
3356 d2c593005017e074
3357 e50701e758f7d623
3358 db8a1b73b335bb05
3359 5bd540f6806f33f1
3360 113adfcdc43c5566
3361 6d7c503c29bff240
3362 fdcd2a7867e4f8b7
3363 dc5513c05706a258
3364 d6cfe0f298e18189
3365 f045bcd369c20ce3
3366 47c7cbfd28b4ea58
3367 cdf3c5d7e6b8e3b3
3368 0cd52a921cfee68c
3369 5663ef4f1740fb2e
3370 4574a6b7da2fa6c4
3371 2a6455b7267a6627
3372 d9b3f7455ea7865e
3373 77c1f5e2f4506c5c
3374 e7d01a299bd878e0
3375 83cf5c63e89bebd6
3376 01ddb7c006a49ff3
3377 0d6ae421c7b92a42
3378 742e6b0fcfd00512
3379 f839858a69ddc6d8
3380 a5238c7eddbbf2b9
3381 e1b0fc3564bb5ed5
3382 561e6ace6a47757a
3383 f3be16baef56f54b
3384 8440465706e4e67f
3385 21e4e3f1c8bf7b85
3386 3640734321cec6fe
3387 a69b7da47f6575ba
3388 6cf27736f7c5b6cc
3389 64be94db798039ee
3390 07e8fbd080533d28
3391 0246ab726ebfe41f
3392 fa4b3870cc3a893e
3393 98c1078c066474d6
3394 5a48592b0e817282
3395 b5fbd096ec615143
3396 fe882c6cf3e0c85e
3397 3bb58199bb4e9ae8
3398 afd989440644cac3
3399 1d9185a32d206153
3400 3822c7b54a75208b
3401 1832aece3b34ca5f
3402 aded34b52b9f61dd
3403 41e84c6ae06536b0
3404 911ea4f0b3fdce79
3405 85003db745ab0cc4
3406 a59255b192befe30
3407 98733dd6d662661b
3408 91adbdd47a1c547a
3409 69678b79c270c391
3410 9caf938d403c86d4
3411 584ea82779fe0996
3412 4de92171a09f5b3d
3413 298da62bafc0a340
3414 de1a809089dea9ae
3415 bfe232f5f07b06d1
3416 94ea6e2fa9aa3b21
3417 4fcef843ebe4c0dc
3418 79ef8ae0baedab51
3419 a62024075fb247f3
3420 1aa3503a530c3c1e
3421 0e1f11c42c6e3fb0
3422 95e7e2a554251f8b
3423 bb3e465acc2fd181
3424 e7b51ba1e13da066
3425 1ddfc2fb438a02aa
3426 82d5c4981333d3b9
3427 74e7ed78d22552ed
3428 321f6de02c87dc06
3429 f9cb748050b9bd34
3430 99fa2f16892425b3
3431 b52b82a3df5d6988
3432 8e17b2dfa6ec6f1d
3433 13238d59d6f05b9a
3434 e58f97681a7b88ea
3435 401d9e8e3a0090fd
3436 bfa1d60be842ec81
3437 d2090be4bf74fcac
3438 5af485fa8a8c4f03
3439 05047b04b52d4c91
3440 9c7810a2d8bbdf62
3441 f5bf93ef3474bf0e
3442 61deb33e9e4a74de
3443 3111c9483ec7632a
3444 365695d975886fd1
3445 38fc688ffd0a65a5
3446 0a459ff8b759c476
3447 59a12553ced7a69e
3448 44ffe9c36a6698e9
3449 eaeca170794a3cbb
3450 894f03c3480aac10
3451 be4e6b2d684d0cef
3452 5232a744d1ba60f7
3453 3bda260e3b45e309
3454 6ae2ddb0881f3908
3455 10c5906ba5c7ac81
3456 f2d6943da9ba7d99
3457 85028e5506b9183a
3458 d42a947075a2e390
3459 1261567680e84a68
3460 0c95ef82ea61cb94
3461 d4e6b6b1a0d575a7
3462 d953cb61345894e9
3463 f0f393f6f0ac212d
3464 a45e4fe8116aba20
3465 36add0adb4cdafef
3466 1622a3780a72c94d
3467 7d35f591c326055a
3468 8bd7483c01de153c
3469 d1e5c3af4dda3dbe
3470 d590953bff00cbb3
3471 9143ce5aa273d9ca
3472 1a9b500d25a60eb4
3473 24a21647877f0734
3474 46dc53edee2754ba
3475 abce397d90625374
3476 98fb0e878fb080cd
3477 90107dac41e23f32
3478 1bc786a6078f4371
3479 f99af6eae519d125
3480 f078e885135e44fa
3481 86189d09693d1949
3482 6f9bb3f427674066
3483 b5ab243631fd319d
3484 5f98c49e4831cd21
3485 ece1fb79d85e0023
3486 b180dcea9f0d830e
3487 b6a13f07d8fe2545
3488 d8053d77525b7b07
3489 1acceb358e26b75d
3490 2221047b6d842ee5
3491 63d43b6ea2114d74
3492 04e59589d350b0fd
3493 baf55e96a8d3a7dc
3494 7656caf99f6888b0
3495 bbc314435a0ba32a
3496 8784d16f57bf49bc
3497 a674ffc426fadbf9
3498 efebeb96cb19a5e5
3499 417bec82d32ff672
3500 f4e818b7a2ae6d06
3501 45397801785be34e
3502 01936262b58282e9
3503 9708db8b2bd92ddf
3504 d87aaeb46feb9d48
3505 60cae4e4e29ae124
3506 219ae1726ca07dbf
3507 7687d80309fa12e1
3508 66d253f277de58c0
3509 aedbb8bb36265aa7
3510 50c6661b22de1913
3511 33b92a61e7ed844e
3512 368be2766a6e8460
3513 242d0f46b3c1ce77
3514 3a85c76ed61c7e79
3515 aa1cff951ed78871
3516 bce0e0097b35ae07
3517 e8a16243754d43c8
3518 75b7cf7b69371603
3519 86e40f96b67e8851
3520 3fe117d043d2f10b
3521 ec80b6f306ab0e12
3522 5b3ca1adf57d8b54
3523 2262e9b4b24b67c2
3524 13795e9a5d669608
3525 88430a0195175634
3526 a95478ddd9aca981
3527 a766b98f625c51b1
3528 0c2228f2dba85913
3529 fb832f53db940621
3530 afd302ff3a0a0d1e
3531 b7dd37cc39253056
3532 26c9c8e5135f811b
3533 c646ce6867f40daf
3534 03fbfec73a298220
3535 8669c077b7457e2e
3536 c54173c7fd26c194
3537 1461b0b1a1aa98a1
3538 52f1b2011e5bf584
3539 55f1a386eb7ed1c8
3540 e1359478da565557
3541 11d54b74930c438c
3542 99e095ba75a20c44
3543 17e612b933299771
3544 9145c7f90236a531
3545 9b7368668ac9ecea
3546 2ed36f7d65c8a554
3547 013a2c244141d64e
3548 c3ab1a879d5ee2c4
3549 17b6b7725da71782
3550 f7d5d89dc62883d0
3551 c81e97356c1e3691
3552 995510336e055710
3553 43cb0d5303e697fd
3554 177e2d2ea349e658
3555 d41a84b03edc2645
3556 4b3068030b734614
3557 f7f2fed50b7a0316
3558 fedec116ff133a96
3559 7f3d4b59abbcd226
3560 10a91705a67942a8
3561 f38dce072c97453c
3562 26bd2267c8ce6f31
3563 7bfd7208b8b5230f
3564 99a8433d1bb242b4
3565 1f945894e25fde14
3566 8157c4f146ba92ea
3567 de378032c5d16575
3568 51d475079feae2df
3569 514802a0c4c24ec7
3570 e026addc2aa14b35
3571 f89ab33d6b2408a7
3572 5f8fe3e055625917
3573 13051791ef377e6e
3574 fa4f6ff8d672a759
3575 d078d9da0b37d164
3576 3f8ad96b1aec4236
3577 f6f538754bef38fa
3578 6a4d5ce0ecb3b56c
3579 51036efed2faaf71
3580 40018020c35cf2e7
3581 cb952b4189fafe09
3582 4f5b623e3893cf2f
3583 8ed5f9f07f2d0987
3584 5a9b7fdd8fa4f396
3585 fc27e4ddf1542200
3586 61bddcf855157f11
3587 c7ce09b38ed1af00
3588 5fbc99f1fe0167fb
3589 9411526849542ccb
3590 fba0f6830f8651b5
3591 ab5b50f8f3818049
3592 d9d489ae4d4582bd
3593 2e68d7b352e5dc99
3594 3df5601e940616d9
3595 f35d757f493b4720
3596 5ddadac541acfaa3
3597 9f17e1da581661f5
3598 53dfbcc7a01bc012
3599 e02ba73f96c02d18
3600 ebf1f0abe26c039d
3601 c3942d5a174cceb1
3602 e527bed1ae2505fa
3603 2057add3895c1d63
3604 545e4987df11863d
3605 d44e2e0d8688df9e
3606 676f29a5c69a83f0
3607 d0d8636967dd08cf
3608 8a48c90a78ef0490
3609 72088ff96f067bbc
3610 374f48eae6b1fb53
3611 884370cd5737e069
3612 a02faab9716ab648
3613 cc4c1ab172bf2afb
3614 311192815ac08614
3615 19c71ea2e9c64f15
3616 4e768d1064ac7da2
3617 430ac62a48e2296a
3618 132200f67209fe70
3619 aa8880192077faf5
3620 b3b031b19dba23ba
3621 a7770fc4d54de919
3622 9f709add04d907c3
3623 9318502c9655d946
3624 c9f443aeef243810
3625 df0af459bbe20821
3626 5a8aeddb6de6d5ae
3627 fad406741e32e596
3628 c7550ae42ad6a681
3629 95280e712c89e4b4
3630 13feb1526ef51136
3631 2a5349bfdd02eb2c
3632 95aaab1a578ca5fb
3633 9014afcaae1e345e
3634 f108154d929e41f6
3635 c119446db500f73d
3636 d1f6e8523a35b0ea
3637 b01ec19423ba34de
3638 b94cd0f2f202fca4
3639 2d1f074587d6c15f
3640 6f39749ade4ba26a
3641 ef3dfe03cdc81475
3642 8eefba7ac724392e
3643 d5d30f9d58691b2f
3644 99cc94225db508a4
3645 51cb02c6d592002c
3646 d6e47470a29317a2
3647 a229ed146cbb7b3a
3648 811200639d94d01f
3649 7f7b02a376cb05af
3650 182197dcfa145d25
3651 9d48f19848989fe3
3652 dacfaf01d882bfed
3653 61101c3b7b2c05e2
3654 0ae0861db465ab52
3655 ee8982c5c0e09e61
3656 206b22e9b46ee488
3657 85c4a9713d259eb9
3658 805e0c074eb688f4
3659 7ae46ebaaee28a7e
3660 ce95f1b4edb4484a
3661 e77f24f45437a424
3662 5702cde5cc2bbef2
3663 86e0ed2d58227745
3664 415cb2df2c67686e
3665 2ac3a9a2ba24009f
3666 50040810f448dcf2
3667 253935779b705fe7
3668 6187b15e503a7a93
3669 fc116d9ce577cd20
3670 ae1927f9c34f0d88
3671 de8b4bca3df0a7fc
3672 02642fb6e3f381ad
3673 7a2d34e3b0f81f07
3674 36ecded1c46f1551
3675 c85d1ea0ce019d9f
3676 3918ced3a52a6f4f
3677 c25d216c9ae0d305
3678 f79b24baf68b703e
3679 8b49528b3297c12f
3680 503406fa27a3a21a
3681 8e9ed1ffddaf3921
3682 a43d8df7603bd706
3683 b6f13fab96d8b577
3684 1d2cd0d5a78b0440
3685 0bfadb0534d91bd1
3686 7f737f8bd87cc6fe
3687 eb1dbf2533d84a2f
3688 d5cb990b3bbbac2c
3689 a6d710a7e06ab917
3690 c38de1392ede0d85
3691 e07f8f94765fb9a4
3692 8d545ec1b49d4ef6
3693 16390b7b59d0ebf3
3694 66c91f6fd58b0b81
3695 29a78e389b56382b
3696 913165da18353a64
3697 22ff782a9d36353f
3698 fd6cfa47263aea08
3699 b95e90db0e2620a5
3700 93a67d1890497bee
3701 73da4fd002d81d29
3702 77475f4cbf5b743b
3703 9203b4f93b8e5c72
3704 a8c1dbba5f720a4f
3705 d5a772da8e03fc8e
3706 43d8dbf2a5640c85
3707 3730ae956ec7f0e8
3708 5fd38db3517ff2ed
3709 f27b9aa95e38b73b
3710 d8e8c6681278d81e
3711 efbeaa4af2e2b841
3712 02f33fe276eca415
3713 58f3f25858ac606f
3714 84ebb2d54f0f7174
3715 6aac8dade5bcfdfb
3716 a3ef8677d0076c75
3717 4d1464e68ca22b20
3718 fcc826022311e7e5
3719 d255776c0fa5f90a
3720 06db5801dae4c86f
3721 904199eb37649c3e
3722 a0b0ec7018f1236f
3723 ffcbf8b806773d89
3724 408683a2237bd096
3725 730fe0ac53cce205
3726 7819f1783aab1c2c
3727 15a209e88a28cf0a
3728 c5e6da1f619b0d35
3729 bb80443ad1293862
3730 75653abc81d1de34
3731 0ecd95a9063e5128
3732 00735d01fbfdf3cd
3733 ec5b572fdf52b72a
3734 ff5dca8b2154a0dc
3735 8f0d4001ff5459c2
3736 d1503e248f2a4213
3737 b35b66f001268cd9
3738 47de2a5d4c438c72
3739 353a1511f9325111
3740 69590fbf382542d8
3741 f9dbab920325b58c
3742 99fba59edbb20cfb
3743 1e3ea7778bb31f22
3744 ffd00f29307aa8cd
3745 8e6db9fcd9897c91
3746 7f313eda54b11c20
3747 7337024734ea900b
3748 ffce9c71da1503cb
3749 9d5f50087936bf3a
3750 1d9902694aaefd5b
3751 6cfcea5fe44e723a
3752 42d528f1225172ea
3753 2f36be176c63edc9
3754 f781983397a7a420
3755 179f6a732c1d3d04
3756 3815f66899baf71b
3757 9061c4e8fa06d7fc
3758 196da87e36c6fe37
3759 6c4f2ffa0495b0e5
3760 f52587480ae39c60
3761 562bd4b035de9cff
3762 c825f6619d218f57
3763 b8a56a6be6463442
3764 099381191a4c8ddb
3765 b222ad1e8782e2a6
3766 401786b79b554e52
3767 9d5e22d7485c22f1
3768 8014496d8816ba90
3769 4b5f1e89e0616d2d
3770 d35adfb0fccf74ef
3771 5ade8bcf155ba4a8
3772 36081b62d6bcc30b
3773 3d9f2179463fcf4d
3774 15aee2d436c53d40
3775 5e2b7515e0c0d4f3
3776 16b0da30da7111e6
3777 ac17fc7b46215688
3778 2a5a719147530ed5
3779 01bee434872216e8
3780 a87f2e453469fde4
3781 6b1ba810f5782f3b
3782 9de45f45551140ea
3783 3a74302557551a6b
3784 20d7b4cde11422d5
3785 4000abd7a0149b2a
3786 fef430d00716857d
3787 00cb79cded4b042d
3788 1c5c5dd983809cc8
3789 38b27cf27de35f93
3790 ee571c2af43d7b2c
3791 3118c697312f8a52
3792 b29137c80663ca21
3793 8c723b9de56ff994
3794 5ef28ddc8c7f42eb
3795 4460505460d1f5ff
3796 dd1655237fef0a06
3797 2d94342920aa9cef
3798 286e531f9653bef5
3799 dfaa04e1b392b22a
3800 7778f31d14882399
3801 9d71d15ea88db579
3802 449d8530dc191900
3803 bb99bc2820af5f89
3804 940dbc786e84ac5b
3805 ea02b0f430dabe34
3806 d542610b17f669f7
3807 a4a15f96b7220d8d
3808 fd72999a543bd020
3809 dda676779685cf25
3810 976c75d5bf30ff03
3811 92c46b3a37194e23
3812 f7a8551aeccf78e8
3813 de104cff9c0447e9
3814 80c6d14894357528
3815 dc0b1f7b8cab9bf6
3816 41b7b668d80a121d
3817 2778945fe902dad7
3818 79393805da79faea
3819 049a942620872212
3820 dcadfc0d1b5f12e5
3821 18a1e4399982eaba
3822 ff95e5903f394ed3
3823 98c9f2eb4aac95e1
3824 89563685c6e990d4
3825 25660a9433aca432
3826 bdf0e69ed9da36cf
3827 2ed6d107ee2ccd0c
3828 e99643c3e0e520ee
3829 56ac3dac856d501e
3830 1b1450e29a6829d4
3831 66eba63fdb14be00
3832 bce9100254153b70
3833 3ffb7d3cc33a6fe9
3834 bc0e5b757282fed8
3835 16b7dbc4b4107e7c
3836 a08dc16a53d597b4
3837 823df9afc6ea5e3c
3838 4c395b98288f5d22
3839 dd876a697dc3e7ac
3840 1210f44205477a19
3841 4b7f4dafc0565860
3842 5611d33eb0081fc5
3843 8a0076f3f7a06409
3844 3e69942a4299a1a4
3845 511d083ab0f44953
3846 aeef877dbbee502e
3847 202a75d47a43f8dc
3848 ebd57a74db3c66c2
3849 465449094e8026e8
3850 94569db0d8b17261
3851 63a3ca0d42aa4804
3852 be2f0ade7ac59209
3853 ac98fe94a5feeb3f
3854 abc29978ec9715c0
3855 3280f128824f9066
3856 5ffb6f0c374fa367
3857 788896a85fed4174
3858 9563da2aa0b7a0f4
3859 d227f42d7bd004c3
3860 2d34d2a4823bf8e9
3861 b3bc4bbc2b448ee3
3862 f1764de08bb96b5c
3863 feb67a94a499a3ab
3864 935d9df266949538
3865 d51a81c8a94f82c3
3866 f6a6376281302926
3867 273dc369b22a9399
3868 e9f6cf2badd16b2b
3869 6c6efa5c788005a9
3870 5084fe4058e40185
3871 5758e5647889f04b
3872 2947750bb52a2680
3873 ed8651778ea824e5
3874 ae23d70681c1d0e3
3875 f90a9cb14917210d
3876 54f58223ac4a89d5
3877 b557e4d41fcb09b6
3878 c0893101f0e8c0df
3879 241c7c5dd46b99b0
3880 b71616ab39eba1a7
3881 d65d91836b3969bf
3882 27579cf850363664
3883 f9cebca5442a6e13
3884 d88a38703b069541
3885 c4e674fce4611916
3886 c981a3b529b27a42
3887 a2e8da4ae1a6243f
3888 25897a90ad02166f
3889 26fc384bb86ee495
3890 af4cdf586852bf9b
3891 1287004097402c0c
3892 5cd1e18befe7e780
3893 331039776764a06e
3894 9ddf025814a858ac
3895 fd2acdbcf3fe6c63
3896 c4dbe63b6e0b3992
3897 c39a094fec0ca423
3898 963764bb7ec15917
3899 f91024df16a9760e
3900 bfa4df41c117e53b
3901 391a6cc3285a5760
3902 6aa999c7141f8042
3903 ba838870419383a9
3904 938f0be39d4c63c5
3905 70dcd1b0b25c1f75
3906 8fa7487f24e8f64c
3907 b885ebce5f72e842
3908 417abf01b2415a7e
3909 d9577f55a950eedb
3910 204d4c97a6c1f22b
3911 68f0386833152ab1
3912 fd1bd9a61c9fa4c2
3913 b105c7ef14b686cc
3914 f4abe74fc6f395a6
3915 9e35531034ae95c8
3916 e814f0ba1a2f3a57
3917 2ddf17a5d788b7f1
3918 b09baafd65fd0231
3919 4c0dc320d32a604a
3920 9841d2a123c158d4
3921 753014ed8ec74f3c
3922 1751fbfbecc2c14e
3923 4097ebfa59959ec5
3924 41b3feef34a2c7cc
3925 e22174ecdfaa2a66
3926 37e9f578e8e4e102
3927 7b757cee190920ae
3928 d58dfaa12bf14dca
3929 daab8cee61c818ce
3930 3cd6fc10a6e1148d
3931 8efe3fee15ef3a49
3932 5bef0bcc5fb94ed1
3933 063a68f2f2febfbf
3934 8c94c7fcceaf8335
3935 e3d6263234a26a0f
3936 1c33867ccf0a20e7
3937 abb296a232cb0b61
3938 9a5dbf8f274c2445
3939 b49b14e69a8aace2
3940 0b73f42319c5f7a0
3941 ae60dc10353d5eda
3942 5109c26b5444e460
3943 4811cb98e01c1623
3944 4a616fa81731e3d6
3945 ac07db368ad4064d
3946 67ca421e20a3e61a
3947 e8b96b3cf599218d
3948 379e721e2aab121f
3949 80508b6cdcc92de6
3950 1ae0ffd38eb5354f
3951 2602cefb513daf04
3952 254e4372c55eb280
3953 134a28385684e599
3954 ea9b726a67f8d528
3955 8ad15619dca520d2
3956 c241cb114a8a1d41
3957 0066fc67461f57ea
3958 3d0f5073c59e1e03
3959 2a205966e601d18f
3960 55be6ec003e0d071
3961 fb2c6af36e3c195a
3962 f6aa384feae89b12
3963 d1dcec08c88e3223
3964 7baf7b94899af94d
3965 0873fb27e81a8cc8
3966 5c8ce7670e001aec
3967 c24f12290ff5378b
3968 c133025f61020260
3969 82e5e0f832a3e953
3970 06d14afd2f8370d7
3971 cc319c5c5a0fe78e
3972 f6c9792eeb4dc461
3973 8d96729151272051
3974 e96726401b1bcf20
3975 0d7953c8f48563f5
3976 dae385b77a7d5a9c
3977 073bfc3950f41b2e
3978 bf4b61500dd4d939
3979 f724b105e3c60b8c
3980 4d49bbf816a55c58
3981 1d52c2c6bc960197
3982 c32ec73c24db2934
3983 7521efaf4204ac7f
3984 8846177c69a868a7
3985 237d008cd1958566
3986 be4b39926febd7b1
3987 50eb27ca4b7f03f9
3988 5daedb130c466718
3989 5955ab8b9489ecd2
3990 82edf7b17da1bc43
3991 b36781bb2ee5cd03
3992 d918c146704808bc
3993 de79e5465431d7c1
3994 b9b76815b49550a6
3995 aad37e57b17e632c
3996 4025fd170933fbaf
3997 57ce6fe23d3b6669
3998 ed41c82f2d72adf1
3999 f1315df4ecc14af4
4000 45cd31f775ac0309
4001 855a7f5547de5955
4002 42cb3d1d08156788
4003 c24d46236e9e08d1
4004 43cc0900362876e9
4005 fbea95ee3e857bb7
4006 8810e763c92cfc47
4007 e0397b7d91fb7968
4008 b6c792efe4209835
4009 ef61ffe10b305d92
4010 7078f024dd2ab99c
4011 d67798ee9779acfc
4012 0f40459c6bc18b43
4013 1f9e05a4d370bb7e
4014 7fb3036aeda892e2
4015 b43cc2c9e69f4210
4016 1a131a438d259b63
4017 f5b14bab4b0a363e
4018 b9ea5762b1aa2df7
4019 8278242ce0e34a54
4020 b8d0c38ef9d7504a
4021 e7526c90c79f9e06
4022 4660bc49410b4da6
4023 68829ba9e2e621ad
4024 96d1e0a5a3489d17
4025 b722245bab1c4824
4026 c5363f4a5531d5a0
4027 27704a48df46ea07
4028 e107ab396abe35f8
4029 741636dfb33ca8f1
4030 640db247514c61bb
4031 25483a4bb7e04b19
4032 48dd09ac9f45df3f
4033 0152f7a34b8e676e
4034 16f65fbd12aea7f7
4035 144101bf59d9a411
4036 1df413ad55dfc09d
4037 ee3ce987082c5c4f
4038 4fd2d32b2adedfda
4039 41e02579905a66c6
4040 201d02cf30d9f7db
4041 5678cd011fcf0be7
4042 2c31a6856125e41f
4043 10b4515bc71ab42f
4044 3691da3e781b315b
4045 799893d880ea4a15
4046 85dcbdd7ae28152f
4047 af895a72abafd16e
4048 bda0bf7802cb6a74
4049 b5f555201e64ea61
4050 01975678fac6c49e
4051 46e6165d4a2e7bcd
4052 fd760d86375a0cb5
4053 a54aead64fb399f4
4054 d7468b1ac3aa206c
4055 5cb2976b79dfc880
4056 b86c42db3dd14c56
4057 564828b0f9637841
4058 66c84fa885eefbd2
4059 f33e439bba50dc84
4060 e64778402b93374d
4061 1031f40c7acbc1e7
4062 3dbfcf184e7b91eb
4063 3ccc67d8afa54d5e
4064 a1d6e1ef05d24024
4065 cb2fd2fe78b44ec9
4066 a0a44a29047e0382
4067 deb516ca1d28e1d2
4068 fa3a0c3ae2839a4b
4069 f2854b88d98cdd5e
4070 bd23aa7500c08024
4071 5e8da5b725125c2f
4072 c06baf2d0ce84a34
4073 3cd4476aeaa4dac8
4074 542affa89793706e
4075 571450a62ba9f51b
4076 b2d4dc706e9e83e9
4077 dbb1563b951f3e77
4078 ae5427a5235c4709
4079 32ee690d228281ef
4080 9202df789a280b76
4081 43d78c2e265d7021
4082 4a8f7445f6d895ff
4083 8638bf8835abe7be
4084 4fc4d3c7ae32cc48
4085 7c80249685ad762b
4086 d20dd6fe9f2f4b23
4087 2659672b20f5e123
4088 1ef26453977ba24e
4089 bff781193ee03d91
4090 1296dca2822311fe
4091 4676415a718655a8
4092 f09855509c4db39f
4093 4e1e4d3426621a5a
4094 dbcaf002ef11129c
4095 f2a3d6cafabfad70
4096 513c02c829e44066
4097 cb58bf7ef2744c2b
4098 47842b5d2561dc1e
4099 aef31650225e4a05
4100 629e20970517b199
4101 71077444e8520767
4102 14b1e67685ed46ce
4103 b2cf39d09625f479
4104 20adc529c7a55b52
4105 77c95d3f750fbf9c
4106 4e52d1041652c45d
4107 ba43810b4e974df4
4108 ee98fb002487f2cf
4109 ed2d374161766d45
4110 ea007d1b5f3c569e
4111 068b8f94d70179cf
4112 d3dd72685594c7a1
4113 bad4002b2d8aecac
4114 59ef5c76bd83015f
4115 4f55142841e142e2
4116 e749611c72eee89e
4117 a3b1410056319ea9
4118 71cf567364937642
4119 2f1a03f32fade0bd
4120 6ffa4f324858a81a
4121 a9ce1078b9d27ce3
4122 0b0a1c5b39d335eb
4123 8962f18d410939c0
4124 5522d7d774a0fe20
4125 8751ec1c521ee0fa
4126 d0e510768f04bd24
4127 5135dee80d4899f4
4128 c18ddf2e4e4e7bf6
4129 eaa89825269a8f10
4130 a4224bf03764536c
4131 23805a985646a995
4132 63536e905728f7c7
4133 cc843423fea20e55
4134 67dcdb01ce23d400
4135 d7251729ed71924d
4136 0fbc200589dbf125
4137 15ed4d2d235162b7
4138 82b3f1a99975ede1
4139 3c19d14ba94fd80d
4140 8ff16beb727a5abb
4141 7383e796e3a2a3cb
4142 7e5e46962625df5e
4143 09b972d3f679b076
4144 e63d80738f31a000
4145 951d05873b375d3e
4146 8a00d0c9e96041cd
4147 55450dc28114dfdc
4148 4c46f77bdd957398
4149 a4adc68ea994c4a7
4150 1d38554f5e5ac8e4
4151 fa709d41a3adf5c7
4152 a2f090b23468eba7
4153 f75e7a1c1de2fd16
4154 6876cf86218b7549
4155 15f0d88b3988c8a9
4156 fb5e822c17bc094c
4157 ff2b705ce814aca9
4158 28f58b1b03587334
4159 1629b0e7c7f21918
4160 f59bd59e2b7b8ccb
4161 f2dd5e83fed2b18f
4162 282553fa60f35bb4
4163 1546b1cd29cc0296
4164 cbb1e9faa884d151
4165 18192e9099906bad
4166 f914123d53c81691
4167 469b24f6c57a5dce
4168 fb9b2a4f0e80ff5b
4169 d0f7bf2e5e807daa
4170 f04fb1009cea9afc
4171 a8ede71e00e7ba13
4172 d1d88e1152fadd14
4173 e87dd87db528ccc8
4174 d83831e8bfc25581
4175 d93fd971ffba3b9a
4176 eef2d01351c1157d
4177 e943b9c05d389573
4178 5e64e6ae5b231d00
4179 e3f1eb6a70df9031
4180 bdd69aa72c42895d
4181 f35796965706ae1e
4182 739741788531fa4b
4183 ac07d9e886eaec56
4184 654a771863f57e74
4185 41278d9a5ac2ebdf
4186 a19aefd598a408d8
4187 410854f60a97ac40
4188 6e50e1438213c6b9
4189 2aacb29047e3990a
4190 e7be4b305c3d0cd8
4191 9ef0b6a4820cc896
4192 7d352c3da25cbfdf
4193 a73f23a7bb96f6da
4194 fe5b2ce3c1d4b8c9
4195 cd342aeda463f3a3
4196 aaf5b13c92df62fa
4197 a8006411323ed783
4198 edad3aa739f11f58
4199 9c54058a3cb934c7
4200 2f57dc0a647cbe13
4201 0ea7577775b0e22f
4202 e0f2a5c03e08434b
4203 0d95d24c2b1355e3
4204 4b9a75a0345a0c9f
4205 d88cc4b180dccb54
4206 821f08965f077faa
4207 996a594793969c78
4208 5cb9a3c1f7cc52a1
4209 63a0954cecf6dae9
4210 641a3c4c67f58dbe
4211 434bdc7414dfb1e1
4212 98c06b5d104f13b4
4213 0d5a7057597450f3
4214 ca0fc7b328a77afb
4215 8c6048426467a25d
4216 6ad4865d487c937d
4217 5900ab127c7675cc
4218 9584ed1dfe09e7c9
4219 750a1c75c3f6d52c
4220 5e8133c67a763372
4221 fc0d3e928c52b4c3
4222 64e75c49c441ae24
4223 3067b4204ec42543
4224 5e5dadeeda4d1571
4225 e6c29040f506f970
4226 52be26c40cc65017
4227 b99457dac37155e3
4228 5ec0bec55595242f
4229 aef3ccf4b9f08eae
4230 0a735e2821ce5e35
4231 aa255fc2e0bea851
4232 05a72c2b4913eedf
4233 f78923d7cc787893
4234 ce7e54751f5e774a
4235 f2d9080b115ff7ab
4236 0d2e718666340cd3
4237 d6ca37194f8c7a36
4238 c41a1291129720ac
4239 3030e3feeff3f30e
4240 e44905605252c682
4241 0df529f5e2e3a96c
4242 255aa82b345aed0f
4243 a0b2e05390a814e1
4244 669a2b439d47c1b6
4245 e9a4e93203221265
4246 41b1b780b8d27eb7
4247 cd2527138d0782f4
4248 eb4deaabc7dd2dca
4249 cdd25a8b5600f133
4250 18beacdd8e3b3b71
4251 ee83d63ed858cfe7
4252 2ed707888d4fd018
4253 43fe9a965537c74c
4254 62d55ba49ce46271
4255 61d86f9a248aea6f
4256 d789aacfc663ba78
4257 97dde0851045d445
4258 709d1324299d0983
4259 0da4ec8115dcae3c
4260 9d038c7ef5fe6b37
4261 bd77e08a50a4e1c2
4262 a13d84cb1036c59b
4263 c40391d95fbbdd7e
4264 1c89adf9d0b4d803
4265 d1db78a52d557cc2
4266 1f53d18f86faf342
4267 6cf023558f915d87
4268 1d48e0d1309b8924
4269 089b2e1f475454dd
4270 9a0df12b2300f8c5
4271 6790c9809c48e7b3
4272 4b286d048ce69013
4273 c4f8052c5bb99b60
4274 ca0cec34d26d8989
4275 891583242153a1d5
4276 b9553295c705035b
4277 771e8e8963f2a6f3
4278 c0e01ddf661499ba
4279 bd4537d9b9e027f8
4280 a3bd2cb6e2812b0e
4281 f43e6bfea2d12a54
4282 3b4a2af78276a2eb
4283 d4fed2dcf8913cf5
4284 4054980457eba4b0
4285 90408b4e4b362a1b
4286 b9670618cccd64d4
4287 1d67470eb0c95d75
4288 b125de46607ac239
4289 48c5133222d01923
4290 b7d56d623a7630ac
4291 c9ea48acd8187f8d
4292 41eda4b1178949b1
4293 22cce20330ef920e
4294 1b2e04b91fc995b2
4295 e978f21b60da2d85
4296 330c5149de2cfdce
4297 300786470ddfc1ff
4298 e8d8d184db779857
4299 7213e4f348465b7d
4300 97d2ae2f9274321c
4301 d2379c00e3dec19d
4302 99873fc7e20ea682
4303 36239ca1eedb0c71
4304 77357e531a6c1fca
4305 f10263258fda4d2f
4306 032b24e4ed70277b
4307 35528df8bf9175a7
4308 d5245a3e640b5a9b
4309 96dd88985bad24ed
4310 d4cb949d574b5697
4311 f8a7bd5c640d09e4
4312 54afcbcfdcdf43a9
4313 cef8b58a7fce6834
4314 6d73ccf3e880ec4d
4315 47140d716458fea6
4316 abdbd16122bb4224
4317 62aa82ccc7a54aea
4318 dae8c02107b08ac9
4319 5103ae51532e32f1
4320 901b98641ceb74bd
4321 1e64f28fa680d41b
4322 e54c241f96cf238d
4323 46b2ae244ff3ab7e
4324 0f6296112250b187
4325 95ec487b30de1ac3
4326 108ec1c95895108e
4327 b5b3a3b7490cee03
4328 4020374cfaa1e7dc
4329 874ad4cd362e9f13
4330 417433343021f0a8
4331 8366a559527736bb
4332 800f0ca0fa2c76f0
4333 d6761985495a5f60
4334 7ddf008f1aac6b65
4335 cc1cf43cbc6cdd1e
4336 9ec7b802fd3dbaa5
4337 951f1e9122117f0f
4338 ad2a57395f43e2a8
4339 b9eef83aaf691c7a
4340 9a54d691a59826ef
4341 ef86ae61d8b07254
4342 bb662df697843075
4343 5043e87211262e2f
4344 3c5e6039a9d3ed6b
4345 025c2f6e4cb82c54
4346 33e8c5eb9e8b61d6
4347 7a395355e82a2200
4348 3d408266b3bd3ca0
4349 91019f6de4950203
4350 4352edbc90924838
4351 18d176d36f002e41
4352 2cdf38e2ef6ce6b4
4353 65aae3c04baf0ae3
4354 4d06eeb0e3511e70
4355 21f125dad227b39f
4356 76a857b83401094a
4357 112db5a18ef2c85b
4358 752ede0eeb25d580
4359 7fe4268e3551fd8c
4360 9155d9e1ddd9db0c
4361 df0941546f6b5614
4362 222de362b1d8369a
4363 40a8a2859e032e79
4364 7f0bd4082de5d362
4365 c57913e5a125d980
4366 c05232883904529e
4367 0335bb6bb93eca7f
4368 6717d4cda52ffe99
4369 47ad654fc9ba1332
4370 11e192786346a386
4371 0584169b7761317e
4372 fbb99e19e32bdb98
4373 7a0da55c4ee9c3e9
4374 0c2f0366f15f781d
4375 94db493db4b95199
4376 05fbd15614864611
4377 58c295e6164348d0
4378 a76b5fa00b84fb2a
4379 36ce3fc9b7d4d4aa
4380 76dfe721e35b165d
4381 ff4982adf2026ccf
4382 86642c39c73a8a4d
4383 5d040abd7fc7659b
4384 29fe4f515109f78e
4385 546f8a12e5697c82
4386 de3619cf6c574be0
4387 82887180b74f20cd
4388 cbf16f3751c75ba5
4389 9366e1184ddb672d
4390 9c270991470860ed
4391 55aed89e572fb018
4392 2276d903043c81ee
4393 02f8339d3f51a886
4394 9b3a29b475bc62b2
4395 5963e45aee98a968
4396 467c00d05b747904
4397 900fd3dbcb1bc8fe
4398 f87dbe4850eeb507
4399 3b7a7d3a61c632bb
4400 b93330852a8f045f
4401 eecb4cab9aa1b0fe
4402 df955a5c8e24d844
4403 28c79d9f42dff4b6
4404 6a3b2e2a7c4e3914
4405 2c35a0230e91212f
4406 f785c127563df600
4407 97eee11e1206ab95
4408 2a892f328d295a1c
4409 54ff0699cd136ba4
4410 3b30f08155a75bb1
4411 422aa0a64803c480
4412 df816b5986354847
4413 656b876297b4a7c5
4414 b6c9c4b5dcc30a91
4415 7e2b62e8dcb0c1c0
4416 7a089118ceaa7e24
4417 1537c0ec23b99d5a
4418 601746205aa34125
4419 68d292ade8bea783
4420 ee1e5547b0cf477a
4421 2009de412228d8c0
4422 4449a4f85c8bc68f
4423 c7d74fd95858839d
4424 c0b7a0eb5038e12b
4425 47beca2aeb003a59
4426 b7d2acb85cc1dfbd
4427 6770559428e8a2ff
4428 59b6cedb39e8a6f8
4429 5888845ed6d67a72
4430 b7a8806667489547
4431 6e7407c54607eb15
4432 5efa5ec447d82d29
4433 811e25cee58f5335
4434 6d61fd20a6224c67
4435 ab61f14fcc0f13bb
4436 9510adfd9cd19ad5
4437 10bb72d281ae8e0b
4438 b0f79fcdd7d6dd2a
4439 f302f90d4c96ef51
4440 b3e0d22068b41751
4441 31b82431352d21e3
4442 62b6d82424ca2e97
4443 e7e05fd75fe95b48
4444 1fea18733bfab386
4445 77dec3737d1138be
4446 8d38e4bb06d92daa
4447 77020a33153399a5
4448 09a9be27f3e8a286
4449 108e87725e7504f0
4450 072eab00b921fe29
4451 3b92a27409f0d100
4452 10ee0e2fff06f15a
4453 3a239898f4e72af0
4454 f44e65e4766a08cc
4455 75213866bb73742c
4456 e566fd011517ef27
4457 3bea5523096cc66b
4458 cfda5e1b5277c391
4459 233094d29e110678
4460 9f6af44c9fb15f59
4461 d4965030d233fe13
4462 c232c09e75273f92
4463 64693890747c0e4c
4464 2b7f4787d7deaab5
4465 bd2b9df4f3155f05
4466 103c322a798bee56
4467 7d330dbbb5dd3297
4468 225b116a805b104e
4469 b94a60c1497df68f
4470 061ea3708f448258
4471 8afd6e28124b6349
4472 c4206578e31b9a88
4473 390ca0a46453086b
4474 03550b0009486b01
4475 7cb1c5d24016eee9
4476 e1d57726cbdfa572
4477 7ec55465d480b48e
4478 85c72ea3ff291274
4479 766f535077ed6821
4480 0048a3df0d51350c
4481 6bfef2cb44073334
4482 f2c85b9c4b6a5fa3
4483 b3ecfc9c7ebf56de
4484 c9eef4b1e7fc8da6
4485 06c188e7883857c1
4486 e9d74442e417d998
4487 f8d89510bd495a4e
4488 b451afcfacc64691
4489 4832783e6ef695e6
4490 5128b43603ec4121
4491 afa813b2d30428b5
4492 0bfb49f49a3fae54
4493 0da05eaf7578dc97
4494 82937344d7141e01
4495 7d0db7a56875c88b
4496 e6a33f2625deb598
4497 af56fbc7beb157c0
4498 aad40220213672cc
4499 f46bfae2c1237f01
4500 03249921b682bd8b
4501 0dada218af053501
4502 69eb32563dac1777
4503 f4b26a79b38c15b4
4504 28f2c7cfc6d4afa1
4505 aefa7e553faa815c
4506 fa96deecc3e2e1de
4507 db4d9651165b6f62
4508 63b3a8d591e34869
4509 b556da9c17a2b409
4510 957fa6431a25c5f6
4511 2c7c69820e670483
4512 e1b75f8221b824bb
4513 5fef43ea58ba4a0b
4514 c79a09ffa68c12c4
4515 1078d0c79c978b49
4516 38305f6cb8064f8d
4517 fa68c98c92891ed6
4518 45c16789b76f8eb0
4519 2e4629967b16f263
4520 a602981867396b89
4521 3f7647caef4de32d
4522 1eb7ad6472590cb8
4523 9e8dd17084c68f18
4524 87f0d709108c9e33
4525 babcf14edb1020a0
4526 30c5be466c5a131f
4527 e2d01f92c839b5d7
4528 d3d9cdc3ac7eb1f8
4529 1ee42c291a47cb05
4530 351828d8838dd2e3
4531 8675530b509a7b42
4532 696f75db2d812c94
4533 5933b3be3a368d0a
4534 1df67b70e1a93ac5
4535 ca6803e3892d5a24
4536 3556b44b8755ec73
4537 6eb816f447bae4b3
4538 ff608b4ff7e74fb0
4539 f44887780eb3fcb9
4540 f7419b64c9b15464
4541 2c58edac3e1e1da5
4542 734cc5f10d41d628
4543 686bb20dd607a747
4544 fee745a681eeb337
4545 3e773b47bffe0b77
4546 858df9cb354ef6c5
4547 477b80282d6c356f
4548 a548956f35d87c88
4549 e74faeddfb3fa595
4550 02b32492d61849db
4551 52183e28f9eae2ba
4552 f52b4c49a9611d5f
4553 5e22165ba71b08df
4554 d573e368d764d552
4555 302c683f2f703b23
4556 2ccf9c625f392f1f
4557 58ae47352fd353cf
4558 ce91ea2e4260a0dd
4559 e493f0ed3077b80d
4560 674fe13a0c4325e6
4561 ae4e09c60ac54d74
4562 e008130b037481a9
4563 a3c9191392f3866d
4564 6c90c35257f9ca2a
4565 428d505c8e195b4d
4566 ea3213396d88ca1a
4567 1cd5bbd88bb5ba27
4568 82c0d2e6747b3fe1
4569 38f49b58dd89a54b
4570 9a851718b37919a9
4571 4105320caa9a5ebb
4572 53947742ca993fbf
4573 605ad928e7c05fd0
4574 e07b5b19d3ec4526
4575 6c885ede701edf1f
4576 cf1442ab32f2c643
4577 1688d3f38bf98434
4578 44bc1eb95901477a
4579 9583e9ca8996629e
4580 98b0a541387ebd6b
4581 86a03551c23492d4
4582 29318a38180ad864
4583 e75b4572d818d741
4584 dceb4cbba923021c
4585 6c714c45acd3fbe0
4586 2aedb20b7c90549b
4587 129cc9dca8807ae4
4588 67af7d4e8392b66e
4589 eb9fe5bf90ab2f55
4590 9ae768a305c67797
4591 a7c0e2ff8d9fc867
4592 390cac433b3820dd
4593 cfbde238682e4765
4594 ae6cf25e371ae897
4595 76cbe6f36650eb68
4596 5c4e1f101449d3d6
4597 2b05d37baa21b734
4598 44fff1bc20f3031b
4599 b5ef294234846e40
4600 329c2f9d908ff6ae
4601 0577857690e38248
4602 5d9a8093050e14ec
4603 81447a6f04d0f832
4604 577375701929922c
4605 497019cb1d63ee7a
4606 cca160e43a98e08a
4607 f13993f25116429b
4608 48a873e934fcfbaf
4609 b2b953a8d6002558
4610 28704f994e489ce4
4611 d20ecccea1754a9e
4612 adf30e5628e4f4c7
4613 1f78a06f05d1cbea
4614 7b1767f2b85ab9ea
4615 8a3e50c34e3f9f7b
4616 88a3b4163b2ee2cc
4617 d4a8f3633206fea0
4618 5f4d3d9de973bd6d
4619 a73d9caf0c243999
4620 1e1e014d6e83757f
4621 76309b4a74d678c5
4622 9524730b2bc175a7
4623 e4d7fac3a02df445
4624 71c496876ee35e43
4625 612e0aa7ddcd1219
4626 f4587debd2b1c31d
4627 2dc38b4b0d0b7b56
4628 7f4bb825fbb64a24
4629 1acff6fbe162089d
4630 e134028d6820a968
4631 00c4e90da7ddf44b
4632 ac61f50389dddce7
4633 dadaa2d00000ef95
4634 6c263f440c3d0bff
4635 d8c7b5435ec39945
4636 cd6017bbfc0c7893
4637 e2240f280fe040fa
4638 88652e49cd3065d6
4639 3459719c747cee29
4640 419856c9a8f83eb1
4641 f044b73184f24f50
4642 84286352419d7622
4643 259a3b41aeb21fe6
4644 79196502737d92e4
4645 7018d1ab59ae13d8
4646 c72e0eacde0158ba
4647 8c74eb4738d89987
4648 2f16cb71550dec02
4649 56cc20a0b2545772
4650 bb4ca7eb545c872f
4651 9574678ebf8dc929
4652 e458033883438e05
4653 5a75ea845ed56440
4654 6632b8df2dcbd422
4655 0b8e675969af71a2
4656 e2a83b8306335268
4657 5053c3bb042371ba
4658 773faac1e086989c
4659 fec7630490946d03
4660 5d57cbec3478a023
4661 ab9497542af90152
4662 b0334fb7994db811
4663 58e843e2233fbdb6
4664 cdf295c4316b3e06
4665 56054d2a9273f1de
4666 a7cc3ea61ce9bee4
4667 281d694a601159bc
4668 aab35111f53d312e
4669 ab5ff2b6e22acfec
4670 eff72b285c219585
4671 fe35997dc7d09d12
4672 38ba7a1a6ce9571c
4673 03f5f1b9767aa7b1
4674 0695092beb594195
4675 ae51d43245e31943
4676 2baf6ef42260f74f
4677 8e65019fede1e401
4678 677058b4de20a673
4679 13289bd2de2bbfbc
4680 35dbc0c64c0f1cf9
4681 7686ad458e2259ff
4682 77b0c519b513737e
4683 5fec91f5daa37b78
4684 370070f5af80c755
4685 9234f046a4611ff9
4686 ad412710e44be7d1
4687 8fae7dc6074e01fd
4688 7b7eacc5d5fab785
4689 4fc5ab92701b6b87
4690 5f905d41355b16f5
4691 1e229ddbdf1ce55e
4692 c63a490972b604c0
4693 d399866817312f93
4694 1785de222d5239fb
4695 3df501afc3917695
4696 abd74dabd69d80b5
4697 0cca76b3671f43f5
4698 6c8dddb1f4505075
4699 c57badc43dfb05bd
4700 bf4fb3ff948577e1
4701 8db8f9094427277f
4702 07f1a38d53b1bcf8
4703 4cfd0915ee18e173
4704 a71bbc995838e485
4705 c530a8671fa530ce
4706 1cc2eff6b8347f1a
4707 53dcb77c60353f92
4708 f49e6cec829d75f4
4709 8e4087625af3e742
4710 4e72ba73bb991b34
4711 685ea508df7b606b
4712 9d4acc417d4e8e68
4713 b7b76fc287571316
4714 61fa66bbbebede09
4715 c2915687bb8a2ea3
4716 c494a7dc560fb35c
4717 c134457b275f7140
4718 ff3e09e5c01a30a8
4719 dc8527ba3a3f5ce3
4720 dd3dbedb34b03522
4721 e08492c9d66cac1e
4722 c22561184e8fadfc
4723 69af9e7d38b7e3f9
4724 4874b1f696c18b95
4725 8d3caf760913886c
4726 9729e42b8ffc313a
4727 12b9bf7fbc48b348
4728 2a09c596c2fb24f6
4729 1db00d10b46c58c2
4730 118b0eef016e9c50
4731 856d2a476c1ce784
4732 be594551672b68e4
4733 6461500aef00c080
4734 1bcd8bbe7537d16f
4735 d10ba2b53ae743aa
4736 191ba6b1846863a0
4737 816a06b5497fe195
4738 9c6e92404a90742d
4739 557f834408d2c955
4740 4637384b31ee0ad1
4741 c13c1e9beffe9ddf
4742 de444377eee8f667
4743 48d68acd467502c4
4744 f4192ddaa2363afc
4745 8a43cc7ab7b6abb7
4746 4726ea242d9fc5c4
4747 07458223fc35de84
4748 a0a09246d405c28f
4749 de92459cb318ad81
4750 fb04d2f4775f13b9
4751 eeb83480ffc4ab7e
4752 2be8c98bc1a8ece1
4753 c28866e2f0e1a1fd
4754 8a2b838782d8571d
4755 fa16af9ed42e3b74
4756 57ac2cbd5cfdb34e
4757 d2976ebab3ba25fd
4758 a803495a4e45e379
4759 1338c7a98b7e2091
4760 3cd4b4f8fd9b2a87
4761 ae84466d54053475
4762 3482c115315a399f
4763 36023ba0ec713ee1
4764 f4ddc8a9954953b5
4765 72968aab85017ed5
4766 7d937ee92b2afe10
4767 8276c650499a7121
4768 a26f05853443c329
4769 b2e51344b8ab2ab3
4770 39d3d63054cc9f1a
4771 c7cb05bb5629a6a6
4772 d7c293398077809e
4773 d3a9e6ced4469260
4774 a0a5d405c3d1e832
4775 2c7bb7a436a7f037
4776 8dc524ded7a73f0b
4777 a0f694cbf3514b42
4778 977bf145e13d343d
4779 dbc2f2c3523ad251
4780 51ecbb0c75cd1c9c
4781 bb7a368addcdb926
4782 a70a6cefe15752d0
4783 e298f2e9b8e1cc6b
4784 dea823dd47836b32
4785 59c7329037e9d49a
4786 859d5fad9cbe9236
4787 136d6c7f6b68427d
4788 4e5ff02714e60e87
4789 69ced49ed8b5fb72
4790 6f4c8e01f0e80848
4791 721308bf2506f277
4792 9d7d9daf0adabc60
4793 3ba31b46e82fb30e
4794 06b5bb608112da7f
4795 b4503a736cbf5ee4
4796 1d59385e9a71c0be
4797 bc432573c057c5f6
4798 122d94474873098d
4799 1ee08ca2152aa964
4800 53a05af6216ec1c8
4801 339432aab33d242c
4802 79219059f9a5d959
4803 de32a267030ab343
4804 749d55384db3f3e7
4805 b9e4babe75f8de5f
4806 a187e4dc57e49353
4807 8decbc34561bbc58
4808 8cb4f4ec6eedf1da
4809 a82396346c4d08ab
4810 58e06524f66306a2
4811 914e52ceaf943ac2
4812 ca9cb509e8156cc1
4813 e2e6b0627fc8ff47
4814 537c7568c1c1b0e9
4815 4e1499d2b4262744
4816 8a98f7da4c4b653d
4817 8c57bd9dde1331ff
4818 513f402144cf0ca7
4819 44eaaaeb22333453
4820 18420ffcff0ec3bc
4821 5e3379bb1b10c755
4822 10c5a0407693fc45
4823 c6e15a5448b7c485
4824 4848c135e373691d
4825 41202211652cfabf
4826 dcfb9fffc2d9bc7e
4827 faa1f3437ab499f3
4828 eb7078a9d56cb57d
4829 f50277aae9b959df
4830 83a25b6389641dbc
4831 cf9ae56f1b4c426b
4832 df07957e7a42f377
4833 91f7132a453c9a7f
4834 9f8afe99203d4ae4
4835 584f798ae2e3140e
4836 60f2ff94c5d981d4
4837 2817ce61c430765c
4838 5ac8f269dfca57a2
4839 6e411df95ca50fc7
4840 240709caffe98157
4841 48d95a03d236872c
4842 5efec2b0d48afc5d
4843 b0a85a63783d76d3
4844 d35e3c7937cb1bc7
4845 95036ce3d2834c10
4846 0e6b0675fdeb1862
4847 81286d634cd0d0b3
4848 f387284f1e5c0160
4849 0b5ec55a31af2d7e
4850 a73b4ac51e169b98
4851 05a5697da759da70
4852 8039fe777fab64d9
4853 55abc7d6b39342d8
4854 fcfbb7ae4dd1f18c
4855 95649b84a366a90c
4856 5c1eb71ce04285ca
4857 41566d096d95beb6
4858 968d74719dd9d13b
4859 5740f3d872a0709c
4860 e044f9e96addb91a
4861 04d40084e564a6e8
4862 608bdce6b15fb639
4863 65eb0e76e157cac2
4864 5a62740d222f4c2c
4865 1bde77672596140c
4866 e8ff41034c4a1d79
4867 55199c74666aa4f3
4868 24de7d2208aedb3d
4869 c43a2cad4dc1efb2
4870 e159e00135cc6205
4871 67de466172628e3a
4872 b9816a65a5d595ac
4873 d20b9a559d73a5a7
4874 721c15dd7fd971be
4875 dd929c9db0d05db4
4876 be600a6b077b7e7e
4877 5ff206190da5237d
4878 c191ef56c071e14d
4879 d9a92c59b1b31f64
4880 7c3b14e103a6b46e
4881 49a85930e1b30920
4882 2ab2b4c4c60c88e6
4883 c71fdab76b9f9f50
4884 662725fbc7550de5
4885 f35a2d09c5f6786a
4886 449f47fe6ce9dcd6
4887 fa52a748ceb9588c
4888 f4b9a5f4adf91c08
4889 5bfa3b51742358e2
4890 3e6c41025eecb7e1
4891 d09828682a9b0ffe
4892 eab8c58dbba25d56
4893 871cc7cc37fe7558
4894 ef53587802f1916a
4895 93dcb668af9a44a0
4896 7708250ff31d2eae
4897 e66028c361d7dee0
4898 6ebfdf84188a977d
4899 ddd82095761fed8d
4900 67b082465f066b13
4901 b96865ebafb3335c
4902 48889fcec1f37c29
4903 f77032b9c7efdc16
4904 841d0c50f4d9bdb2
4905 36770a65ff294a45
4906 261d704e93b9b252
4907 bdf95b6720b0f1cc
4908 07d3a1c5acf8831e
4909 c013efe2af8c4c53
4910 636021aa54e4e6db
4911 ee78a338ce5f303c
4912 36ee19098d4fafc1
4913 f19046b795efd461
4914 98105a231a4c26c3
4915 a3b13a52b2047f25
4916 001db4f2ba12ab06
4917 59f17895cd7516c1
4918 2cfa9887fded2327
4919 4dee5ef1edde9dee
4920 3a5cb236b0a705c7
4921 b0b40d939ab78383
4922 1cd9969b9c2d7f4a
4923 8345d9e187f82903
4924 75668a21956e12e3
4925 55b243d3ea88b9e3
4926 eb0aa4b32bcb3cc9
4927 e2df851ef4c487dd
4928 056c64d8aa3d7ab3
4929 7cfa64b9baccbcc5
4930 12699fbaf2434121
4931 eb688505ac9730c8
4932 3d29eeb4ff1b9a50
4933 52b927098664c797
4934 1a76fc948c3dac24
4935 4fe2d55db821564b
4936 d46b58433962fb37
4937 480493506ba94f0c
4938 03ca9901f6bc2fad
4939 cf689a10310d42a4
4940 2af96dc054c4eb02
4941 2c3558dc89f43d0d
4942 4cb0778b0d1272fd
4943 3551f821b37ceb1e
4944 3058ddee402eddf0
4945 d93c7ba44c99ca31
4946 2c2e91b2517b7931
4947 cc676e3ed6f55aff
4948 7bb755d6244d518a
4949 d01d42fe4a694af1
4950 73ed7acb27aa5093
4951 d8509ac683c00eec
4952 d2eccaca298c2e35
4953 f27d0017980c4103
4954 6d30e4de3528fd3c
4955 60d53b618506737d
4956 bd07b0710bfa3cb5
4957 a8aaf7eb4f7861a9
4958 ab239f6d9ac20bd9
4959 527d0efce4951145
4960 813b59de0a4bb629
4961 20ec046e8af1d037
4962 4a45cde6bea4de6a
4963 eb3bcf55b5e3321e
4964 f2ec3e6a93cf4752
4965 b763c6609287abe3
4966 b42b6ed3d6a69f20
4967 a409a3bc5e2a5959
4968 8ecbabf406695519
4969 d2de07ec8523434d
4970 010b432d45db9933
4971 643f7d3f0fa67909
4972 b5fd9c539db3903d
4973 f6ef9d93f8c656ca
4974 c013d9ff77d49638
4975 1bb1a3b6522c5c4f
4976 cc245face44803bd
4977 81e6cc42c9e8dbbe
4978 590ce3fffc174eae
4979 07c98a73212e9f56
4980 ef962272cb5e919f
4981 2f5b8b142dfa3242
4982 5e85fff7eea4d608
4983 b52183eabed383db
4984 f499439848d1daf0
4985 ae986ed6d7dab54a
4986 da33d0348f908fab
4987 7d1fe2dabd33733e
4988 3521f01f1b5600b4
4989 694f7dce0a1d18d0
4990 f1b5a6c46a3bb858
4991 4048de3e6bc7d8b6
4992 030bec3d9bfd262e
4993 cdf37f9d9809983a
4994 0faa65d7541c9ce4
4995 596ca1bcd8ac1bcd
4996 d402c347117f05f9
4997 a6680daacd4e5148
4998 b2bc4618e6fdbcf5
4999 d226c8874b2c3d18
5000 2a5b631cc97494d2
5001 cc0b88091985f35a
5002 ddef09198c136a0a
5003 7a04aa02662b8962
5004 084d440812a3c800
5005 1e7e9cc61c50be05
5006 c99a3ffe3b08a33b
5007 b81a10a42921e00a
5008 04c6e9639c7cb19c
5009 fa42e01d309e40d5
5010 3f637dc69c911515
5011 814173b4f99f5795
5012 7afb8f20c320e42e
5013 992df12f2e102aaf
5014 277c28b24557da4b
5015 03812f6735ca7614
5016 21b31b425897581d
5017 88e67ed7c390503b
5018 19f17b2221ae4afe
5019 24551029e1212e7e
5020 2632d412fb87e393
5021 d8ac071b6147ade1
5022 b5acf032ab26c719
5023 bce1d26f080c7aad
5024 832d490d6a3311e9
5025 d6d10297b0ae5e09
5026 54199ce50ba8ab8d
5027 38cd23fbf57d58d4
5028 9a948df57bf1d096
5029 b279ab30d44cdedb
5030 34edc2aff3f88424
5031 8aa2782e24517d31
5032 961c3798a5429fdf
5033 43142779e76eecb5
5034 d8c37409ec522811
5035 016ce7485a587c77
5036 21600e4d0c74daaf
5037 eae591f034f381d2
5038 13e98746bcdee940
5039 bfebbce8ee93f225
5040 c80e85b5121697fd
5041 2bccc0191eb316cc
5042 30f6765519fda4c6
5043 461baa55c5a9fe86
5044 860391241946dc8a
5045 72a6b2ebb3c3c036
5046 aff597b33eb1e542
5047 120f6c2e38ba4a17
5048 b29c7f8e8de1894e
5049 63d1c6bfba4c50d2
5050 65d0a217af26717f
5051 2f292628fa4588cb
5052 6f8c233a90f3d926
5053 a61f339831c9385e
5054 7b007731276129b8
5055 46f6629e9380b360
5056 2b93544bbd14674a
5057 1d122a9c70496e5e
5058 7c95e2fd34fee052
5059 b759168b75149175
5060 d2926200107279ef
5061 3a2ed2ff63fc3054
5062 41f6932740a1bc1b
5063 faf488cee4381d48
5064 b68e8f40f480a28a
5065 4a5543649f123014
5066 02eaca7e2cdc17f6
5067 b087a1870862abec
5068 b44677c5e4aa6a3a
5069 6945d45f631005a2
5070 7096685e47df4ad9
5071 fe46e25e78db8560
5072 87f32ced9089b230
5073 136f619377c94a57
5074 3a6a808977f886f1
5075 cae6bdbe7f0a13b3
5076 d9a6f87552d21f6b
5077 6073ca4e8d13e049
5078 82549b4a1ed1935d
5079 2e7d05f98f99fe38
5080 4db48696a041621f
5081 e5c7e81192d98497
5082 9fbc3ac2492c15c8
5083 a463399b84283070
5084 831e76a2b951446b
5085 4628321d3bcc4299
5086 7b26d2643ee5e36d
5087 c00dc8b8a44456bf
5088 0961cd9596a61ae5
5089 e954275f58852d37
5090 0b19c326f3b679c3
5091 0d34e08f6386277e
5092 d5f25b359641f714
5093 68ba99b16e68cd6f
5094 5f10c38bbb5420c7
5095 0f5d1b19178ebe7d
5096 81ebc62912c5d10d
5097 35364ff8bd5bc987
5098 417f711f560a815f
5099 0e7d3acdec14ead1
5100 afdbf58744939d3b
5101 bb617390393886a9
5102 68abaebeb41d812c
5103 6850a4bd7318d983
5104 55ac1f1c16326417
5105 b51afd5568c9f5b6
5106 e23a67027f072480
5107 3b27178c8812a906
5108 08a383cc242092a8
5109 b7772880282de302
5110 be2ca92ec204dca4
5111 a193e73cdd236d89
5112 b778886db37b33e4
5113 e0dc2f8f17d22a5c
5114 2a1b1c580d604d1f
5115 fe0492eec4dcd589
5116 99f9ed082eb2fdbe
5117 5ce7321ea5d6a106
5118 693c03f9bc22b1e8
5119 307a05c619e3c947
5120 7d5ced9a2e617fa4
5121 b6d1bdebf0724c5e
5122 a64f64ea5ce44784
5123 900b6d2c17eb1331
5124 1e09fc2976efaf75
5125 575d45a2c69c0e8a
5126 eeb5802d5dbce156
5127 4634980ec457182a
5128 745d4bf707080556
5129 960d157e10552c3e
5130 32642bd1637ffe8a
5131 19a57f370b351a9e
5132 779b68f1e5f62c90
5133 f8665f9770d6bde6
5134 763beb05c81945ab
5135 038c8cabb5dbf786
5136 521fcef1c18ad140
5137 8d2f85a06f25a0ad
5138 42e1da0287a23fb9
5139 eddc63e8398cb643
5140 f03c22239c1c6659
5141 bb84b66dd2839339
5142 0a8bc37d91fc2a6b
5143 1ef8d0b33a318c24
5144 cf83ab099a4ea3c2
5145 b7e055756b43c54f
5146 9f608ecd2a774204
5147 0cd58076d19aa6b6
5148 298ef0d479bb1417
5149 82183054c314f8bb
5150 eab1009d43f7638f
5151 8861f41dc538b276
5152 249076c664cd8769
5153 03cd4003f5096cc7
5154 546e3100aa0dc489
5155 511da1b986843856
5156 76cba7a33769608a
5157 94e3220a924710c3
5158 7d3b6a557ee1c9ef
5159 8bb8379a932d1a01
5160 09e4223c06df3de5
5161 7703c258f89d4e11
5162 6cb39629138dabdf
5163 a81a8cdc3afe593b
5164 e6036a08b4d9cc17
5165 d2c3e20808230789
5166 29af5b74bbec9aea
5167 527900b85f39ce09
5168 aac023f14ba4b76d
5169 135cafaf4f3118a3
5170 3fbf1ce832492b46
5171 64183ff13b550132
5172 609238ad851f829c
5173 d8aaaf9147f2a2fe
5174 364fedd0925bdc18
5175 e9ea09a06204fb93
5176 38d1085ba5569d8b
5177 110a3a76f7d1ec2d
5178 e05113f52127c8cc
5179 701ca9364ae0cd66
5180 1fa33711c894fd4d
5181 f8545d8cf45b84b1
5182 55997cee718bf7f9
5183 a8c80c9b8079ce3e
5184 db70bae061f67391
5185 25673fecb6f07e09
5186 e892c4c57381e2f7
5187 ff6e1bfc0710803e
5188 7af1c702ff1b3646
5189 49b10813efb5cd27
5190 1f109c2f130d9589
5191 505e00de90db7aab
5192 6dd4c4fe668c7f11
5193 2b7cb781b3c39775
5194 6398d42d3924e670
5195 2a94a09d20544a4d
5196 cac5762b7c7c1751
5197 80205a8baaff24f9
5198 53d2b0878a36dace
5199 9e5da700df0316d3
5200 396d36eb1dfcd965
5201 607c50bbd42b4af5
5202 c7e3cdab1a221c46
5203 067995af28c81742
5204 3068d4daad98e10e
5205 7a82f32ea2982c34
5206 bcc281717697906c
5207 258fa094a9a87a73
5208 d707f3bd34ee15c7
5209 bc77e857ecad3202
5210 7c2bfc239ceb1873
5211 a3ddd10c16024313
5212 02d69e43ae45be3c
5213 e5cf32faf80dcdb2
5214 c5c91009982b1e02
5215 7011140f5bc34f99
5216 d1f61ecdcc11adc2
5217 e3cae6374bd9217c
5218 0d4880f12cb644c4
5219 bbb83424333aae66
5220 08446d13e669383f
5221 4ddda775964860f6
5222 530eaec7d67066a8
5223 5cfbd249a0c3fbc8
5224 77cbdcd863ba8332
5225 2b914696ebdc6670
5226 2c8e64f437a88271
5227 4aba2c9359def09e
5228 352b173a7bcfea1e
5229 75787767cd2c608a
5230 26d16c5d5a234ec7
5231 6cb7c050f8b638ba
5232 4b8287cd43655d5e
5233 71156a030ae56ba4
5234 2bcfe680eb9aa89f
5235 9f68beb3a4dbf13f
5236 87916cb74ace2723
5237 cdbebf2e2301654f
5238 3ff913849d51dc7f
5239 f9206122fc5c120e
5240 edf5d82802dd8742
5241 fa09da90e7b9503b
5242 653e5b685cbcd9ea
5243 60f5327a1920b982
5244 364134b84afac586
5245 d658ade52c29be8d
5246 9ca2fd17aaa92def
5247 4179665d7a571f90
5248 85a652f720617cb1
5249 97fc8e19b1350c99
5250 28424c26f710c9bb
5251 92600d1504f322b7
5252 518f6081a8344e02
5253 4f83ff21c3574fa9
5254 69cbb9d86c34e1ef
5255 05219c23a6666f11
5256 d3019ba0dfefdea3
5257 33b3b68cdc3b9559
5258 f4c269d10ead03be
5259 08401acc25492231
5260 6d9710c6e924ca5b
5261 ee171dea586daf1b
5262 67d7f68613dc4540
5263 2bcc98318ef81b5d
5264 f113d6e73992d2f9
5265 08ee071287a2acc5
5266 a7767da47883ab62
5267 c439cf3366bee5f8
5268 8c4316616bc586c4
5269 7f143f8904d11f87
5270 c2e4e84a87b43e92
5271 45e97dcb8b27615b
5272 9d5be1fdc8fde9e5
5273 8de98d907e51de90
5274 f113686251c135cf
5275 ee1c85ad6c46a2bb
5276 f2f279ade0c1c367
5277 ca2b7a48897d58ea
5278 d17b5d01846ead6c
5279 281aec9ced1d6c35
5280 54c05257f771124c
5281 1d5cd23c86cebe96
5282 059d0413edf61e9e
5283 097f89b59b810bc8
5284 777d2b5d2100647f
5285 2431b7468420eced
5286 b53a219f2ab4f8b3
5287 3419ab3a53afa862
5288 f4d35f3948093fb6
5289 22b7887d11a401a8
5290 b77b1616bec4c0f6
5291 9e1dab4fa3011f89
5292 303413ce620dc9b5
5293 83b3331db5c28051
5294 b0fb6fb98b87e003
5295 4fd693a22bdebfee
5296 6e431231f70a738a
5297 6e9340394dccf74e
5298 6f9e18c2a9074589
5299 9688a95e6f555a7d
5300 78cbd314c989ec93
5301 05965f279af55203
5302 3b2af0f758647532
5303 0b4202a06f87a000
5304 ff41f78768eb871a
5305 225d2a3325640781
5306 e3ee07b9983719b1
5307 60e6392bda835e49
5308 7cbd83d2e0cbf97f
5309 6df669b37116d1aa
5310 fab6449b6e8b1c46
5311 f8faec463ca43b62
5312 fb9e150dc971a395
5313 ddf9b7d43338bba7
5314 a937ddd3213f1031
5315 a71378e78bbeb8c5
5316 f60b190849d8fec6
5317 02aa94d39c912d04
5318 c04feaae64346382
5319 8e78905ff7f793f8
5320 10ca1a174a3bbbc9
END 5320
