1 cc3f4c7ba4e552bd
2 cc3f4c7ba4e552bd
3 cc3f4c7ba4e552bd
4 cc3f4c7ba4e552bd
5 cc3f4c7ba4e552bd
6 cc3f4c7ba4e552bd
7 cc3f4c7ba4e552bd
8 cc3f4c7ba4e552bd
9 cc3f4c7ba4e552bd
10 cc3f4c7ba4e552bd
11 cc3f4c7ba4e552bd
12 f30dfa61d8621222
13 cc3f4c7ba4e552bd
14 cc3f4c7ba4e552bd
15 44f3877ba4e552bd
16 cc3f4c7ba4e552bd
17 a465b5afef1b5358
18 cc3f4c7ba4e552bd
19 cc3f4c7ba4e552bd
20 cc3f4c7ba4e552bd
21 cc3f4c7ba4e552bd
22 cc3f4c7ba4e552bd
23 cc3f4c7ba4e552bd
24 cc3f4c7ba4e552bd
25 cc3f4c7ba4e552bd
26 cc3f4c7ba4e552bd
27 cc3f4c7ba4e552bd
28 cc3f4c7ba4e552bd
29 cc3f4c7ba4e552bd
30 cc3f4c7ba4e552bd
31 cc3f4c7ba4e552bd
32 cc3f4c7ba4e552bd
33 cc3f4c7ba4e552bd
34 cc3f4c7ba4e552bd
35 cc3f4c7ba4e552bd
36 cc3f4c7ba4e552bd
37 cc3f4c7ba4e552bd
38 cc3f4c7ba4e552bd
39 cc3f4c7ba4e552bd
40 cc3f4c7ba4e552bd
41 cc3f4c7ba4e552bd
42 cc3f4c7ba4e552bd
43 cc3f4c7ba4e552bd
44 cc3f4c7ba4e552bd
45 cc3f4c7ba4e552bd
46 cc3f4c7ba4e552bd
47 cc3f4c7ba4e552bd
48 cc3f4c7ba4e552bd
49 cc3f4c7ba4e552bd
50 cc3f4c7ba4e552bd
51 cc3f4c7ba4e552bd
52 cc3f4c7ba4e552bd
53 cc3f4c7ba4e552bd
54 cc3f4c7ba4e552bd
55 cc3f4c7ba4e552bd
56 cc3f4c7ba4e552bd
57 cc3f4c7ba4e552bd
58 cc3f4c7ba4e552bd
59 cc3f4c7ba4e552bd
60 cc3f4c7ba4e552bd
61 cc3f4c7ba4e552bd
62 cc3f4c7ba4e552bd
63 cc3f4c7ba4e552bd
64 cc3f4c7ba4e552bd
65 cc3f4c7ba4e552bd
66 cc3f4c7ba4e552bd
67 cc3f4c7ba4e552bd
68 cc3f4c7ba4e552bd
69 cc3f4c7ba4e552bd
70 cc3f4c7ba4e552bd
71 cc3f4c7ba4e552bd
72 cc3f4c7ba4e552bd
73 2cd1db70413e21c9
74 68595622ba5026df
75 cb24c151a6ecc235
76 d2339de50ac985e8
77 d2339de50ac985e8
78 d2339de50ac985e8
79 d2339de50ac985e8
80 d2339de50ac985e8
81 d2339de50ac985e8
82 d2339de50ac985e8
83 d2339de50ac985e8
84 d2339de50ac985e8
85 d2339de50ac985e8
86 d2339de50ac985e8
87 d2339de50ac985e8
88 d2339de50ac985e8
89 d2339de50ac985e8
90 d2339de50ac985e8
91 c32bd3d6f11d9754
92 1a97765eb25e4068
93 cba81c17f1d19b38
94 b75e5338631c6572
95 6906f2709bb4aa78
96 ad98a65b9db521bf
97 a3e6cced7a05c713
98 d5ec949c6c3cc713
99 fb48e67b3ce7c713
100 137aa8922b56c713
101 105ed4d1bda9c713
102 e000abda01f0c713
103 cf7aa5dd0d8bc713
104 7b9b37febfaac713
105 c6b27fe6493dc713
106 8108ee7990f4c713
107 e773dfe59bbfc713
108 4dea34aaf1aec713
109 674b617599a1c713
110 61f0b69465e8c713
111 629767d77c63c713
112 870939d97d22c713
113 54fa1426c6f5c713
114 1a079cf2a8ecc713
115 766547dba357c713
116 9956953df886c713
117 3e9aeb6824d9c713
118 445be322fc20c713
119 be53735bf03bc713
120 25910ee3359ac713
121 4fe5fddded6dc713
122 3bf2d66d4464c713
123 4cc8eab16fafc713
124 4173b91338dec713
125 5f4f2660b751c713
126 3db890d282d8c713
127 a2b9e385b993c713
128 54399c78d392c713
129 489462a62fe5c713
130 1ba17dbff29cc713
131 1278386b2a47c713
132 56fa3dd92836c713
133 8e513bccb689c713
134 3d890d68add0c713
135 af537cff326bc713
136 74084ccb770ac713
137 3e09dcf6601dc713
138 527b9a279854c713
139 787dc031999fc713
140 986bc619ca0ec713
141 23f5508a7681c713
142 e870aa72a048c713
143 82f8f8b5d8c3c713
144 1e13d0f20302c713
145 fd7bcf824855c713
146 1ef524d691ccc713
147 ef7380c209b7c713
148 f371858112e6c713
149 05609982e2b9c713
150 c23bd05c6200c713
151 122dd65b9f1bc713
152 00337f3beb7ac713
153 c484b91177cdc713
154 5489f0dad844c713
155 01cf33e2b88fc713
156 805a40f843bec713
157 d1d8147e9a31c713
158 0ed49a4e25b8c713
159 238f4e961f73c713
160 a5b7f95706f2c713
161 bee3a48d6645c713
162 643d89e8497cc713
163 5811fa845927c713
164 f91278eaca96c713
165 e46e1371e5e9c713
166 7f441eccfc30c713
167 6ef24c8edacbc713
168 0b709d40aceac713
169 a37c3cbd3d7dc713
170 ec04c5060e34c713
171 ca87d28b8dffc713
172 9bd6289228eec713
173 a3e4571f4de1c713
174 ec90edddb628c713
175 90b71f5c50a3c713
176 a74f435b1262c713
177 b0a90cd9b735c713
178 eccb0b96cd2cc713
179 8556be695197c713
180 a0ca7d7a71c6c713
181 450211d4a919c713
182 5ba417d8f860c713
183 34825e46e67bc713
184 f77f37f673dac713
185 6faf9c440eadc713
186 b0cd187c02a4c713
187 f936e5ecfcefc713
188 33cc12ac801ec713
189 4db8c4562391c713
190 7db8b0e70a18c713
191 4ec1063e9dd3c713
192 9b83419563d2c713
193 de3d8c9de325c713
194 5cb08c231edcc713
195 737a7661b487c713
196 b4e6075ff776c713
197 3c181fbbc2c9c713
198 9fd1850bee10c713
199 859b17efefabc713
200 33e76bc3f34ac713
201 ca63e77e3c5dc713
202 a888bebcb594c713
203 4397c97e06dfc713
204 fa0fcd6b644ec713
205 eecbc22258c1c713
206 73164bd62688c713
207 fa815e2ad403c713
208 fb09594d2342c713
209 9505d8e93f95c713
210 352ddfe9320cc713
211 a12b32f7a5f7c713
212 2772e08ac926c713
213 cf29415f26f9c713
214 e3f2de462c40c713
215 8f6f8d3cf95bc713
216 bc015b0766bac713
217 b22545b5800dc713
218 bb02c9513e84c713
219 bdb1f16885cfc713
220 9b959a0399fec713
221 81f0570f7d71c713
222 cc09cb2f98f8c713
223 cc08b09880b3c713
224 934ed9b6ab32c713
225 1e98a7e36a85c713
226 9a56edca5fbcc713
227 94429b20da67c713
228 6d0eab9a58d6c713
229 37822778c529c713
230 20d32d149770c713
231 9d12c41d0d0bc713
232 2bc27c75c52ac713
233 a41e488e58bdc713
234 2ff88a658274c713
235 a9b7eae89d3fc713
236 e20cf794c12ec713
237 b4498bd17521c713
238 70389865b368c713
239 1ccfd6d369e3c713
240 f833bcef92a2c713
241 eee21acae675c713
242 7a1e7211146cc713
243 7da6fdbcdcd7c713
244 f38e0357d406c713
245 b7e61ffc0659c713
246 0bea43b127a0c713
247 472bd64391bbc713
248 c4a7117a831ac713
249 177b212996edc713
250 900c12fa35e4c713
251 d459ab9bbb2fc713
252 c0d0800c865ec713
253 61a4f1fc1ad1c713
254 a3ee4be37458c713
255 6071f2cecd13c713
256 9eaf6568cf12c713
257 45db986e4d65c713
258 5c309844ca1cc713
259 6bf4cda03bc7c713
260 76eacf53d3b6c713
261 42a7e68eb609c713
262 69be6482f350c713
263 6e9c9aa8a1ebc713
264 ab1d8fae768ac713
265 3552c100119dc713
266 55ed86a90fd4c713
267 6d13eea1bf1fc713
268 e4645f5dd98ec713
269 3a2af5052601c713
270 b6f657a1f9c8c713
271 913355a41c43c713
272 c885e01a1882c713
273 7c7bbe0411d5c713
274 d3d216c2434cc713
275 43cb81cc3937c713
276 8f7ca9d4ee66c713
277 d12c46f59ce940ed
278 58f4e9f367f1f24d
279 ab074833c47cce47
280 96b1c2764841ce47
281 251c728bf742ce47
282 b6fe9715d987ce47
283 9107f65ab9d0ce47
284 96ef78ca71b5ce47
285 eacaada4b3b6ce47
286 45368a1af02bce47
287 fdeea5c36df4ce47
288 e3c407ae2b19ce47
289 3500d38c511ace47
290 9bbcf113093fce47
291 a3805615ffe8ce47
292 9022c8bd27cdce47
293 be7d75ff0beece47
294 a5710ebc7863ce47
295 90ed03e5788cce47
296 c62390cb4511ce47
297 6b5a8d7b4812ce47
298 fb2053b62257ce47
299 42ad14213aa0ce47
300 b3887f28a2c5ce47
301 bc821cede96d6277
302 0db846321bca5277
303 11b53df6c8df5277
304 ce6669c989205277
305 79eda676e2f55277
306 115c606e6e2e5277
307 c253bafce244ca5f
308 365a1fc7cf75814f
309 36c28d2bd502814f
310 6a8e76615c23814f
311 7b4079239cc0814f
312 30e390349a99814f
313 c5d2aa5c6296814f
314 2b94494d7887814f
315 3b6aaebef0a4814f
316 6d7ef91b063d814f
317 cccd5a48e1ba814f
318 f9ca8196aafb814f
319 c45603a00158814f
320 e7313f76fa11814f
321 3e17985e54ae814f
322 17b055bb1c5f814f
323 7f0705e21e3c814f
324 0497cefe4eb5814f
325 8ff5dc864612814f
326 64910c6f6873814f
327 277261913050814f
328 3992c67f9a29814f
329 9947f9efd726814f
330 72099eee1b97814f
331 aa5b3c6d53b402ef
332 ca45d626ddc062ef
333 de93a7f5709962ef
334 4d8194874d9e62ef
335 a875305c600762ef
336 5a53904df7a462ef
337 b3f6a2d6a4b3ce82
338 f539ad9070c373f2
339 1467b946955873f2
340 46d536e0c64273f2
341 3284661a30fd73f2
342 18532dd2387073f2
343 7ac00d99b92373f2
344 86385c5fea8673f2
345 52e1fe263bd173f2
346 22714d0e37d473f2
347 8844a1d6c2e773f2
348 7183d4aaa8aa73f2
349 c76119cc732573f2
350 2871fe924c7873f2
351 2497ce3e0f6b73f2
352 35715d17c48e73f2
353 0ad8f793519973f2
354 b33af7cf795c73f2
355 2c3b87df1d2f73f2
356 ee615be6263273f2
357 756f9fb01bed73f2
358 0b76ab9dec2073f2
359 bde368f96e5373f2
360 c4559f333af673f2
361 d2ba73bc058173f2
362 3df571b4e48473f2
363 c94e5b1d275773f2
364 ef438475799a73f2
365 526745c5abd573f2
366 5d9a05f444a873f2
367 24ecaf56215b73f2
368 a3de7d3930be73f2
369 245b360a424973f2
370 22cc1d6d66cc73f2
371 ffcf1481755f73f2
372 5536f23e6fe273f2
373 9519fce6737e73f2
374 107019baed1773f2
375 b6733acb0c4c73f2
376 68f3c42c514573f2
377 c3f960de65d273f2
378 9f6f6540f18b73f2
379 e770822eb7c073f2
380 0f958e23192973f2
381 14e61a81f2a673f2
382 29228a4d197f73f2
383 65b5bd058e7473f2
384 1a369728320d73f2
385 90873c91d31a73f2
386 b1f8c50db87373f2
387 f762c44d4a2873f2
388 1b935961337173f2
389 d522b35a08ae73f2
390 911515be310773f2
391 151f7a789f7c73f2
392 d5060705db7573f2
393 63b8ec62e08273f2
394 508ef190353b73f2
395 13afc9a4b4f073f2
396 ff7cb89660d973f2
397 b445c86abd1673f2
398 1e2344eeed6f73f2
399 5cd81aaf1be473f2
400 755044fc5b7d73f2
401 3a9121c4ec0a73f2
402 985e436d67e373f2
403 b4b2c7df451873f2
404 8aae24f743a173f2
405 1b7c142e9fbd73f2
406 319cf731733073f2
407 155543c50fe373f2
408 f11f1469e14673f2
409 13b11a709e9173f2
410 e3fb7ec3219473f2
411 19907f9b3da773f2
412 ad8abc3a066a73f2
413 2939d1abc3e573f2
414 81fb8891543873f2
415 a9e87c895f2b73f2
416 f5ef98a9224e73f2
417 846ecdf7425973f2
418 05e40b7c191c73f2
419 44354d8686ef73f2
420 250fce6545f273f2
421 da224fcf06ad73f2
422 5d4d310812e073f2
423 86e74355e01373f2
424 6f6d35d9b0b673f2
425 296379376f4173f2
426 709ac93b904473f2
427 03f33287f01773f2
428 1663bb91dd5a73f2
429 4c77473cec9573f2
430 4d42e08d086873f2
431 425480f41b1b73f2
432 24cb799d967e73f2
433 7cd39d6f260973f2
434 96b048fd608c73f2
435 44156f285e1f73f2
436 4915cce53ca273f2
437 8beef113c25d73f2
438 95e06cf1755073f2
439 39f990e5040373f2
440 1a88fb52efe673f2
441 5205acba5ab173f2
442 2d1415c5213473f2
443 842542871fc773f2
444 29b1fdb7630a73f2
445 e77ba0bc368573f2
446 8356ab334bd873f2
447 a8d911364e4b73f2
448 e575235aeaee73f2
449 61bee949af7973f2
450 73563fb556bc73f2
451 7bb9b8f3558f73f2
452 d7807a370c1273f2
453 99c54e10b74d73f2
454 e5959ab7d08073f2
455 d9ba96cfe2b373f2
456 b359f693b4d673f2
457 a3fc79c0a0e173f2
458 0e9fc8004ae473f2
459 b1fce0e02bc71f48
460 7f184cfebac622d7
461 d6dbb97e36281e34
462 88d43be71d50f2b3
463 8056c9d7e67afef1
464 dc6b49b894744fd0
465 d6bef324944ee09a
466 b5817cc361fb8ce6
467 dc974f9520017d7a
468 81f79efc20017d7a
469 e7c441ab32fab458
470 c2cc78da265e5b22
471 41e777e933a26142
472 d834a5070aa26142
473 9c934cd99fa26142
474 5fe219323ba26142
475 2450f66379a26142
476 b575091f1aa26142
477 b45ec65c7ea26142
478 fdc76ae28aa26142
479 398b43b4f1a26142
480 28b3110a0fa2abc2
481 cb8fbeffaea2abc2
482 8423adc610a2abc2
483 9f80529d60a2abc2
484 31bc616d9da2abc2
485 c20baa1b3ba2abc2
486 d9921f7f10a2abc2
487 4a9072f693a2abc2
488 1f8a07761fa2abc2
489 49f7332d5da2abc2
490 f0c561cd27a2abc2
491 1f689b60e4a2abc2
492 ca94b2229fa2abc2
493 6cac69165ba2abc2
494 8e0f250e40a2abc2
495 f806e90526a2abc2
496 1be6b50a82a2abc2
497 463dd88db4a2abc2
498 d001a5c22fa2abc2
499 a947c5f6a8a2abc2
500 5bc5e777d4a2abc2
501 b32e8f2eb3a2abc2
502 4067bdbd8283f142
503 858cf200fe83f142
504 aef2312d2e83f142
505 b66bf8be46a2abc2
506 0b063d8ef1a2abc2
507 854bc1a2fb358e42
508 e91bd97fd1358e42
509 621ee9a902358e42
510 4d9d80b775a2abc2
511 5bff49d6b4a2abc2
512 e75de7ab60a2abc2
513 96531d9e80a2abc2
514 6eb251aeada2abc2
515 305d792f53a2abc2
516 97fc69db90a2abc2
517 f5f37112bea2abc2
518 0dd27c50f9a2abc2
519 276dcf7f74a2abc2
520 ddb5b2666fa2abc2
521 1d77d3467ba2abc2
522 e6f5b95110a2abc2
523 f5ff553ef6a2abc2
524 850c96b471a2abc2
525 98ad6119dba2abc2
526 556f9cf17fa2abc2
527 854005004ea2abc2
528 4b2590a904a2abc2
529 f24e88bae6a2abc2
530 d82fdfd387a2abc2
531 c922f904a6a2abc2
532 2623c7c88aa2abc2
533 905cecb9a8a2abc2
534 aad45da80fa2abc2
535 a4bded022ca2abc2
536 ff82aeac60a2abc2
537 dc33777c5ea2abc2
538 d9e003676383f142
539 79515d0e1d83f142
540 e9192fcf0183f142
541 5df3fee33ba2abc2
542 f49496ed1fa2abc2
543 505df23cb5358e42
544 025005cd87358e42
545 a9907d861b358e42
546 a1f7b024c9a2abc2
547 9e2ecd9256a2abc2
548 54268bf540a2abc2
549 43c78819c3a2abc2
550 0f188ee155a2abc2
551 ecd35a9ff1a2abc2
552 525ffac3bfa2abc2
553 ee41aef280a2abc2
554 ca6c7297eaa2abc2
555 e5c7dd47a8a2abc2
556 d6a076eaefa2abc2
557 40ff04494ea2abc2
558 c13597913fa2abc2
559 0190f5dbaca2abc2
560 5358312665a2abc2
561 eb533034b1a2abc2
562 110dc4edb1a2abc2
563 70f666313ba2abc2
564 c7ab479f14a2abc2
565 a22d76bd56a2abc2
566 d4749f584da2abc2
567 426b00c580a2abc2
568 04c9a024a7a2abc2
569 b8e7f93586a2abc2
570 e840ba86ada2abc2
571 5a019ab5b0a2abc2
572 2049d4e32aa2abc2
573 b4eb5ed026a2abc2
574 348cc23ea683f142
575 63d8b2222783f142
576 374f65218283f142
577 65354454eea2abc2
578 fcfc71f165a2abc2
579 656fe76fc0358e42
580 77ee1c819d358e42
581 80d06a685a358e42
582 4727a05b8fa2abc2
583 e399e07aeca2abc2
584 fab4f1a7efa2abc2
585 306218959da2abc2
586 7cfc97650aa2abc2
587 807955d0a8a2abc2
588 820e71f37fa2abc2
589 035fbbf0f1a2abc2
590 cedb66a332a2abc2
591 d8a0cb3469a2abc2
592 5397817dafa2abc2
593 778a789e3ba2abc2
594 2e1a6fefa5a2abc2
595 116800bd89a2abc2
596 73a17c72e9a2abc2
597 3ed3138ce3a2abc2
598 159a363261a2abc2
599 e5bcf763dda2abc2
600 02f1db0a07a2abc2
601 c8b05ab2e6a2abc2
602 3acacb4b87a2abc2
603 1dba0faca6a2abc2
604 b29135b887a2abc2
605 c12b7c5643a2abc2
606 623eab3681a2abc2
607 7f52cd07e8a2abc2
608 bd40d4d10aa26142
609 8f0a7ecbc4a26142
610 5f698d7fd4cbfbc2
611 76554120a0cbfbc2
612 9f0a064351cbfbc2
613 fe0e3c0f51a26142
614 696ed8a004a26142
615 3506aa42b92ce8c2
616 594f8e60f42ce8c2
617 b77c6b1bbf2ce8c2
618 8a6521dbaaa26142
619 ec1962704ea2abc2
620 6726831b2fa2abc2
621 c76878ca6ca2abc2
622 34709c9555a2abc2
623 fcd8219f4ea2abc2
624 117b9cd93fa2abc2
625 3ef9185871a2abc2
626 c9f2d6c871a2abc2
627 64ffc2c9fea2abc2
628 957faccf1da2abc2
629 ba365b88dea2abc2
630 e63a446d79a2abc2
631 2f80f35a56a2abc2
632 fe65aa7667a2abc2
633 c28a0eec56a2abc2
634 2fa85d91eda2abc2
635 36ea3e9c20a2abc2
636 2fdc190687a2abc2
637 b8c94a4384a2abc2
638 52aa8af462a2abc2
639 918713d4b1a2abc2
640 1f6988872fa2abc2
641 465dcbb370a2abc2
642 471b5aad0aa2abc2
643 c69d85799da2abc2
644 c1ec77f71aa2abc2
645 c0fd73a768a2abc2
646 113800122883f142
647 341d6cb6a783f142
648 f217301a1883f142
649 5b9ffdeff4a2abc2
650 2b04aa618fa2abc2
651 9c74437235358e42
652 e3cc243335358e42
653 99bf2bfd6a358e42
654 857dd264e2a2abc2
655 11fb206d6ca2abc2
656 388c98e81fa2abc2
657 25b8a5552ea2abc2
658 37c6e12120a2abc2
659 b2c0afcd10a2abc2
660 deee45a19da2abc2
661 527813217ea2abc2
662 5e6fa601f9a2abc2
663 83124d9bb3a2abc2
664 180d225ce1a2abc2
665 18c66e3be8a2abc2
666 bce5fe737ca2abc2
667 3e356b995ca2abc2
668 9a2bc9d392a2abc2
669 4aa9a72309a2abc2
670 13a49d2792a2abc2
671 e2444297b1a2abc2
672 771f85d1bfa2abc2
673 f4453f69e6a2abc2
674 2666fcb242a2abc2
675 54e76be996a2abc2
676 350c761421a2abc2
677 f021cc175da2abc2
678 b34500e5cda2abc2
679 91414aa193a2abc2
680 a6df7ef165a2abc2
681 0e8b55338ea2abc2
682 0809a6ded883f142
683 38b292ad3283f142
684 0d883653f383f142
685 2d0c09fff4a2abc2
686 8bdc2fac8fa2abc2
687 10e892f812358e42
688 2a830f7e8f358e42
689 4c92698c9c358e42
690 6fdf7a43c4a2abc2
691 f87583e0a6a2abc2
692 9d20bfda4da2abc2
693 aeace95430a2abc2
694 d5253d7e8aa2abc2
695 345bb92528a2abc2
696 1abc80307fa2abc2
697 72bd195a2ca2abc2
698 f6a7d16010a2abc2
699 cd6a30fffba2abc2
700 2bf2b81d6fa2abc2
701 3b0e57d028a2abc2
702 64afb0bc3fa2abc2
703 d3f1858c0ea2abc2
704 784293f3efa2abc2
705 82c88fd7f1a2abc2
706 b887c97bbfa2abc2
707 2477a3a646a2abc2
708 519d4d11b1a2abc2
709 41598cd61ca2abc2
710 84c0c06a4fa2abc2
711 805dd54276a2abc2
712 b5e673c871a2abc2
713 ce2c1d535ba2abc2
714 b5405b7cd9a2abc2
715 e7a1f30c26a2abc2
716 ef4a315d9fa2abc2
717 572afd1dd6a2abc2
718 e27e90e7f883f142
719 7aa044e20783f142
720 398ee0dc2683f142
721 c9861acba4a2abc2
722 de3967311fa2abc2
723 ec85f38835358e42
724 603632cd07358e42
725 bfe156c6ca358e42
726 9483742417a2abc2
727 49bd54255ca2abc2
728 688d962acfa2abc2
729 38b9db0893a2abc2
730 eccdc3779fa2abc2
731 b320e1ff5da2abc2
732 b3721ae5eda2abc2
733 056a0d0870a2abc2
734 002563deada2abc2
735 4e9862fa60a2abc2
736 3d3453860aa2abc2
737 cc0cb7b1d6a2abc2
738 d7af66208fa2abc2
739 1b396e031da2abc2
740 44d5e19b1aa2abc2
741 5b8f7d7f5da2abc2
742 133bfdc70aa2abc2
743 e193ada79da2abc2
744 797105151da2abc2
745 687833db5ea2abc2
746 3b20f29589a2abc2
747 49bc50781fa26142
748 1a51effe34a26142
749 d228e2751ea26142
750 4c6cd51b3ca26142
751 65fdd95d73a26142
752 2787f6491aa26142
753 9be8ec2899a26142
754 8236001b3bcbfbc2
755 0d7fb92c42cbfbc2
756 1c7ae0dcb1cbfbc2
757 a1ecac29e4a26142
758 c031f89fafa2abc2
759 f0597d7284358e42
760 8274605335358e42
761 43a71f2974358e42
762 476e13959da2abc2
763 435cc09490a2abc2
764 95fb8f9a17a2abc2
765 42890977dea2abc2
766 d05c0e4c1da2abc2
767 6551379b7ba2abc2
768 ccb8fa3535a2abc2
769 1572ec61b4a2abc2
770 58699222b5a2abc2
771 b4f766fc96a2abc2
772 a83ea29fa1a2abc2
773 b729de035da2abc2
774 5b4313a14da2abc2
775 239ff21c93a2abc2
776 d318d4cadfa2abc2
777 7f235d55aea2abc2
778 9238147e0fa2abc2
779 fbea78afaea2abc2
780 cdadc5301fa2abc2
781 aabfcbeedda2abc2
782 f0d2ee61eaa2abc2
783 85688bfc1da2abc2
784 fcfe40d897a2abc2
785 6ee99f9afca2abc2
786 7e61af602fa2abc2
787 0635f79336a2abc2
788 d034db8b92a2abc2
789 663f5c6744a2abc2
790 d38174661183f142
791 306803957183f142
792 5ae1b7ee5b83f142
793 0a93fce328a2abc2
794 f029bb99bfa2abc2
795 1572add7b9358e42
796 7b8752d1b9358e42
797 0c91c4608a358e42
798 0f1178009da2abc2
799 1c7085965ea2abc2
800 21f69ae46668e09f
801 d304374dd80cabda
802 162b58e36646b4da
803 a618483334a9b4da
804 9ca57e7295a9b4da
805 bc5b870504da099f
806 8a9f71354133e09f
807 cddf80e2a668e09f
808 5cb25f635d68e09f
809 3cb00edacb68e09f
810 0dbca3e3da68e09f
811 da53565a5d68e09f
812 61ab3a860668e09f
813 9fbf2ba07d68e09f
814 05a1945ee768e09f
815 eb98b5965f5f9a58
816 ba86635187cff958
817 c39cd987c6bcd248
818 bebf4dbe53628877
819 c7d24c183e488563
820 118dd07a0d733715
821 82b09cd9d348f1d4
822 e2f6695843de8e79
823 0d06450c5860f57e
824 1b6380ec5e16c136
825 127e9ff738ee5102
826 e50c3b22f1542ee5
827 a0e4f3372e139dea
828 7bf4431dd486594e
829 ffa7ff9982e4b6bb
830 4272fad4b510f4a0
831 27611c2e9c8a35b3
832 b2cc9b903eb9270c
833 13a667eea1d2aeb9
834 5cf0dc622a5044fa
835 34303bc79891ce8d
836 4fbf49d4ab5d2d9a
837 e41e972124739d87
838 fa2ce7d0feab712c
839 1a21ba793962add9
840 fc07958254669326
841 29f590ea95689c23
842 01209a08282b2ae8
843 ebc612bf2c2c5e65
844 d66e0b95e8ea2f72
845 6ab98816eb9dd95f
846 856d7b0272bd6844
847 c38f2d7116083051
848 8547f5fa7821b11e
849 3f6334999703d23b
850 930a39de5bac5660
851 1cfb33e759b34ddd
852 ca9c2897a0e3636a
853 674ee6fa187be717
854 066a5829554a8a7c
855 5741cfb7756d84e9
856 b528cd14eb5e0976
857 0d2aa80f525b25b3
858 127aafc9a1bfbef8
859 ae0943a05750d735
860 ddab23093069f1c2
861 726f378414c6dfef
862 3b53b6a736c68094
863 6b5d6ae8010e4a21
864 a5b62d60e32ebd2e
865 321e7c7938ba0e0b
866 2235be980dd73530
867 5deaf7b1c4ca296d
868 cc1d92fffcafdefa
869 a296d848cee96c67
870 92ea6d18dcac610c
871 f5072d6f269658b9
872 a83ec19825d15b86
873 87ee46a56c39b403
874 637936381c996dc8
875 123fce3a7b147ec5
876 7ef17b325eb7ef52
877 79c7ca6668396a3f
878 f88a9f60ca640724
879 a03fa4861e70dd31
880 5f0fcc5850f1647e
881 fe22bc2e18c5e09b
882 4a85d7731ff699c0
883 de1c2beb10b4f13d
884 ef28cd9bb338d84a
885 751e716c9903db77
886 cdf6d8432ce2bedc
887 f6d38f6eb48631c9
888 6b5a80a80fb95156
889 b66b019f90255713
890 55cd09d4987df18f
891 d9469c15a05a39be
892 3489526d82d79cfd
893 4c11adac973ce2cc
894 8a2b9ff4f2d807eb
895 6ec62871308fd982
896 1ac77a563f29e039
897 a46c869817eda348
898 4f9224b3a29c6f77
899 aa13e5595304cdee
900 b920aa33c26673ad
901 d9ba51d997d8d69c
902 5ec9c2076591a1d3
903 c2a522815330462a
904 66e2d10d09768509
905 fca7ba7c1d6a8428
906 a76c8c725727ef97
907 8c9edc98eaf6508e
908 2fb648df256a1efd
909 eae76749ecc4616c
910 8fe948bc2e45deeb
911 f166a97f0b92f762
912 3a65202db300db81
913 27a2b16119d43600
914 81d2c88fcdd81b6f
915 be62f5799d1f45e6
916 45bd80a79f4b9085
917 7c801d291249b9b4
918 fecce5ada0358e4b
919 41fc75bba9bd5fa2
920 7d21bd193f625569
921 59dd4aaa53bb8ecc
922 abe464b579d5a537
923 b16b39bbba7ca88a
924 43527d7c4042d67d
925 d0097e72f0d85040
926 c7a6cdd5d03c6ae3
927 7447a6f66213fb96
928 c3ce2bd45f1b3a99
929 7f1645f4f42ee2fc
930 63eeaf39d230aee7
931 87c51257ccfbd3fa
932 22c26be09f28039d
933 399cb4cbb44b8560
934 40794d61f6ac8e3b
935 c00b940ad00fcb8e
936 f15834a56907ebf1
937 e7d752f824b10894
938 c95f3b900be1864f
939 9d8c3d5c176481da
940 457f3833ce1657cd
941 0074d034a9885910
942 1c6906010148e0eb
943 7d708ab0b6042afe
944 434df3f849c168b1
945 bbf3cca4aee2a954
946 c665c445dc97c92f
947 193bb7d5808300a2
948 cf07688faf1ab955
949 a2db1db866571b38
950 77dd99b155ece453
951 0fa581ff55a246c6
952 4a85442b694d1fd9
953 97150ba98754013c
954 05b1ef16991e6e27
955 e8e8438c629db63a
956 b23eb4648223a32d
957 08fdaa7afc123f70
958 9314495920a907cb
959 f553e39b719478de
960 553c35e2f18fe009
961 fd850ca58945e3ec
962 b58879439805f157
963 d7e1356d09bf56aa
964 5d561c3de63f5b1d
965 dda4fe742cc6b5e0
966 3006378227a2a2bb
967 54063ddacd5a9176
968 447691bb07579e19
969 f3b1716c42556f7c
970 57541b72850eb067
971 5cadf896792af67a
972 09d32470fe9aa26d
973 a4c806c1d78e8eb0
974 620bd18455f118bb
975 6a4fdb2dd580cc0e
976 89158042236cc981
977 bfa279bb2d6dd564
978 27e73b682d623daf
979 2b9d8d2e87cbbf22
980 58145ab346ac7c8d
981 215bc4ac15277040
982 17d9d7b1a1f8489b
983 a705d149aa0405ee
984 282cd383833ca371
985 5ab89fc80cc46c14
986 083b5f4d097223c7
987 bde01e6ef0b5c75a
988 cffed6670273974d
989 fe83350c50373c90
990 05c2e08d40e5606b
991 68aa30480c7d467e
992 70342725a47e1d41
993 ec7dd99b09308924
994 824330a9a5c01a6f
995 991d7619f4d80202
996 f2461cb1674e28b5
997 e2e64acdc88e8098
998 0146ec949e9ba0b3
999 6abd6fbadb56ec26
1000 e852b6932baef2b2
1001 6d213f867508ab5f
1002 c826347cf6a32c6c
1003 af5bc140d1d67721
1004 02d91aba860364be
1005 7ae0194d9b7852fb
1006 ae2494f324bf7b10
1007 a96ce5055d711615
1008 48e06e3274f4bb22
1009 9aa2918ac7dd403f
1010 7cd0ed6129cbec34
1011 36879c813c87dbc9
1012 06a7f07dae959306
1013 d435f64b18dbe843
1014 5fafbdb7c5af7768
1015 ca695851839ad86d
1016 e738e809dda27412
1017 af28ae3845caf2ef
1018 ccb010f8a532e2e4
1019 cb47e1b46307b0f9
1020 c25571aee3c36016
1021 999fe16f3bdc14d3
1022 12ddbcca95cbf5b8
1023 080593a694a40d45
1024 896ea3b7d34d1c92
1025 f2e7d8ce0cbc456f
1026 342fea6dbf0cf164
1027 ad3d5abf53d48c21
1028 4f7dd3d46f1cacbe
1029 f302702bceeca6fb
1030 d40fa02304f6ff50
1031 6b138995aac4b555
1032 518de09793bead52
1033 244572594ba6b32f
1034 220d803ff2e66e24
1035 4f620eb6cd799739
1036 fd9687262af4bdb6
1037 55515c94949e5973
1038 ef0e6f2246c7ced8
1039 d989a46f540b945d
1040 af79d923e10c075a
1041 3176790e3ff6b21f
1042 a958b5a11c19c914
1043 69caf170a4403c29
1044 2ac9d1b7890b24ae
1045 3ef21adbf1f25eeb
1046 2070040fd3ca3730
1047 557ddbd74ef533b5
1048 54dfadfdbfb42d3a
1049 06058ceb2868f8d7
1050 c5fb7bd2df3f958c
1051 a5a55ed8f0934b49
1052 a32b38db1f8ff886
1053 0718809f29fa66c3
1054 327f78d02569fbe8
1055 a1b88b0e07687e3d
1056 b5f3a3e9b0ec383a
1057 ba691a1f0d558ad7
1058 cf6c2aa3a76a2f84
1059 519ec4ff5115e299
1060 eb346994e6a3f676
1061 84d5078afa3031cf
1062 76fa73997cbe5d58
1063 e8d7604b6c6fc331
1064 a6ba5b8376e50d7a
1065 c31a120176902543
1066 285370537d6f7c4c
1067 a0b972decbd16c05
1068 aa1a8d035ea1a41e
1069 45675ccdd69b0317
1070 46164317ac9f6f00
1071 fe2d16522c842179
1072 f002e54917335fa2
1073 56b790b0c9cfc6db
1074 4ff87b72503f1384
1075 368b2cb830bca415
1076 c40eb443b6d1d76e
1077 222e9a6001ebf597
1078 450fe4ee87d7e980
1079 5807aefa21d648d9
1080 3859383299ef69d2
1081 ffb07ef448ce7183
1082 3084a62b806a5c8c
1083 5e869a67d7f34145
1084 f992007a2243cc5e
1085 d8af4d2d1afab287
1086 8c0f0dc488a48e48
1087 2949208ba113e2e1
1088 4598159c81014c1a
1089 415a64b0231dd933
1090 04290dfeb32fb57c
1091 53b0307f00da66b5
1092 f31d5e4b8b62c00e
1093 19b69c72d34a4437
1094 2c2871e800bc4d20
1095 3f52612dab8c8199
1096 5a2062c843c7a9b2
1097 775d62b82d3fdcab
1098 d8f02dc9dfdc6b54
1099 933fd6ae9dcfe255
1100 60d786107b3d2426
1101 cb24419f5bb15e8f
1102 e3e5a2901dedff18
1103 4b41073d27a328f1
1104 e593c971540fd06a
1105 b80f11d352387d43
1106 344be054f2b2944c
1107 aa6b268d7fae9a1d
1108 f9c5a3a70479e8f6
1109 25b33154afd2cb5f
1110 da935153d0382228
1111 b61841ac8633d071
1112 89714c575dc73b9a
1113 d3e46a0da841c2b3
1114 3a9c36bb340f136c
1115 bb9f7161057e4d25
1116 31349f7c62506bbe
1117 6a5888ee787213b7
1118 abe86032c20e64a0
1119 3b428dc72b547519
1120 6f214d6f0ef7bd51
1121 54e11c6551ae1684
1122 27cd1404ea3d87d7
1123 831355f82f6c018e
1124 155fa26ceedb3c1d
1125 cd7271829728ed0c
1126 8525920a8aba5bcb
1127 5058244c34b2e1fa
1128 a17dd246c9a35cf1
1129 6117a4cee5404cd0
1130 5eb219bb2e6b2a1f
1131 051aea68a74a496e
1132 4ec9834c416a3bfd
1133 73223ff8e2f6f8ec
1134 34837dad12c1b1ab
1135 a173ec1bfa720d12
1136 48142e906dc733b1
1137 170a1d73da55cca0
1138 ab6c722487965c2f
1139 d455b2768ff3ad3e
1140 4f13f90a2d7478ec
1141 a6ca1471630c5fba
1142 9281bbb4315a7245
1143 09f9f516ada6c188
1144 9d49123b1eb41103
1145 d7d87ba78fcadcee
1146 4bbf759b24266f51
1147 8b1ab6801496350c
1148 1c2675bb8d096b27
1149 672b52f1f8387f92
1150 bad9ea0c10fcde65
1151 7bee22fc715d5618
1152 694200dbf26b0b03
1153 c7cf5c146f8e2566
1154 89eb0fe80ee77b89
1155 1d18e04a03f2149c
1156 fc4260e305d664f7
1157 67348d54b77b5472
1158 9f603b051893d4c5
1159 7bcc17e9399fa518
1160 a5ce9dd4bd73f353
1161 7857f3f32690c7fe
1162 ead66615607cf461
1163 9aeaee5a7ca0d534
1164 061fe426febfaeaf
1165 1d153de5a894f5aa
1166 8f068e36d6fd183d
1167 eb4f3b6be59e9e90
1168 03b555eb97a4e90b
1169 549de9a380d024f6
1170 f341b170132b8ab1
1171 24e517af97cc3124
1172 473ac6053dded7df
1173 413665254921315a
1174 8f0dbf6a3815666d
1175 e9dbb043639932c0
1176 43c4d65a07feefeb
1177 fec6f5e334fd55ae
1178 640c132a94eb6b11
1179 209c17e5b289be84
1180 3d79e946e18c11bf
1181 f10af8c8e217dcba
1182 fab9e0c1ec78914d
1183 98af72902e34e260
1184 56ad17a1f5a54a73
1185 234743745b255b9e
1186 7232e828441e2681
1187 72335cfe71bebe34
1188 0072f1800970f4af
1189 087bc51f3477c0da
1190 2b6f6eadf26ffeed
1191 e4378af53ebe6f48
1192 08b7cdbcb3464fe3
1193 fd2aed74393b694e
1194 fea9ab774cce22b1
1195 0deb898943ccddf4
1196 bfe62826612c796f
1197 57bffc5a7fc9a76a
1198 7ee7f0a819dd5e6d
1199 6381ec2c97deefc0
1200 4d7b10e9494ae0bb
1201 aaeda396872baa6e
1202 e85a233e1b1f40d1
1203 0f042da085b04b44
1204 0f91d018f8d3937f
1205 1a2fa81f1083de7a
1206 f9325662c90bc40d
1207 c718eb4d43654a30
1208 5d21214efaf2e33b
1209 cdde20760c4bcc66
1210 87aca5980962ff89
1211 54311b5077fedb9c
1212 5d5e2a04d18c6aff
1213 59597404866f7c0a
1214 08b4f385235ebc1d
1215 32513a58ede97970
1216 95d0d8f430c9f0eb
1217 a47a32ee186e67d6
1218 f2cf61c1ab6ca5f9
1219 7b9ece67c67b9194
1220 086514371f87638f
1221 1f2119211a82c20a
1222 3a5afffcb9c4471d
1223 b5bb9d19f08e6a70
1224 ccf80cd09d4b685b
1225 98a85d5f1735dd0e
1226 5fb2a55c215b26e9
1227 69939586a7eb727c
1228 50777143d3159557
1229 ee6ed60046369a52
1230 a1a792e402661d25
1231 edcc96ec86d10c80
1232 5d386e55dd6da47b
1233 ea8138601e458776
1234 92613d19c303ef19
1235 74f7613ef7d892ac
1236 625f5a70d74b25c7
1237 465788387d50e832
1238 2059a522931ebc85
1239 85c5fecfcb4a32b8
1240 c85880fdc3a33113
1241 7f698b85fadb99be
1242 356344e63c9c3321
1243 f5c592699dc16bd4
1244 d4dbe416b93d59cf
1245 a33b7c0c7b82004a
1246 06a570abe88f5b5d
1247 96db6aca3a815260
1248 d8ebcad3f8340ddb
1249 6b7da685c9a5ae06
1250 b6af3045de19b829
1251 84fa12f907e34abc
1252 03be64f18b1f2b97
1253 40692ae1285deafa
1254 a8a44c51b223f005
1255 b87cc67c89c36038
1256 2c2140e521fe6673
1257 4d8fa7b9ce050e9e
1258 cfa8db851e169781
1259 3bc4408f9ec93c7c
1260 545e63ced1f43f57
1261 e0261a778a5ad952
1262 cab00ffcac2c4425
1263 cd24405c1d2f34d8
1264 67e9d391a466e1c3
1265 85db3788795c59ae
1266 b5799aa83c6fed11
1267 8be82ca9145d6084
1268 4733fc0bba14e957
1269 21457dba0841ce52
1270 ba1cd9566a06a125
1271 74c0fc34baecd6d8
1272 03d3cef953273333
1273 b2b89f8a6ad2225e
1274 5f9b165241386741
1275 8a428b23b6261fec
1276 8a1b7fb0c4404607
1277 0f4c56546a331c1a
1278 705390b02b8db42d
1279 8360d522ceb49280
1280 a98230591baaa57b
1281 d9ec5840071688a6
1282 5354380bccc0ab19
1283 b454018af4a571ec
1284 d5b18dd750951007
1285 e99fdff705173002
1286 892b0767d3d02155
1287 30b971866d5c6ac8
1288 8adc2c87430a0963
1289 89d3b9b639a5dc1e
1290 6b3f1b1f0da7e301
1291 08baa830cfd6ecb4
1292 3d271825bbafb82f
1293 88ede9af22e5a52a
1294 8943385ba56538bd
1295 4ee8f49674505860
1296 bbcf5e4897bcd1f3
1297 ae09fbc01120601e
1298 48cfbcc256edc701
1299 9e2647ce578786b4
1300 9cf0d0853f91792f
1301 e03fd61ff0ede892
1302 e634c6044e0b0e65
1303 f97487a7776f1fa0
1304 012a1da557aacf0b
1305 1d75edf07c90a2f6
1306 09126d7a8a96c699
1307 1b38145a0a784a9c
1308 ad1cefcb0f22e5f7
1309 1939947d594f3a72
1310 ebc7bb4c50e304dd
1311 3a9ec1dd01bbd630
1312 6e9db1cb8adfb1ab
1313 691a85f8bcf85a26
1314 a93b7b37185bf849
1315 c79fbf8a01d8645c
1316 b04841b4e78a48b7
1317 fae969791d77f8e2
1318 f457b35799739a35
1319 2485b4ebdf19dde8
1320 78d11b009d4c8403
1321 11727564e4eb8dee
1322 a7b6b749d4e01851
1323 9c0c89e86cfe80c4
1324 e698ea665ca246ff
1325 6d2af5c0cbdf4782
1326 95510e455ea1c4d5
1327 4c34cbfd549fa848
1328 1ec552fb1352c5b3
1329 fa5f913e877d39de
1330 a0ae7594a5cd44c1
1331 db9d2da375612b6c
1332 1bdac56dc09c9587
1333 ed42abce8abd6582
1334 24da80896ca674d5
1335 a578364f0feac448
1336 52a5081e69c638c3
1337 274d3d69c4050e4e
1338 2ed23e9594eb5899
1339 037c1ee51503c22c
1340 364cda2853f12647
1341 b8e071cb4df31b42
1342 a2f377452647bc95
1343 32677d0eba8c2108
1344 9bf0b829334d1273
1345 a9baec61270b839e
1346 e6f51b7fb194ce81
1347 79fc5056b45e8634
1348 0f84fe77fe78dcaf
1349 12a37ccc46064daa
1350 89d3b64996c21b3d
1351 b7f8d77cdd356e90
1352 82e66afe54e7e4a3
1353 eb2c667c01c5700e
1354 e6bab937c18a4971
1355 8787b2f400e13e7c
1356 20a5b4f66e4a8057
1357 3f368defaf951152
1358 70527ba2cfc7d425
1359 dafdeb34a95ff450
1360 06c07c53ccd080cb
1361 09a48d828f2c2676
1362 36f940da23213419
1363 08b1047836abb5ac
1364 6fd76b497a7bcfc7
1365 9f95b9c8cc820ac2
1366 e7e565ced3156705
1367 3bb7b4efb7ddc648
1368 dc3ad283fdcf0d83
1369 fb23ff048e13776e
1370 bcddad1bb79821d1
1371 59f7bb72a13eb444
1372 65d6ed9a3229947f
1373 fa43c14fa127b8aa
1374 f2e7262ef150f03d
1375 605e3d4279270690
1376 27016f390de4cc0b
1377 f6580586251ca3f6
1378 fdd552b1f7c9b099
1379 fb1db13c97d67b54
1380 af20c2c9a046fe47
1381 994225e1e04ff342
1382 08390cbe87859495
1383 c1f1f1ffc34b7908
1384 6a5ecde65af15aa3
1385 7a423b8be788ecde
1386 ed0253d556e69bc1
1387 17ee11121f1fb12c
1388 5de87c9c76501847
1389 868b380ede0dbf42
1390 112c59066049cc95
1391 f4038dabce9d06b8
1392 4dd786726f63a223
1393 64faa27e31f9388e
1394 b10e0f61e6ee59d9
1395 bd6c8812ce6af46c
1396 1d0b1372a5ef6287
1397 e051bd8e74fcfec2
1398 dcae07f8df31b615
1399 54bfe04491221088
1400 500c65252d45bf03
1401 07b95a8815f618de
1402 3689287fb43d37c1
1403 60b49408916e74bc
1404 d9bd7da459c60597
1405 90ff5eb970f99f92
1406 bd7c70ee10fcde65
1407 fe5f72f881fb6718
1408 06dcf104c07df903
1409 25b6cf809eb8f9e6
1410 8e16ab15bd295409
1411 546f338b5015751c
1412 c8e4ad101add6377
1413 12237f8496415df2
1414 952c1c613871f945
1415 da7b76dddf053068
1416 da1fa03d6ec75483
1417 d9f5a333d5f8e26e
1418 3a560a355cfb98d1
1419 933114105cefe344
1420 f80cd50752fe0a7f
1421 7f56ee2195bfb67a
1422 6a87acf265eff455
1423 a70cfad0aa0a0dc8
1424 8dbfdb712991ac33
1425 41921293c669714e
1426 5b5f380a8f188ab1
1427 d5afd129835f2324
1428 1265137956c2b7df
1429 3b4542a6b1f1e85a
1430 e94fca44f8d3866d
1431 8fdda256a010f6e8
1432 36a8c4d65f2f8263
1433 393decf90538f5ce
1434 af55f8c6573ed531
1435 c499a68e38f421a4
1436 ecbe9f0b618c5527
1437 a36abe9560fdac0a
1438 5ca2a3ea7ca9381d
1439 afdea6a145ab3570
1440 abe316383a0af1eb
1441 8cef4aeb153196d6
1442 ba16cdfa5d18b4f9
1443 a7719c383e96dd94
1444 79a8394c18423f8f
1445 26b86e663bd9e30a
1446 115f162c8589861d
1447 e8a381fbcb096370
1448 8e1a421a7f20135b
1449 1ebd3af8dae09f86
1450 548a062603a93459
1451 98401916dad11aec
1452 a78a2271044b9507
1453 6724313551c40d02
1454 0148005b6cc7c855
1455 54dd291c460e75a0
1456 a7488998709e231b
1457 bc92e83dcc43ed46
1458 5d82844eb0a2b869
1459 a1c5f41116bbcbfc
1460 d7612361ba04e2d7
1461 2298b057181e2112
1462 5d2848610c8098e5
1463 8abcc79ee067e398
1464 e221e7c97ce0911b
1465 0fb7a1afe04c7346
1466 599f80fb1d6cce69
1467 414ae8d55d3e226c
1468 2827173669611d87
1469 76a794f58649a282
1470 50d6fdff118c5ad5
1471 a96716fc04b49a20
1472 b51ca8120d0d739b
1473 132dd17427f4d4f6
1474 b06de0a17851e099
1475 cefe82089de6b02c
1476 e49747d844324747
1477 7ed573793e5d4a42
1478 d76013977df1775d
1479 9736c2665c845a58
1480 d33a19d277023693
1481 0b19403b586e953e
1482 4245dca7e5b40ea1
1483 e0db42499ce4cf54
1484 92f0782e9045734f
1485 df7579f07824a16a
1486 d012be2144a5bffd
1487 9c8f422910ff8b50
1488 1813349ce348a7cb
1489 f0c739c6368e58b6
1490 cbf04e94e0d72259
1491 bee6732646f9701c
1492 348e2682d8621f77
1493 8389089fe4ea0df2
1494 195b2585f8aee745
1495 294364bbe02ae078
1496 f0172d4f57a40dd3
1497 5189e984eff536be
1498 95b757d9d3516a21
1499 30ab01dbf063a9b4
1500 639f77651dc5942f
1501 1179c95a56b5442a
1502 9dfd5dc49b109fbd
1503 8ef12957c960f818
1504 e0fc9b21cccc5503
1505 c6064bfbef6680ee
1506 9a647864c78897c9
1507 f0ac5bf65da2a9dc
1508 a589e1c2c9031037
1509 48f57bce676f4e6a
1510 8f9ae87f2f4e32fd
1511 01454fee93f68650
1512 d53acece41af563b
1513 d9a7e88433f4fb66
1514 aacad1a230ca1189
1515 8098254f4aa2957c
1516 a385f57818a23f57
1517 a995bfb68ecf8452
1518 058b6d7dbc50cf25
1519 03b9da8aedd5d4d8
1520 c6e9b6e55baf659b
1521 412740a24c62b9c6
1522 c66e2e1d927b6ae9
1523 83b7e8ab0537277c
1524 3e69982a381bcc57
1525 d9c00bfcc229c352
1526 c91573566a06a125
1527 6348758017b80020
1528 c5d00fd2716ecacb
1529 ac21a3912c7a2bb6
1530 2f672f4edd61fd59
1531 6188c123b6261fec
1532 a9813a9be8882607
1533 e42d807ae3c8eb1a
1534 a5dfb29b10478cbd
1535 ee5c95231d9f7f10
1536 959d87006817688b
1537 a386990bf23d4476
1538 aaee224708c3cb19
1539 2acb8a604a9222ec
1540 0f1f3736fb49f007
1541 09d8a6939f103002
1542 d2e64e8121b7a755
1543 02401cd2c7a564c8
1544 5d7f20beceffcb63
1545 f4b9a166ed96de1e
1546 63047f1f0da7e301
1547 a5ad9c6cf133b2b4
1548 2532001c8e619837
1549 3e86952c08a8e9b2
1550 f778121f33ef0205
1551 4f7fb72c979de588
1552 632fd92ab13c20f3
1553 8e7c0ff62f54121e
1554 02a728d8d091c901
1555 a7302c37697dd31c
1556 27e846fbe595a177
1557 71e0bd2097ba913a
1558 dea2dc17dacb99cd
1559 1f12dc676f0e7fa0
1560 5911a37cbb832c0b
1561 00807df07c90a2f6
1562 7d5dbdebe9f01bb1
1563 9fddf72be329af54
1564 601aec51bf6fd34f
1565 405ca1d636871fca
1566 34e6254c50e304dd
1567 16e225a47f92b630
1568 ca2f1f4bdf3311ab
1569 91892ae157140596
1570 27b45d944b6f6eb9
1571 c33f3948dd7bc6cc
1572 3276c2dd336a73e7
1573 6eea273cfdc718e2
1574 9274412e8f00db35
1575 9c1c0469ca1a9be8
1576 a4dcc4d76d8b8403
1577 36aebb1ea5922dee
1578 00f178b44afaf851
1579 004f3647bb5960c4
1580 7d0e2a064d8d83ff
1581 a58eecc0cbdf4782
1582 a3a8073c3b3aa6d5
1583 a6c43f2f90e3fca8
1584 914d32869e2d4213
1585 66131c01ca2ce0be
1586 0005b2c95fb6ed21
1587 475bf09490463cec
1588 2df2379f4c751407
1589 da67d07ad5532202
1590 48372b82bf5be32d
1591 7f9a4a9aa476da80
1592 958f15eca32a136b
1593 8b09d2df8de88326
1594 09cc9e1bb8a28d49
1595 18b712754320255c
1596 413e2bcbd34721b7
1597 531cffd01cd6e532
1598 57c61e7df8be9d85
1599 21d11502d19c67b8
1600 d6894daf58f3a723
1601 b6964693d21ab28e
1602 77f4de5990e80df1
1603 6a1d427a031fbc34
1604 5a763b4bbab81a47
1605 08dfa44d04fca542
1606 741b9fcccce82b95
1607 17a00e9338d9cc08
1608 a19638cc83cd9aa3
1609 9631bcd8d6cc78a6
1610 53d5a3e8b63ddac9
1611 f27abd66756bead4
1612 816660f610778ccf
1613 d2b5c9d12e4c2b4a
1614 5ac447324f22385d
1615 3245f9c9e5096f38
1616 a4ad16129c0848a3
1617 ad72af76096a6b0e
1618 31c31a3b7b83c321
1619 687987dc923357d4
1620 29d1b0998ee0d5cf
1621 61c2e31bd86bb54a
1622 574cc513bba7f25d
1623 b2fbb31794ffcdb0
1624 376bcade059951fb
1625 8bba65195f699726
1626 8bb437b115be7749
1627 28bbde632fded95c
1628 3eaa80c77fff55b7
1629 5c51dd216fd2a932
1630 ac40680799c48185
1631 189a8844a6c8e9b8
1632 22d06c76a4830f5b
1633 b735430203a1dbce
1634 25295fe669ff0b31
1635 9392be15c662e7a4
1636 0dc12a7c430a605f
1637 8d198a0f4e8434da
1638 c839b9a40eb3c2ed
1639 f5c57347b86f35c8
1640 69e2e03733720b63
1641 8b48c33c9ceabece
1642 b95d63785ed09a31
1643 cc348be7cc47c2a4
1644 183d8300d713c75f
1645 5cf47a66c4adfeaa
1646 2b468e6f0a1c6a75
1647 28a74d544ba06768
1648 331ecaa2bdd111d3
1649 9fc0164ffe92c87e
1650 44c66d0b6f6904e1
1651 fad81ce630dee2e4
1652 6cea73c468e5a49f
1653 9d9d80d65f32ff2a
1654 fe58d792fdd3f2bd
1655 95188680accea510
1656 212ba2c974e8c7db
1657 a84f5ab77f6bf8de
1658 045a0dba662317c1
1659 161f9033981a3e74
1660 d1daeed199ae9aef
1661 7b053446251a2cea
1662 0ce19b5cfe1d637d
1663 8bf0789842905280
1664 e8aa2e9a8acfac7b
1665 936c2b09e93553a6
1666 8ffeba6d477077c9
1667 4933daafcbd39cfc
1668 8074eecad0df1bd7
1669 88114003122b0462
1670 0279a0a125cec3b5
1671 4fe99aa31b3c60a8
1672 a31f10d243e66ac3
1673 4f0451c6bf087eae
1674 f934277d78b76d99
1675 54892e4fc925e6ec
1676 a0df6b9c8de36107
1677 b3cf2027187ac002
1678 6fe8a9d56e8d0655
1679 5850bc2376338bc8
1680 4e0b8e1ca528b933
1681 1bf27e73e3577556
1682 a07f17231ea75b79
1683 4a9e1303ccb8398c
1684 97b8f56d7fec62a7
1685 41f26df852ec5aa2
1686 f66dce730340f1f5
1687 4f8188265594a4a0
1688 cf1242805bdc3c73
1689 dee13cb57202049e
1690 8e91243445d73581
1691 324d9ace2e97e334
1692 68709f7b4e69a4af
1693 7a5b27e7d93add0a
1694 8a47a41c4292c11d
1695 c17db4c7d0eb3868
1696 39cd068b90db0cd3
1697 ee0bd9d06478d77e
1698 38227a2678234fe1
1699 d114c6472252db94
1700 e532e1604ff5148f
1701 9c896c663bd9e30a
1702 1b6bbe7dfb84deed
1703 7e442d1c73a61d40
1704 ead1728df4eb2ecb
1705 35531a0c7f76e0b6
1706 0ecb902603a93459
1707 8bd13b9c4265f7ec
1708 06bef76f1a797507
1709 0977995dcecf3402
1710 6dd0462179233a55
1711 1ab6f4715f5575a0
1712 3ff53dddced1c31b
1713 1f9ad9ada5490d46
1714 01cd4c2db047d869
1715 0e8b62b826389afc
1716 671272164d0c0b2f
1717 607c3101f4f8016a
1718 977eee7166c429fd
1719 89c1b62e4b7ce550
1720 a7ec01fb8457f11b
1721 b2ae23afe04c7346
1722 916a3b2b1363ee69
1723 48487d2518435884
1724 d1241546c8e284bf
1725 19c4c820107547ba
1726 625d0352ab42d84d
1727 6b9d0122b64dba20
1728 a96883d17fe5939b
1729 0a60fa7f0e6221f6
1730 f0437e4c6ee65621
1731 d417a1ca2933e7d4
1732 c184c2a2fad945cf
1733 a361f8f608937c4a
1734 c775dbfc5c7e815d
1735 2e3b8777c5d07a58
1736 efa3a7d277023693
1737 caa5b95fe354848e
1738 20b4703f55455df1
1739 988e73f300e46564
1740 ee8a07ed2140351f
1741 503665f07824a16a
1742 1238b0b9503e9ffd
1743 3cab6f3622f12b50
1744 998ab6144a54e4cb
1745 53367b3ab0669eb6
1746 49391e45c9902259
1747 c075301fdc936d1c
1748 3c15aa022829c877
1749 7b2827fdce1b2df2
1750 d7d581f3f5d2ac45
1751 6038af58ed8b2a98
1752 33edb6b80ccaf8b3
1753 c4b7e35b3013451e
1754 b6acd96043238801
1755 5ebdb46552e923b4
1756 288fc5651dc5942f
1757 e09acdb7ecdcaf2a
1758 6ecedeaaadee3ea5
1759 39a14fc246f45580
1760 d2747588ddd46c7b
1761 a599ca78025473a6
1762 1551507e38a7d5c9
1763 48c3087839f349dc
1764 ade964f734722737
1765 a30aa8dd41741cea
1766 5fce5a76a174ac7d
1767 abe1355473ff1cd0
1768 9b3d685fe329c1bb
1769 8439c0e6c9d8f7e6
1770 4edc4761a37f4209
1771 ba8d9a96b46b74cc
1772 42203622e228084f
1773 039a025d9d4530ca
1774 db00187b6291afdd
1775 01d523d4de594730
1776 d397214e2b905aab
1777 fe5c5156e84a0e96
1778 a5bc8a57e9161bb9
1779 9b286cd837005654
1780 3def9f42393f3a4f
1781 ba33387b6b677c75
1782 f024d089ec3c4bba
1783 3ec103493a72ddd3
1784 5074e90827f9ca4c
1785 dfe756ff1cc112bd
1786 f0e9f52ec2249a3e
1787 006a233ea9c6c48f
1788 1cdb2279edafd518
1789 8e1efe5efcf9bcb9
1790 74ded2104cd9a61a
1791 53b4143b0a9fac33
1792 4f3a6826647030fc
1793 e990580ee2d4db75
1794 74a5ecbbf35cdee6
1795 eb7765f43c9e590f
1796 f2b1326377978b18
1797 f617f80da06fd2b9
1798 f5d7f69a2389d41a
1799 f2a201e11aea14b3
1800 ef2cc393fbc899e4
1801 0a810fcdcda03ad0
1802 693127f2c9d2657d
1803 85271b0404b63108
1804 35c84eeecd9f6f0b
1805 ea216c1439f634b6
1806 4136610b1a1d64d1
1807 0aa1a3a91e3df7d4
1808 32af3dc16d5f2e97
1809 62fbe82eba0443f2
1810 37173df67f964d1d
1811 722100762073fb90
1812 c019cafe968aee13
1813 2deb6ce4d74baefe
1814 c2d017478dda7f81
1815 e9d3f13c6b3a22cc
1816 7bbabfaa402e81cf
1817 803851a375e70fca
1818 fb86c2fd8fb073b5
1819 dc3be989e1228ea0
1820 3f9b0c7ac91f2f63
1821 4a71cc0afa9a76de
1822 70c29397ec347a99
1823 5047dd6f02d9c0d4
1824 e9bfd55a01325c97
1825 7d99e3e968cac6f2
1826 6046c1ed54aa581d
1827 9e1781c5b92ca728
1828 138bcb34d6a7832b
1829 9eb516a6d4dc5b26
1830 683a7ddfc900f933
1831 37ce81ebef167bea
1832 8ec5eca6c91b6305
1833 d2c179501f0951a4
1834 565e495461190caf
1835 9572865417a78f5e
1836 002c8e4a362e2839
1837 2cf84a2dfab570f8
1838 ec687431668380c3
1839 e26cd59892751cba
1840 084a7c9f705a4e65
1841 53105487119421b4
1842 5f879b1b0ac8f707
1843 d6ba5471d15dfb4e
1844 5d4d365d66e08029
1845 8b762dcc5a099928
1846 e857dd2ec4e729b3
1847 7423a99a6b9e5bfa
1848 5062382c16828f55
1849 e5e2fe166024aeb4
1850 efbff8a21c3d5afe
1851 a9f30c387a7be853
1852 2dd1fa1e5251d928
1853 106758a06c7b48d5
1854 fb7169b368417946
1855 0df523a066e08f77
1856 73a9d6c419297dcf
1857 c01d9a92587569f0
1858 3e61d303957481f2
1859 4d9f41388fa2a4f5
1860 ea6e41094793c2b5
1861 1dafc2cf52be2710
1862 61d8ee956405431a
1863 290121c9a8380f8f
1864 a5f9bbb6ca92b0e7
1865 a75c5025fe854149
1866 7e0633179d327afc
1867 a4b22e07361152bc
1868 f361b00b38742232
1869 f6addf1cfdcde69f
1870 3708451e9e7625a8
1871 5618413c10cf15f0
1872 4ae47a6c6df26d82
1873 4e4a45c34d765c74
1874 cb8ad718939b9a3f
1875 b5161e02a2b18930
1876 2b327f84f20faef4
1877 c8e7a8706db64727
1878 83b510e7629fbf29
1879 27e9f7007401b8a0
1880 67477dc7093ea41b
1881 d374535f51543b44
1882 0610a1dfdbb29458
1883 0bb48068e5af6ea3
1884 3fe422588f876d6c
1885 5ecf47c5380a1dc3
1886 feddaf522fd12191
1887 0008e7d13a128cb6
1888 7b02e1f88c746490
1889 ed1d6355e133f6f6
1890 5b0865007d46e8a2
1891 48525223561e1866
1892 f719227f72c33ef7
1893 bc6c047657acf6bc
1894 b50dff49f22f1715
1895 3514518927472d41
1896 9b675d1ac4f20752
1897 3003cf9a7fe2556c
1898 74681c3299d82412
1899 7994da80a05c72f0
1900 d9f5a0fabe801558
1901 04edc90593332034
1902 1a5d44d167b4a1f9
1903 e433d39d6b82afc1
1904 599c2cb0d4325f8e
1905 8460930b49de5b3b
1906 8febc12dea7934c0
1907 3429da1648ee026a
1908 519de1f1e1d338c9
1909 074ef01bb61b315c
1910 4a4bc477eeca9d53
1911 2ed5d0abc20449fe
1912 17a16ce5c881cc0d
1913 2879ef2e7a2026d0
1914 9cfaf1f2fc744e77
1915 d3507e8e850559b2
1916 f891879188ac2611
1917 7135bae99da5dcc8
1918 8c522aad8341e0d7
1919 dfd3e06f0dcdc762
1920 7346688d9e60b9e1
1921 d4ab59da01a61dd4
1922 aef5b0a8035d6863
1923 a227052ee1a97c3e
1924 7f3312d04478850d
1925 319786f446601ff0
1926 cf3d1f4b7ac7cf3f
1927 b972abd85c67c2ea
1928 85dd800ed1829929
1929 1cb6b5a1344b283c
1930 491c11b5357b738b
1931 2dfe7fe0afc80646
1932 11fddb43f12ec435
1933 20331b740b0418f8
1934 c1a885b7ed1601a7
1935 f4d6f58bcba434b2
1936 6f35b3a3e3215271
1937 b6ac8c926f1159a4
1938 ead2a25029717d33
1939 4019e4b111c9404e
1940 72fc61a900537f9d
1941 1317b73d46f8b5c0
1942 62a74e77fd46118f
1943 d0f7a7f94bdc50ba
1944 92dc44e11ec3da39
1945 62fbfd9c97b8040c
1946 2a157f83a27b061b
1947 9a7ce251b7b90b16
1948 b17dc5a2b441bb05
1949 f971b926c9027d48
1950 32833d40ee6c20b7
1951 553f01d0e8ad8642
1952 cc08edc9981e3841
1953 14cb3df2b8ade7b4
1954 d32c5770b8665c43
1955 8634d935a1797e1e
1956 fe79f7526d5390ed
1957 1283b1fef0d9e1d0
1958 ce9a5d34b86e6f1f
1959 fbdc9ca11595e24a
1960 2a7fe84b19644089
1961 313162e53014ed9c
1962 98395e46164466eb
1963 356119d4ae280526
1964 fc97ae727c947b95
1965 94ce110c570d91d8
1966 d33c9eed85278707
1967 80480cf70f16ad92
1968 4b67072f2de6a051
1969 06e037a19b5cd104
1970 2e1ac824e81f7093
1971 72f2613148060eae
1972 83048ad53d9beafd
1973 e8ebb20bae1a2220
1974 b4c3ca707535b46f
1975 8e98db5133ea309a
1976 07db94ad4c18af99
1977 d15a9e6ab68237ec
1978 119c0b31f2786e7b
1979 e35547a7405cf4f6
1980 6a55cbe15c8947e5
1981 28e89819c7597a28
1982 bb0e509ace5c6417
1983 c9820256203962a2
1984 eb7d50f78c277921
1985 8c02dde59512fc14
1986 d8ec187af7740ea3
1987 40887dbf9731e87e
1988 e831d1366f0ee94d
1989 5453acaa4903b830
1990 0271717eaec3507f
1991 d34bba67d083412a
1992 97bfffb4c69d8569
1993 f1afeafc0ff3697c
1994 b1892bf6bd04d3cb
1995 042ab87af8e2d486
1996 dddcf161380a4275
1997 e7fa25509bcbb238
1998 eb85fa4e6eda73e7
1999 fb557f4c0829f1f2
2000 2abc1791dd68e1b1
2001 9e11e6b4fd12d3e4
2002 a684a504e67e4073
2003 2fc57eda0d2ba78e
2004 3938608ec8bcc7dd
2005 5c08597923c1e600
2006 ea8d0a1428d4b7cf
2007 0e45425aeb0791fa
2008 5600d041bfbcb679
2009 4754c75b79e92d4c
2010 44d52bcdde51e45b
2011 ac308eab56002856
2012 630c2e2631d23245
2013 5c2008cdda983588
2014 13b5abbe6197daf7
2015 dab72f551aa20a82
2016 e5d632c02f956381
2017 504f93d4bdbc28f4
2018 3eac6bcfcc3eb683
2019 c5ca84aca79fb85e
2020 5503a985619d422d
2021 9e24d65cbf2d3110
2022 55716708faaeb55f
2023 af985eb4fcdd7c8a
2024 b8a226757ad6efc9
2025 6fd4f35cc3eb9adc
2026 5e5acf4b2677812b
2027 522a9f166fb03b66
2028 b6717876aa5befd5
2029 c50c5d25591a9418
2030 57a218842300eb47
2031 40d3870d1aeac7d2
2032 af748a8ac8939a91
2033 ef5b1723bed9d444
2034 706d4db15e8b50d3
2035 832300c404e763ee
2036 8f3b125983de933d
2037 32edd249094a4c60
2038 b998d147cf4f01af
2039 8c91a6aec4d484da
2040 80f7a7c79306efd9
2041 ccec8e72f785fb2c
2042 d386542139e8eebb
2043 ce4ba99f7cb28a36
2044 78d2cdb88bd54025
2045 4a5a5b6635f0a943
2046 e06d794c4734eb5f
2047 652b37aae9b291ec
2048 0659adf8a8a0b57c
2049 a1d55ee2af1d169c
2050 4f3963b427bd758a
2051 21ed37627e1bb369
2052 68e04e3166f1b5e3
2053 7bfaf8f7bc16fd59
2054 43b794754c084895
2055 2599e9b836ee49d6
2056 6f782ae5548af5f2
2057 72730e906aa8a47a
2058 44fef4e5c36bef00
2059 717619ea03dfb843
2060 16f0b34058d14749
2061 5d3e4eb4918024a7
2062 ce047110f7729db0
2063 a7b1bb6bb6c4e39c
2064 0e2df4b87bed4f0d
2065 f831e04393a66583
2066 1d905b3acbbcde20
2067 5275a9bd973f5f40
2068 55c11a537f58789e
2069 c26327d6d9f29506
2070 04e4be5d4d1bc709
2071 1a089beec96332f7
2072 3624bdd4ab1f5198
2073 8e09b34ea1763c00
2074 c84c8253ef3e48a5
2075 e38fa7a603d65a4b
2076 3c17c928ec95d4a9
2077 9d586c6327492945
2078 cc1efe177164823b
2079 5b73074d2a02a3d8
2080 8dbd08e9c939bd45
2081 3d8a6e64dad9dfb6
2082 7a3606d080ff9b6f
2083 67eb6bcb6f002ea4
2084 115e8f5983dfb1b5
2085 da864eaab8a0acc0
2086 f5e48e1cb18a1717
2087 3b87aa257af95757
2088 2ecab7909734944f
2089 d58d0bf213399d8c
2090 28143132e0a484bc
2091 ef6facc1864436dd
2092 990b3faa1fa6c451
2093 d935eeed6f8d9b25
2094 5b3be94a5b51b291
2095 2816d7db7a383cdd
2096 8f748648e9d1acba
2097 b792480ff5cd5e1d
2098 858b1181f12a6e7f
2099 f9f26192de19c82b
2100 1c9a514fb809b3ac
2101 226246eb959f411e
2102 42c87f3c8f5a8f94
2103 7138704ef0f04c0b
2104 4b83763475531f71
2105 dff75d383976c399
2106 ab08387cbe0bba76
2107 88c17fa8178593ac
2108 885c19563589053e
2109 a60ac23d0b455ad9
2110 68ddf440c972e02b
2111 18bedfabb87e0fe7
2112 0f5c7262fa7fdda0
2113 8a7f4905e46d0a62
2114 7cc3d9a738a2ef40
2115 0beb7be8934943df
2116 f6a8f9e6cb014045
2117 976b5050bdc13b1d
2118 b7af46b3202031d2
2119 5c3eab6261df7fe8
2120 f05ea0325d59c8b2
2121 2b5b57dd92078955
2122 b43cfca9dae42257
2123 98fbc87db09dd2c3
2124 b409f17b736c8344
2125 7347080c48300016
2126 94dec7e3769f5c0c
2127 c3e72251211f9323
2128 9bb600f6bb5bac09
2129 1dc1d85fd138565e
2130 8777a24d535452f7
2131 b5db7684504c050d
2132 8ffe7179e883659f
2133 424bb5a8eba6ce28
2134 42f355aa614bb9fa
2135 568c53cb405fbfa6
2136 e1f9d0b620d35ef1
2137 b4ea4693b085ef33
2138 ef6baa95f4ecc0d1
2139 63e8c1079410b013
2140 126aac7321467aa0
2141 6af8e1f9f5e8f8a7
2142 98c9a709ff91ccbd
2143 5c4a350bc359361d
2144 9c76ad9151fbbdd8
2145 9669c7c7ecb05b75
2146 4a965922bcf0eddf
2147 4f0501bb28a32f4f
2148 e08c158bd47ad0ac
2149 56768bf0d7b5ab71
2150 e942e843d5f7dba5
2151 cc3858e700813fe3
2152 277182e3f3403bc6
2153 9b6b612f77b08948
2154 7b938cc6e27e82ab
2155 b378d5fd3e44f788
2156 2fe3ce91817cf82e
2157 52327b6485b0b208
2158 b0f3e6e8bbdf3431
2159 f3d9257b6aa058a4
2160 8d8166a31df35a32
2161 1b16c37ee6d84810
2162 3c97337fb604ea61
2163 4445e3a93f1a327f
2164 17d0a793488333b2
2165 1e722d4ec49763d9
2166 3bfeb4af9af720df
2167 14cd916017768c03
2168 2b0949d090170f74
2169 8c143b57015943a5
2170 219caf111c726465
2171 4f32deb69bf44af9
2172 ae31e71c813fc316
2173 11009edc78c1eeb3
2174 e8a5201f0a59ae97
2175 26fd478bdb628122
2176 2448751b1f97fa4e
2177 191975f8bbb29d7a
2178 7a6877c78a6c63f7
2179 29a8a3004c814b65
2180 ee9b06b666fc5bb4
2181 168762c2b9cae723
2182 59b55f97cd662ee1
2183 b4908a380edc52ac
2184 4069392983da4396
2185 42714c599f3b59f9
2186 fd4ffa1ff55a1b0b
2187 7c77136e0689c529
2188 d600b2edd27d3108
2189 218d334055772d32
2190 4eb88c69524c5ce5
2191 302a214e2065ce97
2192 8aacab05075da528
2193 ca59c64d19028bb8
2194 22505e7ade940451
2195 36421a6987974345
2196 e251bed978708d68
2197 82fc91631d4b5ed5
2198 713b1f2edab6be0a
2199 01f4e786ba02bc25
2200 af0bf78253b06672
2201 882fa626c85ee9da
2202 c7030a86ba3587de
2203 0f91a14760eeaf67
2204 1f008e62b1e3730a
2205 aeba1c38c9dba140
2206 78d5eeef5db37ada
2207 dc7ccd500ea232a1
2208 ef2bc300acc58442
2209 f1bd1322a5eb2356
2210 1e0ab3c394eb797e
2211 89f6055288f68929
2212 c0c2db3f298a7f32
2213 5054587448031072
2214 629bd76f0d06ac32
2215 8f4a1f51455475e7
2216 9933f5128a42cfda
2217 8cb330b7e0e5916c
2218 d27e34abb315570e
2219 8478fd8613f4232d
2220 f557d7747397f402
2221 180ab8be978aee2e
2222 e81e13c897eb8a22
2223 472c953ec5a996d3
2224 0aeec415fd907712
2225 6485738867c5e620
2226 13b66282d74587ee
2227 452b03b594d15681
2228 d6e92e89fae3dd74
2229 8432155e563294bb
2230 0eb28c0ad2192ba2
2231 99b797dae2ee0b25
2232 3dca08c6846892c8
2233 391b28b6fc675eff
2234 54eb0b0e4c0283de
2235 31c52ce046a95269
2236 fbc2f31d56050c74
2237 5301410b721ae143
2238 6371aaa3413ad5d2
2239 29d651aa8f46bded
2240 9cd7efe9e72e0353
2241 9ec652d5285705c9
2242 f8636d6efb27f424
2243 88748f08db0e1d90
2244 c4c70da69e9e42a9
2245 8c14ac46f486d0b2
2246 4e77a6879bfb9a97
2247 40b18cb0df20860c
2248 688f774716efca9d
2249 3a9d532f18a00eb6
2250 9a6272f3025bce1b
2251 eb3600fce5afcf28
2252 a0c563a6ab766f91
2253 f9ca9d7d4d642712
2254 e343dbca1b067887
2255 8bdb45bf7566ef3c
2256 b4acbaed4b2cb419
2257 fd9c2431848c561a
2258 78174506a13f2434
2259 b95ab86025169a88
2260 70e2c7741c2858b1
2261 3209e19950089b42
2262 a9152b439e6c19b7
2263 853264a63294df2c
2264 1636f7192880c2c5
2265 8e32c15cb357a5c6
2266 bc143fe51f61483b
2267 2270d4f36b7f87f8
2268 158ebf86bccb1531
2269 08a9637115879a9a
2270 79dc9bd314c432af
2271 24ddaecd7525bb94
2272 3d7b30f122b7b0e5
2273 e51699dca0a7ed9a
2274 00a2b83ed88c1d72
2275 a5e6af5a073c950d
2276 a223c779baeacf20
2277 ad8e0347a99ea37f
2278 1fe11622ed694b9e
2279 a6c00f54a0b062a9
2280 002454be4561a50c
2281 f43ac1af0bf277b3
2282 57ff26f6f449231a
2283 4d7ee09c90e1a46d
2284 343097652daa7c10
2285 6277b959a18fb5e7
2286 ae95c01cfd4617df
2287 b7a4fb0b286992b8
2288 2613402a92a8ed05
2289 e87b00d7cdb6faba
2290 602603048c8819ab
2291 c1e7127f56b12b8c
2292 62a51d93c6546319
2293 06b9bcb386b648f6
2294 b2483b8639b57d37
2295 38397d34441468b0
2296 7fcf962475352e2d
2297 ebb1eb32e7ec5972
2298 8adc5a67466872c3
2299 b430425f28e1e8d4
2300 4314cbb326296401
2301 8f53b9292a8c6cb6
2302 d874905f0b5382d7
2303 6e098b1c875805d8
2304 9fcbb230bd5cb5b5
2305 66efb99b1bef907a
2306 a606a24239dbeeeb
2307 c3dfc2eb1bdb0e74
2308 818c0a4e932a3eb1
2309 49a288a15d7b212e
2310 4e72830d502d9397
2311 ebbd415bfe513c60
2312 acb35c3a3aedf37d
2313 4a7250f6b8fbd6eb
2314 56ba045b9d46c0a4
2315 110bca0549021130
2316 7d79e778c0f1798e
2317 79c570acc97ae02a
2318 e36d14d208cf9e76
2319 8c7ff38b0844a1ff
2320 0fa7ccf82b780d1b
2321 9a768d5c2acfd05f
2322 99de2fa6ff5bef00
2323 64e2896a27583183
2324 eaa8ea399a87185e
2325 a06adf9f8db0a7fc
2326 441c3c53347e0d61
2327 5594a3fed23641ae
2328 5de8e697ae8630ac
2329 92831b7c7bd72451
2330 f289c2ce6fcd3aca
2331 7c39dea5618e18d3
2332 c6499b03789f0e14
2333 411533716f91dd16
2334 8f1faa4d4f184d8f
2335 e2ba4059c27db60d
2336 1809e830b698bff0
2337 2919284c7ebf8c38
2338 101b490108dd4597
2339 fa0319b964ec81aa
2340 82a1a7fc81045cc7
2341 e888b5e36b19ef39
2342 3293c6fa4acd2b32
2343 f6e2b2ca5f4be725
2344 622e59e5fbe61a74
2345 7e92908559371ff9
2346 208a1d64f1a9da0b
2347 fcf40a0e0d9ab3dc
2348 5d5b32b449a57d63
2349 3367216d00213be6
2350 e25adf63dc2cc25a
2351 39c89b454914f29d
2352 427a2ffd775c9ffc
2353 5fc1c867f50e957b
2354 d7a2594a597d11f6
2355 9d4e726cab36f81b
2356 229680063c081d84
2357 39e8ef5a31f6c90f
2358 51a02b75b58f9ca8
2359 9d8632968b12e3cc
2360 67ae7d41f395c19d
2361 5a297b636d01b9d2
2362 2c3247ffad508e5d
2363 7e8102657b5bbbc3
2364 b45a4f08cf2a99ea
2365 1e36230e0e830f37
2366 6b464d41043b9d90
2367 2c4c51867a260fc4
2368 2bf5bd4030f25a79
2369 dca3701a1e8ff2c2
2370 be76fc575c29ccf3
2371 92ae550204e00e44
2372 34a43485ada3eb10
2373 c051807983809c21
2374 57a1e6ae845596fc
2375 7e15581de5df0e21
2376 cfe72400fb28efa5
2377 b4602fc52545f80a
2378 ebd6cdde9b8f4977
2379 9e3631c0f55dec06
2380 c5aa159c4ba701d0
2381 bff13cfeb6906b77
2382 b8b0db8477cecd08
2383 710e21d859f543d9
2384 2591a0f447035598
2385 f93978085cf29e4a
2386 0b32f131e5b0d7ef
2387 5a9d2e350dd03540
2388 a905ec5a061bc265
2389 cafed04c5d010f29
2390 b9b9e20fc10aae6e
2391 4883ec3efd909325
2392 6a46ed4ed0742ee2
2393 683a4a19e0fd4f46
2394 fcc91ae145b1e813
2395 9ea381544302bd3c
2396 9c536b409d85fe20
2397 206d807485c4f08f
2398 6cbddb1b89c034af
2399 e85ac19bf5c68b06
2400 ad849febd8998401
2401 49c72bf9f07bf2e2
2402 eeebca615c0d3ef4
2403 c8b8f9f5677b584f
2404 dec4eb9c3ecfc9f2
2405 3d6e492178a80d55
2406 c175f132ca1916e1
2407 615315a8f8528fd7
2408 282432b889371777
2409 76427907c57e4d6e
2410 992d0b20472d81b9
2411 8aacf2f7ec231c11
2412 653c414fe0dfc568
2413 f6eb02e0104eeb41
2414 0aec21c770b5f522
2415 4781bfcf31174ae6
2416 ccaa6589eaa0261d
2417 4ecbabd96b69bb08
2418 0f6133458d39be31
2419 0e2d6ec7ab9477c3
2420 0cb465ce208252a2
2421 740e6fa13b653781
2422 e39436d95e39ebe0
2423 23860a97311d4675
2424 241c3894259b31a3
2425 ce3c5f73ec3c6500
2426 e2a0cd7f45c9582b
2427 ea6d1adf8bdce5ae
2428 d974c7ce639b402a
2429 3044d198802a9429
2430 4743bd01bfedaa76
2431 82edc399121d73f5
2432 0b98c51478de05d1
2433 7a4016809756ea8c
2434 66107444f70d32e7
2435 350bb678659bcfd4
2436 88a80c9b5a4cd917
2437 0e6836b2f3b4091d
2438 49d57c5c96bb69ac
2439 eaeee732dbf53cbf
2440 0ee06479e4e352dc
2441 5f52abf72946c48e
2442 17071f0d7d8cf9d7
2443 33ca8bc3441a6b02
2444 4806e526f3fd53d1
2445 b0ebb04d5c5e7fa5
2446 4e8d9ace7f3917a0
2447 8992beca95ef8399
2448 c3f68bb9336a6228
2449 d88d84d8da5b97f3
2450 f58f5557aac93ceb
2451 818438b6f856f952
2452 5300561d721915a3
2453 58b34aeda544874e
2454 b608eef2ad60d598
2455 ae2ca9298dd42c83
2456 9a4c7f8176c954be
2457 126622375f1b09fb
2458 5a23f221c712ba91
2459 3b07753f31c731ee
2460 46e92ef6d97da81d
2461 122da6c2579ad974
2462 4034eb3868e7e2e1
2463 b102817e560fd0a7
2464 743d729254bd121c
2465 6c0d4efb6b0f38df
2466 953366b2eadc82ba
2467 cf766fbd0a50f57e
2468 e5b1c119aced3825
2469 74fc234fd87a2842
2470 47cb750c0d5f2571
2471 fd5fbdf2f7cd3587
2472 92d72b2f8fe8f072
2473 e4c7bce6bc324cf9
2474 618e224f514cdcb6
2475 380b6c686131249d
2476 9e4861d0269c2911
2477 0dbd2a62c8ac55a8
2478 1ddb14cd134ba3ab
2479 136f44f9aeff1638
2480 d7a8bd191d4e05ca
2481 a688b7ad73fa132b
2482 5b29d2081b12b566
2483 34f2635d8ca6d705
2484 0b723221e9b316b9
2485 6bf518e3f62e7af4
2486 f42ea157009f0a25
2487 b354288017efb6dc
2488 257f36544649951f
2489 147a1a32baff2f75
2490 3741d993e6ee24a4
2491 dd049295b72a40c9
2492 5ff7967ccb1e69f4
2493 3b2d5bdef157785c
2494 b2cf4018f30fa5df
2495 144b2b7564b6dd92
2496 ea9f711eba2cd5f7
2497 836f3f63e3afb8cd
2498 6c1d5af27dd2ea5a
2499 0986271b5b14e431
2500 2f91e6f1de17d6f0
2501 c5cb87546c729805
2502 889227b89e37ae45
2503 f081970a9d448316
2504 c62903a2f5d3d355
2505 1abbfdbb754711b4
2506 d3306ac2ae02ec9e
2507 536eaa00031a5ddd
2508 10612719e2f65fbe
2509 d5789b25bdaac97d
2510 3846152f6856171d
2511 011cbf4d22a8ef7c
2512 4b4edbd45d0d892f
2513 44b2e153f0c0a6b0
2514 8845b21432e22bc3
2515 1b76b0a0d00a312f
2516 6b5e9b13f483694a
2517 efb36bfca9a6d851
2518 f804cc4e831b45c2
2519 19ba989cfba2d0fb
2520 a057ac17883a3c3a
2521 a61d4a0123c4e96b
2522 568d592cea5d08c0
2523 f4f2507d9e1f0d82
2524 bb9bb7baaeacc10b
2525 3444a9601a8e8f2e
2526 f8b7a84a21558383
2527 be3b8a837c2337c8
2528 2ec67384251f5828
2529 8589616362144695
2530 5bc59865786c68b0
2531 4be1e49ba1c28191
2532 6c67ea21c32bb81d
2533 e8a245b250970336
2534 5a31d34c9791d497
2535 5eb09e24b25b31c2
2536 7359fa818dcc6a94
2537 e782709293122577
2538 7495fc26320617dc
2539 53a338e26ce16459
2540 ab53faa9e703913e
2541 d13f8392ad24835c
2542 150affbca2ab09f7
2543 a84b0fcd067a9104
2544 f0bfa55ccd5754d5
2545 b48a2850f9095fe1
2546 4de843f35ce51dc2
2547 e6a3876daa39658d
2548 27bef362bc71135e
2549 2fe441a71c034852
2550 05b13f3243fe3cb3
2551 712fd3bbf17a6e80
2552 d691ad77f8118e48
2553 ea99f90082db7602
2554 111eb1a6704c9e1a
2555 b98d45b479e7b547
2556 6e1c4318ab4a8704
2557 f3835cb91d467881
2558 6356e79613a0b957
2559 8bb4a6d2a8e746f2
2560 f698a119fe3ba4f3
2561 d6833af0070638f8
2562 4e39e8cff3f09b34
2563 597859d2492cd265
2564 3fdbe707eafcffc0
2565 73f174160cda321d
2566 d6b21a6f82b033a6
2567 fae2c0dc0f8e5066
2568 9d7dc48864113473
2569 30d7b4b8dae608de
2570 be7523b88b98b467
2571 cb41347e1b4264a3
2572 c185d1efe6d0ef30
2573 725a172a593fedd1
2574 b503661638d59ebe
2575 dd2a16288fef3c60
2576 165e71b3e68378cf
2577 f7f600b4a465f154
2578 8dfc5df7857a18b9
2579 dbafbf3245fc2750
2580 89871a594caed19a
2581 e4f8b6eca1662099
2582 4a2e247dbb9f56ca
2583 2563785a77be2d83
2584 0ce6ebde8e3c1c27
2585 ab3177d3185bef24
2586 619c2f77b771b5eb
2587 977d9269e0feadb0
2588 5196565f8d6104fc
2589 86bfe35def16e0fd
2590 c8355a88e8a8bf3e
2591 d4727ddc6bc679dd
2592 1201319d86b5c19a
2593 2765d8d422b40e26
2594 0c74b89eee98625b
2595 fd36412b0ed458dc
2596 a9c73db407117b23
2597 a385662a818cace9
2598 f9fdeeb545f1f354
2599 9e3bc2d5178cedf5
2600 c1e844ba5d91a3b2
2601 8d463fbeebb8b1de
2602 3574105443593167
2603 5d2e104a1e860c52
2604 6d3e3d4762cdce0f
2605 37a7d5a2451ea8f0
2606 c7e92e1b395da4e8
2607 c67d5ba778c3f05d
2608 1e5a2a1adbf1bfc6
2609 e8de8e53c49252ef
2610 03b0599f1e93027f
2611 984a77ec2397dd50
2612 5a3f02f01730c829
2613 5bdadcdc50381f58
2614 ae1abd020c6312e2
2615 9236a689e0057ce1
2616 b04d72d3b3476766
2617 f4d782f388b60e1b
2618 0f10461d47f7d0f2
2619 de049cebd28a1614
2620 453ebe9f406af793
2621 575c80535bbdd1dc
2622 282ec722ec969edd
2623 a0b99475770b6829
2624 d3c80fe69d652e56
2625 28536d6a8b4808cb
2626 08e1ce171c6e1c4c
2627 864a487c7a9429a4
2628 b2a588da7c72741d
2629 391b38af06bcbf42
2630 9350e16a6c641b79
2631 41b6368bd1e27246
2632 3f88edfd03b27202
2633 4074231ccd5d21a7
2634 4d3de88467ff4350
2635 568801acc161b81f
2636 e0813b2498b8b72d
2637 99e7bf9543932f28
2638 8ca44f5885047519
2639 d7516d93576d7be6
2640 5f44d00c158c7462
2641 39a81fc0f23a19b3
2642 d14100d6851c6728
2643 52bf361c7ce6ecf5
2644 646117d6d939d89a
2645 488c77f542dd4c2e
2646 ccc0b74d8728d243
2647 a4e05bc540092812
2648 9611f20878b79bfb
2649 4e3d5eb4c2afb9f3
2650 86d8d10ffdb1c80c
2651 7d6f81c4dac2260d
2652 e3d4cc56875240d4
2653 8ae70b927715930e
2654 781610928e758065
2655 fb1be5728473e0ea
2656 c8d258c3a52e47d7
2657 7f1d767883c0e3be
2658 353d050f3fa06c10
2659 5ecd91851a20b601
2660 15956094efcae51e
2661 93515b4ebe13f6cf
2662 a01bf61039b78a1f
2663 558cfc2966264483
2664 eec5c1c7a6f75838
2665 ca3315ef3fd0f4e7
2666 5b69cdc3ce8de65b
2667 3a8d484bf6b9cab2
2668 19272132994ad95d
2669 f04a76d819f2c2ba
2670 df9ef6b97f65938d
2671 832a838f4d5bf0d5
2672 055ea6b9f9003810
2673 cef2cea431acc557
2674 ce81baae969bc88c
2675 4b7549f215fbb166
2676 69cb0b892a61495d
2677 7b049d1d9300e3bc
2678 81d943b30ac5725b
2679 5ba331208234a3f1
2680 a4986636b92ca6ac
2681 025c907bc12fba4d
2682 6e3c246b61de16fc
2683 3c7b3fdf2a89928b
2684 455cd1469b2ce80b
2685 7dcb1aa7aae43c82
2686 31f14339edccd673
2687 e5e3f2d97eca466e
2688 d9c2e2ffaf0caeea
2689 1627e6126a5e41e5
2690 271a5453e8ada2f0
2691 409c042c8dbcc8f9
2692 f7278b5fda8e2617
2693 47df70b333ab720e
2694 060827a279d22739
2695 7b9d43f86e70aef0
2696 87f6f02317bf492d
2697 3f88e73884674435
2698 631184f24f4d9f22
2699 aee140b405823a2d
2700 966bab0bd3e891a0
2701 5dfd7016e0637b24
2702 1daad61be6a3ad3b
2703 3b9ad561d41cf4d0
2704 20d232826757fd1f
2705 ce66682da94acdab
2706 df977494b1195c86
2707 1ddd1ae0286e10c9
2708 ef8476f171c9a656
2709 48ae37081a065ad9
2710 b9f56eec4145bf6f
2711 9db2c58f35790c5e
2712 8322589c5bad5cd1
2713 6bfb1a5f16d72056
2714 506e020f51b13590
2715 9c0e8570b710a569
2716 deb6efdbd84d8be4
2717 79d7645d2b323b4b
2718 cc9c7198e3085ba7
2719 8f1e4c50cceef5c2
2720 93b526f5e90f2843
2721 98d8d82a248d9fb2
2722 376a01511422ddf5
2723 235cdbd73616a035
2724 0fbee3b7a56a2cac
2725 0b29fd5ea2d3abcd
2726 f36f1451c1851f08
2727 898ae6279d140f92
2728 6c4bc7190ce2e1b5
2729 fc4e61a7557f7290
2730 6283d15402483acd
2731 301ad4543142087b
2732 704878f9d9547930
2733 b6a31d44b448f94f
2734 0fded41080df89c6
2735 17eff17ba6d8e3cb
2736 8968ddfb1d8bca59
2737 e4e0c47328be03ae
2738 ba7fe22a465ac021
2739 78117bd8161bfcbc
2740 58695b7f73727528
2741 3efc2e9a7f9dbd97
2742 f1241f7d4411d44c
2743 6b30775126a6f9c3
2744 039cf7d92a81dff1
2745 9e0a6aec6e2c8e7c
2746 e0a6343d6c6096e3
2747 d04679733e15aa80
2748 03849e064b5a841f
2749 00275c012a38794b
2750 fde2a6db3de3a0f2
2751 60e1fbab709f21f5
2752 1aa620db77c0281a
2753 f4b62ea9687c77c4
2754 7d22f936656e5895
2755 6b520d351af5ece0
2756 971d7fdc4e21d80f
2757 c650a02cf708a6fb
2758 5f7b629f2d91f096
2759 6b9d33271fb92917
2760 39086b4ac48c4c8e
2761 4823ee7af5a18801
2762 ce4b7db6b0f7bf8f
2763 f3676f67ffa676fe
2764 96a9ed4b621d767b
2765 736ffa74c2f47b46
2766 7740f54ef26d6316
2767 af24c6d166b5e6d9
2768 65edc0b9dca28ce2
2769 16367c0e0083dd9f
2770 20abb28eca4ab3dd
2771 31a305b8a4f7336a
2772 71f0a47e6c584eb9
2773 a5dbfecc87380a80
2774 34c3600b7faec7b5
2775 de08925cac950d7b
2776 099beb64f4d98120
2777 98c7163634d345db
2778 56ae30ef5a47ae16
2779 736c182350431558
2780 cee2eb61a9472b33
2781 0e11b212e7381720
2782 b544158ea6763dc3
2783 393eb055bade6283
2784 057d96b37d3f287e
2785 a8c1e9968cfbf29d
2786 8278deef086cb4f2
2787 1822f33577fcbdb9
2788 782d3716b631154d
2789 02954b24fb0375f4
2790 6fc4a59190ccd087
2791 952693ef43ab9004
2792 aa77bc3e837be006
2793 a6037892189433a7
2794 f8617ccf01790b52
2795 ba7b27a421e3cfa1
2796 e9fbe433f6897a47
2797 5657d7afeb9561e2
2798 2055f7e14f804e8f
2799 4d896f780cd267b6
2800 924b891306ef486d
2801 7676f994346cad34
2802 b11ea150de976702
2803 08f55115dd11d744
2804 fb73130404d3a617
2805 6af55aa8148f425a
2806 58478628a88d3f40
2807 30f34a969727a17b
2808 fe5cd5f221a72848
2809 c96d57a92e8c3c4c
2810 8f0e481296f386b3
2811 a19644ca06fc4320
2812 0dab25278a77e9c0
2813 84046896e09acf9c
2814 7eacf0ca52e67499
2815 3d738e64f6b944c6
2816 6e792c260f381121
2817 dd0145f2e3811cab
2818 dbcd87ae89cbddce
2819 a69c2d6cf83b906e
2820 9244e82a3421cadb
2821 410550f13644120f
2822 6be231be3195759f
2823 4a2bbafb39ef5306
2824 0dd8c6ab94bbdc82
2825 b0606873191a6cd2
2826 f8dfafc509568216
2827 701bd0cad5f57cd6
2828 d741c562967a77f1
2829 37e5a0cc710ba9a9
2830 46af1e2f69dc347d
2831 6deadbe72caa3a52
2832 8842d1b6d176670f
2833 61d93f2c2f255102
2834 82c8ff96a300df8d
2835 c0e4217546fa29c5
2836 f2f2a3d977afe488
2837 4f1ef5565dfa9126
2838 acad5d3851ac0fb6
2839 63f157046f5ca2e2
2840 a94da8dbfa733934
2841 7ee36b8bb4f038aa
2842 351b55e629057ab7
2843 37d67328a31eb2e6
2844 314c2127530eed3f
2845 7662efe278b7d98a
2846 9e8d31f0f0029211
2847 2ff28774a10bb0f9
2848 245365b7e3b2376f
2849 444672592bcc70c5
2850 efa794830a381ccc
2851 1f5490db79fcdc76
2852 bb8bc2705a857f47
2853 8a2eef9240996656
2854 3bb4803760634e3d
2855 3fbef9e276a51cfa
2856 df230b5c59dd17b2
2857 336bb38034f437b6
2858 bfa99c909ba23743
2859 64d923fc9170ff9b
2860 61d0ea052045d7b7
2861 ab21d1ac20cc1a2d
2862 2b0b37abaa561f39
2863 565c529a8aa24d7d
2864 92d8bca0a6a698b4
2865 342c48de46f5838b
2866 7575379ebba521ea
2867 feae166c8e56cd8c
2868 033b9506e1f92b03
2869 3427de72a8a666f4
2870 940c4e0ec2fdc910
2871 70790f28379bb611
2872 95b8c28d69cee667
2873 b8cdac1621fda002
2874 686a356f98a3cf70
2875 5033669207f5043c
2876 806867cd30b976c4
2877 6d319402caf9a558
2878 45f14a177e4e2e7d
2879 9dc261abf4e28773
2880 62f9f8d266ddd6e4
2881 3a356f887812f9bd
2882 d4105016e7552891
2883 c1114dbb9485feac
2884 c71c42de48c42d78
2885 08e07fc89ea82faa
2886 7608560e5ecf2167
2887 a1818eb4e423c718
2888 d7e10fec3ccab8e3
2889 acd3dfd5d2ef62e6
2890 e185d5f41e828f64
2891 9f5851ca10865c00
2892 d388de39e4901153
2893 45cae71add500fb8
2894 19a4efacf4bc1e23
2895 ae818643a799351c
2896 58bc74e589526e93
2897 1da8e28fbbc67763
2898 1e06a61ba0fe2624
2899 fc98a428ee794c82
2900 8c9d6e5226fb6582
2901 6ed2dbb1bdd2cf80
2902 ff98959bc48fa9a9
2903 8dccb3b4b6d46e10
2904 f0a9d4f4d9896720
2905 7d7031db08fce359
2906 47841a33dde1c28f
2907 605f54d254f0c4bc
2908 7141c2ac40308d20
2909 3981ee6cb78275c5
2910 53fa7f6858f21a88
2911 07ad3ee921d031ee
2912 39d613d55867a617
2913 cc8712ed7c0736d5
2914 61461dfca442bfe2
2915 406a10ade0d0a9ab
2916 e91e21b0c5c25938
2917 7585dab6f67842ed
2918 401989327dc2f402
2919 016afa7963619b87
2920 5bd8d6d26a7d3816
2921 c58782e16bacd9ee
2922 2efe7e42d73e48f5
2923 8b1b8f4d9b010b9a
2924 0947ef8fea84993f
2925 455059d9945cff88
2926 6f8c29dc6c4cd71e
2927 31b5458780160326
2928 35e479157a535026
2929 f795837391b6e5e4
2930 d0df74794f9b7163
2931 6998955bdd1edc24
2932 e0214639354c013a
2933 e4ccb61b6d5c0662
2934 7cecddaa341d4f32
2935 f5b426c3a2cd0ba4
2936 b1305689c1d1a94e
2937 5e505ca0efe3e7d1
2938 df6df88858d050cc
2939 5c306949e4358310
2940 d876429d5f97f77d
2941 423ab2470227ec00
2942 d33a45ec63a209b2
2943 b25d041d8f8f8f3d
2944 f13441dd5bdaec28
2945 d4ea84dfee682caf
2946 d35947843013eadd
2947 cb27ea284e6dee56
2948 e9a4be6c6e99030a
2949 cb7954124dfe7af3
2950 41aedc67862021bc
2951 c51bad08525d4b33
2952 be8be5964712d43c
2953 9ed05df7e8afe19b
2954 7d5e6d7009fb0d75
2955 679113ebe3f36b16
2956 691c7050f122a9fd
2957 db4b158155872346
2958 2afa5f37164b1865
2959 7c219ae2377053da
2960 ce47796d07ee196a
2961 db5265f8ab219d18
2962 38df96d8e7e49c17
2963 e898d2c3dd36961a
2964 0a2300eddcf099b9
2965 0ab1f836c3b12942
2966 c52c8343760ab93c
2967 6e7b6e4bdfe58467
2968 90b06def1d4e0ad1
2969 c4a1996afb5da696
2970 8a0f9e457bb514c4
2971 7249ff586f7d4f21
2972 59ac1de4f14abf3c
2973 1ab78eda2b2dd316
2974 6802005a128778cf
2975 56401db5884cef98
2976 2856f41281cf5d5f
2977 3a9acf9defade1ef
2978 829b9fa1db362229
2979 df957aeaeb1ee25b
2980 b4b6c4a8cdc40a34
2981 0b94157ba3441576
2982 6238d84aac2d98c7
2983 b864e6d14054e941
2984 5641e213d262561f
2985 4193f64bebb1092b
2986 ede9d7c500e2b310
2987 a0e1c40696af57e6
2988 0977b3c0cd50460b
2989 7b6fc0b7315f9c98
2990 40e8630cc8bcc619
2991 fa191aa768b35720
2992 81f60c5e170de989
2993 54183fa8109f0921
2994 236158e117839a43
2995 e616c2e291959def
2996 fc4d0d01302df10c
2997 00cfaf484caf0a87
2998 0af2abb29d117fc0
2999 2714d00d66d9c8a6
3000 798f9542463de926
3001 ccb55649953fcb1d
3002 55bd842f933276e0
3003 584a537cd74e9a59
3004 9f37374052a68373
3005 0ee55165ff8b1378
3006 98abe73ddb6e870e
3007 5b62b353d8a068d6
3008 1f3c566b4e59a77b
3009 a1cc44769153432b
3010 2f4a1ef4cb2f1c2a
3011 ebc3b3f385691dec
3012 6090238af9bae2ab
3013 f5a5b41e159f4c4a
3014 242a6ee35e034575
3015 00952546c71045f1
3016 2ddfe0ffc47add55
3017 0a133f0fa0c514a6
3018 aa9aaff756c2bb65
3019 265c23902b60e7ea
3020 af813bc479da9fff
3021 0ef6fd3cf0e61222
3022 10d93f0c290b037e
3023 6adf15686d4033db
3024 717a81008df32b43
3025 6b656401ddc7b7bf
3026 727690182c69ae65
3027 980e449edce85d74
3028 b5efdc78a19168ea
3029 00798c5cf657be1c
3030 99e1b2aef6ff4df1
3031 b4e1c29a1342983a
3032 9bfc71550d21366a
3033 e755ac22991faf76
3034 4683bc8bb3f08d4f
3035 6635429b3b07b8ab
3036 dea1d0df7847df52
3037 08fa643fcde299d9
3038 ba05c91b87d53d5e
3039 cd9f412fa3aa59e3
3040 947af025f1093612
3041 604d3b4f3d0d3c34
3042 33f7e1dd5ace082a
3043 40633ed5656e9cc2
3044 4a4ec1f1db7e78e3
3045 7296e2324442b48f
3046 5d1ced9c0ef884de
3047 4cbcba2a998c6b4e
3048 a541b1fc9941bb54
3049 aea7203bc8bd2a6d
3050 846484e9232c39c9
3051 ee45c420be842489
3052 b0418b2c96042f51
3053 e9639aad1cc62213
3054 a9a114b76cec01c2
3055 061fba3e15192388
3056 706ad4eed1540d6b
3057 b1e094abe37dd44d
3058 902a02fccbc02a61
3059 8a14f00fbd5df1b2
3060 c80d3d35af9a653e
3061 a797a33ddae1621d
3062 c28eeb19edbb8ce4
3063 9a8640d640e504ab
3064 f31f016fbf4df38b
3065 00a32d69c724f3d6
3066 a6471009626abdea
3067 cf1aeb40d48b8237
3068 ec8bba09fa1de367
3069 a4ff9add55e108ba
3070 f5d7a0ed2f336b30
3071 016d9cbb1eab56a9
3072 ac339c17f33a9ac7
3073 67d4d96f27a91146
3074 28a50941fe905707
3075 d14f03d3981ca8bf
3076 b91da49ffe9232ba
3077 d3195e653ca2e25b
3078 21b3acf3ed470ae5
3079 447ca2eb6f20a63f
3080 74151192000fb648
3081 332e467ab08fa9b0
3082 cb415ff0e0000f70
3083 762605750ac7bee8
3084 a56dea22f22e147b
3085 9c8683ccdf5810c9
3086 4628b00c94de5ce8
3087 5ede5ddccf96d05d
3088 59d83a1b37eeab70
3089 612574cb121b5e31
3090 45035b45b8f2f9c0
3091 976036d8e9903fa3
3092 49e2092e5c91c498
3093 bda36fd5ef4b309d
3094 113d4a1cdcd8a893
3095 b8e049b5beca5a0c
3096 2bac272a2810c80a
3097 b321c255f560f3ba
3098 7d7790e7924f2e06
3099 b73c704a42ea5d3a
3100 1fcf4c3b6f8e55e6
3101 407ae03cb2f81a36
3102 29b48a7da5ede8f3
3103 a0dd600965b05c9b
3104 18c127c433217053
3105 e4dff22ff8d3269d
3106 cfc5e624603d6a8a
3107 54b504486adebfd1
3108 5a14da273d7beca2
3109 f19a9405ad2316dd
3110 1190aa2f6621cad9
3111 b3ac6aa0e0f377b0
3112 3c25bd331a506c62
3113 27c8ca6e3d405507
3114 50b152b7fa900a20
3115 70d115762444773d
3116 9609c708e1cc54d0
3117 66737e067609fcea
3118 b5cf0f4052aea4cc
3119 d4a311bf87ef7548
3120 f76fa9f3f7a22e03
3121 3aff2820e57862fc
3122 2c0755035e023980
3123 4713b774e41c92cc
3124 94b851543303d17b
3125 e1928dc9d01b66a5
3126 dab44953381a64e6
3127 841e19365ac924eb
3128 24b65394fd8fb4d9
3129 6d5ccb3b739c5272
3130 193aab197eefdf97
3131 3e3f163b7eb18104
3132 f9c78da86d27aa8d
3133 de1ba9ee46e65807
3134 fc37960f4e805aef
3135 2cb1b6ce471d73b8
3136 e2447e11d1f38025
3137 fc22521f745b314c
3138 5d534471ceefc131
3139 b384ac0e9094beee
3140 f8c08f91d0086804
3141 d7cdf3b935547d86
3142 c8d969025ac3dd94
3143 1e98136167d51c24
3144 684b7f18b0faa0dd
3145 6743c9a41eb9128b
3146 865a1103c693eaec
3147 9b539b113c4c54dc
3148 50a5320122f3acfe
3149 b3091759665ea91d
3150 97ec549db74df329
3151 eca380792abb4178
3152 506cb8cb856b50f9
3153 4d762e5df884c60c
3154 27dfab47a178dd91
3155 029c0beb1cf1403b
3156 e9dc82e0eacebea1
3157 0c70526c3f12531d
3158 c131e184779a5819
3159 882fe78db2e57ded
3160 a4530ddd0d667a74
3161 1ed01a5f79357ccc
3162 b56db9aa57f71e7f
3163 4fb0cdc7ac0def36
3164 98f0dfcbfc9cf0f8
3165 2494b568b2bf33d0
3166 040a6761e9754f40
3167 0949318ab4d5c6ca
3168 3b74e87c557ce982
3169 e4ebb9ea0f2b0a10
3170 8f51532ab7107fcf
3171 081b9261a76eb49f
3172 3fc8ade3d2a8b5c7
3173 d0500cf93956a193
3174 ff41d455d48dfda4
3175 8dbbd88364177b8f
3176 cc4322b00206a3aa
3177 b57fa3db75721519
3178 2e6fb698de4efacd
3179 646b4781847c4174
3180 fadf0c33fa752d19
3181 b3a2753225fa7d3d
3182 813df8453418e783
3183 3d17cca9faa5c9da
3184 1476573db26c654d
3185 b214af6785c73c02
3186 372cc4a0bb20a0fd
3187 b3ea5ff8c80b590a
3188 9292ffba58738509
3189 a3e9b3feca9e1f2c
3190 0f9c2daf57f67cb9
3191 ac2a0f518abbb6d3
3192 cddee061fea86515
3193 2dda87265ffe9b48
3194 1f147b9f679d03da
3195 55b36aea8a100f3a
3196 ab6bb4e207b90f29
3197 7b1eaba1ec52289d
3198 2fe6eb9483e37f10
3199 da7807bd3f40abda
3200 997e06188f33178f
3201 ea0c87ec70a20802
3202 3f142a03877acdcf
3203 6cbeb4ffeb149d3c
3204 cfe7e6a779425057
3205 3f679ce0b1e37ee1
3206 9a5b84f53a68b315
3207 0722f0231c2c259b
3208 b9c7d6848d7bdec3
3209 d3ef89f02289a392
3210 85e543f3c9b85a2f
3211 365b4024896e901d
3212 794ce2f9b8777f8a
3213 93d078adbb8703d2
3214 71d1087a9c6102f1
3215 b9c23de8c16daf6a
3216 9d8dd4d885d878ab
3217 6eca24793c9ef47c
3218 cbbe6acfe5874dd0
3219 c64da0c13e86a30d
3220 158f00187859b0b1
3221 e82a63db97f032d9
3222 a9ca804b0a177392
3223 865bc2b9f46a5fa3
3224 2997b80360b9e0a5
3225 5dbbf05a5a54aef2
3226 848899f1e5e557a4
3227 bd3129d9733678cf
3228 c999b3c587b82341
3229 0f0a6c1a54e238eb
3230 8743f98dd8c27377
3231 03d457885cf2ce6a
3232 84b9e868cb836b23
3233 93d847b5580128c9
3234 6364d36fac5235a4
3235 08185e9823b9034f
3236 482abeb3e4c0e36d
3237 7ded7257543601f2
3238 e83eb13f5ba28516
3239 2a38019f392b6fe7
3240 8b299effeae47be5
3241 0e6f3dbecd1fba63
3242 d2ae1ff98ea9fc4b
3243 547fc9a0b7476dc9
3244 3558eae9a6dedf8e
3245 22981020b0cb149f
3246 a4e1fdbcf2f55fd1
3247 e3c9fd223a2a276a
3248 16b703dfd563b996
3249 8c47f68a9f988f8e
3250 8154b44fce4ee497
3251 ebf7760e013124bc
3252 061c8a15c85d9046
3253 389dc3417fdb0de8
3254 f5ddb77b64f0229a
3255 47150f1a3f68de36
3256 35a46f989cccd73a
3257 6f6b4ef7c90e2672
3258 99e899cedc705c47
3259 f0330df5c959a12d
3260 8c0d444b9ec683dc
3261 64b792084f0a9cea
3262 a2e84188e09db27e
3263 006bf574ca0a2ee7
3264 ff5aa51a61e2a9d8
3265 16b46668e05281ba
3266 6e0efe6725127cd3
3267 a4f396d5619c0eb7
3268 e24e8e2e7fd98923
3269 12e282b79e40bcad
3270 03011f3b54c428d9
3271 c00fd7c7980d1406
3272 f3552f4d8f2786b6
3273 c92cceae7ba1c6cb
3274 4fe7146613dc3900
3275 06b156f4771cb2d8
3276 02b0c17c9015c4ac
3277 f63aaa3db0bffbf8
3278 a164719567bfe4fc
3279 d05642a2d4e9a47a
3280 6f17c262e66405ea
3281 3cd72cb44e91cc4c
3282 755bca6031b6818e
3283 77f4892b181ddd2c
3284 ab30da61e28ebee8
3285 3a533eed24e414f0
3286 3921ecf197dcd2a9
3287 3ba1abdfac2418e3
3288 9776d1d5ccec54a6
3289 f4e1310ba949c678
3290 ba198b4a88add437
3291 ec771091b932d35d
3292 ba097ff4b422bb28
3293 e28e5be18dfe3b1d
3294 413d306787691587
3295 efd71177a01c5b3c
3296 f62aeb226e2065e8
3297 7a76f0e99ff53a04
3298 0e795ca0c2f10ebb
3299 36eee01173f25fa0
3300 08b8383980a957e0
3301 a82ace4a2c7b0526
3302 6a0702aafc89243c
3303 dc866db493fac311
3304 aa09d95c2e7c3024
3305 56ae90dda96c0a0a
3306 d38c3e114bbbbb77
3307 1e57862e4f0db33d
3308 9c614f9f4a595b18
3309 df46ea9564bdc6f9
3310 72424fa76350ca53
3311 ddcd465b8337bd2f
3312 c3aaa78daf64fcbc
3313 c614d474011883aa
3314 5efed92b21870bbf
3315 74b4dc4f186d91fb
3316 cf6683b5cb9cc2ec
3317 354d5b73d390cf16
3318 2b0e864d68b438b2
3319 82950c415746fc0a
3320 0ef8b141487a26dd
3321 ff81ed5c44be07e4
3322 aada3c8c78b16d69
3323 1549b93e03c83d6d
3324 a2ad517f871fcec1
3325 089185358f7d825f
3326 3a8dee021d05afbf
3327 babdc16b472ce303
3328 39a2afde675c6b4d
3329 45ab182c95dee696
3330 fc6225567a924555
3331 eb0523ce99626cb3
3332 29d60b785db7906d
3333 baf326d3cac02f81
3334 5d4077a583b289fa
3335 00f1bf1313bc801c
3336 b53d44105231cdfb
3337 1cf245d4779a01a7
3338 7661422b5ba2a7ef
3339 6b347acdef7d573f
3340 b8c07b91604175a5
3341 6348b14e724411be
3342 99b6a515c083a6f5
3343 f1616c0a93572843
3344 8e95bcb2d3649de1
3345 65fab13596f42229
3346 9a59345d4acc950c
3347 88751c540f493591
3348 ee7e8e0b22f2a9d1
3349 71219f7a31c16f05
3350 a08cf9ff4543c49c
3351 3757a4a9cdec3499
3352 53bdb11b946b1122
3353 ece38eaee41d77e8
3354 8eac8cba6b0aa4b8
3355 d07413810215b13c
3356 1985a014db8a8600
3357 a5ba7716b7ef5300
3358 10ea247fa36548c3
3359 739688a6f80f16fb
3360 6a06ac8937e56267
3361 6a93e446768ca529
3362 5e15b4b5818f3363
3363 78ccb94767f0b1c8
3364 fd322aace3e78d6e
3365 6b58d4a5e6ceaaa8
3366 c4c30a492d5b3266
3367 a0fb004d36236deb
3368 4fafb1a679e69e10
3369 bd08ccd7754cdf2f
3370 52c7d73fd677f02a
3371 e8dc77c69fc88343
3372 b0b3699a234b9cc1
3373 2b019bc3ee22ee40
3374 a40ce1d7a46441c5
3375 0ec9f7f113e7aca4
3376 85829bd4c9c43400
3377 c99ae239c75a0b1c
3378 575ea9fd121e60f9
3379 149dd6555483ded7
3380 fbb36d2351f30cd7
3381 239bbff18ec83f2a
3382 58c271aac2f1c4df
3383 5de1d82219467a3a
3384 706eb09a6e899b67
3385 8048ec2af4e0a101
3386 d85bd7dc2d8bbd35
3387 7d98992ebaf59fa9
3388 76c537c1d0aa2237
3389 534b5414550f1bb9
3390 a859124af6f9a896
3391 a9cabf17c76f1c7f
3392 a9431a26e52cb164
3393 dce1be4494d9933a
3394 51a0991c4bf3ab38
3395 fb9e85cdf284726d
3396 473ec8264dc1857d
3397 21a9f80d93595823
3398 6afb2942bdf9e931
3399 9a536808e1861777
3400 ee4ef51e7d089586
3401 e935046544807f61
3402 ff650777e47bbd39
3403 4c4b32702e192405
3404 b57780d755371d18
3405 a2d1fd3ea9b7e9d3
3406 45398631a405be29
3407 2e93a0c1c94bbf89
3408 9e710f666c10a05c
3409 7f6953fd56eef8c7
3410 187923201f7406a1
3411 72aac4c34ba74aa3
3412 e77511edfac206f3
3413 bff03f5605ea221b
3414 5022db497849f5a3
3415 cdde907d58015b58
3416 dd83c58551d08ac3
3417 2141db43e202b41d
3418 205fcb7dfc6b0254
3419 d2a903372a67547b
3420 3019556235987aab
3421 7b85697371aa8c5f
3422 68f6c7a76783a106
3423 3e8bee59f0ee79dd
3424 67a41f1706629b82
3425 f0d8e75b7244f389
3426 5d9a5dbcb4046fb5
3427 dc16a889845bb54e
3428 af007a5c1afd52c5
3429 622339295b807ac1
3430 9396ce46eba04ef3
3431 e007ff17bd789312
3432 670f93ce819da742
3433 e3f6650fd917d923
3434 b60a7b68cf6d43bc
3435 d47eadbad54c7e32
3436 994e7c98fa61a426
3437 d2504c09fd36ffcd
3438 537c1950a82d3bbf
3439 a78c1dc12d0d9caa
3440 1413d4c99d00256a
3441 8b4fa8c868c66d5a
3442 8cbedb46d1ada8ae
3443 9e714e4864b7e509
3444 12c35b9faf89758c
3445 aa59ed091274bfd1
3446 31bf35f84ddf11ed
3447 d8fb9cdbc4516f35
3448 0f8fe7930a851b01
3449 560096e4f0804922
3450 ab15e10f6b589904
3451 754cab65c7a04702
3452 e2c9429ddbe7f902
3453 d0307cc6ae4fc1ad
3454 1dfc6251999b02c3
3455 b71f8a21370d23b5
3456 19e654fcac42a1fb
3457 0dc445aa0a54341d
3458 03feb4d9e0d37ea9
3459 221fcbd6aad0159c
3460 b9d6a56146acb242
3461 8ac5981ef8b4312f
3462 d57a3b50480d93f5
3463 e93ecd4f099996d3
3464 7bb0893710afdd54
3465 fcc44b48ede0808e
3466 6646baa3b571127b
3467 0d402d98cba3666b
3468 a02e499f9b57ab0b
3469 19a075d0730248d6
3470 4d0b228b0bbac44f
3471 ce4251998a666822
3472 7e00651b82c6e157
3473 b69f9827f0455606
3474 4aefee21c7149580
3475 efa768cf380fd7d4
3476 9e2df933b939d720
3477 aca7dd56c6364719
3478 8d2d60e7413a6acb
3479 2516deb48723f280
3480 eb7998b405c91826
3481 44c4447239ada5b1
3482 9f7e9fbf4a6ee177
3483 3ff14a8cb85a0512
3484 06397cb299a4bddb
3485 666e4db5e993fff5
3486 f8df6344b115cf25
3487 dd02c754220be226
3488 e1266869abfcbe73
3489 e7fdaac3485da2ea
3490 a2ee5af17f5bb6cb
3491 e2b8ebfc19053b4e
3492 418d7749249ea582
3493 7d7e4555e167d464
3494 4ef7502745615938
3495 f91e30f640ecdd84
3496 25c3176b3dfa3e92
3497 58b0ee46c178407c
3498 fa59b2b4dcdefcad
3499 ccbbaf1af7cfc905
3500 23029e88c51ac7d0
3501 6e7cf9903ed6ce50
3502 495a7bd800207d7e
3503 e58a29654ed06cb3
3504 d67b5ac60826306f
3505 2778c381e4c0e559
3506 4012f93506899c5d
3507 0edc42ce64f05c85
3508 50e5fe63174c0a85
3509 00ff2fd851c421db
3510 db82ac31366c2caf
3511 3f7ff613081776f4
3512 eafcdab237a84f6d
3513 452455d18d1e0b3d
3514 ae830449f731a98c
3515 d7d36ccfa1010715
3516 39469092bc32e28b
3517 5f2f90872eb26404
3518 d2de2d9f212b23bc
3519 0729ad5fd16552a2
3520 ea3e86af4f9ecf29
3521 530f733048e989e9
3522 4b39d9a1904ceada
3523 4099e2abf27e2e0d
3524 c407061bb3a2d8f2
3525 7949a2d6ec67a0f3
3526 9759d31506311332
3527 57d1fde9c7ec16c1
3528 dd54956f7af84c94
3529 6a2d6e071fb1bb72
3530 7d839e78723ee885
3531 41e2342060772de9
3532 3482532ce2936a9d
3533 6e0874734655b6cd
3534 32112dc56623b0c5
3535 a3b18fbf20fa0a87
3536 4e7a9090cae6edb9
3537 2d9aa19656954e98
3538 82ad8625d92b9273
3539 b80f62f4564dd791
3540 800b4341fda50c45
3541 2e415f90f1a75f9d
3542 d5fc12c86238f542
3543 3710e89b7a2bedde
3544 2a41085f90886d93
3545 31e13464b5c1ee49
3546 f33d82e5d722ba37
3547 87d201cc2a673ac5
3548 00b33993b4c44c4b
3549 708d3eb69b450f0a
3550 42cd76eb54123c79
3551 80a185e76b13d62f
3552 428a572bd3b96147
3553 a7df1cd5ec9cbb1c
3554 1b7d12c67ef9c13b
3555 db6967372be7623b
3556 5626b4ddc6f06c41
3557 6534f2b6ac220d94
3558 e54038b2ab0017e6
3559 377ccb2ee1b8a5c1
3560 5293c3434901313e
3561 11a99efe7e915aec
3562 be15f6e87088c065
3563 5f5dc9e5ebc6b45a
3564 0d1fa9b5eadb2b2a
3565 5a2ad61c5fef7b2d
3566 7e067a38d99862ef
3567 f11441d09d14513d
3568 a1d5cdc510d15e6f
3569 90c201ff0daef4cb
3570 c382f5d6d9657f89
3571 fe4b31d5f41c5afc
3572 568bbfeb7c0da8b6
3573 decdc7d6eaab5169
3574 fcb782cf7b4422f0
3575 47d8a4298184d9bf
3576 61f58781dae98f9b
3577 f17dfca13c00f1b5
3578 bb2f1f663ad6a42f
3579 c99cab1636b713df
3580 73dcd2910191e878
3581 b7bb9399b0711054
3582 1c94d471e4a81d36
3583 f7462413539362ac
3584 d673390fbf6797fc
3585 e8198cc5cde8676f
3586 3d682b510b402fbe
3587 8c1776e1b0746bca
3588 6ad00ad9320ea7e6
3589 2444cee91bbe575b
3590 312cd169676f187d
3591 df98fdce9e33de05
3592 80d1d2d9ad261da4
3593 76a6b3fc64da6340
3594 d309c180ba2168be
3595 a163fd64a9d7faaa
3596 d57ce49afbb908ae
3597 ee8e4c4744b66c6d
3598 1b4aaaf540152dde
3599 c757ea2958a2ba90
3600 b4dbe84d60fc508d
3601 c032644c2339d23d
3602 2b673ba7536a446e
3603 1a303aa7b2367334
3604 074c5505ab0a6800
3605 00a6ae3886a918e0
3606 486f534349e01679
3607 d05536385154bc6c
3608 241660319c4253cd
3609 ee659acf465e06e9
3610 31dcc9a31a869a20
3611 838a2a1c639a59f5
3612 bc961af5037e5d96
3613 4704e60ec1a5af67
3614 e92e4c59ae4c76bf
3615 137d2af06fa81ddb
3616 555d6b0eafb3aa27
3617 208049c96389511f
3618 32a8c6388ddbe34d
3619 232604ab0a844ca2
3620 9726be1647f6d058
3621 33cbcfeb8cbf2df2
3622 5106255d898fc89c
3623 3c8929f8814ea474
3624 b35690f5341acf79
3625 6e907aaeba7598ea
3626 e715a8dfd750a677
3627 5345f91a31e4aa72
3628 671c573f0fd60424
3629 9e0b8b2722646b13
3630 c877f3ecbb4c14fc
3631 294cf09a4f68b0b7
3632 0ad11381ebf1bcaf
3633 1bf68d8d1d84cbe0
3634 85b6331031cf33f4
3635 d50d4b8585a5fe3a
3636 5d64f9231f1cc561
3637 9999d98846df117b
3638 b37f02c8f482abb7
3639 cb6a412ff5b75490
3640 6222c9d32041c2fe
3641 111550baff03f47e
3642 2ba4b424b300be6a
3643 811f5776c1f5f64a
3644 6d798493b3afca90
3645 fd2bc935f4736bda
3646 075ba158fd4cc257
3647 4b50648366b47026
3648 08f40dac7aad159d
3649 1273942565281d83
3650 02d3d2818174f8ac
3651 c9ae7479a0613eb4
3652 f9de032b9486b3b0
3653 4ef8b853cbdffdcd
3654 038ae8b9dbdaf56f
3655 3cc18f0d52584af8
3656 d0801014070791c5
3657 01ec68456dd7e58b
3658 89387ec13336998d
3659 0dd7c04b9b1a1b3d
3660 1924ff0d1c2681da
3661 43f5dae414a00118
3662 662551cd0af340f3
3663 d93be1427a5f6954
3664 fe8b528023e66be9
3665 a3f38ff84cd52aea
3666 41a167cfa3f4bea0
3667 ea5edc1d48958c88
3668 777ad1887ae80dd9
3669 254791ff3ba88f3a
3670 b2886bd51c9f472d
3671 8ddbf7329128c796
3672 6ba9816c3e044929
3673 f48252a95be619ba
3674 1e2464eaa248808e
3675 8ca6db5bd0d18341
3676 68efa2dcd74eb6ef
3677 38bbdca02f1def09
3678 3e613f04611008d7
3679 46a8e7b114be7ddf
3680 4ef0a489d4081e35
3681 d9cce356c565d29e
3682 4dabb53b669960b0
3683 48ee6b39c31b7e70
3684 de7fe2d643a5c74b
3685 dbd57accde772e53
3686 7a6d3ea1e88fe476
3687 c7ec3ae295c5c710
3688 27c4047d74982e04
3689 e9ebf28b320b21ce
3690 def61d701f0a4fda
3691 f202b8c00baeda5f
3692 3213f970ec0a811a
3693 9522530d296856e1
3694 a0bb6f3ef15c60cc
3695 22009f9d8f41fc23
3696 7f4f39159eef91ec
3697 ff280e7dd4f56343
3698 955596eb0a51227d
3699 fc373bb026dfee40
3700 f2e3899649d98733
3701 ce236e7b790a240e
3702 db6ac8300ebf4c76
3703 4b91b34166cf5c72
3704 fb7899053ffc1abe
3705 b8f3ededff94993f
3706 cf2ed600734ed994
3707 aa8a968cca29306d
3708 07bf3028e8d5ba16
3709 ae6e45a39ebc2556
3710 d9950cd1f5ca44c7
3711 14b308ad3cd68ce4
3712 b678790bba64516b
3713 ce45bbb560c6540a
3714 4f8bf609839b85d8
3715 5b965c21e71b0356
3716 8d11765eb885b7cd
3717 432b71886de7db18
3718 ecd330d3b3ba4a5b
3719 48fcd3a7cc462f80
3720 eddbb53af30506db
3721 7442ba3602994d3a
3722 7f81d40c446f8657
3723 c9067dbf3ba4cc34
3724 d15668741748239c
3725 6c37873b68ab4fa9
3726 3f31c6d04fe61798
3727 47a61c846c8d3829
3728 3c788d314a61bcbd
3729 e3a5663a84d0b8ea
3730 3088ea8e3af225ff
3731 e3a8c98d1f786172
3732 e61af740c1982661
3733 21801ee8732a42ac
3734 3c7a53ac520a9b0f
3735 3dbfe40394c26ada
3736 0e827ce5ee79aba9
3737 daba8371e1eb1544
3738 c3e7a4a76d9acffb
3739 95b6e4c890d80bd0
3740 8c356bdef10ae655
3741 7890741e8476fe0d
3742 e1bfacdbd23593e3
3743 d4dd9c97e2a714d3
3744 333dbc4d661474a0
3745 7436aab8c5c53fc8
3746 a76fe48542863e51
3747 0ba8e4652603bc6e
3748 c00bd322502e15c1
3749 69cda46cdf1d663e
3750 d6e7087ff9d0885c
3751 c2e39a0b2ae6f569
3752 a7dd8321c46e180a
3753 78ecac86ee503371
3754 bbd7e6d0dfab7e4b
3755 2ef1b6bb216cefda
3756 dc9871dbed75457f
3757 0945498964481958
3758 cee6835c20a00238
3759 d13dabcf04d62581
3760 8989acd210a36234
3761 cd53ab9feae19a21
3762 23391b57e0579ebe
3763 c34c062bbe4407ba
3764 44ad781d11d8a0ff
3765 fbbedabccbe195f2
3766 7f71ff83eba90ae7
3767 c5b47e6b83f209bd
3768 7a50446cb3ea56a2
3769 c3941c40675fe183
3770 077477ecdc3e0ace
3771 1ef38fc5e5ec6cec
3772 da31859e72eb7187
3773 ceaa82609d5ec448
3774 045fc6f73c49f79d
3775 c158b505cb9f0a98
3776 66441459f096a5e6
3777 6daeff629eb0e8d1
3778 db024d886484b9c2
3779 cf73a0dcb6d8955f
3780 c6a72e4ba61eb76b
3781 c520ab6542d293a4
3782 6ecdff74f89aa293
3783 5c83442200466be4
3784 e32ecb6a13c23cc6
3785 eb0e53104a336c6f
3786 2bfb956b3f25f970
3787 8f82e4cbfb8b20bf
3788 c50e0dad074a9d4c
3789 34a1b9fae193c0b0
3790 49fa937be60ed551
3791 7ce3fd17660fd542
3792 037a3a18c5f76789
3793 4f587383002d481f
3794 4dd393e38545f95a
3795 b654a97ac51e662f
3796 86ea24036de5adf0
3797 adcd1688ef157630
3798 99877813b4315061
3799 979525b90a9c9bb8
3800 b897fc9d34acb069
3801 85fa9f98f7558c96
3802 dd27c6ac9ac73011
3803 88aa6cd29605ed52
3804 7c5f034cb311f446
3805 59efeeedb3949cd5
3806 33364c63577498cc
3807 d893f6c5aa1d83b5
3808 09cdb288f7684a5f
3809 94d8a18aa2ab557f
3810 f4b0c52854dc84b1
3811 908657d502779067
3812 7ff7e174760aefaf
3813 24425492e0a370c4
3814 9b22e4342835b993
3815 c49a1fa873f1d737
3816 658d145c0ab8645a
3817 cf9c1df22bb3cb77
3818 9ea32d07aa1da977
3819 2bbdc926ee9558f2
3820 2bea65017737cd65
3821 a3a850e99aa9efa7
3822 d997e081de90b63b
3823 c7c66dd5a2be311f
3824 0cb98527b6e8ef0d
3825 e63fb55684bb92fe
3826 3e181890ddffdf92
3827 c8ede3ad3a7305ec
3828 5167ebbc8db6001d
3829 387d379bb90463f0
3830 9572ff11d43283ae
3831 2768de496bdf1332
3832 8f155fcea0d382fa
3833 d07679f5d64e9343
3834 ef38bcd73452fbdc
3835 6650dce235c4017c
3836 dbf1d049e0f9cb30
3837 3bb08390383db3c8
3838 aeccd0a47780ede6
3839 3c1c8277a394ed84
3840 e3dd2ce0cdb2d4fa
3841 a863f653bd054ae2
3842 4aa030037a96fc8a
3843 448e3c76091f0b18
3844 c9c5e037cbcd4b95
3845 0964cc224cf10a3d
3846 83dce6e0a89b35a1
3847 06d3f061f7a4bd2c
3848 b9af6f86d90eccb6
3849 9146de20f969201d
3850 ebaa9946cbcd1994
3851 5746adb0ff5811df
3852 d8642dd6ad6d8de5
3853 6c77a00bfd927b6f
3854 7b4fda9e51c90807
3855 747f4fbf18f764d2
3856 58029ec04f41f14e
3857 e6f86b611a09eb7a
3858 7de7448acdaace1d
3859 05294ebb410b4cd8
3860 1c2da2b722dc3b50
3861 482b38685f803740
3862 2b9df63370f32ccf
3863 1c6c36985905a3f5
3864 872730dd11c3ea7e
3865 e54703b085a28cf3
3866 ddbdb4fdca9202dc
3867 227ec9e9b05d4631
3868 3c6914e08c395fbe
3869 479523a354e1d7b4
3870 fbbda21e93ed62f3
3871 a5a78c482e653f92
3872 f24bde7621c628c8
3873 4064ae30d53bebcb
3874 98d9642ce883a54b
3875 fce9da4b412483a7
3876 e50850e1dc056baf
3877 de30da2e344d8e1c
3878 87ae22ed830428ed
3879 01d7ee22a6f39dfc
3880 af664ad91575dcf4
3881 fdb4c1fae20504e7
3882 50b257f6c4027979
3883 86e82e1329ea4c5b
3884 ea93f05eddd8421b
3885 066bbda11867d529
3886 b2f954e22f3a8b5b
3887 807d3597246d23e1
3888 bc1499173e564232
3889 65df96069e718f96
3890 32fba3897fabe0ad
3891 f8de00991c21cfe1
3892 19ea92d7f266a6a0
3893 2026bf00f8603ba3
3894 4b87707d0f656742
3895 f5023ddae17917d9
3896 fa812f941a026ad2
3897 f6b7487870bc4b1d
3898 1f4c69a5329b6c37
3899 15df229de9baf56f
3900 a353fcdb04e4850d
3901 80c14a69aa3d756b
3902 9dc1bbb625f6c2b8
3903 837440087fae8f0d
3904 b37bae14b743e42d
3905 7070f1072b4f7d86
3906 18935854dbb4a00a
3907 dce8cdbebe46b872
3908 6b41fb04f9567991
3909 c1fb7b090b2f52c8
3910 bf08089f33dac805
3911 771eb8ac71060128
3912 2cb935463695f5bf
3913 0975203012db3b20
3914 2cc6b89bf20c66a7
3915 be2ec25913609a2c
3916 1679b0ac87b6f5f7
3917 8628c3445c8d4fa3
3918 2b30295290288c88
3919 3c3b29fdc129e5aa
3920 12a8a708fe7a12be
3921 19d4b8c0378de4cb
3922 ad9e82f90214f590
3923 76c6c25b4f4074a8
3924 14e8e49ab702324a
3925 fe190691ca17025e
3926 04dd69be8071b7b6
3927 1bbfd60160dae97e
3928 dd645c49c0d89806
3929 09a76151c7651386
3930 6d68a2e9f9346c1a
3931 6b3c9a7969ec4b86
3932 7ab6605203a82d3b
3933 c01c16f3ef77a6ac
3934 4a22eae7ef2617f4
3935 c40fa3a75a16e419
3936 e83037fb65a97e82
3937 bd648a4ee186a79a
3938 ae7e7ddfa3805d1a
3939 304801f90416a476
3940 cf57679068921350
3941 356aeea0c67f8cc3
3942 2062147ed18f3b8e
3943 5a7b304a1fdfd02d
3944 e47b16e6a06da863
3945 3a81d3ff5cb9f7dd
3946 478f5ace69ecfe6e
3947 86bf3d2d7ea0ee47
3948 7ad453d698034fdc
3949 fa765ecee174bff0
3950 64bd433a103adc29
3951 302f2fb8fc18dd8c
3952 55ce40097a60e3e9
3953 a9cb0bf6d91649fd
3954 93c96fbd57753c26
3955 6041cd0633c9f393
3956 27448ca7f0b36532
3957 db9d06904234ee2b
3958 4084b8ab90fd9c1b
3959 2a45240f79d0d348
3960 d9043b2066eae951
3961 72f587828117c4a0
3962 845c5aa054f8955b
3963 f949050a29b12604
3964 9a1023eee1162320
3965 7d4be8684c893dfc
3966 b200617b180a4cf3
3967 224cf5c5a34575ca
3968 1f5d9995d09573bf
3969 b113ce1adf30014a
3970 880a6b7af92fd429
3971 7e29525ce9784245
3972 f62cd9d433ceefe8
3973 49e6fff81d9a5c65
3974 40d62af9667ebfec
3975 3f496467399b5af8
3976 2470b265508b0b03
3977 0946f0df7e12b09e
3978 b79b985a7759a7eb
3979 3495584ff13ae089
3980 3db4b5e172923590
3981 4efdf90cbe100a1b
3982 c8544c00daa9a116
3983 9c17c17712335c97
3984 af894f79d431dfc9
3985 8c7a58b23b1a6f96
3986 ac135f5eee28ceed
3987 80e7f7fb7e54dc50
3988 040a10ce3b2eec6c
3989 c2e47eb6dcc7672b
3990 7a9424e8fd18a954
3991 50663bf9d1989f37
3992 70c8256412d635d0
3993 9316e4a90a989941
3994 fc28083f5628df26
3995 c01bf8438e2326f5
3996 f05c6f1f71119c9e
3997 295f80dfa93a33bc
3998 a7f913e3e1cd88f9
3999 92b353c748a45e16
4000 43f19e7151e042ff
4001 f2a1b347213e0268
4002 ef679d790f08a8d1
4003 d0fd84656d1f4c90
4004 19d797d7554d31a4
4005 904deff19ebd7753
4006 a5b935ace56ea7b8
4007 ceba53fa94331ef5
4008 ab9363c538bd7abf
4009 0202771b65003287
4010 5d0e31aaa8ba9ddb
4011 ff03d7481aef26cf
4012 2e8ec1100c57a9f4
4013 dcd1b4db66146175
4014 5f3c124eaa8c9e96
4015 884f379332d3bb10
4016 841f0476cd954df1
4017 ae69c68ea8488fbc
4018 99d18ff1fb4934be
4019 19c9e90d2e26140f
4020 d51313bbff3381c0
4021 7e1dbcf4d158ebfa
4022 427ce17c70669f5a
4023 33575ad48a5711eb
4024 5f950e82993503e9
4025 847e5cf136425799
4026 08eba71d8f7af31d
4027 ed139376e28c06e0
4028 e0a72ebe17c8276e
4029 a67304565299678b
4030 e147092b3fca6f53
4031 98946d020cbd9d53
4032 7b021ad7c0bf0bbd
4033 eac6eef8acf7fc0b
4034 1c297e3a53ae299d
4035 8f94f6aca9e1017d
4036 986af22d7b46485b
4037 2f8ce1032ac36a7d
4038 ff055871b3d0f917
4039 b4e99a13fead0284
4040 3f50ec7ba8077efd
4041 7d943911c932dd8e
4042 5fb29bad9c3f1399
4043 73a0fb26d5f21365
4044 5e0e882042adb50b
4045 5d7ad541381f3556
4046 6a2f6c9d80a58912
4047 96131d4247c1e93a
4048 39c822070edfe510
4049 7009526d8f8c315d
4050 4495089ee9a7b744
4051 50d9c7dea56d6304
4052 b2b2ff10835bff07
4053 eeb645083671c7eb
4054 048cd10d008e8769
4055 05e084732d41e1ee
4056 78e792f298bfe78c
4057 3151b913b99dc660
4058 4f1cb4fa8ba7ae5a
4059 89c819c7d52bdfa5
4060 5208d5a8e61b1210
4061 75e1e9543768a53e
4062 3835ba983c697d23
4063 c9af65cd8da8f04e
4064 81145c09867d0c8e
4065 2200f504f8b86910
4066 f8c476499e974e6a
4067 91a2b14b81ee68b1
4068 0a4722b72264aa0e
4069 165929405e025bcd
4070 aeea63e241cd34da
4071 4d7e72883bc58ca3
4072 7953904f6f5b0c7c
4073 9b52d121b2e93704
4074 fb4318a6ff3b0718
4075 4dfcd2ca1b1952bb
4076 5ad167d7104f9cb5
4077 245dbaf457a14181
4078 2602a14bc5d692db
4079 1a958537d1809735
4080 3c1f6a81eacc711c
4081 8ba392a3bf8cdf6d
4082 ea788a84b5904226
4083 3b21874cc436a5c2
4084 7156967482e04c93
4085 41ebe3ee278795b6
4086 534fb780fa3497bf
4087 f02e4a1af802b5c0
4088 a15b87e6d7783108
4089 9c420ffc831f7f19
4090 504b0b6c708cf793
4091 82258e1a77a3c6e1
4092 42b491b6343c4692
4093 5018d2dc54a43cae
4094 a1e49e3256bf3aef
4095 fa681c910ba84b2a
4096 cfb973472b7ca185
4097 f0484ef12b88a8cc
4098 71b220961fd978d4
4099 a23f6a085647481e
4100 fa2e4003ad276952
4101 065a927e62f3cfc2
4102 3e2ff274e01484a9
4103 b21a16c0d4f66086
4104 2ab4e876ab9b862b
4105 cca93dc7a74c1583
4106 3a96cf0912e93e68
4107 e26c34e0608b891d
4108 c2922029a3e432ae
4109 47f63afa3717f41e
4110 8754b1b07c695e4f
4111 04c2e36f73ca9190
4112 8de2cae548eb0c57
4113 b0cf9f66f5d90210
4114 c1fcb344da82b87c
4115 2f9eae2e5e4db219
4116 9a888a231f9f6ff2
4117 adf45d170cd5cc7f
4118 9e783c9dad9c52bd
4119 ed517137289a297c
4120 440e0da88a70beba
4121 405f062710dd6255
4122 cbb7d59d84c14492
4123 9fc9532e5abdc5e9
4124 22d81aa7a1e4754d
4125 a8e5614bcc7670f1
4126 20353dbf4d152ba7
4127 b3960897460d5ae7
4128 47f89c83e901c2a1
4129 404226b0a7d72017
4130 6ec574c6af466831
4131 925ce3ed42a8e01d
4132 f51a3e04a325e594
4133 98d565950cda415e
4134 675ec8fecef60eb2
4135 73e0f0f9d7b52c9f
4136 b1c2addf13f27b56
4137 a234966c08d3a242
4138 67dfdcf7351a2232
4139 6b6bb0f1007403fc
4140 575e64f5adb64e27
4141 f5a22380af4825bb
4142 996d87b12cf2b593
4143 7e9236c801e8e4d0
4144 e3da928727dab835
4145 0cd71cb712ac6378
4146 bd08d3c7ce369497
4147 0ee88b3c228d51f3
4148 f8ab7510457467a5
4149 e75e6cc2f847daf8
4150 b046c38a1d98203d
4151 6840d774cd1cc926
4152 e0c06a8856b2fb99
4153 f974911ee998d307
4154 abd0a94454ac9a2e
4155 8fb375080db2f24f
4156 b844fd87b1af7b84
4157 13d2375fe0057be8
4158 cd5632df94fcf451
4159 8486335169f66bcc
4160 bd17060c0505fc59
4161 884080944f812061
4162 ce72d864b7ffb72e
4163 00ff23c8e6d301ce
4164 fec6fc14572b650b
4165 4ce117ae75124309
4166 58459795ac431ed0
4167 ef6e16881bb4b2f8
4168 a20f487825c5d68f
4169 6b73dfd3a19ae044
4170 73a6a833439abf12
4171 23ea202b9bcf7b4b
4172 e8ba8fe86bb660f6
4173 45b61bb4d65c3b11
4174 ed4f626ce30325d9
4175 247ebf9010b05c60
4176 103170c0f600a725
4177 78cd3808fac405ac
4178 8927c303914f9543
4179 0a166f2d928c47cb
4180 aa8b551482b8f5ca
4181 224dd6d54d68b44d
4182 8436d1d42a79f550
4183 377e657a52d87720
4184 31a893c1f75cc487
4185 b4830d1ef22f8748
4186 01710edbe716f75d
4187 4185957f4d3f40af
4188 91815d5e895bb278
4189 e54be65fa978a7a7
4190 317449cffff6c64e
4191 a35fe5b9ca04de8b
4192 10878bb0a4e3d375
4193 c750f6a4149e641f
4194 6e6bacaae51274b8
4195 739161eb70c40049
4196 3407dd0b9b0829b1
4197 84c25ae7af8e7ef6
4198 70b507735250f873
4199 bf2a97c60df41f94
4200 2db6700d24d0bdc8
4201 1cf1eba6bde754fd
4202 cb106c9f7761de14
4203 c48aa92839bc4cac
4204 8b735ac627972780
4205 e81ab710f8233d6d
4206 69f212ff09cb572a
4207 2cc5222708f58989
4208 a9b19fe600352487
4209 22a5434bf265f4a5
4210 5fc5483aee4f753e
4211 f497d90c9d39745a
4212 e7cf227ebbd09ad4
4213 ba23e088d8d467e9
4214 b1e126d3988a6252
4215 441b0614170398e5
4216 8ce29429d39bc02d
4217 6b2b1f3ef4c05f1f
4218 66fa31ea019ebd5c
4219 653e1abbfb72c8c8
4220 6695aeb52a047613
4221 9491e9f5da382ec1
4222 37a08626530efcc8
4223 60ac90c66780c44f
4224 19321b412a76f610
4225 e49b40d2f45abddf
4226 ecb52f4d59cf3a6e
4227 194ba730fb655e6c
4228 6f8ba0ea7429bdf9
4229 1962b57d214b2267
4230 a8c2bf6e05921b52
4231 a38c9a4edd2a5fdf
4232 72a4059772da4726
4233 f42456dfa2b93935
4234 3d1657f558deef3c
4235 53c563bc8c0387dc
4236 dec3a0cd24109edb
4237 400750f0158dedff
4238 9b3ebb8ac8c9a869
4239 27879a09005afa63
4240 13cf93203904cab6
4241 e1ca0fbbbb74f12e
4242 fe6f679d60048982
4243 d470e509615ef314
4244 b238243753bbdec2
4245 2fdb084933b0b332
4246 d2f5714e5f378626
4247 a9435030e72af862
4248 60383610b1740cc0
4249 93f335733edcc2eb
4250 562550c36e69b85c
4251 2489b481e2678f33
4252 fcee8a4be3cabced
4253 814a8e5f94f8d118
4254 45280290afc6f6ea
4255 b1134efb6cd51bf6
4256 62e8aaf913b8bb7d
4257 22d29625176df61f
4258 521d25d28d85deca
4259 9831761e9bde9579
4260 15ad2ccf51b5596f
4261 e99e2541e4cef1a4
4262 ff353b0c5c934649
4263 5e92eaf6b73ff5f3
4264 0c145f29fb09c3fc
4265 a737c0140cf5c878
4266 fde07bd27310f61c
4267 79a2747413182fe2
4268 fa6eaf86c0017830
4269 bc19d7160caba2c8
4270 3f91c087c1bf97a1
4271 bc5547310788d529
4272 052dd972c6b17948
4273 5b57a6a574647695
4274 52a4b117c21ad977
4275 19344303fbd266f6
4276 e611f8ba29b40aaa
4277 be0403ad9eef406f
4278 28efef2eaeadfc56
4279 d74df28dd990587b
4280 eac4d0548755b9a7
4281 34ebd81ce14890aa
4282 01060bed7ce35ce8
4283 0e5b8aa7accf3602
4284 704145ec2a4cccc3
4285 8e50817b5c215518
4286 c6a99110cb738eaa
4287 33cf99611e3790ce
4288 f35ef5d4d5b5d1d1
4289 e7434799b029c0de
4290 ec9d3fd4a5c1c87d
4291 24adaf1703a3725a
4292 b7cd370e735ae636
4293 be512dfa8aaf5fba
4294 92f6fd149e76e15a
4295 caba95fd98ec3b2d
4296 014f0ef35eac218c
4297 7e3c47ee986dbe76
4298 f15ed9fdfe1b9d11
4299 6c445357477132b7
4300 430e9180bf714253
4301 91711670ebbe83ef
4302 edde2aec1c119274
4303 b1b19645de4ec729
4304 99542dfe45632d4e
4305 1ef4580586d95c2e
4306 0218c22fa221caec
4307 ca9183ebe17fadf8
4308 2922dd4043b14146
4309 b1f9dcaae643f257
4310 786cfa6988e13dca
4311 f173e25959e879fe
4312 b4f5bbf1cddcb2e9
4313 b6db4aa08234967d
4314 fa37a3fc8b7de660
4315 b5fd1e4400ea5e76
4316 98f36d89103cab5f
4317 41643e245710512c
4318 061172db6a7cfd10
4319 bd56051ecaae1930
4320 089b64d4b256828e
4321 eaeb79fdd9eada5c
4322 1ed4845ecb839b0f
4323 c1517830801fdc96
4324 9802dc05a3d0b680
4325 910e6b264294c158
4326 f754c774100e02a8
4327 cb66fbf7ae57ccc7
4328 ccaab680fd29cc18
4329 5bf02edc7235443b
4330 8992ffe4c93dbf1e
4331 6d314eade2d76be7
4332 f65d27f7740ea044
4333 bd1a4bdc7325e237
4334 f7c74a06c5d054d3
4335 df73449e9bcfab31
4336 68dc3472fd41d6b0
4337 b6a4bc5ae20fda9f
4338 c55a4406f0026636
4339 6b48ed05592deffc
4340 f4f699239c7630fe
4341 f909e6b2a9b66b28
4342 75a0d4dba6393383
4343 624802aae1d7a859
4344 84a40aa42f34873e
4345 c306372c6e0bbd63
4346 f4347596ac58a8a5
4347 ac626035bc4d2856
4348 04de26b30935ec99
4349 d8ee73869cce7e3c
4350 e059f470444883b4
4351 01a0982eae73d753
4352 f436d49ab1a35ec4
4353 e6b4f77dfb6d9fe1
4354 7df747a8f574a020
4355 a617b1afc0364c8b
4356 405dc63760ed8e6a
4357 9ca6ad8e524eb28f
4358 94b888d93d6aa4fe
4359 5db21fbae748da83
4360 95be7a7371fe3ad0
4361 f5b1ed69fff33fc0
4362 e3219f693e4891a0
4363 cb016ad5ac22258c
4364 c986175a49bdfc80
4365 443f859503feec4d
4366 fbc7cb04d723404a
4367 27720e83858eea30
4368 17e67748353e9ace
4369 5a2cd580ee7f7c23
4370 ca667445b24215ad
4371 a4bfc5069ab334fe
4372 ba6bb94c3456752c
4373 2373613f898c33a7
4374 c883101b375dc174
4375 53a204ae446a9e86
4376 e5c47aa56d532b9c
4377 a1286d743909ac30
4378 1aecd698dd1acc6d
4379 c6c0a02983fbb873
4380 eae6ed9b019d0539
4381 3c4974783343b42f
4382 bcc7324a63816848
4383 79af64795adfe258
4384 bda514076866376e
4385 f32c34e4d50fab74
4386 e4febd2ff8c47dee
4387 5fe3e564c063033f
4388 5b00048363ae695f
4389 b16633141590d1cd
4390 eb172bd55e32209b
4391 1804ac5fdfc11b38
4392 84e451e4f97f0124
4393 4c44d73de8add70c
4394 c659ca44a51ebb96
4395 d70df191be4f8777
4396 52041e53f8a29cf3
4397 e01eeec6d1b13f13
4398 88df8322ada7ed0f
4399 1caf4742f005e710
4400 78ddfe1cd19a2489
4401 1109777a693e2d55
4402 9733a6927a6a678c
4403 441ee24d03ad56fe
4404 a57934975cbde9fd
4405 a28c23378b265471
4406 7755610a9f71f7d9
4407 a1ffd336a16d7fd6
4408 5bdc3a70bc493c11
4409 6b9bd042db2292b2
4410 54a7cc08a94d1d28
4411 83831796376dbb1a
4412 ebb6e5c96bb33c90
4413 2a299182bfdcc87e
4414 9ffaaffb44448605
4415 d1891f43b2459972
4416 31ed784af400b86a
4417 47d55bcc3348005e
4418 995a341a3ca36e82
4419 4d385721c69d22d7
4420 774cee97220bdbdf
4421 c68db7086a653ff1
4422 6506c31ba339cb17
4423 42a7de3eff4dd841
4424 289ce120ff1a388f
4425 520be8fb0cfcede7
4426 b05497f27201e039
4427 4916d1dc1195ce75
4428 e200665b47f155b3
4429 ff209702f10b7afd
4430 0228e6fab3e501a4
4431 facf01dd1662ece9
4432 124b506aadcd0a57
4433 996e710e47a02f09
4434 0326d88f6bc71a51
4435 ab965cbd2f86c52f
4436 60e2b7f617b8a6e3
4437 b550ed0a39ebce47
4438 d19b392b9d7c0542
4439 c2da726e8bf7cd00
4440 acd5468e519f2fac
4441 47bec628dabab2c2
4442 8883b949fb863ed4
4443 44582c3a50a18fb7
4444 8f77f58f8e4ed922
4445 0bc2717eb44ffbbd
4446 79fbe96979d09f55
4447 0ad9b61777398761
4448 b285bbbcfcd0bc92
4449 b95ffa595b236106
4450 ce700e7eed10642e
4451 92089c90f4ec4302
4452 566dcfd6dc7371c7
4453 602d9f1b45cc1a26
4454 78802c84eac96201
4455 e21f047c53a3e1cf
4456 9c97221ee1a0cf71
4457 c908785c10f366bf
4458 3f6d581e9dc6bb6a
4459 35c58062e03ffc25
4460 9e0f0fd16705db67
4461 a533bdb473a84b8e
4462 707e26ba595c789c
4463 9f7cac87c6c8787e
4464 26b7b3c6f34c14ba
4465 6974e0d398bf9d95
4466 7b333716fcb5c9d4
4467 964e4cdd8aa158b1
4468 86259c26fd3dd74d
4469 157466958f999597
4470 86b15eb1df533a57
4471 b8cfd1b72d702bd1
4472 12eb1e434cd56bb1
4473 864496f65604d85f
4474 521ff69381cdf54c
4475 be25167ac4cc6d74
4476 9cae2cb5de4ab8ef
4477 d176a667eacdb780
4478 e471b2e9aeed4284
4479 6fe3f2f5fcaf5656
4480 85351f976dd54ec0
4481 56990ddd4eba559b
4482 900bc12d0b6b02b0
4483 59c7945e3793f86d
4484 f0d622ddde7bef80
4485 ffd851b3c6d5be1c
4486 b8b8721162dd8fcb
4487 6e9fc395cd8ed92a
4488 5b526fb0887570d9
4489 25adde0297380d12
4490 9bb983ada3bb49f5
4491 7072ae488a770326
4492 68a93f933dccfdcc
4493 866fc9e1d9682fa8
4494 1feb3e6893ef7d82
4495 ab946640618ca421
4496 929e2273041567b8
4497 73f302307f1e2de0
4498 f9b7437153831f52
4499 70cc0627f8029779
4500 84873f805b06ce6f
4501 1bf30f0466ebfc24
4502 f50af8365018f806
4503 c179582b6d933ce4
4504 a0369dd1063580b2
4505 dedd771db970202a
4506 cf39c92977b80f8d
4507 77287570168d588a
4508 96ed14f1e3451e02
4509 e0abbbe42239e7b9
4510 326c3b5cd1f62653
4511 51e0714244a9bcb3
4512 10072d1556bb5a20
4513 60ab09db2ea5d971
4514 b2bccf3fb60de12b
4515 5a6a5728a3269a5c
4516 17dd5408891da2e1
4517 191559822aea5c8a
4518 9f5e7e1513785c80
4519 a97ad9ca3be96957
4520 9cd706edf2fde723
4521 14c4a0acbe0f01c9
4522 693eb71b38ba2716
4523 529175ef7bc48e68
4524 5ceef4b59d7283d1
4525 313121b1c824fd1e
4526 3206eea4314ea151
4527 8f27051e7f5874cd
4528 a703e86eaf38c560
4529 2e84d87faaa26c8b
4530 58164111873613ae
4531 07a10e54d5ea30b4
4532 c5c227d81386f347
4533 01cde70ee6762572
4534 e199c756b5e68358
4535 b56a45da5df885bd
4536 cb11a5e00e8c5674
4537 16c94e727b89c6bc
4538 2196a05e247a174b
4539 afa55ff1bcbbf9e7
4540 04b3c4ba280c6cb4
4541 63b934895dbd6c15
4542 30504ed1fc0d0ca3
4543 67830048dd15a69e
4544 55222592a480db81
4545 bfaa6ff60d294cc9
4546 59ee45f0e9640175
4547 c22966ba328b31d6
4548 f495695c578f5fa0
4549 2ca0ab1087368d1f
4550 c18a0fb855ae5fd1
4551 04eb1fc6077fdd5f
4552 ec8af2c15a932641
4553 46fa8b049c0fa4c7
4554 76ed5bfde57010d8
4555 4aa16851f84234a6
4556 2f32887d47525089
4557 523ebb205f3862dd
4558 0ea44ca2e61f6c31
4559 0ec0b10d4221f096
4560 b642aca37b7fa223
4561 e4be8cf22adb3fb7
4562 0372a01e2d0a4318
4563 f265686de2ea0b76
4564 9d014e02c69ab25f
4565 4f03c34679a081e4
4566 893b9eb89752b4b1
4567 7cd9c6df812f7be6
4568 f0c0774cafe6c212
4569 6930af03a8745d55
4570 805edaa03278763c
4571 b3d885ec7f29d594
4572 d272c677e62ed8da
4573 e7bfe03f593845ed
4574 d97829bdf2633669
4575 30138489d4022fd6
4576 1211a57568a2b3bc
4577 471fa9b0959f43a5
4578 3e0d4426b5c4d359
4579 4bd8b1176dd2a5bb
4580 024091de8e1429ff
4581 6254b1c44d82a834
4582 c0e72a5c0713abcb
4583 9e59a24f6aa02928
4584 a556783dab01adea
4585 9a2e72ac089e006c
4586 9cddd1369c6771fe
4587 d0ce3a38b34bc5e0
4588 da2efb76fbd25456
4589 b6347c8b27c5b2ca
4590 2d0147f0d1be6039
4591 de558ba360d25b40
4592 20db93db060a2201
4593 2358d0461c1bc761
4594 0d1c2b28837bd4eb
4595 efacf0e1662f51f6
4596 17489afef0d0856e
4597 5db6781cf554b9cf
4598 30d817c7a9d5bbd5
4599 0540d56453a38f2f
4600 a43e38b0bde51d02
4601 91e5bd3cd1c6072a
4602 acf06ba8a37c97fd
4603 099716b284b249f4
4604 2272d43f957939ec
4605 d88ffaa22a9d05f0
4606 4f5bc6c40ef05daa
4607 0428b7ea047339eb
4608 db888effda5e3e31
4609 ea9824195d7d24e7
4610 16c1efbd29b36925
4611 d1328b4ccd6356b9
4612 22f50996138ca250
4613 7f0d9b1ce7cab893
4614 e321b6bdd58470c5
4615 ec5db3087867806c
4616 80e17242bf4cb6a9
4617 9dd02187a703ae19
4618 ecb2437d2b09a95e
4619 0101d7f2fed61f06
4620 4de3b8bead4e9ab6
4621 9ffb26b4795e8221
4622 a54321a427731ef7
4623 e87aacfe23a1b674
4624 751e090ac00cd6ba
4625 1a7e8b39b4208d0c
4626 f2795ec1fce05928
4627 af599c0b40f0c884
4628 d60981e637a06c56
4629 a483ceb8d76b28f0
4630 298e8394f0c24542
4631 17a9babf1c3e7f6f
4632 9faa88eff93f612b
4633 291f7d8fd0e84a29
4634 9e5859788c143f77
4635 d876c1e8aa758485
4636 832045e1d6131fdb
4637 a48970db19edb6bd
4638 f1a196fc6dda5bea
4639 0a1805f64bf5a63d
4640 514264d069a88e7d
4641 2f03c5b7604f7269
4642 bf13209d7775170a
4643 5d170db79140efb0
4644 6cf794bfea0af3a6
4645 7cac2a3245d73d93
4646 7d742591ee9530e1
4647 4346fb070e1fb925
4648 a8143c42086bc7a9
4649 1868dedc0d9da323
4650 c4ab21a17f3a3f1a
4651 658bfb1b5ea737e1
4652 52e4a850e2c459b9
4653 d57baecf9fe85cc1
4654 d99bc507e1af33e9
4655 e04bcf3faf994465
4656 9a5162cb3e1408b9
4657 7edf69822105e0b7
4658 be4a379195eaafbe
4659 0514a06f99639aa9
4660 fd45c28750b49410
4661 dbd0af6584e9045f
4662 362066b38e60f74f
4663 cafbcb527f085f9e
4664 860633945c312be1
4665 e2aea02e0f10b887
4666 d032d0cac73ed8c8
4667 c9231f7e0f55e3b8
4668 cd37dc56944dded3
4669 ac26dbdfcf22ca29
4670 77137f8d2a9e878b
4671 76f3b7c797cfd6e6
4672 2d65cd3a99cae778
4673 ab491e0d06654f99
4674 72c086ad222ccdc1
4675 a13256029c8484dd
4676 437a5f5488223029
4677 a5f483150526d129
4678 124de5e56c0f7275
4679 e33601d7c907d126
4680 4b2d46718de8a276
4681 801655cdebbee441
4682 5012407aa3d09d0c
4683 18810dc7b0ce8bf0
4684 88d34f61f5d19882
4685 ca754aeebbb60cd8
4686 e16dff7099104fcd
4687 ec1d08b3291ba93a
4688 77af588fa8072070
4689 674a9e025947ac44
4690 d0575eae34806881
4691 fbfcf64d7d7f79b7
4692 c3cf2c9db80c81e9
4693 4e2c8e80d81a19dc
4694 43decf423dcd836b
4695 dbeacd4e8929a7ec
4696 705e1b109fa271aa
4697 193d3198a53e26f0
4698 24332211882561cd
4699 968c9f43f10e49f8
4700 3265abde97638dce
4701 7bdf9027849061c2
4702 4908e00a4909bf7a
4703 311a53f5b3bb6eb0
4704 387f9a2c135eb5d8
4705 f83759026801aacc
4706 c9b29148886fbb8a
4707 02c834d23435263f
4708 e790adb23276d51b
4709 2a3ea1683eff4dda
4710 6d6f29bcc79579a4
4711 0ff718cca9dc5239
4712 47c222be67be95a0
4713 4f30c8cd5c8ff01c
4714 a9a3262cb6a914a5
4715 33e637ff733e6f6f
4716 50679fc25fdd5d7e
4717 7b6b2c706845b6ea
4718 1088280dd0a9f638
4719 e84bc4bdac255435
4720 54dbbe5205f6b832
4721 c0edbc26addffa10
4722 737767e9c31dac5e
4723 ceb991d583dd9a42
4724 15fc66cc6df5ecaa
4725 3bef2a018f0144e2
4726 a3889378f19fe8a2
4727 3822a2b83669ddc3
4728 9d9d420e61b14a0f
4729 f00afa7e1d3ba62a
4730 1346cf56bfaf7a1b
4731 42f79afe76dc75b3
4732 db695718ca7f5257
4733 0bab96e28c2cca1e
4734 3011a726402d2388
4735 45ad69951c87d5bb
4736 781fba6c14336bb9
4737 6dcd411b3fa8c433
4738 67bdf12db274b8ba
4739 96153f52f137c98a
4740 a7db818aa22bc540
4741 fe9392f1b3eb348f
4742 0dc130847621bada
4743 30f8adbb05fbba55
4744 ade79fc95ebeeb4d
4745 61f20f76fd798dab
4746 bdca90eb356c2097
4747 290438ef865c1941
4748 5088c0ff4242da6b
4749 6e7442a54d88cdf9
4750 a74fd6f628dffd19
4751 aaa3d7e732e2d873
4752 2c4c53b06e48fd4f
4753 45f35fb9511cbeeb
4754 4448fbf09ecacbdf
4755 126a2bd952304c6a
4756 1ec37f1a1779dd58
4757 0c7bfa2abf2dbbaf
4758 8be29517679c8729
4759 e0826afc2ae39f55
4760 8c2a8b1948517493
4761 322ac18344421029
4762 499bc9b2ab0d9d0a
4763 4d72344ca446ca68
4764 7110326db52a3de5
4765 3b2966d4ea4f7c39
4766 1eb733c5df046b05
4767 d4ac419a0da99404
4768 ff266b0c208d2b4f
4769 80f22ea226453c65
4770 506077a154e93ea3
4771 e88b9ddfcb491bd5
4772 f832911b1a37564c
4773 ae23977d7dad8fbd
4774 24f18d5eb04b45d1
4775 1841dde92361504c
4776 11664755ca8865ae
4777 fc80adefbbeae19f
4778 487cc33670c1df76
4779 1e45b6ca7ce4840e
4780 30a5875aa29760de
4781 7068fae5c50d45df
4782 b5675096a1810531
4783 99312b19fbfb6fdc
4784 3232fcdcf6e7bffe
4785 5f1a064f7513effd
4786 938a2d680b5b0c71
4787 a25e1993286e1215
4788 8e6cb38909a9c7ad
4789 93514ef69ef3b5fc
4790 1d98ccc64ffa38d7
4791 e815ac3f8240e184
4792 70a86e9ee59dbbd8
4793 e875d4bdce144fec
4794 e2ed82b41203169e
4795 4540fa7d53266326
4796 6e9a261d88331148
4797 2e9b8e85f89120d6
4798 62acc22dee367c43
4799 d86ce7fe1400cdac
4800 e5c672c4ac26d7da
4801 3efa0f70665db13a
4802 ac42f7a6598adc84
4803 c98a480aec97a3f5
4804 d9d8211f071370b3
4805 7081b4489e1e9440
4806 fecbc7293e733872
4807 7c4dd49090accd14
4808 9046af3258608eea
4809 839a887cc531e19c
4810 0de374b939d0ee77
4811 0ac81c378d93e010
4812 0e9c330b211a1006
4813 bfffd8b4ccaca22a
4814 d8809fa12a8efb56
4815 91db451e3231a2dd
4816 c9546789b1683d30
4817 f331d89692cf3054
4818 74af44354fb9f5b6
4819 c080ccc81b700cba
4820 bf7a69637bf42b51
4821 7add479b8ac5c0a6
4822 f34ada79329b6cd4
4823 bead589084173565
4824 d79c3924c8c62dac
4825 5b8b9d72eccc6874
4826 68c1e78e19e608e3
4827 b5c5c2db7e481641
4828 a8d072aec6b4013d
4829 88dab9a0e1631812
4830 ed01d4ba188e8f4c
4831 f2987395cf6bdc39
4832 2751116aef5a121d
4833 0b8188342fb6fee0
4834 d882054e8166ea8e
4835 45c558eebeaf0252
4836 a6d47798f2c04ba8
4837 c348adeaa88ef442
4838 8c8853f6236dc7a6
4839 3794a64f04806573
4840 4d578469411b20a3
4841 c8c94ee0e989cfc3
4842 ddcd4ab08bad877d
4843 7bb008f2695daeed
4844 3e3ec7c5f96a507d
4845 f2b546a918a35097
4846 dcfdec0c4fe48eec
4847 e5faec793912313b
4848 6b0ba979ba70a809
4849 1b961d310c8338d3
4850 9bab2f84171f138a
4851 2e47aa952b93afb2
4852 c3b2faa439c45f68
4853 89a711eadb3d938f
4854 b46c2a8faf20fc6b
4855 98ad2667520e66c5
4856 52b62e4f88c4677d
4857 3a9d712202400e23
4858 fe282727b84fd692
4859 cf76d13d536b7bd7
4860 6ac23961a2a2328d
4861 c9bc77c0ef958e5f
4862 87cfe5418f6b913f
4863 d2f1ce0a3b1dad2f
4864 aa3bf9f0071db97b
4865 077d76868eb09c8f
4866 636968cf2ac5188b
4867 7dc6c354882ff4f9
4868 8f0e993892ae18c4
4869 764a80e6d3e1e3dd
4870 4a24e934584fa391
4871 e1b54420afe504de
4872 e2e42d0ec78c7e9f
4873 d14a8e7784044b55
4874 1b3c8bba18413a64
4875 711a1210a327183a
4876 2fc1974c30d48937
4877 d16c65e9b107386f
4878 550fe5dd28d60923
4879 f7ae9b845bd9b8ee
4880 27060b89d1c9108e
4881 2a2284bb21c4c299
4882 66106d8cfc00b953
4883 7c61dd78f4dcd109
4884 eb04094394439fa9
4885 a758635e208f8f83
4886 723e9d116d82aa23
4887 0326b91ba99dd674
4888 9b58fb782bab3f3e
4889 789346ba3780c5e7
4890 e3a55f5ce5380ff8
4891 eb5b39a3fbe00070
4892 3aaa4690cee1082c
4893 51945473e3a6d034
4894 c05bca682514780f
4895 8f36a4a236eff832
4896 24d136fce8980f78
4897 eaee86e6a25470fa
4898 7a7cbdbe4d743eb5
4899 3f91644a6c66aa55
4900 6caff85c424d914d
4901 66bead0060543976
4902 c1014c47622c05ad
4903 7bda971b5d30079e
4904 756b33273aef61fc
4905 02ec91d922d64a10
4906 2a0e6962062974cf
4907 4741923efa76e2b8
4908 053307c10cf5c806
4909 e0fbeaab6d5839a8
4910 ef717527b921f182
4911 305bc5cc21be8766
4912 dfe33fd3b4b4953c
4913 72c92b4cc0d97ebc
4914 4abcf534d355ec6c
4915 1bd3b0b3b82a1193
4916 dfb36fdf085d0ecd
4917 55b006cf4d9437a4
4918 68654a297a611316
4919 6409a7e34b00274d
4920 4bda3432041a374a
4921 12f0a8ef8d2714be
4922 5dc757fb4283400b
4923 159a44eec6c6d745
4924 f39abe64b895e6a2
4925 d1469b9755c05bf2
4926 b77984bbee2d5056
4927 cc09bcc05e4cc3d5
4928 6f0fc18cfe08c2a4
4929 a2984a1ffd7bf110
4930 5b2eb71fd595d252
4931 202a1506a9427cb0
4932 d5e5f72525328e8a
4933 7a6a95659b766d5e
4934 afab88c34033998c
4935 8c802b6be25c1af9
4936 e9eb215dd9504cbb
4937 75418ff249927e6c
4938 25d54288fd8f139f
4939 b9878c95070f00a8
4940 5bde440cebf61828
4941 ba9b29210b45ac63
4942 943da2d80e94c9c9
4943 e53e216e63aacf20
4944 4a0e35899ba2f0c8
4945 f184a451696c3766
4946 b0f8ceced1f57f73
4947 4d8bc5289620d494
4948 8a6255a1b8eb0279
4949 b899fc717ace6c46
4950 ee894022b7159291
4951 0b46fd0c994e7af0
4952 a803b31f8ba6981c
4953 b526658eaf0f819c
4954 49f194d8cab8d434
4955 1433720502a4650a
4956 d6ad2f8a4c63443e
4957 ef97118b4d13be88
4958 51c6ab4f9eb2ef7a
4959 9b25c7dbead0f930
4960 e415f1874e6815e2
4961 7036c69137bcb684
4962 0a9905eb0cea8efc
4963 0c6929ac85f52c05
4964 600b68dc8e7b82a3
4965 d48855e991440254
4966 feac8e63101b3db4
4967 276237767ad56a0e
4968 0221d6f2c63fac16
4969 e2dcfa697ac7677c
4970 ad8395e478c44cb7
4971 b6ee51531733f297
4972 4f11eee3776db856
4973 0c9d874aa644fc94
4974 b24bd5d50f1ddf9c
4975 7eaf53395e6ba9cb
4976 cfd747da2e42a26c
4977 526027ff10655588
4978 90eba29da67d3f38
4979 eb5554d5c0b8153e
4980 2ab488a00a8c1c4f
4981 a62007ef3af41f08
4982 2fcef2bb92f98ff1
4983 724cce3b71a043c2
4984 f95d6f77ca275f0c
4985 efbb956ab230c291
4986 5084d0b571376aba
4987 09fc454d53512d28
4988 09fa914dcada142a
4989 117ac42f0bfccbcf
4990 b9d624f6ca932b83
4991 2bc8f10f487b5b4e
4992 f171283fa9104982
4993 ee1b04f579f12381
4994 c6870e5df55236c7
4995 7869c5129ea41a99
4996 138f5c30215ef961
4997 342e9001c80e5ae4
4998 5a40bfe9f7d3d061
4999 edc99af4b73f97e4
5000 941fae104badc876
5001 2e96df6153197cfa
5002 4af1632e21634256
5003 d9bc2d9a6b8683f6
5004 eb728d613140ae5e
5005 623a73ab902afcde
5006 0a1cf85d9fd0f897
5007 592c470848ff9292
5008 a210008fbf3d14cc
5009 4023eafe7d57f136
5010 542dfb68d0a88cd4
5011 8a7924f715dcc58d
5012 195e921a2ca680b1
5013 f813628f734c9040
5014 d0742220b0495444
5015 1ed32af4b0b70f88
5016 d2e688e3e4e80930
5017 09f3cff4b7333488
5018 de3365e775c89f79
5019 beac5c89562d2416
5020 ad72a2de995a2260
5021 f06d5a4953b069e2
5022 3c32ad5e0169bca4
5023 ec2051f0fd8ef417
5024 cf11de087b5ba6cc
5025 7ddf157cf87aa168
5026 986f2d8a1bf5fbd4
5027 ffdf81b2b0793b5c
5028 134bc119d0041a61
5029 1f5c5e3139d55ea6
5030 6d23f6ac9dc5b8f0
5031 4182393075dd2e3f
5032 753e06ca09f03b90
5033 f45c612db2c204e6
5034 22c16ae4778074d1
5035 1c0bedd39a5f59cb
5036 a99e681820bc91d9
5037 a3270ca7bdd2cd60
5038 00f134c9b3ed0eac
5039 09c46b072d83d753
5040 24c639d5030efbcf
5041 a940219fca015bc4
5042 98a8f6f655466826
5043 c00be614a2a8b5f8
5044 4723fc111c899dc2
5045 ea2893b8ffbd660c
5046 602ff12a3d75e10e
5047 422f76f51dedb097
5048 18745172cdf6fe1d
5049 87bbcfad757d158f
5050 8d8ffa171c544ff1
5051 ed079f278196f137
5052 65f93d0341b0469f
5053 71ecec0e9662f2c3
5054 e22f6b207bcf099e
5055 1fb2ef2c1ef2460f
5056 5ca1682044d538fb
5057 82128d6fa6ac8c69
5058 9b8d533f9e4c7436
5059 ebc7822691685796
5060 66fb7b4c3b9baf7a
5061 34526171a03c208b
5062 2c4ddbbd1b32acbb
5063 83eb4f32200e1865
5064 94828c5e8d0374ed
5065 641c064284725e65
5066 5f99157572a2cc40
5067 ea34f070d6e1a017
5068 eb235d3651612abf
5069 a80dc5a0d280326d
5070 35e67d2410c4827b
5071 0dd2dc831bc8b389
5072 449f5dbfddb67ed7
5073 6515e9fa0612bbe1
5074 f970388e2d891b5d
5075 45a4c0d8cebce04f
5076 6ecf421ebe472bc8
5077 7ce2618a09578c19
5078 e3de4a23e8a6f28d
5079 6539fb3dbabf2bde
5080 0afc848ee78b44af
5081 34934d6b2ff9ea81
5082 2ee923727dc5510c
5083 f47be8b23d15e80c
5084 572bda927a1744eb
5085 26a0b162e7283e6d
5086 8f6844015396712d
5087 926c36439312564a
5088 5a0564d098a63bec
5089 719d57c46dc58c8d
5090 40eb82272c4841ad
5091 da7972a7c447a1b7
5092 98124694f1e2fa94
5093 ba34f3742d9e6c2b
5094 fea1f61ea9137495
5095 3208a0700270a676
5096 e4c3680aa8393160
5097 4ecdb07da2b53371
5098 8c080c7563815cb0
5099 5ef31b453aae550a
5100 cd28951d9c22d3cc
5101 1af6e58588973fc0
5102 b66c34b3f4b527df
5103 c4b0474851ae89ae
5104 dfaba004724ea88a
5105 350fc3fd5a2d57d2
5106 0640916312e75d7b
5107 5e13f9cf986013a5
5108 3a439b7030b0cdbd
5109 8cfe597f774723a4
5110 d7cd794f783ddf65
5111 c8dadd60c2c42788
5112 46f8c5223f9378ce
5113 4526d4440d9cf4b2
5114 94fd203b45542d69
5115 2f510b31b7588a14
5116 f33c1b2eff9b95dc
5117 c947f4b4230661c0
5118 3824e1d3096ea42a
5119 0c3db83c79c66d22
5120 4f80125be596f010
5121 a2a502e1bed4a786
5122 23cd1361f5b4f780
5123 386b48d0e54f0e41
5124 c5117066d6489ff1
5125 aa5a2b76ffcefc32
5126 73a881e2acf00b18
5127 83af9c73d21b3f19
5128 131c2e8cd8f9f5ec
5129 7522c5eef0af2b80
5130 c70b9793f2d395e7
5131 8a42a3278b5639c3
5132 2044f4f4b7ef19b6
5133 d329bb6afcba34e8
5134 cea922025f9d7746
5135 267f1bc51f738dd9
5136 3bb77f5f8b6b6f08
5137 9f6026c09af31090
5138 b8d0aba8b07864a0
5139 361e7c7633a739f4
5140 1f465c209825c2f2
5141 ceb120c6a99fb540
5142 0aca83db9c82d102
5143 ef47a7fd0ae5c94f
5144 bd53a0cfbe84bedb
5145 099124995a25948e
5146 adf0146eee73f81b
5147 d57437177ceb8035
5148 a07442fee0974007
5149 fa4366dc6560ce6e
5150 0f15898798cfa852
5151 e42864cfa4aceded
5152 03c2d861f44e2a35
5153 cc184f232339828d
5154 5057c3a0e406348e
5155 686f8dba274629c0
5156 128311b7311e837a
5157 467abaf8cadf5fb3
5158 ce640a2912ec42d0
5159 a3e7a97cdf9461d9
5160 13a91fe2bfeb3055
5161 813c2f78efc31b83
5162 b1278f1d4120ddab
5163 0ecfbca86580dcb5
5164 ac76e012627bb641
5165 291f3d309feec5c1
5166 5cd28c36a933c115
5167 c10d50f11a3d11e5
5168 74d9cd1ba2e6e629
5169 2d96a9842bd898d7
5170 99de7c2661db5519
5171 b20d689db15f5b66
5172 9184917d15f7d636
5173 d3d8c955087c7695
5174 a988e876c0a3f23d
5175 d2f5f3e42a1db75f
5176 13a6c05095cccc1f
5177 eacc445faa861489
5178 db18bd9469123d42
5179 f98745778d6c2f32
5180 3832e4e92fbf0451
5181 f3b336581450a093
5182 0b76de8ecd002f35
5183 dd944ed5d2c060b0
5184 2618461177448595
5185 1c6ee19280efa06b
5186 d29bbde3f333c477
5187 b8359e4274b11953
5188 d870df935a2b2e2c
5189 ad186144f36d43f3
5190 f7f9e546530c7157
5191 accb3ea57ac18720
5192 c780e713d5c7ff50
5193 b02e0c07b2c14507
5194 4a2014815f6c98c6
5195 10135d635c0f6cea
5196 79ccf4ce26054a4c
5197 3451f64142665163
5198 11fce01eff8f7123
5199 c8a9ae8d28e7f314
5200 2d2676073ccc57a2
5201 d57bf88c53fedf0f
5202 7ce1116aaa5b1a8f
5203 7056effdc816b109
5204 6176f9e350fb3b6f
5205 8011aadc42f55546
5206 05dd1ff6b0857195
5207 728029a978e4c06a
5208 4cb14bc6e5b52560
5209 282ec82e34e0028a
5210 7efaacb5af6215b2
5211 34dc1a17210554e2
5212 1889243d456a486c
5213 4024f6175b2aca88
5214 573982c6b28df793
5215 e4da01d0efd04aae
5216 4e16bb2a90a8b4d6
5217 10eb1a5a51153b86
5218 07a868f54d2396b0
5219 0d5383d6557c01a5
5220 a10884ab59933cf5
5221 3ea2c5e1798f5214
5222 1f1663533dc24aee
5223 c928e0e3eb972ae4
5224 cb0913b8525adf62
5225 7c0c5acb7c10b9a6
5226 e27a7b79584dd3b3
5227 b19baaf9a1069dbe
5228 4b73d5e4cf57584c
5229 c5402d230c663a30
5230 8f48edfade19ef7a
5231 036adfbacb87647f
5232 70929886d0398ab8
5233 586b8c731ce5b98a
5234 c3d9d685195f9a9c
5235 fde7b58b69e19360
5236 44f35d3ed275f1c2
5237 96de058cf18175da
5238 f8fc95139f7e83b2
5239 9144fa47e2772aab
5240 718d24295564ed56
5241 b447d97dec76c65e
5242 217c58f34afaaa73
5243 9754ef0dafdffaef
5244 20a9bb06bd654277
5245 fdaf6a3e6e08264a
5246 e9c7005b58529178
5247 76dcb9ad36aed947
5248 4ec2fddbc4a9f741
5249 537a5d0ee1d4276a
5250 09039de0e225745a
5251 2cdaaf0025bcc1f6
5252 ff2497ed1d5ba784
5253 50a4a4a46c354cd8
5254 144b11cdfc24f84a
5255 68153d8f141cf561
5256 30f4d17373440d01
5257 426d4588bce718a7
5258 876976a7e855908b
5259 f4c911e8d3d46911
5260 3a19a148dea19f23
5261 91138ec85924cc45
5262 0115076e6e848a50
5263 e01403df5f60a9d7
5264 4560bf5b957e8917
5265 445c474487b537eb
5266 5f530fad07bca380
5267 be94c017b5c9aaae
5268 17de063a9d81ebd4
5269 02fcea7573a38b33
5270 6bf3f5ceae4767a1
5271 275a67690e106a19
5272 f57efc40a9c6df87
5273 041928e526b723c9
5274 f7e856f843cc6e72
5275 19aec4ae4115955d
5276 40500fea928805dd
5277 ea0068a515673881
5278 a77659fd77dcc099
5279 82e713193a9c2ae7
5280 dd2e1d403af80427
5281 d2aa2bd5a05357d5
5282 8cadf0bd0286ed53
5283 718592e6714aa999
5284 f5443a05c2653814
5285 d16ae172d2bfc1e8
5286 6cdad428b94eeed6
5287 78f059988ff14c70
5288 5ca66d06454c5087
5289 03ca9b2aef64fd07
5290 800b3ad03717df3b
5291 467055ff32415291
5292 9b1c04c578f54a8c
5293 ed9e0f2f9e266884
5294 522a5c32c28a4840
5295 958bb9867ec2575c
5296 556146af351be40a
5297 ae5ee63fdfd2e3f9
5298 61d910221aa5d431
5299 802242f9025bcdf5
5300 cd7323786a44dde9
5301 18980af4c99fb5f8
5302 0ad3b1a391904192
5303 b82c9b799d01c926
5304 968271df8a60dcda
5305 fcebf7ae8aeb88c9
5306 7331c389ceea6687
5307 dc0e8f95e9f3e1cd
5308 c2d2293ab0677275
5309 fb34e6ab095770fd
5310 3aedb670bef71206
5311 fc349311975ab568
5312 d06b35f7fadcb67e
5313 65f255f2cda1012e
5314 0556ecd57f8f75ed
5315 b22e71d9b55b1c03
5316 963e1c6a999f3aa5
5317 6e892957e0a4d207
5318 5b6277a0d9198fd6
5319 2575788735723a9a
5320 6cb659deff466d60
END 5320
