1 cc3f4c7ba4e552bd
2 cc3f4c7ba4e552bd
3 cc3f4c7ba4e552bd
4 cc3f4c7ba4e552bd
5 cc3f4c7ba4e552bd
6 cc3f4c7ba4e552bd
7 cc3f4c7ba4e552bd
8 cc3f4c7ba4e552bd
9 cc3f4c7ba4e552bd
10 cc3f4c7ba4e552bd
11 cc3f4c7ba4e552bd
12 f30dfa61d8621222
13 cc3f4c7ba4e552bd
14 cc3f4c7ba4e552bd
15 44f3877ba4e552bd
16 cc3f4c7ba4e552bd
17 a465b5afef1b5358
18 cc3f4c7ba4e552bd
19 cc3f4c7ba4e552bd
20 cc3f4c7ba4e552bd
21 cc3f4c7ba4e552bd
22 cc3f4c7ba4e552bd
23 cc3f4c7ba4e552bd
24 cc3f4c7ba4e552bd
25 cc3f4c7ba4e552bd
26 cc3f4c7ba4e552bd
27 cc3f4c7ba4e552bd
28 cc3f4c7ba4e552bd
29 cc3f4c7ba4e552bd
30 cc3f4c7ba4e552bd
31 cc3f4c7ba4e552bd
32 cc3f4c7ba4e552bd
33 cc3f4c7ba4e552bd
34 cc3f4c7ba4e552bd
35 cc3f4c7ba4e552bd
36 cc3f4c7ba4e552bd
37 cc3f4c7ba4e552bd
38 cc3f4c7ba4e552bd
39 cc3f4c7ba4e552bd
40 cc3f4c7ba4e552bd
41 cc3f4c7ba4e552bd
42 cc3f4c7ba4e552bd
43 cc3f4c7ba4e552bd
44 cc3f4c7ba4e552bd
45 cc3f4c7ba4e552bd
46 cc3f4c7ba4e552bd
47 cc3f4c7ba4e552bd
48 cc3f4c7ba4e552bd
49 cc3f4c7ba4e552bd
50 cc3f4c7ba4e552bd
51 cc3f4c7ba4e552bd
52 cc3f4c7ba4e552bd
53 cc3f4c7ba4e552bd
54 cc3f4c7ba4e552bd
55 cc3f4c7ba4e552bd
56 cc3f4c7ba4e552bd
57 cc3f4c7ba4e552bd
58 cc3f4c7ba4e552bd
59 cc3f4c7ba4e552bd
60 cc3f4c7ba4e552bd
61 cc3f4c7ba4e552bd
62 cc3f4c7ba4e552bd
63 cc3f4c7ba4e552bd
64 cc3f4c7ba4e552bd
65 cc3f4c7ba4e552bd
66 cc3f4c7ba4e552bd
67 cc3f4c7ba4e552bd
68 cc3f4c7ba4e552bd
69 cc3f4c7ba4e552bd
70 cc3f4c7ba4e552bd
71 cc3f4c7ba4e552bd
72 cc3f4c7ba4e552bd
73 2cd1db70413e21c9
74 68595622ba5026df
75 cb24c151a6ecc235
76 d2339de50ac985e8
77 d2339de50ac985e8
78 d2339de50ac985e8
79 d2339de50ac985e8
80 d2339de50ac985e8
81 d2339de50ac985e8
82 d2339de50ac985e8
83 d2339de50ac985e8
84 d2339de50ac985e8
85 d2339de50ac985e8
86 d2339de50ac985e8
87 d2339de50ac985e8
88 d2339de50ac985e8
89 d2339de50ac985e8
90 d2339de50ac985e8
91 c32bd3d6f11d9754
92 1a97765eb25e4068
93 cba81c17f1d19b38
94 b75e5338631c6572
95 6906f2709bb4aa78
96 ad98a65b9db521bf
97 a3e6cced7a05c713
98 d5ec949c6c3cc713
99 fb48e67b3ce7c713
100 137aa8922b56c713
101 105ed4d1bda9c713
102 e000abda01f0c713
103 cf7aa5dd0d8bc713
104 7b9b37febfaac713
105 c6b27fe6493dc713
106 8108ee7990f4c713
107 e773dfe59bbfc713
108 4dea34aaf1aec713
109 674b617599a1c713
110 61f0b69465e8c713
111 629767d77c63c713
112 870939d97d22c713
113 54fa1426c6f5c713
114 1a079cf2a8ecc713
115 766547dba357c713
116 9956953df886c713
117 3e9aeb6824d9c713
118 445be322fc20c713
119 be53735bf03bc713
120 25910ee3359ac713
121 4fe5fddded6dc713
122 3bf2d66d4464c713
123 4cc8eab16fafc713
124 4173b91338dec713
125 5f4f2660b751c713
126 3db890d282d8c713
127 a2b9e385b993c713
128 54399c78d392c713
129 489462a62fe5c713
130 1ba17dbff29cc713
131 1278386b2a47c713
132 56fa3dd92836c713
133 8e513bccb689c713
134 3d890d68add0c713
135 af537cff326bc713
136 74084ccb770ac713
137 3e09dcf6601dc713
138 527b9a279854c713
139 787dc031999fc713
140 986bc619ca0ec713
141 23f5508a7681c713
142 e870aa72a048c713
143 82f8f8b5d8c3c713
144 1e13d0f20302c713
145 fd7bcf824855c713
146 1ef524d691ccc713
147 ef7380c209b7c713
148 f371858112e6c713
149 05609982e2b9c713
150 c23bd05c6200c713
151 122dd65b9f1bc713
152 00337f3beb7ac713
153 c484b91177cdc713
154 5489f0dad844c713
155 01cf33e2b88fc713
156 805a40f843bec713
157 d1d8147e9a31c713
158 0ed49a4e25b8c713
159 238f4e961f73c713
160 a5b7f95706f2c713
161 bee3a48d6645c713
162 643d89e8497cc713
163 5811fa845927c713
164 f91278eaca96c713
165 e46e1371e5e9c713
166 7f441eccfc30c713
167 6ef24c8edacbc713
168 0b709d40aceac713
169 a37c3cbd3d7dc713
170 ec04c5060e34c713
171 ca87d28b8dffc713
172 9bd6289228eec713
173 a3e4571f4de1c713
174 ec90edddb628c713
175 90b71f5c50a3c713
176 a74f435b1262c713
177 b0a90cd9b735c713
178 eccb0b96cd2cc713
179 8556be695197c713
180 a0ca7d7a71c6c713
181 450211d4a919c713
182 5ba417d8f860c713
183 34825e46e67bc713
184 f77f37f673dac713
185 6faf9c440eadc713
186 b0cd187c02a4c713
187 f936e5ecfcefc713
188 33cc12ac801ec713
189 4db8c4562391c713
190 7db8b0e70a18c713
191 4ec1063e9dd3c713
192 9b83419563d2c713
193 de3d8c9de325c713
194 5cb08c231edcc713
195 737a7661b487c713
196 b4e6075ff776c713
197 3c181fbbc2c9c713
198 9fd1850bee10c713
199 859b17efefabc713
200 33e76bc3f34ac713
201 ca63e77e3c5dc713
202 a888bebcb594c713
203 4397c97e06dfc713
204 fa0fcd6b644ec713
205 eecbc22258c1c713
206 73164bd62688c713
207 fa815e2ad403c713
208 fb09594d2342c713
209 9505d8e93f95c713
210 352ddfe9320cc713
211 a12b32f7a5f7c713
212 2772e08ac926c713
213 cf29415f26f9c713
214 e3f2de462c40c713
215 8f6f8d3cf95bc713
216 bc015b0766bac713
217 b22545b5800dc713
218 bb02c9513e84c713
219 bdb1f16885cfc713
220 9b959a0399fec713
221 81f0570f7d71c713
222 cc09cb2f98f8c713
223 cc08b09880b3c713
224 934ed9b6ab32c713
225 1e98a7e36a85c713
226 9a56edca5fbcc713
227 94429b20da67c713
228 6d0eab9a58d6c713
229 37822778c529c713
230 20d32d149770c713
231 9d12c41d0d0bc713
232 2bc27c75c52ac713
233 a41e488e58bdc713
234 2ff88a658274c713
235 a9b7eae89d3fc713
236 e20cf794c12ec713
237 b4498bd17521c713
238 70389865b368c713
239 1ccfd6d369e3c713
240 f833bcef92a2c713
241 eee21acae675c713
242 7a1e7211146cc713
243 7da6fdbcdcd7c713
244 f38e0357d406c713
245 b7e61ffc0659c713
246 0bea43b127a0c713
247 472bd64391bbc713
248 c4a7117a831ac713
249 177b212996edc713
250 900c12fa35e4c713
251 d459ab9bbb2fc713
252 c0d0800c865ec713
253 61a4f1fc1ad1c713
254 a3ee4be37458c713
255 6071f2cecd13c713
256 9eaf6568cf12c713
257 45db986e4d65c713
258 5c309844ca1cc713
259 6bf4cda03bc7c713
260 76eacf53d3b6c713
261 42a7e68eb609c713
262 69be6482f350c713
263 6e9c9aa8a1ebc713
264 ab1d8fae768ac713
265 3552c100119dc713
266 55ed86a90fd4c713
267 6d13eea1bf1fc713
268 e4645f5dd98ec713
269 3a2af5052601c713
270 b6f657a1f9c8c713
271 913355a41c43c713
272 c885e01a1882c713
273 7c7bbe0411d5c713
274 d3d216c2434cc713
275 43cb81cc3937c713
276 8f7ca9d4ee66c713
277 d12c46f59ce940ed
278 58f4e9f367f1f24d
279 ab074833c47cce47
280 96b1c2764841ce47
281 251c728bf742ce47
282 b6fe9715d987ce47
283 9107f65ab9d0ce47
284 96ef78ca71b5ce47
285 eacaada4b3b6ce47
286 45368a1af02bce47
287 fdeea5c36df4ce47
288 e3c407ae2b19ce47
289 3500d38c511ace47
290 9bbcf113093fce47
291 a3805615ffe8ce47
292 9022c8bd27cdce47
293 be7d75ff0beece47
294 a5710ebc7863ce47
295 90ed03e5788cce47
296 c62390cb4511ce47
297 6b5a8d7b4812ce47
298 fb2053b62257ce47
299 42ad14213aa0ce47
300 b3887f28a2c5ce47
301 bc821cede96d6277
302 0db846321bca5277
303 11b53df6c8df5277
304 ce6669c989205277
305 79eda676e2f55277
306 115c606e6e2e5277
307 c253bafce244ca5f
308 365a1fc7cf75814f
309 36c28d2bd502814f
310 6a8e76615c23814f
311 7b4079239cc0814f
312 30e390349a99814f
313 c5d2aa5c6296814f
314 2b94494d7887814f
315 3b6aaebef0a4814f
316 6d7ef91b063d814f
317 cccd5a48e1ba814f
318 f9ca8196aafb814f
319 c45603a00158814f
320 e7313f76fa11814f
321 3e17985e54ae814f
322 17b055bb1c5f814f
323 7f0705e21e3c814f
324 0497cefe4eb5814f
325 8ff5dc864612814f
326 64910c6f6873814f
327 277261913050814f
328 3992c67f9a29814f
329 9947f9efd726814f
330 d885e0451b97814f
331 bcadf05cc3f4814f
332 7a8b46110e8d814f
333 25cb7714e08a814f
334 868aca95170b814f
335 70557cc9a2a8814f
336 4cc92e8ebda1814f
337 d3049338f9be814f
338 49538c38666f814f
339 78b79a28ef4c814f
340 f30a07d15c0c814f
341 ece903bcd943814f
342 94cef611e2a2814f
343 7cbd66f12119814f
344 cf033e775980814f
345 7a2f8733be47814f
346 e31d7f79b196814f
347 c3ed3334e2bd814f
348 be78cdbe62e4814f
349 1b11b575687b814f
350 b9e00a0b19fa814f
351 4d6e6bfa1a71814f
352 8b2fbaee2db8814f
353 57f9ad618c7f814f
354 3be250c5924e814f
355 b488726f7d55814f
356 408131e8c25c814f
357 03afcaca2153814f
358 1238f1fd7172814f
359 b9b17a0a0aa9814f
360 55ac4fbdd090814f
361 8992e0ab7f17814f
362 fd0bedc22f66814f
363 f7de43919f4d814f
364 24a5d597f5f4814f
365 b3f9bf8b6ecb814f
366 108592fe960a814f
367 c3e393fd7e41814f
368 0aa725af2948814f
369 1f79757fb68f814f
370 8cb39bd3dfde814f
371 94c1384dc325814f
372 24fee80639ac814f
373 150e0840ea63814f
374 a4dd6f9fff42814f
375 6ad87e223a39814f
376 a9961bd305a0814f
377 5e3919a2b1e7814f
378 5b3b56d9aeb6814f
379 4c1b41534add814f
380 22baa5e67f84814f
381 7059a130aa1b814f
382 a82eb5508e1a814f
383 46b9638b2791814f
384 dbabd098cc58814f
385 49f797197a9f814f
386 a5a03e8502ee814f
387 c42093055ff5814f
388 08e7ac40b57c814f
389 8d3316d224f3814f
390 9848e813d512814f
391 018f830efd49814f
392 d2b9f7ccd1b0814f
393 1ae87449fb37814f
394 db28ede2ef06814f
395 aad12fb98a6d814f
396 da0cb9058994814f
397 c5d43dbc97eb814f
398 d2701978c72a814f
399 04dec2ec4ee1814f
400 8c5da62947e8814f
401 150b465e38af814f
402 c3e8526088fe814f
403 ca716014d145814f
404 3e706e7ec64c814f
405 d99d7973c883814f
406 8898a5d4e1e2814f
407 d26ef97c0e59814f
408 2c1d247d49c0814f
409 2e64fb298887814f
410 796a18f40cd6814f
411 37bb47f110fd814f
412 538a3bab1c24814f
413 422ce2fb69bb814f
414 f99d68d4b33a814f
415 6310a5d939b1814f
416 21ab44d09ef8814f
417 d3e0a7254ebf814f
418 e57d3f73c68e814f
419 1d957ba3e895814f
420 b717c4c5b99c814f
421 63e5c1ac6a93814f
422 a91dfbdb32b2814f
423 b6115ae2aae9814f
424 f90137af39d0814f
425 ed45b3604957814f
426 daa6289d4da6814f
427 56c2e9525a8d814f
428 86e671902b34814f
429 02ff2485ef0b814f
430 f558c308cc4a814f
431 2ffec9ce3e81814f
432 fe832eb05788814f
433 443e822936cf814f
434 961fb0c0c41e814f
435 30bdffe3dc65814f
436 20d1de0715ec814f
437 95816a73e2a3814f
438 607e7ecbe182814f
439 561cd8b63379814f
440 ca733bd5d4e0814f
441 1ba6fa5b8f27814f
442 78a71ab74af6814f
443 ab8d9dcda91d814f
444 9995a8982ac4814f
445 81700256cc5b814f
446 32fbef8d715a814f
447 800d738994d1814f
448 0015ea3d8d98814f
449 15c9ac6fcddf814f
450 05273c521e2e814f
451 be083b64e635814f
452 9195180ecfbc814f
453 998289b53833814f
454 cf7cefaeeb52814f
455 a6b36df82889814f
456 c2163951fef0814f
457 ec52f6530777814f
458 0bf0298f1e46814f
459 91c58facb4974628
460 f569fdb00cb40ebb
461 ba85a99f39af1d09
462 70399dee885091a2
463 92e0c037684f8a72
464 ac10ba2e3f7a905f
465 8cde89d777d3c859
466 99b8c7a14a95bd8d
467 21de6e3fccc695dd
468 ea726a5accc695dd
469 c7a59e724c61e69a
470 e7969aea83de3d50
471 e83af6a96ec8f8b0
472 f3774912bbc8f8b0
473 1f925fd64ec8f8b0
474 c932af87bcc8f8b0
475 60041183fec8f8b0
476 af3de76f01c8f8b0
477 ec09c19f9fc8f8b0
478 1c3ec4f993c8f8b0
479 6d4f5eceb4c8f8b0
480 6c5430c7a6d77730
481 ad4a4e32b7d77730
482 3471db0a6fd77730
483 af19ffec27d77730
484 5289766736d77730
485 ab22e0881ad77730
486 e51a981b5fd77730
487 36051d2222d77730
488 09841e6876d77730
489 196b92bcd2d77730
490 717d513a88d77730
491 08cd14f7a3d77730
492 2dd5d316b4d77730
493 3206bb848ad77730
494 123bc9802fd77730
495 be20793101d77730
496 bad8fa67b3d77730
497 92b0594ff1d77730
498 854e817e36d77730
499 77c93f51f9d77730
500 da42783d9bd77730
501 6b4182225ad77730
502 6afba7d2858ef1b0
503 db259b48fb8ef1b0
504 257e61606f8ef1b0
505 8d2f9dbe81d77730
506 f2ea6afb7ed77730
507 113d6ef9399058b0
508 8527764fc39058b0
509 928d0ff4929058b0
510 1ddf544a48d77730
511 7a42b5e371d77730
512 3c3df20b2fd77730
513 80f4dd1d27d77730
514 3b085841f6d77730
515 6bb5cb8722d77730
516 60ecbb33efd77730
517 b3973ef329d77730
518 fa9e7ce49ed77730
519 43233a4953d77730
520 5b4459a4b4d77730
521 972d682f1ad77730
522 c8740a351fd77730
523 9f6532be81d77730
524 3d3ff9e6ded77730
525 f24f477cb2d77730
526 418ae4aaced77730
527 9cd7632063d77730
528 e2c8d2d93bd77730
529 2140316a69d77730
530 9c96402408d77730
531 5dd9a122e9d77730
532 656828d56fd77730
533 9cb8cc1749d77730
534 4fe3f2eb2ed77730
535 dd51eb8319d77730
536 d2d585957fd77730
537 91c25db499d77730
538 06a63d9f988ef1b0
539 481b185a9e8ef1b0
540 42c4383d5c8ef1b0
541 dbf714101ad77730
542 e58302ba66d77730
543 cbee5607719058b0
544 10381e7d579058b0
545 42854ab7d99058b0
546 acd5617b44d77730
547 3b3b8a4547d77730
548 b2370b482fd77730
549 9b2fc3e8a2d77730
550 65c9d92e38d77730
551 2c94cc491ad77730
552 ca31e7907cd77730
553 693f8d0e27d77730
554 09fdbe42efd77730
555 aed14eacc9d77730
556 589d7e1d2ed77730
557 44a70ea5f3d77730
558 4036620b0ed77730
559 17608d39a9d77730
560 83058404c8d77730
561 e5474ba7cad77730
562 bada7e16bed77730
563 654e06c512d77730
564 f01363225bd77730
565 b08aed4d99d77730
566 a8dafc4986d77730
567 6f4e5f0227d77730
568 a8449f5b08d77730
569 270ade3b29d77730
570 fa9af79976d77730
571 fb63a9c027d77730
572 85fa47415fd77730
573 9a5aba2fe7d77730
574 77a4b8f1818ef1b0
575 4731fdd2988ef1b0
576 70c2df0a858ef1b0
577 3e4ff57b57d77730
578 dd893c72c8d77730
579 5d0f8bb6b49058b0
580 22a2b9b0d79058b0
581 bd79a0360e9058b0
582 f3b25155eed77730
583 74b3200b59d77730
584 2a088d1786d77730
585 9c0b5cca12d77730
586 0019463a7fd77730
587 6c27ef6df9d77730
588 647406be4ed77730
589 06f6c7c40ad77730
590 e793b68be3d77730
591 8ddb3a4c52d77730
592 4208d2c1b4d77730
593 cc28f3721ad77730
594 b2fe64fdf8d77730
595 7ec1fbfc72d77730
596 babef417fed77730
597 0878747ecad77730
598 c72ad2418cd77730
599 e3497053f2d77730
600 6c66563908d77730
601 bfdaa1ea69d77730
602 ea2c293408d77730
603 6a77649ae9d77730
604 de8fe64f88d77730
605 ad91c1848ad77730
606 be5e5ef0ccd77730
607 d51f89e731d77730
608 d2010ce33bc8f8b0
609 b14a6d33efc8f8b0
610 4fd54353db706830
611 6ce3c26b03706830
612 8c85f64f4a706830
613 57446393a0c8f8b0
614 d6cc15ffb9c8f8b0
615 4d49d906bbb65730
616 e434a2b258b65730
617 c863212f65b65730
618 7a57024eebc8f8b0
619 5715fca463d77730
620 226cfaea6ed77730
621 2fc27b67b9d77730
622 3850b1da38d77730
623 1af3609bf3d77730
624 2fe434210ed77730
625 c9538cd74ad77730
626 1b6449a67ed77730
627 0735f169f1d77730
628 541070cd46d77730
629 7264584de9d77730
630 d03f8eb13ed77730
631 58d017df79d77730
632 38229764b8d77730
633 79173e0bf9d77730
634 017e33fc66d77730
635 119dfe4ba7d77730
636 b4c3d6f508d77730
637 9bfeadff63d77730
638 1e437b7fcbd77730
639 5122544c8ad77730
640 d194f99becd77730
641 869a246aa7d77730
642 352c5d6dffd77730
643 322b80ca5ad77730
644 07269cad5fd77730
645 9fd2f22e71d77730
646 7a869485e78ef1b0
647 d00761dc988ef1b0
648 7d1e8474878ef1b0
649 25a26da991d77730
650 115407ac36d77730
651 f69ef330819058b0
652 d82f30ec1d9058b0
653 0b2267aa749058b0
654 87ea943c4bd77730
655 d745d89769d77730
656 41451a2f76d77730
657 1784c1fb17d77730
658 227e5ea17fd77730
659 78cb71dd47d77730
660 24add14066d77730
661 6259fbfb29d77730
662 4245f0669ed77730
663 efb3cb2fbad77730
664 21bea3c93cd77730
665 ea5423c251d77730
666 2388408d53d77730
667 130a03b70bd77730
668 cacaf0b2a3d77730
669 459fb55772d77730
670 c07e57e2cbd77730
671 36bb835fbad77730
672 5160290a5cd77730
673 95d4a76e01d77730
674 81bffd0db3d77730
675 b0c907bf0bd77730
676 0a020884ccd77730
677 2dcb6ae272d77730
678 234429a576d77730
679 fe9b0e0ca2d77730
680 b9959172c8d77730
681 f1ad23a7a3d77730
682 23a65548778ef1b0
683 082ca3bc438ef1b0
684 5ad6fa59c08ef1b0
685 79cb4c3f91d77730
686 6a80273a36d77730
687 8bd96607f29058b0
688 a58b8676fd9058b0
689 75aaa4ac549058b0
690 39d73f46fbd77730
691 c1a98eeee9d77730
692 67f6287676d77730
693 dc96f82ea7d77730
694 46497942ffd77730
695 447feddf79d77730
696 f32b1bc5ced77730
697 80a6331de9d77730
698 1c18376d6fd77730
699 f69eb60acad77730
700 2915031db6d77730
701 ef88f9fb79d77730
702 9b4d99764ed77730
703 be42131363d77730
704 695fe2fe2ed77730
705 5aaaad011ad77730
706 ddd9b1447cd77730
707 4cdf1de881d77730
708 84f1dc993ed77730
709 fdf0639e4bd77730
710 527b2aa4acd77730
711 bb91787281d77730
712 5a96f00f5ed77730
713 e2773a7232d77730
714 d07583d4a4d77730
715 0e0cc21ee7d77730
716 17b63b6466d77730
717 16e449da87d77730
718 57da27049f8ef1b0
719 874f02da648ef1b0
720 95e7d22d218ef1b0
721 dde9b27c31d77730
722 e501e7d806d77730
723 e1a2b265f19058b0
724 cb2e153c979058b0
725 8cb5d36b3c9058b0
726 fa114f7908d77730
727 ed5273bf0bd77730
728 af5ccc7eacd77730
729 590a0fb822d77730
730 44177e92f6d77730
731 69f7f4ae52d77730
732 8d84c0eff6d77730
733 d009025627d77730
734 7689c733a6d77730
735 aa9e33c3a7d77730
736 c6af95d2efd77730
737 f88979c847d77730
738 354304f436d77730
739 7b20b882bad77730
740 c519f2ea3fd77730
741 6627d26272d77730
742 000081586fd77730
743 38e54d6b2ad77730
744 6f006f54f6d77730
745 05f771bc99d77730
746 ef287abf9ed77730
747 714ed35f20c8f8b0
748 68cbf6575bc8f8b0
749 9b1b2a3d97c8f8b0
750 1bdca37a31c8f8b0
751 d67cd35ceec8f8b0
752 5b9436ad7bc8f8b0
753 f93aba7dc8c8f8b0
754 ec00af8ab8706830
755 5eb765ce41706830
756 508a04423a706830
757 5883b62bcfc8f8b0
758 c0dbb101b4d77730
759 8a3fc3cb129058b0
760 de3cb2901d9058b0
761 21a9b3f7729058b0
762 f3c630ce76d77730
763 44c8dfb247d77730
764 9864ea8ff8d77730
765 17c6bdfcd1d77730
766 022960da66d77730
767 49569defcad77730
768 9982ae43c8d77730
769 3b606b3531d77730
770 96c408e3c8d77730
771 5b1ed5580bd77730
772 50b5d9b8ccd77730
773 6633489a72d77730
774 a2b880abf6d77730
775 87f3dc43a2d77730
776 53208285b6d77730
777 c2a3c71077d77730
778 b1c8470fa6d77730
779 d96c7dbab7d77730
780 3761976376d77730
781 6dc23b8992d77730
782 9604055e6fd77730
783 ac4718b9ead77730
784 2854c89ec8d77730
785 6037dfa62bd77730
786 056693c4ecd77730
787 caed238501d77730
788 23dcfa9da3d77730
789 d068ccc891d77730
790 cdf14cd8dc8ef1b0
791 c7faa74e248ef1b0
792 35d9708c1c8ef1b0
793 db753e0699d77730
794 2a8283010ed77730
795 81936d97119058b0
796 946a7844d59058b0
797 a5bfdd6d7c9058b0
798 21dbefbe46d77730
799 33d1445069d77730
800 b22b1db1737b9d68
801 7d69c9182d063e45
802 f310e4ced7bd4b45
803 c346ef4c81b84b45
804 846792dceab84b45
805 d3285e1da26c1e68
806 f60b22adb9329d68
807 b22b6cfb677b9d68
808 460f4dc9947b9d68
809 e528df19427b9d68
810 739fce46217b9d68
811 057726741c7b9d68
812 e893aa69fd7b9d68
813 21ddb63e907b9d68
814 71bfaec55c7b9d68
815 3db16a1f6f9c8a8f
816 c208a9fd586a618f
817 103dc28188c3dc30
818 8043673f37e50873
819 036c9dd64343f422
820 cd0a6415461724e1
821 f477273dfbbf336a
822 d1ac3f59b55d9081
823 7e10c256e82a5b8e
824 f16fd099d37d1d4c
825 e56c88dfca650e24
826 8206fd562648f231
827 36c043f2d1dc556b
828 a42d50af11dc817f
829 325d5c98bbc62e1a
830 310d52ac37ce71c0
831 eea9b2c9d269b933
832 69dd55354eeaf88c
833 f0540d1f18d28039
834 3894340d9079507a
835 fa21e8d0721c07e7
836 3ea3b522ef05f0b0
837 aca9f39f1692aaed
838 0b01b1d78a895cae
839 08eae276be81d38b
840 8c7c6b0dbe653ca4
841 bb71e5cd1d652eb1
842 2741ed7ff2208ad2
843 862924e46c5ee7bf
844 53ef9cd32b794b48
845 9af7b7672db4eb81
846 5b8d65d9cc0ee8a2
847 376c109d971e2e4f
848 70b273763c86fd90
849 7a139bbe3cd16ccd
850 2f23bb429e0b1d8e
851 faa9adee3e80b7eb
852 61c33a5dcda2016c
853 aee60c0e7fe9e519
854 62216d193abd5cda
855 0488a384937dbec7
856 22e9b043dac65308
857 c8fe04dc64d03805
858 a1d78cbdd9184bc6
859 fbfefe4827b82243
860 49c1edcff0ecbd64
861 9ac47a509ef7ecd5
862 f4a949a0cf4be216
863 c00e687ed854a453
864 925eaf4bdfc32aac
865 96ed6ddd10b94559
866 3a8aaf5a3b50791a
867 e26be3f54767cd07
868 2758f43353c6f4d0
869 fa9be6e57599100d
870 1536fe4316a3f7ce
871 08daa66b531ffb2b
872 12187d2fad3ab9c4
873 f3d93ef6d7d1d5d1
874 2cb68f23b7b2c8f2
875 255353f5c1fbe6df
876 51fb75dcebf2e068
877 ddca8165a30b8de5
878 2bf4ebbeb95b60a6
879 cc2c9cc6603e8da3
880 04021c8462dbf1fc
881 9324fbc1a8ed4669
882 6f4079b8cd4278ea
883 5670bd4627ed9897
884 4c7c155502c58de0
885 85dc56fe2f4b735d
886 7dd0fcb16ee67a9e
887 bdf6f3cd39ec09bb
888 794e0bb4605cfed4
889 cdc6e824e1f7d451
890 7323f084095eb93c
891 34113962d65a8b60
892 d86c446391607234
893 f70bc328c96fa824
894 d66cac502b6a5a28
895 9c086a23d0b1b1ac
896 7e7abce509c2aaf0
897 34cc6e80c3ac14a4
898 ee745d7ab9296420
899 e58a4558463b261c
900 54c39905813b28e8
901 413f07c7e9f93304
902 45b5e6693a6e1788
903 41e0d8c461f7d2bc
904 b47cfa8c8ea807a0
905 4643af57c9f4cd34
906 4361680cbdb12480
907 31b17039e6289a9c
908 5c241f2d05ec2138
909 6b12e8ad6ac500f4
910 6227dcf9511b49f8
911 bb9939a2d0613dbc
912 090db47a3804d280
913 7766b85e2d60b8c4
914 a16e373eeb4d1580
915 575b7416a8980abc
916 f258f412dbaca248
917 94f2651c85c29924
918 8a995ff493ce5f70
919 9084021a2d9cb584
920 d14108d96b9bb4f8
921 d2329d5ca90b8ee5
922 bae8880c5da5a6ca
923 06c838ec13b9ee97
924 6ae2e7ded1566e14
925 c95e878ab080bb75
926 7850fcd30e57505a
927 83963bb7e4f4a527
928 25239d68567f4eec
929 fad6756beff86519
930 37263037827f71de
931 9ae2896775907c1b
932 7ffb9767d7a031d8
933 6a95b5b0006458c5
934 953c6873d8bd3baa
935 6305e2b794667f77
936 a9c3b795f6d4ca0c
937 007caedd3b382e39
938 2a6beff3fc56bffe
939 0fb19ad2e506e543
940 32ab6ee74103ca38
941 b92091dcec361025
942 98e623defa936e0a
943 2236fee3535be0d7
944 81388670e62bb95c
945 2972e71d26fd09c9
946 e186243671f415de
947 ef8cc78cad3d801b
948 cc7c47baf960e7d0
949 a4e2cfaf36abbb1d
950 2b6f07457ff59b62
951 08937754201b9caf
952 8cb5507711ff5ab4
953 2b9e3a937cd96ce1
954 d7ad0c91ccd84c86
955 feca13018f0738a3
956 a74dedf23dc50c18
957 948c7814ecc5b0d1
958 32e10686b50543b6
959 69b03a4f4c879f53
960 6f6cbd240eba45aa
961 4cbacf2ba11f4a9b
962 6a67e3277bffb408
963 118684118230d5bd
964 e944395a6be30346
965 4abf0e3275755a0b
966 7deeb7b55d6e2534
967 2a10efa372d51b41
968 fbe537d893f7ec5a
969 005a29ec1804d87f
970 58b5d262cd538648
971 a4de00c1e34c49cd
972 bbdefa058d22b1d6
973 7e9fb66925eb87db
974 d17414babf7b071c
975 aac0c8e25b4f02e1
976 23a048507db90bea
977 1d40d1bf2179bc8f
978 e8bccc0275e00cd8
979 b1b78a38cd102bdd
980 07325bb230c089e6
981 d12419bcb4e96cbb
982 7587c39f422dc0e4
983 ba6ff417989830a9
984 08d13efbf2607dd2
985 a2af9c395f4d31d7
986 39a1bead6d90e9e0
987 82e264b84a7cd3a5
988 49e9c86b3fb1a18e
989 8c1d0dad306145e7
990 5e5eb57f06267230
991 2e06e176c67826b5
992 634ed751cf8edc56
993 61ca2f51099a435b
994 a2298e084ace3f04
995 8bae21534c8862e9
996 35fae7089ad6037a
997 8b8dd22c6fa8b51f
998 36574ff112a946e8
999 5c699f63bc45816d
1000 9da480531027992e
1001 865f3325f06b6713
1002 bc91068dc9045184
1003 9849e1822392a149
1004 54065241b84d92da
1005 98e3dde1fd2d22ff
1006 dcd79fa1ca005748
1007 ed948f68bbd1b64d
1008 392c13eab4f4589e
1009 00f5444071b23103
1010 001b068dbf37f8cc
1011 61d94e7ef88e0dd1
1012 bef146863659d5a2
1013 3250bc8778ccb4e7
1014 5a540511e095e230
1015 c82cc93a92158735
1016 bfca963169d279ee
1017 a0f9e7abbe240253
1018 97b316c177de1e5c
1019 db59684a63b31221
1020 bf7d224ec216f9b2
1021 273ca2069906a243
1022 a2f3e0d31b821e0c
1023 5a60b39634b28049
1024 ea4900e42bc490a2
1025 1ce48f6a3c837fe7
1026 8f387480d90158b0
1027 166781caa30e7eb5
1028 2eab6193f1811b9e
1029 9c2e3bb82c4e7003
1030 00ad0ccd46d6935c
1031 8c965283873b47a1
1032 fc85887e824d58ba
1033 441b0f1dc829f95f
1034 77622e38b3313428
1035 d17b8bc9610afdad
1036 f40964c332562536
1037 f5fd0a7241c19b3b
1038 621b1df16ea1ad64
1039 8d832f3c15d79229
1040 e7bec9fa7d33d602
1041 72c20ef7270c67c7
1042 94f0aee9da3fe010
1043 e7703a96b26feb15
1044 7fb271bd8bb45e16
1045 d52030ac096ba41b
1046 b8a06502fd4a4044
1047 17a05d22708f5b09
1048 2eca39a82d5a0e72
1049 8ceaace8974e69f7
1050 ccdc6621c6c5ad00
1051 185afcb6f221025d
1052 e0e2ff18d6537d66
1053 a1bbc2d7e2f51f9f
1054 7286978b1f7b7a68
1055 05d40d954ce21ced
1056 36ccc37adabdc73e
1057 caeee7badb7718a3
1058 ad77df61a002d054
1059 88cd26510732fe19
1060 431ccda52546b36a
1061 4b5fef373b600f8f
1062 0229e639380cd8d8
1063 35dc24132438dfdd
1064 51919f3bf0d4f53e
1065 da44ffbf19bcc3b3
1066 4336d3df87d892bc
1067 156257ab2b7a4e81
1068 72a1f3b581b90f12
1069 57721c7ac7d61917
1070 a4de5ff99fbe45a0
1071 306ed87e2c712fe5
1072 8c61326d913a1c06
1073 8486509766b736cb
1074 e278af71c5808274
1075 4213843747f4f639
1076 f600927f40d4730a
1077 64c0d75b304305af
1078 dc75396330056ff8
1079 0da7d25bfb4da61d
1080 da46539126e0a1de
1081 a4cf1645f61aa3c3
1082 9f276e6ccab48f8c
1083 ffa2ab842879f911
1084 71427ea7790c6be2
1085 8a367585070d4a73
1086 57d83670c839f044
1087 9e5fecc960a9cb09
1088 a044256aa0775462
1089 72d171f05b711ba7
1090 3d44dcbfe874f9f0
1091 63bc02f25ea00675
1092 081c7446fbb4c75e
1093 fcb9230150c07dc3
1094 b315db1ea4ce718c
1095 f1a20fada79b6311
1096 a5ddbb96365a910a
1097 e1ecb8ae69e253af
1098 21537e246f9235f8
1099 ed63af7f98a6effd
1100 549e8dfa7ea01e8e
1101 69331c7a2cf623f3
1102 4d6f2a5480d3217c
1103 80614b450a068141
1104 31236ac7682c50ca
1105 45997574a1bc206f
1106 8d6ddbc6571f4c38
1107 5e931a25547fc865
1108 c6429e91e1d26b4e
1109 47c83920a3a41a33
1110 1d5d2f6fe13770bc
1111 69b06a0ec0ae3401
1112 892d7887f748c17a
1113 6051c1ff234aa21f
1114 a9b7a8887350bff8
1115 1b7c2b8a49e1dffd
1116 fb44354bc491bc06
1117 1ab3d8fbda11b9ff
1118 7c46514bcddecfc8
1119 c9eb20962eb3a4cd
1120 d46d144da62ac51e
1121 9f6a9bf04c5e3f03
1122 a737edc393a8eccc
1123 c515ca86ef84f151
1124 00dbd144f8532122
1125 4985f11c2b880c67
1126 50e8a1a555c41030
1127 7e0896e04d495435
1128 ca514939fecdd8ae
1129 7d8ce781aae97813
1130 204c2ed14feb181c
1131 53cfbee2cb540a61
1132 41ab0f2ac7e540f2
1133 39780b2492f39677
1134 0d0ada4c18e33780
1135 27ce59077e5a911d
1136 23c43fd99169d5ee
1137 7fabdcd4caa91e53
1138 73bac6035aa6325c
1139 d96711132e5cda21
1140 82495f2292a372b2
1141 a4c639da74e1a1b7
1142 93099e6d52ffe5a8
1143 11093fd8d3e7172d
1144 7086e377c1689a4e
1145 e3818b9b0fe0f033
1146 91e295a64997fe3c
1147 6488e3c8efcb6601
1148 d3f82a751646ce92
1149 e57de1791ce84493
1150 0b5e1f0b0efc209c
1151 5acf1a14aba2dde1
1152 6d2ba77e8588d66a
1153 48158c629a5caa0f
1154 8e9f6d766bcf9958
1155 ba34399b1a4d105d
1156 3156a4e6238ad8e6
1157 dac6748137e762ab
1158 1dc6d4116b66d3d4
1159 5d0f387c95774399
1160 07788c724e9acd42
1161 f027f49df6161a07
1162 addf048f416ba050
1163 c1a1672482b399f5
1164 745637d31f87f0de
1165 b0bab14a43bee343
1166 5faa98d2b985508c
1167 c2edde9aeb26b011
1168 5df69d084900ef1a
1169 f6ff29a7c9f7143f
1170 0f4032584f0e9be0
1171 d5b295e5b59a8a25
1172 331db77fb2b0b40e
1173 7130ed04a89250f3
1174 f1b0e00365b3de7c
1175 9e09c564220f8e41
1176 a93371da86f3553a
1177 0aac2a2200a96edf
1178 767f68066876cfa8
1179 904cf8a1d294fa2d
1180 1060020929246036
1181 9a779af21169302f
1182 bea237cc311b0a78
1183 4782a71d5faba27d
1184 91612578d1fcc6c6
1185 529b1d710d006d8b
1186 807031837baad5b4
1187 385fa2bbb0849c79
1188 b66963676d568aca
1189 a1ce63349e19c36f
1190 9a2b94392b4b0bb8
1191 4de613127408d2e5
1192 f2df292e75958316
1193 00a9325fb59ddd1b
1194 fe6ec235b315c3c4
1195 44690f566fc3b489
1196 982dd33b5ecfbd9a
1197 8ca705e7d44124bf
1198 9ef07b0e97d11df8
1199 31912dbe69c277fd
1200 191d4d6ecae7f34e
1201 3ff9184c036a31b3
1202 328225fc3c44e03c
1203 9ec6828b6423dc01
1204 4e21a8dcd78a4c92
1205 9c1a7441ec6bf397
1206 617008e915bcb3a0
1207 3401d7a91d477065
1208 8c42909a160814b6
1209 636237747887cebb
1210 78d4184928e8e2e4
1211 dc18565d02b64a29
1212 c3c13ff8bb726162
1213 a5534c9ed124a0f3
1214 7a3762efaf76ae7c
1215 3e1cf910dab81e41
1216 f1500907b452f44a
1217 9db8e15f0512e0ef
1218 96663dee53171938
1219 c870b6ea62c96725
1220 a9ccbb0c0a58050e
1221 e6696a6719e89173
1222 610278b52507a0fc
1223 3b9b49555e327ac1
1224 b53aea69625450da
1225 20f1a45b56aa37ff
1226 3dd16bb2a4c81a80
1227 33a5eca4b0d53645
1228 4a809a7a2e6b2a2e
1229 402fbfd3c9dfd593
1230 cb3ae1a86d2d559c
1231 4cafcf1d4a1702e1
1232 c1796811473d276a
1233 947e6da5b2466a5f
1234 e5f53be0c2cbfd28
1235 96389cf9ec03b2ad
1236 4ed51cf1cbce8e36
1237 15363313136c983b
1238 0ec251205ebede64
1239 48762cb1ee376729
1240 ce13991d2bbe3f52
1241 9c134302bf3a31d7
1242 9756698e598abf60
1243 0055da427e268025
1244 21f8db48ea41ca0e
1245 b9eb89ddacb41e67
1246 2144a17f06267230
1247 f5e7d5420be89bd5
1248 821dad91d4fd1e76
1249 77abed04e7ab447b
1250 e85473b70c223aa4
1251 bc1075534c8862e9
1252 af1be7cbb3dab0fa
1253 f42b409457d7e99f
1254 6bce0e506be6afe0
1255 ec73bd942c1c18a5
1256 42e1e958bf285356
1257 a651efc1955c5b5b
1258 8085413bb674ae04
1259 cb0c1de786425ac9
1260 d25f9736b696665a
1261 06f707898de722ff
1262 0151e1022b0693c8
1263 c71a36af152f02cd
1264 e1e130b4c491471e
1265 39963cb9adc07d83
1266 e4e95f8dbf37f8cc
1267 1efa0229df880651
1268 59ca79a11a81349a
1269 c5a3816507ba8bbf
1270 19d73d967eea1088
1271 eb6c3e678aeb660d
1272 8d3e535aaabfdc6e
1273 f5dffe6a7d1908d3
1274 26c9b09131fcd2dc
1275 240d84bd2072e419
1276 36ee5649c5b991ea
1277 db52d3eb7a4a265b
1278 55b88bd0586da504
1279 7f398309deb565c9
1280 97d068dfe4831822
1281 fbdcfb6a3c837fe7
1282 10561aceb3c185c0
1283 71cd5ba6a7552585
1284 16dbdde281fc856e
1285 c5ff05c648bf2dd3
1286 c4b398cd46d6935c
1287 bdfce078988b1f21
1288 dad0f8f73299ee3a
1289 9e5c09bd3cc707df
1290 7198d4feca3184a8
1291 79bc6a741209fdad
1292 357547a9b1390eb6
1293 41e61d332fa017bb
1294 0338c317007d7fe4
1295 ec64d0774f778fa9
1296 b3b52d0ca8f9d09a
1297 47d2a7a6959c27bf
1298 e544a2a6fc552c88
1299 44f8c9ba3077008d
1300 1918b22e8e98ba96
1301 06f1f4ac096ba41b
1302 9edd83f346b10ac4
1303 af7e532d557b6791
1304 7d1e03674e4a296a
1305 d61fa3dee8467c0f
1306 b3ec596663efffd8
1307 c44cf28df874f0dd
1308 491c37489be69ae6
1309 99e0e9c511d0831f
1310 914c42e8d6dce600
1311 4a5e92d97f073f45
1312 bbd28d980af12ae6
1313 60892c0d0c3c0cab
1314 7219f8db287279d4
1315 b3557c6756d1c099
1316 c0bd51a52546b36a
1317 92a88f00cbbfa9bf
1318 3fd30c7bd1c28e88
1319 926f10a785f93a8d
1320 4206780fad7f054e
1321 77aa9cbf19bcc3b3
1322 05a1481a9a85623c
1323 c7a87e051d159601
1324 bac235f689f44692
1325 dc48f1c303c51597
1326 c1cfb289c59345a0
1327 21f95a4cb567b265
1328 5da67a245b1d6886
1329 212652af7105e54b
1330 940661fd6f80dff4
1331 7156d92ed7fb6159
1332 ecb1de78c4cdabaa
1333 4cafb50a0c032d4f
1334 05d25fb92adc8098
1335 873934c25c14f99d
1336 02f8289126e0a1de
1337 743d95fc5ade4a43
1338 450923c2178eb894
1339 0ff08665f95cca59
1340 7c431ecf17b315aa
1341 888f716ec6a7941b
1342 6be6ff6ed898fac4
1343 f9cd0c6c5153a389
1344 3c23b5511263ede2
1345 7c9b6face1761e27
1346 9271900a00cef9f0
1347 9c723b7779f543f5
1348 2dc592512cab8bde
1349 642ba4e96f126c43
1350 8df135e623d2740c
1351 4b9e9bada79b6311
1352 cab28b56d045bed2
1353 fab6c0cd572cf6d7
1354 07bfeacaef64dc60
1355 7e8b3e4623c6dd25
1356 5c8419fa7ea01e8e
1357 369fe66e0f7e9673
1358 50284e9e13f562fc
1359 e8e4393eade374b9
1360 bcf6a4e4f2841512
1361 323c7ed145072b97
1362 28ae28db097d5120
1363 83355d2f654645e5
1364 b5159d500e04b7ce
1365 d9e4f54259eec9b3
1366 e7a5d252e68e13ec
1367 a83ce19f4e435071
1368 4dd52294d3dde08a
1369 330f6409172b3d2f
1370 d2501481809d9f78
1371 34036f8a49e1dffd
1372 a6d1344f5e288886
1373 2a7c626c4564a27f
1374 c3f5dfb443212348
1375 bf2747ed72d3804d
1376 90bf852c5fb3c51e
1377 d9c5b501cd1c5383
1378 5a32c4b88dfa174c
1379 bb9e04986a22d0d1
1380 2b6c84315b48e4fa
1381 ebaad18110aa301f
1382 41fd81ad881e1fe8
1383 70a53f23854bf16d
1384 335a600659b1152e
1385 4804438d04d64993
1386 36d70bd14feb181c
1387 a1f00a35a827e159
1388 65ffb0352adc9aaa
1389 9f64ab9b625c3c4f
1390 f50a0eb64295b398
1391 ec3a54077e5a911d
1392 62349b147589586e
1393 3bca98cfcd8484d3
1394 4663aa82cfba6d64
1395 a6c672d7168eb329
1396 39a6debe022bf0ba
1397 a4e8dfc4b479865f
1398 ded86f5268b2ad28
1399 536118744f65d9ad
1400 0f0eef1ac343b2ce
1401 f9e6b65358fb5523
1402 1027b62ea2473d6c
1403 c4363decfbd0c0f1
1404 80309413ddb530c2
1405 79b21500419c2f13
1406 c4f12b0b0efc209c
1407 f8bae2c8887ad161
1408 199a64e291bbceea
1409 67c2a3e6b0fc378f
1410 c62010865fc3dfd8
1411 b6d33fb3fa50105d
1412 66564eef24d36366
1413 6ae84f9e3299b52b
1414 4be21d3aa5947254
1415 9ff44d9a8facdfb9
1416 20bc5a207a087ce2
1417 b043332815301e27
1418 a6c7b79989a63670
1419 cc40973d88d40c75
1420 c49e15d39d04d85e
1421 4d84354a43bee343
1422 1488c9c6f8ce32b4
1423 1c0e1db423bce079
1424 4b97967833285fd2
1425 04cb48663ca2ebd7
1426 6edc66584f0e9be0
1427 c1e2eb63958ea5a5
1428 e368aeebe890138e
1429 b51ba9febee0f373
1430 4e7501b9b5d2c7fc
1431 cb15fed7ec918e41
1432 d9dc55af2cb313ba
1433 3477b89c8259b45f
1434 95fd86565e2cff28
1435 d1f0abc675b98cad
1436 b712d904439de3be
1437 7ee9e91c34d828d7
1438 799c966627824060
1439 fb8385e0c567e825
1440 73970ee9981dd946
1441 8314c2710d006d8b
1442 52f3712219864c34
1443 678138a170708501
1444 6baeabe32e0dc592
1445 58f23589eba36097
1446 075419d4582068a0
1447 59638579eeb33165
1448 092eef4eea1cd796
1449 551c1e0bc055319b
1450 c90eed16cdc1b5f4
1451 6f35a9d64f7a7439
1452 d13687f67dfdce8a
1453 4e2d58a5387e132f
1454 8ed81577b1eb3578
1455 c1a427415a57757d
1456 7fab4a6ecae7f34e
1457 02482bc00f6c8233
1458 35df76edf5f2d8bc
1459 ec58829eeca32481
1460 f29127ac98167d12
1461 8586d041ec6bf397
1462 3d8eb06083877920
1463 37776538add80de5
1464 f059b80ff884e6de
1465 7fd0d01254c83143
1466 dbffcc1ddfc5de8c
1467 9dcfb672dab98611
1468 e83348e356517ae2
1469 876671ea8250c373
1470 e6fd3a2459dd17fc
1471 6e80fd0e773d59f9
1472 4d6ff2097d39f752
1473 db67879ec2efdc57
1474 8ae7320c4c0846e0
1475 b5055005176bcea5
1476 7d7c3f0c0a58050e
1477 84acc1850e4c26f3
1478 9ff740a43eb53fa4
1479 f8cef3a365289f69
1480 311c2c605fe041f2
1481 4b01ac8c04f33cf7
1482 06bce55509fb9200
1483 807d6fbf31566ac5
1484 dd514867a379a5ae
1485 2bbcdb4e454877e3
1486 9c049506675495ac
1487 85fa87b99f300331
1488 93a43ae56bb0933a
1489 fe6b8e2e67a374df
1490 0b81afc1473e35a8
1491 8714b0f9ec03b2ad
1492 8e5e8f75c456f7b6
1493 4b44b54e73246cbb
1494 99e033afdff8c0e4
1495 f77cacb3ddbd30a9
1496 9c90c51d2bbe3f52
1497 a8e0a84e77c77257
1498 03adf744f283e9e0
1499 db5741790061ed05
1500 40f6f8a4e25095ee
1501 08b4a427252dd207
1502 ce1fa97f1d4f3850
1503 663575f6b786b655
1504 9b3d760f61329ff6
1505 b891c95c42739ffb
1506 fb43b782a182017c
1507 8ef8f8b517432f41
1508 9a88554189699ed2
1509 ccd75d3c9068e1d7
1510 96872f5de1b99d60
1511 de6248942c1c18a5
1512 f00f162168ea2cd6
1513 0f2d855fe6b1a9db
1514 404b94b274f65184
1515 b04951d1bf18a149
1516 9527836fcfcc665a
1517 9b3ea1fbaa8aff7f
1518 0099f2fe77a65748
1519 c77ad07cc0f7b64d
1520 1d2a0b76be618e96
1521 2e9d7e3b4abfe81b
1522 9021d6068c571ec4
1523 709ec1587d5d8789
1524 8808d94c913ca11a
1525 3bbd8d854386a53f
1526 828b01967eea1088
1527 116c4d4dfb77bfb5
1528 7014e111064b7fe6
1529 4cefdc3b3b0f15ab
1530 960d149ca3e276d4
1531 3df420bd2072e419
1532 6b1f4e5f9d4fad6a
1533 ce8553dd563d14db
1534 e09db86443e3a714
1535 7c679be13dfb38d9
1536 7ece469e7c372ab2
1537 ba127c1f899f7b37
1538 784a6dc49ed28740
1539 02d04b13aecfba05
1540 b719ecdd19e44aee
1541 c3eed97c24aa2dd3
1542 36fdbb0fdeae9bdc
1543 9094340e84b047a1
1544 25db131e980e58ba
1545 647f33e7449ef95f
1546 bb2890feca3184a8
1547 139715b015590b2d
1548 5d79622a3c2d5bde
1549 ff7070446f807c43
1550 7913bdd3896dc40c
1551 5b6dec289d7a3311
1552 e640d5916c90ad1a
1553 926cd7f32119b13f
1554 b527f51223a8c108
1555 79a788c037ee03f5
1556 b077441778056b5e
1557 60f891d4f7113fc3
1558 6e3c5ef7198a418c
1559 a6fdf8fb7f582f11
1560 33ad248c3df6fdea
1561 4b3a8cdee8467c0f
1562 dddfc15bcc11e430
1563 3bd522b1acf90135
1564 417bd9f73962991e
1565 cc7b849b48e57577
1566 0a2515e8d6dce600
1567 6a61b32a7d2a83c5
1568 6c3daee64c098d66
1569 8bac6d54d81faa9b
1570 3fd7d3d67c432244
1571 90b655edf6325589
1572 7a619ba7e74c271a
1573 407949720eec533f
1574 25eaa72deb063b08
1575 9c36ad04f576b40d
1576 da8207175bb8054e
1577 708a39ceaee39433
1578 085fe29afdeb92bc
1579 a6069405db754e81
1580 e9a9dfe9c06a0f12
1581 3d5bedc303c51597
1582 869ac368dbfde320
1583 9be80fa5c134fc05
1584 283eb8a519f3e0a6
1585 f1ef271ef12c306b
1586 d79bb5596f812414
1587 1ce3768b35ec1bd9
1588 949927ab1549272a
1589 f06ebfa59a4794cf
1590 6ca66e9f948def70
1591 67f36f438812aef5
1592 c54c323f1f171c26
1593 322cab94a78469eb
1594 f10915e26bb57314
1595 0a4f60546f7f04d9
1596 c8231acf17b315aa
1597 398490bdffbcb09b
1598 c5aa510f5e27f044
1599 c21341742e6bcb09
1600 bfae5d08dce15462
1601 03e61bace1761e27
1602 aeff7e8dc677b170
1603 7d0d4665531e0675
1604 68e255317581f956
1605 e0490e0628cffc5b
1606 342a02e8b2c06784
1607 d69d4ad89ecdfc49
1608 96e31d5d75dfc052
1609 aafd7a0826255b57
1610 b7d3c75f9da1cae0
1611 41a8cabe47ce4d7d
1612 a9533bdef5095206
1613 26ee861890cfa4cb
1614 af25afd0160de074
1615 a6cdd8bd79ad2c39
1616 378860e4f2841512
1617 983fe62273a67f17
1618 29933c7e45bd4bd0
1619 f2e53c5e674c02d5
1620 71e8e4b6b2be963e
1621 1fb68eb45feeed28
1622 de444f31d349d811
1623 36a6116b5e38a916
1624 6a1b87b70bd57a2d
1625 c353e8d5227942d8
1626 db518c43a374af77
1627 115ecc7ef14bb7b2
1628 5c840f3efbf195e9
1629 5463ed4926cc0a68
1630 f36b466d51aa83c7
1631 63f19b22446b1142
1632 a8bd209c3901ac79
1633 ad2e69c3abb4a7a4
1634 05b94257ad918853
1635 197a0a8b8a3b092e
1636 5028e072c1618f7d
1637 41199ca9da4c3ca8
1638 bd37176437c71907
1639 9ea323490271b56a
1640 1d3f2f3bc10a0c29
1641 93c055d5b24912d4
1642 a4c6048ae0591e43
1643 8d86cabdd412a5de
1644 d24fceeb38f49b6d
1645 ffcf558f99f5e318
1646 1a1efd587edaedef
1647 d6bfa10a8e2c4dca
1648 e3eea60b9bc414f9
1649 5b0383f0c299bf24
1650 403caa45aa0a7ad3
1651 ae3530167641a6ae
1652 d485239527810bfd
1653 87454e7adacfcbd8
1654 2155554b544a6877
1655 62c289405cb9ecb2
1656 b0b805411ae28c41
1657 f5a66835cbf96ccc
1658 0e411d06c223051b
1659 116021245bb4e2d6
1660 7aa959404207e225
1661 250a6d69616a8e3c
1662 2d90d4c64c65558b
1663 65481ee073ef35c6
1664 7a7653efa4d048ad
1665 278fe5cec89c8c58
1666 a8d0a4e9aabbc3f7
1667 9b01d81fd1ae2752
1668 2da87badf1d5d109
1669 05ec766cddc52fb4
1670 3e652212506df034
1671 ee839c82dda3627d
1672 f0ad904ce86fcd72
1673 39e2ee074f4d3d3b
1674 a785990bf812e010
1675 225a2ef2ab4a9e67
1676 7f4148d837d683cb
1677 9323be805a403b9e
1678 8d86fa18abd269e5
1679 bf958078815c9b40
1680 7eb457112b66fcf7
1681 308987ee470e612a
1682 a0ac3207365c37e1
1683 366c1514aa73300c
1684 25f671282c804ec3
1685 4030cf5cc787a196
1686 d55e795647b2127d
1687 c1b485cd9f3d89f8
1688 19a86e20a9d2b1f7
1689 0fc9597f731e722a
1690 b25314742e1bb0e1
1691 e56db14f5b91298c
1692 c094efb8fc37d443
1693 a18cad8bb2e4e242
1694 129b06c9a8798dd9
1695 59ec2a5a9b0f56dc
1696 49dc7d7cbe20f7db
1697 c6b48c21392a056e
1698 e2261683a7f744b5
1699 ee55c30e82d80150
1700 b30480f004b8e46f
1701 7d5c783c3b126642
1702 f07371bce6a29f49
1703 601d49c7fedbce34
1704 75deab51c3099373
1705 115b7b4a6ea1b7c6
1706 c14b5f70c926c86d
1707 6cd39ecc3a912968
1708 c969394d461bc867
1709 d8276c146bf0ee5a
1710 c4bd7f4780f39e91
1711 21ad1a868dec2d3c
1712 450783be185445bb
1713 f03f3ecd7eb53d4e
1714 40aec12830ace995
1715 5d339b1ad2662530
1716 cc432f101646f547
1717 37c1ff8d2f1c513a
1718 70a1c5d6afa09671
1719 42abebe47d3fba1c
1720 c835711ddf61824b
1721 a210a0c2e943b19e
1722 39902f8e62998ce5
1723 99adc526cf6ad9b8
1724 4904e986711bfa37
1725 d6f1ffaf3b6e7c1e
1726 a43247a08b870ab9
1727 3b5a9ef0ae7a50bc
1728 04f8924a062afae3
1729 9afa77f8866ba36e
1730 0530be148f6dbf2d
1731 248aaa4cc7f78d20
1732 47d2414b5fcb3aa7
1733 8c2d167dd248ad5e
1734 476f3340a8404720
1735 46d6f7f619c5139a
1736 34997ca695603710
1737 32d623c1ee8c873f
1738 d0f4c5e39e1380f5
1739 6338158c736880f8
1740 928eb309c7ad355f
1741 6d3c4080fd2bf5b2
1742 2134bcff5368c5ee
1743 92f895a10e5bf684
1744 ede979dafacfe353
1745 a56d8d51674ce217
1746 101bcac72ca3f113
1747 231cfeb1c0c3dc7c
1748 782eccf21ab0da59
1749 b5ba9c3ce2ddba2c
1750 6535edf865ef9ff7
1751 6e029c94e567a1c9
1752 726146aad37f6234
1753 46964640640a8001
1754 0cc8a2aefc893b53
1755 a7475874c6b08a23
1756 862eef391167c3ae
1757 b4a9d185701dad61
1758 864052c482a96956
1759 e539f25908fee70d
1760 dd7fb9a588b5d7c1
1761 e56a5cd71edb1c1f
1762 bf165112d376e950
1763 7a4270a4e795b94a
1764 3af552860a324dcf
1765 57f1dee48220bc00
1766 758aa99784fc9b2d
1767 481e88962528459f
1768 2efeb9270c2881ca
1769 7587c7db8e794ca3
1770 83c24e11c6ee6dcb
1771 5438e7177e439657
1772 46d9c5fe2b0b203a
1773 1633c9fa19b44cd9
1774 9441bbe3f2c409fa
1775 09e9c16ff5a299d5
1776 17c5837e55e345c0
1777 bce8f17470749599
1778 f6e3a9280a4b8d64
1779 f398d43ad957b3b8
1780 fe709d34b3d3b554
1781 0baa911795ab350a
1782 67dc94fbce9a5ee1
1783 9d81e0bef5da8656
1784 595d18493117de4e
1785 4a7b51a18b55ec82
1786 c52b18df92890ece
1787 d05708b823936d7f
1788 66b77b15e94d9c9d
1789 9bbb585f2de0a26f
1790 0bfcee7df8af1f4c
1791 b6fcaee2adb56d5c
1792 36b03be6f37af3f3
1793 3a17980b496c9e9e
1794 0bb3d9e2abbcbde0
1795 9a4081c1e7ba08f8
1796 b9ab89ef2e347f3b
1797 b2c83a948b2af102
1798 5df6dd7c28498141
1799 e9c2413601f1cf5d
1800 d244faad7c466b72
1801 cd45dcae5d5b35c4
1802 dec1afaf9465c804
1803 b8864f4fca1424d7
1804 5123a7a660b0dcdb
1805 a4d5ad6c99a0247f
1806 c6d569d8dfe47671
1807 4e92f012fb8c41ef
1808 8d45750ddac47191
1809 1351bfc868baa338
1810 3200dd304c7e65c2
1811 fa8029bb2cae4cd4
1812 d934d4e006a09e4d
1813 b26d86b024903d25
1814 5c7e3c73a0e2b99f
1815 ad13141b2d8b8908
1816 e17983132072891c
1817 3dcc7f32bcab7efa
1818 cfe531803d24b57c
1819 927a03e2f8a7ccb6
1820 65fef9e2143860c7
1821 0562727d6a8a64c5
1822 7e98fd9035c298b3
1823 f1d24e16023f9680
1824 2b21ae398d324fd2
1825 3d91829c00bf366a
1826 0c6e8dd269ad90b7
1827 e846767dccd73566
1828 bb4ac45ee2eefdb0
1829 832fb3023e281ddc
1830 4f210634bb0f2883
1831 e02f97d744674a31
1832 50c5921e72a1406b
1833 d23d0756d75ae13c
1834 dd87048e7014e329
1835 04e22cba2202a099
1836 7e8d7c330964d7a0
1837 b67c42a0cfb86737
1838 83d1c0a226c87fd5
1839 4d07324581851e28
1840 092ca0d4140015ab
1841 02436f417e624a34
1842 6bc6a48468d0a3bb
1843 b971c0534cef8a2e
1844 a77bf1b962109e7d
1845 1e237507f4ce9b7d
1846 8a70450782f04b65
1847 bcdd13c6c65943c0
1848 ecfbbb06fe411a10
1849 f403d05c25733ec0
1850 741f441b458eed2f
1851 13b4a03ff79cfd00
1852 d671d42babb24995
1853 0f012fefbe57bca8
1854 59d3115472b56b0d
1855 cc4fba12f5564267
1856 07ef9ee333c59935
1857 eb48b1adf1655138
1858 99233613f34703e2
1859 e344d79d03eb9c94
1860 8f2ed254bf82411d
1861 beb5d49b03524be1
1862 eee133deea8a77b0
1863 7fc412f8b0e9c536
1864 5b4e2c2de454d291
1865 ff484668ddeca5d5
1866 415bd389dc8b3fd7
1867 8b0d509eadc537f5
1868 517c6afe42981ed1
1869 72add879cafaf8c0
1870 c6cbc483dbdac76e
1871 04348f290c2d8e13
1872 fcdf3a22795ad92c
1873 c89d8fc6013c05f8
1874 e47a63f03bf26e81
1875 440be9b238643bad
1876 d85c6c7f54ac7335
1877 2589c12f2126dda2
1878 f24d2318479c3466
1879 806b4e7b4854e157
1880 24b646a10958d8a6
1881 0082206c0e4f916e
1882 7360d804ecd5e666
1883 21763cf1f6c460bb
1884 f435d61bf494ea2c
1885 682c69f510092d30
1886 b1dd9df4bb60c859
1887 1095eb40e04f8388
1888 1b75ded85aa03738
1889 9d1d6b3617c2886d
1890 8d52d60e55c3355b
1891 5ffc482455ec3c5c
1892 c015f01cb6ada93f
1893 d0f80925fafa81e3
1894 2dd916929d22e5e1
1895 72bd098971a978bb
1896 bd714b31c960dc8c
1897 71db6d6aeef48b76
1898 fb1f5d0407215846
1899 95ee17e3d776e636
1900 d2275b71b501cd73
1901 fcd5cdeacad3691f
1902 20c6461d26698a12
1903 9331264268191e6f
1904 f77b8bb514b0630d
1905 d02716a6659e2d06
1906 78be65cb62400c79
1907 0486e99b0feae448
1908 6435d307b31fb516
1909 c72c58dfd2389060
1910 f78ff4d637ad035b
1911 2e42a9104c892b72
1912 597da256e21765b1
1913 f7448caac3c14d18
1914 aa42a6d2833d620f
1915 468ae19c8170dae6
1916 f438ac11769e5465
1917 66aa199ad4f51278
1918 208225f04b11ed6f
1919 e74de5875e9355c6
1920 16dcd8b082220994
1921 a9074fba1c93a4dd
1922 00bb556d2c032c2a
1923 143f77078efbab0b
1924 1c78bb99e8f5bc60
1925 0155969b3cab72d1
1926 67e8059ae5ddfd0e
1927 0b877713f11c0ecf
1928 f689f33fc1a1bf44
1929 12ba0321707542a5
1930 7bfdb01edcabb292
1931 2b9957530dd705f3
1932 9bafc4547dbbf788
1933 79affed4b0f46159
1934 aa16190ba18fa6d6
1935 d1df38d66ec1f1f7
1936 c023295464fcf58c
1937 4ee0433481169e6d
1938 9a84a1d7b399df7a
1939 04a2b85e9cc5769b
1940 491c5892cc3640b0
1941 de4d5e45dd0a0a21
1942 d035b4888718dfde
1943 cd6645b58b4d15df
1944 0a8b8e1a7db11994
1945 3e85e63d0101e0f5
1946 9fca44ab4365b122
1947 e8eaf225a7919143
1948 ca69de44d071c298
1949 fd260dc73c40ab15
1950 f161d25fdc3f00c2
1951 99b62593aea5e863
1952 e8aae7e03e6b6c60
1953 1364917b22a9e2d1
1954 6136bd80c15d2d0e
1955 df03f5dabb0bfecf
1956 4cd0853c86fba33c
1957 4a71ea39cc7154dd
1958 a946c0498e685c2a
1959 410f3d283af19b0b
1960 f3dfa973b7496788
1961 1110db9b6296d159
1962 447b39121af7d6d6
1963 991516d09c71e1f7
1964 0787163cc8106f44
1965 c898bde0fe85f2a5
1966 4fe700b034292292
1967 d7a02bfd388fb5f3
1968 bf5f953b158d30b0
1969 906bc0e1f044ba21
1970 e9cc43f9c5470fde
1971 8f7a5f42f86705df
1972 c6bac4d577dd658c
1973 a8fc578385d44e6d
1974 4bdd1733a44bcf7a
1975 c01811b2fdb6e69b
1976 8a126f90b380b5d8
1977 cd5f788fd41e2fa9
1978 c950387edf36b766
1979 f1b6602ae4964847
1980 a0f934aab1b6c3d4
1981 74d647e5f16e2049
1982 be2806dfbbc68c06
1983 fa485193cfbcb767
1984 4de55caf298be37c
1985 7f6a33103d4cba1d
1986 7b0cf70967bb0c6a
1987 78b211caa961614b
1988 fd60eaf7e0f53ba0
1989 f7e98d8b5532bf11
1990 14e2d89f993a374e
1991 014ca5f7a4716d0f
1992 1a7a7ee79fbcfa84
1993 92c3f4c51de788e5
1994 4f6035415e9268d2
1995 eacbb09901542433
1996 673bef78ea843ec8
1997 f1f9d05052fca199
1998 58908bebba106516
1999 e6ed1f1031c90837
2000 73f79988108304cc
2001 9090b89058a777ad
2002 627604bd1f1372ba
2003 b3a579738602d6db
2004 ee18b0de3a8e29f0
2005 71b5922eeef2af61
2006 4a6f6b0dcbdc491e
2007 ec7b19fbd385ff1f
2008 19b9e4a5b591d3d4
2009 e2ebe0bfaed90035
2010 6333ec06fcc54362
2011 189fbca253aaf283
2012 cb1a45e1aba785d8
2013 28c959fd6c652855
2014 a046b796a459af02
2015 eb9aba6bbb99a6a3
2016 7ae846afbed16ba0
2017 e072e4df75f4af11
2018 a66148e1b1a1674e
2019 b316132dc01a9d0f
2020 173d9fe8f431d37c
2021 509d1691ec512a1d
2022 1448109c9bf27c6a
2023 bb2cc9a8e31f914b
2024 8699c3888714eec8
2025 27a44b4427175199
2026 fa39ad89aa6e1516
2027 f7285c3f232cf837
2028 c6adde071ee1aa84
2029 7c71fdf0d465b8e5
2030 2e0cb91539f298d2
2031 d0ea61f64ce95433
2032 91f7955c92f299f0
2033 0f3a9e6b500c5f61
2034 976339c5b454391e
2035 4567dd0c7dc3ef1f
2036 f05b738fffedb4cc
2037 6114e3d9c91be7ad
2038 a2cff5a93617a2ba
2039 78532882be75c6db
2040 52841bdb7245c618
2041 06fa41deffe67fe9
2042 b062e2a7bfb0f9a6
2043 20d9f6d723fe6687
2044 a0e3736a67b35514
2045 e3f69d557947b089
2046 f710a8ef209b9f46
2047 7e7d225886926aa7
2048 703f950528fb7a47
2049 b7accb7c8b58e025
2050 97e437e0bcf8256c
2051 30c2e4042a207a86
2052 dc20367b08c0db30
2053 80201a9a0d46e128
2054 8e116375bc2303e9
2055 2f627b37e4af1e09
2056 fc87d80c592f9515
2057 fba9775e3e01c21f
2058 9a49af53e8a90c1e
2059 9ea7d6103047dfb8
2060 0d86e7174a8a9b7e
2061 b77dcb767f78c0da
2062 97190d69d5c5590b
2063 441fe78c057a27ab
2064 0300b2f0c4211d8b
2065 1bf9658379298e42
2066 048221657e636c08
2067 58b99233e6103fa3
2068 399c4f27a22385d3
2069 7b2a0b9585d719be
2070 29bfa7d249563ad4
2071 6f4b8815e488c558
2072 2ec70e013cb09939
2073 0283d80dd4515240
2074 147025a9572d951c
2075 f2c904d897f138b9
2076 c279eab9b767fe3f
2077 5e44ed2a1ecfe5c5
2078 83036b0e52032641
2079 9442106eaba60261
2080 69dafa78edc6aecb
2081 8fd8a2e1bd06cf8b
2082 f353d0f25498173a
2083 85791272d2e3714d
2084 40bae9d8a75d56c0
2085 5313688a716ed0df
2086 6c47089018e9558e
2087 44e808347b959215
2088 7d5d6e4d10832b36
2089 c871195a1e21321b
2090 8a2405ed87c97bd2
2091 d4f3e35687286d75
2092 059d0c83ba4c7c47
2093 343d7813445a59f7
2094 28777c5ba2d25bc2
2095 b12f2ec53ef22232
2096 142f2ec53ef22232
2097 a61b9111ad0f8c6a
2098 28096f5667d922d6
2099 8a924e73a9e1c20c
2100 f7a8322c1ff1033d
2101 5bb240808c877017
2102 de6bc2e363fbbb92
2103 0193e4a9bc05ca13
2104 1830bbd8ac055665
2105 82c5e03579b3143a
2106 613f653b4ef206b6
2107 a67f9c370e84f2b0
2108 f00c583ffab3dd87
2109 c31dc48b2b4de862
2110 f9add478e6db4238
2111 66a76dba77a4484d
2112 e2b3fd17ceba35af
2113 0b26deaa3a66003d
2114 61c435712fe91dc5
2115 4b1026dad5eba58e
2116 10640f4b707358c8
2117 cba073691a881e44
2118 dbb2674e155e03aa
2119 b4ec08e1f1e78344
2120 bf3312dce8de138c
2121 d8cb6c151f736eb2
2122 4008ca36045a1fcc
2123 490f203cebfbf9b7
2124 d6b04abcd9d4a793
2125 5b0647ae8732a8a5
2126 8509710d6fd43853
2127 8c58657e5667621b
2128 33a4d0b9ed0e8559
2129 2b83cbe6c2d994db
2130 09cc8a9f0f15841b
2131 daff49a59788e2ad
2132 bfafa86cbe211145
2133 ac1ede96195f0626
2134 4ec2e569c6feb368
2135 516a4131439c4d9c
2136 87a7a744cac7e193
2137 eb4aaad1c034976d
2138 e10e4dc46ece1095
2139 3341311d5e0a102c
2140 e633cf883cdbaec2
2141 c9356a0ec5856ab2
2142 440ab74bb8f4ff28
2143 55103972644b1669
2144 8fa54901c204b459
2145 a6ebfe587f1104a5
2146 a8c72344d859a24b
2147 ddf26f5dd5c4632b
2148 ffceb49696334c50
2149 28fd8fd8196e03c5
2150 f495facec1233ae7
2151 ae9eaf25e36ff3e2
2152 58d1a98f071c7a52
2153 d4692d50ad7845ad
2154 ef7dc09d0eac49c0
2155 44a6fe44485e7097
2156 74b0da0e52d32042
2157 ebbbb06b33439817
2158 2a87903e3b88c85f
2159 4552245a99c89739
2160 a95ba9724838bcaa
2161 d474f72ba6458e01
2162 7839d62a2653c96d
2163 8946c10d5e236a18
2164 d2352bbec3f04ebe
2165 4fc9a85e9829dc3e
2166 aaf35c75e053b464
2167 df5e3136b9124cb4
2168 761023737157ca80
2169 487c7ed74f54eb2a
2170 d2f31ba5eaa9e73d
2171 f34ced57980f7796
2172 b0daa162d990ac0b
2173 6b51ce55c93065e3
2174 b717cb03ee3c4901
2175 336b3c26d90a648e
2176 3d5aa6dd0e74f39f
2177 f8ef46f67185c691
2178 2be020498706014d
2179 565331956921d3e0
2180 ff2a77cd0ecf6537
2181 fc15a2851fb608b5
2182 639f5eac5cec4613
2183 d0a753ba8df7d239
2184 e5104cd346b4b22f
2185 0689a393d7f4b74b
2186 373a4a48b6291705
2187 6b53ccf6f8507f63
2188 cfbcb3d58fdae964
2189 b751c30981c001ad
2190 4520cd51793e166e
2191 a3186b2fee157a75
2192 2d487a5d536b5491
2193 f0527efefb4f5ea6
2194 c696e0bae2cf2fc6
2195 8abe08be678bfbee
2196 57fcca9f5b21c8f5
2197 b52d310a25189a20
2198 abb8dee8b46bc7ff
2199 42b52af0ef5af640
2200 d84628f3faad3624
2201 3c4f4eed478b1ca1
2202 47482329a02f65d6
2203 077d167db6ef3ad8
2204 710f6e60c1d07825
2205 dd19d3bf3b1a3678
2206 aa5d59c60e1ac050
2207 f9c9cfe5db7b6dbc
2208 782faf58011c7a59
2209 2c3c7f390db59b62
2210 a3d1e94bfff7cb6d
2211 86dd1ee4d2e0dcc4
2212 01f3adb643ffa707
2213 df6f2cdc00d13bf7
2214 daee23412d7aeaa9
2215 293d633c88e23f3a
2216 2830ad62acdbb0c7
2217 00fd9bf2d9270df5
2218 1fb0bac6de7ca3ac
2219 10e53ffee845824f
2220 6392bd99873087a4
2221 e509fc47d0e75f0c
2222 ad4560d1e34cd9a9
2223 2ad930807d16551d
2224 d992c40c7c0c2254
2225 a5b25bfbde67eaa2
2226 427bd137f0203024
2227 8ea837b4928e6c48
2228 d6b2069ca19ec73d
2229 ecad828f86a4e547
2230 58007b6e66af4980
2231 1bcd1d9265a83a5f
2232 cd90230aa6917d25
2233 76577356be99c4d0
2234 ec7f7577a3279203
2235 1a879ed515af56e6
2236 0ea04d53fbfb4781
2237 016d4043aa7942e0
2238 7d5ba49ebd20afbb
2239 cfb76e35256b8dd6
2240 d5571143843e25d1
2241 7c15e8e8ab3807cc
2242 2e7c61b728203467
2243 4ee631b4b3937f71
2244 094dc68d9bd8a3b9
2245 4093b7770b62e8ce
2246 8f5fde3019ac4454
2247 f77d41835c36eae3
2248 d049c9eb53e9fb96
2249 a3c55e6efd6359e9
2250 3fefa1f5dde96550
2251 26d00d4d3418215f
2252 0afbe73af56d081a
2253 8865034b913ef7cd
2254 eab1c3389350e06c
2255 b4633aa15cb3023b
2256 25c3ed0f81385a2e
2257 a8cae443a8d2dbd1
2258 b874286088d5e2b0
2259 59181a348d9111eb
2260 7b187bd72f508846
2261 db2c5e769c1e8c71
2262 6da772e9b52785a0
2263 c479325e88c92aff
2264 dda152bd6e39188a
2265 e3373293b2c5b68d
2266 d8714a4838d0eaf4
2267 9660f0fedc237273
2268 fe839e66a94c19de
2269 2f122f15d213b02d
2270 4e289514e25fc03c
2271 f44630b6eed7cecb
2272 a124e86430f4debe
2273 657279ef850f1219
2274 5b5e67f016b185c0
2275 cdba397a0fcdc12f
2276 47c9133d3b893ddc
2277 93f7247e3c7d7f9b
2278 a6ddd8f3a56bcf62
2279 3dd1781eb96c333d
2280 118ce40e0b9e1d78
2281 f7ece60e771cab57
2282 40e79acab65ec11e
2283 b3eec77ee20c2959
2284 a94fdde803a827ec
2285 3100ea088a008c1b
2286 da6a36a03cef2fca
2287 a7e62976f8ece885
2288 370de22ef3168bb8
2289 d4810aad5a15b61f
2290 ae94a4bae912d336
2291 3de1e62155c38681
2292 e6c5df1e54d16e1c
2293 d5f50c8a8552de14
2294 4f0e8a9698fbf672
2295 5601224e2f668275
2296 a5d824a7217fd258
2297 8f3be6c1cc9edc17
2298 c7de7210ee54095e
2299 fa12ce8e3c4637e1
2300 d232e8ba4ae392b4
2301 5aafa82103b60fbf
2302 baecc5d50e011b36
2303 41b054e1e2d657f1
2304 8e28a2d0a753dc0c
2305 c57761bcaa87d0fb
2306 0bfbda5151cbe802
2307 c160e85a716ba13d
2308 1b6d77a492837f28
2309 0bef9343d31604b7
2310 09f333efd1b15d26
2311 b094e3b9adce9541
2312 2e4f598eecf926b4
2313 60042db0f39b084b
2314 b521eecfc597adc2
2315 9350644f35d426b5
2316 27a7b08ed0913e79
2317 675ca293cf3ca494
2318 193a6e800aa2c99a
2319 a48fb5e763879642
2320 368c6654afc99638
2321 37a9bf0656407d1e
2322 0f43db67976f57a3
2323 6109580ea7891ed1
2324 b7f0e6425165f913
2325 9c82c852822ad7e4
2326 0a2b259c862f4625
2327 ea23f32e9d41b3ae
2328 2d80827b49d7665b
2329 47bfbc08b1c72a86
2330 9637cc3516d09881
2331 28bcbe6c945786c0
2332 14715c4620b89517
2333 4b19b3f3819b6dba
2334 8ffda1a583edecec
2335 e6c3b003633d176d
2336 ed7b1f596e5a13f2
2337 4d3b741c20c0c781
2338 38b029bd3acc1414
2339 70ca2d485c460d15
2340 93d2b55e92f4fe66
2341 e45445e7165cad45
2342 d389152be2e6122b
2343 ba998b19946638de
2344 e771699c74f798be
2345 e0ae343e25bb4bf7
2346 a5fd3272d99264bf
2347 6797f36c2242cff4
2348 7e67d6edcd0e6a26
2349 88e9675465d528ab
2350 61dcc40ea44b3c05
2351 f0c9bae585220728
2352 58325e0d9c8e2c01
2353 1636e912488b2a80
2354 44f7091e9e69a530
2355 831245f316b12ed6
2356 224890562a860a60
2357 6d340884e17cc478
2358 ffe254dc0f3504f3
2359 4e6b7d42029da332
2360 6c6b567d36d65e66
2361 826d44ef5a174d82
2362 5e6088e7de707208
2363 74c7339563e99e76
2364 0956b42b078bc294
2365 4b295b9da433e654
2366 aa7f7bf8b4b48e25
2367 d25045b0fce22c0e
2368 fafc591e96223174
2369 b365b08d984c6754
2370 7623367069c736e9
2371 d0232e0c499dd131
2372 7ac7cb43e98fca59
2373 b465a48dd7de3005
2374 a5f294e5386fb2cc
2375 0c604fafea0a41ce
2376 3a27e6e7e4d5ff9f
2377 77dd9fea912140dc
2378 97b0c0675d19ed4d
2379 3e17153b2237713a
2380 db6e279bc2788f37
2381 bf4a41ab6208075b
2382 35799441f134fefd
2383 6c6cb7d04b2936f6
2384 8640767c66f4d5fe
2385 898623e144feaf8d
2386 dd5fb49105b12cb4
2387 f3d6546bc23cce74
2388 cd6d10cce46f0ff6
2389 45147bc417b360e5
2390 74157341d2e00073
2391 3c9858301a849997
2392 110ffbc0ccbe5ed6
2393 adfa955892537ca1
2394 b9848580788a75ea
2395 3d494d0fc86a06d9
2396 e9d2ce9d914f8049
2397 879d6eb2c8c4166a
2398 d28b13abdba3c419
2399 081a4d1e6cc86440
2400 65955373a94a3fe2
2401 a6a92434e363319d
2402 2443cec38ea84ff3
2403 92c5bd1d5a6ea9fa
2404 8d3a01d46a1f6666
2405 fa07cc8d3f42953a
2406 d543d500c2aa9ad4
2407 852e3aa4112aeb4c
2408 e0ca2578c23f29e6
2409 407480160018f41a
2410 f185a58265c165a4
2411 f34c76b1b934ce5b
2412 7f2dedb046da8760
2413 31cf879ca0567234
2414 b5afb05905d733da
2415 fd4a61bd2020c5c9
2416 91eb6e9bf89dba69
2417 6b0e7a26d57e0f89
2418 44dbcb1ec36bd472
2419 05eb6f013f8b2925
2420 0eb172a34c90ad10
2421 5f6374c828ff5686
2422 1cdba2949dd93e62
2423 3571498eb28f18c0
2424 af6852839e192e0b
2425 f79c41fadcaed99e
2426 3bc83a3230f555c0
2427 95be958f49f5afca
2428 cb27e4ef7fc27f70
2429 bf9449c8bf85fad5
2430 7a38019d1c1678e2
2431 7761c93737a538d6
2432 514ff6282cbe5754
2433 a6aa3eed9225c073
2434 a6b3e90b5bfee68c
2435 b21b4e15d73ed514
2436 029ca76690621e21
2437 c3043e6ccc0b61a6
2438 b47ca6b8962dbec8
2439 e034ebb8ca9db9f0
2440 69c6c12a7933e377
2441 9e3404916251d48b
2442 e8c501df8dad9ccb
2443 32e646dc1a086e2f
2444 b874be46af1a76f3
2445 41d7ace8058e65a3
2446 5cfaa904e5760921
2447 efa6ae11eab2edb7
2448 2379f2d5d0679df3
2449 207000cfe03faec7
2450 8e5339ee9a118734
2451 42e78509231980d9
2452 64e74f2837b0104e
2453 a919a1943c9d61b0
2454 5178539079bb4d75
2455 b48870a807850c66
2456 b5b03001dc42846d
2457 cf383392ecf5c757
2458 635983a0360c0de7
2459 94befbbf8c615f9a
2460 15230c6c196358fb
2461 0b0ccfe29625e50a
2462 f9adee8f6942ba4a
2463 a1f00adbcd8d722e
2464 282ab1a4b3141d25
2465 4f69cde549ff4b9f
2466 91a2221a287a145d
2467 64752d896868be23
2468 a7370495da2c9535
2469 e0452b5af7ff092c
2470 3dc29a7d833b6ce2
2471 c6aad5cdbd30736e
2472 6296b3e808a70c30
2473 2c8903c2b139e503
2474 4714afd01a97a029
2475 73b57e1866cf4867
2476 9fe5227ea3d13800
2477 74294db01da52633
2478 345ff374522dae73
2479 650fd07e2d10db02
2480 629ca5df503e825b
2481 26bac1242fdd03ad
2482 d698a5feef5ccba5
2483 96edf65aeabc1f79
2484 7de788ea44deb9d0
2485 296e5b407cdc584b
2486 d5ee5240375041f7
2487 ec84fc46466ec4ed
2488 c2071e89a3d182ea
2489 cf155d6264b550f4
2490 40a00169ccae2706
2491 1ba42973e0a2de99
2492 c31f7286d899afb4
2493 b9dc4877eb8e48f9
2494 f3e594ec9fdf2d1c
2495 1fb16581f25b4876
2496 af455e457b03bc63
2497 d96add598cdfa3d7
2498 fe103b84b9ff63ba
2499 fbd539b7c9c20204
2500 7d56c8562ba17b89
2501 ff3db5c66b1eb8a8
2502 11cffe9322bbe4e5
2503 92866498681f90be
2504 925c0eb67ad57e88
2505 f567c9e1e512c253
2506 d3c2fcb9c251bc13
2507 d59de65cfcef1834
2508 3e01fc3e71467c3d
2509 1446e25d0350b288
2510 870b7e464ccaf5fc
2511 e7eaf31be5dcba22
2512 dd1f56825d9517c1
2513 769427596cdac967
2514 1158b8e3055bd1b7
2515 03cdf0a3ed8fea82
2516 1eacf22bbaec4439
2517 0e53ff64d816728a
2518 fb2cf5656d64dc0b
2519 2c30b0120a598e43
2520 fe6b08d5778125ac
2521 bb31dfd4589b4fa7
2522 238d3c3b39d2079c
2523 0f7e5eb81a474eb5
2524 943a1b3c975d1251
2525 5a019c8180f8a518
2526 c3f2dea4aea1e64c
2527 871c75cea92093fd
2528 e8ec6105c3955116
2529 163e88018059632a
2530 1a32943f5a34564f
2531 b5e9f060ad3ae18c
2532 cb3c074d6df53852
2533 07b6ec8e04769e1a
2534 688985e75c46bae5
2535 4b5650d7e87f16aa
2536 49e359739cbbe2ba
2537 d7f815e562c7e85e
2538 21cceb77b1e98dfe
2539 974b08c10cab079c
2540 da492ee4e14115c6
2541 0abf1bc81ffaa38e
2542 a8b977b0d5762cc8
2543 d49d98ca23300df2
2544 5bc7ad20694d8118
2545 47ebb4cd4d3daad4
2546 c8578faab0937d5b
2547 ddc171d284186a7d
2548 da9401cadc6b3ea6
2549 8212293c065d4d1a
2550 be4db3b47db3a8e1
2551 4f4ac157f584481a
2552 22ed6242fe2dec7c
2553 5d3f72cb818412b0
2554 324dab1a6fa5b06e
2555 d66a6c58f494b02e
2556 f8d72e1c63113068
2557 a5d5d9b55c55177a
2558 45081b7398b0201a
2559 5e39565f1e4cbfe0
2560 fbb2087895616cb8
2561 f25a9aa37cab4361
2562 fbb0da357017d9b9
2563 8b05d16af2ddb461
2564 bb01d4b37162382e
2565 55f56da8a0602e92
2566 e8061894f6e90feb
2567 9403a0225d6729b9
2568 419df2cca2af50d7
2569 c77f7fe1f51fb2eb
2570 8a6ba9c0d979b557
2571 602d1728faf98d49
2572 b4285a5bc744c7c6
2573 61f99e1f37e26421
2574 ce0a1418f6620960
2575 61e68a1e786811a5
2576 e7d85522b4c8609f
2577 28e55b2e61cab43b
2578 52c930b7df4e5d21
2579 5e0fcc9087cd1a60
2580 2dbce117a093d637
2581 0df7ad5e1a367207
2582 8fc959019cf43257
2583 419652087d3fb25e
2584 6e1577f385774862
2585 d62532948acf5057
2586 5dd81891e5e05d20
2587 9ec26a91512d0842
2588 a4a212b09b04324a
2589 4e72ed6ef54894e7
2590 075f4a3c8c65d498
2591 6092671079dce5ff
2592 9a839175e02ec9e5
2593 e848bdd9ea5a0752
2594 21e8dec20bce476e
2595 b1b51a36a8114251
2596 3bf7e0e5b478a569
2597 57d2bc44f3b10209
2598 708eeffdacf1bcbf
2599 c5581f3d2ae46e0c
2600 a577ea889f1cc949
2601 403a8eacf88eafed
2602 0a8a5a3b5ebff1e4
2603 f4edb013a49d7ec1
2604 6dd5edcf691a819c
2605 b4a7dfc1e7fe8286
2606 f14c1d0b7571a14b
2607 03d65fbce18377fd
2608 795dc36953f61b8a
2609 2baef4b1ff0ca812
2610 52b35847bf28d034
2611 d2a4482d7bce3a72
2612 afaff4522c104e72
2613 f530aa4780f36ba6
2614 ab5a0760a5a16215
2615 1fe2e68fb529067a
2616 e562ad3f08198f90
2617 a2a488658b861aea
2618 4419483c1775eb15
2619 51f96de3ece26bf7
2620 278a7fd7b6655491
2621 780ad740015b0d3c
2622 38322fd35fd1791e
2623 89a0d448dbb1197f
2624 1e0c61b6f344d592
2625 c511a4a796cfb846
2626 0fd6b4060509ca06
2627 9f023c1da480726b
2628 37010cea8e6c882a
2629 faef6af816967533
2630 a3feeef1c35dab96
2631 ffef091ebdde2fb8
2632 6648dec8f3dd8fd8
2633 e1d188d505fa9153
2634 e90befb85f9f8812
2635 f66e8b148a3a368f
2636 ce8779dde4635ebd
2637 2b34eccc6768a92b
2638 37efec2568976428
2639 1c9f34d95d9f662f
2640 e7d08e094e5b4d8a
2641 9cf1da1488d84a12
2642 126352ba9c8657a9
2643 71f74226da91cd42
2644 bbe8a5cb09b70ee0
2645 e70eada8b2fcabab
2646 b5cf749866da016f
2647 9fd850ea0c040d4d
2648 4a30ed94af424393
2649 231d40fbfc4a81bb
2650 a95104c433e3451f
2651 8774f0f714e415c1
2652 b246b112becef0b1
2653 532e9990fdef32b3
2654 0676b60c24473aff
2655 a174702488fed035
2656 8b8753e8063c84a7
2657 6e62bb4c1adf48b9
2658 d5cec2978661ec53
2659 ec6d54bf9cf5fe23
2660 92e1f2788bef25cc
2661 331e3ee9f31d998f
2662 9a673960890a9cb8
2663 c62b50aa5e7d7186
2664 99785d90360c2b54
2665 f41ea844458129b9
2666 84c3779f4a3bea78
2667 bcb4b3db2f8e5382
2668 57c520b997c22103
2669 9e9554b3f59875b4
2670 e458209159cc380c
2671 c0588d9c55eae1c8
2672 96f620c829acbb20
2673 f28e4209741c4333
2674 e85493ddcf11115d
2675 7fddb9a8e7a023d5
2676 30f3cabbc290a910
2677 90352c5cecd1fe18
2678 6e1034cf32537a1f
2679 70d61ce7bed3a424
2680 b68cd4ec0d49be92
2681 98f9694faa08dd44
2682 16c31b56c02dfd72
2683 c8059d8b3168251a
2684 806aba4ef20d05c1
2685 1824e06076ffc6a6
2686 b34a910d34424018
2687 d8871fc788f3b49b
2688 abf873415307816c
2689 eaf9d027c8442fc5
2690 2fd3caf0a4fdd36a
2691 ef7e32db4cd76402
2692 2e541399535a546b
2693 a97f80f608dacf5c
2694 d41492b451706f42
2695 dfc5738d378f29ff
2696 70ff62f8a3d6f8b0
2697 9cc85a88dd0d799f
2698 5713caf2dbe77ce4
2699 bdf2f545ca2d6aff
2700 d0b5de77e99c5058
2701 2162208603a839a3
2702 8159acfb5711e00c
2703 b4d0e89b17c8b6d0
2704 a05ccecf153a1cf4
2705 c7bc81cc1e5dea7b
2706 71b8cd1968d7aedc
2707 404a83af8f5c07eb
2708 24aa516ef853054b
2709 e0fbbbcc9551c1dd
2710 fa51f15a9200f43d
2711 e54a88fe0a10828f
2712 16c8516362d1de1e
2713 83eb31e9b5752130
2714 d3ee25f56345385a
2715 06ee336abc617bea
2716 80ad16e1a2d9a8d2
2717 640c924ff0856d3d
2718 7a83c76958d7b04a
2719 a32188c9bfe0b8e4
2720 5d095bc4803f8d92
2721 b3f4b1c444364af9
2722 8c026373e657ced4
2723 794eee83af82acae
2724 2cf7a388f7ce4bed
2725 87da547c8b6ba485
2726 12cd61654cbf6cf2
2727 636e1fe75428b09f
2728 851e1c1029e77319
2729 b46e0529f9ec6afb
2730 23a5e03292a5ce4b
2731 885ccc4f46c840a1
2732 e26261eec395a6e8
2733 9ba7fe167a3afc89
2734 b0fd43452d26aefb
2735 4795f3f6bae64e7a
2736 0c81219bd5a41b94
2737 c00fcc102f894938
2738 7b6be67a3a17fef9
2739 75698f58b3fb5f72
2740 718796d0388c048d
2741 46d44d31e36f990b
2742 a647fea0bd0f7ee5
2743 6e50031f2acaccf6
2744 63e1994d0a12aa2b
2745 2e4cf666d23188d7
2746 d291ac3b0e501d48
2747 7f2b6263a0a75706
2748 7cd0274abccd50e7
2749 500a4edaf030905a
2750 62fe5951c6890e5b
2751 143b4f80a77f5b24
2752 9efea66a318d45ea
2753 bd37a4ed11aad319
2754 28901fd11a024054
2755 142173613d88f9e1
2756 77eb4148ba904487
2757 beb81c42b52d07c4
2758 720b402f35f86521
2759 36e5c532280ea745
2760 b970c5814ca6dc00
2761 b61669f7de6d35ea
2762 a1d1cc54efc06ded
2763 3075385de757b679
2764 ff22c0a4a982fbe0
2765 413d6345e8beb7df
2766 baa0b7c86c9e01a2
2767 503c8760e65cdf1d
2768 55aaad085c4f9db8
2769 63ea256fe5238f97
2770 e99d9f4f6df0fdb0
2771 a120e24e6cedc98a
2772 1484334eebe2254f
2773 abeefcf9fe42e022
2774 1ef0caa4d179979d
2775 4e28cdf006beebf2
2776 2e26240803a8e941
2777 8f9bb418dc22b828
2778 03b9d2da7a0a4652
2779 dd083bacdea55513
2780 c6fdb855f76accfe
2781 f5526620a49b12d0
2782 ec5c7c0ecd559ce8
2783 5bd115eb27455842
2784 5ab4ca4a0dd11b5e
2785 470a6ae2961529b6
2786 f131f5513bd4d20f
2787 3d52cd5672022d50
2788 5e43cf79c9778b02
2789 4911e4d9686aedc8
2790 5498ad8a962d952d
2791 c00288a5b3ace33c
2792 09016baf6eb7efb5
2793 ac79368c19652112
2794 a7dc15e1b70ac65c
2795 0b0aadeacf82c46a
2796 70f71961cf244988
2797 6293b6ed8a669ac8
2798 25813fd81d41ae5f
2799 572aa5c5a7cb8860
2800 4823119dbada07cf
2801 57b3e435c2eb3bd4
2802 94104938f2a44091
2803 87ccd0a4e4ceb513
2804 e9609412fe5e0fb5
2805 ee2716d8c58e2240
2806 a5224315564b77db
2807 06d45f987db5b20a
2808 3502aeb8d084ee3b
2809 0fa8cab657a86f92
2810 7ae23a8039b694ad
2811 f011f1009e5eddc9
2812 6f9c19902e55b43e
2813 277df9eeb0ff58aa
2814 bcc332d4dec7a613
2815 f6b393c3d6a5055d
2816 c4a60908b50aa186
2817 c6a2719c4d2929c4
2818 ded9ee92d67b433b
2819 a789571b02d8b149
2820 e8f1190e9bbc3395
2821 05e22a11273a217f
2822 535bd019c8db9d47
2823 6524474799910cfb
2824 64aeabdf81d82e30
2825 f768c01b7172a77c
2826 11ce29e67702ac79
2827 d7403317e500ec3e
2828 f684be27742dd1a9
2829 202884fd02407b7a
2830 cc2d9930001d88ec
2831 3ab54df3611ba7b3
2832 36613a8286a73e00
2833 302382826e9b33f1
2834 dc18ad1a3e93f119
2835 d56c6397f59e4334
2836 2537823526295730
2837 5c7710b7d4fbdbbd
2838 4f6efb0c8c8c37df
2839 45e5001253a263e8
2840 530d150930035653
2841 0dd423eebaba8281
2842 361030fc43345ea5
2843 e4fc166c575052e3
2844 53c22e4e9fa5e6b2
2845 b3ffd7df464edadf
2846 b2c85cd6172530dc
2847 939ff98ef41846ca
2848 fdd77d3e0b503305
2849 ae34eda5e58cd04e
2850 4400dd020a500a7f
2851 4a626a4fa2360d57
2852 1b6f49f990657480
2853 115ca29a151efa22
2854 4a400bd0c29401b1
2855 abca8a91934d27d1
2856 9b1c716d5a1df78d
2857 efbe687900b56bb1
2858 e766f939f0ff0edc
2859 fe65e65a31b5615a
2860 d93f7ca18c47e852
2861 f4c17b6653ddda86
2862 db4c1b4063158176
2863 62a07a771a620bf5
2864 83bc65ceb0e71fa2
2865 a1b164a21822ecd2
2866 92fe6bdd85531830
2867 99cad8a4886fc356
2868 cf383e3b1186beaa
2869 6913aaa39f631ef2
2870 191b5416f814a53b
2871 a44eb0de5978fab3
2872 21719c1d4b918a19
2873 f6c456e17b599147
2874 f3285d80fdcf5454
2875 5e223c94bdf071ae
2876 ca3c1329dc693b23
2877 cebbf384f8f1e61b
2878 7dfaf7cc95692da5
2879 6988202443116fde
2880 fa315703361d0500
2881 0abbd5891ec15dc0
2882 e4b2d5392282f50d
2883 e66148f7acc5c3b8
2884 283d8f5b7de86007
2885 87f0649eb48f10e1
2886 d825330fb0dfd2cd
2887 c92c813ff78b36b1
2888 5da4227ca2be728f
2889 219007c7a230f69f
2890 ade680fba84b99f8
2891 2951d8aa49536d4e
2892 c379600c8806fc6f
2893 4d291badda02677c
2894 b6a1fecd4efc4d2e
2895 26bb37370ed87057
2896 59cc82bb9b719588
2897 9bc4dce3509d69bc
2898 a72a6e61f05ab70b
2899 a35c03ebc53c127a
2900 c02296d29222a61b
2901 57fc66c438b1b150
2902 6f212ddce8bc3a71
2903 b13f9e513ac5ccdc
2904 801dad90ddef784f
2905 d97dc7bf2ce8e334
2906 6a71e1a31e7857ac
2907 5cf1ee5fc5949228
2908 c5b615da5c4e664b
2909 d6c48cdeddc3c13a
2910 6c4f005f02bbceda
2911 c4a83ef73fd41f44
2912 054b3a92dc0d0118
2913 02c23f3f3a0e62d8
2914 8a52723e8ea0e26d
2915 2d5d6398bc72efb5
2916 a93ca5446004691a
2917 8451c15be2520ee0
2918 1ce2b7986137fbc0
2919 5072cce41832708d
2920 dc014afce02e383b
2921 d8e50b61667f7879
2922 5e33155ea23fa5ed
2923 878cdac5fec63e8b
2924 95ca2701b99650fb
2925 8cbe8c95366c5fa6
2926 a64ce8f3a980637b
2927 8b3a5e47ddd591fa
2928 e55a9a6846569ac3
2929 63dc868ee6c1286d
2930 9ee48520b0d9b2d6
2931 078d647a933a6289
2932 bd8df166445fa842
2933 cb9cd35fb0889fa7
2934 dc1b581a69605943
2935 0b7f6d309a3d0720
2936 fadb3edd9e02533a
2937 fcb726bc13dad204
2938 63ff3741d6f1f86d
2939 0c19a5f9e4f6125a
2940 bcbe4c8032039cb1
2941 b2508ceb1e29a4de
2942 e3fba1f4795bccc0
2943 7f87efd330378ac9
2944 2e4edefde2315ac6
2945 df451df8245e6cee
2946 0330bbf6b5e71809
2947 61486015e5edf61f
2948 6f506d9dd676a1a1
2949 76ca31b760f2efd7
2950 eed9d22389c9d36e
2951 626c448d50b6c2e6
2952 de9b34d88796ff11
2953 f45b06b9e1789d2a
2954 ae77bc76270954e3
2955 af71ce22bd3ddd63
2956 31318fc2eb3e140f
2957 79e7c571eadd609c
2958 81304fbccc0407bc
2959 fae10aa44f476575
2960 3cfa9b0bcd8c0195
2961 497b24c549292241
2962 dea266d04c4556e8
2963 fd4cf6dce155dad2
2964 ffe49480afb149b6
2965 24fce8f7aa815e72
2966 e259a04155d967a2
2967 70d94e7bbd0627f4
2968 7eec63d5737c6900
2969 c99e023461cf93e5
2970 ed04503e85f8012c
2971 3c6b3022b8b4c21a
2972 85d3b6c957e7849f
2973 96078fa56c257200
2974 b5b65dd269bcae7c
2975 c09ce9e076bc3ee2
2976 64e23f52161c89b2
2977 d9501ad9d10eabfb
2978 5bffb687528a6cdf
2979 9d8eec8a6a319e2a
2980 31313635482168ee
2981 efca824150f5c00a
2982 052e36e2cdff990c
2983 5bbe2974b145599c
2984 9fb3d0f9eb8eeff6
2985 d4a733706b2bceae
2986 3a315594af9f292e
2987 776fb096dcf96126
2988 d902e752cb55d8fa
2989 ead21e0cc3120784
2990 f4bc4e28b8f74ad8
2991 46a33a1aa98bdea4
2992 9dc6c009cea6a77e
2993 5d9dafb4fe7ed7f8
2994 06cac4d656d786a8
2995 ca54278ccefa6ab5
2996 904a0322980e29ea
2997 5b2577944951b1be
2998 4c926e5767db30ff
2999 dd15bfab53373668
3000 ca722f8316007c23
3001 dd62511962f800bf
3002 56e89d64aee6b16c
3003 8cacf7bf54b5f631
3004 5f3d93454da61a1e
3005 a5f55a161a1e1cd2
3006 2e8f7f2e71f21ed6
3007 064d8d04242c78b8
3008 535c458bfd430bec
3009 656ba525f5a097db
3010 334e37d53a03e98c
3011 8fef08fae8784275
3012 16886f41d305edf0
3013 85b37fd62a69fe83
3014 69c3b0b85e373033
3015 97a2ef2ae2c00932
3016 b567f2f57e5d8e3b
3017 ac6e566b7283aa32
3018 02861d9db4735332
3019 bfd45d340f4535a7
3020 5b1f0f0b41c6a83a
3021 0055a643592b0885
3022 721ca43b0216952c
3023 0b51494e2c7d1ab8
3024 6974107bf6a44da7
3025 1511b5e27107c54a
3026 7f7894ea82a3fbf7
3027 43bb4d4ca522e98b
3028 8286a0b77e3a6f99
3029 4585198a7dba552c
3030 3b28387452e186e3
3031 a7cc81be5ffa2497
3032 a7b0abb17fff931d
3033 f7a6872c1ff57b38
3034 18a4cfd80c2ba367
3035 6f41215688a16ac2
3036 5e53683350315e0c
3037 b10edf092bdbf15e
3038 9c825e2553b1228d
3039 28c45b8c994b252e
3040 6d069f477ec2a783
3041 78cb748a02d8f9ce
3042 754ce0c333657bd3
3043 87684b457bc44045
3044 e6196455eae28481
3045 f04b34b1467493ac
3046 2bb72053afebd24c
3047 a3d3930a46c03e13
3048 2dfee2597487bdfa
3049 3fdb9876bcebb3c7
3050 42feb6855a3ed352
3051 1d68b0d5aff96877
3052 f38d0a740371615d
3053 4add46880365196e
3054 45396e26186b802d
3055 af38d726d98d8438
3056 cdc1656368033e7e
3057 6558e652b8cc692f
3058 e41a4ef864149cd1
3059 f3b6aa524cc157d9
3060 e77afd4253513587
3061 c46721756650576f
3062 027f92abc79802c5
3063 108e1871b4c1dc06
3064 82949a493989aeea
3065 88d7e946c922cd19
3066 84bb60424fdb7c64
3067 fa056ecfbe84ee13
3068 6f3f43a3acfbcc2b
3069 7926d6b0300925b5
3070 ecc6446cba53dd4c
3071 a923e079142138f2
3072 dae1e8ba4e00bf29
3073 9bbe687929da28cc
3074 798fd4c25c8125df
3075 2928f1226560e853
3076 165ce98b981c49c1
3077 d84319a33fb3fe35
3078 2e03cc655e9d313b
3079 c654d083b86b49e4
3080 b295473a8250b6bd
3081 ebcc57406021a733
3082 29e1e2149c26aee6
3083 2f905c8e112116e9
3084 d0fb4fcf1f751f14
3085 fffe76ea610b8134
3086 3b7aa78edbd9f3f7
3087 0c641dc6f3a912fa
3088 30aacb665d6595d3
3089 58158141da13fa55
3090 e0e335287b2240e8
3091 639d06e764d3455d
3092 c6d1f015eaa18247
3093 2646a618d11fcfe9
3094 a558d73d20b0b812
3095 1b90e1968696ac24
3096 5c387a7f40a1eb78
3097 0775d9afe357333d
3098 7f2b6eabff57f327
3099 e38eebefc2f0cc8c
3100 ea62e4960d14863e
3101 bd18aa2e9dfc2e3a
3102 41c1fe0a4ed19e9e
3103 fe81268bcd6535d0
3104 391d481de677cd3d
3105 e3562b16d221603c
3106 24403a1bb5a2b794
3107 81e6381b7a5cefc5
3108 fb3d98d0198640be
3109 4b9008307acdbc0e
3110 c129d3f7a52e98a1
3111 bc428a5d9df7fb31
3112 76f149e138ea9da5
3113 4df151b0682e3213
3114 93c1befef9ddd219
3115 e050b7e4851bd870
3116 c0c725ebed5cc3fb
3117 0660a582ecbc5a56
3118 0f3ae25715cb2e48
3119 963b5668f3066fef
3120 38dac5e727d37cc2
3121 74ca259596eeca7a
3122 394571239fc9d280
3123 15581957062fd3c6
3124 64c3c2a40a1da0dd
3125 62dec8caa03d8649
3126 ec63d2feac795255
3127 6a97a4d7e2b75023
3128 499e49391020f5b3
3129 b5204eafc29b9d60
3130 acfee54a8184e445
3131 3fc49813b2fa1155
3132 2d10cf406036d754
3133 a09c7a92f2ddae31
3134 05125f0364052414
3135 937ed08e0bd89a50
3136 7461f4acea3ecfd3
3137 19a50f2c687230ec
3138 bdcbd1b466569d52
3139 15d9c27faef3ea0e
3140 c201814f8ead2086
3141 4c2fa55c7f4dbcdd
3142 daaa39f604660129
3143 596932a019851148
3144 18693106b5f15000
3145 8a0497f1bec82402
3146 ddc711a18441929e
3147 26c15769a1ad199e
3148 0839991af6a27440
3149 251df8766aeeecf4
3150 18cce24b23862132
3151 4d43e1277b8bc45a
3152 fe5ed0fb42a2446e
3153 937dfefc7c9e5618
3154 9ee0f103d5d79b48
3155 13b5050e1919a94a
3156 96db25916338d351
3157 2716223dac2fcf30
3158 e3bbe24b7952afd7
3159 6fdb19ade874ad18
3160 f35814ca122d748f
3161 78531966046293ad
3162 fd61da207d48c302
3163 398808c4270e9aab
3164 537094692602a425
3165 12952901314b09f1
3166 ce8c29affb7c96a8
3167 ed78bc2a5f262e8b
3168 461a67537159ae2a
3169 69da4e759d0a38ed
3170 f7e5ebd7216b7d78
3171 6c4086ebaf5c5d37
3172 965462a23b141bc6
3173 c877354b66d1d663
3174 6b33ffc6c21bf021
3175 1c5a7329ef6464e8
3176 7802034ae744cffc
3177 31f87e525479525f
3178 042d9b8559842e28
3179 75fc2192a433a704
3180 15ce9fc54e050545
3181 1605b0255a982208
3182 6f49fd35f9815a89
3183 731e8043a85a3fcb
3184 aa4aa0904e201f06
3185 5b00d08bb1360a7b
3186 280cbe26f1ee43d0
3187 e64d2dc29e805022
3188 83c8cec1daf52151
3189 99add02172533841
3190 a01e4713738fb616
3191 29b31d1b650fb202
3192 54830c9a8a540b77
3193 8c209f7129128e6b
3194 12301fb415bd3bac
3195 fc948a59442f076b
3196 d408326ab4daa7b8
3197 8270b02327e81661
3198 7c12b08d1a4375b3
3199 e48e961962d261e9
3200 501cfadda23f3875
3201 063937e8b08cf367
3202 0f6681841d685a60
3203 6c42d9c0716bfcd9
3204 2068af194cdb8821
3205 b15bc5230651b577
3206 093aaff98a2707d2
3207 a53ac8c0d8ce9377
3208 8b43a00444eabd83
3209 ee461abce125eaaf
3210 6ce4c9219860de76
3211 19ed805e2588aef2
3212 b362d145eedfc894
3213 5b23b1291e7e6810
3214 b691cfef5b115679
3215 fdc90f9b7d79433a
3216 40a09d0616e76428
3217 74c13bc0c857d339
3218 0b1e1de6a57f3041
3219 92b4417055342899
3220 61a50a9417853752
3221 315baef84b6e54a7
3222 41aa35f239487ee2
3223 6c0b175f7f5ed8a1
3224 f8bfbf1397afb8d6
3225 5f137af69f0bee32
3226 a9fdf2ed6f7eceb0
3227 c1a189836ad7e250
3228 8c736205e684c69e
3229 4d1cba45beabf9bb
3230 89ba440f1985d819
3231 c9699618ff6f25be
3232 b181a8ae77c6eeb5
3233 4596ea4a3ff71637
3234 aac3e82b278be2e4
3235 833ab5aec31001db
3236 6613bd7b4211bd10
3237 0fa71f25d8adec99
3238 cde90cd3f41c2645
3239 c0e3737d3b42459f
3240 1af00aaed6073b31
3241 4b5048cdc86c5aeb
3242 ee833c7a8afd0421
3243 e58eed7a91c5f099
3244 dfbe6c96637ec20b
3245 41192ac615974799
3246 baf822d0de2cf08a
3247 969a01541a729b3c
3248 7f71675b0fb5c4c5
3249 162202794030c560
3250 34addb79ccad42ff
3251 9fbb65ed7ba82ce9
3252 f0ce32f44fd8a417
3253 fad6851cd9a575ef
3254 c4b07c3dfa359a1c
3255 50442eb57f3ed370
3256 16c6812d003e8a11
3257 c3ed19cf8f060ba2
3258 b7a33334cd2c72b7
3259 08d34d340ad77a92
3260 2c0927de6bc7fbe9
3261 b8dad619a7e0861b
3262 a6355e53d61082c9
3263 7af9343956ba5550
3264 3d53b04f36b63d93
3265 6d7f08f9b35a94bf
3266 81c456173558f6e6
3267 45b227fdc512cf2d
3268 74d8f478bc10c10a
3269 ea839c415e57b6d0
3270 f3d12a59de6f3837
3271 2faf6a67200321e0
3272 88f6d86eeabd50fd
3273 dbcfef34465f41a7
3274 f2a9baf786428f3c
3275 ecf1567947ba31ed
3276 b24bc10b7009e07e
3277 b40521f904ef6819
3278 b373c26c66ed2a79
3279 3d5dd721156942e0
3280 503bfb283febb59c
3281 4199a748d0327103
3282 cc06e376393e91c6
3283 a9e010bf057cd994
3284 7d97e1a56f3bd3a6
3285 d271e10d59001be5
3286 4c014b2657255250
3287 5db7e7f26870a5e2
3288 9f8e9cc8e7f0040d
3289 3fcd2b648a2ebf47
3290 32a36211269d469f
3291 611116837d625462
3292 1c4da553eba36ab8
3293 174829a4a13d30bb
3294 80c0aff9627794d3
3295 0db2213f06a07647
3296 e9b46ad300b96627
3297 60e9c21fa70fbe5f
3298 838cfab39acf66c3
3299 9a49311aabbba2b5
3300 596edb3822698a7c
3301 89ae5518902e310b
3302 18b21d1efafe2cb7
3303 6194c7de9b58e667
3304 6453a614234fec1c
3305 be17df7c0418286c
3306 4b6352db58465e9d
3307 c54cbe73261a58c1
3308 8e44cfd696710cef
3309 2bc7fc12ac348146
3310 eb41d2f58fa15a38
3311 d17f0ffa918d7f57
3312 dd126ca69a52bcbc
3313 ba8dc505f9be8e80
3314 8e87da3a28276f7e
3315 9433e8337d6b6e82
3316 41585e194f6468a8
3317 9624f20798193960
3318 18331e92191de517
3319 11054354efd5c70a
3320 ade47137df6fe34b
3321 a081324d1fbd3fdd
3322 c2ef1c1b1efd7cf7
3323 e2dc6aa3e7d60e7a
3324 f11985d2f8b34d49
3325 3ceaf5cca955b77b
3326 8a61571e96f8e189
3327 3cd0a350d1f226d7
3328 670caeb4ea5da709
3329 4662c38f1f79ae53
3330 4ea33d154d607fe6
3331 9719f153d940067e
3332 17cdde5d1f1e986e
3333 e9b94f6001dd45be
3334 8b5ab3040cacd538
3335 a312c3bb1c5f8c6a
3336 9c9447755e58b52d
3337 954e9ebcd75ad40c
3338 9e0f58e77ca7b428
3339 494673e9f4a960b2
3340 29dc27dd1f64b5fe
3341 4da022356d6f661f
3342 5d740b0bd103b666
3343 79168b39644a272b
3344 2f605dc0ae5bac90
3345 673a8a77bf6ad511
3346 11207ac7ecc424bc
3347 a83896b409c4ee0f
3348 4621731fd0ce8758
3349 b587b8dfa3f56add
3350 9aa2ecca567e7eb5
3351 5e376bd08929dd35
3352 ed50495ceb0d99e8
3353 c734336e9b621618
3354 bca575d850b12fdb
3355 0847a4d53168ce16
3356 1beb117d13c32f84
3357 083503b6816cc972
3358 8a6aa1e7cf91cdcd
3359 2611db44f28164c4
3360 1418ada6f782e657
3361 4e9c314b4f433b5d
3362 a73301398c1a8df2
3363 c97d55681964bf55
3364 44c198937024bea0
3365 448fb1ab4cdbe08b
3366 03de958851cbf4c2
3367 b0557e70ef59087f
3368 06a59547946f2cb6
3369 75614296b2d17569
3370 21738328a8a7aeb0
3371 c9e0815f2a2b6ca8
3372 c13a5bd74972a93c
3373 0d43dc0b859de0da
3374 dbeaf49ae5626991
3375 6c1ac776273a4721
3376 3991df3fe0124d9b
3377 6c912ba416fc578b
3378 df42760a3343f3f3
3379 63aa446ef43c31b4
3380 4e587d7dd811c0a7
3381 6bda545868e773bd
3382 85b36fe8f256f5e6
3383 760c919816d05145
3384 7a76c4bc3c26ca50
3385 04fac3b6178db3d3
3386 ceb9fc638fa5a052
3387 16a1d64251496e00
3388 3ade2cdccca4b4bd
3389 1b23bb60ec600b13
3390 76663b04a4e0dbf8
3391 59203fe8842b0d34
3392 9ef224fd0b83e999
3393 ac7883ec8cf5696f
3394 35305bf1ac2d5b83
3395 ac3ffc15491544d3
3396 b621106ae74e34c1
3397 d26e466252e0e0b9
3398 5a89a90abbdb916c
3399 f1e1f3fa623f48d1
3400 1df09ea64001376c
3401 b37c1094b5f28e23
3402 23f4cf53c93433f0
3403 32af1245a053dfe4
3404 12494149a08aa942
3405 e30785c46a85dc30
3406 714e6575382c5380
3407 bdfa8fe7b7965ef8
3408 363dda75908249a9
3409 d297382dc1a8c447
3410 e04caa98bac84e94
3411 e62695bdc8b6e37c
3412 3cf9a506ad2c8bf0
3413 17202806999f252a
3414 b7909621d9427db4
3415 66aa321669795650
3416 fb787441ad257d67
3417 07ece47254b152ad
3418 867e11cb0be5c8ef
3419 04db974fee7c3715
3420 603e98e5d5117bc6
3421 ed434c08f5c02223
3422 f9765038a298411e
3423 9ba33eaa8d3d31c3
3424 ac695b152d036abc
3425 a6a654cd9184d214
3426 9ab7f529f372662f
3427 86fa17b748fdd7e8
3428 06771497d1d3fcb3
3429 77b6f72352f59576
3430 af565c743f4dd110
3431 e2ce5785ff89b7cc
3432 a33f289c9d983b20
3433 aa5ebf2b0103a736
3434 3610aea248ba72ca
3435 6dc1d97f865514dc
3436 938d0ca29e01659c
3437 ebd2d464eb7a6053
3438 82ba1b7f638c7105
3439 1aaac2ef2d87aa5f
3440 dc741ca63796f82b
3441 90a8f5aa953eeafe
3442 b426aec20e6f9905
3443 1bc7f7570c1cf1e4
3444 1b2487f328750999
3445 fbba640c8170ea1f
3446 e6c406f753c59b45
3447 8f6be6db03f2fd27
3448 018b4316a0a37498
3449 dea97acc6081d409
3450 2b882c0a078602e1
3451 9618cd10e54766fb
3452 79647eb15352a6f1
3453 0fc7082a53079aa5
3454 681b7bd1912fc6f3
3455 d123223b0e551d6b
3456 67b4d7c14cb6cb49
3457 ed1accc3c0850737
3458 159afa18bd36d78b
3459 a2e1f3acc23ad0eb
3460 291eed760b50130d
3461 0fafa7999fd6c875
3462 c7271120af6aef4c
3463 1e0682a701706b69
3464 0ea47c6fb7a961d7
3465 c1e28b3469714c84
3466 170af6a8cabe0020
3467 256e4cc8694a7cb9
3468 fd8f1b5296e9c703
3469 ce0bcd188d234fbc
3470 89214d52fb396be2
3471 5c99f7e086d0057c
3472 e0776d8d31777ed3
3473 8b2d3d1b3d3bcecf
3474 68a4af3be72040ba
3475 6a95807cf4a640f6
3476 b37dd3606d8e08e4
3477 93e27b5af979f311
3478 1099f00435182bdd
3479 0cb10f388e43ecb4
3480 f4c8780b5a2b6f82
3481 36bde84951ad0cc2
3482 981129a19109fe04
3483 12f33de92495df2b
3484 3cbe3c1d3e9c6abe
3485 08f796bb02c53989
3486 8767f6d60a879724
3487 d6cda55a69a25f23
3488 cf9ba75d1e359cfe
3489 a2ff614f78922d71
3490 5b0abbec758d7668
3491 d5918f536d4a7a5b
3492 d5d2ddbf057cb694
3493 e051506efff81f1e
3494 60f296cc168bb9be
3495 3d57fc2e0f884e6e
3496 1c4753d98f44b4c5
3497 26f0244af25ea363
3498 b88f490c443f8780
3499 68f58de6cc0f09fa
3500 5d406a679a26a71d
3501 12505f2ae7440201
3502 7727ea8ffcf9c922
3503 1ec0625d7a3f80dc
3504 8cf6f190835ddea2
3505 ea9a3de8802a4ba4
3506 e73fce07acc750bc
3507 39e6280428b61bc2
3508 1e7fcea9362b75c4
3509 472a172f581831e2
3510 172bfb7ed1470e8c
3511 88c12203a823404b
3512 26aa8ad5cbbed833
3513 b3f156da2e5a826f
3514 dfabb95ab9960e23
3515 058e1fcd235cce17
3516 7252573de85f839f
3517 847b963ab0619a4a
3518 17c44bab0a7d0879
3519 316e51f7a789566c
3520 3a2db314fbeb5459
3521 f5a9d6e459874ead
3522 5f87c944d9c1cf99
3523 b0109f091ce5f0af
3524 15d4b98a65957193
3525 f02f5f10137a1475
3526 863ff6bc145acc01
3527 cc8a8c78f608d122
3528 e66a355472638dd3
3529 e736da7a0161c884
3530 475d16bb410861fc
3531 b439b2addb65797f
3532 b48c224733666eac
3533 381bd90366417bf9
3534 dac6f78ce6b134ba
3535 c528a76c84cf9acf
3536 e359f5de413ad179
3537 b52f258b0b0f2256
3538 d0883b0af1661012
3539 5be6b778782632f3
3540 ece14b691a2fbdf6
3541 94fa221b8d35836f
3542 0cc9a8f5b7de60e2
3543 9b197ad3e3aa6df7
3544 ba6356abb99711f2
3545 dc1aded3d753e7c5
3546 022db1e26924f040
3547 c9f8281dae5bd4b5
3548 e3f65a7a7084bfc5
3549 78a8a8c9eab361ce
3550 49330bc16db7eec2
3551 d739c490152e052a
3552 24f6900ae7a0420c
3553 51e8cba2686b199d
3554 ac7ffd31e462a82b
3555 a4df223a51e4d523
3556 4a5a461227fc63ad
3557 918bc50bc428b74d
3558 190343714d60d50f
3559 0034271cef310537
3560 542164bab5dcc432
3561 b7078f376da5e218
3562 bd73d1e8561ea3b6
3563 88659a7a444b4292
3564 febadf81934f8193
3565 e5f008a68dfcc052
3566 0097e55a2b3792dc
3567 bf194dc6dcd53ae2
3568 ed76908cfb85c0fd
3569 c40fc22691892280
3570 8d11ec814db3a1a9
3571 ba856cc1474f2858
3572 66023b8618e2b2e3
3573 b8b8c84d6e97749c
3574 1f255a2d7c4db15a
3575 c31b9fb5160a81d5
3576 8caf1f74e8cec69f
3577 69e7a460689a5ce8
3578 ff16ac522e47a792
3579 2202a1ab05c7c6ec
3580 ec7178909f38bf37
3581 f5bb619ac358490c
3582 b335f2b2175b94a3
3583 f2b1edc22060059e
3584 f8d1f065b9377bb3
3585 58a45a9b5f25494b
3586 8310fb38495c0f42
3587 fa34ded4ef6fa99e
3588 27d7d46e36257e62
3589 ea7155013260bf3f
3590 6d8430c7be8a8e04
3591 db312517b7005806
3592 183269a3e334dcc9
3593 970e02149e05a3b8
3594 6afb882770b49fcb
3595 9dfe735fecd0662d
3596 b8d1a1172da96d19
3597 638abe57626930f1
3598 01aad54533932117
3599 cd782e2e78ef3d4b
3600 1c1ad1152742d671
3601 c5207656976e1cac
3602 da684c5236813a9a
3603 f3b763bf37b937ae
3604 14e9ab65b164dc87
3605 06eef00d231ce571
3606 4481481083d48717
3607 6b43c995f957f95a
3608 cce907d82f8fd048
3609 54a1b9cbad6e2470
3610 299d767e3a919574
3611 dfe85753785cf3dd
3612 e3c3895ef1c25911
3613 0b449b6ff6c04d29
3614 c5ebfa7be0822e3c
3615 7da3989839fd9785
3616 9b1538663bcf12de
3617 de80833dfed991ce
3618 b348cd9fca4a9145
3619 bfda8d90f5c213db
3620 da18543914c3aa05
3621 9cdf2369f8d08a27
3622 bfb8103d43fe2ae4
3623 469076b4b217ec7a
3624 63410aa8b071c64a
3625 43669eabc423d53c
3626 090b038b5ce0e1cc
3627 32432b03b19a8078
3628 17de1bbbbbbec30a
3629 eedf1d15dcfbd37e
3630 b63fd054eb7a11e1
3631 8f9d52fadb286702
3632 07cafc7c976c56bb
3633 086bd37897a074f8
3634 1f48b9ae2e494ab6
3635 1dcfc636527945a5
3636 09ad23b3b35796d3
3637 12e64c6a1da2a646
3638 7d31e9b415e341df
3639 2a659f9456cc874a
3640 98688e081457a987
3641 bdae38d47bc365f3
3642 4b6db0ddab1252f9
3643 78df98ecb0af4f10
3644 c246067fa9ded960
3645 e0b07ca516c51e94
3646 d9a60b9cb3191be8
3647 f9bbfcf83a70d62e
3648 b258256f15ef8d08
3649 ffb6588d7e97dd18
3650 4c0f7c7472352808
3651 f16f253aacab361b
3652 016ea7bd508ca354
3653 f085358194ffaeaa
3654 760baa8d02a5a301
3655 4a8f8f17129ffd22
3656 549a3e2b5b7f86a1
3657 ee6c8e9d1cdaf517
3658 e9d49dc664e7d7e0
3659 006d17f150ac8d04
3660 8ed577403c407e07
3661 3fd993de096fb731
3662 54a91f038f4d1843
3663 85cd8af9eb3807c7
3664 fde286accec295ea
3665 6c342424623e54ff
3666 92cbecc6635f2782
3667 35096cc91a3a7076
3668 427ebcb6f1dc856d
3669 5bd95fc8a94de848
3670 276ed05bdb811e6a
3671 409a5f4e3bc6bb7e
3672 ce63a2758bc34f54
3673 cc2886f2c7309cd4
3674 f50d3a8040d30f5c
3675 f82f00a349ba20b9
3676 9a807e9d5efddfe5
3677 85fc8a10de57f879
3678 471d5fc69e5619b9
3679 faad9b2fce1d3143
3680 356944871eb304ed
3681 77931096237e8641
3682 f0db50e4c12b3261
3683 63d203c7cb873d66
3684 f4ecdd90800bd80e
3685 e213ecab16378898
3686 639aa23f7c799868
3687 96a54850ab1f1e8a
3688 16890dfb953873bc
3689 3d4d556ffc4ef2e4
3690 e934709a9e2c4bf5
3691 a65c63c43b17b512
3692 d60267d0446dc7e1
3693 041be58b41168b19
3694 c9db6e674636be48
3695 883d74922c25cfaa
3696 40c20812694b6f25
3697 581d87a318825f4a
3698 1d04433b6fa5dead
3699 d87e96cdb01aefc8
3700 c5f8c725b60f2b6c
3701 8b0674283a82334d
3702 ca8fc7c53ec98236
3703 f9a49c2bb496879f
3704 ae993525ab71fe48
3705 3144563ff8766ad4
3706 777e0ec6de96ad30
3707 0edaf0689e1d0d4b
3708 2da59b3ab554e395
3709 86669d2ced1606d9
3710 f661ff0b01710b0b
3711 14e131cd1feab717
3712 61787dd7a771519a
3713 25de7515b05801ed
3714 83429587ead7db49
3715 78a58bea66b23bb7
3716 0030ab9d21288696
3717 738d89a4a1ca0d21
3718 86eb8a2e3d1e9cd4
3719 e44b01d3bc92ed51
3720 5eb08ebc6db873f3
3721 bcaa96ca88178a4e
3722 91a6d0f7df0d855f
3723 b7d6ad38ee512073
3724 fcd1a1533eb8a209
3725 bab42428e99974e6
3726 f35daa5556dcfce6
3727 ac243e596ed993a6
3728 957c95981383c1fa
3729 f4a3cded621bc11a
3730 1fb41ef9f58482aa
3731 60c07c903063773a
3732 c70e245bc2a90da6
3733 63be00148b1b1aca
3734 c51ae2a8d72eb880
3735 ccbff0675a38db6e
3736 66774b06ad19e6aa
3737 b04f307dcd7e1874
3738 74b5c0f954639f7d
3739 386269a66140b614
3740 8f386c331f37fb85
3741 ca67e2bf47370252
3742 4891d01a89641a68
3743 18898726cec3e8b7
3744 8c52733756e141a3
3745 60af6ce3e9c97b6b
3746 40eb5383ff627d2b
3747 7dcf4e171bab5c17
3748 b36077c7bbc6eed9
3749 aaf340addda420b3
3750 f4b98914dbc762ef
3751 00600a58e67a22a9
3752 399e05668c4e2c37
3753 43ea96d5a7cb14a3
3754 c63f09288d1cbd33
3755 dcd332835858a189
3756 358f273db9f02395
3757 3afda470e42507f0
3758 45fb0f5bb797c244
3759 29d58109ed536e3e
3760 2ccd188bd180d6d1
3761 d1854d4d93611aa0
3762 7ac13ce71b65364f
3763 a713029f62444d28
3764 a86d3e671f27095e
3765 b4423e3d9da7a17a
3766 0a4033210d18bd3f
3767 5040073a326a3a01
3768 e756a7ce7d330a6e
3769 f886c3cb61883f18
3770 007a4c8375f319f4
3771 8959f273b1417c6b
3772 b3ae1330e2fe7b96
3773 5d9cff08313cdac7
3774 9d6243bea801203f
3775 52a5a54e7b351195
3776 9029eb31d1c66c19
3777 eac81ff15fff6f41
3778 8d936611e03f5e32
3779 bad7c1f6ff49d04a
3780 efce572868a43939
3781 9abfdb3fc22e027a
3782 00800fa5080c908f
3783 edd9af82d358ec6a
3784 80ef803c322722d7
3785 cdce039fa40cbe05
3786 0738c18366e16fbb
3787 c857a938a1aec51a
3788 35828997ba7bb551
3789 29ef5516ca299759
3790 0dd6735e80a5ad4e
3791 511f34233256e61f
3792 6ddad02c480578a1
3793 80ba1d9d0d53ec45
3794 79ac9fedcb67ea92
3795 e4e22aa38f5df877
3796 e0c2e5dfa7ea8bc7
3797 a3933c4ec56e0231
3798 e37cfe91684880d9
3799 dc1574c6c8b283ea
3800 222eaa41e54cd5ea
3801 77c83df921db4fb7
3802 3778e1069d79cdb8
3803 1e1daa909d745f0a
3804 5179c559cc696a33
3805 3a2d1d80edb6ab00
3806 b9134d15c2ae07e0
3807 8b22c469d2f64216
3808 2e051030d5e246c6
3809 d1bd909f24a27b13
3810 fd397be656c50912
3811 54346d4f0b67f3d3
3812 5f8045ecfc9aa4a4
3813 b2698f4a716e2048
3814 96beb7b87319826b
3815 dd32cf6acb36e629
3816 62a52ab556fb7a6e
3817 79006e6bbff44923
3818 aac94d8d4103527e
3819 2558c1ce25456081
3820 d6b5a38eb35655f2
3821 ad88d9ed566978d2
3822 eefa51abe5ba8ed2
3823 2ecf2d33cfd9731e
3824 ce0d259a968e39a5
3825 19c57ba6b506d8ea
3826 4454d729c32d41f7
3827 b7127cbc3237fea7
3828 fd3720a03e6fe7d5
3829 72699c8fb08ecc94
3830 1b981383d0e71bc4
3831 889d788193fd0bf6
3832 81d3122e07ffdc95
3833 aef055555ea80d4f
3834 8ec54eb0290fd3b3
3835 0f74cf4879fdc211
3836 0dc9de1a1510325f
3837 95d49cd4144e2591
3838 f6a68e9fad32dbdc
3839 6243ca81ad5474fd
3840 6e480b8de8031912
3841 b3d3a2f6359d44d1
3842 679d925dcbae509d
3843 7b5df2e215bd591c
3844 e37f4e2aa899d413
3845 7282a2a636354528
3846 7b057d72b8a6d12c
3847 d010e2c7a095cdba
3848 92c774b6af6130b4
3849 51efd5165fa7f73a
3850 e8fada8622af0022
3851 fe0d9b4aeaf25f55
3852 44d2988123505045
3853 e3fba7531ba2e11b
3854 f4779fa6ed67bd05
3855 4a10ecc8184babf6
3856 b250334ab58f67a6
3857 568529a63c0ab4d0
3858 7eed035deb16a69e
3859 430cb506f38e66f5
3860 048d7c111d18dcc3
3861 3f0884d64e151853
3862 3e323c1ba17179c2
3863 73a8a8b787ad4600
3864 4065257f828473ac
3865 56890aba517ce26e
3866 f927a5bae52960cb
3867 1e8356ef1d8334be
3868 87fb34b41aa9e406
3869 3bd7f164994268de
3870 f4f3acadd75cb018
3871 22993aefa10813ed
3872 8b85d2e0ddf7c534
3873 8eafb6ff9f1a492e
3874 3b7299c4617ba797
3875 dae8f448585e3c52
3876 aa3fa037ccf4c14a
3877 cbca6fde30e0cdd6
3878 e81c14aed941a808
3879 22806ec2b7aaa65b
3880 d181d4add7e09379
3881 37dde5b8a7e84b1a
3882 c2759ec4a9b50706
3883 3546eaa4219fe030
3884 e9ff78a379264b77
3885 f4798229d33a3eea
3886 8c4a32519081ab7a
3887 6aaf96fd54404b1c
3888 b4d23b5fbfbb883b
3889 1328ef22f11f3645
3890 1fcac80b46e2e009
3891 709c74b32e56d6fb
3892 e770a38bd6ce1677
3893 1e34fe530dadc136
3894 1551d6ff3e0f53e9
3895 c3202c9962793b45
3896 471c8c4b4bdf71bd
3897 45a8b721bfc38842
3898 b1d2d3fcf7639fad
3899 0cb70da8850f2f03
3900 f7411eef4ecd9437
3901 42a7fede49f187bd
3902 ce0f245c259d131e
3903 a411f4d4dafe2319
3904 46f588888ea89a48
3905 d2fbb97fc53917d9
3906 73dfac0d0bc278fd
3907 782356811d98a88f
3908 80102f1580dc9fe2
3909 f61bab1bce7b0f8a
3910 d281203f6bb98d28
3911 7ee6d7aeacdac9d4
3912 be363693b9597737
3913 4e2f61aa691d1a86
3914 489835221a618780
3915 3aeef648a555ced5
3916 bb84adf59d674740
3917 d70b449d96569776
3918 509ab8bf391441a2
3919 d5b585a02b00849a
3920 46fc56af233d9056
3921 808d5eacce3d54e9
3922 37484aaa513819dd
3923 299d205c4740bc64
3924 64f518a752252d6f
3925 ae004c3b61b59a20
3926 f7689cb3bfc68246
3927 6faf73409f174e95
3928 1681dae790bfb6e6
3929 22c4d4058751b4c8
3930 1ef54daf0d174752
3931 791afcc3a58dd97d
3932 fff21c964c512b64
3933 75d3ccdbac3e7a06
3934 7cce096affb558d7
3935 03f6c8449bf2ab9c
3936 a6549227e08272fa
3937 c2f743c132851d23
3938 bab007924e808108
3939 b1aefb4a91992ee2
3940 3eb860e13b53710f
3941 148c3fd65b5421c4
3942 19f549549e04bcd6
3943 1723ff24e5f664fe
3944 111f8142e6caac5f
3945 8954afa53cf0d097
3946 50f2d50ff6d81a8f
3947 0dee0b1d23ed4365
3948 9a33c9d915e1b286
3949 87da8b4e35984848
3950 f968c66ddabb4c32
3951 6b60aa2210bfc4b2
3952 0a98086d3e02c488
3953 ffddb74b77503824
3954 c034d67cb244a79b
3955 91ffa036c5e1daf5
3956 a1f45703629106d1
3957 674f3d0bdf42c651
3958 c9a8100b5bbc5087
3959 a18803df7d17af79
3960 5ad56836c139849a
3961 cb48557e3a7b5428
3962 fc54e89ee9f923db
3963 6904105d2f775215
3964 fa14681bb07e6cd8
3965 30c5442654113b33
3966 2ef5757b565e7ed9
3967 151309781a3de960
3968 8b1c033393fba538
3969 179330ca34242801
3970 e9b109354af6f8ee
3971 73d3b2401ea49714
3972 3868458c0778fed1
3973 43890e0a03bb6551
3974 a7da49e88098fd7a
3975 2291e5328fda1fcd
3976 b2fcd8daf8269f67
3977 cfdeba6f466d8afa
3978 7629c55abbd57a2c
3979 4f52fe4f46e69cb4
3980 d40d8cde4dfa5977
3981 5a0dd6af087deb06
3982 743f83e33854e83e
3983 2d3c7a8038c87d62
3984 0da0fe16afcf2e6c
3985 d829f3415ac4c653
3986 3f7b0f3b6cdfbc47
3987 8a35dcab42c04fd7
3988 e9235db074c53b55
3989 12120f3c34c311e5
3990 222576ee1a469815
3991 1cb0223522a74d0f
3992 7e1f6dcae6264d4d
3993 3713d879a0f37cd0
3994 d5bfbe2ef35b4214
3995 cb688b3608eebf04
3996 34237e8f8c6aa1d2
3997 3af63dc975d4eb38
3998 852f26f6678452b5
3999 78f65d37be40e964
4000 1f13f1d349937227
4001 df5eef54bb809018
4002 660062bdcc6c0403
4003 838dc93b7f02c9b0
4004 f1a2b17403c7e005
4005 83e43f3174a690d6
4006 96808f29b1b21476
4007 e5091bb3216d6b58
4008 07566f8366e92aed
4009 a85b00b3b9cf555c
4010 9c05467ae642abda
4011 d1e782df12a30056
4012 e9685b700d55a34d
4013 501d4e0bea11b883
4014 9e882da84993a630
4015 edfd5bcf680ca5e6
4016 c83d9602d9e4bb2f
4017 f22d2bfabddf66cb
4018 7a4ad361e501b72e
4019 09a9af344bdddf23
4020 e0ca6a5ffbf15eb8
4021 447867aba1d523bb
4022 b1f0cd69669533be
4023 baff181388da175c
4024 1b2cc177813b85af
4025 6d785916ac453623
4026 d00b501a85133bd4
4027 35b1341875834d5f
4028 fdce1ad07f5a7a85
4029 6f796147a6d27aa0
4030 3210122e2328a551
4031 3dd6b63bc3d81c0f
4032 5fb32660d86d02de
4033 ee420f1202e73b46
4034 951e225a5b1bdd53
4035 3c5ce8ba45a5b58e
4036 f41f8fa35ce626d4
4037 4c24643f23c4dd23
4038 5fd7ec134b1aad83
4039 fdbcf777fe9a9f59
4040 a29210b7e66e8ae9
4041 8a22c5c29e1afe70
4042 4da9d6dcf8343e4b
4043 29d51e599639c1dd
4044 9b0302e0d0c11887
4045 ad8e4027cddcff65
4046 ea2158ec65e6e452
4047 860f7dcf117c0c61
4048 7696e6f4fbb09a42
4049 de8b5b46eec58f2f
4050 10c362fd55b81d42
4051 4e839e0e3c51c9b7
4052 2e82bef4e2e665b9
4053 766a4dad76d891c3
4054 398c863487d3ccc6
4055 0437ba3130037ddf
4056 6cacc32cfb499a03
4057 ffbda837f952f94f
4058 c38ce392ef320c4f
4059 f28eafc1e1eaae80
4060 186bedc46bf55d93
4061 8b4d0b5bc925c410
4062 f0973d989d287ae2
4063 707f3c2e92bc2122
4064 c9322eeb577c2559
4065 83360263e89cd333
4066 48aff069fae8fe73
4067 1ef822cb6d4eb84b
4068 ccb976d48272b650
4069 50acd72e6e2d2425
4070 70225e13fe0ae664
4071 2481eedfa8d3ee23
4072 d77bd8abdf89e3fb
4073 bb8d7759e6b0173e
4074 73d5477a667e7d51
4075 58fddb70758c81d2
4076 660a8bf617f04c1b
4077 503295a77c2ca1fb
4078 3a207611f3cfe7e0
4079 913f3c601f164bc7
4080 fd9fcee19795faed
4081 3de6cb3dc86b61b5
4082 67dc8354a5798e46
4083 2fb127d6ad72c3ee
4084 8896b97536d7f9a4
4085 77522c953332e283
4086 002e6ebbbf0e78ec
4087 b5692a72bdced572
4088 aa0d88ad17423b87
4089 c0f5154578dc3d0a
4090 849273773aadc09e
4091 7f659086da869b25
4092 68884c71767d1a92
4093 60d5d8f1b7a186c2
4094 fb0dc6a099233552
4095 a9fa8edcb271c0cf
4096 fe42b098ccc21f3a
4097 d1e3a76faafd925e
4098 bfacbf15fe12f967
4099 61debfb319366ff9
4100 e42bbf6a09555e4a
4101 38a788c58d2b1806
4102 0f648ebc97d4d327
4103 40c8d23ae848a640
4104 0754b00b3f902d48
4105 5bf804fb813fe734
4106 6545b1b7999cc9f7
4107 a714df516f638659
4108 b0901ed4860adb0d
4109 d71cad53d360c3ce
4110 29bd5f6c3da21d85
4111 4f65c7f260a4928a
4112 2c4d22edb077bd93
4113 dd5782b590c14305
4114 0a92edb835358965
4115 24a1a1020e5dd26e
4116 ef8c7f31983c6508
4117 1368e66d2328610a
4118 3058980f0f0a1705
4119 20a58e1b92b47102
4120 2f128a0e6eb00eaf
4121 22dbb9bcf3963f74
4122 d98c12bd399ab672
4123 118ab306049c9be8
4124 1ff9ebffc29710ef
4125 320153269e29aa16
4126 f0d6d434c77bce37
4127 e60951b31714f62c
4128 c7910e459f0a6b9e
4129 43064cd18972ae54
4130 5d42e978c9516e30
4131 bb4833621996603b
4132 3f43d2230638896e
4133 3a6d35a4ed3bf25f
4134 3d55a5388807b10c
4135 f67f7301a2c6f5f5
4136 f2f17670da128441
4137 f7f87b9fbbb26ea0
4138 8ac2a17c67f4e2c9
4139 6af504f84f2c12c7
4140 27fdf59579c5b765
4141 d2202c49951eb3ae
4142 26a045b251ed73b5
4143 4e4e870f5c1487c0
4144 2192f5cdfddc13bf
4145 0fb1985b1b6ae217
4146 a165cce85b816a71
4147 af5105f8fc6e7581
4148 724996bacf96af4a
4149 cbb928ed955cf410
4150 40f26c1cf70cc316
4151 84d73ddafc2bbbe7
4152 ef077eeadf4833eb
4153 f6fcd62c051aacf2
4154 a99f34271406efbc
4155 53f8b5499d07aa9d
4156 4cb968d06246607f
4157 f30b91b7bd754a81
4158 d369b433d79da463
4159 1ead0a9d8be65eab
4160 f2ae757333f5a0f5
4161 43aa1ecbcb5c8ad5
4162 9e8cb7d2497508da
4163 19bef8256a08c216
4164 cfa105900e795fd4
4165 74b8b727c9bd37cc
4166 f2d51b2bc9620103
4167 846b4eda661d668e
4168 ab1b10e344560076
4169 c2958a277debbeed
4170 9c683126b7d03e9c
4171 e8ceab667bf3d9c3
4172 3fd07803eb473e2c
4173 978a6c7848de36e5
4174 1c24e54e3c87795f
4175 86358807cb9cebf1
4176 0268b2ac9ad1c6c1
4177 9fd26e78b166e4f4
4178 69233b731f1d28d1
4179 ca7bac483644ea2d
4180 376162098fbb1d39
4181 6e55bb5121d98214
4182 3af4cb6399758d11
4183 dafce9fe736bace8
4184 b667c2a82bb63e66
4185 f4b5eaf79360aa1d
4186 4dabf9bd66f5a9db
4187 eab9ad6ac72229b0
4188 54bc1372be23cb58
4189 e769fda885125bdf
4190 2e3cb8c56fc2920e
4191 133a352af5e60420
4192 cfe8d1caf2291fd1
4193 af4cc4c54380ba98
4194 0dff9566394da8f9
4195 fff67828d8787136
4196 334e706331824ebd
4197 073f92cd2d78c696
4198 8ef0db003ffc31f3
4199 3b1db9e6e59889fe
4200 8d07b5cbc3be1fc3
4201 b8c595e17a3c02e4
4202 ccbf850bac6a50d1
4203 c5d68dba8a6f66f4
4204 1096f83c39d3e671
4205 73f8901c0370c769
4206 49ef7fc35bcd5ef6
4207 19a254c16c0c57c8
4208 660a806a48b4be90
4209 d65d79a717dc8b76
4210 71f5a253b8dfe78e
4211 eb2f03121d9676a3
4212 05a09f5e1f155210
4213 641ff7c38b47642c
4214 d1c3f7742d3c92ca
4215 a8bd19e679ea8f87
4216 e0d6dbeb4c2bd129
4217 d652d4a7c94457fc
4218 b75b0d6b2723ad7a
4219 d93eb9112974c412
4220 eb58a6f79c99886c
4221 e284cd98922c4c8d
4222 c9132b254693c49a
4223 222af8303ed246e3
4224 d9f8ec3c716ecad7
4225 7e62968feca47746
4226 417ddd339daf5a47
4227 827d100b4c4a12fc
4228 9d0eda6811c1cf38
4229 bc41c6f64dcb08d8
4230 9dcb1db4a1512492
4231 ad39e9f92c4554f3
4232 2a1311b7c0b16f92
4233 a0c85a5dee755379
4234 5d405ea57fe178dc
4235 4aebea7e06de4501
4236 b7312d11a8fed5d6
4237 1ede5525e1983041
4238 93b77c8937b1430a
4239 b7548328c65b9083
4240 70c493ac486dda77
4241 46741f40140153f3
4242 5dfa48e839a6b38a
4243 52efd9ff24c0f6a5
4244 6177ba75798a49f0
4245 2652ccb369debb7c
4246 6caaf11b20ab28db
4247 8831e7a8af0c4549
4248 5fa6a639cca3c082
4249 bbf205f3ae830f69
4250 b6da6c9c32ef1ef3
4251 def269229534d5f0
4252 9fb88cb88d1c9aa6
4253 2fa18bb53171e704
4254 65f78b59f08b1023
4255 7d5f77e778cc072d
4256 1e91af68e6abc392
4257 62b11f479467da80
4258 f9db5b7250911728
4259 366dc974af4df64f
4260 c6eb345a8f3559aa
4261 f09fc40234b2edfb
4262 e95d33d841058d80
4263 407987a84f0f5f13
4264 6b03749ffe273804
4265 d80c599d88f4149f
4266 efefd24ac9253506
4267 79ebafebeb692885
4268 2d61a3afdd30f114
4269 b9dc523e8960bbbd
4270 adef72839a6cc41f
4271 47bcddddbdd4a3b0
4272 e55739bc42834554
4273 34c48b06684a1d69
4274 9bb8af65338be27a
4275 283549d144ddc6c5
4276 aa5a34c00dbfd421
4277 832223c46c29090f
4278 3e5c4b3cfc791367
4279 5ed0bd5a9fa788b0
4280 ed2b2826bd4393ba
4281 16fefff2684e2003
4282 e42d1066cae0bc92
4283 ff13805ec011e6fd
4284 c8804971f571cabd
4285 d63cca600153f14b
4286 e81a5d24e536feab
4287 8c581ca8da221d1c
4288 f713d5ccd8250fdd
4289 c5e68cb829d12364
4290 146bd163cf3cd1b3
4291 b786ba1f14d7fef1
4292 a32384a89ff8c7ce
4293 d5a42f407a91fe4a
4294 c0200d453192f436
4295 30e82563019929df
4296 82f3ba1889fc5fef
4297 ab47ed9dfd869f89
4298 f1253a8c52076a3f
4299 39ac010be1d9857c
4300 81b2d428cfb20f29
4301 8bb45083acf81a56
4302 73c1512ec0122215
4303 13c83da9a10b034c
4304 e30765a6ad59696e
4305 0e4c27b3352333e1
4306 05de36593bcb203e
4307 fa9109c05ad699e6
4308 7a25587e04856ded
4309 5eb4050525055b68
4310 37a9deecc9fb63eb
4311 f99128107ed15148
4312 3a21d7c94b8d374b
4313 64f38da911a498d0
4314 1680866272f91375
4315 687bf9ea8a908c65
4316 999dea47d3276b14
4317 02be8406cf37cea7
4318 c3c9248ce493b1e3
4319 458b280199e76dbd
4320 c2b0b72266cd94b4
4321 5a0a6458191b93ad
4322 312a27c8cc48dd7c
4323 f0cc76b902f4775f
4324 cf9e45499e4e2123
4325 67f126eabb504a81
4326 62725add6f1f8a9c
4327 6048349022f32efc
4328 9e22f00f52e3c483
4329 ae6b323e1c322467
4330 e0867e8734d61326
4331 7b06a0d8c4637b71
4332 9665c11ecae8a233
4333 5c33e1dd4a73b879
4334 9f3e39f9030a181e
4335 2bfcb9989769b812
4336 fd3b9ded4a8f7980
4337 0309419e5a1920c0
4338 bba4cb1f8252458f
4339 1aa179efa96c9660
4340 0149e3384c3a84cb
4341 5ee6ffd08ef51d1a
4342 e125623b633726a5
4343 7c9f6bdbc400ba0b
4344 d136de1596fa67a1
4345 7e0e082434237f10
4346 a4c4bbfe2a62ec8b
4347 5bf84477a9a880cf
4348 83d6adf8a9343c8e
4349 6bccfd5774763f2c
4350 3fac07b447659d05
4351 46b31c983c4aeaa8
4352 f5a2d8ca4b30be81
4353 cc1f684012981367
4354 655017d739ab67e5
4355 568992c73a51ec51
4356 94bd58c0181eabde
4357 d29725bf74fd6768
4358 c3e0808655c2d42d
4359 daa48516a100d1ef
4360 e1925ab40c82bcc7
4361 747bb0021af71af3
4362 d91b4db8b388ac97
4363 39d203c25274557e
4364 d04fedd0d760c7ca
4365 fb355c884018c2ef
4366 5cfd858be0703f10
4367 f2cebecee43ca7c1
4368 52fe4e344d6b063b
4369 8e24a0df42abf52d
4370 1aff88f623f27722
4371 c92f535755bca42b
4372 12eb2364d3230638
4373 61b1c2a10d766f4b
4374 8c5eb62b9d099cda
4375 6d62bcd0267eed3d
4376 32c68f674cc6cd36
4377 0e247cf18f0f7f07
4378 b3849690f159c0af
4379 12f319f1718464a5
4380 f81d81ac78379e45
4381 ae647dac107e0f76
4382 fabf7a879479e8c8
4383 a6c81d29d458edb2
4384 a68edab8a7ac3ab3
4385 c88e2c338e2f26df
4386 48c272231e9db5ee
4387 f42d781d976c19fe
4388 224da60f9aba9434
4389 9f5cc0603f8788ef
4390 313c614abddcf89c
4391 dabade515a836bad
4392 9a4891c25624b6cc
4393 8b2a90adf526e9fc
4394 0907fcb74e756970
4395 cc5f632446c958e3
4396 f45567b8833db08a
4397 248d4baf4707f81c
4398 a0b1ba006b2683fb
4399 9549c41bbf5d7127
4400 52471bee9bfee08e
4401 223a515bf159dd2b
4402 e46dd888f6971a2f
4403 03a5f94c91192af0
4404 5c448f7adb7b92cd
4405 9eb7b28d657dd91a
4406 b46000d4b3ed76af
4407 5ad49b3083499208
4408 6024b0a83c78bbd5
4409 ec7d9efe63210501
4410 970feec1eb1ef18b
4411 9c87229c096bdb8a
4412 d8c737a6e4e37d15
4413 02bc5a7cb8b773d3
4414 5f83e6c7007a451b
4415 77ed0b4a8cafe3ef
4416 b0ec4efbc112368e
4417 1ba774078ea58ceb
4418 90cdc5ba011de328
4419 eaad6b58c5753417
4420 a2780f698dd1f597
4421 8d653e1bf46a5823
4422 cb28074a19deb501
4423 8c06ccae9cba9e9f
4424 e95830b36a32b99b
4425 2f13b14d59b42e34
4426 6b6290b8a32bef87
4427 50ec0c63dd27d16f
4428 2bd5256e179be5e8
4429 45fd2df415bf8a49
4430 3a903da2c50a83b6
4431 0d058c07972a2fac
4432 15e9d591470b97fe
4433 eeee84baca7733b9
4434 21750657338aef5f
4435 cc5ce7090dcd2c3d
4436 1a318e304549ab14
4437 bb74d796f205b555
4438 84cdbd0cb93c6a80
4439 704c0bd943b1f7fc
4440 396acbe4b52edfb7
4441 23a99cda4a32e40f
4442 85dbd4ec0fe30eb4
4443 99bd68edfbdbda39
4444 fdc5d5284bf83770
4445 20a25d33e47273f7
4446 0728e35c83b69cb2
4447 f5e5d9c3e28f3315
4448 a64a096a607319eb
4449 7891d958b79a955b
4450 73b099caf96112a6
4451 6824ce77fe813fb9
4452 ea7f474c35a2a91e
4453 95ad0cc3657946ac
4454 6fe367c6cad9e525
4455 0734d1d689c852c2
4456 003c5922a656cd71
4457 572ad373a1194ddd
4458 c88d443ff65970b0
4459 389a0016bcebf15e
4460 5b7dc26db70b8e93
4461 60bd345388e22dcb
4462 f4265d613fba44f8
4463 03f3b658ce4cba97
4464 e41f201638a91436
4465 6b293996f31fa47b
4466 8fc1e1df2734cd90
4467 9be5aa17633bf1df
4468 eba8e1b914fdb398
4469 7a30036966171d3f
4470 51909be8b23eef9d
4471 6bc27314d671a416
4472 e5e08ec8df68835c
4473 18d89e8417291239
4474 583e99b3517ffdb4
4475 6e353f00f5a59bc5
4476 39655ab6bdad1ee5
4477 87571da6d8f6e29e
4478 3e310642f1c011bd
4479 1c55825c6763bd89
4480 df29e9dad00f5d09
4481 ef08af0a5a31914e
4482 ecf3205a5ecddc9d
4483 2022b5d178c73b8c
4484 1b24690e47ab6757
4485 123d6d8ff42f7789
4486 697e59c85d66a225
4487 2cbf10194f17d745
4488 d88804f567cd2117
4489 841eef6e7d5831db
4490 46a9952e5d6a4551
4491 7c216b96a65c1413
4492 51148cce1d90f68d
4493 f91ff4f0a08b82f4
4494 9ced782a77f6c884
4495 af229f3a84b4968a
4496 2a54b6fe4e54c531
4497 ca8e35f8e3e6415a
4498 d5afd8e3b494d6f8
4499 4468977e02a4de9d
4500 5844330d380271c2
4501 c79d1d5aaa3d740b
4502 cfa4d1e863083861
4503 672f4dd42ca884af
4504 366367deb277e52b
4505 b5d3274d2ed0d96e
4506 c75c70b988f4d9cf
4507 900caa0580d8d73f
4508 a330c0925e38bd52
4509 9ffff369416f31ad
4510 beb470b70460bda5
4511 c401a37b65260e27
4512 161fd4b4edcbb7ee
4513 03fc3a5128ceecac
4514 a40641070cf09e2f
4515 87d6e7bdf1e700e0
4516 8d97b922689add27
4517 fecdfa6d6612e24c
4518 5618abcae39c92d0
4519 0e599bbd34bafb18
4520 40dc652a2e64c4cd
4521 58e5994a3570865c
4522 a2119df74256a667
4523 21082d3eb39f299e
4524 7cadfdd32fb8b524
4525 8e007124a3f51693
4526 93450e77d90080b4
4527 6b27a3d0a0f65715
4528 e83cd09d4c0820af
4529 535b8dd7c76fee00
4530 f6dc4b62cb4c7396
4531 a1976aad7e9e8c51
4532 421f8b6562a857b9
4533 2a2c3a72388a4b3a
4534 4fa1088535da3d2f
4535 3bad8bbac5ce373a
4536 529d439ca4bfb558
4537 808a5194d09d5181
4538 351f4966d4ce3bda
4539 8ca4d515a4f313aa
4540 4670411afba77c81
4541 83815ac1aa4cf2e3
4542 4429c710e49fa8fe
4543 2b92947f83b436f7
4544 e00d6795938b1a9d
4545 8bdc8b02aa377424
4546 a5db729ffe0fd0dd
4547 65c49dfc3fb8e9ee
4548 0b18b5c848ca5b04
4549 0b03022ad7c32a96
4550 ed33ddf5b91677b1
4551 74072438baebafce
4552 8d7fb14e4d0e39d4
4553 4dedce320f9f516d
4554 2bd2357f63eca306
4555 c28739e5cc77a0eb
4556 ea24a3f3fa7ab452
4557 b06cf5e359f7fde1
4558 a0bb3e39b6860aa9
4559 3e32bdd54a55002b
4560 dc7fc5c5c92a722b
4561 3c66302b5d0d3268
4562 53d1326e5919aed5
4563 191b4a57fdc60dea
4564 ff8aaecbc31feac9
4565 994e9183c516e0da
4566 92ed4a85b5d73092
4567 5f549ac808c5bc52
4568 134e3ea6b758445e
4569 1fa4a82b8e2f0b67
4570 0a97cd5188cd45d8
4571 ef62a063e98ebc3a
4572 e99e0c2295b4c107
4573 3de6bac75b02c9c6
4574 639a3ee3bacd1e1a
4575 6347cc476a079672
4576 071ff0d1cc7b3585
4577 4717c5876efce5f7
4578 006be7cd15b240fb
4579 89f6c5fe10e5b84f
4580 a9fe7d380696aebd
4581 79549a5d12ba0df0
4582 798fca7c51e83874
4583 909bb6c857e12924
4584 02cedc7ded1336a1
4585 2ae4937cbf3846cf
4586 2bbed702b431bd1e
4587 c4f5835df90d5d2e
4588 dc95e72447239a39
4589 5430874f2601958b
4590 722ceee4d78f3d36
4591 6ec74ca584e0025c
4592 7062ff386eb23675
4593 8a05d59c1f8e96e7
4594 f120767f4db8b212
4595 4be8908177c0e56b
4596 525fc0f4e28c4159
4597 a7a204b732d7859e
4598 6efa3667a96f2358
4599 eea124ed20a52a96
4600 d09c041ed3cffb72
4601 660be1b79952c88c
4602 c9b1c4af44d2f041
4603 a2587798cf0e1a9d
4604 d542d681b7ad2195
4605 cbe6b6a7f7facca9
4606 23890a598337780f
4607 87d15036d241018f
4608 979fee0f1a4a0585
4609 07f3e48ac0d6e6d6
4610 0ae7855bd9645d75
4611 5525e0716391b24f
4612 ed003412b9d00fae
4613 a67b4e4b220f10f2
4614 33b2f8f0f5b3dcb6
4615 60c317bb20366ceb
4616 289a7570547c83da
4617 d3a8f516b2128686
4618 6cfa5b202433fe4c
4619 fdae02570364204e
4620 9b648feb62c1b87d
4621 96a16b2ae6e09d91
4622 e1665f16b125d86c
4623 743149ce8736a112
4624 b8e8712b428c46ca
4625 d9bdd019e518e978
4626 b0f1074085a60620
4627 131b91a9daa6c6d1
4628 79d03faab05e6f93
4629 0d36751efd99f985
4630 8f534696b8c52716
4631 7edfc8ae3f36a2bc
4632 7bb5f4a7146fa67f
4633 a7c1894b9e379c92
4634 c31ee4e98a2ee048
4635 617d7d12fb924c47
4636 831bf736a8da9100
4637 6f8883d6fddeebd8
4638 2dcff89a71ab2387
4639 7c603f194fce36e4
4640 0678c1148e623eb1
4641 3af782767448a56f
4642 d4a2389241cd1c0e
4643 e276ff21a96e7d65
4644 da6cc13ae0369f35
4645 084396e4422823fb
4646 58f038578f7802e6
4647 76734205887214dd
4648 3548d9e2c6aa82b9
4649 efb68d73b083caf8
4650 527558bb508dcfd9
4651 61013988f8d4b1ea
4652 573945e53858b839
4653 2ee5be8c48714797
4654 7de9e97106fe87d8
4655 3d029ce32a90e83f
4656 c96bd43c7ed81671
4657 e16020614c04b2dc
4658 260d7b5eff8086d6
4659 a2018d38f2ffd3b2
4660 b59c750176629a37
4661 6ea2603f6cc198f8
4662 c22533fcb6a2cab4
4663 56df0a015ce249c7
4664 a074ab8b5049c661
4665 8f9dd25bf7292d03
4666 f691d35fb7ef6698
4667 48bf9246bf159cdd
4668 4e1b42e65941b7d4
4669 239409096b4069ae
4670 360c3019a77fa829
4671 ac4e43afab1cb714
4672 f83b27687b5cf931
4673 ffd0a75e5b4bb964
4674 7d23f6787272f8e0
4675 3a934bfb8d21f4bc
4676 7af72f80f1040f01
4677 9609d5f984d7a417
4678 394b742b871247c6
4679 17482e27b69a36cf
4680 609340b9f5f75e14
4681 91e947b02d33afa3
4682 26463924aceee03b
4683 28c6e9440291a550
4684 c1642c9c4380b95a
4685 d29616567af74723
4686 0c8b104994411db9
4687 406a2db92723f709
4688 42604801e4d5593f
4689 a1f6b2c715119156
4690 61dc126c010c11ff
4691 6f3003d332712fed
4692 ceabb2701655f3d5
4693 70041b8b2a34f277
4694 e8a8b474f560b0b2
4695 33a2adea6e512c49
4696 85313cac564859e6
4697 fc0a3887ac9eb191
4698 888f0ca5690b75bf
4699 fa3b415ab8deb1c9
4700 db04f8edf758adc1
4701 41ac4820b32820fa
4702 e3ae514a03f1c416
4703 c168af2c8cd5c953
4704 f6deaa9ea106ec22
4705 a216f5c6882258c0
4706 c14191facdaed089
4707 fa5d337b1a78620e
4708 b93c555d7a48502b
4709 94025065431d1b9c
4710 1fb26bbfa2590093
4711 8e4d80f3462ea289
4712 995ab48ffcd9d67c
4713 f83861925b1218d2
4714 4f18ff790b8379c4
4715 90dbf866bb8c4d3f
4716 9e0768a7c9e89110
4717 b6aef7eb3f2780ec
4718 e4390ac132de9aa8
4719 3c73b8069c2e39f6
4720 d12afbcb57870f69
4721 0c48b9d33abd9bde
4722 f178c3ec75c1e5a3
4723 8cc90dfe7374baa9
4724 cdb21a44c732a36d
4725 1572414fc746564b
4726 66ea53fd0adcafe6
4727 fb8c38357eb54fd1
4728 e49de2697aac805e
4729 105ee5a06e645a38
4730 516dbaae563c3fa8
4731 464593c5b0318069
4732 7b33e1abea1e806f
4733 abe815a077c5c312
4734 30c39ba72946d13d
4735 e6d37e95688e1c20
4736 af184e25b4e17dac
4737 1ae91631900925ad
4738 b25d4b0b81907f5a
4739 a2c7b612d5c558e6
4740 614f25961eb49a32
4741 7aee3263de58018a
4742 5ac42e65fcda1bc2
4743 00d88a970bd905ca
4744 36269a6c33bdd608
4745 09be0f462c2b92c2
4746 2672d2ca8f5cf21a
4747 e170659e45446edb
4748 8630109bdbf18d4b
4749 45551d0a2d9fff15
4750 02d51a0d0467b533
4751 b71c4e5d59a3af54
4752 bac719c211579b6f
4753 40b5b06484b3c169
4754 64f2271846c44b61
4755 045b088453b57be9
4756 732673ecfb65dffc
4757 2440a00c001c0567
4758 34993c874d125d6e
4759 064dda5f69a81070
4760 60d8d150554dcee5
4761 18fd5726c4933771
4762 6bbf81cdd849343f
4763 fc08addd40d8aa76
4764 e868ed87cde7dbdc
4765 8372baf62285d988
4766 37309306d1fca562
4767 ad5a5cc9c3d3cd0b
4768 9c724a5ccef51ebf
4769 e9c90e44027efcfe
4770 81badc9e296f3d2c
4771 90042c5abff456e0
4772 868b2e9a30bf646c
4773 f191775e304dea10
4774 1a21709512da8d32
4775 9ab80004bf3e2c70
4776 a7ca378ab3f17484
4777 71714df6d0e45b1b
4778 bea166999aa32872
4779 4e8ecff6b6323308
4780 f0ff65c39b671b72
4781 adfb6adc98aa0fdf
4782 d858ee661f6084fc
4783 eabccba022137c4a
4784 3a7bbb957416ad5e
4785 0ff03e8592b13a9b
4786 8fb7725c6722dbb3
4787 fb53586903233d3e
4788 a499afc30e4f4479
4789 3d2ba8424931b597
4790 e25205f7794dd074
4791 af63eafbdd239c6d
4792 92541b367fde85e6
4793 7830e0acdf1d54d9
4794 3e921ee3538c4a28
4795 747192331179862a
4796 3b365538cd685187
4797 c54858580c1bea7b
4798 2a02fcc5371e8d52
4799 d467bb96d8ac4b7a
4800 dbd73bc89072fe74
4801 b76787bc04eed73c
4802 b4b43429caacf967
4803 c1a6e5b24e4062b5
4804 1cfa1fbccbf654d6
4805 caf5b7cf3ff397d2
4806 6f7adcfbcd027622
4807 97f90e799b619000
4808 99b31eae5b5cfa51
4809 9293166c68a4d621
4810 7cad08d7ab831ad0
4811 56ffea0c80524619
4812 32017a2ae1aa1956
4813 2a946493978a4ce1
4814 9c4f2826e886723f
4815 e50ec8b15ecd0e9e
4816 54439ee8eb082ee2
4817 dfa521c6be8b84b5
4818 1c32bba2ce000bb9
4819 1469cbb90d127d39
4820 4464bff724ca9017
4821 a9c731ab8e7a1da7
4822 4f2da737abbc7c68
4823 76b2ccdb0e6a2863
4824 c2486bc9937a75e9
4825 452c994d5f51f95f
4826 3b23809a48aca7c9
4827 3696e58ab6b0bb31
4828 b6eae9d7dbb13085
4829 1089c0f5def15a7b
4830 ab9bbfb93e2e3526
4831 bd4174b4f5e352dd
4832 0784b8ebf729d18b
4833 de84e38e5e641109
4834 478e4dd9fdc8e7ee
4835 7480684b6579f2ac
4836 e803c15255fc548b
4837 a842e0993dee80fc
4838 de92e230a1577f5a
4839 dae8e745aec646c0
4840 fa33db6ae33cf305
4841 53ce489e93cf4fae
4842 72565a251fbdff9e
4843 bf7162b2106a927f
4844 c4f59dbe77052615
4845 98b2a062f7f246e4
4846 703f434b925c9a2c
4847 297adb5fd5a0f91b
4848 711aa9b2bf9cdb9f
4849 a58ca77ee1d9a01a
4850 7fbdd3141cb64de4
4851 df0f677f84497a29
4852 9c783f1ff7636733
4853 39a6139f6844a82c
4854 ab4d9944354834d6
4855 0d398d25b0958634
4856 1a00f9384c5b8d3d
4857 42fde6e76109ec4f
4858 b9659f135965d311
4859 3a163ec65d2d08d2
4860 ec2830d6b5f92014
4861 6f5dcd9a323fd29c
4862 b7471947e926f016
4863 c5f075409e4a2ac8
4864 44555e0c2e519478
4865 c74b1bfae7e0aff7
4866 67dae47f0d1f4c3c
4867 f2ab22e0670de24b
4868 78aaf039340da6c3
4869 474ae841d8d1c34a
4870 bd02d440bb5082f4
4871 c67d88845db36c0e
4872 f29084e62ffe2f16
4873 6b8813996a66b940
4874 d398cefbcf170c4c
4875 353bf7795d9a232e
4876 a2f64f06ae800d06
4877 02031c2288fc4f03
4878 7ef2c51df25992c5
4879 72578f9114d82ba5
4880 efec8c30fc7c8b41
4881 b18c14ad6008a73c
4882 84721aef4e2ab0ed
4883 7ec989e04f6d536a
4884 465a1632604dede4
4885 3dfae7c12e209df9
4886 90f955d1ef9f8d37
4887 7ce5c9534acce8fc
4888 85062e79f0e3e865
4889 0905aa693dd09b3a
4890 383769f7639701ac
4891 953859b4b2cba352
4892 46248ff393ad5a4e
4893 65511f889b2e080c
4894 6b96dff3765fa1c3
4895 090576368e66cbe8
4896 b9fae144d4da2bf8
4897 766986747bb21f5d
4898 48164e5f6b89b018
4899 03d470f3d615d34b
4900 9c55a1db1c717725
4901 aadc638e5b20ea32
4902 b68389c8caa5955b
4903 c7d9e6f6a901f515
4904 13e8f495ebed25c4
4905 4826838fb076fa39
4906 d3ea5c280c54e5a7
4907 26006cbc33925938
4908 4bc6d18fa8d1dcff
4909 8c8a407f29289578
4910 a8e115f7003a4c7e
4911 a3c9a9fa873542ce
4912 3522dc909430854c
4913 38b8a0c73fa62712
4914 110fda9749969c24
4915 e40a831d20bfc5de
4916 cdffa3e44356096b
4917 2cbafa83966877fd
4918 3d77b959c43e13ee
4919 02296993387fc398
4920 0478e31386efe654
4921 3ace0e7f6026d13e
4922 0148907eda77f5c5
4923 91799a5bc6d81073
4924 860dd28d17593c3a
4925 b459957ff7826911
4926 4d00f4ac23c97a55
4927 e415d7f7c4081979
4928 53b94c05c33e2aae
4929 d04ff79b5a70a722
4930 17241e7a2a082779
4931 21d3a0f756bfec8e
4932 645df293305a8a9f
4933 c73665336659a322
4934 3542ad1aa578379f
4935 afc3ad072b3a350e
4936 c720290cd5a90bf1
4937 d192123a77b71d4a
4938 be392887c15d2107
4939 d4a4155061bf408a
4940 b8488f509b2d7783
4941 b687ad7e11d715bb
4942 70c553011f755696
4943 b710da011ab32f2c
4944 14e05bf4d3645cea
4945 26f18af5cf65dbaa
4946 f646927850566d98
4947 5b9c0390451daea7
4948 72d928ffc4e3aef9
4949 ce206a3d37dae469
4950 76734dfb25522700
4951 db5dc42256908ef2
4952 ff0eabfc7dc0b338
4953 2ad800d836c7ad3c
4954 57597d205ba46c6b
4955 2c059dfd9c750d89
4956 42cc1a6ef4939490
4957 0df9e8b1bddef379
4958 489795586ae9cc5e
4959 00210d07636062e0
4960 a08e96e03a774b4c
4961 446ab76bd1c8c33b
4962 1e968cb7898f0157
4963 b67710cf0673b4fd
4964 47b202400042fea0
4965 179a30297eab8827
4966 fbfb6f4d066a2f72
4967 76938e9c249f76bd
4968 7cbeb9c405490341
4969 3d246832c537e926
4970 84fbda6a74bda719
4971 1f010922ee622243
4972 720638166ed778d1
4973 d017d1014a4d4944
4974 4afd5433a6884ebf
4975 e751f72ac347700d
4976 40e3903992404e38
4977 5a222fae5b8691dc
4978 0037216c507ee55d
4979 f900b591b01d68a0
4980 6a261d5d9a2df78c
4981 ff862fb7a1ee2187
4982 ac4520c235c9b524
4983 52bc26c323fc3bb3
4984 b5596b1650e5c0a6
4985 bef5ed4e456efbc1
4986 5d38a04c8e8638ba
4987 810de59c9d6e94de
4988 ced3e4af2f653834
4989 719cdb0406a343fc
4990 1bfdc924ca5eaad8
4991 81b299af44302c75
4992 055ded4d45c8f323
4993 46fbcdf1b4afc8f0
4994 b01c2d31047bf346
4995 0c8ec92e516aa217
4996 9b69e7e3bbd5d8e6
4997 c272528ff7f9469d
4998 4983978777b3952a
4999 df14f124f5c78bd6
5000 2f4f50123e12ca09
5001 b9d16fc58902492c
5002 b3122fcdbbcf59bd
5003 c9a2aab2d39225d8
5004 e1a77e11d7b6a236
5005 56a46c17d0945a49
5006 0a571221db173f7e
5007 3832f480ea20d6dd
5008 5bc94fcd4825ee9b
5009 7b8937926080aa02
5010 63d08bb602502425
5011 fc33eb002b877189
5012 97c854929f4ef3d9
5013 32d8d8166e200c0d
5014 f26e7c6c74976a89
5015 6d06d04bd864da37
5016 f3be26eecb7a55db
5017 4c313ccdb3d6cb11
5018 bd243dd0dc828bd8
5019 7cd7ba4e8adb2d69
5020 0f5a39dd857fea44
5021 16c802c947f132c9
5022 8396d793770e68f2
5023 bb6bb5ecebc03b12
5024 def5ab0af1d49038
5025 42219020056770fb
5026 e70646587244cfcf
5027 170e5f4033a8b1ac
5028 d4dbbff6dc09761d
5029 a63ecf31a77ba51c
5030 c11487160977e235
5031 21b8c72a071f5e1f
5032 75e7e8d49fc62c65
5033 0aebe7182a5a73f2
5034 8c0eb7b77b528b18
5035 9208753d6742ab69
5036 84469f5b236af997
5037 47d7ce919860ba73
5038 cc90a4fcd03cdb84
5039 9f7c0f35a873c6c6
5040 118df04751ff7d67
5041 46c2997ff82cff47
5042 f64db2801e186b72
5043 5feb3b0d144b7293
5044 f3f2745dca8c0d90
5045 af2c5d7ae37ca9d2
5046 7b026d0712ffd476
5047 025cf355d127c433
5048 62ee4e381249cef2
5049 8e99c96091404fd9
5050 296f9185119d34cc
5051 8870848b5adbf207
5052 2439330ee409ae8b
5053 704bf54ee1757dd8
5054 2beca0db3b942abd
5055 4bba913baa80de28
5056 0cdb68fefc05b558
5057 08955bfbfebbd8e0
5058 40ba3ece3b5b4218
5059 7a2882c63232a714
5060 b2fe83de68f8bc06
5061 fef8c48345163ed9
5062 7f336763b010af88
5063 2db3f95e230baf8e
5064 966deab93753e26e
5065 990e2853d6941703
5066 75f6dae523800161
5067 a1681cf2069580db
5068 92a9c9187233a435
5069 4f8aa5ec8639984f
5070 83734313bcfdc783
5071 dc8ed53490269f6a
5072 d05f19bfc8b94bdd
5073 8856a3735344070a
5074 94cbbed89fcb024f
5075 e928b08da2ba3d00
5076 7234265be00e8976
5077 cda22f5e8e041f1a
5078 73296ffcdfcb489f
5079 46f5b3f7d331207a
5080 c0959f65ed3d1fd4
5081 284d429ab3b23499
5082 da530f1f5d025c8d
5083 43081aa2469c97e1
5084 ff4dbae9898f9115
5085 42f360f6d3925eee
5086 1d78502936eac3ac
5087 7107151920280572
5088 b1eb722140bb8558
5089 15bc2623ea8fecc4
5090 814ed349a288dac2
5091 9a63ec172b169694
5092 441d61d6c738f90a
5093 8727dbfe403828cc
5094 99ea6ab51f5f5a03
5095 e97e4e6bed91a38b
5096 f61843345bcb7d90
5097 bf708fd2f3b95f4e
5098 d58cfd13e3a30a23
5099 e3c1510a6d4c7148
5100 931fa950344de08d
5101 6b63bfc6b95ef7ac
5102 75df62e03527c827
5103 a650f07015275f3a
5104 6f6d23da25d13757
5105 cf65c479aed60a7d
5106 074fddddb1a22dfd
5107 2bed40856f8a5dd6
5108 6720f9e521507a0b
5109 29f9679806aa681f
5110 1f3e690d266bde5b
5111 106f722fcf6b1a11
5112 da9df3d5eb067a00
5113 6419a9b822473038
5114 7c45263fdce1020c
5115 6fbc8be071b03dcc
5116 860c0a704f825abf
5117 1f287f503f3e55b7
5118 8cb7887de27dd165
5119 cd1c13cc21efc1b5
5120 ecf8df64f12308b5
5121 c2d63a1d81f84a13
5122 d5de42a2a27685a6
5123 0c092510b4000669
5124 656be82bf7351062
5125 66e6791e3cc86c05
5126 9af851defbb95899
5127 76932ccd2e8b8224
5128 63ab244f706a11ee
5129 be0329e4a347cab2
5130 f4e23b5c126c0e51
5131 f71ee343cd99b02e
5132 1a5f45ca98cb93de
5133 f4b3437a89456784
5134 2f416654ea807bbf
5135 bba4d9851784862a
5136 3612308a2bd9295e
5137 a03d710ae28c7050
5138 d543e8719b6fe887
5139 8d75b901d2d55a84
5140 3f26736b0cd7fd1f
5141 eed3cc75033e1aad
5142 2fb540fdec9497e8
5143 4632f8645f1c4a0f
5144 2898e03bbf1507a2
5145 bb94dcd164550d25
5146 c1d392aa1ada6efe
5147 3b22cd689eb4b9eb
5148 0c0f0c671b83170c
5149 30bafaea108fb61f
5150 42f9e15e6ff267e6
5151 d6b58bf74bc3b531
5152 cc156e188abbdbb1
5153 3703ec0a5c2f7b28
5154 59edb81afc0d62c5
5155 c519064acd620e60
5156 b5377d020cd940e7
5157 6c65cccff63da868
5158 9191ec0ba2f38a8d
5159 6742b9afd2944226
5160 4ab0a353c57c83db
5161 a5c074216fa702ef
5162 2faa93e26bd4515a
5163 ff61776a5cfd7e03
5164 df2f1deaa0762a0f
5165 98e0937fc95fed2c
5166 1193659d121da51a
5167 7661a2e2b0b14208
5168 267c5e0a93d499a6
5169 25ce873ec44fb4e0
5170 7b0112651787c98c
5171 cf5cf7aaae57ec4d
5172 81bef94ac03f52ce
5173 deafca21529f3542
5174 bc96640886f46864
5175 5de46caff36b06cc
5176 da9f02d4fc9064b8
5177 b3facf801e8620d6
5178 c438ccd7522cb4e1
5179 ec5e2d33c95c211a
5180 8bf53368d2f5da0e
5181 34968b2ca2e21d83
5182 db723a84a660a1a3
5183 938f41aa0284e253
5184 6111d35677d52b71
5185 f02ee587f7ec4195
5186 757e3fe71b6cb489
5187 18cc590e218b6527
5188 ea30cb9d0798dc57
5189 e87c69e9771c4351
5190 e0265e52a8322bf4
5191 4bf32f0540986937
5192 17b8406840140184
5193 0a8eec5ab44de8ae
5194 35207bab46a2ef9f
5195 f478ed043ae5c116
5196 418f974b55062eb2
5197 db0dece6f42992a1
5198 1a49f49dae667834
5199 80be7b7adfe2903a
5200 d35067dc3fe2d915
5201 a15eb5ce5b2c5a83
5202 51ddde7c6a436096
5203 f4c0db3507a67635
5204 86d0165b2f88c288
5205 6d3718ff57b9ad1c
5206 a75b4eca523cd47b
5207 ab06b2fb7fa7112b
5208 191990be4da58abe
5209 44e4b06aea593dcd
5210 49f03426086549f2
5211 d112ce442bc9af6d
5212 f45bf752c9d6ca7e
5213 5f8fbd8b1a3d704c
5214 20dea828dfe26fe7
5215 f520635a684eb406
5216 5ececc0fb0f42f21
5217 c9801688c29558e5
5218 1998811efe1ef22e
5219 d8a33a138d287a10
5220 c453e83ca0362766
5221 b2e8945bd60ffa84
5222 2ad1a502625e5b1c
5223 d579c27636a3c6d2
5224 addf6a649a7a940a
5225 2d160992fe69b420
5226 788532db375e7ec0
5227 c541f84718cc34e0
5228 782aecf7b54be54b
5229 28b09bb44c38a679
5230 9418e8d5525b2821
5231 67e18efcf9192ad5
5232 2bae8ebda1ba5f4f
5233 ab434166df4fcc63
5234 41de38023b6aaf00
5235 43048b1981e77c3b
5236 4fa6b8a19c7b4bba
5237 e33f8b04d5b4bc76
5238 dbb85474ee75acbf
5239 36f50d3d3f99631b
5240 a87f15f9f6558b51
5241 96444717dc98ee27
5242 9bda08f5b22488e8
5243 b9da1e3b811fc416
5244 ce0812e44640e188
5245 136ad9e9f210a292
5246 abd64dd3a78f9031
5247 1831f7fc83913e0b
5248 52e05b35cd798546
5249 195033cab5bba9b5
5250 8224a2346a005a6c
5251 e6fb30b314e9fa78
5252 8d1e6188be39ab6c
5253 25056296503746c6
5254 2d31b5f91c61c262
5255 b8f31a51199a15a0
5256 a75954a61fe3af70
5257 8c544fd01476c938
5258 27a3176dbb850626
5259 4e89330b3d322c4a
5260 b158d02cbe9ef782
5261 05e3b28345d26a1a
5262 557fca558a2382d2
5263 0deaeb27b8f92f18
5264 1b8064d9a085f874
5265 032fd18572fd239e
5266 4f33e7c5de4f8dfa
5267 fe49d8c0d3fbf1b0
5268 f74ef9418d3abafc
5269 507a20a4495ae024
5270 d5dcb7c07f4eef9a
5271 4b5809d9bcff002a
5272 d7d2ec4653171468
5273 5e59806f7bc72220
5274 488d86426ae8a494
5275 3466e52962ad7f6e
5276 c883d3403bb88156
5277 adee3a2e78e99d8c
5278 36bcf180b30bd262
5279 bb9181ebc26bc927
5280 666c79dfa91b9d27
5281 2d88f4a020b7530c
5282 55a09e736e664a77
5283 0e7db7b0a48accf6
5284 b41ed345b1684c65
5285 d4dd7f2ef37d9d20
5286 170f71b750826801
5287 803acb97cdf21620
5288 f0d4a8f85498d6fc
5289 b06200017ea9ed58
5290 96beecb3ce9f4cac
5291 4d6bb0cfaab10121
5292 b5002ee88bddda52
5293 5872f05849fa41d7
5294 4d6265df4f8343d5
5295 b835dc964e013651
5296 0cdc11faaab7e597
5297 53ac98025707faad
5298 95325ebf6df57715
5299 7212614ba1b91948
5300 26e8bcd35e02a66e
5301 3dd96613dfbe8a79
5302 ddad48569433052d
5303 cd165a8f306dff4f
5304 0eb6729d7b0a5a33
5305 bf60cb3066f9223a
5306 17f164cbdb2f7f8a
5307 ebf837bbd2168da2
5308 0eef95580586b41a
5309 31304cc4e9a468a9
5310 d87e40b6b06061bd
5311 9a9bc58ed5274808
5312 1fcb636406193f91
5313 393bb91209be88e0
5314 f2f746d8eac59029
5315 e0bbe96fe09fe2ca
5316 bca1a95e01409732
5317 64a0cd7e0a21a07a
5318 643dfa796e08a529
5319 6cde941bcd042f20
5320 f8b5527a08146f99
5321 f51bcb0054611293
5322 c962a5038cdc539e
5323 e10da0781cb084b6
5324 0c61927e13ce7421
5325 8b22f858fe8f154e
5326 6678a03a5ff36981
5327 a860817d5a4a8453
5328 38378f5d558a8dfe
5329 5b8dd86766f6bf16
5330 984804588d303ca7
5331 416df29869f7ae93
5332 f015b44ef6e19a67
5333 d898e0fdfe6e63b4
5334 922ce099ff72b8ed
5335 86b3f7ec399eb41f
5336 272d38cc1eb7697b
5337 e409f8055bbf6220
5338 1b9ba591b09ccebc
5339 88a34f4c7159109c
5340 99701f19af58ffa9
5341 235302a3f99b56df
5342 6804e7dbacfd4636
5343 6cad58a1bf92f4eb
5344 dfe8a2914e60ef23
5345 7e42452af723b953
5346 120b57f515842085
5347 53863ef6ef26a559
5348 0d7c7e0712b10a06
5349 7294e360ceebc8ee
5350 f1c6c6fec4c3e583
5351 71b2b31c713415af
5352 b9d117d2bb3c5dfb
5353 42dfea7abbcf6fea
5354 537e212fd6eec916
5355 fd5315a51bb37c30
5356 fcb2c19b382ffbde
5357 efacc2be326e5c18
5358 16113682c637fc25
5359 301fe960ffe6b866
5360 d88132408462c38b
5361 67080c25ed039f8a
5362 ce72d3c20a90e6d3
5363 dc378bedeafc77ac
5364 16d11aa39bf4b119
5365 4f2d9a5a21bf3267
5366 0d676897413d194c
5367 31d4628b779c715e
5368 4335f361c8d6bea4
5369 6102b27b2264cc43
5370 710c8672fca9c0f9
5371 8b91455c7f4709df
5372 9dad8f7083fffc9f
5373 3a971c51fe6b5247
5374 9944417d7c08f8da
5375 2445593236a79d12
5376 2752a35bd6ff5bef
5377 056ab9c1791c9b0c
5378 ec42482834c51a96
5379 da757b587ce0a7ac
5380 cc5008e3eb5e9e1d
5381 e6769efebfc6c095
5382 da2a2593ad6291cd
5383 848d80635bf87cac
5384 4472afc4055fbdcc
5385 db4718b9ae03e7c5
5386 491ff3bc29fbbc41
5387 48e9488d1271e4ec
5388 8380a10e463055c5
5389 cefc4f04b0cc85e4
5390 2206e04e311a91b0
5391 2664ee5b4821c086
5392 7c89a83f4bee35f9
5393 487a4ee92b1829a7
5394 7edf2439121c0b19
5395 cfd60863b33618d1
5396 a2b607c54ea99bb0
5397 71a338f75c651e33
5398 0b8733b30267275a
5399 776b90031075501c
5400 833bd5144be0c561
5401 e54d5e8046c4e037
5402 e8beaf956afa193c
5403 fdc4a18c26943283
5404 9af6dd358a0d0a5c
5405 61bf9766e9c47f16
5406 0df7d7445023857d
5407 1a81750cd288545f
5408 99a3bb455e466f74
5409 48d9bb1f5307e303
5410 4b2140a1f139aee7
5411 399e854b7149f49c
5412 2a0f9b916555d22d
5413 cd3321c3c973a43e
5414 1c7dbb2bf0f0d53f
5415 e964cf9ccce7f855
5416 998b36d7100600e6
5417 1f769c4cf524a420
5418 ac6a110c4146d440
5419 e49ac0b42a5e32bf
5420 6b2adc21893c8f75
5421 df84849acbbb3aa3
5422 0a12ee69935c519b
5423 b1728c5f8d950206
5424 da83c68a539908e2
5425 15597304bab52f62
5426 b13843821e7aed5d
5427 cac156372fc0d34d
5428 eafe5f2e356b5c95
5429 0fa9673f5124598b
5430 0dcf5b3e45715636
5431 ac529e1df446a4e4
5432 ff61bad620430379
5433 5f395e6cecd363aa
5434 a769d08ff2d26c45
5435 341d4d6e7d3f9e1c
5436 00a005510b11787a
5437 9aa8ef5a4ca33817
5438 c2782e08c5a6b15a
5439 228ebc6a03fd4a6f
5440 fbdf0b2af90907c9
5441 e10ab928b3977f18
5442 7fd73ea34d7c680a
5443 03d59d90800d5d4b
5444 55360de4b006ee7b
5445 f654d84c5d92f9af
5446 edf6c4a585e7d143
5447 7f23eea9bff57c9f
5448 d980f7f7c29a8d27
5449 fdc37595f02be4a1
5450 8455a1e375b48d21
5451 097b03ad525e2262
5452 3d31a0b33e1bef12
5453 fe0ff676269d8fec
5454 ff5ecc1912d00999
5455 d8a4e50f26b50e5c
5456 06ff0f1c1377b1cc
5457 f2f4670460d3412e
5458 39dd3daaf965dfd1
5459 c77a85311ae6ee54
5460 372ef7c3e19be8b9
5461 bc55741729b5f88a
5462 700953836c45e5ef
5463 c328255f0c32108b
5464 459a58cf6ce05611
5465 34c97ac4beb245ed
5466 343f2da0c13ed11d
5467 eeffba85274992f0
5468 f2bd6379e30ec4d2
5469 f8bfa7dfb7183f1f
5470 cde76a9a248629b0
5471 10d48301bb2d9ffb
5472 96fcaa80d67349f3
5473 6703d07e8b667408
5474 e74946d8dba5b5bc
5475 7dad2d714744f5f2
5476 ac12d59a8945b78a
5477 422ad03f03a60aeb
5478 f3a075a78d0b50d4
5479 89b3a16cee60e547
5480 4d3c8947cb383a96
5481 f12c876cb6807bd3
5482 79abc46fa6bfefaa
5483 c15420716947f29c
5484 c50e832bd058f81e
5485 b467b24ed4a6f9f1
5486 6ea94e8bfcb30f1c
5487 db812cf0dcfcac1c
5488 121fbe250a73d716
5489 ead6dfe17f278896
5490 c9988ece1152642a
5491 67d64373c40df894
5492 ee72fb176be7ad26
5493 f2f31026f0455fe9
5494 78c07169d1e7ffe5
5495 4834daab55dbae36
5496 108c4c1eaa033a49
5497 f1ed475f9805f42b
5498 cee717a2a493539b
5499 b0d3a7928528ff34
5500 838b319f0ca54ec9
5501 ee476033d08203a1
5502 0943e3eb7f5a5bef
5503 a2a70510cb3d034f
5504 c4f9aae17e635873
5505 dc9ad08f7c583033
5506 c52a43855e3cbddb
5507 df5e93db5539a3b8
5508 63c5f25803ad24e1
5509 220672e5656f23a0
5510 e2f20815bf882686
5511 faa757d9ca071770
5512 b247c342eaedf19f
5513 af43aac129993ce0
5514 263581c1771043d6
5515 4adab098c2dced38
5516 b95f0ee6b462dc7c
5517 b0ea528db331ffa5
5518 fb7985093e76c426
5519 4858f1e3122a6c28
5520 364addacf0b1bea7
5521 b6801d5ac43f2130
5522 d47e6341b1559c8b
5523 9f88fcad22fd5cf0
5524 e66474c495984268
5525 039bdfea222ae49a
5526 d086d9bc58d55d26
5527 f50546cfda54baac
5528 d30f420b34cb16c4
5529 c6b649ec02791687
5530 a21d3768ed1e9acc
5531 15335387668cc916
5532 47a096db05b498a9
5533 8e6ce30462468cd2
5534 88039ca0b9c14a9b
5535 214cf8e9592ad289
5536 bd20c691ae1b4576
5537 b0eb5c98b4df7629
5538 ce7ec03242868735
5539 74b9541ba49989ee
5540 61874d9b6f7344b4
5541 fcf17e69e13548b1
5542 aac5b11d410917ec
5543 076f4c1838446586
5544 4108642911fd1d1b
5545 c2a73077d142ff55
5546 5af0b517d57ec413
5547 7396531a64f8563e
5548 2664a1f56064aeda
5549 741876f3284dc89e
5550 ca30eea62f4365d1
5551 adb4b3555d4a5c7a
5552 5f26ae53eabf47a6
5553 1ba20b335f9a481e
5554 715ba020f3e3e4e8
5555 1fa5667045f10373
5556 fdc5c1adf0ad2015
5557 abc21656a632511e
5558 a89c9cd4afc0842a
5559 122cd75c8762df5b
5560 cb65e0eed6374b14
5561 fb19ef9d932cb00a
5562 732ebb1ce6b92fab
5563 4892aafaf89ca6eb
5564 84920508bf33af80
5565 fe2238777d09d2af
5566 c35d2aa69f4c12b4
5567 8fae560ca81e48a8
5568 1cc7b4ace89b9ac4
5569 759fcef8748c0432
5570 9a5689bbfd89304e
5571 b63663bc150feab8
5572 6665c4071f556c93
5573 7b2ca6e88bc71d29
5574 f1f55772335c7158
5575 2ad27a15566dd64b
5576 823bbb18d7c29589
5577 d3c1d57b76ad89fe
5578 4ff4b3fad3507167
5579 c0586a3655ba3dfe
5580 f816a15f67a96942
5581 75f7f280229d563c
5582 b9979ae59d37248e
5583 882a69b03981e080
5584 b80c9877077f5080
5585 ae92f9541500b3dd
5586 fa7878f31f125b04
5587 b21299d35a56e442
5588 a4625e6ada407c9a
5589 afc0811aa8774382
5590 ae56df83677513ae
5591 a9c38713cd9ab5ff
5592 280422526a24fa21
5593 fb48cafaf32c9e50
5594 2571eaabe1c5d373
5595 a836968e4410d1d2
5596 cbab180d26b86c93
5597 205985e6e263b10e
5598 f6e597eec94316f1
5599 364a2b654b5e4d6e
5600 dcbe4eca92673b79
5601 d0ff677b59f25ac5
5602 d539d9b3289d5776
5603 3efc73986873bc9b
5604 13b0dbc75ebf6222
5605 aa6a0132a927fa29
5606 25a35ba3e6404c60
5607 727f7250f57585e9
5608 a83292d15add192c
5609 955597e839cf7fa7
5610 5b4a3442f3ef764d
5611 619e73b60245fcc6
5612 f6662d0d1d337ba9
5613 38c21bfcb8eead1e
5614 4ae70a2afdee2c4c
5615 1a60d3bb87b67622
5616 21bb9f3d3a63b612
5617 7d5c7f79c32249a7
5618 50364a9cb031be58
5619 7f72f5838044a885
5620 aa0dd568d67bf312
5621 2cdce7493201d3ef
5622 01224aa282f9db06
5623 7d7504e207344f72
5624 460d57d5d8402a43
5625 a63a81cfcc8373d2
5626 7c05c7f36c9e87bf
5627 bb1a3e41c50db009
5628 fb8fce7ec6b57f38
5629 09dee5bf7707b7a3
5630 6d4bc5a0767745ba
5631 b624efd9b6632967
5632 6e8f1f6df59529f0
5633 b2c87f79e759769b
5634 e281e2aa1bbfeb46
5635 e09719b71a32408d
5636 9705218c34339c59
5637 9e24b6e45a9e3d68
5638 b7615a1ac5152761
5639 c611475b74e5671c
5640 980b149c007e4426
5641 eee598ddce54256b
5642 09d317cfb00cbe7d
5643 364c445d39941e6e
5644 7315f024dcaf6604
5645 e69bf8c5b151be44
5646 b727c7cada45be14
5647 4ca41cebfa6d0302
5648 50e0a2311cb64eb2
5649 1da9578ca1fc81b8
5650 540399d16973f43e
5651 21c67586042ba3fa
5652 63694fac5827b48a
5653 82b9e480e128c29e
5654 2acbe28e8badd7fa
5655 217d5b012711ccd4
5656 e2f28bb0b84f4187
5657 45b5249e8bf0aa5f
5658 93edff05c1e64fa3
5659 d14e4f470e28b1ad
5660 3db00471555acd25
5661 045a5ce9f0cae023
5662 7ad88a7ce0b5cbef
5663 a48bf7b5a16953fb
5664 22ed510f419e132f
5665 d58ab0c1b6d917b2
5666 631464f81aae95b4
5667 f41b028176ccba48
5668 00b1b4dfb29c8c6f
5669 a00a9a9cd04ac049
5670 4eee0ababe2de5d2
5671 df3f824e53a77d11
5672 226c81967de724e4
5673 1972f2de364bf27b
5674 e3f183697799588a
5675 d4545050500ed007
5676 ab48c2f746e0a3bd
5677 d56dfe962172b09f
5678 b8e43c48179e7757
5679 c75936173f5df6e6
5680 3a49bf264cf75106
5681 d2dc7ac5acb68f7c
5682 2de232a85d0521b1
5683 9d4aad87d3c4e1e3
5684 d47519641b28f1db
5685 b7055744cd7411c9
5686 2e80f3344b2e24f3
5687 180b5d79be06c399
5688 e9a0c1a7240a6e2b
5689 bf501bf9d6230b0b
5690 8d5dad15de771cf3
5691 3ae338a26985f0f6
5692 48647b70c08a8bfa
5693 6e4115af76a4e1f5
5694 34e7155ecec9e2f3
5695 84c5c25485b76ae4
5696 2d17bbd547a54d7d
5697 a3ebd2d60ce2ce94
5698 e187cfd455b2b28a
5699 df0c4b6635d63b74
5700 5e317671523cb6ab
5701 b77e0a3ff0d14d88
5702 13f4f0e8152b0fd6
5703 bcf7c6bf6438eef4
5704 54d614e1c1a9010f
5705 5f1b85764bc9edfb
5706 7aa70fa1cea55b06
5707 a6e7fb5363890a23
5708 798294e3546c886c
5709 820905774d0d3827
5710 a0c8a34aaeee6835
5711 55cde6f474b380e8
5712 227d36287cbed1b6
5713 2a65ad87d1b32b4a
5714 e7e669ae73092a26
5715 bd9eb094176547c0
5716 025bab2b3fa81704
5717 28796951a35cd4b7
5718 242716490412aa2a
5719 d34523e8ab4e7519
5720 4a27f3b26a433801
5721 d014083a8af80dba
5722 c740912351f40cca
5723 e08566cff9a031c4
5724 dd225ccc71b42d72
5725 4d55ed158a85ccdb
5726 3a0df2d2fc52f485
5727 36088ea10dbb7651
5728 e8f63a63c2452c9c
5729 02d394a2011a6fc3
5730 88eb6ed1bd39c181
5731 5678b5de43aa3f5c
5732 4cef52f0c4f2f9e1
5733 05f158ad5bd8852a
5734 a320b476a4275207
5735 5ece5acc72c44e16
5736 748109095251579a
5737 866b54faaa1d8528
5738 39d02b5f0aea9f3e
5739 b74591a252b7eea8
5740 9d4dd3e980ec0788
5741 ad7184a5148299e8
5742 9b410293c10389ec
5743 f9ae54f9f439a2d4
5744 29150fb38f4d9a54
5745 7848a71a110f7056
5746 3d1c558cd4eef8ea
5747 8fd619646edf8c58
5748 2057acc04ab19a74
5749 a7fd2f088c237632
5750 5f694bf7a7290fb0
5751 2045f0923b767f10
5752 b83624737ba440ba
5753 7e1be42d3bac7b82
5754 79facde7badbf943
5755 dc521ed80df765d5
5756 f895e5a1c4944866
5757 efa6312d9bc5b2f6
5758 e83365f698ef9cf6
5759 48994557e6ba78a8
5760 40bbed3847fc5e22
5761 c54ff480b7f3c46f
5762 cab78170079307be
5763 e0564b6b6354d78f
5764 ec8d037c55a2ecf2
5765 9cb74d0e1512f84f
5766 836476ed5fbba0bd
5767 954d179c48a468b0
5768 1331864029443aaf
5769 50f15a6a1da28a08
5770 3ade03fa56e0ed42
5771 817ab56b7b654c14
5772 01fd37371945f311
5773 b7264a0bea46da55
5774 aa75ff823bc1a317
5775 a624036fc22cfe0c
5776 da685b63fe22b3c3
5777 4df7117281569ad1
5778 8aa6912419881db9
5779 74df8914c36689c8
5780 19bee163ee1c2054
5781 860fd628ace720ec
5782 76da1ae663506dea
5783 9adb0953ae5502ac
5784 2ade2ea98673dd7c
5785 fb46f99bbe2ae0d1
5786 36109cdc2141a296
5787 9d16501ff80090ce
5788 49cb88c6a5aa7566
5789 b0b82f9a253aaf61
5790 9517143f664a305f
5791 0153c50c9199011e
5792 0bdb05698f30fa40
5793 12a55040cbcd2d12
5794 3fa2be97d029c6fb
5795 20898f168689d034
5796 edb7d414efa41bc3
5797 ea1e153a12e1bc01
5798 bb185cbaf28bb992
5799 f2693820d9035d7f
5800 fe24f8d80a61e6a3
5801 26c76c0159460f52
5802 b3256fbedeee5639
5803 870fb07f9d5346cc
5804 c2cb17f372eb9674
5805 3c5c96f31f2f9eac
5806 b8330081b754ee19
5807 71a88ccd2b5bafea
5808 3875486aba03e43b
5809 11c507320d871415
5810 dc002237916c9ce8
5811 94ff57d1da1bedad
5812 4d9e4b4fe62faa3c
5813 9d599d24129009ac
5814 a7186e05b55a55a0
5815 8f278b77298c3416
5816 d94679cdd315992c
5817 703e91b70a64f2da
5818 1695a62d487249ee
5819 bca5adacc5ea4815
5820 37bf83ef24864e12
5821 1a09391878004503
5822 ef1984bc0860961b
5823 6820331856b30d53
5824 653ef96b5c62903c
5825 6147ab2159d6e4d0
5826 b722853c4cef15d5
5827 e14115ee99dd432b
5828 e89d23d2167490d9
5829 05411becfda9fbb3
5830 c91c468046a1ba6a
5831 4983bb013c77c4e0
5832 e1cbbe6fdd915ee0
5833 1d9f2c86d6099ef3
5834 118811fc3a4655e7
5835 361a82c1585cb29d
5836 ac08bf85c028dd1b
5837 d601366822fe87c1
5838 2d7e989669ea4f36
5839 dbe10b8e8b55b999
5840 90f26ff69375a543
5841 6c99b9a1ace33bc8
5842 5d448450edab451b
5843 8fa39cc15cdda865
5844 c730d7ef175888f7
5845 5e6f576a05ce46d7
5846 7483a1732a5a72e1
5847 fb3c2fb297353fe7
5848 b1eed6ee21512ed3
5849 54f7e3690108565c
5850 5ddbd32370a0cb96
5851 8f9a2808427d1457
5852 9b1a27e2f20014fd
5853 d4a3b7205bed404d
5854 67990e010f323aec
5855 fc7c9e18ebf176d0
5856 ba5b6ff996db6cf0
5857 e5d6911b9d8c4177
5858 48bcbe667e5b9c87
5859 f1c3e0d3f780d337
5860 4acae5ac211c3b59
5861 ffee6030b546d035
5862 e8bbcb5c29b88c07
5863 ace59de064828fd9
5864 ef606ef75bcf164d
5865 79252f790d98e29f
5866 4a26121b19561d2f
5867 113583d740e5559f
5868 8a98201181e5d895
5869 01e21d4b21af3ada
5870 f850f2686423ab27
5871 451c7469283619e4
5872 0a86d9b0fae3223c
5873 b10fd7209c5993ec
5874 c7b73c2120efc26e
5875 5a0f84ad7c6afef0
5876 ce4f0246af36c783
5877 27559e60bc8a4b9e
5878 edeeb7aa41c34f95
5879 b43d571623e4a33e
5880 b345f6e767f11b52
5881 da8d497a483d91ba
5882 45b77d9e4d14aceb
5883 53dd8cadc6e6f2ef
5884 25648c0c0f7cfa87
5885 bc7fcbb775bcbd8a
5886 cf00a1684ca442b0
5887 91dd1cc8c4b0eaf8
5888 1c40d5481499fcc5
5889 0a6808c9fca59532
5890 9664e3db95828c3b
5891 b0ea22cc2b9503fd
5892 2e741f132d344dd0
5893 8339daa5076030eb
5894 aef47cb1674193d7
5895 d74096f3bc33f852
5896 48da7cb7103056f7
5897 fd69c16c6e45b264
5898 9dabac53302bc8e3
5899 4c82d9320b97ce70
5900 0e4e0f9697b81c0e
5901 25f2e7b9cddd3179
5902 d36042b452f8274d
5903 87742604d85676d5
5904 43409657d3f9c46b
5905 b1ad39c84cc16a67
5906 c6bdc1600863edeb
5907 6b8b2d373004f115
5908 8778e6de43d09169
5909 af878681b2973908
5910 7d8db7370656a8a7
5911 7ecdcfb6cab54027
5912 35d67d3458a7fdb1
5913 1f18b00657f8f6f7
5914 634d35f0b22917dd
5915 0d29405eed123b93
5916 410b4228968da847
5917 2a119e07db2ae470
5918 c1ba0aef66c51685
5919 e66b49c86795931f
5920 0a10550ddc8f9a31
5921 fd7eb9ddb485fb5f
5922 51e5dccdfc00e20c
5923 42c809d6cef1a6aa
5924 46afdda827d147cd
5925 bfa83e30b694a350
5926 1b56295cbe896448
5927 5914948483032bb4
5928 e369c715a3d800f6
5929 861bc8fcd0e7fce8
5930 71c4e9e00b3a7543
5931 7a5aa9abdf36a4a7
5932 746a5cc6e2f93199
5933 387064856fb7cbc9
5934 cfc025d1690e914b
5935 0097e4ca6c3fa0d3
5936 88635464b303672b
5937 59009cfb01bf4197
5938 dd4615a14eb25ed1
5939 1a5ebd1fa73514d0
5940 0cbccbda0d617173
5941 b02a26c96d1bcb2b
5942 d12fb28acbd768bf
5943 8474cccbcfb24c42
5944 4f6f7bf7e58a430f
5945 ded80c75309dc9d9
5946 5ab95f652b10ab28
5947 b735f71a39cf6e48
5948 5886a34ac6bb44a2
5949 3b0e1c755c5d8cc1
5950 fccab9922b46ea39
5951 9f06193fd82a7e27
5952 24f42051a16ff997
5953 b2049ca814ba38c8
5954 8e73474c344e6959
5955 56ac8b27a1ede2b4
5956 9c1830d8b815bf1f
5957 b42fd68b6ecbd11b
5958 b9ec9d12ee8c07c2
5959 45d884e88a19e9da
5960 2becf7f6ae3af05c
5961 e1a04ed19a404a0f
5962 967d09e49c972228
5963 03d483856526e68b
5964 ea0faf00ec683fee
5965 e006194eaf7b5517
5966 1c2c53fa0313c987
5967 9b5b12260e1cf0f3
5968 5ec75f48374b97ae
5969 ce6f06850efd337b
5970 0d8959331ebaf236
5971 3955a5baa49b6978
5972 a10cb3930e304a8b
5973 437f3244b4f16aa4
5974 d0ddb7bf7126a736
5975 282a4cdd73bca0e6
5976 2f6c3d3f333374c1
5977 702c733559ec5d2f
5978 d4c801e928ce8199
5979 3094f10902ad4273
5980 abb9f59fdd484068
5981 b066a73f9eb8205b
5982 c84560648738cab2
5983 a3387f306a0f28de
5984 1344c920a795fb72
5985 599d21147d7bdc74
5986 9185b9d87c916d2d
5987 01c08e06f3681ad2
5988 e5a2522b4517e11d
5989 c61bc8e60d874cf4
5990 97cb5f8d9c1c768f
5991 626f8b7df3e5d820
5992 cd1a147ad12d10cd
5993 104ae39583558d86
5994 c5b4f0b09ed8e376
5995 02dead0164b55f01
5996 ce6035e36628c6e0
5997 6c3efd6af6499dec
5998 437dc547692d825c
5999 fa15545006810157
6000 787f33d04b7454ca
6001 8c019d8ba8599d91
6002 415a636b848bf0fd
6003 71168d9b4f18aa7b
6004 373eec4952d000dc
6005 f9509fd2d7dc671d
6006 e1af5b5b76fc4cc0
6007 052fb626dcfe9db2
6008 17e9e70f8198bdcf
6009 77d63e7fe8064ec9
6010 c7a1be72eb97ace8
6011 457ed7bf7c913f6b
6012 8c0afccd27e40eec
6013 2ee1055f5612cbbe
6014 61a4fa9bd0b12b92
6015 51303b3bab3b9102
6016 5a2c0387371e7cee
6017 0e22125cca2a8539
6018 9dac56b4f7bab7ed
6019 e9538e9e3bb6a01d
6020 1717da4ad4743492
6021 0aad7b95d4bd5048
6022 36dd64ec3eaee76c
6023 b64124d887dc6028
6024 4302f3e9fb073b9e
6025 8728ad1f5eedd14a
6026 92815bdd895751c9
6027 64b005eb0f0ac997
6028 2b461ce138e9ee9f
6029 fedc82eebf257247
6030 0e3ad926e64051cc
6031 64883d0209d718e8
6032 17d74d7180151a3a
6033 df50d0a5e17fdf70
6034 16264d4bf5322315
6035 a27e699fc5aa455f
6036 042dddc576f4d7a3
6037 484262e84f6145cb
6038 c8021ca79db79be6
6039 c724a9f1a86e8725
6040 58879d7b140456f0
6041 d247d571b4453d4b
6042 3ea8343f77684227
6043 03f2402da5093c9d
6044 17d4010da3bb9dad
6045 e8f97896ad227a0e
6046 a88e955faae72f2c
6047 b1c9ed585150ec3e
6048 275998b2ecebb250
6049 4a16fadd25f58cae
6050 1758c6c6568c68fd
6051 55d8c12051fad5ef
6052 49550d621db76881
6053 5c4be842d5bf83e9
6054 80187ba5424211b1
6055 2dbe40a8e1194eca
6056 62ff731f0010fb96
6057 72f57a157119d1fa
6058 00492a89ec5d534c
6059 ed65a51d84147d0a
6060 785bb7775f6ee687
6061 2da65c326e3f2b6b
6062 9a3349603832500f
6063 748af9d91e92b7c5
6064 a401e541ab10cbcf
6065 c7c50d45b2355f04
6066 5451c5b126fb2a7c
6067 af9bdc6080906690
6068 0bbb69217392d240
6069 4464398cdde0da67
6070 a3a2857179ee93bf
6071 5317d372f580a893
6072 78b5a57e0089de23
6073 3a1c15e6891edbc6
6074 2eb6f209892fcef0
6075 3ab89d7937bdbd70
6076 709b865785410fa2
6077 bd30195c3e38922c
6078 b62d3aa30d876946
6079 0babe94cf45c0ce2
6080 9d8036765462f755
6081 806736fb9ef6c877
6082 b1152676e3fbcb31
6083 c8b9dfcbf7b55b7c
6084 97eb90afc5e99026
6085 12b48f7247c1286c
6086 7549f28e0592fd43
6087 d7bbb5073a7163dd
6088 78ab5eccc66d0a7b
6089 220d9b8c29b1ac7b
6090 8b4df0a9e59c7d11
6091 f352b438e514c10c
6092 e49d73170ec1cba9
6093 16ad6dfaa3dbf4c9
6094 6264398a0ff4a536
6095 340c8765f73e2612
6096 79d231cedaf9627f
6097 cf6a0cc0ac9d6b3f
6098 69f2eb281f8c26af
6099 3176d6771462765d
6100 54c61c83a7379a50
6101 3c34faee12d73820
6102 f992d6f235806abc
6103 019f382e1220a975
6104 b8176bf1c4f46c45
6105 72ce06ccfe9e10be
6106 b0a2b7ea8e75c865
6107 91b62b826fff98aa
6108 ecdb409cf6441ffe
6109 e211a0a3b100304c
6110 a5ce640c060e6396
6111 13f4f44ef06c2067
6112 446558fd87ea9a70
6113 e8bfe3d490797a22
6114 436b6917f25b67ab
6115 8f9d72094330211e
6116 40dbffacf51e0786
6117 febfd787c6760a44
6118 0c46aed8a070a694
6119 989dc8eea08eb7a6
6120 e04fb02b7fbaea03
6121 f3ec11d60fa5bc9a
6122 a7244c321edbff68
6123 de5bb23a968675f1
6124 0a254e532bca4e16
6125 ddb15451b7f678c7
6126 7d01c0d32e0777e1
6127 287dc87d30a6f86e
6128 9f2d67136237483c
6129 de7554b6ce07da8a
6130 af0a661c116e2079
6131 b54d6b0d0e5946e1
6132 152e91fb96cb9998
6133 5223d0801f0e9de5
6134 a2df141f8236c5d9
6135 86a182197931eda1
6136 ef863667faee7b33
6137 a28dfcc0caff51b4
6138 070889aabee69966
6139 1aa670838d12c5c7
6140 21ce7ad4d4f0e8b3
6141 b911b849bde7efba
6142 ebdfb98cdb989100
6143 09bbf2987669a774
6144 530db78a815c27ca
6145 80f0d57f069047c3
6146 7f30f66f2358330a
6147 708f641bb2cd9b02
6148 b733c4df40a203ba
6149 c6516c54cae5704d
6150 91c8bfbc0ea0b248
6151 8f36963dccfe5801
6152 bcbefef58a180f4e
6153 c3e1be563e4a366d
6154 4ac3f58010095ddf
6155 82ace65519101fbd
6156 3485ec603ed0dbb0
6157 9baaa9e0a6ae6714
6158 fad259fd5b10c3c4
6159 2fe2bf134ed12feb
6160 a4ae567b6961d476
6161 2b9cf4d4fd083f2b
6162 fc35fc27271943af
6163 57f80c073ed3c3d6
6164 b6c08df2e377977e
6165 d1138e9cdaac8fef
6166 8f01e8eb8c2fc5dc
6167 3e5ce762731bd525
6168 2739c150cdaaad9c
6169 36956cb57e83fa0b
6170 94e2ec71562cb7a0
6171 44eb86cdba66588c
6172 432928445b81a12d
6173 d2b7e316d8eb5d49
6174 0ab7acd0d9cdf289
6175 85115d145cad3fac
6176 5e0b208425a667d9
6177 929e362f6cd2d660
6178 cecb5197009090f9
6179 0fc278ffdc836269
6180 6633271ce161d4ae
6181 1d2ab81554788d20
6182 44826b28b0d89b1c
6183 4fac762124ca381d
6184 1e8054bc8b670946
6185 466235c6885eb448
6186 67e4b5c1398d1dc1
6187 59d1649d40fa8338
6188 34bcf3b11dc6f7f1
6189 b1d35d87b23bc459
6190 91a8eef5370810a6
6191 5d55f2a2e46e61ad
6192 ff12baeb9caf31bb
6193 82d0ed49e9d5c4a3
6194 68cbbac4583ed4ef
6195 8afb366d1fb16b1b
6196 a51a523c4cf15b63
6197 66e8e423f95ed283
6198 c156362d31003c75
6199 711209024f59f7b1
6200 7cf2a24e2e3a3511
6201 32747aa2055e3b5e
6202 12353855aeea50f5
6203 38ec4163f98e2d0e
6204 86b6c0b9ba893de2
6205 c788dd81ddfb2610
6206 a853b91cd1834379
6207 46720c602e0c0594
6208 e8305de958006378
6209 0ce12f6aae27371e
6210 e8881d84df8aa715
6211 1e198543205ce934
6212 0e69c05c6567c29f
6213 feaedd4c45568e4f
6214 198b7d72c40a9b78
6215 c34f2c9827f56699
6216 d4ba9fceb193a6d5
6217 7d291e7d037147f3
6218 2d2654ce56d0fa73
6219 532cee175226c3c4
6220 a2253f46340626e2
6221 344ba6c86020580d
6222 b5415e4463f8b5ab
6223 5e3025bf07f54390
6224 62e2076481978f01
6225 0b42ef4be3e498a4
6226 2e1d6241800fa6af
6227 778e9f0958c1fb40
6228 c834beadb7e0df83
6229 8679bd6d1afc1b9d
6230 5d447c30f7c8c146
6231 56bac9079da4af31
6232 bfa8ad9e5557d3fd
6233 769157126fa0900f
6234 e4d94f0f26a8af74
6235 0fe97dc9dbe58bf6
6236 f9c0aca951ef3444
6237 304443d16f590ce0
6238 85cbc2826579c78d
6239 cb66674e10c49d69
6240 ca92dac5184fc0ca
6241 72c780c65d11dba1
6242 52590096161194c0
6243 f2565ab67f056e9b
6244 644a52412ef205a7
6245 ef8ea89fb2c9ea7c
6246 9d70de62442c6850
6247 a9cb7f0c7321b44a
6248 ac9b2f35215c7125
6249 ae34f5c157404f14
6250 1c353ee15169d873
6251 205e0a2e9a2f2232
6252 2a1e9025e6c210b7
6253 f90526d4bfff6de6
6254 b2e4164a13405cd2
6255 316a2aeec6116bd7
6256 b52fe47ea76204d6
6257 5efe8951c970ab26
6258 f3936484c0ef60ee
6259 50253b594b862d70
6260 b7de5fa2b2953cdb
6261 f1a3c23583920879
6262 739298b360ba2be7
6263 1c327d4bed67e88b
6264 e43109b765886cd9
6265 46880fc567474b93
6266 704735eeb94dc6c0
6267 9534f1ba5cf8aef8
6268 3da497d7c589aec6
6269 92b3b4bf287b3d58
6270 a91fb08868861ebf
6271 e3b04ca30428c900
6272 4ea1732306ce87c7
6273 7d1384180be44040
6274 c029e173b7f2b529
6275 0fae6e4328ba7206
6276 fd1e8a1c7bc32db6
6277 5827719f7b3b34b6
6278 9884b6a29c695113
6279 d7d555f8b1c71258
6280 46709d22a9901290
6281 05e11e9e42529f97
6282 b45b67b5b8d664e7
6283 e1db5a6d70002882
6284 20dffc1aa4a9f23e
6285 3815eb6dc2665c7b
6286 b6def54e1677bc9e
6287 b3db732b0d288e87
6288 160200109ca6b822
6289 6a47b82e39e4c4a7
6290 5711dd0d2efac990
6291 188de4b4e5fd4c0b
6292 e34e69c78f655500
6293 8aeb2e0b073737f5
6294 f78e5d3b0e269216
6295 0d9ce8389ecee3b8
6296 a30e3862f5f820fd
6297 2d7705fdbcf3d894
6298 9b5594d0eaa91721
6299 e6d5a4ffc29e0a9b
6300 5891b5c30e73035b
6301 86ca5d9867a2bae6
6302 8393b8612a3dd66f
6303 87754116bd2e659e
6304 2d0673a78085c08d
6305 0711e18d808676e9
6306 abe5da580c603cbf
6307 6208f185520ff8d8
6308 9bec4621a28bfdc9
6309 cec7b1a0971a2284
6310 05bf7ba89ebb5415
6311 61c51869f816bf7e
6312 0627da84a7976bd7
6313 f26a3d2caaf0bc48
6314 bb193b1e292595ad
6315 29af6c7b168408d0
6316 12eeb285e7b0512b
6317 3f9ef8a25f12dbfc
6318 6859eb0821336f0b
6319 9f793e0f26b858d9
6320 765ec5049c208c81
6321 04d02c10b094ffac
6322 d4c02fc526e645fe
6323 d1f86382b0fbea20
6324 8f7f24a93ee69874
6325 f0db92310bcd9ff7
6326 287acf8f53a0dcbb
6327 16c706501569bf32
6328 abfb10878466da4f
6329 b58fcc3d499f0f2e
6330 e53ef9343e8915d6
6331 85a142dedec676a4
6332 b02db2da14fa004e
6333 d31afd5a935387d5
6334 ace27f33f4ffd721
6335 5cb42bc71aab1817
6336 14a5e96e22888429
6337 9720075315240a05
6338 b0e0e255b7e318e6
6339 900791b84395dc09
6340 718df0cb7a610a75
6341 732251a183c791dd
6342 bb22de9d2c6bf82b
6343 ff0b5329f9680ca5
6344 d3bc0fc4e230cfb8
6345 085fa6ec6d3e365c
6346 9928c46210d7197a
6347 ae188efb0bd9577a
6348 af361cebb2c1a1a9
6349 98199cb07ad7717f
6350 bd1241abfc1000db
6351 917af76b6d5e3ddd
6352 a077a70b526acf2e
6353 d5d0c3a5640357a0
6354 8ef0327faed8a321
6355 81dfb3581cef385f
6356 ba0001d0ce0e25ee
6357 5c82824fcddb4305
6358 9e57474b0f35cbd3
6359 157215208b503a6f
6360 534abea298c1fe74
6361 764eccb108c0f21a
6362 b7d10070b0bb4ffb
6363 4622c65d59003942
6364 fad4764b715b9fec
6365 5026f02615ead40b
6366 f8eb010ccbb28115
6367 07a6992e1a7c5dc9
6368 cfbd6085f9f103b2
6369 813796aba58c8fc3
6370 76504601effa7b88
6371 96c21b82b4f03d0d
6372 e7455557becf8fc8
6373 050314f250970dfd
6374 bbdd9fa6433525db
6375 baed0a0c645ea87b
6376 173fdd0991514651
6377 3ad71f24ac829bfd
6378 440e85eb999f6637
6379 e91d48c6ab39c6fc
6380 c70d071694622431
6381 39ec851d02f8af83
6382 d0b1c81a2025efca
6383 0b2b456818a83bc4
6384 80ef26e07f019de9
6385 7325b88dc578f15e
6386 ac2c7d8bb4415ae7
6387 838afb199f9389ea
6388 b2cfaf0d314e70ae
6389 22ed49e6215643db
6390 9b052d49be6d90b9
6391 4bed838d283317bf
6392 0b13bef02744cbda
6393 5c2180c62fee5120
6394 65ef6f846d800666
6395 7f7f16f1ff88ef4b
6396 ae649ea822354304
6397 577a05121b171647
6398 e9535a2cf9ea6dac
6399 7be03b83aae68ab7
6400 96ff96cad077f640
6401 38f0faa87afde2ff
6402 e6c22a9225b0115c
6403 0933a5a6c332b5e5
6404 75e5d3582d1cdad1
6405 19c36c35f0321b5e
6406 c048f6822f8b4856
6407 0038cdb661c4a193
6408 a482b8b65e93cb5f
6409 5936aff68f03e0fb
6410 f66b8ed91e4e6913
6411 3e679143fd94b766
6412 ff21165f9001755d
6413 c4cae106f021b492
6414 6bb6537e41529f92
6415 6812db98b328cb4f
6416 9266441b0c3349f2
6417 7976aa892dab1b24
6418 2494b121800729b7
6419 aec04c435157e389
6420 4c2a88fa76457327
6421 fbd95af842c3225c
6422 7937499fd63ccb0e
6423 9a65ac5ee697264d
6424 90ad4ccd7a5a9e16
6425 bdf436060983271a
6426 c193c08826ac9698
6427 cb12dd64abd18cca
6428 6daee3aba152e234
6429 aa1125e4efb402dc
6430 e6dbf6dbd3c3c98e
6431 4f95506a5ab07843
6432 e4f04441d5e0367f
6433 a98fbbba07b1ddb2
6434 03201ea3fb0bcd1d
6435 0c2e1ecf675e54e3
6436 a92b2bfdb43bcb6a
6437 d38ff11f992385f3
6438 16b38c862974b03d
6439 0150bbe07085aac7
6440 e91dcc3abdcf1a03
6441 03e4e844632091c3
6442 2663860a3c817160
6443 b7d87d6128081fc1
6444 93771ff638c06716
6445 0770857439ccc700
6446 174666408df18bd0
6447 138cda4deee45e3e
6448 a283899930cd165d
6449 3ec9ac6aab436d7e
6450 7fe45586e6a8d7e3
6451 79d3be82afef3d70
6452 5a9893ad7dee5b64
6453 3929ff1753d1e791
6454 455cd18607f0d6a8
6455 373e82696124b08c
6456 e873517f9baed9e6
6457 ce30dc7f0401396a
6458 3fcaae8ebb603cb4
6459 e2d897a2a89e3b56
6460 f72e1e1b03b8ce1a
6461 9c7d41f60fd31a99
6462 65e8475a344b7ad6
6463 a139c1717ff57b3f
6464 005e8780c8be65e6
6465 abef7bff96ae238d
6466 30c263b30a9d48f3
6467 ea45d9edb12e03b0
6468 1203e538ec2964f7
6469 6ed25edde921132c
6470 97f2511cb90588c5
6471 44a85b04aa2c4354
6472 2456ca35207375f1
6473 c31dbd10bead5386
6474 a0e2c629962d3d81
6475 87178bd41d552a36
6476 eb22321bdac8e587
6477 4aac0360d81835f8
6478 da0a885e0ea3126d
6479 8488ecd0eaea6cae
6480 a8d970fe2c204869
6481 32cffadc9db1784c
6482 5e5104cc86bd5e09
6483 b96a81bdea6f1fba
6484 505f4b38a3ee4ae6
6485 9384982dc67b51b3
6486 29ebec0c6e9dd393
6487 9a02b20cda5fb4af
6488 70ab79d782db92bb
6489 83950a340f06549c
6490 28579f1ac09f4528
6491 d208d31ba6cfb072
6492 a39954f90ac8e4b9
6493 cec622fb02ee38f1
6494 fc1ab6c22b3bbbde
6495 d72f940eb927775a
6496 0e659c4b52ebd3ca
6497 5a99b3039218b923
6498 4af1fd22243dd247
6499 48f50cd8ecff3774
6500 4e8227c607d2e0ba
6501 8fb9c492b30ca8d0
6502 c0f70f0fc87731b9
6503 619017b47854aa77
6504 ef4a6a931195ae17
6505 bf689cba9681b3cf
6506 b725c72a07a7497d
6507 35069dbeff32eccb
6508 0401a12d725973d3
6509 7fee197d1ca461f6
6510 a0f4c12150e8f9b9
6511 906ab03c23035ce3
6512 67e40dbbde4d0618
6513 f8aa71ea2337ed02
6514 4dbe30dc7187ba60
6515 5383fffe350af68a
6516 86a2122347699037
6517 57efb08a24fa3bbb
6518 094505e132cf6d29
6519 85bd64ef88b5f68f
6520 ce1ea0adc737d2f8
6521 e00a29e50ce8550d
6522 43565e83a77add21
6523 4e774fdb2f6de003
6524 0e2bfcb1a06a1035
6525 09b46ab37586fcf7
6526 f0ad49eed53080f7
6527 fa4a0d78496d573b
6528 7926731e5a136a43
6529 329eb831770d5b35
6530 e3bb063418009023
6531 8e7dcb41b19bb451
6532 1b5da2cb77cc93da
6533 8c46fcbc3c30f919
6534 bf7433ae7d4507e8
6535 1457f152e986d920
6536 dca1284a9c789966
6537 ab9bed938a0cae32
6538 5e9b32554d3b9ad7
6539 8aa1dc001be1b991
6540 9a51d7fbf46f67df
6541 9af8e255685c2d39
6542 a3fcd4b03a053106
6543 505f76cdce28e1bd
6544 8c7c1d37f5c89ce8
6545 28c12add722f0583
6546 f5ecb21ada90e89e
6547 b737ba69e20ba013
6548 cff18a0fd48a4ff9
6549 0898942dd6b14d10
6550 4b2a417067c0931e
6551 98e3a41ac02632ed
6552 4e5369fb1d3db415
6553 8871c0b02861839d
6554 4f55d77a16dd4bb7
6555 b626bef194e8aa4c
6556 9416ddd85c28a8f5
6557 fdb4db7791abfd9e
6558 c65f484e580591e2
6559 b2c5028408c249c9
6560 601a27bcb027557e
6561 6ad00290c1fd0620
6562 f877468ccf3c73c2
6563 663bc8b099f3c1b2
6564 86028723bbca1de0
6565 e431025eb9a071e0
6566 48295b84a9ac616a
6567 448827a9090e2037
6568 6167cc11f9c9c38a
6569 b20e7599f7064554
6570 0448ad47c61aea4e
6571 58b53dc6c54b212e
6572 0b3dff2e8db2c8f6
6573 7afde7ec38a17288
6574 865a0dc3e64db006
6575 43cbc6afd0fb2e24
6576 3384b1228d5b0133
6577 031167b4037f61bf
6578 927d628558f378b7
6579 435ff7f3462fc83b
6580 7200474aff7119e8
6581 a78708aa78c2e9e1
6582 abb86b34523c4293
6583 3ecc1ae5ee89e9d7
6584 24cde3d07d269c1f
6585 f38b6914eaf8bf6a
6586 9da4cc10b0e69c00
6587 4946cc18b9e7c78e
6588 807ca86c2d779d25
6589 70aed413e47ed037
6590 e5a2ba4ad155e20f
6591 e4be3f1a8020716f
6592 44470767207a7941
6593 56f39e6d19e90d6c
6594 b123ecb9b2e5aaba
6595 ee5e43cc9d8fd9e6
6596 4e9bec252d9db3d5
6597 dfec0a1c09287341
6598 05bd9fb4821c7a30
6599 fc2fb151f74412fe
6600 a7b39fff70127114
6601 9dc04a4b800252e0
6602 94c004933af12aea
6603 04aec905746658e2
6604 81ba59eda844496b
6605 3a6e514f3c525a1d
6606 8e032736c76900cf
6607 286bb4378a541017
6608 246d0f2f76611e4f
6609 0637726445e8a1db
6610 fe62950728ce8296
6611 2940ea0003ff7372
6612 ff8a40f9603b87c3
6613 f5123018a2659de0
6614 2a8e9d885e7c1ed5
6615 869f2ba7ffbfda2c
6616 1207230c97195836
6617 d069c850125314c3
6618 02fbbabf6dd28206
6619 706b4f35402798fd
6620 c7114e2cc9a9b8e9
6621 afeecff9f7467777
6622 a57c1d7c79bed6b1
6623 668fb20806d6d319
6624 1bb79af10ce39566
6625 3a58939c521182c2
6626 d5b732b98b8ea555
6627 ae4713d3d6554703
6628 aee66c5d2b7a5cc3
6629 beaafe4882cb6b3e
6630 2b943d2c3c4d1b9d
6631 67aa02e765567b69
6632 76cfbc054f4278a5
6633 b1f84a1c667438dd
6634 ffc1dcd89471e223
6635 69fcbdbf61994e9d
6636 c88f92abb4874f78
6637 1b128fa8f9c2a6d9
6638 47c58d49a6626a47
6639 87a525d2bf72faa9
6640 46786535a956f300
6641 b5a53fd18c272ddf
6642 12d903f5b5e44c51
6643 a41b5f0aa137295b
6644 30e96884b0370ec1
6645 6c461104cf718eff
6646 f86d393dddfceb8e
6647 2e0572c574a876cf
6648 894fdcef7c7d3888
6649 5112109c4551a7ff
6650 06f4089ba85cc4d2
6651 a2c9fd14a46932b0
6652 bfe0928318923bef
6653 d0b4a673f9247c7a
6654 432c0e781f9e529d
6655 992dc4381b752f78
6656 d90ce2b99dd05b7d
6657 80befee2bed0b3f2
6658 37096983f10497a3
6659 fe4633b012953a95
6660 d815dc3dbbabadd0
6661 c64dd621c4cd785a
6662 245c5f371eda4ac4
6663 9d3ed666fe1251e3
6664 477c0ae81bf06c95
6665 859edc356c1f59a8
6666 667d2588f9f30378
6667 bd9fcaff61a11a3e
6668 b21d9f2545aeb371
6669 98cdaaf08d6a9238
6670 7d7f5bde0bf92789
6671 d8b72de0b6b85583
6672 fc31d054efa589b9
6673 42a3780fe0e0ea97
6674 255f8b52dcb5fe3b
6675 4b8634755df9e91d
6676 4d6b188af7be4e4a
6677 158b4064902762f1
6678 7a3eccdc8424f2b0
6679 522d3d2f3439b1a7
6680 4c109573bda6dda2
6681 b955f464cb9cfa02
6682 0432d14b51be6642
6683 e4ea9123afa21f1e
6684 db64ca49ab27429a
6685 dd894fc02fd1a96f
6686 471d85dde4dbb731
6687 a72cdf7b99bbd959
6688 50b0c63ec535e6f5
6689 2f3b99eb51cbebe9
6690 e253ba1fe6d8fadb
6691 cfe04a1047c09c43
6692 a1b4a6aabd305107
6693 f418c6f202c7307c
6694 547e612627374563
6695 2fc7a76e7362b904
6696 5987a2a17e9e4eeb
6697 3db26a24e8d7ba7f
6698 58c40ce22a799564
6699 4527ae3b82f28947
6700 0610fd0efe381194
6701 a6fa4ac33da346d7
6702 ee46d1521d75e3ac
6703 ba6cf7cc3c466223
6704 696893a2157f7ba9
6705 10e96e1aa361773b
6706 ec486294b6ec7530
6707 d355680c7d4a4e2a
6708 14b7448bafc2988e
6709 0dde501a204bbd70
6710 de93922caeb58ab5
6711 f8a54e80e23d377d
6712 d12d08fbd936a4db
6713 0da32fdbb1e7e6d9
6714 110607ec448fb23b
6715 70a1788a3ad00b08
6716 5414bfae1fd8e74f
6717 103dc9049285bb21
6718 2d854a260a506b7f
6719 83a18d025918bc2a
6720 08e081a9e5ce737b
6721 da5b292217d1a18d
6722 8f41f99d8dbd9f15
6723 d29644104f34ac95
6724 5f5d7878ce803a9f
6725 f609f6b1165abde7
6726 7c944ea0f322d87e
6727 61199530f959fd8f
6728 5dacec85fe5b3bb5
6729 4eae94d56edd9818
6730 4c5ebaf88d086ae7
6731 86fa0b706c492d9a
6732 c24466d9d0e8970b
6733 08cbe9076e2ac411
6734 ff0aa25d85f3ab6f
6735 a3e73fe44371983e
6736 8311e49f11246fd4
6737 ee92777f3ec7ab4e
6738 ff7100979831f57a
6739 7d49da85a92a553c
6740 54aa8b2c1cfb2f88
6741 0a5eb823a348d50b
6742 f0d2beb50d8211cb
6743 bc7e4bdd6463967b
6744 02454d7c651fb465
6745 7c35822966e7776f
6746 2159dd4711f25501
6747 eeabc507ca6f927f
6748 8eec92bd5758da7f
6749 6e831e8e6199631a
6750 37bd64764e89058a
6751 386e742226e8c448
6752 e1c0ac21fe1dd3b8
6753 a5baad2b91f0303e
6754 f91ec57f85a25f05
6755 f14b4eabb5937331
6756 71eb2d9226fcda11
6757 72ff5e404b0ff405
6758 366c0835642d3fa4
6759 27e36c8105e659f9
6760 1edd06baaa5a49ab
6761 ed04fc64a595a1e5
6762 e068822a6871eab1
6763 843cc75fb7828863
6764 802cd425d59a073f
6765 c44a3883c1a710bd
6766 ae8c4b068f1974e1
6767 d3cfa8a04071ee5c
6768 919b2ec4fcaca0c4
6769 6236c92ed80c6012
6770 12fa29142e93afa4
6771 3f3b87df7ef0833d
6772 77e25d33cbf678d0
6773 1a8e530f9425cc3c
6774 e7bf70d2d37b6944
6775 1b3ac1a5c525d327
6776 579ea042e256d99b
6777 f929ed578d0e4ae5
6778 33c2bf4ded3cf80d
6779 2fa092c1bf14a8f7
6780 ed93c9a261e43caf
6781 06c954e64937d227
6782 91433ac94dcab917
6783 692f11d5e77c3b16
6784 6ab91cac269d7f32
6785 cd08afeab2f3061b
6786 440b949f2dfdff7b
6787 053ddfbdedb049d7
6788 58730453d2393e84
6789 0926d5feb3afa47c
6790 77e6b352a31fb02f
6791 580664f832f5d3e4
6792 ca8d689caafd5b3b
6793 b6b156e846a8b020
6794 427630efd0c0c3aa
6795 37e5453cfaec7c4d
6796 309eeb2a8e084aa8
6797 9e1a0eed9983a5a1
6798 3058b5a5e2f9e0e0
6799 e3e1fe164d7ecea9
6800 67e95e6e72289e2f
6801 76c5ac65fad59913
6802 f26bbaf30da25dfa
6803 b4f3cf6dabd531e6
6804 f0707e3d1141774f
6805 c58e5cc2aaaeefa0
6806 09966adba1fa4ad9
6807 a51c3a606c8d9627
6808 6351343bc79eb62a
6809 19e30dcbba082343
6810 2bbea4c674a84d85
6811 80ab8d304b3dcb5b
6812 9cbbc43fcf889ece
6813 600c81317314bb0f
6814 73937bd08564bfea
6815 7cb6e55d187d2b50
6816 da33225604aaf20c
6817 8b1a48c678a23072
6818 ec3fa3627c8d5800
6819 276fbc60f8986a1f
6820 30d2847c8f020208
6821 7e2d6a718205fd7b
6822 4beffeb080e03cae
6823 d37f0cfe70f48289
6824 6fa2215ddab05a75
6825 bb4ab1ee65a311f9
6826 520f4130dd586b4a
6827 6d963d37bdc0f010
6828 45231ce6017c64f6
6829 c014007f282fd90e
6830 e34affdec2359745
6831 981644c355a5fbc6
6832 fd553fec96e38c7c
6833 bc90c3ea523dfb40
6834 cc058224175ec7a1
6835 77ba54656cda689a
6836 52fe1104d5506f25
6837 d8ab04934aaf4728
6838 5862e55c74272887
6839 e94f185c82131578
6840 fe918cb9fba4625a
6841 3edf5f12915ef2cd
6842 2dd3a6af2d4d9486
6843 6d84aac6ab924675
6844 bffab3f1fb3c3b67
6845 9640674fc6686642
6846 2ebfefa3c9fdf8cb
6847 7ba7bad096d3f6f1
6848 f0d5957a168fd4c7
6849 e7bbba45af24b3b8
6850 1d9d58ed603350aa
6851 7ece95b4003ea94c
6852 e910e40d0ccecd0f
6853 1fc451f77b205873
6854 6172bf9fec8683d1
6855 cf54b652a34baf4f
6856 69566935b6089aab
6857 84011e02dac8137f
6858 10fe1eb97bc35e51
6859 e3f72926c6fd16fc
6860 9f973293ebc1bcb6
6861 3b1a73ef0fbf0cca
6862 c818f358bec6642d
6863 dc7945bd16bcab71
6864 d12b2a9c6bf78205
6865 1b48db329961508d
6866 0599d6525f5a078b
6867 84526e17b571538e
6868 8e4a8c3f1b42aeb3
6869 8c978f0d092faaaf
6870 933895dcc929bf44
6871 be039cb3b588d1d8
6872 4452261e0b7ea595
6873 6b2e19b30596e520
6874 3f32b8ddc9a15f21
6875 067b4f6fab032a98
6876 768b2d506de72574
6877 45a6ed6e4c4567ce
6878 125bcd58ee6134fa
6879 04a22c1aed3d4e03
6880 151088e3abeaa242
6881 cd08b67f0d4613c9
6882 e1d4c7a5219f1606
6883 e6d80ea971425286
6884 e4417b6fc07f66b0
6885 350f70780b84683c
6886 1f841fa447eee99f
6887 7663adea7409b053
6888 8103610738bb5993
6889 c8f9f73178c3ca97
6890 3181a8e947795409
6891 399187ea6e8db458
6892 972330990fd6dd47
6893 715516d780376ea9
6894 75570eb9be42c316
6895 772555f2c5acc8d8
6896 4c6a9bacfe2fb022
6897 a36243dc97f03752
6898 17b1592791e73ce4
6899 81d9b0471d804c5e
6900 496c456f7caaf2dd
6901 8038131e33516441
6902 00b4a81c87dea8c7
6903 494ca8030110e5c1
6904 64fabf2eaf489842
6905 89527c8eae4d8b48
6906 478f13cd89831929
6907 6460929bf021bbf6
6908 702f410659a2c312
6909 0ec321d7b69e3f6a
6910 923303c5e704628c
6911 dfb0bac33de8c47e
6912 ac0f43dcb6829c53
6913 f4a5abe7c9f4d654
6914 b93ce1dbd5b32742
6915 6c535d784c262758
6916 5c72fe4de975d86c
6917 8b24953199b3d841
6918 743a5bd1c327d9c5
6919 fece9d9cefd89cfa
6920 4654c2401c8c2f86
6921 13d9232dacdc8e32
6922 8ad7710248315cf0
6923 0b0e1248739d6071
6924 c2aa6beb3e71595f
6925 57d102a29566cfe7
6926 d6fd58e4019ea4d5
6927 ca1d78676c521580
6928 1ce503fdd3b217ed
6929 55783abda0d451d1
6930 e8f8974cbf020344
6931 b28b50a0e2f9f477
6932 7d93757a8138a0d8
6933 d179d42c5c6f573f
6934 897ce62ee366a95e
6935 270b7aaf8f014abc
6936 ce150c9d67bbe478
6937 6b6b57c8b3abac05
6938 4927877e2a037838
6939 4797e310a20a6aed
6940 aee1763ec3250074
6941 090e4552c6b252e9
6942 40c4e6490c2f9698
6943 72783d947cb61707
6944 cf280279974e2246
6945 4cc0b60f1b5a5ff9
6946 0628d8bbabc91317
6947 662de3551f47061a
6948 a0f27e948d4089fb
6949 cfee035a5c941c2e
6950 534905720ace19a9
6951 9cfd4e047263f9fc
6952 a8b31e13d8c3f33a
6953 d630b89c5da26315
6954 2aee4c1d092b47b5
6955 b624be901c1c1650
6956 87d08183806a4b23
6957 95cb708cb57e2845
6958 1b6afc5f64eef7a0
6959 b12e5050c6884d09
6960 b48e39bd961851f6
6961 34abc761e5ba763f
6962 55c0faefc8b2bdac
6963 bb0b04b82c0f03ab
6964 993be2c0b479e0cb
6965 d8e4c0f64d180e98
6966 3542c9123eddc1fb
6967 50af66ed60fa962a
6968 24f4dca3bfde6ca0
6969 9247ab8eb3a7ca06
6970 fde0a2b910d7f62e
6971 87baf35c3114a1bb
6972 871945a3196186b3
6973 389d6a9efee65332
6974 06b14111e879bdcc
6975 93dfc59af554df8f
6976 25403803c3f0f718
6977 f1e4ef71b02b2562
6978 04abc45e9ae23381
6979 dc446a82da6eb484
6980 e32082252c06c335
6981 da89f8153bdb5688
6982 65a2f4ea6930ae6d
6983 6a0081f28a2690cb
6984 13b876e20c737b1c
6985 7907023f88966512
6986 d6f43f12960b442a
6987 b0bf081c904ee2e2
6988 d948b5db1e7856bf
6989 be60cb5acd09acb4
6990 7835b5be5c815a5f
6991 0f761ea473d262ea
6992 476ced0bc0c5be7a
6993 0573986b8381c401
6994 ee4f50d3ef6211ec
6995 b8147f5210337a10
6996 78f9ea70a8829f17
6997 3942a42893a6e810
6998 bba49b8541b29531
6999 5a276e10571ac476
7000 d59eadbe5adacc1c
7001 bdb72fdd35196a46
7002 d09f34a2d27ffe96
7003 b71fa5cc226a8c55
7004 48a6055c15003962
7005 888622af3d23a0a9
7006 81d372c77dc7ab20
7007 49dd9d905eb051eb
7008 ba246ee5126a215c
7009 c1a5f6e15a88eb64
7010 48a26280d599d30d
7011 d9d99f08a718ce5f
7012 fa6a1eb1909e3ba0
7013 1573c393e443d02c
7014 24b973434f19a835
7015 e2162ab219d004a2
7016 dcda3f4950c0af32
7017 72204b8c0e88d0b0
7018 35ada2b8484c6f00
7019 b4ef7cf954934b9c
7020 70ebee48f31161a2
7021 f540731486bb20b8
7022 7d7043f0a541a9fe
7023 565fb42f5492c236
7024 28858c5d6b74a930
7025 1314246bf3490478
7026 b5d9d489f88946b6
7027 2eebafa7e52348c2
7028 a699217c84c3cd00
7029 9c9731a53c62069d
7030 cf8ca1bc4b5bbcd8
7031 a18b61e4adbc0cb0
7032 f51c322b19975b36
7033 92d7d3723da6e894
7034 b32ba48310f5f343
7035 0d5bcfb2cabe7a12
7036 5a3a613575e167de
7037 49b9180b03c1d8de
7038 8625d1ff8d9b66be
7039 1e16d52806f8787a
7040 962f4ec00534a185
7041 b4bed2f4021af6fb
7042 127b296080a6b5c3
7043 69ca83700bfb5870
7044 0559957e58639281
7045 5d04172102d2b5ce
7046 b7c43fa53b8fbd0f
7047 e34a1391bcf15dea
7048 e4b86b6ee22a41c0
7049 702788cd87338d9a
7050 0674a2ec4ecb2402
7051 85b3a1826c84e2c2
7052 0f49b1bce10edc19
7053 d93b23107831ebeb
7054 79a945f944b7beee
7055 5ac0134a5c2e6de1
7056 b80f463aef10c546
7057 3059017dd024a3ab
7058 dea4e3ac0d517c28
7059 11fb199c58faceb6
7060 180f0d1d3c12d2a0
7061 013f3f02d2a39375
7062 c8cfac64ea0409f6
7063 99432425005a01d7
7064 77a783d52c9ecb40
7065 07029e7f483dbc88
7066 6a8181b6586c6867
7067 3d8a29eb7b5901b6
7068 d4911331322e7a36
7069 2baef2bcce01f5ca
7070 d141401cab7dfdb8
7071 ec2259df40293312
7072 692afab5e27d9fa9
7073 5508303409256a2d
7074 4750eee97718f4e3
7075 a53fbf2a99a02339
7076 6f2adeec02d7ee42
7077 0f6d620db2dd6dd3
7078 91d634c5462f9f8a
7079 a7b92a57f40b15e1
7080 a56685954f94670e
7081 add0aa847ff86f80
7082 e399c34a16b900d9
7083 b0108a27708a03e1
7084 bec1a7b2c886c6a0
7085 430e3a7bbf60aaef
7086 25d063f0b900d8fd
7087 c1e0923550e70f78
7088 a910d23c482c5719
7089 02f5ac2ab3a65f63
7090 b0a115a242854831
7091 52ed34942c3ee755
7092 f5a015a699345af9
7093 5a9b145802497077
7094 ac566e458ff4d3df
7095 96b78ecf18114f83
7096 a27c7b859f240053
7097 9215f57b27b74f88
7098 96b37c199e2657b0
7099 77310c58d55f557f
7100 a977a97861adea6f
7101 1e6acdcd2e99a528
7102 b9424d7a3287f512
7103 f83932a1cc6f587b
7104 a512ad44c79cd3e7
7105 aefacde05afc5cf3
7106 f2dabb9cf1ab3acc
7107 4d642d9110f48ff8
7108 92dbf682c27fbc86
7109 25c6db8a11d628c9
7110 92fa27606cf7a2d9
7111 8854302146d781df
7112 69e5b5ec7997b5da
7113 e7cae0e6a7c1c4fd
7114 2cfc7224e3bc773e
7115 560e9cd8e059df6e
7116 86e9561b85f24919
7117 9e33046e37867b15
7118 bbab13a7fdba195d
7119 b526ccc56cea0d8f
7120 ffb29a19a8dd3a0c
7121 aeab5103590a8b66
7122 41115ab453861d73
7123 ef1d55c4ba503c10
7124 9ff2d461c5c93840
7125 28d6ede4f164b18f
7126 2b981e87915de314
7127 9929193c24cf47b1
7128 668e126653ad0413
7129 07b652736f9723b9
7130 b12fdb360845e68f
7131 97e4cbe5fc8033fb
7132 756433e02a84246f
7133 e9c48a8e537acd67
7134 520baf5ede43397c
7135 df84dcefe71b3c96
7136 ca9f9c32b3cba879
7137 00862724b6d8f18d
7138 13f51a6ec15bfcbf
7139 21ab1ab3c289713b
7140 08143925871eb575
7141 8addb46dcc3c8a54
7142 452da3c1bad4adb4
7143 3ad4b79f35a55593
7144 b4676de5b9a8ec68
7145 ba7fa556c40da571
7146 98b119870ef6a4ec
7147 59440a6b76b2ab93
7148 bf0528d61f2b001c
7149 f48472b01a3da28d
7150 bf090550c973e508
7151 391048b16a82b47d
7152 11f8e0439cf18688
7153 e85043781703936f
7154 80fdbd53b79e7800
7155 e9db28d16478b6ad
7156 b80c62744dbc88dc
7157 91e2cd110fd93a81
7158 8f00d82beeb5233b
7159 249f874150d1d5f6
7160 26994720cf7baa7c
7161 1c63a697f9a2bfd9
7162 bb29b86274fa5c59
7163 bc0e0a7eb3878c6e
7164 2e8544f79a51db00
7165 d69ce091adb2bda2
7166 6cc783215d724ae8
7167 eaa84bcc5bceef78
7168 5feb39a7ce1330b7
7169 48b0f3a35883ce33
7170 4c0f0887208e8880
7171 f9c775b5f15f5a10
7172 1d6d3fc2583efaba
7173 8bde324b679d4de0
7174 ebc2642d4d364cb6
7175 e8412171340108c7
7176 54217ee5445bf51b
7177 69d1e603f42170ea
7178 6dfbf12f0064f06a
7179 1928ac66561d7c67
7180 67c80abc697b88cc
7181 4e1d077dee294b55
7182 d18cd34dfd6c2f92
7183 3e7b378cc32cac19
7184 8bbc12dbdcf8fa39
7185 8fffea86e3405e38
7186 6132daa9ea3ac171
7187 3268962b47d398c6
7188 07601e7217ea28d7
7189 c27da75d60af4d0e
7190 67f82295df20b93f
7191 bcccf57391990a64
7192 5793466cb7ecb57d
7193 14ccf717ebab664c
7194 ce63288efd655acc
7195 3cf00b672e3e7172
7196 288304be60c17385
7197 fdc80f01773ab4c8
7198 c4cba8d8a00aa017
7199 54f270d032003396
7200 d019f2586bcc65e3
7201 bdd91304a2fb63ea
7202 55f5f52956bf6cad
7203 cc656ae76f19a9d1
7204 163e2597167399a4
7205 1e3066b3164fe4ae
7206 5b78e0f7b5a6aeeb
7207 28f3385a09c8f4f5
7208 56d24c2c458d4683
7209 480beca87623286c
7210 cc35e3c0859903a0
7211 5f79e318715e6fba
7212 601f59ccb132fe5b
7213 0db95a4546c27b9a
7214 a3198702ab26b41c
7215 068673b6b12b8940
7216 5f2edb57938584f5
7217 7f9b7bc8a4fab7b0
7218 a0e28beed2829f5a
7219 ad79d02093540b90
7220 2ec78e3422c26985
7221 6cb168a1e4ac7957
7222 03fcaf55e8c4a1bc
7223 5c5ec188e2e53725
7224 c286fe7a16e5b280
7225 e58651abd7c9b030
7226 75b063929f1eadfd
7227 1a549043b0b251b4
7228 58898da5d21d141d
7229 0702f0d5a61353d9
7230 00d532034f368b44
7231 67e695be41b86b7c
7232 4dba51128f6877ea
7233 0925d46db0b7210a
7234 9280c4813a7ec92b
7235 3e4ccbf62964af3a
7236 912754c317bc5de3
7237 55751e7c8d7cb931
7238 8fb27ccab53238e0
7239 b57d357fb51e9686
7240 e17df56c05f0cf74
7241 96acdafdca77eb83
7242 90d26e4822cdd9eb
7243 7ee5e192ebe11bfc
7244 6556df94c4f766e0
7245 251b248b961b6834
7246 8b6383f2e380d1ac
7247 53e4086b65b5b6f0
7248 8f0499aee20580ab
7249 aa748f26b398c44c
7250 955a74795e041d7e
7251 eeaedbfae52d655d
7252 6410c707f4555608
7253 4681cd396e753b68
7254 0ba3de5a4a8e15f8
7255 0f8ce6ffbf69a6da
7256 39d018e0df48d99f
7257 996a2b12a7ff7c20
7258 3bbf823bea1e1928
7259 4f491fd2cab40086
7260 31f4c7b78a7bd134
7261 ea031e8425958590
7262 6b83a0f4909fd35c
7263 ea2f42d3732a90a7
7264 a95c6b0b6bbe1e17
7265 d11652e5c3991366
7266 e778bc8a6f7fb53d
7267 840de9d8a8b41803
7268 1071ace717a1a2e6
7269 adb6fceacd9a5000
7270 008f372816687203
7271 77066168e598b0b0
7272 959c08c24695d033
7273 c82652466ce69f0e
7274 52e50da117d4896d
7275 ed4927b938b4348b
7276 826bdaa4b764923b
7277 77559079e696d441
7278 1337dc76f804d60e
7279 c735af4fa41c48f0
7280 54e690eef50f02a0
7281 5e814aa9d4ac8023
7282 c937067c4432cc32
7283 e5a8fbf822aa1e03
7284 1ef31d1059d49e81
7285 a978cd19552d3e97
7286 49dd7bea979b6daf
7287 a9f8ffc6916d2f04
7288 c5ecd6d428b5e6be
7289 9f9ebd8f21203022
7290 be0e7013b1b298b2
7291 d9fb4ae327ad080e
7292 13b4fc60197b82a8
7293 590723b8bdc9840f
7294 556c4b4d70a34428
7295 7f8f8f7e9e46925a
7296 232a73543e360cce
7297 c652e8a740d5df30
7298 dc4648dfc4213333
7299 c5d3e6dc92f5e2e1
7300 8bcdb6187990e02b
7301 b0077cb17a449237
7302 279bf17c7b4d16b5
7303 023cb96eab04b9fd
7304 bb54f0aa8a4c89e7
7305 29154882d0037771
7306 45e9b92975836059
7307 997eaf3b3b3bbd13
7308 c8a15ddcb32d883e
7309 a2e69eb0de132c2a
7310 db5186007c7843a0
7311 2e113a3ec3344f64
7312 fa4dc5cfb74188e8
7313 54b89339f836a7a8
7314 1653f1cd3a709e6d
7315 8a77bdf9b7bbc435
7316 3350ca85d367d825
7317 b2e067681400527c
7318 d20c6939a7d9c363
7319 73311b6f5be9025e
7320 2562c96f53321610
7321 3dbefd844b40be25
7322 a8685c4fcf596d76
7323 bf533842ca202a0a
7324 d8da0574c029602e
7325 46b9aedd1e21b0af
7326 7acc2f460d26e019
7327 ee9df33df9bb81fc
7328 e467d1c214dcb115
7329 66d313bc058c2e46
7330 977ed75cf1f988f6
7331 d019ee848d4702ef
7332 206dc3b5d24818ac
7333 cd17336acdbb3527
7334 dc687870d2dc3b3e
7335 0ed46de80849c5ad
7336 95eb69a5ca6f80ac
7337 59287b09e6b869ff
7338 af50378ebdd52e1e
7339 f8ed27230b6babea
7340 7e95cff70d738f4b
7341 c6ba58d88e959409
7342 154d2e898c16d32d
7343 897c189e86a8c0dc
7344 31a9096381292ef9
7345 a4321c2aca88b7c2
7346 5a0e2f6daae4a4e3
7347 2b40948fa7029e73
7348 48fd7125ae6806b8
7349 a1e06ecf7ca43965
7350 3ab0793d86b12b52
7351 b81f5b8a71128085
7352 90a0f6745beb39bd
7353 df7034d21859a237
7354 3c7ab0305e3719e6
7355 6bddc85d54f6c710
7356 2df57f31ecd089d0
7357 308c7b0d4f8acc03
7358 864d17644c0f1817
7359 fb18f5a75d4d603e
7360 4cd44154e4fc44cf
7361 e86281540a0699eb
7362 476c5335b6cbb86c
7363 df96d49dae8f99cf
7364 419b15e0fb2c26aa
7365 14f9422d575f8229
7366 6fa500116fa723bf
7367 ee33fec26b56fe25
7368 34a167c9dc8c2c72
7369 09bf5a52da390991
7370 79d8867f1b347e50
7371 3c9ca52d727e1bc1
7372 4766417048065031
7373 c2a45ee02a515faa
7374 ac61313ba1e875f6
7375 51edc9136d2099fc
7376 7d85107b3129c040
7377 a7b57c3cc776c9fe
7378 bbeff6a94b60ac47
7379 69226d6d65fa5d2a
7380 3944495219a9ed9f
7381 07848d0d41d6dec9
7382 f733e3dba5859935
7383 27b8fe70259fc5c5
7384 143e80af61d49377
7385 d495e35adf6619c0
7386 83739448343d1c17
7387 161609fd901a09e4
7388 4c660b652b4acf91
7389 c54fcd6045fce0cd
7390 cd94ae313e3d526a
7391 1643a7301078ccee
7392 5a31211e0f08e037
7393 ec3dd7cd99c2eca0
7394 bcf59c6979ace215
7395 7632b831b6faa21f
7396 c583a06b8e4406c6
7397 d3ca82417c86e337
7398 676398a5d94d0258
7399 e69eaee648ffcc01
7400 865de21e480205ea
7401 5036f8ba6853e5de
7402 848a3723f945684c
7403 45e4d9f83389927a
7404 9e949cfef0df7747
7405 14e3a81896dec87d
7406 82d4a19fc485b7d0
7407 c396306c6707e334
7408 64fc086a951a5f96
7409 7045ce19c43f59ed
7410 4b5233989e2d779c
7411 96c82e11981f9e98
7412 0d449d56f9dc3cea
7413 c8892648475e57f8
7414 932f79d240ad1293
7415 65170fbb71d30c9d
7416 c3567cce3c807ef8
7417 b3f661b23dd22b79
7418 fa365861fcb7f2ef
7419 504d4eed978207c3
7420 5c124d4216cfd73e
7421 517aa51db39edb61
7422 c3b7d4349a12d520
7423 626190aac33685f3
7424 fdb9c95c925d96b6
7425 9e09f0ac8df87ae9
7426 54d9640c55aa14d7
7427 67560e7bd850b8e8
7428 ba0975c153b52f5c
7429 8eaf8a4fb7d11538
7430 8b0f18c58c777c02
7431 c1baad94ee7507d2
7432 af70253a2c9351ce
7433 a6a225798c472fdc
7434 ace2510f7a512939
7435 e2d418892faf8cd9
7436 b32ff53130fdd96e
7437 e4fa5f1cebea1ef8
7438 557f688e923d3b99
7439 92e7c95a7b9429e8
7440 2ee1e6afbb4ba44c
7441 75b798820c364ddb
7442 d0f53bedc10a3418
7443 e94ad4cf8156ee52
7444 26a426a294dca3cd
7445 ecc76393a94dd2e1
7446 69880093b55473c8
7447 f99ab46285495d0c
7448 cbee83a1dd9960c1
7449 d9ee608cfadff9e0
7450 4bbdbfe117a00720
7451 90fbabf3346b0a07
7452 c8bf8df884791777
7453 4d3b42b68e60d6f9
7454 4fef2f5ba7839327
7455 f5a0eb29427f6bd7
7456 c02a7ca822ca6a40
7457 625af1be51780902
7458 23c5b377448cc62e
7459 1ab139a0c9b6e998
7460 05697a94396ce18a
7461 7e05efc0ca613448
7462 9e08c25071ec7cf0
7463 945b047530f787a0
7464 0c8f413cc1c6d3a5
7465 a4d14c338ff6247b
7466 fcaccb54b072e761
7467 79fd2e5485d428dd
7468 229b56e974164ab7
7469 259c95971dda55de
7470 83e64409a9fd379c
7471 9e088ad5a5c06424
7472 c635d3be77735882
7473 8b193717e0335e2d
7474 924f26660a8129df
7475 e03c0cf21e8ddd83
7476 4313829b7146caa3
7477 d698bf7946d24e5c
7478 0f67b9b9dec452c2
7479 c8288f529ca7d38a
7480 c6597a637b662889
7481 150f6b9b0a92dc22
7482 43a149ff3ace7df6
7483 d6c3f051f08820fc
7484 8542b6c4df33f3aa
7485 31fefc9427520484
7486 c22cdbecd1e54265
7487 2790cc2913a9dd3d
7488 4e4ae561742b4e19
7489 e532bde5c4a667a9
7490 160a8f792e0f821c
7491 6bc0ae110ee498c1
7492 6108855b1ba38688
7493 383004c613325e87
7494 9365a93ac9cfbd43
7495 dc43afd1ce028ea8
7496 0e7f29655965da2c
7497 1c8684c8146891fa
7498 2a59be86f788becc
7499 65aa2a2b01355964
7500 3675fd84dac3caad
7501 72cb67f1ff221740
7502 716628527f356815
7503 2718a672f2589a79
7504 7d5277382be676f3
7505 d53ff48f3061191c
7506 2c8db5886955f3d1
7507 b71844921c87fc55
7508 89a7b92a7c63dd9d
7509 a5486ac3e103c540
7510 c3fa6d3dabbb83e7
7511 8ba821bea8a8a011
7512 57ba0c03668303e2
7513 6a6e8e85891477ea
7514 36b9d48d1128c8e4
7515 6e214dd59d1a676d
7516 dd4b88bafa4cc4c5
7517 c0adf843ad695563
7518 5c467cda0fe743c7
7519 7f39db7b8a7426c9
7520 8ae9284e93281b5b
7521 2852763a8e3a11f3
7522 ad6a84ecb1c42106
7523 3b1b788075348d39
7524 f7cf35686a71317b
7525 8eea3cba6d8ea487
7526 de378c4caf99f018
7527 e28351adecabd2a5
7528 04b4374399195fff
7529 5c62d60a32a53bd0
7530 2ed65751743e8d8e
7531 f2e57c95956fe78c
7532 ef464d9d3f805ed5
7533 8ff3dcfbb5fa531e
7534 ee86a518bde98261
7535 2ff0fd29edc8beb6
7536 2da22b435d6ff34b
7537 f0dfaef16be44900
7538 e4fc56ecc7aa6d0a
7539 4bfb1540f12f38cf
7540 2053e455e6174675
7541 87c7be98282bf7ca
7542 46af2ecdaceef5a0
7543 c5b11a1e1c1c6aca
7544 9ebb2aca336604bc
7545 bb6e08a922d7d028
7546 a0cde44ae9b31f47
7547 7fc2db5c82e420ab
7548 81f49d8c03e2c8d6
7549 c74a022b3b23aaa9
7550 e4d4deaa06f27b48
7551 e3faacea3129d197
7552 64d2dc207fc56f69
7553 3021126b940cb244
7554 b7097ae33fdf7127
7555 e9bc5cc956608dca
7556 76b27ad54d8b271f
7557 871985efeb5a11c9
7558 2fa85873395433b8
7559 cdd27c825bf7268d
7560 47aaeb7c2a0851ef
7561 b47292afbb0fd316
7562 91707dc9afb14b68
7563 d4611438d4fbee87
7564 674d1d1c0de2a34c
7565 9e9ed09633ad61bb
7566 5093626eebe8ee50
7567 cd7186c0830670e1
7568 063b97bef1547fa0
7569 ae000948cda36732
7570 b5457633eacc1e14
7571 e2b4845feceac109
7572 fbefb125e04d6071
7573 428549495339e7a9
7574 b272d87b22e0c891
7575 56d4f7d515c27887
7576 c86049f213a0ba37
7577 2f6562903e7e0377
7578 0e29a5eb0c0c93f3
7579 389477c31e477967
7580 25102c6902675b47
7581 9167d21c49e980d3
7582 95c632dd48e44541
7583 d0fd0bf24e5fb3dd
7584 b7131a24eb1d355f
7585 971f141b938cab51
7586 11bac4123007b1e7
7587 782ffe95d7ae131f
7588 cd5cb14117044391
7589 9ef91f2346e0643d
7590 50d1814dd855bc66
7591 ac990cc250783272
7592 0efafa7ac775192c
7593 d105951148bc96ce
7594 b8da92194b1bb9cc
7595 1572a749a8f9aa96
7596 35b7f0d1566d38f7
7597 48cd55a60971f13d
7598 8e312d9c8cae2f6e
7599 13ad86a92ae02067
7600 f17e137fb9c53fe0
7601 5cf01c6c2426ba73
7602 e9718ec12b0a4536
7603 d0de556939d44410
7604 d31699286fd90a2d
7605 841108092192b540
7606 32b067caf68d10a6
7607 11776e7d068f2ad5
7608 26f905abf39a5224
7609 1344dcffe6fdbb49
7610 c7c499f55e3a7320
7611 9559cbab1d5adb25
7612 3c5750cd43e3e6cb
7613 e450140e2a447bec
7614 6cc55aa2051844c5
7615 9559d02ef0c2b9e4
7616 9d5f9a2afecaed95
7617 0f758c6ebf057b44
7618 d58823b44a349114
7619 169b95428547a6c7
7620 4c23e97eccfdd7bf
7621 daf69f2aef2fdff8
7622 55f61d90c40f882f
7623 4be610bcd4e7f654
7624 145582fa57293018
7625 f658d4c2fbb35f7c
7626 f1e394f7c661c3cb
7627 c5a698e7b6dce91a
7628 da65ea8675f2fe8d
7629 a4c116ac671190bf
7630 ed9b23bc4638590e
7631 58c3c7c5eb8a3be9
7632 21f2d6a6a072cb95
7633 ada82c564da21e19
7634 ebabc9523112a0fc
7635 95343d000b9b2cf9
7636 0320cff05c4759b0
7637 25cacaa1b6a706ab
7638 1b4da6dc398d74f3
7639 761294855cc5aa46
7640 9292520003498c9b
7641 9a42cbcedb197a33
7642 3d1bec730e30b3a1
7643 ce39d64ab9f078ff
7644 33bccb5c00454b0e
7645 70ee4fd479c18204
7646 1377f6ecaf167f76
7647 29e165cd225d5f80
7648 d4afda90bea44364
7649 0b9a8bd78fc3b278
7650 2653cf1622506975
7651 1c9060546fc11bdc
7652 f970c23e4b908366
7653 65f92d349d1efade
7654 ac2e3ef6a14dc718
7655 aaa841859766fa8e
7656 ac338cfbff89820e
7657 4af63b7b9c0b6ec2
7658 c0965eb4e44c515a
7659 8762f251a55d80e8
7660 76714d4488de2ba2
7661 c8e7d83a9b0f61b1
7662 854ae3ba21f7c274
7663 61bedce0b9c7349b
7664 d362a8b4bbf5ffbb
7665 adfb580c41c6fd1b
7666 6b7f37ec38ce6a79
7667 6d97b628a1e3e965
7668 1b94bbd830aac273
7669 4d8b325cf41e32ba
7670 93cc33ed3ba99f06
7671 ca3d1bf4d7568574
7672 6da9e559497f8ff2
7673 c417e9ce00078330
7674 010c52cb474ce811
7675 f77ef0e88cc100cd
7676 1abbc6fb9463201b
7677 3fa51bf6a2536acd
7678 fbc9c1258cebba21
7679 11f5f71d5eaedb80
7680 e21de03d410ee4c9
7681 c5119207708a5c60
7682 7d56ab14eef104a1
7683 d28f97cf61dfaedc
7684 af0f15952203e033
7685 bb5542446d876e26
7686 87e4c15134de9d2b
7687 b68b257e77c33a72
7688 1bf3e8fee5f38fe5
7689 bfdc4f728bf8e367
7690 72520e5251c280ff
7691 c3d114d69c9079a9
7692 f07d51638bbd90da
7693 fc43fe6c1f6a4456
7694 6e0d6bd0efb58dd3
7695 8a02bec8868cc493
7696 4360d6ef5c03cd21
7697 88cb8965e49cd10e
7698 a3e855a6a19dc10a
7699 560fa1bbb7bd7c33
7700 6ba146b069e9a05e
7701 85d7361e7f46b128
7702 4e3d35c62c7e1a2c
7703 adef29a2d3c3de56
7704 16882c7de47a7492
7705 39e273b464bc86fb
7706 827825f1a8a69733
7707 bfbf775c6d135efc
7708 cb42eaf2d23ae9e2
7709 9aeac66541d3e53e
7710 1d6b8a2ea55a3b9e
7711 9c99057dad17c658
7712 9178b93f9e197e3a
7713 321da5a218e3e8b2
7714 c0f61801067088e4
7715 f2d2500c7f871558
7716 31920e08b73a0190
7717 02b56b6cc01b47cc
7718 8c7b4e9587fb737f
7719 652fea4c58828314
7720 3e2693329851e199
7721 510c437fd2b3086f
7722 f02d26dfebbc6631
7723 34b4d1a076600990
7724 3bee30e251ff61bd
7725 9a5398f6b553bb14
7726 658dba3de2b5ebf2
7727 bbe9afd46beaee82
7728 dd6688a0ed750222
7729 0cbaeb1781aed80e
7730 c7a6db0f6babaede
7731 60c453ec6e087316
7732 d4d30311a4e7161a
7733 4d53bf2d6ab030c0
7734 8053b87e6b6f773d
7735 6fc377ee9021dc2c
7736 2fe2125859fca8ce
7737 f8542725f9d61c8d
7738 739d7d7929054529
7739 76596ba21f81dad5
7740 efdbc78b43c62d6b
7741 76f813ceb880d0c5
7742 46415fcb7483cf7a
7743 f5ce5b471eb792ab
7744 2ee745967347c821
7745 ee59c1c49129a155
7746 ed7f8ec743dfa2d8
7747 07a01e8b751f9b54
7748 2c61e3fe39b75609
7749 12a78c8464d871ac
7750 58d174f1bb0a4c63
7751 b41c0754abdd30ca
7752 db03cc82f7c5d096
7753 9b844cfaa8a7ee08
7754 e36148f769b37a3f
7755 c3a660b40af37b13
7756 22ad7e0b8b3d3f93
7757 bc4f921fd6828dd2
7758 a3d192cca9bbb7fe
7759 cb843fa620842dbd
7760 0cf4d1d9c3f4c419
7761 86f17ff52bec4fbc
7762 152b19bc6ecd98b0
7763 da4bec74e6894634
7764 299ed9015fde0d3f
7765 d70c08b9ad9de59e
7766 b8a7a00efa739843
7767 7cf239b1547b600d
7768 b47fe3723e202da6
7769 67001141a445c5db
7770 6ccc0b860823afee
7771 610e5056b02a7f74
7772 393c2ab3c80143da
7773 ec20f1983ebb9666
7774 c3d92472fb0517cc
7775 6bdbf0f61515fd27
7776 ed106c806f8e3b89
7777 2f259d106be412cc
7778 c9fa4822d611b804
7779 f12ddb0df8347632
7780 ab86650161d936ab
7781 2c61d90f0f13b4d1
7782 4a5eabb80bd8edf3
7783 a963d280e760fdfb
7784 c1a56fa7ce7da997
7785 d049c38ab2ea6eb5
7786 2eeb3099db9cdcbb
7787 1ebd85a0d3c6bc58
7788 c91d7d99269ed139
7789 65e5f8033b2469c6
7790 d0109538237c8683
7791 ec26945da56238ac
7792 d472796a3d70e122
7793 8d5e4b70c135173b
7794 bb8554d7843a1c88
7795 3113a2148c58a367
7796 f22881d681e50420
7797 ea0a14218da43eed
7798 c64da51e922e8742
7799 4d8cee508499856f
7800 22d346a9addee946
7801 b669e40f1b155255
7802 04efb9a37755b28a
7803 9084cc33207e2b1b
7804 93ac7cc72e7f775c
7805 2eb1c22f386f60ef
7806 41aad69156a126cd
7807 7161c336cd08757d
7808 c3bd59bffb97f044
7809 e0783086acfa9a86
7810 8c2c4ee0bb292dde
7811 f15d2fbe5420bc5d
7812 2648113e58ad8d80
7813 dee13bb57fb8a210
7814 ea79e4f65e7bdfe7
7815 9b1d1de3dfc80708
7816 21247a1eddc2d8a7
7817 2201c2f55820ebf9
7818 9241ebb2d92177fd
7819 5673eea25e06e0b6
7820 983a1175bea177d3
7821 54a572cd6866180e
7822 0bda6e4ccb633747
7823 431a1b55eef60ee4
7824 13cd152b8eaee4bd
7825 abb91a17d78f48d6
7826 1234dcaea2d73159
7827 73a079a11f5a2269
7828 7547d09dc7d3d16c
7829 55545ab85c460d6e
7830 0eddd5149b3d7df4
7831 a6d7ee72bfc9fc64
7832 a822a32b39f492e4
7833 782742d2047a3d6d
7834 11b609c468daf4a0
7835 ed57148ed889b73e
7836 8a1d84147b89a6cf
7837 99e7c5c0482c2b84
7838 0d9c5af4410ba956
7839 ac0b3201d2e15675
7840 68e2ff0de428247d
7841 0549fd6aea43a3bc
7842 a10cdff29870b51e
7843 8b46971fd679c327
7844 482295fd2a354a50
7845 2e526cd64b44161c
7846 cd7558a708ade23a
7847 cf65ff8ef7b28d4e
7848 e78e143f2b547cbc
7849 bce815e69150a875
7850 d3ae69adf9394897
7851 0fcfa623f965be65
7852 7f62d20ea50baf82
7853 14c4ebe0a96447e6
7854 084451db54c55394
7855 f6b0bf396f843ada
7856 6be0e8a27e17bae9
7857 c86b125febc6258f
7858 71254cd9f0ca8090
7859 f098bda69f69728d
7860 fb095ea0dc32c678
7861 02397ee413bd9af6
7862 bc9175dfb9cd7300
7863 b2793da8eeedc5b0
7864 4c756de71ddde3f7
7865 ba1a9d5ca6d35712
7866 d76b53974255a3b8
7867 dff0a49e5bd09a68
7868 982a255eae95b861
7869 43a420d23b4b3ec4
7870 3865d1dac70f16da
7871 d4a525ddb481d5ba
7872 ddef016f6a087302
7873 864d7244db182655
7874 25dec74942a9de2a
7875 e73db20291cd5bdc
7876 e095fa3e0bc1fe91
7877 f1da0264fe1f0624
7878 e60a854701927109
7879 ae49651fe252dba6
7880 3268dbb53dc04d18
7881 026bbbb8154daf59
7882 27ec7881fe6963a2
7883 e091d0f630a4354f
7884 42a9ce2d3e5a78e2
7885 8908e5739c732db4
7886 623cae48967319fd
7887 98406ebfa5ee1c6c
7888 3e3817d2f751df6f
7889 8d46ad05a1d4de57
7890 a69a7b41b0062111
7891 57a54fb5e428ffde
7892 5970ed35d6eacee5
7893 588d871aed10c235
7894 4b5bff031304cea1
7895 ddbcf2dad018fcd1
7896 70ae00ab87fb7b12
7897 17fd826feaf2ea62
7898 5045f8c855715bbc
7899 3313f8e69d290022
7900 0ffb933fc1535543
7901 797fa36b2731571a
7902 8e1060d7ed31468c
7903 6578dea8c8d55893
7904 3d288b78209c6742
7905 1b188bed68869a0d
7906 c61f682587a1c6ff
7907 7df967359080b180
7908 51aa96b23e438f78
7909 a8ffe3740a3b6570
7910 64d2e62bab08790a
7911 fad104890f3f984e
7912 2e43ec77a344dc36
7913 dc6883fda58b48dc
7914 f47e72d8b844357e
7915 a95efa8201c50111
7916 28ff73db1a28952d
7917 303d206c3b501e58
7918 99633f471ba542c2
7919 d0a55dc881632506
7920 eed39d11a596131e
7921 85c5e8746c6f15fc
7922 f7b75f89af8d7489
7923 a8dafad855a1aa16
7924 1ff6276c3ee95e9c
7925 a26220ac58656bce
7926 95ab8dd5460e4f16
7927 bfb756e129b72f39
7928 beb69c86e6976750
7929 a2732aa7fc702e09
7930 9f93dd939568692a
7931 f5ee361640ff98d5
7932 c783afad50632ca4
7933 5f3c2754f4cda9a3
7934 4b150a7f51414af9
7935 007f4cfffaef05cb
7936 97b13dedb0a72e25
7937 6094ccaa7d868340
7938 8aeacc2ff91053af
7939 e43e817124f2bdac
7940 ef7ad89d27d3a57b
7941 2ff859f0b09e9631
7942 fc48fedd897f5023
7943 6b01c465bf128412
7944 5e6de697e5b1e2e9
7945 3452bc959bbfb57c
7946 fa14f1f015d5427f
7947 f3c0108df420c3bc
7948 c0a0620f0a19b6be
7949 c7ee335cc3aca3ff
7950 8309111b57342aec
7951 d6e2354223834561
7952 2e0a0185322dcf0c
7953 9a34b389083629fd
7954 09d090b040fef4b5
7955 12fb4b6526b8ba49
7956 96c6421331b10977
7957 65889698d0ab3d69
7958 2d22d07d66eac9c6
7959 5c1fd798b49aad74
7960 774c4701635de40e
7961 3f9db7da72a603f1
7962 0e99e771bfe0353b
7963 0d54c9f9a5d89439
7964 279dee717b957670
7965 cb9003913977a4dd
7966 28e02b91b48a23ba
7967 6031f6f728dd4412
7968 b310120b4e18b8af
7969 b1dab6d57ef2b9af
7970 8b926c9b39319658
7971 9be8a9436bb0cb6c
7972 8273626f9f0fc797
7973 f416e6cfde32a2f7
7974 982a0e36d8b57819
7975 cb0485fc987f38b3
7976 2e32b5df1a79274e
7977 826adf2ddb6b021a
7978 3bc83c856c417226
7979 44f0697b1751d669
7980 7a3e7025a5402d8f
7981 3a9208bb2fc6ef04
7982 f2d138438063cbd2
7983 eb582535474364da
7984 10733e286f3c9edc
7985 429909ff8268c620
7986 68407a00653cd0a9
7987 6b43e7c0d725efa9
7988 586d39335e8b260e
7989 78abccc5c33ca6f3
7990 f3d45d3292c0e9e7
7991 779f151ba9530417
7992 d09ace8b41cfc4d2
7993 860beed4f562b73c
7994 9adacb5200a1a83b
7995 70e82597d3fc11ea
7996 ad614cc30f23b5d7
7997 4118fdf093a3f40a
7998 f2a292311f2d6b34
7999 34652b5f12d94906
8000 5b6ffc950f10e3e9
8001 6335f225bb201954
8002 7cb1a0d756325398
8003 997c770869be74bc
8004 4503b8567631972f
8005 e05958261025b912
8006 8b1b17f1c29bb468
8007 fb2450bd40992f8b
8008 23cb8a7893694041
8009 d3725b3fe519c63a
8010 5310eb36f81405ca
8011 222fca5417b2e780
8012 c8822dc534c97dc3
8013 43b0bdc24f310c98
8014 1297bd387c4d3b15
8015 851b78924bda2083
8016 0e75cfc76dc5c396
8017 10cc4486e6e4595f
8018 91c84fef366398ce
8019 d1718976166bda68
8020 6a4ec067d8133abf
8021 78664228eea6af09
8022 91f219782e0f1b94
8023 0bdc77240bac3ad8
8024 c1dd96e26288441f
8025 6a383998243e27c8
8026 57ec8fe9d5cd9b3d
8027 4eff6a8779797597
8028 71eff76f4b113c0f
8029 052aa30988ba95f0
8030 ad44a3a5e15ddc51
8031 d1db3c4ccd2576b9
8032 a972f3061aeef695
8033 1e5c8a87f01a7655
8034 1b659d6af7a6df9a
8035 aabcc37ec8440999
8036 ca6ba7a0cd202d5a
8037 dc7c074e3c89e7aa
8038 3145b176c6414226
8039 8e5f6573542280f8
8040 f274992f4b1250d0
8041 c9110472fce9f733
8042 70c18ff9cba20c77
8043 8cc4eec0ff2b520f
8044 570c88cbe233ac91
8045 1077bea4fc1d2f4e
8046 d67eab9b0c5ec4dc
8047 d321ca1fe29e06d4
8048 6200add0981659c4
8049 19bc03f2d0cc37df
8050 55e9c63f1f31490d
8051 793a0e2789c6061d
8052 e0916b96082bf1fe
8053 a1fb9408e36d92c6
8054 509e8a2043e17649
8055 9eb1770dc82b176f
8056 414c3913b9bacc61
8057 ae825c74dbe3be3b
8058 e48baf3a0248aec0
8059 3ee365bcc540a2ea
8060 9f84733ab0801d4e
8061 4049c91332f7e79a
8062 a3c43d0b0de83fc5
8063 66f0c4da3605011d
8064 7c7073306836a4df
8065 2f521ba540534c19
8066 e8e405e97078b89f
8067 1374e7eb17571194
8068 844b13010d666eea
8069 e3c296256cebd25e
8070 852741bab4ff7106
8071 31e9ad7691ebfd51
8072 3f64c6fd3f92f60f
8073 ae44701089aba38f
8074 da8fd273459e3daf
8075 7076bbe9cfbed766
8076 baae2f105e958c16
8077 a7d72c5c76a2598e
8078 8471592f8bf7d4e6
8079 cc146411d933366a
8080 aa42106965165e98
8081 b1bef266a052b54c
8082 00379ccf8a6c2e0a
8083 e72b4c629d4f6c50
8084 f7754e08c733d9a7
8085 1368617514af192b
8086 d1433f1f2f45944f
8087 5939bb9e3612bea9
8088 bdf056ff76d62b42
8089 ab5a79fa7c1680c6
8090 1d4b5210eaba9a89
8091 fb3f337f7e7d5f2a
8092 a4127048f7a3cb29
8093 14ef2321ea679d59
8094 a7f3991fcb2222d1
8095 ebb8c9c138f7a149
8096 73643098cb251b93
8097 b6ccd6686129bfc0
8098 c1c992d3b368af98
8099 f1c8be6226c2ccf2
8100 f3f31ffe74608d44
8101 9e701ca4f85352a4
8102 6cd8368095199b0f
8103 4d267ccce329fffa
8104 d0c73164d0182cf6
8105 0546fe283992e413
8106 bfb541c58951cc8f
8107 92ab904c4105158c
8108 8e467d0d659efd21
8109 2f01813c165e804d
8110 d8a6de81b1057472
8111 547ad9d546b5d764
8112 d275edc9232c007c
8113 82aaf8fe007f4a32
8114 746b821747c48933
8115 7c19cfd08f6ea05f
8116 c4204f459e3fbae9
8117 46ef940cf4dd8798
8118 b498004e68ebc621
8119 05b4155e016c5de5
8120 e585b2b8a8e0d53c
8121 07fcbb379bfc30f2
8122 9b0c21fbc94d9557
8123 71cc46bc9bd6facf
8124 b7f20e149569f0ca
8125 11665d30bd94dbc0
8126 9796be7e5d0be7dc
8127 773fee9de6ba81f6
8128 ac398ce7a6fc0d9c
8129 862d8ddcff63bb80
8130 35315977f063cd2a
8131 74ba2ff8f18388da
8132 4037183bdfbb1ff4
8133 4c2e98f8e5281107
8134 8999fe8b2fe10767
8135 9169adb53ad5071b
8136 9429b2999ec2790f
8137 eda88327b69df0a0
8138 479ce52776b66334
8139 c1180691317edc1e
8140 8e984742ec3e06e9
8141 dff33d88ce0d086f
8142 6b9c217a9da63b50
8143 463c7e7510bae2a9
8144 06d53b61ef76130c
8145 8dbe95fd23c3b7f0
8146 d3ec0cdce736dfbd
8147 33d0fd04a228c775
8148 cadcaf41660173cc
8149 82b897f798613fdf
8150 fd24b4c6236c988f
8151 f71a724149d04237
8152 b33cec3f6d311292
8153 80e43ced78fd89c4
8154 4048e680c2219f7c
8155 c5ee761d426e98a9
8156 5ed1d37e153d3202
8157 2e9edb38997e02c6
8158 6175bac08544c65e
8159 340821c456639101
8160 e1bfc0f64f05f6ef
8161 0689ba0b8d843ff8
8162 96df980d86e3a82a
8163 7fe0257ea24c592e
8164 25e6b9562b8df0f8
8165 b316f9344a23af64
8166 247dc7751f96392f
8167 9f2ca29283d38003
8168 1ffa202a460f0743
8169 9ed85a0521c325e9
8170 aeb12d55abc5ee65
8171 061edf5349ebafee
8172 e29909d49ddecf13
8173 05199eb80b5334f2
8174 fa3637ed8b354c37
8175 17f8bf76637e27f5
8176 213260016d0860d0
8177 4b48d314d53a95df
8178 11fa52f59240f37b
8179 8f44780a037d2a3c
8180 376d47a41fea25c9
8181 55dec2e88619dcd9
8182 bda99101d7dec4b6
8183 acf71ff0621b8c1c
8184 a01f1e9140bf7055
8185 6d5f2b5d3e94e408
8186 53529dbb3ca442fe
8187 4c6b342a2203402a
8188 4710ed864cbfa749
8189 3d0cd06d87e1aefc
8190 eabdd925b9fe84f4
8191 eda334671a19377b
8192 dd2c922564e9ab16
8193 20439a6fbf856edd
8194 03cad602d6fe956a
8195 9ef76441a0064d5f
8196 d828bea8fe01f2cc
8197 1804a88b76f504f8
8198 1db29704f719206d
8199 96ee9765d2f497e6
8200 64bfa0e20fda9ba9
8201 621c06ac6ed5986f
8202 d381fcda97bf98a4
8203 64ca854d6ae18ac7
8204 7ea4a4a90dc3dcbe
8205 10c1122bcfd7ec5e
8206 48ad31f28125c5ef
8207 4a8346acef47cfbe
8208 33ffcc2513951c9e
8209 7d6fb37232c58efc
8210 158a51123eddb8b4
8211 81108e44a3e31ff0
8212 1d5a4eb057f4ed03
8213 2b27c4fead2a8ebf
8214 d9e860f4986fa0d1
8215 889d174687c1a663
8216 d534a306ba5433df
8217 270c7033494e1073
8218 5d9b2bc8e252fd8a
8219 6ccb422ffae7e024
8220 e756c285198edcc0
8221 5247442d4049b4aa
8222 e8deb5e5d202e6f9
8223 4f079e60297abe21
8224 c2dc49f3c41cfe7b
8225 a1aff6a827bb4df9
8226 80cc205307e4387d
8227 fc7f7dd2fbf611d0
8228 8a80560d2bb1bf49
8229 f69c8e556be5768a
8230 d638f0ded6fc063f
8231 92cb4414b6fbb736
8232 055f8328dcdba597
8233 e7172ae2f93e4470
8234 b006869b6ce42799
8235 ff31f4a738a8cc16
8236 5629fbd64ea6becc
8237 636790891e3f1b74
8238 f1f06a0122a6fc0f
8239 9efe0294c024031b
8240 82013fbf230a33a3
8241 ed26d8e92f88b03c
8242 428b6834a4cf3404
8243 ebb8fc693c0d8a1b
8244 4804eb337bceedfb
8245 32288b092aaa2a5b
8246 ccaaeefb0aa90036
8247 6708d8dd6cdc749b
8248 9b8f4849d6c92f59
8249 aea7df89fd61e0c6
8250 b4191f0fed12524b
8251 8b03f790346ca31d
8252 080334041beae3f1
8253 cb5d8fca04de93d3
8254 c0c76ce70c9f089c
8255 e225efc12944356d
8256 371f6892250b1832
8257 d1bf2bf12e02b43e
8258 3bc0f15445cef809
8259 845b394607a91019
8260 313615ba72a90524
8261 dde0e4f552d511df
8262 b0900082d94240fa
8263 4e38571cb8726edb
8264 cf373ae892bd25d0
8265 bad212fdd445099c
8266 358a38e9c8f91dff
8267 d0e59dd64e7cf102
8268 fdd64d0c7cac1d67
8269 33b22bf6b1540c90
8270 dc63be5fc23af6c8
8271 505b544fdb898093
8272 84084bd6762b9f50
8273 c4da1b7f8952d24d
8274 56269f92aada794b
8275 cbb1df779637ae85
8276 ae7501bd92e3a495
8277 e738f77218303a3b
8278 4dfe18081345d078
8279 efeaf6233d3efc00
8280 c7c4c9a33c1cb0f8
8281 f965e5ec3e600996
8282 e864eb2b9192c8a0
8283 f257bb865bd299cf
8284 09ce95eb827116d5
8285 aa2d21a4281562a6
8286 e9f2dae639108c13
8287 10a60cdc81edae71
8288 22d03f80ca8c9a3c
8289 0e12902d8f158c69
8290 514b7092a50ea286
8291 c41850cf8122f200
8292 b820dde765852bbc
8293 57be548422105d32
8294 5d1b2f51e42a0027
8295 b0bce928bff0b283
8296 c026536a7daad3c8
8297 34e5c60db379bc95
8298 9110f5203c1be213
8299 c4e0f336c58717cf
8300 f8c16c8a3d59a713
8301 7e30731108579aa4
8302 c9d3090975e712b7
8303 0d0897f255ea460f
8304 bad2352e47aecb0c
8305 450d4e7e282b93af
8306 ebf9f81ec3f5c21e
8307 24b096a4f7a06625
8308 48181caa39a876bf
8309 5b49447fc637858c
8310 dd99006ffe460951
8311 5bfab1a5044a0ea1
8312 17c47ed43b906430
8313 41684595e560bac2
8314 d81efc3d0ec2400c
8315 e3f49b0bb0d3e8f4
8316 732de645f77d50df
8317 91d1db1bd0ee99ae
8318 02822c239220c0a1
8319 aa89d46ad8703d8b
8320 b3c2eee0d0d34c22
8321 e38d0dd7a74d360c
8322 ad89c228fd10a68e
8323 766016e9bd1968c5
8324 a1cf8d9b8f8ef32a
8325 40339066688dc340
8326 d66f419ad5c25374
8327 53b4f0e12dbdd0b7
8328 17015a1f5d876516
8329 636b00faf4f82e41
8330 253986b51f896e45
8331 418bf95b9a69a1d5
8332 abad42fe2900d82f
8333 db519b30c717f3fd
8334 43b9e0653aeb4ef1
8335 395e8963610038db
8336 df605eb735d6be42
8337 a7a76cc449a53eaf
8338 37d4d600460e59d0
8339 4a66b452384e6b46
8340 69262cb54e3e06f0
8341 ef623a16e155337f
8342 9424bf769f3747db
8343 798f2c72d39f30ec
8344 5f2eb87c2a67f187
8345 e8112b0b6d1dd7be
8346 ce73ab9ed7a19dbd
8347 3ecba6e04edf481b
8348 202c201ba0bdaab8
8349 e2d5af78f9e7b76b
8350 6c0f88d9bb340104
8351 a69c1891a57cc086
8352 9e41f4ab879f6d6f
8353 fa7b9e747938b938
8354 84cd86c58e5a9f5b
8355 685967fa3724afcf
8356 3954ee0168bbeb28
8357 4e6a683ffecf78e4
8358 c92dec7e04ae5f08
8359 d01341e5ab36a4bd
8360 7e17081c91182479
8361 c3726f4fede28249
8362 a16d7346e6b3a18e
8363 aa09a3b1f37df695
8364 6bf29caa2489f3f3
8365 0c6030958d15622d
8366 511e363d42e1fecf
8367 eca638e20c672e5c
8368 7a34eec690110e1e
8369 768aa885f33c99ca
8370 452bac114ffa5660
8371 5fb4f7c370eef6c9
8372 bc72873bd7d33ee4
8373 ed9e445ecd335f3c
8374 1fc51f287c28703a
8375 052d01f23f814232
8376 a4056b36e309f9f8
8377 bfe88a6d91fb548f
8378 919a24e4788713ea
8379 cf1d4a7185dcd0bc
8380 9ff899813797e81b
8381 f240cf0ae1a3d93b
8382 c34d48b519bfbe41
8383 dfbda14e97069093
8384 12a192367c62be3a
8385 27c9575e598b6bfc
8386 dec37ae2f552c593
8387 dfe99b49d4a146fa
8388 6d908c04da06531d
8389 ad74235ca5e1befc
8390 b7ceeb96f82a3d0e
8391 a80da0c69186856d
8392 97c766cf5e8292c8
8393 579564a012acf33b
8394 111023a8bdb52550
8395 04d305033d88d723
8396 eb3c4ecabced182e
8397 887aa3420f3ac9c3
8398 042af5113e7ba2bd
8399 7b8c532f8e4e7424
8400 1804245fc2ee1f7d
8401 dbbfcc3c4fe86ec5
8402 0055bc3d9d840c1b
8403 1ddba2f03c7a84a0
8404 c0bbd26462a8cbc0
8405 d401f688b9072199
8406 a3aa3e9ca57e6bc1
8407 a4ea94b1192e7cc3
8408 37a967c24a6e740a
8409 c9f24fda1fd31198
8410 f6dded12f0bd8079
8411 17d88432566c128b
8412 3cf3bec6049179b3
8413 3b44a7319dd85e1a
8414 cbae68868b091223
8415 1fe63b39876ac398
8416 f005c450a6d3a719
8417 196850de233d0dd4
8418 c37a9e3e522b4157
8419 4d103609df76a3e3
8420 65db8919aa4d2518
8421 d490846aa2897f54
8422 cf86ed92d37ae24d
8423 e9389b5cfbe1bdbd
8424 9df90e912a1158ce
8425 3ece195a4ec5bb77
8426 5d6c065c8c29816c
8427 e5e6159d95c8dcc0
8428 f35d168b4111be9c
8429 682dab34609e307b
8430 08d08ee148dfb618
8431 c76a1f634c763118
8432 c637ccb0c4d20d5b
8433 63fa418471c277e4
8434 14011f0b45416385
8435 48268d633d902e07
8436 35c0dd8b194420bf
8437 8de075fbb628c105
8438 6bc937fcaaab7161
8439 a0a768ff01e2606b
8440 1f4ad873080fda45
8441 f27e8ef8c70998aa
8442 6dfc1c2a222838bc
8443 3da07a1558ff7531
8444 bb187033e94b8c2d
8445 6ae2e1ba35485082
8446 b0bdd1c0a6dca8e5
8447 bbf3742261629784
8448 f7cf73fe9b38ad49
8449 7eda62ca986a6cc4
8450 691c06d7de0c9b3d
8451 2303762f92d6dabb
8452 3325919ee2fbd608
8453 c15af87330bceced
8454 54a48f61c48c9164
8455 14e7fdcd5d3914c6
8456 af4cb3c9534bc8e7
8457 0de67e1899f9ee50
8458 a1c43b587ea0aa26
8459 7deae76e71f9927b
8460 080abf6edc46fe5b
8461 89e911bd99cf77b6
8462 fa337a541adf3584
8463 720012fcfa127b55
8464 03b8de43560400e3
8465 0f51712a7c9ed41c
8466 a0edda040ece5c42
8467 d7976e6edbebc791
8468 4f702b5e5c7be71c
8469 0e6435ddb8f0fbbb
8470 6bef8b63e15bfcef
8471 6a793b2521766fa0
8472 b011b54055adf189
8473 e226fda591b81770
8474 2b1df8716c1eba2c
8475 77acc38011b4af53
8476 b8f733614d7c5abb
8477 532d444ed6661b27
8478 a25503596d958420
8479 f53c80b084eaab7f
8480 0b8410d9a9ebd966
8481 5f55931eb7ba229d
8482 1de79d17a7c006c1
8483 244d7a7e2901444a
8484 bc3b0e737f5fc397
8485 a6f6da07644079d9
8486 9e1085864004a57f
8487 d1aeb914c353523c
8488 42cb8aa5507b31bb
8489 82648cbe06234a6f
8490 8edd8b7be6a648a1
8491 56cff05aba8e370f
8492 5db89bea8928aeab
8493 1a7e50218e47f44b
8494 116a10334d6cab58
8495 e9157d793216af17
8496 dbb0094c13ed3d5e
8497 c16df2d186f1079e
8498 6e31f73a89fe6aca
8499 c68628509916af7d
8500 f5acd5f0a3278169
8501 a3864a7092b9d697
8502 c03bc80a67af665f
8503 8b0933f82cf80e2b
8504 7cd0e571c7451ad7
8505 bf75c6161d424d35
8506 8044c1ac7e2f2ea8
8507 32fbde408590d156
8508 8563f4a9aeab1b7d
8509 1cafd5767cfd4bcd
8510 8f4422fa5e5ffb65
8511 9a98361aedbc424b
8512 bd57d9f92ea7e68d
8513 fd05891d281f0d77
8514 2f09c420394519be
8515 91af33d41b0729a6
8516 e12ed6b1d7d981fa
8517 d4aa2522ce206122
8518 7d99b3dc2c22d298
8519 46aadb6485ea5552
8520 c68709ee481f5787
8521 87f3b3cb0d203a77
8522 29583ed6e97004ec
8523 7335427a0f1e363a
8524 8520e734f39fe3de
8525 64351fc67165feca
8526 46b91503f9a93bb6
8527 5db3df13761e732c
8528 fb9833eae5ff6440
8529 2f02fc6bb674de42
8530 f9e6fccf53d2e37d
8531 e20cde0fd870146e
8532 e919b1234acde76d
8533 0bfdff57ea024303
8534 c981f28173d3a521
8535 dc7ee2d7e5b68272
8536 7aa80d2246d6ef7b
8537 7a42ad2ac6a71c74
8538 ba7eecb9e61eb768
8539 e9195d7cbe3fa627
8540 7db3a2d932622980
8541 edc575bbec3baf6b
8542 ed6c53d8f7c3dfbb
8543 a9065cc336c31f93
8544 6e6a3676a91d2dc7
8545 11ac9ba30bdb31de
8546 cb5e9e60e6b8c541
8547 d0420863a508895e
8548 e02c7a412bd911ad
8549 d6b84a07bf0e489c
8550 f593516625e851af
8551 707dea27333bbc42
8552 2c1deb69a882ad5e
8553 8e306e6277586857
8554 fa5ba933552a89b2
8555 e09e282cef06de9d
8556 5248be34c4a5f7f3
8557 0ecd19facc0229c0
8558 65c15755afe7a053
8559 0864d543e2da7a52
8560 13e53280b1828deb
8561 319ffad9d0f5984d
8562 adc6c26b76c9130a
8563 5f17045fe2f45231
8564 1859f93b73c427e4
8565 eae13dd4ca281132
8566 2366bf7aebfaaab5
8567 9f36a9edc57643cd
8568 7b3838487b81c57f
8569 7a40548d68d818ab
8570 39355631d8806953
8571 ee0c2b2c304d0133
8572 c4de746955c09501
8573 9d285bddce08f319
8574 4ea80d4cd73f2103
8575 386887e6a23ee91f
8576 77394ef186f113db
8577 129d2856b7f61887
8578 578bc4c53627cc89
8579 4b3d7a93a3011388
8580 dbe99927f1b8af15
8581 f391f0d7ada7b535
8582 b5bb60425d3c0d02
8583 174d85fded7e6c6c
8584 227100ad031e5f18
8585 8023d1e71e166337
8586 6a89261a0e5d6331
8587 f4e81f909734bde9
8588 b80d5a167feb175b
8589 ea6d41adf0817f4f
8590 1aab683385e2a032
8591 b62240b9e2e03738
8592 1b8c21cc6176d67e
8593 c5d6e02433b8fcb2
8594 4ec5da14d897116e
8595 f2d221a161f2e187
8596 7171121a8a28873d
8597 16c6195d48ac1655
8598 f2ffeacd1719d8dd
8599 642dd01e1044ac91
8600 da3bb72b605516a9
8601 e9d675d04a726f99
8602 60f00744fd3808dd
8603 de38a2d71a07dbd5
8604 639925088055099f
8605 8b31e31267099077
8606 beba9cffcf945141
8607 81c5cf22e7255d40
8608 66b71e6831237ea4
8609 7cd90e8e6f30bcb7
8610 5b06c107cec5acf5
8611 f66fe57849db0fee
8612 c23fc06f1b619d48
8613 d5084e4b5b0d9a2b
8614 dd08ad8bac71aa50
8615 bbe145483cc90516
8616 4879e2b2afebf979
8617 9caff0028b4d7852
8618 05fc1873a50fa1e4
8619 b2b054fee045fd93
8620 7805627893001098
8621 ca6b7a3ab3648e2e
8622 37fdc7146759ba87
8623 cdd1215df150d0a6
8624 8f61719a866b53ed
8625 b741dfa436be7820
8626 4e1b2732b8e60b47
8627 557419a7f913724a
8628 570a80631ee8c36f
8629 8c6bb7e10cf03cab
8630 77fefcb9b3ba7119
8631 3718715d81046d67
8632 46b38ebd218e8550
8633 ff7780369e98b906
8634 2039a9ee4fc7d15a
8635 6c54ce888d6341b6
8636 ff34e53aabf11d0d
8637 2e04ea239b33a34d
8638 35c48e8d208a72f3
8639 5f719d9199804767
8640 31cb41737a4b0a57
8641 371dd49fd5c5b4b5
8642 1c71eb37955b95cd
8643 0af56bf54b0bcc27
8644 8afde06a5edd53dd
8645 da45743ee572b710
8646 8f0728b33d917bc0
8647 75fcfaa0e9a7bcaf
8648 6b27acb933d9b962
8649 3b66573206c42b99
8650 c7c209c97ecb8d8c
8651 e24349db08037573
8652 e7528cabe2ffd75c
8653 583571d0750cc51f
8654 02eec36191788c74
8655 dd33b252db979f03
8656 ece10b19b8650fb8
8657 a5b882ae35ac01e7
8658 ec5df1b806215d0b
8659 043dcc76ed8acd82
8660 07d4830754632c4d
8661 9a74487da78e338c
8662 f2fd657bd47d2d49
8663 7fe271f020daa700
8664 563788f6b8194139
8665 80a48862c7d93a69
8666 2c7917dafa7dbbc5
8667 129ce85ed91f1ae8
8668 d21ea47d7a462707
8669 a3e5a667341100e2
8670 ecccc8f05dc122bc
8671 9b89ba0d7a36dae5
8672 35c4cd9a0897c43e
8673 da843c536a4ca2fb
8674 0245d7b967eba2e2
8675 4d201cb7e8ce47b2
8676 08f79973bdcab7cf
8677 8d702a788ed6d816
8678 655c81267d14e261
8679 c0c5fe75ff5d0fc0
8680 5668dbc90710b447
8681 24e6d9b340ae1902
8682 c7a92d822f90557f
8683 a63ef12a64ac71f4
8684 b7fdf4025f1da41d
8685 ad2779c5d0994e8e
8686 75d7481a48deedf2
8687 7f748b13a31324bf
8688 7564dcd0790eb279
8689 3beef37fda308b7d
8690 43bab84a1fe3dc71
8691 b38597184fa16d99
8692 1e1a5e0e71000f6d
8693 3d84ce779c030745
8694 c7c387d7d8aed44f
8695 f2c8d357813970ae
8696 515a5417be7b289b
8697 accbea8369b3498b
8698 8f068a0f99418b95
8699 abd19846f68e84ca
8700 c5ea07fc100fb3fb
8701 16dc8b0b3b56e46f
8702 7e17c997bfa870ba
8703 e2c960a917513777
8704 e9e8409501ba4f16
8705 3e419bacd0be7222
8706 819c0d56b09e77eb
8707 1809a980bdb68519
8708 1ed52a2c600d99b5
8709 a2f8d0bdb498a15e
8710 c49cbc021cf9522d
8711 88a92f35960439cd
8712 c25320c56cae6795
8713 74fdc6bc6e0e36b3
8714 014cc7d188588946
8715 9abc2e70aff4eea9
8716 7c528bf0129ded29
8717 1715bb2e4b4f30e8
8718 46562ae5175a0351
8719 cf186e84793c056b
8720 a8e0d3d6f305c649
8721 4244995014fcbba6
8722 2ad3a1b7ba0ef762
8723 c246dda2ebb52a48
8724 2cad4e94409a4aad
8725 ea86df101bd00ea0
8726 641c10369a87d86c
8727 58ebf95f65ed0262
8728 2e5b46b0dfd7b071
8729 aa7010e0f1751e4a
8730 f58f0b2ac92c4b29
8731 7cc6c89ab8d33f6a
8732 501bd05a19befbc8
8733 61b82ac96ebb60bc
8734 b3fd4041034b03d0
8735 b6bd8084d9662451
8736 b9fb4afaf40af997
8737 3e958008ecd17d8e
8738 34e1abeb8439525d
8739 7498a12be76fe909
8740 96e5a931f93538c9
8741 af6844fc9c27102a
8742 5f9298911282c335
8743 86c81da2bb1e6472
8744 73b3a452416f696f
8745 bb1082452456e759
8746 80be56e143011d59
8747 8380e8022de82268
8748 a06730bad30b890a
8749 b6bde3740072720e
8750 a9d706606d368e5c
8751 b9bbbe8f94ebf94b
8752 2afe5e0df9fae68c
8753 15f97d54a04f67bb
8754 4800e86f7d5b07c5
8755 1f5c36f4bb7f05ac
8756 225de86bdea52eb8
8757 4c4595b0cc51fd48
8758 d79c705310f86ada
8759 6f213d212122dac6
8760 6f8bcfa6800c8380
8761 d92153a89583b2e5
8762 28e9d89bacbd96de
8763 e28d8f8ebce96557
8764 348d89011e6dd053
8765 c7ba26e89533ac4e
8766 91ba7cd1c37f2790
8767 96832378e973e5a2
8768 815de4b8ff3c05e2
8769 361498283395c0cc
8770 eab51ddd08e8c6b3
8771 43cf2ccb2689723b
8772 f74229fb8eded1dc
8773 3d0f6bfb8c761fea
8774 0e63d310db934449
8775 526f5a9657151e18
8776 f379c29b7392503a
8777 f005cacae5522cd5
8778 a501cc3c5bc95e4e
8779 0e1886e8998b067d
8780 c36e3e3a7d1b5510
8781 1a3b8b1eac44d9d2
8782 e8742b092590305d
8783 c9f25ce0ba491070
8784 5d0c24789b69fd30
8785 ee7369fcf4e9c3b5
8786 776eff2090aa4f88
8787 f4bd8407e3ef9a16
8788 1878c525af6477df
8789 9cbf53fd80c036df
8790 455442cf73bf899e
8791 39257b2762b056c7
8792 a375852a2e0527b6
8793 8a316e384744b8ef
8794 234622f045477e29
8795 197bc99e274fd5ea
8796 6d4d1ed82e8ca26c
8797 a46543c405ec6a88
8798 515db1f0a30de8d2
8799 8b96d879305c0882
8800 15e133b6c9fb2fde
8801 82d58fc5a42a3673
8802 79a8046cd92cbb13
8803 c63a84d1828d1bd4
8804 6465753646e7beb7
8805 c559ea00edea8687
8806 2dce7d8ec405183a
8807 b7ae2be498fad0d0
8808 92b22b839896ab77
8809 f1c2f167c6aaa838
8810 1d79d6728f2aff11
8811 d8eb26bd8fd62f00
8812 7b7e2d3024718258
8813 f45cba903be8930b
8814 492acfc71ec7ea95
8815 aeadbd277d555a7c
8816 a4bdcb82ba47247b
8817 9de3c2a828ad3049
8818 af5490d3f3dc49e9
8819 e60794681e31c06e
8820 43aa3f1da06747a4
8821 8cb66af6b7315b34
8822 809b569a9ddc678f
8823 24ecf179a026d8f8
8824 2316d102e39ecc53
8825 67dfe78c85067f9c
8826 ef8a6cc7295a6324
8827 00cf1a84c0b64568
8828 7eefa55862a64cd1
8829 d322600b41b0f3f2
8830 5a6d28dc172f2e48
8831 28409f3ea61a21da
8832 e633321dcbdbf388
8833 e6010ffe5598e845
8834 1517472f98355450
8835 4d4243c4fe9dc36b
8836 3483e1cb37f559ab
8837 a6a3dfb7384cde09
8838 68d31d88b19b88be
8839 c3a6c4c526ccd717
8840 051280048612e83b
8841 2d4c8ef149e2e4a7
8842 f442db459934f475
8843 d19d88f083c28ccc
8844 28ab52650575ba68
8845 dd7fabd50d51e789
8846 5b49eb8e92d4d7e6
8847 9109e7a84bb54f87
8848 3e112df0c537ee28
8849 11cbcc479b0c9660
8850 be9239d7042ecb66
8851 2f71ce9c412124e4
8852 94293eec4fa242f9
8853 a09101b58b1f40d2
8854 3602553d04591ace
8855 84ac54e752284272
8856 091a144bd40e041d
8857 dab2baa3d289b434
8858 2be2ebeb5a682d4b
8859 f717959dc549783e
8860 61b28a0b04bcf267
8861 7c5c6c38dbbd4631
8862 bf4dd358407772e0
8863 98deba4ba6685765
8864 0954616c20d3395d
8865 e17b3aaa0b610037
8866 a6eddbe441593433
8867 4b3d070c51665d92
8868 8f8cecde71b09006
8869 7bdea1db9049562d
8870 82c87723f1922670
8871 3c817ee30104b826
8872 7921fe898f019072
8873 664fbb282eacec67
8874 00cd22881a68e4d5
8875 0288a5160f856d6d
8876 870fbdc87d3bf279
8877 8548af114abdff98
8878 6bc792ed2bd508e6
8879 b013b86ebc7abe52
8880 c111d1edab77e6c1
8881 802e5e8540dd2fdb
8882 be8ae60368f757ed
8883 e77b47eb2d5c0822
8884 31d04edeb5386056
8885 367fadcb649fb161
8886 d65e29b5986dd422
8887 ca065e0699c38985
8888 6f871d852ea30a54
8889 c7a64fd18cdf5919
8890 d5e001a5fc1e078a
8891 ed108bf76e2ccb73
8892 7bebb71f2b290ccc
8893 7b6e64c2871c0d0c
8894 3b0ebe90a90a656a
8895 cb422f162b7c1ae4
8896 8fcb9a9f198711d9
8897 b7ccb658f467c1d9
8898 fa3b58f073916fe7
8899 a774e4eb8b63db8d
8900 7e94764e01cdc304
8901 d89703b8596bcdfd
8902 77409c641befb906
8903 66212865889a93bd
8904 c0d0fb7bd8a7cb0e
8905 a32db5c84dafaab1
8906 0e70394a308ef096
8907 0eaa9920d7aa41d3
8908 373fdffcf98e1b34
8909 68505daddd5ce56d
8910 281436a9f4d5868f
8911 e2a51f951b26d4eb
8912 81db2c7dba70f520
8913 e86313611af75ba2
8914 3293273081197bcc
8915 3a74f28e2372aa03
8916 5b5e8ae8733bb1b1
8917 c87947a31c22173a
8918 83b254126c5a1c73
8919 5285d761585d4844
8920 c385b1498b22781c
8921 2f2e004130a31b4b
8922 cd60318b10b9d375
8923 72e1d71f51b693ca
8924 275c7a19a8204bcb
8925 aa7c3f87cc49a792
8926 80a5ad3c0b8a6f4b
8927 667cac34cad4282a
8928 d15fa6325b0aa12f
8929 523c36cfe7be3f63
8930 b87322cad8b76743
8931 a74d1a58c584ea4e
8932 373c4c67a3f324cd
8933 a4951613cd1c8a5a
8934 209ee18b25863a31
8935 c237aaa4d4e78d57
8936 64ab466f9dc237c2
8937 631c2719b00aa38d
8938 740db922f6cea5b0
8939 20b201ca2f64e673
8940 0409b7b1a772ba7a
8941 25094695d4a6c89f
8942 8da75f982a359d92
8943 91f1f1fbd729205c
8944 f47497b9df47e234
8945 cbb2168c70a43575
8946 897dcc336bed6b91
8947 321a1ffad468bc24
8948 2dcce49be81a32c5
8949 8f864a079e2ca8f6
8950 6319f39155feee34
8951 c51698a50646836e
8952 79bd065fdcb4edc8
8953 6162029811855539
8954 bf69ed093dbc5e46
8955 3dcbc924db5886db
8956 76007b37e8f1d658
8957 bf4a33b50658b53f
8958 c2e39ef822b3c418
8959 d0baeb96b1d2aa6b
8960 0024cc3d040dc5a3
8961 51b58fc978591259
8962 157571cff6cdf7d6
8963 26e807bebb828b8c
8964 426dda099cd43357
8965 1baa32117a4e45b1
8966 d22e4c4bac45564f
8967 c2e9add6a2da7408
8968 a48707f59457c16d
8969 45d977bcaf0fd06e
8970 efa49c69a744a905
8971 e2d01d647b0779bb
8972 1914034e80c1e7e2
8973 139848b45c5d59a7
8974 0e7657408bec66af
8975 5c019f1c42669286
8976 faafc248b4ae273a
8977 6cfd0c76ce08bee0
8978 e829f5111c3307b9
8979 15b2e4282efa84ae
8980 546c2cbcdb96e468
8981 5515bde4a621f8d5
8982 9b7d397514633ff4
8983 8a2ec1ccf3435940
8984 6397d6d1c7edd3c7
8985 e75bc8059926a5a9
8986 a90b6acddce546f6
8987 382a8955d4d5bb31
8988 ad811f3eb5043e62
8989 0dbb04a08a4e6bc6
8990 975394422bfc9547
8991 eabc1cfdf8d1c009
8992 b95a1c23d33b96fd
8993 e6e3cbe3724b1ebb
8994 fe08804e78d47314
8995 b8aa5dd2f0686d88
8996 2fd6dc527cb184a0
8997 cae9558bed596385
8998 a633fce5409e5a02
8999 59a8c8cf657ca537
9000 e855cc1a160b8862
9001 094099e630de24b3
9002 cfe60e00a05f5e4b
9003 f3c5d1e8b005e5fd
9004 c96d5e0f07b837dd
9005 365af0a1a97c6a91
9006 f57325d7f2c133aa
9007 08e832baf4c60bad
9008 5c5580996020f37b
9009 a1680139961fca4c
9010 00a115e06cdf035f
9011 417001279adbd455
9012 b65dffe4f19e3e43
9013 bcf822a85caf7071
9014 2bb13704fb67039a
9015 9cfc9a055487001c
9016 ec3b44b492d3767a
9017 6c4317b519333809
9018 f15a001c43bb2676
9019 7904b5093cc3d162
9020 acc6b1d20bd041f3
9021 f07dbec83818ebfa
9022 6ca3f5c8f44b9664
9023 5ae0504d84a2bd0f
9024 a566e70a91afe1e1
9025 9cbefaa1b19f9870
9026 6ee2f07b4bac7666
9027 3ed74ecd977650d6
9028 e8b3e09a7f3edbef
9029 18f26945425ffff3
9030 d91f69a7f09fa225
9031 0f5c3110bff7eeee
9032 660f68fa31988532
9033 31394a9687ec4c66
9034 a72a3406ae472299
9035 adb805208f6b1da0
9036 26ad9fd95f67c656
9037 044b69721e113a49
9038 b61d5d549ed096fb
9039 aa829cc4756ba6c6
9040 2ce0cffb4e861169
9041 0fdecb7dae9b0a83
9042 296917431fa62570
9043 488a7c65ec431273
9044 fdded624f44b253b
9045 1607132590919fa1
9046 d0dd242ad742c225
9047 a1ece839df1e176b
9048 03830d2137656abf
9049 26b1dd1b85ebe6a1
9050 6ca1c54a26411893
9051 b644e739f7a4823b
9052 323a9e742c95f595
9053 a0802eb1c712c280
9054 a1a0add209ed619b
9055 efeac65f89dd0b28
9056 679752f126f9fffd
9057 36b41cfc298ffec0
9058 f155e86f568bc4f1
9059 0c7946314a295aa2
9060 3e19278d33b18535
9061 b071c7b2336682d6
9062 b13d8e53e0e5d3cd
9063 62ad2aaeb00a6dd9
9064 7ad296ad27934390
9065 2e0d477bfcd138de
9066 8a1d7c1e70af6eb6
9067 911e9b2cf6893203
9068 19d3df795f84e1f8
9069 b1d6a511d9476307
9070 0e8d7c6501f0b3a2
9071 594b419a42eb0e69
9072 c501d3b53b49608e
9073 5146b298b2fcadcc
9074 34b55a15e37bb565
9075 9658f2cfbf92655e
9076 5a5a57a77996c5ce
9077 85ded3f86ebb99e4
9078 7fbca71e8f05fe2a
9079 5b204c57e70e2e7a
9080 ca352697a07b47e9
9081 dcc31efcb12944bf
9082 ece35078b94a90f5
9083 c3275755e4b29be3
9084 c7e2c5e8b86f7df3
9085 7e178d9c28108316
9086 786f91351960142b
9087 07cc859be6effd3e
9088 d74d4545a8348b47
9089 25417f0c5c560d4e
9090 6f8b55e0bf23c655
9091 f39d92cb51da369a
9092 8d23152e38a49435
9093 2047004d9fbe4288
9094 4da551aea5f2edd5
9095 442d82f9dd3da720
9096 3a834ee7cf021011
9097 1cda755ff5bd7113
9098 5b6351dfa0205e51
9099 c977d40f0edac036
9100 0c866dbddf14fa55
9101 1b25bb3e07082bd8
9102 d92b2953eea3276d
9103 0619d911064dec2c
9104 7569fbe0d41191bb
9105 22b07dd1730478a2
9106 dd18e0148d74a611
9107 8e3c3557eae94031
9108 83c8cee224645502
9109 54ed7d6828750799
9110 a4ebaa963488f3e8
9111 f8998c7566a2202b
9112 5557f2038795588e
9113 9d6c95f296ba43bd
9114 ad5b8f65caeced14
9115 26acd948ca436faf
9116 9ce7377d925ec22b
9117 985f92a439bb48b4
9118 f25d666134573a69
9119 8d2c4590280216d6
9120 e6bcf84f7ee90aa9
9121 da8254101c437bdc
9122 1d10fce87147d48e
9123 2fe7fbbe28430f41
9124 a104ff293e7fd9be
9125 f89897b6c0fe1a06
9126 646f7a57b9c4ee78
9127 cfdd8fde2c36e9fe
9128 1c200fcdcd586a52
9129 a4e9edae1694cbc0
9130 b6f148af22cb18cf
9131 790d962ad5f6e93c
9132 d8437682064377ce
9133 0f7592afee163da6
9134 4c0a420411a23a35
9135 ccb8823202c5cfbf
9136 23b0eb2983f5fd09
9137 6e1593fff313d61a
9138 acda291ffb7845c8
9139 86f7f6aa7ef6b69c
9140 50c05a09b03a8947
9141 6e1c0fb2d405824d
9142 51bcb656c960c80b
9143 a18d1f9279227000
9144 4f9ec10a5c3ec322
9145 e0a39baa6965138a
9146 a2064a9aec5a3e71
9147 170aeec82267dccb
9148 d45865c29618236d
9149 042e02e42073b076
9150 1eb10cf2b6284d74
9151 f0937a08432d9108
9152 366939c7b282b34b
9153 54b95c99dfafddc1
9154 381dc33ba6e83ad7
9155 95c821bf53fa87c4
9156 be928386db18ecd6
9157 783f8d15679357ee
9158 9d2c83089860b71d
9159 c8e65f38bd2eeb47
9160 6551607f5f1e4b71
9161 51ff0327b2817a02
9162 5f0b6c24a497be10
9163 6b38948d9badfc54
9164 2a6a4c176432f5f4
9165 136c0ebdca5486ee
9166 89d8cd194056e642
9167 2e44b7b2504ba0a9
9168 4b0579733638ea83
9169 16a93afb4255906b
9170 f288482c01c226e0
9171 34bde1f05ad22262
9172 64b7f0988c7268fc
9173 b47886b884be11f6
9174 f8766025ea7c032d
9175 d75a0a53d5cd8dd8
9176 3d0172937cd84297
9177 3c210cc6be1a940a
9178 f2bf8b11448d2881
9179 151afa4b1eb3cb8c
9180 7ed1243e22cd19eb
9181 c9bf4dfae3c6681e
9182 a84d395c9aa36cf5
9183 b5e62418e3b35460
9184 f050841a4804c9df
9185 b1bf6eab1011b652
9186 e8b9d46b5e2e3b49
9187 740277001e113934
9188 695400f80c76a753
9189 baf87af0bfb40466
9190 85ec3f76c6e51a9d
9191 b3192b8aa0998648
9192 9ebf3411aa051d87
9193 956766ca372f77fa
9194 2e3ddcb07c6cf471
9195 353d9c35a45834fc
9196 7f2cf3543443961b
9197 f0b04c87d4b51e0e
9198 76e97790d2d9b5a5
9199 7e4ed8b158e6bf90
9200 579b6e123994e20f
9201 20e20b9eaf1e6dc2
9202 115e3646231d6eb9
9203 4bb81e7be1135a24
9204 ba661540e1cb2e83
9205 a8df448e9b9d1616
9206 931182214ae3e4cd
9207 758ad3ed55b8aef8
9208 7ddd15332f1d31b7
9209 811d14e8a975a4aa
9210 190bc7781526c8a1
9211 dcd1ee2c0497b22c
9212 c2961e0b7ac12e8b
9213 a09fe218ec110b3e
9214 79e95a8ef2fbaf15
9215 1141d524daba2300
9216 033f0e48dcd3387f
9217 21277769faa4bd72
9218 3d78146903b57de9
9219 1832ffc0956071d4
9220 4eaf2610db4b1bf3
9221 a9ab20bdf5054806
9222 bff09a3b1967293d
9223 ae098e266c3ad9e8
9224 d3322c177a0d7927
9225 cb6489de8a24919a
9226 96b39a588b095d11
9227 43115e7c1444769c
9228 0489ca9aba00f03b
9229 ee251778c09447ae
9230 10a2ce195f167a45
9231 b85f7090d7e5d430
9232 2d32367a07d15daf
9233 d18c919576b56662
9234 eff4aba4b40aed59
9235 a2b72fc0caea13c4
9236 a6bf049013e763a3
9237 de72e512639b5536
9238 72b0eb23c5c09f6d
9239 ae8e4fb211395718
9240 bec1b753833c73d7
9241 dd4edfcccbcc4d4a
9242 85efcd8a8c8ceac1
9243 deecba1fa2b377cc
9244 a9ff6c6ebe7c3a2b
9245 82ac3766c4bb865e
9246 dcfada39acc41535
9247 f31676c4da6468a0
9248 c35a797d9c5dea1f
9249 759f34d0b4244292
9250 1daef27cfca5ea89
9251 06d71ff037ba7474
9252 3337dbdfa59d1f93
9253 189dd59e196516a6
9254 4f2a394cce11c9dd
9255 d6bc70614608c088
9256 9e632dae2f924fc7
9257 559aaca7a6d0733a
9258 351fd483f8ec0cb1
9259 753b86b4e9238c3c
9260 a1538e06b1a1165b
9261 b3b8ab8b7c141c4e
9262 226f83795531dae5
9263 552618b815f0cbd0
9264 aca312c6c9449d4f
9265 41db5fe248b5de02
9266 b44f31d2754322f9
9267 94977c7c49ba7e64
9268 0ecc903180bbbec3
9269 719a28fbe8b99a56
9270 1e8374ba8746c60d
9271 aa57f00b17336f38
9272 38b2f99884f769f7
9273 9c5f111acf053fea
9274 f152a0c085c2ece1
9275 06526c658687946c
9276 957ac76e507c01cb
9277 8f763e18e6791d7e
9278 8a82a8ffb6dfb255
9279 2d194f2a6881ec40
9280 42e49110ea6180bf
9281 b97310a07d8c30b2
9282 fb9e4bb7b9361c29
9283 9ff109b3f2ebf314
9284 58c23eee0cd4c333
9285 2f25ece4c7699346
9286 a6d4e2da1187917d
9287 4e8ef94feb62b128
9288 a089c6267ce79567
9289 9108de6918664eda
9290 a4f3c0a325ebe851
9291 4096eed16ba086dc
9292 09caa2acbefea87b
9293 5517bb581ae3f9ee
9294 24ebd834dc562e85
9295 12e166eeeebe9c70
9296 e1442c553cebbdef
9297 478786ff2a0431a2
9298 6c99b84c6b52a299
9299 68bc965a27afe804
9300 678051deab485ce3
9301 c9628224a367fc76
9302 953a8eef30e31bad
9303 4f1aa1521ea88d58
9304 3451aa75f2a08117
9305 1cc4a837b1f3058a
9306 583686fd762a7f01
9307 ccc6ad159907810c
9308 ed0be412c875ae6b
9309 02c7010ed018c39e
9310 71ce9ebda39b8175
9311 fb4c0fd6dc8c2be0
9312 e279df86bbac9a5f
9313 8b82b5b2c7e117d2
9314 c910f5f8eda46bc9
9315 0c3f87a44831b4b4
9316 8a9a0bfbebd8d1d3
9317 a975a11b1c3bb3e6
9318 fb1bad37c29f231d
9319 d5a1f84fe63605c8
9320 f1793f39c28bf007
9321 15a51a7c9020af7a
9322 a285e5e40b7b0af1
9323 b82d2513fa46487c
9324 db12afbefab3b89b
9325 b76e716f9a7fb58e
9326 6269100eb73c7825
9327 5aadf31c538d5910
9328 b4280ded0a0b4e8f
9329 f32bf89a37f6dd42
9330 0dbdeb2d72399939
9331 17697e1e4fc91da4
9332 bdc194a765783303
9333 973a6add51d56f96
9334 ab2c99963ee7bd4d
9335 428e573700615278
9336 22bd3fcf857ca437
9337 1b379d3bb21b722a
9338 356e3c5ba83f8721
9339 1b0cbc3b8a7073ac
9340 978e0d844e9ec50b
9341 b2f8d1280a31c4be
9342 0299ad8e2f43e195
9343 e6d05f3be9f6e280
9344 dbee198764bff4ff
9345 b2082ca245dce4f2
9346 43193ab1c7f3b869
9347 3b0ac5fd05f40354
9348 3dfd1716e1892073
9349 a863a7be4cf19386
9350 2735152abde911bd
9351 adbb4030d854c368
9352 96084135012c07a7
9353 5ff65ee0ad1cab1a
9354 0c6779e98bca7991
9355 69dc2afd7c161e1c
9356 9ac50bdc3e252cbb
9357 6c5d5259a6a0ab2e
9358 4ae0dbb1770b2ac5
9359 0b616a927f9473b0
9360 68a819ab47ae3c2f
9361 3b0bbfdbf740f7e2
9362 df5998179ce37fd9
9363 49ad2c5157652744
9364 8bff0ab679cb1023
9365 e398a57fba383eb6
9366 14031e9e658279ed
9367 c24aa36f9c60ba98
9368 a3408cd5d4f8f057
9369 c81d0533a09a6cca
9370 3f2ef5cabd383541
9371 0dd16f624193f14c
9372 ce43d544e8813aab
9373 11ab98c4a932b9de
9374 728429a96b9b14b5
9375 d2962a914ba85720
9376 bca236b84946f99f
9377 30f659268dc19b12
9378 2f3b4dada08b8409
9379 7b396e8c2b896af4
9380 73b244d07d941513
9381 b6ed27ce8a6f2126
9382 8ba13c21c696395d
9383 4bb36137c76e4908
9384 3d1b86b0f080c947
9385 d4aef42e079437ba
9386 8f79cae98cc34e31
9387 39cf6869c3777cbc
9388 4b5504e8829f91db
9389 2bd3927d16c698ce
9390 9133777cbeed4265
9391 c28d87bf52aba250
9392 dd379294f7c8dccf
9393 1449778582c0ca82
9394 d06b63cff0cb0679
9395 780a9766636460e4
9396 c148f96112200243
9397 f73c2213cb24a0d6
9398 d9aa4f4fa41b258d
9399 27c585b0b60359b8
9400 6adea3caed776f77
9401 1c9f9d9ed64eac6a
9402 d60bf01f0a4ca261
9403 f519a967b0faa2ec
9404 714322fa01829f4b
9405 9deb86bca1ca3ffe
9406 db47f681f10a45d5
9407 059f8e660a0f74c0
9408 700ec95477505e3f
9409 2297ef4ec1586132
9410 7aa618f04974e3a9
9411 4251914dd20c1794
9412 d1b7b4041db984b3
9413 d5456adadf3ff5c6
9414 3163824a87a6f8fd
9415 07232c941247bda8
9416 80dd1a09cb7810e7
9417 3d29a3354524415a
9418 47a74bdbd87ec7d1
9419 ef6c96f4e613295c
9420 4ccee71b79069ffb
9421 97dcb9e18518a46e
9422 ec4fef8de4965605
9423 2b5e9570214fe8f0
9424 e1b2b62badf24f6f
9425 eac5a9706c45f222
9426 5dd498195813b619
9427 d10188a7e3056484
9428 3de93317f9cb3863
9429 7b3ecb6810fceef6
9430 38c770d0da7c032d
9431 250f4d53d5cd8dd8
9432 16cd5d937cd84297
9433 00248bc6be1a940a
9434 b5c12a11448d2881
9435 1364fd4b1eb3cb8c
9436 ea07e73e22cd19eb
9437 45aaecfae3c6681e
9438 f5c6b45c9aa36cf5
9439 14e2e318e3b35460
9440 4fea1b1a4804c9df
9441 983925ab1011b652
9442 5de71f6b5e2e3b49
9443 d2bff6001e113934
9444 7b08eff80c76a753
9445 4a722df0bfb40466
9446 bf36f276c6e51a9d
9447 801c928aa0998648
9448 dc36af11aa051d87
9449 b0e9edca372f77fa
9450 e0362bb07c6cf471
9451 6073cb35a45834fc
9452 ffb92e543443961b
9453 4d927787d4b51e0e
9454 0042ee90d2d9b5a5
9455 c9f0ffb158e6bf90
9456 9230cd123994e20f
9457 56d84a9eaf1e6dc2
9458 c40ed146231d6eb9
9459 8953fd7be1135a24
9460 1be2b440e1cb2e83
9461 d61dff8e9b9d1616
9462 01e7d1214ae3e4cd
9463 cd4d86ed55b8aef8
9464 e288c4332f1d31b7
9465 a3e177e8a975a4aa
9466 6e0dfa781526c8a1
9467 3b84992c0497b22c
9468 9227550b7ac12e8b
9469 a3428d18ec110b3e
9470 f66ab58ef2fbaf15
9471 4c75b024daba2300
9472 e40b6548dcd3387f
9473 647c7669faa4bd72
9474 5274876903b57de9
9475 ba075ec0956071d4
9476 27427510db4b1bf3
9477 07292bbdf5054806
9478 1c908d3b1967293d
9479 babc31266c3ad9e8
9480 a126cf177a0d7927
9481 8d651cde8a24919a
9482 4aa4c5588b095d11
9483 f289517c1444769c
9484 7e79699aba00f03b
9485 52d05278c09447ae
9486 781431195f167a45
9487 b06a9f90d7e5d430
9488 0e3dd17a07d15daf
9489 d41d989576b56662
9490 0e59a2a4b40aed59
9491 e3dfb6c0caea13c4
9492 5ea85b9013e763a3
9493 b8460012639b5536
9494 3c433623c5c09f6d
9495 bb6f8eb211395718
9496 6394fa53833c73d7
9497 75e04ecccbcc4d4a
9498 86e3008a8c8ceac1
9499 76e4711fa2b377cc
9500 792c2b6ebe7c3a2b
9501 c3a37266c4bb865e
9502 b1b5f539acc41535
9503 d2369dc4da6468a0
9504 fcbcec7d9c5dea1f
9505 6307a7d0b4244292
9506 a202c97cfca5ea89
9507 bb046af037ba7474
9508 a2a17edfa59d1f93
9509 e7fdc49e196516a6
9510 9392784cce11c9dd
9511 bfd563614608c088
9512 ffc038ae2f924fc7
9513 5a74cba7a6d0733a
9514 ea68c783f8ec0cb1
9515 db7321b4e9238c3c
9516 a2a85106b1a1165b
9517 9fa63a8b7c141c4e
9518 cf2266795531dae5
9519 8e64bbb815f0cbd0
9520 9e6fc9c6c9449d4f
9521 ac76e2e248b5de02
9522 764a24d2754322f9
9523 ea60ab7c49ba7e64
9524 4098b73180bbbec3
9525 81ec3bfbe8b99a56
9526 2ce233ba8746c60d
9527 8c0dd30b17336f38
9528 9099189884f769f7
9529 0621501acf053fea
9530 b80ef3c085c2ece1
9531 258ad7658687946c
9532 3de03e6e507c01cb
9533 ca6dfd18e6791d7e
9534 947f97ffb6dfb255
9535 83e1f62a6881ec40
9536 759117826e38d8a9
9537 1a6b9bfa2da78747
9538 c411f0c786e2fc82
9539 b25d0b53dd5e29e4
9540 d92ebb85cb10fa14
9541 901e501b910d6a31
9542 d337d7b59bb82b96
9543 115ad6074a29d41b
9544 97ea7e3020fa8600
9545 380c205b13da24e5
9546 185159328a5926b2
9547 b3161f5a1f43bb27
9548 c30f8d8bdc0da824
9549 3499397118974dc7
9550 91f7ad7dacd915b8
9551 b7b5ee148bb1b5dd
9552 b142cb07800ba716
9553 b7988206ae98e723
9554 51b2716d499fb77c
9555 e06f5628f1e46901
9556 183e86de7b1e88e2
9557 c35a711d8a2d8417
9558 f9fc257eaa9968c0
9559 44460299c5a8308d
9560 6c02fe8afd6b56c6
9561 ccc6b356b50eb7db
9562 1baa17efe3362c3c
9563 42a961e93d2814c1
9564 e53b6ca5fa7088ca
9565 edadff326c344d2d
9566 967090a65df6a56a
9567 7278be1bd2f80c9f
9568 1e468472a3988f5c
9569 7030ae8a6eef3c09
9570 2f0bc973077c3df6
9571 ed3b9145ce0834d3
9572 6b5bcccfa8012b80
9573 8769c113201ddf8d
9574 04826a39a3feb39a
9575 bc9cc541d2c0258f
9576 a6bb5877f8d1dc4c
9577 662770dabe4bdb49
9578 232b418ba3544e36
9579 402833562faeaa8b
9580 4bff7cbb3e8d36d8
9581 e396ce03b35040d5
9582 21c22c02afa8b7a2
9583 26ec1eab1cfa80d7
9584 31d973ee0e354b54
9585 3ea0a1f9e66e8f81
9586 657be15b89ac436e
9587 a80b6402671f5fa3
9588 11ffbcddc6c296b8
9589 aec6022a6f9194dd
9590 e4e1644b5a73822a
9591 89bf6d8fafcdec5f
9592 f55911bb2951ff1c
9593 e27f872413a930a1
9594 5aedacf4573bd5a6
9595 ecaead03252be7bb
9596 44d5f9f25189e988
9597 d59dd20e4d10f0e9
9598 f08157f3922bde3e
9599 bce932c89d4b4a9b
9600 944fa591dfed5468
9601 9abbd56bd2a4d00d
9602 80d792f44974f3c2
9603 62a69377050e069f
9604 94395eae74b1f7c4
9605 7b595e3035d36fb9
9606 447ad0187eee2c2e
9607 2416cb0804b1a5e3
9608 f0a925f351c00550
9609 33d126a7188fa9b5
9610 a09c25cc6507aaca
9611 8b0b0c78b010817f
9612 58855843cca5a03c
9613 003ca78736ebe841
9614 88a7b8740f5e0586
9615 02c2ccb7dc2b511b
9616 696ce56337d45868
9617 d497be7249c1394d
9618 5e2034586e5d1b02
9619 0a8b7035bc00f137
9620 0667d5ef81dcd4b4
9621 35708ecb06a860d9
9622 c8a92c26819b683e
9623 6eff5de30c58dab3
9624 a0b88c51c0650d60
9625 ab3a453fdde55ac5
9626 1a95af2fb9efed5a
9627 c22ff7588c5fab4f
9628 22cbc05305cd480c
9629 7f3dc8f7283d4a4d
9630 14b54532c6f9a2aa
9631 ca156db5f62d5e5f
9632 fa3315292bc7969c
9633 923934cb05f9f2a1
9634 8c094813db64130e
9635 c32e10fe5c94c843
9636 dd5b3303ff58b6b0
9637 80b4bc38fa35aa15
9638 dd561c8953791912
9639 8c012b9690c21a87
9640 14df9df84fd97604
9641 98fb70c02fdfbaa9
9642 67c5025d753d5996
9643 a0ddb52e3694e9eb
9644 644f7b39f2fa1338
9645 228de71d800214dd
9646 bc98ba924cd8583a
9647 c4da72a01c8f292f
9648 4d916d872f0f54ec
9649 da5f753f3f7bf531
9650 c8657c3a7ddaa21e
9651 1581ff2c0ac5ed13
9652 8189d9b909ea5f40
9653 9ebd0a171d771ba5
9654 0a96b6f9b2c7e5e2
9655 f41940d7387e7917
9656 f5f47fd68c5d1e14
9657 efc40fbe4795de39
9658 bb09a0c6ea7c3066
9659 8f588fddf9936bfb
9660 cb3eeb90ac26e8c8
9661 307c74c738422c31
9662 af6ef7440367e676
9663 8e1a9f2f5c00734b
9664 ea848b03ebfd8598
9665 0994140e900330bd
9666 035cf9cf36fd37e2
9667 2e77b4d252924117
9668 dcced8d35a92ca14
9669 83280f8040e81439
9670 0c58c2c3e7c0521e
9671 73fed580b405e913
9672 4ac6210404b4cb40
9673 9a6986210b60cda5
9674 a2f877b5ee5db03a
9675 0be6746f15e90f2f
9676 5837da4587afbcec
9677 236c1e0365f89d31
9678 3ab42ca116b04596
9679 2253c79fcaf24feb
9680 f5a502e60f3b5d38
9681 d32ea3bd67046cdd
9682 27d3c6c72f084712
9683 c0f65827f932b487
9684 20a07d108569dc04
9685 c16cd66129183aa9
9686 e1294793f1804d0e
9687 4ce04adefc924443
9688 55015d742dc6eeb0
9689 957a7572c8576e15
9690 d83f083845a7c4aa
9691 677274e31512c85f
9692 d44a42d6d95dd09c
9693 913da2aa6863cc9d
9694 35c60328540a7d1a
9695 773c0d22c140a80f
9696 78d5b293d690d7cc
9697 fe758af80b4f9c91
9698 19c1294482b1effe
9699 51c4609524ee8d73
9700 6dc8ea8bb8cb6120
9701 eeefa72de69f9085
9702 66bca8bc464acac2
9703 f106ae1ff422eef7
9704 5305c70290829374
9705 16722435213c8099
9706 71da6b2bc72a7c46
9707 2e26191b331599db
9708 4d0c4f74422ec828
9709 b40e11b959225a0d
9710 5fb3ca51b716d78a
9711 ec599ca202282b3f
9712 f3808676ba0fa1fc
9713 0c4a260e3c663001
9714 90519594af7ab9ee
9715 ddb442cf4cd3c9a3
9716 4c1f3182e6627810
9717 4c9e4d6b1bf8eb75
9718 9aedf2a7e9a037f2
9719 13deeb7b40fdb4e7
9720 701207963f04fa64
9721 4ebfe06a7418e009
9722 3d87e85c7a4f6c76
9723 04d548d2b7622f4b
9724 83d2827a579dbb98
9725 53935b93271d9fc1
9726 f563d75f0fe13426
9727 bf22399db219ddbb
9728 4d38527aaecd9d88
9729 fbc167fc53f426ed
9730 b1ca5b25b6a7a1a2
9731 0b66d4fdb214f4d7
9732 efbf0a1d5ac468d4
9733 1efa9cf5ccde1ef9
9734 a87c3d975f4c5cde
9735 22057b14c4ef19d3
9736 311c7ab82dc32900
9737 9a31cd3dd9fa6d65
9738 9c351895c58bcbfa
9739 036ee391026b6aef
9740 341234e24abb53ac
9741 506fa771a9a833f1
9742 c54327207fc3b256
9743 f92940883119c0ab
9744 ee1d15577cc10cf8
9745 7ce34643a21deb9d
9746 1e92750fdddc69d2
9747 8ebd1660b2366c47
9748 b6df75d712e613c4
9749 9ae3e2d07e015a69
9750 8a720fea7546dece
9751 c4c67bbae8a86803
9752 49a8fa5e4e706570
9753 4b78c2957712a0d5
9754 4f9fc9c9dbe0616a
9755 5c3c624d1baed71f
9756 f39371a8595e8e5c
9757 b704bf5cbdde6ddd
9758 d2056c68826bc75a
9759 bbed7ab28622c54f
9760 1994b146d502840c
9761 9022cb305cb5afd1
9762 2a93ff588ae9b43e
9763 866134cba77b20b3
9764 f5d3b73847086f60
9765 a7db0bb243c480c5
9766 fd9dc7f8dec50502
9767 c5f903f286e7cf37
9768 cefea39e4687a6b4
9769 0497b6cdaaec5ed9
9770 8fab698b467beb86
9771 59efe357bea9831b
9772 6a29c35e3c85b268
9773 4d69be29b7d81f4d
9774 9f92d2570af8dcca
9775 33b281559ea2017f
9776 a872c70f0134623c
9777 ffcd481353478441
9778 1d23fb03206d842e
9779 c379038d15c229e3
9780 5da07d4f00969b50
9781 6bc61cf9073597b5
9782 b342b9b208f07332
9783 6aed985dcc38fb27
9784 48be4cf62187e4a4
9785 072caa83e713cb49
9786 5d07225f020c23b6
9787 17fb98ce6b1a868b
9788 836e44e24badd5d8
9789 207950206d971881
9790 c887a50242475be6
9791 c9c4ebfd581b757b
9792 e8374358fb6d3848
9793 4f215d68bac39475
9794 4d57cc1004d2628a
9795 1978fe0cbef5a63f
9796 25fb656448465efc
9797 20b1435f35d18d01
9798 36b98175944a8976
9799 2b01f5f1c8cef84b
9800 b4ea2a6b839fb498
9801 9d7cb7336cbe55bd
9802 06d41ecd322faaf2
9803 d104c7901e20efe7
9804 982ee22cec86e764
9805 496732ef6d279109
9806 0f8df57a219ec2fe
9807 a0a8fa4474faa273
9808 a2875568315f2620
9809 ec0966b6837b1b85
9810 31ca6338cd8af21a
9811 d709754da0559b0f
9812 34c1b556db36a4cc
9813 7e45b20fdd4d3591
9814 471111cb3ec1d346
9815 93d513be1237e4db
9816 71cc2c75b0f65328
9817 b30541746c3eef0d
9818 3314493bbf800fc2
9819 b3bfaec2ab50c7f7
9820 41aa6e4483702674
9821 03f2ef55d62990b5
9822 13bbe5659aa42f62
9823 4c4750c5709d7097
9824 c39d3549aa823594
9825 ddbc9219ae2de7b9
9826 04ef888f0c7349e6
9827 fb384ee3b0bbfd7b
9828 0b6e8d9fe9911648
9829 6eaf10ed3c4c43ad
9830 065ae120238433ba
9831 05e9b85c6bda50af
9832 e12188ed04e3b26c
9833 7dc9abf410a9aeb1
9834 a10c18698483d99e
9835 d7021428d1e3ae93
9836 bbe66e389baadac0
9837 9f32efd3ba846925
9838 55c48fb14da1fe92
9839 e22512a23b4abc07
9840 5d64fb59f3398384
9841 3306be2f7b3b4229
9842 254bf2d4a064cd16
9843 f5bd95d598b5616b
9844 87754236984dc0b8
9845 4aed20cf26bf2a5d
9846 3ec14d18e039322a
9847 3f799fb87763c1df
9848 92205e055bb1401c
9849 f34b1e2c41d75821
9850 5b27dd25968d448e
9851 e6a16efe8334bfc3
9852 73614e4a4b91ac30
9853 1d4796a4494c78f9
9854 a4a1402386883dae
9855 901fd01d4707df63
9856 72cdf9d73b15e0d0
9857 b94bf2224ad1bd35
9858 e3333c6e72869c4a
9859 67bc73c378505cff
9860 15b021cc30c199bc
9861 bc63d7f382f557c1
9862 8ebdff5f5a933d36
9863 25068ae4c722140b
9864 61510e7e58155558
9865 862577ce6a367c7d
9866 ac8959151c033ab2
9867 c1691d81159200a7
9868 98ad2dd965d3b424
9869 41cf4be7375298c9
9870 d1dd41e486d8cbbe
9871 5489ac0a31c51a33
9872 e190d6a678af32e0
9873 d0d701bcb4eb6245
9874 b7348f75019e46da
9875 89f7f12a5575dacf
9876 3363c7b5bf81db8c
9877 30750c34e86ded51
9878 f538e6469ff7c706
9879 809e9f59c792f09b
9880 63d09ed273f299e8
9881 3dad5f04605722cd
9882 cc2dac0110ea6082
9883 29a1faaf4bd346b7
9884 37edccd072852034
9885 f7ced1b87aa305f5
9886 3697fd69792bcfa2
9887 7a08c9363b7ba6d7
9888 ebba8c32e6e5f8d4
9889 6196ea7662093af9
9890 a3f65d56663af426
9891 8e1f325467557dbb
9892 7ddd957ecf331d88
9893 fc1e66d829701eed
9894 b6056b2ef1eb07fa
9895 5ad39c480f2994ef
9896 d3ba627ebc88c1ac
9897 67a5cc742b7bcdf1
9898 d8fcdf79748aeede
9899 1f75b143aebc3bd3
9900 c955bcd33c5df300
9901 a76840517ed07165
9902 6108b192032629d2
9903 e72466dcb3fdf047
9904 af472659fd5117c4
9905 9ca3eb17a8c2ea69
9906 98147c793e19fa56
9907 5a0e92c6afdeb6ab
9908 10e59ed1f03172f8
9909 e23b5039d565939d
9910 def517069af1e76a
9911 532920b8cee7311f
9912 fc8d181323eab25c
9913 80a9de50f59bae61
9914 63ed4122ea768ace
9915 f1a281cbf9c8ca03
9916 ef7c88715dc15f70
9917 fc85e12e2a75b5b9
9918 9dd331127c9bc86e
9919 f54c14600fa8ec23
9920 eaa79f0a0d603ca0
9921 74fe919914e49805
9922 f7e3555fc389909a
9923 7214e206d357ab8f
9924 4f7dfde7b027a94c
9925 a5f7eb19782ffa11
9926 581f64e65eaa0bc6
9927 35f7ac756c94435b
9928 1de10cdacd4871a8
9929 10fcc6a8843c738d
9930 17a4ae4747082242
9931 5f47e506743b0677
9932 2743377b18a7aaf4
9933 b2999251e4962819
9934 86c5cb9afe20496e
9935 a57d15020c8cfd23
9936 b9e38c7655fd7590
9937 2eb749753a2f30f5
9938 b62cb333e5f5bf0a
9939 1317a932d3f8fabf
9940 54bc50b37d00837c
9941 d3ae76a6d199f981
9942 bf3a316869bd15f6
9943 710875b1688adacb
9944 20387d9896c92b18
9945 bbbd73715e9da83d
9946 4672a21e261d0172
9947 4df0ba7e97dba067
9948 6c92a107e82691e4
9949 b460a2e41ae66b65
9950 1ba57a00525256f2
9951 887ddd6fc27e59e7
9952 fd5489b413633964
9953 42a5e5c7c23cf909
9954 16fdf80745598376
9955 05d0499fd979984b
9956 8b97180021274e98
9957 370c30ad733025bd
9958 e8c33b0f252fa28a
9959 798aea3b1eb82c3f
9960 28b6cb132a0f00fc
9961 a2dc42e8bb9f2101
9962 cb41f5d098370cee
9963 bfaae6147de386a3
9964 80460d6a66d41f10
9965 054c2c18eba75475
9966 d4d3ea33b10f65c2
9967 9cd8521f1d499bf7
9968 f5412a5e6d8d7a74
9969 bf3d154e15662999
9970 b3542c300528c746
9971 aa5b6f95f9d04adb
9972 ad1f7dea55bd8328
9973 ea82e04a178a170d
9974 97567912107a241a
9975 45a6c1b972c87d0f
9976 06a8cb2e841742cc
9977 370bd8762162e591
9978 e86995a728c4eefe
9979 626c250b260bea73
9980 5347b1ea9e3c0020
9981 8bd685cfebd1aae9
9982 f7af9fbc7502383e
9983 57ba41498d7624b3
9984 a7590480aed7d360
9985 493def79ac2970c5
9986 ed77ae54c1a4cf5a
9987 df8eceb64d40a14f
9988 67ff156f6d21e00c
9989 0fa6cb3984af7bd1
9990 4c8439610fbe6786
9991 8e66fb85268e571b
9992 6dd2e2906d7e7a68
9993 1362c27b2b79eb4d
9994 e04c7e6c20797502
9995 414964c42a07ff37
9996 ce37d2e7757fe2b4
9997 a5ea86662f8a1ad9
9998 d50c12cb2abf402e
9999 379e4290b70231e3
10000 88236cf96aacbb50
10001 e86008e425d307b5
10002 b699803d4cb0fcca
10003 fced3cdc995e957f
10004 168cab4acbef563c
10005 313d853569b94841
10006 b3f0f3979143cfb6
10007 7e48c418da1bd68b
10008 eb20766df00e41d8
10009 da68ca04e57798fd
10010 dd14d9673f199b32
10011 9e33caee346e3727
10012 ccc3d6a5248518a4
10013 6cfe86242dafa3a5
10014 403f05e1289c6a32
10015 1337ac81ce3c8827
10016 0daf4238da4dcba4
10017 250cf34c8fcd9449
10018 2e2fab8bc97a2ab6
10019 bc0392a14e29f78b
10020 00734e29b533a8d8
10021 bd55b01ada249dfd
10022 9537277d174c33ca
10023 7affc9bcf8958e7f
10024 7180c674b4058d3c
10025 f1b0d70a5dbcad41
10026 8d1af65dbc49c72e
10027 0c73c8b6d5bd4ae3
10028 d150d4babc425250
10029 04ea07836d6b98b5
10030 881017825e14dc02
10031 46cf4a5ab88c3837
10032 6e5cd6587095a9b4
10033 56b5263b17db5bd9
10034 df7983d2710ac286
10035 4cc856b1938b741b
10036 50bcbd39e8914d68
10037 4d7ca2826e9d644d
10038 b5f2c483af42325a
10039 c29a8aa8476aca4f
10040 cfa70f8eeb25c70c
10041 74d7400b215e18d1
10042 9e6d0cac01f3b73e
10043 51d69fe2d2f8a5b3
10044 6421e19bd6a36e60
10045 6f5c25248b769ba9
10046 1bb360ab44d477fe
10047 e160f26a663b827b
10048 ec1db53911889548
10049 0a25629a48bbc4ad
10050 0e23503f28d11262
10051 8e25f5aa4f574997
10052 8395fb80f908ec94
10053 8bc2429ba50a90b9
10054 3e13993863cff09e
10055 5147af35e6543f93
10056 db5f41b2adfbb1c0
10057 8a89e89ebf367e25
10058 b2481a0a9b14d6ba
10059 e37b400210746daf
10060 5ee65a251c8a156c
10061 71b39e5821e08fb1
10062 3dac8c1bfd8dd816
10063 413ee6082a1db26b
10064 5868a2bcb0f47fb8
10065 b7228c45f97dab5d
10066 4b38e6e1f1146192
10067 a24b9f76b37d8107
10068 2d0679834ff6c684
10069 c697749dec2eeb29
10070 8ba7dd9d52b3f78e
10071 d360560e120f98c3
10072 d2fdafc5539f8b30
10073 c73feecc99e8f895
10074 8f2ba7bebf2b1d2a
10075 fde110b475b09edf
10076 c8b333cfb4b2731c
10077 1948a219e00dc91d
10078 022b5d6d1aba339a
10079 6609942f8d54088f
10080 3cf7aee33f111c4c
10081 f2236c4326940311
10082 b48f7349f792d07e
10083 333f705ccb11dff3
10084 f63c281e2ae26fa0
10085 dbdea28c7196c505
10086 5c3d6b0a276fc742
10087 375939bea82e4b77
10088 0766269d5550fdf4
10089 f1f5c1573f2cf519
10090 516b6f4cba658ac6
10091 90c311402f16785b
10092 7823e290eaf648a8
10093 9e1380ac791ef88d
10094 cd1356064971100a
10095 e5657928e566cdbf
10096 f79d1a431b08d07c
10097 4c9fe2fffd7bce81
10098 1a735f70d65cf26e
10099 f937e5f98a5c6223
10100 bfef7639660afc90
10101 9d3bb3fa8bc0a5f5
10102 8e4ff901b1ee6672
10103 d4984ad9184adb67
10104 7aea1634b2fd20e4
10105 c4a0507a518ec689
10106 f3ef241c4450fef6
10107 8503e4899aa6ddcb
10108 7bc7058dd009ce18
10109 93e7df298a39c041
10110 8e63db0218eab4a6
10111 4170e78cb7d2023b
10112 dcd98369afb95a08
10113 7e4f77e37e89fd6d
10114 7296dca4279ac622
10115 6d72fc7ab6f5c357
10116 41658c14b9ec2b54
10117 1db440c596cf5f79
10118 d51092cb02487f5e
10119 17dd1f658c78ac53
10120 2d002f4a83064980
10121 1024f5c0a2eb77e5
10122 49692e820d495a7a
10123 cea587b4a549416f
10124 288dc3cb713e6e2c
10125 4b90837823303671
10126 c827bb2099d642d6
10127 0a5b918ee8886f2b
10128 9f67ed073f13c178
10129 bac7d948a82d361d
10130 0c1f448b59a2be52
10131 7217b6294a83e4c7
10132 0350ea54c57cbc44
10133 a75b623c279062e9
10134 bd42a5f80476114e
10135 e70e65e45973ec83
10136 b45b8ece8efa07f0
10137 c338389a6feb6d55
10138 70c8c9fe094f35ea
10139 af5c73fd1e8f359f
10140 ce799d93b58938dc
10141 e9d08659117e6e5d
10142 0a662dad7bf774da
10143 677fbbf3309e24cf
10144 aa7969fd005ccd8c
10145 9cc4103f01ef3f51
10146 bff16137cf88c9be
10147 b4375a755d8a2c33
10148 963c3fed806238e0
10149 7da944ac8b4bcc45
10150 bf4b4271c7bade82
10151 e4cbe488c6b0acb7
10152 049751af830ace34
10153 1dd758ebd6928059
10154 3a288be9412a2d06
10155 4dbc6f9aeadaf69b
10156 5d3777a68981fbe8
10157 76c0722cee6ffccd
10158 a3784d4de1c3364a
10159 fcc0deceef9576ff
10160 063c55383b97c7bc
10161 8dd1645050bd45c1
10162 f2ffe2417bbaefae
10163 71664014b3615563
10164 36c7deb41d5a6ed0
10165 ab767d05ffec5b35
10166 df5b6c7ad04680b2
10167 916081e37eff96a7
10168 d6de8cdb8d348a24
10169 66cfe1d6db2e0ac9
10170 7d69f269b10ca736
10171 39406c0f87ebfe0b
10172 333b451159e3fb58
10173 83aca2ee1cdfb001
10174 18c26c937f5d9576
10175 13ad02b47d4c6e4b
10176 4c6cd622e7c83898
10177 573d7db487c56fbd
10178 aa9734577df4dcf2
10179 b9f6763ce1b9dbe7
10180 978ce0dd0cde5f64
10181 9aab47d1ecc02309
10182 7f88888cd9e1c6ee
10183 5b90e52693ddd8a3
10184 89c7d034cddd6110
10185 3e86805126316a75
10186 e9c0d3a65498a08a
10187 cab42df2925ff63f
10188 946615912869cafc
10189 dab88e59cfd4df01
10190 e65636a64b553546
10191 0d74be20f248e0db
10192 185ea3aa0833c928
10193 41ad9d1700a4690d
10194 51cf1ff5a25017c2
10195 15210022177aa1f7
10196 d2466d03c977a074
10197 7e6cfe9ab90e5f99
10198 ca48738c397804fe
10199 52c117c5c0a20c73
10200 65f86b8f4667ee20
10201 c9663612f2f4fb85
10202 465a554f0a39761a
10203 7c13a568d987830f
10204 5e2ee767bb5070cc
10205 141f812d1823240d
10206 1a9240c5b1a8ee6a
10207 e037f28ea8c8f61f
10208 bb708c1bc43ddb5c
10209 3c29f147b40a8361
10210 4040ed7026acc3ce
10211 1408947cf2ce3303
10212 81cf94f4c4e67a70
10213 1442ad2cfc6c93d5
10214 74c97c8adf24c6d2
10215 5b55090d8bd38f47
10216 e0c3a02305810cc4
10217 ae247a680eeac569
10218 5c6c2f3b268a3b56
10219 de59db133090a7ab
10220 58fe01914df041f8
10221 a31ed28170db2e9d
10222 74242280c9106cfa
10223 f444ee829a1281ef
10224 492c04cceee80cac
10225 8c5d80eb485736f1
10226 1f4726c8ecbbd5de
10227 e24181fa9670bcd3
10228 28d089211bf03200
10229 7fd8475cba51b865
10230 fafa91ea84a2a6a2
10231 8cad7eebfdde27d7
10232 11e9ef77a3341dd4
10233 3d295967f55721f9
10234 24b89f4f0f1e2d26
10235 82273b149ec884bb
10236 d0f94da0c456b288
10237 26bfe991dc44cbf1
10238 1b2f38c38ccfb936
10239 2c136a3f637eaa0b
10240 9214f1f8fdf59d58
10241 fbf2d2cb4601e87d
10242 b8c3c338762876b2
10243 543448bd0b6d8ea7
10244 7ea089428cba9e24
10245 ed28c586d133f0c9
10246 9521d26b138563ae
10247 b01bfcd2f43a7b63
10248 13b04f346d6ed2d0
10249 7a48e5b69ceb0535
10250 3cc2284692a60e4a
10251 d4b0e2ca67b85cff
10252 73851cc2f6ff71bc
10253 0d0f717f73e8c7c1
10254 d93c2f20060f0106
10255 0cb05ad40bc73a9b
10256 1a99e0bdd46ae9e8
10257 2eb8b1547a9e5acd
10258 d39bc33e30cf9082
10259 f865f1e7179e00b7
10260 fe23a43e824a9234
10261 b8a7b4bd2a167659
10262 8e8b02bb51f9e5be
10263 786f968e2ad0e033
10264 fcd4a4fa2ed8a6e0
10265 77bdafac41109845
10266 7597af0648e212da
10267 0fe3e31c7e3cf0cf
10268 e00d8e8d1b45938c
10269 160e8e44ec5e85cd
10270 d1c5943abf71112a
10271 a60322b778cb7edf
10272 411ad659c60cc91c
10273 3610de96a4143b21
10274 b62b1fdc443af38e
10275 080bcbd2e1abd4c3
10276 43d12dd047237f30
10277 674d6a37240dfe95
10278 2e046447b1768f92
10279 3c91b293fae6bb07
10280 e681657717e19884
10281 a0a3bf52799c3729
10282 306a392fe8719016
10283 cc0a960f1c6b826b
10284 9e56dda09f05afb8
10285 c4ca8efd2032bf5d
10286 6d69e14ffb39c6ba
10287 29ee873166eb59af
10288 28e7381f7ac28f6c
10289 8de7bf4d4a6a4bb1
10290 c3f07e6bbf72329e
10291 30634023c1630d93
10292 0c0c7e6ca058ebc0
10293 7b27c08e292e0c25
10294 8106a308406d9262
10295 ca43a946c0d88f97
10296 cd4cb47c09e80294
10297 a4d3f6bcb8fc5cb9
10298 661995856057cce6
10299 4aa38ddf9904a07b
10300 37cef040e26a2148
10301 84aad92022e87a11
10302 75f5197b77566a16
10303 bd2a96e5e1f68c6b
10304 fa572ac4a11a99b8
10305 859ef8513b41cd5d
10306 3c4d311083c2e392
10307 3b3d7ad3210b7f07
10308 55c35063804ce084
10309 b9f89ba59237dd29
10310 9a12f2e4b0a5898e
10311 951a1dfac1b9fec3
10312 61502791e1de2d30
10313 9eab5b97c8440295
10314 650ff9841c504f2a
10315 10d1a7998616b8df
10316 e9240a7445bc091c
10317 2d54f194ea95bf21
10318 df760ab5e7ff4ee6
10319 5f988ce97dfb387b
10320 f9322fa1cd5d5f48
10321 2ac69e39fa3a7aad
10322 d9996f92f5afdc62
10323 fe584bd83e97f797
10324 1980680358f8e294
10325 4c46466138632eb9
10326 929e865ef3d2029e
10327 01dde83926cd6193
10328 21a16a3baa1f17c0
10329 62dcfb941fb27025
10330 6c0dd67fb951bcba
10331 d147f0f015e453af
10332 647471092030ef6c
10333 0888bdb24e182dad
10334 97c49f1444661dca
10335 e983ec2b2e7b5e7f
10336 8f1a24541f2be33c
10337 567daddacbdb1941
10338 146d41f6d8b02b2e
10339 02e3da2e62701ee3
10340 e42bca20f1907c50
10341 ddee022f54871ab5
10342 9c80703ab7c04c32
10343 cf4103db1a189c27
10344 073ed8a2b0c965a4
10345 81c936751360d849
10346 3c64a52b4cc4e4b6
10347 13629c2a87340d8b
10348 0e687af8df374cd8
10349 e835c4050acdfffd
10350 9c1ff4ce0affdc5a
10351 653df1bde891384f
10352 95c6bce80e274b0c
10353 45bc0a717032f0d1
10354 93369632ce9a7b3e
10355 94223038dbb00fb3
10356 524848920eca7460
10357 ab932c5230720fc5
10358 942242c409a4ee02
10359 e7b8f09720e4ba37
10360 23a9bff9bb675bb4
10361 a373c16362ffc5d9
10362 21bfee1abe9bc886
10363 e5ef030b98962a1b
10364 bb10e1cb0eb09368
10365 7594698262107dd1
10366 976fbdf4e896acd6
10367 f91f87ba7921312b
10368 40c1ccf004fcd378
10369 fcd9740b36628c1d
10370 5d61ffeda449c452
10371 910adfec8e59cec7
10372 6b773a24c53a5644
10373 1780d9787ae950e9
10374 8708c96296b2af4e
10375 4774f3b4b3b5a683
10376 afcaca8be50fb9f0
10377 91b40d69408d9b55
10378 5fdba3539efb4fea
10379 42c1588ace46439f
10380 1e27de4eb1a35edc
10381 fd7eea7ab141eae1
10382 9d510bd1f491dea6
10383 3b418c97db8ef83b
10384 8ed3a2a8356ad008
10385 c891566b2b0d576d
10386 ed88e9a2e633f822
10387 7029cb93f7045557
10388 eba15ce0ee1bf954
10389 c7bad65be7799d79
10390 233a2b520619555e
10391 61b942ecc5b33253
10392 ec386cd2d2ec8f80
10393 d88ee1fc09ad45e5
10394 3d4ecdd5da0b647a
10395 23cb48f528d03f6f
10396 01a3a3a1d05f782c
10397 a3b121c4f766226d
10398 876707b6d2b5668a
10399 8024a115edd71a3f
10400 bfc7f54f04cdbafc
10401 f01f0b0138c20101
10402 f66ce64f4773b6ee
10403 7fd194417d9254a3
10404 ba08d71831990310
10405 e6a06ca79173c875
10406 6d9f8a052338d6f2
10407 ad25018225247be7
10408 38997833dad1db64
10409 330f42f7c7f6a509
10410 2887e6b9a9ff7d76
10411 4743000bbd2b444b
10412 2f92d8c5df3c3898
10413 2c2a10e3e096b9bd
10414 a4b5ebc3ccc6d61a
10415 4ddd6fd1015c370f
10416 8f8eeafb4f3af0cc
10417 2a578214abe52991
10418 5b6238a4698b16fe
10419 1ca6bf5f5b2e1e73
10420 00a99b3777a96220
10421 2144c73ee91e6785
10422 3d1f78b347704bc2
10423 85819ab5817babf7
10424 43c17487baf8f274
10425 bdb117d7a3274f99
10426 85fbc1326c8f2f46
10427 df0fce73060478db
10428 3bb8f1eda89195c8
10429 7ce5000f05e38331
10430 76dc4501d36ba776
10431 9a963706231a5c4b
10432 36f12917cbd80298
10433 215abf4dfd0381bd
10434 f861339c19bdcaf2
10435 b4ca14747e12e5e7
10436 a9a2bf3182337564
10437 da7584266ad8ed09
10438 f20e3198bf1458ee
10439 6dfdaed3d30a3aa3
10440 bb77a4ab4355a310
10441 6f261acec926c875
10442 d3927cd7c111a68a
10443 3caadc1684e0503f
10444 0f5c2da4195284fc
10445 bf3b66c145dbfd01
10446 b5c2fe910419fb46
10447 6a15415cf36766db
10448 e643041b18c5af28
10449 cf7c2a124622b30d
10450 c0413c75a8e749c2
10451 3b93697dadf177f7
10452 abdcade18d4e3e74
10453 6037d322743a7599
10454 9c94466da5371afe
10455 d1674f126efd1673
10456 9fe9a3bc454fe420
10457 70733c0b6d6d1d85
10458 17bb2dac3818981a
10459 009a26ebb716010f
10460 5b7804174f094ecc
10461 68dd2dddbfe27a0d
10462 f1ba550bd97ec46a
10463 62acf31f0ee0e41f
10464 638136cd465c015c
10465 0c21933ff6e33961
10466 0c17bcb205eba1ce
10467 4ba9b6f243360503
10468 0ecd600b3d0a1470
10469 5d01f22b153825d5
10470 b7e1be85fe33b4d2
10471 3c66da270b32dd47
10472 27784003876b6ac4
10473 8c2c179b619b8f69
10474 62350ac1b5663556
10475 76ce40fb4a3d89ab
10476 de4f98e8764c03f8
10477 6cfb0033c461949d
10478 e6422a35548b4afa
10479 47c3046fff3ccfef
10480 50527edadc7036ac
10481 8c76bcf75bddd0f1
10482 543809c7700affde
10483 9c58a6c2fa9c7ed3
10484 c547fdb036379800
10485 e2ad820e41d2d665
10486 fd20d6086a4d7ca2
10487 eaf730384a070dd7
10488 5470d57c85311fd4
10489 d99f402c73e0f7f9
10490 1e5decfd861a3726
10491 e94fd47babb55ebb
10492 f575694cda23c488
10493 1c20106c5657a5f1
10494 4ee0e7cad2f4b736
10495 dbfda3d6a79db80b
10496 548929b70d3ddf58
10497 21847e479dc0767d
10498 88876942636ac8b2
10499 17144b9468ba68a7
10500 443f0d1394745424
10501 fd4fc55bc0fda2c9
10502 5555b09e6558cdae
10503 d5c98c1276324963
10504 38fd7acb245448d0
10505 838d5854bde0cb35
10506 91428d54a1d2984a
10507 6060bbe86458deff
10508 a3e9ab25a6d903bc
10509 915420c4944815c1
10510 97c1d9986a261f06
10511 572a622542b03c9b
10512 2d79640fbf5b9fe8
10513 b991611d0e2884cd
10514 d69e81759d37da82
10515 a7e1260075dc42b7
10516 3a37b924b663d034
10517 1ec2ea2c100b1859
10518 4c28d0e9f03b73be
10519 cb187d5828d66633
10520 54a2ddd8847d78e0
10521 3f626dfb845b0e45
10522 870eb2b005246cda
10523 d91452210115cecf
10524 052069ceb31d698c
10525 0c3728807ee0a7cd
10526 f47b5d77a1973b2a
10527 8dba902ef158acdf
10528 2d9170905ed4831c
10529 d266a65e72b9b521
10530 010a571f1346ed8e
10531 637129cbeddda6c3
10532 ea44155aa5ff0930
10533 4e04c39a83865095
10534 4cd9efa4ca963592
10535 0a90e69b08aa2107
10536 d211a96cb2c2e684
10537 b36326e0f566cd29
10538 dce13161b150ea16
10539 ff81c76000e9f06b
10540 fdac00efd4e501b8
10541 758d36f2815b2d5d
10542 a1f39a683754a4ba
10543 084922380fcaebaf
10544 3fe5b4155c8fa56c
10545 8d397fcdaea81db1
10546 75e9532d4a2e709e
10547 ad3944c27fe0ef93
10548 2954f67eaf7c35c0
10549 e57c29760ca3c625
10550 29044383e60f9c62
10551 f7e99b496ebbd597
10552 d5015ab988154c94
10553 299b97ffaae06eb9
10554 15cf6a0c1434bee6
10555 39aef6011ca7f38b
10556 510c118217100ad8
10557 78c67349a2016781
10558 edb2585fde4e80e6
10559 621de0491ef62e7b
10560 7f493baf34a6e148
10561 4989808c8a1690ad
10562 ab50a09a928c6e62
10563 5261a02dbe937597
10564 e0f4c62b1d5a9894
10565 b468817d64a21cb9
10566 e795d7b0fa6b2c9e
10567 b761e25d97b60b93
10568 679192cf28e71dc0
10569 4aeadf67b90e5225
10570 40c1bdd11feea2ba
10571 562de00231de81af
10572 97508fc9c84d716c
10573 df427cef6e8633b1
10574 869de3b872d7d416
10575 443504a0faf3566b
10576 8cb11f188b2eebb8
10577 2c9b182161be175d
10578 836e2f900059a592
10579 09847de1a0dd7507
10580 8468c2f068189a84
10581 7d75933b366ec729
10582 2f5c75fb5f5aab8e
10583 4345c578463854c3
10584 72dcb69a89d0d730
10585 880944b136a54495
10586 e04fa07a4168212a
10587 c92656df30a8dadf
10588 2a52e2ae941fbf1c
10589 513cd70a5a42551d
10590 4f87116ba4acaf9a
10591 7dfa715a6459248f
10592 2d093432e146704c
10593 9fa60068637ecf11
10594 5bbc55877eab347e
10595 66a34f2cb1b9e3f3
10596 39ef2d77ce6d13a0
10597 fed2bcbf06d8d905
10598 5504bb6d8af91342
10599 45f0a4e7ce8e4f77
10600 df91c656842d31f4
10601 faf35e2c66b89919
10602 af2e7ab0281de6c6
10603 2eb7b4512437d45b
10604 de7526d49f12e4a8
10605 30df6900adfb4c8d
10606 f04ebad491823c0a
10607 4b1dc0e6a35ce9bf
10608 0f3c74685c12c47c
10609 a54122a07b325281
10610 fbbf444e3e7e6e6e
10611 a324d002dbcde623
10612 85d2ba7656604090
10613 c7540caf2617b1f5
10614 5f72fce24cd2c272
10615 874b7590e4ec2f67
10616 db5744e3355c0ce4
10617 2d7009d150731a89
10618 0adb037097432af6
10619 83a774465e43e1cb
10620 a77607a767f76a18
10621 c753851260a61441
10622 19f9489b657a58a6
10623 8c30878c2fd3163b
10624 db60b5927bf83608
10625 5ab61e2ee2b8996d
10626 4ab34f8f35eaa222
10627 9ea8ac4d9e4cb757
10628 7343cbeefc0ba754
10629 9321873fdcf60b79
10630 d10261c3ca2bab5e
10631 18196da2d19d1053
10632 b5b5331968693d80
10633 b8d90de614c073e5
10634 397474ad797ffe7a
10635 20782e9ebfe2c56f
10636 36311d731367922c
10637 b59920b87fc54271
10638 7c9d9026238c86d6
10639 9cb393114db90b2b
10640 aa57715c17cc5d78
10641 a6367e42cedffa1d
10642 6ca50febe8f42a52
10643 4a8438f1578c00c7
10644 456a67ee93f00844
10645 4d10caa0201b06e9
10646 4724f1e619dd7d4e
10647 b2eb3ba2bb07f083
10648 41d357aad95813f0
10649 d02c36c701751955
10650 a978f1fbabe121ea
10651 21357ffed154699f
10652 5eeafe7ae4a6d4dc
10653 a5703d1abcb23a5d
10654 217fb64e693bb0da
10655 fda08f34204478cf
10656 64926a2874cee98c
10657 97e1a980c1713351
10658 b96df0da502605be
10659 141edfbc30d0c033
10660 bfa48d938abc6ce0
10661 bc3322cdc8127045
10662 02e91f679ca1f282
10663 d17798492155b0b7
10664 a857104804d9da34
10665 00da476360dd9c59
10666 e7cba56028b6a906
10667 0eb30ea8dc2b329b
10668 00dc633eb7d22fe8
10669 723d0745d76ac0cd
10670 4c2175edb278224a
10671 7e1ccd88b689baff
10672 d269d62d57b733bc
10673 421e658465a601c1
10674 e102e26a6d4e4bae
10675 956cb53724efc163
10676 adb6c66073d17ad0
10677 131545d434d1c735
10678 fb5d691adf9ddcb2
10679 33e549c9a429eaa7
10680 83f291cc21c36624
10681 ec31f703544726c9
10682 ac7a19d0e0e20036
10683 f020662dad19a30b
10684 3ecd2c9f3479d458
10685 4cbf37ae8bc22f01
10686 754caa638f9e5666
10687 1809e8ec46f015fb
10688 cf7c294948000ac8
10689 3125c06defcf062d
10690 e4540ed7dc0f1fe2
10691 28d0bf38da899917
10692 46b2ef48f5886214
10693 82585d8855b1cc39
10694 ab1efb4f935f3a1e
10695 5ad64fc54e69b113
10696 bfdeb8fa14ca5340
10697 f3300608cda9a5a5
10698 f9c2f6ef365fe83a
10699 87e14ab38cf5472f
10700 4c56d7ba0875a4ec
10701 3c30e15f499b0531
10702 2fd0219e29119d96
10703 f0acbffda4b517eb
10704 3c8aa61690a31538
10705 ffc69de173e7a4dd
10706 9fd1ccfe5cf3ef12
10707 5e21c31e9748cc87
10708 b2ff42493959c404
10709 2dbd88acffe322a9
10710 76ee7a93d54a750e
10711 736c63ee50d3ec43
10712 122db19e80edb6b0
10713 e1d85746e9f31615
10714 6f754353d1861caa
10715 22a2f6a6bd10205f
10716 ce950549be86189c
10717 2c0fe66c2526649d
10718 99267bf05356651a
10719 f86f203d3554d00f
10720 e1186381bb70cfcc
10721 3ba98ff4d9a8d491
10722 650a97f3969cb7fe
10723 4b047ece2ad44573
10724 f88f28cb92c53920
10725 6102b2fad3007885
10726 79330cd4faf672c2
10727 592731ae8a83a6f7
10728 78ab4dba11215b74
10729 68b641f8d760d899
10730 b21a8b102522e446
10731 f09ed10c228e91db
10732 7e266920efe37028
10733 d8d2404acb2ff20d
10734 9acab48afe74af8a
10735 9af34e369893b33f
10736 f1bc3ff83b07d9fc
10737 73c36ef315de6801
10738 9e0733fb83b641ee
10739 2dab608975c611a3
10740 0c5ac2623bf74010
10741 4f86edb8f51d3375
10742 57a48f6382cc0ff2
10743 c47b7525ab187ce7
10744 80d097ef90642264
10745 2fdc916f2d9a8809
10746 78febcc05b218476
10747 236ffea08158b74b
10748 5dcc42398440e398
10749 a5cc2253974947c1
10750 1ef94091f567dc26
10751 a33fa426ac67e5bb
10752 0c88f66b74cfa588
10753 79481838a920aeed
10754 d79f1675e43b89a2
10755 8b902fcd63272cd7
10756 3b74259eac05d0d4
10757 4720df118b8576f9
10758 4788b1d1e9b004de
10759 bdc8e30ab92d31d3
10760 493a8f9dc0848100
10761 27549643eb2dd565
10762 0abde68f12ab03fa
10763 e1d0ac5bc33a82ef
10764 c5b595fbd466bbac
10765 e3e961f770626bf1
10766 3c2261c5cd072a56
10767 034f1ebca4e6b8ab
10768 344b419d245b94f8
10769 515f84d0bd4cd39d
10770 0eaa539e850ab1d2
10771 cfdbe0edf0d40447
10772 102f67c6a55b5bc4
10773 34a790f7b5081269
10774 3be5e3ebdefaa6ce
10775 4e47e00680147003
10776 49b726c85f42bd70
10777 f3eee5f5d34ac8d5
10778 3dadd81f429fc96a
10779 8f7bc7b884a60f1f
10780 9444d5ff7c83365c
10781 f546f912cab4b5dd
10782 96ee9ee08ce45f5a
10783 2d5d314cd91f4d4f
10784 8605b8c37de89c0c
10785 45204d2d2596e7d1
10786 9cb9b6ff06e03c3e
10787 6108eab698acf8b3
10788 c88c1137c7403760
10789 6941471ad7e638c5
10790 2c7607dfb8a64d02
10791 efd66e8b4eb50737
10792 828694b48b11aeb4
10793 27f577c11f94c6d9
10794 d523ac43e2313386
10795 29ad4db54ab25b1b
10796 ea54bc554ea1fa68
10797 f352ca57dc3a774d
10798 c6577b81d2b9f4ca
10799 7fddd6d0e9e8a97f
10800 4b08403774d92a3c
10801 195264403b96cc41
10802 62d815f9b0b45c2e
10803 5278b38cfb4c61e3
10804 1c8f33f029da1350
10805 6a8a6bb6561e2fb5
10806 a15a6ee412bc6b32
10807 c30eb8d2f0bfd327
10808 9b3553ccf190bca4
10809 fce1406c050878b9
10810 c0a5cb418fb590e2
10811 247bbad9e6dbf412
10812 5ce9cea598725569
10813 a36eb2c9e4eb9eb4
10814 632ae927aea69f53
10815 593a89f91ab8b52e
10816 1b75f2dbc7bdee25
10817 d0855a4ff0695ad0
10818 98cd9ac1f28d348f
10819 a6b566558c6f37ca
10820 dd31ff5eb396a6a9
10821 afce52ebd9339234
10822 6365414795901173
10823 5c47c2ac3d66864e
10824 7ce5b660f80951c5
10825 7a7852554676fef0
10826 b10b983d7c4588af
10827 36f59605e6ebd3ea
10828 e27a4ebcd45ea451
10829 6df3481407ccfe9c
10830 ee8dab634ccbf57b
10831 e7ef2af37f068a36
10832 651b835c2ab3027d
10833 255b76da06dc5708
10834 12bc008b7c2e9ac7
10835 87deb989b6549e62
10836 1af745b1ff7442f9
10837 b817a754fb43a344
10838 6ed09036da355843
10839 6231d1d81f9cf1de
10840 00f49465a6fb94a5
10841 588a97b0b6d0a550
10842 36454a209ec9198d
10843 4c7d9515b0642518
10844 c2be828bcdf56c2b
10845 f18ef2e5e8146b66
10846 ae3c768fb9aeae81
10847 f314d354ec38dc4c
10848 9ebf5cb241787d9f
10849 da515f9ecadc0faa
10850 d5371316b43e1385
10851 8a385717adc748b0
10852 f893770c7d129833
10853 9b0d1fd3268cb40e
10854 b653f3c74751f6f9
10855 8e590d4affa9cf44
10856 3b51b940a00def57
10857 af0a8b3f7c87d972
10858 97152426390cb6cd
10859 4a243896cbdddf28
10860 5126b1cc9e8487eb
10861 3432fcd783760b26
10862 813a5d8ea1728321
10863 4746d55369c5d66c
10864 1f793a11e2645dd7
10865 702608c777b899f2
10866 df2fff4494f7114d
10867 988a501874223bd8
10868 a574f01502a0addb
10869 719c8c054cb10b96
10870 e21104b1612bace1
10871 e236401034e6fb2c
10872 cca674676818f27f
10873 98159ab3d81ecdfa
10874 235e135a630f8d55
10875 d04501f48be21040
10876 29357bef87a938c3
10877 d2f21d58a1a2245e
10878 f00207993c978e69
10879 1abb9b86cb74b2a4
10880 8d6404c847024637
10881 09d305a48dc060d2
10882 83ad0d48aba958ad
10883 9a8f014d70d3d1b8
10884 8cdc22c90ca6ac0b
10885 1128ce640c718d46
10886 615fd73596fddd11
10887 4de5992e5e189c2c
10888 1b1d9f52852cf57f
10889 3fcab5041d401392
10890 4ee4b2c4a61025eb
10891 7b3cd54cb04b37e6
10892 1c0c25fe4a0e0392
10893 61b2be6df0e1902f
10894 f38f52dd3d683598
10895 9c4ac1df04f92b15
10896 175bd8259b7672de
10897 e35c8b752e6c635b
10898 c5e9831c19b26f44
10899 ac9d98c74e683461
10900 39698335d2b89fba
10901 e162106b1dde32b7
10902 6d908b48c3be8aa0
10903 e36729f4e07be2fd
10904 8ec4abdde606f986
10905 9c03464fa4322743
10906 dad8ca99d08116ac
10907 106d59358c6fdc69
10908 73b6b1971bf94622
10909 38d91d215c2bb13f
10910 3f287ecba7e89e68
10911 c947f040cb660925
10912 da2ae0d4e6b637ae
10913 2b817b17703d676b
10914 735c6627030284d4
10915 e6371af356176cb1
10916 0c396cbceb30e04a
10917 e035001257971a47
10918 d4956a5a171df1f0
10919 54ea8836eda5348d
10920 4fe42764b6eb0f56
10921 4d3deacb6e714d13
10922 055a2cae0b636206
10923 aa9894306e601bc3
10924 85eb3650e300fb20
10925 537a9e82e8270f7d
10926 92c1739e5187ee6a
10927 ca8c602948edd2e7
10928 53183a9844964a74
10929 3751501a02e4ba51
10930 e05e4b0d70caa3ce
10931 43f9c3a0be557c72
10932 6faf90a49a40bbf9
10933 52759514b00001bc
10934 f533a6f21efa49eb
10935 d101caa9ca11012e
10936 f8ddab770c9365a5
10937 59d2de1eb8d547e8
10938 09802498a253a2c7
10939 e4b6b04031788fca
10940 02c04ccbf8fa8f31
10941 5f7203c596c0cc54
10942 f2679620f712b283
10943 6bd9470d994334c6
10944 31e6d640c8837d3d
10945 c9ac2b945fca2ee0
10946 211eaf381e5f2a7f
10947 9f7a8b58511c5a62
10948 a39b1bb3576178a9
10949 785f0d81de3d0dec
10950 e68dd78dab36ff9b
10951 f8817ea1844adb1e
10952 3323e7adff4bf155
10953 700fb9ef7e1914d8
10954 e64662043681aaf7
10955 9f80d24a9f7beafa
10956 71bc64043086eca1
10957 a10cd13c7cc4cb84
10958 422a9f8d46287ff3
10959 bcef37758977ce36
10960 1ebccb0d77305aed
10961 d0fa0c15ef3be3d0
10962 e6f76f86eefa676f
10963 3a2eb25e8330efd2
10964 a5f9ab6c636c38d9
10965 3493adf65974b59c
10966 480ba81e0cac8ecb
10967 f58cdea959511b8e
10968 a1077374c4b47085
10969 c8e4cb04f3410748
10970 de619dd0aa970da7
10971 689e51939db3a42a
10972 87bd38c29d330511
10973 d24836472d1f4234
10974 fc467351d63a7ce3
10975 212c7d6f75a8db26
10976 80c764ffed4e499d
10977 3a9640153c0288c0
10978 cb57f41ab6a7095f
10979 f03b7b45389e3fc2
10980 eee5fa125d565d09
10981 85997da17d71664c
10982 92a0540ffa7117fb
10983 c28251cd56f0cdfe
10984 ca138129ee9e2bb5
10985 01677ae8b8369a38
10986 cc67adc0870f7f57
10987 0f28338b589e1e5a
10988 6bbb3f96b7630c01
10989 031f2f3f580812e4
10990 2ed83524dae55453
10991 c40246c477c46196
10992 881afbaaaceca0cd
10993 3c13ea02c35cef30
10994 a8d3479f5ed22f4f
10995 327163b832674432
10996 0172df086d6174b9
10997 de80f7c787a4807c
10998 49a64a66fd7732ab
10999 e96b839085a414ee
11000 929e3399e77e6f65
11001 60a4c8b6d9f6f3a8
11002 f7956b200c252387
11003 d79c6a65676f178a
11004 365d41a419fc48f1
11005 cfd65a9dd0e72f14
11006 5b5b81c398f31e43
11007 9e06f6e017ba3786
11008 2ee56b21df81d3fd
11009 9e5b5dae023108a0
11010 7f75d95c8d1cf03f
11011 0e110d1c13862422
11012 6ee764aff67bb569
11013 a4838b6d062614ac
11014 3d37d3d38d4bed5b
11015 2a47dae77eb6edde
11016 5af2d2afc06a3715
11017 db2edf1a1b87ca98
11018 e2645ec283c655b7
11019 82c523bf46a446ba
11020 10b0d5505b28f861
11021 f6e20415e567bc44
11022 34755ec28a1da2b3
11023 6d31416897fa57f6
11024 1fa8f9f2fa68d9ad
11025 23f4b82679c52390
11026 ad05340a4f1be42f
11027 75afc6d00a412e92
11028 5dd0223b3c4ef099
11029 1d30cc6b82ef445c
11030 e1d39acbcf26738b
11031 aa5ca5bf3d2c994e
11032 17f72c8c34f60645
11033 9daf33754ca1b208
11034 d35ddf4a828a8367
11035 9bfb6ac0d85225ea
11036 c8db05fbb2bc58d1
11037 33434045add37df4
11038 6e0815f3434a1fa3
11039 b3f53fd8d3300be6
11040 358213846553ba5d
11041 ab2424bb0cea0680
11042 61452aa17f5d241f
11043 72343bb5330308f8
11044 65882825a1531440
11045 7e882825a1531440
11046 c3882825a1531440
11047 1c882825a1531440
11048 d1882825a1531440
11049 ba882825a1531440
11050 7f882825a1531440
11051 28882825a1531440
11052 4d882825a1531440
11053 c6882825a1531440
11054 ab882825a1531440
11055 a4882825a1531440
11056 39882825a1531440
11057 02882825a1531440
11058 07882825a1531440
11059 9c7e5522b21d92af
11060 9147f868c567d03a
11061 b2807d5a57796847
11062 d0176074178eca9a
11063 a9cf088e6e488bd6
11064 512729d1a0ba8d98
11065 7eadafd1bed98c17
11066 c989e36713ac1174
11067 43e200262ecb8bd4
11068 e0ca2d0cf2c3a877
11069 0cf691828d8fe248
11070 4799e235a16087f1
11071 b242d942d7de0cc5
11072 b149566c7d31da62
11073 7333c15dc97e0038
11074 e104418e1da93e8f
11075 5d14b7b2f0481a9e
11076 999de3be331cb03f
11077 af616968b66c4dfc
11078 22adf00d57fa9cf1
11079 8c3b0a8210b66117
11080 ea40adfc0065d9d2
11081 b963bacdb793d531
11082 d1e9d9fe4f772afc
11083 1f23778e8b191378
11084 cbdf37e1d09f5956
11085 6ad2701a6a00bfea
11086 2fb40f402a60d49c
11087 3f920443a18dadcd
11088 3f729bc2f1e12c02
11089 caf84b5dc1da26bb
11090 6d07d8163b76d3c8
11091 8587ee7032bf0119
11092 b95d6581ea19d10e
11093 0c5b793d883fc4f7
11094 cab03f71d11ded24
11095 b91dbd735229ba55
11096 12fcbe790ff9faaa
11097 4cfeee5974a4f183
11098 f8d47141a47af010
11099 4465bbd5ecbd2841
11100 a637f7b272ce1e16
11101 9686cdd00c94e53f
11102 6c2a48e8fa85880c
11103 72868ef34c64123d
11104 9ce91aec9d32b072
11105 13e99e5338fcd8ab
11106 c1a2987202466978
11107 6d5451119b99e589
11108 74d0e6849126bd7e
11109 033a82c80c5a4fe7
11110 6bc92a4d5fbf04d4
11111 c9ac6b6404a2eec5
11112 678e02ab365b69da
11113 0a252ceea1861733
11114 50050ce0e41ee2c0
11115 75aed0fb5f2b5d71
11116 182ca66036418986
11117 3c92880e48153ba5
11118 a5f473881acda53e
11119 885d8a3b1b42fe47
11120 c80821f44a0e3fe8
11121 ec8d1e1dbe2bc179
11122 48a78d2a2bbedcc2
11123 3fd35a4c8e0d4e7b
11124 e6a722157379b1ec
11125 52baee7aa524ca00
11126 917336bfbb97df03
11127 69c74997d6499f52
11128 ef33724ed3c583ed
11129 fe6514baf65b5f04
11130 864eec0c52638e27
11131 7307a1fc8ab2e886
11132 1dad6bb182521ad1
11133 0b5a68bacfba8921
11134 43fb2fcadaed37e2
11135 b980e02d4a56efb3
11136 bf83e47a28ee26ec
11137 0ddfc85845b3a2a5
11138 1d1e269db2b0c5b6
11139 903947807e720d17
11140 50420084dc22e300
11141 56e60f064e4f6734
11142 00bba6f3587410cf
11143 1c9aae2f180592d6
11144 5c61d10f7f85fb69
11145 8179740c633caf08
11146 46b4dae5b94c79a3
11147 11d32219802583da
11148 5ed56a49de72132d
11149 2b3aa99cabed98fd
11150 5cece417efedc3ce
11151 0b9b15e02a17b7b7
11152 ba74218a61187e10
11153 6c4288ba63c3b181
11154 5c697f6eb1053422
11155 9ce89a243c898fbb
11156 20964f0fea77afb4
11157 ef818fa3d491c685
11158 72765200538772d6
11159 26c25c2e42a578df
11160 a05aba767bf54258
11161 1ac7939b7f651c69
11162 649d6b433758c8aa
11163 2822343ce7671e03
11164 aaa1e21701b4ed7c
11165 757c3f3a566fed4d
11166 99db67f7c91f13de
11167 f6fe140533a4e787
11168 3bcf8dc93795f8e0
11169 753b9caa7a299c11
11170 d58cf21b1444e072
11171 4a90e32f9dfb898b
11172 08e9e9f94e7eefc4
11173 e185392bdd63b595
11174 2a8a0c1fc7cee0a6
11175 be99cc99854dee6f
11176 47717a0ae5118a68
11177 400de715deba4ab9
11178 23da2e83689bddfa
11179 35b653899587bbd3
11180 a4418e4bfa6c634c
11181 dd4932661b01901d
11182 617e14f80c24d26e
11183 5d5db6aa3d13b6d7
11184 13fb8bef4f8a3db0
11185 650bcc5f3ee0c721
11186 42f6eee4c535bec2
11187 79827d0eec4f6c5b
11188 aeaa1cce39ec9854
11189 27d20d39fca532a5
11190 a31b7ba1fe9506f6
11191 06166f87755495ff
11192 8d4c88373e9f69f8
11193 90f4e20339f66509
11194 e225d9f6e53309ca
11195 78b81e4cf7ab58a3
11196 5f4d2c5b6ba82a1c
11197 d563495453e8ee6d
11198 3af42273e0ef017e
11199 21da92ca0effffa7
11200 16b297d632dfda00
11201 71d13d9467336a31
11202 da2f747fe75e1492
11203 024d81289fa48eab
11204 884bc3ea65df0f64
11205 47030aff43cb67b5
11206 53642966df6032c6
11207 502c6e8a7ee57c8f
11208 736423a945772708
11209 a843e15c9cae2059
11210 a18a8920f964599a
11211 9c30a4b9a7014cf3
11212 ea48bd4c39c25dec
11213 78f1ac258385a63d
11214 281c149dd1cb3b0e
11215 625070c944e1c0f7
11216 8b912223a9019650
11217 fcce0e6cda97d2c1
11218 5c577891179b3662
11219 63e9ecb64459e6fb
11220 ebbcfef69aada0f4
11221 3924c76226ddebc5
11222 07c44566c892d716
11223 e158ca75686a651f
11224 be412242f8916a98
11225 763a6f4c96be6da9
11226 c45ec0a66a2a7aea
11227 2b8bb2ed0e9e0743
11228 8b46ff65bb160ebc
11229 99ead578680d398d
11230 65ea8a3e3b5c351e
11231 9e9de6665d6a60c7
11232 58f362bef574c220
11233 772220eb48946b51
11234 ede843ece02d9cb2
11235 9c5de2e8408029cb
11236 6bc988e4d0dc2004
11237 1cdbd0ec2d693dd5
11238 aa8d61d364532de6
11239 b4100bba2a4f7baf
11240 3d08117229e30da8
11241 9fbce0b612b337f9
11242 303a160b0baecd3a
11243 02960220063a9013
11244 1067d3fd33c7f78c
11245 916d2ef168f294dd
11246 29006e7ecd17122e
11247 78ed7092c3cc6f97
11248 70593ba15cd74a70
11249 14371cb438f212e1
11250 6cc1bfba6c4b1582
11251 b1b7bfc98cda551b
11252 7708b8ded6609b14
11253 457991be0c9e46e5
11254 24ad389fd369eb36
11255 53a41ffd1078943f
11256 9fc5a74aeb846e38
11257 e884a1450c2cf749
11258 f17bf2524f051b0a
11259 9601b064bb618ae3
11260 8870f0ca75a7cb5c
11261 b881490aaee864ad
11262 b6ffedd0dee3f2be
11263 80c124bb07413fe7
11264 125987e0c293bc40
11265 e38b28bc20a1df71
11266 26998a9a626b40d2
11267 530831aefa85a0eb
11268 1201fdb4de4248a4
11269 1179c8c8f757a7f5
11270 0abdd04b73fd8e06
11271 8e467f16c7322fcf
11272 ed175856123a3448
11273 fe9f0edbd385e499
11274 c9084af7fe9cf9da
11275 cb00ff5e5c1c8233
11276 df2edf27f590432c
11277 8624def9d72aae7d
11278 8ef00a00e15a194e
11279 fd347493e08d9137
11280 4f85eb3974131190
11281 e30d33aa68b34b01
11282 ac751e619c62cda2
11283 67a62e329ee0c93b
11284 d8f32476f8997334
11285 4bfff7b46142f405
11286 0b747ccd0baf4656
11287 7960b7405245745f
11288 5a9cc93c5d1679d8
11289 5c8e08813f0e67e9
11290 fb7806d172503c2a
11291 5491148381f2d583
11292 8a65716ddcd374fc
11293 d356763c45a0bacd
11294 9dba01109c53675e
11295 5d8a5cc7f0ccfb07
11296 2f263a657b5fac60
11297 36dbbb85402f4991
11298 3ae76cb9b227dff2
11299 fea2175de0edcb0b
11300 a3b09d2b12cd3744
11301 d17d9fda00a94915
11302 584b008911ff4226
11303 daaad65fa144c7ef
11304 6b2f64369e6933e8
11305 0686d64c1d81ae39
11306 f3f7b5debdb1557a
11307 c0fdcd829ba8ef53
11308 e86f3f376d11aacc
11309 9453e74467fdd59d
11310 c418fdb6c828f9ee
11311 c8df510599ad0a57
11312 33a34d2529767330
11313 0fabe9310d7fb2a1
11314 e90f26cc23feca42
11315 2201c8f8833a5ddb
11316 48c9736ef7b89dd4
11317 98fa7f8c7a65e025
11318 ca656091f686fe76
11319 6be7a9bf9446db7f
11320 0bd70e2f5a9f3978
11321 1b367cd149f90c89
11322 bca12c9768b62e4a
11323 2f43672e90275723
11324 b79c25f5804a449c
11325 117b7cd3621f08ed
11326 263be30093e625fe
11327 d563326f92927027
11328 ee16bf8e3c229880
11329 61a98e35e432acb1
11330 bfee8f80ffac8712
11331 2c0cf06dccb5892b
11332 cb28da8b7e05c7e4
11333 ad09c724b8c39435
11334 b60a42b37d414d46
11335 b48b6cae3c2e9f0f
11336 c785563ca7cbf588
11337 c75ccccede6e10d9
11338 771461cb647a1e1a
11339 50f4f2e65d3a2173
11340 a6a74b97e327926c
11341 2d9eef8e4a9e86bd
11342 1b6a34c9f8f86d8e
11343 0080387e91ff0b77
11344 31c4912d294db0d0
11345 b8622593483bdb41
11346 ffc7ec0172ce7ce2
11347 ab7dc45b405d7d7b
11348 6999dee61533a174
11349 afb350c334059c45
11350 93b4f09a54be8b96
11351 b7cd7e2ace41199f
11352 fce0457f213b5f18
11353 f02fed9fe7484229
11354 e4608e7567f7b36a
11355 c63eae2b6d0e55c3
11356 2eb80efa46407f3c
11357 5755c646ef9fd20d
11358 94b449f32bd67f9e
11359 297a90f0bd96ab47
11360 53a5e4994a96b2a0
11361 ea356debc80579d1
11362 9523952ac82b6132
11363 1c4a95629ab3bc4b
11364 52f6de4d2e518a84
11365 e347f1c371b91655
11366 ea0fdceb6f9ac066
11367 3e39200b4edcbc2f
11368 81e9908f3d358e28
11369 f0972f10c1ea6e79
11370 dabd7b1a218bbbba
11371 4d36cd8048a40493
11372 26e8ce419fb1300c
11373 0eccd13ec7cb4cdd
11374 930f1c6a11e20a2e
11375 24b5120ff181d097
11376 d94b1a23041c1a70
11377 c0dcd3389c34d9e1
11378 3f04e42648c53782
11379 0993630a6959721b
11380 5569c3aff3514514
11381 c4911c62d5d42765
11382 26a9641d3c290bb6
11383 52f7ff9af0a518bf
11384 207d769d3e8a36b8
11385 437ea97c29ac4e33
11386 fdb4922d9a7b73d6
11387 2ff19bbdab89319f
11388 6742c99438cad018
11389 74319dc3c1afe019
11390 d63ded052b13aeaa
11391 389ffd7823abaa83
11392 bfb4c10e628fe1bc
11393 584cdadc3285332d
11394 4635d72fb5ff970e
11395 719c009bc4968427
11396 42a7ae4297bb0e00
11397 f80768e68abb4901
11398 9d4dbebd7efac852
11399 cc94260129113acb
11400 dfbee3de15610444
11401 10af905167a45995
11402 e1e83a05d3202489
11403 c9027cf5e9e2a078
11404 38879178c84f1caf
11405 c719220625d7b4c7
11406 e31441cb4a04734b
11407 0961ec016172bfbd
11408 2e6cb2649a335f69
11409 3930f169806edab2
11410 8e206d8925ce3104
11411 b8d487dedda861e3
11412 b5d6ce30e1ead9a2
11413 434f5b7420cada8f
11414 e10d9e6756180758
11415 7c75d4ee5b2263ce
11416 2308b628d5d20be9
11417 8b01752ccd624c4e
11418 f80b02a92cd47dff
11419 9f9d200dd3d827fc
11420 be1ff1139cf912f5
11421 8c2047a7fa8a9c9a
11422 2d022d78f6d3cb5b
11423 08202d1f4d02a388
11424 a216b6dd8c2fba01
11425 daa6ea908a503b26
11426 514921af6b27ee77
11427 06aed61f413e3554
11428 607853df91d5c26d
11429 630b6697a2874252
11430 d679ba86c5e4d3f3
11431 309da88efccf3c2f
11432 c48f28299818e10e
11433 106213bf84b08547
11434 2f8601979733b336
11435 ceca438d46336d75
11436 8dcae6996602b89c
11437 072cbfb13a147ffb
11438 978fb35265bcc43a
11439 458b345ee6bba659
11440 f193f1beee0879b0
11441 5383791d96fda0df
11442 de9b0ba4ac02f3be
11443 d50bec061800192d
11444 fd6da7196052fe14
11445 7377ca0629097a33
11446 10f6140f2b2febf2
11447 fa9a527996cf7eb1
11448 5093b749db103608
11449 ed5f9699bd00da37
11450 ba568ab78c91a016
11451 0de379dca4c39685
11452 76cabf96edc8d9ac
11453 3453cf8dd6d1410b
11454 171116cb67a830ca
11455 0ee8e2bee84bfa29
11456 0fd98eb97ab81000
11457 219a782c013f5daf
11458 9ff93c1de50c9d8e
11459 f6ad0876341d46bd
11460 b190cee96dbf4124
11461 72af5aef732fa603
11462 b714061207e927c2
11463 7dd8ceb0103ef501
11464 31de05c0cd8de758
11465 f3771565cf947c07
11466 a9e57d42ccfd8026
11467 45d2f39e7fff5e55
11468 893d1f2aab3582fc
11469 66b5bd6530581ddb
11470 df8aa70935c1cd1a
11471 e113f853f722ecb9
11472 171604263a4fd310
11473 788407e23df035bf
11474 4d21baa96630bd1e
11475 715401dcbcc5b90d
11476 7c6f9195c71eaa74
11477 3f096f399a2b3513
11478 46ae94b3d8e7ab52
11479 c8056d5545adc411
11480 896a56e9963fda68
11481 29193c2f5b7fa097
11482 0d4c9c30c3845df6
11483 16d90acf59ae61e5
11484 b9b364d0d469e08c
11485 3fa59fc285ec4a6b
11486 09d4a430f1f4e2aa
11487 1df01cd4c2ef6909
11488 f3e02a4e40c1c4e0
11489 f2e27eb9fce8d88f
11490 f6179cabb977916e
11491 27e5d11658e1451d
11492 0e36d0a45ffe8f04
11493 196ebf4eb52a98e3
11494 5641bb8373faa4a2
11495 75dfcf6077a21061
11496 1d63de541d704db8
11497 f6e4571ba3649de7
11498 5eb7168f5f862386
11499 018345f704f9f335
11500 abba192e8247495c
11501 d1ed2d57ee09d2bb
11502 90f76dfa82448ffa
11503 2eb179fffa24e819
11504 c0a888fbc716fe70
11505 aaaf8ece39b0159f
11506 97a83c2a281bc07e
11507 608edb4db57cd4ed
11508 c6d1ecc9596d53d4
11509 d73336eec65154f3
11510 b9d6d963567bbbb2
11511 c25d7211b9e2e971
11512 3e81ca9230fb93c8
11513 7be67c1a885184f7
11514 eef333d0958173d6
11515 7537b7cce7117345
11516 10c4e7ebc2c1ce6c
11517 1b40383bac093ecb
11518 c67dc1a4174ba28a
11519 6a3100f1a778dce9
11520 ab1bb43c8279f9c0
11521 e78dd9a1e3007b6f
11522 0f9d53bca3660f4e
11523 f1ee22135784df7d
11524 66966d01ecbac4e4
11525 cad08081aa0a9ac3
11526 1c82152be7fdd882
11527 cf53a32ca5faedc1
11528 073ec6046ea8df18
11529 ae3026247c59acc7
11530 6a60e6e959d4d7e6
11531 ae1aeed609b63315
11532 bd2c50c2f6127cbc
11533 8b85314ab9adc79b
11534 53b9bec5e54609da
11535 2630a7c2a0476379
11536 806d98b5101ca1d0
11537 63f89311eeeac27f
11538 3e8ad0fcf5fd70de
11539 2bc77ee849b21fcd
11540 8fe268509d496134
11541 93cd91ea262bfcd3
11542 3d44a4c88f517f12
11543 d523249a642e79d1
11544 afbab1dbce959428
11545 23c0e71af4f91957
11546 56ddad978e15e0b6
11547 756fe68560a937a5
11548 42dc975b78dfea4c
11549 5a57db80a724652b
11550 b4e5fbcb6e89666a
11551 42ff6be2761cc7c9
11552 ff4c223233214ca0
11553 5d879725f262d74f
11554 40b00cb2202b9d2e
11555 05ac62c7dbc575dd
11556 b0377eec42fbd0c4
11557 7e7511bb6fb123a3
11558 3a7cf0cee4598a62
11559 4db915af0a1b6521
11560 6344b92d91da9e78
11561 f87ca04835a53ba7
11562 a8a00e9ce4cbf046
11563 55cf9b1df076d4f5
11564 9e3495aa6a43941c
11565 25f27c612e27ff7b
11566 1c451183adb22dba
11567 d8aacb5d404bc5d9
11568 694f6e472a3c9130
11569 673db6499bfee65f
11570 ae7b7a9e3e7e2b3e
11571 fcdabc34950268ad
11572 ac4b246021693d94
11573 c6c26999456dcbb3
11574 c1dcb4af700e9372
11575 4572c85d48dcb431
11576 314a40dd66d71388
11577 df29a49b66c91bb7
11578 59d7eee5a117e196
11579 37d6c3b001f10205
11580 b46a01527a94152c
11581 cd75cefd8a09488b
11582 3722ebf09fb10c4a
11583 0763a1518feb4ca9
11584 06c370bd4d562e80
11585 e3190424d82ef02f
11586 3a449aaecdce720e
11587 1608b55e0c28033d
11588 cc9130208745b7a4
11589 3f62e3f26d292e83
11590 1127bbc5ead9fe42
11591 4a5b895287f3db81
11592 f7f96f274fcb81d8
11593 63281e8625261287
11594 91954c294c43a4a6
11595 5312bc4011939cd5
11596 2024380fe3d6837c
11597 4cea8d8a0653d65b
11598 b36b393f1308a99a
11599 1e903513b952e939
11600 30ea479812c2f190
11601 6608c4504dc3a03f
11602 667f66ff2ddd499e
11603 6abcca1c73d3318d
11604 83b4561ad5a6e8f4
11605 5c58dce8beb7f993
11606 05793913431f0fd2
11607 4e1d5a2ba9137e91
11608 8b72edc007ff28e8
11609 a94b4e115a103917
11610 1a30bfcd8a796276
11611 d487b6ddccdfd665
11612 c43e1061cbee1d0c
11613 a818f4d427758eeb
11614 c2d5108b3292a92a
11615 2142ddb2ef4ba189
11616 da55517e9e487160
11617 8aaccd181fbf910f
11618 45e2afc4a52a41ee
11619 2bef0c774c27a79d
11620 3b3b5b51f7179184
11621 b38d3e8526101763
11622 7b12b070d1735922
11623 3801eef593be46e1
11624 6e275c0a7afcde38
11625 86fe340a55307c67
11626 ed48f246f0e01806
11627 51038e1b6bc473b5
11628 d1cd89dd8961dddc
11629 2cc154338ab0f93b
11630 af100bcc29f9e47a
11631 1a535a5312fe2a99
11632 e104a8138045a8f0
11633 3af1069c294e381f
11634 7b56b92a322be4fe
11635 c23b633319649f6d
11636 596f64fd7f6c9c54
11637 f7e00254f3af5973
11638 35607cd946f33432
11639 0ac3ad658676dbf1
11640 cddee8914ff5d648
11641 d07922972f048177
11642 cbbe1908b9685456
11643 b8c5018334f6d1c5
11644 e709a4c09cf516ec
11645 ec8d90faa943c54b
11646 b03d2afea18a230a
11647 c92831c9ccda4169
11648 50b8f309e08c1840
11649 8a3dfa389d3991ef
11650 5dfe96d4aca2ebce
11651 33a07145b4362ffd
11652 99cfe4ea75ae4f64
11653 054b2e11bbd86b43
11654 c4c6e07c62756f02
11655 503ed795d797b841
11656 a1db5628e6d4bd98
11657 3fa2a1d9c134a547
11658 e04e03cddc108066
11659 879651876cff0b95
11660 059f850cb50ef33c
11661 cbbb87cce669a41b
11662 b2a0445aa072085a
11663 62d84f06074931f9
11664 3ee74fd005695850
11665 c0d6151143ef74ff
11666 57fe90edb5145d5e
11667 e8defd3588d0a24d
11668 b2a014993ca4bfb4
11669 b6e43d058809d553
11670 9238ffde07be4192
11671 fa1d0630593e6051
11672 99ac1f3ae3a358a8
11673 a0f3e363b400f3d7
11674 ba0835c290db9b36
11675 9182d4016bea3425
11676 da2dbd7458e5aacc
11677 aa054dccdb0237ab
11678 36736a81cd5468ea
11679 f68362f8737bea49
11680 cd07b9e11c29f320
11681 07f9f2c8406751cf
11682 67903154373563ae
11683 5d8481acf1581e5d
11684 ba5d2ed0d9f5c944
11685 a622fa9cfda10823
11686 aaf6b60bdb56b2e2
11687 62ef7d16e1484ba1
11688 513c4d6df42792f8
11689 e06ffc4da7d7f827
11690 3395b031bc2f52c6
11691 2a9ce90b56336d75
11692 859252941602b89c
11693 35ce8f9a80147ffb
11694 0deaef9a24bcc43a
11695 bdfcbda1c8bba659
11696 680b1798260879b0
11697 6fa361c348fda0df
11698 5cfe58492b02f3be
11699 033584e44900192d
11700 ef2e582fba52fe14
11701 b5a890f892097a33
11702 9ad3dd4e682febf2
11703 835ba13cf4cf7eb1
11704 84db10e478103608
11705 e4df692c9d00da37
11706 762e9f5d8691a016
11707 e5c7c27924c39685
11708 7b99f4e906c8d9ac
11709 14fdf5296cd1410b
11710 be27113b2ca830ca
11711 e9dbf619314bfa29
11712 059c7d43fcb81000
11713 76911349b33f5daf
11714 6a0069b4960c9d8e
11715 f3435e98a01d46bd
11716 3be6a2c379bf4124
11717 1e4c26e7752fa603
11718 b3e0e019dae927c2
11719 3854a755263ef501
11720 da0bcfc8bd8de758
11721 b28f056ee4947c07
11722 bddfd95b34fd8026
11723 05a214dbffff5e55
11724 784d132aeb3582fc
11725 618d96d63a581ddb
11726 635834dfc7c1cd1a
11727 722e9a224422ecb9
11728 1a2f52ad794fd310
11729 26060e3ebdf035bf
11730 d11a98ddff30bd1e
11731 499a7645e9c5b90d
11732 38c9546ade1eaa74
11733 fed9b938fe2b3513
11734 0855e16993e7ab52
11735 f7acea6e9dadc411
11736 1e3b09c72a3fda68
11737 0fce613c737fa097
11738 c9ae99b0c8845df6
11739 fdbed7bcc5ae61e5
11740 1a0a6e344b69e08c
11741 10d761e365ec4a6b
11742 f302373debf4e2aa
11743 338f0f146def6909
11744 a4c975594fc1c4e0
11745 70d8202dc9e8d88f
11746 27b3270f2d77916e
11747 85ba8eef60e1451d
11748 4257898966fe8f04
11749 a9a3be57702a98e3
11750 dd6323cfe7faa4a2
11751 36e17b913aa21061
11752 1b0d70aa50704db8
11753 1c2724939f649de7
11754 4f553edae3862386
11755 d7623b8b64f9f335
11756 433cdef9aa47495c
11757 d4caf8631409d2bb
11758 5f3f68b300448ffa
11759 3b0b286d0f24e819
11760 d424efb6d016fe70
11761 dd9d69828fb0159f
11762 a66057ffea1bc07e
11763 934e0cc6997cd4ed
11764 f3bf73d4e96d53d4
11765 11ee1b55f05154f3
11766 9ceff318dc7bbbb2
11767 b1c2faf529e2e971
11768 3f6e6a161ffb93c8
11769 289e1d8c8d5184f7
11770 f0329db3a18173d6
11771 27adaa630e117345
11772 fdee450d40c1ce6c
11773 649c4a8264093ecb
11774 ce358ecff44ba28a
11775 b6b55c4c7a78dce9
11776 1bef0be3bd79f9c0
11777 7fec57fae9007b6f
11778 7a99f255e5660f4e
11779 e03d09e50884df7d
11780 18d64a7a05bac4e4
11781 51368828b90a9ac3
11782 60ffec3bc5fdd882
11783 c4382e1921faedc1
11784 014c044802a8df18
11785 202636b33859acc7
11786 83d4a0a659d4d7e6
11787 f61c72a31ab63315
11788 961e053252127cbc
11789 0cf9f50dadadc79b
11790 19b6ae450f4609da
11791 a93b72c19c476379
11792 6006a508681ca1d0
11793 0322a07da6eac27f
11794 7885a9bcc4fd70de
11795 bf8371a5c2b21fcd
11796 ab62ecf2ff496134
11797 fcebc0a8b02bfcd3
11798 dec1f64cf5517f12
11799 51f6aad7f42e79d1
11800 d4c55ff009959428
11801 2421217b37f91957
11802 88c002d61015e0b6
11803 b5cf754e68a937a5
11804 eaa91ba224dfea4c
11805 35ec7b900924652b
11806 18f75d825089666a
11807 0f78c998051cc7c9
11808 4febafc95c214ca0
11809 902359f64762d74f
11810 5c94b2a4322b9d2e
11811 96b9fc4e76c575dd
11812 c7d67e5bbcfbd0c4
11813 bd4f3b12aeb123a3
11814 e787475f02598a62
11815 ab1f25e4c91b6521
11816 8ce1795317da9e78
11817 a2a2a3236fa53ba7
11818 d932418c82cbf046
11819 08df787e2a76d4f5
11820 e333fca08e43941c
11821 459d2f87bb27ff7b
11822 b40e483a4bb22dba
11823 3d2827c8284bc5d9
11824 613723515b3c9130
11825 d68c0018bdfee65f
11826 d0659b2af97e2b3e
11827 d224f125cc0268ad
11828 4cbed99620693d94
11829 9e84cce2fd6dcbb3
11830 de845f4cf90e9372
11831 30315f0906dcb431
11832 0b3ba63adbd71388
11833 a6958321dfc91bb7
11834 fc36edfa5517e196
11835 ec1d12f69cf10205
11836 fc3b3fd6c594152c
11837 a2e1ea12a309488b
11838 ba936a07f4b10c4a
11839 75c65327b6eb4ca9
11840 bddd679847562e80
11841 c38105305b2ef02f
11842 6aa89905abce720e
11843 47000bc72828033d
11844 ca5f37f93e45b7a4
11845 84d6409bcc292e83
11846 12c7a48a0bd9fe42
11847 5dcc4abd18f3db81
11848 f46a6a7128cb81d8
11849 3b497b0925261287
11850 f45406891743a4a6
11851 76268a51d0939cd5
11852 e62fc67401d6837c
11853 1dc888cbe553d65b
11854 53f0113d4c08a99a
11855 d6c60bbd1c52e939
11856 9f708aa28dc2f190
11857 dbfa39fff0c3a03f
11858 02f6a19198dd499e
11859 b00ee7eefbd3318d
11860 b4c1e724d4a6e8f4
11861 1eb3376ceab7f993
11862 e5056cf53c1f0fd2
11863 6cb3c6ed7c137e91
11864 83114f3310ff28e8
11865 f5d00ba650103917
11866 26cfb056e4796276
11867 3d39aaaf37dfd665
11868 094983da85ee1d0c
11869 e79f2dfe3e758eeb
11870 9bc0af44c392a92a
11871 4f137f3b414ba189
11872 4c5ea2d97e487160
11873 3a25070a10bf910f
11874 67ab1758822a41ee
11875 32a4f49c9227a79d
11876 5be6b6eb2d179184
11877 b45a9c7bca101763
11878 599df3f36d735922
11879 38078a9d85be46e1
11880 9f84448a78fcde38
11881 45bd6c45bb307c67
11882 c284de02b2e01806
11883 df21078187c473b5
11884 9b508e416b61dddc
11885 594f69e8f0b0f93b
11886 baa17040e3f9e47a
11887 5bff21b73afe2a99
11888 86facd2fbb45a8f0
11889 7b91edf6834e381f
11890 a88f2358322be4fe
11891 3bae94d057649f6d
11892 9dc69fdfff6c9c54
11893 561d3ee592af5973
11894 57ea60d772f33432
11895 4f8efd783c76dbf1
11896 cb209aaeb6f5d648
11897 e1ddc70d89048177
11898 f7ec303fb0685456
11899 25445cc999f6d1c5
11900 dce1737c95f516ec
11901 5c15ff66a043c54b
11902 55adcf364d8a230a
11903 06e583e6dfda4169
11904 bab9b70c6d8c1840
11905 2e4e7875de3991ef
11906 e4f00f7024a2ebce
11907 dd450da02a362ffd
11908 2a1ccf71a2ae4f64
11909 434b4f7ec5d86b43
11910 df36a05151756f02
11911 eb1debe5d497b841
11912 3037f6bf61d4bd98
11913 25cd3de9e134a547
11914 6e55652a8b108066
11915 59f3cb0c6cff0b95
11916 9b493f09730ef33c
11917 34cbbc9eda69a41b
11918 b435569bae72085a
11919 0397cb904f4931f9
11920 49d67b66c5695850
11921 99d24850caef74ff
11922 0a78e81198145d5e
11923 5fb5ec4c33d0a24d
11924 b5a63342e4a4bfb4
11925 a61c4f516409d553
11926 9833f4e352be4192
11927 8d5e07e3b13e6051
11928 cc27c9b0b7a358a8
11929 6918a8df1700f3d7
11930 743d971959db9b36
11931 d8026be948ea3425
11932 e36792770be5aacc
11933 5ff9b9b6af0237ab
11934 b79134d8715468ea
11935 9631fbee457bea49
11936 d6e322a0c929f320
11937 2403d877e16751cf
11938 65259b867a3563ae
11939 979fe1750b581e5d
11940 f4c4aee3c8f5c944
11941 2f8c114982a10823
11942 ae0076cb0556b2e2
11943 ce8e51c0ce484ba1
11944 af43e275b42792f8
11945 9f910369e8d7f827
11946 26704b434e2f52c6
11947 597ca7c7f3336d75
11948 c7a4b367e302b89c
11949 6d19a87959147ffb
11950 58a49ac9b2bcc43a
11951 d6b4018f21bba659
11952 290c41ed180879b0
11953 d856dd189afda0df
11954 012cd939c002f3be
11955 52b44f1c9100192d
11956 6d5f596b4252fe14
11957 b9cfdc656b097a33
11958 ad7717b5732febf2
11959 bbe4508b16cf7eb1
11960 ba5a10f1f1103608
11961 5bb29908c200da37
11962 d50c8ca7ea91a016
11963 5a3e6d1836c39685
11964 1464c18df5c8d9ac
11965 5affcdf4ded1410b
11966 a7e5355580a830ca
11967 557c71ad714bfa29
11968 2d3f50762db81000
11969 d8fc8b91933f5daf
11970 6728df426c0c9d8e
11971 4fbfd6ce221d46bd
11972 21081e3944bf4124
11973 56f587b2412fa603
11974 71e3a03eb1e927c2
11975 1c07e37c2e3ef501
11976 fbdbb3ddb58de758
11977 c1ec611af8947c07
11978 02d6062149fd8026
11979 4d485daefeff5e55
11980 5c5201395e3582fc
11981 16bff1d650581ddb
11982 932f3b6b2bc1cd1a
11983 7d952761af22ecb9
11984 60e22a96064fd310
11985 fe73076d85f035bf
11986 3fede3708c30bd1e
11987 24ef5d0d59c5b90d
11988 5bff69b0991eaa74
11989 86d7d6a3032b3513
11990 d6503efb7ee7ab52
11991 3eafc6caa0adc411
11992 b0a2d93c2d3fda68
11993 4a559cea4b7fa097
11994 175458f00c845df6
11995 0db45ee44fae61e5
11996 be215517bc69e08c
11997 971d1ae1b0ec4a6b
11998 8c6660583ef4e2aa
11999 3c4f3aacc9ef6909
12000 3322632189c1c4e0
12001 d4c4cd5427e8d88f
12002 9234581d9477916e
12003 79fe44d61ee1451d
12004 98a960100bfe8f04
12005 e40350434f2a98e3
12006 9a951a6393faa4a2
12007 eb47c928b4a21061
12008 ce776263a7704db8
12009 d0c0170530649de7
12010 2712d19206862386
12011 33ca50bce4f9f335
12012 2179dc273c47495c
12013 f914f182ac09d2bb
12014 f5f0f9d446448ffa
12015 aa7a810dbf24e819
12016 7e58c06be016fe70
12017 5156bbe475b0159f
12018 d0f854767f1bc07e
12019 24692093757cd4ed
12020 c960fad2ae6d53d4
12021 8537d0bd665154f3
12022 28001bedcd7bbbb2
12023 a55311608de2e971
12024 1ef4b4de6bfb93c8
12025 e6016fda3a5184f7
12026 681cbd7fea8173d6
12027 062779b67d117345
12028 0e849f3782c1ce6c
12029 710132988b093ecb
12030 f7f57979cd4ba28a
12031 f243f0f69278dce9
12032 c0acf97e9579f9c0
12033 40f5c622c9007b6f
12034 249604c0be660f4e
12035 380eb3d95984df7d
12036 393763dbedbac4e4
12037 c34984738e0a9ac3
12038 b945ca26d8fdd882
12039 5fcbc274fbfaedc1
12040 5464a73da9a8df18
12041 7921a74b6459acc7
12042 0ef1abd11fd4d7e6
12043 499906f938b63315
12044 24d34bcdbb127cbc
12045 f05145700badc79b
12046 cbb34b6ae14609da
12047 c3f9ba92cd476379
12048 97a02d86f71ca1d0
12049 907ef94fd7eac27f
12050 5c8ef70dcefd70de
12051 b4df66447fb21fcd
12052 fc28e43297496134
12053 6a0890cbc62bfcd3
12054 5fba9dae02517f12
12055 213c08cc982e79d1
12056 d1f5773070959428
12057 d5ae92bb8ef91957
12058 b62201352d15e0b6
12059 8ebd7ce085a937a5
12060 edaa9503ffdfea4c
12061 2829d1b54c24652b
12062 06751e797889666a
12063 cabca374604f6adf
12064 73f1a4c025328229
12065 b959fbbdab1ee68e
12066 5154efe01d84ad3f
12067 b6d0635bc8a1913c
12068 ec63c1a7a9bd1b35
12069 d59ab411923d18da
12070 f9fc493c019f309b
12071 6188446692b8cd18
12072 8ed2be6de4437c51
12073 c1cd78308ff1b636
12074 8f13fcfd57bb8d07
12075 d3be7fdd86d46464
12076 389421e4d8a870fd
12077 9a4dd058b16db6a2
12078 ec6961f8153a7003
12079 69451d8e345554cf
12080 ad4313725da915ae
12081 b9fb675e03e33109
12082 99525966951a9090
12083 4e388cb1b327ea56
12084 fd88cd57ca76dda8
12085 01ed6dd954b6028e
12086 cd337018bd0a886a
12087 fb21ffeeba0c0cd5
12088 0161dfd7174632ec
12089 a4d62267783f9a97
12090 334066e910a8cdfe
12091 b92a99d6fd3bfc99
12092 4554e9479eea5310
12093 989783d8a69ad89b
12094 30f7817dda2ff462
12095 63ecef31b0b8808d
12096 82b67632f9863764
12097 75ba119063c04ed7
12098 e98a353ff2e4623e
12099 827d33a065deb5d9
12100 9f62519700b44b1f
12101 847ec48c92360184
12102 31a9a89b3d968205
12103 03c864d2b34b31ba
12104 0fc4abc1e56e4cbb
12105 aad283a6caacfbd0
12106 965407899ec4bdd1
12107 5fb8a5efd4f0d9f6
12108 fa614aa71deb7b37
12109 a9f7d12445e2a26c
12110 bcca0df6e892bf6d
12111 9829f704dd5da722
12112 323f9ca124dbd523
12113 14a964a3359c5618
12114 b85343d9cbc862f9
12115 fccd2854b33fe75e
12116 d295a6f6b92e33ff
12117 b6d6ec2f5171f1e4
12118 e25e0fb5383956e5
12119 a6620f84e085df1a
12120 6e5baa71c3a25f9b
END 12120
