1 cc3f4c7ba4e552bd
2 cc3f4c7ba4e552bd
3 cc3f4c7ba4e552bd
4 cc3f4c7ba4e552bd
5 cc3f4c7ba4e552bd
6 cc3f4c7ba4e552bd
7 cc3f4c7ba4e552bd
8 cc3f4c7ba4e552bd
9 cc3f4c7ba4e552bd
10 cc3f4c7ba4e552bd
11 cc3f4c7ba4e552bd
12 f30dfa61d8621222
13 cc3f4c7ba4e552bd
14 cc3f4c7ba4e552bd
15 44f3877ba4e552bd
16 cc3f4c7ba4e552bd
17 a465b5afef1b5358
18 cc3f4c7ba4e552bd
19 cc3f4c7ba4e552bd
20 cc3f4c7ba4e552bd
21 cc3f4c7ba4e552bd
22 cc3f4c7ba4e552bd
23 cc3f4c7ba4e552bd
24 cc3f4c7ba4e552bd
25 cc3f4c7ba4e552bd
26 cc3f4c7ba4e552bd
27 cc3f4c7ba4e552bd
28 cc3f4c7ba4e552bd
29 cc3f4c7ba4e552bd
30 cc3f4c7ba4e552bd
31 cc3f4c7ba4e552bd
32 cc3f4c7ba4e552bd
33 cc3f4c7ba4e552bd
34 cc3f4c7ba4e552bd
35 cc3f4c7ba4e552bd
36 cc3f4c7ba4e552bd
37 cc3f4c7ba4e552bd
38 cc3f4c7ba4e552bd
39 cc3f4c7ba4e552bd
40 cc3f4c7ba4e552bd
41 cc3f4c7ba4e552bd
42 cc3f4c7ba4e552bd
43 cc3f4c7ba4e552bd
44 cc3f4c7ba4e552bd
45 cc3f4c7ba4e552bd
46 cc3f4c7ba4e552bd
47 cc3f4c7ba4e552bd
48 cc3f4c7ba4e552bd
49 cc3f4c7ba4e552bd
50 cc3f4c7ba4e552bd
51 cc3f4c7ba4e552bd
52 cc3f4c7ba4e552bd
53 cc3f4c7ba4e552bd
54 cc3f4c7ba4e552bd
55 cc3f4c7ba4e552bd
56 cc3f4c7ba4e552bd
57 cc3f4c7ba4e552bd
58 cc3f4c7ba4e552bd
59 cc3f4c7ba4e552bd
60 cc3f4c7ba4e552bd
61 cc3f4c7ba4e552bd
62 cc3f4c7ba4e552bd
63 cc3f4c7ba4e552bd
64 cc3f4c7ba4e552bd
65 cc3f4c7ba4e552bd
66 cc3f4c7ba4e552bd
67 cc3f4c7ba4e552bd
68 cc3f4c7ba4e552bd
69 cc3f4c7ba4e552bd
70 cc3f4c7ba4e552bd
71 cc3f4c7ba4e552bd
72 cc3f4c7ba4e552bd
73 2cd1db70413e21c9
74 68595622ba5026df
75 cb24c151a6ecc235
76 d2339de50ac985e8
77 d2339de50ac985e8
78 d2339de50ac985e8
79 d2339de50ac985e8
80 d2339de50ac985e8
81 d2339de50ac985e8
82 d2339de50ac985e8
83 d2339de50ac985e8
84 d2339de50ac985e8
85 d2339de50ac985e8
86 d2339de50ac985e8
87 d2339de50ac985e8
88 d2339de50ac985e8
89 d2339de50ac985e8
90 d2339de50ac985e8
91 c32bd3d6f11d9754
92 1a97765eb25e4068
93 cba81c17f1d19b38
94 b75e5338631c6572
95 6906f2709bb4aa78
96 ad98a65b9db521bf
97 a3e6cced7a05c713
98 d5ec949c6c3cc713
99 fb48e67b3ce7c713
100 137aa8922b56c713
101 105ed4d1bda9c713
102 e000abda01f0c713
103 cf7aa5dd0d8bc713
104 7b9b37febfaac713
105 c6b27fe6493dc713
106 8108ee7990f4c713
107 e773dfe59bbfc713
108 4dea34aaf1aec713
109 674b617599a1c713
110 61f0b69465e8c713
111 629767d77c63c713
112 870939d97d22c713
113 54fa1426c6f5c713
114 1a079cf2a8ecc713
115 766547dba357c713
116 9956953df886c713
117 3e9aeb6824d9c713
118 445be322fc20c713
119 be53735bf03bc713
120 25910ee3359ac713
121 4fe5fddded6dc713
122 3bf2d66d4464c713
123 4cc8eab16fafc713
124 4173b91338dec713
125 5f4f2660b751c713
126 3db890d282d8c713
127 a2b9e385b993c713
128 54399c78d392c713
129 489462a62fe5c713
130 1ba17dbff29cc713
131 1278386b2a47c713
132 56fa3dd92836c713
133 8e513bccb689c713
134 3d890d68add0c713
135 af537cff326bc713
136 74084ccb770ac713
137 3e09dcf6601dc713
138 527b9a279854c713
139 787dc031999fc713
140 986bc619ca0ec713
141 23f5508a7681c713
142 e870aa72a048c713
143 82f8f8b5d8c3c713
144 1e13d0f20302c713
145 fd7bcf824855c713
146 1ef524d691ccc713
147 ef7380c209b7c713
148 f371858112e6c713
149 05609982e2b9c713
150 c23bd05c6200c713
151 122dd65b9f1bc713
152 00337f3beb7ac713
153 c484b91177cdc713
154 5489f0dad844c713
155 01cf33e2b88fc713
156 805a40f843bec713
157 d1d8147e9a31c713
158 0ed49a4e25b8c713
159 238f4e961f73c713
160 a5b7f95706f2c713
161 bee3a48d6645c713
162 643d89e8497cc713
163 5811fa845927c713
164 f91278eaca96c713
165 e46e1371e5e9c713
166 7f441eccfc30c713
167 6ef24c8edacbc713
168 0b709d40aceac713
169 a37c3cbd3d7dc713
170 ec04c5060e34c713
171 ca87d28b8dffc713
172 9bd6289228eec713
173 a3e4571f4de1c713
174 ec90edddb628c713
175 90b71f5c50a3c713
176 a74f435b1262c713
177 b0a90cd9b735c713
178 eccb0b96cd2cc713
179 8556be695197c713
180 a0ca7d7a71c6c713
181 450211d4a919c713
182 5ba417d8f860c713
183 34825e46e67bc713
184 f77f37f673dac713
185 6faf9c440eadc713
186 b0cd187c02a4c713
187 f936e5ecfcefc713
188 33cc12ac801ec713
189 4db8c4562391c713
190 7db8b0e70a18c713
191 4ec1063e9dd3c713
192 9b83419563d2c713
193 de3d8c9de325c713
194 5cb08c231edcc713
195 737a7661b487c713
196 b4e6075ff776c713
197 3c181fbbc2c9c713
198 9fd1850bee10c713
199 859b17efefabc713
200 33e76bc3f34ac713
201 ca63e77e3c5dc713
202 a888bebcb594c713
203 4397c97e06dfc713
204 fa0fcd6b644ec713
205 eecbc22258c1c713
206 73164bd62688c713
207 fa815e2ad403c713
208 fb09594d2342c713
209 9505d8e93f95c713
210 352ddfe9320cc713
211 a12b32f7a5f7c713
212 2772e08ac926c713
213 cf29415f26f9c713
214 e3f2de462c40c713
215 8f6f8d3cf95bc713
216 bc015b0766bac713
217 b22545b5800dc713
218 bb02c9513e84c713
219 bdb1f16885cfc713
220 9b959a0399fec713
221 81f0570f7d71c713
222 cc09cb2f98f8c713
223 cc08b09880b3c713
224 934ed9b6ab32c713
225 1e98a7e36a85c713
226 9a56edca5fbcc713
227 94429b20da67c713
228 6d0eab9a58d6c713
229 37822778c529c713
230 20d32d149770c713
231 9d12c41d0d0bc713
232 2bc27c75c52ac713
233 a41e488e58bdc713
234 2ff88a658274c713
235 a9b7eae89d3fc713
236 e20cf794c12ec713
237 b4498bd17521c713
238 70389865b368c713
239 1ccfd6d369e3c713
240 f833bcef92a2c713
241 eee21acae675c713
242 7a1e7211146cc713
243 7da6fdbcdcd7c713
244 f38e0357d406c713
245 b7e61ffc0659c713
246 0bea43b127a0c713
247 472bd64391bbc713
248 c4a7117a831ac713
249 177b212996edc713
250 900c12fa35e4c713
251 d459ab9bbb2fc713
252 c0d0800c865ec713
253 61a4f1fc1ad1c713
254 a3ee4be37458c713
255 6071f2cecd13c713
256 9eaf6568cf12c713
257 45db986e4d65c713
258 5c309844ca1cc713
259 6bf4cda03bc7c713
260 76eacf53d3b6c713
261 42a7e68eb609c713
262 69be6482f350c713
263 6e9c9aa8a1ebc713
264 ab1d8fae768ac713
265 3552c100119dc713
266 55ed86a90fd4c713
267 6d13eea1bf1fc713
268 e4645f5dd98ec713
269 3a2af5052601c713
270 b6f657a1f9c8c713
271 913355a41c43c713
272 c885e01a1882c713
273 7c7bbe0411d5c713
274 d3d216c2434cc713
275 43cb81cc3937c713
276 8f7ca9d4ee66c713
277 d12c46f59ce940ed
278 58f4e9f367f1f24d
279 ab074833c47cce47
280 96b1c2764841ce47
281 251c728bf742ce47
282 b6fe9715d987ce47
283 9107f65ab9d0ce47
284 96ef78ca71b5ce47
285 eacaada4b3b6ce47
286 45368a1af02bce47
287 fdeea5c36df4ce47
288 e3c407ae2b19ce47
289 3500d38c511ace47
290 9bbcf113093fce47
291 a3805615ffe8ce47
292 9022c8bd27cdce47
293 be7d75ff0beece47
294 a5710ebc7863ce47
295 90ed03e5788cce47
296 c62390cb4511ce47
297 6b5a8d7b4812ce47
298 fb2053b62257ce47
299 42ad14213aa0ce47
300 b3887f28a2c5ce47
301 bc821cede96d6277
302 0db846321bca5277
303 11b53df6c8df5277
304 ce6669c989205277
305 79eda676e2f55277
306 115c606e6e2e5277
307 c253bafce244ca5f
308 365a1fc7cf75814f
309 36c28d2bd502814f
310 6a8e76615c23814f
311 7b4079239cc0814f
312 30e390349a99814f
313 c5d2aa5c6296814f
314 2b94494d7887814f
315 3b6aaebef0a4814f
316 6d7ef91b063d814f
317 cccd5a48e1ba814f
318 f9ca8196aafb814f
319 c45603a00158814f
320 e7313f76fa11814f
321 3e17985e54ae814f
322 17b055bb1c5f814f
323 7f0705e21e3c814f
324 0497cefe4eb5814f
325 8ff5dc864612814f
326 64910c6f6873814f
327 277261913050814f
328 3992c67f9a29814f
329 9947f9efd726814f
330 d885e0451b97814f
331 bcadf05cc3f4814f
332 7a8b46110e8d814f
333 25cb7714e08a814f
334 868aca95170b814f
335 70557cc9a2a8814f
336 4cc92e8ebda1814f
337 d3049338f9be814f
338 49538c38666f814f
339 78b79a28ef4c814f
340 f30a07d15c0c814f
341 ece903bcd943814f
342 94cef611e2a2814f
343 7cbd66f12119814f
344 cf033e775980814f
345 7a2f8733be47814f
346 e31d7f79b196814f
347 c3ed3334e2bd814f
348 be78cdbe62e4814f
349 1b11b575687b814f
350 b9e00a0b19fa814f
351 4d6e6bfa1a71814f
352 8b2fbaee2db8814f
353 57f9ad618c7f814f
354 3be250c5924e814f
355 b488726f7d55814f
356 408131e8c25c814f
357 03afcaca2153814f
358 1238f1fd7172814f
359 b9b17a0a0aa9814f
360 55ac4fbdd090814f
361 8992e0ab7f17814f
362 fd0bedc22f66814f
363 f7de43919f4d814f
364 24a5d597f5f4814f
365 b3f9bf8b6ecb814f
366 108592fe960a814f
367 c3e393fd7e41814f
368 0aa725af2948814f
369 1f79757fb68f814f
370 8cb39bd3dfde814f
371 94c1384dc325814f
372 24fee80639ac814f
373 150e0840ea63814f
374 a4dd6f9fff42814f
375 6ad87e223a39814f
376 a9961bd305a0814f
377 5e3919a2b1e7814f
378 5b3b56d9aeb6814f
379 4c1b41534add814f
380 22baa5e67f84814f
381 7059a130aa1b814f
382 a82eb5508e1a814f
383 46b9638b2791814f
384 dbabd098cc58814f
385 49f797197a9f814f
386 a5a03e8502ee814f
387 c42093055ff5814f
388 08e7ac40b57c814f
389 8d3316d224f3814f
390 9848e813d512814f
391 018f830efd49814f
392 d2b9f7ccd1b0814f
393 1ae87449fb37814f
394 db28ede2ef06814f
395 aad12fb98a6d814f
396 da0cb9058994814f
397 c5d43dbc97eb814f
398 d2701978c72a814f
399 04dec2ec4ee1814f
400 8c5da62947e8814f
401 150b465e38af814f
402 c3e8526088fe814f
403 ca716014d145814f
404 3e706e7ec64c814f
405 d99d7973c883814f
406 8898a5d4e1e2814f
407 d26ef97c0e59814f
408 2c1d247d49c0814f
409 2e64fb298887814f
410 796a18f40cd6814f
411 37bb47f110fd814f
412 538a3bab1c24814f
413 422ce2fb69bb814f
414 f99d68d4b33a814f
415 6310a5d939b1814f
416 21ab44d09ef8814f
417 d3e0a7254ebf814f
418 e57d3f73c68e814f
419 1d957ba3e895814f
420 b717c4c5b99c814f
421 63e5c1ac6a93814f
422 a91dfbdb32b2814f
423 b6115ae2aae9814f
424 f90137af39d0814f
425 ed45b3604957814f
426 daa6289d4da6814f
427 56c2e9525a8d814f
428 86e671902b34814f
429 02ff2485ef0b814f
430 f558c308cc4a814f
431 2ffec9ce3e81814f
432 fe832eb05788814f
433 443e822936cf814f
434 961fb0c0c41e814f
435 30bdffe3dc65814f
436 20d1de0715ec814f
437 95816a73e2a3814f
438 607e7ecbe182814f
439 561cd8b63379814f
440 ca733bd5d4e0814f
441 1ba6fa5b8f27814f
442 78a71ab74af6814f
443 ab8d9dcda91d814f
444 9995a8982ac4814f
445 81700256cc5b814f
446 32fbef8d715a814f
447 800d738994d1814f
448 0015ea3d8d98814f
449 15c9ac6fcddf814f
450 05273c521e2e814f
451 be083b64e635814f
452 9195180ecfbc814f
453 998289b53833814f
454 cf7cefaeeb52814f
455 a6b36df82889814f
456 c2163951fef0814f
457 ec52f6530777814f
458 0bf0298f1e46814f
459 91c58facb4974628
460 f569fdb00cb40ebb
461 ba85a99f39af1d09
462 70399dee885091a2
463 92e0c037684f8a72
464 ac10ba2e3f7a905f
465 8cde89d777d3c859
466 99b8c7a14a95bd8d
467 21de6e3fccc695dd
468 ea726a5accc695dd
469 c7a59e724c61e69a
470 e7969aea83de3d50
471 e83af6a96ec8f8b0
472 f3774912bbc8f8b0
473 1f925fd64ec8f8b0
474 c932af87bcc8f8b0
475 60041183fec8f8b0
476 af3de76f01c8f8b0
477 ec09c19f9fc8f8b0
478 1c3ec4f993c8f8b0
479 6d4f5eceb4c8f8b0
480 6c5430c7a6d77730
481 ad4a4e32b7d77730
482 3471db0a6fd77730
483 af19ffec27d77730
484 5289766736d77730
485 ab22e0881ad77730
486 e51a981b5fd77730
487 36051d2222d77730
488 09841e6876d77730
489 196b92bcd2d77730
490 717d513a88d77730
491 08cd14f7a3d77730
492 2dd5d316b4d77730
493 3206bb848ad77730
494 123bc9802fd77730
495 be20793101d77730
496 bad8fa67b3d77730
497 92b0594ff1d77730
498 854e817e36d77730
499 77c93f51f9d77730
500 da42783d9bd77730
501 6b4182225ad77730
502 6afba7d2858ef1b0
503 db259b48fb8ef1b0
504 257e61606f8ef1b0
505 8d2f9dbe81d77730
506 f2ea6afb7ed77730
507 113d6ef9399058b0
508 8527764fc39058b0
509 928d0ff4929058b0
510 1ddf544a48d77730
511 7a42b5e371d77730
512 3c3df20b2fd77730
513 80f4dd1d27d77730
514 3b085841f6d77730
515 6bb5cb8722d77730
516 60ecbb33efd77730
517 b3973ef329d77730
518 fa9e7ce49ed77730
519 43233a4953d77730
520 5b4459a4b4d77730
521 972d682f1ad77730
522 c8740a351fd77730
523 9f6532be81d77730
524 3d3ff9e6ded77730
525 f24f477cb2d77730
526 418ae4aaced77730
527 9cd7632063d77730
528 e2c8d2d93bd77730
529 2140316a69d77730
530 9c96402408d77730
531 5dd9a122e9d77730
532 656828d56fd77730
533 9cb8cc1749d77730
534 4fe3f2eb2ed77730
535 dd51eb8319d77730
536 d2d585957fd77730
537 91c25db499d77730
538 06a63d9f988ef1b0
539 481b185a9e8ef1b0
540 42c4383d5c8ef1b0
541 dbf714101ad77730
542 e58302ba66d77730
543 cbee5607719058b0
544 10381e7d579058b0
545 42854ab7d99058b0
546 acd5617b44d77730
547 3b3b8a4547d77730
548 b2370b482fd77730
549 9b2fc3e8a2d77730
550 65c9d92e38d77730
551 2c94cc491ad77730
552 ca31e7907cd77730
553 693f8d0e27d77730
554 09fdbe42efd77730
555 aed14eacc9d77730
556 589d7e1d2ed77730
557 44a70ea5f3d77730
558 4036620b0ed77730
559 17608d39a9d77730
560 83058404c8d77730
561 e5474ba7cad77730
562 bada7e16bed77730
563 654e06c512d77730
564 f01363225bd77730
565 b08aed4d99d77730
566 a8dafc4986d77730
567 6f4e5f0227d77730
568 a8449f5b08d77730
569 270ade3b29d77730
570 fa9af79976d77730
571 fb63a9c027d77730
572 85fa47415fd77730
573 9a5aba2fe7d77730
574 77a4b8f1818ef1b0
575 4731fdd2988ef1b0
576 70c2df0a858ef1b0
577 3e4ff57b57d77730
578 dd893c72c8d77730
579 5d0f8bb6b49058b0
580 22a2b9b0d79058b0
581 bd79a0360e9058b0
582 f3b25155eed77730
583 74b3200b59d77730
584 2a088d1786d77730
585 9c0b5cca12d77730
586 0019463a7fd77730
587 6c27ef6df9d77730
588 647406be4ed77730
589 06f6c7c40ad77730
590 e793b68be3d77730
591 8ddb3a4c52d77730
592 4208d2c1b4d77730
593 cc28f3721ad77730
594 b2fe64fdf8d77730
595 7ec1fbfc72d77730
596 babef417fed77730
597 0878747ecad77730
598 c72ad2418cd77730
599 e3497053f2d77730
600 6c66563908d77730
601 bfdaa1ea69d77730
602 ea2c293408d77730
603 6a77649ae9d77730
604 de8fe64f88d77730
605 ad91c1848ad77730
606 be5e5ef0ccd77730
607 d51f89e731d77730
608 d2010ce33bc8f8b0
609 b14a6d33efc8f8b0
610 4fd54353db706830
611 6ce3c26b03706830
612 8c85f64f4a706830
613 57446393a0c8f8b0
614 d6cc15ffb9c8f8b0
615 4d49d906bbb65730
616 e434a2b258b65730
617 c863212f65b65730
618 7a57024eebc8f8b0
619 5715fca463d77730
620 226cfaea6ed77730
621 2fc27b67b9d77730
622 3850b1da38d77730
623 1af3609bf3d77730
624 2fe434210ed77730
625 c9538cd74ad77730
626 1b6449a67ed77730
627 0735f169f1d77730
628 541070cd46d77730
629 7264584de9d77730
630 d03f8eb13ed77730
631 58d017df79d77730
632 38229764b8d77730
633 79173e0bf9d77730
634 017e33fc66d77730
635 119dfe4ba7d77730
636 b4c3d6f508d77730
637 9bfeadff63d77730
638 1e437b7fcbd77730
639 5122544c8ad77730
640 d194f99becd77730
641 869a246aa7d77730
642 352c5d6dffd77730
643 322b80ca5ad77730
644 07269cad5fd77730
645 9fd2f22e71d77730
646 7a869485e78ef1b0
647 d00761dc988ef1b0
648 7d1e8474878ef1b0
649 25a26da991d77730
650 115407ac36d77730
651 f69ef330819058b0
652 d82f30ec1d9058b0
653 0b2267aa749058b0
654 87ea943c4bd77730
655 d745d89769d77730
656 41451a2f76d77730
657 1784c1fb17d77730
658 227e5ea17fd77730
659 78cb71dd47d77730
660 24add14066d77730
661 6259fbfb29d77730
662 4245f0669ed77730
663 efb3cb2fbad77730
664 21bea3c93cd77730
665 ea5423c251d77730
666 2388408d53d77730
667 130a03b70bd77730
668 cacaf0b2a3d77730
669 459fb55772d77730
670 c07e57e2cbd77730
671 36bb835fbad77730
672 5160290a5cd77730
673 95d4a76e01d77730
674 81bffd0db3d77730
675 b0c907bf0bd77730
676 0a020884ccd77730
677 2dcb6ae272d77730
678 234429a576d77730
679 fe9b0e0ca2d77730
680 b9959172c8d77730
681 f1ad23a7a3d77730
682 23a65548778ef1b0
683 082ca3bc438ef1b0
684 5ad6fa59c08ef1b0
685 79cb4c3f91d77730
686 6a80273a36d77730
687 8bd96607f29058b0
688 a58b8676fd9058b0
689 75aaa4ac549058b0
690 39d73f46fbd77730
691 c1a98eeee9d77730
692 67f6287676d77730
693 dc96f82ea7d77730
694 46497942ffd77730
695 447feddf79d77730
696 f32b1bc5ced77730
697 80a6331de9d77730
698 1c18376d6fd77730
699 f69eb60acad77730
700 2915031db6d77730
701 ef88f9fb79d77730
702 9b4d99764ed77730
703 be42131363d77730
704 695fe2fe2ed77730
705 5aaaad011ad77730
706 ddd9b1447cd77730
707 4cdf1de881d77730
708 84f1dc993ed77730
709 fdf0639e4bd77730
710 527b2aa4acd77730
711 bb91787281d77730
712 5a96f00f5ed77730
713 e2773a7232d77730
714 d07583d4a4d77730
715 0e0cc21ee7d77730
716 17b63b6466d77730
717 16e449da87d77730
718 57da27049f8ef1b0
719 874f02da648ef1b0
720 95e7d22d218ef1b0
721 dde9b27c31d77730
722 e501e7d806d77730
723 e1a2b265f19058b0
724 cb2e153c979058b0
725 8cb5d36b3c9058b0
726 fa114f7908d77730
727 ed5273bf0bd77730
728 af5ccc7eacd77730
729 590a0fb822d77730
730 44177e92f6d77730
731 69f7f4ae52d77730
732 8d84c0eff6d77730
733 d009025627d77730
734 7689c733a6d77730
735 aa9e33c3a7d77730
736 c6af95d2efd77730
737 f88979c847d77730
738 354304f436d77730
739 7b20b882bad77730
740 c519f2ea3fd77730
741 6627d26272d77730
742 000081586fd77730
743 38e54d6b2ad77730
744 6f006f54f6d77730
745 05f771bc99d77730
746 ef287abf9ed77730
747 714ed35f20c8f8b0
748 68cbf6575bc8f8b0
749 9b1b2a3d97c8f8b0
750 1bdca37a31c8f8b0
751 d67cd35ceec8f8b0
752 5b9436ad7bc8f8b0
753 f93aba7dc8c8f8b0
754 ec00af8ab8706830
755 5eb765ce41706830
756 508a04423a706830
757 5883b62bcfc8f8b0
758 c0dbb101b4d77730
759 8a3fc3cb129058b0
760 de3cb2901d9058b0
761 21a9b3f7729058b0
762 f3c630ce76d77730
763 44c8dfb247d77730
764 9864ea8ff8d77730
765 17c6bdfcd1d77730
766 022960da66d77730
767 49569defcad77730
768 9982ae43c8d77730
769 3b606b3531d77730
770 96c408e3c8d77730
771 5b1ed5580bd77730
772 50b5d9b8ccd77730
773 6633489a72d77730
774 a2b880abf6d77730
775 87f3dc43a2d77730
776 53208285b6d77730
777 c2a3c71077d77730
778 b1c8470fa6d77730
779 d96c7dbab7d77730
780 3761976376d77730
781 6dc23b8992d77730
782 9604055e6fd77730
783 ac4718b9ead77730
784 2854c89ec8d77730
785 6037dfa62bd77730
786 056693c4ecd77730
787 caed238501d77730
788 23dcfa9da3d77730
789 d068ccc891d77730
790 cdf14cd8dc8ef1b0
791 c7faa74e248ef1b0
792 35d9708c1c8ef1b0
793 db753e0699d77730
794 2a8283010ed77730
795 81936d97119058b0
796 946a7844d59058b0
797 a5bfdd6d7c9058b0
798 21dbefbe46d77730
799 33d1445069d77730
800 b22b1db1737b9d68
801 7d69c9182d063e45
802 f310e4ced7bd4b45
803 c346ef4c81b84b45
804 846792dceab84b45
805 d3285e1da26c1e68
806 f60b22adb9329d68
807 b22b6cfb677b9d68
808 460f4dc9947b9d68
809 e528df19427b9d68
810 739fce46217b9d68
811 057726741c7b9d68
812 e893aa69fd7b9d68
813 21ddb63e907b9d68
814 71bfaec55c7b9d68
815 3db16a1f6f9c8a8f
816 c208a9fd586a618f
817 103dc28188c3dc30
818 8043673f37e50873
819 f5fc2fbeaddbef56
820 7062c4ab327b7bbd
821 d47e6e57c304cfe6
822 a1a125a0e597895d
823 c83b33fcf8ad9b92
824 625d33e29e4bb0f8
825 aa654dc25bf6ff50
826 07352e7d5fcce2d5
827 e485ab7368acdc0f
828 68494e52071dc49b
829 6cb76ae5dff73506
830 7f8117614414c14c
831 8e71b64ba3729c37
832 ac2b96142d311688
833 4e6c1804421acf85
834 aee81f9f52188146
835 4046cac767347bc3
836 59151bcf4937cee4
837 de414aa766c69df1
838 a3505b09d15ae812
839 915e41076dd920ff
840 6799f75f088599f0
841 cc6eec9251ff552d
842 ec42af311961faee
843 a768e8e6b7902fcb
844 7729fc61bce77dcc
845 018310c7fe059e0d
846 6a7cde4a7c4fe5ce
847 e053ff0e6d01e12b
848 69784f0c150332b4
849 c4767a0e0d006cc1
850 76ced7c9963ab3e2
851 3839c7e2144d8d8f
852 c2e15ccaba54ed98
853 ac88c13ac3e4d2d5
854 1907a58892986816
855 1980511654169253
856 1ddb36d5b6da5308
857 c8fe04dc64d03805
858 a1d78cbdd9184bc6
859 fbfefe4827b82243
860 49c1edcff0ecbd64
861 9ac47a509ef7ecd5
862 f4a949a0cf4be216
863 c00e687ed854a453
864 925eaf4bdfc32aac
865 96ed6ddd10b94559
866 3a8aaf5a3b50791a
867 e26be3f54767cd07
868 2758f43353c6f4d0
869 fa9be6e57599100d
870 1536fe4316a3f7ce
871 08daa66b531ffb2b
872 12187d2fad3ab9c4
873 f3d93ef6d7d1d5d1
874 2cb68f23b7b2c8f2
875 255353f5c1fbe6df
876 51fb75dcebf2e068
877 ddca8165a30b8de5
878 2bf4ebbeb95b60a6
879 cc2c9cc6603e8da3
880 04021c8462dbf1fc
881 9324fbc1a8ed4669
882 6f4079b8cd4278ea
883 5670bd4627ed9897
884 4c7c155502c58de0
885 85dc56fe2f4b735d
886 7dd0fcb16ee67a9e
887 bdf6f3cd39ec09bb
888 794e0bb4605cfed4
889 cdc6e824e1f7d451
890 7323f084095eb93c
891 34113962d65a8b60
892 d86c446391607234
893 f70bc328c96fa824
894 d66cac502b6a5a28
895 9c086a23d0b1b1ac
896 7e7abce509c2aaf0
897 34cc6e80c3ac14a4
898 ee745d7ab9296420
899 e58a4558463b261c
900 54c39905813b28e8
901 413f07c7e9f93304
902 45b5e6693a6e1788
903 41e0d8c461f7d2bc
904 b47cfa8c8ea807a0
905 4643af57c9f4cd34
906 4361680cbdb12480
907 31b17039e6289a9c
908 5c241f2d05ec2138
909 6b12e8ad6ac500f4
910 6227dcf9511b49f8
911 bb9939a2d0613dbc
912 090db47a3804d280
913 7766b85e2d60b8c4
914 a16e373eeb4d1580
915 575b7416a8980abc
916 f258f412dbaca248
917 94f2651c85c29924
918 8a995ff493ce5f70
919 9084021a2d9cb584
920 d14108d96b9bb4f8
921 3b5855a297e09758
922 c8002329ed683ef3
923 19dc336c50c760f6
924 e12c4d69b36fe469
925 14f4e8913f680b58
926 3ac8fc7c303fc963
927 be295b316796c766
928 5f9784a0bf5d9751
929 514f9e6aeaae9c64
930 2aa073d1b50bba9f
931 16e56d8fcaab3892
932 5d567df7a447b2ad
933 51965e53843a3190
934 beec14ce8b668be3
935 ee429f20d24d0be6
936 179231c2aeeec041
937 59cbaa38d2d00b54
938 69bcabe8d4ff854f
939 886fbe9486d63942
940 cce41121476b26dd
941 5897629336ff5578
942 bc81beaec9074203
943 d9d90072b5108d22
944 81ac2cfc63340b25
945 b7b629182808dee8
946 33e8a4b0ea7d6973
947 3d99310e4759e576
948 280e86ba28ea67a1
949 b769c47077d16b34
950 91d0abedb141012f
951 e12511f71ed7b222
952 7365325291b21f15
953 8f67407bfcfb2518
954 32a5054d6adb4023
955 9a1499125d57386e
956 1b28c787557ce5c1
957 4e6fd2bb93a9e400
958 2b890a68a2ecd4eb
959 ef404707f76df56e
960 fe83f7ef19a1dd63
961 2eac20197e274b8a
962 c9da62c254a32a2b
963 622b253e80c309b6
964 9b8331e06f1aa371
965 2e92b53b03ab6f0c
966 b93ffbd2225ba66f
967 5fa99e4a64ebcc2a
968 2ede405fcc516515
969 6b9a795b479a14b0
970 981246bb7758dbb3
971 9cb257d50696aeae
972 c69ee4e767382ac9
973 7715015a3a9757c4
974 283f3fb1d81836a7
975 e10a3fc3b84db542
976 46ba1c90cac32c0d
977 cb9c5c24774d17f8
978 5a43b6a9b0d53e7b
979 2cf06e43f2678c36
980 f1021f1c9529e7f1
981 b64f8e759e67d40c
982 27eedb5f8e442cef
983 8752f4e78e3837fa
984 664cf4a21d45c3e5
985 925db87ccadbd4d0
986 5e826070c8b5dad3
987 b3a297d5c7f486ce
988 4a54972545c5f269
989 72b10e99c2c4ad98
990 9a9412c93583a52b
991 7d5de7543928f226
992 59d55086f59f2d99
993 0b577909a4fe3694
994 83361255066305b7
995 a33ee78823426f12
996 fbe851ea9c5042d5
997 67ee58e20a297ad8
998 7aafb3ad3d75abdb
999 a3784d1a2169d116
1000 c8e8b6bf73a9a9b9
1001 d928686c33c7d9b4
1002 4be06605d35d0757
1003 d71aaceffec95f32
1004 99e26513539c0c35
1005 ed240fe9cf5fc120
1006 a3655e5867a63ee3
1007 5f39c5a0dd55430a
1008 2369e2897eae0695
1009 dcae9460a7ff4e00
1010 46238f45c2b51043
1011 e696d7a2d48190a6
1012 b37013ac5eea7b21
1013 5cc337ef3bd6c07c
1014 36ba60a66b2f105f
1015 26e9dc72bb57b75a
1016 6a955c594b14a845
1017 2f3a8a57c9947a30
1018 4d4a401222ab8d9b
1019 51fb08f900d359d6
1020 22dc44590323bb91
1021 2eff44de961f50c0
1022 505ae4deccca2e03
1023 f02290ffcd513bbe
1024 59eaf20d99838ca1
1025 b84a5e47fd9d75dc
1026 c6ae509bda5193bf
1027 8876b3e81175643a
1028 005d6413dce4ee1d
1029 b90cb4af57ee5b48
1030 8ed925e7f207168b
1031 70ced58576dfb706
1032 1e635d243c52ae71
1033 3ca6e1f8bead0f0c
1034 de480e9d8abbbbef
1035 72868ff19c5a26aa
1036 6abfa38a4f5cb10d
1037 a05e99396c7b15f8
1038 cf46cba24399147b
1039 68214fc16bf8e9e6
1040 2a8579f8c88e9859
1041 1ca1f7a431ab03d4
1042 b54bbb3ccf078ff7
1043 c77fb3e2134ab452
1044 4747f32c8e36a795
1045 41515d5dda272200
1046 946cd162bca2597b
1047 93b773bb9ee45336
1048 3c484924fa02ea39
1049 dafdfbf8e91c2eb4
1050 4b48506005c94057
1051 cdaedd3e18a26bb2
1052 aa3383c631fbe275
1053 5cb54f889fd182b4
1054 a3eaa55f60d58057
1055 c0303f6007070132
1056 636ccacedea65bdd
1057 b2e0097414fbb308
1058 5ec8a004f8729a4b
1059 aaeec1d41cebbd46
1060 c3e25f343c712f89
1061 a1683c9e50862904
1062 ad7a37ba9c295fe7
1063 899961934ac16282
1064 7f0e1944a90fc11d
1065 16341878e455e048
1066 ac249f7ed767dd0b
1067 a91774b1047a52ee
1068 f3328042b65f9309
1069 fedb62a65eb62b04
1070 91878ac50c9b78e7
1071 8834acd8374b5f02
1072 16f1bb68811dc62d
1073 70322b3fe6fc2d98
1074 dfd0a3404d3dfb6b
1075 38b6c59750d9c0e6
1076 9e05d15437d22ae1
1077 e5d8a2c38453813c
1078 c0de68225696001f
1079 8c50e58a6722a41a
1080 c24915d481fd7785
1081 127405f4521eee40
1082 8e70417118c69783
1083 5a4f1fba6f7b803e
1084 4f71f27ee58be319
1085 402b6110a9f6c368
1086 882a7a0aa0bad52b
1087 b823b1575a2fe0a6
1088 7467f8c8de6db891
1089 a48275a2b842112c
1090 ac3a9c299a820f0f
1091 e0e1ddb2de44ee4a
1092 463aaea5986e56ad
1093 5db03add0d54d018
1094 3aa6441de855a51b
1095 7af6760f1c98e556
1096 79e7da27ba572679
1097 563d4d55b7eb68f4
1098 42410e4b191a7297
1099 0d25402b73df7272
1100 b74311c25c93fe35
1101 e519edc82ae57ea0
1102 8f8f3d651ad0c12b
1103 36a128c385550da6
1104 ebd944d24f60a619
1105 e1612a7db4869b14
1106 9227f84b21537ab7
1107 ff1d9ac7c96ed012
1108 8ae8e190e0e6cc55
1109 889e5a17183f9898
1110 fc98fd964239659b
1111 53b07f7f89ffc856
1112 ab37eb735edcb019
1113 b6c60ebd2ecaf514
1114 2b682aa86e391d37
1115 b77ec841ec1d1292
1116 6a7cb04ea78ccbcd
1117 dcc69900ce13ffa4
1118 edb3351fd94d5587
1119 bc73366de1ef8822
1120 448b9c0960d65dcd
1121 96bf11df21ee2238
1122 5b47444a6c4d01bb
1123 105967508cda0b7e
1124 5f8a003abec89d59
1125 edba0280dc345554
1126 fbfaf1d00a523cf7
1127 2089306d0c1d4352
1128 9eaba7181c7acd8d
1129 3f26903de6fbbc78
1130 a0f4171842b74f53
1131 f664696586bbbece
1132 4226a7b68a779969
1133 3d12803d80cb39e4
1134 cea6538a5f21acc7
1135 d697b297506a7b62
1136 5c3bc2a4f77b978d
1137 8c5ab24c89a174a8
1138 1af562896c4865eb
1139 8843a968c2fff066
1140 c2654c6b04642be1
1141 2ffa4235990c27bc
1142 491dd2a47139f79f
1143 a68157217db1bf9a
1144 a153f239f7017325
1145 b4893dcb3541bb10
1146 9356a54f25c93a13
1147 4c068dbca89bbf0e
1148 c399744af683cba9
1149 10973c480fbed738
1150 8fcadc44f2bd60bb
1151 a7ec33a2d207cbe6
1152 32dc9b6eaff47159
1153 b6c6a2fe45838954
1154 b36257507f1d1177
1155 15db42d34b2469d2
1156 53120feec6188e95
1157 6c1a57eae8129600
1158 6847fb05b29c7753
1159 560b14ed001e674e
1160 f21ed78bbf4397e1
1161 a0b4ee501ed363bc
1162 b040ba80ba38339f
1163 1cd29e5b60408b9a
1164 e788b49faa35767d
1165 d20e17b31a76b550
1166 38e56fcb79332253
1167 d01bc6d152ab9a4e
1168 3403ffcb319e8271
1169 5e30c0586b32920c
1170 22e42bbc12d78aef
1171 9efb7c67759d112a
1172 de80d83f692860cd
1173 9f605af5824780b8
1174 36bece52f29c583b
1175 34570b04f4bf81f6
1176 ae08bd695c91b979
1177 8724c1ae87d4cbf4
1178 3e6a61b0ff4f2197
1179 ad81b4892b036b2a
1180 f9a40a830aea780d
1181 d650ac3284c64164
1182 fab712086e222e47
1183 ae12f0aa06bef6e2
1184 f3b9ed303271de8d
1185 b5e7f4ce98c5b778
1186 ec17a5ffe12c8693
1187 41a10b592d10318e
1188 f5892364fb8b9429
1189 055b21f713fdaea4
1190 a6e4eeda61721487
1191 2bb679710af290a2
1192 3307379028573bbd
1193 2c92daf9f9c71988
1194 4c2633b1753756cb
1195 f7b6bd03d05208c6
1196 4dfbb7343bc27fc1
1197 67639a3c3a37001c
1198 bc29157a67e3f77f
1199 cd1c04b0f52bc1fa
1200 9abc3ff8f4a27eed
1201 d7c80ea2575c5fd8
1202 cd48df20e23f84db
1203 bc7040a0466fdc16
1204 c6ec530b179e54d1
1205 4e34f1f621b7716c
1206 521f5012345b4acf
1207 83270255f1caddfa
1208 310d24d025dd5a25
1209 03cac3fde60eec10
1210 ea8ab33e9c20eb93
1211 97b931e39adccd0e
1212 794c0cacfa3e1ba9
1213 f3aa97ee0e4f8b38
1214 e295687147fd0b03
1215 e1c803baeddd9cbe
1216 b5ce0665160cd021
1217 3c6402dee4897a7c
1218 b3d3ac461ad4a55f
1219 028f9e8ebec99b5a
1220 ee64bb2741d94f3d
1221 fab04b5af4d5b8c0
1222 46c7b4d5002b5603
1223 f4e7d48f694be3be
1224 a504240806090231
1225 f8924d508cbb95cc
1226 21224fe86c17472f
1227 ceeb11c96d1ecdea
1228 eae461caad8e7285
1229 96db8f6cf877ef70
1230 05e4576783c53973
1231 a7cf981ac26b146e
1232 2e1e0dd3035c9591
1233 2b119d4598233b2c
1234 fd4d5187829d9c0f
1235 6198eca12d1fef62
1236 07e33c70b84f2ae5
1237 38bb02f91b7cb7d0
1238 cda71362655d1353
1239 8886939966dbd34e
1240 4ca08264bc5eb0c1
1241 af3f6a96c9d9819c
1242 0e0d34b885f8a62f
1243 a3df2d47265eb9ea
1244 80e99ef8febd47cd
1245 d868250b0e7c67a4
1246 f474fe0abe489e07
1247 249106959cb11ca2
1248 ce02df2a5184b44d
1249 84cbb49235600748
1250 e3839aefb1522b8b
1251 8a212f18667e1b06
1252 5bb80882a4741e81
1253 bad64a17c8514fdc
1254 63be0926a08a753f
1255 fa98b05dd8f484ba
1256 bb458fb629b67d0d
1257 394d7a83f8c7f1f8
1258 8629b5cb0fa3c07b
1259 205b394cc88f0236
1260 7bfdc5c9b6ca26f1
1261 c39af4d03d8dbb0c
1262 aab4c432980df7ef
1263 1f55cedc612e82aa
1264 4d013508624b35e5
1265 6041aedba33564d0
1266 bcaadfbbac2e9ad3
1267 3c02fd693003d6ce
1268 db1d958364e97f69
1269 db5d373274602ae4
1270 ef66dd7af74890bf
1271 faf79640cb7480ba
1272 362a502f8a6c72e5
1273 b63bbe1577cc1dd0
1274 107dc1092e241453
1275 eb8f60483e1d084e
1276 4322166fc6247069
1277 be97197706f21fe0
1278 0df6ddd9ddc7e623
1279 570031110759b0ba
1280 586626bec1cb3335
1281 7563a1f2cc87d7a0
1282 c94fe8d2bf1b3ee3
1283 4ac20f0c4571339e
1284 360f1a59884ed661
1285 8fc602aa433d79bc
1286 14b18f081febe71f
1287 49e8bf0331d3031a
1288 398c13d7d6211ce5
1289 23b032ac407c79d0
1290 08bd1e55a695a553
1291 ed39885adc966006
1292 7cd57ef442f85e81
1293 84a43880a3e5e2dc
1294 5c0f2f148b4d283f
1295 a99861151cf70cba
1296 b9a826458cee2fb5
1297 cefc73819792dea0
1298 3f9374710b2288cb
1299 651110c70c8777c6
1300 844519b93b4dba41
1301 28a6b94dd1c6dc1c
1302 925913d2fc92d17f
1303 41be861a4834d0fa
1304 b253b0bc0c164be5
1305 2a0a5c9f13fc7f20
1306 76615c6bf2d6a3e3
1307 ea4e39829acafc9e
1308 089efde1c19081f9
1309 5fccd34f16daae28
1310 910758bf34a5af6b
1311 085a3061db392a66
1312 819f1d1ee3350139
1313 770f67bead8bd1b4
1314 4eb08f4e08492f57
1315 e2ee8712b34fdc32
1316 f069a9e6906d4575
1317 123d64b824f5c860
1318 fcd6d339d64814a3
1319 950f544d9171554e
1320 94328c6b0c41c5e1
1321 6d0360b2273f61bc
1322 6d79a162358b399f
1323 51f00fca835d399a
1324 3c51285ef8ef047d
1325 4217f81eaee71828
1326 a7acbbfab006451b
1327 696c18375905cf56
1328 8a2b5133d8336309
1329 c525719eb185bb04
1330 2dc55c324a21c8e7
1331 1a0fda24d4ecaf02
1332 7d1b4d1481e74b05
1333 7817492f6a755d68
1334 b75a92029a83ffab
1335 af6b0cd48faa9826
1336 5916b48b592ab8c9
1337 f60681db614a6dc4
1338 c959df70086c7ca7
1339 5d8563a7b9827342
1340 c146b14c332a0485
1341 4778497f2908f5fc
1342 f13728f2d693a3df
1343 293d66f495e626da
1344 a1b348236b4fd055
1345 f7dcb57b503e08c0
1346 cc354d041ca08283
1347 7b54a668cdd7dea6
1348 95e400628b2af321
1349 aae97af43c20e17c
1350 65cc8a2aa387f85f
1351 188af9ad27b17ada
1352 fcff2435ef0722a5
1353 cce0c2f6e7b81e90
1354 cbc6efa2204778bb
1355 e10c8e4718b89076
1356 352f0365544c56b1
1357 5fac244bb76a934c
1358 7e7d4a1c8c52572f
1359 c22c262f0e30ddea
1360 bbdee487c7b5e125
1361 2961f7bfb3fd3b70
1362 80d848028cbb2173
1363 7d9252c24e0f30ee
1364 fd17f36b36ec5709
1365 fbbb90ea1b8f6c04
1366 daaf76f21ea53467
1367 5ffd6997e37b6702
1368 563c0fdeac30dec5
1369 35d7616286c836b0
1370 1f2258907482dfb3
1371 092292023bb183ae
1372 b0c1e95bed89dec9
1373 b9ba733375394938
1374 aa163ff83a3cd4bb
1375 011c7cff2386c5c6
1376 aea2e7c8117b3bb9
1377 7ebd5cc2ef879834
1378 620c53dc7b571fd7
1379 a61063682e7955b2
1380 37bc1d9e6817cb75
1381 654a3a9df96b6ee0
1382 cb8c93e4efa3467b
1383 8569523d4c252336
1384 d33c5045f6f5ed59
1385 0bd99589ab622554
1386 820b9d2fcc21ccf7
1387 614200bf53ac9352
1388 6af9a5536c029a95
1389 d8f6ff9b7545dfe8
1390 463981dcb19bb72b
1391 09bf52140d4f6826
1392 530eb96b93bc9c99
1393 948c32c644fa5794
1394 905643b0413e6bb7
1395 490db445dc17df12
1396 60db329cfeb9749d
1397 765331dfbfaa75c8
1398 16891a9d699ceb0b
1399 0011d9d0174dac06
1400 b3defcd475194de9
1401 8aba8ed08e80b3e4
1402 64977dad7cc326c7
1403 183e7571e8e96c4a
1404 0655658ce48ef4ad
1405 75ffedfccb7daf64
1406 d5f4c4dd9023abc7
1407 492d073e97729562
1408 de88c769e3b9c80d
1409 4052cf3681eeb8f8
1410 9dc266e58064076b
1411 4db42fb8f9bb6266
1412 4e4d3e72585874e1
1413 7575f481d594363c
1414 9af03e1f1fad3e1f
1415 0f80cef9e710de1a
1416 4f37664af2b66665
1417 ea387d6c3728d7c0
1418 c7853f87f2ff0603
1419 d24a8e88da61a3be
1420 4ec06fc3cfd66699
1421 ea65c5dd4ec6ab14
1422 177a8d204c2ae337
1423 24253fc81340e692
1424 180a4e45c6ebd4b5
1425 bb2051e68696f2a0
1426 9abd7835088c5063
1427 c8a73bb2f11c6f1e
1428 ccfe4de3f11b7a79
1429 4da0e0bae6778cf4
1430 6bd8ca0038230697
1431 e0832d9dbab2ecf2
1432 25ae0c86837cfdcd
1433 d44f0919c0977db8
1434 fb30aeaec958a13b
1435 115f2729b40f8af6
1436 e8e5786cd6c8f831
1437 296e5e0608796480
1438 6d0cd04114b1b10b
1439 15c8420d49fc6a06
1440 520e5aa020689f79
1441 cb7ae3da889be774
1442 0cef43820debdd17
1443 efc004faf7c3a9f2
1444 d063fb2b38d951b5
1445 e668330547fb8e58
1446 ec09ca4eccf3addb
1447 ff1e9968b5d01616
1448 4d4ba1d5ece475b9
1449 63421f37603ba234
1450 7ba437492c4d91d7
1451 1812fbd64950bc32
1452 37e0c309eb0085cd
1453 cc43e7bc4d9a45b8
1454 a6e448d480a6c93b
1455 409f0985c5fcb2f6
1456 8579fda907f4fda9
1457 efa3fefb58d3e024
1458 0c071312f461d207
1459 3fc37d737697552a
1460 861db778ad84da0d
1461 41b954349cd6c778
1462 043f71897d8a0bfb
1463 abb4959be98782b6
1464 2b1dc91a12668bf9
1465 affb1d3e11559a74
1466 6d984661e2654d2f
1467 cfbdd8ad5df803ea
1468 23aba5279da826cd
1469 4e3e85a3306cef04
1470 97dd7175e7853ce7
1471 e92be82ff9c01302
1472 a7d6bf6492e8ba2d
1473 0220c713bd3091a8
1474 c77a894e0cbffdeb
1475 5270e9be12d5f766
1476 a9a20c9527c01261
1477 f44e3e7a610cd0bc
1478 26cdc9aa6f57799f
1479 5ac5800d4e5e5d9a
1480 eca6b2bb6ee3e705
1481 2bf91a9d221ec470
1482 8f2d01204b45aa73
1483 419cf65838b16dee
1484 2af4501c0018b009
1485 419c38a87ae56904
1486 7ab9ecce399fb967
1487 1966bf6ec0e90352
1488 89bda23849ef51fd
1489 ac77b4cddc0a26a8
1490 3381ff87daa577eb
1491 9cf4d40a34e6e7e6
1492 2e93940f026c9e61
1493 8e223b5dd6e941bc
1494 8e77effdeba46d4f
1495 dda4de862453300a
1496 641d1d8520c4a215
1497 15db75889695a580
1498 c160cc543e0e6dc3
1499 7184a65575b0247e
1500 627edd0f09d70859
1501 fd514c02ab5d74d0
1502 307a84d1959f2b53
1503 2befe3c2913ba74e
1504 44b0c7573f407a71
1505 056ef6197e6c8b0c
1506 5999f385f964296f
1507 11ead33bf5423c2a
1508 2a787afc652bfd4d
1509 74d44e3d9f667d38
1510 d54b834fd8ac1ebb
1511 6053c5aa0bae43f6
1512 79f225302b5bc219
1513 6c348cf880221714
1514 e19d7b1b45765f37
1515 388863ccd87cf3aa
1516 69f564f35c319e0d
1517 9f88d2eded3cb6f8
1518 7893975661f2517b
1519 2f6d0ce7e0b7eb36
1520 683ed1cb1dd65469
1521 ffeb9ee25ea07564
1522 b5b23ba6e5d0715f
1523 66f915c5b8458c5a
1524 e3f4f44759f9893d
1525 549c7897cf8d5ce8
1526 ddaba1ac5ba64dab
1527 6cf40e9079d13b26
1528 c559f42814f3aec9
1529 d05cc816a975d8a4
1530 d350274ebc603e87
1531 bcdccaf8b3616aa2
1532 10dd1eb7110e00a5
1533 7dd0c47c1e08031c
1534 107b14c240fca07f
1535 ce03ba8c242727fa
1536 abcdbf1201cfef4d
1537 b1c291d6d1a48738
1538 1960a2a1462b10bb
1539 f24b6bb0b2780f76
1540 ae512fb829f85b31
1541 0ea5e3bfc68e134c
1542 50f8db5a339cff2f
1543 729a49819b7a21ba
1544 62830ae4f97f8305
1545 2f75fa7673549cf0
1546 94d0b0c8ab737f73
1547 ec1d2da8abcc9aee
1548 5337a71ef5a85b09
1549 11f97eb51c249304
1550 99033cca380d7a2f
1551 3a3b4c0a0f83f66a
1552 b5df0189b789bda5
1553 da75067791cfbd90
1554 20bbaf445aee3013
1555 297596d9715c1f0e
1556 e170015167dc9729
1557 fe10c7d13a1a4bfc
1558 5fcbca4fe5d322df
1559 54df7333bfec1eda
1560 892a9e2fedf75105
1561 fcdf848bb350f670
1562 df7c944c0292bc73
1563 758486ca87653fee
1564 bd1d7127c7946821
1565 df865d6fb665f730
1566 da114788e70633b3
1567 08ee6b3338927e2e
1568 dbae463059caf251
1569 e01ad5dbbe2298ec
1570 2b0fddb89c2dd9cf
1571 9567461dbc9693a2
1572 131fc82abeeca1a5
1573 626d988ec7f58190
1574 a2e4bb5af6b55413
1575 77a0b927afb9c30e
1576 b7e388738b805a21
1577 bbab18b54121647c
1578 142b42aafe846c2f
1579 990a23d4bc197eea
1580 b303c445b528d1cd
1581 2c64aecaacd44638
1582 3a499407dfbf55bb
1583 77a21b6e6272d176
1584 1ef10d3996b62fa9
1585 aba3533aafe0bcd4
1586 804569f01a4d7077
1587 21516471cde5dad2
1588 5d3ccc438a3d7415
1589 acf9dc4444862a80
1590 f7eed6e023a321c3
1591 e74482fbc3f72afe
1592 891ec2058c899c79
1593 65c515698b52e2f4
1594 f1cefcb27ec6aa97
1595 9ad9e42eba0cb972
1596 b40bf8d9853bf3b5
1597 72148423d474fe6c
1598 82289ac3d52a114f
1599 1a56abb250bf010a
1600 cbb5c2fcde743445
1601 e60d06eed47fbdb0
1602 c4d263f56ef319b3
1603 7ab9d633377d502e
1604 e75fee93ec68b949
1605 b6322a98a1bf7444
1606 5af0708d83a84c7f
1607 2c2e4a38d44016fa
1608 5709b54b8636b945
1609 a05fc6c5d667ab30
1610 b2663de1d247cc33
1611 f6e1dcc7cd35c52e
1612 d08de7b89281fa49
1613 87f57cfdd5988e6c
1614 7e7d4b5af4c9914f
1615 2a26a6945287f40a
1616 d0db648732fc1cc5
1617 53f0342d780424b0
1618 a56f74e9601d8db3
1619 17f708e2b7aab02e
1620 3b70bead721a7ab1
1621 6e06520bf2cbcb52
1622 ccd51a045df27a37
1623 fd4f004441228264
1624 24ed9dba705fee8b
1625 66d17e36436c0686
1626 8a9640605cb5e05d
1627 0ea07e73ee61c470
1628 0a79eaf644aaa6f7
1629 1fea05945a6242c6
1630 a2eac0add057649d
1631 d6b484bd1e5e81b8
1632 b89256e131015e37
1633 40533f420dc4a052
1634 0e4ceee6e9b59b35
1635 e973b4670a992650
1636 6e45437b6f105657
1637 17af4959ecae0272
1638 680c47f99ff20ce9
1639 035be3d08cb9b374
1640 a76c85a4bbc2845b
1641 22fa4741356a1406
1642 8addb2747b6ba6dd
1643 2cab4f417dad9bf8
1644 161d74cc9720b0df
1645 27626b4d0ed4d81a
1646 88c39f134fb8a031
1647 eb12d9f02009e7dc
1648 e5aae0a52bae3903
1649 c8339ada9aa72cde
1650 27b9da60d6489475
1651 4e1606865d282190
1652 74aeb70ec5456697
1653 67f81b3023609cb2
1654 6c947071ee6d9829
1655 85fe928580ce44c4
1656 cf69b923ecafb0eb
1657 c71289e684aa99e6
1658 5e5beb5163994fbd
1659 95f1eb1d71020fd8
1660 3574439691eb783f
1661 694c9158c4347c2e
1662 1e525938534ebbd5
1663 77e04a3a6d2aa270
1664 92deab123af2785f
1665 32823bb43222229a
1666 cf55f59c469a47b1
1667 efe09b3a139e265c
1668 001fb304005aa48b
1669 e0bfd6553949a9fe
1670 513ef35b7541a752
1671 fce6f69d257ef743
1672 19e52ea408ece888
1673 5a6b857f330f8879
1674 bb98489e9d9a54bf
1675 6bbcd3979bfdc498
1676 64eb0ecea8d94c60
1677 055ed2783a4a8f29
1678 97a7e94ab3bfeeee
1679 cba87377c82ffa8f
1680 d97eac3c608faf9c
1681 16f382101481a0f5
1682 f52d80dd41ec7e8a
1683 c7cb365e7d390bf3
1684 f9f769765cb6622c
1685 5ff7c32c2f51c845
1686 f7c44418025cb15a
1687 320b6ebb1783c6db
1688 209a226e59778db0
1689 fbf41d84a0666e29
1690 7317cfb89bd20796
1691 9016239419845a37
1692 fbf893ec7a903a7c
1693 ac7c3c56d336ede1
1694 2a1305b9c1ac7166
1695 7447a573fe117e47
1696 01d0bbb3b7eb4564
1697 90a7a8fef2783edd
1698 7f90ccd3f2662ad2
1699 5a29433d8cf62f73
1700 9d93177b14a03400
1701 8269197527ea3ef9
1702 c2baf64a2462977e
1703 643970c5e4cf5fdf
1704 44f38eb515f7b964
1705 b3da7935a55766bd
1706 1095f73aa0c2df32
1707 fdf1208613472fd3
1708 56d11f714b023660
1709 6184df3e8b1dbc59
1710 0fe6de50d507bd5e
1711 434fda99caa64a4f
1712 4306267c59b5215c
1713 da8715feee2c1d35
1714 d7fee6529d6f6dca
1715 5d65099341c26f4b
1716 4bb0a26726321ad8
1717 42f0e956b22f4a71
1718 f03232c3162d826e
1719 96532e0c916fbf8f
1720 9f87ba4f0caa42ec
1721 dc9e8ffce17bf485
1722 85853644dbe1099a
1723 5e74b3b67baba51b
1724 4d46754c278c68a8
1725 ad8f3b77a783e97d
1726 a7168e7aa152988a
1727 f96bd82edb84eafb
1728 90f0027e3c4b6868
1729 a8a410548a64b8e1
1730 d3f1c0af2feea61e
1731 047107af8d81f9ef
1732 69ef60522bc51c34
1733 c6885b050bc3cbc1
1734 6951923965affee3
1735 fed248d7b6a4498d
1736 012b04ad4c1ce75b
1737 d6ea4676519d6150
1738 427f067c6dbd6b7e
1739 fead231be009d077
1740 0a122f760c2089e4
1741 ceabeb32492dfdbd
1742 6aaeafbd1d93786d
1743 8013e0848e9c8d73
1744 b04b9cc6e4c07278
1745 14c3523bdcf8bea8
1746 6d94e410c6aa22c8
1747 1cf2978584fee5db
1748 2208251e44a9190a
1749 56eb688b8cf5ebf3
1750 f7e7cbbbfc064bc4
1751 3f8f77bce18cf21e
1752 2dc161c5b756bacf
1753 ae3c75e5de6d886e
1754 3fc0905ae221a588
1755 ddc41edc72749724
1756 58fe2e84cba7fcfd
1757 46a69b9913a5c3ce
1758 e525717b524795fd
1759 81ddacaecbed557a
1760 19efac76336ce59a
1761 1e70215ad05a2fe8
1762 b35feaea55d7760b
1763 49b2bf2df2b4e0e5
1764 b226974e48baf06c
1765 f72121ec5641ab9f
1766 13261f8de1e5805a
1767 16dce32d1f0834c4
1768 9f587a9d66e22b2d
1769 ba68191934e50538
1770 d5495244f49ba924
1771 c63ea4b7768ba41c
1772 a251bfa9e4264bcd
1773 bbc54be4882aa1b2
1774 c26cd50f1b71768d
1775 cbfa88ed4f6568be
1776 4b514183aa23ab07
1777 83ce7b5ff6347ee2
1778 0afa21fa618e3f0b
1779 0a182594cefd3c5b
1780 ebd031315f90e173
1781 e60807d057c1d959
1782 3e537bff2a7fb8d6
1783 4deb2576132f21ad
1784 0f6ff13bde5182f9
1785 bd5dcad2b27139b9
1786 5c1d4796347d27b1
1787 ea9e60da89aade24
1788 3af6b6b5b292a78a
1789 810d2f239d31ad0c
1790 c8d8589cc8fd1ef3
1791 c3299c7e53dd3657
1792 578929ea4143a48c
1793 5de40eae17629d45
1794 14aa04e967f5fa47
1795 ca59f9f98723a5cf
1796 77362270f4b0fae8
1797 81bf04bca3253635
1798 de71a650e8a7efe2
1799 376a9689453e9b2a
1800 b57e25387760d1d1
1801 b4fab5373510aea3
1802 e47945c6fc448e0f
1803 556488641cdf1c30
1804 ac64764d4a121438
1805 703b0ffdf8ba3fb8
1806 27594976cf6fda12
1807 59c4c90783ed2f40
1808 13e8d222fa3b2632
1809 2bf4949360fe268f
1810 1de2f90bec2d05f1
1811 e22249f5621ab30b
1812 8c94d067519c85d6
1813 1348a29c87241dba
1814 8a0e259ff0f3827c
1815 5815ff5404fafb5f
1816 b951604b7935c0b7
1817 e895b80614399275
1818 783a5335013691f7
1819 042002b211c23091
1820 80fee3037cf42654
1821 e12a6c8d7169c25a
1822 01a3de78f10f0cc0
1823 e41b77fa5bbc200f
1824 4b9f26605bab7919
1825 10c9bbe2e12d176d
1826 149d890bfc78dfec
1827 160908b1ee67fb49
1828 4bc8de7960809103
1829 6238baccc21b4bd3
1830 6475d15d3ba10a10
1831 8a4e8cfe1882dc2e
1832 fa1c310b97bf2060
1833 6d5eea3f9e6ac6bb
1834 16e757c9646a38e2
1835 8b99c47ea4e713f6
1836 d1e7f1f311b2e6b3
1837 bb80c7c3e50b75b0
1838 3a2a4b677e1cb0be
1839 c84e8b23f3e9c6af
1840 54818b040a1ae588
1841 e8636ebed1aadadb
1842 992e5cf0831511c0
1843 2fb661fc717fbe81
1844 76184a6d01270dee
1845 0d6e70ed043beab2
1846 91bc82b27294f2a6
1847 a1260750f48c37ff
1848 4b823738d4ed14cb
1849 c83927b969875ef7
1850 afaa4786d8c4e824
1851 ac790ecb40609ed7
1852 72cde8399bbf8f8e
1853 672e7af6fe46ea77
1854 1f194ca9f6ef6546
1855 2d146643300d1cb8
1856 a49c504c1eef239a
1857 9e9c9ab13597fc83
1858 02d29b725b5d73b7
1859 29cc0490bab4c63d
1860 7b5833c57fd5add0
1861 518be86a5024b8c0
1862 191e6f8805de070d
1863 f30dd871e6caa0cf
1864 1bff1581da688234
1865 f8dcba1cc5c92e1c
1866 1cafc281f41c7816
1867 9bd3131b6a03a1b8
1868 b8b01af5d921d514
1869 d9c06875788e546d
1870 f2e368e1192965e7
1871 bab0886c0e52582e
1872 996be0322314e97d
1873 c773b47e1986f652
1874 b53a49ab2cc5ec0b
1875 93d9cb83be85e467
1876 e8c0f8cdae64d5fb
1877 ae73c1977fed8584
1878 8d6490c1fe75e9d4
1879 134cfb3077e154ad
1880 db12e34aa9b773f0
1881 acd61b210a753c64
1882 b90fa0f56ba45074
1883 98516c6f1d3546fd
1884 236dc019aba689fe
1885 715c0d433afddae2
1886 acf39b4471c230f3
1887 94e2d1b754bef4ae
1888 cb349e514a15ffca
1889 f494ef04f57670bf
1890 d32bcbd8ce6ca6c5
1891 6ab54fcfd199bda2
1892 baed4161f00a68b1
1893 7a677b68bbfbec75
1894 66f47927d7d49e4b
1895 e9a6bb50908aad09
1896 d5685f8bdf352872
1897 a1edb2ccef40b6c8
1898 98f80c4bdb695434
1899 00cf01845651c5dc
1900 7f5b5254866b6bf1
1901 1de699829f5d5265
1902 a6b2d53ca33759c0
1903 a9b427945146fec1
1904 88ff6ff125c0ffcf
1905 02613a99bbe756c0
1906 4c3a172aa01a5b13
1907 fd6dd019594999ea
1908 e62b8ee10250fa78
1909 5a442949395e79da
1910 5793f3ab48f02651
1911 8a6c6f0b27c91720
1912 b347e53e3117da1f
1913 97767e0daeaaba12
1914 725536907e65fa71
1915 f817b7caf197e1c4
1916 2102728ecacdf4d3
1917 36df9444253d362a
1918 049294323cbc1b69
1919 6c735550f0770c5c
1920 4853a6cdcc4205a6
1921 f25d9ec688fa7627
1922 99240626ba4dded4
1923 6588d9e041703d19
1924 e85974e64eda5a96
1925 c1e61cfbd6ed0e3b
1926 cc5e41d40e093388
1927 754e3580177943bd
1928 903fbba90bfe0eea
1929 548ccd0a03f77bdf
1930 d43183c048da0e6c
1931 740acdd28450f5d1
1932 41d7221613f5beae
1933 263803fb5d971eb3
1934 52bcf8d5e47d9540
1935 352c7b6662b15035
1936 eac1b250e8c89fe2
1937 60dd97a335e4c557
1938 badecc5769b13f04
1939 d486f8e9ff11a789
1940 ea86b19956f17146
1941 95567bb712921eab
1942 d7672415d8c807f8
1943 7857555a1e0481ed
1944 6591e23b0aee23da
1945 ab69a2592ed6c30f
1946 46fba032a95ec25c
1947 3d3380bac3f53581
1948 96170cdf34e7949e
1949 e9c319ea46dd2057
1950 2dee9338043bd204
1951 17fe5d70441fa689
1952 ac89a223614e59ae
1953 215756d15f1389b3
1954 dfd3b77cf8bbd040
1955 57b79d663242eb35
1956 3fd93cda6114c5ea
1957 ca366c4eb2560edf
1958 d4891400bce7e16c
1959 632a1c95c80a98d1
1960 93c58a04b0088996
1961 c6e91e0b013ebd3b
1962 9cd2c6fb9360de88
1963 47d8892b8bbd82bd
1964 f289d9ba6ba1ffb2
1965 48729d31cc605927
1966 fdd3ed9348c07dd4
1967 214b8869b2c35419
1968 3e8d0b8a4c8c36be
1969 60063ba7aa0bfc83
1970 ea28845883db6e50
1971 2e9a93d8dde2c185
1972 2d610b95d6159b7a
1973 91d95eaae4f182af
1974 0ecf40486bec3f7c
1975 4e527622427dc821
1976 1adcb6b48abc27e6
1977 43b93c3e3f1314cb
1978 aef57452ebe8d398
1979 5ada8552c31f320d
1980 41f04e8c90c0f082
1981 64ed5c9176d7adc3
1982 901771dee6c76790
1983 b66503ba755da3c5
1984 1e578c17f11921f2
1985 cacbf7859ffd8c67
1986 3962591d03511514
1987 cba304c790a51c59
1988 708924e55bd48bd6
1989 e03f323cc634bc7b
1990 8aa3cb4adb07a5c8
1991 09e956ce177c93fd
1992 dd16b7cbc876542a
1993 083bdd49eaa44e1f
1994 2664acf56fbe8bac
1995 8342699bfcfe4611
1996 e8d87ce9bac8aeee
1997 a23353ad5afcfef3
1998 ccc5d1f86a28f580
1999 70e44f61a404d675
2000 f1d302004c935b22
2001 f1f1d7dd47c21097
2002 600c74e3c0d0f744
2003 28ad51a316046ac9
2004 e8e9624031ee2486
2005 5b5429c6e489dbeb
2006 3aeaf9e81bf7a838
2007 b738acae8e54842d
2008 5c43f1b82368511a
2009 f302e75114b1884f
2010 4fcf75d571f19d9c
2011 28a8ff377129e1c1
2012 d123686ad3d320de
2013 f78c0de46acfb4e3
2014 57104c5fe7a5f630
2015 6d86e81110a37565
2016 9eba9408a3e42792
2017 aef3e291cba17207
2018 a77a4d3fc71350b4
2019 9630981d9f4d8879
2020 2da9f99811f346f6
2021 2a90287edaebec1b
2022 c078258d96d1d868
2023 f3bb4e6e6e60779d
2024 4d788d921d19884a
2025 af2bee8d8a31c43f
2026 820349952a68864c
2027 e52f14a56fd396b1
2028 d655afb9b086750e
2029 201f6bc35bb74793
2030 22acf17eeb99b920
2031 140d233833a23595
2032 5aea92948db6c242
2033 a74c704bb0754f37
2034 48b4494f0bd0bbe4
2035 07e7d77600f7ece9
2036 c03f3d58b5eec1a6
2037 42f0ed6a017dfbef
2038 4eb8123364d7b2bc
2039 52dccfc393c61f61
2040 f70a50996c45db26
2041 2dd2daf5b3a32a0b
2042 eeff731e9c935ed8
2043 9ec89b51481e494d
2044 4aea992a90be75c2
2045 9622f9fa3f4ea103
2046 f0dffff954120ed0
2047 a5998bfc74f0ae05
2048 943eac58aea19b19
2049 161370918aa751e3
2050 c3868c549e52ab1e
2051 c103d2ab010ddc5c
2052 42efa24650ff1482
2053 0faddac1f6ef2daa
2054 341f43e77b9de5f7
2055 a42c94e83b5e2f4f
2056 44dd9a07baa9e087
2057 ff58da985dbec34d
2058 04240860fd52e7c8
2059 aefe6d3a7ccba02e
2060 4c3cc3bbdaa045b8
2061 acb588143017c824
2062 79e0f60bfef1f769
2063 f232e26b31b4c1f9
2064 86eecb20c7e9538d
2065 08a7f38129d1dc48
2066 4fd3f21e3630f7b6
2067 6ac282490017bc29
2068 8055c1ab7a9d62ad
2069 692d4151586c9dec
2070 37dd823d55c5dad2
2071 3ac640bd5e5eca3e
2072 9331196f26a22af7
2073 8f1ff000de898066
2074 efe2d260063d0092
2075 26a4ba8d783f2467
2076 d1bdcb8d3109cdf9
2077 06a343416b1a7fbf
2078 218f69512407a15b
2079 567c9d27854b2e4b
2080 a1e2e8ec11b51f49
2081 3ed446620be89db1
2082 2bf7c5e358debc78
2083 fdc04f108fb1d31f
2084 002b8afce8ed04a2
2085 e7e50ba6a36b4455
2086 a554fd9391062334
2087 1278f984e19ebd5f
2088 9517832d3b0fa920
2089 17c70d357abf1d25
2090 e3eb6c62c1cd18da
2091 4c25bb2c01bd4ff8
2092 249b7062fca848c7
2093 f0539555f0ca0ff7
2094 9dee4ce30e4c6166
2095 007139a2bf93503a
2096 bfda32aad8fe7974
2097 bb757d018047ee3a
2098 780bd43db3eadf46
2099 916d834cdf4f135f
2100 6ad35819479499ea
2101 857acaa7df5f6f5c
2102 b43f4308f27975b2
2103 36961dc5df281e03
2104 154fb662a8009265
2105 88de183340a6822d
2106 dd083e97ee4fe400
2107 4ee7661a1384813e
2108 077f3054db0ca03c
2109 b57ee5939b79fb45
2110 f47d0331374bfd43
2111 a04c9dac61bbba73
2112 8ef10aeb30dfc176
2113 542c8890b4cfa3c8
2114 8b9dd2be82db5e26
2115 e1b7761b87d665e7
2116 cd2a4a41a5a901f9
2117 867312a7af824c89
2118 3a50c28912867124
2119 616b259facc4c362
2120 da47d93a547c58f8
2121 fc7b5eb7b6b2e351
2122 efd2ad1fb3fa495f
2123 3c0eba42b6ff0c27
2124 286e8528b390ddd2
2125 ee5823a4e29949e4
2126 1226124dc0295b1a
2127 b3d0eab664f309bb
2128 5077354973e1bebd
2129 70335ba825b328a5
2130 7c3745796527ad98
2131 813ef80ea6ec8ed6
2132 e1db819e28384f4b
2133 e8ddeea71c97bd9c
2134 f79dbb44a438e95a
2135 ddbe5a03bceee30a
2136 a9d203a14dec51cf
2137 3d988caf40cc8be1
2138 d577f2680973e05f
2139 a04e17fe9f78669e
2140 914835ff19b42fd0
2141 b61969bfec96cea0
2142 d10b6fb80aaf379c
2143 988b4b27bd53c2bd
2144 655e90171d45cda4
2145 fee07bf32f6e7890
2146 bc7405d202cc3731
2147 639eabcc2c539013
2148 7cded1d54da150aa
2149 5b4f5a34c7252569
2150 596748f51e15d87e
2151 2318e153e2406ec6
2152 fa83bac73d7637ce
2153 8797ecaca210505f
2154 f12a71eb68f3107e
2155 f0805bc54a6d71d3
2156 11eb80f8d2c2a37e
2157 2d80ef4c61d28a87
2158 1529eeb85244316a
2159 9a7dcced584ee924
2160 2c88009bb90ccf9c
2161 13c245f952212538
2162 47300c077e5b3b24
2163 f3da7cba12e92040
2164 2effd67310371f35
2165 b89cf4fef9bb0b9d
2166 8a59657c5b21358e
2167 2ab094a6f9710450
2168 229991f5816509a9
2169 9cacc019b41967f5
2170 f9f769dd029fff4a
2171 1ee87f97b2200072
2172 ac3684a21bd9d73f
2173 5c351e30dd4db992
2174 7641adf94b827c21
2175 5fc720bc3d07af47
2176 2a1d1a2ee9ca7955
2177 5ca4d9d950f784b8
2178 b3683dafe7b9a832
2179 bed309e2fa81ce01
2180 b67b838ff38f386c
2181 8293027ec004dd9e
2182 741e3e884778c9d3
2183 465c7c450b2ce3bf
2184 6e9b4d44f55d7137
2185 ac8ba878186200d0
2186 19586eed6213fef4
2187 d852e5ca1141e100
2188 5739c418917acb03
2189 bb9c75a0b4d12bf8
2190 d28ee654c0adaef1
2191 4f8c3a013552ca01
2192 56db6d29a298f602
2193 224e08e6d0020265
2194 f29bb287215255a5
2195 ba3cfaef61e2334e
2196 723e95924fd5847b
2197 4fc0215eccfdc807
2198 6134878b125f0f2e
2199 5fedecd3777500c1
2200 2ef6ee81e1d2f794
2201 8296d58fc125e878
2202 2ba8b169d87ae568
2203 d9e23beced6e0e9b
2204 cdbde559774e354a
2205 97c605f60ce01478
2206 7407ff03fee8f789
2207 e9aa2270a4df9446
2208 20f7b5d137b733ae
2209 2cd364c25c4c3b3d
2210 21433e2dba7d7a3a
2211 7c5086c592b170f9
2212 253c84eef057f30c
2213 7100f817bb17068c
2214 a9bce73b8314dfe5
2215 70a50dec6134a126
2216 72a8a55c43f82e05
2217 3c30f2131f5d4722
2218 c040553994d2e9d7
2219 bde471494a91b690
2220 77638a5dc4c56a99
2221 feb636a4cf010231
2222 57b68edd5d0d96c2
2223 318904ced93aefb6
2224 9cdd325a511fece5
2225 529b71926ad62934
2226 5bb32499e4f94537
2227 2bd5e3c824227301
2228 a9776dba194d7396
2229 bbafdd5bcfae8b9c
2230 f0527150dad08c81
2231 392243b790bf65aa
2232 93d1bda497083c13
2233 9c7e8ba93ac3050b
2234 fd7e6af49eec01fc
2235 6f83a6aaa20ab28d
2236 6753bce1eb210a2c
2237 fe97b2aa24ad19f9
2238 758af611afddd9bf
2239 960f12018450ff4d
2240 060a1d58a9ba9a93
2241 ca433e13b8c41e31
2242 c68ba390a31d25ea
2243 6bddb40fb3963820
2244 ded019ec23b1c415
2245 de6b6b63987e8a16
2246 0f43de04104f30fe
2247 7a605d1cf6e21653
2248 77d3b73f690bbf96
2249 944acaaf8a843da6
2250 ba632b9c84bf724d
2251 79fedd94d87dbd89
2252 7a6ec8bfee29ca3e
2253 83730f940624e886
2254 7174ecd3f4dbcf76
2255 18850b40850713df
2256 9df730218247289e
2257 ef89b1cdc89c6da7
2258 1186bb2f0388c5d3
2259 d594d3cabf9f59db
2260 4822258656810a1b
2261 93435221ccf99e22
2262 109ed274693d7891
2263 3a20412ba3172398
2264 2aea55fad1da8bcb
2265 af5564a1fd1722c5
2266 73776c054bf659dc
2267 23e82811333dfb4a
2268 0f57e4831407c129
2269 e3762a1ec2b7a58f
2270 5ca4bc517bdf24e6
2271 c1ce4db9bde3605b
2272 afe7ce26a8c95ea3
2273 14f172bd3d12f541
2274 1845c275dacbe884
2275 4aa9c08d341e3b4f
2276 98513f71546c109e
2277 3b88b356e46523a4
2278 d3c5c9d8515bdedb
2279 160817ab50747aa8
2280 adf87a812b1275c8
2281 5f763a12ca2ccdb9
2282 425871f22e1fdc4d
2283 401aa9bedcb72a6d
2284 39f47c2828332fd7
2285 bf0f79b1183c5719
2286 15799d43f99c7907
2287 f60bd4339e3f5b66
2288 652b4a382d792536
2289 c5e6b5045e3c47ef
2290 3700ce3997eb5dea
2291 acf1caa38c30bb70
2292 267004d0afb948cb
2293 b1bb251d94b808d5
2294 4149d5c9d4b76f81
2295 9ad827e1758c01c5
2296 28145d8fc672cf9c
2297 ca383619a7768986
2298 df16272d48b71d7c
2299 af3c505d97cb1508
2300 1fd9f155f9e62704
2301 86ae8c4de8e5b921
2302 93165f345204dc55
2303 ba1e513ddd763ef6
2304 6465837bc4152e18
2305 53daab4bfe3730af
2306 cb2a485c3db3ac87
2307 5f387165497241df
2308 5a5f7ad1bc6f138d
2309 94eecbcd99ae7d65
2310 e43149f215859c2e
2311 e1b1366b0d9b37e0
2312 25cda0181f6f3304
2313 3f65d7fd56718802
2314 416d1a5e48bab34d
2315 d696086125fb52d7
2316 b02c599b39d7739a
2317 498c3d2a46cd6d30
2318 9d631f4c5d77aca0
2319 7c00e7ddab52c355
2320 1eb2f2f0425bc0ea
2321 a3b4b74083b59a73
2322 aefddb9434046f51
2323 ca6601259f724b9e
2324 4742bf1e0869e3e2
2325 53a72cec99d49e9f
2326 6422e7ea51e29164
2327 d8b374405546b5d8
2328 e33eec89849148e9
2329 e67afe8415bb0398
2330 60341b4987043694
2331 575874f102942671
2332 191b2d8831f07a87
2333 f70743ad1772baad
2334 3725a2276e82fc41
2335 f4afc03bdb4f5fd4
2336 e9f3376b4803af7b
2337 3e884602e5408bf4
2338 3edb07e3af4ec752
2339 33d14d5382dd5da8
2340 3843bacee0b1d4ae
2341 c6af61147b2b584a
2342 a59c777ab0d32808
2343 03779c4a9f3a896d
2344 cce23c405a7e8cc0
2345 9539e41d95ec7911
2346 2f8e57abb1c07b85
2347 9676d694c6b3e02e
2348 2f0c60e57c377dd7
2349 21bd30827731b3a4
2350 193850f11d759ff9
2351 2c355d0ad0525271
2352 0cb28abc49382bfa
2353 52d911f5301af8d2
2354 4ed434c652ec4fb7
2355 8734f8c4a7d5a094
2356 09c9fa9e61d38250
2357 4ab817d4fe087d03
2358 a4470b1ef92808de
2359 d769fdd97e01c684
2360 e56f8810f795eb0d
2361 af6102b858ed9313
2362 9e45e1f99af7273f
2363 aaca8dc2fb8e3838
2364 55b08d8519a20a11
2365 03a1cfec6f47d7ea
2366 ad669400d65af8cd
2367 df0a5e106d001abe
2368 210f5695c6a3c79f
2369 a289a632941a6b5b
2370 343aac3590c251f2
2371 127b28a94ca1f886
2372 0e7be7a297cd055d
2373 7c015fff663f325d
2374 277f9e798981ae31
2375 64a898af19374000
2376 e7556547827f12a1
2377 a3a9b9cb386b155e
2378 98eecd8605d5b546
2379 2ded0b1dc6567cb9
2380 4bdad3859e3985fb
2381 b1551ad8e16102bc
2382 4275a629154a1b8b
2383 42c6455ad4b50316
2384 2380fea75fd938cd
2385 3d02bbbecd3660bb
2386 dfdfd16b87bd88ef
2387 ef92b67f0f2f8c46
2388 3c6f6f1db31443cb
2389 2b9eae5c0c9906d4
2390 4b918f7f21b34c6d
2391 e76b6a6314bf00bd
2392 d79353af93bf4f79
2393 96e2fbf1a47c4cb0
2394 aa3a0533d417417f
2395 24127da1310fcfa3
2396 a3c1f167afe32318
2397 1484d11380509828
2398 c451213434ad2f61
2399 446f6d2f146fb634
2400 19d9e56f908cb943
2401 af3caae8fa5cc2e9
2402 25eed3145af29993
2403 0c07b6861c60d22d
2404 658427fc4653835a
2405 c3afba1b22cd6d2c
2406 9e9c62626f46c7cc
2407 ecf4bc631978e0a6
2408 04fb267ba40125dd
2409 c923ab277475f04c
2410 7268cc01e272ea0d
2411 b9dd18126f79b59c
2412 3458452d2eef510d
2413 a05bcd637dcd9bb0
2414 26a7074d204fc800
2415 12a50f4168b27741
2416 0870905eb71e1e42
2417 e13eaaacf007d27a
2418 bfbf2fb73ec01e54
2419 003bc00e6568eaf9
2420 5a6bc7b80260363a
2421 cfe8d56c8b3dd353
2422 1104d567b893fe07
2423 1cce20954fa2f02f
2424 f307772d5be1e725
2425 c71940636b8da6e6
2426 d507a746b2718bce
2427 bc01726ea9ba4c1b
2428 708b39018d8108b8
2429 4729f568e1f9fb64
2430 2cf20ed031d1eda8
2431 2f04a572498616d9
2432 489007c70fc29ee4
2433 6a13f0973a28d8da
2434 0b8f1089a4861f94
2435 8c397bc2777d7f91
2436 b9d26428b82f602f
2437 7d069fc224a3e084
2438 d7802fa1b4a481b9
2439 dd88235438f14a6e
2440 a6565b57ecec0357
2441 95f81363987a592f
2442 7277a91fdbe4dd2a
2443 c939850e6d03d65c
2444 fcd057fca14d68b1
2445 ee71a8fed224e2eb
2446 ea45130147446dbb
2447 feb9e3dbad88a648
2448 ba6233a1701e6851
2449 1468ab6b4f72622c
2450 22aa2859840c4603
2451 47f4ebcb15da5fed
2452 e40fb75241313b18
2453 e7adc8ac5a3f3cec
2454 a0b71d80b441cc28
2455 8da34487c6cd3315
2456 6cf1bdca986c9a52
2457 e1a2f7c6d65a568a
2458 a39e450c677eca0b
2459 577f6aa86f845b80
2460 37c61aa71778cb0b
2461 01de0f0e76798495
2462 f5460f260790eaa6
2463 0986fa184ee3c61a
2464 d2184132bd2ee307
2465 2c2d2ca668a2158d
2466 28a1b6d410573738
2467 11de8c2118a4796b
2468 4e8fd80a3944e490
2469 01e61dbe3008eceb
2470 b8cd91fc0f9209e3
2471 65f4edc47a713340
2472 21906cfe0f7235c1
2473 f3fadc329e3d384e
2474 9924d7b68b04005d
2475 60f87628bbe83fd4
2476 236fab5fb8e00245
2477 a64db3741a45c212
2478 8ed0aa862bcf1e1a
2479 10abdbf6eb2a6085
2480 fd0aa3032eeed0c3
2481 41c8028df8b522f9
2482 54f4a63b56eb340e
2483 cc261da25d30d54e
2484 bb825ba9c8334902
2485 4332e4caffcd1638
2486 463369b12d9d12a3
2487 dc105dba2f3d58d8
2488 c4fedda15e468f36
2489 bea5493892dc67a5
2490 78240d435b5e3f8e
2491 258928675bec9eb5
2492 44430cbfc557a250
2493 fb21d75b5e220a48
2494 61c10b8cf30f3c9a
2495 ac9327698de45cf0
2496 50b6dab8a33a0d75
2497 84849b4a7d4753f7
2498 1bd78563b286f334
2499 3df3a52f058ddfc9
2500 2bccd5e54ce52f37
2501 11f9f0638184dca6
2502 f563e8e803e4e295
2503 9b8fbc0919302095
2504 81d1e4f3235065fb
2505 c62de4c72a4fba78
2506 cc2bf07db550ef15
2507 f6e438c6d70940c4
2508 24c3b5fe962bb5ba
2509 8f4b1b7f37c6b2a7
2510 b743a553c7c6aeb4
2511 7f0b57e538e4e1c2
2512 d10c8af62ec37e48
2513 732c35845b2f7c58
2514 e4f91f3951d7b459
2515 1ab58c6d932fa777
2516 4031ce2b0a57c3d9
2517 91323abff89743e7
2518 b07a32f56e21002f
2519 4fbdfd63f9bff4b1
2520 fc212f96be66bd1d
2521 3daadd6914bb3aa2
2522 ef1eab8bf8113bac
2523 eda649e60bdec6ac
2524 24a5948e196e242d
2525 f9b422e3d61bb2cc
2526 276f2d757c4b73f4
2527 63dbb6e69e08339e
2528 99517b75ee6a9219
2529 29e86eb53d857978
2530 caea8305f9ce7575
2531 301976774b39e3a2
2532 1eec534b1fc773d5
2533 5714fb4e185b4fad
2534 e9d4d6bba05f43c2
2535 6fdfbbd51bf5066f
2536 b6d5e557719fb06e
2537 c59cfcf916012fee
2538 53535d41c6690e83
2539 df93a16a04246d35
2540 eb7aae610a033faa
2541 375569ac3c72af60
2542 a1d36f88db84f5cb
2543 baf7e36f2c302ad9
2544 cb85068e7e1e7156
2545 3f5b499edcceceff
2546 a4f2a8d0f7f40524
2547 37d94bee5e9056a7
2548 bca2693e937b5be5
2549 02d59c5e37fbac72
2550 50a8e7740ebaa7ff
2551 0e9c68e003f47f58
2552 5d625f3b2fcfe5eb
2553 015c3e313cf4826e
2554 6334d856268f540a
2555 9356b58378e0ab68
2556 559b771e49c74886
2557 29efc0aa61eefe17
2558 cca6f9078d0ce531
2559 172a18411c126be3
2560 ce6fa73003e84c00
2561 deb4cdf07d2cfb80
2562 ec8b3469200f4c96
2563 07f3813d75910b67
2564 05e4fc881699c4d2
2565 19b9c0a1a3219756
2566 0513b7f0b435f7f6
2567 b65269c89b378fc5
2568 e967a90d0dae8555
2569 da64871da0e51b27
2570 fb45ad6391dc6147
2571 2f1c0a0c57c17f93
2572 ef91b17c33dfe643
2573 611cab7202fdc408
2574 cb7f642511fba1df
2575 0a85fbe71b647278
2576 0e3f4b995b5d4d40
2577 f862ffe7b5ceaf8a
2578 cea9b0ce1aca463c
2579 ad4c2e183fc09879
2580 b06c6364a665e8ad
2581 881e2457bed875eb
2582 c5e682f1f3efa218
2583 9d09010712c90701
2584 778180c268a8573b
2585 0fe5ee86b61d0991
2586 af3e504bd1ecd0c8
2587 d6cbc25c236fb515
2588 f04f27a3cfba59fe
2589 53e570e9cf3a6f97
2590 88a5e41e7a65081c
2591 f7f8552a0e82ea59
2592 3b7768a910ad17dc
2593 a31142915045f991
2594 9fcda79b19c455c0
2595 01e39d898c7b9fb7
2596 984ea7112a0ac785
2597 4abb3d09525d0395
2598 85049d868dbc3f33
2599 874054f0b6177b89
2600 7ec458b530aafd5c
2601 85382f2d219a5401
2602 95fb53a020a9c4d9
2603 428e6d4dfce6aef3
2604 1b1b50a0c8b497f5
2605 4644764fefe9bf7e
2606 1d15c0d58958b309
2607 97a86906c1d7589b
2608 225a623b591d2662
2609 a9f128a29cc76abb
2610 88245f30ef4555bc
2611 34f9086d61b1c947
2612 4d4f98d5ef09692c
2613 97172c66a3497909
2614 633f22dde2d55ec0
2615 b14ea641fbfdfb0e
2616 7fd3952722258631
2617 663505bcb9bd5940
2618 317c659d532ab8ae
2619 015e6b34ffcbd155
2620 c445a430b1352f1d
2621 9e015c8e229da3d5
2622 77526fa047b2bf2c
2623 422f1a499fe74e5f
2624 ec181c8f83043e81
2625 d3d2c557a5028e81
2626 26afa24d93c66450
2627 defecea3986b06ff
2628 c0dfdbc42c101965
2629 c6353ac1a2b6edc1
2630 f330e14d8ba33970
2631 58b12ebcf03afbdf
2632 25df758f8c0fd25a
2633 072a832872cc62dc
2634 1e8a102c186321d9
2635 2c5ce10e19c29e22
2636 9d6be94ece60ce1c
2637 7155887ec23e70f3
2638 52f4923eafeb4a7f
2639 f609c3903b4d11fc
2640 3f4b22e08dad4c39
2641 629fd99e682b72c5
2642 2b0614637aeecfa7
2643 341770f9bd8a331c
2644 0f96a7647ada3cfc
2645 e09a47c48b03104a
2646 9c4363450d176331
2647 fc7457173a49e858
2648 d65eafadb64942aa
2649 3079f532b3b7dd32
2650 8465f8dedcc198f2
2651 80b572e44a01ffe9
2652 064492e5a0b67f57
2653 acab578f295ff598
2654 2c8cb3d65b6e3482
2655 bb7180155c73a4e9
2656 0b71814ffcd9844f
2657 e37f30579d259c15
2658 b4bf2ab23abcc02d
2659 6086c7f0a23b00f0
2660 f82300ce483168aa
2661 db9ec135eab7e712
2662 932d5c0170150908
2663 408636d274e7e57b
2664 c8e636b086c32f3c
2665 2e4281d6d5725401
2666 f5849741885a4441
2667 59036539cfeb0594
2668 88378a0306ed59b8
2669 e6d1f465b5f89f47
2670 0dc8dafe682f3f50
2671 4ceacbe377fe0e91
2672 6988cc52932d7260
2673 a20070ba271bc972
2674 8cca436ab965f709
2675 ba614663bd6cebf2
2676 1400ce2fd668e108
2677 6b75078452637ee2
2678 22ac1c9a23165ee8
2679 b101a1a339733569
2680 2936c5f8c42729e4
2681 000149c11dba30c5
2682 98ce29316359674d
2683 a845a43041caadd7
2684 37bd04ce7df09464
2685 02885689aec91e9d
2686 579ab9ef0bd17d32
2687 1d70348f605f02e9
2688 e987f1abb8926b99
2689 1cd3f32908cbc191
2690 6d26cbb237f6f329
2691 858ae3cc7743facc
2692 4e93952156dd1789
2693 ab8ef257328c2709
2694 bda7f3f4a3608acc
2695 8b7904676b558391
2696 489c45edb40ba546
2697 20d70dae2dd42adb
2698 40194608462b890d
2699 0db136d024359f93
2700 143c5a35baf79eb2
2701 c0a94163839a3f2d
2702 ac909d2367abadf3
2703 7febe23ff1af9c46
2704 c8f5c1acfcecdbd3
2705 3a816bb58980e549
2706 6e13701f9bd92572
2707 a3c63a4988dfca45
2708 443db5d1cc0f603b
2709 259a84ae5ad43184
2710 c4e52d3215e4057c
2711 84b0689ba1f7501b
2712 48a90cf13cac6142
2713 fcafe2f94b859a04
2714 c247dd520abf1457
2715 b3d0f8a59e3fd01a
2716 9ae28d0e72af5cb1
2717 6b9de8ca1225d4b5
2718 430f31551cf231b4
2719 5ec174260ebab6c4
2720 8842b7ad7d5f9318
2721 f2336c6ea787623f
2722 c169220a3f543db9
2723 f0846ccee759691b
2724 a7b228c4a3f16e26
2725 22129719fca36821
2726 c5d3e44118eeccb1
2727 3ecaf7241c5d5447
2728 3081c0679820a087
2729 074f1a73e466386d
2730 4c6d7cf0f7a3f94e
2731 ded867656a8c1c84
2732 8bfaebc37cc1ac48
2733 a3de2676ff53f0a5
2734 ac8e349b413975b1
2735 b06287c9680b072c
2736 7c0197bdb572fceb
2737 acc0b9c4fb025b5f
2738 0cee413a279b631d
2739 264592fe9eae211e
2740 2a80eed7fa3eb971
2741 dedf5cd3e751f2f4
2742 e0a72206358b5dd1
2743 feeac977d8b27fbc
2744 cc13a8322bcf503f
2745 66ac9a7fa7b29d1c
2746 580631d6ac5fd755
2747 0ab23bb98cabdf07
2748 40013d044c5371b5
2749 96faba68b7f517f6
2750 8b23a9e4163bdd28
2751 e4b97718636ee565
2752 4c3d69488a841c55
2753 a37e9dad60ce09a1
2754 8880f89af484d294
2755 473b6730ec82f4cb
2756 bc0ee58c876301ab
2757 b9ba14c409b7b31c
2758 62f93fe2d7f8239d
2759 7830afae02c7a35b
2760 77f856b566e6b954
2761 6a54b08bb529ad05
2762 1ad8d7ee4b97a0a0
2763 76d5d30b89893c69
2764 d2fe5496bb03a7de
2765 853aeeb01da8ed23
2766 b265ca36efbe4891
2767 0670120c9f492d35
2768 05f66e536bcbbe7d
2769 76b2af079cf4c6f8
2770 a25c868b6a33ac53
2771 5ad0a523d0328aa6
2772 e5f9f1f1a079ab03
2773 258e6f382df8934c
2774 cce56bbac3f6a9c7
2775 999a455fe4a7052a
2776 2d4efe55ec505325
2777 1f9c6bfcb566732c
2778 04fd0bb4d07b97fe
2779 58f62ace741acec7
2780 c66e31da492ab43f
2781 a71f4a8b0771c4e2
2782 80cf3648c8e6d596
2783 80e3a94dcbbbfa77
2784 b95de9ca7e5b64d6
2785 c3760d5217454c13
2786 55bcea05c1813d44
2787 803d88bb6fe8d063
2788 d127e94023c8d29c
2789 482a71b21a706374
2790 ac5c314ae0d89582
2791 915bc95a3573a224
2792 1a43f0de406e6417
2793 e3a4fe559a233620
2794 1539ef6475291abc
2795 2db189bf2d8acea8
2796 8bb79c37e62e654c
2797 ebfb461d3dc50ff2
2798 6137f02b91eb7474
2799 5684e4509ea2dde4
2800 d5d9b3074059953d
2801 74232c2ad51ee21c
2802 64d95ecd13d4493d
2803 2a61a35c8437e933
2804 2ed2f7a034df1ab7
2805 6cae94e78a3c5425
2806 f7a7038fbcd42b70
2807 b80d5562fd38ffcd
2808 470a66722c1929af
2809 76c282f925f80eb7
2810 32e39e4bd951aaa0
2811 abb11fa163d72aca
2812 c84268201d92c031
2813 17145cf0a7d4f1d7
2814 4b8e6f5444c5534b
2815 a5ac509c3e2394cb
2816 020a4f7ecc0abbab
2817 ff65757cfe90e22f
2818 6c232c84a7427e36
2819 4c2a20d46fcad9db
2820 b309e29b19081af1
2821 d7cc8e29f18bc517
2822 1e790b29dae0f1ec
2823 d4fc6720baf83643
2824 181e34961a5222f8
2825 e5150d7a77aa9d19
2826 439c9f4b432e6aeb
2827 837bffdeef76d58a
2828 1e3e2872968e69f9
2829 ec6ff817a35021d6
2830 b9031b1e99963e24
2831 2acf58aa474e3bf5
2832 c86794170dd11aec
2833 fa66274566203fb8
2834 acca8005ce222898
2835 3e6ca184cfe306af
2836 2c5fa2d6635d6dce
2837 f50f152c637bdbaa
2838 0fb203ebdffa806a
2839 00f2e5988a7367c8
2840 0289b14491585289
2841 ad2e67dc2647accc
2842 b0fed0a80cdd8692
2843 a1ab47de48fcbc68
2844 2bbf15994a0eb97c
2845 6c3b297a2988536f
2846 ab6b5ce8225392ce
2847 d45ed44b39111f25
2848 23a12a07977f1d0b
2849 02806a09eaf67b52
2850 467d426db8e4c8f6
2851 223ea6b15ab93236
2852 513ff6e0da6ce43c
2853 4c5ac6c4089a4507
2854 49fbcf4a45fa9621
2855 bceb8b8fbe5abce6
2856 45f9c4803776ac2f
2857 fd70b25037da1065
2858 af4127b4534d8bab
2859 16489b0d10a81ce0
2860 31475f04d3c2c012
2861 84da6bcbe210d1fe
2862 b9b50845520e1cd9
2863 8978094c0123f46f
2864 52581de5403ea1c4
2865 ba92428cd3f5daa6
2866 21c16c28e120f2ab
2867 e3c2dc33c679535c
2868 20dcb4de200b952d
2869 577889a6a7daefa3
2870 a51c1ee3f1bd1d84
2871 bafa50191a2f717e
2872 b0fafe57d314f533
2873 0c9de618d6396042
2874 a4693e09a96d103c
2875 be7846dbcb69df1c
2876 3cd84d2fc98be200
2877 d93dd7cfa1b30572
2878 e7bd4e7c5398cd65
2879 cb3282fddb1b8cbf
2880 cd6e1c7e7262b7a6
2881 b0ba81a1a05492a7
2882 a2ac8a775d5e45c4
2883 1c8ed764e6be783d
2884 05e6f2fe8403d53d
2885 5fb36386da75fda3
2886 fb1ec77a6c425f8b
2887 8a7af342b66d5040
2888 8d2935cc0a50f7d5
2889 3d8c787ce6e34489
2890 3a0c18b79e7fb5f1
2891 b2afb8044c9b91bc
2892 7d733f92d6b8e0fa
2893 b45042b044017762
2894 3c5e30d721da55df
2895 b98ce2a9111a337f
2896 1f18b20c7aab884c
2897 918ae50d75588b21
2898 8e190abae25d7312
2899 57ea9d98000c8a2d
2900 031d8584bcedb38f
2901 37d2793b3176c335
2902 cf15b126c5b5ddf9
2903 432398a26f1d002a
2904 ab598940c5b5c27b
2905 673547e3771aa8a6
2906 5765aaeb636a4cb4
2907 6dfc9b7f7f277450
2908 57272d89846e7bad
2909 eec774a03a44a491
2910 e350c9848a60755f
2911 214cf06a0da67654
2912 bfb69d02546493a4
2913 13aa4dff7ad15d41
2914 d11faff8055cdba7
2915 6e2d96dfad0c3f85
2916 6afaf220df911b85
2917 c0f48ad8ae6f5cee
2918 8911e72a0fc6273a
2919 6f3516baf0f8daab
2920 ded1a4e25c415df6
2921 adbec6102a72be60
2922 4c8ff4e13ab3d4f2
2923 1a670688873325e5
2924 82cc8b947be62f2b
2925 77a0d1adb336fb3b
2926 44bb4e709febbcd8
2927 5129519e0ee6e469
2928 4e96425be31f47fd
2929 df7e90d2aecb308d
2930 a9052ff4bfde8251
2931 4650eb34539fe657
2932 3c3be55325b52554
2933 e949825d08beee54
2934 d1581b026142a23b
2935 bc8f480d6cc03f8f
2936 c0298fdf8807698e
2937 c1d47164a66d2c61
2938 5c3c7b56254d79e7
2939 3e3469c321857892
2940 29c316bf96904faa
2941 7987008c631f9977
2942 53347db19107e5aa
2943 20b8f51d275e56b6
2944 6e34cf5436f3ba5d
2945 b92c5541cb26c3ff
2946 1637169b73db2b48
2947 1382e83959b2dc33
2948 8c44623804d03cd5
2949 1b935ddb59318ebd
2950 a149ca42a64af3d8
2951 5193e852d4b85bab
2952 8a314166f6bfb90c
2953 b386d248e38fafdf
2954 8af12f2af66a0bc3
2955 277adb4ce68b95c9
2956 3d3f9556bdbf148e
2957 8735330a7601ca91
2958 19f004c071d22ea1
2959 40a21d5dfc5b54c6
2960 f7a3c078c3a03180
2961 24a475282723d5db
2962 621147cfe2a56734
2963 9bf2f98a5f37f9aa
2964 3d832199d1672051
2965 955d2d5fbebfeb88
2966 0def33f526c9d64e
2967 761b87008981390a
2968 ef880d767fc75bb8
2969 c6e4ad03fd22ca7e
2970 4e9a7b657c8085e8
2971 413932fcc4c0a9c6
2972 e0c2f5898056faf8
2973 efc02324bdf8b715
2974 59a1d3f3045dda47
2975 8ff2a1a1ee463514
2976 2f0d7d6d9243a4ea
2977 16b7217a922701ef
2978 bc048778a53581ce
2979 46a51fbed269f0fd
2980 58de372a8b474257
2981 3c74044859761289
2982 412fac2ad51cdc11
2983 5b1f6771b3119c0c
2984 6cbf31c5d3b39e0f
2985 e5d0f2306b2a1156
2986 56c68da85fa69608
2987 0278571fadf98e81
2988 7a9d6ff5cd88b084
2989 9b4ce0f2d34810fc
2990 859a267aeff2ca66
2991 45d99efaa23d30bf
2992 11427539467ef208
2993 4e78c52669326f29
2994 33a703a286d3b917
2995 7afa6c88432ae648
2996 2d788f00c2089910
2997 42d5878ee3f63e21
2998 2bd9d2fc5a28abfe
2999 1f1cc3948c35b47c
3000 50241ef6baa302ef
3001 64d4b88f5d22b4b1
3002 826a3bb5c9130fb7
3003 bc4e750a8e96aa5a
3004 5b5107e892490cef
3005 47fc59e5ba48523c
3006 769e48d7e8133f35
3007 6a4ec7feda2e7203
3008 963b0add8e73bb57
3009 be71f67d2d4e8774
3010 ec4b3cd5d54fc796
3011 aa1a62dd31c4c01f
3012 cacfc9b86735c39b
3013 6edcef09b9194ef9
3014 a5abbc9d21f35b17
3015 0f5427192fb7c3d5
3016 7012ca76e58352dd
3017 2973b507949386da
3018 4adad86a389110d1
3019 910e6b5ebc2f6afb
3020 73ea21e2bb7b8693
3021 83e126f896bac55e
3022 2b992ea43f673e16
3023 24b5b603ad96e87d
3024 1a4179c9c2aef042
3025 ada43533504cb8a0
3026 85ef25756fc840e4
3027 2f3b3b2e68c559d8
3028 6ae0e443cd1d516a
3029 3979c42dd7fc5cc1
3030 58805cd6fba4a282
3031 906b8a780b703233
3032 92169c9561590b9d
3033 f8829fd9adb4ed4f
3034 4fc776cc4bf64146
3035 9644a83636b2af0f
3036 c250100b63c2e0ec
3037 10a988a7b1dc7845
3038 61c4fa52dfa74682
3039 5ce64d08ee3d9c61
3040 70bb810b54e711e1
3041 4aba67013bed1241
3042 ee2ba077d157df1a
3043 472f71821d35254a
3044 ca0a1cee4523261a
3045 b80e14a702f4f670
3046 9d1c44d32aa53e67
3047 ff4ae35e3ed6b0a8
3048 ea0c817aa12d0936
3049 770d7498c2627edb
3050 f1db2aaf87718634
3051 21147685c60f2e99
3052 43e0c501c0117745
3053 84a460c17d5faa53
3054 c7756a8fe7dfe4ea
3055 f548c02c53b00bd1
3056 3e3438e707b3522f
3057 398dbb80fc147f6f
3058 79ea8eda3cbeabd6
3059 1ec54efa9cd65e21
3060 4c8af5c19a6f366a
3061 03c2bd3c062e1757
3062 e550fb429f714701
3063 e597b54bd60bd1a7
3064 a474e50815c5f2d6
3065 f81dae8a9fd17d17
3066 84c553d4aa0e47cc
3067 921cc5a1540aa4c8
3068 09d07f369763c592
3069 a50e92f8ca20a958
3070 e0c142faa6c12d1e
3071 ad3e966dc7c7f12c
3072 77cb1664fff158fd
3073 46140cf5dfa9264a
3074 2528795fd0d8e509
3075 15e6c5ee6d717a27
3076 d77c2327a63e5870
3077 62c93fd7be9260f6
3078 c5ca15e1f415ade2
3079 1a2e07558114af40
3080 275b4269b3ece594
3081 6d5b74be5f9262b6
3082 72fa4818bd6fefcd
3083 1757642df97bdd2c
3084 97cefca446041e24
3085 5d693c572e8125ee
3086 3a046812788c9967
3087 4a2154b0b1699b81
3088 dbb196763f92f143
3089 cd24918320324a0f
3090 ccb61240cf792de5
3091 9f54ea819018b8b9
3092 3d619ec8ebd0fe61
3093 8f20bdef1d0c8af5
3094 67126be382f80b85
3095 e19f0d40ade79979
3096 5c3d0c40d44c3a6b
3097 21140eb6711b94b8
3098 4e523808ed0a4aaa
3099 41c51c7ca8aead82
3100 afa88d4b89ea0bd7
3101 2262f2e9e98313d2
3102 14ac7ffcc14f3e38
3103 21ee0aa9ba8a1f86
3104 3be2cbaf465ee78c
3105 261ac9a1d2c45f49
3106 f047a07b43fa88af
3107 620e52368433d155
3108 d6480cddf76870c5
3109 a6235f1a121c8804
3110 26edcbc859862dcb
3111 10628fd3ffa6dd42
3112 a7d3d5fb3a5d33dd
3113 89390baba58ff55a
3114 4be820f51bebe827
3115 65ee58b527e1c68e
3116 ffdef921b3d6d270
3117 82472f1e64c379d6
3118 26fbfed79fb88fcd
3119 a752e86379f2829e
3120 ffae7d8ea1c4f10b
3121 690bac1ec3c88be4
3122 22281f0ad3fdceba
3123 443b4baf4f2600f8
3124 c7ec8df600924e04
3125 769c8a671b0532db
3126 7e326f5d44107762
3127 e84dff86d62ce606
3128 39aa8fd2625099b1
3129 cb76b0baf58ab2c5
3130 23873b0de7e424a6
3131 be749b0a3e8ba5fb
3132 675b67e82917d59e
3133 f584064ea2196a71
3134 e01ea061775c346c
3135 8d13c3143e6d4e77
3136 0a65e5fe83b791d5
3137 772098b2193e0526
3138 02f7f2a61f0c04d2
3139 d94dcb1e505eee8b
3140 9932b04439788b5f
3141 03be530df64ccfe9
3142 5a4405a69363a3e4
3143 32d981ca17885a64
3144 57acf07f53c1ff3e
3145 d7db6ba647a1a5c9
3146 55aa588bec6be569
3147 07d971fa00d2d1f4
3148 34fa3c25ee3848c3
3149 c2421165beb02e97
3150 e8eafc4d35b0b530
3151 738afc7a60a1117b
3152 35e6eb15b5192bde
3153 0aea46810f2430e6
3154 e8a98dba44930b0b
3155 62dbe44491d06a8f
3156 b0f6b33cf832dea1
3157 38c7a99418b5be90
3158 e8022147b41457c7
3159 2174d1ed91d2c511
3160 e649b8308772c412
3161 1ac938342c5661fc
3162 656b2cbe4b4fb1a1
3163 6f6fbb06a5587df3
3164 3735005397e271c5
3165 c7f7336aa1cc5236
3166 8728ce071e8490ab
3167 f4c5d004d9e8b911
3168 0df47e8895ca22d2
3169 89ffeb293d3bf7ba
3170 7cb03fd35740ffc8
3171 bfe9148ce727c253
3172 5f2262f25b098c3b
3173 37e3cf1be41c5d93
3174 2a98134fc3c6e762
3175 30dde95cf2c2c399
3176 f7867bf14e6df1f6
3177 6beeef75365200dd
3178 3f9c558279a1fb86
3179 c9c9eef2fa36910c
3180 a92ee0736d9c1e91
3181 dbf990ce36aa4b9f
3182 842cf0c41ae109da
3183 3c9a468271c8d72f
3184 8c2558ec844399f0
3185 f90fde705f359129
3186 dc4dd2ac467693fc
3187 106518563b1e9b49
3188 ded3dcbdfe6c4a3d
3189 21c4f20ff2dea176
3190 a95b4bab1908660f
3191 d0b47ca958e687c3
3192 e907d2c0e717e591
3193 c46f942442a2f282
3194 fddebebd970beff5
3195 d014615c40e5bc89
3196 ec18dddf154a0836
3197 aacceb75ee6e63c0
3198 3f116a6d61c5a958
3199 bac7d8f94a260780
3200 427ae791a43e6ed6
3201 ec7a67e6ff8be11f
3202 5e1b4b81112f052f
3203 fc77508133291a9b
3204 2784675c1c0c9268
3205 afb008caac6569ff
3206 de7e393e3246d305
3207 836e8b986e19d4e3
3208 43b3f3470f8ba29e
3209 df31cbbbca72fc51
3210 86e3f6595c165922
3211 09718a3bf8cec3f3
3212 cd41e15f3f9cb861
3213 d606bfb89e9870f5
3214 c69e0e4182329fb0
3215 5dfbb27f800012cd
3216 32cef5762fbebef6
3217 d450cb92a4adcb79
3218 8f9cc187442d02e5
3219 99d2fdb8f64bf00c
3220 747370c051c8e3bb
3221 88a06018c89b1ab1
3222 22f56f02e09faf6a
3223 0e66c1fb26fba251
3224 d509be2462793a17
3225 35d809ced53eb1ea
3226 475d7a7683fdeeaa
3227 e5ee66efcf83e774
3228 9250b82c84ee60dd
3229 4fe6b524b8da708b
3230 5b9992169efcefb1
3231 1be78d43ed77376e
3232 eaf0a32160814342
3233 b3a56759be9a9be5
3234 5f1747434082bb8e
3235 0da1eb391652128c
3236 316b874f5df67f79
3237 b9b4bcc02b3d933e
3238 69265453051b5971
3239 ff84d718b0ade04a
3240 72d2dba923ddb11f
3241 f092f3cfab25a54c
3242 dbd1b53bbfaa5648
3243 1cac1847b16c538d
3244 c2f95b3ad5680962
3245 66edd6d7d300a52b
3246 5ad470999d997a43
3247 13708fa5bfc75978
3248 c37cd542c6d7840c
3249 53198e3465cd257d
3250 92c3f1c018de62ff
3251 8d38d8f50e29d3db
3252 38ff7fc7a9629527
3253 4a5f4a1c5dd3d3c2
3254 c9d5b7cf00b100a6
3255 91cd82558ed9c528
3256 8a09e21fbbd2b7fa
3257 cd0d21aae0d3bec6
3258 7f312e5a52e07142
3259 9cc1cbb03b66a8bc
3260 a4a5671079587fff
3261 945fc87feea761b5
3262 8263aae558550c65
3263 da835b7717c6f9a9
3264 a43b174550a630be
3265 b974d6103634c5a2
3266 44972b2ef4a8922d
3267 184a9ef7de77598c
3268 23bb19f67b2da964
3269 48a4868631f08752
3270 c00d048c2afc4471
3271 bc88082905456488
3272 0c729b0bb5655f7c
3273 b3cd8e32560bea04
3274 3dfe894af7b67546
3275 4ef177ecc44e5fdf
3276 fcc8b56c53405a01
3277 df2c9bd1235813a5
3278 92491d3f476cfbbf
3279 daba5c7ef4a8d3a9
3280 379a31468725d1f8
3281 80fc6008c793d827
3282 0540790c99e1713a
3283 9690d09142dadce5
3284 f3806b7b9f1f40a2
3285 0ad45c180a5d6fcb
3286 bbe86c58ce784791
3287 6daad96965fbbd19
3288 9744427cad028de7
3289 48172d54ba1751d4
3290 a1c13f6e9836c19a
3291 3b1940b948d66543
3292 675aaf916f4c7525
3293 24ac2248acf22567
3294 af2217b99583c257
3295 0eca3c63f2a03c77
3296 aa3c4bf4a020d20c
3297 b7c4baf67d6380e2
3298 16fdc4cc498d3eab
3299 88204a75b12c1f44
3300 56f4f87ddb2f4cea
3301 e440c9523df4f345
3302 721ee02242ea716c
3303 3ef2789565ff533f
3304 51a193b52ab3b344
3305 efb960519620fe5b
3306 6909398df8f262c1
3307 26abf9dce124538a
3308 8fd56ba60d60d333
3309 ae20db871bc8735f
3310 c66b5a94ae2c2432
3311 348b6df4642bcb8b
3312 8b929dfb2a4117e4
3313 e031e28f3cfd0bd1
3314 c6ba8b4029168255
3315 2a00a92dd23bebb3
3316 a5ed321b12d82168
3317 df7d792a8f270ea7
3318 738fdddd6717b97f
3319 b17c946e96eb905a
3320 30b40053d36f2c5b
3321 8409f678d5861f28
3322 a2a728385a08dbae
3323 07ef807b2cac8e4c
3324 9d6638af0fcfbc32
3325 3511cfa17b51c6eb
3326 0a5bb181ede3f625
3327 2cab13a0afcecb46
3328 08737da92d68a236
3329 0116a00c52731412
3330 8d16677a4180e580
3331 31998e275df59bdc
3332 072fd7fc80c2f1fa
3333 6d453d88775dda72
3334 e4c0e0b08c10d401
3335 05a5cbc602a64257
3336 948d4b407562bc27
3337 cc3bdd8ba4b28dde
3338 1accf29fc7141956
3339 def5183875d06b4c
3340 0aa638d9573911ea
3341 cd5b7bbc649e842c
3342 d7eb16d54678b0c0
3343 5fc4193cc89b995c
3344 932c6ee3bf169338
3345 b2759d983ae05a4f
3346 2e68af38749a2927
3347 2741c8d7076e2c22
3348 e7e16886331c93ec
3349 812c7bc16c0a0d83
3350 f5c4efbfc91fa474
3351 e98af05426ca9e0a
3352 732bc87264034ecb
3353 5dc835207462b641
3354 4db76535a12a6351
3355 b52d1e7abefff00c
3356 d4789a3068a4319e
3357 922e8a6703e8c092
3358 af0089144b71776f
3359 8e7fea954d46fd86
3360 704477ff9b79bbce
3361 a3a4c21924356931
3362 a7c09aeddb2d8694
3363 98bca4635419ebb4
3364 b2e8aa3b93476890
3365 1b9c57b6abf68c65
3366 4541e52045f121d3
3367 dc8bde8ccafa39fb
3368 f3b4424f33a0ce68
3369 06c3f5f9d217e5f3
3370 4531984b84e9ebd6
3371 f9bcce4eae812cf8
3372 7d0d8a9633986e85
3373 8c9788ff913acaef
3374 24385164150f8d67
3375 3156a56d9dddbfa2
3376 5ad95df2bb9ba462
3377 199a6fafd50ea22d
3378 d6b785aefc90d101
3379 6592ca9d9607f6b9
3380 06627c00685e5aec
3381 a4c4418b4e683356
3382 fae447e387c3af87
3383 b82dd19ca144dfe3
3384 bb92d16a869ae2aa
3385 04e702afb9b886a5
3386 88649692b62ee999
3387 717fb14731f0747e
3388 d2c6efc0c604683f
3389 f0636d4cde126134
3390 2ccddd2b41e1d37d
3391 ec44d1878d7189be
3392 204312b97ddbc844
3393 2b152f0607fc674d
3394 ab0761b3bfe3f37d
3395 d1e56be63e8dfe92
3396 294be0b48bf0591c
3397 0bac3ac01d97012e
3398 c8e6c7683da80cb9
3399 5bd8dde0c1782664
3400 63753b1485824e53
3401 5f629803cc329961
3402 de36ee0600faecc8
3403 fb5d3c4c3edb6a5a
3404 c12e2a34b3aeb109
3405 c7f1e575dc78b906
3406 f0e9314d4231811d
3407 6f442996e43d739c
3408 a860e28d8686781d
3409 179d3b27630ac318
3410 518a985c5b16777c
3411 31c9bc0f1bac00dc
3412 22e315930398186e
3413 a02ba797823395bc
3414 2b93297404d16234
3415 73375cdd7a2e5d7c
3416 70d4732e15fde86d
3417 94f74447d719456a
3418 0fb3d82321f74791
3419 da7ee6657146f855
3420 c6c32386ecbef450
3421 73c263ce839f0773
3422 08e6d8c59c1b3b3a
3423 366d808955d140df
3424 38f3276419c064bf
3425 db0af2c15314e15b
3426 d9010c49e56e82b0
3427 695d2c8f25bcef81
3428 ff1f0d7ef18f61c9
3429 91b53d3ed99d7bb6
3430 fc9cd232eecc1754
3431 deabec1aef0968a5
3432 30abc28d66cce89e
3433 677366c23006b7f8
3434 9173d5a16106a735
3435 16aafa4a7b5fc1e4
3436 be4a7c65e0a87920
3437 d5e51ae5c679fe77
3438 aad3597c63ceeba3
3439 f991b2d0e1f5c5ba
3440 ee42dfa8375f9766
3441 d083fbe7119c6e84
3442 b2139593cf13d161
3443 673362b8bfa76832
3444 ce8c50838e50a42b
3445 70d03808b13ba2b4
3446 3238da84b905ab10
3447 7bb27b984df72659
3448 736b0f28bfc91c1b
3449 df126c4ba07c67e5
3450 5791e279802d8aea
3451 7ab7d3e14afa1261
3452 7472986dfc768ac9
3453 f14388ef74529d48
3454 345b034a024c6328
3455 b5821a4b74e35582
3456 37669bd18ae9f822
3457 dd16c8af32f029fc
3458 249022f7d69599d9
3459 16db04380bf49947
3460 fd3a15dada443420
3461 ee2e8c207e86df29
3462 969f3dffe9bb7897
3463 a7d8c5d13e82eef1
3464 4512bb60d98fc3fb
3465 a66006cab7585d5c
3466 40525244c7ffc7df
3467 4eee2b1b94b0e089
3468 646c121b4925bcdb
3469 1dc03e6faa80204e
3470 e00386505b7661b5
3471 fa9d9cdbd47a83f6
3472 e818655c6ddf3cba
3473 bb1b86edaf253b11
3474 5405d76573d52889
3475 66799e3c1437714c
3476 32f906b456231934
3477 ae8021b01479de54
3478 53e3613a3caa7a24
3479 421f3c63f95142ff
3480 acdf0c3b27abaad7
3481 48d4677b2fa84e40
3482 93777a7e9931c26e
3483 2eb6493bde3c83ee
3484 565c2499ab5af704
3485 3e4e6c7cabeca2b0
3486 3c4c39d3e1631e63
3487 0d602275f7d22f6a
3488 85fb8474d4791a70
3489 834f3c2fea286325
3490 47029f4aa6185a2b
3491 8d6f5cc70a2646f3
3492 26e4fa263fdfbd0b
3493 c5ce5fab79112673
3494 6f7948a2e9ca5280
3495 1ca4a53bf3abce7e
3496 4d556b14b827f404
3497 a115083298073720
3498 6ce6c98566df097f
3499 80b1f9df4e6a9345
3500 edd259927147e251
3501 0e51ef931d92281f
3502 2e3d043feb416038
3503 4f173fbab72f2cb1
3504 1bf1ea7d1bdbdf55
3505 07382a2e3e633b78
3506 14ff5230fa928401
3507 02307907bc1e86a6
3508 4549841ff158f9d1
3509 4c1ac02503eccbdd
3510 ef5a35f99f60b5fc
3511 5a6a0d1cf22a705f
3512 e9ddb35d180e7d5c
3513 536f470a1584125e
3514 5ab0a2cb4f69c556
3515 13d7ce261cd98352
3516 e82edbb6ee790f08
3517 d690f0f1ca7de066
3518 7ec8989541f7a074
3519 cf8bc08b454aeae4
3520 7e05afdc52c8e807
3521 4388d02f67bfc53b
3522 27a459371afd415d
3523 bb4d477c4265188b
3524 90999b88d4e191f0
3525 60a9bc8cb8804343
3526 dbaf221bf8d22bd1
3527 9cc0654db794ccaa
3528 0ace9e73d0f49bea
3529 f01488dd239c750d
3530 bd33ea550e9d21cc
3531 55bc78726319ee28
3532 efbeacb040523fc3
3533 c15b4bd7800181d8
3534 7a0401dae9a113fc
3535 41b8458462b934a0
3536 5aa6103c168acd7c
3537 65a941374a4f6a5a
3538 8099c207fbd220b3
3539 b3d6beffe57d2b83
3540 56fc595e8b7b8458
3541 1fd73d45c24992da
3542 d529d94af095a7b1
3543 de280ee269346229
3544 fe62ed54f1eaa7a6
3545 8f2b416f1ce037a8
3546 4e8505c9fc677bf3
3547 f34f9d8e707ca708
3548 50274c429fb27e45
3549 b90b5dc08ae3d55d
3550 32b85e9e58707d4b
3551 eddef3f6921ae49e
3552 901b3cb2198da54e
3553 b48fbecd8b033879
3554 08153820c73f66a8
3555 535378433c8d64fb
3556 d025aefb92b43f8c
3557 c30746779c78675d
3558 58239ba6d0068843
3559 08224f73d0340afd
3560 016d8e65a32e04ff
3561 ddfb906f7bc19384
3562 1b8b57ab04b00792
3563 15243f11b19fa54e
3564 81b2e6212b2bf595
3565 d378ab94591b518b
3566 f04e2b5f3cb9e5fb
3567 148aa27971561d76
3568 265e3b60d95c59aa
3569 6ef108e7a8ae984d
3570 4be60dfc9ec6d17a
3571 97c326628de86d3b
3572 ffe0d91ef02efbc2
3573 69f71c88ca28c64e
3574 8a7af6e4a3418472
3575 f5e3743281c4e4a1
3576 d10375ba3a475994
3577 722e8187845aecc8
3578 1bc6039f8097719d
3579 d083ae448e9f4efe
3580 ec0e6611d197f343
3581 8c165e673ccd9e68
3582 5dd9b172a671f40f
3583 b371fc7e3d77a389
3584 22b6eb56f882a855
3585 f055413a6757db72
3586 f40b3e36ebeb4885
3587 c56e319a69d5cb86
3588 4750e355cbd294e1
3589 145dda65fcf507a0
3590 b46db3a2631da5c8
3591 186265a7e7f1e278
3592 c67e670761d4389e
3593 83e62733893a7d24
3594 17636239cb9eb1d1
3595 4ddf6af03f64b3db
3596 1054c7b23073e7cd
3597 91a8f820602c6768
3598 3dd46d6feb8b1648
3599 bb367d035dd9b946
3600 be92bfe813388829
3601 5d80962ec0789637
3602 375838b4dd47ef36
3603 d2e467bc8904e643
3604 75b2b566b79e0a01
3605 e6d46833c7d01095
3606 5d6e04f1c287b4fd
3607 f578f335f99fcecf
3608 7c5bd7971d5068c5
3609 803eb801f5018eb3
3610 d5f100041ba98902
3611 7050097e220089dd
3612 7bcb9be0ebcaf980
3613 ee3997125bf531ac
3614 67ec8fabb8739518
3615 69eced6fdd97e135
3616 a6bf1daf53d99c6d
3617 06b99eb18bbe7d63
3618 a7db562ab5c82ef1
3619 695c3009358e1648
3620 8c8c33e0f67db322
3621 7bf9e60a17b104fe
3622 f2434d0813dd1221
3623 5f66c4e3e29a93c4
3624 9f02aff00fa71f6a
3625 285c9b95442423d2
3626 9dfc629f6d99e6a9
3627 9374e880b962a6e2
3628 64f25ec1e401b7fc
3629 d4ea670a4c4ebe02
3630 5749fe732cf1f254
3631 155d5745585a4c00
3632 1f505b47bca0c997
3633 a1d6a1e0bcf78b34
3634 0a497f0d0a27dc3b
3635 6594ccb3263dee0a
3636 8757811deef3cc49
3637 dcbcd59a3f93bec4
3638 4354e8ad8efbd1c6
3639 a41eb6433deadb78
3640 3e3d71c1e4e3f036
3641 eb1e0b3bf8e4b1f9
3642 76c9a1a5009c6274
3643 b326a93442c3dc4b
3644 a3c7f14c14295d69
3645 73bfb4e4ca755411
3646 e58a6e25c2856753
3647 2654d63301e91714
3648 029efa22286fe948
3649 4aaf36c190ab5f79
3650 f65230e7450205de
3651 ce65e99f23261da3
3652 9e5c5d6441b76724
3653 aa09e0af9887a17f
3654 939f20be7b59fea4
3655 7b943b7a8b8cec9c
3656 9580ad97eb3f2074
3657 07bed0cd73adbe30
3658 92ee75858489e354
3659 6cbb6c32c2f020d9
3660 3bf4166e9162c909
3661 676b4b0844366482
3662 b5ddcd30826679c6
3663 e05b77b52c166058
3664 7edeb4ebdca5de3d
3665 9966a963c25d14c2
3666 1a9b19b9868fb5f6
3667 e091d8f260a1f0cb
3668 168758d5bdbf4709
3669 7e1a3f451ec8ba87
3670 89929a0275c3d128
3671 7521fd8123e3efb1
3672 d6b16fbc78413703
3673 3daa81ccc7ed8097
3674 65c886eddb2218d2
3675 31f409483fa7ad42
3676 656d46d4e6356d8c
3677 8e5395dc8bb6489a
3678 ab1d2b5ea8b5a5d9
3679 ab86be43b0700837
3680 e60e419ab3af9887
3681 ec4ed35353ae36d9
3682 ad11018f602de386
3683 87852877abe04172
3684 c5c62112033b2a1d
3685 9dfe8e712b1f87df
3686 cc419e649b483f12
3687 a84ad6b07624fa15
3688 2703271a33ed4b54
3689 f961a8637e09f498
3690 6ead3b12924bab77
3691 4af80c3ad5be26ed
3692 9b68723df3696959
3693 a166f4ab597a3084
3694 a1ee7e9ea097d66e
3695 8bc7f0776066be01
3696 8781d2f6b16691da
3697 752d28141e6b12e7
3698 72d2e6b20f8257c8
3699 779342cd572abcae
3700 cff28cd442d4bcc1
3701 6f85a3f53834035a
3702 e830a578765d7c4a
3703 4fdb2228e8fbc971
3704 5500b43822991222
3705 b763085a127d4281
3706 dcbb9e4c389e0e6e
3707 5dcc3dabbecc7b9b
3708 d8d8de5e9aae3297
3709 70eb8251f60683f7
3710 48ba9479147a5af1
3711 5e46410c198e4e5a
3712 feddbed270ed7b47
3713 d38f1dac7f9e8bc4
3714 5117fb39dca0ca7b
3715 9481814859e571d2
3716 7c4e3f592edff335
3717 7fc20e5aeab9b9b5
3718 8970077f3c4236d7
3719 f13f990d28074887
3720 234d60bdb12158f0
3721 1fb479dff08806d2
3722 3e8d150d2dd14969
3723 e659bf4ec138bba2
3724 f80844097b4bf309
3725 51c80d9ee4045e54
3726 8043f3ba6aacce2f
3727 23d0d2a73b8f089a
3728 5e19c8ab718bd630
3729 4ebfde15d02f3cc5
3730 8b0349d239b6f1fb
3731 5bae611c57aeb85a
3732 01518f249b2b1d68
3733 8e0276adf2fb0952
3734 048e3c97f10806b0
3735 f9e2680515e856e6
3736 e1fdc5118b2e8eff
3737 ad9169b4883a882a
3738 61018d8f7fa84e9e
3739 b31cd2697d86074f
3740 46ee7824e3b4f343
3741 7f4c48372d48d04c
3742 703b855e6d9d7f40
3743 6195fbd90582ec66
3744 1b890d95c95ea1b5
3745 7882b0cbbc8e6f57
3746 eb44f3f4bdc0b86b
3747 6fadcf843753cbcf
3748 db6543bf4708a9f5
3749 b01edda1d3de1b6e
3750 5affe4f532f95bdd
3751 61114bb5f34953df
3752 6d08f27669275ee9
3753 d6cc1832c7b718c5
3754 c6e645b0c74a9f9d
3755 ed3794744845a40c
3756 16cd6d87b87abd8a
3757 433f564ce453da7e
3758 f903f57dc54b67b1
3759 d7c2e7d8229beb77
3760 089ee35c8d53832e
3761 e2c893ebfeffca42
3762 f486c237819036e6
3763 3fca3fa4735f1701
3764 0bc6fd36f552825d
3765 62c28b56c673772e
3766 e707b11ad58d252d
3767 f26c07d877aac48e
3768 9ee97166def508b9
3769 f48bc1cf6f102cb3
3770 056a762667a85d8d
3771 3ffcd928419e5a65
3772 f3c68ec8dd44746a
3773 ba88007c433cf05d
3774 209cc93028d08b54
3775 4adf5635841b9394
3776 7fc4448d20e90f36
3777 703b2fba070c5678
3778 af89a6f2aefc1c59
3779 05bf3213a11bb70b
3780 328a48b42de7836a
3781 133851badc95c562
3782 e82eb80356694ae6
3783 b17c19cdb7853a7d
3784 ba5b482e93692749
3785 0d1a32cbfa77ba8f
3786 4f8cfaa327d987d5
3787 8f18b409259d446d
3788 5f6eb3f0224e7ea9
3789 9668e8184e703524
3790 76d2a9910a38ad3c
3791 1ba0bca6e8769baf
3792 c77cf1aabe1a0c66
3793 87913a6c7687719b
3794 9ff281b3a13c4be8
3795 d6841117c56ab95c
3796 8105429cedb04f50
3797 66b757c6e2696811
3798 0bf050b594afb2fa
3799 1432c7b554ed3b15
3800 9f0eaa83aa92930e
3801 15750b52f5a9b59c
3802 5bc3739f2f02c9a0
3803 5307b49e204e6826
3804 4c77599439281e64
3805 075352632e232a54
3806 dad4b387589e5ba0
3807 b9325cd6389905e6
3808 01528386948fbeec
3809 f014492ad0956efe
3810 f7098aac9af67568
3811 4f6e2cde49908556
3812 d8daa480f75cf124
3813 1c73be5e9924bf26
3814 7167d7369f8ac368
3815 f3e2b9d3d8048686
3816 8e1b143229b7e94c
3817 5bd43ece3707a356
3818 60c668e4bbb6a610
3819 a3ba432eaf7930be
3820 60aefabad7320f4f
3821 e4e610e9b22a7e89
3822 489d276b46431427
3823 877610932131a265
3824 8e32f552b84e90a7
3825 e336f01e95e5d3c9
3826 b79d387e52436e67
3827 27218ef3e140c455
3828 640f7e006bbd9017
3829 b680fb495ae7d739
3830 677c6a5b14d9f80f
3831 d28207cbbc86dd2d
3832 b9ba13f10bf73adf
3833 554357b68399e3d1
3834 ff7ce7ca4090468f
3835 f1a8ff756e82ba8d
3836 1444cf4452e70027
3837 51571914f3b505e1
3838 9911f2705be2b2d7
3839 db14405e1ce8a208
3840 5559353358b923e9
3841 47272f9923cbf20a
3842 5400ff0d07992983
3843 811d9d5ff4439b5c
3844 5a87717d1e12351d
3845 7f86f8374801832e
3846 e7d4fb080b61ade7
3847 6671da6ccc2b1b60
3848 36f6ab7ca36cf761
3849 c34cad2aa3370262
3850 013b594c69258ee3
3851 23afda05b6357824
3852 ddc60b5406e32f05
3853 41b467a6de9e2ff6
3854 831469fbcd65bcaf
3855 6704c75cb7a34ec0
3856 9e6c1e05a549a541
3857 faeadfe3eb207dd2
3858 031b6abb643ed7ab
3859 21890b904598be6c
3860 3a6dd65b5c54136d
3861 2286d78135f1e786
3862 7eee461e951870bf
3863 0c395b447d604790
3864 48462341c0bcbe31
3865 ec2703b3d62327b2
3866 afc5c6bd7df6458b
3867 ce4f8a937e0033cc
3868 2135f4b81136fb05
3869 d764eac6ce8ac596
3870 d66b80d089f90dcf
3871 621400cb9f927bb0
3872 f7a72f6731e3b0b1
3873 d6d1425e8b879e32
3874 79605711d5d88a0b
3875 444081dda664255c
3876 ad36aa87cdf7f71d
3877 958bfa8fd504b52e
3878 fddd56f5a8893197
3879 b2ed10c88a750dc8
3880 62b9af489466027d
3881 7d82dbe9809b8072
3882 50e0bf42164e3206
3883 037a292791ab2e19
3884 e9059e006fa884b0
3885 f4a35415fb38c203
3886 aef9883ae78074d2
3887 2875cf8bfaecd1b5
3888 ac1fbe74c93d0ccc
3889 9f0b47ba16fd6f1f
3890 c17e0d25c62b6b9e
3891 b25ba22a0f024b01
3892 634e197b70b2ee58
3893 546fb9a86a7945d3
3894 dc06bc3133ab4462
3895 d06092ccc906d545
3896 c57bdadca9123504
3897 ea42ed397b99482f
3898 a9eca485efdfa6ae
3899 e72e0fb83d9ed189
3900 511aaa514479cc20
3901 972993800a5838fb
3902 ceec9d910df8faea
3903 37eada9841747965
3904 f5190be4fe64613c
3905 e2317ad28517ec87
3906 afcc30a4d2d5ae7e
3907 bf273e6c2c62fae1
3908 05f4a392df213178
3909 b5b7a80af9ae71f3
3910 7feff9f3050235f2
3911 f577dd0c6a0dad55
3912 3f46f1896c08426c
3913 5051e7d92aa8fd57
3914 baec5069a5307036
3915 c3860369f7953499
3916 31a15dd4c08ae5b0
3917 235c81e4d10208cb
3918 35cf5b6f7098e63a
3919 f92999211dbd71dd
3920 d54fe505094ad9ec
3921 1badbd73aff22837
3922 3db63238d8da1a96
3923 7ee6e423e9fdd1f9
3924 489497dc397bd430
3925 bad87b92d3aa751b
3926 ac7fae5470b1380a
3927 81e39c309a3fb87d
3928 4e833ac5a5f066b4
3929 3c315a994ef60f9f
3930 445d636b7e4bce1e
3931 11a11cae68dc7939
3932 e2cad45a0df86150
3933 2e392e7cf5ea9a0b
3934 9fce0a41ea797572
3935 255e8a23836a5255
3936 53c4938134f0d2ec
3937 4af1db04028428b7
3938 608ed9f6071e0d16
3939 0d336063b2339279
3940 329acc782dc8df90
3941 6cb819e8bc22a443
3942 c8de7e68f195c292
3943 81c336cf627a2d75
3944 860f163d7765b28c
3945 be48ee3357486baf
3946 42d60606dd18a8ae
3947 b9982d0192313811
3948 3f332358d5aa8540
3949 10028a97783107bb
3950 a92324cfd4b7caaa
3951 393cb2a354338ecd
3952 f29b6d003611c43c
3953 3cb47705bd5ff387
3954 f9bb5437eb617b66
3955 7dea2a85bd088861
3956 40c396208c178378
3957 24b1bbd6d161c3f3
3958 b43b91d2b350ec82
3959 b2210044c32782d5
3960 7ece4eec15c0edec
3961 cf60323754f0dc37
3962 f5749c2a8fb84886
3963 fa0779951db467a9
3964 9ff4baefaad37840
3965 6cc154524114f49b
3966 207dd63ed91b048a
3967 7ec028793538c72d
3968 13d912cc72676be4
3969 0980aa21f3615c3f
3970 3e77377ce6ca263e
3971 58a48b5604052f21
3972 1414d76282635bb8
3973 aafb2501c76f2a0b
3974 e00296876165017a
3975 abbebb832ea5461d
3976 e612f73fa1e8ccdc
3977 a91921ab6528d2a7
3978 78e680818f3f3406
3979 7bd69bc7b79a6029
3980 09faac9f74646a48
3981 ebfe5c45c6cc2973
3982 a255f460f604c102
3983 258197071461e165
3984 8c13337e0ae63b3c
3985 d0521d60ebdd9c87
3986 f825825e699c0ce6
3987 f69d9894dbc54861
3988 2bf64cb8f7e046f8
3989 aee1e787b01d0373
3990 8898c6845394156a
3991 cec090bb145d428d
3992 9f97a739faffc0c4
3993 bcacae995dd3a8ef
3994 81b02de72b65c9be
3995 4d5d414b1bfdb221
3996 a28b14820eadda38
3997 1e9b62d31a9a15fb
3998 da6d503b0bfdf2ea
3999 2a2bc491a1feff8d
4000 9241adfc35b928c4
4001 a0dedcb61b7b3b6f
4002 b0ee017290a863ee
4003 feddbe9b34c38351
4004 d3d5d670adef1330
4005 c118d946d1bf601b
4006 b870a790526e470a
4007 dbb065151e82cdad
4008 ef34c3860c3a0304
4009 b82331915a51fb2f
4010 28c43315343846ae
4011 110fc77764503389
4012 191e66fe6f33e720
4013 99a63935b634fb5b
4014 2493aa7db64d3cca
4015 3426524dc831c9f5
4016 0fb633c511958f8c
4017 9e302c4bb745f9d7
4018 0dcd08887e48c05e
4019 79160e884e235641
4020 e1f8c2fb231e2b58
4021 01d5f15afbf3ff53
4022 2fd166072a5027e2
4023 3a114a0ef2837cc5
4024 7b02aa858a3d771c
4025 a4894eb92b6c2cf7
4026 72b2bdad1435eed6
4027 d97c777ca15d2939
4028 9ff805241958bc50
4029 5dc72f7e2c337153
4030 fea55794ae72c5e2
4031 1a3a720e9c691245
4032 ced692dacc09a3fc
4033 e7e76892a968dc47
4034 2940d1ba579c2c26
4035 28d5007d9b8af0c9
4036 faf0b7fa214f7898
4037 1cd361fbf9746d13
4038 4227609affbf5fa2
4039 1725e455b84da055
4040 075b510c2d77056c
4041 3ff6a23329f276b7
4042 3cbe513eaed38d16
4043 e7493b2512cd0989
4044 c8766d6c0e670d20
4045 dd5dba3818795b9b
4046 6a3587d69afc0a1a
4047 f783260821da8f3d
4048 3a890a6ba3aab774
4049 c7a1cedf48845c5f
4050 355967bcb56234de
4051 55ebe041d8b10c41
4052 ec8e82f81df40758
4053 67078b0a695e8bbb
4054 d0a1b745575299aa
4055 b9990862bed5c94d
4056 227c15a532259a04
4057 0b0fc30820a10307
4058 3db248a18aef16e6
4059 6c9f657b1b88da89
4060 aee86ea5de560560
4061 9ccadd991d4f823b
4062 38a24cd9aef2362a
4063 11d13d0ace579bcd
4064 8e612d7d100d801c
4065 3c40f15e5dde25e7
4066 8e45f8101c95a9c6
4067 88af4003a9b63371
4068 78e0c697ac0ad7c8
4069 b64bc4666ae295c3
4070 2ee4c7a2fba80512
4071 e5c917c466a9177d
4072 1cb94eda1908fcb4
4073 6f9e09dd13c8949f
4074 3f3b8a19d1d94386
4075 1f79120bc1d04aa9
4076 c0b2182644d759c0
4077 c2551d8a4809f73b
4078 d89429c467ce4e7a
4079 5d3f4503befedb1d
4080 55b7c6fb8ddda5d4
4081 89e953c66ab634df
4082 0fba2a7a26da295e
4083 c2c52cae007c2041
4084 d1b89ba64e3c8b58
4085 873459a8cbb012d3
4086 eca17437d49705e2
4087 761dc7cb4393bfc5
4088 1f89b0d140e2b4a4
4089 76e3cdced0f8464f
4090 215858d2a14fc7ce
4091 e01479d6784612b1
4092 6f462d523a58d768
4093 2f08f94806ed2333
4094 3324aed2bbb39bc2
4095 a90de8f522c1ba95
4096 b481cf6273d8a42c
4097 e9f593cfbc9dddf7
4098 d8806e0337d7dc56
4099 72499a532ad60701
4100 8c1d6f7891942218
4101 cd43f2b6c7a42113
4102 d57423f46607adca
4103 034de75b067bf86d
4104 853687d01cf4dc24
4105 249bccba93ea0ccf
4106 3f9e60658f09acce
4107 e989a8f2daa2f631
4108 4067169949147f88
4109 4a55d40f993f232b
4110 d14ccb001031b49a
4111 e8864fa4ac709d3d
4112 a4971ac618546274
4113 b791288200470687
4114 1b6cd5f5cb960266
4115 7bd91f20a8ef2f09
4116 a2f847078aa8ce08
4117 b4a4ae9038d0b903
4118 6a71367706119c52
4119 de5314b32a7b1d35
4120 a30b23762f1c1734
4121 b2e0be88e47fbb9f
4122 e1a0660b21c18b1e
4123 ee5f426fdc148ca9
4124 5dd9544b1a1c2140
4125 eb7f3f0ccd1e0d9b
4126 e0afb5c41c68618a
4127 2e1215b94766e67d
4128 0aa839d13c535cb4
4129 94ce9a4e6aa40d9f
4130 2ac742b192d327ee
4131 92342234fe09a9d1
4132 8b8329323c9945a8
4133 dda838fd4f6313a3
4134 ce2891760934d3f2
4135 5770a4b97587fcd5
4136 d8be7a1f8d3f746c
4137 37e1d74f9f19ba67
4138 840b7d9e174d5ec6
4139 1620fa2900b759e9
4140 a57824bfe03c2280
4141 a0a09fb0ded9dc23
4142 c581317516391b72
4143 235f3e088326e955
4144 73b291e4c1e8f7a4
4145 1f203597f74c084f
4146 e9d63e4f0e04ab4e
4147 7eed713283d208b1
4148 d83fb524eb7ee680
4149 c0538c5659cacd2b
4150 d3b08342ac7b499a
4151 34441cbb41dde53d
4152 f39e66e5a14d6774
4153 37b3968cfc0e225f
4154 9f57cea8cedda8de
4155 53f7c1bde218b8e9
4156 3778af8a0f899400
4157 d6edd837deb6365b
4158 17818f4a24e2c862
4159 d002eae6fb3c7845
4160 7fbb4835ae8b0d9c
4161 e0c40949fb0b69e7
4162 c9317227d7ce82b6
4163 a020a9d107f71319
4164 627eb61ba37725b0
4165 7073bede62345f83
4166 9b57cda9dae66152
4167 537e31d908339635
4168 9c5b831a945fe14c
4169 f7e572fb93601b97
4170 78119e2278b04076
4171 a1d65eec4098bb59
4172 64be2a2afb6679e8
4173 418c5f83ac329453
4174 339a2bc1c51cdce2
4175 01a911a46cccb1c5
4176 0e05e0daa0ef303c
4177 8d484ea99fa4a387
4178 d4815aa6acc0f966
4179 ba36ce5091b23d11
4180 513ce817f82304e8
4181 993d0ca4e41cfe63
4182 a976621fc5d5f2b2
4183 0af2da46f40e740d
4184 f6db4c5e71a22844
4185 a5222ba1c03f286f
4186 5e2d88359de1fda6
4187 45cc10208a61d149
4188 9639dc323b76cce0
4189 4f6a2a84553e883b
4190 54d8c70d2c3a472a
4191 11976d42c205204d
4192 743311ebf6c8c984
4193 ca1ef7fb32ddc0df
4194 947cf4a19824855e
4195 8adf36f207172c41
4196 96c4ee3bc57febd8
4197 66b148878417850b
4198 77cdbecbd65dce7a
4199 f287e9a41a505b1d
4200 3d2a1fff25dfa7f4
4201 b03ae514f30e445f
4202 afb5739c184330de
4203 f999da12f2b92bc1
4204 774a2d3108163da0
4205 dfa8ef9cd875535b
4206 79789224e19a0c4a
4207 0d223f142fd4269d
4208 db3d51167cd7e154
4209 46937bf0865e563f
4210 76394b2cf5e8983e
4211 3aaabc87be140711
4212 e5bea43114df9fe8
4213 6f73b9ff72073be3
4214 39055ada06f3de02
4215 7e47df29648c2465
4216 fad0efddb55e2cbc
4217 6817abbe63aa5207
4218 8aa57188f049e9e6
4219 9b2dbccf428ef589
4220 fb71a09af16a7220
4221 54a033437cba1d13
4222 556cb7ed86d3d3a2
4223 d526ce8c69242a85
4224 1242dd12539146dc
4225 d682b60ba7b5254f
4226 af890330c57aa04e
4227 79888f0b0067edb1
4228 916237a0e499b4c8
4229 15f5b0c545d0c1c3
4230 4999b78d37f49212
4231 8590fa2d1961e075
4232 764a3486c0827b94
4233 d4cd851e3042047f
4234 96f1d329f348507e
4235 458af833a443feb9
4236 0c0b6178e2473550
4237 ae5ab1d3e93f0e2b
4238 fbc30a6573915e9a
4239 4b1e7fb0084d8eb5
4240 67abac62ec8809cc
4241 92315253e51fe397
4242 6b73a0ef525e014e
4243 6c627bf48c9e1cb1
4244 34dff14b805b2e08
4245 8ab880796df31403
4246 cc7e5ffc470d45e2
4247 5d402c370578ffc5
4248 63a527d90af6451c
4249 2d07e70018f26547
4250 54179f780b56f926
4251 bb63e97f74f5e249
4252 cd01607a74239fe0
4253 b9e27eaa2229373b
4254 91de24205314232a
4255 3335ac7ad10814cd
4256 1a8bb095b237cb7c
4257 81357b7c1ffda2c7
4258 12e0e8a69b9006a6
4259 416feca384e24249
4260 515f60a21efdf480
4261 f752b5342ca2d3ab
4262 a79fdbbc49840c1a
4263 55a0885736d4d96d
4264 ea15ea689a88b524
4265 93c61bf88f9fedcf
4266 d845a036d6fe35ce
4267 9068f07262ef1609
4268 19a20491a6d19ea0
4269 539f2ecd7d5e05db
4270 138e08b706773c22
4271 55e32f24520a4b85
4272 64f644c472624bdc
4273 9ac59923b64a91a7
4274 6f8c4bab41d98b06
4275 a8d318e5dac5f229
4276 d3a1c002fd85dc40
4277 5deea52caf9ef7f3
4278 f6e3a5f363f7b082
4279 6a4a1cede45a38e5
4280 d0648019a6bc90bc
4281 b00ce808502ccf5f
4282 8c88398cc68417de
4283 ad82ff36c2f5cec1
4284 e1fa83af72762d10
4285 9f257fb1374078cb
4286 412d05a845d8f0ba
4287 76b1cf0338e1925d
4288 0ffab297c002022c
4289 fcb5486c7c3373f7
4290 ffe3bd42ea16e256
4291 3acd29c71cc06f91
4292 bb4c6d145ee63a68
4293 6a1e489a5946f663
4294 8a790fbf4ae62ab2
4295 6e40002c6fe676a5
4296 c8a82d703208b3fc
4297 98e81f0dcc4a5147
4298 a4e87f44036ecef6
4299 658b9e7d5e93e959
4300 dc3f9e975b6071f0
4301 6a697197a0c3d48b
4302 37594322c7166afa
4303 ca144cc0a0deea9d
4304 94c7df74b6fd3754
4305 916307e85ac41c8f
4306 68f5e114fbdd788e
4307 fbaaa74a1c8398f1
4308 a62a1e91b3ea1548
4309 0138a2440bdec39b
4310 8325ea639e08fe0a
4311 ec34f6cc11da7f2d
4312 7d7622930f14c82c
4313 9cadbc2a837d14f7
4314 f88aac6c9e309756
4315 ace22034052092b9
4316 e45f75c133ac5b38
4317 757a7c80e8c9f7e3
4318 db979e14bd718532
4319 d1cdf4f0aa5d9015
4320 495b31c47385d42c
4321 bb49efc94ee0c377
4322 fc08ac68c4e370d6
4323 1062c997fee3bc11
4324 5f433aae774114e8
4325 5c6acbb486ea88e3
4326 d9d6f3c5d39357fa
4327 7409ee1c393ea69d
4328 da0045a83c006154
4329 bbf098b78dded63f
4330 403f5dfa0e5329ee
4331 588346f6580c1bd1
4332 4f93c33c78169fa8
4333 c8c4c3555265bd6b
4334 075acb1e58cfecda
4335 3a22ea1c5d5feffd
4336 23a8b12a23446bb4
4337 3814e1b615c0b49f
4338 2548658487b2871e
4339 7721c3caa36de201
4340 c293a9d9ced836a0
4341 69ae18f50d3662cb
4342 42bda7cb2a235f3a
4343 3a4cd5bb6a0400dd
4344 91226f8cba8d1774
4345 0de26e80b50ecd5f
4346 65f8a39b5c980a5e
4347 23b114b57cc06d19
4348 060516b1a71119b0
4349 983d6baa1b6294eb
4350 519ed83854815b5a
4351 1d00c0c4ff8fbdc5
4352 3b4c79acca13fc1c
4353 4b5f9d6948cef1e7
4354 9557d326c7a8ad0e
4355 ef3275794fe96871
4356 07d141e73ec76848
4357 965b855e017dc743
4358 b3d8057b99c4e792
4359 40d416f2dae2bf75
4360 80e3e830b45de68c
4361 e95cbb9f1579f387
4362 856f18fd1e777b66
4363 b8683763117b0809
4364 869da2420fcadda0
4365 e5eae3c6aefe9423
4366 ad7a3c904b79b5f2
4367 43d55cfa1d1b06d5
4368 2f65d05e8f295c0c
4369 45ae32e915706857
4370 98fe06eccba6e536
4371 e26e46d128bc2a19
4372 3bb259c83ca53a68
4373 b0505f45d7b9f663
4374 fe2f641eeed12ab2
4375 3ab5a8b3087775c5
4376 a2f5ce5370d08d9c
4377 f7f8bc851a7b0c67
4378 05dce220027473c6
4379 1c42ef603ae633d9
4380 7c4e3961ff757470
4381 471f2d7756da6f2b
4382 484c973f9ad0090a
4383 a2bfcc31359a18ad
4384 45d1b706abe8fd64
4385 f3481d23735f7b0f
4386 77c9f6b1aef6ae0e
4387 5c2718224483c071
4388 771de5e2b768c5c8
4389 4ce6400c1cab6f4b
4390 a4786e18e67c16ba
4391 cfc80b1150abd4dd
4392 40ef1da036874694
4393 64060703e42b21f7
4394 b7d4fe7d92570456
4395 fd2947cc088557b9
4396 732648e75b173310
4397 a1a90b9b0b216bab
4398 f24d83c0cd35191a
4399 b5d6eb72af940a3d
4400 6a7f3bded817a92c
4401 ad754af482a59c77
4402 521bb25babb479d6
4403 cf38011608164661
4404 4a154c25d22885f8
4405 738f743007b28673
4406 fc50b40a7cb55082
4407 a7cf25a6747eab0d
4408 807cf7c78752ec44
4409 28e5f2ea39ae986f
4410 593ec11d3367f596
4411 06357ced9ea5ee79
4412 0226fd988d041990
4413 9377271a9e9c1b4b
4414 5653215629e6226a
4415 4f113f78e0b62c0d
4416 37036cf0d20d2dc4
4417 d0348dbc94db730f
4418 60c0c07e64f97d8e
4419 37faa11ecbebf5f1
4420 5f89979a37c24d48
4421 eafd9c59f6c4c6c3
4422 f5fb12377f090d12
4423 25f6cb19c03961f5
4424 4700e9aeb82affb4
4425 fd8953fd897e079f
4426 b88a45e770d1fa9e
4427 7342af38c38e3981
4428 f82cbfdb5df91878
4429 b14001ecc6cea943
4430 23feebcb8b20c192
4431 7d5fdb349bb35885
4432 01d5db744b4724dc
4433 26b7e8aa461106a7
4434 6fb8def5ddfec006
4435 020b772fa681b791
4436 a1a01dddb04a04e8
4437 9b00f08bfee9b0e3
4438 fe865debd71527ba
4439 4e4db6a0da8e2d5d
4440 66df59b7daf9d214
4441 86bd4febfa88c67f
4442 e96665824f32a27e
4443 fb9093ae91fbdee1
4444 16ba5b9806ade378
4445 22f98688e273219b
4446 e7c5389418e6458a
4447 3bb57c58e15f482d
4448 e4568403a94004e4
4449 d3be915dff025ef7
4450 1abb8d2c9e317d56
4451 5dcc5a96330ff439
4452 e4a4539d85b30598
4453 e0e138ee78dc9713
4454 2356527612197da2
4455 a2b4ae6dcb37f485
4456 172e494b89b548a4
4457 fa9e25bb6d31ca4f
4458 5a5f18eeffaa8bce
4459 24ee2754e9d21259
4460 695e8e1d6f81b2f0
4461 dd4c1dc3ddec2d4b
4462 93eede034ee085ba
4463 458279e9fb9a580d
4464 057494fcc6d95c44
4465 b84999467872fc6f
4466 6a40899581a93d9e
4467 d5ee7c0e3c953c81
4468 8fa8abed7799ff98
4469 3d0184669452b013
4470 449062c9551856a2
4471 54f16b2d359d0f05
4472 afd8420aaf58515c
4473 074d68876850d377
4474 81e5c094602d5bd6
4475 1165c827bef8c639
4476 ee09b2b51bcae5d0
4477 01bd12c6b100cbb3
4478 e410108c0ea39b42
4479 91df1780f59796a5
4480 6ec71c0ca640ff34
4481 3670557d2744639f
4482 3ce72c89f37bf31e
4483 79dc28d8c56a7201
4484 2f271c1e7d373730
4485 2475fabfc47c411b
4486 d00b338045536a0a
4487 02a45c863bbd4aad
4488 867de7a5045a7a64
4489 9a83925635117f0f
4490 d6c83f52ab69338e
4491 98b560d876332919
4492 ece8ddf661bd7bb0
4493 32744d0ad5efc9cb
4494 29c04199b2d5b4f2
4495 2bc2a550e0c78dd5
4496 f15ffee89f75856c
4497 f847fb16c917df37
4498 aba1b737735597a6
4499 7dcf0a9309a42b49
4500 c40e55e2718cfee0
4501 38bb264ca25eb9f3
4502 d6698256b4680082
4503 a27a3320768904e5
4504 d27f69e33278aebc
4505 55f2e500387c1007
4506 12c9ac5d4d875f66
4507 75c915b70f017909
4508 78847b4593579a18
4509 8d55c12a3f6d2443
4510 21c71ebb6264c092
4511 9d74fb2e11c11df5
4512 c1320cec5b5d03ac
4513 13913f21099e7c77
4514 4ac339e5910bead6
4515 0fbc73915b7a89e1
4516 b9eb7ebd66d5d7f8
4517 f2995ae8a799ec73
4518 3d474397f81c0702
4519 ad79cbcdb411ae9d
4520 caabcaf579eee954
4521 7cd6586a7c852bbf
4522 7c47fbcdb5b16996
4523 1cf81c0a1c4b24f9
4524 70b9928825012a10
4525 c4a8b646d95361ab
4526 e000ec1452bcd79a
4527 284fff6a6f1afebd
4528 17b82637f18ff2f4
4529 f8ccf646693886af
4530 95b7aaf381208e2e
4531 0278ca06160f1111
4532 523ea876665b79e8
4533 7e46a10dceabcddb
4534 7c03ce209b3d4d4a
4535 ec2ee25fc71059ed
4536 7f6b947bef511204
4537 b5d5b4d028247e2f
4538 3404a3a4471e29ae
4539 2c9db03367a8d111
4540 6b427cada4f90630
4541 ebd2b8f168d9fd78
4542 b3678ea1e0d856a7
4543 1676c53e1cf487a8
4544 414ff7c2dee8dc3d
4545 e78d4245b92a72fa
4546 ed6bb55aadbbab2f
4547 d5e97cc78ba8eb84
4548 ea61bc52da5f6d39
4549 872a63e4aa1e8a46
4550 510aa250efc75cab
4551 f807e285f8bddce0
4552 c8b313a49cac2af5
4553 50c81b51c5ca86f2
4554 6a430db28137f2c7
4555 0b392f30428de82c
4556 f7a917f6f3782761
4557 6466892c5fe66896
4558 f47dea0671d6f62b
4559 4c06fef68a40e360
4560 1d3b5fd833b62675
4561 4a6376533e22a20a
4562 7de605704f12e07f
4563 fe501aaaab81bba4
4564 39ab7a5c5c22b699
4565 5b74ab3c11ae0c26
4566 04c60c6a70493ffb
4567 3b539993f4fb1370
4568 ddeaac6e53447f1d
4569 acf52d886c0a1f5a
4570 9ace519223b3c60f
4571 e7524a2720dc725c
4572 4a7a243721fff0d1
4573 a39d510f9857d1be
4574 4651eda657e53573
4575 20ccf01a0a69c750
4576 6c878438df7df8e5
4577 3a8825865db6fde2
4578 8ef518fe53216c3f
4579 dbde5fb14121ef64
4580 beedd4c6fadee819
4581 5a386be346d2eea6
4582 8cbc57082e54128b
4583 2c7896f053e5e3c0
4584 9c236152a24906d5
4585 f16aebb55dd96eb2
4586 4246d21d8e96a687
4587 7f3367952b2024ec
4588 33dde4b0c593db21
4589 910466d7f5a273ce
4590 585c6d9db616bd12
4591 ed93e9d078d630f5
4592 2ab5df4999d933c4
4593 77806f72beb3ecef
4594 c96c2a3d38af3ede
4595 79cb4c3c316612a4
4596 7d0ef3bb05bc8316
4597 b9d9b35b498f28af
4598 edd8fa10baab63d3
4599 cefcdfbf7339fafa
4600 772aaaf17322e5a4
4601 474a5ed499ed5437
4602 638bc8ea2cc2a67b
4603 1f9dedea0362cdc8
4604 36fe9dad50ea8842
4605 58aa4349e0fb100e
4606 a38a53b9d06c3e19
4607 217b0b3bdcd90aeb
4608 04f017749dbe4fd7
4609 6f3b663322f6cdc0
4610 115cbd4c105b582f
4611 b69927a492ba925b
4612 2b5440cdac9634e5
4613 48edf2dbf89372a1
4614 0073622cbcd2f851
4615 22e5d80f1794badc
4616 1f5f1169e14b67ac
4617 3d8225b8ae04c31c
4618 148ab8603082558d
4619 d548f855853386bd
4620 ee17fdc6abbf8273
4621 daaf92269e3cacc7
4622 4bec4f5b91cfbcf8
4623 0d62a3363a95c3be
4624 fbfed11ae0efabaa
4625 356b2b0c5f71c913
4626 b6d86746ba609f61
4627 49ded5c247a4f3a6
4628 014e1509316d930d
4629 33abbdb4a2b3074a
4630 100e442b3a09c132
4631 ba5a3ee13e5f518d
4632 2e2b15db08f5c90e
4633 24084adf2a90065b
4634 442580d6ef7dc19c
4635 05cc730e61e4f1ff
4636 4db1bf0f9fcc7408
4637 866edbe11e39a99a
4638 6a53e10ce41e94bb
4639 a9d82695911d642a
4640 458c8fc75740a2bd
4641 f2b43bf0ec7c290f
4642 1da569bec065b9b8
4643 81673a10fd1dd7b2
4644 3e26391a0abb64bf
4645 239df7543d32d130
4646 c464495bbe58d5f0
4647 23c2b6328f5b2af8
4648 23253c30d6029d5d
4649 84a27059116b6b46
4650 6b2441f309f555bb
4651 fb43ed11df5e431c
4652 7f66a1e536d90231
4653 2df9a84c2d0d3a9a
4654 78db2ce65f5eee7f
4655 894ac9e4a03b3960
4656 645be815115bb725
4657 125e5be676fe71e2
4658 ca6630f094a2f78b
4659 86e3de21531bd9fc
4660 f7cc0822bf269c89
4661 fc6ada3f84d24c6a
4662 4cb0a6f8c661eb57
4663 99ec8a0f4b785dd8
4664 c5db9d0243e32395
4665 1b90da0bf8ce6cf6
4666 77551a957b33b9b3
4667 f231b3d585c72ae4
4668 e2f0d19df5d1c691
4669 2e69b4c879a6c9f2
4670 2e49bf111adfe1df
4671 9c2e18157641d440
4672 618961e54a4e8b9d
4673 8cdac207dd7a367e
4674 0a135da087d00d1b
4675 2696ade1da3c230c
4676 bb75095d01cba819
4677 6120fcea8bc2f8ba
4678 c517b6fbbfef20a7
4679 2181f6ad9e9ef628
4680 74e2d912d41f44a5
4681 e73db2105f3f9786
4682 5dc9a29505d338c3
4683 12a65d633f229eb4
4684 e3c2e089fcc79861
4685 f57f45a38c1e20c2
4686 56a612db6d3e4a6f
4687 fee40d4a33949490
4688 1ea849ecb554bf2d
4689 88226d329201c48e
4690 a852109f5d1a716b
4691 b9162274a709d0dc
4692 012372c92bef6ae9
4693 1025161897dd47ca
4694 0742ec444d2192b7
4695 ced8abdac4ac51b8
4696 8e68a1a2bbdcb7f5
4697 be34fdb650de29d6
4698 2eada5abf8e26e93
4699 cf4a9266be2f8344
4700 54d65994d955d071
4701 22730e1dcd3f59d2
4702 1c74d43ae3a0aabf
4703 032e58d3377360a0
4704 a4eb9432d88157fd
4705 8b4bff5a10cce4de
4706 1b6c22a6ab5ee87b
4707 9e6f53671023ffec
4708 8b3343278affc2f9
4709 ee4f582bda20a69a
4710 49933df99c7fc207
4711 f88df86cae0ccd08
4712 ff8b4deb93621205
4713 32e14a1cc6c94de6
4714 af986ab1fea88ba3
4715 96e1901ab53f3814
4716 20b36c81418b9b41
4717 a703431034dc2322
4718 c865a7bd26dadacf
4719 58387748d4376f70
4720 18d826f8dd8b098d
4721 644ad5d8609c5fee
4722 d41454691d9377cb
4723 b34338f5d017d23c
4724 51848904d8ada6c9
4725 c36a427c746325aa
4726 febf1dd2a191fc97
4727 3e642dfa1bb71918
4728 427a6cb55cea42d5
4729 925bc2ea9669ca36
4730 a9979895bcff20f3
4731 d70eb70995a42a24
4732 4cc456189d170bd1
4733 55daa6e4ffd41132
4734 f4b5edfcccdfe61f
4735 df30d9328444b380
4736 12a27e21f4684fdd
4737 22d1f118a27456be
4738 d12d5e23c0852d5b
4739 e65231abe736124c
4740 a8fe35fa0de35459
4741 5670aa5c44f482fa
4742 1a44154b5a98e1e7
4743 1b5a226419263a68
4744 0bf48929611bd0e5
4745 287cf438b895ddc6
4746 469ab613f0918b03
4747 ec87e67f0d689ef4
4748 3bdf77f7af20dea1
4749 5f19709d95b46e02
4750 8f2d1765ec44f0af
4751 93dfcb168c75f6d0
4752 9e37a4ed301caa6d
4753 54051c4d9eceeece
4754 16ec89eca27cacab
4755 464177fab213bb1c
4756 d1bb88839e642f29
4757 73c5b3143d6cd70a
4758 575982f740d4adf7
4759 498195e71980f1f8
4760 4265c07e4dede035
4761 edc6bad84acefe16
4762 7ae4f31ddd567bd3
4763 e2598e710acabb84
4764 3f2a2288ce5ac7b1
4765 54036657859d8a12
4766 71dc47fe9776b9ff
4767 e37c9ff6342be4e0
4768 f4f6d3b8657b5c3d
4769 30a75288f2dccf1e
4770 4a40d6a4407c72bb
4771 40458c5797e6d52c
4772 7ec7c0a549617139
4773 f10ac01ae835f2da
4774 502b75c9bd2fb947
4775 3ed019527dfe3748
4776 c80964e7123a6445
4777 63cccc677cacda26
4778 54f4a4ddb9ce2ae3
4779 2a3a9751b8347954
4780 d10f4175ca3a2d81
4781 24fd398b65ed3e62
4782 fabd6af3ac6bda0f
4783 0e518df07b5eafb0
4784 95c14f9454e14acd
4785 9a9e1506fae1e28d
4786 3edf400c05b0a7ff
4787 9e89615f8feaf91e
4788 a431f1fc9e448c70
4789 066a72c1fd7fa56e
4790 8b25de167de6586a
4791 713cde828c9355c3
4792 ff41acff2c1884fb
4793 5bfed6f3ff99bc7f
4794 299b6918acabfd55
4795 04067bb8b0ccd1cc
4796 e6dbff90fe65f4b6
4797 fe6d512a51a7eda8
4798 2b33580eab9c73f8
4799 62491e6326423899
4800 7ad7aecc82a4a951
4801 8731ac88c9a87029
4802 57a3ccde503063a0
4803 7d8fa2402a7ae132
4804 4d5395cad1c6a70d
4805 5c5ce6f54aae1345
4806 711ec6c4f45ee70c
4807 e6044509191ad086
4808 f9cb9d42cc6a484a
4809 5e50504d9adef85e
4810 0aac6264b2b29b0b
4811 8e8d850f07fff8e3
4812 9630611dd77b8a06
4813 60a0feb2b7388bdc
4814 5d085b44ffe2070f
4815 b85d95dda173d127
4816 d80f0ee26f31014f
4817 7c93a62f02e8cc89
4818 8f87291dbe4db79d
4819 bcd4b8c4763054a0
4820 5cfeca2b0b85508f
4821 10fae360c22dcde6
4822 b297effea8f510a1
4823 96f2c9171dd269e4
4824 ee2039b1d79cbd4f
4825 48a2fe66d5fec308
4826 df5c3c65f115335d
4827 ce4bca0aa9a363fe
4828 4433b9666ad0bf4d
4829 096d1bf5988ea87e
4830 cc9cedfd86ba9a6e
4831 dcd311f4ea8e9f1e
4832 332990d301420f1e
4833 854b3c716c3bb408
4834 2d80c2ca4ef06eb8
4835 c09bf1a696f069bc
4836 7246440c01d71779
4837 09baf8d9e0c2e468
4838 e6770cea74da586a
4839 09c011d5300aeb4c
4840 e98c12bea1daa429
4841 4af1373ad663de1b
4842 465be06d31def37f
4843 38edc36af67d7e5e
4844 c77ac304bffec37c
4845 1047b5d6b7eb1a06
4846 0e87ae9516c88683
4847 f59c7e6bcb7d9ba1
4848 1d9dc809855fe79d
4849 02a82dd1b513bc94
4850 65546823c4b45896
4851 1d80cdfb28ebd820
4852 63cb0ce97da2967d
4853 50c7a64a3cbdfdbf
4854 18027d9fc8c83beb
4855 df3402a2854c34b2
4856 5897677cb5d85950
4857 8fc752ae009a7b82
4858 67450cf239d8ee6f
4859 8fdcad7adb66a07d
4860 7054105ce53ae041
4861 dc43e713d221db20
4862 6366aa6dbc8b6662
4863 1860e16342af7de4
4864 4d69f2e07b335321
4865 d2d18982a0d63d33
4866 2146b918a4f4c537
4867 77064b7324f136d6
4868 55049371d2fe6a94
4869 689c73fada04d74d
4870 e3b2057490515f42
4871 3925e9aafa7fe138
4872 efac58e4bc6001e4
4873 b60087cb377a0015
4874 8201010ff52160cf
4875 a94236bbc482a471
4876 ae31d4c863a22084
4877 0c903a0109334c6e
4878 a28c168df8e3fbea
4879 54dd477fd06e5d0e
4880 b698b82718e8af3b
4881 1269907489e086ae
4882 1f7823d4aa81088b
4883 32faff7b3afb750b
4884 b8ab5a5458d3ea75
4885 e369a32b4b480c27
4886 2cf31e4086b892e3
4887 e9152888ce02b2e3
4888 67de5eb59fa6ce53
4889 1b81964285089bc3
4890 39ffdd9e73234e9a
4891 13965a180a704637
4892 a038e83372fa8494
4893 917733c10bfabff5
4894 14bbecd8b0376b87
4895 b335c955288e761b
4896 75fe2513c47b8aae
4897 bb9229ef1b6f1b73
4898 5d9ca1e5c1f0a3a9
4899 214904729800cf87
4900 47b7169429364898
4901 c07bf6095f28c225
4902 6d19ae0b5d60e3ac
4903 755d0ecf78ce2769
4904 7185a70a03c6a613
4905 fe5371a637bc0875
4906 6da8e1d6c0209f75
4907 8daad04365ecb959
4908 343b8757015b7869
4909 90eca93c11e70cdf
4910 62c2ef476b945300
4911 a6ac05bb7a805119
4912 d88b79e179676fc7
4913 6a917457cf19fc9d
4914 387dc6edee1c4689
4915 9de3f5cdd7d55333
4916 beb525f2a8f5e683
4917 e6567dae40c04287
4918 9101008efb7c9a69
4919 f4abe0ee88f30c8b
4920 555bd50c5d11169f
4921 c745450b95273e0f
4922 46272f30f5023e81
4923 1fe09d739172938d
4924 465686906a119693
4925 6475968ba7efe04f
4926 a8df98662d4a3031
4927 1a2e6325d97466e3
4928 6562ca08038bf18e
4929 06cc5bd07c256ed1
4930 15ddc714510b59e6
4931 c24fbd61398ffde3
4932 63787879847af3d3
4933 81bbb06f33d0b087
4934 6eb5d7eb6381a589
4935 1dad83c563390af6
4936 308869c1393ed03c
4937 835b016aa2c2069f
4938 39d6613a0318e03d
4939 6810fd73f850f121
4940 dc60e97f5ef3c5de
4941 4f0155cc851a7513
4942 ee98bb4f5f4fb760
4943 43e69e922cd63ef6
4944 8e1dbb31a0f4ba3f
4945 9aea2c572c956184
4946 43c55e2c82d0e2ca
4947 1b45bdae153abfbe
4948 86a488962f1719b9
4949 93fb1088449794c0
4950 895dc7a9d5c66884
4951 b2e2ac5bba09c436
4952 eae30b23e61ba1f3
4953 c72f0ac9a30d07dc
4954 326f8359f2daa926
4955 885087c293dcbf2e
4956 306c8a61691824f5
4957 2690802e75234090
4958 7609201e04a6a0b8
4959 96abb0a1cb6ad4a6
4960 987895c73c4fc47f
4961 1f8f54864cd672a4
4962 86f8edf5fabe1ea2
4963 5a495e4d86ffaab6
4964 ea507d488162be29
4965 65d38def831cde10
4966 371937a626eab5dc
4967 c1a9f692bb49e0a6
4968 41fbae279a576898
4969 82bfb6560826dda0
4970 b7512cd28bb3da22
4971 e5cf0d722827e270
4972 a006dfe5c329b4de
4973 5a0a9debd12294b0
4974 71936b6445555b3c
4975 3b94793eb7f0e886
4976 18512854109d9118
4977 aade5e515a50592e
4978 c188a8e745a5c624
4979 1ffdec36ddf7cc86
4980 de2ca617c2db13e5
4981 5f716c16134726ec
4982 b586e0bb611ecb0c
4983 b6691febc47f4ff5
4984 45a97379c314d1a5
4985 c60b08622b1a5b4d
4986 496e8cd18cdb0721
4987 b76e04b60a8ffd35
4988 c31fe720d4ecb445
4989 0adec0c04ff974bd
4990 88d24ce87b9bc029
4991 de4ce5e718d37c7d
4992 530dc4cf1cd323dd
4993 3c5fa719ad6ba442
4994 4bf6b63eecae2e31
4995 b051b9c7709de240
4996 7f6691745a2e69a0
4997 9f7d03445817f678
4998 4950b85114857020
4999 f2dbf4261e4d5b44
5000 b0c812af0fe687a8
5001 927dbccb7b6144e0
5002 f0215ed6418cfc40
5003 759e78d92848e0a4
5004 d0087eea86798090
5005 59310d08b6825250
5006 2148450e9982c088
5007 2af38de7ce15e08c
5008 e84fd0616dac50d8
5009 150debdccb5c6ba8
5010 220758056f958040
5011 9b5206da00ce73dc
5012 264eaba56f1fff38
5013 c6fa7aa446bee21d
5014 b180afa1e7b8b159
5015 e4a8de382e9c8025
5016 884c8ce3bcfa763d
5017 45f2ca725eba7825
5018 9a0f2f2c99d81b61
5019 4cb65c762763db95
5020 d319f3a7f98a8d55
5021 ad1ab16c35d8bb65
5022 9d9270f4d642d281
5023 e4f001fca09df14d
5024 8fd8b29dc101c375
5025 71fc2dbd1bab8375
5026 b1968c055005d8b1
5027 e88d77f2bc714ea5
5028 f6f815561781f6d5
5029 f1c6ebe7ac2a765d
5030 e8e3aac7590cfb99
5031 cfc36fc56a52c2cd
5032 676599c7526ec365
5033 30eebff2ed4b954d
5034 8c0a4253cf7d7329
5035 2bda0710c8c5db25
5036 33054a4f29ef1eb5
5037 b38464ec0730c80d
5038 cd873aa3e28de089
5039 29da28138cf76a05
5040 9529c69d8c19654d
5041 0f43c940666626cd
5042 d79f0d33cb589209
5043 e61dfd39fdcb9dcd
5044 2189e02ebbe42d2d
5045 c7cc2f48a0b39bcd
5046 de22d29423ef2eb1
5047 bd1b0d93e3f480ed
5048 094b8c5da47814fd
5049 cd5ba4b961e67c05
5050 b901bceccbbb3329
5051 c64d3c6126dc5dd5
5052 5c2d3b7e2d811e95
5053 dc3961364050c688
5054 79080a96f695c4ea
5055 685c247bb999e175
5056 5718bd195908e3ee
5057 d607716bcf94e826
5058 53cc372c1ceb88a3
5059 3b38b38b1e59c899
5060 520c603e62294198
5061 9d3d9448305569bf
5062 04cba5251a3cadf8
5063 2d5851804acf3adc
5064 e09c022933b541c7
5065 26b5bc4ab849905d
5066 0ccc4b05d1d17ec5
5067 0f7c505a4aa41efc
5068 cd55b15be2e931cc
5069 e6a54fbe78e1b938
5070 d058c71937b1089c
5071 599e278589f1f788
5072 d07beefd0551c88c
5073 01172fb80d951b7c
5074 8a39862a7df74600
5075 e28ea97c541ab38d
5076 ec7a3e8970628c79
5077 20f3fa6308eac159
5078 7ea5851165d5c713
5079 9d7fd257b564d8f3
5080 2071552501d8853d
5081 dc297b0d34821725
5082 2a5edc6a723916ef
5083 738b58881691940b
5084 519ef2882d42717f
5085 185e06018d360615
5086 62813ac26ed51549
5087 e96fc078fe1cc75b
5088 9c674c442f28d973
5089 b1c085fb2318a113
5090 7cc9999c610053cd
5091 9337ac6ab1a02981
5092 bb3435e9b47c56e1
5093 869a910e2436c691
5094 ce66b10fc0f97cf9
5095 88b3d8bba23ccc4a
5096 fb7c0233ae353dde
5097 2fdc2007c1229864
5098 50723443f7483b50
5099 8e8134ac1055c8bc
5100 b3267cba8cacf406
5101 7df3f084524ff236
5102 5dca53b1ba2c43b0
5103 2e88dbd3130b7178
5104 c4ff70d6e14c295a
5105 770ee693722606aa
5106 cc7327cdd6e771f6
5107 3b34bb5b4bcea804
5108 1a8d9afa80c6711c
5109 594ad4f136b0be60
5110 6987ad62a8765158
5111 601f709477770f74
5112 9c6555e246e6962a
5113 c13bd4787570d602
5114 533201cd9c79eb50
5115 908b7c2fefba804c
5116 d988d5282c8fcebc
5117 04ed0f6f6112be86
5118 327f878a3a491f10
5119 95649aa69ca2973e
5120 c3b640ead6de5336
5121 e0763042fe186ed4
5122 4f45c983703b4398
5123 a228224ac2f66984
5124 6e19fadae99fa1e6
5125 bfb62a652e1fa964
5126 4a429cb867b97ac8
5127 c2f85b67173dbfc4
5128 3fb9696286d70348
5129 ea237cef04748f16
5130 578ff6c7cd1d9a32
5131 8c3d7bd518fd716c
5132 a3763ca2619209c4
5133 16b93022937b62dc
5134 595e1b9ce9475d3e
5135 a666c698e821290a
5136 439daba575566c87
5137 df44055685abea6b
5138 0c4dfbaa5016c817
5139 a9f996f16545e495
5140 817af9c302253a0d
5141 b7c980a44f3c7ab3
5142 23286dabbe72535b
5143 cb02810cf3fd41e3
5144 15a96fdebc48d127
5145 dfc3db33e928d207
5146 4acbe54b39ac19cd
5147 7ffc9d516991787d
5148 22d63b6d606d34cb
5149 1165116f1e132b83
5150 42188ba97bc5dce7
5151 34b41e0ea1437441
5152 8b0de2197c802339
5153 6dd6e486b0352e53
5154 8215d51222f1a985
5155 2c4a1e7a900ef488
5156 aee07350da9c20fa
5157 84f170d7896d63f2
5158 8a6fdaf18be167e4
5159 e2db2fedcddd026c
5160 0b7767569eb70f95
5161 745396918afc6989
5162 5a179d29e49c4519
5163 55e5649e643a455b
5164 d61121857fd58c1b
5165 bbfcf7c3510743bd
5166 aa360a97064c1bed
5167 16db60588d1d10c1
5168 dc3dbb188af528f7
5169 b5418a462e56aaf7
5170 22d9af81682c54dd
5171 0736b0d2ca702d69
5172 e5a8b47de683a831
5173 0ff9ad430c41d35b
5174 bef66cddca87fa03
5175 975fd67ee33b81fd
5176 46047a2b2d8a838d
5177 9fe4cda76c3560f1
5178 d9f61d7d38db8251
5179 9af4e27104930a06
5180 3e6ab6e0cfb1b72c
5181 cb60de89f86da28c
5182 a40dca9376ed9e1a
5183 c0ab17bff1b4645e
5184 d2362d460977205a
5185 014ac7503394e664
5186 c31a1524ddda1657
5187 c5f5c841500ee919
5188 6c5a5266326e55e1
5189 ee1df008180b1219
5190 ecedeb24302c41a3
5191 36af7e9e7443deef
5192 5fea7268129170d5
5193 3fb7e60296f60f59
5194 d34d6a6b15338615
5195 959bba3dd6e6d291
5196 e181a27fda867585
5197 365a0932026ab82b
5198 d3eca7ed813b947f
5199 fd854c93bac39289
5200 77a2828ccaee8a85
5201 9c8fdd03a3bbbf4d
5202 8577765b227495bf
5203 744d63a72a4a0a0f
5204 278fdaa161462839
5205 dce5541ba7803ef9
5206 92b258016b46514d
5207 cc2eeffd72ccb7a3
5208 04503b4e0170ee0b
5209 caf95d6efeab8c19
5210 98610e7c9aa7447d
5211 0945407f96edf425
5212 716a39f8adf18f6d
5213 36305ebb33c60891
5214 205ec537c0a82377
5215 8cc3cf30dd06b1bb
5216 1a8e4575179c5b53
5217 7419b1b5c6419de5
5218 613f705a7e397b3d
5219 452e96b2774cc1c7
5220 c1fd90859e2b396f
5221 a6b576c866342729
5222 745e735e859bb6d5
5223 35c5a7e7a6a41549
5224 b601d45bf2b0084f
5225 732e4615ee9a23db
5226 b261b95a47c79a3d
5227 63c7f2a14355389d
5228 ef86e29f4e149bd5
5229 fad863e695ae1abd
5230 eb916956aca07031
5231 4c02abe66fc99f13
5232 36bab32bc0d2b4f3
5233 17442dab9bc96923
5234 7f9b2f56b8c7b9e5
5235 5b52efc7f7240b79
5236 d41951075a2c3ed7
5237 8d1bd78c61a173a3
5238 404e006cd1009fbd
5239 204acd4b7ad61541
5240 997bcf3794a1089e
5241 698a508a63f73814
5242 629ca75254632c8c
5243 27ddb969270a2204
5244 3bb70c30f49eb3d4
5245 b707b981d1c5d63c
5246 d6796211d0bba15c
5247 fba54655c86a3167
5248 b8675dd1284f4ab5
5249 ce54a53f5b4aa3dd
5250 2280bae44f680375
5251 79270ce73ff680f3
5252 e4cb3d0b2a141b07
5253 e80217a00360cbc9
5254 6a9e1738a18118ed
5255 d0f61e7ae9315fb9
5256 906ba795239319e7
5257 e9ec599b6e8ff3bf
5258 002fe0f10956232d
5259 ab4fd0e1477851c5
5260 b1372b174f360e7b
5261 2afcd8f98c30bf1b
5262 ad8fe15e6f42c4ef
5263 418454a2336eb167
5264 8dd07f2ffe794d07
5265 0f8a0e9b83dd39fd
5266 ccdf83df69a9ee72
5267 47db396c627eeff3
5268 e130f1024474daaa
5269 53434c5194610707
5270 4096eb0b88a7b76e
5271 4f7faf299f10abbf
5272 6b88a92cc57ee34c
5273 335c106b42d3818c
5274 9807202baefa34e9
5275 f31bca06b69cc369
5276 0f7d181d323b6dc6
5277 e382b72259937eaa
5278 4cfda168ed068190
5279 b4fb707d3970dc81
5280 2470e29146e5a377
5281 265884ca2bc26559
5282 643443def4d6423e
5283 9ff4a319baddf86c
5284 9889ef499d64cc32
5285 30962f27f28f7b26
5286 def868cb1f2195d0
5287 732964ae4e156c3b
5288 2e53b69c7970348d
5289 fad883fb75d47f87
5290 3717b4beb1b23e5e
5291 a632f947241e2398
5292 cab1febee40132a7
5293 716911e229516fcd
5294 b72cf0c1421d3fd2
5295 3492fa09d5eef89d
5296 7e4c47ba183f8d52
5297 8be7c1b5526fdc37
5298 c682f525d4c7b419
5299 7bd7afdd1ab4038a
5300 7c1bfa882e764301
5301 62a74be971f4ef2b
5302 4fcb013f7dac2f7e
5303 c630712cede472df
5304 413be8c17578387a
5305 6c4248e02c519e52
5306 dae6c81b20cb465f
5307 75a6386c2c35e46d
5308 6bda4cc88e66cfcd
5309 67d1f6aa2cb7e15b
5310 b811acbb2da73b17
5311 97fb86f0093acece
5312 12512984061a1560
5313 296967bc9c63b508
5314 21070458a6560973
5315 b5cab674991d341f
5316 b9f6ce8e4fd4da4d
5317 f5b345870f58ce25
5318 a413f03df83e886d
5319 17fdb2c69ad10782
5320 d17dae3ce2c4212a
5321 92a957a47106f210
5322 9f72e4703d4f583f
5323 3cfe9c7b6dfb6b6b
5324 4294d25faf2a0838
5325 5747024a7f0932ac
5326 a485ac2a2ecf1479
5327 712b739a7a734ff8
5328 f6132d6765f5402b
5329 62d989a79d76fc84
5330 d2d15abb115d4e06
5331 6ff880bd26fe0530
5332 0fded374d7573abf
5333 f16f567bdcd2400e
5334 7f03dc2029e2106e
5335 7bf02ade073cc8a0
5336 da982dd5a78a4edc
5337 e1eb2a1a76c8a2e1
5338 c8bd46aca5f16f24
5339 3212a5763de8c54c
5340 fe3bb1e9438ed80c
5341 c5d5d20afc21e45c
5342 60c026a6d66fdbc3
5343 70a2da5b7bdefc4f
5344 462690686011a702
5345 e836a9eeefb4c174
5346 dabb035d1261719e
5347 eb17f0aaaa5e53bb
5348 cbdee49a9bfe4664
5349 3fad3211728ebab7
5350 36c2ad4de7e6d937
5351 084d7b68596285dd
5352 c39f3b02e2e382ef
5353 9ae3615c9b1ebf84
5354 a4f604213e1c01d5
5355 4c8f8edd3bf0ace9
5356 0ccffbe723bc4e47
5357 755e5e4014e821f3
5358 3cc3cc6e074330d2
5359 b73a228ea5c1b9f6
5360 e170a1bf189eb2cb
5361 9a6ae296a5587237
5362 f004b56e03b6c485
5363 df526afe1d4ae5ba
5364 a79c55fa391476b9
5365 6136092ed72210bc
5366 d1e7475906cd227e
5367 c1d23b9e5188f43c
5368 9ae0d37ba22c1c2b
5369 81bed5eb9db00f91
5370 6cbb811394e2b668
5371 4275e45dbf28d9d1
5372 7957e7e2384df381
5373 a63c5dad1e12b4b3
5374 9ffa8a8293735d9d
5375 0ce3b65f1480a5e5
5376 4055db19142e8978
5377 edd5f990e93893bc
5378 1dad572f9b85ff5a
5379 c9ba0d7c1d4195ab
5380 2ae8ed2541d8daa6
5381 badfff9627ef3a55
5382 10affb0bce926595
5383 8e98a06b352b1c6d
5384 8e2efa1595adaf07
5385 0e36efce683149ac
5386 06a6a5ce300d28a5
5387 c0903bffb495ce95
5388 7b7e71f0be36c0e7
5389 20bad4d7fee7553f
5390 830c76bcefb42732
5391 63ecfedab9694c36
5392 1617153ab948e727
5393 cedeb8b98b46430b
5394 7914b6b344b12a79
5395 4a44cbee19778f61
5396 08478c0824675bb5
5397 635e303d2e45323b
5398 7813d2efa02d1bef
5399 d2df4b567e5df7cf
5400 12bec2f615d9a207
5401 b9304079dfd6e763
5402 97e59c365e186c21
5403 3f3fa302e322fe31
5404 53e9ccf6bceef54f
5405 338ee35f8334f153
5406 59027c5c0097f2cb
5407 ede59fde3d2e562d
5408 beb945ae13ba1d85
5409 5e5f15aa4234634f
5410 5061a3b65f1383af
5411 fba1dd6524ad9ea3
5412 dd43c2452f7ea005
5413 4a124c2b790f1921
5414 1e20cc3b1fb0dfa7
5415 67fea03d7a11f8fb
5416 18e1ce65ed1b30bf
5417 e601b6fb161783db
5418 cd709b0d6c035337
5419 9a5f2cefece789f5
5420 4c95b616b4480747
5421 fce3c490ea227001
5422 d4986adc9e3f015d
5423 c077dbeeeeea037d
5424 cb23cc323e415643
5425 210e9d2524e1a1a3
5426 d11d89e2a2b93f99
5427 c5963cb325be9179
5428 304da81c7ccf0105
5429 bcb64c040f47b553
5430 4441726fcf956347
5431 03bbd5d28a5f3bc9
5432 e09adaffdb098705
5433 62e220bdade24a81
5434 ac2f0a92cd71db68
5435 a749ca102009a6bc
5436 5db785a337bd14ee
5437 aad41d3d0a46f36a
5438 52fb5c363b3300c8
5439 74a01347bd6db615
5440 7ee9b45e8d0980b5
5441 226ba5a0b1a3d7a3
5442 05c9aac1743ebfef
5443 ba0f88fc93d74f71
5444 7aba864d3d6e5bad
5445 0d0a3b349df2a071
5446 6ef9a56a54488fe7
5447 3363a695ea173be7
5448 4a797d7e2cf317ed
5449 09833428da816325
5450 5e864475531a95ad
5451 ece00ad979f04c51
5452 f302360e0fc52791
5453 9861414af70b6e67
5454 6687754808360607
5455 393e6beaa848539d
5456 e63357ed3bc1718d
5457 f8b79b5a98eae7e1
5458 4af46b434cd21803
5459 1202656410171843
5460 d948448198b9e17d
5461 644ba02893cd6919
5462 a30b916508d2d589
5463 67c3d6dba0b9dedf
5464 ccd09a6077ceece4
5465 55f6b9a49ddd41dd
5466 d39c4bfd83499fb1
5467 34d9051062edb408
5468 82b434595b48c6d4
5469 cf3acf9c7e651c3a
5470 f8b8d53b5f107261
5471 5f1b20012dca40eb
5472 2131c076e5c8bf8e
5473 6bee8f9205645380
5474 d3ae55fbc375a3c1
5475 e4c56d00daf27661
5476 c40067d31145bfdb
5477 836477c0b90fb552
5478 ebb05a0907c0f174
5479 034e0bd1f1c5ddbd
5480 1938ea26e5243da9
5481 a3f7714abe22a0bc
5482 df67d86c3a714dd1
5483 2989871c2b295341
5484 f855c40f5fe734d0
5485 6c379a8a0b9c9e16
5486 3e6e5fd330adb9ba
5487 69a1e3950fdd4d38
5488 f44dd923a37fbdeb
5489 d735b4bb7c22a907
5490 4172634ca0fd2db5
5491 4ad32f1c9ffc2e6b
5492 103f48ae93b9fe9b
5493 ad8d1f72c29aeb4a
5494 cf031b94ef92f38a
5495 c664eac8d2883f7d
5496 c40e17602bd3c608
5497 d2ec8064dc56e9c5
5498 b524f221893c7d67
5499 962fa6ecd6159fbc
5500 94e8eb0f4cab4b5e
5501 c65706248db403c4
5502 000cb62ae4477d5d
5503 9394678fffcdad99
5504 329e3a785a8cb10c
5505 57816b2120c3dbdc
5506 f6d9b2f97da3791f
5507 89b57b4a6126ea19
5508 b9b8fe1f9f1f8b6b
5509 9db5596c17449d0a
5510 9413ffb469c7592e
5511 05bae42c8a9c7bc1
5512 3a209fb0c9ae3763
5513 46481502c51a8d4a
5514 ffbbb1d6b8d152fe
5515 0d8d79f0515a2cf1
5516 b51bc64dc631b975
5517 b455f80d1240bbc8
5518 e82dfff099bb666e
5519 43017e4fbaafc8e8
5520 06f5cd0f83430207
5521 3f9b4bd18a48ea57
5522 ea713c19a1d03a8b
5523 37108b584176f0ec
5524 f2fbb9afeee247b6
5525 94f959c4e67f400f
5526 71fcbbce363c86d1
5527 49c1554024770d95
5528 f5f2724a13005279
5529 afb625404d12b1ab
5530 62ec60cb72791bff
5531 4e168f28562bdbd5
5532 13611eb55ee01766
5533 ddb9cf77c5dbd5c4
5534 b86715e972e6f1e7
5535 9b5181ba95558534
5536 89073c8e9b6bcccc
5537 5afe0356bcea4e68
5538 61ada45b7c5b8a4e
5539 f6661e9f7124d90e
5540 1ee92b51db82cb56
5541 5773001322e66534
5542 1dfa67bf33183768
5543 d7daa6a63faaab8a
5544 38f4b2d6f3f810d6
5545 57d1d5b027a0fcc8
5546 dda6ae88717dd32a
5547 9acb46700680cf62
5548 4dc7a64e82b7cf0c
5549 a1cb1a56e1debcda
5550 1e0452c2ccfb10b8
5551 5206ba70c7030ee8
5552 866663607309c506
5553 45291e6717a302b6
5554 3e210c12be305ce6
5555 889fcb3d196adde8
5556 475cc1bad5f0f448
5557 c43247f35053aa44
5558 982e4bdef7446e5a
5559 97c63b8a75b3d0c2
5560 ac83aad79f743450
5561 c03331c106be7a2c
5562 2a277922eee7beb4
5563 27bd7253367e7bf6
5564 4829378ea52e38fe
5565 7f71f83e72b10398
5566 95a0e8c81c42ad90
5567 bb54cc745b02b3b4
5568 3d600b2841f7d296
5569 d2d755500aed9cd2
5570 f37889a794421f16
5571 1eab7ff8f77be36e
5572 37ccdf26ea8328d0
5573 5ede95274dfbd86c
5574 5661f7dce28e3650
5575 5d09aadb7372d4de
5576 46ada54969ec611a
5577 8f1d716c6ae1f224
5578 d96569a08794219c
5579 dd81464c8b15cb3c
5580 fdf84d38f561e8de
5581 469012817e2e4f82
5582 750bc144f1efdbc0
5583 7f20b861277a0d9c
5584 d15e00052610b488
5585 1405e9630e199b6a
5586 a0ce4a172f9f2f42
5587 d9d535e2a4ad4bf6
5588 05ff8860aef07052
5589 34b75f0fdb65a03c
5590 c6b2ee323643bb90
5591 67a0be08ce7370f0
5592 d3c805a16d57751a
5593 addabac0bcb82e72
5594 437972fb625b2dec
5595 6ebab111d7108cc4
5596 bc2f8eda7f6afb00
5597 ec640ba0ab3e1150
5598 4b449b24a5ee3824
5599 53d3f6926a0a589e
5600 2fc66f3d2cae276a
5601 4dcdeeae0e3e2a9e
5602 ee8b9bd0e5047b14
5603 2a9287a6b3f45ae4
5604 22c7996979651f58
5605 27a9a801509668a4
5606 bf578232f6aed761
5607 76f7499368c8bb67
5608 cc83313c69ce48f7
5609 d404f0ebdc5b8e2d
5610 81271cc07abb0a55
5611 e7acb335f04e8ac3
5612 810cb135767daddb
5613 bd59a8ddc1f9647e
5614 ecee78c056c79ef0
5615 ae3237fc846bf700
5616 b735218fbc041012
5617 de7839b5b7d71156
5618 4755cd65cc1e2556
5619 359013e81bb1e8fc
5620 37407db357dbdfe5
5621 92131ec59af769ed
5622 faaf0728bfee9819
5623 b55294d41d9faa61
5624 f850dfbaf537982f
5625 dfc0de892480650e
5626 7306b4669794b24c
5627 1bd41df7a9c3c0fc
5628 539d42002cde0f7a
5629 0177ab4978e2217e
5630 3992992f7206037d
5631 25c22cb4d54af6bc
5632 3ba5462fd2237bc8
5633 0d01ea76f622d08e
5634 a95298ab0e9f3efe
5635 88963fe8d41dcf4e
5636 bc704f9b34b6992c
5637 55b17cca30244340
5638 092b5939eac819e8
5639 80f20d5853fed780
5640 30a818bb3436efc0
5641 7fc2f44c3889038e
5642 cbac5d6a13541742
5643 a5603c74c10a3cdc
5644 48ac05c2705b0990
5645 f88c5e533f6c41c4
5646 22a2be71fecdb4e2
5647 d4535f8be9e94ee2
5648 f13fb79578d34b88
5649 117ed49b5c3e3230
5650 7df31696efbc3c76
5651 b000cd1a269f716e
5652 912fd5bd6aa06432
5653 79813ab4541805fc
5654 c888d81f0aa1e23c
5655 24ff24d7bc6a56e8
5656 eca2a3931a294b18
5657 344b383179ddffd4
5658 dae215c74a8188ce
5659 639cf81fe13b7e9e
5660 cac60a2496657be8
5661 33d0b9f8e901c934
5662 7b3fbf8c8f016dac
5663 a1399357b379ea32
5664 0df255795e542652
5665 aa6fcbc3355b8fa8
5666 f87558149e9063a8
5667 05b94734c2264346
5668 db6a780a25509942
5669 35a8ae5f0753f06e
5670 20c57c465f4e58e8
5671 8c1bb4e7d8f13bb4
5672 a132eb566b22a528
5673 0ed929fd4c53af1c
5674 60e91f5cc4ac37d0
5675 dfd11a85a79acc02
5676 2a854495d94b15be
5677 a9b11c037a1839b4
5678 9e8a2c6c66b071d4
5679 3c6511a29e8c0894
5680 4b0b39cf9378878a
5681 b4699c2e462acc96
5682 df782413ae5490a8
5683 153a076e66cdb8c4
5684 7a32d01d32977188
5685 6d2677fe8ae871dc
5686 a920367985f151a0
5687 16cbe3846d9c71f6
5688 b5ecbec9903be1ca
5689 cd7a2fa9a1399f8e
5690 0d56fa3ac036ded2
5691 95e672b77f3639a6
5692 752405e9b80c9a54
5693 14c1bdef569e5cd0
5694 55529f5d1c144f72
5695 59c7aa6c9c559b12
5696 d33ae03400c0c0da
5697 464634320945c2fc
5698 9186f3587dc0f228
5699 ba67c17f2f656b46
5700 267ae18f0aeb0bda
5701 1a2bed236805d806
5702 a75d829e46ae87b8
5703 a8a6e78dd9a2e3f8
5704 d352bce7e887e4ba
5705 28ab38a647047a52
5706 09f01705fdb5c2f2
5707 b5a165407e28eaae
5708 821c1e6d6014684e
5709 eb1a2262842b4370
5710 8b0e82bcb20e87e0
5711 d7d71cce20a7601a
5712 4312777f2fc33dba
5713 95fa4d667eca982e
5714 6496c5affeb9ccec
5715 a1232bd006338a84
5716 78c65be4674e3b72
5717 e89b4d58cf6fc866
5718 c13c52c326b3aea6
5719 e89c45fbae096ea0
5720 1cba4b812aa428c8
5721 b5f077f81cf52be2
5722 c0976820ca4024da
5723 bddb098bda3ffede
5724 cd8c7519c7986dd6
5725 7acd206788ede4a6
5726 1ccfd72c43f728e7
5727 fe2d2b722a19ffc0
5728 61c7231090377381
5729 97620634dc7cfcbd
5730 b0443be0ae8c64a9
5731 cd18ffe4cbba870b
5732 6d42829d8c2d99f7
5733 6078e0516b197995
5734 e8e0fb7b406ef375
5735 a69e480de6bb0a9e
5736 6adb16cde64f3fd8
5737 a17f3b26649f8ea4
5738 b74b3e7c1737f1ca
5739 5dad78c3981a49b6
5740 795727fd631a9b82
5741 235540f5ffd1b786
5742 07f52a0cd985527a
5743 16b27d84e18054e0
5744 12d1ff65b0f9e194
5745 823600c035854f76
5746 fd8722e4ffc149b2
5747 2cce0a43ce072f32
5748 4094b5797ececef4
5749 8f0e8261ef71b0fc
5750 347229a42a3791d6
5751 9ed194f9c313a3c6
5752 c07726e893b011a2
5753 0dc3ca31a376d608
5754 b6739f4fdf72ea20
5755 cc6577f4d8cc961e
5756 845f6c7859025b4a
5757 703ee348a2099aaa
5758 932024d48624e632
5759 84ee96ea0ad8a426
5760 27ff2042e69ce13c
5761 bccfdd1edc40dad8
5762 24522072c6c13110
5763 8a646f4896c20c82
5764 3ce504cddba15282
5765 9037bbfb41a72744
5766 e1ccad07a657f8fc
5767 5ef2ef924ee63b06
5768 4db84aab80f8bd52
5769 c2a1d2c581088bb6
5770 b20caf6503435444
5771 d8233dddf2601da0
5772 8d21da70ecd954ca
5773 90eab521e0c3264a
5774 ced85e4a7a223be4
5775 2c10cd1359550338
5776 6f42346490918790
5777 b67255dbec5ff532
5778 ae6fb374bdcae56e
5779 863aeed69e73b1e6
5780 0ff4230f2eeeb98c
5781 c76e64ec22a4b724
5782 b731b3fc6a520f92
5783 9c3dca9847219402
5784 94fece8073e254e0
5785 5ce59b5512693b7c
5786 db7e17bc5d820270
5787 02cf38d7ae31faaa
5788 7aa3f3cc43385946
5789 54c94f1a2d815b45
5790 a00410626ffabd6d
5791 2b2fce02717c1ecd
5792 2f39132ad98b125d
5793 c57eff8590de3b39
5794 5688320e441b9ed7
5795 e5b317d9f60ef6ef
5796 860165673bb82fbe
5797 213b8d3b2c519794
5798 bcbacf80ea1edb38
5799 95fe8311de01894a
5800 5c006b972276952e
5801 ee67d96a7b4e2ef2
5802 7792d66d04b6cb68
5803 5b1b0355c41e61f8
5804 79bebc12860e5a86
5805 6e95079ce5910a36
5806 345f2e2955d4e675
5807 49d3a2978513af45
5808 fe9af34207753bd1
5809 5ad8517b38bf1101
5810 6ae0096e68951391
5811 185b0da2a342f3d6
5812 77f061ea191e2b9e
5813 f369b7a8ed6d05ea
5814 7fda4ec8b1f282c4
5815 a0e0451845517a44
5816 571093985bc31156
5817 6b0534a5f21a6882
5818 b29ed0d93f07828a
5819 1888bd3840829310
5820 4eb9ab1ce0de2718
5821 1d7df51e4bab0b34
5822 4aeabe13e53b203b
5823 f5ded5392ff0c23e
5824 b0d884b29fe9aa5a
5825 fe8ace93cede72fe
5826 ecf6516923d52a92
5827 9e5645bf62bb9962
5828 13e5488519abb6b4
5829 ef1f5b44fec419d8
5830 656e4e0515920a4c
5831 62e6550ee4cdec02
5832 ca7b563e7d085c16
5833 ea3a5c4e7add5b98
5834 cb4fd416d354ae28
5835 febe314a6940ef40
5836 a531e1f7667b6502
5837 4d42b5563a1c337e
5838 54c33fe78466153c
5839 fee91f84ea4ad1c0
5840 b0a3f4a8c6f7c054
5841 e5a110effff6b4a6
5842 898cb448b7170826
5843 b9e335be585787ea
5844 ff1783df6e638836
5845 488116c6da2a67c8
5846 0eaa4bfb1d5774d4
5847 45f01fa4cf6d9124
5848 3ea33bc5cec0e85e
5849 0855ddd597ae08c6
5850 312bb64b36ae084b
5851 799f6ac4159f9c8b
5852 a48e3580e124400f
5853 46d2d466c878a271
5854 b34fd26cf06645f9
5855 f74b175b07f4a03b
5856 21884f7559e873a7
5857 f68dbfac2f2f7714
5858 0834f4625608649e
5859 ad56ed80e642f6e6
5860 5583931885735726
5861 d817b9a3eafe1070
5862 0995ede09ed75f2c
5863 005f60745d7245f0
5864 4dab012994946178
5865 9edadf094df67f0a
5866 f7ff3a3c3a30055a
5867 bc934fa887054cd4
5868 931f9ae6aa446b8c
5869 12fd1c9fceb6e938
5870 3cd78ea8055e0846
5871 6464c7ecab46d91e
5872 681220977c43a6d4
5873 505a9c6edd57b940
5874 17730fd51c2abe60
5875 4fda769c72450bda
5876 c0db536434705432
5877 f2ef0d4d618bcb52
5878 8498bb7513e84e9e
5879 bdd3a7c10da284ee
5880 9c596803b69c1bd0
5881 3ff3f483f8299df8
5882 cf1417675d3ff78a
5883 2c73962f35db9fd2
5884 d2977faf2a253d6c
5885 2054d7009426e4a0
5886 b0d7fda8e47b2bfc
5887 95099579a096d79a
5888 a3052f00880aea3e
5889 12acbaf89e816518
5890 6c30845c9ab30548
5891 51493d0857d509d0
5892 210523c883e17c22
5893 03f2a2de09b84506
5894 36f6b0c073bb62a9
5895 d911ab4edea124a6
5896 18f5716ec33c50ce
5897 c379f8876b9aa8c8
5898 b6725daf509a631c
5899 35ac22f9609c7393
5900 f6aa6d173ca04c1f
5901 2bae46c42e971f59
5902 8c7be20ac5d44f55
5903 dea49cabd61cafc5
5904 3d25e8814f2cabfe
5905 e7d29d0f01cf8556
5906 ff822a95e717d8c0
5907 26363d0e09de2528
5908 82fe82cfd2ff5e24
5909 374fa6ab9459bb62
5910 1d5b7817d460c3ba
5911 fd3fa00a5b06f4c4
5912 5d70ffa18192ab0c
5913 93b58369369f8d58
5914 b2bf152707c9ae4e
5915 1ee22916ea8f908a
5916 2dc0a0b9c54c501c
5917 0e593d128b95b490
5918 4343fd2a9f3d74ea
5919 89e5a86f3b64fa54
5920 0e7e53a0312e440c
5921 e9bcf1c43c1a275e
5922 404306c375e855be
5923 0f7877b546e71540
5924 a242bf37940730bc
5925 4f54ab0ea552bdd8
5926 190abd6f6afdb526
5927 2421d786a842816a
5928 64c899a1a558afa6
5929 42dc939023f05de2
5930 16bbfa4abd5309b6
5931 f243ddc652d22394
5932 da59ebd23efd6f58
5933 8a7597690c51b47a
5934 5a546aebb8c7a1da
5935 631cfadd45ce519a
5936 0eabfc18e6cadee4
5937 49a26e71ed9de6f8
5938 eefc6ee97378c866
5939 002c8fcebec1f1ea
5940 0fa1bcda4b48a1dc
5941 e75e1a9a9e623bf0
5942 ba5debc4da20b608
5943 16a6ed6b3e412502
5944 6dc63bae8fb1a402
5945 0edd6959b656dbda
5946 7fc4a4bd379050de
5947 edfbe9080518922e
5948 05d99efa0ac3aa98
5949 f50709710f106228
5950 0bf1489934b0975a
5951 5621cc464c17f781
5952 b42a2d309bcbbb55
5953 e5f3be57ccc1bfa3
5954 39ac1721cc41c2af
5955 774b0121baca4ba1
5956 818a6bb0192283b5
5957 6fec55dcb51d1305
5958 6b27669bdf650fdb
5959 c9a6b8db5cadb75b
5960 a5721448fe47f7d1
5961 781abbae24558281
5962 cc0ff6bb7ffa2d2d
5963 6ca4e2962f1da42d
5964 a97d5fe804bcc89d
5965 9a24c135ba937e23
5966 e511f98b22f0bbe7
5967 f7c856bec35776a1
5968 a2144885452c78cd
5969 cd308432046804d9
5970 f994394d51ac0bbb
5971 9a8ced3ec325b49f
5972 8daf75da19f370cc
5973 b4cb0a222da668dc
5974 d607b09f3606b054
5975 d7e04bfabe5273a2
5976 ef6234c37bb8b99e
5977 f3da40c2649f4730
5978 00b5122b9692039c
5979 d7147f675b3c3375
5980 827f19749ae2e005
5981 ede307224c9d00c1
5982 f11cb2a3ff8a32fb
5983 d2aecfaf18d1d177
5984 1891ebdc7d5401c5
5985 3601e2572125d439
5986 32ef0a3ff154f871
5987 d78c05ea37607787
5988 3a66197591b7a0b7
5989 fce8b18fe9aa5c1d
5990 11abf6ed057e1905
5991 cd497994f96358a9
5992 e836362172f68776
5993 1c734c99b8e4f6e2
5994 8b960e7e81220f8c
5995 1fbcb22d9f86fce0
5996 e4b1402516702120
5997 15a8b4c84894db41
5998 0fa5155eec011f5d
5999 93425770342aebbf
6000 5eda5bc5bb215bab
6001 7b4b2153319dc779
6002 933af369a38425e9
6003 1b05d1db1caea2e1
6004 15f11267b69e9a1f
6005 587fdcc730bad7a3
6006 6bd9ad824333c04d
6007 5f0e4a290324a2c9
6008 9232716498990bda
6009 1cb0a3954041516f
6010 86aeabe3e20543d3
6011 fbcb7984aa09cc89
6012 8ade3af2ef07e095
6013 877751a6b7eb396c
6014 d2e4f5e3859aae0b
6015 dcd35f55adaff06a
6016 72b550c6bb2959b3
6017 8433b69e75a8818a
6018 50497d939ab3820f
6019 f0ab7e0023d5523d
6020 efb3abe008f7ea10
6021 0064cf09c7130898
6022 e6f3822e3a2c6b67
6023 96f15591067ffa83
6024 b726be886c5401cd
6025 cd96b53d900b05cc
6026 863e6f7433bee608
6027 0e92c8ffe2d8d316
6028 c48969a1273da1f1
6029 dbd5014a5c9f3033
6030 31debbf19469d511
6031 bbbcbae1e059318f
6032 ba5875c0199a05f9
6033 a61376c6121a5078
6034 5e2a8fa5632274d2
6035 6577e9ebdf892820
6036 ed24c542e3844f09
6037 d100b1b80110718b
6038 89fbbf261188abd0
6039 fdf80c365e5254e6
6040 b218f72d356153db
6041 25b2c1979d2efb76
6042 55a065ccd13b4fb1
6043 f166b0884b944f2a
6044 b353364cbe7a3148
6045 c3242b67da52fb37
6046 e7679afbe771fe08
6047 77024d6c19b3b92d
6048 5c814c81ec3530be
6049 8800b730e1d14e37
6050 ba73a6f40fff3e12
6051 00b8b9d98d76e8ea
6052 807ab68b0eadfa17
6053 bada3ed3582e8d01
6054 c84f379559919d96
6055 8aaf0c3137386c00
6056 8c030bfca270accc
6057 c2dd7cc0f7a40b5b
6058 2222d11e5b3df85b
6059 ce1fc138a589ed83
6060 1b5317fcfa5f326d
6061 0f60b30735bd74ba
6062 afd1b3287cee7ccc
6063 8dfe377eee71a278
6064 3251031870cf2904
6065 e864bf1bb1586581
6066 c00cb43237cf4ae5
6067 569c4ae79a0b9b6b
6068 03934e2f19a84f94
6069 6b916762e378a850
6070 2af97d367c48ac97
6071 2086d81ac1b842e7
6072 c720bf209b93c85a
6073 b5fb6b0c308f835b
6074 27f33e6f7d45ca90
6075 34151de5a4818097
6076 30abe799581e2365
6077 e089bd9fe9cc838a
6078 06d4756e829481f5
6079 27e21c1e7e68c6c2
6080 247f4e6d932b6804
6081 5db245ec32deff6a
6082 82fbad35aa420a24
6083 528ec1430f5cffd1
6084 d2cf3b8e8d1c9470
6085 d91ecc5aca0379cd
6086 a16f36bb2378e319
6087 d38b37c36b819b2b
6088 8565465c7edde7f0
6089 e52df2c731d9255c
6090 5b4682e17fcdaf9c
6091 97653b3402b3ea26
6092 a824f70081393492
6093 85429fe319baa42f
6094 6c04af18135d6dc0
6095 d0e480765f6d08ef
6096 2c251a39e11b3069
6097 6af6030d94e22431
6098 eb7fd37fd5ea1b0f
6099 2f75da11918fe3e6
6100 d3a870d047aa0597
6101 478cef025e32e255
6102 3d1e922d7c80ed7f
6103 c065af51a2b8f653
6104 294d037398b9c0ea
6105 47750701dccf0e12
6106 6db66787c5dfa84b
6107 ea72d1a4ba2687b3
6108 3b54d3f0edbbde51
6109 ce47034178ba0142
6110 69484edc4bf5fe81
6111 50b123847eae3b3a
6112 419f8970cccac2c0
6113 1374de9db0f5f996
6114 dd6be51cfc78c872
6115 744d3d798467a36f
6116 5f3a842b33cb40f4
6117 dd0b88923d428de4
6118 490db2110a53fcfe
6119 94a3dfe5a1e5e786
6120 3313ee0f1506132c
6121 36a3e495e88745e0
6122 b0d25e05ee21915d
6123 37b4c1b69d3a186d
6124 3743633d4e183293
6125 c923d7a8e4482566
6126 9f96e131b409340f
6127 cad524eaa21afd50
6128 0b76c948d13ecd6c
6129 e277ed3ecf0f5c7c
6130 239ab4983b6e6176
6131 616b3e8066cdeb65
6132 d30486883bf61f78
6133 9b61601760910bb2
6134 5951a75c05dc48d4
6135 19e866ced1cc0466
6136 6608c084ea0e08fd
6137 d725abc6c96f57bd
6138 5089b66347b12668
6139 15087cf39511ab78
6140 e86d9331a19bb726
6141 ba1f9e50d68184aa
6142 11105ab64b504bca
6143 4706ecdae6497de0
6144 595f79a2b067d228
6145 f5554d079d6f0b7e
6146 06b8e6f5b5c71f6e
6147 077b3de301c64632
6148 2151d2ec8f8c54f0
6149 ec273f5733355b84
6150 0df43fcf08e3e690
6151 f6923d3f4d7dd6b0
6152 86fc2af5acef0c4c
6153 96096deb7b71e302
6154 585292f4d75aac16
6155 b8cc414ef5f04f62
6156 3627c989f26b084d
6157 2dbbc27c9becce78
6158 8562d81ccefdae88
6159 623cb23ac5fef420
6160 603cd6c7a5d05242
6161 947cceb71e98a55e
6162 c38e07e006801ee6
6163 f86ae800ab3a7c72
6164 e259e98ec1ef0206
6165 0ede2db6d57453c0
6166 ace7c7408e063cec
6167 002f7208a5f24d68
6168 0d121112ca2c465c
6169 484210f8e2b171d0
6170 09faf3b5113383d6
6171 186cc2ab68a1fdce
6172 38ca6630aa1e6234
6173 7942ddf4716a418c
6174 d1a22bc562a6a052
6175 3474d81dc92e0fba
6176 af9166f8628633c6
6177 7ab4501ecb560230
6178 ad9e0127796f70e6
6179 19b47318815e4c00
6180 442bfedb934a0554
6181 ae03029d4399335c
6182 9302d347cff6ca46
6183 9b1198c7c985789c
6184 3b83bc94e3b68e3c
6185 a5a679a67f929a60
6186 0e31a1a583c8c1c8
6187 b81394d545ec3856
6188 b77f9b0ddf30916e
6189 913b287e2f7a9964
6190 1d155e0db5e0501c
6191 5037739e0786a2a0
6192 049ea155e7b9162e
6193 31fbc777dc402442
6194 0c0699f1329f650c
6195 253e94ee70ec1880
6196 c4fed72fbae13aae
6197 6f1ad946d73910e6
6198 05360e78a6c885b6
6199 cc2de77e4efa160c
6200 fe0b696c2d62a640
6201 0626d52e62bad638
6202 84b6a1066124cb70
6203 baf1451a7cd73fc0
6204 3724a3a2da2766ce
6205 ccbbf5908deec98a
6206 325a348e29e65e44
6207 99cfb14a07e699a8
6208 b94dfca153b919d4
6209 0f49be7a9a2df5f2
6210 fb858943e222fc61
6211 f3a81d9b92d96aa8
6212 e780a7275948c23c
6213 656e3f24c4ee0ee7
6214 6e6f72ade1b6ef6b
6215 2c40d4fdbbd96f99
6216 4d755421ab8e9322
6217 2f5304456bf5f5da
6218 a10c70f7a9df5e89
6219 66c6943a345f1707
6220 e356e73bac93ec2e
6221 c28e62fb0de0b6c6
6222 c70a0d93b35cb384
6223 8312d8810e25dcfd
6224 7d0007c15e48f8c3
6225 9eddb438b4a378d2
6226 238f13153810d256
6227 fa3dc1b03d84a78b
6228 bc434c8e0887513d
6229 77cb436b5c1fbc1e
6230 f08d0f48da71290a
6231 47bbcddd8b6fb5a6
6232 dc07bcccb3d7e40e
6233 9bce9e889b18b85c
6234 9bb69c151ce8876b
6235 1934e964441da963
6236 09176ccda57bb557
6237 5dbbbb672792aa1c
6238 a53809a7502ecc3c
6239 9606ed362f5da9ed
6240 f36ba30143918e65
6241 7345760c4d1fecba
6242 664e7a18543fb3f7
6243 411476ab844e154a
6244 cb5838db4fbee8a0
6245 12438abfb108d133
6246 d71d499b5c53e3f1
6247 57ca7ccfb40ab39b
6248 63acc6ebbea61990
6249 ea8ed482b9adc964
6250 8d561132250e1161
6251 a9cc20095d9faeb5
6252 9e41698aea6466e1
6253 451ab97245707786
6254 84b8239f0c640e12
6255 6444f1f290242503
6256 5a65a0d1e45c38af
6257 11227a27bedc58a8
6258 f7172e2dbcd76e3e
6259 419f17d12f54fa8f
6260 5af776848fe7bdcb
6261 bf1e5b281c73246c
6262 08505371b6b56eb8
6263 34e1ff49558b3351
6264 c717aa0464074437
6265 1959db14e114dceb
6266 600e569e2957b110
6267 cef67c14ffbe6b34
6268 333a2220027bee48
6269 dc8e92cd23f2d25b
6270 8291c80096c551f7
6271 9de103aba2185255
6272 e33d418d82944fbf
6273 d61774a533551c30
6274 65332df782ecccca
6275 bb3f3c8eda849b46
6276 3ec4589a7f71b7c1
6277 c77bd2cfa2c341e8
6278 430408e681dfbd10
6279 fcfda187c51b9b52
6280 e3d0123dc1e09e3a
6281 893c3bf7a1948936
6282 dbad07c232cfc464
6283 0006a0207f9c80dc
6284 320604acd555af1d
6285 58e1a85a8919ced1
6286 d84e7541d27d82f1
6287 212979f1678bc251
6288 ac9807a6120612c5
6289 c505d36accefc577
6290 b15672210b900b1b
6291 456f8c90fab361b9
6292 c97a569d0131bf11
6293 2937650f793495a1
6294 b10eb6425cdceb5f
6295 c6381ce8853b1795
6296 67feff0d471599a7
6297 6af1f58af06bf28b
6298 b6d073b8f0a88307
6299 f5d397f1b0054c65
6300 00229cce48e65fe1
6301 35b2f7e3d874f04b
6302 f0f52abd0bc0b5f3
6303 6cc3ab0415d480ab
6304 716eac4ee0a1a1af
6305 5cc608d1c78fe6b5
6306 7b65340bca58114b
6307 f373d123b866dc43
6308 954aaddd3b32573f
6309 8273f64e2601ac9d
6310 990223e1cfe4cf21
6311 3ae33bbed55b41f9
6312 7b4f69025353346d
6313 ced9de86db0160f7
6314 e3fd610ed73239ff
6315 558b2a31db9cf68f
6316 c6d7e03054120731
6317 566eaf6541c0a245
6318 a5ae11a83fa03f0b
6319 4ca3b004e8a78f5f
6320 f8a7cdb34f57fe3b
6321 9a0a3e531f03dea7
6322 8fe2ee7d78d1a413
6323 4628bd3df6a44759
6324 0be82f0bb33a8df5
6325 58df9c4097ef1bd1
6326 1274fa008ffc36db
6327 3fad0e8cfd25db0b
6328 881caf023d859965
6329 7f89e09a8947557d
6330 24722a7e27d42f07
6331 c943aa4fef8299d7
6332 8fc39e891b696d73
6333 c18c09892534d5f9
6334 8848c14b64b60de5
6335 dde57a347eeea497
6336 ef6fd4a730075dcb
6337 1df3a9669cece763
6338 28c5e81887862bbc
6339 24b6febc7e2bc264
6340 6d953e01738831f6
6341 e3f6cbbb9615d9ca
6342 5d40550de1738292
6343 c3bd0b03c8de02d0
6344 db061152cc0ccae0
6345 7a3cd40da1cf5d3d
6346 42279fb71729a0c5
6347 3f813356c3fceab1
6348 b574226068761b84
6349 a30824f79fb6e107
6350 8517b15e5bb32e75
6351 b30f5dc7278266a3
6352 96b66f9ebb4e9939
6353 30e6899124c3c2a1
6354 ee489ab51cceefe9
6355 3f33c0f4ce4ae409
6356 3dfa7a18120f5615
6357 ac15d5db1ba0b833
6358 244714dfe77358cb
6359 bbeb28f1b56d6f1b
6360 a5805d95616c0b31
6361 6488c758f11f03d5
6362 5c5aca884862f4cf
6363 06e577b97e0c08db
6364 ac4353853675278f
6365 f3ef17e75c0d8865
6366 172f3934e9969a05
6367 7a3efb8205edd5cb
6368 cb54d3b848ba604b
6369 a1cb597472087ba1
6370 37ac7ce514c29dc9
6371 b49ce2f6f717a9ed
6372 0ea48b43540a540d
6373 b0d343d988d2d1c5
6374 0910cef62951525b
6375 c1da239bbd3983fb
6376 062b70edd9d2409f
6377 0e5f98de4a7a30a9
6378 21eae6f1f8f1d291
6379 cefa010ebc457193
6380 30c10efdd2897c27
6381 98cd6c53f1cbc737
6382 6836258788529355
6383 1e0562c6d22d96cd
6384 f08ed02576830e83
6385 b84db9ac624ea31b
6386 eee159b2d2b45def
6387 605b3d6848c9c9ad
6388 bde1e743490e9501
6389 43dd3ba43ac61415
6390 cfab456b62e79bbd
6391 520733cf981b0b03
6392 fe4308156384cf77
6393 3331484c5035dc43
6394 dcbb46156c4e8793
6395 283db81d722d64cb
6396 6132f3cf018f88c5
6397 4b9c566fa0bbaf6d
6398 d3d6dd43212568f9
6399 af5a22d3f80913c7
6400 4f158c39651deee7
6401 7440ba74aa5d5ddd
6402 3d458a3817a81239
6403 cd3f994153346751
6404 de6351dcff30baeb
6405 d91b9ee9d97bb773
6406 79deb2622b39fa9b
6407 4a9b7234b59e122f
6408 36262e747507d409
6409 54289d3939c892f9
6410 c9af7b0702f2d9e9
6411 44af8b9e4adbd023
6412 c830482dede2889b
6413 827322eb6d926695
6414 1abca3a87c81c229
6415 32166ea454bddd65
6416 ffff513974cfd6bb
6417 f1d16979ab19ef47
6418 f29dfd9112b04729
6419 bc700eb6ba82f9b1
6420 73d2929386318446
6421 929953f88654ede3
6422 fc473da37cc1168f
6423 d440cf382963f247
6424 8442281c6313d23f
6425 3b210b473746813f
6426 78e50a04d36f4ea9
6427 e2e47ae68e9e2cbd
6428 ae84008512df91e3
6429 ffffaba1400e490f
6430 0b09357822f47579
6431 1ffeba7c7e52e97d
6432 e739870531d62c6d
6433 c356a23a0a08e177
6434 53f81c1ca9cbbbd7
6435 9c8eb1360034b2d9
6436 a6145b4e61e9b0f1
6437 e5716e0bdcccf06d
6438 f735514478ebd1fb
6439 0dc5cc27bdb39f7b
6440 fd1519fb1ea4c287
6441 01b9b1031190c457
6442 14dc0b776b9c5d53
6443 11c84dc5eb5cd43d
6444 0b8451bb40fdef01
6445 62bfe336b826178f
6446 03b15b0f425598a3
6447 22ae9d3af381e085
6448 47ec6cceebcb251d
6449 ab9c05f7db097be5
6450 d6805cb61a704dcf
6451 cf295bf5ffd68e3f
6452 1ecebed984f88611
6453 0907537744854615
6454 ec1a8e333e567871
6455 4df1df181f5149af
6456 1a7f30ff6f9458db
6457 6856e6f84aa176ef
6458 f175314f32d1ae53
6459 2ef68c669c14705f
6460 9e4cc84e07e30e50
6461 87c4f013e408a570
6462 05adc538c9d0f3e2
6463 cfe918c839acc8b2
6464 01dcd1bb1b0402ca
6465 baa504e333dd1014
6466 01195e1b180cc138
6467 b2a61d4dff4df75f
6468 9b9ad1313de2b84b
6469 580803c7242c9b4d
6470 49f3171b14953929
6471 5166a1bfb14d64f1
6472 2306f3e341676c83
6473 e4a272ade4c9341b
6474 f68446950f2d9793
6475 d4e7a3d40bdf4517
6476 3ab05ab8df0e3f0f
6477 54250aeeedd66da9
6478 0baa94b416316361
6479 28188f4c3055cfeb
6480 2d8f4bd4e092f4e3
6481 2331656aa7c345cf
6482 b24504bcb299db07
6483 036932a70edff3e7
6484 f32a995489eb628d
6485 954605b15d6f4345
6486 08407b2aafe903fb
6487 3ab62ccb1f1e468b
6488 d7ab1781537fef37
6489 5726276cc0527101
6490 4fc88f96b7b7f5cd
6491 2226e4345294fb8d
6492 6419e1b73ceb1e65
6493 153cef88298b4919
6494 baa5a75d980c112b
6495 81d588879e2968f3
6496 718acf4ecaa35dd5
6497 9b8852923cad3fa9
6498 7fb87c0f3da3a9b9
6499 932a3d0373d6a547
6500 50e83229aaa96a0f
6501 3d6f11b5ec35247d
6502 396a9a6814208f45
6503 f4628e8bd89563f1
6504 889e32f8cc8d1537
6505 a8d5378261e5510b
6506 f92cd50ee8f8f655
6507 9bcbeaf03e57d999
6508 37640259d2ebf5e5
6509 22230e427399e439
6510 60836911635d2945
6511 59b3ea6ea6a2743f
6512 52a17e86ecd43b1b
6513 6492b06eaa62be31
6514 877300735e1ddb41
6515 b4062f21240d1941
6516 24486034f880244f
6517 6ae7b5b5a16c8b53
6518 b43a94b24089937d
6519 2a96df0394a6a711
6520 1fa9a966a917d085
6521 27cf13c40e64dbd2
6522 1b5185e1b4ec5932
6523 cdbaa113290a0978
6524 1ddd33277d6d9e98
6525 aff14075241206c0
6526 780277b7bfc19c64
6527 05dc42a5b9526e9c
6528 8977cf0e26baa1cb
6529 66ab664d284d5dc3
6530 940ef932cfbb06b1
6531 350fe42d1119c409
6532 f4243ff0012b9c9d
6533 6e413e7312f8c567
6534 d2a96e9967cb9db0
6535 aa6a9e29862ba9a1
6536 25b5746037fad84d
6537 18383ef7b10ce455
6538 67f1460f90d48643
6539 2276fa1d5d3a34bb
6540 1b735a04a5412401
6541 c2c3a5e9e5df67b9
6542 7a9e796726be7aa5
6543 2e328b39af86d415
6544 570071f7bb131855
6545 dd9e73a7f2f432eb
6546 544afc59d389b263
6547 3da88a67b0df3659
6548 0333998471e1c21d
6549 0882d13077800e19
6550 a2e60d378c09dad3
6551 0533571d8cb415df
6552 a4e4d3acf9b83ae5
6553 21a044284785fca5
6554 121545f0e4abcf5d
6555 13e669b569badb53
6556 bd85d114ffe22487
6557 f5afc85c6450b0d9
6558 025e65c479863705
6559 83dd4a027927f9c9
6560 9052cb92146656d5
6561 d2e70b5d4484aec1
6562 a8832ff5ad440c7b
6563 552e6739ada3bd87
6564 9cf9d8cfe72c54bd
6565 3e085d6f4cf98d49
6566 bfe1b954340716a9
6567 550b0e28eae09547
6568 fd346a47b6f6962f
6569 204ea12ffc102d05
6570 34f5b29c581b9745
6571 f4d693f10e4171ef
6572 1bf45ac67ac9318d
6573 7d5ec34dfcb41429
6574 1500fdaed02c2443
6575 dcf4036a0cdf58d3
6576 4b5ea5e38e62afbb
6577 00536494761fd867
6578 c5728aad36184807
6579 a6032ac31cc14f91
6580 e35606a90da8fd71
6581 7c29ae63da63c871
6582 448e2072940e4e8b
6583 5d85e407e007acdf
6584 ff9aa6503235b5fd
6585 eb81f51ef7b658e9
6586 1d2945e9f8a9231c
6587 ebede65c1c19bbcf
6588 c160737e9fb1da6f
6589 9775e578e6df84d1
6590 4704cb52476be069
6591 b52425ac2936a4db
6592 8d2611b7092e015b
6593 0d2d22f87a94cc87
6594 f186051840a9ee07
6595 bb81b5edf10ee81f
6596 4ce87180798f01f1
6597 ee082e64a9e4f319
6598 377f3872387d044d
6599 0e98283153946a07
6600 2f3255857709798b
6601 ca8f9e59baf815b9
6602 77a4d707be273725
6603 71f73b30dcf17d87
6604 6ac2218fe705c277
6605 1eb27a7396d82667
6606 37fe77c7d6cebe79
6607 7efea64ada20efc9
6608 1d4c1f29c830b413
6609 c90be9ac920e793f
6610 bfacf354e29644eb
6611 461a4340dbb44247
6612 2f1f850e999da7eb
6613 bfbf23660d27cea9
6614 56aa0438a7a8b455
6615 a002e91d52e01729
6616 ef8e4de0bcdf4edb
6617 5a30d8fd29990d93
6618 a79165ee5a6e9e1d
6619 9d894400e456ee15
6620 0f96476585341ba5
6621 b9d7d7682c62c8ff
6622 fbd89e571895747b
6623 10fd9c3a3365f689
6624 ce56ced3f3152865
6625 8e5619f9fadf9e3f
6626 c4191e5e29a3dfc3
6627 555f0171c7b4ec9b
6628 5a0861e6da97099f
6629 bea1ebedeadc6127
6630 c193cb6a542c9a95
6631 12b6b46398629869
6632 32445c35dc29c2f9
6633 92fea29c1131e4eb
6634 4af548c5fc892363
6635 3245a14d9cff0c9d
6636 6a9ecce940c6e305
6637 1045b172603df049
6638 3363f5c2fc928193
6639 edfbb6a759f9eb57
6640 a2ac4e4ef5a9c43d
6641 c5620cb62848d291
6642 906675578423d03b
6643 64f54c9d75dc21e0
6644 6a9effa91bca9630
6645 8db02c07ec30b1e8
6646 36bdaad8189667ac
6647 ebbbe4ab138539fa
6648 c95a91f0a4589f69
6649 2a860c150a93ade1
6650 cf5a5009e0b91033
6651 41e1c8702152d72f
6652 1a110513fcf2863d
6653 9c6ddd090e6f0ff9
6654 d872cdac27551cfd
6655 8d0feff2fe1a55ef
6656 35893d020c1c91bf
6657 2e6edd1bd73dd361
6658 d5f22da6ac0051f9
6659 a48ee0f51cf9fe21
6660 d7f72e1555b67a8d
6661 af769ffeef19f8c1
6662 8d3b72e7eb000f95
6663 c943e3fbca068125
6664 355ece8578ae61b3
6665 fc5d76d5f16bc29f
6666 b23ea321e3268dc3
6667 88ad6d7f17f2a4ed
6668 5af2a9384d2ca971
6669 6dad54a7ddbe375f
6670 10cd4fc68f639d97
6671 13ce1752fd6d62f7
6672 5f51d49267ee895d
6673 2ae2ce44bee064b1
6674 0ba4c1dd61d8efeb
6675 1fc894d89c661517
6676 1f35984cdf1477d3
6677 e3c62d7c57439089
6678 ce37dc4700527049
6679 228fd3913c591c5d
6680 0a415987f2946d39
6681 83d86f8ed9fe1aef
6682 957ec15a58203354
6683 1dbdda6141cd566b
6684 fcb34d365d3e2221
6685 756aba2af04213b9
6686 42525b80a8a88037
6687 14e96beaadcc6ff7
6688 dcebfa4b9c84156b
6689 68769d771faafe7d
6690 55bd873dde656585
6691 02f621d6210768af
6692 24beae21e108495b
6693 b4361eef807f6a7b
6694 597d3e91a00c3a39
6695 a38255571e537e41
6696 422bd14cb6bafe39
6697 51dee21e0ef7a35d
6698 64b995e0241747cd
6699 706603aef3171033
6700 ea8a8f11d8e6f3e3
6701 a270d640736e04a9
6702 917d423ae0606df1
6703 6a1d9f57ea94e807
6704 59386b13c20470f8
6705 1875eca30c34a61c
6706 bf8ea1d278e6cff2
6707 8ab17636fc24cfde
6708 a4051b68372fad10
6709 f78c6ece3eaf6fd0
6710 8f3520cc329d1df8
6711 3ce593e54d32da01
6712 cb53a15c113fa855
6713 02976a813144176d
6714 f9bdb037ea9136cd
6715 e8258f75da272c8d
6716 107af3e031ca847b
6717 009eacbeda56555f
6718 89e4244189851af1
6719 c81e87750d6b2dbd
6720 4d5f5413545376f3
6721 7ad6f6ee2190079f
6722 6536a2e9c162d7ef
6723 36267ef593774af5
6724 3fe1eba170d2ea65
6725 b7ad51569c2dbea3
6726 d9531cfe0a2da5fb
6727 115c70464c9f79cf
6728 bbb32f40b77efd19
6729 2afb8d7606dd9fb1
6730 7e967517558bfbfd
6731 46c257115e40425d
6732 6bdfb5b8699449f9
6733 f7adcf1384b77a8f
6734 e228ba9de2a9a15b
6735 843ac73ae77bbcfd
6736 bcb1b4df4c477bd9
6737 ed18d24ca50ce999
6738 d3daf5e462e57027
6739 a7601925331e2447
6740 b8f23d19c2ae3355
6741 0f1609652de9fb5d
6742 0cfe876ab182ec13
6743 46271a350e95c7cf
6744 0caa72c0628d3283
6745 b8856272fb655555
6746 c028783399bd7fe9
6747 c7aa339bae7e138d
6748 8642faed73f62867
6749 131b5ed85e053d97
6750 0286cffa5a8a8321
6751 de64ee1f8c485821
6752 afc04005a4903943
6753 a0fa808768c0788b
6754 a8054707161b6b77
6755 5b0e6b73f1390301
6756 ad6c0a07e87e8385
6757 c7887014ea76eaab
6758 0df071322819f517
6759 9400ec208f205290
6760 a110b74e488fcec7
6761 0e1fd8409abd37fe
6762 9ba7227fbe13a6db
6763 6146912342555d32
6764 2e97a4c06d8a58ed
6765 b81b028b78e505f7
6766 23485f05bba566be
6767 d1c366b8e14ce9f2
6768 1c0c0bef08979069
6769 926d54db117ae1c5
6770 6bbcbd1ad264ce4b
6771 3939dde4b17472c6
6772 55bc4885873c1c9e
6773 57846b3ec8bba234
6774 20020884cc3fcd43
6775 ff0f85b6c4e889d1
6776 29c246db30e40887
6777 49142522c849ef9b
6778 facd7d375d07cfce
6779 46baa3f96ed10846
6780 b98a465c3019ea28
6781 7e36c7e06c502142
6782 9e491de660f9acf9
6783 48c1a6d6b276ee7b
6784 a3d6371619e90888
6785 38856234d36a1bc6
6786 5bd6f05254f8b57b
6787 457f774dc0f2d3ca
6788 f217c54a7442e331
6789 3be1b4f6eb51632e
6790 f893ab26bbf578bc
6791 a8436a76d3ec8ac7
6792 ac173cdca2470904
6793 9d82b7ff325d31dd
6794 5193649600c56aa4
6795 87557b3e3882c9e5
6796 d7f00e61b9d8368c
6797 a442d8fed1538814
6798 826a426f1883afe1
6799 f0920decadf20879
6800 380849983492c8c2
6801 5e6d7e7e35e69ee3
6802 4e4c6e0fe88e7da3
6803 505625de3c60f6e4
6804 2141576fe5465628
6805 fe2d49d62420d57c
6806 19fafcf833142d69
6807 b205f438e5d8b185
6808 f029a02dfcae38b3
6809 b41c0a7834b2c1cb
6810 2e1c279ac3948ed3
6811 18de3f2bf36163c0
6812 e40358409e47f054
6813 8d24d16b3e6c4226
6814 631f384382d8dc01
6815 81b905564e5b8c9d
6816 bdae22e884cbf308
6817 b916e24c86f11384
6818 5b40e18e103e5c35
6819 8f72b91cfe53e690
6820 926550d5893d493d
6821 124478bdc12e5f68
6822 7565a7f418362366
6823 6a534166846aab35
6824 1cb288b8cf5961e6
6825 1c26dfe64a1e0659
6826 4215b08051b1142e
6827 1a2ca93c2db327bc
6828 a02c140bd4b398b0
6829 ed484a9b08a07b9e
6830 dc10443910410d4b
6831 f8713375a6eeedd3
6832 472c09b9931151e7
6833 088a6878638376fe
6834 72aed71ad1130312
6835 b50327df0e974b8a
6836 de820cee3ef5767b
6837 ee25641a48437bba
6838 e1ec8fe441346e24
6839 51747045edd16229
6840 a7a215c1c8788db8
6841 905fd55b48c4a9a4
6842 da12150747e0ed4a
6843 26465500b28252fa
6844 b9634738394df9a4
6845 48dba1b82f6ef1df
6846 f427539ca3a51816
6847 5076db765c51bbea
6848 fc3025b0d01244a4
6849 d878d6c2cb48e1ec
6850 5fb1bcf8e65e47af
6851 2dc85dd12f298c9f
6852 8585fb3c64380fc6
6853 33281049a7171de6
6854 176abe3c7b79b134
6855 78ebd23f8e2f4077
6856 4b149a9dfaaa7644
6857 eafb573cdb77c00f
6858 c58c5af8c4721095
6859 a7db5e082bcef7cd
6860 8b4b80705eac160f
6861 7673919beca160fa
6862 8da0c2ed5ef1deef
6863 d6e5a7a3653855d7
6864 9052615ee95714fd
6865 3cc1c8cf2a699f11
6866 59aca7fbf4355a3f
6867 ff608e00313a6f9d
6868 3c1623f9497a1d58
6869 299e3a789ab0b900
6870 0fe474bab49bf756
6871 aea37cd3f891246b
6872 3982339f1a74d632
6873 447d899ea56c63f5
6874 ab368799cf2dc084
6875 5b9fd7c1a56d3d4f
6876 a44c3df543404d5f
6877 816006b28d2aef5e
6878 4a347db4c6c6a46f
6879 0ee2cb731131f447
6880 6dd6eca723a53299
6881 101faaac93db5a0f
6882 062e65aaec3a7900
6883 dda0c8af06805920
6884 9dadf1f7e3fc1783
6885 ba272b9e94dd8c8f
6886 f3b56cf07379365d
6887 a1e17032fdd26a79
6888 86902d6e10bcbda5
6889 a37808a0a6000a37
6890 c11e9a4d80951bf7
6891 bdd32a3f1f5a2781
6892 5e25ff65ea30b669
6893 92cdac11f9267391
6894 e1372fc5e960f49b
6895 241a119c103a1d57
6896 ebb465ba03b8cd0d
6897 c94befb54176f439
6898 f9118d15684c081b
6899 22b733d739d629e7
6900 09e0f8bc126e153f
6901 d9631a1df3fb8da3
6902 f915739c7be125d3
6903 2c8d1b453e932979
6904 5eea329991330b15
6905 3277c59e6190d625
6906 aca047ae0ca6f17f
6907 9e2467955ae11a7f
6908 8cc34d8c535b3a99
6909 bd082414a6f26e41
6910 68ff88420db77d5d
6911 7b9dd31be90400d7
6912 414100aa555137c3
6913 54930fdca9c37371
6914 02e9c3822c5bd10d
6915 df0f27de01614d7f
6916 6c39f40528e86a0f
6917 439ffef10b396507
6918 b54ac2e1f3dd57d7
6919 ead3c37b13d35deb
6920 078ee078e571fe7d
END 6920
