1 cc3f4c7ba4e552bd
2 cc3f4c7ba4e552bd
3 cc3f4c7ba4e552bd
4 cc3f4c7ba4e552bd
5 cc3f4c7ba4e552bd
6 cc3f4c7ba4e552bd
7 cc3f4c7ba4e552bd
8 cc3f4c7ba4e552bd
9 cc3f4c7ba4e552bd
10 cc3f4c7ba4e552bd
11 cc3f4c7ba4e552bd
12 f30dfa61d8621222
13 cc3f4c7ba4e552bd
14 cc3f4c7ba4e552bd
15 44f3877ba4e552bd
16 cc3f4c7ba4e552bd
17 a465b5afef1b5358
18 cc3f4c7ba4e552bd
19 cc3f4c7ba4e552bd
20 cc3f4c7ba4e552bd
21 cc3f4c7ba4e552bd
22 cc3f4c7ba4e552bd
23 cc3f4c7ba4e552bd
24 cc3f4c7ba4e552bd
25 cc3f4c7ba4e552bd
26 cc3f4c7ba4e552bd
27 cc3f4c7ba4e552bd
28 cc3f4c7ba4e552bd
29 cc3f4c7ba4e552bd
30 cc3f4c7ba4e552bd
31 cc3f4c7ba4e552bd
32 cc3f4c7ba4e552bd
33 cc3f4c7ba4e552bd
34 cc3f4c7ba4e552bd
35 cc3f4c7ba4e552bd
36 cc3f4c7ba4e552bd
37 cc3f4c7ba4e552bd
38 cc3f4c7ba4e552bd
39 cc3f4c7ba4e552bd
40 cc3f4c7ba4e552bd
41 cc3f4c7ba4e552bd
42 cc3f4c7ba4e552bd
43 cc3f4c7ba4e552bd
44 cc3f4c7ba4e552bd
45 cc3f4c7ba4e552bd
46 cc3f4c7ba4e552bd
47 cc3f4c7ba4e552bd
48 cc3f4c7ba4e552bd
49 cc3f4c7ba4e552bd
50 cc3f4c7ba4e552bd
51 cc3f4c7ba4e552bd
52 cc3f4c7ba4e552bd
53 cc3f4c7ba4e552bd
54 cc3f4c7ba4e552bd
55 cc3f4c7ba4e552bd
56 cc3f4c7ba4e552bd
57 cc3f4c7ba4e552bd
58 cc3f4c7ba4e552bd
59 cc3f4c7ba4e552bd
60 cc3f4c7ba4e552bd
61 cc3f4c7ba4e552bd
62 cc3f4c7ba4e552bd
63 cc3f4c7ba4e552bd
64 cc3f4c7ba4e552bd
65 cc3f4c7ba4e552bd
66 cc3f4c7ba4e552bd
67 cc3f4c7ba4e552bd
68 cc3f4c7ba4e552bd
69 cc3f4c7ba4e552bd
70 cc3f4c7ba4e552bd
71 cc3f4c7ba4e552bd
72 cc3f4c7ba4e552bd
73 2cd1db70413e21c9
74 68595622ba5026df
75 cb24c151a6ecc235
76 d2339de50ac985e8
77 d2339de50ac985e8
78 d2339de50ac985e8
79 d2339de50ac985e8
80 d2339de50ac985e8
81 d2339de50ac985e8
82 d2339de50ac985e8
83 d2339de50ac985e8
84 d2339de50ac985e8
85 d2339de50ac985e8
86 d2339de50ac985e8
87 d2339de50ac985e8
88 d2339de50ac985e8
89 d2339de50ac985e8
90 d2339de50ac985e8
91 c32bd3d6f11d9754
92 1a97765eb25e4068
93 cba81c17f1d19b38
94 b75e5338631c6572
95 6906f2709bb4aa78
96 ad98a65b9db521bf
97 a3e6cced7a05c713
98 d5ec949c6c3cc713
99 fb48e67b3ce7c713
100 137aa8922b56c713
101 105ed4d1bda9c713
102 e000abda01f0c713
103 cf7aa5dd0d8bc713
104 7b9b37febfaac713
105 c6b27fe6493dc713
106 8108ee7990f4c713
107 e773dfe59bbfc713
108 4dea34aaf1aec713
109 674b617599a1c713
110 61f0b69465e8c713
111 629767d77c63c713
112 870939d97d22c713
113 54fa1426c6f5c713
114 1a079cf2a8ecc713
115 766547dba357c713
116 9956953df886c713
117 3e9aeb6824d9c713
118 445be322fc20c713
119 be53735bf03bc713
120 25910ee3359ac713
121 4fe5fddded6dc713
122 3bf2d66d4464c713
123 4cc8eab16fafc713
124 4173b91338dec713
125 5f4f2660b751c713
126 3db890d282d8c713
127 a2b9e385b993c713
128 54399c78d392c713
129 489462a62fe5c713
130 1ba17dbff29cc713
131 1278386b2a47c713
132 56fa3dd92836c713
133 8e513bccb689c713
134 3d890d68add0c713
135 af537cff326bc713
136 74084ccb770ac713
137 3e09dcf6601dc713
138 527b9a279854c713
139 787dc031999fc713
140 986bc619ca0ec713
141 23f5508a7681c713
142 e870aa72a048c713
143 82f8f8b5d8c3c713
144 1e13d0f20302c713
145 fd7bcf824855c713
146 1ef524d691ccc713
147 ef7380c209b7c713
148 f371858112e6c713
149 05609982e2b9c713
150 c23bd05c6200c713
151 122dd65b9f1bc713
152 00337f3beb7ac713
153 c484b91177cdc713
154 5489f0dad844c713
155 01cf33e2b88fc713
156 805a40f843bec713
157 d1d8147e9a31c713
158 0ed49a4e25b8c713
159 238f4e961f73c713
160 a5b7f95706f2c713
161 bee3a48d6645c713
162 643d89e8497cc713
163 5811fa845927c713
164 f91278eaca96c713
165 e46e1371e5e9c713
166 7f441eccfc30c713
167 6ef24c8edacbc713
168 0b709d40aceac713
169 a37c3cbd3d7dc713
170 ec04c5060e34c713
171 ca87d28b8dffc713
172 9bd6289228eec713
173 a3e4571f4de1c713
174 ec90edddb628c713
175 90b71f5c50a3c713
176 a74f435b1262c713
177 b0a90cd9b735c713
178 eccb0b96cd2cc713
179 8556be695197c713
180 a0ca7d7a71c6c713
181 450211d4a919c713
182 5ba417d8f860c713
183 34825e46e67bc713
184 f77f37f673dac713
185 6faf9c440eadc713
186 b0cd187c02a4c713
187 f936e5ecfcefc713
188 33cc12ac801ec713
189 4db8c4562391c713
190 7db8b0e70a18c713
191 4ec1063e9dd3c713
192 9b83419563d2c713
193 de3d8c9de325c713
194 5cb08c231edcc713
195 737a7661b487c713
196 b4e6075ff776c713
197 3c181fbbc2c9c713
198 9fd1850bee10c713
199 859b17efefabc713
200 33e76bc3f34ac713
201 ca63e77e3c5dc713
202 a888bebcb594c713
203 4397c97e06dfc713
204 fa0fcd6b644ec713
205 eecbc22258c1c713
206 73164bd62688c713
207 fa815e2ad403c713
208 fb09594d2342c713
209 9505d8e93f95c713
210 352ddfe9320cc713
211 a12b32f7a5f7c713
212 2772e08ac926c713
213 cf29415f26f9c713
214 e3f2de462c40c713
215 8f6f8d3cf95bc713
216 bc015b0766bac713
217 b22545b5800dc713
218 bb02c9513e84c713
219 bdb1f16885cfc713
220 9b959a0399fec713
221 81f0570f7d71c713
222 cc09cb2f98f8c713
223 cc08b09880b3c713
224 934ed9b6ab32c713
225 1e98a7e36a85c713
226 9a56edca5fbcc713
227 94429b20da67c713
228 6d0eab9a58d6c713
229 37822778c529c713
230 20d32d149770c713
231 9d12c41d0d0bc713
232 2bc27c75c52ac713
233 a41e488e58bdc713
234 2ff88a658274c713
235 a9b7eae89d3fc713
236 e20cf794c12ec713
237 b4498bd17521c713
238 70389865b368c713
239 1ccfd6d369e3c713
240 f833bcef92a2c713
241 eee21acae675c713
242 7a1e7211146cc713
243 7da6fdbcdcd7c713
244 f38e0357d406c713
245 b7e61ffc0659c713
246 0bea43b127a0c713
247 472bd64391bbc713
248 c4a7117a831ac713
249 177b212996edc713
250 900c12fa35e4c713
251 d459ab9bbb2fc713
252 c0d0800c865ec713
253 61a4f1fc1ad1c713
254 a3ee4be37458c713
255 6071f2cecd13c713
256 9eaf6568cf12c713
257 45db986e4d65c713
258 5c309844ca1cc713
259 6bf4cda03bc7c713
260 76eacf53d3b6c713
261 42a7e68eb609c713
262 69be6482f350c713
263 6e9c9aa8a1ebc713
264 ab1d8fae768ac713
265 3552c100119dc713
266 55ed86a90fd4c713
267 6d13eea1bf1fc713
268 e4645f5dd98ec713
269 3a2af5052601c713
270 b6f657a1f9c8c713
271 913355a41c43c713
272 c885e01a1882c713
273 7c7bbe0411d5c713
274 d3d216c2434cc713
275 43cb81cc3937c713
276 8f7ca9d4ee66c713
277 d12c46f59ce940ed
278 58f4e9f367f1f24d
279 ab074833c47cce47
280 96b1c2764841ce47
281 251c728bf742ce47
282 b6fe9715d987ce47
283 9107f65ab9d0ce47
284 96ef78ca71b5ce47
285 eacaada4b3b6ce47
286 45368a1af02bce47
287 fdeea5c36df4ce47
288 e3c407ae2b19ce47
289 3500d38c511ace47
290 9bbcf113093fce47
291 a3805615ffe8ce47
292 9022c8bd27cdce47
293 be7d75ff0beece47
294 a5710ebc7863ce47
295 90ed03e5788cce47
296 c62390cb4511ce47
297 6b5a8d7b4812ce47
298 fb2053b62257ce47
299 42ad14213aa0ce47
300 b3887f28a2c5ce47
301 bc821cede96d6277
302 0db846321bca5277
303 11b53df6c8df5277
304 ce6669c989205277
305 79eda676e2f55277
306 115c606e6e2e5277
307 c253bafce244ca5f
308 365a1fc7cf75814f
309 36c28d2bd502814f
310 6a8e76615c23814f
311 7b4079239cc0814f
312 30e390349a99814f
313 c5d2aa5c6296814f
314 2b94494d7887814f
315 3b6aaebef0a4814f
316 6d7ef91b063d814f
317 cccd5a48e1ba814f
318 f9ca8196aafb814f
319 c45603a00158814f
320 e7313f76fa11814f
321 3e17985e54ae814f
322 17b055bb1c5f814f
323 7f0705e21e3c814f
324 0497cefe4eb5814f
325 8ff5dc864612814f
326 64910c6f6873814f
327 277261913050814f
328 3992c67f9a29814f
329 9947f9efd726814f
330 d885e0451b97814f
331 bcadf05cc3f4814f
332 7a8b46110e8d814f
333 25cb7714e08a814f
334 868aca95170b814f
335 70557cc9a2a8814f
336 4cc92e8ebda1814f
337 d3049338f9be814f
338 49538c38666f814f
339 78b79a28ef4c814f
340 f30a07d15c0c814f
341 ece903bcd943814f
342 94cef611e2a2814f
343 7cbd66f12119814f
344 cf033e775980814f
345 7a2f8733be47814f
346 e31d7f79b196814f
347 c3ed3334e2bd814f
348 be78cdbe62e4814f
349 1b11b575687b814f
350 b9e00a0b19fa814f
351 4d6e6bfa1a71814f
352 8b2fbaee2db8814f
353 57f9ad618c7f814f
354 3be250c5924e814f
355 b488726f7d55814f
356 408131e8c25c814f
357 03afcaca2153814f
358 1238f1fd7172814f
359 b9b17a0a0aa9814f
360 55ac4fbdd090814f
361 8992e0ab7f17814f
362 fd0bedc22f66814f
363 f7de43919f4d814f
364 24a5d597f5f4814f
365 b3f9bf8b6ecb814f
366 108592fe960a814f
367 c3e393fd7e41814f
368 0aa725af2948814f
369 1f79757fb68f814f
370 8cb39bd3dfde814f
371 94c1384dc325814f
372 24fee80639ac814f
373 150e0840ea63814f
374 a4dd6f9fff42814f
375 6ad87e223a39814f
376 a9961bd305a0814f
377 5e3919a2b1e7814f
378 5b3b56d9aeb6814f
379 4c1b41534add814f
380 22baa5e67f84814f
381 7059a130aa1b814f
382 a82eb5508e1a814f
383 46b9638b2791814f
384 dbabd098cc58814f
385 49f797197a9f814f
386 a5a03e8502ee814f
387 c42093055ff5814f
388 08e7ac40b57c814f
389 8d3316d224f3814f
390 9848e813d512814f
391 018f830efd49814f
392 d2b9f7ccd1b0814f
393 1ae87449fb37814f
394 db28ede2ef06814f
395 aad12fb98a6d814f
396 da0cb9058994814f
397 c5d43dbc97eb814f
398 d2701978c72a814f
399 04dec2ec4ee1814f
400 8c5da62947e8814f
401 150b465e38af814f
402 c3e8526088fe814f
403 ca716014d145814f
404 3e706e7ec64c814f
405 d99d7973c883814f
406 8898a5d4e1e2814f
407 d26ef97c0e59814f
408 2c1d247d49c0814f
409 2e64fb298887814f
410 796a18f40cd6814f
411 37bb47f110fd814f
412 538a3bab1c24814f
413 422ce2fb69bb814f
414 f99d68d4b33a814f
415 6310a5d939b1814f
416 21ab44d09ef8814f
417 d3e0a7254ebf814f
418 e57d3f73c68e814f
419 1d957ba3e895814f
420 b717c4c5b99c814f
421 63e5c1ac6a93814f
422 a91dfbdb32b2814f
423 b6115ae2aae9814f
424 f90137af39d0814f
425 ed45b3604957814f
426 daa6289d4da6814f
427 56c2e9525a8d814f
428 86e671902b34814f
429 02ff2485ef0b814f
430 f558c308cc4a814f
431 2ffec9ce3e81814f
432 fe832eb05788814f
433 443e822936cf814f
434 961fb0c0c41e814f
435 30bdffe3dc65814f
436 20d1de0715ec814f
437 95816a73e2a3814f
438 607e7ecbe182814f
439 561cd8b63379814f
440 ca733bd5d4e0814f
441 1ba6fa5b8f27814f
442 78a71ab74af6814f
443 ab8d9dcda91d814f
444 9995a8982ac4814f
445 81700256cc5b814f
446 32fbef8d715a814f
447 800d738994d1814f
448 0015ea3d8d98814f
449 15c9ac6fcddf814f
450 05273c521e2e814f
451 be083b64e635814f
452 9195180ecfbc814f
453 998289b53833814f
454 cf7cefaeeb52814f
455 a6b36df82889814f
456 c2163951fef0814f
457 ec52f6530777814f
458 0bf0298f1e46814f
459 91c58facb4974628
460 f569fdb00cb40ebb
461 ba85a99f39af1d09
462 70399dee885091a2
463 92e0c037684f8a72
464 ac10ba2e3f7a905f
465 8cde89d777d3c859
466 99b8c7a14a95bd8d
467 21de6e3fccc695dd
468 ea726a5accc695dd
469 c7a59e724c61e69a
470 e7969aea83de3d50
471 e83af6a96ec8f8b0
472 f3774912bbc8f8b0
473 1f925fd64ec8f8b0
474 c932af87bcc8f8b0
475 60041183fec8f8b0
476 af3de76f01c8f8b0
477 ec09c19f9fc8f8b0
478 1c3ec4f993c8f8b0
479 6d4f5eceb4c8f8b0
480 6c5430c7a6d77730
481 ad4a4e32b7d77730
482 3471db0a6fd77730
483 af19ffec27d77730
484 5289766736d77730
485 ab22e0881ad77730
486 e51a981b5fd77730
487 36051d2222d77730
488 09841e6876d77730
489 196b92bcd2d77730
490 717d513a88d77730
491 08cd14f7a3d77730
492 2dd5d316b4d77730
493 3206bb848ad77730
494 123bc9802fd77730
495 be20793101d77730
496 bad8fa67b3d77730
497 92b0594ff1d77730
498 854e817e36d77730
499 77c93f51f9d77730
500 da42783d9bd77730
501 6b4182225ad77730
502 6afba7d2858ef1b0
503 db259b48fb8ef1b0
504 257e61606f8ef1b0
505 8d2f9dbe81d77730
506 f2ea6afb7ed77730
507 113d6ef9399058b0
508 8527764fc39058b0
509 928d0ff4929058b0
510 1ddf544a48d77730
511 7a42b5e371d77730
512 3c3df20b2fd77730
513 80f4dd1d27d77730
514 3b085841f6d77730
515 6bb5cb8722d77730
516 60ecbb33efd77730
517 b3973ef329d77730
518 fa9e7ce49ed77730
519 43233a4953d77730
520 5b4459a4b4d77730
521 972d682f1ad77730
522 c8740a351fd77730
523 9f6532be81d77730
524 3d3ff9e6ded77730
525 f24f477cb2d77730
526 418ae4aaced77730
527 9cd7632063d77730
528 e2c8d2d93bd77730
529 2140316a69d77730
530 9c96402408d77730
531 5dd9a122e9d77730
532 656828d56fd77730
533 9cb8cc1749d77730
534 4fe3f2eb2ed77730
535 dd51eb8319d77730
536 d2d585957fd77730
537 91c25db499d77730
538 06a63d9f988ef1b0
539 481b185a9e8ef1b0
540 42c4383d5c8ef1b0
541 dbf714101ad77730
542 e58302ba66d77730
543 cbee5607719058b0
544 10381e7d579058b0
545 42854ab7d99058b0
546 acd5617b44d77730
547 3b3b8a4547d77730
548 b2370b482fd77730
549 9b2fc3e8a2d77730
550 65c9d92e38d77730
551 2c94cc491ad77730
552 ca31e7907cd77730
553 693f8d0e27d77730
554 09fdbe42efd77730
555 aed14eacc9d77730
556 589d7e1d2ed77730
557 44a70ea5f3d77730
558 4036620b0ed77730
559 17608d39a9d77730
560 83058404c8d77730
561 e5474ba7cad77730
562 bada7e16bed77730
563 654e06c512d77730
564 f01363225bd77730
565 b08aed4d99d77730
566 a8dafc4986d77730
567 6f4e5f0227d77730
568 a8449f5b08d77730
569 270ade3b29d77730
570 fa9af79976d77730
571 fb63a9c027d77730
572 85fa47415fd77730
573 9a5aba2fe7d77730
574 77a4b8f1818ef1b0
575 4731fdd2988ef1b0
576 70c2df0a858ef1b0
577 3e4ff57b57d77730
578 dd893c72c8d77730
579 5d0f8bb6b49058b0
580 22a2b9b0d79058b0
581 bd79a0360e9058b0
582 f3b25155eed77730
583 74b3200b59d77730
584 2a088d1786d77730
585 9c0b5cca12d77730
586 0019463a7fd77730
587 6c27ef6df9d77730
588 647406be4ed77730
589 06f6c7c40ad77730
590 e793b68be3d77730
591 8ddb3a4c52d77730
592 4208d2c1b4d77730
593 cc28f3721ad77730
594 b2fe64fdf8d77730
595 7ec1fbfc72d77730
596 babef417fed77730
597 0878747ecad77730
598 c72ad2418cd77730
599 e3497053f2d77730
600 6c66563908d77730
601 bfdaa1ea69d77730
602 ea2c293408d77730
603 6a77649ae9d77730
604 de8fe64f88d77730
605 ad91c1848ad77730
606 be5e5ef0ccd77730
607 d51f89e731d77730
608 d2010ce33bc8f8b0
609 b14a6d33efc8f8b0
610 4fd54353db706830
611 6ce3c26b03706830
612 8c85f64f4a706830
613 57446393a0c8f8b0
614 d6cc15ffb9c8f8b0
615 4d49d906bbb65730
616 e434a2b258b65730
617 c863212f65b65730
618 7a57024eebc8f8b0
619 5715fca463d77730
620 226cfaea6ed77730
621 2fc27b67b9d77730
622 3850b1da38d77730
623 1af3609bf3d77730
624 2fe434210ed77730
625 c9538cd74ad77730
626 1b6449a67ed77730
627 0735f169f1d77730
628 541070cd46d77730
629 7264584de9d77730
630 d03f8eb13ed77730
631 58d017df79d77730
632 38229764b8d77730
633 79173e0bf9d77730
634 017e33fc66d77730
635 119dfe4ba7d77730
636 b4c3d6f508d77730
637 9bfeadff63d77730
638 1e437b7fcbd77730
639 5122544c8ad77730
640 d194f99becd77730
641 869a246aa7d77730
642 352c5d6dffd77730
643 322b80ca5ad77730
644 07269cad5fd77730
645 9fd2f22e71d77730
646 7a869485e78ef1b0
647 d00761dc988ef1b0
648 7d1e8474878ef1b0
649 25a26da991d77730
650 115407ac36d77730
651 f69ef330819058b0
652 d82f30ec1d9058b0
653 0b2267aa749058b0
654 87ea943c4bd77730
655 d745d89769d77730
656 41451a2f76d77730
657 1784c1fb17d77730
658 227e5ea17fd77730
659 78cb71dd47d77730
660 24add14066d77730
661 6259fbfb29d77730
662 4245f0669ed77730
663 efb3cb2fbad77730
664 21bea3c93cd77730
665 ea5423c251d77730
666 2388408d53d77730
667 130a03b70bd77730
668 cacaf0b2a3d77730
669 459fb55772d77730
670 c07e57e2cbd77730
671 36bb835fbad77730
672 5160290a5cd77730
673 95d4a76e01d77730
674 81bffd0db3d77730
675 b0c907bf0bd77730
676 0a020884ccd77730
677 2dcb6ae272d77730
678 234429a576d77730
679 fe9b0e0ca2d77730
680 b9959172c8d77730
681 f1ad23a7a3d77730
682 23a65548778ef1b0
683 082ca3bc438ef1b0
684 5ad6fa59c08ef1b0
685 79cb4c3f91d77730
686 6a80273a36d77730
687 8bd96607f29058b0
688 a58b8676fd9058b0
689 75aaa4ac549058b0
690 39d73f46fbd77730
691 c1a98eeee9d77730
692 67f6287676d77730
693 dc96f82ea7d77730
694 46497942ffd77730
695 447feddf79d77730
696 f32b1bc5ced77730
697 80a6331de9d77730
698 1c18376d6fd77730
699 f69eb60acad77730
700 2915031db6d77730
701 ef88f9fb79d77730
702 9b4d99764ed77730
703 be42131363d77730
704 695fe2fe2ed77730
705 5aaaad011ad77730
706 ddd9b1447cd77730
707 4cdf1de881d77730
708 84f1dc993ed77730
709 fdf0639e4bd77730
710 527b2aa4acd77730
711 bb91787281d77730
712 5a96f00f5ed77730
713 e2773a7232d77730
714 d07583d4a4d77730
715 0e0cc21ee7d77730
716 17b63b6466d77730
717 16e449da87d77730
718 57da27049f8ef1b0
719 874f02da648ef1b0
720 95e7d22d218ef1b0
721 dde9b27c31d77730
722 e501e7d806d77730
723 e1a2b265f19058b0
724 cb2e153c979058b0
725 8cb5d36b3c9058b0
726 fa114f7908d77730
727 ed5273bf0bd77730
728 af5ccc7eacd77730
729 590a0fb822d77730
730 44177e92f6d77730
731 69f7f4ae52d77730
732 8d84c0eff6d77730
733 d009025627d77730
734 7689c733a6d77730
735 aa9e33c3a7d77730
736 c6af95d2efd77730
737 f88979c847d77730
738 354304f436d77730
739 7b20b882bad77730
740 c519f2ea3fd77730
741 6627d26272d77730
742 000081586fd77730
743 38e54d6b2ad77730
744 6f006f54f6d77730
745 05f771bc99d77730
746 ef287abf9ed77730
747 714ed35f20c8f8b0
748 68cbf6575bc8f8b0
749 9b1b2a3d97c8f8b0
750 1bdca37a31c8f8b0
751 d67cd35ceec8f8b0
752 5b9436ad7bc8f8b0
753 f93aba7dc8c8f8b0
754 ec00af8ab8706830
755 5eb765ce41706830
756 508a04423a706830
757 5883b62bcfc8f8b0
758 c0dbb101b4d77730
759 8a3fc3cb129058b0
760 de3cb2901d9058b0
761 21a9b3f7729058b0
762 f3c630ce76d77730
763 44c8dfb247d77730
764 9864ea8ff8d77730
765 17c6bdfcd1d77730
766 022960da66d77730
767 49569defcad77730
768 9982ae43c8d77730
769 3b606b3531d77730
770 96c408e3c8d77730
771 5b1ed5580bd77730
772 50b5d9b8ccd77730
773 6633489a72d77730
774 a2b880abf6d77730
775 87f3dc43a2d77730
776 53208285b6d77730
777 c2a3c71077d77730
778 b1c8470fa6d77730
779 d96c7dbab7d77730
780 3761976376d77730
781 6dc23b8992d77730
782 9604055e6fd77730
783 ac4718b9ead77730
784 2854c89ec8d77730
785 6037dfa62bd77730
786 056693c4ecd77730
787 caed238501d77730
788 23dcfa9da3d77730
789 d068ccc891d77730
790 cdf14cd8dc8ef1b0
791 c7faa74e248ef1b0
792 35d9708c1c8ef1b0
793 db753e0699d77730
794 2a8283010ed77730
795 81936d97119058b0
796 946a7844d59058b0
797 a5bfdd6d7c9058b0
798 21dbefbe46d77730
799 33d1445069d77730
800 b22b1db1737b9d68
801 7d69c9182d063e45
802 f310e4ced7bd4b45
803 c346ef4c81b84b45
804 846792dceab84b45
805 d3285e1da26c1e68
806 f60b22adb9329d68
807 b22b6cfb677b9d68
808 460f4dc9947b9d68
809 e528df19427b9d68
810 739fce46217b9d68
811 057726741c7b9d68
812 e893aa69fd7b9d68
813 21ddb63e907b9d68
814 71bfaec55c7b9d68
815 3db16a1f6f9c8a8f
816 c208a9fd586a618f
817 103dc28188c3dc30
818 8043673f37e50873
819 036c9dd64343f422
820 cd0a6415461724e1
821 f477273dfbbf336a
822 d1ac3f59b55d9081
823 7e10c256e82a5b8e
824 f16fd099d37d1d4c
825 e56c88dfca650e24
826 8206fd562648f231
827 36c043f2d1dc556b
828 a42d50af11dc817f
829 325d5c98bbc62e1a
830 310d52ac37ce71c0
831 eea9b2c9d269b933
832 69dd55354eeaf88c
833 f0540d1f18d28039
834 3894340d9079507a
835 fa21e8d0721c07e7
836 3ea3b522ef05f0b0
837 aca9f39f1692aaed
838 0b01b1d78a895cae
839 08eae276be81d38b
840 8c7c6b0dbe653ca4
841 bb71e5cd1d652eb1
842 2741ed7ff2208ad2
843 862924e46c5ee7bf
844 53ef9cd32b794b48
845 9af7b7672db4eb81
846 5b8d65d9cc0ee8a2
847 376c109d971e2e4f
848 70b273763c86fd90
849 7a139bbe3cd16ccd
850 2f23bb429e0b1d8e
851 faa9adee3e80b7eb
852 61c33a5dcda2016c
853 aee60c0e7fe9e519
854 62216d193abd5cda
855 0488a384937dbec7
856 22e9b043dac65308
857 c8fe04dc64d03805
858 a1d78cbdd9184bc6
859 fbfefe4827b82243
860 49c1edcff0ecbd64
861 9ac47a509ef7ecd5
862 f4a949a0cf4be216
863 c00e687ed854a453
864 925eaf4bdfc32aac
865 96ed6ddd10b94559
866 3a8aaf5a3b50791a
867 e26be3f54767cd07
868 2758f43353c6f4d0
869 fa9be6e57599100d
870 1536fe4316a3f7ce
871 08daa66b531ffb2b
872 12187d2fad3ab9c4
873 f3d93ef6d7d1d5d1
874 2cb68f23b7b2c8f2
875 255353f5c1fbe6df
876 51fb75dcebf2e068
877 ddca8165a30b8de5
878 2bf4ebbeb95b60a6
879 cc2c9cc6603e8da3
880 04021c8462dbf1fc
881 9324fbc1a8ed4669
882 6f4079b8cd4278ea
883 5670bd4627ed9897
884 4c7c155502c58de0
885 85dc56fe2f4b735d
886 7dd0fcb16ee67a9e
887 bdf6f3cd39ec09bb
888 794e0bb4605cfed4
889 cdc6e824e1f7d451
890 7323f084095eb93c
891 34113962d65a8b60
892 d86c446391607234
893 f70bc328c96fa824
894 d66cac502b6a5a28
895 9c086a23d0b1b1ac
896 7e7abce509c2aaf0
897 34cc6e80c3ac14a4
898 ee745d7ab9296420
899 e58a4558463b261c
900 54c39905813b28e8
901 413f07c7e9f93304
902 45b5e6693a6e1788
903 41e0d8c461f7d2bc
904 b47cfa8c8ea807a0
905 4643af57c9f4cd34
906 4361680cbdb12480
907 31b17039e6289a9c
908 5c241f2d05ec2138
909 6b12e8ad6ac500f4
910 6227dcf9511b49f8
911 bb9939a2d0613dbc
912 090db47a3804d280
913 7766b85e2d60b8c4
914 a16e373eeb4d1580
915 575b7416a8980abc
916 f258f412dbaca248
917 94f2651c85c29924
918 8a995ff493ce5f70
919 9084021a2d9cb584
920 d14108d96b9bb4f8
921 d2329d5ca90b8ee5
922 bae8880c5da5a6ca
923 06c838ec13b9ee97
924 6ae2e7ded1566e14
925 c95e878ab080bb75
926 7850fcd30e57505a
927 83963bb7e4f4a527
928 25239d68567f4eec
929 fad6756beff86519
930 37263037827f71de
931 9ae2896775907c1b
932 7ffb9767d7a031d8
933 6a95b5b0006458c5
934 953c6873d8bd3baa
935 6305e2b794667f77
936 a9c3b795f6d4ca0c
937 007caedd3b382e39
938 2a6beff3fc56bffe
939 0fb19ad2e506e543
940 32ab6ee74103ca38
941 b92091dcec361025
942 98e623defa936e0a
943 2236fee3535be0d7
944 81388670e62bb95c
945 2972e71d26fd09c9
946 e186243671f415de
947 ef8cc78cad3d801b
948 cc7c47baf960e7d0
949 a4e2cfaf36abbb1d
950 2b6f07457ff59b62
951 08937754201b9caf
952 8cb5507711ff5ab4
953 2b9e3a937cd96ce1
954 d7ad0c91ccd84c86
955 feca13018f0738a3
956 a74dedf23dc50c18
957 948c7814ecc5b0d1
958 32e10686b50543b6
959 69b03a4f4c879f53
960 6f6cbd240eba45aa
961 4cbacf2ba11f4a9b
962 6a67e3277bffb408
963 118684118230d5bd
964 e944395a6be30346
965 4abf0e3275755a0b
966 7deeb7b55d6e2534
967 2a10efa372d51b41
968 fbe537d893f7ec5a
969 005a29ec1804d87f
970 58b5d262cd538648
971 a4de00c1e34c49cd
972 bbdefa058d22b1d6
973 7e9fb66925eb87db
974 d17414babf7b071c
975 aac0c8e25b4f02e1
976 23a048507db90bea
977 1d40d1bf2179bc8f
978 e8bccc0275e00cd8
979 b1b78a38cd102bdd
980 07325bb230c089e6
981 d12419bcb4e96cbb
982 7587c39f422dc0e4
983 ba6ff417989830a9
984 08d13efbf2607dd2
985 a2af9c395f4d31d7
986 39a1bead6d90e9e0
987 82e264b84a7cd3a5
988 49e9c86b3fb1a18e
989 8c1d0dad306145e7
990 5e5eb57f06267230
991 2e06e176c67826b5
992 634ed751cf8edc56
993 61ca2f51099a435b
994 a2298e084ace3f04
995 8bae21534c8862e9
996 35fae7089ad6037a
997 8b8dd22c6fa8b51f
998 36574ff112a946e8
999 5c699f63bc45816d
1000 9da480531027992e
1001 865f3325f06b6713
1002 bc91068dc9045184
1003 9849e1822392a149
1004 54065241b84d92da
1005 98e3dde1fd2d22ff
1006 dcd79fa1ca005748
1007 ed948f68bbd1b64d
1008 392c13eab4f4589e
1009 00f5444071b23103
1010 001b068dbf37f8cc
1011 61d94e7ef88e0dd1
1012 bef146863659d5a2
1013 3250bc8778ccb4e7
1014 5a540511e095e230
1015 c82cc93a92158735
1016 bfca963169d279ee
1017 a0f9e7abbe240253
1018 97b316c177de1e5c
1019 db59684a63b31221
1020 bf7d224ec216f9b2
1021 273ca2069906a243
1022 a2f3e0d31b821e0c
1023 5a60b39634b28049
1024 ea4900e42bc490a2
1025 1ce48f6a3c837fe7
1026 8f387480d90158b0
1027 166781caa30e7eb5
1028 2eab6193f1811b9e
1029 9c2e3bb82c4e7003
1030 00ad0ccd46d6935c
1031 8c965283873b47a1
1032 fc85887e824d58ba
1033 441b0f1dc829f95f
1034 77622e38b3313428
1035 d17b8bc9610afdad
1036 f40964c332562536
1037 f5fd0a7241c19b3b
1038 621b1df16ea1ad64
1039 8d832f3c15d79229
1040 e7bec9fa7d33d602
1041 72c20ef7270c67c7
1042 94f0aee9da3fe010
1043 e7703a96b26feb15
1044 7fb271bd8bb45e16
1045 d52030ac096ba41b
1046 b8a06502fd4a4044
1047 17a05d22708f5b09
1048 2eca39a82d5a0e72
1049 8ceaace8974e69f7
1050 ccdc6621c6c5ad00
1051 185afcb6f221025d
1052 e0e2ff18d6537d66
1053 a1bbc2d7e2f51f9f
1054 7286978b1f7b7a68
1055 05d40d954ce21ced
1056 36ccc37adabdc73e
1057 caeee7badb7718a3
1058 ad77df61a002d054
1059 88cd26510732fe19
1060 431ccda52546b36a
1061 4b5fef373b600f8f
1062 0229e639380cd8d8
1063 35dc24132438dfdd
1064 51919f3bf0d4f53e
1065 da44ffbf19bcc3b3
1066 4336d3df87d892bc
1067 156257ab2b7a4e81
1068 72a1f3b581b90f12
1069 57721c7ac7d61917
1070 a4de5ff99fbe45a0
1071 306ed87e2c712fe5
1072 8c61326d913a1c06
1073 8486509766b736cb
1074 e278af71c5808274
1075 4213843747f4f639
1076 f600927f40d4730a
1077 64c0d75b304305af
1078 dc75396330056ff8
1079 0da7d25bfb4da61d
1080 da46539126e0a1de
1081 a4cf1645f61aa3c3
1082 9f276e6ccab48f8c
1083 ffa2ab842879f911
1084 71427ea7790c6be2
1085 8a367585070d4a73
1086 57d83670c839f044
1087 9e5fecc960a9cb09
1088 a044256aa0775462
1089 72d171f05b711ba7
1090 3d44dcbfe874f9f0
1091 63bc02f25ea00675
1092 081c7446fbb4c75e
1093 fcb9230150c07dc3
1094 b315db1ea4ce718c
1095 f1a20fada79b6311
1096 a5ddbb96365a910a
1097 e1ecb8ae69e253af
1098 21537e246f9235f8
1099 ed63af7f98a6effd
1100 549e8dfa7ea01e8e
1101 69331c7a2cf623f3
1102 4d6f2a5480d3217c
1103 80614b450a068141
1104 31236ac7682c50ca
1105 45997574a1bc206f
1106 8d6ddbc6571f4c38
1107 5e931a25547fc865
1108 c6429e91e1d26b4e
1109 47c83920a3a41a33
1110 1d5d2f6fe13770bc
1111 69b06a0ec0ae3401
1112 892d7887f748c17a
1113 6051c1ff234aa21f
1114 a9b7a8887350bff8
1115 1b7c2b8a49e1dffd
1116 fb44354bc491bc06
1117 1ab3d8fbda11b9ff
1118 7c46514bcddecfc8
1119 c9eb20962eb3a4cd
1120 d46d144da62ac51e
1121 9f6a9bf04c5e3f03
1122 a737edc393a8eccc
1123 c515ca86ef84f151
1124 00dbd144f8532122
1125 4985f11c2b880c67
1126 50e8a1a555c41030
1127 7e0896e04d495435
1128 ca514939fecdd8ae
1129 7d8ce781aae97813
1130 204c2ed14feb181c
1131 53cfbee2cb540a61
1132 41ab0f2ac7e540f2
1133 39780b2492f39677
1134 0d0ada4c18e33780
1135 27ce59077e5a911d
1136 23c43fd99169d5ee
1137 7fabdcd4caa91e53
1138 73bac6035aa6325c
1139 d96711132e5cda21
1140 82495f2292a372b2
1141 a4c639da74e1a1b7
1142 93099e6d52ffe5a8
1143 11093fd8d3e7172d
1144 7086e377c1689a4e
1145 e3818b9b0fe0f033
1146 91e295a64997fe3c
1147 6488e3c8efcb6601
1148 d3f82a751646ce92
1149 e57de1791ce84493
1150 0b5e1f0b0efc209c
1151 5acf1a14aba2dde1
1152 6d2ba77e8588d66a
1153 48158c629a5caa0f
1154 8e9f6d766bcf9958
1155 ba34399b1a4d105d
1156 3156a4e6238ad8e6
1157 dac6748137e762ab
1158 1dc6d4116b66d3d4
1159 5d0f387c95774399
1160 07788c724e9acd42
1161 f027f49df6161a07
1162 addf048f416ba050
1163 c1a1672482b399f5
1164 745637d31f87f0de
1165 b0bab14a43bee343
1166 5faa98d2b985508c
1167 c2edde9aeb26b011
1168 5df69d084900ef1a
1169 f6ff29a7c9f7143f
1170 0f4032584f0e9be0
1171 d5b295e5b59a8a25
1172 331db77fb2b0b40e
1173 7130ed04a89250f3
1174 f1b0e00365b3de7c
1175 9e09c564220f8e41
1176 a93371da86f3553a
1177 0aac2a2200a96edf
1178 767f68066876cfa8
1179 904cf8a1d294fa2d
1180 1060020929246036
1181 9a779af21169302f
1182 bea237cc311b0a78
1183 4782a71d5faba27d
1184 91612578d1fcc6c6
1185 529b1d710d006d8b
1186 807031837baad5b4
1187 385fa2bbb0849c79
1188 b66963676d568aca
1189 a1ce63349e19c36f
1190 9a2b94392b4b0bb8
1191 4de613127408d2e5
1192 f2df292e75958316
1193 00a9325fb59ddd1b
1194 fe6ec235b315c3c4
1195 44690f566fc3b489
1196 982dd33b5ecfbd9a
1197 8ca705e7d44124bf
1198 9ef07b0e97d11df8
1199 31912dbe69c277fd
1200 191d4d6ecae7f34e
1201 3ff9184c036a31b3
1202 328225fc3c44e03c
1203 9ec6828b6423dc01
1204 4e21a8dcd78a4c92
1205 9c1a7441ec6bf397
1206 617008e915bcb3a0
1207 3401d7a91d477065
1208 8c42909a160814b6
1209 636237747887cebb
1210 78d4184928e8e2e4
1211 dc18565d02b64a29
1212 c3c13ff8bb726162
1213 a5534c9ed124a0f3
1214 7a3762efaf76ae7c
1215 3e1cf910dab81e41
1216 f1500907b452f44a
1217 9db8e15f0512e0ef
1218 96663dee53171938
1219 c870b6ea62c96725
1220 a9ccbb0c0a58050e
1221 e6696a6719e89173
1222 610278b52507a0fc
1223 3b9b49555e327ac1
1224 b53aea69625450da
1225 20f1a45b56aa37ff
1226 3dd16bb2a4c81a80
1227 33a5eca4b0d53645
1228 4a809a7a2e6b2a2e
1229 402fbfd3c9dfd593
1230 cb3ae1a86d2d559c
1231 4cafcf1d4a1702e1
1232 c1796811473d276a
1233 947e6da5b2466a5f
1234 e5f53be0c2cbfd28
1235 96389cf9ec03b2ad
1236 4ed51cf1cbce8e36
1237 15363313136c983b
1238 0ec251205ebede64
1239 48762cb1ee376729
1240 ce13991d2bbe3f52
1241 9c134302bf3a31d7
1242 9756698e598abf60
1243 0055da427e268025
1244 21f8db48ea41ca0e
1245 b9eb89ddacb41e67
1246 2144a17f06267230
1247 f5e7d5420be89bd5
1248 821dad91d4fd1e76
1249 77abed04e7ab447b
1250 e85473b70c223aa4
1251 bc1075534c8862e9
1252 af1be7cbb3dab0fa
1253 f42b409457d7e99f
1254 6bce0e506be6afe0
1255 ec73bd942c1c18a5
1256 42e1e958bf285356
1257 a651efc1955c5b5b
1258 8085413bb674ae04
1259 cb0c1de786425ac9
1260 d25f9736b696665a
1261 06f707898de722ff
1262 0151e1022b0693c8
1263 c71a36af152f02cd
1264 e1e130b4c491471e
1265 39963cb9adc07d83
1266 e4e95f8dbf37f8cc
1267 1efa0229df880651
1268 59ca79a11a81349a
1269 c5a3816507ba8bbf
1270 19d73d967eea1088
1271 eb6c3e678aeb660d
1272 8d3e535aaabfdc6e
1273 f5dffe6a7d1908d3
1274 26c9b09131fcd2dc
1275 240d84bd2072e419
1276 36ee5649c5b991ea
1277 db52d3eb7a4a265b
1278 55b88bd0586da504
1279 7f398309deb565c9
1280 97d068dfe4831822
1281 fbdcfb6a3c837fe7
1282 10561aceb3c185c0
1283 71cd5ba6a7552585
1284 16dbdde281fc856e
1285 c5ff05c648bf2dd3
1286 c4b398cd46d6935c
1287 bdfce078988b1f21
1288 dad0f8f73299ee3a
1289 9e5c09bd3cc707df
1290 7198d4feca3184a8
1291 79bc6a741209fdad
1292 357547a9b1390eb6
1293 41e61d332fa017bb
1294 0338c317007d7fe4
1295 ec64d0774f778fa9
1296 b3b52d0ca8f9d09a
1297 47d2a7a6959c27bf
1298 e544a2a6fc552c88
1299 44f8c9ba3077008d
1300 1918b22e8e98ba96
1301 06f1f4ac096ba41b
1302 9edd83f346b10ac4
1303 af7e532d557b6791
1304 7d1e03674e4a296a
1305 d61fa3dee8467c0f
1306 b3ec596663efffd8
1307 c44cf28df874f0dd
1308 491c37489be69ae6
1309 99e0e9c511d0831f
1310 914c42e8d6dce600
1311 4a5e92d97f073f45
1312 bbd28d980af12ae6
1313 60892c0d0c3c0cab
1314 7219f8db287279d4
1315 b3557c6756d1c099
1316 c0bd51a52546b36a
1317 92a88f00cbbfa9bf
1318 3fd30c7bd1c28e88
1319 926f10a785f93a8d
1320 4206780fad7f054e
1321 77aa9cbf19bcc3b3
1322 05a1481a9a85623c
1323 c7a87e051d159601
1324 bac235f689f44692
1325 dc48f1c303c51597
1326 c1cfb289c59345a0
1327 21f95a4cb567b265
1328 5da67a245b1d6886
1329 212652af7105e54b
1330 940661fd6f80dff4
1331 7156d92ed7fb6159
1332 ecb1de78c4cdabaa
1333 4cafb50a0c032d4f
1334 05d25fb92adc8098
1335 873934c25c14f99d
1336 02f8289126e0a1de
1337 743d95fc5ade4a43
1338 450923c2178eb894
1339 0ff08665f95cca59
1340 7c431ecf17b315aa
1341 888f716ec6a7941b
1342 6be6ff6ed898fac4
1343 f9cd0c6c5153a389
1344 3c23b5511263ede2
1345 7c9b6face1761e27
1346 9271900a00cef9f0
1347 9c723b7779f543f5
1348 2dc592512cab8bde
1349 642ba4e96f126c43
1350 8df135e623d2740c
1351 4b9e9bada79b6311
1352 cab28b56d045bed2
1353 fab6c0cd572cf6d7
1354 07bfeacaef64dc60
1355 7e8b3e4623c6dd25
1356 5c8419fa7ea01e8e
1357 369fe66e0f7e9673
1358 50284e9e13f562fc
1359 e8e4393eade374b9
1360 bcf6a4e4f2841512
1361 323c7ed145072b97
1362 28ae28db097d5120
1363 83355d2f654645e5
1364 b5159d500e04b7ce
1365 d9e4f54259eec9b3
1366 e7a5d252e68e13ec
1367 a83ce19f4e435071
1368 4dd52294d3dde08a
1369 330f6409172b3d2f
1370 d2501481809d9f78
1371 34036f8a49e1dffd
1372 a6d1344f5e288886
1373 2a7c626c4564a27f
1374 c3f5dfb443212348
1375 bf2747ed72d3804d
1376 90bf852c5fb3c51e
1377 d9c5b501cd1c5383
1378 5a32c4b88dfa174c
1379 bb9e04986a22d0d1
1380 2b6c84315b48e4fa
1381 ebaad18110aa301f
1382 41fd81ad881e1fe8
1383 70a53f23854bf16d
1384 335a600659b1152e
1385 4804438d04d64993
1386 36d70bd14feb181c
1387 a1f00a35a827e159
1388 65ffb0352adc9aaa
1389 9f64ab9b625c3c4f
1390 f50a0eb64295b398
1391 ec3a54077e5a911d
1392 62349b147589586e
1393 3bca98cfcd8484d3
1394 4663aa82cfba6d64
1395 a6c672d7168eb329
1396 39a6debe022bf0ba
1397 a4e8dfc4b479865f
1398 ded86f5268b2ad28
1399 536118744f65d9ad
1400 0f0eef1ac343b2ce
1401 f9e6b65358fb5523
1402 1027b62ea2473d6c
1403 c4363decfbd0c0f1
1404 80309413ddb530c2
1405 79b21500419c2f13
1406 c4f12b0b0efc209c
1407 f8bae2c8887ad161
1408 199a64e291bbceea
1409 67c2a3e6b0fc378f
1410 c62010865fc3dfd8
1411 b6d33fb3fa50105d
1412 66564eef24d36366
1413 6ae84f9e3299b52b
1414 4be21d3aa5947254
1415 9ff44d9a8facdfb9
1416 20bc5a207a087ce2
1417 b043332815301e27
1418 a6c7b79989a63670
1419 cc40973d88d40c75
1420 c49e15d39d04d85e
1421 4d84354a43bee343
1422 1488c9c6f8ce32b4
1423 1c0e1db423bce079
1424 4b97967833285fd2
1425 04cb48663ca2ebd7
1426 6edc66584f0e9be0
1427 c1e2eb63958ea5a5
1428 e368aeebe890138e
1429 b51ba9febee0f373
1430 4e7501b9b5d2c7fc
1431 cb15fed7ec918e41
1432 d9dc55af2cb313ba
1433 3477b89c8259b45f
1434 95fd86565e2cff28
1435 d1f0abc675b98cad
1436 b712d904439de3be
1437 7ee9e91c34d828d7
1438 799c966627824060
1439 fb8385e0c567e825
1440 73970ee9981dd946
1441 8314c2710d006d8b
1442 52f3712219864c34
1443 678138a170708501
1444 6baeabe32e0dc592
1445 58f23589eba36097
1446 075419d4582068a0
1447 59638579eeb33165
1448 092eef4eea1cd796
1449 551c1e0bc055319b
1450 c90eed16cdc1b5f4
1451 6f35a9d64f7a7439
1452 d13687f67dfdce8a
1453 4e2d58a5387e132f
1454 8ed81577b1eb3578
1455 c1a427415a57757d
1456 7fab4a6ecae7f34e
1457 02482bc00f6c8233
1458 35df76edf5f2d8bc
1459 ec58829eeca32481
1460 f29127ac98167d12
1461 8586d041ec6bf397
1462 3d8eb06083877920
1463 37776538add80de5
1464 f059b80ff884e6de
1465 7fd0d01254c83143
1466 dbffcc1ddfc5de8c
1467 9dcfb672dab98611
1468 e83348e356517ae2
1469 876671ea8250c373
1470 e6fd3a2459dd17fc
1471 6e80fd0e773d59f9
1472 4d6ff2097d39f752
1473 db67879ec2efdc57
1474 8ae7320c4c0846e0
1475 b5055005176bcea5
1476 7d7c3f0c0a58050e
1477 84acc1850e4c26f3
1478 9ff740a43eb53fa4
1479 f8cef3a365289f69
1480 311c2c605fe041f2
1481 4b01ac8c04f33cf7
1482 06bce55509fb9200
1483 807d6fbf31566ac5
1484 dd514867a379a5ae
1485 2bbcdb4e454877e3
1486 9c049506675495ac
1487 85fa87b99f300331
1488 93a43ae56bb0933a
1489 fe6b8e2e67a374df
1490 0b81afc1473e35a8
1491 8714b0f9ec03b2ad
1492 8e5e8f75c456f7b6
1493 4b44b54e73246cbb
1494 99e033afdff8c0e4
1495 f77cacb3ddbd30a9
1496 9c90c51d2bbe3f52
1497 a8e0a84e77c77257
1498 03adf744f283e9e0
1499 db5741790061ed05
1500 40f6f8a4e25095ee
1501 08b4a427252dd207
1502 ce1fa97f1d4f3850
1503 663575f6b786b655
1504 9b3d760f61329ff6
1505 b891c95c42739ffb
1506 fb43b782a182017c
1507 8ef8f8b517432f41
1508 9a88554189699ed2
1509 ccd75d3c9068e1d7
1510 96872f5de1b99d60
1511 de6248942c1c18a5
1512 f00f162168ea2cd6
1513 0f2d855fe6b1a9db
1514 404b94b274f65184
1515 b04951d1bf18a149
1516 9527836fcfcc665a
1517 9b3ea1fbaa8aff7f
1518 0099f2fe77a65748
1519 c77ad07cc0f7b64d
1520 1d2a0b76be618e96
1521 2e9d7e3b4abfe81b
1522 9021d6068c571ec4
1523 709ec1587d5d8789
1524 8808d94c913ca11a
1525 3bbd8d854386a53f
1526 828b01967eea1088
1527 116c4d4dfb77bfb5
1528 7014e111064b7fe6
1529 4cefdc3b3b0f15ab
1530 960d149ca3e276d4
1531 3df420bd2072e419
1532 6b1f4e5f9d4fad6a
1533 ce8553dd563d14db
1534 e09db86443e3a714
1535 7c679be13dfb38d9
1536 7ece469e7c372ab2
1537 ba127c1f899f7b37
1538 784a6dc49ed28740
1539 02d04b13aecfba05
1540 b719ecdd19e44aee
1541 c3eed97c24aa2dd3
1542 36fdbb0fdeae9bdc
1543 9094340e84b047a1
1544 25db131e980e58ba
1545 647f33e7449ef95f
1546 bb2890feca3184a8
1547 139715b015590b2d
1548 5d79622a3c2d5bde
1549 ff7070446f807c43
1550 7913bdd3896dc40c
1551 5b6dec289d7a3311
1552 e640d5916c90ad1a
1553 926cd7f32119b13f
1554 b527f51223a8c108
1555 79a788c037ee03f5
1556 b077441778056b5e
1557 60f891d4f7113fc3
1558 6e3c5ef7198a418c
1559 a6fdf8fb7f582f11
1560 33ad248c3df6fdea
1561 4b3a8cdee8467c0f
1562 dddfc15bcc11e430
1563 3bd522b1acf90135
1564 417bd9f73962991e
1565 cc7b849b48e57577
1566 0a2515e8d6dce600
1567 6a61b32a7d2a83c5
1568 6c3daee64c098d66
1569 8bac6d54d81faa9b
1570 3fd7d3d67c432244
1571 90b655edf6325589
1572 7a619ba7e74c271a
1573 407949720eec533f
1574 25eaa72deb063b08
1575 9c36ad04f576b40d
1576 da8207175bb8054e
1577 708a39ceaee39433
1578 085fe29afdeb92bc
1579 a6069405db754e81
1580 e9a9dfe9c06a0f12
1581 3d5bedc303c51597
1582 869ac368dbfde320
1583 9be80fa5c134fc05
1584 283eb8a519f3e0a6
1585 f1ef271ef12c306b
1586 d79bb5596f812414
1587 1ce3768b35ec1bd9
1588 949927ab1549272a
1589 f06ebfa59a4794cf
1590 6ca66e9f948def70
1591 67f36f438812aef5
1592 c54c323f1f171c26
1593 322cab94a78469eb
1594 f10915e26bb57314
1595 0a4f60546f7f04d9
1596 c8231acf17b315aa
1597 398490bdffbcb09b
1598 c5aa510f5e27f044
1599 c21341742e6bcb09
1600 bfae5d08dce15462
1601 03e61bace1761e27
1602 aeff7e8dc677b170
1603 7d0d4665531e0675
1604 68e255317581f956
1605 e0490e0628cffc5b
1606 342a02e8b2c06784
1607 d69d4ad89ecdfc49
1608 96e31d5d75dfc052
1609 aafd7a0826255b57
1610 b7d3c75f9da1cae0
1611 41a8cabe47ce4d7d
1612 a9533bdef5095206
1613 26ee861890cfa4cb
1614 af25afd0160de074
1615 a6cdd8bd79ad2c39
1616 378860e4f2841512
1617 983fe62273a67f17
1618 29933c7e45bd4bd0
1619 f2e53c5e674c02d5
1620 71e8e4b6b2be963e
1621 1fb68eb45feeed28
1622 de444f31d349d811
1623 36a6116b5e38a916
1624 6a1b87b70bd57a2d
1625 c353e8d5227942d8
1626 db518c43a374af77
1627 115ecc7ef14bb7b2
1628 5c840f3efbf195e9
1629 5463ed4926cc0a68
1630 f36b466d51aa83c7
1631 63f19b22446b1142
1632 a8bd209c3901ac79
1633 ad2e69c3abb4a7a4
1634 05b94257ad918853
1635 197a0a8b8a3b092e
1636 5028e072c1618f7d
1637 41199ca9da4c3ca8
1638 bd37176437c71907
1639 9ea323490271b56a
1640 1d3f2f3bc10a0c29
1641 93c055d5b24912d4
1642 a4c6048ae0591e43
1643 8d86cabdd412a5de
1644 d24fceeb38f49b6d
1645 ffcf558f99f5e318
1646 1a1efd587edaedef
1647 d6bfa10a8e2c4dca
1648 e3eea60b9bc414f9
1649 5b0383f0c299bf24
1650 403caa45aa0a7ad3
1651 ae3530167641a6ae
1652 d485239527810bfd
1653 87454e7adacfcbd8
1654 2155554b544a6877
1655 62c289405cb9ecb2
1656 b0b805411ae28c41
1657 f5a66835cbf96ccc
1658 0e411d06c223051b
1659 116021245bb4e2d6
1660 7aa959404207e225
1661 250a6d69616a8e3c
1662 2d90d4c64c65558b
1663 65481ee073ef35c6
1664 7a7653efa4d048ad
1665 278fe5cec89c8c58
1666 a8d0a4e9aabbc3f7
1667 9b01d81fd1ae2752
1668 2da87badf1d5d109
1669 05ec766cddc52fb4
1670 3e652212506df034
1671 ee839c82dda3627d
1672 f0ad904ce86fcd72
1673 39e2ee074f4d3d3b
1674 a785990bf812e010
1675 225a2ef2ab4a9e67
1676 7f4148d837d683cb
1677 9323be805a403b9e
1678 8d86fa18abd269e5
1679 bf958078815c9b40
1680 7eb457112b66fcf7
1681 308987ee470e612a
1682 a0ac3207365c37e1
1683 366c1514aa73300c
1684 25f671282c804ec3
1685 4030cf5cc787a196
1686 d55e795647b2127d
1687 c1b485cd9f3d89f8
1688 19a86e20a9d2b1f7
1689 0fc9597f731e722a
1690 b25314742e1bb0e1
1691 e56db14f5b91298c
1692 c094efb8fc37d443
1693 a18cad8bb2e4e242
1694 129b06c9a8798dd9
1695 59ec2a5a9b0f56dc
1696 49dc7d7cbe20f7db
1697 c6b48c21392a056e
1698 e2261683a7f744b5
1699 ee55c30e82d80150
1700 b30480f004b8e46f
1701 7d5c783c3b126642
1702 f07371bce6a29f49
1703 601d49c7fedbce34
1704 75deab51c3099373
1705 115b7b4a6ea1b7c6
1706 c14b5f70c926c86d
1707 6cd39ecc3a912968
1708 c969394d461bc867
1709 d8276c146bf0ee5a
1710 c4bd7f4780f39e91
1711 21ad1a868dec2d3c
1712 450783be185445bb
1713 f03f3ecd7eb53d4e
1714 40aec12830ace995
1715 5d339b1ad2662530
1716 cc432f101646f547
1717 37c1ff8d2f1c513a
1718 70a1c5d6afa09671
1719 42abebe47d3fba1c
1720 c835711ddf61824b
1721 a210a0c2e943b19e
1722 39902f8e62998ce5
1723 99adc526cf6ad9b8
1724 4904e986711bfa37
1725 d6f1ffaf3b6e7c1e
1726 a43247a08b870ab9
1727 3b5a9ef0ae7a50bc
1728 04f8924a062afae3
1729 9afa77f8866ba36e
1730 0530be148f6dbf2d
1731 248aaa4cc7f78d20
1732 47d2414b5fcb3aa7
1733 8c2d167dd248ad5e
1734 476f3340a8404720
1735 46d6f7f619c5139a
1736 34997ca695603710
1737 32d623c1ee8c873f
1738 d0f4c5e39e1380f5
1739 6338158c736880f8
1740 928eb309c7ad355f
1741 6d3c4080fd2bf5b2
1742 2134bcff5368c5ee
1743 92f895a10e5bf684
1744 ede979dafacfe353
1745 a56d8d51674ce217
1746 101bcac72ca3f113
1747 231cfeb1c0c3dc7c
1748 782eccf21ab0da59
1749 b5ba9c3ce2ddba2c
1750 6535edf865ef9ff7
1751 6e029c94e567a1c9
1752 726146aad37f6234
1753 46964640640a8001
1754 0cc8a2aefc893b53
1755 a7475874c6b08a23
1756 862eef391167c3ae
1757 b4a9d185701dad61
1758 864052c482a96956
1759 e539f25908fee70d
1760 dd7fb9a588b5d7c1
1761 e56a5cd71edb1c1f
1762 bf165112d376e950
1763 7a4270a4e795b94a
1764 3af552860a324dcf
1765 57f1dee48220bc00
1766 758aa99784fc9b2d
1767 481e88962528459f
1768 2efeb9270c2881ca
1769 7587c7db8e794ca3
1770 83c24e11c6ee6dcb
1771 5438e7177e439657
1772 46d9c5fe2b0b203a
1773 1633c9fa19b44cd9
1774 9441bbe3f2c409fa
1775 09e9c16ff5a299d5
1776 17c5837e55e345c0
1777 bce8f17470749599
1778 f6e3a9280a4b8d64
1779 f398d43ad957b3b8
1780 fe709d34b3d3b554
1781 0baa911795ab350a
1782 67dc94fbce9a5ee1
1783 9d81e0bef5da8656
1784 595d18493117de4e
1785 4a7b51a18b55ec82
1786 c52b18df92890ece
1787 d05708b823936d7f
1788 66b77b15e94d9c9d
1789 9bbb585f2de0a26f
1790 0bfcee7df8af1f4c
1791 b6fcaee2adb56d5c
1792 36b03be6f37af3f3
1793 3a17980b496c9e9e
1794 0bb3d9e2abbcbde0
1795 9a4081c1e7ba08f8
1796 b9ab89ef2e347f3b
1797 b2c83a948b2af102
1798 5df6dd7c28498141
1799 e9c2413601f1cf5d
1800 d244faad7c466b72
1801 cd45dcae5d5b35c4
1802 dec1afaf9465c804
1803 b8864f4fca1424d7
1804 5123a7a660b0dcdb
1805 a4d5ad6c99a0247f
1806 c6d569d8dfe47671
1807 4e92f012fb8c41ef
1808 8d45750ddac47191
1809 1351bfc868baa338
1810 3200dd304c7e65c2
1811 fa8029bb2cae4cd4
1812 d934d4e006a09e4d
1813 b26d86b024903d25
1814 5c7e3c73a0e2b99f
1815 ad13141b2d8b8908
1816 e17983132072891c
1817 3dcc7f32bcab7efa
1818 cfe531803d24b57c
1819 927a03e2f8a7ccb6
1820 65fef9e2143860c7
1821 0562727d6a8a64c5
1822 7e98fd9035c298b3
1823 f1d24e16023f9680
1824 2b21ae398d324fd2
1825 3d91829c00bf366a
1826 0c6e8dd269ad90b7
1827 e846767dccd73566
1828 bb4ac45ee2eefdb0
1829 832fb3023e281ddc
1830 4f210634bb0f2883
1831 e02f97d744674a31
1832 50c5921e72a1406b
1833 d23d0756d75ae13c
1834 dd87048e7014e329
1835 04e22cba2202a099
1836 7e8d7c330964d7a0
1837 b67c42a0cfb86737
1838 83d1c0a226c87fd5
1839 4d07324581851e28
1840 092ca0d4140015ab
1841 02436f417e624a34
1842 6bc6a48468d0a3bb
1843 b971c0534cef8a2e
1844 a77bf1b962109e7d
1845 1e237507f4ce9b7d
1846 8a70450782f04b65
1847 bcdd13c6c65943c0
1848 ecfbbb06fe411a10
1849 f403d05c25733ec0
1850 741f441b458eed2f
1851 13b4a03ff79cfd00
1852 d671d42babb24995
1853 0f012fefbe57bca8
1854 59d3115472b56b0d
1855 cc4fba12f5564267
1856 07ef9ee333c59935
1857 eb48b1adf1655138
1858 99233613f34703e2
1859 e344d79d03eb9c94
1860 8f2ed254bf82411d
1861 beb5d49b03524be1
1862 eee133deea8a77b0
1863 7fc412f8b0e9c536
1864 5b4e2c2de454d291
1865 ff484668ddeca5d5
1866 415bd389dc8b3fd7
1867 8b0d509eadc537f5
1868 517c6afe42981ed1
1869 72add879cafaf8c0
1870 c6cbc483dbdac76e
1871 04348f290c2d8e13
1872 fcdf3a22795ad92c
1873 c89d8fc6013c05f8
1874 e47a63f03bf26e81
1875 440be9b238643bad
1876 d85c6c7f54ac7335
1877 2589c12f2126dda2
1878 f24d2318479c3466
1879 806b4e7b4854e157
1880 24b646a10958d8a6
1881 0082206c0e4f916e
1882 7360d804ecd5e666
1883 21763cf1f6c460bb
1884 f435d61bf494ea2c
1885 682c69f510092d30
1886 b1dd9df4bb60c859
1887 1095eb40e04f8388
1888 1b75ded85aa03738
1889 9d1d6b3617c2886d
1890 8d52d60e55c3355b
1891 5ffc482455ec3c5c
1892 c015f01cb6ada93f
1893 d0f80925fafa81e3
1894 2dd916929d22e5e1
1895 72bd098971a978bb
1896 bd714b31c960dc8c
1897 71db6d6aeef48b76
1898 fb1f5d0407215846
1899 95ee17e3d776e636
1900 d2275b71b501cd73
1901 fcd5cdeacad3691f
1902 20c6461d26698a12
1903 9331264268191e6f
1904 f77b8bb514b0630d
1905 d02716a6659e2d06
1906 78be65cb62400c79
1907 0486e99b0feae448
1908 6435d307b31fb516
1909 c72c58dfd2389060
1910 f78ff4d637ad035b
1911 2e42a9104c892b72
1912 597da256e21765b1
1913 f7448caac3c14d18
1914 aa42a6d2833d620f
1915 468ae19c8170dae6
1916 f438ac11769e5465
1917 66aa199ad4f51278
1918 208225f04b11ed6f
1919 e74de5875e9355c6
1920 16dcd8b082220994
1921 a9074fba1c93a4dd
1922 00bb556d2c032c2a
1923 143f77078efbab0b
1924 1c78bb99e8f5bc60
1925 0155969b3cab72d1
1926 67e8059ae5ddfd0e
1927 0b877713f11c0ecf
1928 f689f33fc1a1bf44
1929 12ba0321707542a5
1930 7bfdb01edcabb292
1931 2b9957530dd705f3
1932 9bafc4547dbbf788
1933 79affed4b0f46159
1934 aa16190ba18fa6d6
1935 d1df38d66ec1f1f7
1936 c023295464fcf58c
1937 4ee0433481169e6d
1938 9a84a1d7b399df7a
1939 04a2b85e9cc5769b
1940 491c5892cc3640b0
1941 de4d5e45dd0a0a21
1942 d035b4888718dfde
1943 cd6645b58b4d15df
1944 0a8b8e1a7db11994
1945 3e85e63d0101e0f5
1946 9fca44ab4365b122
1947 e8eaf225a7919143
1948 ca69de44d071c298
1949 fd260dc73c40ab15
1950 f161d25fdc3f00c2
1951 99b62593aea5e863
1952 e8aae7e03e6b6c60
1953 1364917b22a9e2d1
1954 6136bd80c15d2d0e
1955 df03f5dabb0bfecf
1956 4cd0853c86fba33c
1957 4a71ea39cc7154dd
1958 a946c0498e685c2a
1959 410f3d283af19b0b
1960 f3dfa973b7496788
1961 1110db9b6296d159
1962 447b39121af7d6d6
1963 991516d09c71e1f7
1964 0787163cc8106f44
1965 c898bde0fe85f2a5
1966 4fe700b034292292
1967 d7a02bfd388fb5f3
1968 bf5f953b158d30b0
1969 906bc0e1f044ba21
1970 e9cc43f9c5470fde
1971 8f7a5f42f86705df
1972 c6bac4d577dd658c
1973 a8fc578385d44e6d
1974 4bdd1733a44bcf7a
1975 c01811b2fdb6e69b
1976 8a126f90b380b5d8
1977 cd5f788fd41e2fa9
1978 c950387edf36b766
1979 f1b6602ae4964847
1980 a0f934aab1b6c3d4
1981 74d647e5f16e2049
1982 be2806dfbbc68c06
1983 fa485193cfbcb767
1984 4de55caf298be37c
1985 7f6a33103d4cba1d
1986 7b0cf70967bb0c6a
1987 78b211caa961614b
1988 fd60eaf7e0f53ba0
1989 f7e98d8b5532bf11
1990 14e2d89f993a374e
1991 014ca5f7a4716d0f
1992 1a7a7ee79fbcfa84
1993 92c3f4c51de788e5
1994 4f6035415e9268d2
1995 eacbb09901542433
1996 673bef78ea843ec8
1997 f1f9d05052fca199
1998 58908bebba106516
1999 e6ed1f1031c90837
2000 73f79988108304cc
2001 9090b89058a777ad
2002 627604bd1f1372ba
2003 b3a579738602d6db
2004 ee18b0de3a8e29f0
2005 71b5922eeef2af61
2006 4a6f6b0dcbdc491e
2007 ec7b19fbd385ff1f
2008 19b9e4a5b591d3d4
2009 e2ebe0bfaed90035
2010 6333ec06fcc54362
2011 189fbca253aaf283
2012 cb1a45e1aba785d8
2013 28c959fd6c652855
2014 a046b796a459af02
2015 eb9aba6bbb99a6a3
2016 7ae846afbed16ba0
2017 e072e4df75f4af11
2018 a66148e1b1a1674e
2019 b316132dc01a9d0f
2020 173d9fe8f431d37c
2021 509d1691ec512a1d
2022 1448109c9bf27c6a
2023 bb2cc9a8e31f914b
2024 8699c3888714eec8
2025 27a44b4427175199
2026 fa39ad89aa6e1516
2027 f7285c3f232cf837
2028 c6adde071ee1aa84
2029 7c71fdf0d465b8e5
2030 2e0cb91539f298d2
2031 d0ea61f64ce95433
2032 91f7955c92f299f0
2033 0f3a9e6b500c5f61
2034 976339c5b454391e
2035 4567dd0c7dc3ef1f
2036 f05b738fffedb4cc
2037 6114e3d9c91be7ad
2038 a2cff5a93617a2ba
2039 78532882be75c6db
2040 52841bdb7245c618
2041 06fa41deffe67fe9
2042 b062e2a7bfb0f9a6
2043 20d9f6d723fe6687
2044 a0e3736a67b35514
2045 e3f69d557947b089
2046 f710a8ef209b9f46
2047 7e7d225886926aa7
2048 703f950528fb7a47
2049 b7accb7c8b58e025
2050 97e437e0bcf8256c
2051 30c2e4042a207a86
2052 dc20367b08c0db30
2053 80201a9a0d46e128
2054 8e116375bc2303e9
2055 2f627b37e4af1e09
2056 fc87d80c592f9515
2057 fba9775e3e01c21f
2058 9a49af53e8a90c1e
2059 9ea7d6103047dfb8
2060 0d86e7174a8a9b7e
2061 b77dcb767f78c0da
2062 97190d69d5c5590b
2063 441fe78c057a27ab
2064 0300b2f0c4211d8b
2065 1bf9658379298e42
2066 048221657e636c08
2067 58b99233e6103fa3
2068 399c4f27a22385d3
2069 7b2a0b9585d719be
2070 29bfa7d249563ad4
2071 6f4b8815e488c558
2072 2ec70e013cb09939
2073 0283d80dd4515240
2074 147025a9572d951c
2075 f2c904d897f138b9
2076 c279eab9b767fe3f
2077 5e44ed2a1ecfe5c5
2078 83036b0e52032641
2079 9442106eaba60261
2080 69dafa78edc6aecb
2081 8fd8a2e1bd06cf8b
2082 f353d0f25498173a
2083 85791272d2e3714d
2084 40bae9d8a75d56c0
2085 5313688a716ed0df
2086 6c47089018e9558e
2087 44e808347b959215
2088 7d5d6e4d10832b36
2089 c871195a1e21321b
2090 8a2405ed87c97bd2
2091 d4f3e35687286d75
2092 059d0c83ba4c7c47
2093 343d7813445a59f7
2094 28777c5ba2d25bc2
2095 b12f2ec53ef22232
2096 142f2ec53ef22232
2097 a61b9111ad0f8c6a
2098 28096f5667d922d6
2099 8a924e73a9e1c20c
2100 f7a8322c1ff1033d
2101 5bb240808c877017
2102 de6bc2e363fbbb92
2103 0193e4a9bc05ca13
2104 1830bbd8ac055665
2105 82c5e03579b3143a
2106 613f653b4ef206b6
2107 a67f9c370e84f2b0
2108 f00c583ffab3dd87
2109 c31dc48b2b4de862
2110 f9add478e6db4238
2111 66a76dba77a4484d
2112 e2b3fd17ceba35af
2113 0b26deaa3a66003d
2114 61c435712fe91dc5
2115 4b1026dad5eba58e
2116 10640f4b707358c8
2117 cba073691a881e44
2118 dbb2674e155e03aa
2119 b4ec08e1f1e78344
2120 bf3312dce8de138c
2121 d8cb6c151f736eb2
2122 4008ca36045a1fcc
2123 490f203cebfbf9b7
2124 d6b04abcd9d4a793
2125 5b0647ae8732a8a5
2126 8509710d6fd43853
2127 8c58657e5667621b
2128 33a4d0b9ed0e8559
2129 2b83cbe6c2d994db
2130 09cc8a9f0f15841b
2131 daff49a59788e2ad
2132 bfafa86cbe211145
2133 ac1ede96195f0626
2134 4ec2e569c6feb368
2135 516a4131439c4d9c
2136 87a7a744cac7e193
2137 eb4aaad1c034976d
2138 e10e4dc46ece1095
2139 3341311d5e0a102c
2140 e633cf883cdbaec2
2141 c9356a0ec5856ab2
2142 440ab74bb8f4ff28
2143 55103972644b1669
2144 8fa54901c204b459
2145 a6ebfe587f1104a5
2146 a8c72344d859a24b
2147 ddf26f5dd5c4632b
2148 ffceb49696334c50
2149 28fd8fd8196e03c5
2150 f495facec1233ae7
2151 ae9eaf25e36ff3e2
2152 58d1a98f071c7a52
2153 d4692d50ad7845ad
2154 ef7dc09d0eac49c0
2155 44a6fe44485e7097
2156 74b0da0e52d32042
2157 ebbbb06b33439817
2158 2a87903e3b88c85f
2159 4552245a99c89739
2160 a95ba9724838bcaa
2161 d474f72ba6458e01
2162 7839d62a2653c96d
2163 8946c10d5e236a18
2164 d2352bbec3f04ebe
2165 4fc9a85e9829dc3e
2166 aaf35c75e053b464
2167 df5e3136b9124cb4
2168 761023737157ca80
2169 487c7ed74f54eb2a
2170 d2f31ba5eaa9e73d
2171 f34ced57980f7796
2172 b0daa162d990ac0b
2173 6b51ce55c93065e3
2174 b717cb03ee3c4901
2175 336b3c26d90a648e
2176 3d5aa6dd0e74f39f
2177 f8ef46f67185c691
2178 2be020498706014d
2179 565331956921d3e0
2180 ff2a77cd0ecf6537
2181 fc15a2851fb608b5
2182 639f5eac5cec4613
2183 d0a753ba8df7d239
2184 e5104cd346b4b22f
2185 0689a393d7f4b74b
2186 373a4a48b6291705
2187 6b53ccf6f8507f63
2188 cfbcb3d58fdae964
2189 b751c30981c001ad
2190 4520cd51793e166e
2191 a3186b2fee157a75
2192 2d487a5d536b5491
2193 f0527efefb4f5ea6
2194 c696e0bae2cf2fc6
2195 8abe08be678bfbee
2196 57fcca9f5b21c8f5
2197 b52d310a25189a20
2198 abb8dee8b46bc7ff
2199 42b52af0ef5af640
2200 d84628f3faad3624
2201 3c4f4eed478b1ca1
2202 47482329a02f65d6
2203 077d167db6ef3ad8
2204 710f6e60c1d07825
2205 dd19d3bf3b1a3678
2206 aa5d59c60e1ac050
2207 f9c9cfe5db7b6dbc
2208 782faf58011c7a59
2209 2c3c7f390db59b62
2210 a3d1e94bfff7cb6d
2211 86dd1ee4d2e0dcc4
2212 01f3adb643ffa707
2213 df6f2cdc00d13bf7
2214 daee23412d7aeaa9
2215 293d633c88e23f3a
2216 2830ad62acdbb0c7
2217 00fd9bf2d9270df5
2218 1fb0bac6de7ca3ac
2219 10e53ffee845824f
2220 6392bd99873087a4
2221 e509fc47d0e75f0c
2222 ad4560d1e34cd9a9
2223 2ad930807d16551d
2224 d992c40c7c0c2254
2225 a5b25bfbde67eaa2
2226 427bd137f0203024
2227 8ea837b4928e6c48
2228 d6b2069ca19ec73d
2229 ecad828f86a4e547
2230 58007b6e66af4980
2231 1bcd1d9265a83a5f
2232 cd90230aa6917d25
2233 76577356be99c4d0
2234 ec7f7577a3279203
2235 1a879ed515af56e6
2236 0ea04d53fbfb4781
2237 016d4043aa7942e0
2238 7d5ba49ebd20afbb
2239 cfb76e35256b8dd6
2240 d5571143843e25d1
2241 7c15e8e8ab3807cc
2242 2e7c61b728203467
2243 4ee631b4b3937f71
2244 094dc68d9bd8a3b9
2245 4093b7770b62e8ce
2246 8f5fde3019ac4454
2247 f77d41835c36eae3
2248 d049c9eb53e9fb96
2249 a3c55e6efd6359e9
2250 3fefa1f5dde96550
2251 26d00d4d3418215f
2252 0afbe73af56d081a
2253 8865034b913ef7cd
2254 eab1c3389350e06c
2255 b4633aa15cb3023b
2256 25c3ed0f81385a2e
2257 a8cae443a8d2dbd1
2258 b874286088d5e2b0
2259 59181a348d9111eb
2260 7b187bd72f508846
2261 db2c5e769c1e8c71
2262 6da772e9b52785a0
2263 c479325e88c92aff
2264 dda152bd6e39188a
2265 e3373293b2c5b68d
2266 d8714a4838d0eaf4
2267 9660f0fedc237273
2268 fe839e66a94c19de
2269 2f122f15d213b02d
2270 4e289514e25fc03c
2271 f44630b6eed7cecb
2272 a124e86430f4debe
2273 657279ef850f1219
2274 5b5e67f016b185c0
2275 cdba397a0fcdc12f
2276 47c9133d3b893ddc
2277 93f7247e3c7d7f9b
2278 a6ddd8f3a56bcf62
2279 3dd1781eb96c333d
2280 118ce40e0b9e1d78
2281 f7ece60e771cab57
2282 40e79acab65ec11e
2283 b3eec77ee20c2959
2284 a94fdde803a827ec
2285 3100ea088a008c1b
2286 da6a36a03cef2fca
2287 a7e62976f8ece885
2288 370de22ef3168bb8
2289 d4810aad5a15b61f
2290 ae94a4bae912d336
2291 3de1e62155c38681
2292 e6c5df1e54d16e1c
2293 d5f50c8a8552de14
2294 4f0e8a9698fbf672
2295 5601224e2f668275
2296 a5d824a7217fd258
2297 8f3be6c1cc9edc17
2298 c7de7210ee54095e
2299 fa12ce8e3c4637e1
2300 d232e8ba4ae392b4
2301 5aafa82103b60fbf
2302 baecc5d50e011b36
2303 41b054e1e2d657f1
2304 8e28a2d0a753dc0c
2305 c57761bcaa87d0fb
2306 0bfbda5151cbe802
2307 c160e85a716ba13d
2308 1b6d77a492837f28
2309 0bef9343d31604b7
2310 09f333efd1b15d26
2311 b094e3b9adce9541
2312 2e4f598eecf926b4
2313 60042db0f39b084b
2314 b521eecfc597adc2
2315 9350644f35d426b5
2316 27a7b08ed0913e79
2317 675ca293cf3ca494
2318 193a6e800aa2c99a
2319 a48fb5e763879642
2320 368c6654afc99638
2321 37a9bf0656407d1e
2322 0f43db67976f57a3
2323 6109580ea7891ed1
2324 b7f0e6425165f913
2325 9c82c852822ad7e4
2326 0a2b259c862f4625
2327 ea23f32e9d41b3ae
2328 2d80827b49d7665b
2329 47bfbc08b1c72a86
2330 9637cc3516d09881
2331 28bcbe6c945786c0
2332 14715c4620b89517
2333 4b19b3f3819b6dba
2334 8ffda1a583edecec
2335 e6c3b003633d176d
2336 ed7b1f596e5a13f2
2337 4d3b741c20c0c781
2338 38b029bd3acc1414
2339 70ca2d485c460d15
2340 93d2b55e92f4fe66
2341 e45445e7165cad45
2342 d389152be2e6122b
2343 ba998b19946638de
2344 e771699c74f798be
2345 e0ae343e25bb4bf7
2346 a5fd3272d99264bf
2347 6797f36c2242cff4
2348 7e67d6edcd0e6a26
2349 88e9675465d528ab
2350 61dcc40ea44b3c05
2351 f0c9bae585220728
2352 58325e0d9c8e2c01
2353 1636e912488b2a80
2354 44f7091e9e69a530
2355 831245f316b12ed6
2356 224890562a860a60
2357 6d340884e17cc478
2358 ffe254dc0f3504f3
2359 4e6b7d42029da332
2360 6c6b567d36d65e66
2361 826d44ef5a174d82
2362 5e6088e7de707208
2363 74c7339563e99e76
2364 0956b42b078bc294
2365 4b295b9da433e654
2366 aa7f7bf8b4b48e25
2367 d25045b0fce22c0e
2368 fafc591e96223174
2369 b365b08d984c6754
2370 7623367069c736e9
2371 d0232e0c499dd131
2372 7ac7cb43e98fca59
2373 b465a48dd7de3005
2374 a5f294e5386fb2cc
2375 0c604fafea0a41ce
2376 3a27e6e7e4d5ff9f
2377 77dd9fea912140dc
2378 97b0c0675d19ed4d
2379 3e17153b2237713a
2380 db6e279bc2788f37
2381 bf4a41ab6208075b
2382 35799441f134fefd
2383 6c6cb7d04b2936f6
2384 8640767c66f4d5fe
2385 898623e144feaf8d
2386 dd5fb49105b12cb4
2387 f3d6546bc23cce74
2388 cd6d10cce46f0ff6
2389 45147bc417b360e5
2390 74157341d2e00073
2391 3c9858301a849997
2392 110ffbc0ccbe5ed6
2393 adfa955892537ca1
2394 b9848580788a75ea
2395 3d494d0fc86a06d9
2396 e9d2ce9d914f8049
2397 879d6eb2c8c4166a
2398 d28b13abdba3c419
2399 081a4d1e6cc86440
2400 65955373a94a3fe2
2401 a6a92434e363319d
2402 2443cec38ea84ff3
2403 92c5bd1d5a6ea9fa
2404 8d3a01d46a1f6666
2405 fa07cc8d3f42953a
2406 d543d500c2aa9ad4
2407 852e3aa4112aeb4c
2408 e0ca2578c23f29e6
2409 407480160018f41a
2410 f185a58265c165a4
2411 f34c76b1b934ce5b
2412 7f2dedb046da8760
2413 31cf879ca0567234
2414 b5afb05905d733da
2415 fd4a61bd2020c5c9
2416 91eb6e9bf89dba69
2417 6b0e7a26d57e0f89
2418 44dbcb1ec36bd472
2419 05eb6f013f8b2925
2420 0eb172a34c90ad10
2421 5f6374c828ff5686
2422 1cdba2949dd93e62
2423 3571498eb28f18c0
2424 af6852839e192e0b
2425 f79c41fadcaed99e
2426 3bc83a3230f555c0
2427 95be958f49f5afca
2428 cb27e4ef7fc27f70
2429 bf9449c8bf85fad5
2430 7a38019d1c1678e2
2431 7761c93737a538d6
2432 514ff6282cbe5754
2433 a6aa3eed9225c073
2434 a6b3e90b5bfee68c
2435 b21b4e15d73ed514
2436 029ca76690621e21
2437 c3043e6ccc0b61a6
2438 b47ca6b8962dbec8
2439 e034ebb8ca9db9f0
2440 69c6c12a7933e377
2441 9e3404916251d48b
2442 e8c501df8dad9ccb
2443 32e646dc1a086e2f
2444 b874be46af1a76f3
2445 41d7ace8058e65a3
2446 5cfaa904e5760921
2447 efa6ae11eab2edb7
2448 2379f2d5d0679df3
2449 207000cfe03faec7
2450 8e5339ee9a118734
2451 42e78509231980d9
2452 64e74f2837b0104e
2453 a919a1943c9d61b0
2454 5178539079bb4d75
2455 b48870a807850c66
2456 b5b03001dc42846d
2457 cf383392ecf5c757
2458 635983a0360c0de7
2459 94befbbf8c615f9a
2460 15230c6c196358fb
2461 0b0ccfe29625e50a
2462 f9adee8f6942ba4a
2463 a1f00adbcd8d722e
2464 282ab1a4b3141d25
2465 4f69cde549ff4b9f
2466 91a2221a287a145d
2467 64752d896868be23
2468 a7370495da2c9535
2469 e0452b5af7ff092c
2470 3dc29a7d833b6ce2
2471 c6aad5cdbd30736e
2472 6296b3e808a70c30
2473 2c8903c2b139e503
2474 4714afd01a97a029
2475 73b57e1866cf4867
2476 9fe5227ea3d13800
2477 74294db01da52633
2478 345ff374522dae73
2479 650fd07e2d10db02
2480 629ca5df503e825b
2481 26bac1242fdd03ad
2482 d698a5feef5ccba5
2483 96edf65aeabc1f79
2484 7de788ea44deb9d0
2485 296e5b407cdc584b
2486 d5ee5240375041f7
2487 ec84fc46466ec4ed
2488 c2071e89a3d182ea
2489 cf155d6264b550f4
2490 40a00169ccae2706
2491 1ba42973e0a2de99
2492 c31f7286d899afb4
2493 b9dc4877eb8e48f9
2494 f3e594ec9fdf2d1c
2495 1fb16581f25b4876
2496 af455e457b03bc63
2497 d96add598cdfa3d7
2498 fe103b84b9ff63ba
2499 fbd539b7c9c20204
2500 7d56c8562ba17b89
2501 ff3db5c66b1eb8a8
2502 11cffe9322bbe4e5
2503 92866498681f90be
2504 925c0eb67ad57e88
2505 f567c9e1e512c253
2506 d3c2fcb9c251bc13
2507 d59de65cfcef1834
2508 3e01fc3e71467c3d
2509 1446e25d0350b288
2510 870b7e464ccaf5fc
2511 e7eaf31be5dcba22
2512 dd1f56825d9517c1
2513 769427596cdac967
2514 1158b8e3055bd1b7
2515 03cdf0a3ed8fea82
2516 1eacf22bbaec4439
2517 0e53ff64d816728a
2518 fb2cf5656d64dc0b
2519 2c30b0120a598e43
2520 fe6b08d5778125ac
2521 bb31dfd4589b4fa7
2522 238d3c3b39d2079c
2523 0f7e5eb81a474eb5
2524 943a1b3c975d1251
2525 5a019c8180f8a518
2526 c3f2dea4aea1e64c
2527 871c75cea92093fd
2528 e8ec6105c3955116
2529 163e88018059632a
2530 1a32943f5a34564f
2531 b5e9f060ad3ae18c
2532 cb3c074d6df53852
2533 07b6ec8e04769e1a
2534 688985e75c46bae5
2535 4b5650d7e87f16aa
2536 49e359739cbbe2ba
2537 d7f815e562c7e85e
2538 21cceb77b1e98dfe
2539 974b08c10cab079c
2540 da492ee4e14115c6
2541 0abf1bc81ffaa38e
2542 a8b977b0d5762cc8
2543 d49d98ca23300df2
2544 5bc7ad20694d8118
2545 47ebb4cd4d3daad4
2546 c8578faab0937d5b
2547 ddc171d284186a7d
2548 da9401cadc6b3ea6
2549 8212293c065d4d1a
2550 be4db3b47db3a8e1
2551 4f4ac157f584481a
2552 22ed6242fe2dec7c
2553 5d3f72cb818412b0
2554 324dab1a6fa5b06e
2555 d66a6c58f494b02e
2556 f8d72e1c63113068
2557 a5d5d9b55c55177a
2558 45081b7398b0201a
2559 5e39565f1e4cbfe0
2560 fbb2087895616cb8
2561 f25a9aa37cab4361
2562 fbb0da357017d9b9
2563 8b05d16af2ddb461
2564 bb01d4b37162382e
2565 55f56da8a0602e92
2566 e8061894f6e90feb
2567 9403a0225d6729b9
2568 419df2cca2af50d7
2569 c77f7fe1f51fb2eb
2570 8a6ba9c0d979b557
2571 602d1728faf98d49
2572 b4285a5bc744c7c6
2573 61f99e1f37e26421
2574 ce0a1418f6620960
2575 61e68a1e786811a5
2576 e7d85522b4c8609f
2577 28e55b2e61cab43b
2578 52c930b7df4e5d21
2579 5e0fcc9087cd1a60
2580 2dbce117a093d637
2581 0df7ad5e1a367207
2582 8fc959019cf43257
2583 419652087d3fb25e
2584 6e1577f385774862
2585 d62532948acf5057
2586 5dd81891e5e05d20
2587 9ec26a91512d0842
2588 a4a212b09b04324a
2589 4e72ed6ef54894e7
2590 075f4a3c8c65d498
2591 6092671079dce5ff
2592 9a839175e02ec9e5
2593 e848bdd9ea5a0752
2594 21e8dec20bce476e
2595 b1b51a36a8114251
2596 3bf7e0e5b478a569
2597 57d2bc44f3b10209
2598 708eeffdacf1bcbf
2599 c5581f3d2ae46e0c
2600 a577ea889f1cc949
2601 403a8eacf88eafed
2602 0a8a5a3b5ebff1e4
2603 f4edb013a49d7ec1
2604 6dd5edcf691a819c
2605 b4a7dfc1e7fe8286
2606 f14c1d0b7571a14b
2607 03d65fbce18377fd
2608 795dc36953f61b8a
2609 2baef4b1ff0ca812
2610 52b35847bf28d034
2611 d2a4482d7bce3a72
2612 afaff4522c104e72
2613 f530aa4780f36ba6
2614 ab5a0760a5a16215
2615 1fe2e68fb529067a
2616 e562ad3f08198f90
2617 a2a488658b861aea
2618 4419483c1775eb15
2619 51f96de3ece26bf7
2620 278a7fd7b6655491
2621 780ad740015b0d3c
2622 38322fd35fd1791e
2623 89a0d448dbb1197f
2624 1e0c61b6f344d592
2625 c511a4a796cfb846
2626 0fd6b4060509ca06
2627 9f023c1da480726b
2628 37010cea8e6c882a
2629 faef6af816967533
2630 a3feeef1c35dab96
2631 ffef091ebdde2fb8
2632 6648dec8f3dd8fd8
2633 e1d188d505fa9153
2634 e90befb85f9f8812
2635 f66e8b148a3a368f
2636 ce8779dde4635ebd
2637 2b34eccc6768a92b
2638 37efec2568976428
2639 1c9f34d95d9f662f
2640 e7d08e094e5b4d8a
2641 9cf1da1488d84a12
2642 126352ba9c8657a9
2643 71f74226da91cd42
2644 bbe8a5cb09b70ee0
2645 e70eada8b2fcabab
2646 b5cf749866da016f
2647 9fd850ea0c040d4d
2648 4a30ed94af424393
2649 231d40fbfc4a81bb
2650 a95104c433e3451f
2651 8774f0f714e415c1
2652 b246b112becef0b1
2653 532e9990fdef32b3
2654 0676b60c24473aff
2655 a174702488fed035
2656 8b8753e8063c84a7
2657 6e62bb4c1adf48b9
2658 d5cec2978661ec53
2659 ec6d54bf9cf5fe23
2660 92e1f2788bef25cc
2661 331e3ee9f31d998f
2662 9a673960890a9cb8
2663 c62b50aa5e7d7186
2664 99785d90360c2b54
2665 f41ea844458129b9
2666 84c3779f4a3bea78
2667 bcb4b3db2f8e5382
2668 57c520b997c22103
2669 9e9554b3f59875b4
2670 e458209159cc380c
2671 c0588d9c55eae1c8
2672 96f620c829acbb20
2673 f28e4209741c4333
2674 e85493ddcf11115d
2675 7fddb9a8e7a023d5
2676 30f3cabbc290a910
2677 90352c5cecd1fe18
2678 6e1034cf32537a1f
2679 70d61ce7bed3a424
2680 b68cd4ec0d49be92
2681 98f9694faa08dd44
2682 16c31b56c02dfd72
2683 c8059d8b3168251a
2684 806aba4ef20d05c1
2685 1824e06076ffc6a6
2686 b34a910d34424018
2687 d8871fc788f3b49b
2688 abf873415307816c
2689 eaf9d027c8442fc5
2690 2fd3caf0a4fdd36a
2691 ef7e32db4cd76402
2692 2e541399535a546b
2693 a97f80f608dacf5c
2694 d41492b451706f42
2695 dfc5738d378f29ff
2696 70ff62f8a3d6f8b0
2697 9cc85a88dd0d799f
2698 5713caf2dbe77ce4
2699 bdf2f545ca2d6aff
2700 d0b5de77e99c5058
2701 2162208603a839a3
2702 8159acfb5711e00c
2703 b4d0e89b17c8b6d0
2704 a05ccecf153a1cf4
2705 c7bc81cc1e5dea7b
2706 71b8cd1968d7aedc
2707 404a83af8f5c07eb
2708 24aa516ef853054b
2709 e0fbbbcc9551c1dd
2710 fa51f15a9200f43d
2711 e54a88fe0a10828f
2712 16c8516362d1de1e
2713 83eb31e9b5752130
2714 d3ee25f56345385a
2715 06ee336abc617bea
2716 80ad16e1a2d9a8d2
2717 640c924ff0856d3d
2718 7a83c76958d7b04a
2719 a32188c9bfe0b8e4
2720 5d095bc4803f8d92
2721 b3f4b1c444364af9
2722 8c026373e657ced4
2723 794eee83af82acae
2724 2cf7a388f7ce4bed
2725 87da547c8b6ba485
2726 12cd61654cbf6cf2
2727 636e1fe75428b09f
2728 851e1c1029e77319
2729 b46e0529f9ec6afb
2730 23a5e03292a5ce4b
2731 885ccc4f46c840a1
2732 e26261eec395a6e8
2733 9ba7fe167a3afc89
2734 b0fd43452d26aefb
2735 4795f3f6bae64e7a
2736 0c81219bd5a41b94
2737 c00fcc102f894938
2738 7b6be67a3a17fef9
2739 75698f58b3fb5f72
2740 718796d0388c048d
2741 46d44d31e36f990b
2742 a647fea0bd0f7ee5
2743 6e50031f2acaccf6
2744 63e1994d0a12aa2b
2745 2e4cf666d23188d7
2746 d291ac3b0e501d48
2747 7f2b6263a0a75706
2748 7cd0274abccd50e7
2749 500a4edaf030905a
2750 62fe5951c6890e5b
2751 143b4f80a77f5b24
2752 9efea66a318d45ea
2753 bd37a4ed11aad319
2754 28901fd11a024054
2755 142173613d88f9e1
2756 77eb4148ba904487
2757 beb81c42b52d07c4
2758 720b402f35f86521
2759 36e5c532280ea745
2760 b970c5814ca6dc00
2761 b61669f7de6d35ea
2762 a1d1cc54efc06ded
2763 3075385de757b679
2764 ff22c0a4a982fbe0
2765 413d6345e8beb7df
2766 baa0b7c86c9e01a2
2767 503c8760e65cdf1d
2768 55aaad085c4f9db8
2769 63ea256fe5238f97
2770 e99d9f4f6df0fdb0
2771 a120e24e6cedc98a
2772 1484334eebe2254f
2773 abeefcf9fe42e022
2774 1ef0caa4d179979d
2775 4e28cdf006beebf2
2776 2e26240803a8e941
2777 8f9bb418dc22b828
2778 03b9d2da7a0a4652
2779 dd083bacdea55513
2780 c6fdb855f76accfe
2781 f5526620a49b12d0
2782 ec5c7c0ecd559ce8
2783 5bd115eb27455842
2784 5ab4ca4a0dd11b5e
2785 470a6ae2961529b6
2786 f131f5513bd4d20f
2787 3d52cd5672022d50
2788 5e43cf79c9778b02
2789 4911e4d9686aedc8
2790 5498ad8a962d952d
2791 c00288a5b3ace33c
2792 09016baf6eb7efb5
2793 ac79368c19652112
2794 a7dc15e1b70ac65c
2795 0b0aadeacf82c46a
2796 70f71961cf244988
2797 6293b6ed8a669ac8
2798 25813fd81d41ae5f
2799 572aa5c5a7cb8860
2800 4823119dbada07cf
2801 57b3e435c2eb3bd4
2802 94104938f2a44091
2803 87ccd0a4e4ceb513
2804 e9609412fe5e0fb5
2805 ee2716d8c58e2240
2806 a5224315564b77db
2807 06d45f987db5b20a
2808 3502aeb8d084ee3b
2809 0fa8cab657a86f92
2810 7ae23a8039b694ad
2811 f011f1009e5eddc9
2812 6f9c19902e55b43e
2813 277df9eeb0ff58aa
2814 bcc332d4dec7a613
2815 f6b393c3d6a5055d
2816 c4a60908b50aa186
2817 c6a2719c4d2929c4
2818 ded9ee92d67b433b
2819 a789571b02d8b149
2820 e8f1190e9bbc3395
2821 05e22a11273a217f
2822 535bd019c8db9d47
2823 6524474799910cfb
2824 64aeabdf81d82e30
2825 f768c01b7172a77c
2826 11ce29e67702ac79
2827 d7403317e500ec3e
2828 f684be27742dd1a9
2829 202884fd02407b7a
2830 cc2d9930001d88ec
2831 3ab54df3611ba7b3
2832 36613a8286a73e00
2833 302382826e9b33f1
2834 dc18ad1a3e93f119
2835 d56c6397f59e4334
2836 2537823526295730
2837 5c7710b7d4fbdbbd
2838 4f6efb0c8c8c37df
2839 45e5001253a263e8
2840 530d150930035653
2841 0dd423eebaba8281
2842 361030fc43345ea5
2843 e4fc166c575052e3
2844 53c22e4e9fa5e6b2
2845 b3ffd7df464edadf
2846 b2c85cd6172530dc
2847 939ff98ef41846ca
2848 fdd77d3e0b503305
2849 ae34eda5e58cd04e
2850 4400dd020a500a7f
2851 4a626a4fa2360d57
2852 1b6f49f990657480
2853 115ca29a151efa22
2854 4a400bd0c29401b1
2855 abca8a91934d27d1
2856 9b1c716d5a1df78d
2857 efbe687900b56bb1
2858 e766f939f0ff0edc
2859 fe65e65a31b5615a
2860 d93f7ca18c47e852
2861 f4c17b6653ddda86
2862 db4c1b4063158176
2863 62a07a771a620bf5
2864 83bc65ceb0e71fa2
2865 a1b164a21822ecd2
2866 92fe6bdd85531830
2867 99cad8a4886fc356
2868 cf383e3b1186beaa
2869 6913aaa39f631ef2
2870 191b5416f814a53b
2871 a44eb0de5978fab3
2872 21719c1d4b918a19
2873 f6c456e17b599147
2874 f3285d80fdcf5454
2875 5e223c94bdf071ae
2876 ca3c1329dc693b23
2877 cebbf384f8f1e61b
2878 7dfaf7cc95692da5
2879 6988202443116fde
2880 fa315703361d0500
2881 0abbd5891ec15dc0
2882 e4b2d5392282f50d
2883 e66148f7acc5c3b8
2884 283d8f5b7de86007
2885 87f0649eb48f10e1
2886 d825330fb0dfd2cd
2887 c92c813ff78b36b1
2888 5da4227ca2be728f
2889 219007c7a230f69f
2890 ade680fba84b99f8
2891 2951d8aa49536d4e
2892 c379600c8806fc6f
2893 4d291badda02677c
2894 b6a1fecd4efc4d2e
2895 26bb37370ed87057
2896 59cc82bb9b719588
2897 9bc4dce3509d69bc
2898 a72a6e61f05ab70b
2899 a35c03ebc53c127a
2900 c02296d29222a61b
2901 57fc66c438b1b150
2902 6f212ddce8bc3a71
2903 b13f9e513ac5ccdc
2904 801dad90ddef784f
2905 d97dc7bf2ce8e334
2906 6a71e1a31e7857ac
2907 5cf1ee5fc5949228
2908 c5b615da5c4e664b
2909 d6c48cdeddc3c13a
2910 6c4f005f02bbceda
2911 c4a83ef73fd41f44
2912 054b3a92dc0d0118
2913 02c23f3f3a0e62d8
2914 8a52723e8ea0e26d
2915 2d5d6398bc72efb5
2916 a93ca5446004691a
2917 8451c15be2520ee0
2918 1ce2b7986137fbc0
2919 5072cce41832708d
2920 dc014afce02e383b
2921 d8e50b61667f7879
2922 5e33155ea23fa5ed
2923 878cdac5fec63e8b
2924 95ca2701b99650fb
2925 8cbe8c95366c5fa6
2926 a64ce8f3a980637b
2927 8b3a5e47ddd591fa
2928 e55a9a6846569ac3
2929 63dc868ee6c1286d
2930 9ee48520b0d9b2d6
2931 078d647a933a6289
2932 bd8df166445fa842
2933 cb9cd35fb0889fa7
2934 dc1b581a69605943
2935 0b7f6d309a3d0720
2936 fadb3edd9e02533a
2937 fcb726bc13dad204
2938 63ff3741d6f1f86d
2939 0c19a5f9e4f6125a
2940 bcbe4c8032039cb1
2941 b2508ceb1e29a4de
2942 e3fba1f4795bccc0
2943 7f87efd330378ac9
2944 2e4edefde2315ac6
2945 df451df8245e6cee
2946 0330bbf6b5e71809
2947 61486015e5edf61f
2948 6f506d9dd676a1a1
2949 76ca31b760f2efd7
2950 eed9d22389c9d36e
2951 626c448d50b6c2e6
2952 de9b34d88796ff11
2953 f45b06b9e1789d2a
2954 ae77bc76270954e3
2955 af71ce22bd3ddd63
2956 31318fc2eb3e140f
2957 79e7c571eadd609c
2958 81304fbccc0407bc
2959 fae10aa44f476575
2960 3cfa9b0bcd8c0195
2961 497b24c549292241
2962 dea266d04c4556e8
2963 fd4cf6dce155dad2
2964 ffe49480afb149b6
2965 24fce8f7aa815e72
2966 e259a04155d967a2
2967 70d94e7bbd0627f4
2968 7eec63d5737c6900
2969 c99e023461cf93e5
2970 ed04503e85f8012c
2971 3c6b3022b8b4c21a
2972 85d3b6c957e7849f
2973 96078fa56c257200
2974 b5b65dd269bcae7c
2975 c09ce9e076bc3ee2
2976 64e23f52161c89b2
2977 d9501ad9d10eabfb
2978 5bffb687528a6cdf
2979 9d8eec8a6a319e2a
2980 31313635482168ee
2981 efca824150f5c00a
2982 052e36e2cdff990c
2983 5bbe2974b145599c
2984 9fb3d0f9eb8eeff6
2985 d4a733706b2bceae
2986 3a315594af9f292e
2987 776fb096dcf96126
2988 d902e752cb55d8fa
2989 ead21e0cc3120784
2990 f4bc4e28b8f74ad8
2991 46a33a1aa98bdea4
2992 9dc6c009cea6a77e
2993 5d9dafb4fe7ed7f8
2994 06cac4d656d786a8
2995 ca54278ccefa6ab5
2996 904a0322980e29ea
2997 5b2577944951b1be
2998 4c926e5767db30ff
2999 dd15bfab53373668
3000 ca722f8316007c23
3001 dd62511962f800bf
3002 56e89d64aee6b16c
3003 8cacf7bf54b5f631
3004 5f3d93454da61a1e
3005 a5f55a161a1e1cd2
3006 2e8f7f2e71f21ed6
3007 064d8d04242c78b8
3008 535c458bfd430bec
3009 656ba525f5a097db
3010 334e37d53a03e98c
3011 8fef08fae8784275
3012 16886f41d305edf0
3013 85b37fd62a69fe83
3014 69c3b0b85e373033
3015 97a2ef2ae2c00932
3016 b567f2f57e5d8e3b
3017 ac6e566b7283aa32
3018 02861d9db4735332
3019 bfd45d340f4535a7
3020 5b1f0f0b41c6a83a
3021 0055a643592b0885
3022 721ca43b0216952c
3023 0b51494e2c7d1ab8
3024 6974107bf6a44da7
3025 1511b5e27107c54a
3026 7f7894ea82a3fbf7
3027 43bb4d4ca522e98b
3028 8286a0b77e3a6f99
3029 4585198a7dba552c
3030 3b28387452e186e3
3031 a7cc81be5ffa2497
3032 a7b0abb17fff931d
3033 f7a6872c1ff57b38
3034 18a4cfd80c2ba367
3035 6f41215688a16ac2
3036 5e53683350315e0c
3037 b10edf092bdbf15e
3038 9c825e2553b1228d
3039 28c45b8c994b252e
3040 6d069f477ec2a783
3041 78cb748a02d8f9ce
3042 754ce0c333657bd3
3043 87684b457bc44045
3044 e6196455eae28481
3045 f04b34b1467493ac
3046 2bb72053afebd24c
3047 a3d3930a46c03e13
3048 2dfee2597487bdfa
3049 3fdb9876bcebb3c7
3050 42feb6855a3ed352
3051 1d68b0d5aff96877
3052 f38d0a740371615d
3053 4add46880365196e
3054 45396e26186b802d
3055 af38d726d98d8438
3056 cdc1656368033e7e
3057 6558e652b8cc692f
3058 e41a4ef864149cd1
3059 f3b6aa524cc157d9
3060 e77afd4253513587
3061 c46721756650576f
3062 027f92abc79802c5
3063 108e1871b4c1dc06
3064 82949a493989aeea
3065 88d7e946c922cd19
3066 84bb60424fdb7c64
3067 fa056ecfbe84ee13
3068 6f3f43a3acfbcc2b
3069 7926d6b0300925b5
3070 ecc6446cba53dd4c
3071 a923e079142138f2
3072 dae1e8ba4e00bf29
3073 9bbe687929da28cc
3074 798fd4c25c8125df
3075 2928f1226560e853
3076 165ce98b981c49c1
3077 d84319a33fb3fe35
3078 2e03cc655e9d313b
3079 c654d083b86b49e4
3080 b295473a8250b6bd
3081 ebcc57406021a733
3082 29e1e2149c26aee6
3083 2f905c8e112116e9
3084 d0fb4fcf1f751f14
3085 fffe76ea610b8134
3086 3b7aa78edbd9f3f7
3087 0c641dc6f3a912fa
3088 30aacb665d6595d3
3089 58158141da13fa55
3090 e0e335287b2240e8
3091 639d06e764d3455d
3092 c6d1f015eaa18247
3093 2646a618d11fcfe9
3094 a558d73d20b0b812
3095 1b90e1968696ac24
3096 5c387a7f40a1eb78
3097 0775d9afe357333d
3098 7f2b6eabff57f327
3099 e38eebefc2f0cc8c
3100 ea62e4960d14863e
3101 bd18aa2e9dfc2e3a
3102 41c1fe0a4ed19e9e
3103 fe81268bcd6535d0
3104 391d481de677cd3d
3105 e3562b16d221603c
3106 24403a1bb5a2b794
3107 81e6381b7a5cefc5
3108 fb3d98d0198640be
3109 4b9008307acdbc0e
3110 c129d3f7a52e98a1
3111 bc428a5d9df7fb31
3112 76f149e138ea9da5
3113 4df151b0682e3213
3114 93c1befef9ddd219
3115 e050b7e4851bd870
3116 c0c725ebed5cc3fb
3117 0660a582ecbc5a56
3118 0f3ae25715cb2e48
3119 963b5668f3066fef
3120 38dac5e727d37cc2
3121 74ca259596eeca7a
3122 394571239fc9d280
3123 15581957062fd3c6
3124 64c3c2a40a1da0dd
3125 62dec8caa03d8649
3126 ec63d2feac795255
3127 6a97a4d7e2b75023
3128 499e49391020f5b3
3129 b5204eafc29b9d60
3130 acfee54a8184e445
3131 3fc49813b2fa1155
3132 2d10cf406036d754
3133 a09c7a92f2ddae31
3134 05125f0364052414
3135 937ed08e0bd89a50
3136 7461f4acea3ecfd3
3137 19a50f2c687230ec
3138 bdcbd1b466569d52
3139 15d9c27faef3ea0e
3140 c201814f8ead2086
3141 4c2fa55c7f4dbcdd
3142 daaa39f604660129
3143 596932a019851148
3144 18693106b5f15000
3145 8a0497f1bec82402
3146 ddc711a18441929e
3147 26c15769a1ad199e
3148 0839991af6a27440
3149 251df8766aeeecf4
3150 18cce24b23862132
3151 4d43e1277b8bc45a
3152 fe5ed0fb42a2446e
3153 937dfefc7c9e5618
3154 9ee0f103d5d79b48
3155 13b5050e1919a94a
3156 96db25916338d351
3157 2716223dac2fcf30
3158 e3bbe24b7952afd7
3159 6fdb19ade874ad18
3160 f35814ca122d748f
3161 78531966046293ad
3162 fd61da207d48c302
3163 398808c4270e9aab
3164 537094692602a425
3165 12952901314b09f1
3166 ce8c29affb7c96a8
3167 ed78bc2a5f262e8b
3168 461a67537159ae2a
3169 69da4e759d0a38ed
3170 f7e5ebd7216b7d78
3171 6c4086ebaf5c5d37
3172 965462a23b141bc6
3173 c877354b66d1d663
3174 6b33ffc6c21bf021
3175 1c5a7329ef6464e8
3176 7802034ae744cffc
3177 31f87e525479525f
3178 042d9b8559842e28
3179 75fc2192a433a704
3180 15ce9fc54e050545
3181 1605b0255a982208
3182 6f49fd35f9815a89
3183 731e8043a85a3fcb
3184 aa4aa0904e201f06
3185 5b00d08bb1360a7b
3186 280cbe26f1ee43d0
3187 e64d2dc29e805022
3188 83c8cec1daf52151
3189 99add02172533841
3190 a01e4713738fb616
3191 29b31d1b650fb202
3192 54830c9a8a540b77
3193 8c209f7129128e6b
3194 12301fb415bd3bac
3195 fc948a59442f076b
3196 d408326ab4daa7b8
3197 8270b02327e81661
3198 7c12b08d1a4375b3
3199 e48e961962d261e9
3200 501cfadda23f3875
3201 063937e8b08cf367
3202 0f6681841d685a60
3203 6c42d9c0716bfcd9
3204 2068af194cdb8821
3205 b15bc5230651b577
3206 093aaff98a2707d2
3207 a53ac8c0d8ce9377
3208 8b43a00444eabd83
3209 ee461abce125eaaf
3210 6ce4c9219860de76
3211 19ed805e2588aef2
3212 b362d145eedfc894
3213 5b23b1291e7e6810
3214 b691cfef5b115679
3215 fdc90f9b7d79433a
3216 40a09d0616e76428
3217 74c13bc0c857d339
3218 0b1e1de6a57f3041
3219 92b4417055342899
3220 61a50a9417853752
3221 315baef84b6e54a7
3222 41aa35f239487ee2
3223 6c0b175f7f5ed8a1
3224 f8bfbf1397afb8d6
3225 5f137af69f0bee32
3226 a9fdf2ed6f7eceb0
3227 c1a189836ad7e250
3228 8c736205e684c69e
3229 4d1cba45beabf9bb
3230 89ba440f1985d819
3231 c9699618ff6f25be
3232 b181a8ae77c6eeb5
3233 4596ea4a3ff71637
3234 aac3e82b278be2e4
3235 833ab5aec31001db
3236 6613bd7b4211bd10
3237 0fa71f25d8adec99
3238 cde90cd3f41c2645
3239 c0e3737d3b42459f
3240 1af00aaed6073b31
3241 4b5048cdc86c5aeb
3242 ee833c7a8afd0421
3243 e58eed7a91c5f099
3244 dfbe6c96637ec20b
3245 41192ac615974799
3246 baf822d0de2cf08a
3247 969a01541a729b3c
3248 7f71675b0fb5c4c5
3249 162202794030c560
3250 34addb79ccad42ff
3251 9fbb65ed7ba82ce9
3252 f0ce32f44fd8a417
3253 fad6851cd9a575ef
3254 c4b07c3dfa359a1c
3255 50442eb57f3ed370
3256 16c6812d003e8a11
3257 c3ed19cf8f060ba2
3258 b7a33334cd2c72b7
3259 08d34d340ad77a92
3260 2c0927de6bc7fbe9
3261 b8dad619a7e0861b
3262 a6355e53d61082c9
3263 7af9343956ba5550
3264 3d53b04f36b63d93
3265 6d7f08f9b35a94bf
3266 81c456173558f6e6
3267 45b227fdc512cf2d
3268 74d8f478bc10c10a
3269 ea839c415e57b6d0
3270 f3d12a59de6f3837
3271 2faf6a67200321e0
3272 88f6d86eeabd50fd
3273 dbcfef34465f41a7
3274 f2a9baf786428f3c
3275 ecf1567947ba31ed
3276 b24bc10b7009e07e
3277 b40521f904ef6819
3278 b373c26c66ed2a79
3279 3d5dd721156942e0
3280 503bfb283febb59c
3281 4199a748d0327103
3282 cc06e376393e91c6
3283 a9e010bf057cd994
3284 7d97e1a56f3bd3a6
3285 d271e10d59001be5
3286 4c014b2657255250
3287 5db7e7f26870a5e2
3288 9f8e9cc8e7f0040d
3289 3fcd2b648a2ebf47
3290 32a36211269d469f
3291 611116837d625462
3292 1c4da553eba36ab8
3293 174829a4a13d30bb
3294 80c0aff9627794d3
3295 0db2213f06a07647
3296 e9b46ad300b96627
3297 60e9c21fa70fbe5f
3298 838cfab39acf66c3
3299 9a49311aabbba2b5
3300 596edb3822698a7c
3301 89ae5518902e310b
3302 18b21d1efafe2cb7
3303 6194c7de9b58e667
3304 6453a614234fec1c
3305 be17df7c0418286c
3306 4b6352db58465e9d
3307 c54cbe73261a58c1
3308 8e44cfd696710cef
3309 2bc7fc12ac348146
3310 eb41d2f58fa15a38
3311 d17f0ffa918d7f57
3312 dd126ca69a52bcbc
3313 ba8dc505f9be8e80
3314 8e87da3a28276f7e
3315 9433e8337d6b6e82
3316 41585e194f6468a8
3317 9624f20798193960
3318 18331e92191de517
3319 11054354efd5c70a
3320 ade47137df6fe34b
3321 a081324d1fbd3fdd
3322 c2ef1c1b1efd7cf7
3323 e2dc6aa3e7d60e7a
3324 f11985d2f8b34d49
3325 3ceaf5cca955b77b
3326 8a61571e96f8e189
3327 3cd0a350d1f226d7
3328 670caeb4ea5da709
3329 4662c38f1f79ae53
3330 4ea33d154d607fe6
3331 9719f153d940067e
3332 17cdde5d1f1e986e
3333 e9b94f6001dd45be
3334 8b5ab3040cacd538
3335 a312c3bb1c5f8c6a
3336 9c9447755e58b52d
3337 954e9ebcd75ad40c
3338 9e0f58e77ca7b428
3339 494673e9f4a960b2
3340 29dc27dd1f64b5fe
3341 4da022356d6f661f
3342 5d740b0bd103b666
3343 79168b39644a272b
3344 2f605dc0ae5bac90
3345 673a8a77bf6ad511
3346 11207ac7ecc424bc
3347 a83896b409c4ee0f
3348 4621731fd0ce8758
3349 b587b8dfa3f56add
3350 9aa2ecca567e7eb5
3351 5e376bd08929dd35
3352 ed50495ceb0d99e8
3353 c734336e9b621618
3354 bca575d850b12fdb
3355 0847a4d53168ce16
3356 1beb117d13c32f84
3357 083503b6816cc972
3358 8a6aa1e7cf91cdcd
3359 2611db44f28164c4
3360 1418ada6f782e657
3361 4e9c314b4f433b5d
3362 a73301398c1a8df2
3363 c97d55681964bf55
3364 44c198937024bea0
3365 448fb1ab4cdbe08b
3366 03de958851cbf4c2
3367 b0557e70ef59087f
3368 06a59547946f2cb6
3369 75614296b2d17569
3370 21738328a8a7aeb0
3371 c9e0815f2a2b6ca8
3372 c13a5bd74972a93c
3373 0d43dc0b859de0da
3374 dbeaf49ae5626991
3375 6c1ac776273a4721
3376 3991df3fe0124d9b
3377 6c912ba416fc578b
3378 df42760a3343f3f3
3379 63aa446ef43c31b4
3380 4e587d7dd811c0a7
3381 6bda545868e773bd
3382 85b36fe8f256f5e6
3383 760c919816d05145
3384 7a76c4bc3c26ca50
3385 04fac3b6178db3d3
3386 ceb9fc638fa5a052
3387 16a1d64251496e00
3388 3ade2cdccca4b4bd
3389 1b23bb60ec600b13
3390 76663b04a4e0dbf8
3391 59203fe8842b0d34
3392 9ef224fd0b83e999
3393 ac7883ec8cf5696f
3394 35305bf1ac2d5b83
3395 ac3ffc15491544d3
3396 b621106ae74e34c1
3397 d26e466252e0e0b9
3398 5a89a90abbdb916c
3399 f1e1f3fa623f48d1
3400 1df09ea64001376c
3401 b37c1094b5f28e23
3402 23f4cf53c93433f0
3403 32af1245a053dfe4
3404 12494149a08aa942
3405 e30785c46a85dc30
3406 714e6575382c5380
3407 bdfa8fe7b7965ef8
3408 363dda75908249a9
3409 d297382dc1a8c447
3410 e04caa98bac84e94
3411 e62695bdc8b6e37c
3412 3cf9a506ad2c8bf0
3413 17202806999f252a
3414 b7909621d9427db4
3415 66aa321669795650
3416 fb787441ad257d67
3417 07ece47254b152ad
3418 867e11cb0be5c8ef
3419 04db974fee7c3715
3420 603e98e5d5117bc6
3421 ed434c08f5c02223
3422 f9765038a298411e
3423 9ba33eaa8d3d31c3
3424 ac695b152d036abc
3425 a6a654cd9184d214
3426 9ab7f529f372662f
3427 86fa17b748fdd7e8
3428 06771497d1d3fcb3
3429 77b6f72352f59576
3430 af565c743f4dd110
3431 e2ce5785ff89b7cc
3432 a33f289c9d983b20
3433 aa5ebf2b0103a736
3434 3610aea248ba72ca
3435 6dc1d97f865514dc
3436 938d0ca29e01659c
3437 ebd2d464eb7a6053
3438 82ba1b7f638c7105
3439 1aaac2ef2d87aa5f
3440 dc741ca63796f82b
3441 90a8f5aa953eeafe
3442 b426aec20e6f9905
3443 1bc7f7570c1cf1e4
3444 1b2487f328750999
3445 fbba640c8170ea1f
3446 e6c406f753c59b45
3447 8f6be6db03f2fd27
3448 018b4316a0a37498
3449 dea97acc6081d409
3450 2b882c0a078602e1
3451 9618cd10e54766fb
3452 79647eb15352a6f1
3453 0fc7082a53079aa5
3454 681b7bd1912fc6f3
3455 d123223b0e551d6b
3456 67b4d7c14cb6cb49
3457 ed1accc3c0850737
3458 159afa18bd36d78b
3459 a2e1f3acc23ad0eb
3460 291eed760b50130d
3461 0fafa7999fd6c875
3462 c7271120af6aef4c
3463 1e0682a701706b69
3464 0ea47c6fb7a961d7
3465 c1e28b3469714c84
3466 170af6a8cabe0020
3467 256e4cc8694a7cb9
3468 fd8f1b5296e9c703
3469 ce0bcd188d234fbc
3470 89214d52fb396be2
3471 5c99f7e086d0057c
3472 e0776d8d31777ed3
3473 8b2d3d1b3d3bcecf
3474 68a4af3be72040ba
3475 6a95807cf4a640f6
3476 b37dd3606d8e08e4
3477 93e27b5af979f311
3478 1099f00435182bdd
3479 0cb10f388e43ecb4
3480 f4c8780b5a2b6f82
3481 36bde84951ad0cc2
3482 981129a19109fe04
3483 12f33de92495df2b
3484 3cbe3c1d3e9c6abe
3485 08f796bb02c53989
3486 8767f6d60a879724
3487 d6cda55a69a25f23
3488 cf9ba75d1e359cfe
3489 a2ff614f78922d71
3490 5b0abbec758d7668
3491 d5918f536d4a7a5b
3492 d5d2ddbf057cb694
3493 e051506efff81f1e
3494 60f296cc168bb9be
3495 3d57fc2e0f884e6e
3496 1c4753d98f44b4c5
3497 26f0244af25ea363
3498 b88f490c443f8780
3499 68f58de6cc0f09fa
3500 eb6ec34a9a26a71d
3501 9f831619b60ae061
3502 b885682c521bcac2
3503 a2e6497b6120d53c
3504 3913427f40f7c942
3505 46f2d0a9a6e43d84
3506 31fa0b686f1af39c
3507 e3330e7465f67939
3508 8923111c24afdfdc
3509 72790e386a1d6c83
3510 a5b7842b43972609
3511 e986d783e2af7b8e
3512 c819b1425b46473a
3513 ad22c234766ba626
3514 d6f23f829c4dfb06
3515 4ac95b4ab71c36a2
3516 2e1e05e11d04494e
3517 67f10be9c315d007
3518 2a52073b3f413a40
3519 b7ea135e97f1c689
3520 0a4c3a2eb4b02e6c
3521 d749334cbf5cfad8
3522 4b3c4fb96f9fac38
3523 70edc0acc2d30f7a
3524 a8906b6bd6a56772
3525 224fea968cd8bb94
3526 e28c7cde9df07070
3527 e4d0822f8bab392b
3528 a9887bdb17ba019a
3529 6cae7fb1fc7c56cd
3530 87aa17498f8cd2c1
3531 470c90f9e2f06fa6
3532 f1e05f8cdeddda85
3533 cd45f644695bbdf8
3534 aa6979618dbd77cb
3535 9f4690291572db7d
3536 b66b446741ba9fd3
3537 58fc092892c4ea08
3538 4c837c2be8659ffc
3539 e3a0048f8b1045f1
3540 e52f182e0478a200
3541 49d943df372f1a15
3542 dc4e8d05e02f275c
3543 8300291b0dcc8089
3544 8500a64f401ffb78
3545 bed3f19bc191cb63
3546 4fb9f69c7a270dfe
3547 3927947253aab79b
3548 8a62a6daf28be39b
3549 5332441c9617f4f4
3550 39b57e971f8a3374
3551 5d576f635a8b89c8
3552 b3b614cb1c272a52
3553 b2b10b3be0c2598f
3554 a52bbe9f675d08d1
3555 f7d1e6e74ce10219
3556 bc2aba4d21290493
3557 af8e25e0573366c3
3558 d51904a634f076d5
3559 4a41fc9495a82609
3560 47e34810ab1006c0
3561 3f69568f8f266412
3562 62404115f33b7384
3563 feb374b1e4c1dd34
3564 a7118a01ca0357d1
3565 b2eb9c239e569108
3566 1d8dd425dffdc652
3567 848dbb512917ca40
3568 e926cd81f63f08eb
3569 0c35dbfa0bf4cebe
3570 9393058dd210b92f
3571 ca163974aeb470fe
3572 0707d96e5de8a03d
3573 d87e3e1a295651f2
3574 6c90f82038700f80
3575 edbb05b326cfd86f
3576 d8cfa50f85ba779d
3577 2a7989bc462c58e2
3578 4ec25b06d74b0274
3579 fdf713e9efd87982
3580 65d59d120aae0a9d
3581 631c30a307c16dfe
3582 e1b526257ce379a5
3583 13a34d6f4a04affc
3584 b1ebe9f4d53cd709
3585 fc208b8df1a5ecf9
3586 6e94ec00b2763f8c
3587 6a3d99bbbbe3e2c4
3588 090b6371cee605ec
3589 9932dc6022e4efcd
3590 5167b1b25e7fde26
3591 068468c8a566bde8
3592 71d7d5dc0c4526af
3593 2f5a9719e3a25b9e
3594 0ca316b25ab973ed
3595 7adc812958c7b1f3
3596 9ca71778842f2793
3597 520b918925665d67
3598 616e161348772a71
3599 d8d22832706f7aa1
3600 2a0bbf7e6168c322
3601 e174982f912d4cc1
3602 e97e33fb2dd130a5
3603 9d509656c5a63c19
3604 8dc51a2c684dfe88
3605 63e6b43cdb78251f
3606 66658cf854217901
3607 0e63dc580d2e94c8
3608 0d7c0e57bc9077fb
3609 3d26dd20e9ea16a8
3610 3547020447ca5df0
3611 563226298a739934
3612 2027f1e974d5945c
3613 f5c8bf9cf04ae8bd
3614 8d96a45e307b6b38
3615 5735f24be3ffc158
3616 cf576c911021a62a
3617 146c702fc176f439
3618 f56e11d782db860c
3619 75cf3bc4459d16db
3620 c5afefb4135f4350
3621 11da47db3fc79248
3622 e7c3bf349bc39289
3623 f44da0372e760aaa
3624 fdfab692706018c0
3625 bda6e8373bb607ce
3626 61d26d36e0a85b47
3627 d9718d2c7789a9b5
3628 c66a3b4d9f692dac
3629 ce5fb1d655c8f699
3630 a26241e005ec2ac8
3631 f73cfa31b509ca3a
3632 cd96f759d66b8833
3633 ba7c79a54b631928
3634 1dd0dbc612d893d1
3635 c002ca9d067d3e2f
3636 6d011b332809c84e
3637 3e54747464f58d8d
3638 5123a51108f95044
3639 c3a9f38bb3b21993
3640 2439ff231363fbfa
3641 031616d3a924a052
3642 c686f0fc8e775c23
3643 5923224a8be66794
3644 e8f8650bc175e204
3645 01fe4d6fbcd46237
3646 12896eb1addcc8b7
3647 275355441b3dd8d3
3648 5e805de7df4a69ab
3649 c756b9f0249fc432
3650 9facecda263222a2
3651 108350fe0b32bb12
3652 332d0e7ddee20f66
3653 edc2f0f845e90f81
3654 2ffe0271b85a7685
3655 6341958309762865
3656 5c6a07785264ef49
3657 ddf637569c41f669
3658 1588b36c8ff1c9f5
3659 fbf402d264720785
3660 6849494562abcf79
3661 c2d4eb7413c3fb41
3662 fc747d82bdbd938e
3663 8aaeb9d68b312bdc
3664 1ca67d59db8e27ba
3665 eb41fd829e9bf8c0
3666 0289cfef2a24766a
3667 fba9e3534672f97c
3668 7a36c81fea348933
3669 a7a960d21dcba8e7
3670 f08d1b21b5b2f413
3671 1105f7894fcabd5f
3672 a4fb480e8df6ae94
3673 8117cfb89f72ad4e
3674 a2dcf4d2d751f5c0
3675 9a4f033f39adde43
3676 97a4105f7f672357
3677 3765ff85f1761667
3678 a378f5a23521c15c
3679 21b41452f0d6c7ea
3680 8c96e7d6c047d7da
3681 5e2202c565a415c2
3682 d536fb15b57447b2
3683 c40f9208d6f206f2
3684 7453aa13e587ebbb
3685 bd126dd73ea10205
3686 222158ddc50dd873
3687 52b49c8440c324d9
3688 0d05ced91aedfc23
3689 91f1c02cd96167fd
3690 bbdb4417169ef4a2
3691 09a75e0198a21c9a
3692 0e92277b01b16aba
3693 5949fb6ea07d052a
3694 5073b1885783dd3a
3695 1f511ec957c3c38a
3696 b26cccee258c8418
3697 0cc9520083af4705
3698 9a6370f96453d175
3699 23e342bffeeae710
3700 611d7086b981a09e
3701 35816ef1160096c7
3702 59bc2ef3edde2cc0
3703 0df04217e3776496
3704 7cf9df09c4eeacb5
3705 702fee5935b53fc8
3706 00fd753a98e9f0f3
3707 607d094ae3938582
3708 5b2a49a98429bf51
3709 da88dafbeaac9238
3710 c0d78fcce7f6933b
3711 8ff5a3634bafb032
3712 bfb5b703fc2c928b
3713 ce123d37e61967b1
3714 3a57dd02f0832bc1
3715 672485d68452327e
3716 0f00658baefda718
3717 7c2c9cebb8821460
3718 77505a83fcf17703
3719 d5310fbd60c246b8
3720 57e3aff9399a0a0c
3721 c267fd41fb1a23a7
3722 e6dcd74248f36117
3723 dd5ca9fbd2fde88a
3724 0df7f55468df5700
3725 8dddfe7386c0c32b
3726 48a77406ccaf561a
3727 dacde14a4bec288c
3728 7cdf1ff0a8461565
3729 39ce45703289a2b0
3730 dc340d5910d3d1bd
3731 bd0f15f8d9a4e17a
3732 5fc4ad80112c072f
3733 8ce9e46162da79d4
3734 8ca6ea41f3296ed1
3735 d32735aebbf43f8e
3736 f1dc96674545c633
3737 cd8eb96d9979bf20
3738 42c428e31c7be3c5
3739 71057205d6f25942
3740 2161451ab2880b77
3741 e8395c606df2c784
3742 3e68af375afed081
3743 33e9e5887f7b80e6
3744 515748b135d934ab
3745 f31366d164aa47d8
3746 c3360238e1203d05
3747 f4f2e274dcf30702
3748 be27e37d30739fdf
3749 0b80fdb7f8a3f92c
3750 69df5ae5b5204469
3751 2481f24c26dd67d6
3752 ffafe688b43d0c9b
3753 3934e3c44e367b90
3754 952a6873b81efa1d
3755 431193ebb705e8da
3756 17c536ae3c32580f
3757 1ef3bf6d028d7a9c
3758 dd7819fc18312d31
3759 35927b0aaff0ce7e
3760 02f6ff2c66bfc863
3761 3c65c8bc6e94e150
3762 b46fe357332401dd
3763 ee66d376d1c22832
3764 eaa8ef530ccf09e7
3765 76496fb3eac06bf4
3766 b38f9773c0ff4a71
3767 fd4ccdf0488d1a2e
3768 aeb57fb40e298f8b
3769 1a059a6598aa58b8
3770 1e183e9f1db96c65
3771 3b17e03fdca58e62
3772 539c009aa189e817
3773 cafcde07967bdf8c
3774 220fff29e6f63d49
3775 9cb768fd8c593586
3776 10231f9e8ebfebcb
3777 637f2e724515da78
3778 1e97e95c079aa40d
3779 ebe71b529514e2ca
3780 7b7b751cd66a117f
3781 fc2569134f5eeb4c
3782 ca8c11baa1532d89
3783 d228687d60c7515e
3784 c5bb6f95de8aa7c3
3785 b33f198359b37530
3786 1c1c3beb6c4e5d3d
3787 3191851f776399fa
3788 2d858c3f3858bac7
3789 30e4577f8e9e2bd4
3790 521f860ff32fda51
3791 bee99febe944f21e
3792 13ecf6325edae283
3793 28a92268e3e22c68
3794 169b2ab79530bc95
3795 9d00f120f85fb552
3796 f1faa34875517107
3797 379b092c4832be94
3798 9eca7fa077e1b679
3799 137ed98d34dbd966
3800 b7c7037389a5ef06
3801 b623d291564ee9c3
3802 2eb2e9f349e25a05
3803 e186127fe84ece57
3804 127eb066867369d2
3805 0dbfefb5e3fc08ae
3806 5f00d04b464aa78a
3807 57686e3a4873e288
3808 bd3845648caae49c
3809 98c6a13f8ba31be4
3810 2470c5dcf1648810
3811 f77d867f85bbb114
3812 e5c313c8ce22e7c8
3813 3fd59f1b45adfedc
3814 bf290dc6755dbb28
3815 d09ed59b76262b24
3816 480e5360b4859850
3817 f85e8d022989b91c
3818 ef3951e61489ab38
3819 0bf99aa080afe58c
3820 ecc7e360f58e318b
3821 15adc27b8dc507c3
3822 e536e6b877f8b0e7
3823 81b6bb3f50e9b14f
3824 450078c4f0adf5bb
3825 c6584df88b5faac3
3826 a1fd2cf60bb548cf
3827 bbef78f7694acd17
3828 584d04eb178fe14b
3829 04391cc135fda343
3830 3d6bffd6ee265957
3831 5715758f136bd32f
3832 27b11ba3a251a04b
3833 41ec489dbec1d383
3834 4c948c495d4412bf
3835 7009e4bc55736417
3836 f01ed6aa88211a93
3837 5a4e22fa965575db
3838 8775ef76e865c5ff
3839 3e3c45c27656a746
3840 2f33b1802cc84ddd
3841 1622cf82252556fc
3842 25c37320c5f96143
3843 f257d4b8cbea389a
3844 a53fa46304240e51
3845 da53cffb4fea6940
3846 37405d570ba51907
3847 d6be291650fce6e6
3848 a8cc92d0daebf09d
3849 b0ab307a0af6debc
3850 800e717f6e404ffb
3851 35bc8c1d78bde952
3852 05fa5f12bce0aec9
3853 364aea925828d998
3854 dde2fcd609aaf99f
3855 51b0391f45433966
3856 c40076f8d4f6f11d
3857 5812685a950f72d4
3858 1e66166b37ae3f7b
3859 4b326802364932d2
3860 15525b50e9151699
3861 3f8d8dfa9f3b4080
3862 b10948dbe40c9e47
3863 aa26b76fbc60316e
3864 4780bc2262ecf555
3865 2d71cf17104c8cf4
3866 50f7f652955cbc9b
3867 121c7faa36581472
3868 7e7f131c8d1cbb81
3869 b32db3588a9916f0
3870 e401871e434a7e37
3871 ae190a9a68c1bd5e
3872 26f3e4f7df724055
3873 d5069bd22fa3dff4
3874 74983029d84c7f9b
3875 e3be9e3eec202182
3876 a83d456814817749
3877 a94c93caf0406618
3878 011611fcc45b9077
3879 b5bf281342d4ca9e
3880 0536af86ecf82d68
3881 040675b5bc41a05d
3882 4903f32d57658d2b
3883 4a5c53cfec6855da
3884 fca77ada2c85d4c9
3885 fd4ba7515fddaf38
3886 2c1ed37e7cc0d137
3887 6ed1810018f5f316
3888 9d8a74701ccfc125
3889 30806d5778c86934
3890 2c0bdc4e5cc82f13
3891 d1e64f41e06a6952
3892 8e02b55d04e1f899
3893 1cf1560a9f912c20
3894 e08263869e98e11f
3895 34f62ec69bc6e43e
3896 e11a0074bcdb3b85
3897 647c3e32c1b31efc
3898 f5dcedf9d4eb963b
3899 e94295e0a2f62a8a
3900 8d283f3ad2c81cf9
3901 06020fa0f6852700
3902 d46a2060619664ff
3903 1085f55d262e2306
3904 b9c5cf48a76b5f95
3905 e7dd9c8c07099e0c
3906 fc7c04cc3d088d8b
3907 9f48101d8906184a
3908 61fac0fc12d11149
3909 73491431f0e07150
3910 834b1aaa2fc3857f
3911 19a1d79c2f2b629e
3912 3eb47919edda4e4d
3913 5a23ea0c775b80a4
3914 ed74d435e5f73743
3915 67b87f5fe56b98c2
3916 a6cf412891f9d6c1
3917 9de32c6c167a9da8
3918 013c6bacde1afae7
3919 6601fca61cc7f1c6
3920 0c45960f59e55e6d
3921 36f265da59e6bae4
3922 2786ad01e22b8283
3923 bba24b05be325202
3924 05413c62731e2631
3925 f76b1eb5f639f498
3926 6142cd0d82139c97
3927 3ac8768f0e20a1f6
3928 eb0790d48f9d4685
3929 0c9c187590aaf1fc
3930 65855e674671833b
3931 3e536e9e9cc340e2
3932 92529c2eb515c041
3933 24e84d7ea9843a28
3934 00d12572994ad15f
3935 f28d93a0bbf8d87e
3936 31a6b5ec031552ad
3937 1917510d28b4a0a4
3938 af4cd92d20c49543
3939 913f914a3e2932c2
3940 2da146ca16101fd1
3941 3c7b270e16e88a10
3942 8290c49057b1144f
3943 f6f4de570be613ae
3944 fe59a478295d3fdd
3945 8c5b502de3d69f9c
3946 f85e668135ec31db
3947 5220cb0bd48393da
3948 07cca1090fd862f9
3949 5000227cd09a4180
3950 32bc7db1b91a397f
3951 c76b0794332b269e
3952 404d9ce55b23c315
3953 4147351d1631578c
3954 ab491f394f04f08b
3955 e6a95d0bc865b44a
3956 7589f773d0fa6dc9
3957 86ec59e0bee3e3d0
3958 c1eb60aac322fd0f
3959 9aaab171475d189e
3960 fcdbb2a6f2de594d
3961 9bc86ec5be60a044
3962 30c2964f3b806bcb
3963 adfc7b9c7657e88a
3964 d75dcd787b7faff9
3965 0805c55faf6b5180
3966 c5a776173bb465ff
3967 e3544a803ed9ad9e
3968 0ca4ec8975dd2a4d
3969 86298b8a61e5996c
3970 4e39a7a612f192eb
3971 70a28acdbc5bedaa
3972 76e67aea0f55b029
3973 e11eeb5ab9213b78
3974 0cce9f7777f2e8f7
3975 ddd21a28a1289ad6
3976 d5922efc10e8bbbd
3977 fb7db3d79a55deb4
3978 20c1b2cb8a1be893
3979 9b850391645ba352
3980 204083a2ab518959
3981 4b8644d73c4b5260
3982 4ca5ee782ffc265f
3983 318eb556fc20284e
3984 bacf19cbedb8187d
3985 48ca83d3220ede74
3986 cd85254cc6c7b5d3
3987 cafe2e21a6bde2da
3988 7baa2ffd3d428559
3989 462d9407993141e0
3990 9533d6fea3fb04df
3991 10edc31eb9f1d77e
3992 531a97a2b046d52d
3993 46f8d2e62bd13224
3994 402fa5042da5c353
3995 4a32d2b6ae531e12
3996 228a8c72314c9391
3997 02ae111eca0d3798
3998 e773c71fb2142117
3999 d2343ec8a2a39e76
4000 dbeb7649c3054705
4001 bf1c37da732826fc
4002 1ef1c0fc914e433b
4003 50a1dff28d1cf93a
4004 9be7a4a29335f0a1
4005 7d0c6fbf95dece08
4006 477d2c2dc4c53ac7
4007 5d6d14ee9e257026
4008 a2a9feac826fa3d5
4009 f40f3c34f4d8024c
4010 0291541b842c564b
4011 c78fbb8c8735fe8a
4012 4ea7ec4f5101a799
4013 5b7ccf32089b4f20
4014 9415376a9c58e01f
4015 2e1e72d13e8d4896
4016 50a44c461bcfbd25
4017 fe32443c0fd3f51c
4018 57e2b90275f85c33
4019 9ba0d16d2973ec72
4020 5fdde43e7bf9b5c1
4021 3787394078551728
4022 9b88b18b098ce067
4023 f93fd52f7c67bf46
4024 5387f432627d78d5
4025 2511f5029227c224
4026 6c8875ed2b37d043
4027 3ca97fe15f6291c2
4028 31c7d4c9d20bfca1
4029 333d1ba312f0f980
4030 22b4e43e7216717f
4031 89274efe4281fe9e
4032 bcdd8464a989939d
4033 8622fe9489bd5414
4034 9f1e3eeddf5cb873
4035 2deee60a96eaa5b2
4036 05a5f87ffbbf3379
4037 eadbe387df7eac00
4038 e2ea968a0d3241ff
4039 102765d96905399e
4040 b7bfa0bb8999d64d
4041 65c07c7c9bf12144
4042 a61ee7a1c7ac3563
4043 c12f659eecb9df32
4044 b18ad4179e9b2811
4045 17d5e985b6c730f8
4046 576569fc8d6c8c6f
4047 6d780273f4353fce
4048 bee86dfedab0cffd
4049 9675bd6f317f9ef4
4050 48a95616f24aa0d3
4051 3e4a77d1c5758212
4052 7f2f6d27413b93e1
4053 fd99be3a93888d00
4054 c954866bcebd80ff
4055 bef402b5fca6f09e
4056 05aa800e33a482cd
4057 72749abb11284ccc
4058 da20b7963aadefcb
4059 7cbf233252653e8a
4060 b48cdc853af89d81
4061 86a6b54d867643e8
4062 96cc971b4552c127
4063 0fd380f5e2aa1b06
4064 3ef4e89bee31607d
4065 32de2c8760de2674
4066 961c6f682a73fdd3
4067 3f5540e346cd34c2
4068 1f966dcb8c1aeed1
4069 c9771bb84627b5b8
4070 e849635e8d214537
4071 a824177352bb1a4e
4072 ca808b096000547d
4073 bae440ab0ec47c74
4074 309447858a36b253
4075 e7addda648c66512
4076 688c41e6ea5a76f1
4077 09ed4efcd12fd258
4078 ddf113664a56dea7
4079 c72dec6d6596e986
4080 212c369f5eec3d15
4081 163f60062d204bec
4082 bd9ce5cea670c66b
4083 dba08cb17a0529aa
4084 dd8d5eebe08d5429
4085 6ca7c0efb52e78b0
4086 6c70949e1151b9ef
4087 b7ef713d629add4e
4088 597bbd8892df6445
4089 f03f8e26fb5b1cbc
4090 1e3c062082604dfb
4091 c5367b33d8cd967a
4092 5c7cbc21719be869
4093 a924f79be970dbf0
4094 70a2b184242de5af
4095 d3d5dbac0212ef0e
4096 17146dbb274312bd
4097 04f1d29f58a1c5b4
4098 ce86977a26c58393
4099 aa4e0bd07965e62a
4100 5ed54f1a1de9f6a9
4101 e97442b85e63a6b0
4102 9bad87d7e9a5ed97
4103 264377738cfa21f6
4104 cd8f831d2bb55885
4105 6b5612580f54d5fc
4106 f592d71d86d604bb
4107 45dce567914473ba
4108 12533fa857ffc729
4109 23d3b9e367cb7418
4110 2c4bcdc0309a1997
4111 2ebbaf643c7f2276
4112 b6782f10cccaf105
4113 e4841a462e85c574
4114 a9da0781d967bf53
4115 21aa0163330e0a12
4116 c84e52dad02347d1
4117 f4273b9fa44418b8
4118 52b1bfdae661d737
4119 834b069bc8f25716
4120 b5cf9069a517f47d
4121 d78cd203e01766f4
4122 348c85085a901ed3
4123 73bb3e8c6915b792
4124 52227f94da129891
4125 6818f38f99c3e778
4126 487bbe92da112077
4127 add1e410d89f8326
4128 74604e3830905e35
4129 87450f646890f9ac
4130 711c6025ce5e80c3
4131 8fe81b6065d6ebc2
4132 a2352377c69985d1
4133 ea4e817f891af1b8
4134 e8d1605d69cb8737
4135 a201c39a94ae9816
4136 fbec1d6792a759a5
4137 509e8876771a9014
4138 7318ee88c27c6073
4139 4d081c6f6b95d9b2
4140 3a78827a3c202bd1
4141 ffc403e8d6766a70
4142 c031756dcccf822f
4143 ac1467538d659d8e
4144 40c7303692131965
4145 4a0474d651c44e5c
4146 93987faaf6fa259b
4147 1e1c2bfaca60bd9a
4148 fff12e4f75003bb1
4149 cc480ea272124318
4150 271e5c0bc245d297
4151 21cb8c52d1c01e46
4152 95445983bdce92d5
4153 4f849e33ccda334c
4154 ec567322ed6efb4b
4155 dea0e4bf9366daa2
4156 4a1e2f3d99d46581
4157 13c0d4ec6c7c7168
4158 8584e3c713b04da7
4159 63cae2bed5a4cc86
4160 0877faf48e6de415
4161 09c229cf3d209e0c
4162 0c5ea8ff41a131fb
4163 de33d0e5e22bd0fa
4164 1f777f4238995e79
4165 52098a77cc9c94e0
4166 7c2315fe82635e5f
4167 101e4b0d1388507e
4168 92f96a8173a3a92d
4169 d664786ecc22f324
4170 512d04232aa525c3
4171 d3b1942845a698c2
4172 82633adea72df199
4173 d873e2e2ec038920
4174 01e61ac43bd2aa1f
4175 b850181a6d83d93e
4176 a52b2ae99855d58d
4177 62b9e6a7360a2404
4178 66e2843565a93423
4179 de6cbf179081a522
4180 ed54b970fc1f23b1
4181 2ab70e61b56bf498
4182 702b3857c3097717
4183 95832d7f7e29899e
4184 28f03df2fc5dc14d
4185 1520a419353868c4
4186 fc402f3ce250d2ab
4187 2672ece5186bf4ea
4188 3c7f48b5eaa4ee59
4189 3c278826532e22e0
4190 e3e37192b7026ddf
4191 bc678e16bf5ad87e
4192 77629441f6b75e2d
4193 fdfcdc68658b384c
4194 55ba30ad9b87b94b
4195 e2a7fdeb8958b20a
4196 d3e14145a8e37689
4197 2a12588f5d1ad0b8
4198 5de1f691c8a18f37
4199 df9a08f9330d0f16
4200 572ad513c83ca275
4201 ed82db75725b2b6c
4202 b9794d6442ea41eb
4203 73e504083dce492a
4204 f41b2435c2950f81
4205 e1b4579f7759b568
4206 950c83c700343027
4207 fee13096edc26d06
4208 3d3ca33bf3bdd295
4209 abcfd5fe6526d90c
4210 a9b0e8fa3f8f200b
4211 d3bf29bdf9a1017a
4212 c72573850f66eaf9
4213 18c0811941a39480
4214 e3fcf936d81df7e7
4215 1669e185089f32c6
4216 04e07b761f869dd5
4217 99b2d07aae23a44c
4218 7adb4f390414304b
4219 143264822c5cc40a
4220 ebe7dfcce8b08779
4221 2d60128fee018ac8
4222 7d92b4a894098307
4223 1c3e20991855e866
4224 642ca6f9f11d4b75
4225 36934bffda276764
4226 17e0eaf24df2cc83
4227 8911658c00c6d702
4228 cdbd3cc62f7d8ee9
4229 7a50c3e18fc0a270
4230 a8d763e729c0142f
4231 b6c4a6e546a57c0e
4232 dda73ce9536fde55
4233 0f5a8b597d841ccc
4234 ff3688fe7d58c6cb
4235 e9acb8a660610b3a
4236 a6c0da4eef6f9029
4237 ed59f139d08d2fb0
4238 2b6739bd7351b26f
4239 578aadccea92de16
4240 61d7b37cbaec2d25
4241 761c64da50df8e9c
4242 4a2aacb48957c65b
4243 ef2bf2d8c505845a
4244 e9673b2c1ba1f2d9
4245 5f69a1cbe0d8b060
4246 bab1b2e6113f586f
4247 601b81991ea88bce
4248 a6fc4827a539fbfd
4249 44935c6aaebe5a14
4250 9a67679d5dc9db73
4251 84f9f8a72d514132
4252 a548d75bc87c11b1
4253 b73e28e4ee003a18
4254 29cddef465999e97
4255 1f5c03d05a1fb2f6
4256 a55343efe04cbcbd
4257 863ac4fa74f457b4
4258 212c9de9e3ffb593
4259 426276f5e23df852
4260 4e3527e4ef099041
4261 c0eb87786a2426a8
4262 194520dedba52de7
4263 7c16519932f030c6
4264 5f8ac14d78abfe55
4265 76f9cf6047c4c8cc
4266 06377ea15306564b
4267 728384fab25d5ab2
4268 b3428ecb7ff0e2d1
4269 b4e95a5811cfefb8
4270 a8a270190ae092cf
4271 8a1fdc63458c18ae
4272 631a7800645eccdd
4273 2823abf80ebedd54
4274 d31d477f8981c6b3
4275 ce82d912a18459f2
4276 0a66d809a717b5c1
4277 f7bb95e0a46691e0
4278 69760134bda414df
4279 101a0cbf8889f4fe
4280 aee29005021dc1ad
4281 2083491f56aa5d4c
4282 646901573034aa4b
4283 f6797c3ff9a80b0a
4284 3b0b9bf0aaac24c9
4285 fa500e5c981cded0
4286 ad854d60caf6218f
4287 c1038cd86784adee
4288 a7e677a3d81ad045
4289 9eb06c56da4a88bc
4290 fc3c7418d8e369fb
4291 686e34d2954e427a
4292 020fc5c40d50ebf9
4293 c7d7cbf6df6c8d80
4294 c06931d6235dc57f
4295 20b52c1540ef5dee
4296 498f372cd245e19d
4297 828c1ad0fc615014
4298 4d0af11fbc9ebcbb
4299 3e29d82ab405ebba
4300 54195ccf31419f29
4301 c24402631f9e2430
4302 a00a82deaf62b1ef
4303 7aa3663da0562f4e
4304 fadb16c5f3e01d7d
4305 96f306b64ce5b1bc
4306 94d11a64fe77ad7b
4307 6df0aa484f7a517a
4308 2363d9b2afa36df9
4309 5cd3eaf91b36dba8
4310 23e464cb1e9853e7
4311 d807ffa7ab04f746
4312 53513b05533f460d
4313 50814ff4d72dcd84
4314 fd0820cf0e9e2aa3
4315 ebdcfe1954f712a2
4316 2a82d21af10a9829
4317 5a888589810a57b0
4318 f08d578b93a73a6f
4319 ad61edd6a1683efe
4320 e17da7ed395ce3ad
4321 18e258e2b8d5f124
4322 7b299b4f734123c3
4323 cef9f35dc718502a
4324 d5acf79a209c0ea9
4325 5067cd4183e59f30
4326 031d1e192b3e636f
4327 b2bb3c6d1d2d1ece
4328 56aae0aa7f9b1efd
4329 a8fe9fe0801925f4
4330 d297dcfb6dc72943
4331 1568661dd5a06942
4332 b474cd5e7e7cbf01
4333 e69c2f077c692bc8
4334 5634b51369926d07
4335 ba1c36cf06dd1366
4336 2a57800da120b5f5
4337 2500d25e39c4986c
4338 82346299cfabc0eb
4339 896ba920de3ec02a
4340 2c04c4a09d912671
4341 7ad792edae878d58
4342 4bfecff4ba3fd1d7
4343 5ecc1d82d8da7c36
4344 c5984715c5a63b25
4345 ce42a55289ad481c
4346 c1d62c3769a7fb5b
4347 7eb40023bc5fa95a
4348 ec552694f36535e9
4349 f1058c252f1d5d70
4350 1b0ba3b9be1f472f
4351 e1fe4e0ae8435166
4352 88321eac63f6a275
4353 503bc5e42a57c9ec
4354 413dca019d5a2623
4355 45e143dad51f2022
4356 f958b0b6bb32f331
4357 09e1d3109e364e98
4358 63d9028757014417
4359 5ceda37a2efc5576
4360 05648fbfc20cfe05
4361 ffff0a51bfd5bdf4
4362 aa069566a7fd89d3
4363 1f24273b983b7692
4364 6aea3a2c35007331
4365 eb7071be125f0c30
4366 ce7483bbca3f346f
4367 5282aab81a2d07ce
4368 c8055a8270f85aad
4369 136726373de668a4
4370 61577772d025dd43
4371 68360f85bd2f6d42
4372 4d1206f0cd753329
4373 68194240958a7bb0
4374 ab90d2f3c9b1af6f
4375 fea891a0d22d84ce
4376 d6053082b168f47d
4377 2eac9ad5221e0574
4378 87dec95eb1ac3553
4379 21c022099cad6142
4380 34de588510b3ba21
4381 23923e48880dd108
4382 1c9379b22fc2c1df
4383 619f2f4f70d588fe
4384 a30a20db7f97e4ad
4385 d208970215e793a4
4386 0f5019102db180c3
4387 1d83a504175a1e42
4388 052d168af28e0751
4389 aee65120d4644ad0
4390 bd3a14e3efb7c90f
4391 058dac8451047eee
4392 1bb66c404217721d
4393 f3a1a141682c9dfc
4394 614aaf15c5ab2a3b
4395 97fa5aaeef3ca43a
4396 7378df07c2d34a91
4397 4f90cb512d20df78
4398 4b90cda57e3f44f7
4399 e518f6330af6c8d6
4400 1fc5809bdd03158d
4401 cf01c8ef1f7dbc84
4402 ee8c7a8bd3b8a3a3
4403 87ee4bcea0a61ff2
4404 a9d72f0d1567be41
4405 173136ac89c03828
4406 d6f22238358191e7
4407 6add7ce95b6dd3de
4408 d8129100453a6a8d
4409 08f6db9cb7ca6d04
4410 015cf2c533cf5d23
4411 9b11ae25b619daa2
4412 d4bc2dd10a63c601
4413 dc2a3cbe7f6f2be8
4414 c7e50f1e39f6de57
4415 09950c4086c500b6
4416 5d3ac44a53101fc5
4417 3722a87bc9dd749c
4418 37adebeaff08ca5b
4419 04e628cb1a83385a
4420 20ad3331948c28d9
4421 74b6a5f2c0c194e0
4422 505ab6a3e89946df
4423 a0fbf59a92ca05fe
4424 a7d9c36f9a269715
4425 45854bee29a8ab8c
4426 fbd8acbc7797640b
4427 26265d17113018ca
4428 3ec8d926f864d3b9
4429 00e8375c8a674440
4430 3839db8ca3d2433f
4431 83abb07c778fd75e
4432 ebfd23fc1283390d
4433 f0738c477b0a6484
4434 3edcb7f3c4d501a3
4435 967786950711dffa
4436 bf21e1af355881f9
4437 0ded09ead3a50c80
4438 543b87ce781de747
4439 0e2c6cde5f106aa6
4440 23b670dfa3b7ebb5
4441 7a1f3329733a43ac
4442 ea41267baa09f72b
4443 f469528e35ace76a
4444 a97374ffc71e53d9
4445 746c25367bf33a28
4446 f7deccb6ed3d80e7
4447 8da262388ee8b7c6
4448 e4f8f189fed17655
4449 592e1f9f6cb5a0a4
4450 3d2a939e33559543
4451 bca6990ff7822542
4452 03665861e7bea3e1
4453 96db1483cd054348
4454 f713b5eb801f4e87
4455 f342872ac9fb8ae6
4456 42892778136ce42d
4457 3a208f7f5bda3624
4458 75500da189930cc3
4459 1a3902019d258a42
4460 595db9b627ccb001
4461 aeded094f14ab568
4462 0ce1ea3f068c78a7
4463 5489eac0a61fcb36
4464 234ce46029e8b8c5
4465 64dd8f8a204dab3c
4466 7173c90c26121cb3
4467 92cf9c74f4c57cf2
4468 f5876d1703ad8a41
4469 88a2d429bc97eb28
4470 14e370e83188ee67
4471 663927306be832c6
4472 a907a863cfb36855
4473 f1be66cb538bc464
4474 d03e7653732b6c03
4475 a4865c6637478e82
4476 4235fbe46e083be1
4477 945cee5ae737be20
4478 348084cf7be2721f
4479 74c45f9e21643d3e
4480 21654cf6436ad635
4481 25b7829f73da1d2c
4482 8f01aca47c361eab
4483 1a7e4304df4d42ea
4484 39b2d2a3006a01c1
4485 19a95ab4c5d81fa8
4486 fe415e2bf5402667
4487 6d3343b937ae5976
4488 9e41ce7e552f8305
4489 5cd238d08a0b5e7c
4490 118a77a4dee197bb
4491 2b4c3f429f655e72
4492 d4787c374ae24c51
4493 1fbe591932ddfa38
4494 5d2f7755fb95f5b7
4495 b17ef660fd013896
4496 3baa0ce3b3572d25
4497 75df758cac9ba51c
4498 33b3bf2f6d1b3b6b
4499 6c0439dd1272eeaa
4500 73a5b002727f7b29
4501 7d4bace69ff5b450
4502 6d14c5c489fc088f
4503 ebc090d7e1c27fee
4504 474b01b288cfd71d
4505 1fe060b5cac06794
4506 4e14c8d4434edb73
4507 f10993f2028f24b2
4508 850cde939bb9efe9
4509 14eda1f4b862cf70
4510 70b67e61aa9f592f
4511 86b5c392b5c9290e
4512 dead03dd74de7a5d
4513 a511ed2a4a4012d4
4514 a8c245a74ccca833
4515 10a984ec1a094172
4516 0dc07f8936db9041
4517 e111179816b5b128
4518 4d0be443896f2467
4519 6e031df1c0378a6e
4520 5e1c40f04802b19d
4521 efaa05ffee3d0594
4522 c9fcae916f56c39b
4523 d7d0553a5579989a
4524 71890e5ac2d89e09
4525 728ff3b0e0318b10
4526 92bc7914c27e92cf
4527 a9ff5ab0337fa22e
4528 cb47c24c1a1bf45d
4529 193c228c117cf51c
4530 bc91757ba74904db
4531 86ec80192b02d45a
4532 60113d06d68fc2d9
4533 1b803f10061e1728
4534 595161e7dfe9e067
4535 1efe1db3c910bf46
4536 e6e114ad015d0085
4537 f6830358cfe0fbfc
4538 b96cdd230e6c353b
4539 c9bf6b76855dc63a
4540 3b810eee61ffa271
4541 cdb8c86dd28ba5c7
4542 6f283d6fb688d112
4543 29a2d268e578d36b
4544 972100940beedae4
4545 265d9a054e7b8529
4546 81b3b1e0c92bea3a
4547 c3d37794b82e2f8f
4548 5cc557a6622f6228
4549 ed7e10ff1c0b585d
4550 cab8d44b9eb63996
4551 7338aeb8c7c5538b
4552 bbf4daa986afb104
4553 aadc1efc2f02fd49
4554 e35be97c4fb5255a
4555 04f119ac29f7fbbf
4556 1d881c8d98c18108
4557 5721ee0b59959ed5
4558 e61676cebad0a2d6
4559 28df51c5cc75eecb
4560 1a78d383a12fcb44
4561 e61815a04df70391
4562 9661e43cf6385782
4563 dc3bf86dda123267
4564 07d843e323ccfed8
4565 ad71e23656717a4d
4566 1eb4391fb7c6e3ee
4567 31f87d5f260fc123
4568 bd6fac7fac54e544
4569 c0666c0b93abcb89
4570 189f19f3945cd89a
4571 818e6ca63778532f
4572 08bd99d7525b46f8
4573 848f1565dcae746d
4574 bafaec6cd28a908e
4575 a1cd81196b9275fb
4576 98849c1ab779ff74
4577 4ea37485c07d5fb9
4578 de970a627f280d4a
4579 358f93ba32c154ef
4580 ba44fc06406da908
4581 83e211b23a72113d
4582 ff8885782de09bee
4583 422cbff0531f1923
4584 152271279888e75c
4585 77c11cb5eb1254a1
4586 112483951239cc52
4587 aa42724f93b8d1b7
4588 7a99c377bc266b90
4589 5214fcd38d914ce5
4590 d2b9fe981a05e7df
4591 edd8fd0018130f56
4592 c26e0f5e6db25fdd
4593 400e6be41952f194
4594 1235f699a01ea495
4595 1a195c17433c479d
4596 92077dc9c7fb0609
4597 4b6bbc23baea11be
4598 b67e1dd084bd8588
4599 987cd7cd31f91e63
4600 a08d70b67b58d8e3
4601 37703d28e5cd09fe
4602 f35f4110e3a3b268
4603 659634a6ce611d51
4604 23793365fe000f15
4605 47d79df37fbca5df
4606 4941c5a98c641626
4607 4a6e7078d54a10aa
4608 a67f6ada62322690
4609 3b3f48ea41519b45
4610 a84ad03947831d0c
4611 dcb51408388c2e42
4612 290ea5ea417d6aba
4613 0d064168d10fe0f0
4614 221036a7d3af76f2
4615 07ebadea27e59f91
4616 fb9afa6a9ddf28ff
4617 503b18ba77f8b299
4618 f3ff9db7686b4f7e
4619 504dfba3f34cd2ec
4620 0f603500fd3881a0
4621 668fb88e8650478a
4622 ae5df747c819df23
4623 5074ce0f1b2264b3
4624 e60baffaae04a755
4625 74a1790533755536
4626 5c57d5a911d08302
4627 ba15e2f6b3ff56bf
4628 f5ab4931df565c96
4629 f28f1cce6ef1b69b
4630 08545c5cb6b98d89
4631 87ef4e21876d9278
4632 ce951dc393666865
4633 e3859268dce037c6
4634 51d4d5dea67c86f3
4635 27c9b2f97f4aa792
4636 b464c5f5cdf3a763
4637 9b42a9c1aac26647
4638 37acc99438f47e84
4639 dbae1029256a859f
4640 23b3cb413738c492
4641 3fc301e0ecd836d6
4642 1e2d2986e5e88b67
4643 aa307ddd8bebe61b
4644 edd58e62f18d69c4
4645 57cae94531ae7fe1
4646 ca7d7ca1b92cf0ab
4647 a1a9032932308b19
4648 fad39a0d1869ba8a
4649 b14cc1971148dbff
4650 b9392656315d9230
4651 c49ea3046f974bc5
4652 ec1334a861ceb486
4653 d8fdd6b7f559a62b
4654 73331f66168dfcdc
4655 44d1d3195e51cfa1
4656 98147dc33fa93952
4657 c71b0cc6ae870e23
4658 34a432a442020a48
4659 d7406e30411910d5
4660 d71d9a55ebaf1bae
4661 69b1da978db44d3b
4662 e3566756c1d49a7c
4663 8238348560bc0079
4664 284fa87458dae1e2
4665 1549a9eac6e1089f
4666 21dab0848bc06d90
4667 3d226854bf63bbfd
4668 fe2b7903051792f6
4669 71370f9f11fa9763
4670 1966a1ae18bf1064
4671 42c4de96517239c1
4672 e93e7e261d1e9cca
4673 42cb39eb75e39247
4674 a928a3bf1d885038
4675 c57992641d74ba85
4676 62ed9d4145d65e5e
4677 552b4469409521ab
4678 c08df4b8cc3852ec
4679 844d5596401542e9
4680 6ee21bdaf73d6a12
4681 1105d4939d12dd8f
4682 1901f0a5650cabc0
4683 d4b9a34db60115ed
4684 6986a0159eb0cf66
4685 6fb42e050231e553
4686 26b0b154fd175994
4687 75b3f5800df78571
4688 5fa07f11e2cfbefa
4689 472f996c3149cc77
4690 16fb3eea114fafa8
4691 7d346095a8f02cb5
4692 f275d3fa2007ba8e
4693 de1ded0950604d9b
4694 fed1d0047bf8c65c
4695 0b6f1a7b7ed96759
4696 2abdd5bbd04f9b42
4697 1b15c7bd28c0cbff
4698 5a950c8d660287f0
4699 b1219a8f0e0f585d
4700 3d755a8b54efb3d6
4701 49d3104e4ff1ba43
4702 2bde86a421771344
4703 27d7df31e54bf321
4704 12f14584cf6ff2aa
4705 3d9cc31eaf1df927
4706 636ff589e57c6a98
4707 a6bd889aebfc9e65
4708 175346316e80e8be
4709 47b91a0ce499088b
4710 e7ae54b6fbe4764c
4711 93270e266977b649
4712 cf8dabf92afd5d72
4713 bfa4720e5b4071ef
4714 b28c5e0602ba00a0
4715 c32dcfd4505ca64d
4716 a81eaca3385e8046
4717 8746a4cc95dd9db3
4718 2a507e9bc2d86774
4719 96d874e9e1bff251
4720 509661ec3c3a7cda
4721 7a3584503a9675d7
4722 56918c501c7db108
4723 e1e9834d40214d95
4724 463f8f3f0326a56e
4725 cf3b087915e37afb
4726 137dc8cb0445133c
4727 68722d132f6ca839
4728 6042af1e39e2b0a2
4729 e7a3bb564bcfa45f
4730 f0683a94b3c90a50
4731 db7f8d042f9adabd
4732 0863567ed8f5ebb6
4733 67cebe7d85b5ef23
4734 7ca15a3e02e70d24
4735 dbf663328de30b81
4736 3aec39b8cfe8208a
4737 79a873f4e1e56707
4738 44de38418a0736f8
4739 3388174426853445
4740 4b588a5c0d3fdb1e
4741 5ad6ca8b3eec706b
4742 85b26bfb6e0325ac
4743 afde5d3edff882a9
4744 282d590bf16e84d2
4745 ea561f25be8ee64f
4746 f15704d7afbffb80
4747 7f49f9a6b2b90aad
4748 88bb32cbf109df26
4749 c0cac0353d73f113
4750 eb8a71d884ed5854
4751 c965b4f4c26a4b31
4752 f1830e7cce829dba
4753 fbf59aac2a28c837
4754 37bf2869bedff068
4755 4a4b9f1dfa032e75
4756 e1f748da8b58984e
4757 5d87ad1d6e95f45b
4758 71fa1fac6d96e31c
4759 7f08de0f562ac119
4760 0baf5991521e8e02
4761 b63775b70bb7a7bf
4762 cf04a1ed5f02ecb0
4763 f8705e9d0e3bef1d
4764 397eb3d1a504e196
4765 b8f8666ef7f23b03
4766 d1348a6280af1804
4767 04016ffec59ea9e1
4768 4b97b098140d8b6a
4769 958d0e6fe281bfe7
4770 7a09625fd7576d58
4771 4f08020cb5a46425
4772 6d93537e3c18fe7e
4773 b037e6a402c7124b
4774 b3b0e11011d31d0c
4775 f6e523bc63b40209
4776 76fc9eea2afd6d32
4777 3e3d63fd6e230eaf
4778 27021e4871bf1760
4779 f0978607d945a60d
4780 b97b6004a7ee1606
4781 72e251af2a3b8e73
4782 3071f299fa60c634
4783 0b9034ef3e67f311
4784 707ddd813e9c2f9a
4785 3b4604a0d5c6aeb4
4786 12355cce151fc970
4787 3b07c09003bde8f3
4788 506dfe1c6d9177a7
4789 6c6eada4d8d324f3
4790 2ad00c2f4dd025c1
4791 3bcf758da3894fca
4792 d4f3bafca42bc270
4793 b2392c7464e6375a
4794 01185e30c72b1016
4795 4e9c5d2685797b5d
4796 33f4a0f8cb7ef035
4797 8615572e3b8f3c71
4798 263cab97217a087f
4799 5c2d0867e26a1d74
4800 91a77d1bc2513d16
4801 f9653db99f76d788
4802 4195e0a32811721f
4803 d4d9c115036b8873
4804 bd9442eae2888552
4805 af7c48f9ad563724
4806 74aaf5c7b476d48f
4807 876bca30caef87bf
4808 5b6f76cd55d9c2d9
4809 a5a47e3c9f1cd5ab
4810 8c2bd545582d3a20
4811 e62c32f6fd5d5cb6
4812 447c701e43063b89
4813 baa0bbd2ce3f1949
4814 c48a9b339354f7bc
4815 43ecab68d3412fba
4816 db5ac8c4b5cc0fb8
4817 eb5557790ef3dcb4
4818 4bf3609f150f7366
4819 43aedc45209e656d
4820 2915979ccf6613f0
4821 60bbeee1378498b3
4822 26b052cf4cb278f2
4823 13bebf54b298ac01
4824 33134e2362f40188
4825 bf253142af3b6581
4826 b3b32cff68d43ab2
4827 a5fac37c7a53c613
4828 c30f52bc6408fa3a
4829 09d769d12f7c35d8
4830 45aa6064f312d508
4831 bbb830dce81f6c77
4832 fb94284f13fcff29
4833 f034edcb7454ad2b
4834 cdd73fb828c923a6
4835 e200b20512d8a2ba
4836 597a3806c45f2ae5
4837 a38133613a014f46
4838 5420b7f94725126c
4839 f12e49db85b6f5d8
4840 0245f891dd8b8d83
4841 5f2300118a67db19
4842 0a2f75d57c8c6e1b
4843 ba97d253e2f9deb8
4844 ea29f584cbcede92
4845 21ae184f7cd53252
4846 69c8ca843711a8d1
4847 7a7c3b852dd6865b
4848 fc480b3659c7f339
4849 e8445639b085efc2
4850 a41cbeca37210618
4851 2ddfcfe6a24c8ba4
4852 6612c951e33fd417
4853 4d69bfd16d106bad
4854 1cb9416b5bffa4b7
4855 e77dd60744dbbcbc
4856 93a3bf6cfdc528c6
4857 e7e53d010b3e9046
4858 b440dc1c95621c6d
4859 c83c4b553305baf7
4860 31464e3700e651ad
4861 2979a0fa9662299e
4862 aeb2ac2407361da4
4863 b738ed6cdd316050
4864 faada0c85b028d3b
4865 2ab6c7b5cd569b91
4866 59809a13f8b5cbf3
4867 7f3a2e254c55d770
4868 00307742a86890ea
4869 b5a07f5472051ec1
4870 6bbd4764dd34fb58
4871 bdefdaf0351f956a
4872 bfc26f2791c50ea0
4873 b53ac70ab2dedf3b
4874 d5776373e2a6f139
4875 376581f3521558f5
4876 70176e8b2b438a16
4877 904b13bed70e4fe4
4878 26262c9613dbc276
4879 73babf5a5a9e8e48
4880 0890f4662d86c303
4881 ea6bfa8d7ef1107b
4882 ea6bfa8d7ef1107b
4883 ea6bfa8d7ef1107b
4884 ea6bfa8d7ef1107b
4885 ea6bfa8d7ef1107b
4886 ea6bfa8d7ef1107b
4887 ea6bfa8d7ef1107b
4888 ea6bfa8d7ef1107b
4889 ea6bfa8d7ef1107b
4890 ea6bfa8d7ef1107b
4891 ea6bfa8d7ef1107b
4892 ea6bfa8d7ef1107b
4893 376e3c188c20a17b
4894 ea6bfa8d7ef1107b
4895 f2ffae38b5f1107b
4896 ea6bfa8d7ef1107b
4897 a4a347f814a78678
4898 ea6bfa8d7ef1107b
4899 ea6bfa8d7ef1107b
4900 ea6bfa8d7ef1107b
4901 ea6bfa8d7ef1107b
4902 ea6bfa8d7ef1107b
4903 ea6bfa8d7ef1107b
4904 ea6bfa8d7ef1107b
4905 ea6bfa8d7ef1107b
4906 ea6bfa8d7ef1107b
4907 ea6bfa8d7ef1107b
4908 ea6bfa8d7ef1107b
4909 ea6bfa8d7ef1107b
4910 ea6bfa8d7ef1107b
4911 ea6bfa8d7ef1107b
4912 ea6bfa8d7ef1107b
4913 ea6bfa8d7ef1107b
4914 ea6bfa8d7ef1107b
4915 ea6bfa8d7ef1107b
4916 ea6bfa8d7ef1107b
4917 ea6bfa8d7ef1107b
4918 ea6bfa8d7ef1107b
4919 ea6bfa8d7ef1107b
4920 ea6bfa8d7ef1107b
4921 ea6bfa8d7ef1107b
4922 ea6bfa8d7ef1107b
4923 ea6bfa8d7ef1107b
4924 ea6bfa8d7ef1107b
4925 ea6bfa8d7ef1107b
4926 ea6bfa8d7ef1107b
4927 ea6bfa8d7ef1107b
4928 ea6bfa8d7ef1107b
4929 ea6bfa8d7ef1107b
4930 ea6bfa8d7ef1107b
4931 ea6bfa8d7ef1107b
4932 ea6bfa8d7ef1107b
4933 ea6bfa8d7ef1107b
4934 ea6bfa8d7ef1107b
4935 ea6bfa8d7ef1107b
4936 ea6bfa8d7ef1107b
4937 ea6bfa8d7ef1107b
4938 ea6bfa8d7ef1107b
4939 ea6bfa8d7ef1107b
4940 ea6bfa8d7ef1107b
4941 ea6bfa8d7ef1107b
4942 ea6bfa8d7ef1107b
4943 ea6bfa8d7ef1107b
4944 ea6bfa8d7ef1107b
4945 ea6bfa8d7ef1107b
4946 ea6bfa8d7ef1107b
4947 f90211a42602de95
4948 12816c13cb9d7031
4949 cc3f4c7ba4e552bd
4950 cc3f4c7ba4e552bd
4951 cc3f4c7ba4e552bd
4952 cc3f4c7ba4e552bd
4953 8acd8ebd4947a0ab
4954 fc12a89e8ce908ef
4955 03fe740f18e04dfa
4956 13f9c6da0e139c0c
4957 190f27bede0ad7a6
4958 1c2bc3f61e6ac99d
4959 333231f229021069
4960 b01c102afd9d1069
4961 2c6190bc0a181069
4962 945082eaec231069
4963 cb5665843f861069
4964 94686c56ea011069
4965 00273f9a9f2c1069
4966 7e347afdc3071069
4967 2c6b9f7d785a1069
4968 7bbdf6b6ca951069
4969 693a9dc381b01069
4970 5e1aa8e4a49b1069
4971 f549da8029fe1069
4972 9a220e380d591069
4973 b87303cf10441069
4974 9c168802561f1069
4975 de4a7563a2921069
4976 73dd8046622d1069
4977 9d52f60998681069
4978 5c28f2fe1ff31069
4979 d7a4df04a5561069
4980 b6a7702c64511069
4981 d8293d887c7c1069
4982 ce9a677ae9971069
4983 dbce9d0eeeaa1069
4984 a6bb93f1c3651069
4985 a062d6b2ce001069
4986 1c032f95602b1069
4987 ec156cc0c4ce1069
4988 3d32b074d1691069
4989 e152554522141069
4990 9fc21bafb92f1069
4991 93398a320fa21069
4992 2f2a16918dbd1069
4993 7244fc6019381069
4994 5e5ab8e497431069
4995 2e298e70df261069
4996 eb9cc746d1211069
4997 afde7947094c1069
4998 609cee0c72271069
4999 7f1bd45dacfa1069
5000 5f6a820b78351069
5001 37e3b72e26501069
5002 1cff0ac2a9bb1069
5003 5e7fc948379e1069
5004 966638ac02791069
5005 cf745fedc0e41069
5006 aa0e315d47bf1069
5007 21ef842e60b21069
5008 ba72a4b71d4d1069
5009 a25627a545081069
5010 5ff1925d74931069
5011 7c84a42ce1761069
5012 5d57155b14711069
5013 c7987b5d5c1c1069
5014 fcf9135469371069
5015 069bf81e524a1069
5016 786abcea2e051069
5017 b0f549ae33a01069
5018 dd656c4bdccb1069
5019 e9258469b1ee1069
5020 736370c5ad891069
5021 5818bea3f9b41069
5022 c8c00d36d84f1069
5023 4e0bc5bd59421069
5024 33207008c0dd1069
5025 bfcadd957f581069
5026 94d5913601631069
5027 97853c7623c61069
5028 27ee2573e7411069
5029 fcb1a889e56c1069
5030 d0574bb3f8471069
5031 f7a17338239a1069
5032 d248cf5119d51069
5033 36119edd6ff01069
5034 47be0aa4cddb1069
5035 95173bb2993e1069
5036 adc3c65540991069
5037 85b7e5f0c4841069
5038 b806ef73f65f1069
5039 5400a67a70d21069
5040 e8264a10aa6d1069
5041 9f2bbc12dca81069
5042 28cf80fbc8331069
5043 9dfd6bea33961069
5044 8f9d08a122911069
5045 b5388429edbc1069
5046 668eb34e97d71069
5047 dc7f05cbafea1069
5048 605f408d2ea51069
5049 47724ad5cf401069
5050 1264e12cc76b1069
5051 ea8614cda90e1069
5052 69a0dd2d83a91069
5053 a6bfcea879541069
5054 cc43ab43856f1069
5055 3a1a851758e21069
5056 1170efc9e8fd1069
5057 c32f901acd781069
5058 24c52a0ab3831069
5059 ba700689ce661069
5060 99e265af8d611069
5061 c05d0ab3ac8c1069
5062 2c5e816f9f671069
5063 6d2605d0a63a1069
5064 c188c48ddf751069
5065 282f0e2f89901069
5066 3eca480070fb1069
5067 c662469095de1069
5068 e4c93609fcb91069
5069 d6457450b5241069
5070 da65af683cff1069
5071 d0ba5fd0d4f21069
5072 d8da216d5d8d1069
5073 fa5de0b3b7481069
5074 920d61c533d31069
5075 fcc37aad52b61069
5076 5dd15e2fc0b11069
5077 f18f53175f5c1069
5078 b1078e7165771069
5079 f1527958198a1069
5080 d9aec30f7a451069
5081 2fb8b3cfa7e01069
5082 6afb8a7f430b1069
5083 3a737b26ab2e1069
5084 98aadf912dc91069
5085 29fee89b9af41069
5086 5228ff1dc98f1069
5087 a5f4f2319f821069
5088 c5d02255b11d1069
5089 9a902c01f1981069
5090 3becfab9f9a31069
5091 98d93d85db061069
5092 ece274ab5f811069
5093 ea5b3bf57aac1069
5094 7b9c229674871069
5095 87e624b9cfda1069
5096 326dcac874151069
5097 07126993fd301069
5098 8130a57fd61b1069
5099 825ad3de157e1069
5100 95f5de1ef4d91069
5101 b2b6905f87c41069
5102 c513176bbf9f1069
5103 1ad989c002121069
5104 3ed9a6e6fdad1069
5105 265552ff7fe81069
5106 444c8b5f09731069
5107 f08d6f4da6d61069
5108 ed4c2b8b2bd11069
5109 dcf6f68b3dfc1069
5110 2317691865171069
5111 bdb402c26c2a1069
5112 42badbdf1ae51069
5113 d19d4e6cab801069
5114 3c7f4cc61bab1069
5115 4e23ff136e4e1069
5116 20b7f475c8e91069
5117 a0b3d4e111941069
5118 6c467e2cc6af1069
5119 a2fddfe527221069
5120 aa2454d0913d1069
5121 820af2f046b81069
5122 8b222ecf9cc31069
5123 24d716f658a61069
5124 3a60e37b98a11069
5125 44d848ddcacc1069
5126 105ae634e5a71069
5127 5a267b64267a1069
5128 d172f3f845b51069
5129 8b5425e299d01069
5130 63f6b0787f3b1069
5131 b0d4440c211e1069
5132 be6bbffde9f91069
5133 79bb11ecca641069
5134 bd08d9175d3f1069
5135 9f48aa7d94321069
5136 9ad6c20582cd1069
5137 430259556a881069
5138 31d1193c3c131069
5139 f56b416dd55b25c7
5140 ce6a1978fda86897
5141 6cbdcf1cdd59e06d
5142 f48294df5094e06d
5143 286c84b4726be06d
5144 001957bb1576e06d
5145 602a9100868de06d
5146 f730950a4ef8e06d
5147 b7b9b46e0e6fe06d
5148 02769564f40ae06d
5149 e91216ca2131e06d
5150 01bacd89462ce06d
5151 45a8e1060443e06d
5152 082118f923cee06d
5153 8531457f2d05e06d
5154 64d428d48710e06d
5155 0d34ebde7d27e06d
5156 f470c03aad42e06d
5157 71a1f7b26169e06d
5158 0be5f4edc024e06d
5159 fb04f1a5c6bbe06d
5160 288f32cfc486e06d
5161 16bcce84571de06d
5162 d7946d030208e06d
5163 76ce38c8eb3fe06d
5164 a7acd3cbc3dae06d
5165 1060cd4d5441e06d
5166 e1e8ff49867ce06d
5167 801bfff04913e06d
5168 794244ee2b1ee06d
5169 fe2d45af9bd5e06d
5170 1e4dc51cfc60e06d
5171 b66b2003ba37e06d
5172 4c2c41f64512e06d
5173 8a253e138a79e06d
5174 af3b823b3cb4e06d
5175 5f5b311e658be06d
5176 71098690e216e06d
5177 79f5e71029ade06d
5178 cfe5bff71c18e06d
5179 2a566247c70fe06d
5180 3f976c33d42ae06d
5181 8cfff5d63ad1e06d
5182 d0af08125fcce06d
5183 59c1a12b8363e06d
5184 fb0dd7209f6ee06d
5185 ed0fc82a6225e06d
5186 187466177330e06d
5187 c2bc7c84e647e06d
5188 d2effc869fe2e06d
5189 f7cc71f04c09e06d
5190 403bb739e344e06d
5191 a71e23ec8adbe06d
5192 44aaa77e5626e06d
5193 0454eef0c5bde06d
5194 487d5a1d46a8e06d
5195 6e14f54bb3dfe06d
5196 be9a590d21fae06d
5197 dc72600bd161e06d
5198 298a669f9d9ce06d
5199 d706fa8bac33e06d
5200 dbe3e2aab3bee06d
5201 22a20da28175e06d
5202 25fffb232c00e06d
5203 7c75e8cb8ad7e06d
5204 da86d9b8f2b2e06d
5205 1c0958db5719e06d
5206 f2c7ccb0e354e06d
5207 0a5823ec0a2be06d
5208 78283728ff36e06d
5209 f2a4fcee674de06d
5210 921a0056eab8e06d
5211 a25d25015b2fe06d
5212 22b60667b2cae06d
5213 dea4dff2b2f1e06d
5214 4519f141b9ece06d
5215 6dc3c7c9f403e06d
5216 93ee34f4448ee06d
5217 fb8d243b56c5e06d
5218 d6b013ddddd0e06d
5219 9fb478c14ce7e06d
5220 9e832c8df902e06d
5221 0148bcdbc729e06d
5222 0e3e461723e4e06d
5223 ab7242dc567be06d
5224 8366165a2d46e06d
5225 9c948c34dfdde06d
5226 40b30de6a1c8e06d
5227 b3230bbc39ffe06d
5228 fa38e15c769ae06d
5229 8dcaf98fbd01e06d
5230 f2f3c935883ce06d
5231 db4c7cbb0dd3e06d
5232 250949514edee06d
5233 da76697fdc95e06d
5234 788ba6090f20e06d
5235 5120de38cdf7e06d
5236 6b58c13f65d2e06d
5237 a214b0617139e06d
5238 1371a35d4a74e06d
5239 f2fd8e17bd4be06d
5240 4f1d576eacd6e06d
5241 a99229f6d96de06d
5242 15cc0c2215d8e06d
5243 3fb508c752cfe06d
5244 35a2779f6deae06d
5245 2ecca5c7af91e06d
5246 85974ffce98ce06d
5247 d57b63527923e06d
5248 e4cd4bf9012ee06d
5249 031051edeee5e06d
5250 dc7c026815f0e06d
5251 7225b0711507e06d
5252 cc96862008a2e06d
5253 c7652c6841c9e06d
5254 32c958da3504e06d
5255 72138506e29be06d
5256 4d5fe05023e6e06d
5257 737f1acc247de06d
5258 f7427047ad68e06d
5259 e039f645a79fe06d
5260 0f0d56dfd6bae06d
5261 33d97e388221e06d
5262 73570e16685ce06d
5263 665b252f27f3e06d
5264 29c28fec2c7ee06d
5265 b75a1cfcb835e06d
5266 0154ff22f7c0e06d
5267 9909ac1ddf97e06d
5268 5d2e376de372e06d
5269 626dbaad77d9e06d
5270 55a2b45bd314e06d
5271 d7967ae7a4ebe06d
5272 6a91c35f75f6e06d
5273 d3088c5e470de06d
5274 da7330ed3b78e06d
5275 d8d72d6c5aefe06d
5276 8d21a4fbd28ae06d
5277 8b312d61cfb1e06d
5278 e23648b920ace06d
5279 a3e79bd74cc3e06d
5280 7ada26028a4ee06d
5281 1773a5522785e06d
5282 587c2d34ab90e06d
5283 aab22d5851a7e06d
5284 a0a1a76bffc2e06d
5285 c5d710294be9e06d
5286 6b8d90c260a4e06d
5287 05bcadfd553be06d
5288 47ed7d911106e06d
5289 6a001b7db39de06d
5290 ddaf899c8488e06d
5291 5e7a333195bfe06d
5292 6130c43b8a5ae06d
5293 c307e87236c1e06d
5294 c9b48f9b72fce06d
5295 57e3ff7a6993e06d
5296 2a786e4b219ee06d
5297 eb705c6fb055e06d
5298 eda2a85b50e0e06d
5299 614471ba94b7e06d
5300 d017076f0592e06d
5301 bd1bca45d0f9e06d
5302 adb87c6c7334e06d
5303 6a8bb55a1e0be06d
5304 7466c83f8096e06d
5305 3e06220f1c2de06d
5306 0a22cc4bd098e06d
5307 f8a55d5cfb8fe06d
5308 9ad3d0a1a0aae06d
5309 23d01dc47f51e06d
5310 d8747ea25a4ce06d
5311 6826bc1e01e3e06d
5312 f61041c28beee06d
5313 49b4c5a918a5e06d
5314 067bfa9a75b0e06d
5315 3210a0a918c7e06d
5316 00bd723f6e62e06d
5317 50797e723e89e06d
5318 b9e7179235c4e06d
5319 3129cc26395be06d
5320 da70376f54a6e06d
5321 a82b76ba2319cd7d
5322 8d806d60616294ee
5323 0dd2e849406b4263
5324 27f6ff53b791bab4
5325 5d8b2218e446aedd
5326 800af93ce9e0644a
5327 905cab01e9256f87
5328 cfd984df336d005b
5329 b01e263e324c5e71
5330 6673fce8507fe8d2
5331 a0637ef165785e3b
5332 7a68c761e88fbea7
5333 6ebfa97b852f3718
5334 6c53e62a10d9d9a2
5335 59921223a0ad29d1
5336 aabfb2422fd05022
5337 be8191ca23516bdb
5338 8ac34203e8575e04
5339 a0e61f24c60ba37d
5340 e6b05142f1afb58e
5341 1940c2104dabc847
5342 ba44d6f8e1970630
5343 05457df23efe18f9
5344 ebbfb95702e99caa
5345 1000046d12ee0483
5346 6d6f87f262b8846c
5347 305f2ab8fa964f85
5348 31f32034db3dfbf6
5349 272c88082fcccc4f
5350 555c4973541816e7
5351 d1f79a5119ec662e
5352 624c053fedd7e868
5353 584bbb81ac552141
5354 c587397d8b0e3bc6
5355 891a3de3365ba4ff
5356 153dcb18ac34eb14
5357 f2f41b3b937c131d
5358 ef06da88b25c0482
5359 cc33d6bd0ebd64ab
5360 06858d9d39d5d460
5361 0685fab3ab6c14c9
5362 926645f31eb0ad5e
5363 f0aef9f6a891ea17
5364 5e9fc967de98716c
5365 6b4473e1e5a632f5
5366 55b560342ef08e1a
5367 89c483b1a8358f83
5368 f5ffc20eefcf1138
5369 ac7d0ac423e045a1
5370 d1fefb3997f413f6
5371 4c42aaf7c8bf47ef
5372 2c9f28091d6409c4
5373 e6fcb67b56c5e7cd
5374 6d6254f5990ae532
5375 43402adcab22f89b
5376 60980222cbca3850
5377 67a6a663da5eb9f9
5378 4283b9200c36224e
5379 7966b1b010d3bc07
5380 5c0f574125f9d6dc
5381 0d25dc899f143965
5382 69c0667b1191158a
5383 3e955b225a737e33
5384 eced14b45b4f6f68
5385 ed581bf40ffaee11
5386 e194740745cdefa6
5387 928da4149626ec5f
5388 6660e9af354064f4
5389 18b54c8f78361e7d
5390 798f508544f6fd62
5391 c2bf85b093dabb0b
5392 26eb8413349bda40
5393 7860e8a29fb6f5a9
5394 8204a8efa6333a3e
5395 8f30bf4aab7443f7
5396 6b8d9180cbb4a3cc
5397 3db563939f36d6d5
5398 b7233f78258606fa
5399 baa51d586e2f3c63
5400 3352731fde110b18
5401 c23f35983f807e81
5402 573f734d1e49b1d6
5403 996d2bc91d760acf
5404 15e2992d3e012d24
5405 c0ed838a8ed79b2d
5406 a37ab06a1edd0192
5407 552d22a06ee474fb
5408 219f38b5067d62b0
5409 61b240eae86baad9
5410 3ab1f969418d46ae
5411 99ea2703adbf5667
5412 f30f339b0b69463c
5413 cd31728788f70545
5414 4b1407dafb57d86a
5415 e9dd0d5ec28fe113
5416 c2b247625cf473c8
5417 8608ddaf971db471
5418 b1ab0d8d64d7a286
5419 423ebc10e33c6fbf
5420 4ef265e07a8ef2d4
5421 ac6d36746c419bdd
5422 e733c84d68cdd342
5423 bb79defe183f8b6b
5424 c97e3b75c2200520
5425 9608326031c22b89
5426 8133cf074e6be01e
5427 57c3cfb785d93dd7
5428 a2537fa250925d2c
5429 0eedb9e8d292e4b5
5430 2f72398799bd9cda
5431 93ccfcb84d797443
5432 9392605e328eb7f8
5433 a5b671fc5dbf7e61
5434 c7f27325e573e7b6
5435 facf2de9617c0daf
5436 0631b16885ef0c84
5437 6c5d7073bb4f368d
5438 eb73ec76a0c42cf2
5439 70f411d1806ed35b
5440 a2cefbeab1eeb410
5441 7c9ab8188e2a30b9
5442 bea7ef77b2762e0e
5443 ae530076de481ec7
5444 d6c9755eb613c79c
5445 b9262a0ce93ccc25
5446 a25f77e279608f4a
5447 7711ccb3c90af8f3
5448 f36ae35d5f174028
5449 69263329950b6bd1
5450 9bc7aac7268ff466
5451 87677db6cf33bd1f
5452 d8a74615b756afb4
5453 30ee019dc2e9e93d
5454 33e1b68b81db9d22
5455 7e6b8f0162f554cb
5456 2ed3fd1cf4f86700
5457 a0606b4a115f9669
5458 25687333b00dfefe
5459 a31aaf2a268d0bb7
5460 3b5314c2211d8e8c
5461 20a186fe97d32295
5462 e4ce0d43cc7633ba
5463 9444eb10860d4223
5464 3a8071ee5fef79d8
5465 7854dd35b49d0241
5466 bf5afcd10b172a96
5467 82f8619cebc7018f
5468 b6c12cf5ee67efe4
5469 23e7ec845f000ced
5470 d0a0e6d80bb6f152
5471 0023dcac502fa4bb
5472 d652c4f2a1d8a370
5473 5864f49af7475f99
5474 85a15cd30fc6276e
5475 88af00256be9eb27
5476 198f6061e635cafc
5477 bbecd872ab91dd05
5478 953bcde07deeac2a
5479 5d628c7b77daaad3
5480 3006f078c570ca88
5481 ea49e2881880d331
5482 8aed47e7b90bac46
5483 040a7f68b7c8337f
5484 09f0b4c4e5304594
5485 9137d032b75fe19d
5486 d9417022fbdfdb02
5487 84b6096dc84f572b
5488 cda1a2642ddedae0
5489 7eb242ec85f72f49
5490 289d6bf1fcfbcfde
5491 b86b226402a95697
5492 f02a52ceb1280dec
5493 a968f33c04fd3d75
5494 2c944b4b47db9a9a
5495 94c79f9387e54403
5496 1e87f79b35413db8
5497 3639d36566918421
5498 d46c7d237f999c76
5499 518ae24ade17fe6f
5500 2a68df8698906c44
5501 0f3289a29370004d
5502 13f3890e3e5ab5b2
5503 ef95aa31ed59cb1b
5504 4baf841fd8c848d0
5505 404d8dc98b1e7879
5506 8250efaa241678ce
5507 dcd17ee8edf08a87
5508 b37dd0cb57a3095c
5509 b09857974866b1e5
5510 063ed34b8c5be00a
5511 a4c20cde9bd7bab3
5512 49757eec2a25f3e8
5513 cbfca8d69194dc91
5514 6508672d44fbd226
5515 89d7c28315f564df
5516 1bee9c4e5b212774
5517 864f1a8d6df626fd
5518 e14d88cf7dbba7e2
5519 fcba1e4094727d8b
5520 9b4f0b7a823ea6c0
5521 f24e50e8feebd829
5522 8a429c0c57ab92be
5523 164449180a2a9a77
5524 c63ebad001e4544c
5525 35194bb5ca198d55
5526 b31bcddfa880217a
5527 f7f6666150886ae3
5528 5f20d46d7a0b1798
5529 856e1b765f721901
5530 042f92da256dbc56
5531 57d5edcb93942d4f
5532 d9f25a743b1721a4
5533 791e168b6b1c9bad
5534 175c9736f3f47212
5535 0a3914789481ad7b
5536 a98acc0811494f30
5537 7c8320d515505d59
5538 597bc8b95081ef2e
5539 f19c92a1e2e75ee7
5540 e08a3af9913242bc
5541 2575eddc008e89c5
5542 83ecc22d915ef8ea
5543 d622480f3db13193
5544 1fe32148ae1a1248
5545 6e8da1fbf3adf0f1
5546 afa499b94ecf3906
5547 8a6f8fdbd2f1fa3f
5548 572b86fdc9bbc354
5549 2d94228a3b6de85d
5550 1ba2684c7f6ce9c2
5551 541ffe3acb3109eb
5552 6869d6d3e77c2fa0
5553 3659ea5ca947d609
5554 9b793bcd79bf9a9e
5555 6e764d8f89c6c057
5556 90612836efcedfac
5557 7bde20ad9a4d5135
5558 8090dc87b3a3f55a
5559 5ba4c2e74143c0c3
5560 2ae675768d376078
5561 c24f2e2190d760e1
5562 dc04fee9dd59a836
5563 8e6a6c207ecd7a2f
5564 7f91d06e23471f04
5565 8d917fb72e65910d
5566 570ecb3bfae51f72
5567 6b9e89670dc919db
5568 61abbe3090f82c90
5569 3c091e56e3d29f39
5570 ec24e3bd993c868e
5571 438ebecff21bc147
5572 27afc2c69568041c
5573 1c67b34b4f55faa5
5574 39432c9b4cae71ca
5575 73287d36dc8ef773
5576 a9f32a8ec189c0a8
5577 7b2e223e57c88c51
5578 5e69fa7d0e9164e6
5579 d0cb67e9013fcf9f
5580 138b9e814abdf434
5581 387ec85e825379bd
5582 7380daa0c6f043a2
5583 7bc388117872bd4b
5584 c91a083573f38680
5585 28cce349b2d507e9
5586 aa39fb82965b427e
5587 29abf0bf1d4c3137
5588 d00fc1f9c2db140c
5589 f45782aac841e415
5590 de4ecf6962ef9b3a
5591 a8f7a888d7f629a3
5592 cb0b022e90dc6558
5593 c2d7dfd7331edbc1
5594 75b035fa122cc016
5595 7d3f0102eca4650f
5596 db5c46cc63d8b764
5597 a04db209fd0e706d
5598 e3e7f8283269ded2
5599 77eda23d0187843b
5600 827759a2669e26f0
5601 dcd1bf2c353c5f19
5602 ac1a0ea223340cee
5603 ca4f84447e3a44a7
5604 006d7573f41b8a7c
5605 79a1ade48ac65085
5606 b06f76fbc03f5baa
5607 b46ff50c23082a53
5608 928c22e318d7fe08
5609 4f45640eab1bdcb1
5610 f55ec2afe40e3bc6
5611 081b0f28045ba4ff
5612 0ad76e86ff34eb14
5613 cd1a18b5d97c131d
5614 3d6f0d87d05c0482
5615 1e9669c94ebd64ab
5616 c4f31ebf7cd5d460
5617 4a9b642bef6c14c9
5618 b4f79e02feb0ad5e
5619 1f49bd6ddf91ea17
5620 448a510cb698716c
5621 9e54413ec7a632f5
5622 95ac153c6ef08e1a
5623 45a607d381358f83
5624 c5c0fc691bcf1138
5625 27e127855de045a1
5626 a0ea63cd2df413f6
5627 4d318c4fefbf47ef
5628 a81e34cdec6409c4
5629 f84bedc470c5e7cd
5630 ed421419cf0ae532
5631 23b1e08a5a22f89b
5632 dd52c1fbd6ca3850
5633 2bbcd076255eb9f9
5634 f08be3848c36224e
5635 b3756f59ebd3bc07
5636 e54530ecdbf9d6dc
5637 23f1339e92143965
5638 f382d083a291158a
5639 64783fcede737e33
5640 fc6d3579b74f6f68
5641 761e36aa61faee11
5642 b15d39aedacdefa6
5643 5ec98651c326ec5f
5644 17df72a8164064f4
5645 8143e1654e361e7d
5646 66bfab7300f6fd62
5647 62691ea98bdabb0b
5648 496c4748e09bda40
5649 8078aefa5fb6f5a9
5650 7d66b1f037333a3e
5651 9735103ed57443f7
5652 8ae006c1e7b4a3cc
5653 b471de26d736d6d5
5654 ede08102c88606fa
5655 f7123004cf2f3c63
5656 fad95a494d110b18
5657 914cc682f8807e81
5658 8d2585b98a49b1d6
5659 7a45bfdf62760acf
5660 655d4ba1c4012d24
5661 ccf3923f95d79b2d
5662 a91da002e6dd0192
5663 1fd5c7324ae474fb
5664 45c07a9d757d62b0
5665 8d421f4c686baad9
5666 20a2eae7a78d46ae
5667 59fd9d9e2dbf5667
5668 39a1a60bee69463c
5669 2faa0bea5af70545
5670 cd39e4a5a857d86a
5671 7c2afd709c8fe113
5672 c78ddba166f473c8
5673 56c511c59f1db471
5674 ebce37a73fd7a286
5675 a6075815ae3c6fbf
5676 69677664688ef2d4
5677 50bb70af1c419bdd
5678 6fdc9c27c8cdd342
5679 2cc8520c883f8b6b
5680 a60fff4123200520
5681 4d31b53b3dc22b89
5682 6522aef1466be01e
5683 f83416c562d93dd7
5684 138d88fed8925d2c
5685 b89bac51d292e4b5
5686 ccfc627aa6bd9cda
5687 b9c4b10bbb797443
5688 a5f984442a8eb7f8
5689 28c801691ebf7e61
5690 d817aeb9b273e7b6
5691 2f13ad9af27c0daf
5692 266ed2e3aaef0c84
5693 1bb2aeede34f368d
5694 cc4c89ebccc42cf2
5695 7b050a4a786ed35b
5696 dfb0cb238beeb410
5697 ed62a4f0262a30b9
5698 408ef0b627762e0e
5699 6619484a9b481ec7
5700 d181f730ec13c79c
5701 3d0c730e463ccc25
5702 5cae4d5f81608f4a
5703 0e5a75fbaf0af8f3
5704 435ba4e6df174028
5705 3bd8a014620b6bd1
5706 f27eca37e78ff466
5707 31e8fe001633bd1f
5708 f91db0bb1d56afb4
5709 a3ea71fa66e9e93d
5710 a5301eb02ddb9d22
5711 610cf57069f554cb
5712 96830cd1d9f86700
5713 3ac6491a165f9669
5714 1c115437530dfefe
5715 f0a70b725b8d0bb7
5716 2975c3ac9d1d8e8c
5717 e88ae92d53d32295
5718 4a43b01dd77633ba
5719 4d74422db10d4223
5720 81f6c692d5ef79d8
5721 a4094d30539d0241
5722 06a7998d65172a96
5723 e02877395dc7018f
5724 6f970f327867efe4
5725 38e2aabfa0000ced
5726 e031fdfde2b6f152
5727 8b97335a242fa4bb
5728 fa9ee20dbad8a370
5729 1ad17613ad475f99
5730 fe25ef72afc6276e
5731 8d8b5f991ae9eb27
5732 b17386c60e35cafc
5733 a38e8fa3fc91dd05
5734 9d99391310eeac2a
5735 9e868314b0daaad3
5736 f5dbe620ca70ca88
5737 0a0320b31780d331
5738 747e88b63f0bac46
5739 e14d876845c8337f
5740 6375f99e65304594
5741 3c5261492a5fe19d
5742 a7e57628e1dfdb02
5743 2df4ddfcf34f572b
5744 3c44c8e883dedae0
5745 1794df6ec7f72f49
5746 10226105ccfbcfde
5747 6dd9a45388a95697
5748 3097bb3b54280dec
5749 282649bd20fd3d75
5750 e8b8c6f7a9db9a9a
5751 004d5e436de54403
5752 d943ce91bd413db8
5753 d96c52fbe2918421
5754 4bd4c91957999c76
5755 7c09ddc60517fe6f
5756 b6d4236def906c44
5757 fcaf67bd9170004d
5758 abb854d2915ab5b2
5759 cd4392298659cb1b
5760 ad7be2f6f2c848d0
5761 d22810c2c31e7879
5762 f62c0365081678ce
5763 514b369ecaf08a87
5764 96f45511c9a3095c
5765 fff30ed4b266b1e5
5766 87dbce57685be00a
5767 a354f54f03d7bab3
5768 f39a395a4e25f3e8
5769 db54ec85f194dc91
5770 afe5ff773dfbd226
5771 0ae94c3ba7f564df
5772 ae9e66c720212774
5773 0fe0d2f26af626fd
5774 65dc14a948bba7e2
5775 6047afbcbf727d8b
5776 b48c7378b63ea6c0
5777 8ba54b0bfdebd829
5778 7d2e996ef7ab92be
5779 f1756c34152a9a77
5780 cf28f1712de4544c
5781 81e1d7ef99198d55
5782 2ef4837beb80217a
5783 6a4a4a0d48886ae3
5784 5a6793d4190b1798
5785 8caba73630721901
5786 ceb38acb596dbc56
5787 2c819eb8f0942d4f
5788 ea5350602d1721a4
5789 e5dae315d51c9bad
5790 81d6a35696f47212
5791 274a9fb0f281ad7b
5792 453c70a977494f30
5793 0bae6f3ac8505d59
5794 b513d7127781ef2e
5795 484e25e815e75ee7
5796 61f0ec912e3242bc
5797 fc428239e58e89c5
5798 a1f6f88d715ef8ea
5799 b52e336ba2b13193
5800 e9ff9d50111a1248
5801 fbdbcebe41adf0f1
5802 907bac3f4ecf3906
5803 d6d9a2fd3af1fa3f
5804 fc2713bcb7bbc354
5805 d286e116856de85d
5806 70568424366ce9c2
5807 bf2f20949f3109eb
5808 9f600877897c2fa0
5809 fa7c08482347d609
5810 1dd21ef4f3bf9a9e
5811 512a1be627c6c057
5812 674bd18fe1cedfac
5813 734ca7e3e84d5135
5814 6c146edf4aa3f55a
5815 a1a2b3572843c0c3
5816 8c7ee28b5e376078
5817 5b6b54e2b0d760e1
5818 04625212d759a836
5819 e2787d00bccd7a2f
5820 236cd2c503471f04
5821 6e0fdc8dd365910d
5822 bc2e5e3ccde51f72
5823 a1eb1b80edc919db
5824 6516c1751df82c90
5825 924b47276dd29f39
5826 3892982dd53c868e
5827 2e235838c01bc147
5828 f3c237361f68041c
5829 5e91abeb6655faa5
5830 8f29e435a2ae71ca
5831 cae5ac40dd8ef773
5832 f0bc504ca689c0a8
5833 2e0e8a2c47c88c51
5834 67388d04649164e6
5835 10e6b93ecc3fcf9f
5836 3678c70f2ebdf434
5837 0d3c8956e15379bd
5838 3efb9c5ad7f043a2
5839 923776eb2172bd4b
5840 fad4d44fa9f38680
5841 5c09ea9ba6d507e9
5842 55427353cc5b427e
5843 2968285c5c4c3137
5844 0287a5aa99db140c
5845 f5cf59163041e415
5846 9300ee60c2ef9b3a
5847 ea45624b63f629a3
5848 953d7a5496dc6558
5849 c57fd5715d1edbc1
5850 0da08d18592cc016
5851 9a2c1e6460a4650f
5852 e36f747430d8b764
5853 d5131ecd6d0e706d
5854 d6d6c9842069ded2
5855 ee1f58c49487843b
5856 8970e552919e26f0
5857 5ec86dfc523c5f19
5858 908a710e7e340cee
5859 6da0ee69a73a44a7
5860 3090a1a29a1b8a7c
5861 08f17f53d1c65085
5862 197932841b3f5baa
5863 254990f554082a53
5864 7eb62553c5d7fe08
5865 dc1334eb9e1bdcb1
5866 3bc61e0ad30e3bc6
5867 21a50d3a9e5ba4ff
5868 3bf895fdcb34eb14
5869 797c2f0c1a7c131d
5870 674602e1285c0482
5871 5f8517910dbd64ab
5872 bebff4ff54d5d460
5873 ede533110a6c14c9
5874 679723c01eb0ad5e
5875 c594f4a15c91ea17
5876 88d5b0ab1398716c
5877 4b785458eca632f5
5878 b15f287ffff08e1a
5879 31cf801a0b358f83
5880 e5dcef51e9cf1138
5881 906c191830e045a1
5882 034af08015f413f6
5883 55deee4012bf47ef
5884 d768508c756409c4
5885 3b65650410c5e7cd
5886 c8137151cf0ae532
5887 ba87283cf622f89b
5888 eadc92fbddca3850
5889 0fa29c8d505eb9f9
5890 50eea83b7436224e
5891 1ef0093fd0d3bc07
5892 dcbf2ec82cf9d6dc
5893 8877157ef2143965
5894 936875bd5b91158a
5895 d4fce05b92737e33
5896 a3e3811e384f6f68
5897 800aad547ffaee11
5898 3ad4a02df5cdefa6
5899 a9a19a5c6e26ec5f
5900 0ae65d0d9a4064f4
5901 5624db5d67361e7d
5902 09d7bebe80f6fd62
5903 94b28c360cdabb0b
5904 f1a8c568c79bda40
5905 5ffcbf62ddb6f5a9
5906 dc6896c747333a3e
5907 31ec46ab157443f7
5908 e392d03ec8b4a3cc
5909 8a7f8994f636d6d5
5910 30824404b68606fa
5911 4776560caf2f3c63
5912 5cdd3eb4ef110b18
5913 b2093ca208807e81
5914 ec07d6425f49b1d6
5915 e7059a3e1d760acf
5916 e44fccdc55012d24
5917 7025db5e58d79b2d
5918 bdb0cdfc66dd0192
5919 917818a34fe474fb
5920 42b17b34fd7d62b0
5921 3ff28358796baad9
5922 634cc78dbe8d46ae
5923 171470bedabf5667
5924 6c5a6564d969463c
5925 2227213102f70545
5926 5ed866f9da57d86a
5927 3e990bb0cd8fe113
5928 2b27f91cb4f473c8
5929 c23779078d1db471
5930 0b29a8743fd7a286
5931 c135ea41313c6fbf
5932 c8def7d12a8ef2d4
5933 a84cd41757419bdd
5934 5432ae661dcdd342
5935 b8af0e90973f8b6b
5936 8132e69f75200520
5937 36784ef33dc22b89
5938 a28a3575466be01e
5939 12cec66162d93dd7
5940 e6c1af66d8925d2c
5941 b2a1ac55d292e4b5
5942 02269e06a6bd9cda
5943 700342dfbb797443
5944 af4ae6582a8eb7f8
5945 378d6a391ebf7e61
5946 2617e9d5b273e7b6
5947 843395bef27c0daf
5948 6d3b8a2d25ef0c84
5949 b0dfafed894f368d
5950 ccfc89145fc42cf2
5951 f28236df546ed35b
5952 5ae1a65d33eeb410
5953 9974c6bbeb2a30b9
5954 7278888da6762e0e
5955 b35bd7eebb481ec7
5956 352bef313c13c79c
5957 457cc30ac43ccc25
5958 8755a73c82608f4a
5959 d201c391a40af8f3
5960 c3eeb18d19174028
5961 5b58db73a40b6bd1
5962 da3bae3fe28ff466
5963 9dbfd305e833bd1f
5964 383e1a14b456afb4
5965 5aca571982e9e93d
5966 a26b73a91fdb9d22
5967 d7c4f416aff554cb
5968 a820804701f86700
5969 a64037139a5f9669
5970 eda9b11b6b0dfefe
5971 e622dab2058d0bb7
5972 50821bd11d1d8e8c
5973 5c6da65363d32295
5974 3b1ff0d04a7633ba
5975 eae2ea909e0d4223
5976 ac55bc2e8fef79d8
5977 bb923d317b9d0241
5978 ad495f9252172a96
5979 7d9a0df3a5c7018f
5980 d5e654ca3867efe4
5981 d170edb907000ced
5982 b22239dcd2d77a6c
5983 2b69bb9acec251fa
5984 c728b922f3f84269
5985 24884454b36110a0
5986 a30f11cfbb870f37
5987 cf7ed91308f4d67e
5988 b3181e75d42cb16d
5989 d7d71e5c7f418a34
5990 47bfede62ef8084b
5991 7b2ae8b90991e112
5992 e6dbd22590d9b441
5993 c7767bcea88f1fd8
5994 fd857cb62a0bf92f
5995 6c5309e9b5d72956
5996 c2b41caeef034565
5997 b98d66a6427a844c
5998 52e870f372df42dc
5999 01c5a25d3bb88265
6000 0b21b66ce6979596
6001 752d7a70e515ef9f
6002 90b9f2eec15adf49
6003 8859d816630911b3
6004 f04c6e0502a92693
6005 1b0b277d7ac7330b
6006 ffc5ad73a5e6ef60
6007 38df3c492cec1b79
6008 03dc91a8de1e95be
6009 73cdbe8ee1af379f
6010 98099f40c74ae6d4
6011 276ae9ad64628c2d
6012 33d3dd3ce0600b22
6013 8dddcd15f9a10103
6014 7c0a2df83ed6abd8
6015 cad6950c1603ff91
6016 1abd347bbc56fbae
6017 04541cab7c77aecf
6018 89b083f5a7c9e434
6019 6a53dce0b197e68a
6020 10efb25eaaa6de35
6021 7ab2dc30cd16d874
6022 feb27100bc4cbd6f
6023 393b2fcf8fbce016
6024 ec3a15c0feee02d1
6025 f44786be9a2e9750
6026 175155a56bda55bb
6027 0c5992516403d602
6028 de1dc4346064927d
6029 2493d8d0d7e97a3c
6030 158a28af6fc5c3b7
6031 3752d1b257b7a5de
6032 4b3b57e47adb2699
6033 e5922ab64163b438
6034 f382f96a4d0e1423
6035 7ecca12584f6b80a
6036 05ed9b6c255bc2b5
6037 da38ac8420f954f4
6038 65c589330dd211ef
6039 f7c88742f939a096
6040 559fdcf00e42bd51
6041 26fb744b895a09d0
6042 3585e62ca3194c3b
6043 92dbd5875834ee82
6044 bf08f7c2541cc56d
6045 dce6bdfee6790fac
6046 a2c912735525a767
6047 e2b78b197fb62a8e
6048 c87d972fc15cc009
6049 3851952056470668
6050 a6373ec6d5332f13
6051 52b015d9c9480a7a
6052 7ff42957b712ec25
6053 46e35e44253f2564
6054 f80e6b0991b0c15f
6055 c8c81cc5c3727286
6056 25e91d37f19f0d41
6057 405b0c2046bbf5c0
6058 cbcae5c633b2a22b
6059 4c8bacb205cdb9f2
6060 b35a6b21705f9e9d
6061 f6cd99120c5cb6dc
6062 45989b302b9223d7
6063 3d173df24cef5bfe
6064 cd05d87a3bb41239
6065 e52e5b35a3b8b058
6066 0875e9810e6ce643
6067 099ced52e886052a
6068 76daa2d22cff9655
6069 e96037c56baefe14
6070 9f044e718524190f
6071 21d9732006e99eb6
6072 71c6a561d0148771
6073 228c73d834d00870
6074 c56386d25fda6a5b
6075 1c1508da834b98a2
6076 c24b82bbd8b8428d
6077 d42c791f9a27a1cc
6078 dafdce616590a587
6079 8accf23dfa1fed2e
6080 339c989599d8cca9
6081 030353855fb36b88
6082 db9bb413304485b3
6083 8a92b518e881ea9a
6084 47acc44b021141c5
6085 74b68159e4bee684
6086 8782eec764c8087f
6087 00d1e7fbad22aba6
6088 333efbad0b106c61
6089 a6efb6fc1ec4b260
6090 39bea0fdb817914b
6091 67d4acc19c1a8392
6092 d1326d8416c1483d
6093 a1f950b193a3c5fc
6094 7eeb29c8f1f7d777
6095 a4d00f5aeeec489e
6096 1ecc895ee78ee659
6097 dff65ca7a86b94f8
6098 00b193b9aafd60e3
6099 18c7f3db60e508ca
6100 a71811a7efac15b5
6101 f61fc1741d533b74
6102 463c6965eba12fef
6103 b50584c05b2a5596
6104 b5d67a51049fd151
6105 b9a8ddbec46d61d0
6106 ed0c93330c200dbb
6107 0d3283320c599002
6108 9b55987f483beeed
6109 767e6fbdd0b159ac
6110 f7fafd398612ca67
6111 ede966c71de14f8e
6112 3bc3df1e245c5bae
6113 f7ac37c4ae70974f
6114 e59434ed32042994
6115 3c2bebcc36a51a2d
6116 cda83f76d655f162
6117 31f3e5348243cb03
6118 a13e2b13b52c4f58
6119 963c46a1aeedfd91
6120 9fb18b7562f34516
6121 270ece05603d6977
6122 fd774986c77e3c3c
6123 464327da41e17a55
6124 84d93c850b67144a
6125 a3c694040577228b
6126 c3155c1c20c21960
6127 4832df9e1e654039
6128 4ae9da5b862b0ffe
6129 502bc9454ff2025f
6130 e135ce90bc3dc724
6131 fb27274825224a3d
6132 d1dc768fe3a901f2
6133 d75a426dfbc14f93
6134 69b1efa0b34601a8
6135 4b0755dff7762521
6136 232fd961c5430726
6137 59b93c5273cd49c7
6138 97b9fec1ee0159cc
6139 4d42443d8958c6e5
6140 6a0218ca2a7bf81a
6141 1c72e59f38329a5b
6142 34d8b24b126820b0
6143 05c06b619708b589
6144 3bfd36795713178e
6145 9659f528e73c75af
6146 5ad04c82baf02074
6147 cbf7763b8443150d
6148 8e932ed05158ffc2
6149 9f1822ca46cc76e3
6150 999fc2ca8df59f38
6151 93f36c39ff7a9ef1
6152 d41e36895aa83776
6153 59c4299d9356a7d7
6154 2c9da8fb80f29a1c
6155 54efe2012d05c235
6156 ebef27a699515e2a
6157 1cd9b69e858a666b
6158 a8d4377dd088b1c0
6159 cc140108ba220099
6160 b298f40f0b8ea5de
6161 fa8f3b2084e1ebbf
6162 8b1216db3738e984
6163 f34de83cf0d4b61d
6164 9b25b6c09f279752
6165 0409f55add1af673
6166 050b639c5884ec88
6167 fec123c04bc96601
6168 4643ea55472c0706
6169 d3d3bcae9ee6e427
6170 f73a4c3a6fbbfe2c
6171 3686c0f1de57b945
6172 a5b5b84f1dad067a
6173 cbde1d7fcbf71cbb
6174 4afbcf558fc96090
6175 1a5fb6badf7636e9
6176 3c515aaff3dcabee
6177 5e2b525cdad0498f
6178 c332a78c045efbd4
6179 020a20ea0cc0e16d
6180 cf8dbebd1dd6aca2
6181 2f54c7b0d3a13443
6182 b314a11e1f6f7698
6183 b63857c04b5ad1d1
6184 2b2fbdd007f33c56
6185 992b2cd9ecba75b7
6186 48d1d46fe3b6257c
6187 0612dac7fa065695
6188 36d4c3df6f9bd78a
6189 c69ec5190882f4cb
6190 b7450664bee4c0a0
6191 e7c169421a2b0b79
6192 2d408fb603e1743e
6193 2e2a71bc62ecd19f
6194 cb53efb092db3364
6195 a517f1339b7d257d
6196 e62219fe5b66f632
6197 4c8c6ffc2f7668d3
6198 d4ca9c42a55378e8
6199 07eb16cf9c073261
6200 38798893983c7a66
6201 4b2809201359c607
6202 e20d417970a0c40c
6203 79621cb4063e5025
6204 45295bd11f9c1e5a
6205 53f2b5a04b346f9b
6206 22f14da3b554b4f0
6207 b7d98ba64f3029c9
6208 5d01e0900814b9ce
6209 cda152c37b79dcef
6210 af41743628d0f8b4
6211 071b79a82af2944d
6212 600233d3b4d16602
6213 879b3ef20dfb5f23
6214 2fc19c0b30e7b578
6215 14436a10cdbc7a31
6216 b67fb23c4ea456b6
6217 8aee246c18ba7917
6218 927cb2547cd53e5c
6219 6f4cd7e177ea6575
6220 34eb2fdc276d056a
6221 97a9afc9c83489ab
6222 0d9a2f3a55bf6100
6223 46a75feba78f0cd9
6224 7c4f9f82e7f2f31e
6225 a6ce51bea7a584ff
6226 edc94b651c7d65c4
6227 d84e769f2d19595d
6228 eac54f9e4e6b9692
6229 879ca8d9460337b3
6230 3a32efe03864bdc8
6231 821d5e070b34e641
6232 e2563e6f5c642346
6233 5f62fd1da482aa67
6234 3581e7bf8a31a26c
6235 c8303bd0c0320385
6236 eca7169769b8e1ba
6237 44552734d08dbefb
6238 cbb57a07be97add0
6239 c67657d32aac0629
6240 1f5eb3deddf64b2e
6241 40bdb394c3f768cf
6242 393c3e7df31f8914
6243 3b373df5c4ddb5ad
6244 080514b4d75b40e2
6245 5a3e7dd264062683
6246 2da97b69b63540d8
6247 c96f6066c8c91911
6248 91133b8ec94caa96
6249 a1fd1cc39d2f76f7
6250 5057a7cf6f74a5bc
6251 63711bbb32d22dd5
6252 015751083372cbca
6253 a7da0d2b5d65c80b
6254 a0e30a6c7df70ae0
6255 f520fec61110d9b9
6256 b49e8665d3ebff7e
6257 831eb7ae43e9e3df
6258 6b395ec318b3d2a4
6259 726c0b4c9c49878d
6260 41e67f619ac6d832
6261 c3c483859762d993
6262 18c2155d46d6b228
6263 cdf82e01c63d5fe1
6264 da58ffdf1d62b776
6265 0487aa88d4ce8b47
6266 cc77d04bf2d3fa0c
6267 14bf40ca59a4b715
6268 40584983dc4bc4da
6269 5c47488950d9de9b
6270 6c757b8c324e5170
6271 fd7a0c0a12869009
6272 da5698719d011cbe
6273 aaaca56a56d8c12f
6274 3a0207b79f0f51f4
6275 87556040ad54059d
6276 6f57946677530642
6277 e13c60980c84f3a3
6278 802e9d3c5c5aeb78
6279 a8843f40e5a6bb71
6280 2dd91104e13d2b06
6281 e0a95bd69ac68d97
6282 8e58bdebfbc5f91c
6283 773a774cf1bbf125
6284 b59eaced1679c8aa
6285 6445dc521b962e6b
6286 faea54de0bead140
6287 7d6af9cf7f8785d9
6288 ceb7bc1cabf6894e
6289 abaf1b195ab8307f
6290 3f10d8d5e64013c4
6291 fcb69c537d8ce7ed
6292 e67f52c7d7f9ba12
6293 c43ae9e6e7f88bf3
6294 a957bdc413a38988
6295 d438d5406d148d41
6296 6df0e73c0cd2b856
6297 c6ea62b4da945d27
6298 646b7a4ee8d22f6c
6299 36473c0ba327da75
6300 eb6cfbb64a6b223a
6301 ec990c717b4aac7b
6302 7b20f2a5a459d5d0
6303 c73aec2083af8de9
6304 a481f3c18bdc6f1e
6305 b152afc956c8c10f
6306 6ca1c7a06a3ca754
6307 df2702aae8c73afd
6308 b27fa4d6e84abf22
6309 801fff87f8822083
6310 963783cd3f12d058
6311 71df8ef7e3cdb651
6312 cfae19700eeb43e6
6313 395b694180ee6a77
6314 290fb3ed897d66fc
6315 75d00db82d34e305
6316 d858f46da6011c8a
6317 05041502449d114b
6318 cfd9550dbe7fe0a0
6319 c8f577e50e5a3db9
6320 1def1d2af0cd85ae
6321 c4bd63ce1767ecdf
6322 8641ba40af85e824
6323 95e176498f3989cd
6324 44842758084ed772
6325 d3b6c324b96c07d3
6326 089e60f9d39ad168
6327 203737bbaa6d7b21
6328 9f43a4fc1f6ef5b6
6329 635a9cc62fbd0c87
6330 cdf4bfe2344f034c
6331 37c549222766fb55
6332 2c596230898f1d1a
6333 b5405a7311c06adb
6334 f1ec5714503fa9b0
6335 db12720e26831649
6336 8ef07ea2475dc0fe
6337 225f3610c2f73e6f
6338 07b88f3c964cf534
6339 45ac72a3e6f190dd
6340 63b605de29193782
6341 1fa284b8521781e3
6342 e514c824146ca3b8
6343 be4b8058a9e919b1
6344 a1bc10f25e1cb646
6345 8aefedc307a403d7
6346 f63130d0030ae15c
6347 30f22f4a30a32b65
6348 5a24f3838f344fea
6349 2af95e7b3c2166ab
6350 706b10e717673480
6351 7d7db103b11d5b19
6352 5400dcd0a06b6c8e
6353 840aebefa746cdbf
6354 f96e8f6f25664804
6355 87c8707d97a2b72d
6356 3f884d9a035bcc52
6357 3620c265235e9e33
6358 6734985b5efda0c8
6359 bb28ac8b0a522b81
6360 e7e183cd211f0696
6361 28e451be3756be67
6362 34c007da0c248cac
6363 454b47999c2e28b5
6364 ba8546499813af7a
6365 45a8b20a1b6fc8bb
6366 ba55fe87e1078d10
6367 099f5688210c2b29
6368 0505675c0df7695e
6369 115d814ebf15764f
6370 25b10f081098f794
6371 c945a6aa9ac1303d
6372 630296ddde7db962
6373 b5e63eb3a51b46c3
6374 2448e934e6c0e998
6375 908ea9a1dfee9191
6376 c40189a0a89a5626
6377 b5f1d0f89efa5ab7
6378 26599c0f46145f3c
6379 dd5f78c7055e8145
6380 a28cb81608da10ca
6381 f6b3a7016a52b95d
6382 005595e0a373ca0d
6383 4b56c74e539736cc
6384 ebeaaa6de08c901b
6385 d66b4b76c5996332
6386 9c152518c8f047d1
6387 e9f217ca4ae0e5a0
6388 c133d05e9e3c307f
6389 90eab50a02f527e6
6390 6a8734f3a673afc5
6391 6bd021f8fcbd1a84
6392 fc7bc7f5423035b3
6393 fd1ed403f10e56ca
6394 c2fa53dadbeaa8a9
6395 f52b920bd704c0b8
6396 e7e0c009162328b7
6397 0c8780ac780ce6c9
6398 45ee9ca2d3a9769a
6399 d68a579414c58ddb
6400 66c8c95512b51fd5
6401 70764701b0eb9fe5
6402 d248a941dabbb792
6403 b20f9b601b67d2b4
6404 6e0958eb5d6c7198
6405 f3fbdb3c00a92281
6406 ab5c8d4e6a4715f8
6407 27e8d93f5d3883d7
6408 458bedb097ffbbd9
6409 b4b0f054e7cbdde3
6410 e3d20a330ef67871
6411 499ef2ecc5173b27
6412 0823efc4d7430f29
6413 a01bebf9c600276b
6414 dcf28f4a16ec7b21
6415 4c4a6404be5db777
6416 9c98cadade9d2569
6417 80701a8885269de3
6418 f289e668d6a4ef51
6419 2c6bb0bc543caef6
6420 dab89450ab94e97a
6421 5b18701768aa53ca
6422 86f73b8169bf6fae
6423 0fe83f7b9a5b3ea6
6424 38421df95feb8a92
6425 4d49c0b552de9712
6426 ba4ef2b8915289fe
6427 db557cbb4c0d0676
6428 8efdede839c5993a
6429 278417b5da66728a
6430 8073a1e73e21fc1e
6431 c8296dc59fa14f46
6432 668cfa4553f37a2d
6433 30ea78a4bb55237b
6434 77d494d2a7effce9
6435 ebc304b71b991d4f
6436 2205c8bcde73c501
6437 cae08c389a42918b
6438 cb58c073bae48151
6439 a48ee4c934bf6768
6440 a3663e49ced7edd3
6441 71066f6a892a35b7
6442 ac463d8dede5fc0b
6443 fef76ceccfe9840f
6444 69e42cd5d53077e3
6445 3244ec42e64724df
6446 45358d77fb7a63fc
6447 1fc09926c6b32af2
6448 21fbada71e91fc08
6449 ce68cacf1e090cba
6450 f843f7e319523ddc
6451 c7138e4a36d56b82
6452 323f3ea2f1c54d40
6453 e6f6410b4c624aed
6454 a6dd10e4f80331c1
6455 45598781f49d5c49
6456 330350f0aaaed74d
6457 7eb66270e052b0fd
6458 4fe4589a2f72d0a9
6459 8004628ea5b7f791
6460 0c8f664da99de91a
6461 14631fb88ba2c310
6462 c7a82524eb3b577a
6463 013c2f2857052a5c
6464 484570abe889363a
6465 376bb73c2a60c918
6466 53ece52edcf73dea
6467 544ba003484e416b
6468 dd601b31742ae2ef
6469 69cecac9e98d2ccb
6470 cf4075eac0072ef7
6471 2a4e55a0661c877b
6472 37c1ec45959a0e77
6473 96646809b657368b
6474 438775b2953a26f0
6475 d7130f9134ef30ee
6476 de47eb16d552abfc
6477 35b40df44612a7e6
6478 cc60ad10bec8a228
6479 43729335c955b516
6480 d74e4844a640b7cc
6481 1d69dce16c667571
6482 93c0fb6b8f7127fd
6483 1441fcb136ad6eed
6484 2869053bc7cb7b29
6485 ab331cb3535910b9
6486 fac0ba3d21e776cd
6487 568e8a190f7b418d
6488 d7422f9adc61546e
6489 f4dc9bd60f7a9b9c
6490 bc3225afd266d48e
6491 8b63e06972f36868
6492 86367bf879a0f426
6493 199d1f5045962e8c
6494 2ea59454b65cc5d6
6495 d5349f4968088cff
6496 233b734cd83c0674
6497 efd64b6c4e18dae0
6498 89500accfaa24fec
6499 a6b4319e8749fed8
6500 d2ce178fee4afd84
6501 4a3c9993b51718a8
6502 fdff6bfc12edb32b
6503 7d2f4ae2d1356fe5
6504 c2b8a561161d56cf
6505 c572db644d184b0d
6506 7f879b01d045385b
6507 9cc15eb1f739f8d5
6508 26d97d85f684ba07
6509 051e205c33fb90aa
6510 89997869023259c6
6511 d842b45cb03da73e
6512 6ab3d85ee6aac2da
6513 dab695ae313dcdca
6514 6a8c3d2d7e94471e
6515 78ac3cafd82b6fc6
6516 be9bc3919310f39d
6517 59da96c6dad8ec07
6518 299c6b15dd32f5fd
6519 1f0a83b48071f8db
6520 2eb9714d645f928d
6521 66c16413f3a9e03f
6522 3335314f4c3da35d
6523 7c44bd9210daa9fc
6524 50cd11db70b3c9c8
6525 d8b4c26a92874d9c
6526 ef06a5e1f0dae5b0
6527 51bfe2234c1f6b5c
6528 c908fc706541a9a0
6529 60e688b1ba094e6c
6530 8cee5f05eaa99d47
6531 5569df288558b9f9
6532 7cde1b14be8cfb2b
6533 1c6c9405793df3b1
6534 f55bb29e9ed51e5f
6535 95ef07b94c57bb31
6536 e819b687cf4beceb
6537 cf185b94cf813b56
6538 87a18e234ecb0d5a
6539 1a0bad1f9be2b4aa
6540 dde7c07caaa9ed2e
6541 15121d98527a171e
6542 5b1242e09608bdca
6543 de7f61a49339f35a
6544 31432321773c5e7f
6545 41ddf802a7bf834f
6546 64380455ae268225
6547 cf4ada230f32dfb3
6548 dd085e33133b5d65
6549 e86764e087d27dbf
6550 fad146f2cfdcf8dd
6551 51b952d89f3c99e4
6552 44f73a36fd79ae8f
6553 71338d478709e1fb
6554 de32da9bd669aa27
6555 0417b3b1652363f3
6556 c53b67285a465bf7
6557 a5aac0965f1320fb
6558 3c8b6854239aa008
6559 517488290b0ce75e
6560 ea049355c7cdcaa5
6561 b8e19c22a7bf6035
6562 56545487f4ea7cbd
6563 2fc839fe0ede95a5
6564 0774e89db56f258d
6565 5349ef72d86f5d42
6566 2110417c93de2a78
6567 9a376bd1206fdfbe
6568 b8ee1011bff7d260
6569 1bea52e2ff9e6fe2
6570 c04c26c410bcf718
6571 76ecc79e67272c46
6572 2f732672696673a7
6573 83283e9866e2a957
6574 a663f38f19119b5b
6575 8715efb2c17b4a23
6576 21a802172e2887b8
6577 dd2171ed308f572a
6578 2620c49d49005658
6579 80b9b29111dcd975
6580 8b770aad3915357d
6581 00cb821f1b517879
6582 ac7965249283143d
6583 001c565fe1cc5f52
6584 b1a79d1f3155108e
6585 5984e9dc79007fb0
6586 d2b26f13d15d0fff
6587 7a1bca30fba207b3
6588 bfbd201db4a6570f
6589 70ffa8748d603ebf
6590 d1b3a69c4aa7f38f
6591 bd1741621ffe1b53
6592 ddd8670d2fd4b73f
6593 138571b75c068cea
6594 0a1fee6d88ea0367
6595 9c6d48f9741c1cb1
6596 400c14d51cd14c4e
6597 8b024dcba1ab8f20
6598 1f7547d842d87f05
6599 bdaccfb2a202adf0
6600 c00808052926ec27
6601 b8451ca47a05e3f9
6602 19c6f29b43871a65
6603 c97eec9b612492ce
6604 f071666064e0de6e
6605 2bb8eccf0fb7ae39
6606 33a85efcb1b1e0a7
6607 0082010c5bc952ec
6608 4b4bc20559b40fc3
6609 1aae4a5681ffd89f
6610 ef6609c93e166805
6611 e90ca36d2f760cc7
6612 3c341c486ddbcb35
6613 604223d4a9d4ca85
6614 3a40c80ca49e6181
6615 1f29c008b01b1c27
6616 3138c8a1fbb34b8d
6617 9f7d356173238ab4
6618 afd04d872a3bbd2d
6619 45ae660fc47af6cb
6620 498abb76488e2aab
6621 9f00e7c2d5ce6c55
6622 74efe77b5d5e9fa6
6623 5f004e6aa0d5a85e
6624 55a438a3d7da7057
6625 405101f5128df4b0
6626 38b9eeb06160289b
6627 7892e006100f434b
6628 ee772e2bf2f2d597
6629 a83eb2f765f3caaf
6630 33836e77d9bbb306
6631 0075b4737fefb218
6632 b65f243c2f40f8c6
6633 1bc0c6c5639c1381
6634 2b376604c4d65df8
6635 9ffee0614549f964
6636 7b387887ba3572f0
6637 45cadb27fc114f61
6638 e9037a45f6f34867
6639 5f319aaa189d3c3c
6640 8b5074377e5c7948
6641 d37e800a0936db35
6642 695a65c549d2682c
6643 7616eeddbcb13032
6644 b875ea16c725dc6b
6645 9e19cb2d092a4ab5
6646 3fc8ca87abcd7104
6647 90ad1e3b9aec8c2c
6648 5f5583427ac154e4
6649 724e840834ee5920
6650 6dbe17ce779893b4
6651 bffd8bd6f636599c
6652 58b744d7af9a118c
6653 d35f9bbd19855203
6654 625ba8cf0d59f71b
6655 83f1e8db7507525f
6656 b16d13eb619ba2a6
6657 d02618201dc030ad
6658 2cd24cfc18666327
6659 3bdf058826449c61
6660 875982828b6ee705
6661 c76e4fe8c5e4717b
6662 56ca98ebc68d8647
6663 634589f55ea54b8a
6664 87e58f14ce114898
6665 dbe6b1b75ecb7612
6666 3215b33818be38e5
6667 21632c82105cb404
6668 af125f7e2da0860c
6669 d8f8b95fa7b25561
6670 6c98f510f1869bb5
6671 8dab1b1152547903
6672 d9ebaa2529d67b38
6673 4a8a729c0d03f178
6674 bc031ad6cc939151
6675 c7f037aad0622fad
6676 40727f0f34310c43
6677 ec6f7985674ea9fa
6678 b9c42e897a681031
6679 7fa0323a046c8d62
6680 26acdf48990863c6
6681 1168606796970474
6682 bf5a8f429285cb0f
6683 f3c70fb3de86a071
6684 65d190a934cea3e0
6685 b1eb4fa453d8298d
6686 56377572efc705ba
6687 a207d72592028d07
6688 731e92db85386249
6689 d3a68076f958d2d8
6690 48684e6f78043937
6691 d0aee81ca28df7a9
6692 113fa15de6b38268
6693 ddbd2b169da55ead
6694 56faaaf959404482
6695 3057a66da265ccb9
6696 ab91588fd1f2ec97
6697 b5ddfdc5bd4ce843
6698 3984f3e7fd3caad7
6699 38a72d56a0f0af13
6700 88da069d73c803da
6701 4c05f0d2a72e7b68
6702 9666796e86214ba7
6703 f9cadb9d476f9e9c
6704 b4facd1773053fb8
6705 a2a133cd90ad5d66
6706 76f56999eb211c91
6707 6f4616f29ba3a477
6708 30ccdba78033b666
6709 0b434a99df10f8c0
6710 c4acc036e6e6afe4
6711 12318d4116aedf78
6712 be500db7fc387c96
6713 6e5252be997f2168
6714 8effbc1e9919f9a8
6715 025f3c1deb87725e
6716 d72b17a455a35c54
6717 b090588e36cf0dee
6718 b4d1c28e2c62df2d
6719 187633aaf8f46e9e
6720 b84f10b99ca41b68
6721 6b15ee7fcee79f70
6722 53bbd94c88b4f9bf
6723 da94652a44ecd3b2
6724 b649d927cbdc6c32
6725 ddca9971881dd157
6726 bc3bf2d2c36cfa3f
6727 027e9bc88a99837d
6728 31cbafcbc3b81c16
6729 4701b1865651b9dc
6730 bd5a25c2a049b50a
6731 90df26df7a19812b
6732 e129e0825d683459
6733 e0f3bce29e14df2e
6734 6fe55e41548ca02f
6735 b6c631ab7ca208bc
6736 b0791fdce9eb6bf0
6737 712550eaa6d5b0ca
6738 22e3a7ffaca12740
6739 995bd4df7e397661
6740 0daa7210b40c8dc8
6741 bfe74473d0f55cf3
6742 69c06b0b4776a77e
6743 85a25f70931903c2
6744 6e99dea477ec76f8
6745 5abbb61a30713853
6746 60bb60704a5a9b7d
6747 6f2bd68392863b97
6748 b436a3865a63487c
6749 d7fd5a18f3b12a09
6750 cbe73fff9bddea4c
6751 523fd2600e829671
6752 59d5cbfaf604332e
6753 9beb6d7d519bb81d
6754 a45791e87ad20ba4
6755 16298431591a7e18
6756 d124d9a733bc81c6
6757 60a21a31099afe87
6758 a9d07464f7e12fce
6759 effd0f2bccead62d
6760 105bc13168ca1230
6761 5209ae6040a63d23
6762 6041dd448b2cf1e2
6763 a4840f10e7df5a8a
6764 1d20e102c48df76d
6765 9a364c98fa5634b5
6766 c807b6364aacfaf8
6767 6e40784942330540
6768 8bbb552e08b35e20
6769 2cd9d7b1e7f39169
6770 ff2375b1ead764cc
6771 d507afe593f7c3ef
6772 9d48c5371cac7f6a
6773 19ce8357c426da46
6774 bb94c25de80f4a71
6775 28e9883890e66ea4
6776 175ed64fee76acfe
6777 26b041331ba14c35
6778 bde79711b7e65d27
6779 49822906707e8b89
6780 87e78e1730d447da
6781 e5c442456016eb2b
6782 30b26357a82212c3
6783 da6648f854d9cf57
6784 24e92c3c7646af23
6785 db822bceb2454273
6786 6d1383e0c15f06c2
6787 6d35a2e21ec43b9a
6788 5096598b74989dba
6789 586ed336c5f34373
6790 d23ef3b107389d8f
6791 1deb2dfc0e29c90b
6792 1d4b0d54c579c1da
6793 4abc1c777d7bc8ee
6794 301d69245979c7ce
6795 d9c09a24ce9d6738
6796 3eff350d1436bc40
6797 cc755546e273b01a
6798 5cfdc56a758d9b52
6799 81c357307d8a42f4
6800 83e2a03199fdd55c
6801 b0d8b521812beefe
6802 1feff82f1b78a5ce
6803 753393b6cfb56158
6804 582a17c6f03d08a0
6805 a2178555737c12aa
6806 e512072967bc3c11
6807 ad98e0d518064c6b
6808 fb7d1abc358247ad
6809 f60e6c43fc2e2704
6810 543207388465e40a
6811 32bb9339e37cbbd4
6812 36b1efae27bfd782
6813 df67acde37468f03
6814 55fbdccdfae15b65
6815 1cf0ac6443f22a18
6816 e30c09f1f9372875
6817 6d07ca334d0507f3
6818 0e21f8ab16d64276
6819 d205b3ec9d4a5c27
6820 dfa8974e30b27599
6821 feed8f72b45c405c
6822 e20700b7012c8669
6823 54544e542929ae17
6824 5157aee9a78d3dda
6825 7c1091e2625757eb
6826 9277e6af7846caad
6827 04ce7a28e4cde340
6828 91e8b63b9642b9cd
6829 dca6187eec65824b
6830 cb0f0f1fa8a3992e
6831 8db600d3ae84ad0f
6832 e1240b641b3bf041
6833 640e526a6e528fb4
6834 4c81940cdbe28e31
6835 5c6f367f1c567edf
6836 864a98af79191132
6837 8863c987e52f53f3
6838 21ca2651f36666d5
6839 9fdd928dbad32ae8
6840 bc8cc1dce2764b05
6841 f43bf84515509203
6842 2eed4ccfb0d6c036
6843 a09d92bc122928c7
6844 dddeac005bca9459
6845 c289eb5934b3349c
6846 7547d4a0acb53649
6847 cedb88dbdacbcf57
6848 007f641ffab7534a
6849 9982ba147f45de5b
6850 7f080d8fa716f35d
6851 33804f9a9eb33930
6852 1b00561e52f4d17d
6853 58e65c6a94369ebb
6854 87fc34f719cf3fee
6855 257a1cd7d6443636
6856 138795b9b84beff3
6857 6638276514748a6a
6858 0ef0ddc8521f6f67
6859 e3d5924b8a09b798
6860 1abcf3a69ff825a5
6861 e916501e1581b1ce
6862 2eb6c6c35b81f08b
6863 185217c87da9d3ac
6864 e54b04a9f128ff19
6865 4379dc444e213c72
6866 8a689afbb3c2275f
6867 e19394ea8bc6e270
6868 0f9d98687c1d041d
6869 3b42dace5fdebce6
6870 2dcfd72f92824b63
6871 005d37f32de1d544
6872 25092d64b2d849e1
6873 1363579424123fda
6874 b1135662ecfdf8d7
6875 78c6d1c405e5a048
6876 f3d1bf224cead955
6877 18326305d206953e
6878 055b1b3ccdf10ecb
6879 6dfb9719b859e2ec
6880 3d176e48ec566c59
6881 95f58b319ab1ecb2
6882 e994034da65db42f
6883 6ae63f485a6c67c0
6884 5ee94a1e73cf9b5d
6885 f183a20dbe789e26
6886 c648e39e4308a5a3
6887 100320d3cdd7df0a
6888 cd406a99d8325907
6889 1d22b9a2bdf25524
6890 9d4b684d2027e191
6891 6b8c0c28c8a96fee
6892 da6e2d6b861de1ab
6893 0b97d426a0a86eb8
6894 9ac827ead093cf45
6895 7820283b0194b412
6896 cab5f6f51a6adf0f
6897 bbbcec890f8a2a4c
6898 8978cb400e6153b9
6899 f8647ea442121496
6900 7c14f183ae5e6c53
6901 8aae5b9ba951e9a0
6902 0117584f4ad540cd
6903 bb8971a3443c5f7a
6904 c924537cf0d4ee77
6905 7864806229aa1454
6906 63d362f4e6f36c81
6907 330827f7c604bede
6908 4988f8aea4fa5d9b
6909 97dd898ea6795a68
6910 37a442e419697af5
6911 8c6065fcca3a1682
6912 2393b3407518d13f
6913 f682b49f9ee3c17c
6914 798673355e649bf9
6915 ab5169e7e18601d6
6916 85455f8bf9b2c293
6917 b1fbd869a3b411e0
6918 684c61cdefdc220d
6919 1b48b135b805e29a
6920 a249c47d9e1d8be7
END 6920
