1 b9d103fd6854a325
2 b9d103fd6854a325
3 b9d103fd6854a325
4 b9d103fd6854a325
5 b9d103fd6854a325
6 b9d103fd6854a325
7 b9d103fd6854a325
8 b9d103fd6854a325
9 b9d103fd6854a325
10 b9d103fd6854a325
11 b9d103fd6854a325
12 b9d103fd6854a325
13 a23408d287fe4c32
14 b9d103fd6854a325
15 b9d103fd6854a325
16 532e03fd6854a325
17 b9d103fd6854a325
18 206bf4cc87271b98
19 b9d103fd6854a325
20 b9d103fd6854a325
21 b9d103fd6854a325
22 b9d103fd6854a325
23 b9d103fd6854a325
24 b9d103fd6854a325
25 b9d103fd6854a325
26 b9d103fd6854a325
27 b9d103fd6854a325
28 b9d103fd6854a325
29 b9d103fd6854a325
30 b9d103fd6854a325
31 b9d103fd6854a325
32 b9d103fd6854a325
33 b9d103fd6854a325
34 b9d103fd6854a325
35 b9d103fd6854a325
36 b9d103fd6854a325
37 b9d103fd6854a325
38 b9d103fd6854a325
39 b9d103fd6854a325
40 b9d103fd6854a325
41 b9d103fd6854a325
42 b9d103fd6854a325
43 b9d103fd6854a325
44 b9d103fd6854a325
45 b9d103fd6854a325
46 b9d103fd6854a325
47 b9d103fd6854a325
48 b9d103fd6854a325
49 b9d103fd6854a325
50 b9d103fd6854a325
51 b9d103fd6854a325
52 b9d103fd6854a325
53 b9d103fd6854a325
54 b9d103fd6854a325
55 b9d103fd6854a325
56 b9d103fd6854a325
57 b9d103fd6854a325
58 b9d103fd6854a325
59 b9d103fd6854a325
60 b9d103fd6854a325
61 b9d103fd6854a325
62 b9d103fd6854a325
63 b9d103fd6854a325
64 b9d103fd6854a325
65 b9d103fd6854a325
66 b9d103fd6854a325
67 b9d103fd6854a325
68 b9d103fd6854a325
69 b9d103fd6854a325
70 b9d103fd6854a325
71 b9d103fd6854a325
72 b9d103fd6854a325
73 b9d103fd6854a325
74 638981f5a8e59349
75 086042b8387bac83
76 7a3a349315f8b09d
77 e21a3cd5bf96b178
78 6822c24cb996b178
79 467065255b96b178
80 4cf857f40796b178
81 241a3cd5bf96b178
82 6822c24cb996b178
83 4cf857f40796b178
84 4cf857f40796b178
85 6822c24cb996b178
86 b7e532a45f96b178
87 4cf857f40796b178
88 4cf857f40796b178
89 6822c24cb996b178
90 467065255b96b178
91 4cf857f40796b178
92 42dec6bc948e0bfb
93 2b7f22143fc7a486
94 099d1a0c2df318e0
95 662fadba3450ff1b
96 8d5d54b7c738e75b
97 d89d4aa64041166d
98 58a1f32ddddf3572
99 87809ff686ce4c3c
100 59aef05e3f685a95
101 9404e866f4732edc
102 dcc0c0f6ccf6efc3
103 0495a29f4543ba0a
104 f52a0f92464f6691
105 63946be77c434588
106 e44839b8a02ae00f
107 a518e72c8f1e2256
108 e2fae533bfdd853d
109 b8848a2c5e604b84
110 f31a87635b3e880b
111 3541056fdcf49b52
112 ac2698998df24d39
113 df836db0d4fa07d0
114 fb3688dd00bb04b7
115 dac950b77102cafe
116 79509318d1280785
117 3ef8f027b7ca1ecc
118 60d8ec0adf62b2b3
119 60735b33bb9344fa
120 2c1c81e7cf311a81
121 214f03164e1c3278
122 9a4bfd2114fc6eff
123 06e6cf05894d6e46
124 e94873c32ca1042d
125 07a55767cde1da74
126 3b3fb29286d8923b
127 06db8f383f0b5882
128 a9328eab1dd91e69
129 95bee39a459f6e00
130 d2f292b5db14dbe7
131 c56777d934a5702e
132 d7d8be652ea7d3b5
133 f39805f0ab9699fc
134 643f25d9a67881e3
135 23d1bdf1de282d2a
136 6011f944e81043b1
137 017a48b1d60ad7a8
138 0cd40e7d6f29332f
139 a58f9ea01b166d76
140 2dfc8e341c23a35d
141 6d165207731dbea4
142 084251c0b69d852b
143 1bb13b274beae772
144 6ccb5faf390efc59
145 11f86b0fc2aa80f0
146 970477b5773876d7
147 42062218b612781e
148 cd3a7ea3e688eca5
149 9f0ccd58d56e28ec
150 665a2591df6e5bd3
151 f459ce71b6fd401a
152 2d1de722c9c4d2a1
153 84fc23da7069f798
154 6b545f1ba1596c1f
155 e892d4aa8d4afa66
156 56812b2b3342114d
157 1b52509758d09194
158 79adeb7e6ddcd05b
159 6be6066eb3211da2
160 d9f4510452f9f989
161 887ebef01d8a7620
162 0e0bcf3f4246ef07
163 c45f061140724f4e
164 181b20c13f4665d5
165 64813b3c2ebeb31c
166 85accbb239fe2903
167 d27f1c0e431abf4a
168 d0c9c8940dfa9cd1
169 96251a57fd59cec8
170 12b15bc893b5e54f
171 b2fa2472a9aba696
172 b2f1520a6d27ee7d
173 67cc6759216742c4
174 aa085f5b14e3704b
175 c4fe8f2cccc5e492
176 367cd73d5e376879
177 9b2a5c9f69344610
178 77408e091f3e01f7
179 37c509649db9443e
180 f9ee2ddb6ff691c5
181 33675fad5a89260c
182 9a6258f3096a97f3
183 2a8b69644adf0f3a
184 e0737b80c81a5dc1
185 648a57ce2c5769b8
186 1b70b63815a7153f
187 2408fd38c4ac6986
188 81869e1ebecf296d
189 4f6db557eb048eb4
190 d111f47eb8b11b7b
191 5d2d955dad05afc2
192 f90c4d2ccfdd50a9
193 b0f3ed3d7b341d40
194 702bfdd2abf7c727
195 1a1d7aeb516bce6e
196 eaf5e30a66831cf5
197 74912847bbf5c33c
198 7a8f530b73dc0623
199 fdf43fa554227a6a
200 8b57c191ab42d6f1
201 d1bf38fa7866c1e8
202 5a1d34e13645306f
203 968dbf7db49358b6
204 db1dadbcd4c1359d
205 fef918ad50c0a9e4
206 2e9270add554a86b
207 ccd66c918b8e3db2
208 73faa3df39016599
209 60a826a2a630d830
210 24c7be835603c717
211 4d90d5a0923b8f5e
212 5db711b22134fde5
213 b2ccbc13b3fd032c
214 926959211d7b7913
215 ea9279dac58e5b5a
216 67222a69ac69dce1
217 acd739b701a5a2d8
218 9b47c2e96dba315f
219 875468cfd17d52a6
220 c4cf01e7bf2c0e8d
221 a8004e43b28d8ad4
222 bf29ee16f849749b
223 d41742c775bfe8e2
224 534f94305601dec9
225 57e7cc6f25738460
226 35a04ac5cb93d247
227 033ac0751ede988e
228 3643fb4e5a57f415
229 f2f4d7744e0c0e5c
230 e31c25d293054643
231 c65769bbe0883f8a
232 cd956a0182cdb411
233 3e914abbb8119a08
234 08b501ba5b03298f
235 68b7ae3a77180fd6
236 282560a8aff1c7bd
237 d94373e22051a704
238 d00222afceb91b8b
239 3594ebc50125c9d2
240 14f9cd533025beb9
241 2c2e58c59b5f4350
242 2287df2086165937
243 effca735eb0de87e
244 5679d48628a6ff05
245 fda2d80ae5e6494c
246 c25a67366ec77233
247 74eea4761494587a
248 e8afd61ab0299501
249 8a8d202af8af67f8
250 576023c75adc2e7f
251 8e8243ab80d5bec6
252 cd4fafbef982a5ad
253 b144bd2629c46bf4
254 61137cc632f8e6bb
255 ceab4bd2d9e5e202
256 a8e2fb1f2453abe9
257 ecdc0450be8bac80
258 c0d2918812412567
259 8e24488aef374fae
260 4dcba5900e176635
261 77277ca95229157c
262 0358c40f783eed63
263 65f68c03b8eed1aa
264 be5421eb26196131
265 74a6be48a72be528
266 533593f4aa38a7af
267 bd84c6282f3066f6
268 13d9b7c9c2c450dd
269 c695bcc636083924
270 8521f5644f9ce0ab
271 bc95cd3ffe48a6f2
272 4756463c43e638d9
273 6b9d121cf9c65c70
274 c569f3ccb87ef857
275 7cb89ec210b9689e
276 5580a8c5a8f8d425
277 419fc5903d5c0e6c
278 78c27bcd20462146
279 beffbf5a1cf226b4
280 12e2e4cdde915b96
281 891d43ded984b12a
282 008425faabebcd5d
283 7dd04be9ef0b57a4
284 b26181d91be6bd2f
285 55a5f7dfbe172476
286 e8f91eabb4247979
287 0a6778a6acfed010
288 ef0fd8d82c6ffa4b
289 1ac81991657eaa92
290 5569e3cbab073bc5
291 9b9b888a85ace50c
292 0a5fb98776ba87f7
293 4111cceb67b90e3e
294 78d2d76a566c34c1
295 8f44400f37570eb8
296 6e507d69017461f3
297 9efda1aa6417d93a
298 885b3ff6e0bbe26d
299 16f08ef9ea46a8b4
300 1af16c91ea200f2f
301 aeee1e5fbb0aaa97
302 4e8ece9a1f577e68
303 3b6e890139818971
304 142cf6b29017d7ea
305 8e205af439ea08a3
306 a35bc75190d079d4
307 d6f330e11f9f8e18
308 a1439b3f6c74f9a8
309 59698c2a43d2c6b1
310 1f0bd1b1d62e1bc0
311 b556c7ce9a5d3b29
312 ec719a79a0f57c42
313 34c30a7cd67d6ffb
314 660da00b6caab0bc
315 a30f34d4692a9475
316 7132026c0b638cee
317 f76b08373ec0fba7
318 36c91d0d8cad9738
319 b3140f5800470741
320 2880aa7a3f50ffba
321 2e5a2958792e9073
322 4d02647e725af034
323 342a16e6beb5f7ed
324 113b56bc0b627906
325 65da2865162625bf
326 53bce32e6235ad90
327 29ebb798bb4c8ef9
328 1c69783e004eb812
329 bd7bdf20f04da0cb
330 2a3dce834734988c
331 46797075a8610445
332 b26ad6729bcee4be
333 dd2188c998dd7177
334 6675d7bb06362348
335 10bf798a3df67151
336 72f43ce0053bddca
337 a6b2ed5cac32aa83
338 1185dcd10ea71244
339 c718dbbcd4d77dfd
340 f1f9aeb4761f3b16
341 03702fc8361103cf
342 f992823dbf071ea0
343 e55ab0bf93b0a209
344 7d1e473eee34a822
345 ec25932cc6ea42db
346 71608e759d250b9c
347 842935f4d48a7755
348 52074f35cc0eb8ce
349 d1cc24138fde4f87
350 b75b55aee5880b98
351 dd0bacafb0de6ba1
352 febe12ea4698f01a
353 eedbaacc8d9064d3
354 7cd805beb5cab394
355 50d75cbe1e15054d
356 d13fcc6a09fb7e66
357 509db5509d46111f
358 8b2841f1e25bb2f0
359 d2567271a34e3059
360 4c5d9bcf0cf91b72
361 6f6681c58abbbe2b
362 d7ca12755dc9a5ec
363 87663cace53f1ea5
364 9b50a08d22f68c1e
365 d24933bc557baad7
366 765c90ce8e1e3ba8
367 5c94cfbd7d6bb5b1
368 65caee1b177f912a
369 74d30520625ad5e3
370 550cac267ac6d2a4
371 a23c0fa36987945d
372 5d6317d2472f9f76
373 5797be9ae4bab72f
374 ef74ec899214d200
375 ed74d935494cbf69
376 494594408fb21582
377 117f7f95ff01863b
378 deac7f499dfacbfc
379 0d22181b8b0f37b5
380 908b52e7dcd5f42e
381 89d4cfa8d1be0de7
382 16d482d9eab55f78
383 3a96fe5d66500e81
384 4f633073f0ba05fa
385 f8c424512c172fb3
386 231b89f7b83dee74
387 51394ad5e626762d
388 a15edf934cb4d246
389 15b655ec5516d2ff
390 0edc03d89b6634d0
391 4623bdf35c995e39
392 70f1bdf4e285ff52
393 ecb9937fc518050b
394 7ec5dc945f9052cc
395 e40c00cd612f6b85
396 9e59539e6512acfe
397 37ee26c9e2bd18b7
398 b3f67fb5b4df8988
399 65c3bf285480e391
400 ad8f462b20b4770a
401 7577ae798a4203c3
402 580d73ed81787d84
403 febd8abfb259993d
404 67f9b7a5cd498656
405 d9b112855842120f
406 299ae467eb1c7fe0
407 c3a45d763af6d049
408 0a4ca0076b153e62
409 1bd20c1f54dc981b
410 cbaa6f6d4deb72dc
411 edbb2a9064ceac95
412 caa0609d73b5660e
413 ab9d69243a91bac7
414 088c7d087c5cd4d8
415 21eee9eabac7f0e1
416 4eea799f781c6f5a
417 0839450b0454eb13
418 2431579afc230ed4
419 0983ad79d555ef8d
420 e3fae42ae574f7a6
421 50b366c39d02b55f
422 f62addf8e2551c30
423 343f5b368dbb8799
424 927e3cb06e4ba1b2
425 278ba1c130f2dc6b
426 f0b12d5c6ef6e42c
427 b61a1f7c0e66a1e5
428 0198d4beb395805e
429 96315a360ebe0c17
430 b71a14c2514f45e8
431 b6be0306602e3af1
432 c3a43337ef2a9c6a
433 fd87bbfb515e1a23
434 97dff489e7b14ee4
435 b95ea7c14a8dba9d
436 c1b792e72ee1bcb6
437 c2d1626e0364216f
438 ec60e68fca534f40
439 6aa338783407d4a9
440 6be9450d740bc3c2
441 047242993146fd7b
442 793faf4da7cf673c
443 3ecb34dc6073a1f5
444 ce4307cedb53536e
445 c806b6c4906b2b27
446 316a796d02d69db8
447 69b0b3776f138fc1
448 2650cf685cd7233a
449 2bc7b1f3e511fbf3
450 4851b59b052357b4
451 6a4bce98db8a5d6d
452 0662697fc8bd9e86
453 71454a9672222a3f
454 73cd541918f5aa10
455 370ac46809c09c79
456 bf5b3798c98b5692
457 a32f98a67f65844b
458 9562f343fcff1f0c
459 56c1d444fd8556c5
460 34980492dcbafb8b
461 537937d23bac16db
462 4340bd61139135f3
463 2561dfd44f092030
464 1a0d216226213ad1
465 7bd13d581a1cf8e8
466 ea5dbad20838b168
467 3dc8c93f95874b4f
468 8a98d80df62fc961
469 48e449c805e16988
470 c197ead1e0ef14e1
471 c3688c5f3f302233
472 773562173b740f4f
473 59e2d5e995496a0f
474 cf246be62de7a674
475 1c5de8c31939e65e
476 31f666c707d08aaf
477 39ca6fc0bc512bd4
478 84829b42fe9d2186
479 2bdbe51a109063c2
480 8d86441b1ade8c99
481 0822bd6392930aa3
482 226ffd4cf95aa496
483 2f6ad40f0ab0d3fb
484 9aad15cd7affe55a
485 f9a50420a49a401b
486 82f18a3613e3da4e
487 b4b11c46b55bf2a3
488 b2ba9e3f14a2b9d2
489 678fa6956bb19e23
490 7a8f72d71242a08e
491 76c377ce1d9fb04b
492 3713a70bb088afea
493 f6e635baa79a00eb
494 227f44504fb4f95e
495 6718d23fc127ca63
496 2798cd904d1431b2
497 7f5a8d1a25e7dd00
498 4517ff873f7b89da
499 20b214e5faf96534
500 d8e66afe2951069c
501 087a30c01bb2f93e
502 fd613e8c2eb90dfc
503 55bdacc4369a6504
504 e1581f67a340e746
505 58b7e2d63a68a284
506 7c1be771f69639d4
507 4808e8ecf2d78016
508 f4ebe22c866b3814
509 e78e2a75279dee3f
510 a0c9df095a06a388
511 717741bb26170ee8
512 1456cc88940fe871
513 4e9370af8f793568
514 6a04cb3064479b75
515 7f85e8bb4edd8c40
516 2d10e87ba0539dc9
517 d1521dc3ff358850
518 9c59ca955cfe3ac5
519 0b999a8ff1101888
520 09955796f2a843f1
521 be249f50bac99668
522 012f1f3f662d37b5
523 1efe64c8702a3470
524 03966dfff49d3a99
525 2906253042e99680
526 e10fc72e8e9cbb25
527 87a772ff73718ac8
528 1fb23928c9d18431
529 267d0559fcd5ff08
530 a8e710cbefca95f5
531 34d8fe9a3b51ac80
532 1848483fbcc62f09
533 d1af448cbf1e9c03
534 fc401f158d54029b
535 e59419c7723a60d4
536 09ff2f71736ee0bc
537 d4b221aa57bda4be
538 d530842c4126143c
539 f9cf8d7e12ebd1e4
540 44472299fdca5286
541 2f77a35bf1933554
542 ee2fa93748e0c8e4
543 76a0f883f6394736
544 31f53d49473d54b4
545 7da1a778610f46cf
546 6b3ea1d0b09fb0d8
547 c747db3878ecd688
548 1f29d2265034a5e1
549 4a9ef6bf78b3fc98
550 7a5dd7a6b6743665
551 3738c8b9dc2cc670
552 9cc6a551126a78c9
553 8b571eb41f3d5630
554 350d4cc90f345b65
555 fdb0ba88fc50b148
556 aec924712185d221
557 9d5fb5900e72f7d8
558 591e8b82ecad83c5
559 5e15b3df341f5e40
560 c23c38cd793a0899
561 7d999016605d8fc0
562 44a618d3918307c5
563 af4d84e3ad4b5e08
564 29377db1ccad0ae1
565 bdb9a5f3e8dbcfb8
566 d895d8e9a84f9565
567 8d543107deb5bdf0
568 f82167e5d81276a9
569 3c7d3b91af7bdb53
570 24259d18db342dab
571 c51323fc29bf9174
572 7a7b8d7bca55ce1c
573 a23946091320164e
574 75e6ad8415ef320c
575 bc20740aecb64254
576 8ada5fbbf3392c66
577 d4558315808798a4
578 3261dc497e4bd3b4
579 f7718434f99a1f26
580 9c1126c3291d70c4
581 4ee7194bdae35d2f
582 37b79e8992cc33f8
583 11e79a883627fbd8
584 e12e889560be8f01
585 400658f5a49a97d8
586 00bbda3ac696dfc5
587 cfc891d79b232db0
588 9e89cc5e404f3959
589 5dc16372e8e9d5c0
590 71b28fdf84f72655
591 fabbdf7e00d12858
592 fa1c5e52bc60f001
593 3d3701c18a2aa678
594 9f99398f2ae7faa5
595 36b37da2f398e040
596 5a0b6d40c5b58409
597 b0a12ea10dd7fd30
598 5eaaf3e303597295
599 6939fc6bd9d5d698
600 d72010a600fac4e1
601 ce0de885b93ff518
602 d9bd643f9128ce65
603 d4b49de95dbd9110
604 4766526382ba8d79
605 908930ac4680c1d3
606 f43609c2f2c3e9db
607 3958a805ccc05494
608 0d6cc0e52e89939c
609 2344130f5a193e07
610 ba9fe64e93989f28
611 c6e3d4a97309fc5a
612 81b8a0b42819d9b1
613 1a04ff6f286e9579
614 18ce31857725eeb7
615 73c6d41d7da1ef9e
616 e346c9d2d505664c
617 e4db19c1f3f7c8f6
618 d2ddf8875c166744
619 f34c1926dd6b5f7c
620 1ff6b7c6a4941d96
621 43285b57b04529b0
622 e9de33ffc8a5ede7
623 dc86270f1a583e5c
624 45bf06a85b1244cb
625 1eac253c938207e8
626 9b1121be5b2d676f
627 49cea3747789088c
628 11d109f7ce0b7ffb
629 986ce050bddaf2c0
630 3417a9f533dfa817
631 f8bf538f937ee50c
632 36fa1bf5d283d00b
633 f108826115b588f8
634 e00c81c335a014cf
635 c586469f6065327c
636 cc390a659e09f75b
637 9573c7e5e07928c0
638 a7b374b22e75fb67
639 3b41a97bcf1848bc
640 69c039d5fbd8e1eb
641 5951f58da3e1132b
642 3a82dcd023a7592d
643 d3f2c33a68812eec
644 ecbc3200fa9ca382
645 44cfc3b40e5a1a56
646 b3c0684048aa4ff6
647 31f9a9abfed32288
648 769fd50125d8c470
649 f6192bb4ac1cf020
650 e4118e304fc57b2a
651 1f7b790dd012b672
652 1c95aaf13fbfdd16
653 c4fd7f60dfba0027
654 020db4f7115e6892
655 7bdfc73b67e61ad4
656 1e5ad5dd076190f3
657 a8610d6a7d8f09a0
658 5ca68f48777270ff
659 a6e1d155fcbca0b4
660 e5ffdde38194e533
661 6c256096045ac558
662 c1b9f969c20011b7
663 0d994570bd113d34
664 5393ce1a32847fe3
665 28a4b2f7275c8280
666 eae464b2368d44df
667 fb0677d9daf77154
668 8d8f53e89e821803
669 d918fa06372cf6a8
670 21388286d5536747
671 4815eaadef8da9b4
672 ed09072c819f6413
673 7f9689b676c1e340
674 9e6b89e33f65f13f
675 a381417939200194
676 fd909aa532467e53
677 918e636fe656b1eb
678 02edc1dfb58bfdd5
679 198c9252d7a43134
680 3657418c3a184e8a
681 5efc4388a1b29306
682 ad536a22ac52fafe
683 9e65199835d99780
684 44619e6d48b7a308
685 3a40e968809d04c0
686 9842bbfb43cbd8c2
687 f5abdddb03367cda
688 2d1a8c70569cd12e
689 6a61707da4e8dc57
690 eea749b9f3538baa
691 e4646224c7532dbc
692 bca49b059b3bc54b
693 851da1f7a87cb4f0
694 4f7bdacd12d6b0a7
695 da9299a293256bcc
696 5ab9ae5620fccd0b
697 ca66206052498bf8
698 d2259c58b181863f
699 96d2c5da33a7b08c
700 5ed01ed73b3f48eb
701 9b22bb1b2058beb0
702 c7355886ca2cfbd7
703 1156d3f0bced047c
704 aa251cbc2d06d96b
705 48937c3cc1e27788
706 593bf0caf66d249f
707 21be959562fdf01c
708 820dd8039347076b
709 5f87f2ebbbb3abd0
710 a1939eb46717cf67
711 a3fd91ddc72abc4c
712 c0ad9cf356438b2b
713 1219a279f6c5c65b
714 7998d14d2c60615d
715 a38a1428d73a02ac
716 4c75f725a09d6432
717 f586ca1431199d26
718 209e5038c5094296
719 264f101184824ff8
720 0f2a336dfa3e80d0
721 165c71295b867210
722 b0195f6460fb7f9a
723 80b4dc7db50c56b2
724 16be20c7f8d9e966
725 f06b6896aa384e37
726 ebff90fb4629a312
727 a470c654e218bdc4
728 61d422817451c773
729 5d35b909e10a95b0
730 aa8e8c86e4033f2f
731 e01d2ee59a4c04f4
732 4808927e4e965c03
733 0d5344ea6a5c9fc8
734 4ba3c32ecd6d5277
735 4dece9cd239a6a64
736 090ae57de96c5503
737 843823118ad503d0
738 0431665d5b51c04f
739 a68561e8420287d4
740 e3d26cb09b5db293
741 275244c103597078
742 c2342345bd780f87
743 ca9c5068e0991184
744 96cffc8fdbd64613
745 b2b1cb27e594fbf0
746 24f001bcef45580f
747 0cb384c3962c2954
748 a5a151a4f66b36ba
749 a4caab58fa7790c2
750 81d525f91a93b5c2
751 4957e9389faeaf66
752 1a1247824ff0629e
753 cc682d7ec5537c1b
754 b4012970753b193d
755 75d9975e495bce81
756 41e1af6c02d1818d
757 cd5fafeb7d251f7e
758 499134fbed44cdfe
759 ddbe3a7203611768
760 ad43b45d88b1690d
761 4f73f00ae4746171
762 cf976cf7ece4e80d
763 33e948be6db67de1
764 5681322f517d4310
765 3f392d9cc1b12775
766 927192e3de518ec0
767 e5f3ea375315ed49
768 b31d82f8aac42210
769 22f12ee6555ec8c5
770 e94f64c9c39db1d0
771 f4a99649bfee0241
772 68f7c1bbfb420de0
773 1b04015dc3b486d5
774 5bd4e88768d6c9d0
775 62346b99fb5de6b9
776 46c724e203180ee0
777 7ce0d52a4720afe5
778 ea4cacd860d28fa0
779 c09ecf55112babc1
780 e15e5dd5a6934150
781 cd109ad268854a55
782 271f191b0cb381a0
783 5bcf76ce0d41a449
784 22aa9efe0da91a50
785 94d8356d70525bee
786 54b798f552ce14aa
787 94c909db2fd66c81
788 742b70793bf61ec1
789 23e427805039a33b
790 91f8b6bfde8aac59
791 14f89b3bb884081d
792 58632c8c2cd2929b
793 2e649fe2836a34dd
794 5aff0876312bf95d
795 61a49d760c0750c7
796 7a325d7a9c56b665
797 199c95d47a59e10a
798 62ccb5ff56c2b17d
799 2eb6c8da0854fb41
800 17c7b235533e5cec
801 22c033be7579496a
802 81011b3fbd4f3aa3
803 9d8e52c791e98279
804 6d400996883021a2
805 37c62a5627f2b954
806 f74297bca99d31fe
807 c0f10b98ed40414c
808 457093f3efae977a
809 cc60541fd0f91d54
810 8e0028ed437b69fe
811 c1898fc2a78e77fc
812 d9ff40df062d6632
813 812b41395b6e8c14
814 01775770f5b27b3e
815 65c9284d8a6c4b47
816 cb3be3c21c0296e2
817 723cdfbcf4ee9ecc
818 ad0d4ca427967072
819 b01d6a3ba064b155
820 edd30c3ba5655282
821 5b6e472538ee0edd
822 92c19492b572bc72
823 a4eee1e98332faa4
824 4aaf67d59670b387
825 285d3f571b8cc4c4
826 b0b19182eecf0c43
827 4eaef65feca2fe1c
828 262165eb1704de42
829 67f8468d25acf2db
830 822c064c826c2ef6
831 8eac03f2fa8592df
832 d90248583a29ff7b
833 57f9f2b4a743a9ba
834 116a4cd171c4e805
835 121065bbcbc1976c
836 fadfb1b974ad91cf
837 3acd9718f78da7ee
838 66ee4e0694b7fcd9
839 54d45b09c12849d0
840 a8c9067d54c1ebf3
841 80f563b2851e3b92
842 e58399b5a52b3e7d
843 0f57bd35ec9bc54d
844 cadbdcc0cea8c3c7
845 c3486851bf9e4d26
846 b7058663a668d9d1
847 5e67567f046a97c8
848 82fbc39ae9e4a38b
849 90d275d81949ad8a
850 338739989658c015
851 36f9ab53045d987c
852 b4ec06f57e40099f
853 55f276da08f2c77e
854 4ee488ea75b1a973
855 be31ecdbe99c13d1
856 24746bb7ebf1ff43
857 5db150687bf4b922
858 8de89e0a12da2b29
859 08e8a6da242f0712
860 3e4fa1b30c321977
861 4a00fdc38762bf50
862 b645758d4938cc47
863 f1669a771a39ed80
864 b23ee03f68b9d7e3
865 1e3ce13f4106529c
866 b935cab2ad71e4f0
867 422826b21d263f18
868 b1dc346d22af2dc6
869 8157685b9346ae5a
870 eba46a06801b320f
871 abb14a504ad00a3c
872 1f905ee29e9e7f80
873 329f2dd1f4a2789b
874 0405aec1f807c5c8
875 0c2df3ad73fb322e
876 a6f0d27c9fa49d27
877 434621f5e5492910
878 122a989402ac4931
879 db4ffab399f0f3be
880 b6cdac810db3de89
881 2c5bb94cec8d7db1
882 18c8808c2de1b06d
883 e1611c0199430ce5
884 eddac164db900b4e
885 d0646522ed09942f
886 4493a6709d07e2b0
887 332068a0b0e50c39
888 d29536c0012ceaf2
889 bf44eb42bd26e9ba
890 597f6565633e3f12
891 73af54cd67cb5368
892 108548fc7555050d
893 6e7da5479bd1b7cd
894 d51cfb179aa7916e
895 359a55c474cb880d
896 ff56fe1ddfe684bd
897 49bf15ecefd6e74f
898 d1c2edd187a0ed29
899 62fa5d23f9ba092b
900 f7ce504c5d703653
901 c809502ff6205577
902 5b9def0fee888024
903 bbdb92133a72d293
904 1c3f93b6a9c8d57b
905 df78b47afae3124b
906 49a4c33b58748bb9
907 0c76b19d08f44fbf
908 6876c3d199f3640e
909 5d505595a2ff7556
910 df753fa58a5d1e6f
911 1a1b806c35609670
912 3ba5a7517d4fd25f
913 5d816da6d1a6b856
914 6d7bf7afc5026c6e
915 e5550ca27c0cc825
916 9d32e9759c2e82e2
917 b05e992fcc279df8
918 e5c15a555c486159
919 013e30fe1c0b3324
920 3dc13b5e242357d4
921 0cd7996f238e8981
922 58dcba7820a23a0c
923 3ef9623fa188ae4c
924 842f7e29060c2a89
925 385ce3038ac19d1d
926 ec156bb757e40cd2
927 528cd6d8cd6ea5a0
928 26ea92af67963a7f
929 4a96ee24d205dd86
930 476143ff98d0b4af
931 9f0a1b320c1d8c6d
932 bebdb33f3c349110
933 3be81d81ed345bc5
934 4e46cd74d3c51295
935 5b34620302e891dc
936 680c28f1be7773e4
937 0d22e07bea86b450
938 8c498000339bb074
939 93eef2db91c2574f
940 a68339d4c911bba8
941 6ea01200dc09f3d5
942 c58f1f8f516348f5
943 eaac15e2b97a790b
944 a56ae613e8641bd9
945 f65692da89af1a1e
946 6f9f321bbcf16019
947 05ac62351b7ecf58
948 f9b72984b009549d
949 aaa8de1604b90748
950 f9c421e116b4a9c5
951 d2af3c30fe00d3ed
952 2a6ded454d00b598
953 307d369f09f958f7
954 0db48ad5eae72ba9
955 6927fe3b9944423e
956 87eed9294dd7987c
957 56508b507e158bda
958 c922a81859207f61
959 f3f323fa7e2bc80e
960 d1b5d0603b77bb7e
961 a5a2761d3d030243
962 2f9376e49009976f
963 aceb4346a3c0c37a
964 bdec7fcc1c39fe43
965 d143f31d212a242b
966 a7bcc4995833cc87
967 dc8d09b5842fce4c
968 63ff5a39a70b4fb2
969 1da7a5f7d7b157ba
970 45472a20b162ab5b
971 567a0ecff2545325
972 d71842cf246283b7
973 e76b8151d69fe458
974 3019091eecc00d2c
975 a7c6b1324f5b0eec
976 6406cc06e95aa501
977 6cf915a8494f16b1
978 e1a217f38d4a8414
979 47dfa6b2715b9649
980 14f2e28637200bf9
981 6bac5cfff146544b
982 197d0960d7a55c15
983 51e6214484324887
984 e412c8e5ac87f510
985 579b6ca0180b293b
986 fdb6a7aaa66b5270
987 98a406460df1ac27
988 8656d2efee0b5ddf
989 218adf4e529abd9f
990 da15aca6f1410f14
991 bb09a59557fc566c
992 6b4c888d5e0c0f40
993 04a552ab806cf688
994 46c931e1f3ff2d1c
995 a1322f05e7290c08
996 0efd6fcd48a2afcb
997 90b752923a0843c4
998 04e7d4f29cd3d51a
999 0ffd90afc18e0e99
1000 75b0ba59923b9c26
1001 2b79ef74aa74d844
1002 66623d3acb644a7f
1003 27cddec485db8fd8
1004 d54677cd436d18d2
1005 8e041069be9b12c8
1006 f771ac079f68e232
1007 36cd4b05fabd99b8
1008 5e836cb00fc68828
1009 7a93d4dc2b932fbd
1010 2d2ea81915ad833b
1011 358b9e05afd98534
1012 ecb04b1b0c696e3b
1013 bd2104f27ef155ef
1014 87696f008aa044d3
1015 7630df7b6fa000d1
1016 0ac139c462c8871c
1017 43a5489c467a0479
1018 6278d9d35e31e4c8
1019 0a3b5d19f23c5b18
1020 73aa30ad9fbf6550
1021 64bc3583f809f404
1022 42837ccbffb47b78
1023 40bb4528aff9779c
1024 ee7bf3c2bc35f502
1025 c8afeafa8320d260
1026 e611caa9d98c745e
1027 18382398492431cb
1028 da39eb8f3572f687
1029 f5386dbe9c279ec0
1030 5efcf173b6783914
1031 cbb4c62231015529
1032 e5578c08ba7aa2e4
1033 dd41cd7fd086b5a9
1034 5ca414f35a35cb41
1035 227faf201d0311b6
1036 555068777c1b3d91
1037 0d467125a548cbbe
1038 d35cc68f64421b73
1039 47e55f6839e09fa2
1040 653aa76faec84c00
1041 033a8298f8ef3fb9
1042 54abfb5fe7917f48
1043 1805379721122e5a
1044 acbbef1aab7df0ea
1045 3bec90e7a9b11eb7
1046 b4d3399bb95ff723
1047 2448eff5b672df56
1048 d40c97fcad0ba10f
1049 51c7049e2b2b34b7
1050 1a0a41abe97df273
1051 ca6cf38858ac9208
1052 4a399c40d4d8212b
1053 08c03377d7165ffe
1054 9500b2cab112252a
1055 5d1a41f4323be4fb
1056 becbd53c6efd4d7c
1057 47adaea7926e812b
1058 9d263515adfb1623
1059 2efc7e82dd30fe50
1060 1e5163100119a548
1061 f1795a4f7554fef8
1062 ea1c98d0fb693a75
1063 54ac31c00c7cce58
1064 a2c6b0f031b74a48
1065 3e8ffbb1fe8c3c60
1066 4e6ef38d5d9c198a
1067 6bcd0ffccb581e68
1068 ae0528b4403440db
1069 0df396c363470f87
1070 43d4fff6b4e6e323
1071 e522fccf76deae5b
1072 3b523b846c2350ac
1073 21dcee740e4efb4c
1074 97ccbcbe04052d80
1075 b5b8a267af33ae12
1076 5d4faec15364f974
1077 aac454cd2e905cdc
1078 0df427a7790584d0
1079 c4a2c97a327f3804
1080 187040a6cc61f857
1081 b2f90fbe2eb70518
1082 4a95a1295d8bef3e
1083 1c4026912be7de1d
1084 13a35135af1666b2
1085 c002ad7c2e2874a0
1086 47ffa931c685c91c
1087 9d5668cb04d5b13c
1088 b418ecd4d7d06a8c
1089 283e2c0fb9d64b99
1090 07e1e4afc56f8024
1091 0967755175de01e4
1092 37f8ad5031f49481
1093 7284fe5a7e51a3db
1094 35cbe11e9b784765
1095 1e83371af47f4a22
1096 9ba1fc0a98c48635
1097 64f3cfcc5b2d1b4b
1098 b8336a124d5cb5c8
1099 81406e2c1f4d391f
1100 1625b729f58c91bd
1101 bc2b898d892e861a
1102 feee1f0652990c3c
1103 ef69c3ee2363f54b
1104 85672dbedaa3cd98
1105 6e3fc39e9c98c2f8
1106 86ebcef96ec2ec4e
1107 e40bfded03f6f592
1108 b381ade4e3381a1b
1109 d4895827243e0989
1110 2e166717be596832
1111 32ff690a8e70aba9
1112 c8d38895ce97741b
1113 ddb1601bb8c2cbfc
1114 a8a547724072d950
1115 13d49c05a0f215fd
1116 e485782c80be69b0
1117 721219c99fa3edad
1118 e4c5cccbacef5cad
1119 3b1a7b5e114baa05
1120 c0ab10cee63e2630
1121 06942587f61b1a2f
1122 0ea8df3c16605751
1123 e5ee89ae5878d0c6
1124 3a63c1a9820bb404
1125 2774edc790dc2872
1126 1459e9104a9f8fb9
1127 71e85144d39925db
1128 ab79b44e22b2bb23
1129 c62176cd657366cb
1130 6343e6a7d7ccb15f
1131 78907ad406a41a92
1132 de13039af48618b3
1133 a72b8984542b50f3
1134 bf0653e62bbc3382
1135 639b31209c89726f
1136 ddcc7b1e7fe26ee5
1137 43512ea6b5406782
1138 eb355febe71dcf81
1139 ab6d4825993318ed
1140 30ef269abb7842a8
1141 2a054c366b0a5a9f
1142 921f24276558e1af
1143 b6c811d95552a63c
1144 5e86b94437882b54
1145 3ea8d50936f31c74
1146 2522fddeaeed6c31
1147 6939ac9dfc9733cc
1148 589c929681408dec
1149 387f7a45095f3444
1150 2d535656e698ce61
1151 fef396153f510e52
1152 7554c510cf33db68
1153 cbb833027825b8d3
1154 b2396eaceabab018
1155 caa3348d302ac6af
1156 46232f756532bd87
1157 0c14c7c74e89c367
1158 6182cce3d6f70353
1159 a846d0bc40d989a6
1160 a44c47c13c96c1f7
1161 ddaeb52033349b32
1162 864398110aad30e3
1163 3a78281b8d697b3c
1164 44b2d894adfb3463
1165 06f8c3e2ad81095a
1166 6659ed5cdcd4967a
1167 68ea285efe9e9131
1168 168fc536090a2886
1169 dfca6834ea28baec
1170 b5c85aa01ef48a35
1171 c5c7d5cc76121838
1172 025bc04115e77678
1173 f4eee84d3a91703d
1174 bf93582363d57868
1175 8bc335ff616a5d48
1176 9610671a730d2afd
1177 026524fd5daa4d57
1178 578e047f288a5311
1179 298f536e4a015386
1180 1a47941aa5bd0d71
1181 41bff0197465deff
1182 85539e3594c675db
1183 9efa1016edbe68b9
1184 29722065e5ea5b95
1185 f1ddde1fc5dc9201
1186 1c8f335e05faa570
1187 1fd26872e1dd02a0
1188 36af0bdd4e51d938
1189 06241a1247aee24b
1190 8e48b07b8234d820
1191 0e17c6d6047bff9b
1192 f58d912e91c1ccdc
1193 150178cdb6200ed1
1194 ec9edeff6c5d7f19
1195 a94bc1dbd90a3e27
1196 1d3677ca2569e6e5
1197 50cee1596e4c6352
1198 49cd415f3b3e071d
1199 17aa4af23b9c2dcc
1200 c4139f0784c685b9
1201 b4ad932e1311a95c
1202 e77ce6f3ff3cdbf4
1203 b1c81cc25f7f3a81
1204 0a468465f376b1f4
1205 9d5cbaac627898ab
1206 14ee27650272b54d
1207 e95526b38fd290aa
1208 5687e4b3e426f168
1209 bb2761b0bb7b028e
1210 e06dfd386129cbdd
1211 a46d0410e26f9b2f
1212 51984139bd45ae16
1213 4779043769ae9b1f
1214 b6297b004e274c23
1215 008746742961fc63
1216 a9947c34aa33b827
1217 fc4bb53d559e2e3f
1218 06962966e7ace43b
1219 53364478f5a3ac50
1220 99f2ca0d0f9c99b3
1221 ac3fb1154fc53c86
1222 dc2da4922860bcc2
1223 c4583e7888a3dc31
1224 df7fda9248ddfb64
1225 415213afef740c53
1226 1b92b3500ed343cb
1227 6d7111dad8a96aa0
1228 0978b7e7fd4372fd
1229 cd859b99a8dc92bd
1230 3e72405bc084bed0
1231 6fe08d0047f25b7d
1232 6f9f8995f631faad
1233 c4d36d3eb535adff
1234 17c525db4476c559
1235 d10b30a8aaf4df5b
1236 a9d9d0b58a258867
1237 89e07fe062677ae7
1238 51d26b17dcf04cd4
1239 6a2f9a144f4868e6
1240 6c44b0c808a3776e
1241 a4af1b408318df2e
1242 7a02d74cb9c7fa44
1243 ea107a44e2ffe7ea
1244 b3e58eec822ee78b
1245 97d7695a3bfbf6a6
1246 a4766858c68ac0ac
1247 8258f572fe78c201
1248 578caf5279718422
1249 57777614a86c62bd
1250 3ccdb94b3902526b
1251 15b588594b195cb8
1252 2ac392c632c09407
1253 601d1f8cc336a525
1254 18e640097bc724aa
1255 ea57119004dba2ae
1256 1b35eafcd8b143a6
1257 3119dfee716d20cb
1258 c02a5ac71cd6610e
1259 84a9838dacbac5c9
1260 cd15f0dcfea8c8c6
1261 10a9c40eea263719
1262 24e95a59c0dcbd47
1263 1f0f8b81aa885950
1264 c409f4aed808cd2f
1265 51b2effa16e3d8d6
1266 8ee0e4749fdbc53f
1267 5f4639832d585f7d
1268 c135c4f2fd230260
1269 befad108664182b5
1270 213b56f890fab9dd
1271 b4a4fafb19f962cc
1272 c3ea599c8095e905
1273 cf56ff53b74d9757
1274 2ef1a431f390f944
1275 f60e83489935297f
1276 36d63234a42418c2
1277 bbcf581a56aa068a
1278 8c3ef1ceabbe506a
1279 0f7422e46969e194
1280 44fa24b2b2085913
1281 b3f8032f283ae714
1282 7c77a93fef1cebd6
1283 a70c63ce059ee325
1284 eed2464f1fb4fd08
1285 a3276a76fffd58f5
1286 de922b4782d36c35
1287 25f58d94a86f9986
1288 c3886c077ce23825
1289 74002df5a631167a
1290 2fd3eaaf420184e1
1291 54dc56c15bfc150e
1292 d3f6186c0021d88c
1293 2defd2bb647c4ba5
1294 77564fa7adfa184c
1295 02fd07b336c7367e
1296 1533c19bac2a122e
1297 77f4e099e1e348b3
1298 67bcbbb646ed01bf
1299 5ef4f8f8902be1aa
1300 f0712a1c3e598113
1301 ca39d2546221bbdb
1302 503c5888acc04177
1303 9e65e3337add1bdc
1304 7d2ca8698824b86d
1305 06bf84da6580c36a
1306 fd0febf770f7a5ab
1307 635aa6f0eaf1ca75
1308 5bf8110e712b3a47
1309 46e1e5bc9ecf0fe7
1310 1a77c7655a4e481c
1311 33218e0295057779
1312 d98454625584726c
1313 0b252a1fd230dbe1
1314 cd1c47a41d197684
1315 5d99f9b32b729079
1316 75e9fdfc513102e9
1317 93ecfb97a7a76422
1318 f7c6d47a4fa48ca7
1319 251766ef758666b5
1320 187d2b8958283d4f
1321 9f1fcf30fc017c5e
1322 53a8bffbcda8f71f
1323 9820325fc9601115
1324 213cdf8769877b21
1325 fcc99b866ee75c00
1326 43029ecc88e865e4
1327 3ae408477b4cbc84
1328 1a86fa67f19ed7b0
1329 b6b486f80f9f2b18
1330 d66d867540bd942e
1331 7fa342bad57b3bb8
1332 294c9d8e650594fb
1333 7dea78fee5f03174
1334 2d4b8a6b706b8aca
1335 d4a7006613452989
1336 23be905d5e1064d6
1337 6cfc4fb970b939f4
1338 b4f9b9e10397b5cf
1339 e80287b8c4ae42aa
1340 fa10b0dab74e14c2
1341 1252dd753e92abef
1342 7866dd87c72e65e1
1343 fd6c77cae4fe2dc0
1344 e5f965399c62bb15
1345 1da97d3b4ddc928f
1346 9f562ad41c9f5c69
1347 59c6e815c36f32fe
1348 42214b5c13014ee9
1349 a07e3cf74ad758b7
1350 b983f35264553ecc
1351 9b1b7895126e723b
1352 54f5d0a6cc7f90b9
1353 a1e55af0fcbc9769
1354 40b4a25c091e9140
1355 70ebdd190827cb50
1356 ddb4ea3121f581b4
1357 1a74d56689acccf4
1358 13d23d1db05d2caa
1359 e5bef89a74930231
1360 0e9fdc7ca350ccbf
1361 3f1c55c200604ded
1362 56e96bedc500ba2e
1363 891228b3e71e9d65
1364 c5b16514bad2ebf7
1365 b7936268e56fd6d0
1366 35fd93d58b41bf84
1367 81a3113aa0216f59
1368 39bdc5333f329c14
1369 28e724eaebd0efd9
1370 1f1c1959c9c261f1
1371 88d6029ce2a7f3bd
1372 842dd84c236fc2c1
1373 1eb2fd6c44681f6e
1374 08678f3356d3f42d
1375 9ea41be0d3c270df
1376 1044104cae70b9dd
1377 27618e4b3f1f4826
1378 de55fc6e6746bc55
1379 46d3e94184fff6a7
1380 833e81f562ac62df
1381 dd2a064b017d0ee7
1382 3d9a048e866b998b
1383 154b5d25278f2206
1384 9feabd25a5550bd7
1385 3cda4a7d82f28967
1386 6d0974fd31e1ecae
1387 21748144c02fa7a3
1388 1bb02fb846f0e459
1389 19ff72f1eceeaaee
1390 891618925dc87bb5
1391 3bacfd1813de87d9
1392 e1565ff188cdf72c
1393 60ffd7efcd57c6bb
1394 4273bf6bd54edc33
1395 1dbfa10a07c72020
1396 48e9241cd3e93ff8
1397 20cf3b86b34e4528
1398 49a714dee6ce5a43
1399 99da4bb98d8f4bc8
1400 a9c78feed7a13af8
1401 8fb4a6b542144c03
1402 70c925f3d72d1cba
1403 9e85f7483fec6998
1404 edd4f48e2d8d8c2b
1405 9ed7248e0f334317
1406 15a2bae7f2d62a60
1407 5bafa137983ea046
1408 1e24e5eb88494ebe
1409 6d95e013c0b4e7fe
1410 a84e72d9cdd7c670
1411 c781cbf619aeb4ba
1412 65dd6161a3d2308b
1413 155dd6d461c80f4e
1414 dc5ed433c89304a7
1415 74294bbc0ce0cb68
1416 0333a054ddad34e7
1417 8adff9819a6dc1ee
1418 e14ab8eb63e7bd96
1419 b7f8727a9d45f24d
1420 90572242f0b7004a
1421 f53bee1dfa3ea2d0
1422 f0855472536f06d1
1423 459ed96892d4672c
1424 f45c3ad6970accfc
1425 e1c4111157e0c669
1426 d5d92029966e9c54
1427 880eac5490b86194
1428 def5f89a02b8d051
1429 9104b7228676dd8b
1430 69f4467747e59355
1431 f12420ad6c3187b2
1432 584789c08c607165
1433 bd05b23c2653c37b
1434 854551b838050d58
1435 7bb6f005e41b2441
1436 99fb4659174d390d
1437 f902092deb1bcb3d
1438 7ba96a00f8b17aec
1439 257cbfb492686af4
1440 754628aed35355ed
1441 734758b1512969e8
1442 64fd7d7d19c1f00c
1443 a2689e430f18d1a7
1444 ef6f0411d9335d40
1445 c9a791c7eaed72e3
1446 c05e888a4d40fced
1447 0c395b48ab918c43
1448 d51e56f7a4199c11
1449 df5308fb63f752b6
1450 b70ad936642b3b61
1451 a4be116fef939480
1452 622f3767907f8ce5
1453 8792531738625630
1454 617dd8400bf56730
1455 ab5722d319531755
1456 fe60e081a8e158a0
1457 948b440411b3aedf
1458 e2b244e8cd69215c
1459 97c40a228f08ecbb
1460 52358b3a39b5e1b9
1461 7829fd39e0dd4b4f
1462 7360b1175d8ce954
1463 19fdd4ddd5823146
1464 731777f20d7feb3e
1465 07e23a06d1d2a966
1466 f8ec54d3c7b932e2
1467 b3cc377d323bea8f
1468 8df5861a565e7d9e
1469 e760b948bae7886e
1470 c2dc1525f6c8797f
1471 2d972fd24ca8b9a6
1472 e613eea977c4156e
1473 66837557d3fd3cc3
1474 7dcf61564a08c72a
1475 3f0656f285a72f54
1476 315100f0c41e5ab9
1477 2fbf0bf8d544b06f
1478 a3a4398c98616c6e
1479 3046668573de3334
1480 56512da07e86f519
1481 79d332564b0507e9
1482 620e3c25931b0a5c
1483 7c19cba11ee1c3e1
1484 97bbbf49170e35d1
1485 3c1ff0021983a113
1486 0310b39cf48fcbfd
1487 480546a148dc8e2f
1488 a69135f71f0cf7d3
1489 104758f881fa1703
1490 dff1d106b8613f88
1491 958e49243357e63f
1492 abd653a9044c1cf7
1493 30584f2b7514bbd7
1494 27c79d9b1e807ae3
1495 89a6bd328f77e996
1496 5207f123aed23967
1497 ba4d9d2b26594782
1498 ab768b0e79502313
1499 d10fb1eb0b76202c
1500 92dc72669ae4f453
1501 ca49371bf45fe88a
1502 71e875a94f11614a
1503 797af2a2e84f5029
1504 b1b9ad763eabb393
1505 1feffbcf53834a91
1506 bf8e39fa7887f946
1507 0c818077004c8112
1508 0139561c37c8a5da
1509 7605e24fceada1d7
1510 2222e2c489ed4c5a
1511 ce38b214ffea33fd
1512 afdebde64d2f17e2
1513 e93ccdbd25823e1d
1514 f83c4d2744052b1b
1515 115d647158ae71ac
1516 db8b3fc41cb41f03
1517 9180960ef5cd6a47
1518 d2c4ec326f9f562b
1519 1ccaade6352a0709
1520 5ce3b692f79d36d4
1521 952e84ca75d417f1
1522 763b49432adb5db1
1523 5986d6ccb30c9470
1524 6755c284276a74a8
1525 70c6370b624c49fb
1526 d2b1ffc2ad4c9330
1527 f71d71d6dbba04cb
1528 da057cb1892722d6
1529 40cdfcac3f762f04
1530 421e7e45366adce9
1531 69093757aeba00b7
1532 4f8c6fb1ab330eb5
1533 d795713690e7f302
1534 52da8a8c1f3b984d
1535 78dff603c864bf7c
1536 11fc4f65315f54cc
1537 709d7f826c49c1c1
1538 9859fffe72b12839
1539 9891ea427d7c61ae
1540 4a9282e00841bcc9
1541 e6e3224064cd2c16
1542 a59cdf21a341c3a5
1543 15b144e64538cefa
1544 438d6498e9295838
1545 89c6e2c7573c21f5
1546 422f9be564df3380
1547 816fb0672f9e5032
1548 f068213c66037452
1549 661b2b628b05590f
1550 fe76f0f7dc0fbb6b
1551 4d89e9e1d197be9e
1552 0b3ae3466e44f2b7
1553 0b3f909f23c20daf
1554 60a80f07a8f946ab
1555 04ab247a1d001f20
1556 9e5347db50414343
1557 293f053fafc44376
1558 a31218a2476e0552
1559 8df9c082edac5b73
1560 4d4501e5e0f0f214
1561 568e6fc7d00e4523
1562 a78e918d5bdc399b
1563 91fdd897ebb20fd0
1564 27d9b45b445a33ad
1565 6b7a192791bbeaed
1566 31147bea499fc000
1567 9cefba385f5bdc20
1568 66e2b96a667ee2dd
1569 c9c486cdd7b3e3a6
1570 fbcd26860e85548b
1571 3d5f1d7f258413f9
1572 9c4eee65710a96d3
1573 f50d3c4403b290df
1574 76987d1d645b070b
1575 56e7a30e7b9a4a81
1576 f527570b35fd798c
1577 2affae0b82754814
1578 faae5015aa8512f8
1579 9c0b6d2a12373fe7
1580 cab1268517b04c3c
1581 f6cd2c40427ac814
1582 1b24ba60ee2fc201
1583 58bcf6731eece9cc
1584 66e1c624e08ab81f
1585 7e8da4586a4d1b90
1586 b43a3bbefda234f6
1587 10b56a28af9840c5
1588 6c3983e8c465c8aa
1589 a905478f5d91ee98
1590 860438a2389d091b
1591 1557fc9dfe0b235e
1592 9920746714137596
1593 48c5afd1445c6efb
1594 787c3612d72fc87e
1595 cd1247646c656b4e
1596 470b6f4b54a38d16
1597 99a92e53a33fe869
1598 ed59850766e7e5b8
1599 91a8fb5ddb0546b2
1600 215a654a91ae8abd
1601 3fb7406e2fe6df13
1602 e45ff3abc10ca2b0
1603 579a95afde33d287
1604 bd5c5d5a764f6a15
1605 18889c3cae8f4652
1606 39e7627f99d308a4
1607 1b7a0f921eeea644
1608 ca7a5d450d5595f0
1609 72dd66a198ec7d90
1610 821910dd92ac92b4
1611 90dbf83368c56e4d
1612 c35dbf2860e34b43
1613 31bf63625b3b8451
1614 6d6358438548733a
1615 2da50d57a196d1ff
1616 f16617da410cbac3
1617 87faa555d1b44fe4
1618 40cadd2184f47806
1619 5097373217c66615
1620 0ba0ee9d785131b8
1621 a3686e91b03d4325
1622 4d36e47bca8745e5
1623 b88d3b9525fbb762
1624 9d0a9046c4a6b455
1625 3318a021e484b92a
1626 85df1e29a2456451
1627 67516b858a4e8d3e
1628 8a28d5092dc8777c
1629 8609eb7a9886aa31
1630 168cdd8fc00a78bc
1631 4bf679a00b19d0e3
1632 298a0d1d3ab4f9ab
1633 4a17ce8608ea8463
1634 b5f779a6cf7cd137
1635 2984b25794c7a31a
1636 e5d0787584108beb
1637 1a743f0bd934d94b
1638 5158f3b928ef208a
1639 e34376a4e242ed77
1640 9f98162ec8e056fd
1641 570960e5a7cdb95a
1642 e83bc54074e7b7d9
1643 eb0b0cf415f90545
1644 7a28367da8563fe0
1645 cc73a7bf38325437
1646 2e06c50891f5ea07
1647 8aab4a3f852272c9
1648 ef0ef7abfc52aa5c
1649 ac65a1e0de1bcd51
1650 8bd3931b4ae51f34
1651 cd02b8d33141f569
1652 85936af895949a19
1653 9d4b6eaf75f39e32
1654 53f24d9866328617
1655 28431c131e2c94e5
1656 12370431db36161f
1657 c203bfacb9e304f3
1658 4cf7f388824aa58f
1659 dbed9bc1c10277e5
1660 29773220f3af62c8
1661 46f14c4ab274c830
1662 753cd54f935b1b5b
1663 729a22085411bfae
1664 7a9501867d3fa14f
1665 d44b293a68c5af2a
1666 173c07e3a341abdb
1667 f2fac0ae4745aaf4
1668 137bacad1a3c24cb
1669 a5c096a85b652852
1670 2e8646bf8dd0c6a2
1671 2c0a78c63d21e439
1672 bfea33d9f04189ee
1673 35aa54b342f613e4
1674 f989e023d6c47a6d
1675 5034d1c29a6075e0
1676 729779be4536a800
1677 5756e0aeaa7fc525
1678 2efc0fcc99e82810
1679 0d0a176355e18130
1680 cdfa18c8d08de1e5
1681 40338caf60313b3f
1682 54a9552344fda199
1683 366343230bd05ace
1684 764b8de2c15a9919
1685 bf4468069824b627
1686 dd03d3647e96c71c
1687 f0da62bf704aecab
1688 f1fc0dae26095e89
1689 51b62c9be48988be
1690 d23bcc37db543f70
1691 79f3b6d4fa7f9c00
1692 abbf0eea0a35aa04
1693 f09690e0477047c4
1694 89dc03fb18175678
1695 4870457ea0d03972
1696 d5bd01986a6b26ed
1697 af923a59b14a07e5
1698 6b2cdea3538abb71
1699 c1108974ffc796ff
1700 1eaa5518d3a7f448
1701 e7c79bf6f883be47
1702 d63de2a818bbe7c4
1703 b9db779c6a620af8
1704 481b64b2eb4a6ca9
1705 5dca578ede270654
1706 3ce8bb6fd4bed809
1707 da63ee11fadd0147
1708 8267364ffbad4766
1709 1981538dc4b0e3e1
1710 dbf2ddff1a42d093
1711 dd608fe6740a3c73
1712 36553014dab84154
1713 1c02bc92d2161626
1714 a8c4592980b1a525
1715 7f4414ab42e792dc
1716 9312baaa54828b21
1717 9296c3cf6d1edc36
1718 4b79699d6f19c6b7
1719 097db5d685944461
1720 a72998a2cc4f2768
1721 f97517f456e751da
1722 1040ecb55b7d78c6
1723 17e78f6b73c5380d
1724 258044c71719f61c
1725 2c5900f0c8b3b2cc
1726 e1a9b496bf7bb177
1727 6f5801eba75bac30
1728 169eaa449fe20f02
1729 bf148cef2a6e33ff
1730 9837ee07818674fd
1731 a0a190168dd8cc10
1732 73920689925138e1
1733 79dfc280b2de6aa9
1734 fb80671a94d3c885
1735 c25d4a9cbdf6394a
1736 5e224c8afddb236e
1737 5d216691747d3428
1738 b209532f05796471
1739 2de1564f2af4a2a6
1740 ca1520ea87250310
1741 e4f94c2d341c593c
1742 458e04463c26dff1
1743 d130f8eb308341dd
1744 1f9e956e6b58f622
1745 19ee34b72e8aada3
1746 8877ec7bd714ceaa
1747 645eb683d18ef90b
1748 fee6098beec83373
1749 a121f5d4854a141d
1750 b52e1fb76e13fc95
1751 fb2c576b783d134c
1752 668b08ec2785940f
1753 54ac04a7f674e0aa
1754 60529e2b17669017
1755 3975a9717932d7b7
1756 4cf7422bc265b368
1757 35e22a564945f61f
1758 152ef16773f9ec69
1759 17b0a6ab47891318
1760 b6ea65912366bcdf
1761 840d07e06b6e39e4
1762 5252844f92fb27da
1763 c7e20b6d14927b9f
1764 2f5f7263d3e5ef4f
1765 063781ca1df6f4f8
1766 7deb688223383bb8
1767 ed074eeca61b5cee
1768 5c7a830d8973369b
1769 b8cae15398e245d4
1770 0942f045c8cc0986
1771 24da284e91a05fc2
1772 514b7d7349ea3053
1773 c9d3fcc8cabe1b67
1774 170f43647e010561
1775 b391404f27f065b0
1776 a60117a936405a50
1777 194d1f640a683034
1778 bee13487bc6ba7a3
1779 e458675a956dcb8d
1780 385b8de49084b9fc
1781 27e0f0af5dda29f6
1782 e881584bb2291592
1783 5d46eefcdb168401
1784 ba98b99ad8a636f0
1785 d3567cba4f24c760
1786 e2b739b46ec29c73
1787 d0b22ca05e482bac
1788 7929d6acc8b9ce26
1789 1a922d2c370faa17
1790 5a66f313b770918c
1791 284aa5859b5c1867
1792 1eb1749391d2cf70
1793 a2a2caf0799017dd
1794 326c25f86818a849
1795 610e86b9490370de
1796 8d8863d4348cfd71
1797 125aeef513af6087
1798 05cbf95cfad908e0
1799 de29b58e0882cc67
1800 417870c816de1e31
1801 24ca5bbc9d81f678
1802 d1f8987264bba66d
1803 dbc45b117082dd31
1804 dc69f4026343f21b
1805 f17623fb5d03db0a
1806 310af135d1e887cb
1807 aeebd27c00b1d0d7
1808 7b67ae43cdafe90c
1809 9eef2165c9799f12
1810 944ca7d84e28398f
1811 b650378d61ae2b55
1812 850b918ab865bf45
1813 2a6706833ad794ee
1814 78d99a23934fb3eb
1815 6a6f555f1ecf82bb
1816 b0647eaf1f40d499
1817 0f7f2063b1f8ca0e
1818 26debd03b9b8e9d0
1819 c5f7b2ea95808741
1820 311758625878c4c6
1821 0325a50f7a50f67d
1822 6960c6653dea5dd3
1823 1e1ad15c6190cd06
1824 e6bf182990588e26
1825 aa46fba568ec01e1
1826 6d29e15a978db181
1827 2ab6aeb809105e97
1828 85bdd2f625d09f52
1829 2839f632cf06380d
1830 5996ddea21930027
1831 26cc492c8018f603
1832 f7840c2426a0c782
1833 95bd7e79b2b06a76
1834 591aed12ae279f20
1835 66ae8a281e63f3f1
1836 3c571811f174496c
1837 0aa1ecd442d28ded
1838 ab5f4d39f0ba7622
1839 ad62f62dfe22ab6c
1840 14119b597a0b148d
1841 08135e9f265f7627
1842 ed6753a632bbe76b
1843 ee78e689f7c65a48
1844 fb880bce3fdee529
1845 5500693066f30919
1846 a9a0ee0bbc97234a
1847 69d8d515f884f415
1848 2700f11a0c009e71
1849 243dfb0bab9050eb
1850 9b5f33d8eb8e5b30
1851 4f3d83a891c9c2b3
1852 f028ba612179f7f1
1853 c0350de0e67be56c
1854 abd3dee03caadf00
1855 f830b40428a28ddf
1856 2b3a387b7e871e66
1857 0bda605cdb6b2be0
1858 11239934fdec17c9
1859 ce428a83470fe5fe
1860 f250d0f0fce1e8c8
1861 68063b2982fb4614
1862 4344a43cdd674369
1863 a6e5a44aa4ce95f5
1864 a1ba55d92f20df1a
1865 be2aa8205d83ae9b
1866 599098f1c9abbb22
1867 609417b7d99ac803
1868 750d1f387023cb50
1869 cd9ca7056a750e06
1870 e416051519a7c52d
1871 5fe512c7c8bc9ce4
1872 13f52bcf2aaf949a
1873 d772b7afeb0dc222
1874 bc40c507dde77c4f
1875 16abeff65bce334f
1876 5e260e7488a289a0
1877 11ab0ab0d1ae0317
1878 b0738eaeb4d881a4
1879 65a5e812752f6605
1880 a567384e5521617a
1881 978bf21246520ca9
1882 8947447b0bbbbf72
1883 d3389450068a8957
1884 86d4b6738850d5c7
1885 508d15e2034bc6b0
1886 e5c62c6953e6bef0
1887 6381e04ff051dbfb
1888 cdd9b301be117eb3
1889 deb0840cc861f9ec
1890 57b07ce5019a44be
1891 600d32a10f13961a
1892 7d000d5b87039f8b
1893 ae4fe5d0481c6c7f
1894 dc50d6ce10e5b5e9
1895 188aeb89ced5b758
1896 bce9a4b6f80f3513
1897 2ed8956edc5334ec
1898 c898cc32da4c7c06
1899 9cb5029cc56b7be0
1900 c2da732529edc17c
1901 b69e25a863ea9076
1902 05316094014ebad2
1903 ff101a71522f1259
1904 1dc0194d18cdc368
1905 57307ec33a48ae58
1906 4b1f6ecf408dd02b
1907 4f3cee15a480df24
1908 4389561a1117a33e
1909 9439fcf17cb80c4f
1910 cb3b8e3c8b614ea4
1911 a8c72ae0eb8b6ddf
1912 a7582a60f619259d
1913 84fa36d93b68ef95
1914 ea4c7b64f468b921
1915 7e9382548ae0f736
1916 03ae2d04c5ac67e2
1917 b06a7567b4e2298c
1918 f2a8b3086cb99550
1919 a7ef9947090b757f
1920 91fee51fc8063faa
1921 0a0aa8507c0e6768
1922 f2bfe0ddaae6ba1d
1923 18934d54463e1661
1924 90c869c4318210eb
1925 7a083b437d6085da
1926 3eb7d9f890b40a26
1927 9c569d92e3112a97
1928 6a5a2f60d89ed6cc
1929 ba64cddb94cbdfd2
1930 80be8a8f63186a4f
1931 a7a7ea5ba52bc515
1932 c86f161f3a3ca905
1933 7a67589e3c4175ae
1934 283f8ba683a7f73b
1935 a8b3c618a1c73f8b
1936 156e3634a7ac1ea9
1937 ec65f8ceb3afbb5e
1938 9fb00df6ac1a4520
1939 f6f04a6b0d814051
1940 3894119b5f673bb5
1941 4d9d51a16b90572e
1942 75df5a1e7e000393
1943 9037a72f5230bbdd
1944 e2d2c77a9ff458be
1945 27dbe3699b8dd4ec
1946 0058f279ccc817b4
1947 9cd27647b9bc1bba
1948 b666407a19108d52
1949 39e9fa23af71f60d
1950 d25a4fb6ffff96f7
1951 c7c290d176394193
1952 1e0525b9959f0c12
1953 462a47c28a0036c6
1954 c28689b4cc206410
1955 02983a279bb92c21
1956 b74d6519a8e37b9c
1957 fc7d0da50f35c59d
1958 830b0c662239b262
1959 082f59cf6c4fd8ac
1960 3811f7f234e6f6cd
1961 3cac4728942bbd67
1962 1512869e7ebc3aab
1963 7d5e9b38ca9b9c88
1964 eda5f48e54eb2e69
1965 ae517008bce81a59
1966 79d66304dede37aa
1967 8599f15ae63b5823
1968 91fe9955af5b3927
1969 0d859c320963c997
1970 faf8f68b815ff8a4
1971 f2606b18da5867df
1972 cc38a8512d96b2a8
1973 dcf4705bab4f7d95
1974 aba792848ab890d9
1975 eb249ee5678cfeee
1976 08d98bf9b2dab45a
1977 fdaff0c4dab80a04
1978 21b3ceded9c2e4b0
1979 a5ceeb4796ac8137
1980 59f7794ec63a7d81
1981 5c25c892c1cfd82d
1982 9ed7f359391ebef0
1983 1ec8b303672b512c
1984 7ba04482c173f093
1985 f62b98c4ebcfa862
1986 1aefba5a2416385b
1987 d140da076ebedbfa
1988 b488e65a85c5187a
1989 936181d6d79b0a84
1990 3fdd931940036654
1991 2baa6e4756f2b2a5
1992 e616efe5ef7116ae
1993 33e5607adcabf9bb
1994 19e98d60de6c9d66
1995 863969901198c4a6
1996 caa716b76bba0d61
1997 81cf3a0cdd4e2c16
1998 90feae2b84575550
1999 f1b8f0682e6a015c
2000 2ea7cc9ba79c1263
2001 96d121f055f45070
2002 63afaea4ecb6c8cb
2003 fc12bf6ac5cc3a8e
2004 10d98cc08c005d8e
2005 b3b9f876a37a1269
2006 0fc2c3889ae87b99
2007 839088996000744f
2008 b5bcbfb17b0f456a
2009 3abc73e4bddd70c5
2010 420d23fec68fef77
2011 7e6863d4bbef3413
2012 5383b2f74c2ffb92
2013 925faf97d9b77e46
2014 93969359464710d6
2015 a049e5658c028d00
2016 bd67c8ff8b62282d
2017 0fc3fad8faad516a
2018 d33a6753252f4dfe
2019 eddb6494c87eae5d
2020 0f51eed061ed288c
2021 7a4847f44fc25f06
2022 639293779c0b7de2
2023 d75eee36893a8291
2024 f8ca363e119a3a40
2025 c5eb5208f22743b0
2026 67f297c83cd43dc3
2027 eca23408499b1c3c
2028 b9800a219884b336
2029 ea57c3ca1f5ce7a7
2030 225277d7c527b81c
2031 b52b04b29c622377
2032 ef3b0c0020af1740
2033 44c54c78a0d1f5ed
2034 cd8efef15657ef59
2035 be33655b8c909d6e
2036 3f1f7cf7aa7ef6da
2037 f218c2c73d644b84
2038 de1fe5ab092ff5c8
2039 8dd2c19f0c1da22f
2040 f74ae6db416e4d99
2041 e39d42e6af254ead
2042 1d8acb742a076cbd
2043 5aacc87da99c2101
2044 c1f6cbf0a51c5bf3
2045 c8377186f992dc32
2046 806ef92cbb959323
2047 61bf4df44fa7257a
2048 40ff4a88ef3d4d1c
2049 104db8331472bf22
2050 95d28cd3f188289f
2051 b19eb8ea894c2725
2052 f8837d4005f00395
2053 0cf17718088231fe
2054 f190fcb17888bc7b
2055 7944c679541c4bcb
2056 8b79da19976272e9
2057 b6f8035a15d09c9e
2058 2ad9270922aee960
2059 b9a5ba132be75f91
2060 d8e4c55ddd7b1b16
2061 dd82484cb284f38d
2062 0ddecf7c7e5b2bc3
2063 592d17de9b197ed6
2064 a2431fca7dc62aad
2065 586817a8a20a671c
2066 cc49208d209569a4
2067 cec51fe147d290ea
2068 01f7a6c2f012e6e2
2069 f79661a990e83988
2070 33dda15e8fc9aaaa
2071 620dae7d958dd0de
2072 881a822889d4fd5f
2073 5c3feefd0bbc02bb
2074 2fd61b13fb30a030
2075 13b74bca768ff041
2076 5cdb2a20b83db7bc
2077 324f000d746a313d
2078 7d89d4da7753f6b2
2079 61eb3e9dc324923c
2080 8a7b32083c08ffdd
2081 24f45e581f71b3f7
2082 95062cae343d54bb
2083 4efd9a5cc81ece18
2084 eb6b6851d16753f9
2085 cadda49b8a0cb6a9
2086 62a6edec8845531a
2087 529ec4aefbf801e5
2088 20c7fbb1317639e1
2089 75d0eae543f18b3b
2090 c90f60a263f4c080
2091 23b4ee944845e883
2092 01dbe20842f36201
2093 0f9d14534fcb247c
2094 d9303d85974e1c10
2095 0e513708792a50bc
2096 0be306771fddd84b
2097 3706f8d4e7058b65
2098 610ec7c6e0b8b219
2099 7dec38dbf65b9d4e
2100 bc859874432fc518
2101 1f3d1ac5373f33a4
2102 17fbb5c537971739
2103 bb46b480b87bf085
2104 4d95579455437aaa
2105 42f1aa059d3e8f6b
2106 695552f86d533272
2107 031367b98c81cbd3
2108 80ebd781e5d71c20
2109 6325713a50cee6d6
2110 42a3bf6214f5b416
2111 87f2b9f4e4885694
2112 38752b7d21cd3c14
2113 2358033e44656aea
2114 c254412c3daac357
2115 81dbd3cbbd1603f7
2116 120b96eacef66b08
2117 3be9cb7c30d820bf
2118 8facfe5135d8145c
2119 b8d1b507f66e04dd
2120 fefbb97d563d4492
2121 fcdde3131b03d181
2122 65718ae1eccb006a
2123 7f1ea5afc7227e2f
2124 5f1a53bdaaa3265f
2125 8d85ee066c9af088
2126 925de9850e28a358
2127 25c1649e6ab7ac0e
2128 c1a6d5f30344ad3b
2129 755fd1a01bb84ef4
2130 a7ac7054f13da426
2131 f23a467a91840a62
2132 25d7cd5c849d15f3
2133 19d06d10d1097384
2134 598b607cfc75c232
2135 e320876f51d67f98
2136 d2df74afb6836c65
2137 04f7ee9071cd5c21
2138 54bc49621dc4469e
2139 eba406350e61cd38
2140 a43872ff7054bb0c
2141 0af699893f94ba86
2142 d4a7ccf7968ca972
2143 25ee264f6799e6e1
2144 dc2c6855862cf050
2145 3157954e26f7dcc0
2146 7bf7403dbe556d33
2147 374c95c9115c4b6c
2148 7e0c9ff6e6ee34e6
2149 810ecdac9635d4d7
2150 bd425b35624644dc
2151 3270b996e4827737
2152 402cb1af634c46d5
2153 699fe3bc791337ad
2154 b63da67cb5e68919
2155 e9082175637c782e
2156 5a5b117a8957559a
2157 447cce52a8e5fc44
2158 378f8be000fd1428
2159 4f10aee571fc630f
2160 979adace168fb279
2161 d5bcd900f3967e13
2162 bef0a9f6bbf5c4d8
2163 3dc6581be7c53b74
2164 99fc0fc567375d5b
2165 bc9ec385a828214a
2166 e691f8ce23e3a21b
2167 03c44a499d6891ba
2168 811796a62884ab29
2169 c4cdf6a614d624af
2170 dea4404d2d17393f
2171 bcdaba150c7f4d45
2172 d049bb05a6fc7db5
2173 7baa9b292689629e
2174 83decd2139ba36ab
2175 7ca5ccd639ddb27b
2176 4229417eefc91959
2177 05fb17e91fa0dece
2178 7042532cb2c70390
2179 8d66733c782f6e01
2180 76366eb0cee70cc5
2181 58f2d1c418b918be
2182 0d44bfe2e34f1731
2183 586f73fd6654f75f
2184 93c8c05d5581722e
2185 f1130d9f17259bdc
2186 56cb61ef4266a964
2187 3dda83be69ab94aa
2188 f6eb6e9eb8aec702
2189 15b78ee201653c7d
2190 06f65c6e4a877127
2191 687ece2b4c7f3eee
2192 aaa10535e805e2ef
2193 5064a6cc7e15534b
2194 5c93ec8bce25a8c0
2195 c945c211fce94391
2196 f325c9ab134d458c
2197 4baaa12991b8f80d
2198 3390e74c21c46fd2
2199 043d93a28294b85c
2200 9cc6dc0f0df1ecfd
2201 44fbdccaf1d0aa97
2202 337aaf4d10fc08db
2203 503f3718c9c115b8
2204 80c9decbbf7b4a19
2205 e5ea6f35c08575c9
2206 96fee54a7a718239
2207 6f25cd6a9c3d4dc5
2208 db9778d5c9456e5f
2209 d67d485aa4b30006
2210 5e8787814a7fbed5
2211 e3b41964ea5aedce
2212 83dbcb098aa63a79
2213 a992977304a35db4
2214 c0ebd850909dd7a8
2215 d7825cd66b5f1e8f
2216 14d34adc41f9b4ab
2217 4f3ddccfd0a10f45
2218 c5dc1901f12a6159
2219 726cd5cc749d518e
2220 23a252489da13958
2221 ba61b19a1d89cfe4
2222 aa52ea2c7963a609
2223 b816a83fe8eaa615
2224 7c5f273f1851ef3a
2225 e317c40a337b18bb
2226 6f362f31960f1ac2
2227 d95c7deaef18dc23
2228 a98a9c8cee576570
2229 8aeb41b9d2f0d926
2230 d8c21c27336aed16
2231 82888a70063834cc
2232 583378f7beaf9caa
2233 fac5d2fc6b629292
2234 1c30250cdd3d36ff
2235 c28bbe82bd835c7f
2236 39f9837fccb97ee8
2237 7dfe21c25d7a579f
2238 544b563bcfe3bba9
2239 991870422bfbf290
2240 31b9e5c05064f6ba
2241 296534c30c6260e9
2242 c45e7baf599b8ab2
2243 bc5c5c987abebb97
2244 5db62ae86b615b07
2245 e9111c0863cea8f0
2246 07abf92a967dc500
2247 b072bb128cdeec56
2248 b31273cfdb0d6343
2249 a989aa057b2cdfbc
2250 7de809667836978e
2251 05480265cc0adbea
2252 be1d211353dc825b
2253 b60fe0d7e650618f
2254 99fe917a26faff1a
2255 ef195ca528974c66
2256 0b8e9e0f9f6bef6d
2257 29a9b1163fb733c9
2258 626eae937592d226
2259 4c134c97d8546f00
2260 d7c5742aa7ab7594
2261 69cea67bc1c7b343
2262 f2448f0df7d0685a
2263 48c7a088f85ec59c
2264 181791555233c26d
2265 17719ced580b4fad
2266 72ab1c38652c59db
2267 a625f27ffc134514
2268 ceb197849907da6e
2269 794f804e051757ff
2270 94ffe4be93c15864
2271 02ce14dc7ed8e99f
2272 10228bbaf37da968
2273 25b3891cf3f90b55
2274 e9f2f64b1107b2e1
2275 b57e4cafd2d839f6
2276 5a1839f76791c0a2
2277 11aad71e909d2c4c
2278 64f123f24e530760
2279 c1657764e12071e7
2280 fae4293bd2c181b1
2281 1c8997216561f825
2282 eacfe28604adf8d5
2283 4d94a19589ac2419
2284 d9f701c0072492a3
2285 b83b97adbe8e9c82
2286 1f2598f342557433
2287 592446954b60cea4
2288 424b2b3f745bfdb9
2289 6866f2f9b140c03f
2290 c8c89501076c6a6f
2291 88eb08803bf39eb5
2292 a176e7726889ce25
2293 1f2632eadf86e5ce
2294 01d817613da3a64b
2295 b59a7e6a66bc081b
2296 e7701b66ef73cef9
2297 49e9cec9d7ef876e
2298 13bfadfe3e9f6130
2299 32642a2be5d1f6a1
2300 9ddfaa46ca086ea6
2301 5d22cc81baa4f8dd
2302 c07f83a1440b5e83
2303 47811983eb699a66
2304 689ef4d8070e2086
2305 d3d7944ce8236179
2306 cf71da61c8a595f4
2307 383e5d448cd8abfa
2308 b0dd4471b1779ab2
2309 d2190abacd7ac418
2310 d8974400761d4cba
2311 93892e483854d32e
2312 df43a0300077cf2f
2313 cf5a473b18ff168b
2314 f57047b44256e800
2315 450bafd86946e7d1
2316 143c3cdee44181cc
2317 3366bf54ac5f474d
2318 a3701a6bcadac582
2319 0def253918668d4c
2320 6fd5dde9fba5596d
2321 9c6990d03f5e6307
2322 281ebcae537d8dcb
2323 da1f9bfec7a5a028
2324 72d7aa33752b5ed2
2325 3e1b75d5f520a612
2326 ad3a51277347c2dc
2327 15b760b38c0a075d
2328 d928db7efdc7d277
2329 a2e8953e9958fecb
2330 2ae1da82e1400110
2331 7c71025013216593
2332 008ae17a5d6ab1b2
2333 22e308e5325ac4b4
2334 f7f964badcafbdd8
2335 5e922934d6566fbf
2336 5a38c3177d48bfdb
2337 5304ac472844e035
2338 6fbfa1fe0da50729
2339 b831f38c6b13c5de
2340 87a32f50a6fba028
2341 ac717e20bd514774
2342 5014b5557731b2c9
2343 7bedd020d835d6d5
2344 9fd915f74e6500fa
2345 089a3c180288927b
2346 bce2f660dab57382
2347 768604a8951c11e3
2348 27f05f02533cfc30
2349 98002e9d80fbd7e6
2350 eb00e5f9df8d8036
2351 8d422d2066d574ec
2352 23122b7a825c9001
2353 8028708e7fe17b1f
2354 550d91d6ec133f02
2355 6b07d4e18268cfc2
2356 2c5c55add606b300
2357 2a61d849728e6477
2358 39e1fabe49d5b941
2359 7a7c1efdc29a6bd0
2360 bc2fbf3471c190f7
2361 1e508034265e92b8
2362 44bc079f656c8961
2363 6c1a77fc57d2b92b
2364 a66fb5d9715f22a3
2365 f90c89b5d635e5e5
2366 af4940aaab888ddf
2367 3906cf4a261868eb
2368 f33a2c794aa3bcf6
2369 a7a131ac432a4029
2370 5764325ec504c151
2371 09ef5518be831fe4
2372 e1fd667e9fe93df6
2373 e9321b070223c22c
2374 ad06ff219b86b49d
2375 77eb74b11ff9eca8
2376 14096dda8520be3f
2377 f7c8b9acb6632e9b
2378 14b6734e2a4069ba
2379 fe24a9464429b4a1
2380 ab54a53556cf25e8
2381 7024c4fe51c8c809
2382 94aa32471c2d12ed
2383 3c45f4fe3cebb53b
2384 48d12614e720664b
2385 b5baec59f39c3d7d
2386 b5c32eea085c0e60
2387 9c7ff956dd212359
2388 5fe1a116ee55d4fa
2389 5e8a17c025e0d45a
2390 0e47102de990d21b
2391 85ca2ee057e4b5b4
2392 ae50a7981b7a4d22
2393 86ec777c9693c854
2394 c477c2b7f6b0b3eb
2395 7d6bfcebdde68c78
2396 cb4926dda1ca10b4
2397 a1430de0796f6a95
2398 f3b5ad22454f9dcc
2399 ef9db5ee1f406489
2400 7b348fe2765a9400
2401 5bdf400e3d59d049
2402 b1bf51eda604a3ff
2403 53740eafbcf9f7ef
2404 7e5d8eae88041312
2405 1015b86170c094a8
2406 2b896b1eae8f2240
2407 2890016143d5e3ab
2408 e1df348a48cedd3b
2409 9701b93997fdfc68
2410 ac9575d5901ef6e3
2411 a3805e71c9ffc264
2412 c17eb05a639e4efe
2413 d39a691f828f751d
2414 14d630dbe28314cd
2415 1cc36511fc89dfd6
2416 a2f9cf7c8fc60062
2417 3602c2f68cd10692
2418 e02f28328fb7d403
2419 8ae0d32dd78253c2
2420 c69e45700d0a0a82
2421 d5d3c6c0a28ecb25
2422 b64cdd092cc4088f
2423 9320e03317f7302a
2424 9be589496d669246
2425 fc20add11f282e2b
2426 335b0e88c29a915a
2427 48ee032442e1e7a8
2428 8f2c55183db59eec
2429 8617fa082d126ae5
2430 dff02e9a781832e8
2431 f3ae86d3ad54a4ca
2432 6af21800607e8abe
2433 a12ef9c95546d0ed
2434 0ba0087a8abefd31
2435 1c7d3b9e1525d903
2436 22c9e1a781ffb8ef
2437 8092eb51fd38d426
2438 0da7d0f516913db5
2439 4e1607c69d84edc2
2440 b4e2af9800db43da
2441 ad8121e5d45de8fc
2442 e43ead23aa4182ad
2443 5cc2a9692dfcbd70
2444 e4f55333e0adb2ac
2445 42f8f74f1d8f256c
2446 d06508ca6f50199e
2447 5b6c94d83db039d0
2448 2a7f4ff9457a1051
2449 c40abf3319cac40e
2450 6c0ef0b7ea827b92
2451 d3d2dc8df58520f5
2452 e23be4d829f0102e
2453 5d9133a3d647cb05
2454 7bf9e1bbb9b51df8
2455 319174ff676d57e8
2456 4bc98509be032528
2457 08879eacb473c7d7
2458 fa9087375ce68a0d
2459 6e1c45edfc444b5c
2460 bbd1262ecf77ef6c
2461 52f261b95b67081c
2462 f4fdf52ca7cc9280
2463 3bf5e6661a51bccd
2464 23cd7ee31e212db0
2465 592fb24138977e2c
2466 0c84c08489f5a633
2467 74e2c65e50fa11fd
2468 f2d1a474af9b580c
2469 a7c9189d0b791dcb
2470 4b191b777fab81e2
2471 952f0112968bdf28
2472 69654965571882ce
2473 9a5132d1f89f25b1
2474 5d216de5c228b4cc
2475 eb52bbce0bd222b4
2476 9e51fb186ec424f9
2477 a756c40b8c8b8f56
2478 ac560b4f67cc9ad4
2479 c3e20d268329bc74
2480 e3bf1288210e5be7
2481 5d560e29231e066d
2482 234e092e14eb8573
2483 e093eea005522e1b
2484 5ac679256443fe22
2485 e198606f5574ce6c
2486 71ac179f5008431b
2487 72dcbc3c39353ce3
2488 6fb27728efdb4819
2489 0f36cd23dd055512
2490 0d34dc1c1e049aac
2491 384f2b6d7347c112
2492 7bd4f8b07a00d2b7
2493 91eca1d8143212b9
2494 cb441583f87604f1
2495 489bde0bfdc293c9
2496 35ba6938b9e09180
2497 e5db324c51cac5a9
2498 170298e0a95d32d6
2499 d4937f17d33f14fc
2500 c47616f5baa45147
2501 c27b5d1da95e93a6
2502 d25065ac8803adce
2503 49042676e130a820
2504 0f9da25ab47dffa1
2505 ec9d0858d4214e89
2506 ee2da67227db6888
2507 8f11e6ab746357e5
2508 85a92b47d2c593a7
2509 edb1bf15353c8f04
2510 b7377ccc4285fea3
2511 72bb2ffed4bc610d
2512 4c11bbc727f12e4c
2513 bae538b5b8ae3e1f
2514 0cb91fbfb2351b84
2515 8d76625ee3d48ab3
2516 ba775f5c59216148
2517 befc333fd8957f3b
2518 7ef401220b09e986
2519 537cc131ea92e59f
2520 1f9c0d6a8a5c6e22
2521 15e662f532b78be4
2522 6cb022ba37fe9d43
2523 768ebf5174c69fdf
2524 feb1501d5f0131f0
2525 5e42c3a27af56a8b
2526 2f69147805caac5e
2527 d6461d1e47345556
2528 56951d560e476233
2529 9b6bb08c0fd82536
2530 a51d8e3fedd19423
2531 2eb74283c4b9f974
2532 f348518a0ff3f59e
2533 a880caf62636acad
2534 d1c2b845979b4d02
2535 d4434ea80ceab1fc
2536 3f925c8ea54309e3
2537 6ed932b4d8faa2c6
2538 e68feb124fc52c98
2539 3d7e3faa0b5bb6e3
2540 6e173e01cf9bdd48
2541 c849b5dc7d9c0d07
2542 27d97a3b550650db
2543 4bc4cefe709529b4
2544 491922506cc00b9e
2545 6b6592059afecb27
2546 e71397833a3147bb
2547 c329e6935ffa25f9
2548 0434cd07c4205a4b
2549 93a028706ea5f2af
2550 66a4e4697d44ce31
2551 69a7af8b91b5cd2b
2552 b51194ef402f00ff
2553 68e0e904730e8b46
2554 c7462e7f711b2a2e
2555 496a641d927ae11b
2556 75351e595b943e99
2557 01748f22df6742d8
2558 71ee52798a93c8fd
2559 9191293a7d559209
2560 72a74e5a0a174cc8
2561 23545ffd58e1d816
2562 04a7418e79292840
2563 484b4180f50fc8b7
2564 cbac2f1b35ca7a7d
2565 27e49d264801c405
2566 61f3d9fd81802cec
2567 94f1b92ba32170dc
2568 146c4dc777120415
2569 df1018c6b7422d41
2570 debc7e7dd6a8ecce
2571 a9db9b5922f90e06
2572 893dfdd6c8bb1c41
2573 b6a4f2614e72a9b6
2574 bdf9d527884fcc33
2575 612601d6bb43c61b
2576 852197133308a360
2577 5091dcf9b03cde70
2578 7faf45cce20e5bcc
2579 80c5ac4e9dbd99d9
2580 bd0f504658e105b3
2581 22d78acb136a9e23
2582 0ae34899e57ad141
2583 772a0cbe2ce8bd3e
2584 5b6629f90336443a
2585 dcf67e12cb9fdd3b
2586 da723ca44638cd7d
2587 ac7d6746498624ee
2588 8d64b6b45f9982bd
2589 0bec75cbd1937191
2590 53d8d7e1e006c429
2591 859abd44a37b3efe
2592 a4fd9912b4d01218
2593 dd4509e118d6a557
2594 098f5cb103e7dc45
2595 1f40436c37e3a1f0
2596 c6fcbdab90bdbaf2
2597 3f9f0033fe97e826
2598 f26c81ee70692423
2599 1302254214e4a329
2600 a4812f26c4aaadf5
2601 bc05b10a2568319c
2602 353116a1a6254fb7
2603 370e5aa55b8a32aa
2604 1915c126ea644bea
2605 7a8d0d2fb668c411
2606 ae77ea65693a3f9c
2607 762d815f35efb679
2608 7bd4b4e2b3e993f2
2609 dfd401ed33d4cab1
2610 2f11c7f09b73757e
2611 e792eaaffaee3752
2612 b19986060b4bab40
2613 cf31150ada51d356
2614 fe7b7cd8a3e5d358
2615 02f20bb4d73f4742
2616 c5a166c61540a1e3
2617 c77122768616c404
2618 4eeec0b52664a6dc
2619 7de1f5aa97813152
2620 4a9e0f0b7d8f9ead
2621 db76efc6262345c0
2622 9d3d40ac88b8cb06
2623 81c3af4f2a552582
2624 15e6c00d7987c4c0
2625 f310811ac2d5ef98
2626 8b3cabcf9898aa6f
2627 b0a3e097dd199a46
2628 45ed848c4cfd7d37
2629 55cfd207be92ae41
2630 bdd9fd350f92e44d
2631 e7a56adae91249c7
2632 e5c4b1a4eb9afc9f
2633 2d59dccbcacbcccc
2634 843234d015e622bd
2635 19c92cc5cec19538
2636 e2c3b396887a3451
2637 fcdac550bbe74ab4
2638 f69ac09d1246e791
2639 24cf3d2428243b10
2640 b552591a7f24f630
2641 d9471e478985165e
2642 063adafc855ebf03
2643 919a710314eb36e7
2644 215a14f1977a341e
2645 b5cd50b06cd3e998
2646 82744522abc1b4f7
2647 d5368b61ffe86219
2648 65c37e526316153e
2649 bed9774e7c1e951f
2650 ec453a23a15f7982
2651 07db2a8e850390a7
2652 8fc74132ff801134
2653 2a102209bcc59d03
2654 12669e4fb5d78307
2655 748c80c4978c11f8
2656 4a9977ef4d42695b
2657 d996f99c708263ae
2658 f48d6a277db8a0a1
2659 0a7d6bc8bdfa948c
2660 2ba10ef3b680e186
2661 1d46037ad22f6f51
2662 7086e9343c0938db
2663 1ed57b46f1347f46
2664 ccb1ee2b2cc77aba
2665 059d034738733c2d
2666 df8f2612a920d2af
2667 326aeae3f740b5f5
2668 a43c39a2c4ede591
2669 b7c608989542bccc
2670 385088d7ecdd3114
2671 63b40b4c2c73e3be
2672 b077cb781d3d1c75
2673 50502f41ca2529f0
2674 4593322fbe3a9df7
2675 b9544988ae96672a
2676 85114d49827b2f36
2677 63fe7d5f2e9ff899
2678 33c51ca60937bb6b
2679 39c2d87ce2692909
2680 f5773409d5a0d83d
2681 49f8573fbd63ab80
2682 7a9a9cfc8db0c590
2683 4ec2aa7c692935e2
2684 92c8d069314b67a1
2685 b70ce8d654248153
2686 c54da1c3576a8833
2687 9d90529ba64345ee
2688 fcc2c81143e9ac08
2689 6138b68fd31252c8
2690 c3c1acd0d3d4a978
2691 cebe972dd55513fd
2692 80d34f919c53095c
2693 fb351706a43bf82b
2694 d4290c88d3647076
2695 e2503ead25db7779
2696 3869e6ba916ad8da
2697 8faaeac3c969b045
2698 a8df3ed6b3f99462
2699 3ad73de5356fc212
2700 57b4538775d29e64
2701 1ac118209f2c70c3
2702 d4258a7c750aabfe
2703 6c2fa1ecda2ada71
2704 fec21bb19df78342
2705 784257c9e40b4e0d
2706 6be163ab60fc3208
2707 dc2fca2f49e9f0b7
2708 a936c03ca816c196
2709 9c7703c3ca337141
2710 05dd32735963ccbc
2711 3da8d19d21ab335b
2712 c6ccae87e1d73c8a
2713 2a3fc3f26cb7c815
2714 4142c514aad71ad2
2715 e6f04a6d7324512f
2716 08ab95745a6a75c1
2717 961859c584d65e49
2718 13dfa2a724115fd3
2719 852672b777bcd48e
2720 d7f8abf201333be5
2721 ca59118e8cbb5cbf
2722 b8c130cc7aaceef2
2723 bcb7e4cbe57b9bba
2724 87c67c8cef4b78c6
2725 d272fe5565aba124
2726 462af0a88d79a09b
2727 1bb4d5eef467a1d9
2728 0b736e38d1d84c2d
2729 d84b3a97f8104190
2730 7435c2b0178d8440
2731 ad2fb489f9c4eb72
2732 28cf0eb49ace0fd1
2733 376bd68c52ceed34
2734 a33fe90641c8d576
2735 2717d20f8f6ac0fe
2736 848825025131220d
2737 c127a8b1491de458
2738 bac9d096dc5bed37
2739 8f02db209315044d
2740 78bec43ab9ff6679
2741 93634d3a5e365cd4
2742 6fce79b0f8c5abdc
2743 b7be83efe8267676
2744 11bc9e5ad512f9fd
2745 9c6283e4f0576327
2746 1c2eb344a9e5a45a
2747 a547e6d1f971c6a2
2748 5421d3541215629e
2749 35c10646a3b25c3c
2750 dcf1abfb4fadc1f3
2751 1382b405d352cd2e
2752 c632a989377c0d85
2753 3feaa746edeb2b88
2754 bb39d9f391670c92
2755 98c0a7b59adb54da
2756 8d78fbace0315526
2757 30766b5f85e7b9eb
2758 26c3ce6d621384b6
2759 2968687ee6be0739
2760 ab2926dbd0c8d3b8
2761 a6fa3a384d7eea97
2762 6671acf30669b622
2763 4d94bc31053307d5
2764 44bd40f4f2e4e2a4
2765 2408baa5476b3239
2766 4c5bb39ff4c5e53e
2767 bd5826fe74c7e9af
2768 3ece4bb60838fc15
2769 f92554fc13bdad4d
2770 c8090adb62ebd717
2771 ea13bc023fedbc77
2772 6dd467c81ecb38d9
2773 a749c1e6bc197701
2774 283f27c3be6cd84b
2775 202692c63c3e051b
2776 87ac8545a7bed8ca
2777 223a52ac24d84855
2778 8c8d65725c10def0
2779 3432a5cf7145d46f
2780 23650d0fe8be717e
2781 07943f877315cc09
2782 fa221402c6b27084
2783 866f5badbe829fce
2784 eedc5227ace41225
2785 2a7ca80ec7628dff
2786 0223d6cf3183b567
2787 08cce1fc946ee7fa
2788 ebce299f88dbfd06
2789 4045604c82611d8b
2790 d5fcd21a03c9745b
2791 ed1883ece278892f
2792 3b657a3ce65853b4
2793 e3dc0a79b33a83b9
2794 f4d88ebde8c6fb86
2795 f7ce5cc4a12913cb
2796 3f4e8dba9e86a378
2797 ff4cfffd1174de55
2798 06dde2bd58fa957a
2799 035113f067a26a47
2800 8e5096430537d60f
2801 a38e9097fc52d3ba
2802 77b71db5093b76bd
2803 ff5d15bb5502a048
2804 b02abc46ce3f76cb
2805 f32884e923b1b797
2806 7578431c4b199f67
2807 82c55cb604251c0c
2808 729487d13867d9c9
2809 a9bbc53be4d5f9ff
2810 e78f16577d824c3d
2811 3b1bc8c17c435ded
2812 4591b9caf3e09ea2
2813 dae81fa40ba47667
2814 d2fff448cdded8f5
2815 b7b43f737934f5ea
2816 892e350894f80719
2817 2499c78272aa74f0
2818 15145e620462d609
2819 cd2de68a37ec6a0b
2820 f7489762ba7fd776
2821 116ae1866fcff9af
2822 d8082669065b48c7
2823 3d8b6533020a871a
2824 dc5cfaa84d33683a
2825 1b50a951686f37ff
2826 9f13f6d979407a44
2827 32552564a7d300ac
2828 0e9b21623d8728c8
2829 7094d66aae13168e
2830 e9bb606831c5feef
2831 70b46fd9fc0aa5e3
2832 8637aac05b4584b8
2833 d3f3f0de5a15e4e1
2834 a93ce15481e2216a
2835 a2b9f5f97f30bf16
2836 675a913b23522175
2837 de26955b0a551dc3
2838 6341d83a222053ec
2839 753c6d442b47d180
2840 8fd0c1defa24693d
2841 25e5030d07c0697f
2842 22f1b8668ce2323d
2843 84ddc2a38f0cbf43
2844 91982cc1d7d6a29e
2845 b70d6363d1eb1938
2846 28dc01b864e94884
2847 a2d0c508105479f1
2848 667301981753673f
2849 fcf0c1172d729254
2850 e1288cecb3b920a6
2851 e7456099636a9858
2852 d8e52359d6624465
2853 a9b5873eb50eb587
2854 4ad203aa5c6c7cf4
2855 4e47f7de48db9444
2856 5738528aabf785e5
2857 c30fd1fda568101f
2858 e38513f81983a54b
2859 7fa513a171f46a26
2860 a4637d448b2be7d7
2861 1987bdba87cf9f42
2862 76a43a8449371f7b
2863 17c3d715e1cc37dd
2864 54fcba83614a1b5a
2865 e2b1fa84d66b8196
2866 a0e2dc7243822f10
2867 274802e9a3734d8e
2868 19cdfd05dbf94ec9
2869 ac0a4021f7096f11
2870 7e2e236c849a2ae9
2871 d4f6d7d150714bc0
2872 481992829f23cc64
2873 b5dd08607851eb38
2874 97a5473440a7ea3f
2875 d565956e10f70ad7
2876 934801bf84cc7006
2877 d72676b1865ff20a
2878 9ae38d7e13f62f39
2879 b3ab08277bc5a77e
2880 f1345761440eb900
2881 f4c66e7d63c5f9a6
2882 6ae6b2e399a1b523
2883 5422759324e4f917
2884 2be728eeeb439b00
2885 55a48e4322025e44
2886 855587389ead5c04
2887 710c0b242778c196
2888 925dcf58da368550
2889 6dabb0d8ac1452f8
2890 eeb11b7bc7ac33b4
2891 2312cf2b3f9bfbe1
2892 c8cb749715b6fa9e
2893 187275eaafcf68fa
2894 92ecfbea39cec924
2895 476c7bda5899ca78
2896 894a8c6c354e91cc
2897 02f699a8b2f30ccc
2898 e2c51dc1f37d4d02
2899 0a24e974d6043757
2900 555e6f3370b17873
2901 e3adfb8f8788dc6c
2902 3b0f0fcc179fa53b
2903 54935041cf0818cf
2904 ccead4326cbec812
2905 fa08a81229a5bb87
2906 f99eb27f45701f67
2907 7a182cd0e0bb8d6e
2908 92cdcbd768af8a3b
2909 f94d491652eb450f
2910 9392e193919383e1
2911 9abf298e708a558d
2912 af5d6db7d7640a50
2913 ea02270d324edc0c
2914 860e51f27937962a
2915 87c5559bf69b7b79
2916 55a89b97fcc9faa7
2917 1853818f8735336a
2918 6ab3e18439e59219
2919 42a686861ce3f335
2920 fb7bd64fac6e33e2
2921 2fd25a29642d4463
2922 a0a682cb6fe01414
2923 f48e77506c289ebf
2924 9de4aeb1edeb40e2
2925 1727056559dd41b2
2926 f59a7ced726ac958
2927 aafc17c932a9bfe3
2928 60067631f48f9cbc
2929 562e76ff544d1088
2930 c100aa5b26768e51
2931 1869705228f52b57
2932 220dd266594f11d7
2933 83d2f2f0918fc690
2934 be0ba45138db36c4
2935 99243e65c8959b2f
2936 1804d76b5665471d
2937 392944f88368f94c
2938 d039f3c8edafda89
2939 66a164bd9d6af5e2
2940 a1bd9fffeef3721c
2941 57cb37166871f262
2942 5c66fda4a0bb476d
2943 fbb2ba3f41ace99f
2944 27368caeed30a29a
2945 632eb0e4f485841a
2946 ce9f092de5c27d82
2947 6fb3098a0b20eac1
2948 d5eac7b630a15ef6
2949 037e9cbee6d0abbd
2950 7eb22d91695bed8e
2951 dd6c1b3b80017da7
2952 2cbb8942c7ef7a1a
2953 e9beefafda8d277f
2954 ae95fe5901f72d53
2955 5ecd7bb37c2c8637
2956 33ba6fd86a8c4782
2957 2593ca8bb472d50f
2958 68b3cf481e12259e
2959 0394641dea624bdc
2960 c365cfd0c2e7c348
2961 64520d1dafe9a343
2962 4e3b0bdb2dbc6a49
2963 b60fb62cc7978168
2964 a83303c89ed32014
2965 6d59b4d2237e139c
2966 71a8463a881a85f2
2967 e6fe82786ff4acd5
2968 5f3ea8656a4a26ed
2969 a2dba7567aa39a27
2970 f05964ea047c30fc
2971 4408fc7a580499d7
2972 fdab77de2c276290
2973 b74bd01b3728aedf
2974 29f9b0e0c03880b8
2975 60000c82393820ee
2976 90b30dcce4db183d
2977 ad935d3d537d4cb8
2978 afa864fea65e5b51
2979 4cae461c17e2dc17
2980 1579b893ea150480
2981 aee93813aa262d09
2982 d4aec3a7db6a986b
2983 ee1af7b975efa0e6
2984 2b19a67d80814f89
2985 049ca3a099f35dae
2986 3f2dfc45302916d2
2987 bb7c8391107965ea
2988 d4946fff40dbf682
2989 bcaaa5d6fc85d76f
2990 0d72fd0532ff6245
2991 211438cd15d9051b
2992 0071a11531d5101d
2993 373a417c076bc6ba
2994 220ae9c258587c42
2995 abd2751b6ea20255
2996 7381e864cc24952f
2997 043c4f16e1394114
2998 e1572038479fd64d
2999 d439b4e1f6e3fcbd
3000 10c0f38d7d2853ee
3001 0d7f0f0e293d4e64
3002 7c858898f50257c2
3003 f3b5de176575461a
3004 4137f35133176104
3005 f964f02b02abed1f
3006 f15077374824d9d7
3007 b9ae7df47eb4f97c
3008 6bccb19b5415c1de
3009 86f834d31207b440
3010 65da1241a7241daf
3011 849d5abe649fadb1
3012 d6620c47b9aff4c6
3013 35872e1c12ceda88
3014 f9b4f0c2977a21ce
3015 a2a2d6f65d4c4dd0
3016 a2b95226dc643b5c
3017 599a99ca5473b456
3018 1590260a204b9bbe
3019 76c5df25e30b69a2
3020 1a09b0c0f5da7130
3021 c4bedcce5348efe7
3022 1819145cf3556e85
3023 63822f49b466d0ef
3024 9863232011e44609
3025 0841a59ee38ab7ab
3026 d1495494a7f9bc4b
3027 352df8bc8f8f3183
3028 5749423e48872cc1
3029 687e526d4f186bbe
3030 0baae0dae424f2f6
3031 c9a4dd03951ca19e
3032 2a2b8b0f7961d452
3033 0d47dfc0aa90f84b
3034 7142065c682b79ea
3035 e1bbd5c4d7b44fb9
3036 34f0e8e1b1f008ee
3037 9be77a29d20eeec8
3038 54baa37ac1fadafe
3039 ca65673908b01c2e
3040 9de4d3cc75a5aa01
3041 c195227ec4d86a59
3042 3f7d7bd8231d106e
3043 4cf2abe05b7d6585
3044 f5d5d28a35a1dccd
3045 bb650031ee947262
3046 228fa738a78fdcb4
3047 a9a505173d82876b
3048 a82884c9de754f47
3049 8f3b681364d475f0
3050 1ca703317318e913
3051 11aba5ef6207de62
3052 b65f8055c388bcf0
3053 e9de58fcfd892b28
3054 fba2fc025d726864
3055 77e76b6bee020a02
3056 e53aa5e1cb9ee5fb
3057 5b495a80e6ba6d89
3058 a7d5e510717e99fb
3059 50735530e00589f5
3060 66ba09d89d660395
3061 b7f39a0b500a30f8
3062 a83897e07841e40b
3063 54ce6f882f2b95b1
3064 81eca1e26c27806f
3065 4a93cdf1f2ada281
3066 45b61fe3376d91cd
3067 f6ba409dd91def4e
3068 2b5d844331334c47
3069 37dd1e8e85d744c4
3070 0e6137284bef9144
3071 3b691332abf69e8e
3072 30884a556c910893
3073 de25dc9ed39b5426
3074 ed2442939cdf27cb
3075 a3bbfddea0296082
3076 049f09b32c9571d6
3077 c72a5937ac5f42b4
3078 bb3d4085976cb0e4
3079 10443003d7db4379
3080 9445956fe6543b42
3081 97000316ac4a161b
3082 c47c293c1978ed25
3083 e2741de6b07860db
3084 8f5fdc9be920f0d8
3085 c0b6840ef2fe4686
3086 5aeb8aa2677265fa
3087 de0e9913c13da2f0
3088 a6287ed94a861305
3089 22f0c187d6d2fc5a
3090 76ed1d651a294463
3091 cfbc8b7200032c35
3092 a82aed6c1681cc40
3093 a3229a5c27e0b00f
3094 4035a1d15f217658
3095 33ffd78e09cde0bb
3096 7777d07e1da1de30
3097 e011573a1567f9ac
3098 adbb27633eb3bc4e
3099 e6c8e6af852436c1
3100 0518837afd22afbb
3101 d9a6c5ef480b12d0
3102 b690226db7800289
3103 b7dc65fc9480bf88
3104 981f521ca7d79c56
3105 0ce3f1ac4763d63d
3106 ced665882170a7fc
3107 83456f051c9e01b4
3108 9162e69d57fdb8bd
3109 466d05aeb2a52e1b
3110 aab09cafd290e8c0
3111 9a3aa3e2ec89b990
3112 9857f4a56fcf1242
3113 16c2bcd28a4eaa48
3114 f18bb22894641331
3115 5fd130f827715449
3116 af578b5f6ce3d12e
3117 1f644ce7ed6fc4de
3118 9979730209dd5b76
3119 b977f2dc1b9db17f
3120 afcdf4fdf282fe99
3121 9ca4b40818bc8936
3122 458ea41b9b9beecf
3123 74f6f687f404b15e
3124 9c6ba02d5df673ad
3125 b369cb662238086d
3126 61ff1eb32da1db1b
3127 060244e0b2548064
3128 22c7b85c19141f4e
3129 35217e5a96910915
3130 55a81416886209fb
3131 7a5db60983a65c32
3132 06702d1273be8342
3133 c7b1661050ff8549
3134 b5c86665c2bb33df
3135 e303b7eac41a34c5
3136 9f61488c57569496
3137 6b0159d46808af4a
3138 84c91e92957f3577
3139 8a844f5a5b8cb16a
3140 2fa28b9576eb857b
3141 e1c53c70065520b7
3142 bc2d5a340ac5e079
3143 9bb3bf23ab31dd23
3144 24dcd99b5049ab08
3145 61a9dc6ad24a5dfe
3146 98f761d3bda425e7
3147 2632615be2807538
3148 78c2fb3c0a78aed2
3149 e190361ae7665693
3150 18159051fef62b25
3151 7248a0351b624e32
3152 eda2cb6a903f254c
3153 a42e2294c5dd1165
3154 01f36d5683f64dea
3155 15df576f867eeaac
3156 ef8c9cbe89f3e77e
3157 673682eaaf4b13c4
3158 76b41499bd11ad0d
3159 5b448dfa339550d1
3160 23defc9db23abfe2
3161 a58e007e49e67077
3162 3a02919af8a941b7
3163 faa4b263e6490b4f
3164 8037dc76c0e27f3c
3165 deb5b0e5eb3e4bc4
3166 225a5535ee3a6031
3167 b7903d5ae972b567
3168 c96f9b34cb7787a2
3169 2b08a5664e3beb1b
3170 02b77b47b7ae8472
3171 378a22414203da23
3172 8121282cef5eceb7
3173 ff03c6793a1ff84c
3174 1beb5e96566aa26a
3175 16d78dcb2b00ebfd
3176 580605321ce0cf7b
3177 555a13a6737e6139
3178 3fbf97f2f16b373f
3179 3a05937b5a519590
3180 8cee2d8eae8fec82
3181 d405a6364694bb25
3182 a6f8df00569cfd84
3183 5c53f2f9efa07835
3184 656ff8bae835fdd6
3185 dce67080ea833ca2
3186 f56ea90cbc3bc4f7
3187 665d28b3c74a32d9
3188 7e48efbd0f059fdb
3189 55206083692cb09d
3190 38076dcbf467bdc8
3191 05bbe0d8978f8577
3192 997b75c5cf48424a
3193 42c38a3085eb762a
3194 987a61718505bc58
3195 287650c39e5bd3c3
3196 3200e6651127ee24
3197 4ba0d7165015e787
3198 821b937025e21237
3199 567835cb597bec1d
3200 78d816e3a4d0f01c
3201 2c9107f936cf620e
3202 d9221316ac30c767
3203 19ebc247f80e0044
3204 7e91f6cec3827376
3205 c65cde9c9229a494
3206 83888a255eaf68ae
3207 9da0e256d9a90a0b
3208 df527f7e830e0b15
3209 3ec0327d630536f7
3210 b093c16363652b0d
3211 e60878539e2b6953
3212 708e8c6a2b210ef3
3213 3dd52312f9e33f4c
3214 b134811d51d7b268
3215 0af7424327400c50
3216 4fa1c420bd63a075
3217 0b7f77d6a432bdc2
3218 80ef3a2c23e89e71
3219 61c3eb58eb262308
3220 1c146d2b749968dc
3221 33a2fd4553545704
3222 874780fed949918d
3223 e8b1f6a70efa916f
3224 9fcb2f1c1cd551c4
3225 2a1330a172d8ba8a
3226 841edcfd1ba133d2
3227 834974d67ec9394e
3228 707a88936269c0ba
3229 c0644c7fcedd3a16
3230 d47815e772582b3a
3231 d03ddb713982545b
3232 2dd7c7e6405c71ff
3233 753ba6dab52841d0
3234 a120431ced5030a3
3235 28a09912cd9b43d3
3236 60b2fe941d152932
3237 88567740261950e8
3238 ffbeb46d2a829d6c
3239 ba06bc9dededdeae
3240 9f0aa997b78dad8b
3241 fc6f50cd3bbe1083
3242 198b64f2080175cd
3243 2250d319c8a39403
3244 a429c0d133e051f8
3245 92cda8c005d077ea
3246 536edac1544e9dcd
3247 c1b88357ce22a8e1
3248 bc5de66edd9484a5
3249 12c0884a03ec51e3
3250 659fb88bb87cf874
3251 3ebdac89db42eb3a
3252 542aef1b94bb9890
3253 239810cad6be1377
3254 25232d80b91825cb
3255 81dd74191e290161
3256 6dfbe741f429ade0
3257 d9d8c5755e55b8a9
3258 8b879ff8ab3bc56b
3259 06d0a63375b90de5
3260 d1c6ec806595034e
3261 8b66c418f62dbf47
3262 18b02b18d6d6604b
3263 b2df128536aaf92a
3264 e70e727d8f181aac
3265 4e1c04a4ada13257
3266 b411db5c0cb6170a
3267 7b60147c57a18cd4
3268 e374f2192ef751a9
3269 fa5a7e1aff17bdee
3270 6a7155f2e0c01067
3271 2f9d88402e4985bc
3272 20befa3e8118980a
3273 d9b756b9eae0a250
3274 08c37cb1f9e31a46
3275 692c0284141ca5a5
3276 27bf4813ad706352
3277 2c85d7f4c189bed1
3278 d5f03bf0fb8548b3
3279 0bcd9d4e51228c34
3280 91fce15e7d2600d8
3281 ed36ef8eb11ec233
3282 0fad5ab71e297a4b
3283 b028277979ff737b
3284 4528999792f403da
3285 c102b22cfea9aa76
3286 4e425af32362e735
3287 3a7a60727b07413d
3288 ffc0ea50324c9ac6
3289 a4df1f9c01b91230
3290 a527361777bd1934
3291 d072e6a129e50c5c
3292 ec6d925515d2f5fa
3293 0a71eb6a88f0a4da
3294 5377110b715b81a9
3295 7db80a8712c74a4f
3296 35bd67f13eb4cca1
3297 73ecb0c1bab99067
3298 77250921e4f92160
3299 2cce4d4156b4d749
3300 67cd9756db032a09
3301 b96116abd3be4ef6
3302 6faf891abe2eabc1
3303 f07d83a8daec9d1c
3304 07ceffa2a1b63332
3305 e2839d07c0bc5e78
3306 0bdef51c35a58e31
3307 121d9d0ca09c4516
3308 eb9451633f6a0cf8
3309 8a3584cbd3af9652
3310 168dc39dd87863cc
3311 dc127970c164fed8
3312 c80ae98e95f548e1
3313 4e47b4ccf82022ea
3314 0af62203afdad8a7
3315 9a134272939cd6f2
3316 c3bfbad3e5901fa2
3317 bdd2808b128b5707
3318 a3c5d487300c2164
3319 6476e8ac55e5b04d
3320 09035dea20b0ba77
3321 dd1e08a40ca02461
3322 d2c1f9e1bcd95f94
3323 6310ae8eff05ea26
3324 aa05002bdc94bb62
3325 96fc4a3dd7e5346c
3326 1620d4dbd2b97171
3327 2b0ff9c4926fb4a9
3328 c4c5e201585485df
3329 6bed0f181f20c23d
3330 4776365014a38d80
3331 5aa49bc788bb60fc
3332 ad8592942501d1b0
3333 be3ff6a07decf24a
3334 c335a5f9f1316590
3335 81f4efce533d6c57
3336 9c1f19091e154bfc
3337 eb4672ec2d2dab8f
3338 63f021c3529d1f65
3339 083e3d8dc8d89625
3340 be8c4a47a9e06f41
3341 136592a7d9ba57d1
3342 9b952b10a3a2741d
3343 7391b5abb4c72e4a
3344 30e3e9df58ad7e44
3345 73a4d32b4ced19cd
3346 84941cd59aab752d
3347 e96f0a7b42a693bc
3348 a1728a43a40809cb
3349 d60c3a62eac5fc56
3350 4026a3de8701563b
3351 ac2072e53c7e7425
3352 84eb775b37558739
3353 a35c2701bcd70746
3354 4fb011a7e2ebb670
3355 ae868193166cbed7
3356 d56f8b252c3caa79
3357 1dc53399b7c3c6ba
3358 087d506005c054c1
3359 448013f4d9151d88
3360 66cf33269d353cac
3361 737c9ef798dae804
3362 8ac983dfe29e9ae9
3363 159dd6fe5f8f0c7d
3364 1e6a0c7475e3b30f
3365 df958ea7677bfa55
3366 49f23e6ef73c4afd
3367 5896d24b54ef1cbe
3368 01425f26c0376061
3369 1df867f32ec77390
3370 0d6ce9a2c3a12a2b
3371 db54d52715ef1f4d
3372 ed1e9e59856b7321
3373 6ef758c2a15ad53d
3374 d87ca1c92ebf84fb
3375 f080144933438398
3376 74addffb32b4dad4
3377 f58c9ccd0a232a1d
3378 3d52c853c33555c5
3379 6708fe8726ec7d69
3380 630922c8e881924f
3381 5bec07c42d85d207
3382 1327eb79197fbd22
3383 b45079be2c96f647
3384 78c98afacb5bc817
3385 1936aed3e5cd0f4e
3386 967e2d255a6945e1
3387 44036c1a65210c4a
3388 21c90c69cb6467b3
3389 314ec3c40422c836
3390 f7495bc0a02ab0d3
3391 30f5ff602c729055
3392 6e2538f7eb3819c4
3393 52257770a980430f
3394 3957ed679e33c5b7
3395 3556fd3a5909b184
3396 73dd9f2bb7bd7e87
3397 7144012dd6390056
3398 cd198094a5db92e5
3399 09ec32986f00f522
3400 5e3c0b0a5f535b9f
3401 3cfe7baa0b009c61
3402 9bf271142ea28e9b
3403 fbfb446f455ef473
3404 6ef0760382cb5bf2
3405 20477f87d8cf9c18
3406 d588b417c19ff2f5
3407 6a79dbb684fc4f71
3408 d311d1d3d6c237bf
3409 4d1f331822bfc833
3410 9c869d39ecdf1f32
3411 081a38882a728a5c
3412 85ea2ff5110dd535
3413 cf9967900542b91f
3414 f4f10622bfa2b3f0
3415 8ac548dd203bc41e
3416 c32485c95755d9a7
3417 eb4a1daa918a207e
3418 4d04802099085a89
3419 2c6f7e503127da7c
3420 47c1015d74cea361
3421 92962c7a90a41802
3422 331bbcf52d277f22
3423 0d3f65ef4a95be3e
3424 580c343fbb145894
3425 1df5e8a9bcdbe5f7
3426 ba794fdd43f6e9ca
3427 091afef47fdf667a
3428 94816f8aeda5ea12
3429 46881c20b745757a
3430 468bf612fa122211
3431 72b4f87284d6e618
3432 d44db638008bfd4a
3433 4ff4ba465cdb72a5
3434 6af691425a016c31
3435 46ed76ffef0feda7
3436 bcc9ac7481cac944
3437 00102786a389f76b
3438 561b235d2bb04a05
3439 22cc4aa92c197a17
3440 85cb5bf3b861ecde
3441 c11bc70c640e8e2b
3442 0f50b370dbab6513
3443 162d08b2bf122244
3444 33537a6c58d1f6b0
3445 57e0d571b07192cc
3446 36c71ee57377e1e8
3447 b0f5ddc2f46c0321
3448 efc05e7249324bfc
3449 b4ec198520d528bf
3450 e9677b97906fc98e
3451 de257c4c77f7f777
3452 e237e3b45799ec8b
3453 43ce387e9db9f830
3454 6da7a3b7af70e5f4
3455 7e6f0b876d980a8a
3456 772e82b2bfb93d3c
3457 98d0ee72f66108a0
3458 3fc0f5f2884d1725
3459 176660f7209b6691
3460 f4102d0f63615eea
3461 6738111975548017
3462 5085d4017245a1a9
3463 eff3e8560a4d63a3
3464 36a08c48922dba64
3465 7251c6a5110fb564
3466 6674c3f5dee0b40f
3467 e96497a0715888e0
3468 16e7e15b19959d55
3469 abe786780c008a4f
3470 d631aa3415f18667
3471 b8a0766826711688
3472 aa628e2c67f855b9
3473 9352539acf1a8609
3474 2963c813bf4989f2
3475 9dc8fa08acfc763e
3476 843a97bcd2c0126d
3477 f9a33c18953bb577
3478 1a03085fa82ea832
3479 17e3e0d78f8f51ad
3480 a0738a492b2e92d2
3481 1402602888e3e3cc
3482 df3c4928f77362e2
3483 7aed099cd0bfbde9
3484 13dd0329d38b89bc
3485 0356bc02bfc6ac54
3486 7f20c1f6f0518527
3487 387c0bec1d5dff59
3488 42fd74282785e173
3489 c185d95671a3633e
3490 287fe821c4d8484a
3491 51d088c7b614f116
3492 f2b70d2e3ac07ffb
3493 bd8a5e1773322214
3494 91a3a95dd9b1ffe3
3495 af8a3a982608e8ac
3496 e32336d1f6c6fba1
3497 652100ee104e0e3e
3498 918080d822462015
3499 7e1b7273e5861eb3
3500 309f87fd3fa61cbe
3501 f616d682f1419fc5
3502 f204bf5aafebe92f
3503 5ecc48fa43abaa07
3504 79ad393115b54ca6
3505 72a9d590a0e0f860
3506 2b133b32f819e918
3507 7c9df13c97191bb2
3508 c4a7f361dcdd5b41
3509 da7a22d479fce1bb
3510 656b00bd8731d5f8
3511 ca172da9519d32b5
3512 1b6664e1eb773fdc
3513 69b0ae6821047b92
3514 0c70a64b4edb21fd
3515 20f57b7c98025829
3516 49767570213cc8df
3517 a20d5f9d7fefac35
3518 115e31ac2e5608fb
3519 d02b75296165a610
3520 57bf685addec237a
3521 16bbfb01b0fda87e
3522 dd638e82e9b05185
3523 787c2f53c56c36b4
3524 9087e39dfdc02223
3525 7f2962c665b906aa
3526 2bf644db42a48433
3527 73ee17d25c958d91
3528 2bdde1637b66c44a
3529 91388c041ab54060
3530 6e8994b3bf09dac0
3531 cc1398f5eda9f001
3532 b52ea58552728e1d
3533 6e8c8579e633badc
3534 73dc20d6730012b6
3535 8b3b10254fc628d2
3536 94eab32c23af4d44
3537 fc983711b00496d2
3538 9a407a18c7b71d9e
3539 4e1b27da2af54eff
3540 5ffa2fecf4eb102b
3541 f06efd9b869dc279
3542 d5caad5d0afeca20
3543 c5e1e1738198ef3b
3544 180d6d30eabeb284
3545 7ced4a92974efaef
3546 d6108a3f87823379
3547 ff65678ebf2f4332
3548 cf88cef7089d3da4
3549 169dd90a9ea1314c
3550 59df8237d7eeab3f
3551 c9fcfb959dc63637
3552 f80b837b5168e3b9
3553 eb3f01e85ee02afc
3554 63018298028f4bfe
3555 6c8c866364bb25ea
3556 be122e0bbc953c23
3557 e8d3acb8f1699ea1
3558 b2adcf5dc52d1a77
3559 268b477bf099f95a
3560 9628e58b194d9d2f
3561 041ed784f666f572
3562 5b5ab3acc8165058
3563 1fa76725b6864cc4
3564 cb414147789f0c1b
3565 64aac20997dac944
3566 860e3015b939f87c
3567 55818402f1eefdcc
3568 fd85d5ba18cca013
3569 c86afc35c9b92173
3570 26196ca0c0ba579a
3571 b55d1d94fa41529c
3572 825a11baf2c9c163
3573 06d784424ddc0bb2
3574 89dfae4109cef21e
3575 b1d19d9153a55bf5
3576 7a0e97fe28970d2b
3577 67ae61554190dc86
3578 85784b70bc542d78
3579 476fa444d60170cb
3580 a7067533ca8baf14
3581 005ad76c25dbd484
3582 7766f934d09f4a30
3583 0f9256af26d9e852
3584 e7a3ca7013c198f6
3585 93cbdd826adea56b
3586 6bee57b9cdcfcb19
3587 c044951d61d26ea2
3588 5fec6b1db2bd9b05
3589 e725eee9ee03a8e8
3590 404b5ecc00de57b8
3591 dd855945a2835adc
3592 ad888a304ea08375
3593 1ae3015eceb7408a
3594 9c5e3d23cfe7a3db
3595 a24a348049279a8f
3596 fd774f6ec3d59ba8
3597 2c6751331c86b3ea
3598 50b51b1d2daac7b8
3599 b181e90ba04223c9
3600 e3524e24193e8f23
3601 42618cab2be6ffbe
3602 2ba373321d74d7c1
3603 ddf9c45cfd1e2709
3604 7783b3fd5fdce97d
3605 c9c4d5010cadd1e9
3606 8cc62622db54e0e4
3607 84584c75d932badd
3608 08490c54f1088e40
3609 cbaf65bdaca058d8
3610 5963c00dd19bab03
3611 41a85d0efee7bda4
3612 29898ab51993a52e
3613 b9ebe261e34738a1
3614 7625f3bc6a9143bf
3615 17256bd416171964
3616 7d4e722f9fdb4d5f
3617 5b71f2dafafd1570
3618 8c545420937ccbb9
3619 74cab7e91f14e92a
3620 aae2cbe355f0f0ed
3621 4c4d5515a18dac9b
3622 88bce5d18444b3ff
3623 ea17d4bd5d28261c
3624 ef8ca4a6a6f39617
3625 7e5a387e3cd58506
3626 65f63daf38fb6801
3627 c5ea06fefdf20f3c
3628 08c895fa0a9d434a
3629 8f5e85dc2f7f4dab
3630 6e6eb2696faca042
3631 204e2d04f9b16329
3632 3065f2a317dd31ac
3633 f01a87def30c81e6
3634 460dfcc97ee38c31
3635 ab89ea8f1038deb7
3636 92c3248d77c741aa
3637 7c7507d3b0c8d549
3638 391b2c2fe4dbff88
3639 7fe8a3ec010e8690
3640 4338ab3bdad964f3
3641 2e9e382249a3fcc0
3642 e53f68ab40f8886b
3643 d57c5b437245db8d
3644 980681aeb320caf0
3645 6c796e612c9890d1
3646 a8626b3136bc561d
3647 10f8e942b9b0a3f7
3648 6db61adc87316398
3649 9dcd48d4030085e9
3650 9581379d78c6fd1b
3651 142ec2312d0d3e40
3652 7f0022c37f8ba0d1
3653 960ed9f6c27259f6
3654 2c137692ce93ad09
3655 9a9578e6a3f770a5
3656 864b1a198d1be399
3657 52cce59b77d025be
3658 90bdc326f8d30070
3659 2ba1a1293563238a
3660 d3e3b49e0ba9d7c3
3661 d9034d89f5098ab0
3662 9f52d67443da46de
3663 c5b9c3014b6d3e9c
3664 7392b9a70b7983c6
3665 1ba8ff6c02b3cb34
3666 60b5cc5f4ed6c3b1
3667 55e4b9c6337ecdd9
3668 20fcffe3a7df52ba
3669 6c5bac814a84c83a
3670 07f313fb6031d148
3671 43f8cdfd90a76cc8
3672 f92c0b133aeeb1c3
3673 b1e6dfe636f16208
3674 c90a8a414cdb7057
3675 507550b7194bb840
3676 9bf957746ddd378e
3677 e22687e9bb4d4514
3678 6e291602839a57d0
3679 428572c57e59ffa9
3680 98b7ef1e80a1ef79
3681 8dbe335e2cc94239
3682 138c3f780f097261
3683 667ccdb1734a276d
3684 edef7ba3dca19004
3685 03c7d4255ccce6c2
3686 b54bbb2dc5509d05
3687 7dfdc303654d0c67
3688 5a6388582252701b
3689 225b6cf336a2e635
3690 5ccf25fd89e0648d
3691 09c032e5b66e4406
3692 32ae4d614b6cab2e
3693 8a917bbebe581b78
3694 270b045b4c2800ce
3695 3bce592ada22e2fe
3696 03b8553243e1ae65
3697 6cdb24b786469c7d
3698 b3f9f5f6e74f4270
3699 51dc6c71c7eb2834
3700 31a294753281f310
3701 82d2df176edfa869
3702 ce0b539ef9296f8c
3703 5730efc5d76130e1
3704 665a8b1bfa7a606d
3705 9ccf8f24128152cb
3706 d230ee80d9c25cf1
3707 90cd189cfe94ed09
3708 322d740fc8909286
3709 24351efb49eec3a3
3710 212e8467a908b42e
3711 cd2bac9da666fa5c
3712 da392e31f4f00c12
3713 0432a72babacfaf2
3714 4c5ce39e6ac8d004
3715 0468eb3bdcab146e
3716 69de259546b11ab7
3717 4c56f6b94a89ea47
3718 62eeeff65dda43ce
3719 987dacec6fe1b2c9
3720 a02e20b18b667acd
3721 ca4e7bb32424a694
3722 b5957b068b200c75
3723 b7c62483464163cf
3724 a9341ebed5d2dad7
3725 0748f707c3534ad0
3726 fd9e7970a665c48c
3727 c307733fa5278674
3728 c083a422fab15529
3729 2d68fc9f9c7ebb68
3730 350e63050a28357b
3731 d82268401d9faf55
3732 d12168e7113484b8
3733 144bb89e6471dcf3
3734 dc3b54a11fdc9698
3735 7b7e66047ca7e57a
3736 7ee6f990faa69de9
3737 4f4d81b127ad4fdf
3738 cad4abdcba40e9e5
3739 1adb5b753aaa29d0
3740 d608515d965c1c39
3741 8b16cf2297163456
3742 4bc30766d0c6c8e3
3743 5b6f9fb1b5d13414
3744 de5fbc07966d6719
3745 9cb2676a46bf98d6
3746 9f8c8b762d7c2c05
3747 8de2836b9d9be1e1
3748 87a3e0df66b111b8
3749 3f18f07377df30fd
3750 5aeef209599acbd2
3751 b9f265ea0b81ff3d
3752 6f3b489946acec11
3753 3521bd0b78c960c6
3754 add7a41dca59a4c6
3755 972292e218f986a0
3756 18ebf1c15e329dfb
3757 f650fec6bba81f78
3758 b47b4c83da3b2c7b
3759 32230513e9567e96
3760 0776f313d7b50983
3761 496735165884de29
3762 6a86d6cd33dfdf35
3763 867602d68be5956e
3764 4b1f6521a6c56666
3765 321a20c557d58abc
3766 611adade4870b122
3767 6a8f7030fe6a5b9f
3768 82557a528355da64
3769 52474e2dd91fc52e
3770 f565e3961f607d42
3771 47d9b65ecc85d2bd
3772 51d11cccbb485186
3773 2613fc855d973e98
3774 597b1cb8dc24d210
3775 52399279630bf92f
3776 71921c09a3e9d4cb
3777 aabde18d39494334
3778 8aad2e646798b52d
3779 50a3984e7021d755
3780 81759bdf69f551da
3781 d1e2393980d84629
3782 f20bf3d207dea275
3783 58bd0d59efa78b63
3784 fc9cb8ca50475dc8
3785 78caa5beea6cc343
3786 ec5906f3f009ec3f
3787 e26abfcb5896f3d8
3788 6c2ab0d4f29faa83
3789 be34391c2cf7b991
3790 d6661692fd748146
3791 8a838410be48af87
3792 c9ac6c299293e803
3793 bc348d17519463bb
3794 c853995a20f130f8
3795 7be81255f85f816d
3796 ed6db2b82646cf5a
3797 4d223913498058ae
3798 1e4ae22facaf996a
3799 2dd618dabbe99fba
3800 20e8977b3261381d
3801 0a8a06e4bb766163
3802 21ab99352ce47d0b
3803 98854bf85ea2309c
3804 10a08d93c41753e4
3805 bfd7fc1f66c12d4e
3806 efd3b60fdb604316
3807 0bde68ed533f6dac
3808 49867c236a7adead
3809 23332c339ca01005
3810 598609e5d1b89a98
3811 48bdf0b2666d3e46
3812 949a3f37177b6c30
3813 cd4fdbfa9215eaac
3814 d8ddf268177e51c9
3815 f39c4177c3d10834
3816 d2ded09c575cc10f
3817 9df4fcafc2b724b9
3818 f64a189c66863ad0
3819 d8d04c0fd5c34d02
3820 c6d860517190c969
3821 09f52d0fb273ff73
3822 69857f956005a90d
3823 1d271d8362943bc0
3824 ae3995ef0bc48cc1
3825 4f42b57d2e96fc66
3826 3ecff0280e3b280e
3827 ce41c7eab91b7ea7
3828 9183fae6d2e77232
3829 4011a695c2c14a3e
3830 e157b16862834fe8
3831 f1415ecb1018a842
3832 d736892c83a010f4
3833 316dee4c6499cea1
3834 07482d42eace84d5
3835 f6a28f1ffbdb8c64
3836 ea053f7f76df8542
3837 12e843a2dfc45211
3838 4f7fa372626e61c7
3839 9bc22b45a98ba118
3840 85850805d425fa11
3841 e7f53c2048c4d8a2
3842 6545b7e6f1efe926
3843 b749ed392561f052
3844 759a5d2ca451f5d0
3845 fd1d1ff6b33dae66
3846 dc6f6ffd33f0484c
3847 8bdcf7f2c23e9fbc
3848 b36a56dc07ca70f4
3849 a95b3ee0f416d0d3
3850 628c5196a8332351
3851 951f728a26bd0c10
3852 7a54603c38696672
3853 21e070931e9a0eb5
3854 8f989e561cc0da71
3855 118255f677a248c9
3856 e5364082efd62d00
3857 3fc42d37cce7c0be
3858 d4334d1128bee006
3859 fdf6a2c08276601b
3860 43e8b8de1988969b
3861 956de5e11c924cf4
3862 b48f4c6c25900ec8
3863 d2c16b2fabaf9801
3864 9d8fd634523f2c8e
3865 d53fad65994c5df5
3866 ca3bf1af3561a4f5
3867 bf800301f130f2cc
3868 baaee3b97888cdf6
3869 85b3dc538e673a17
3870 38c56449df7855f8
3871 8fb32fb03a205126
3872 693c1e3742899820
3873 bc9a393a3fd3172f
3874 71f43906d9ea3b5b
3875 9ef2cd6326abf7a9
3876 b399eb18da2eaa90
3877 425c5a9cfcfba839
3878 22dabc691b7dd101
3879 1d797a7e8f340603
3880 3fe9c4bfa76d1225
3881 72731e42cd78e4d2
3882 d5b12375bd8e119a
3883 061008ceb412afa2
3884 aba1950ac276297f
3885 1bd16ee11ef9490f
3886 669717c23babbb84
3887 e67f83e1cb7835e2
3888 dbaad65f7f6b6cc0
3889 1e2d1d8903d5c948
3890 b8f85f5c435f4c4e
3891 8a3409be2ebf4124
3892 898cad9354dc3360
3893 68b7982df7e408a8
3894 9dac2c224e24fc49
3895 73e2fcfe61701068
3896 cf5629d8c6a8cfef
3897 4e6147f929196248
3898 826cdd9f04ed3a05
3899 f134ee519d4efc5e
3900 7d12fe9e2a2a0aaf
3901 4f084d34931527b3
3902 d0c71eb6957926d9
3903 46981ff471e49934
3904 6e0f033af540e5f9
3905 cba0820b03b95bf7
3906 3b283452b39f3a47
3907 abdb1791231072d1
3908 b082d6f798fa7863
3909 21edb889db372a6d
3910 22ff3970b1b56737
3911 a14422a1f15d9e46
3912 964730a3aeb7ddfe
3913 0ab352b6372b924d
3914 cd6cf8e1903f4893
3915 e331685271abf3d1
3916 51fbcb5b58cdb599
3917 e49979c486c14ada
3918 827efcbbd6a87f46
3919 7603ba5a1bac88ae
3920 233e13582473284a
3921 16f921537908ef0f
3922 823695c42df57906
3923 21869268da6b6848
3924 38a08cdf99f253ea
3925 3dca35b15631e929
3926 126b0cb7fdc6a16d
3927 da3722710e46d713
3928 2cf288883765e035
3929 b01fc265c4af5b29
3930 1d23d7c34338d5d4
3931 b26add0277b18783
3932 b62b451db802d684
3933 a784d762b83e52de
3934 f34e0149a2ad9d3d
3935 9ebd0dcfb14c20a8
3936 277b2072ab107eb9
3937 34fcee34273d84ba
3938 8d9c6551b42d2df6
3939 c53421530e3ed30b
3940 e72f9712533f1181
3941 f1817da837245088
3942 5abf703119b9cbd1
3943 bd2b27e6f0a31e4b
3944 ad61f0b0fe336493
3945 1d6109dc7e7cd369
3946 4819c365c453c08f
3947 fa8bd9d1d147d29d
3948 3322a3cce9cad909
3949 1ed3f974e828d8e2
3950 cee4e47850aa5b61
3951 69e49aab691ead4a
3952 18b5dc2d4c4b3b69
3953 fa15f0408af6876b
3954 9b3e311c236de301
3955 c594421b599d1881
3956 f95ca5c64c03e82c
3957 c98f71909bf9a661
3958 5ba5fa13c4852a3c
3959 f2ff9fdc8ac183e6
3960 95146ee2607c7823
3961 0bf399e46c86f46e
3962 ddf758fd0d9fecaa
3963 aa50aa1a36907ce0
3964 e517d10d430b86c2
3965 45f2e1cdc1c2a544
3966 a455dbf6c9147507
3967 d1e0a48cfeff5adf
3968 b07924f411e5f332
3969 1b4e28a302afbb57
3970 9b7baf1e39ad36d3
3971 5671fcdb262a98b5
3972 9b9434b5a1fdaccc
3973 5ea3f0fa02a0244b
3974 676f7f6997dd3086
3975 e80215949a4770ec
3976 2d321ace03669caa
3977 ed6acc1cc332ddd6
3978 8f9f1dd2b01b853d
3979 3aac2bd03700fa3a
3980 72289be67f9d9ce2
3981 f1a9abb704fada4e
3982 d213fa530a3b7b00
3983 795d05fc79c345c0
3984 42900ed313b86ad6
3985 dbd4d60ee501a684
3986 4fc0751fe32536e5
3987 f619a2123d6bcc5d
3988 8bcc7ac3461f8d0e
3989 724fd0af9169729e
3990 753373815eb768ed
3991 86c1e0da5dc8eeef
3992 3673caa37bb95666
3993 90705ce5058df026
3994 0c9e2d102c5dbb1a
3995 7823681b87131d49
3996 6f87df2caeb1ac80
3997 99e2356db46fbbfc
3998 b979fee082a4c680
3999 26f6110dda1a3f24
4000 47c416a1db4c5d8d
4001 cbf51fd8401d73e8
4002 bffa965b73550064
4003 4d09429c8058be93
4004 13be90b90823d1ae
4005 0e7809d41a7a3f94
4006 2a0f4e45a136be32
4007 5f0bcf85502759a0
4008 bdff5b17f987f232
4009 0c291eee943f8f63
4010 d56eb2ed68bf132f
4011 cac07b9b96874f4a
4012 74fd3185190ad5e8
4013 40c09eb7fd304241
4014 eb4a60d64b508024
4015 cafa4fd5487ba37d
4016 7ce25c6b891d059c
4017 97fc36d0240056cb
4018 c91cd6a46021b805
4019 fe68b9931a3dedd3
4020 26b4974cbe4bdc1a
4021 651e2685634ec2f9
4022 1fb6380fc19fd8d3
4023 cb18e6e745322666
4024 46f87513afc2a3ca
4025 1d5776e799ad12e7
4026 9a50fc633d84167e
4027 3e7c08ef7e2f279a
4028 e39e9af19935d261
4029 a85d14db610233f9
4030 f9de89b2e50c071e
4031 4f8c060bcfe315f5
4032 5144612d0d7db9ae
4033 ad92c3c26506ccc4
4034 035959c5c1d17bb9
4035 ab80181b075c885d
4036 69670550bd3a2e53
4037 05feb71d2e88a330
4038 35548363c8cb754e
4039 2861b7a9ea1ef9e3
4040 dd015c0762cede7c
4041 57ac354ea88c7d5b
4042 76d0f8d0d1712b66
4043 b8d6437fd6098d85
4044 91adc73b4611708b
4045 1f6323a8f9dda6b3
4046 b3b1a0e811ca05b6
4047 3254d98ba282e62d
4048 f6a01024cdd694ad
4049 d51ca70a314fd871
4050 db8f0e973cff8efa
4051 d25052ef9460b391
4052 b97ad0561b13ad06
4053 55ebfea6dc280d1d
4054 37cc9f4fe97766e6
4055 f678d1fb5cce9e5c
4056 0f6eefb8586bccd7
4057 b329bffbaaa70eb6
4058 4c9350e41b1dd961
4059 e9679db3cd2f1436
4060 5684d86352758a92
4061 631b3193656e800e
4062 5cfa9cb2d2da70f2
4063 89d213d67b25bf63
4064 ff50f63220a6acf5
4065 5c12baaa78e1caef
4066 26eb761466380259
4067 c37587ad365d680c
4068 507b927aef4d1bbc
4069 2c34da6bba57a74f
4070 ae77954b2c2551f9
4071 796556021f69732d
4072 51e7461818f92a25
4073 cfc9b0a895424a13
4074 4885eab71b9b8394
4075 0d3775b415a25d76
4076 0fdd9e1feff32afb
4077 809a4f0e178458c3
4078 c2af58e12c405443
4079 5531759708384da7
4080 88914691764b3894
4081 52ac7dac769505d1
4082 371c85a6dac63ed4
4083 95bca388cdf50208
4084 a25544c12aa67cf8
4085 6ef8cebccaaf0a5e
4086 d496f628960a5d88
4087 f1b46cc4d2252cd1
4088 05c1d1163ac43ab8
4089 bc42f9db5c3e15a5
4090 be7292a1dad467fa
4091 b8acddc2f93498e2
4092 8e4bbde6d1b39632
4093 fe8fb6525243c76a
4094 1c493729bb11ffbb
4095 e82a074315257f63
4096 4dbab48bc46c92b1
4097 9dfbb76be97d0473
4098 20afbd7c6b9250bc
4099 5433df6a146f9a5f
4100 3bc2ce6da18b34e8
4101 e8c378b61b49fb5b
4102 68cbff919378cd29
4103 09ef8f918dc79510
4104 1b335146527c3b59
4105 18bcece4d4f60d5f
4106 6c054d86b4a19914
4107 bf7df98aad3f9959
4108 63ff338dc5e91f7f
4109 02f825c2a6f457ff
4110 ac98537b6d940f65
4111 c92e1856e37b6fad
4112 c4239c02717470b5
4113 3b52b96b8ec615cf
4114 07c50e5212fb3d74
4115 312089236c9a3dbb
4116 5b9a75964ade18c6
4117 22181f4d739b58c4
4118 a12cd16b20694e9c
4119 441ae3e3a49afdd7
4120 804dcb2f450d9971
4121 db35e7dcdc51f3fa
4122 042649b4a05823df
4123 2d3914da5c0f6bbf
4124 29f6ca3be0a1ace2
4125 8ee3f05df407fcba
4126 419bcd33d98ed8f6
4127 8b1050cb66d379a0
4128 aeb4006bb53c8d29
4129 ff30db42a248ebb1
4130 dd4887f89102a928
4131 1bbc61d35aa6c34c
4132 ff067d62060bbc11
4133 bc96fbfea352803c
4134 8ecf31546c730291
4135 26bbb8dbde6cebac
4136 813b72320f0c512a
4137 710c9d13edd75d8f
4138 de809b23193203f0
4139 a365a9d9b171cb74
4140 932be3ee4ad8672a
4141 67df1f4ccefb9aca
4142 f56690d6cfe595c8
4143 7ddd90fcf314cd8a
4144 c7bc2e1de5a4c697
4145 f9b2412b4af195a4
4146 87752e065f8bcd93
4147 361326cc021f4863
4148 70014c485109a3dc
4149 3c513e7483fd53dd
4150 8ad50b20f9b64cc7
4151 0e0fea49cb4fe98e
4152 32e890b9e43cf18c
4153 86a333bd9395bcdf
4154 16dc1f08c5a323e8
4155 562a89810330d034
4156 2bc616bedf4b94cb
4157 37b51bb0dad19547
4158 9acf17439c280074
4159 700303cdee43573f
4160 8227cb4f4c132cd8
4161 43eae3de85c7bc1c
4162 936b6ac17321137a
4163 7e888227eb564dfe
4164 3a51146763cbca31
4165 177133be3607adba
4166 c5bf70bbeb116366
4167 a2cfa13c8adf70c2
4168 2554cfa559f91fbb
4169 2261125d6da07932
4170 ea431bfcc8b5530b
4171 fdbc5206ef928b0a
4172 00950f92e1626825
4173 1a34d1489e74168a
4174 c94ff26c4cad2516
4175 5c9d9b77687265fa
4176 57a4b080d9b458c7
4177 caa1c0cefebbf0dc
4178 201b38b6442f326d
4179 e39cb2da7617bef9
4180 a852cbfe0127551e
4181 f723d9af36c9d7fe
4182 a68ac7a17229e5c0
4183 434a446d0e230459
4184 19f407afc5e8e5bc
4185 f5b7e8e0165a26ad
4186 93ba0c0be6375080
4187 f9dde445f4f51bbd
4188 b103e2cce88c94a0
4189 accdcd547f4d3f2b
4190 d7f2226b5af3284e
4191 64eda368a7914640
4192 d7d878f1bd053191
4193 58da91d40701154a
4194 3f1bdc5c0a8ea583
4195 fdf01719b3cf398d
4196 52f852d5edb47f78
4197 6f0e7d07c510d4d2
4198 87239b36065ae9fe
4199 4890c290ac9df0ba
4200 effc9de689ab63a9
4201 b1e8411d01ee8ac6
4202 ac1680777e437051
4203 170db8cf32c39a69
4204 ee7d1c2508345368
4205 158276f867f59f01
4206 9768286cfaaaef6f
4207 9e0c4df1030fc6bb
4208 39fed3ccfaf90d2b
4209 84d22cf70cc349fe
4210 334ddc2ab5ab62ff
4211 5109cef1cc8afd3e
4212 c88a5e2c50647661
4213 cad37b7beb2defd8
4214 cc3326411b268e06
4215 454d33d6025a28c8
4216 f63cf5c33fa320ce
4217 5e0a723edcee146d
4218 204317f61b747b8c
4219 d7063490753ce796
4220 08cbeb14f4c6c1f6
4221 df3872d0f7f05884
4222 52a241cbd961c140
4223 7a16c90a46847a7a
4224 dd8524e6cf6f4be6
4225 f859ea2c65a94b77
4226 48909316f88cc267
4227 536f33fc13d4ffa6
4228 e635832e4118df36
4229 d52abb92f3b2be6d
4230 c0a7b73658d957c6
4231 ac39d0da1b0c9fc2
4232 f4fbf7618f613083
4233 800c5afbf3bb12fe
4234 9721af1486b42fe5
4235 6e4e7f361505a7f5
4236 fdf0c1d3e066210e
4237 8e6bcdfb6c0f7dfa
4238 54134bc79a5a4b36
4239 f23065194ae828d8
4240 598a2c6a993bb21b
4241 a14ce6a130e168e9
4242 81f26bd78dc34dfa
4243 c7354ddb43c7af33
4244 2599bf74a4af612f
4245 d5cfb4a79738819d
4246 a110d6526c92b2a4
4247 3459c8836f25167e
4248 aee2358fa7c4e2ae
4249 a7065ad1feae911b
4250 07e3c1735e9ac656
4251 8ed145eb89ffe869
4252 8b9c7d67df844ad6
4253 4198d71207510a78
4254 780e300caa35e1c1
4255 857e4f3b4c363c5d
4256 f52a3595d632afcc
4257 2ff644f510368d68
4258 5615ff88281fa52b
4259 60d8844520503379
4260 09e75cfd02db17fe
4261 d65e8e96af311cec
4262 1de73e30a770bcfe
4263 b63d41cf8900d7c0
4264 3ccee833777a82dc
4265 d8a7b102381664f9
4266 4ab4fdb712f2319b
4267 46aafbf4355e6441
4268 adc631847a5fc290
4269 7e8f71f3e3bd706a
4270 dd419a789add0345
4271 405381aee74a5857
4272 788ffa704eb818da
4273 778358904b4c1902
4274 8fbee06301057c72
4275 204581dd2d24ad0a
4276 6c6e6bada7433114
4277 f374b96453a4f33c
4278 75c9310eca403f53
4279 277229978bcb80af
4280 5a994d0ec5b6876b
4281 485376b992403f13
4282 c60ca8059b75d7c2
4283 8d862932f1958868
4284 cab7eb28d1a48997
4285 0c6496710e66459d
4286 16a9d2d45a939c17
4287 eebf092d003f031b
4288 4aa27a72d9484887
4289 bfaff2e11e7089f7
4290 1831a2eef5601bc5
4291 0608a630ded4262e
4292 b84e951d13e6b257
4293 0febbdb3199565fc
4294 7305a981380d069a
4295 74e13bf3e3e0045b
4296 323fa4a4ab2fe54b
4297 104ba4cec085bf66
4298 5b050e73adf733e3
4299 2cc439be2d4a71ca
4300 e433279b285c5a06
4301 0477de60e2bd89fb
4302 3a8c7b5b64ec675d
4303 ac55abe767cbcdbf
4304 b64c2af7f79ef413
4305 5e374624613ed8f8
4306 38741921d0553cce
4307 c66c2441d7667ced
4308 1e44911206ac4653
4309 f3e4e234829b4e0d
4310 7b57ee03e0ee73ea
4311 a058f08e8e8f521c
4312 d9210c8b586e688a
4313 333e5d0548e86769
4314 f34b4a4b16f87350
4315 36fc4dfef0a2630c
4316 fe41374f79bf4ac4
4317 a7126d0b3ce6228e
4318 a87ce2116fc50267
4319 8b8aa09e1c552547
4320 ff9715a44a25c6b0
4321 30e900157196ae0d
4322 fdfa17bbad0727b5
4323 c91d4a0cee89b26a
4324 04f46c7be3a3220a
4325 42e71abd10b6e7fa
4326 2c6838f295874c1f
4327 79c6b0020f0b2dab
4328 b30a0ee58181f671
4329 ac7d23471375a223
4330 d69360d3d7428b82
4331 db8adc9bb8ffd3d5
4332 484f0cfd4dfe635b
4333 01a6615c83a0c0fe
4334 b0e693df6376ccfe
4335 2c9182fadf2d823f
4336 f7c5024c1ff41979
4337 ce389a93ef09936a
4338 502a0e54db11e017
4339 5ad52a573fafc175
4340 bdf8a463ebfc0c5e
4341 f686ac451de0e912
4342 c87616870d7e2d80
4343 ed5bdb284a368bf1
4344 d5c8e933a245599a
4345 d52ab997b25a2062
4346 7846214d850329fd
4347 52fd34fd18247803
4348 1022cfccb079f202
4349 64acf3ecf472cfab
4350 09499e6bf528b521
4351 b56ffecfaccd39b8
4352 49ff8143255277df
4353 77ba1ea9e8cc0946
4354 6b9fbe33cf01b145
4355 6243b9185542a179
4356 1cbfb478ded76932
4357 e07f0da2ef95fa3c
4358 a25949ae1838f8f7
4359 75d5884ac25329f2
4360 739f126157e418d0
4361 f8ab064af20f2a4f
4362 6c60979f112a2832
4363 8aec8eaca48faca8
4364 2342ac0a517539ff
4365 ef4b11f4d418d955
4366 fdd7578712bed407
4367 f27007d079e983fd
4368 05a132b7b0ac85af
4369 a221862e2c0f0cf8
4370 ae14b43475440722
4371 0bf323773e11847b
4372 c31aafd40e5cf835
4373 00b34d366c1a172a
4374 d60d70b0e4c551b3
4375 db1cda0857f2efd9
4376 ac4d1b4760424259
4377 4c208164e775d555
4378 a4cb0d42435cb8d9
4379 76f5457100641b1f
4380 1cb4d94af3b434ec
4381 96f1d21b1356c735
4382 7e14e9e66cd8562b
4383 dcea1de21189c90d
4384 1807ae8cd83a403b
4385 2703a0f562b12843
4386 d0450920dfc1fe3f
4387 b2c01c367dc1f291
4388 61507b4fd53b0934
4389 c258058f7970e8ea
4390 ca029877ba58a0b8
4391 9b5b977a7e7e4a4a
4392 c3da3032e91b0857
4393 2ce47a31ee41e398
4394 0512cf2f98ce91f2
4395 855c038637b15977
4396 005066fdfe8d6b76
4397 e47afdb3926c4b24
4398 7df5a1e811aeb62c
4399 1aa63b4f68d1f942
4400 a350abb93c30ce3f
4401 1d21a57a388e9e08
4402 b9d393ca0c3e3c08
4403 f294bdd6be3ac45c
4404 6495c2961791e415
4405 fa2a2f76a930f964
4406 d9996310114dba45
4407 46327d22f333672f
4408 c2daad04e00c9fc6
4409 2509cab01a6b8c93
4410 68baafcac3218354
4411 2d42eefe15d0075e
4412 3a9718ae871a4e06
4413 2366ac3a950e4370
4414 bdc43ae0cfe45928
4415 28f23dfce740848e
4416 0174bd92bc0141c7
4417 0cb3c31cfe99fb21
4418 187fbc97e9ad47d1
4419 780ef154237b6bd6
4420 ca6bcba77c519974
4421 82eff066cc58917a
4422 778b355ab0893193
4423 768e732108ef5d7a
4424 35115b865df666ef
4425 91c3f404083c02ca
4426 1afb40d9fcae6a96
4427 698cd01573ff6947
4428 af471f59c3bcadac
4429 bf01ea37d74d145b
4430 30c0ad375babf59b
4431 9095e4281b3da63f
4432 8a7eb76afc41b15f
4433 72a8de6f6f013103
4434 3c5edcb68283344d
4435 3ecf13151053653b
4436 819de1a6b844988a
4437 f6d9168e082230cc
4438 c0699e6e45cce080
4439 4cc31704047311d9
4440 e2810039fcdd7666
4441 94d5f3d06d577ae4
4442 113df1723b0f5120
4443 7a61911494e2e642
4444 f932113af0901aee
4445 3fdbf03d1fd97de0
4446 707c985df0e5a2ac
4447 7bb2fa4962a93e48
4448 34cef4bec5db1741
4449 a851aeeff612e6c6
4450 d2a62da6e40e33bd
4451 a7bd7c5a8c033b18
4452 24a3fd8bae540646
4453 52ce0338367cf973
4454 a12c307b37d17e7d
4455 9683985d07d7dc4c
4456 a8a78e0b049ee209
4457 175d0b9754b41b0a
4458 b3940b633ff2fccc
4459 9e83043b8bf7cf75
4460 9e1d5984809bfa17
4461 51af73e33de599d0
4462 5c8aa384f57ea113
4463 434289d49671bcca
4464 34f44b310fe3ddc4
4465 d16e7d71daf2dde0
4466 669f3f30ddfab1bf
4467 52d51048b34fcd96
4468 8c123ed4d1a2a37e
4469 5794023c5e1b3456
4470 27e1869288ae9c50
4471 d54f8d86da24c167
4472 c68e8ad671cf07c8
4473 75e8716a6acceeec
4474 3d8004439fec7470
4475 6d6e336743861210
4476 1acb32147433afff
4477 56a4874f1bc3cf2c
4478 337f09bc9a27fdd9
4479 5cf09c88619ddfb1
4480 80bbd47977f304e7
4481 24fd1e306bad5dc0
4482 150fe28f1da4a11e
4483 40cde88b56f45be2
4484 a7c00d3e44e091c5
4485 8f68f6e447938529
4486 f450754c0ad02e25
4487 9304d55811b5921e
4488 8bb5973b95d1a50c
4489 c9808f5828a3a71b
4490 09f1058fb84425e7
4491 5fb355429f6cf6ec
4492 7e393bcee8a0f93f
4493 5cf71660ffb0b356
4494 77f9c3191d5ff158
4495 7581a09ac5422533
4496 2c25e77ca9ff7366
4497 be1e467c1b2a492f
4498 1a7658263490daaa
4499 742eb5402a0b23cc
4500 57c5c489cfa9aff9
4501 a0cc7115e01d289a
4502 343db11b738833b0
4503 441cea54b2f89b6f
4504 ef1a9a4b761b436d
4505 d382392b4b8beaaa
4506 dd1b1c77dbf91771
4507 16d24d8a31302d4c
4508 0e347b593860d5a4
4509 03c1c4e45991b773
4510 7481f7c384001906
4511 776bf9bcf9a03211
4512 e4b5e8cd84fd8088
4513 4eb08a9cd1b8761b
4514 393d80a1c6a0859d
4515 47e5a76388d69432
4516 29816b92d8149b99
4517 dda9cfe4baa76d5a
4518 1ce8d6ab7fcc9e27
4519 921ff09e9057c178
4520 19fd04f2044a49f5
4521 c9861304b0683c7e
4522 cb2c8cb15f2ff762
4523 a59207f65138d18a
4524 074caa54810c14ba
4525 3462fa625aee6243
4526 09e026403016ac21
4527 eb8baddc9cb2c202
4528 5ab7d039694005b5
4529 c9743340c99c5e97
4530 3f6f733c251c236c
4531 8740eadaa25c1cd0
4532 7335dec509afb7ef
4533 60ae95d6afb321eb
4534 fd992421032a47f4
4535 7a4645e3a339a464
4536 b64d84aae8d6ce0c
4537 070b0041034a5a86
4538 51b08d71dfa84374
4539 440515671dedec77
4540 7f9052b1c001fcdf
4541 2b9b0a9d4e5a58d6
4542 e42d4bbcb5af75d0
4543 b18a31ad25bb4358
4544 0a688a3997169a90
4545 fc9090a55a5e60d7
4546 2086dc6a73b3897b
4547 42a9ff5c60247d25
4548 7efe51ff7be6f52e
4549 09381394d51ea695
4550 bedcd51f62318b39
4551 fff3b0d85186e02d
4552 1a27aef3e5a5d9d2
4553 952573c0bd3f10f3
4554 84abd150faa85646
4555 5fcce490beb01e51
4556 048e270b37abbdd4
4557 ae13c2f251f80e9a
4558 614766912749304a
4559 1c4fe8a3848a1cb5
4560 f77dc6ba978b132a
4561 83a7229f35aaa631
4562 daa7189f15c79ba2
4563 f71e15ce8d80c255
4564 ac6c2b3644b3c784
4565 0e14334c6a8869e0
4566 0d158a037910cae4
4567 416f32d04f704e26
4568 946910bef33b9c71
4569 fc2d5042d9706b7d
4570 5e3f0c9d3457393a
4571 f74d25747c071b60
4572 62387b08896be1cd
4573 c2afdab42668e6dc
4574 cc9791ab745cd6b3
4575 f7201a7f53222d00
4576 308ac2ced8be7147
4577 e4a2887e4834e118
4578 c2003eee4250e76c
4579 44c98252f1e3ff98
4580 ae30ee54a7782516
4581 43d189dc305c1722
4582 0681e271f8930bbc
4583 c23f4d3d4689f17d
4584 5a316210c92a31b0
4585 37922e1def5ae32f
4586 8df0d5f081d63bbe
4587 76e4fa00f1870fa5
4588 e032ab91d4a368be
4589 7e03a497fd85e243
4590 c528fd1fa9ab3926
4591 45064fecf332b931
4592 10c21c790773b524
4593 b34ca37d9ee6bade
4594 9c4ac97da2e89851
4595 457b61c8242ef814
4596 a2ed6c4d278ef3ba
4597 e18661ba0642d839
4598 5b0b23cbdd72d5da
4599 8a1b9138561dbfdf
4600 842977bf31cafa73
4601 5a6baa2d3c8eb281
4602 be70cc4221519ba6
4603 7b12001ca0ca98b6
4604 92463cbec4811a1a
4605 0aad58f7930fb013
4606 491b3fea6160d1f9
4607 1615feb2ad8b8d1c
4608 43cb0fa91cb893bf
4609 1755e9f8acab4824
4610 16b341432957c5fb
4611 5b92b9da97b68eba
4612 f4e237f0786b7bb0
4613 318665a69d9a444a
4614 0aa15273c96ef60c
4615 7406b997a5217b7e
4616 76b32e589479e747
4617 e522bc91fb5fac10
4618 276d49e1914fc9be
4619 c378d42d6172efcd
4620 bb78175513da7abb
4621 f173a17311ca05fe
4622 f04471bb534f9967
4623 b56362fd8f571d4c
4624 80b1dcf15dbfb252
4625 9f765b7f889783a5
4626 f3c6c4b6a32e4dee
4627 08b63364489465c4
4628 28b47ec289ec8856
4629 f89029db2f209b7d
4630 90e0e8cc8e65d7f0
4631 8c387ebe5fe58aa8
4632 52b5b4bed0feffec
4633 781bcb45ba2009e7
4634 755e4af76799aa97
4635 adf5fe4a2fe60a2e
4636 3ba083d4ac38acad
4637 28b3f69926fe2517
4638 ee6da39b797baefd
4639 77a316ec24f5e1f0
4640 0fa989b21d29a688
4641 318298bfcbfec251
4642 8d46ec727e47f612
4643 af3b1ab88a319956
4644 6c34fe2280524f3e
4645 ea1fac65c42ddcdc
4646 74a4449726ae4d07
4647 1c4c2117b84cc03a
4648 455be94bbaae99dd
4649 bfe0e47671ff575a
4650 cddad663768d6a2b
4651 c063841ecc9e2c0b
4652 3eab56a99d980523
4653 3c3ce42698898659
4654 0e0debb3d43422fe
4655 0166123b79bf5803
4656 b14dec571dcee63d
4657 dbc3ed9ddc2b36a9
4658 8524213ac59e6a25
4659 3b8eb52130528080
4660 d0aac06c2de75a33
4661 bfcddaf8ffaa5d59
4662 ef3c414cc23e97a1
4663 a1eecc87c53042fe
4664 4006b26f7d238c7b
4665 d5955da80509c306
4666 17de4d149dfb77a6
4667 6923a3f6a88dacec
4668 d43d54853a5c2bf8
4669 ce53d444431f5dc8
4670 f1c05c5a2110368b
4671 bb7f34d398efa971
4672 4e0cf4318e90be00
4673 dd41492c5a84202a
4674 9ff82ca00bd3cc2c
4675 4c5a317f2fd77ce7
4676 b10887e9fbcb658d
4677 ae32f55bd2069e55
4678 7ae80a8abe6857a8
4679 b0edc58e9033bdbe
4680 f477914d9137dc5f
4681 77e47c0a84c3c00e
4682 bdb063333334f4ab
4683 fc8dd37676790799
4684 00f8493a1bb92bf5
4685 fe2807a2236c8d31
4686 11efeea2186e4933
4687 b01a5b8f5edcbe69
4688 0305cea868338fb7
4689 0d316058e05d6a0c
4690 1e41d4706b9500ff
4691 6da71f5d279f0b1f
4692 a209574d2b7179a2
4693 ca2a75289af2c89d
4694 8d52f7c40af6c9b4
4695 bbcff0ccd7c5fba0
4696 30e4325520447e17
4697 7434cf55a50d12c0
4698 00da3681d241485f
4699 89b9593870270044
4700 8a2e203d6d482d53
4701 2e17555dd781e049
4702 a9864aa332dadf87
4703 a80c830108dfdf9d
4704 ba928d36d1144aca
4705 f297dba3aa984a2d
4706 cb8f092695ff136a
4707 bb8de75ce9a2c51e
4708 ac523a81592549f3
4709 bda33a2485a03a62
4710 da824567d8170875
4711 894255f30d640cf7
4712 8fa051723dd8c352
4713 9c4a33a9ded65b1e
4714 8bb22b19063a6818
4715 40c445b2988ee7ee
4716 8062f2ac46f0a299
4717 d2e30f0afe306a91
4718 db6f3339da1e53fd
4719 ea1d0d88b6130049
4720 c252a753e8684000
4721 36f03028e061e708
4722 a56c87879f17a094
4723 d0d4399903ce1616
4724 2e9810a09b8512a4
4725 a5e82884859b19da
4726 e6308ce984c6a7eb
4727 7cc4e837437ea2cf
4728 616e9f6c06a376d5
4729 0230f98e43f050ac
4730 460f9d7fb8ee204d
4731 5136f1438725a10f
4732 b10162a784651c4b
4733 6b507d5cc31dd875
4734 9a8cb9d8ba4c04a9
4735 014f82ba0fa50d35
4736 59754577de09f8d6
4737 802e8ba3b3ea03e7
4738 b318a93c527d2e22
4739 ec9a7e22b250fa01
4740 9c27b4381f5c6e7a
4741 bc6ee2bb2ad6c2bc
4742 eec83013ee6c0437
4743 5336a48e4c740713
4744 a2310b0f698a1ee7
4745 3e507de8595305f8
4746 24f0f394f0383ca2
4747 811d6a506d37baf3
4748 601d2dc08c97c5bf
4749 bb49f94026139334
4750 a08363b6fb1fe9c9
4751 bc90fdf0a99d6154
4752 b77403da7dcdeb53
4753 03ed4e84b021947e
4754 b6067877e48f9699
4755 f86e34e0fff5e69a
4756 9d85f972dc2ca950
4757 41c405d109d27ef2
4758 6f68a66d17e28b53
4759 6125b9b23cad15d3
4760 15ee7056776ec3a7
4761 fc604893030286d5
4762 6c5ea8cb4d7e7930
4763 98d042faba00b5fa
4764 0b34c919f82df8a4
4765 baddbc879a06545e
4766 c5ae1495258dcb14
4767 ec7472a796069563
4768 803ce96419a4f139
4769 b93872d82f62bc6b
4770 2645c6e20b50c437
4771 4065649247d83f2d
4772 b6fcd1477c4687cc
4773 3697ede5f7710de0
4774 3dc42d6de433034e
4775 d0b1aaac21e4a9fd
4776 33f02b983bd602a9
4777 f4abb585ee79d19e
4778 07b40d76c4845117
4779 a69b6f6eba0e5e3d
4780 1ddeb8e3433ca124
4781 66f0140332a5feb9
4782 42767f9c5f2f1298
4783 bffd2c5be95e5562
4784 203786da863f08ab
4785 ef5d52555ecd1968
4786 cd178836c4aea49b
4787 fba21295fe532482
4788 f6fdb3167a1dcd09
4789 246522b0b09eabf7
4790 9d5e7b4c50c99b02
4791 5517574535c442ea
4792 0ca043a862f436bc
4793 e949bc2500fd31d7
4794 2e2f03b919e9d9af
4795 f7dc5a8a268055cd
4796 4bc5d124b533e5af
4797 0a18f2c3fd95b356
4798 35f9f26a37e62480
4799 2aa9d6479c7683bd
4800 7c6d7e11355aec30
4801 70b93a9d573df34e
4802 8e04bdd9618987cd
4803 c4f6f8a9a04d6f0f
4804 688791924f3adc75
4805 37f06a48c0453756
4806 3e3ba7620934d6ae
4807 d7a1acaa10a350c1
4808 ab53d4a6aef84888
4809 acddcd181afeec52
4810 87402a40b2123107
4811 dbc0a26481ca5890
4812 d13bb9d124ab53a7
4813 fcdf3f7f35f13e87
4814 8525f500086ebc29
4815 1c332104ce69d682
4816 47b987ba43f87289
4817 aed8e303bf3bdb55
4818 dfcdb4efe09923ac
4819 8dda92c95cedca9d
4820 71bc5e1e80ebfee2
4821 cac796bbb45bd4bf
4822 20a9788e98178837
4823 d5e7e306246a5d5f
4824 0f2e7ca3b6d4aa31
4825 a050e6e579eee6d0
4826 065949d88bcd0835
4827 7d64e57e5cce1d2e
4828 6e5771c083db33d4
4829 d3c93f84289f8a09
4830 f3c443632e3a75bc
4831 6bd60c5ab08110be
4832 e40b1de7eaaee14b
4833 4ec25798969d1e53
4834 8140dc29bd3b3058
4835 48b3746bc50afa14
4836 b5ba31ca8965885c
4837 e8e4357e2a9bd189
4838 4676c8dc7b9aba48
4839 ce5e8040461562aa
4840 e349c1fd917698a1
4841 35c2ea099ecc4b13
4842 a2422a232b91be54
4843 c04150fdd94c9ad7
4844 b762fdb9b78a7d99
4845 c9ada1cf704cf714
4846 0a8fa91d98e3c74a
4847 e2ae0ea1656f302e
4848 2f6ac0f540f06760
4849 b82d109be88b1643
4850 1fab208e1f825995
4851 df2a89e79f759b7b
4852 5fba57330def806d
4853 9d1241e80a0c7d12
4854 d366c9835028acf7
4855 b23145972dd71e1b
4856 d51ed411e2dac254
4857 8ed37503f0d8613f
4858 a1cb266e8890dd34
4859 89e8cc25cab126cb
4860 019fc2ab7b8bad79
4861 0be8c9c255ab8127
4862 60fd7a1e69d1c3dd
4863 74e344a0ffc0544f
4864 b6d343d7d29808aa
4865 64452ab95901a42e
4866 a5cf73b9c81c8a58
4867 8650f8436bd9d6d7
4868 ad56ed2a1ea5b38c
4869 9da47473c7223f11
4870 e02648bfb4998674
4871 1bf00a9fd244de18
4872 be6d8ab7943fee79
4873 669e41f3f92ada91
4874 e1459bf7b66467d6
4875 32b0fae088e403cf
4876 0d4f4e84a73d76a7
4877 3173d3004cc5b0ea
4878 ce68ac55e8e2cda7
4879 bed43809342478a2
4880 cb32e6b967dee95b
4881 8a48b515e2e6aa01
4882 c5cb07153ba37084
4883 d369022cef25d968
4884 48bce2f463d72ae3
4885 c8872c16a00e95c1
4886 1292d3957885651d
4887 e1a8a4056f54269e
4888 039a2e0eafb64fd9
4889 e57f39266f4e8636
4890 4fec13665538d44d
4891 707af6f35d487f09
4892 8ef7925dc282ed35
4893 4b8b9f91f8c7dd99
4894 f81b0bc72c66c2fb
4895 af565263855b2089
4896 9f37f862f605f2ce
4897 ec87df303b335e69
4898 f61e1acef8425c2d
4899 bc8916b1261bce99
4900 bc558dc1a2fe7042
4901 1bdd18188ec7d513
4902 29c8394444ba32b7
4903 aafb9f364eab1159
4904 dacf5eaf4732e840
4905 277a5c29d0a4379c
4906 54a6e92005593de6
4907 bcee8d42a0a085b9
4908 46a8b6fe7c6febbb
4909 565cea81edd940e9
4910 b6470c4b2eae4f48
4911 4e3600adfbacdfdf
4912 b994cf22a4c24ef6
4913 24ed91a3ab26b884
4914 a066c2547ab626c7
4915 f467e1ce6ee70776
4916 e851195825d657a2
4917 9b85347162c949c5
4918 c00e65db48cefe9f
4919 9c30029b6b599639
4920 4d88a0b08af98980
4921 29dae7b1853d1bdd
4922 b4061e9cb6b6e3af
4923 e53630afd0affe03
4924 29c18f10ad6a10cd
4925 1a9db62bba79f91a
4926 6edb559ca0407325
4927 2e836256621eac43
4928 1a1f028889bc92d9
4929 fe5c7252b15e2608
4930 b6a55b7e021f52ad
4931 ced775e976638d53
4932 34cbd73599c6d7c5
4933 61308c3c1720661d
4934 102cd887de5b9796
4935 e6662364d02fc4fd
4936 8ffd800b7847fcfe
4937 7e2201318b1e6b8f
4938 6bf3ee3733af5013
4939 291774288d931c92
4940 302b0be621fa367e
4941 624bbe6c84357a6b
4942 9e35c4a85b15fb01
4943 6ec0173de08d6809
4944 5ef11fc2ff10f2dc
4945 e2a7d1a0404419ab
4946 75a9b5fa7f23d5df
4947 3bdaee6b60da7791
4948 68f6ea8c384d9e05
4949 8ecd1ef828f2d3af
4950 121ff384efa5c0b9
4951 3c7489ba5c9c90c4
4952 e89535f4238fd8c0
4953 11577f3d4fb4fb37
4954 b60424423f8cd3ad
4955 b5d8606cc6d50e2c
4956 a6447793d464b8d9
4957 b2ba74138b24faf2
4958 e05853c5734acb0c
4959 f83568752f971b50
4960 739103ec6f0dec7c
4961 38fbfd4183e634e5
4962 0dfafd40c62a8dc9
4963 7961d9e2dd4761f8
4964 a076c721d7689223
4965 6f9474328f35db89
4966 dd27ded1e861a99b
4967 c45c7145766c8860
4968 b3ac2caed27e456d
4969 c32f224bd03f3983
4970 a1cf93a941517377
4971 97de257acfdf2f35
4972 3a7740156a01720a
4973 be7a52eea9a0a4db
4974 5e9d6ec240be85f6
4975 dee502613928df0b
4976 5691079d98d2578c
4977 31063283d471c972
4978 32e04d3a25829176
4979 439c01a2335f351b
4980 bee614af7ccf3fe2
4981 5024f206fb32e93b
4982 6c098eb46219e787
4983 66540b70a6cdb0d8
4984 fd981f51419d9bde
4985 6f6f5454e62b1895
4986 f1fa66a51a0408ee
4987 7aee6e1a5f9cf01d
4988 134ebba0e64891eb
4989 df5359880b4c493e
4990 01493e03b4411b94
4991 ae996e712359aaee
4992 2961ab177fad3196
4993 7f94483b91d8400e
4994 4a7c914751967548
4995 8922b6de60527d44
4996 184a9c1df57beb26
4997 4a357b583450c76f
4998 08d70dd9278aae2f
4999 300bdd7fc45190f0
5000 e0b9aa88aacf228b
5001 952708d07cf5ee5b
5002 087a526044ed1320
5003 d4dce3337f5ea793
5004 9496b338390a0317
5005 2e1836790129a5e6
5006 e75a9b655d6e8cc9
5007 1e93f0a60475568c
5008 3dcc5f6d4520c554
5009 11853cad9f2b82d6
5010 3600e88c8433e77f
5011 8f390ad0f23bb467
5012 7cbd9e610f3ffbc0
5013 afb79cfe25038d4c
5014 e2c0c31b19b11621
5015 2ff3f7859bb63dfd
5016 c3974fc1426faf62
5017 01e2aa4eccf43a48
5018 4db7dc460186cd9f
5019 e10bf26b458df32c
5020 7e43f975e3de5ce1
5021 25465adf7884a63a
5022 ad12e454869ead05
5023 be9663ac11932683
5024 8433acca51c84257
5025 203dc338add8fbb0
5026 1ff7d9db292d27b2
5027 3d1d92659c5ff56c
5028 837616f4d06fbdfe
5029 127710fdc95ee32a
5030 d52ba28d8764baa1
5031 c6b7bf8805612e28
5032 f980a95aa6943a88
5033 af9bce244376a6c3
5034 58bae2d386c1f994
5035 661707b74d505436
5036 4962dea4578dc627
5037 72d557f49acb378f
5038 19c9b4cf17651c3a
5039 ac0381f4af1cd604
5040 aa5b5d258a1bbed1
5041 c51afa63178efcdb
5042 84d9629e56c919ad
5043 9afa373a25ec385e
5044 7263924ed6a2ddc8
5045 e3c113bdcdb8f0c6
5046 8c4b65f0e8a368d3
5047 08e4429794413fde
5048 0bb74b0ff24e5360
5049 82edfd30a725f774
5050 d4d82433a8f89e9e
5051 ecc6bc9b8f01815d
5052 a106f75a222dd005
5053 255fd908c7617ed0
5054 f69faadc8a754af1
5055 72e7fece3fd09b08
5056 43873ca2be69242f
5057 f3ca5023470679e2
5058 36191b2369338307
5059 8d1da0b6ab174765
5060 fee8a1c2669e490f
5061 e503b413c44e3742
5062 8aa93d8b886ab588
5063 0c61008c5f5abee6
5064 717b578705801dc7
5065 f8991fd179e650fc
5066 c371fb4a14ec066c
5067 6a884cc6bfddc01d
5068 bce691a50a4b7877
5069 97da8602382f959a
5070 45511f41b6a37a02
5071 2f74445f1aeae121
5072 baca59f2b5c97ae5
5073 65895412a0a1504c
5074 62036bc3590775e7
5075 adc1ec126e494b8d
5076 77b442640465071a
5077 123ddbfe6fc1e0ba
5078 4e7212d4d40efbc4
5079 0886dcf0060a3934
5080 866e1903bae4eca1
5081 adbbed6853c0e215
5082 097f8f54070f115f
5083 53be9681aeaebd0c
5084 5861f9fff7a0dbcd
5085 e0e430ad30c402d1
5086 4e1e00a677b17760
5087 4f0b69a162274363
5088 189b1baad23382c6
5089 2f39ee76cbea971a
5090 b7e4289a11fe58d2
5091 97bf3a696b88f25f
5092 df662904174b9fd7
5093 18f8e5521820a1ff
5094 f3aa345249be2111
5095 153f2b2a3222ae29
5096 4e56986f2b99149e
5097 eb7ef11995874454
5098 956305c6f377caa0
5099 c4c915546f7ede3b
5100 79c6b4427afc091a
5101 6a5c81f7494fe2e5
5102 ad5fa8f26b59803a
5103 09ebdd7ed72d0c04
5104 ba6a5a14a0f5059d
5105 8074fe28da36f375
5106 801b19c130571e4a
5107 31808c01d72949c5
5108 3e947af6ee769f13
5109 4e808c1ea4b9a996
5110 90e4bdd1f05e3a29
5111 bf0fdf9a5b77463a
5112 3295fa2a4337b0bc
5113 2d4f58ae60086f4f
5114 854297a8fd3db6ce
5115 7ae3113f3526eb1d
5116 2f8284394e863578
5117 b312df1343f51550
5118 e7a7a7a7092ec360
5119 68e8d6e4423d8809
5120 72d9181c74f69d8f
5121 9b19387b44dc5b5d
5122 4c1b9e2eedd63d04
5123 4b7537db2a8cc54b
5124 688b3a8cedfcb951
5125 f2efe5bdd491d699
5126 751e3e5f4a471974
5127 d49538a634a9f899
5128 6091b6b5a81e85e0
5129 8ae803daaa39dc62
5130 e2de2c184b0dc3f9
5131 f100c9524ea2b63c
5132 15af92e14dd7e982
5133 cd5fb78993275c72
5134 c9a6c580b88ea137
5135 176d41f52cfab260
5136 3651ba2786b9229a
5137 fb49e9a0957cca94
5138 ca485a9bc90b14b6
5139 c36feda7e882a5dc
5140 ee9ef3203ab8bcb3
5141 9f577bf0f3bd7d4e
5142 536e9cb3d921960d
5143 7a2dc20261266367
5144 ccdaa27a7e5a9601
5145 f28037bf1bc61036
5146 715626ce05d43700
5147 116f8b90cacb986a
5148 e17a7a5d691a63c6
5149 94b04338fec4c6e5
5150 5a1265051a918ee7
5151 5693a4f484df365d
5152 3b530ec3cd03d5ed
5153 f5d84c2763da5d3c
5154 bc0455e5faf32495
5155 95cf83436df53f27
5156 d4631f6f9851492a
5157 1fc34a054dc6dca0
5158 96fa47238fe5bd61
5159 2c62b5119bcb689c
5160 936011b79739d24f
5161 345d79523e61382c
5162 008ddb4169ed83ac
5163 3cf4a03b625c7e56
5164 a55cb77f54251c3d
5165 ef726f6bcf8c800d
5166 4cfa650670d60f1e
5167 bea2450c8b593d22
5168 df0f88065e6d6279
5169 e3a8a3930e15e8dd
5170 ff2b68a05d89b3a3
5171 9ff111fd87d6caad
5172 5862e133e8d02f7c
5173 81512dc38136a1b1
5174 fd8c8e31a8a411c7
5175 5c4e93d6c8c90456
5176 37f8be51ef7a750e
5177 af6e0ae5d24cd25a
5178 50c8d65d1cc060c9
5179 01eebc05eabe5f7f
5180 d7e70a5d95432f19
5181 268fd6724f090a89
5182 74a4de0de9694ab8
5183 16717727762be461
5184 6e26cc78818e7731
5185 0e8638ce3f09dbef
5186 ed7c31d5642ad483
5187 3ac2809b793b311d
5188 707e311889276817
5189 95a4b4f71e1093d2
5190 d60e46ae7974f445
5191 2fffc57088d84325
5192 2025dabe1d75fe87
5193 3de5f033bb78c9ec
5194 f2b32174df70d195
5195 59ec9b0e23c309ba
5196 e72157659fe4ff89
5197 8bd375578a84fe3f
5198 49fe07c3754e62e7
5199 3134dc359519afad
5200 427d59f822e383c4
5201 b2f1e39cd0e2bc3a
5202 1f460807cc99c120
5203 528fa6d6276f010d
5204 f95c62bef37ce0ca
5205 48dca6eb6fbd8787
5206 8c4c686638279a45
5207 1fc61d2a1d81eb86
5208 d59b8550a592e5e4
5209 e061fc5b53201bde
5210 af1e2e0587c929a7
5211 b55270461cb0882e
5212 34ce99948d4759d0
5213 a327b8cb285338e3
5214 1e497e886f148753
5215 d980b507f36a14d8
5216 f6d6a4ad12598cb5
5217 cc2650e612edb19f
5218 1322eb11a576bcfd
5219 747142951d828648
5220 bcc20f5d8a2ea801
5221 3b9583b208ebd17a
5222 993a884a2728697d
5223 53674fb5081bbd41
5224 e95a3c6e14e9b773
5225 45c9d3758e33ce42
5226 766b46fb5db04882
5227 cd3761122017404a
5228 72a2f9f457493d82
5229 f84b331914cc3b4f
5230 17dea714ddda9d75
5231 fc33b1e885eb3f2f
5232 29fb33468aaa4aa2
5233 b9b41e951380e089
5234 ddc646a63cc5eb68
5235 d2c21ded7da750fa
5236 c61b8e5c89d0c31d
5237 e705d329c7bfa715
5238 4c315da282736fcf
5239 79368161002bab62
5240 f0b5e91493f9a4d4
5241 d3de56b18d3389f7
5242 7046f40bb1b4f833
5243 b6c695ccfaef00b3
5244 3411d26fe7217965
5245 f92aeb68a40e71d6
5246 54c4e1815c0b91f8
5247 10448b79a1c968c7
5248 f23b0cb9cbd20d02
5249 cebb897d26e2a49a
5250 8cb4823d1a7b8ffd
5251 d1149e10ee4378c2
5252 3bb8850b82e59c30
5253 bb37f76d19c1d15a
5254 14830ad688fa13bd
5255 22f3e02cd60b6996
5256 810bea947836ff76
5257 5529a7c1adf9f27d
5258 7b715dc659c5994c
5259 1c3cbfe26feb9645
5260 7193ffb30ec9f542
5261 65957dfbe89ffabb
5262 f1fe04f97bd4466a
5263 7ad64fb6f40b509f
5264 804f4af5026deddf
5265 812dfe850dcdc7f5
5266 e2a3fc22f2969b9d
5267 4bb5d73b448fa55c
5268 051d5139a915b90a
5269 77566481090b52fe
5270 7409a5f6c7b990be
5271 a1932faf62084ac5
5272 03197ffc044a65da
5273 b13509b7aa41a832
5274 a9f07950f378653f
5275 7866c5c0702cb8f0
5276 251d867ded028ae3
5277 b3cc1eaa5811e2d6
5278 a4c7b629b9a1fd61
5279 ded47ae2e90be5ae
5280 951eb31a6a430046
5281 bc3bad6ecc323a38
5282 f98a0d6062060560
5283 f0f8245029095d1f
5284 e9188446c8826741
5285 c6f2d2d33e9519e0
5286 f0e1c085ed3872fe
5287 ddf122274b02885c
5288 a8ed6370b3b4123b
5289 82dcec458db641bd
5290 3ecce9edad848631
5291 d9988149f947a0f2
5292 f79c48ea03c6b832
5293 4d9434c82ef6cc57
5294 eebc81383c96f6e2
5295 12597278c816bbf1
5296 fba1010618fc8a5d
5297 7c7cfabcf66c4d89
5298 19023d818d9544ba
5299 afd9ef73d43f9e5c
5300 6908faf8d58950cd
5301 92f3aa93a22de3a6
5302 9eca43f05105e28e
5303 3e4a77754a833d78
5304 cbae02d4123b9e23
5305 eb85342c95daa472
5306 f78fb3000ae51706
5307 956bcebdff4fa5fa
5308 f757c4a666c3fb57
5309 363219a006d78128
5310 41efe95389f789a6
5311 27e748ec119bcdb6
5312 6ae063d4cd1077e0
5313 d831cbbe190c254a
5314 076a84af344b61f9
5315 709d81d992b6f793
5316 5bc2b661f05979b8
5317 779077119dfba02e
5318 c3af51a3aeca3dfb
5319 42b471067cc46c61
5320 1a1678707edad43b
5321 28b066f26a2efa76
5322 0438da8bb67093b6
5323 ff35fdd3f7a161e5
5324 8eeb03a833d693a8
5325 ff9023d126caac01
5326 674e7120052a0396
5327 96730683efabee4f
5328 c09a4e36fb25731f
5329 7e0ed410dcf47566
5330 d7a0f85bf616b3f7
5331 c0d747024ab8d798
5332 817c937e99e4ef77
5333 10e5c18d92cf0f51
5334 c80aa5d7695f2b4e
5335 2ce53a325636763b
5336 8540eca9d03ec6e8
5337 fe7d2d26e83d0a99
5338 7eeb625516c4926c
5339 73114bec63a30253
5340 c3e144ca4cd3702c
5341 631c5902599eb83c
5342 8a612ceb5c12fb57
5343 4c725731c52ebf94
5344 632bf0e7af9075aa
5345 bdd79981ad2a47dc
5346 2e8f27d8398759aa
5347 2ddfeec41a8bfe75
5348 2c16a144ccf40231
5349 6ca6419c13042636
5350 62f8fbb47d25b662
5351 3783661a197a985e
5352 27ef86e86d7b6eca
5353 4271eb280558275d
5354 21a97a8f79639cdc
5355 e066ad7c7b78d49b
5356 8856255422c53e5c
5357 83482c2215e6655f
5358 d5c31fa47740708f
5359 b3a6c89fb971d06d
5360 f1cd98dd126f89ef
5361 92369124689a3bd2
5362 12bcef582e0299f9
5363 a4fdaae05110f6e6
5364 997afa4fcf011053
5365 118169b4a3d97ae3
5366 e96d848524a10f8d
5367 2aaaa9121fd67fca
5368 38b56008526d6b74
5369 82cdf009786a42f1
5370 39ab9723c9992986
5371 7eae688faae822fb
5372 199ad234dae71fc9
5373 b5f0d4a820a44bd9
5374 4d8aac936268fe67
5375 6a32a7033a989793
5376 032a671512b50ec4
5377 7a80ca9b7a545c18
5378 8bd2fcbe0ce63d3a
5379 fe9b5363a19b4621
5380 e3ded33375ea3ce1
5381 6322115a20a9c826
5382 6e4f7c139032d064
5383 97edda3a23fc7af4
5384 62ecf79e22956789
5385 398f46de99074dd3
5386 9f963bbb971305b4
5387 96b8e827db38130d
5388 98607c1be8581c4f
5389 e0d4510e645e97b1
5390 4bb94330dd40c221
5391 9da51f44de66f6d6
5392 018dc798b6fb2233
5393 38659bbb7da00516
5394 cfbfab387ded8ece
5395 103e1ab05de14387
5396 995131bb14d10e63
5397 c7ab0fd35eb8f5fb
5398 8754988b757e3b7e
5399 a9f65f7d95f698d6
5400 da38d3ef162e48b3
5401 9864d037699a622c
5402 6af2764b53916461
5403 ef8ad9769d297f8c
5404 489d1b9c3b930da4
5405 5162835bffafb739
5406 3a15b5c4ffa90f2d
5407 31593aa508d1a27b
5408 2feff5def5b1788e
5409 c0264bdafdc53be5
5410 1dccb59f65f2b0d1
5411 e0291a88ee3505cd
5412 bed50d2cd9961101
5413 9f233968a6067153
5414 271482074b723561
5415 0e4e927a1388447d
5416 248bdac31e19d091
5417 e87068dd79ea9da3
5418 f36f044b5634adad
5419 ef7219bb0ed3f0a8
5420 f3233eb42a254937
5421 4cd91ed195504bbb
5422 012358952b55d646
5423 3324b0460b9cbe1f
5424 e8e635966ac294ae
5425 5e44d8ed54a474f5
5426 a8d324889416e45c
5427 7663fd94fe1aa98e
5428 5855d4271b637a16
5429 10e4ba862efcddb0
5430 3bcf87bfc1a75405
5431 2fda12836451286a
5432 f42d192d35b0aec7
5433 6c4cfd6626377f2a
5434 cf10a85cff64e0f3
5435 7d117e720c38d1bb
5436 118b7de41a39a028
5437 3d9e5ba1d997cc65
5438 37e159aeb8d65714
5439 b8dfb26777918999
5440 56559958e0e2561b
5441 01fffce86f42b45b
5442 1941c0d565b24b97
5443 0bfc1a5ad065d79a
5444 eefcfb0dca78ee31
5445 4e74471d09221919
5446 b73b5b000726f7fb
5447 9519f206bcc1c2c3
5448 073434cd741e28d4
5449 2db65a3fd17e73b0
5450 3b0318b058f8cfbb
5451 48344b8fb8d0522b
5452 9e32d62be83201eb
5453 8089c10867a0b334
5454 29cee089970238ea
5455 b403d20d2c977851
5456 40146cfa195c9225
5457 4c1cd6e23eb86a9a
5458 30a99087b31b041d
5459 3d9fc4cbb6580ee7
5460 5a9652781f7ca264
5461 d742a70269fb6810
5462 750a4f2265a16342
5463 9023a7010f6c9020
5464 a04b1b3aa29717c8
5465 3819d2dc30af74ad
5466 eb39e7b739b7a769
5467 11eb20be92ab61d3
5468 19539a3204cba3de
5469 2294f52e74ee665e
5470 a60d47376a8b8719
5471 afd0e76d547d5230
5472 8f9b8808758c6528
5473 6f094c25da431e9d
5474 8c2256f78d7ae1b0
5475 3dbed2a3ba8002ed
5476 7e4896705643e90b
5477 72f0a39c8e52bf98
5478 66de6deec03ac377
5479 6390ed6dfe4ddea2
5480 5077232cecb6055b
5481 5fa0ec937345f95c
5482 2d18355971eae6e2
5483 9e4d3dff2b94302d
5484 8a99f7ee14c8fd13
5485 2bda2f73c1701a84
5486 04ff9c069b5bd47e
5487 b71706dcb88905e2
5488 8a6deeb7be804230
5489 c93a918426744a62
5490 e9faa24d87ed25aa
5491 9a8c8c0056ea4db7
5492 221896219ab7b9f4
5493 4359b2ae5919fb68
5494 73dc7aeabeceb6b7
5495 161a289d07b5d5b9
5496 d7053a85c2d67201
5497 cc890a74140d7dda
5498 7796e3dce4500597
5499 1e5e10e1c5b26bee
5500 574d2ab154106a7e
5501 d1f6bea2b5629f9c
5502 a1be61baedf4c8c8
5503 9c78cf0937abb411
5504 2bd0bac189ab1fb9
5505 e119cd2ec66cd79d
5506 3cc3649c21ca6f43
5507 6f882af7b7caff97
5508 814bf5a00be12f08
5509 588589d8992c1755
5510 83dfe5d9b4a1facc
5511 3eb2f598d21bd8a5
5512 1a8728cdb2145fbe
5513 b256c3e773faff27
5514 7934760ec8d82889
5515 21b27306d5c5727f
5516 3fee203cca1bc764
5517 423ecf49300baa27
5518 6daa80b313d9f89c
5519 4e1ea2fe1e22ca33
5520 ac1df3f757689246
5521 6005d82f60208138
5522 369b20e6c69e8454
5523 d96963febc442115
5524 9ef81f0c9b02dd91
5525 700f7398acd2fabe
5526 5056f0bf6105e1e2
5527 8ac62a7aa211c8b4
5528 4ded0a2ee6ee84b5
5529 fad66c947a769c69
5530 8f5d2adfbb3d58b9
5531 d48bec7bcc2e8956
5532 56d98fc84bd274bf
5533 ef0c7145ef34e887
5534 cf778c4906355e62
5535 85441955fd0ca472
5536 3e60169f03c7fcb8
5537 c3cba3400cba383d
5538 d3a92a3417e7e6ed
5539 59f26f1b6413d6af
5540 4a7d2f51ccb7b112
5541 bcff645a75163c53
5542 b869ddad73c7b599
5543 8c188c9e79471510
5544 d76857d8f716ec0e
5545 3faa363c8fc82647
5546 0335f142dd3d56ba
5547 ec1e420356ad7e5d
5548 2722db1f36d6126f
5549 d6429ceb81f831c5
5550 df3a1842872b5f88
5551 41d782d3cffb3c07
5552 1b5a68e59d82fb74
5553 654996c5059ab83a
5554 0061fdad319dced1
5555 792b6f2bca6be771
5556 6b976991d85866f8
5557 58db80d6c6fa7852
5558 ec03ffe9a05b09d3
5559 0f1c19f797c1060c
5560 98fbf5b485e20552
5561 e5855910f0cbd7d1
5562 6873242819093b77
5563 9e89261ba1a574f4
5564 2b0ce6243b733726
5565 91a770ad08bc891e
5566 1aceaf78f931cb4a
5567 d82f71d1ffb6fa0e
5568 544236ba0043c866
5569 77133c8e23589455
5570 d4c00a0ae9bca309
5571 4d54aee856e2b2e6
5572 799cdbbc8d5d251f
5573 f167a776249599c5
5574 49c5b758b4cee4ed
5575 319135b555b300a0
5576 5fab40b4ef80ba45
5577 6bcd86e226af2d6b
5578 3b09f28e75540737
5579 1662f76ca21b1cc8
5580 eb0fdd309ff3a4ec
5581 bcde9752e5f9e2eb
5582 b9dded7cc991220e
5583 dc7efaa5b03a6b3d
5584 7124416c8179cdf8
5585 33361d63ce4f2dc7
5586 ad93efea4f06f5ac
5587 2e228c613b493c8a
5588 16b29653647e1e68
5589 0fb83f47e8322ce3
5590 e24ea8123ab8d327
5591 d63330f3d28d73a6
5592 f580649e39ca6311
5593 dbe40549a4734f6e
5594 1d9bfd968270026f
5595 2c3dcec3281f266d
5596 65c015750aa92d23
5597 15fe8ce5a5e29db5
5598 170414c7290f4eb0
5599 faaf775ac338b0fd
5600 a8d849319a49e824
5601 81e7d24ffc7e00a5
5602 730dae68e4304216
5603 749cad9c0d0e3c4e
5604 36c40b484cd4508b
5605 c83e81416c73532b
5606 44793695e78ba940
5607 013f292dc85d8f2e
5608 3f4ca760dfa8b324
5609 9c7def775a369bf4
5610 3d1d364fe3bb3557
5611 2e2570a78ea9292e
5612 c7b40c0b10cd9ede
5613 6de8910f901708d8
5614 acb0f5ac80ac7454
5615 0a7a4250a40c42d9
5616 0ad32983e92e9356
5617 fdf888c5b38b9fcf
5618 97e8f959f575ae9d
5619 996061b96a5435fb
5620 24886627cfc823be
5621 3cafa31ea6edbf90
5622 cc5671c37cea0902
5623 8e3e1389762232a5
5624 b759aea1745b8d17
5625 996d8151cf686be6
5626 5260f32a021a96f7
5627 f7d283a9c0e75e31
5628 4a3c1691569dd809
5629 b3641789206fed41
5630 0efebb0a4d480ac7
5631 b0460113632d0e21
5632 01d926aa4ae48870
5633 ae88074d2d4a8ec6
5634 aeb71d4489ed4ca5
5635 5e2e934033a61585
5636 1abde06bfb243e19
5637 de9c3f0ca5691400
5638 ce2eb01986cad64f
5639 3a31fe737a372eda
5640 2b67109b97b6dd4c
5641 28589e865444fc33
5642 03c9bd3822bd1cb6
5643 d6b103331866d8a2
5644 a42487355e9218a7
5645 a4662b8bdfc64f85
5646 c5dda2465b5fac33
5647 165eeaea079132d1
5648 0f9bb53ffc4c7001
5649 366b25f696ce4af0
5650 958c2f4fb6114a02
5651 ef1e6699904bdead
5652 951db96978182489
5653 8f22661eb0fc7612
5654 48cc84d9d1a4e4d4
5655 212108d4bd317d2e
5656 ba31456a9d5df1e2
5657 1119d13e3d673895
5658 7a633aac7fc243c8
5659 656d1981e4099aa1
5660 12ea5a198624525c
5661 bb8162d917126ebd
5662 9a350110daf81f4b
5663 2e630669ee21d7d3
5664 ea87bdc4b6a98b7c
5665 1ed6e70e7511db55
5666 3335842a188a2747
5667 eceb07587bbc97a6
5668 c5f7290c42672675
5669 aa9dd94dfc6de7a3
5670 8144ffd24bc340e6
5671 e2d93e8eaf6bf868
5672 f2e649098b1f67e8
5673 f7a3bc84c1979ccd
5674 fedefe413a678e88
5675 9521bd3e98024e11
5676 3b9fccad2e2b9ce2
5677 cec8f07be7a65e23
5678 099861d4a50f95b1
5679 34fbfab6b965cf01
5680 6648a764af901f8e
5681 9d7ba3bad344d52f
5682 15c01f53b4a4f8e4
5683 8d5e0efdb2a30303
5684 866363285b703107
5685 d300e75dd001868b
5686 46c135cc2a61e6fb
5687 56eae3a28104e5e1
5688 6e8a830da0b5e8ce
5689 60ec6eb8e618681d
5690 4e8f229bb736f2a3
5691 473fb52e7453617d
5692 039855605be4d15f
5693 fcb61a3b883698c4
5694 bbc9ba1b95ffee8f
5695 323963cf07a7575d
5696 3f787705550c9db0
5697 7a231cccfe440f79
5698 94d8ef1f441d9d85
5699 ff86ccfb849cc191
5700 f3bd9d122345cf8e
5701 8b69c55dfd490400
5702 69492d3031f95eca
5703 3a2e4030023c36d6
5704 ba863190e455cf77
5705 3920d561ab59f534
5706 9b7ec501931dddd8
5707 c0f2c5dc5284d3b1
5708 c27ff154c4032f32
5709 f777287e98c9a7b7
5710 e86b4dbe4860a016
5711 786f05ec148e8e0f
5712 4b089699640491b5
5713 47d4d9b092c1ad7f
5714 9a051d605e590100
5715 b931477d8b8a3472
5716 924ff2c93b9ca9ba
5717 393e48aaca2f2f32
5718 a81bbe642f3169a1
5719 4085e59766feb67b
5720 2542d31c77c4d8f0
5721 d743dcdd3b6c2398
5722 6935bfa99cb68b30
5723 6e51037a9d427a85
5724 dc69cb923d372345
5725 3033235a477a388c
5726 0693a03645e624ff
5727 bf0f6d4b13b07de9
5728 98eb5803bdba5367
5729 22484a17001c8563
5730 c21201fc95c8a217
5731 611934f156b606a2
5732 fcf5a6ef4ca2e10e
5733 f392c2662f665b4e
5734 ec6f26d1f3fe6208
5735 efb562eb6fb8831c
5736 0ea4b4fa248357a4
5737 314902bf0dc4add0
5738 1ce396477d9be35d
5739 fdc091ebed08ba49
5740 ec9bf0a303b43c39
5741 0644c5bcb4e05526
5742 9211471709fd0144
5743 9e517aacb42ec355
5744 f5fba7ff3d160430
5745 0bced8f5776dd527
5746 7743174c3d1fb642
5747 5b3de689bf4818e8
5748 860ae394d72e910c
5749 3cf43a1d14a06aac
5750 66bd9b1a651de6ad
5751 fd11c65e311f67a4
5752 1941bfb3e14f4612
5753 9770d2977d2a5562
5754 d2467698dfd85210
5755 de6dad4a0b9ac2c5
5756 3b4554d1afb4b18d
5757 0cd26e1632486858
5758 bab3419241d838f1
5759 e58934883fdbbcb2
5760 237ffd4d3489807a
5761 27f21557b9502a9e
5762 b9deb9d79627f9f1
5763 166b2aa753e24824
5764 5fdd78b0def2224c
5765 524e0223035a5e41
5766 028c7d9a657291ec
5767 5614a26614c403e7
5768 05b73a675b63e17f
5769 ab011687fc1bd08d
5770 caff207b89485b52
5771 1dadc6796b68b9e8
5772 70be366060a95d5a
5773 b52b78e359eb55fc
5774 0ef0c4f9c794e084
5775 f32741a3b7b7a6c6
5776 ad08342f649f3c35
5777 3cc131264cba2192
5778 72cee29549dfb51a
5779 49a63b1301d9adf8
5780 be64cb4604b2cade
5781 d23225b2f3181f92
5782 1efa224bca2f92d2
5783 b614f599a74dce59
5784 d4e5b2a7d2cfe9fa
5785 0cbc83e7aade0dda
5786 be0e872651e5a90b
5787 88673d0c10021c99
5788 7c8f93636816b25a
5789 db63b88b4c52f2fe
5790 4c33aade5cde0c74
5791 bf31589b382c51c3
5792 45287f3e1aed37f3
5793 a659413fde056823
5794 43eeb63a919b8205
5795 2c101bee0a8b4dca
5796 2cadf9c6b837bda8
5797 60fa6e4f2803958d
5798 b76bb0c1ce3d5ec4
5799 becbec0b55c042ac
5800 df306fe034f06c50
5801 d45d0642a615495c
5802 42957a38102b4e44
5803 222b213232ceb88f
5804 ebde413d463d0b23
5805 9dc7e4b18dde7a9b
5806 405186ea30902d47
5807 bc9377ed32ba0bbc
5808 fa9ea625e730813b
5809 3d08e8a12b6a77f6
5810 eab282f2a6a9c76a
5811 4a49f9b3602d78b8
5812 ce206d7102883ecf
5813 58f7e025a125e613
5814 aaebdcb4f6d5083d
5815 a62276c7bdc70c96
5816 f2157ef76a4b74fb
5817 3c278ace536bfaab
5818 4eeef27d21e8489f
5819 3bd664d52004353f
5820 48238401153faacb
5821 ef9f267584c98365
5822 3b3c3449cb9d68c4
5823 74bc7c1c606aa562
5824 35c04a20d724b6c1
5825 d088626ffdce115a
5826 46fcf07ae8e3b0f8
5827 bb5bac987add4d97
5828 f5686bb751af1996
5829 f8102de8936a006e
5830 cfa359845424f961
5831 95348e2b353d36ed
5832 288c423d80b54001
5833 d0b40fa69443cb11
5834 ab7f34dce1725d27
5835 9c727a43e69cbdcf
5836 5baefc5d59a33ff3
5837 9083fe133d7b4c81
5838 e090bd8549a120f9
5839 a5087201abfc6e29
5840 c19a4c80d3bf82c3
5841 24c873c23d3f6dcb
5842 1eda0896ec36b4fc
5843 a81150771a45dc6f
5844 36d3e9c8d48a2529
5845 78751788ba8e9058
5846 d9d2e968bb0e6dc1
5847 1a90d564cfdf2537
5848 59a8834b421d5afb
5849 f6343935a72cc720
5850 fa38d57e9a08e942
5851 d5252347d878eb79
5852 38dd740aadd38b85
5853 1a781a0d9bb3a410
5854 4a0332d85168a146
5855 dbde5cc3d4b33853
5856 25629faefdd3f27b
5857 6efff237e6fe315c
5858 063ba24fe7909b0b
5859 222ef659d341a7dd
5860 6afc50de2c629577
5861 c441fb81aedbd216
5862 e27af33bcea45348
5863 fce4c3659b986c76
5864 3ac169b706eb9ab1
5865 9224ed538c7fd751
5866 d017537f87f69fc0
5867 a739a80bdfb0cfc6
5868 f8a792436ecb599b
5869 8c9e0767299f108c
5870 6bb9668ce043a3c8
5871 22f6311f10c953b8
5872 669d7debb176f685
5873 91e7def71e1b89f2
5874 c6c624843e11bdcb
5875 275734763d283e18
5876 3b0c1761750194aa
5877 5677b7d5d41bfef4
5878 a265892149a40070
5879 90def73b472cef85
5880 af82cdc201226fb1
5881 cb9efb67716e34e1
5882 a0650ed6c0fdf13c
5883 2c801f8d1d2112de
5884 88b964242e2c2ac3
5885 a0198ffe55908ca3
5886 3f598c7150c06cbb
5887 36cfd3c5636ad22e
5888 0bb5285d1da7fd34
5889 73523cfaf0e13452
5890 0cd77649134a0d92
5891 072864d379168056
5892 5a18043d9e99ffa2
5893 fdd5273be580a6c1
5894 29ce07b6501b1ba5
5895 7c723c705b81a26c
5896 6695c0a6db4249c4
5897 0bd3725e3af43a88
5898 dc1ef6221603db52
5899 4dd09dea15400029
5900 4cfe63d87dd9cc02
5901 801692f04bc661d3
5902 9cea6b37d5848edd
5903 bd042e2aaad31332
5904 bf7e43fc99eef7dc
5905 049ad857f10c69d8
5906 96cdbbb27758546a
5907 5db94a4a1bdf80cc
5908 56c0f3829fa299cc
5909 91519d339298d5b8
5910 1812e536d95ae4f4
5911 a17cab2ee254ecdd
5912 1f02364fc3f4b977
5913 737775aed4601f6d
5914 e8a3f113e3fbc3d0
5915 d69dc822fd463043
5916 beae65635e580da0
5917 00bf04c18928a8dd
5918 94e9c246cbfc228e
5919 327104b837861d88
5920 dde299fcb318511d
5921 2be8c460aedbe6d1
5922 a5dd798fca332ae6
5923 7821264086e2a60b
5924 b66c05a5869516a9
5925 617200f44a5c0f5c
5926 1a5d56b0ed975aa8
5927 825d5793a4d00e66
5928 4c9de8df3e640f95
5929 99e965384000cc71
5930 e4c05768ba6e9448
5931 d0b1e0bda40acbe7
5932 6c7ee376dc3b849e
5933 f2e2617609741461
5934 fba071318d9f93fe
5935 ab47bea446bbb7bd
5936 78edd0833692c452
5937 f397357f31c3460d
5938 ff80552e72bc4dcd
5939 d2818c0cd2b06576
5940 ad645f8136df8fa0
5941 56f30ee80c5b3e25
5942 0a5cb46f5c06fde2
5943 9e5a3158ccbb1e2b
5944 6dc8d659e4e057ea
5945 ed5b9ab2657f5908
5946 32bc659160d9442e
5947 30acc9cc0aa51f89
5948 c7a9708ce832beee
5949 ef7b54e5c1eeb28c
5950 01d54f533406b7f9
5951 8836eabeac69f640
5952 67a281291b0a4436
5953 846ef4ddc66c7932
5954 ec4278603a58f898
5955 8ac2d9706d70b619
5956 9626301552aa659a
5957 a0574166bc3affe8
5958 c8a41fef07a32dcf
5959 b94350db7e78ba80
5960 32b22a8b39ec7039
5961 28b6ea5f0f7ca3c6
5962 3d27532efbcbcf81
5963 bf72a2273ad406ad
5964 e222df04e6c1af57
5965 a3864f5ae9e175f8
5966 66cb44c5f0927633
5967 8dca8bbcd8804500
5968 ff53d40e31eccebd
5969 bad545ba0af8676e
5970 8e1fb3734fcca718
5971 1276ef808f32fa9b
5972 56f25e81ab44812a
5973 b71cfe4ef17d4368
5974 d3f3ea2e68856fcb
5975 2a8df238c961dd24
5976 39b1fd5e450a7a0e
5977 8400a3921aed7e2b
5978 66eb78f506328f41
5979 83dcb1d5ed9c1ee2
5980 2498f96a7aecca48
5981 13ccb61a043de832
5982 a7fef472422abcc7
5983 d7ae5c70a31e90f1
5984 8f4019523eb5d9b3
5985 8c16e9936671500e
5986 280420b7508abd40
5987 0a62512d47199e32
5988 fdcccdd690e537e2
5989 670e632c56175f25
5990 d932aaaafaf6e347
5991 e5127a4254867f9c
5992 80f73478b5e4032d
5993 cfe059af364faff7
5994 d8a2ea0e6ca97447
5995 26b332573c63dd5b
5996 d4f0838ead58e2b5
5997 d3cfa5ba0e835f58
5998 378bffccba0d60aa
5999 d384b338112a95b7
6000 ba71d92a86875533
6001 10e14ef9b1e9927e
6002 bb7dd7bbfd0f5617
6003 cb39912cb0a26bf3
6004 ff09298b10bd61fc
6005 eb998a523c4f5485
6006 cb778e9cb36a1f27
6007 64a93c64ebbdad26
6008 06815b443c02918c
6009 ba04d25cfed8100a
6010 2fa9ce04b5cf4465
6011 76e6c59bc67b2ca0
6012 becffd2e8d9d3997
6013 ec200c95b7d4c2de
6014 bf60281dd98049e4
6015 3fbf32e36850da14
6016 ec8cea7043db07ba
6017 ce5817630858d1f8
6018 2923c09194d17f15
6019 a90bd92679e6fd57
6020 b042e4bc8c40daa1
6021 129d69dcce2b4e0c
6022 e476e538e805e989
6023 a83f45b5c7ad00ac
6024 8cdbb9fa764ac4ef
6025 dce8df805bb7a712
6026 688f1bf72cae193a
6027 f60bac9aa44ad2d9
6028 e4d5dcee2e901fe8
6029 e28f107beb62dfd3
6030 c40664d38d448edd
6031 f6e04b7dde86762c
6032 605fb74fb477e5f2
6033 9164eabb7f6e9652
6034 8c4f035d98223ca4
6035 01615c9c63b5831e
6036 b8695ea133f74f36
6037 c6b8b21fcc2d69c7
6038 b86b42222c90f8f1
6039 8d68fabdd2de5e12
6040 125ea6deb2b994f2
6041 7c63c9267706b331
6042 fe72a49e3d3552b7
6043 32a04d61610ff72e
6044 11607cbb924be249
6045 c0ca343a15eb376c
6046 60f9498fe73e8297
6047 e8278bddce84d04d
6048 c3a77d76293bb48e
6049 1055d8be01c2a558
6050 50e0bad992784ab3
6051 a1e8b385985339be
6052 31b045c69d1fa6fd
6053 9549a17f5b09fc91
6054 b4b1d6626b0f1d6a
6055 997d0c542ee97061
6056 73b78c38c0984cc2
6057 7e213d0621c603dc
6058 0836c0ff7742523b
6059 ac785d26b731a2f5
6060 9dc4e817608144e3
6061 7919820a0ee85b3a
6062 0252034903520c0c
6063 c99327e9f9d91abd
6064 7e3bfe6186fe8b10
6065 e63ebe418a051126
6066 21c8cc97a478b520
6067 7213493e7c4ddd52
6068 4c377d49932b7f9b
6069 38a7c05825e49d69
6070 f65d3bfaa075873b
6071 5424813f4134c7e1
6072 64a10cb5303cc9e1
6073 6135f5acb41540c9
6074 779187878ef40aa9
6075 d7d6dbc49a47c9f3
6076 e2f0243448414794
6077 a5e78fbce406dcc8
6078 5124b65542e61fad
6079 8922e7fb2e920503
6080 47b5f49f675f5240
6081 2b5557cf6ac0f76c
6082 cd27c10abe57313b
6083 3004eeede1be3b7b
6084 eafd88abeec0abcd
6085 7aef3fd19f8b7d2b
6086 4fdc679e3f75b5a2
6087 d56c717090c9b792
6088 f69409f858fb75f9
6089 d6ba0167b8b683fa
6090 f15f9aa96935eff6
6091 82ae40069d9f6cd8
6092 b95ec589983bb511
6093 49c3e5082aa9c7e5
6094 4dd1dd4ce4c6c561
6095 814a69fe2800841d
6096 4c08060bba92673f
6097 d6add4546a647c85
6098 25f0f566873a831d
6099 b93b2661dc4d7e2c
6100 4687e19ca28aa46b
6101 e91aef3dd9a556ed
6102 c29866a3a4774982
6103 89c9691635c924c2
6104 a73a5c516acce8a5
6105 83cf776d75835050
6106 4c8daf1f82fab033
6107 231ad061c08ef874
6108 bbea144c4a86657b
6109 59dd6cfcb37c1f59
6110 69761ef404285304
6111 c9024cfa1415b413
6112 03ef3e9ac552090e
6113 0eb385951dbb1d15
6114 5985b993ea9ac555
6115 18073eab8149fd65
6116 0bb32ca0f9b51a2b
6117 c71c66b0207c230d
6118 3cb6d97a4904b722
6119 76e25ef5eda5f4ab
6120 0090d8875960c2dd
6121 ac6b86d722e46aa8
6122 8707195c3c115525
6123 ef64b65efa393e71
6124 b18a5719ddc5fcad
6125 8204959340e2ec19
6126 3248311c9048e30c
6127 f68b1492f7475df8
6128 b6d0a74f4517428c
6129 0ef80260a33c7f6c
6130 60117949374e119a
6131 ee82589663787ef4
6132 bd2ef39646ffc770
6133 ed7c765c6a6eb2db
6134 053daea302cfd0ac
6135 13d36ee7479e66bd
6136 ca769bd7453a0766
6137 9688037959d2c662
6138 4efab5f34f0b8104
6139 d304abff7558b7aa
6140 33a8712486e33c29
6141 49d4df8dd0a25603
6142 d74ac8dac9215d22
6143 69b1806a2256910f
6144 892706234b174101
6145 5d5558b1cfc0b758
6146 03ddbddc1d51499e
6147 2bc78710316de1d1
6148 9d16a71f5941ddb4
6149 c84e2e972bf26de5
6150 7fbc3ca3162d40ff
6151 e17d2c3e4bf71b07
6152 1c7e73a6a67ba301
6153 42db8e9daef70fe2
6154 b27efaf785f6c31d
6155 ea01979b87b0ea61
6156 e4d6e342fddd0950
6157 650d4d090bd33071
6158 d8ad7c0bc4f8247d
6159 54ab4ee699ee4ebd
6160 ba34be4ad668a6fe
6161 85634f25b1053917
6162 31eb3a9a47d7763a
6163 d2194dc5ed3c821a
6164 2b39583967268e73
6165 9d778b53bcac1afd
6166 ff96be1114d54ad1
6167 b82e0d7a6079e20d
6168 bdb50d185ad9f295
6169 1ea428941efbf6b0
6170 368fdde03b087228
6171 b431e033ca1390d0
6172 cbd139edaabfe31d
6173 13d1446c37834eb6
6174 d08787bf5a14fae9
6175 af9c9ebe7808aec2
6176 92a9e83c9dfe097a
6177 d80679c596ff4baf
6178 f513d3e264e7ce0d
6179 cc07dd6ba747ebfb
6180 0b6c77f2a0c86b3e
6181 5320d7b72abf5639
6182 13afbb349ca5a0de
6183 d347fdf51fb43575
6184 c53f93119dd29b72
6185 669bb872d9d0e452
6186 c758b69112d128ea
6187 3ddd195c33940474
6188 28117e2d50f57a3a
6189 60cae15350828d29
6190 dc436231928be854
6191 f2c40bdef2a51d21
6192 ebb696a7833a2d73
6193 7a33133c418efabc
6194 579baf2f14a1dfcf
6195 c41882e58c6f3c92
6196 d37e1a6a33f3bebf
6197 d62b3507e1072c6f
6198 cce1652cc276d349
6199 087b758edbc2be1b
6200 593a2d0c7d6fddf4
6201 8ee8822010bc2adf
6202 b7b6b9fb6def00e9
6203 169dcb67f228f833
6204 84f2561ed7cd370b
6205 e5e4e3d5bc71841a
6206 8e489f5cc6877197
6207 41df1205ed10a8fc
6208 f12e02c3e1bb5066
6209 ae6ede0478b1d73a
6210 ee9d8326501c9065
6211 08e9dedc858346cd
6212 8418d66cdb4029c2
6213 99c80c0356158039
6214 0d796047139cf546
6215 0f9221ebeaca9da4
6216 499d3993c6ea5031
6217 64f3d95c73549ddb
6218 f6d04a47f77be1b2
6219 d4574fc450bf58a5
6220 63ed9e38dc7c7c5a
6221 3d30dd25331e27b6
6222 80d67f59603b79c5
6223 4ae9a7423b1b2d05
6224 275fb16e22e7fce6
6225 c6d708d6be511fdf
6226 ed104bac16800af7
6227 f726cc26abd53dde
6228 418349a532843e0e
6229 4ec9d9224d5fc4db
6230 15c9a73855f0d0d7
6231 73669bf70f865d28
6232 091b04b069274213
6233 1f9aaebe4ce1eaf6
6234 6b54ea967aff7a84
6235 626f1b6017874596
6236 3bd44cbadf61877d
6237 4f52579b26397c73
6238 d39e3082ae6918c3
6239 b31cf44cf7ab1418
6240 e0c87ea4712c0a2d
6241 5cc0460c388f1d80
6242 6b1f1434a9dda2c3
6243 d366c883e8a9b184
6244 1384b3e82de56f9b
6245 51690ff7b641b53e
6246 f717d7df9e8844ad
6247 dae4ba7c2625b8fe
6248 86c3f5edf9ac5342
6249 6ac60d71f89f7bcb
6250 97cdf3449cb4b5f3
6251 fb36f8120d73dfa6
6252 d7434bde76001535
6253 6e3407ef7dada806
6254 78fd1b38d654f373
6255 2d87bf12d7ab376c
6256 33fd77a0f4d795a1
6257 f4de1874b0fac041
6258 47dcc0287d428928
6259 cd15a777f4b24e97
6260 8cc05b92ce896459
6261 c55c782b5e1547b5
6262 e3e628a5ba6bee19
6263 cbb7086825d88ed0
6264 013e666aa9270fe8
6265 62c6fc7d7acf234a
6266 0e5201494fad989c
6267 37ca67c76febb930
6268 87e474eed876a52a
6269 7832cb839fd774bc
6270 9a796919cf8f53a0
6271 1b15858c12b35331
6272 13e058f6d44dd152
6273 bb1d096cd1e3966e
6274 d65c82b195909b4b
6275 034d4ee15f823e11
6276 487d7d31c7dfc5fb
6277 6b2633ce06f7db83
6278 6efc8d8dd772ba24
6279 f86162852a8bab76
6280 21511a89dfed1422
6281 6d691dda53e8ecd4
6282 1f028f4ef980dc22
6283 bdbeabc49284899a
6284 7dd89d7963d70e6d
6285 d38904c343ce491c
6286 479c0874dfbf237e
6287 ad7f522da5ef5ea1
6288 1a1160c2d0fe2420
6289 5e4f7cb8c4df8ee6
6290 db14e41db072dfbc
6291 6c0ad8c195d34ff6
6292 f59e0f8130aecbcf
6293 fcec1441ed5d9c21
6294 ac2ba4dfbd7ee09c
6295 d5424dfc5ede01a1
6296 2d2c802be9aa342b
6297 fe091557c6c6b61d
6298 fd75137b210b16ea
6299 770e0168d0b922f5
6300 74263c118f52b331
6301 aa82221fe919911c
6302 7cf203e561fe24a6
6303 5c27e1a0ed3e8e5a
6304 17fa028d0910f340
6305 47d5396cd345eb62
6306 447fdb5c120ef48b
6307 18241cd28f58d04d
6308 9061747bb40b62aa
6309 81c8dd187b2195e6
6310 1b633513ff03239b
6311 906486d782d1d77f
6312 d2892eaf8ff0862a
6313 d87c35b3dafc276c
6314 fe441b6e69bb1bf3
6315 4bea41fb72542334
6316 6328bcff8299dd0d
6317 f121e21b6ae2c4cc
6318 50ba6b40554e21bf
6319 9bcd900d8eea0a2f
6320 368ef0461481604a
6321 450fc76c9c7bc7af
6322 943f5531dc7be529
6323 16258efcf6f34ca6
6324 60d3f2ef68d8f5ee
6325 a184bc20e2134c85
6326 5809a9565de50f1f
6327 2d24ed416432833b
6328 07ea0d993b0f7533
6329 15b60131d2af6265
6330 609867c58cf29a92
6331 218cdb200bc163a4
6332 31473af8c6259310
6333 c82f0b833256117a
6334 d55dd12c92ca4553
6335 825d7d528d6ab7dd
6336 e8573e1d13b576fa
6337 65fec8c0d504dcaa
6338 6c028c81468543f3
6339 28ec98078ccf7613
6340 13d26a93f06cc495
6341 c1fda559fb92ce0c
6342 6186cbb296d08891
6343 1b8d63427d09aff9
6344 dd41e20481b6bcbe
6345 286197a8572515c2
6346 d1dbab6a6ca7a8c5
6347 4b5b45880a0c5b41
6348 469b59feeb6ef3a0
6349 5e33e79c5b7eaf96
6350 7e01d0690439f275
6351 4192dcea887f7722
6352 3c25123b40c87318
6353 711278e53f32be76
6354 81d542057251857f
6355 12a84bd8229db78f
6356 7221ebf8dc01174d
6357 ba3a5d182d3c437e
6358 2795b491e1083aa1
6359 6093f173eb4cbc7f
6360 ab4e5b6939764dd7
6361 283febbc0d9a2a58
6362 5bae97d0a2f98566
6363 4fb0d63761804f93
6364 5a1c11c08e2fee12
6365 d0771413f6f6f66c
6366 86dba4a09f27cbe2
6367 b68cd95f3772280c
6368 0cfacf3cda2c9bd4
6369 340f08351318ed5f
6370 f8f44dc5f73d619a
6371 75492e4c43e692e4
6372 6a6eb03b0c0aa19f
6373 ae7fb6be69eca38f
6374 4f7a387a82edad7c
6375 29e5974a711fadd8
6376 47c03727d31dd7c7
6377 506694f81072af9e
6378 08d0787369c9e5eb
6379 92506e9eeefe0814
6380 01e8e439d11446ce
6381 238b03e840505255
6382 d29742348de7ccef
6383 c9c028e2eb3114bd
6384 932548e213d6af44
6385 b052c236cc7dffb8
6386 d2d218d18bacd7f1
6387 0e739882f41b262c
6388 f8982dcac2e8a8d1
6389 88d95a618c3f5df4
6390 3f1bc5a5c4023a2f
6391 dbffaa98d8ab336f
6392 7f6ac9be0af4f308
6393 a2fc9152672e7af5
6394 3fde8da4bab6af00
6395 a922dc0904c61c15
6396 8a2b924769c498e6
6397 735b0440e8899268
6398 37e509fc57a03174
6399 f502f19af5b27a56
6400 413de7e7954a9345
6401 d2573b6adc2a8816
6402 1e3d79d272a7a7a2
6403 6a8018782dc674c7
6404 664744e94f8917f2
6405 713c1be51d3f62a8
6406 85dff35e2a50caf2
6407 0821ba9ff4e0e750
6408 0f8b5741b0cdf4e3
6409 8933fcab72ad7a2b
6410 2b560e8c24597b40
6411 dbdc5a7babb99040
6412 5eb11a273a0094be
6413 020e039b36c58aa9
6414 a49b11038fda7f29
6415 af8f5667fd809d51
6416 223588fcff9a6895
6417 e2089dca5c4b3876
6418 295a554807ce9467
6419 57f8ef47b169b48c
6420 db4cfb281e3d5af2
6421 361b8938abf79566
6422 3979dcebf0a27383
6423 b2409a0e27bf7256
6424 072382b174d43af1
6425 a232cf97f7c494a0
6426 8e31219c37991894
6427 f97f6d9a4bfb4887
6428 37a7ee93d2292941
6429 de8f2b0cfbc29926
6430 46c423a5e7c79b92
6431 01b0d57d8dda0c6a
6432 7a1796f726ad8143
6433 23e489fc4c905f49
6434 8ac2798aa55c5b93
6435 ecb5279a6ae3ff2f
6436 c97392f4eb683020
6437 6797b7f629b315ca
6438 29780e082d027e31
6439 b3730055162e3d4b
6440 b3f24ed39f06e0ba
6441 0f3cddfcedd967db
6442 38dd09cadc61ee42
6443 3a51b8990083ed2f
6444 eef6814eed9cf014
6445 fe450fe2d6fc9cea
6446 7a3becc3b0d7ed26
6447 3c6ffe1e3d96a989
6448 bd7940bdbbd2b2c0
6449 f1df3ecdcf59ef18
6450 178c242f7c9b99ae
6451 86116594d6127df9
6452 3a95396beb23a231
6453 4f6c2574d93082c0
6454 ff0cb9c0412cdc16
6455 0a126430b32e4abd
6456 23eb64761aaaeab9
6457 cd4f986fcd563763
6458 0289eb6326c1e244
6459 fd5148ad9fc11f71
6460 f8c74e2828a62050
6461 382fba0b60d30805
6462 73d2f183a28de330
6463 b43735859bc8a7d1
6464 3f0ba2cf59f394a8
6465 e8526bc3b3614ff2
6466 0fa72918f41c035a
6467 762aaee06210e661
6468 f9bb7ee297a1d10d
6469 7dc79a821f402a19
6470 3ee32af7b23eaebb
6471 54b04a165cbf0643
6472 5a593d4aea3fb312
6473 befed31855f21565
6474 4d53b7b267c4c0ef
6475 71edc67f6cc8e12e
6476 483f842d6515d85b
6477 65c3b8973e1ccb38
6478 ccf17d37b988571b
6479 765182f3dcb687eb
6480 37ec55b09c0aecc8
6481 08e0406bc195964b
6482 cf16d9716eca25a0
6483 44ecea842d377e64
6484 e4e2a7bfa97852de
6485 3c56e4b627c29ee9
6486 d880b95f8daa09ce
6487 ce8d7bc986c91ace
6488 4b2a57e68dec1152
6489 2823dcf73ee627c8
6490 b0f428c3ed00fdad
6491 f7008056b1c1cead
6492 335169c9d419aedd
6493 6c25d7affa759483
6494 d3153b48076a30c7
6495 d4049e056813c004
6496 0558fe33029c94d3
6497 f31b9c4e20987419
6498 a8cc451fa849d464
6499 572d83134d3708bc
6500 99fdcf79a7732603
6501 c2fe275b05a033ac
6502 9f8473a0398e920a
6503 624c839c702c6ff0
6504 3dec98cebc1960c1
6505 80edf6c96a7d1c1d
6506 7f274e40d5e254cb
6507 1041c13786ab6954
6508 ede81ead7318a828
6509 a065e0d86b3a24a0
6510 d09767a210303ecd
6511 18115606848146cc
6512 24e5ddf7bb5867cc
6513 3aca4ce32dd73fd8
6514 dddc261cb225949e
6515 dbad684086996b7e
6516 13e7edeb28a0aed1
6517 28f05e88bb3ce7c8
6518 5344b6ad33df223e
6519 3da6b02a7299e809
6520 cc43c0a178a8b84e
6521 37f368a5a94d8f30
6522 df9ae7acada63b99
6523 85e34d84f8cfad36
6524 d09e1a9615340b39
6525 a2b564b82488ddc9
6526 19313d404a747083
6527 4110ac5d7e0cb901
6528 59fa35cb4bad673e
6529 6957c59e45ba5d20
6530 c327f15ab4734c66
6531 c028c565c4c87796
6532 2b3d39a7e6a760bc
6533 648efdf51abb649d
6534 0523fc110aad6e1f
6535 bb3b1d0943a098de
6536 522ed22a10f81ef3
6537 4745ccaf31ca4741
6538 98fe8ee8a6f1524a
6539 33ce940eb9171958
6540 e98c51f741006a80
6541 d885b0d48804c029
6542 0b9a576019fdac10
6543 fea3b382c447fb29
6544 c894db0d92f3e2b4
6545 840d20e355d73bd6
6546 e576a7087326e29d
6547 d93494332d5368ea
6548 d24d7c3576201186
6549 e0564e31dcb5c9ba
6550 4db31d09ef62d9b6
6551 f96ee5944a462fb8
6552 cf051edba328f429
6553 7f708dd15d91fd91
6554 197b03b8f08461dc
6555 c75360689a510b7d
6556 17a6d14dc7a0d696
6557 75ad407e808ee653
6558 9fe42d050eedfff1
6559 ed6d2db4b6213f5a
6560 01ad16ac29edd9c1
6561 400fc74650fcf001
6562 f4e3146c4d279adb
6563 0cec0b95bc41688a
6564 cc48f44397283f8e
6565 8ae18f56746bfc04
6566 8b74a789d8b4d5a3
6567 69f4f1e50167600f
6568 3a39e82b3d259594
6569 b93c9eb5d85d00ba
6570 68e3ca512a02cc57
6571 c147198493ecbd6e
6572 e5274fe00c552f02
6573 a96d8a08c8e5a0ae
6574 e68a09487f034815
6575 c257a01000dbd41e
6576 320b922bf6d77f9b
6577 8fadb7f2c897e614
6578 9718d9796260c912
6579 0abe585720f2f9d8
6580 2bc74a0db6023ff2
6581 ea1892572ada9b49
6582 bf0b7dec0ce9ef8d
6583 f870094e44af41ee
6584 1b2dfd7312385331
6585 bb160b133b8effbb
6586 e736ed8d5e72903c
6587 7401d49094aac901
6588 65d69dbd9c2616ca
6589 5b274b0ceeed28c4
6590 3e7ff3f31ce8f9da
6591 e216c9bfcfcfe091
6592 b55ad2ca23edf153
6593 7926e1f27dea401a
6594 eaef6080d629b690
6595 1ee2ea0d2ba45e75
6596 a16785b1c792727e
6597 47109c91fa66df84
6598 2d74a906b67dfa8d
6599 f1a9531da7803b42
6600 5effdda0665ee14c
6601 14a79b10a2f83cf1
6602 adf2229d999f1d83
6603 6b936f2f59a9cdfd
6604 c10a8d9a2d46041d
6605 10ff97c4d6d2fbee
6606 353ec78d74d1c48a
6607 b85c12d5aab7e769
6608 d15c9f15473b9317
6609 8151913bdda2fa11
6610 25b78b92cfc127a1
6611 44b1f896deeef8bc
6612 54e9709ab9f5879b
6613 a9ceb7c443596c72
6614 afafb4d89a47a22d
6615 61e78a01b0a944d5
6616 5ef6f194b8d045fa
6617 ec21022903186a04
6618 cb011c8bac21a9b4
6619 2515985cb27461fc
6620 65e1b32b645452a9
6621 e4435860410722d7
6622 5b5732e10dcef803
6623 92f543eb8ccb6a6f
6624 53a599b7170d5fcb
6625 e31db08285392783
6626 be68c05405d15f65
6627 45a93b010cc93f21
6628 9bd873b08c697676
6629 2a8938387fa3860a
6630 602161b0bc31f262
6631 42ad144441086591
6632 7e7c2c81028c96ee
6633 1c1ed7897ccc4a84
6634 660412dd5facb18d
6635 aa53010f13abd8c8
6636 733ff5394f2f043c
6637 d2fd63197f856e37
6638 8c717dfb68702bd7
6639 c59b7cba8277dc3a
6640 1dcdc01c089097eb
6641 8da207dd58e1aef9
6642 23b44687a76c0bbe
6643 2aaa5b362685da84
6644 4804be578a2093b3
6645 18e1875017e34c22
6646 346ee274c8d737e4
6647 f5812205527b6773
6648 c51cc178f99b6df9
6649 1376f952c7423478
6650 9aed4745236c7ec1
6651 e1ef579c0799a737
6652 adfd642e5a77a6a6
6653 ac22863bd1be341d
6654 50d412bfbbc06682
6655 e4e6e3364f7e4de9
6656 ac943befc2c4c043
6657 242e6d2cfbce34a0
6658 0bf83b0836237088
6659 87bc3d403a0398f0
6660 2ea375d24bee095d
6661 346de7bbb3405ee3
6662 b5e7867822547e31
6663 d3bbf87964e847c2
6664 0cdb8b51c52d4b13
6665 0ec2f9456e754e45
6666 6ffd9bdaa6312581
6667 d110aceeb6682cd8
6668 d4b4255122192fc9
6669 71db7480eb765582
6670 c91e935c672a3dff
6671 2951abb3e0bd347d
6672 fd33594504b818c7
6673 36ee1b43de30d074
6674 885d9ed20850cfa9
6675 e55d7f31c1c8dd7f
6676 0b226cd761f7fd98
6677 533251dc0ef8be90
6678 a04b2962c0eb6bc7
6679 c93019ffb1852a91
6680 27e42c66feefa09a
6681 a87682d5f99ae489
6682 d4c0fe34772a8c10
6683 24fce0752f14e6e7
6684 d4fdf5bc69b63c63
6685 573f06d4957806e6
6686 c7dd75d452bbe1cd
6687 6f520d2012e37797
6688 2ae70351be3bfd0c
6689 4ff20bddf62dd261
6690 ae7f85376f90ba9e
6691 46d185b41cca0b8b
6692 87e8128745d75cc8
6693 07e51e438ddb0356
6694 72bde06ee8e5226a
6695 fd820b5cb5aba00f
6696 c8f64371d5b2d599
6697 4890b9603d5cc68b
6698 9927d97a50023199
6699 82a6f1f6d2943d41
6700 7c8999d8c3ee4b63
6701 3b2444199db193e9
6702 9ab1b7b65e53a3a3
6703 045c166d026d9632
6704 4fb2c7ccc8806677
6705 04c0d036816dc0db
6706 89c64bc8997692ba
6707 92421d634947c308
6708 8c65f34632094afd
6709 83d41ddb6024e144
6710 a98fdccd347eb062
6711 695114790efa9d8b
6712 3aedce14200605a8
6713 efd96e71a68527df
6714 24a4901316525b41
6715 3d419ff0bfdd4210
6716 519bb4c0a4cac8cf
6717 3f5cd620fb45bcf1
6718 e028d6e6700b28cf
6719 3297b5b9a93ec05c
6720 3d73d2c8827be86b
6721 dc803ada5da780b2
6722 b23840f7f4874f13
6723 74429fb7f70a94fc
6724 2e1e8a2aff793c61
6725 5c4b03ff28734a26
6726 35f37874310671b8
6727 e76be74f94d1f47d
6728 bcb44338ad1a0f80
6729 95b98b9ff4c208b4
6730 9d12a084df6075b0
6731 d9a36fbdae45e2a4
6732 6dcf79441a73e616
6733 45f2605281cf8f3b
6734 d36c3b2907433408
6735 38b1c8d024798c26
6736 d109485f2971867f
6737 4d3a75569ddc2f19
6738 10e8311d06deb362
6739 d70ac7e0aed316cc
6740 6a963f79167e4bc1
6741 07796a80851355d8
6742 d8e124242013fc49
6743 5ee1b4f85a5ac7e0
6744 4c2238c941fcc8ea
6745 e9be67424c44a139
6746 4d3fc5da4c047aba
6747 cb3c214e9b4f51e4
6748 3933cea85f5e5ed9
6749 3f05d3b557e7ce47
6750 5c8d1df9e0786c92
6751 7c26caa79bb54b47
6752 74e3c00c987058a6
6753 cdc6c498c2cece7b
6754 281a23705326ed04
6755 982f33715834bdad
6756 8213b23daa739576
6757 753f8477eecf1dd2
6758 ba76b8c6b7477005
6759 c7e3de06422b9288
6760 3d984f67e12b787d
6761 6bcbfe3723659db9
6762 f3e4f6d706264fae
6763 2d71fccd8da3f365
6764 3218ab0a4385cf88
6765 53ac3b6d39a9ea8f
6766 eb15b20cbd2710f4
6767 d7afe328a0009238
6768 c51a00cdf0084de9
6769 762637bcd4a16fa3
6770 157c307b522db74d
6771 03866b1aad2cc0bb
6772 9081ca1f2a609a83
6773 b42be8ba8522c09b
6774 fa612f0be14f8af1
6775 a4e9b41588c62ff3
6776 509c154c486ea277
6777 136eb93889ba0768
6778 c76b8b3343072736
6779 7d6fdac90c25c86e
6780 1de2fa54501944e1
6781 56265dbf6c706198
6782 a626bdbb6a656b0b
6783 82a89d4079b1f549
6784 6b33d30e3201c67e
6785 163dc7d7a47debc8
6786 6d385586c1772a1b
6787 996645e35cddf662
6788 86c6d257be0f9705
6789 a88e99b708a33952
6790 efaa77a45cb5b5ee
6791 ee62eae103400ba9
6792 eab1b0dc86f8de45
6793 08dbb3d7356d31db
6794 8d0272d5103f521a
6795 95e57d55f8242aec
6796 57d65f2d45ce70e3
6797 36c6e877a5dd058e
6798 1a3805b01d5b5a7e
6799 3af06b3fc231673c
6800 3ba96af3b8324548
6801 828dc5242b01f81c
6802 87a5aa8c1cce1295
6803 cfbed21923107c6c
6804 9361f1078f01626b
6805 a4ac9f16a388aa14
6806 389504274cc05f96
6807 30387a5ec1163f7f
6808 6453fe47dccb7f51
6809 8e238457291cf783
6810 654348f0156e7e93
6811 12de310f1a14b7f4
6812 09e6e2065704e38e
6813 c90f1402ba6bdc4b
6814 b15d9ac46235587f
6815 c23e29b78cd444f9
6816 458d9628f9e85355
6817 99e4b39688e043e1
6818 293ee2b5e188274c
6819 c463c14f8a77f807
6820 2e8021e86511c0b1
6821 539028228e7ae4f4
6822 a24cc234cf3642d8
6823 738e549b80d794ee
6824 9d4cd40f356f0bff
6825 13c502df0c0a59df
6826 169cd3b2071f0a4d
6827 a3683423269efbe7
6828 802f08aa954a6466
6829 437fc8918143ee1c
6830 e351a009e1bb2254
6831 df8e5e89394de4a7
6832 5aaca9acd02e3e73
6833 b910d9504b508028
6834 2161d1fd773d69be
6835 caf992d1e5c95ebe
6836 dea9f0abde84b683
6837 93d9b263e8785ebf
6838 71d2ac86df9b0534
6839 63fa777fa60d705c
6840 62ec66a674ed49ce
6841 2d0a1a0e15244c1b
6842 e2a3eed1def90860
6843 78d2a8cf69e3f9a6
6844 11f19888321e3403
6845 3c0e4e0ce3d87965
6846 9aee43af52f4d0d7
6847 eaaa6e3767714d0b
6848 767bcc78c1470801
6849 b518242b8e580795
6850 9744939910b4e4e2
6851 ed0a07024fcae3bf
6852 904775b9662a9590
6853 2521ecb2620576fb
6854 b950cb2b1187280c
6855 9a8db00f4f8f8fd9
6856 677eb9f20f158ec6
6857 ab8def6d825a358a
6858 bb1e78d85eb28f6e
6859 710c26ab5a59e737
6860 d6a182ef8cfa9b14
6861 c010a779e96675c3
6862 ea2d78a1ad56ffdd
6863 a94d1cdd63f007ea
6864 7b4152e88ff1afbe
6865 8236d3af3bd30938
6866 8ea0e8737bceb211
6867 b46821effad8e811
6868 c338cca46b4c977a
6869 51c62220d1206cc0
6870 772e9c2876a7ba02
6871 be35918ed98bc95b
6872 a2e215097fa4b541
6873 f49b80d822430f74
6874 5752b334fa368756
6875 1e3fe26b63caa49b
6876 5287f28053ffd678
6877 f89e975d8bf71cae
6878 1f02458360248cff
6879 9d3b1100a92a05c9
6880 8df034b04f5fe88d
6881 a8dfcaaf5108b239
6882 7d4aa70e817ca235
6883 37dc4c3b0ec6c846
6884 e51b620c06eae3b0
6885 fc24c26fc2b77813
6886 039ac13f7da52eb7
6887 ec0392a1e08cc4db
6888 87aed65da5cb2971
6889 4afffb5123c35e6c
6890 7c9eb52b3d70746d
6891 650b73db2aec0c69
6892 8aa6bd000cdb323a
6893 98449d8d9fb854b7
6894 2ef740a54fe7ba7d
6895 161f06edb97182f9
6896 e731259b67a3c6a6
6897 6406bdd89e0a3006
6898 fb7c6e978e1b8493
6899 4267ef11c1cfc04a
6900 dd99fb9ca610b1ca
6901 ee8469628b71bab7
6902 ef0a367a9e5269b2
6903 efa0f0a7dcd96f64
6904 124c5af3057276ac
6905 d3c45531eb754b75
6906 9ed60fccd4d24d54
6907 8fe5fc3f9873b620
6908 42e1e12bc02d1157
6909 4366cbdd024e8b8d
6910 e0c153c0b85a2363
6911 56f33ecc994cf597
6912 6ea2afb30d8946bb
6913 abefc4fb2a9752af
6914 583b6b44776b04f9
6915 6cfa2cdd1a3c895f
6916 7cdc72b523828fc4
6917 4323780ffdceef71
6918 a1ae19c21d70dce1
6919 f089b60e085981b1
6920 a457a0c56ac17036
6921 625dd9b602885dda
6922 cacc85dac6485b7e
6923 98763435eef544c0
6924 5c83eb77b9b67e00
6925 45a7e36abe61a082
6926 77427854bd7d6f0c
6927 94ea2b754b81e840
6928 3bb445cda86bf2bd
6929 1cc10f9eabea2e73
6930 e37216ac8082b6b7
6931 5ad78902e095b39d
6932 ff5a5f66df11ac7a
6933 b528c7c42e792405
6934 907446db559fa8bf
6935 3addb73927c3385c
6936 8df764cfaca0f347
6937 350743faa98f9aaa
6938 88f01ca64e2f347f
6939 ce34abc5dbfe92a7
6940 a53cc921a5c0ed15
6941 a924bc06725558e2
6942 540c4baa9786bf69
6943 c4e66c97bda9cf45
6944 e8b225b9c6f6183a
6945 8f211f33a075281a
6946 754800801b4e1828
6947 d5995c25eeae2618
6948 298e5ee58da36c57
6949 f718a5fb7e9dd467
6950 bd883b6ffbd5c10e
6951 c3621ba64dad92b8
6952 2f9e90aee0737226
6953 fc1d3a221706591b
6954 83d76eee6ac02672
6955 95e3d74f238398a8
6956 e91653bcbba4f589
6957 fb40a946bcc6a36f
6958 ded3c6613532baae
6959 67a42fc83b86002a
6960 8f34ae7150320092
6961 5e0299c617c6040b
6962 52803a9e295cd65b
6963 635a30303da6a2cc
6964 6a8c3d05399c20e2
6965 d6146359db30fa1f
6966 b16e3bc0b07f27da
6967 6716605043e9b3b3
6968 a5327544d63eb3be
6969 54af1b84659ed579
6970 5f95fb6c1dab4b34
6971 d6be557705651416
6972 79b1ef73dc485650
6973 adaaa7066b711475
6974 3f740e6476252c7d
6975 4819912b649ebc9b
6976 d6b32cffa10b2492
6977 11303ff420bd13f9
6978 cf288d315361b860
6979 2c125a103c9dbec2
6980 1bcfeccba9e17042
6981 fe4f78469187c8fb
6982 9e4cd7b607fa1b44
6983 7abd886d06392354
6984 ecf136e7a208474c
6985 cd6a6aa722ff17b3
6986 01a3bd0e5185576a
6987 ad9b07921dd4fe00
6988 e2c64ff88a9137d1
6989 2ce2d507747b2791
6990 c42b1005c14bc592
6991 18e936a52edac206
6992 084bd2ee5dd58cd4
6993 c462d2df5f01e5af
6994 72482bd201158160
6995 968c348b0e5a02fe
6996 61bd2143dd8d8993
6997 2409630ddc9642cb
6998 b176f2508cb979df
6999 8a13b0c8b8a161cf
7000 76fc319835fc3777
7001 23d4370a0c9beccd
7002 b8f3e8081c66d078
7003 09d87b0424966ba2
7004 17de037c7655a4ad
7005 a217a86ddefb8253
7006 5712ec95b8081ddb
7007 870e045fad39d7fb
7008 4a66585289f300d4
7009 cfa597f3abf71f10
7010 bee91a89841c67cd
7011 8d22d49497a96769
7012 abe33dabff6280ba
7013 1b2c7eaff45610bf
7014 6654a8d20d7906c5
7015 8ecbbd2a9e1c74cb
7016 756828c826ad4ead
7017 502aa9a6c5388657
7018 538513c6035f5057
7019 dcd9933be5edd496
7020 428e6754850055ca
7021 786582c6758dd09c
7022 77d32089b4a65ad0
7023 cd09c82a6c15ede1
7024 60152606d410e822
7025 2b3a7f717814c40d
7026 78290d6d6b78815d
7027 d0ab420fba6c878f
7028 6d77c8bdc1e1194c
7029 494fa5442bf44be0
7030 1bf1a9db1244a618
7031 f0e66a0b4072c61f
7032 f7b8924ebee39652
7033 3c04319ca019cb8a
7034 34555b70c3b8926d
7035 5d37a05441dd1081
7036 9afcbab5646335f8
7037 4935cfe9919d0e14
7038 8366fb02b038010b
7039 9d4217d58ea1b95e
7040 1ad301d29bb1c92e
7041 51c22857b5383865
7042 b4a0491371c77bc4
7043 ee133bf81aeb2a53
7044 4791a849911a9e78
7045 832e1f511b9932c2
7046 5650225c029ff0d0
7047 26b0035f06a90fdc
7048 8048c53b89bd02d1
7049 1603f5d5992400d8
7050 84f62e6c9c9c390c
7051 de5dc0abb6118fd2
7052 c3925fc6cc30fce5
7053 7f469598a8114cca
7054 f4af0300c6e661d4
7055 99d0f3c96218ca59
7056 92a01d68c9603451
7057 2976f52b2c0aa9cb
7058 067f2a894b1ec3f1
7059 d6a2942596413167
7060 4a6320774cd3ee70
7061 57d2ded92d2a9738
7062 43af6c4df5918690
7063 312bc97dc1aac569
7064 f7eb9fae4833a271
7065 d60974613438acc4
7066 d2a682dfe7c7743b
7067 4c99cc5c855d428c
7068 02c1e24caf164f79
7069 ecc47ecd3a6aa337
7070 51c3ccdb48008937
7071 d52af0237a89875d
7072 d3e3efc366487349
7073 693a25d3e58f4574
7074 831d5b7513e70dff
7075 6adf33aa8edc8090
7076 31e68633ceef7b15
7077 3e88e6bcf030ae27
7078 0202d1fd2aee343f
7079 148be41fa292adbe
7080 1cd0254ce82301a9
7081 db66807b8586ad8d
7082 0eec99e1a530a920
7083 1261f67e5f35145e
7084 aaa8bff0f43cc3b9
7085 9129977672c42e65
7086 b02f862ba2e7429d
7087 d55f9b98a321da2c
7088 5797f542f9b8283d
7089 c989c784f4ef75b6
7090 4462dabee4590562
7091 2816a75799d6eae8
7092 87f1ff394b21be29
7093 2c7d60e0c2f2d65a
7094 d46ee5893077c0d1
7095 49b2c0dcc2be5c15
7096 b325ba68d37c4551
7097 0ecd892472f94612
7098 c4111ef6a1af303b
7099 bca932a5b15c0096
7100 ff84374befb27449
7101 de73d30eb61e547b
7102 7f7706ff5b0490ed
7103 7452f5228bbe20de
7104 9e355cf59736404b
7105 33cc5b905caf3e7c
7106 91855faa5dd904e4
7107 af5b1da18be32104
7108 ed8634e3cc367934
7109 1123f9be4e9cb6fe
7110 cd1a7e77829483a2
7111 f69741431d7d3aad
7112 fe290fd05af61b07
7113 0bc7bb6a301c79a2
7114 86fd59803a73545a
7115 b77a45aa1a2e84e6
7116 fac66121ca41e0f2
7117 70867eec51f4fdc8
7118 d31a7b710b1e9e35
7119 a346a575634b8416
7120 9cdf9e520a86bd4c
7121 906db5981e3cfc67
7122 4841509acfdc2994
7123 8b63bf7e1dc1ca6a
7124 6b164656fd75d580
7125 e21749b24fd69273
7126 0f9ad29334ae2ce1
7127 e62bbf03c5b71a26
7128 d60c9b753728c742
7129 1a75550e32a57d12
7130 699d1860e44a50bc
7131 2ba1e30a1a9b3486
7132 69504225d572562d
7133 d7fb669fa9f1642a
7134 aaccbdb07f9ff969
7135 e3df42b54710c445
7136 56fdd72407951c4b
7137 4fc478a1de5c07a7
7138 ade0252c2f081da3
7139 a88bfc1c266aa5da
7140 ab176fd1b1e6a89a
7141 e1c51e5cf677d078
7142 b9fa6ad5d30df650
7143 9d2e4e70d57c9aaa
7144 74ee66c8699f9ca4
7145 bcd3e2082829b81d
7146 4a75776880f80666
7147 e07e8737dc7949c8
7148 49c52210f5f37792
7149 2c71f9e4f1b41e64
7150 304a78e213fc346c
7151 e68e0f20746276db
7152 e441b99daa5a25b8
7153 36198b62227ca2c6
7154 c2a8eb43b7575d46
7155 0f32da0c4243ed6b
7156 903434450cf51bff
7157 aa59ebeea8fd0be1
7158 4a9f62ea96c99038
7159 68e3f95219074896
7160 3e83396a4145f487
7161 a42e653b9d430db3
7162 719872d1e44edaa2
7163 c28d35c54d70bc88
7164 412feaf2d576daa9
7165 1edbdbcf47e3939d
7166 6fb8a4e3425ae8ae
7167 3d7831fd078ea002
7168 9ed81ef2c308aee3
7169 dbcdcd9248b96a37
7170 64d69668cae55f73
7171 ca35ff561247867e
7172 2429672e7d8b1b8e
7173 8e8f21424685cb82
7174 863de3858edbafe5
7175 701092dacb53ea0d
7176 2c5fdd52706405f6
7177 08a8d3fee333ad6e
7178 421ece7393e4912b
7179 b4befc728fc676f6
7180 1c5acec390c14c84
7181 9669bc465d377d9f
7182 fa67e0c043f5bc5b
7183 64178f8e5afc62ca
7184 3212225503eaaed5
7185 f683ef205930668d
7186 c4b4af30015f52e0
7187 87987f4391488009
7188 a538100df3bc4aef
7189 544af4d17d5f05b6
7190 23b57f85ddcb1bc6
7191 47a321b9bd0eb918
7192 adc4f387d536eb0c
7193 22d3998514e7a49b
7194 1f3e4b8e2cec0d6b
7195 705ae99c250aeacf
7196 bae3f9585ca65633
7197 75aa1de47f6756b4
7198 f2d464c6cf1efa2c
7199 98dd5d28b6b2fe4f
7200 8b07204d14c0a3e3
7201 7632fecea18204f9
7202 6432d72d4a03c0cf
7203 51e47bb31fc07db3
7204 44e64e38f03efe14
7205 c134cba469385de5
7206 6325a89db34553e8
7207 c6b557da572d13c9
7208 d391803b69fcc1ed
7209 180dbe9cfebc72a3
7210 3efc64dd6bf216af
7211 1c0facd4efda839d
7212 691188d52fe527ee
7213 5c2ea0d3f2588ab8
7214 b01b78c76b169da0
7215 dcefe4b7cd5bc541
7216 7ba0436f8cfd4621
7217 468851491ebebec3
7218 3f888be94398485d
7219 fd87dc0836e3eff0
7220 e4d5b3753a05e614
7221 64cd3cbbb90533c2
7222 07bac6522902104e
7223 9b6aac962a550730
7224 f15774a48d22519f
7225 e5fd9271a65ef4e3
7226 2d83b5abb68f0c8b
7227 f5ee3c8697d410a9
7228 999e14960318a97e
7229 5962d0e3ec9454bd
7230 aa2de9cb08f85802
7231 159a6f950e2f4576
7232 7b2bd92d22bb6df8
7233 037006285f56346d
7234 b440193c4e16fe7a
7235 f5d8668e073c1dd2
7236 a4b477e28539ddda
7237 9adaf8583e357458
7238 5b7ee203161ac05b
7239 4f9013f6c2d00d9a
7240 5f1e807f2bd97577
7241 f5489ceb0088ef0e
7242 fda1a6e5150f1c31
7243 bb329fbf819dbc7b
7244 b37ad7a50bb62079
7245 bcc8d5cc0f71a741
7246 fd84032146e34d4c
7247 511d680154516a78
7248 cc0938eb8fd9061e
7249 bbfbcfdc5b46c96b
7250 1bec9d89e089914a
7251 5abebbc0cc9d2811
7252 ca1f80e6f593bd68
7253 be4d6f5421935ca2
7254 c251b22652744e14
7255 96dd5421cb995714
7256 227eb86d88b01c82
7257 eaf4df945d12eaf1
7258 6324c970f29c80d4
7259 ef4a9135735e5020
7260 bf16a073f762cf46
7261 63ffffe1ec1d59ce
7262 8285dc2873c57866
7263 338d3e457cc5ae71
7264 7152b24c53eb6510
7265 f72b1f25d9cad325
7266 f2472b3b677c143a
7267 2ffd1e2011310bbf
7268 ca541f6f9d1e88a8
7269 82883bb493861da9
7270 24d774c8d176fbbe
7271 eb181af31b1391c4
7272 2ddbb8e4222325b7
7273 f6ce156611c2ce8d
7274 da885acd40648caf
7275 54e442d2a1a94742
7276 5a0dde2b23299c7a
7277 cdb2959215d50a5c
7278 94a4b6cb21842783
7279 6d20af6808f01f37
7280 64b69885109147a8
7281 3ee0c7db3e86416d
7282 351fa72b17a7b253
7283 81ccbba47e9695c5
7284 9e7e7abcf9b0d1b7
7285 dab25c42402e415a
7286 dd844a929e13fcdb
7287 5df535eae49b3d53
7288 dd33af7313b0de9d
7289 65fd016f258c6cbe
7290 8a100604ccab204d
7291 1842e3b236e1b775
7292 a171c427aec11867
7293 e81ab1e9c83c90aa
7294 06c92c4e60a0c250
7295 8a7152ad5424b295
7296 cf354d31db68f070
7297 f958cf3f5d6defc4
7298 1922344555567780
7299 8e06a085d2f3b2e0
7300 f63ed32c2ba4b8a7
7301 8fccbaa6e0172b84
7302 85ce182ab24bc87a
7303 b6d6bc8c3d13de65
7304 54cbd8774c9b0a9c
7305 1ef4a6297b07d869
7306 f090393bbe572168
7307 4c67271b62c1856e
7308 b854f4a9e6f07d25
7309 ac05faf6676bd1c0
7310 197dfa64b925b17c
7311 e9cd896613d58248
7312 751219d69bf08f7b
7313 81bd3fbe71fc0b7d
7314 6142385b5b43fc7e
7315 914212ef2fb5c42e
7316 039b50891b2c7af1
7317 4fdfcf119ce4de9a
7318 136fe121404f2d15
7319 b5b453979d233930
7320 bdca6bf384a49233
7321 368209c2b4e34721
7322 892e37e2f7b8be26
7323 552521382dd227fc
7324 2d21fd4c58b12a73
7325 8a7d9e5b6a798fcf
7326 afb1cc962a3e1507
7327 131fcfc6c2d96c66
7328 bb399d150b7386fd
7329 9c80a91cfb04bb6a
7330 56f8ac712f9d894b
7331 4a7a07c627ea99f4
7332 3383d95231843b54
7333 84ab16ea0a2363ca
7334 08fc259d02af4bd0
7335 5590b28a3bea42f7
7336 4f5e7bea24e99398
7337 f82f7233592f8931
7338 0351a1ebfe972def
7339 bf378a586e57b8c5
7340 396f98e1a66e030b
7341 032a2beca3677b5f
7342 c815deca2846f1ed
7343 e6c58109f7554218
7344 d1c264bdc607c651
7345 5c7622850710e468
7346 6d5bf6f2985f40ed
7347 ab5bdcd1a80ef4c7
7348 e1770a75a6113258
7349 671238228b9da3d9
7350 31e80a19ad59944d
7351 08cf36b52340a7c5
7352 3387d3f606756e1b
7353 9a1063e8577531fe
7354 5b243e784953c47f
7355 235a81491ef7a53c
7356 703741188a3e09fd
7357 b23b90b465e549fd
7358 2fd3003a805c5f67
7359 4424f9ddb7a70183
7360 62537df2603a0f48
7361 c6e13b4ba58a0d66
7362 b9ef53d6711f06e9
7363 25aefb71097ace71
7364 cc0e294b8799981a
7365 3ead1694793f1fef
7366 1077406279456afe
7367 c2c33897accba5a8
7368 6023695c39d0ab46
7369 71e6dc4e49324f26
7370 1c8a3a8830ff92c7
7371 5e0b8650ea613fd5
7372 cb04b8c4e84f8d50
7373 592a8f5d5d971af5
7374 0635c9b6183469f8
7375 104c28bdee3915b6
7376 fbf615a88d7d6905
7377 28bb84fe38ab986f
7378 8e5ea0d5a6e71dd5
7379 b2508d5faf375355
7380 5b00c74eba83f830
7381 d4db25afc58c352f
7382 497f6832fd38db32
7383 8ab0ff7e31aabb43
7384 c5168befd6a3eba3
7385 a327cbd8b1d55800
7386 6688ebe56039bd82
7387 0294477cae772cd7
7388 494b9c878fbe5f6f
7389 9c886746a0834da1
7390 30a520ceafc9cffc
7391 d071b2ec3b335233
7392 bb3ad1d6f32d585a
7393 67053d92d8ac738e
7394 d9f99d323d957e25
7395 1336110083918432
7396 ee91677c772b56ec
7397 9e04b46a0483f488
7398 68e138c8e2aac55e
7399 4dfc2b9a93d0c70d
7400 9640ec7e18842f5a
7401 7fa22562c1bac774
7402 598b664864301da8
7403 2b3ce2609ea28e58
7404 d4b8c1026195ac62
7405 1cf20aa9e84986bb
7406 983c5a49ccafe272
7407 269b56163046d08d
7408 45fcd332e060ecd1
7409 d8f9a638075c76de
7410 ec65a19e7ab253fb
7411 71f9b2f3bb5a2def
7412 2d308622fc4faced
7413 d0e8c06ad1182c21
7414 2bdf3b69ed15770e
7415 f0812d7a48bcedcf
7416 bd1255a50af91e12
7417 1cda8a1538381203
7418 7d29841039219729
7419 51a3dc2d85245481
7420 e7b5d8fb5901f49a
7421 51dd8841291f50ef
7422 2d723ae63fbbf1de
7423 768c4889c766d72b
7424 a340918f86449624
7425 cb9672ecd66b04ff
7426 cfff2ab31ed54e91
7427 235a13d44896ec83
7428 356bbdb79bcd17ac
7429 9334dc081f434f85
7430 17ae210ba19fb83d
7431 989e1b9d6aff2db4
7432 4428f7a06e3e0a9a
7433 546a2bf292c4f6ab
7434 9e9ea8694aba5386
7435 c23ed8039eea56a5
7436 e0cb2a87f0da7ddc
7437 9e5daab736414207
7438 076c2bf55b72d29c
7439 218a1f9ceb941946
7440 f1e64ad285b04ff4
7441 39349242de5be869
7442 be8717b65cb2145d
7443 a0498b18c8d0ac47
7444 eb8903e23ff36bb2
7445 e0bf13e1fa678911
7446 708922dd2e3e33ac
7447 375c7ffc589140ba
7448 f8ab19d964ae1463
7449 9a65c9cd1607b303
7450 6da4c6aa7e925142
7451 b81d9768478e0735
7452 1b240fc6fe83b807
7453 43cf3fb6873330dd
7454 ea1e7b0529cbb463
7455 65f033b0c4d01c3a
7456 5386b261c7c6e9ea
7457 1950d6843c2c07f3
7458 98888875d902a8d9
7459 e6df23fbd746ec61
7460 42112d6a3515ef85
7461 198e5e74f925b9ce
7462 065a06ef9cf4290b
7463 88c5a5a4a1a59cf4
7464 1ed386ea1d952184
7465 f20e27c1bc06a7cb
7466 d1a5066f2ed268ae
7467 7f193697d1e6e937
7468 59d7d09f64d37f94
7469 8edbef4ffac5fb11
7470 1b82418e0f1e3441
7471 c4bddaabfc95f7c4
7472 16e7bd1165791f14
7473 eda4d1f7ddd967ba
7474 79d3f8fc6f427093
7475 8e5b31be16fd7bf8
7476 495fb290f0f4da9e
7477 5b4e83e65317f11a
7478 c67570515624253d
7479 abd1de92f5c60cda
7480 e724acb4fd33b585
7481 3a563217bce4c0b4
7482 07ce47d693b7cb21
7483 04a3d370fb9005ae
7484 b823e22f4fb7df88
7485 87ad7d4c623a2e38
7486 2a2c51f5c29780d9
7487 4598a5198d3d6079
7488 4a477075702afe85
7489 324a63b0899fddf7
7490 048b94ea2c4318b7
7491 55b7053ff8fd03be
7492 9a9f11f6eb85e9ac
7493 2130087a1dfe0a75
7494 0b93e9a1f6a454b3
7495 3997664a6f84e98a
7496 13a1e0f180e919e8
7497 f1fde4022dab8fce
7498 a30e7ee84c4f20e4
7499 5d1dad63d7ac1047
7500 337cb6c6c8e90e42
7501 c1ee2b46286e68a1
7502 d899b0420db4a789
7503 abb502824ce07f1d
7504 819d321f921cde90
7505 af28b12e112caa9d
7506 7b85e5dc016f66c3
7507 ba0264329670d8e1
7508 9389bfd9765d19e8
7509 87f4231b4c5e5365
7510 cdbb0c6a32e58880
7511 e303ae894e6559c0
7512 763f633f87f34285
7513 8799c339e02d03af
7514 76541321203d62b9
7515 cdb5147ddc503ab5
7516 d27ca14e806d1176
7517 b097384c34640bb3
7518 bf6657f4173a73cd
7519 0ce23c50f0588a8f
7520 cf81d6a7108ee263
7521 e2a4a86ccf0649e6
7522 0fae339b26ae0fee
7523 6f7b912dcb4579c4
7524 e7c1d22152f603f6
7525 39e6e9b02ee25022
7526 c9c4bfe2a222881f
7527 4e2cb6e11927f6ca
7528 02143b83ca13ffb1
7529 0d1fe5287041b6dc
7530 48725e218e216fbd
7531 751552647fba2a71
7532 4687f5bcbe22b3f0
7533 4265982fa561d435
7534 af09277a31c99174
7535 da704889f7259265
7536 111d3ba443dd6a0e
7537 fdce13f45fc91085
7538 6c18eac15d23b9b7
7539 7379029940cf9735
7540 edd1b9221f26d38f
7541 638947e17eea9b05
7542 3b609f6067dee14d
7543 b78512245e421734
7544 8f4f9b7a3fa7c995
7545 47a2d27d856d240d
7546 f5a1da83f681afca
7547 63ab2766d0d5b1bf
7548 6de7d32d9465f559
7549 f340db4ff5d04368
7550 0182cafa355f3974
7551 d1d0dd3b1b4057a8
7552 19502f772368ea45
7553 3f7a7e99f63bd7c6
7554 f1b5d01fe7c8571c
7555 24d1351031c94691
7556 e698302d573e99ee
7557 36fed055a178ebf2
7558 e03416b8b7280687
7559 e38b86b2aed643dc
7560 f18f5b5b74b855e8
7561 0a2a02ff1fb7c9ea
7562 1599db5c4780bccf
7563 562e0534a66e16b6
7564 4a28506105b49344
7565 4c5069476f73b884
7566 8a79ecb7cb575b13
7567 05ce7ece81a897c8
7568 190a5ac182b8fc92
7569 f2003f2131474018
7570 d895fe9eb49b9cbc
7571 24f4e39f9973e605
7572 24a83c5f8c69fe49
7573 5be6c38f3997b5c5
7574 bd347d0e2a5a2793
7575 2bf65d2076fdd18f
7576 e87361a605086555
7577 ca047a0dca144bad
7578 c0a940931a00ad0a
7579 b64fa40d1adfa9d1
7580 0d74f156e3a4df4b
7581 f0af3d9c2298da2a
7582 0af270a8d320c7dc
7583 7bebadb4bb0f07d9
7584 6ccbec636be656d9
7585 952767a28b8dba26
7586 8b542211f3bbc920
7587 ae7439a228f5cb76
7588 ce7f0da6bdd31ef2
7589 ae7df9cd096b8556
7590 9b6107c37dcd69b8
7591 031e1998f0c100a0
7592 41aaecc7f6edeadd
7593 f678e038b2114ff8
7594 008e2e1134999c70
7595 ce9cdf45a878408e
7596 103ffe29ffc63f1b
7597 b8c905112afd6d62
7598 87b1bb60200b8bec
7599 9dd57f9263f46efe
7600 6a094bd80e115fd6
7601 f80d3be451a8ef0e
7602 0c4668c0d4e17c36
7603 15ea699e69168d1e
7604 c75c7bbacce813c7
7605 99a827c4732600b0
7606 4c973f118f763179
7607 b0f82386a25df924
7608 54f510cd9c410bd3
7609 fdc9995ecf2d4651
7610 60e6e12810fb2838
7611 651c7923c9edd248
7612 61a9526a5324266c
7613 57c2d1e3b9f3924b
7614 715c8875704fc73c
7615 b011ba27caf903d7
7616 8e78ed7b8e13dd2b
7617 fe4601c1e1c42105
7618 9cac7f4a3a5b9e13
7619 479d2380be49053c
7620 cd9724ee8da4d78e
7621 3b6a393ec3e33037
7622 71986f561524e002
7623 c16d83e904bd2060
7624 ac6cfe72bd55cc7a
7625 bf567b9ef76ce96d
7626 f05f9a48a3d6d0cf
7627 7a8a2fc8f4748074
7628 fb9f91393a0e7788
7629 3b35efd07fb69bf6
7630 413c9345ad884346
7631 b4f1e34c0e082c06
7632 313d51c0c0454e70
7633 7d2c2e3b5ff728ca
7634 6c64bac94c0d6fbd
7635 e12b73adfca4a06e
7636 6fea6f55b3300097
7637 fe9a26aa616f2876
7638 e817c542e39ca4ae
7639 31cfb4037ff6ada7
7640 18379858d664f8f8
7641 aec26a2e3d91d6c0
7642 4cd71387fb1a64ea
7643 3e6ab68aac584061
7644 a0fef16f58606815
7645 6df5474ce6e811f0
7646 0f8b57862ef64dd6
7647 53a0050800b1b37f
7648 fa8b1b78b9318c82
7649 f1ba642f0226e467
7650 2841e8b1033dc3d8
7651 204a8c6937ee18d5
7652 4706a974496f10e2
7653 e912ff595ad8899f
7654 51696ba9e79897b8
7655 a73c27ca84cc80b2
7656 05f5cbdee6d92f31
7657 58beb39c5b19546b
7658 fbc84a22de3b2f79
7659 57efba1bc81a5231
7660 ffd55ac39f267759
7661 a9059e6a551cca21
7662 b85f94d1d3999a61
7663 8031fefaf42bbd3b
7664 c81de7cf8a494907
7665 a4609d74809d1816
7666 65b5a9ff0215c934
7667 4fde4f1be78d5f7f
7668 52861c848dd307ba
7669 119fdba4823fdb66
7670 64c690624514eb7c
7671 d763b8b96f4527ac
7672 9927b7bbd83a419c
7673 5b334f07cf567b5a
7674 57dff3c4f595a3a8
7675 197a30e23bb00e55
7676 2f43f1563d86fec1
7677 d1a911cc645897a0
7678 b50efd7436a3df75
7679 852d01f78d6e16aa
7680 00e74d5ee86a0290
7681 bdd3c8cd58ffaf6f
7682 7b810c6902ea2f29
7683 fd5c2cfca56f6905
7684 f702147dc24c2891
7685 c719d154048c7f2c
7686 beffbfec9143a06d
7687 5919b43ab3e260d3
7688 0230d696136c3c1b
7689 8ff5f32965a70e65
7690 bb4fd276219db0b4
7691 5625efd195f4e2e6
7692 86378b2a847198db
7693 0b0717efec164173
7694 cb9fa337f12e2d5b
7695 e82d313d5622e48b
7696 f6503f222e42d921
7697 593e152fa218c26d
7698 5c823b1ad6b851af
7699 39d769cfe5815324
7700 7328930b7a91db50
7701 6f1b80bdc5c8d006
7702 73fa110f5317e66e
7703 9bc6f29203c62024
7704 fb62fe0020c8721a
7705 f7a369b259757e85
7706 e74baf99c1fa10cc
7707 f01b60d1e5a6047e
7708 7fdc4ad281acece6
7709 6132253eed27daaf
7710 2944a84f686d46ae
7711 84c9f7d92b321537
7712 c982ca77af287ec4
7713 c805a9580be7e06d
7714 5c4fde2518d49da3
7715 f31fc56b532ccb7f
7716 011733e86b7c16ec
7717 b87b1185536f71eb
7718 5a5eb1fb21628399
7719 eb295a080795dd16
7720 3dd3992a9cf11fe7
7721 1409845374af89e5
7722 3bedf539f5a22042
7723 8ee8f4c30f64b4b9
7724 a3a7455009823cfb
7725 58ab1f566cd348a3
7726 b0394480ef34007f
7727 9dc14debb9569122
7728 ed7d2668c377daf7
7729 529ba46368c6dba6
7730 833a64f0bcbbdb76
7731 7465f15241b960d2
7732 36bff3e88ee17566
7733 010d92066e04159d
7734 949f69959166d782
7735 6d7d0da679425ade
7736 4d882bbc8684a11f
7737 608887aa93853eb7
7738 039453c97e940593
7739 0283bd22f0f80ad6
7740 2f183e61716c0832
7741 4f963dcc40ec4236
7742 d96b76ff4a0c76f1
7743 8b6127946169ffec
7744 0f3abff4ca94958f
7745 c483ef9895f9b5c4
7746 dafeecc96c5aab92
7747 be95d356c56b88b8
7748 a21ae0e14c98ccba
7749 4bc854c5b9cdc1ef
7750 ea5bf634f06a9973
7751 275644adf1488542
7752 7c125e9d9fe9f88a
7753 18b056a83712cc7b
7754 a55387784ee8661d
7755 ed86c832e0d132dd
7756 856af46a6a8b5a3b
7757 6a0886550d8fd02e
7758 87d5fe605325b1bc
7759 700b19453c51f069
7760 80b07f8952ae485c
7761 dd608f64c61765f8
7762 9890d8341ca8d339
7763 b399ea98026733c3
7764 a3e5fac38cc27141
7765 ec3e29d509c7ff18
7766 120351b67bcdb7d4
7767 f232ff57f50c0948
7768 fa8e3915c49ebb12
7769 b6daa87eaadb328e
7770 ab5fbebd0583fc68
7771 f6160dd85c1dc4bf
7772 9c59e0357a82b10d
7773 15517297018282a8
7774 2466fb6f835284e4
7775 afc09e797ec8912e
7776 3a6f8ebe67e0ace7
7777 4e6365253e01ccd5
7778 c60db0e5dd1fd9cf
7779 b108295376d986f2
7780 f04b12a0d1ba89b8
7781 fd141203cea5a6db
7782 7b851e24c6553da3
7783 70054b75d6906582
7784 6cfdaa4a1e0ecc84
7785 2045c1a0b282bc99
7786 4bc030e9679162c4
7787 a40903d2ab51699a
7788 f6852523397595ec
7789 a39e39827e5c4dca
7790 0d04ce3fe08a78b7
7791 502ba3de65464eaf
7792 840bee314721feb3
7793 645269b3955d4c7a
7794 fc201bb99ea3d220
7795 7cc0c82b872747d0
7796 956a8c78d90b6b81
7797 60fa533838391acf
7798 602180c7fbf1cb10
7799 174f54548ebc744d
7800 0037e600bf2a3fb1
7801 7188ac5d8dea4aa7
7802 baf7cc58ac445454
7803 5813dd6b40ff2ee3
7804 98c0d6760f914e9f
7805 52a0ca9cfeb513b4
7806 1f1a671c80abb221
7807 563a86288dcbe11b
7808 96ad50e37504bf46
7809 88312f7f254d0d42
7810 48032efb83123a8a
7811 6d14737e3bfefe46
7812 43810a5d3ffabf34
7813 6bf6a207b96f96be
7814 da24abfd688626b9
7815 280957383ed461e5
7816 21503aacab0b0e75
7817 9665b5621022a8b1
7818 5a96e9e6b2735874
7819 a8706617943b4e53
7820 c8d7ba42e13ab495
7821 b2a972ea19a4e848
7822 9f8c2fca310614c0
7823 5a2ab0b64843d173
7824 cefb5fdccf4486dd
7825 5a84ba959fea718f
7826 7f8084bdd68a5de7
7827 3e8db7f885c8ab45
7828 4ac757dd987222b8
7829 4d5da74a3ea93ee7
7830 aad4f98c0e8a89bb
7831 21b7eb24a65fe608
7832 0160d7813beb3328
7833 5684acb7db88b811
7834 991e8f10d1abdfd5
7835 176fd8b64a259df7
7836 746ce2d94052a355
7837 fc3d59b996e10b8b
7838 f34c95b776e9f049
7839 6807848a07a8da56
7840 a4c4d49914ff3d5e
7841 0d1ddc32710fd412
7842 d12a5d996f286851
7843 bd2e5485b6a10920
7844 f5549013803caf40
7845 f7575752a2ba4ff1
7846 5ce60ec96676948c
7847 6ebf72cf95c2d11e
7848 90d384765d4cf4a1
7849 40dcd927a3f5bac0
7850 0181f53f898850be
7851 bb9c32b0d7ec73f8
7852 5828afcb4300dd9d
7853 0cae0427cd0a6132
7854 e64a84c949528c4a
7855 9d4f128e280465b7
7856 3bc37374bdaff57a
7857 796ef231d6d5ba88
7858 093c546a5ae80d26
7859 34295b8873cfcd76
7860 741e01f3ab619dfb
7861 abfad9607a0b8f7a
7862 d12e26602121b1f7
7863 fabd35c88b967353
7864 9c971f870392de36
7865 5acaac830e0884a3
7866 5c097b88ed08c7cb
7867 18b39659a4142e0f
7868 c8d2ab290d06e20d
7869 5a92d1105688211e
7870 782746553c7b5aed
7871 7d06417754fcbc41
7872 237d171984459abe
7873 2e50da47574bced3
7874 d07be1645838bc6e
7875 f60760a0be27cfe0
7876 b3fdaed0e4e669ca
7877 d1925137aa8dab24
7878 da6576978795dea5
7879 1905b0e5d9601a01
7880 589e369ad38b2ab9
7881 1d10dfae6aa6654e
7882 ff7dd4c0c496671e
7883 cdaad9be83d5f877
7884 3f764d26376c21ad
7885 2b1bfb646c624ec9
7886 58d408fa3553beaf
7887 e20e9086e80ad773
7888 fc04f7e8662964dd
7889 610b5b1c2d9913f0
7890 540cdd89065927cb
7891 5906e8dd312c51ee
7892 208403f80666b29e
7893 ac37bf937bde9568
7894 1f375c5f35ec8857
7895 9cdc7f870d623731
7896 bbea51b40a692729
7897 00c680815c9e323b
7898 b49382e9d8dbad05
7899 1e88f845e386cccd
7900 c556eaa3655c27a0
7901 75251214b5cfff5e
7902 398c30d47aaad15a
7903 0a4033c42ff8393b
7904 f4e41ce71be26eb0
7905 1023a17eaaa5ec87
7906 1435cc592dca60dc
7907 834e1b294cda976b
7908 6cffc0b40f0d449f
7909 e6218a1d1cabcf4c
7910 4a42f03afe9b06d6
7911 7e2a1e0cdbd60855
7912 6943dc22fa5276a8
7913 3cfd84e3bc17f173
7914 0a23784004e54b48
7915 53e3ac9e44910a64
7916 094cc1617bf4436b
7917 f6206ffe5a535fe8
7918 3fa8cae1f4259336
7919 ced5d20401d100c6
7920 d221b14f812afd19
7921 1504dd1d5238b944
7922 f89ec2a710c8d1f5
7923 7dbeabbfff49c7e1
7924 3c0e21ff26f51258
7925 b88f6236b9da52be
7926 afa13de3232dedd3
7927 6d91fe7368d65064
7928 a2abc73b86fcedbd
7929 ec94d18b2945e3a5
7930 d585a790a05d4591
7931 ace439b6b1851445
7932 2914980e5fe5e85a
7933 a6121d5ea146e9d6
7934 8599ce0ef9af7505
7935 fdf11c6274fb16af
7936 3ba36dd3b849ec65
7937 266e77bcbf875d41
7938 06171f98d0d4ef00
7939 4d42ce8af006ab7f
7940 ea7a963de870d115
7941 2101f57fece49d0b
7942 7b9cb1d4448f7cc4
7943 b03febc3ff210c80
7944 37606ae1f620e072
7945 168a9439dd590430
7946 3cdc3995d16092b8
7947 aa83366659c2109d
7948 1adcb39384df8703
7949 52766c8790d7628c
7950 9fe9c56f464a4f6f
7951 b4cd346ea7f372cd
7952 897cddffc94f8cd4
7953 172dbf772b075a88
7954 fc60ce0c45e58f58
7955 b62f9a825acb0f1f
7956 12971213d45437d7
7957 55bb7cd6f0241a4b
7958 b4e61e8c9a0f2fac
7959 5cfb9edde3ba911c
7960 4042de355c421165
7961 3e95be89e3fc94f9
7962 af18a6491a050a70
7963 242c1b46ace53b98
7964 580eb209de05c8f3
7965 2dcf588f8c6d8ff4
7966 8003067c09a3dc92
7967 a4cc548038d58ddf
7968 9c02eb8b13894ec9
7969 0454180cd9add871
7970 8fc2f36334c1b605
7971 70afc41c9e91e328
7972 fd25b9ec4ded75cc
7973 8465070bcda2b2d4
7974 cfe6a986414335da
7975 0da39e1d2bc2aecd
7976 9a03aa6c7a6c393b
7977 4c9069d34eb0f51f
7978 1a78ce93c78cb63b
7979 e31fab53e0d891b3
7980 e83f0fb469f8783a
7981 101ade5179a4390d
7982 f887b7210e40db5b
7983 6e0cbfcf7967c2f9
7984 63f70b654a1c7f4b
7985 1cc90da419f26624
7986 f92915fa8b50bb19
7987 04f03810213f892a
7988 546c6cd2d291d135
7989 cc95399446f1cd43
7990 f796cb659d266c30
7991 b7953b0d69837681
7992 d42027526541d3b3
7993 5c40cdbcf18606ac
7994 b1f86197da84cc07
7995 9e4908a93c27a359
7996 fde9439d1bf064c6
7997 610cd0792805d903
CRASH 7997 vec3 PC 01ab10 SP 00ff7fe8 ADDR 00ff31b5
REGS D0=0000004e D1=0000035e D2=001004c0 D3=000000ff D4=00000076 D5=00000007 D6=04240001 D7=00000001 A0=00ff310c A1=ffff9500 A2=000b6f72 A3=0049baea A4=00ff310a A5=00ff8000 A6=ffff95fc
STACK 00ff7ffc 000011c2
STACK 00ff8000 00020000
STACK 00ff8004 00040000
STACK 00ff8008 00040000
STACK 00ff800c 00060000
STACK 00ff8030 000f390e
STACK 00ff8034 003f7080
STACK 00ff8058 00040000
STACK 00ff80bc 00000100
STACK 00ff80dc 00000202
END-CRASH 7997
