1 5dc0cedb2aa1bb7d
2 5dc0cedb2aa1bb7d
3 5dc0cedb2aa1bb7d
4 5dc0cedb2aa1bb7d
5 5dc0cedb2aa1bb7d
6 5dc0cedb2aa1bb7d
7 5dc0cedb2aa1bb7d
8 5dc0cedb2aa1bb7d
9 5dc0cedb2aa1bb7d
10 5dc0cedb2aa1bb7d
11 5dc0cedb2aa1bb7d
12 591e973f181279a2
13 5dc0cedb2aa1bb7d
14 5dc0cedb2aa1bb7d
15 a95417db2aa1bb7d
16 5dc0cedb2aa1bb7d
17 6c37ae1b135eea98
18 5dc0cedb2aa1bb7d
19 5dc0cedb2aa1bb7d
20 5dc0cedb2aa1bb7d
21 5dc0cedb2aa1bb7d
22 5dc0cedb2aa1bb7d
23 5dc0cedb2aa1bb7d
24 5dc0cedb2aa1bb7d
25 5dc0cedb2aa1bb7d
26 5dc0cedb2aa1bb7d
27 5dc0cedb2aa1bb7d
28 5dc0cedb2aa1bb7d
29 5dc0cedb2aa1bb7d
30 5dc0cedb2aa1bb7d
31 5dc0cedb2aa1bb7d
32 5dc0cedb2aa1bb7d
33 5dc0cedb2aa1bb7d
34 5dc0cedb2aa1bb7d
35 5dc0cedb2aa1bb7d
36 5dc0cedb2aa1bb7d
37 5dc0cedb2aa1bb7d
38 5dc0cedb2aa1bb7d
39 5dc0cedb2aa1bb7d
40 5dc0cedb2aa1bb7d
41 5dc0cedb2aa1bb7d
42 5dc0cedb2aa1bb7d
43 5dc0cedb2aa1bb7d
44 5dc0cedb2aa1bb7d
45 5dc0cedb2aa1bb7d
46 5dc0cedb2aa1bb7d
47 5dc0cedb2aa1bb7d
48 5dc0cedb2aa1bb7d
49 5dc0cedb2aa1bb7d
50 5dc0cedb2aa1bb7d
51 5dc0cedb2aa1bb7d
52 5dc0cedb2aa1bb7d
53 5dc0cedb2aa1bb7d
54 5dc0cedb2aa1bb7d
55 5dc0cedb2aa1bb7d
56 5dc0cedb2aa1bb7d
57 5dc0cedb2aa1bb7d
58 5dc0cedb2aa1bb7d
59 5dc0cedb2aa1bb7d
60 5dc0cedb2aa1bb7d
61 5dc0cedb2aa1bb7d
62 5dc0cedb2aa1bb7d
63 5dc0cedb2aa1bb7d
64 5dc0cedb2aa1bb7d
65 5dc0cedb2aa1bb7d
66 5dc0cedb2aa1bb7d
67 5dc0cedb2aa1bb7d
68 5dc0cedb2aa1bb7d
69 5dc0cedb2aa1bb7d
70 5dc0cedb2aa1bb7d
71 5dc0cedb2aa1bb7d
72 5dc0cedb2aa1bb7d
73 f9dec29d096dff89
74 bd470ec3d637a91f
75 c85ac0ee8a84cdf5
76 cb074c844db42368
77 cb074c844db42368
78 cb074c844db42368
79 cb074c844db42368
80 cb074c844db42368
81 cb074c844db42368
82 cb074c844db42368
83 cb074c844db42368
84 cb074c844db42368
85 cb074c844db42368
86 cb074c844db42368
87 cb074c844db42368
88 cb074c844db42368
89 cb074c844db42368
90 cb074c844db42368
91 e3ed9a1570a781d4
92 857c342388d281e8
93 014284b6c37edeb8
94 d7793f0a58a84472
95 b6126fcf3ea94138
96 895d630279d2abbf
97 94820326f0a06e93
98 38c5caa71a3d6e93
99 2ee0327eb7366e93
100 cb691198315b6e93
101 9a458ea179b46e93
102 cd9b46d6ad816e93
103 d7e78e42655a6e93
104 07aa86c7bf0f6e93
105 e98cb1897a886e93
106 e9905507afc56e93
107 9954d868933e6e93
108 6d22834cd0236e93
109 ff163318e55c6e93
110 7fe24cd185a96e93
111 e69e5d7ae7626e93
112 dc48f200bff76e93
113 7e01b633a4b06e93
114 258fd90d3dcd6e93
115 def78ad527466e93
116 463a9205566b6e93
117 e313553036046e93
118 93542fac88516e93
119 a1b645df94aa6e93
120 d8cccecd9d1f6e93
121 90ecada7e7986e93
122 af76988889156e93
123 51b649a52ece6e93
124 838b64d24ef36e93
125 370f97ff696c6e93
126 60a28204cc796e93
127 c2b11fedcd726e93
128 606991ec16476e93
129 ef81e65b54406e93
130 031beb6f965d6e93
131 21a427e0f0566e93
132 dc29763abc7b6e93
133 73138abeec546e93
134 4f028ce965216e93
135 facc51aaa6fa6e93
136 90e135adbfaf6e93
137 4c4a04c799a86e93
138 97615e3e34656e93
139 eec7c1a52b5e6e93
140 ba53fba128436e93
141 e0bd1375a07c6e93
142 653e011551496e93
143 a8bf88b3b4826e93
144 dc1c22753e176e93
145 83c4752a85506e93
146 b98bfc5f1d6d6e93
147 4a490c46dee66e93
148 cf80c00b520b6e93
149 ba964699f6a46e93
150 b9d23d9b0f716e93
151 7c9ec58bfa4a6e93
152 6060f3e69ebf6e93
153 efa81bb619b86e93
154 72d19d8fe6b56e93
155 b4e8fc7d186e6e93
156 bd33556384136e93
157 e8228749b58c6e93
158 c5def34538996e93
159 dc791b0c6e126e93
160 3cd2368c8ae76e93
161 31cc302daee06e93
162 b7ea2c4f007d6e93
163 1acfed171b766e93
164 b50c28e2c19b6e93
165 bc6695fd97f46e93
166 7917d95db5c16e93
167 3b632832ce9a6e93
168 4f61c9b1bc4f6e93
169 ea049e5221c86e93
170 e71ad06c93056e93
171 8709bb22847e6e93
172 062816261c636e93
173 c9dc6846379c6e93
174 8df7772353e96e93
175 8e1ac4f788a26e93
176 3b1fab6518376e93
177 86ac8a4ea3f06e93
178 70df3182260d6e93
179 a4a7a45b91866e93
180 170293e22fab6e93
181 d13a1cb0c9446e93
182 01a78f4e3a916e93
183 93de6f2ac5ea6e93
184 003121a80f5f6e93
185 ce16bc6594d86e93
186 417416d043556e93
187 853fd1b52c0e6e93
188 8ec6fd7be8336e93
189 de1f443722ac6e93
190 b27a0d712bb96e93
191 7eaa362b35b26e93
192 a762ca4b30876e93
193 2f900a0aa0806e93
194 5c5daab61f9d6e93
195 c163754b4d966e93
196 8d567994b4bb6e93
197 71134079de946e93
198 6c5fd7ea40616e93
199 a73ceee7e03a6e93
200 5ae6e43709ef6e93
201 907b99b65ae86e93
202 2ddd3b7271a56e93
203 fdfd3e354c9e6e93
204 c75d097ebb836e93
205 1e43ce4bd5bc6e93
206 fff5ba4336896e93
207 e777a85dfec26e93
208 955711ad62576e93
209 61e07ca904906e93
210 dd340fa11bad6e93
211 09d030983c266e93
212 a36fc304cd4b6e93
213 8999a454cae46e93
214 2c02213feab16e93
215 e859644bba8a6e93
216 63b69b1cdfff6e93
217 b349533cbff86e93
218 d141afb49cf56e93
219 b3117d6783ae6e93
220 f1b5ecd62f536e93
221 305528dc7ecc6e93
222 cd239c5689d96e93
223 536916f85d526e93
224 b388dcf155276e93
225 a58b7292d3206e93
226 8e4ad1ffc7bd6e93
227 07f32feb16b66e93
228 23af8039e2db6e93
229 4a3586693b346e93
230 3cd4e1304b016e93
231 ced4651524da6e93
232 ab82c7e5608f6e93
233 b0b7af3bbc086e93
234 b70ce60a81456e93
235 5f224fb1b2be6e93
236 b034ee2b3da36e93
237 b86f5fbe9cdc6e93
238 6eb4f4bf83296e93
239 854d103142e26e93
240 4e256c82db776e93
241 41e18360ba306e93
242 0d6bd0420b4d6e93
243 501981149ac66e93
244 f3193782c9eb6e93
245 30e3412b77846e93
246 5c78c52115d16e93
247 d06df0f2c22a6e93
248 0060133ee49f6e93
249 7dc6561b95186e93
250 d0f5c1b9e4956e93
251 3123bf508c4e6e93
252 35a36941c4736e93
253 1aa1f7e938ec6e93
254 108630cdcff96e93
255 6aa10ea8b2f26e93
256 b75dba8d3fc76e93
257 63e16115e3c06e93
258 00e33b07b7dd6e93
259 6b541cf13fd66e93
260 003f526105fb6e93
261 3350096561d46e93
262 a84f07f016a16e93
263 9deaf43f167a6e93
264 83a59d9ee12f6e93
265 5e57f6138f286e93
266 fd167ae0e1e56e93
267 47065f4ddade6e93
268 c1a072903bc36e93
269 87ba45a5e5fc6e93
270 230760c6fcc96e93
271 e56f58828a026e93
272 43129a5431976e93
273 7ce0deb982d06e93
274 c53d00ad6eed6e93
275 05d24b4668666e93
276 4ab390c7278b6e93
277 808e60c8496b176d
278 25e2f6b1ece86ccd
279 6418133eefe2b747
280 003ada46215bb747
281 ef6cdb106048b747
282 8200ed69c509b747
283 1c508a57880eb747
284 92ad1ea04947b747
285 b59d803469c4b747
286 50cf5a5b7ce5b747
287 a9291eb2336ab747
288 3b4c90e7c243b747
289 83029ad27e50b747
290 dc2e4e29e5f1b747
291 75acd36f4c56b747
292 934d9d254e8fb747
293 5590a529450cb747
294 cad152981e2db747
295 5f07d193d2b2b747
296 1c15d58b016bb747
297 802693685d58b747
298 3e003f37b3d9b747
299 bbea94425a9eb747
300 f60b6fc69657b747
301 0899b3f8890caf77
302 a7e39d34cfc03f77
303 aafe17bdab993f77
304 195e8a373d463f77
305 f32113cd4f2f3f77
306 2a21e40821bc3f77
307 0e50bee3860f195f
308 c5901187e311984f
309 9c9aa7759c94984f
310 6024e0396a33984f
311 d373c356255e984f
312 114432d94585984f
313 a2e875d9bca8984f
314 613edf646c17984f
315 f0de8d3904e2984f
316 79e0fa2ed939984f
317 f0075a7cde8c984f
318 7bccd1d6efeb984f
319 5956932a4016984f
320 24c2e3b10e1d984f
321 4228cb6b8540984f
322 199e99a17bef984f
323 e73857eab5da984f
324 638f23d68771984f
325 733cfee34604984f
326 257c17f16263984f
327 c72ac131234e984f
328 e7b0b9f2d2b5984f
329 f6d31015fc18984f
330 7ecc98c2b307984f
331 1a33556ee1d2984f
332 b64b975c9be9984f
333 330cd39f05fc984f
334 6ffe623c531b984f
335 88432f884fc6984f
336 54b9e6c5660d984f
337 7a6cd438c930984f
338 56957a9c761f984f
339 b9be5ccb570a984f
340 f990e04bd018984f
341 2dcbf346fb5d984f
342 894d5fd184b2984f
343 18f256e133ef984f
344 0f62034ca3fc984f
345 6ba239bedd11984f
346 ff610f2e88a6984f
347 59761bda5063984f
348 344514561850984f
349 a0ddfea3e6d5984f
350 4da92431d52a984f
351 53258f826907984f
352 99d7c6e42194984f
353 f532a35d7529984f
354 52e926264e1e984f
355 2327e4fe151b984f
356 bacd02fabb48984f
357 b81a3f51948d984f
358 2549f6130722984f
359 7df9fbaeed1f984f
360 1c04249877ac984f
361 2a6abf3102c1984f
362 845bb2487ad6984f
363 6ca84a043193984f
364 c6650b1d05c0984f
365 3debada54445984f
366 0690e0bbe29a984f
367 2fbcf90048f7984f
368 109773af74c4984f
369 688b11eda2d9984f
370 d7e09a297b0e984f
371 b5d3a43bcb8b984f
372 a49ba52b7ab8984f
373 afc1621e237d984f
374 84bac89ac452984f
375 d2149871de0f984f
376 058090f5c79c984f
377 c42105e652b1984f
378 c7a8e2fd49c6984f
379 ab1fc7da8c03984f
380 8fb1ee84fb70984f
381 92840e991575984f
382 ea8ef685ca4a984f
383 75275876ada7984f
384 8ce84e9c55b4984f
385 f8f41569cd49984f
386 47df040426be984f
387 2e1794d1cbbb984f
388 54c5f64f49e8984f
389 01e858fc322d984f
390 f3bf9be5f3c2984f
391 4df1ed3ad83f984f
392 eecdc2bf0e4c984f
393 95eaaa3adae1984f
394 85a2a211ccf6984f
395 7f500a66b933984f
396 2ed176d65f60984f
397 728327a07965984f
398 98f58b6e33ba984f
399 89c115edd997984f
400 38407eecf564984f
401 031ce923bf79984f
402 528bbbbc1fae984f
403 692db2adab2b984f
404 6dc891371358984f
405 86da2589159d984f
406 ef31a1007bf2984f
407 c4da1be8ae2f984f
408 121c9b599f3c984f
409 18c06cd1fe51984f
410 96b6e922cce6984f
411 580709abd5a3984f
412 50106116ae90984f
413 f106a7668315984f
414 e0cc3f32b36a984f
415 e7a0d482f447984f
416 82ba9b10e1d4984f
417 349f66b90169984f
418 74543edb5b5e984f
419 c9475f3b545b984f
420 b6f351096e88984f
421 1e028687211f75ef
422 410b7614152f15ef
423 f2f23eab338415ef
424 6022b2a9cf5915ef
425 500c43e3f51e15ef
426 11b1936e16b315ef
427 438e8abcbf5bfac2
428 1dc4fbe449969332
429 1bed163d4f579332
430 da1d47dbf04c9332
431 ac31942119e59332
432 eea12ff4ed7a9332
433 70f26774b3bb9332
434 b98befb700209332
435 a7b8c17bca999332
436 28b26ee80d6e9332
437 dcd6a3d8ce2f9332
438 c6378eae4ac49332
439 d20683ee7b9d9332
440 de63a7a47f729332
441 e4edb53e21b39332
442 2725a40e46b89332
443 80cc738804d19332
444 113ad4de9de69332
445 0e934a1ae3079332
446 0c4c58f091bc9332
447 9e6ecf282b959332
448 cf3680be49ea9332
449 d235c6261aeb9332
450 121f30e3d6109332
451 da913238e1499332
452 c899fd86261e9332
453 6dc22e55acdf9332
454 e090c04f87749332
455 fda155ebec8d9332
456 911eb5e7aa229332
457 8d3cc34bf2239332
458 2455948eafe89332
459 7fa3ba17bb313b88
460 85c0042f49aa9257
461 18f2a0be8288b174
462 2636a8ebaf0d0273
463 1cc715f7a20afe31
464 8f906385cdb57050
465 68aa37116fc12b9a
466 ee79b1605769c0e6
467 2a0ce70a5ee0c87a
468 ce4617075ee0c87a
469 f89ebb5023601958
470 141d78b5ebdb6822
471 2e128ff3d81c9642
472 9e9ada67451c9642
473 ce5e27dae01c9642
474 dbc32aec841c9642
475 300589b2441c9642
476 ba56c3bb371c9642
477 39f5ee33eb1c9642
478 dc4bb1e1b11c9642
479 6c0c0e4b321c9642
480 24f82d1c5026f0c2
481 1cd9d9946526f0c2
482 3f19a2355f26f0c2
483 f4413d92c126f0c2
484 9f2060068426f0c2
485 d90e88394a26f0c2
486 09441ccfdf26f0c2
487 0de86d3efa26f0c2
488 c01733b9c026f0c2
489 db1cfee5be26f0c2
490 c6794ab53626f0c2
491 a8a23b738526f0c2
492 57f37fc80e26f0c2
493 3b87a6341a26f0c2
494 1ab23ad72f26f0c2
495 4cbb5a682f26f0c2
496 b187cf2afb26f0c2
497 293ae1648b26f0c2
498 17e3b9c51026f0c2
499 2ba71005eb26f0c2
500 3389db3c2726f0c2
501 d84b8261ca26f0c2
502 43f652e7cdfd6642
503 af27b8c7b9fd6642
504 f706c2056ffd6642
505 fc277dfa6f26f0c2
506 47fd63b9b026f0c2
507 c95f34dcf8f7b742
508 b7c9d3f530f7b742
509 f7db62d17bf7b742
510 8e951c45ca26f0c2
511 feb585888b26f0c2
512 247d708b6f26f0c2
513 f43061e83926f0c2
514 d4d98dea8c26f0c2
515 3361922afa26f0c2
516 243e4e705f26f0c2
517 82979f8e5f26f0c2
518 bff8c0ac2026f0c2
519 70eb38f8f526f0c2
520 2822e2c09e26f0c2
521 18032c1a4a26f0c2
522 17e60236df26f0c2
523 de6fcf849f26f0c2
524 2f3e06b72026f0c2
525 52a04ffb9a26f0c2
526 1879b7eecc26f0c2
527 028464892926f0c2
528 57635efdc726f0c2
529 12e5b26b9f26f0c2
530 ce5d72afb626f0c2
531 64a0e62b9f26f0c2
532 7aec64fffb26f0c2
533 845754404b26f0c2
534 d2449d582c26f0c2
535 2783030c4326f0c2
536 a6dbbbd6ef26f0c2
537 ddf5c4506f26f0c2
538 cbbbb1cceafd6642
539 177fc3d4aafd6642
540 b498f16f46fd6642
541 e61be9814a26f0c2
542 f6ad93194026f0c2
543 e9d3942fd4f7b742
544 e33b2e0efcf7b742
545 c05b9b1238f7b742
546 1648adb94226f0c2
547 6f1e2e80a526f0c2
548 1bf90c34af26f0c2
549 8dd8c1160a26f0c2
550 ce03d8e40a26f0c2
551 2932eeaa5e26f0c2
552 0198948af626f0c2
553 cb6212393926f0c2
554 bdd60d0a7b26f0c2
555 07c9f7d16b26f0c2
556 45f54ba8ec26f0c2
557 6789aac35926f0c2
558 b0dee503cc26f0c2
559 6d9fa342b326f0c2
560 c7afdbb15a26f0c2
561 bbd5dd534e26f0c2
562 662d07a88026f0c2
563 a2e82c54fa26f0c2
564 eaefaf2e2726f0c2
565 448302d3af26f0c2
566 4a2f67ab6c26f0c2
567 2b05c312b926f0c2
568 8e963c353626f0c2
569 e5982e227f26f0c2
570 fe8b5bbb0c26f0c2
571 660a06942926f0c2
572 3992857e1b26f0c2
573 3408eb3a5526f0c2
574 17a4855825fd6642
575 2653ce1600fd6642
576 d7ab2537cdfd6642
577 aeebf6b70526f0c2
578 1e00a8fa5a26f0c2
579 6481daa881f7b742
580 107149ce08f7b742
581 249a9b659ff7b742
582 36cedee4ac26f0c2
583 c1a5db0b8326f0c2
584 dddcddf51026f0c2
585 d449520f8e26f0c2
586 5636e927db26f0c2
587 d857d237eb26f0c2
588 4a710783cc26f0c2
589 6a4306c46e26f0c2
590 ce43c3a73b26f0c2
591 669963cc0626f0c2
592 f1b1f7edde26f0c2
593 bc0f0a534a26f0c2
594 3f47a71e3a26f0c2
595 59d071e0e626f0c2
596 91fa51867026f0c2
597 a441915ada26f0c2
598 73905052a226f0c2
599 6ebb4c13fe26f0c2
600 9439a5b37626f0c2
601 861a6ba39f26f0c2
602 39fb68afb626f0c2
603 d58a3a039f26f0c2
604 7b1d943ff626f0c2
605 6c95c2c17a26f0c2
606 64d222ce2226f0c2
607 18ba51306326f0c2
608 130003ee451c9642
609 3cbd176ae71c9642
610 4d388ed6358cc0c2
611 bd5bc51cb38cc0c2
612 7a7db429f28cc0c2
613 122cd023a61c9642
614 b01b26d0f31c9642
615 450dad94b9f341c2
616 cf534679f6f341c2
617 d220d5347ff341c2
618 798878a44d1c9642
619 b2f828e12926f0c2
620 7077efbc6c26f0c2
621 67c57c10c326f0c2
622 0011efab0a26f0c2
623 370d97df5926f0c2
624 0c013b61cc26f0c2
625 91708d2f0e26f0c2
626 478c9f830026f0c2
627 4cb2c4fe1f26f0c2
628 efb279f6f426f0c2
629 1bf9c5147f26f0c2
630 acc83a928026f0c2
631 e6abbdc06f26f0c2
632 a588d7b49626f0c2
633 2ff737946f26f0c2
634 4238896d2c26f0c2
635 84afc62e7926f0c2
636 42bcf2b2b626f0c2
637 7d88d3ab2526f0c2
638 7db13a8c9326f0c2
639 a2409d2fee26f0c2
640 182341c7f626f0c2
641 54fd520ec926f0c2
642 94f66177db26f0c2
643 6746de0d2626f0c2
644 c76dd3436326f0c2
645 b002c97fe326f0c2
646 b3e98fc027fd6642
647 f60fbb6480fd6642
648 dd229eb9d7fd6642
649 84c22df4ab26f0c2
650 eed785be5026f0c2
651 283adae5b4f7b742
652 150f64dd12f7b742
653 da2c2ebb8df7b742
654 8eb72d391326f0c2
655 0b21a7659326f0c2
656 08a5aa8cc026f0c2
657 9e057bb13526f0c2
658 080dc464ef26f0c2
659 656345260126f0c2
660 70a715bbf426f0c2
661 758839485f26f0c2
662 0f2666fd6026f0c2
663 031500a68a26f0c2
664 79c4e10f6226f0c2
665 39d38a695326f0c2
666 9463235f2726f0c2
667 18c3720cb526f0c2
668 51da441e3b26f0c2
669 556993236626f0c2
670 e2d637f84326f0c2
671 6c7413c7de26f0c2
672 72f93f5eb626f0c2
673 578220132f26f0c2
674 892ab720bb26f0c2
675 834975f54126f0c2
676 96d6ecc46226f0c2
677 9d0e64f27e26f0c2
678 ff9ad388cc26f0c2
679 c12b9b0a1a26f0c2
680 9d1fec7a5a26f0c2
681 0e09e6150926f0c2
682 7df398a42ffd6642
683 a4b7453b49fd6642
684 9fb7272f02fd6642
685 259e35c2ab26f0c2
686 0023cc3d5026f0c2
687 4d6728814bf7b742
688 c846872ffef7b742
689 fbdb8f73f9f7b742
690 2b1632304726f0c2
691 fb31c11c9f26f0c2
692 ea14ca3a0c26f0c2
693 10d51aa10926f0c2
694 739373cc5b26f0c2
695 cd50c29b6b26f0c2
696 33a48b7ecc26f0c2
697 987f43e01326f0c2
698 f7f614de5f26f0c2
699 ed0b2652ba26f0c2
700 1f05d2441026f0c2
701 4d037f102b26f0c2
702 5a75df430c26f0c2
703 dde530482926f0c2
704 e5d12ce6ec26f0c2
705 e792477a5e26f0c2
706 72b49c84f626f0c2
707 89035a27ef26f0c2
708 c056aac37026f0c2
709 2071e9fb3526f0c2
710 4060908d7626f0c2
711 91464b231f26f0c2
712 6077aa0aa026f0c2
713 547a72331a26f0c2
714 07d4b1152226f0c2
715 498e6dd15526f0c2
716 74d5822a4026f0c2
717 5ff651a58526f0c2
718 c96e0a81a3fd6642
719 46861759f4fd6642
720 7ebdc78405fd6642
721 7f694c6a8b26f0c2
722 8c833fe92026f0c2
723 6214ca05f4f7b742
724 226dac74dcf7b742
725 cc94378bbdf7b742
726 24ededfd2e26f0c2
727 b63a0263b526f0c2
728 6b7934da3626f0c2
729 67ea87027a26f0c2
730 358c3734c026f0c2
731 709cd92d3e26f0c2
732 e600f2074c26f0c2
733 4c8d8cab2926f0c2
734 99bc11a2ac26f0c2
735 e5cc76317926f0c2
736 788b088f7b26f0c2
737 9aad445a2526f0c2
738 c7b0a942d026f0c2
739 1ff5e1ac8626f0c2
740 d57d9b2ee326f0c2
741 db17cc927e26f0c2
742 517db54cbb26f0c2
743 55c3e1684626f0c2
744 bfbdc324e426f0c2
745 de21c1376f26f0c2
746 4b2cf2577026f0c2
747 e4ed60cce21c9642
748 ccab1cb9d11c9642
749 5ed9e58c1b1c9642
750 a59d04a4131c9642
751 541f047ba81c9642
752 14d38d81f51c9642
753 a7d536151e1c9642
754 bd9980ab708cc0c2
755 b7173cd6d58cc0c2
756 9a09bd670a8cc0c2
757 9d102dfa471c9642
758 9f6e972b5e26f0c2
759 baab88f7b7f7b742
760 0112ab6312f7b742
761 a5097f66b7f7b742
762 3e2f45c5e426f0c2
763 46e3e8da8126f0c2
764 a5eaf4bbbe26f0c2
765 2886eff0ff26f0c2
766 af05765f7426f0c2
767 b630b060ba26f0c2
768 764aaf224a26f0c2
769 ed62f2d70b26f0c2
770 c0b3635bca26f0c2
771 8bb133814126f0c2
772 b47a221be226f0c2
773 820518707e26f0c2
774 f405537acc26f0c2
775 8f5721c29a26f0c2
776 356d331be026f0c2
777 77160fe87526f0c2
778 8d487cd45026f0c2
779 b5fa38806526f0c2
780 210295a2c026f0c2
781 ddaac3d43e26f0c2
782 bc41d7a0fb26f0c2
783 ae6e9656e626f0c2
784 53fc0af10e26f0c2
785 94b77e447526f0c2
786 08ef5da7f626f0c2
787 af5f66f73f26f0c2
788 3b0e24c03b26f0c2
789 dd028a736b26f0c2
790 703b16aff6fd6642
791 39b09b0ba8fd6642
792 8d36c65122fd6642
793 654ac4e00b26f0c2
794 e21ab20fcc26f0c2
795 af5f3ce23cf7b742
796 9e1341e33ef7b742
797 4f15841d6df7b742
798 2f8697487426f0c2
799 c76b58127f26f0c2
800 555dc5e0d629841f
801 8e0bed44119da55a
802 7d841d13b8d7665a
803 27465c23dc2e665a
804 abcbd2ccad2e665a
805 f2c8c554c4a9011f
806 0c5fc0dd9840841f
807 7f9f315af029841f
808 c23a504c8729841f
809 6212760db729841f
810 8776e7126c29841f
811 845dae3f5929841f
812 0a2ee3400829841f
813 2a2e4b9a3929841f
814 40db6d808b29841f
815 dbc79502c846fed8
816 6048d82b8c0dc7d8
817 3b5c27d11cb1b388
818 7db95019a0c5d377
819 571bf9a1282597e3
820 3904b80fb2eb0795
821 b39b142d80b9a114
822 01e03ffd66f7f7f9
823 848b37e4d7e9317e
824 0f018c91dff8cb36
825 1f913ded89577e02
826 2f17ab81e9c2ada5
827 7756d9acb3570aaa
828 bd2e048d30f3890e
829 77bcd4a0d3bb093b
830 b546cafd13675b5b
831 6e5188c45821cc14
832 889064c45200b98b
833 e752379d9a1432ae
834 afe4fb89ff90f8ed
835 2f0be762d180ceb0
836 8ac3c4a8b90125e7
837 91b1dc61b6f9567a
838 95e3b952c2f24639
839 3e24155e523a2e8c
840 a78b038a2b417f83
841 88df1c4fe79ad506
842 214ee1b7ab468445
843 eec2418182226948
844 30c68d16bb03adbf
845 f0f391ea8f4e18d2
846 fa9b991ff430fcb1
847 3c6b7ee2362d1aa4
848 af1256f95af5061b
849 d3b94b43527bcbfe
850 0d5779686f097abd
851 411445899bba5140
852 eb2b66b02818f8f7
853 c9e2bf6a48ce87ca
854 4d1435248d778549
855 d693ca6e83a7ec5c
856 d1c5e19ca5977a53
857 f97f576b6905b016
858 f95f451b0a873ad5
859 b5a1b80b3642b598
860 46fc84002f14d58f
861 98907b89decb9be2
862 f9085222c25b14c1
863 359665824bf35ab4
864 190adba5064f292b
865 5994963bebea8dce
866 80b042b9eaf6a60d
867 081db7a4f7bb7ad0
868 3694c33ab07bab07
869 54f35a92c4fcf71a
870 08696473555d1b59
871 ba0d4549881000ac
872 8c7d3c2f1918d3a3
873 939914e26acb1ea6
874 011681e0a15a1be5
875 8ae9cc21a9269668
876 904c3a4951d0ecdf
877 466d6c642a44def2
878 e1f047ebfe28cbd1
879 237005a4f39aafc4
880 02aa19bd5fc1c7bb
881 353265fe55a3709e
882 3d3c6bb5c0ac395d
883 d5f1f154891fe3e0
884 28af59f90142fe97
885 85eef5dd6b066eea
886 939e693a72384469
887 276a6f41110edffc
888 15714c58caef4ff3
889 8747a5011e9b66d2
890 95710c3e8eb44843
891 7f3bf49668d03213
892 3f0f8819a4d581cf
893 b59c9a334cf5fd07
894 53edc307df817553
895 2f12a38fa820b3f3
896 e53eb146ddd0c227
897 c6015e8682aaab1f
898 b4c7f009de8fe813
899 05f5f7fc0544a9d3
900 1e39f4dd2bf3099f
901 a1c5ece6a2761f87
902 0490b78aee57abd3
903 3985308ebe3f0ad3
904 fe6dc91183d40fa7
905 bf133fda41470f3f
906 4cc263744ace22e3
907 18e4a5d324915103
908 477b727c7938d4bf
909 e85ce98e555ba737
910 b1e3b36250480143
911 6547f35de6494a43
912 eacc4442fa9c6037
913 e5f6c2c687f692bf
914 4222b25c26844213
915 d4bef6f220c17353
916 080763b9077c6dbf
917 34969187a85c0a07
918 93029351f311398b
919 a1ac4830c48f01ab
920 5cfa091132f9312f
921 377076df05b379e2
922 5b1f371286f6eb9d
923 fcc8ce59a22cea50
924 6dd2b91af9361a9b
925 33a07c6c23f5345e
926 c10aec3872b21299
927 f99e766f037c6d6c
928 3540fade65ed7ba7
929 0ef6ccdd7fd423da
930 482ced0c937523f5
931 68f052b8fb7e6f48
932 d9bee906659e110b
933 05c782600fcba54e
934 98de716d9dee3049
935 95913d841d0b61dc
936 fad2624cc1371aa7
937 3a26c0eee30443da
938 5a49e7f418df43f5
939 2342f778b0ed4300
940 71966cbcdf9e163b
941 b5a060813ffdd02d
942 64e17578dcf531bd
943 31c16e5e02385871
944 19fcae6e3e4198c1
945 01f6b2dc977f3353
946 200cee8f422f77ef
947 c00e4f08d0256daf
948 8a54de4fe3b221eb
949 03e366a6dfe4324b
950 64cbb7d39820c757
951 0decef7a2a4d0057
952 b9688c7457a33593
953 2351d999f24eb553
954 3a62af96df1ad9e7
955 7f1622521e7e55f7
956 6e0e3738d3940563
957 1f1f5b02c2b0be83
958 47ec93e174b854df
959 85f13a3f44132ddf
960 e7b8d351d4a340cb
961 681208975f75628b
962 1b3cb22cf2e6884f
963 390a223c05f5d98f
964 a785608a9026e1ab
965 95e5f102c67f6ccb
966 db22cab59d228177
967 7f3fa4ccb581357f
968 06ecd634971c03c3
969 e194206da1edb583
970 20b6fe07af2b82af
971 011927dd31165922
972 474fff5a0b3b71d5
973 200d3154de88ceb8
974 883a32a2c03f236b
975 c2962b5e3a7cfd7e
976 1b87aec091fa4049
977 cb7ebfdddc47542c
978 2453e1e3c4090697
979 84c622d76ee0a0ea
980 bbfd62bc5f10365d
981 6b5c01d46d227650
982 069db55ee3d0d6e3
983 b695a5c6d7c2c196
984 47a297cd88dbea89
985 72752ee68cd6926c
986 9ce6152e5aaebfd7
987 9308b85e6026b52a
988 d547af70a1df592d
989 854ca204d42f2570
990 92118551096ad5cb
991 22a8420786af26de
992 261eb13901784791
993 18cdc77b60cfdf34
994 d18dff7d488ad33f
995 90f0f3f3c1228e52
996 49f264f78d078685
997 475807d95d7ef168
998 2bf325aee72963c3
999 c78cfd1de736fdf6
1000 fa16a54e15923b49
1001 27b553a4c6b9b72c
1002 d1093cf9957e953f
1003 baf785d93722bd32
1004 6a67f6682dd695e5
1005 4a6cf57a4493b0c8
1006 d853894751cb1623
1007 94cf12214bf9b8d6
1008 2418c61941af47d9
1009 eac682b17dd9493c
1010 3c9cfd57f503d627
1011 57b3b6d8fa18de3a
1012 900ea43c82b2ab2d
1013 670e62278a212770
1014 6cb6882640ec6fcb
1015 138546824e18c0de
1016 6a7c3eb9c85d77c9
1017 3f7591f5114153ac
1018 8fa9c5ed19db8487
1019 1b539a892a0e021a
1020 0879129adf66110d
1021 da3a0417502be450
1022 52d31c80b1685a2b
1023 03b2f6b0f53dc876
1024 7c61b7f021aed5a1
1025 97dc6acd6f822704
1026 4c08a10e3cb61b4f
1027 0340851085c45f42
1028 6163d9da2cd827f5
1029 87640d49697733d8
1030 a92118c24e763c1b
1031 4740ec33115e096e
1032 6159a87dc147dc51
1033 b53c1c439afda2f4
1034 df289c68ca9275ff
1035 94511138d9fe59f2
1036 5a3867ca267f40ad
1037 e45d3cf2ec6690f0
1038 6b989037f1c2654b
1039 e3a6f056d770405e
1040 abee4f5662088311
1041 aecfaa3ad826ceb4
1042 aca8339bcbcdcbef
1043 0192e327c5609d62
1044 f4adbdf21a193a2d
1045 e2c4eadc57526670
1046 ad69d8a3d03eedcb
1047 565527cad6d2dede
1048 18bfdd9f71ec2241
1049 0c316b9afbf0ca24
1050 c334d8842f8ed76f
1051 c7a44b78d395189a
1052 551eee0f6c5cc78d
1053 2b7c9e7cd59117d0
1054 61f06ee485d68323
1055 23dd1ad7a6011cd6
1056 3b92b5802979b4d9
1057 7ae1bdce12ff0c3c
1058 25a4d2f67c7e350f
1059 a49f8677dd972a02
1060 2e3ea59c0c1059ed
1061 8dfd05d967186830
1062 a3d2d4ec1b991c8b
1063 52d6fc4723b79d9e
1064 023331ffb063a8e1
1065 e14af073a57620b4
1066 24b72a48e2123147
1067 81a7453896738eda
1068 444c5d02dbc128cd
1069 ad6bac763ce6ea10
1070 632d2fe9804d19eb
1071 be477d382db95ffe
1072 38215422983eb561
1073 6dce83ebde57dfc4
1074 966f46ebd21e300f
1075 9faf4f533bad8902
1076 10d1cf1029a377b5
1077 844ef4ea91b54798
1078 e5a533aa53429bb3
1079 6a11d6bb13d347c6
1080 feb89598fe4bd4d9
1081 00670b613f2e563c
1082 8bb3809546563227
1083 1175c3a9e094ae3a
1084 b863f097efe1572d
1085 a41c0e39629c6070
1086 61f7a2890df3b313
1087 74f120bc39522686
1088 db2ee394b9296a49
1089 c77f3b5d6620c62c
1090 e1d3a1d5e1dc5897
1091 7147da28f2ec1aea
1092 4f571092e4e8085d
1093 c8f96f2fc349a020
1094 d73ed8eba87c7efb
1095 cc7f017958b1d54e
1096 735a1020d65a03b1
1097 a2153df44b79d054
1098 2a7707a4f15552df
1099 66d50db2d07e1152
1100 91f3ca30143582b1
1101 b815ca3eccd93ad8
1102 b280d4af628e98a7
1103 fae722b0b9ad393e
1104 2f21d100fc7cef14
1105 930251e72c29209d
1106 5dba982956d55c32
1107 aa6ea9f8048d06fb
1108 e6e70e0c13aeddc8
1109 22293b7ddc9a1281
1110 7bf2dd00edf5a1e6
1111 8feeb4afbf12772f
1112 ca7b86e211ab12dc
1113 68e859b097101d55
1114 c3b2d828723f7dea
1115 1bc46c21348dd8db
1116 b5209b4c30fbc428
1117 7ae06c0480ba4d71
1118 1e2d2ae33af20b46
1119 4603ebfbb361ac8f
1120 f88d41a7b21c83ac
1121 7ad5fbd31cbd60ad
1122 a02f348eb5320c82
1123 0b5b1592f9a406cb
1124 e5192242ee113a78
1125 5446c676089ab1c1
1126 32732731f11d76d6
1127 67525a5475b9b7df
1128 a1ca9a3fb948360c
1129 1ea2d670037815c5
1130 e30b9b8402b2455a
1131 aeba8368c2a1a85b
1132 792709ad097533a8
1133 e54e2b123a09e2f1
1134 fc786de5f9ef14c6
1135 f1cf6f9f1028ca0f
1136 e65021591867f32c
1137 da2c2f3b7d91d165
1138 d11ad3e3358929fa
1139 f3e9dca501c63c3b
1140 32122734b8529e08
1141 17f63b1ccb20c1d1
1142 48dd268dca4ec126
1143 7064dbdfac470c6f
1144 f275c2629d66785c
1145 e9c3332683908cad
1146 1a1931120445da82
1147 29e639e6c524bacb
1148 9a92997ae1a2de58
1149 ac28bc570a8724a1
1150 b22b28e4caa33d36
1151 48b36292787b0f2f
1152 c1a9018ec347d224
1153 672a0dab717353dd
1154 8c08372ebda72572
1155 f3de5f81405c5f3b
1156 69d065f5c21f6908
1157 29a63785a43a4ac1
1158 0d653ec5d5ac6fd6
1159 9266e2b845c3bf6f
1160 6844d562240bb47d
1161 b41a668a566d2ab4
1162 5aadbdb9bb6d6703
1163 b31e71f27ca3792a
1164 a40666411d61af84
1165 f130559fb8cd9c61
1166 6ce09937a3d8d182
1167 d8419e0792ce560f
1168 f208718da0ad4ff0
1169 f3333799bdda788d
1170 2a3c27454b54536e
1171 a4e130fe95a30dd3
1172 5b662859d156d794
1173 75cbd15854ff8df1
1174 cd1ffbfa299823d2
1175 ffe42194d6151dd7
1176 f1516d1e88eea318
1177 2f4bed04a0733915
1178 19b11d3abc8ed356
1179 eacef72b39adfa73
1180 6ca6b4c5b2becfb4
1181 da590c091269f2c1
1182 468e5b59045855e2
1183 0a9e3d69ba3e9d17
1184 3ec4aa5dab62eaa8
1185 dc264a5838263b4d
1186 824eb2786574382e
1187 d60148c4a87bda8b
1188 429529a884d7438c
1189 6517b5da7786d379
1190 fd26d7b2d3312eba
1191 b88c5acb82b24a2f
1192 1cc76ba5d05d0380
1193 3657738a729bd1dd
1194 3c7caa8b441bcd7e
1195 d9f88ce38d2141b3
1196 7de3a0567390b6f4
1197 a74814a569860101
1198 2054e5fc6f906e22
1199 e6b36b0f13d99ee7
1200 5f60caf58e9e6b78
1201 077b8602e4cca075
1202 3d43ca4e5ddc53b6
1203 abf3e053208ab653
1204 1af2583452ffe014
1205 9055cabbbf721ea1
1206 e07e1fdb128a59c2
1207 36b1260269aae76f
1208 1c401dd24ae04aa0
1209 e8b6a98d47d80b3d
1210 783212bc2adceede
1211 7fa3bc61ae00b77b
1212 ba1a869c5d7ab6bc
1213 30a74fbcc15de1a9
1214 82a9e9a8e15c72aa
1215 5eb30d39d4668527
1216 b97143964befcbb8
1217 e59e4c0a2f7b35b5
1218 1da0a9f9195144f6
1219 62689110f60fcbb3
1220 0dc02431ae846e55
1221 969d826a3c86c088
1222 df6aaeea16a650fb
1223 4e42c5ef800aa505
1224 bcee82e85553af4a
1225 b97565f9d9bc47d7
1226 4fc3bb0e705a75c4
1227 f18657bc4dc59889
1228 ca999fc9f11d4926
1229 119b15efe96d8983
1230 4f9a91f2065452f0
1231 91e929bd1a025bfd
1232 38bc756d2f5ccbca
1233 ee3e411dd9165d07
1234 ce79e92184b9bd84
1235 0c096246e3cafb51
1236 018238274c1ac7ae
1237 c260169df60b3d2b
1238 9c90e0088a2629b8
1239 601b360273879c95
1240 97bfb4487ccd0b62
1241 7380c31bc944bd0f
1242 736f186e5a4aa0bc
1243 b017a2cf7622fe69
1244 932dc258cc2ded36
1245 731ae8cec60a0233
1246 41bbd52e3661da20
1247 1c6faa7d61d7a8ad
1248 125238091784bc7a
1249 d3dff41d72fdff0f
1250 8cbea8e0c5146abc
1251 dfb491b173cfc8c1
1252 64511b99163555de
1253 451cec256039a9db
1254 1df294b00b1b1820
1255 ffc3339cd16a46ad
1256 0206283305b7b24a
1257 20ddc4d4a183e59f
1258 9ca5cb4a112de1cc
1259 971968dc3ebe7fd9
1260 2375687b638ce536
1261 c0a62f4db4117373
1262 3ced826d19573860
1263 69ed3cc679792c8d
1264 f75976664b57f26a
1265 f8bf0140899f99f7
1266 02f69ddce3582e64
1267 c7c51016c52086b1
1268 1d631faa4f63808e
1269 0ee6b844714b4d3b
1270 aed49f1283bfaac8
1271 d589fad8a69ab895
1272 86d93ba6c3d63c22
1273 31de2f21e842f8cf
1274 bb007df08e651e4c
1275 7ab1b284f855eab9
1276 88c0034cfb632b96
1277 0365e820077e6353
1278 c46a254f3c3a5f40
1279 dd5ec36986b9cab5
1280 b85de94296de3e12
1281 5d88b0a7a1d10fe7
1282 d2cba811d45fcd14
1283 485f5be8d36850a1
1284 037cef521b7f80d6
1285 fe780e7808b4e893
1286 d48e5bdf177e5f80
1287 39979e79799bcdcd
1288 18fbedead4ab9c6a
1289 c672cd28f85c88cf
1290 1a38ddc7c36ec07c
1291 e26bf009b5b43a29
1292 40e3dc0123d56346
1293 8536643455837b73
1294 27d98df55fcc20e8
1295 eb35157c7799f1b5
1296 2d531da158593212
1297 60a5c43953d863ff
1298 d33ca8fcc8d0f6ac
1299 37607e91b61c5641
1300 d07be4fb536d9aee
1301 0464b495f765ba6f
1302 f0f9235ff05422be
1303 512c575cbe842573
1304 cd9d311158444954
1305 4af0eae8f97b83f1
1306 d7e462bea94e2fd2
1307 9dfcde0346c5b737
1308 31476d0924c5a730
1309 e114757d6298fdf5
1310 4c7826b20162f346
1311 e36c9f95ab56707b
1312 ef2d6af9e8025024
1313 5006c7be3f474929
1314 2d6c9b01521cc31a
1315 2ac24a96eb6cbaff
1316 ead77c9058a23498
1317 9d0407956b57c12d
1318 11131faa4f78191e
1319 c3c8aeb027c830c3
1320 cec5ee8f897dbc0c
1321 89aefb6836d69ab1
1322 e651353ae7b8d412
1323 735d486f2c630137
1324 5ead07230ddd8e00
1325 71224acffb569325
1326 3bedc8b7fbb970f6
1327 3f44e5396c63d15b
1328 365218d58bbd5204
1329 8e52d226cabb7889
1330 c4c94933969b374a
1331 131d5df1c2c02c6f
1332 fbec130ecbff9fc8
1333 e653c8be5cf2392d
1334 caa1d247c65ad776
1335 b070b3435ced0913
1336 395e38cba635e45c
1337 55bd6aa3c2f7d141
1338 7a3b00d849feaa62
1339 19be6d1d20579a27
1340 839835c0a683e9a0
1341 3c2a20bcc50c5735
1342 eb70aaf3cd501486
1343 8c34778b7a01d52b
1344 c89c6c0712036044
1345 3332cb818d196cc9
1346 0d159244f11bc60a
1347 c1292b9d8d68b1af
1348 abd4a1445d6ec608
1349 655355600be3df7d
1350 d748f542e2fc72ae
1351 07f905d77e291f83
1352 2e195dfca9420ccc
1353 9969001025668df1
1354 3d06f85117ab60c2
1355 ed6272b12bd1bd67
1356 f65ff6ed8b0cd960
1357 7aff0dc4bcc9e11d
1358 3a1f1b9381ea04ce
1359 35ef1600101f7cdb
1360 fce2524d3c57f4d7
1361 a0f02d0bb82547d5
1362 087bc432f173d264
1363 f4a99c3dec7878c5
1364 5fcc02bfe3bc6a9a
1365 d931b3839a8a1bdb
1366 c3a7223f7f2fe1f8
1367 8802b62e377ef531
1368 96941b3cb9c8130e
1369 ba32dc030abd38f7
1370 f404aa2b3aa9bd24
1371 f9c9fb7c1758c98d
1372 c57b631684f5383a
1373 c37bb8be771378fb
1374 6e80278f42dd5c50
1375 87ea813900e04509
1376 fc90922b2e9a6c86
1377 325e00d3e04fe4a7
1378 b9351cad33585c54
1379 5be829dd1b395445
1380 bdbb520623f432d2
1381 680e813887d3d82b
1382 3387b43aa11cf688
1383 7f0f3da286a49581
1384 3bbaf51de1667ea6
1385 bcef6e1a5f941ac7
1386 9d720520ab22a174
1387 2fb1db314725f19d
1388 6a7ed7294e8f004a
1389 6e3a5626d289daab
1390 2b4455ceeb65de08
1391 ecca1c2bdc232c01
1392 9502545f1ecab2ee
1393 33753ea6d6becdff
1394 a686e0dcdc9ae8bc
1395 79d12d6cfb6566a5
1396 83a6f6e1a1db7432
1397 62837196d5144c73
1398 2bd70d9cabacde10
1399 c5f7f52fb6933799
1400 938a096c94409a46
1401 b113db2abbf53267
1402 b455419dfc8fe314
1403 f8dc339a5491767d
1404 fe51a9177acc7562
1405 f63a2984dfb8948b
1406 b36cf64de13814e8
1407 27cd06ab952659e1
1408 d08d344ca9bb13ce
1409 b2a0b99024ee5bdf
1410 57d062adfee267ac
1411 096361f058becfc5
1412 aedd5845481dbe52
1413 5b478f5a62e6a393
1414 b0364cf7ea8ebf18
1415 8b0a4c81fab70b51
1416 dd604feccea1148e
1417 b47299db6b0eb6bf
1418 a6b820d2b753758c
1419 d2712d8b294977fd
1420 429e33f33ef3e52a
1421 1f157457453b22eb
1422 3d2c47c1521fd148
1423 4df37c3ea34b5d01
1424 ae75f45f9c22cd3e
1425 259a0a9e311c9ebf
1426 9ae65dffc23b628c
1427 4590b72810be8a75
1428 24499730dd289dc2
1429 cc815e2ca10b584b
1430 1303ae599afea3a8
1431 b8b34c0494bedda1
1432 9377a95455d910de
1433 43a31725b8e7525f
1434 fb96b7ccd1d867f4
1435 e6dde8dd6234bbd5
1436 e3c113d95c231da2
1437 ae82125279c7a3a3
1438 b4b4ba2955f41cc0
1439 2113e673e63544d1
1440 9a1104b04dcd727e
1441 61542dddf2fe509f
1442 c575faf1183ce46c
1443 893aeb54abf18055
1444 cef43d2e0b4a2baa
1445 19fcc302ca3aa86b
1446 82d61d352ccfccc8
1447 0a125ac7c14dfac1
1448 0c5fb08d66bab01e
1449 df09e33c5257fb67
1450 210c7f67e9fae714
1451 9f965320fc23207d
1452 6db2b4d75a3fb4aa
1453 52db542a63c7d56b
1454 97f3c329a0eba4a0
1455 a80a1db359dbb799
1456 3d8a7ab4bcdd6296
1457 784e68c5ea658177
1458 5b8537741a4c70a4
1459 e22b57ea7fba822d
1460 b459d2d7e0ac63da
1461 5ad8297e923ac41b
1462 ae8faa71c8162838
1463 f39332d0f0f1f371
1464 b525577415093c76
1465 5118726bf3e18c17
1466 a234bfb976522cc4
1467 fd9e6bd5015dec2d
1468 038073ab46f5e5da
1469 bb69d79eff110ffb
1470 6b0d12248eee9118
1471 d5e10b0493e4cc81
1472 16d340f9d6d9356e
1473 d133babcc4a14aef
1474 80a155465423040c
1475 61aafe112f2b2cf5
1476 94829ce6c90b9d42
1477 f9d19471f20e3533
1478 385f22793e919fd0
1479 5c78660760bad789
1480 28bdb5d6d88cfb76
1481 2a5133eeb73bd657
1482 aa44ea3ef79d5104
1483 30758fe75521fa35
1484 c14e14bdb95ce0b2
1485 2e13625327683bf3
1486 a40b9412e6dfa690
1487 a8158d1486213149
1488 734e6dced51ff3c6
1489 8e47b88c1632b8cf
1490 da19044e8f30fedc
1491 c94d16f78fae4745
1492 348ebc66c0a055d2
1493 e9106df21513b513
1494 75077ab0c2db4778
1495 08c3c58409d78fa1
1496 2b0843ca91d37ade
1497 8ad0fe0675d42c5f
1498 c7194177a4001e2c
1499 31a7c71378fd27b5
1500 08bfa9ddf01dde02
1501 5b59ca96707e0dc3
1502 162e34d9b5ffa5e0
1503 ae1f98aea1d4c2d9
1504 f9d7798037f2fd26
1505 9d8deded444ec947
1506 179754f8ccca35f4
1507 1fccfbdb233a4a25
1508 2fc71fd3a67a68b2
1509 46ef807f36ce25a3
1510 0e3c7ed56db85ec0
1511 bc5c35948aa97b39
1512 a3137225e309ddc6
1513 925d2eb0b2dad9df
1514 52f2ea99c27af33c
1515 a474d3748508fe25
1516 018f1a284a5110b2
1517 c658c4acbc771af3
1518 12e0a28295c34490
1519 bfa286d5a2408251
1520 e673552d172487fe
1521 b8573cac9e08107f
1522 84244bda5dac5d4c
1523 88a0da2ab5c36135
1524 841a699c7369bbca
1525 a4deeddaf2ad680b
1526 f1a4624abe54cc68
1527 bd826e177d4a4961
1528 803dc1d4bf2bd8de
1529 45b6fe47fd1e2297
1530 6164072061b82c44
1531 36c662ee68432ead
1532 ff749bccd49bfc5a
1533 d93a7a0b0822fb9b
1534 02f9d343a9c7b1b0
1535 7f07f662c1ff30f1
1536 ff5e0a7d87bbb21e
1537 07ccc4328f940e9f
1538 209822ce19409c6c
1539 3bf8515fcf4d66bd
1540 6671493b2e532aea
1541 1bd68715a2dbb2b3
1542 06c79f73a994fe50
1543 b430bec1c7361f09
1544 06a90e4d2074a75e
1545 a5dd403bb1e094df
1546 b393e5cca07940ac
1547 966e194897112595
1548 c0dffa7b1f9aa462
1549 d6ff2856751df3c3
1550 d97d8b6b81ba94e0
1551 fd2fd259edd70ad9
1552 2cb62a94e25eaad6
1553 54a60fb03f103eb7
1554 61dab83e831ecdd4
1555 74c1c17c9d1a5f3d
1556 3f13ba26b348826a
1557 ff54baeff430382b
1558 b1479cbf5eb34988
1559 0048567dd547d499
1560 6ec6a1c2c52aa486
1561 41c2fd9f615879a7
1562 fe07b65153bb2754
1563 b9bd05b72989b6bd
1564 cca75b7facb7503a
1565 2ff08dcd49ffdb3b
1566 0b5dc2b7e3c9f758
1567 b4f157680dade291
1568 bdfef9edcf50e13e
1569 dae4ce5f0d8eb5d7
1570 be43902d69cea784
1571 fc6fb5d96a87b41d
1572 9063c097e5325cca
1573 b5a3ecc7f8b8a10b
1574 b023ca675293ecb0
1575 3dffa9a0a12f13e9
1576 098896ac16075fd6
1577 eadedb0064c5bd87
1578 d561c57fe8495034
1579 74d2d540a18a343d
1580 db6a051d32a88c6a
1581 7a8bd9592136c22b
1582 6ed272b3bf651088
1583 38e8cf9f90793629
1584 0a72d8ba0b5d27d6
1585 49b2c66efaa81bb7
1586 518a2e19e58517e4
1587 506fed0fb1b4ae4d
1588 9039caa3284af3fa
1589 07eb3b600c08305b
1590 65d7d71f1415d378
1591 c35cb02a81100eb1
1592 4c1360e10067bace
1593 9113b79432d1bb4f
1594 3dcd9924801df1cc
1595 c6eaa9a7e6afcac5
1596 1435181ce4db2c52
1597 e4c87227f0518893
1598 21e92e28fea67130
1599 711662e59b0ad2c1
1600 5afd40420db6c7ae
1601 6247c302091afe6f
1602 63722e091bff18fc
1603 b13622b5e47294e5
1604 b859d84d0e5c025a
1605 9b3002ab39dc219b
1606 292e1ad1e3bde5b8
1607 0f94032fbcbdf459
1608 969160e271ef4866
1609 8b78abc57f33692f
1610 563014b0b360bcbc
1611 c840903871a1eca5
1612 4283f1e722f86a32
1613 e5018f8942c33fcb
1614 22548c1ebf9f8ac0
1615 981dddd35c99e039
1616 a35d26785bc6eb36
1617 f98dfa7b07bf3617
1618 753b281465d6f9c4
1619 8da35cfe4fc95bd5
1620 438f978792558fa2
1621 fef760a00dc30fa3
1622 216c41e7467225c0
1623 d6791f0d241d1b39
1624 ffeda142ca9d624e
1625 efe767eaef20c2cf
1626 470d5efaada7ebdc
1627 27077d97d92d9d45
1628 182183d0c499afd2
1629 84477a7e9da32fb3
1630 cbf7fe4fcb78fc50
1631 ef8a178d1f184509
1632 8067951a5bf5aa86
1633 fb2bfef1662301a7
1634 ed6c8509676c1f64
1635 a3313f23442891cd
1636 e12e3c923f7e347a
1637 1f286240ed9e10f3
1638 ece1156fe645a690
1639 ba5a924c8c073149
1640 9a4470e316058836
1641 649fbdc4999cda17
1642 292286e3c2625ac4
1643 ccaeb6b1c1e4b1ed
1644 d24082d721e5b8b2
1645 15d2ef02d0a9f3f3
1646 159d5f85cb197e90
1647 c58fb60192dfa949
1648 342f8fac6dd4ebc6
1649 2008c15535d67ce7
1650 ee4379540f15a094
1651 b6444f7de76a9dfd
1652 8700504a5922c42a
1653 f21375f9931648eb
1654 029bc881995f1950
1655 8735daa6d9894cd9
1656 a1bed208dc5a2f06
1657 ebe0c9b5cd70d927
1658 49efd71200574ad4
1659 2d70f2b7789efc65
1660 cb1517a742178ff2
1661 7b897d04cf6d94db
1662 1c1b5125a4d763f8
1663 0d2d8d70c68d6231
1664 05bd6f8aefa033ce
1665 1239f884ad59444f
1666 1ba2efdc1c15d75c
1667 7e4ad5f90e0b08b5
1668 996571a0ceeb1702
1669 0f345a59559f25a3
1670 c4113efc99c95ec0
1671 97e8f890f15e7b39
1672 3f76e76d9352ddc6
1673 5f1cadc6d5411497
1674 440ed6c63be3d58c
1675 42abe37bf7382275
1676 101ea00ceda830c2
1677 4948dc36d142b943
1678 9b0ea7db875c6460
1679 95aa4ad362124cb1
1680 4b61e209da29a2de
1681 b1e7bc514299945f
1682 021af4a5db3ea62c
1683 f9818613e6545415
1684 7a0ae24eb75eb90a
1685 b65a90c9c094cdf3
1686 5a4b2e983e77a090
1687 7233878675781b49
1688 41324174ef1feed6
1689 0b9a04cbc8a0f25f
1690 a7f455d0684e5c2c
1691 2db236b6bb4ddb8d
1692 38229f8d18cdfb3a
1693 d92f25a7eac1bafb
1694 24d6a181d6a314d0
1695 a1f1fa17b3159d89
1696 e6e3503956bc7a06
1697 711c1c52572128b7
1698 cec2c321c0ae2ae4
1699 a11ae852b9ee60b5
1700 e86fd8f385ee2f02
1701 78277034cd702583
1702 50bb3bb4a59e1ba0
1703 0a8f5d6b7c6dc699
1704 2d9dbbc640dbc2ce
1705 7df9501bb595434f
1706 f0f15d5c95fd425c
1707 fdbdd9a82a76d835
1708 d92e344353581082
1709 f37681b4c938dd23
1710 254c3c5e55bfc240
1711 dca8673849ab30b9
1712 a649b1cb03064bb6
1713 9ec154ccd04135cf
1714 2c15973032b7048c
1715 58494f62d8fde975
1716 7b78d74e96390fc2
1717 a1a419734c3ed043
1718 3c8a56d2132bd760
1719 d116d902ab89a021
1720 030ee2d3864f5a9e
1721 f93e0505880a6e1f
1722 c5c9d0d739b81fec
1723 125054d9d58523d5
1724 b03933a638547df2
1725 2137cc11d135e633
1726 14b655bf106a21d0
1727 56591da76ed36989
1728 7db22cc83adc0606
1729 23781ea7ca8483df
1730 38eba304de97afac
1731 427f9a96b9116795
1732 0a688bde8993df62
1733 d3136a9a45526f63
1734 bb2232441ab154a8
1735 b8941c90352a0da1
1736 20311bb5d2a5a4fe
1737 7deb8bc4761ea387
1738 929783fb311b3634
1739 27e6369a0f7b8ffd
1740 75223d96d6fedd2a
1741 149051273628daeb
1742 cf6d1a2261102948
1743 6819fa1c525ac501
1744 05028c239e3f4fde
1745 9df7db7526a8b95f
1746 9429be38b6d6bb2c
1747 c7cbabbec7b3e015
1748 2da63e3bdb95d2e2
1749 164c64de8bf993c3
1750 445cae360fd4b4e0
1751 a8d4bce4b0e4aad9
1752 39a15749b9c59bc6
1753 f956136dba85f3e7
1754 2f9b6022e45db4c4
1755 5812470afa827a5d
1756 cf14e28255e23f0a
1757 5ec06b89cfe2774b
1758 82c241c855c632a8
1759 8e1f7bf3e43fe179
1760 ddc4e2a57033de76
1761 954fe43d23a36f0f
1762 e29a6d2a0888611c
1763 d9d3a556ee9fe485
1764 0d94c1e7a8a750fa
1765 0d551824776cd9bb
1766 1a9321e7d20ca9d8
1767 5f15179edcd80541
1768 3c0512e07af9be9e
1769 1b253333bb9e0ee7
1770 f42d8ed2350dba94
1771 1d8854f172bc57fd
1772 7115aca19754e62a
1773 c7262a6f0776ec1b
1774 d58235b3a36476d0
1775 20eccb54f3d93989
1776 47dbac14197f0706
1777 9e134ee22d713127
1778 97f2b7950d1682d4
1779 061d32b5d095ac45
1780 52c08baaf6f14ad2
1781 9553fc4de6f5cd13
1782 7db1616d0a9593b0
1783 f560ac100ed79ee9
1784 1abd71cf0b9aec9e
1785 97464374f6a8dbb7
1786 d6dbe088a4dad7e4
1787 8d3b9771bc776e4d
1788 1b0306c63523b3fa
1789 8885293f30591b9b
1790 34f0cab944e5dfb8
1791 a91816cbc9230009
1792 5d1f233c10a23186
1793 d7a3f40d3a35b8a7
1794 7a195efeb09612a4
1795 fab7546a4c1bcf0d
1796 a973d4330d0c1dba
1797 0b47e0616423ac5b
1798 55cb6d35e8db7f78
1799 f2193ed89ada9ab1
1800 caf0d73c8b873a6e
1801 72c45989a607e7ef
1802 546a51223d71527c
1803 3982596fd78c0c65
1804 9f1448290bcff1a2
1805 2aef6453623c02a3
1806 a9fafd1c15439dc0
1807 298a9454377a6b39
1808 d2b8460ac96e1936
1809 e748d8dd08daa32f
1810 cef78c30a55166bc
1811 1461147dbc7d66a5
1812 d3b337c620e51432
1813 0bb19589c06ac173
1814 d0a2ce1c6550b1d8
1815 b6cbae867bc0ffa9
1816 d13b5ed34b8669f6
1817 f497109d659b3dd7
1818 c3749b9880d8cf84
1819 de391446e23f628d
1820 cf89e449ad0ac63a
1821 d12067862f96db3b
1822 4a9880f850181758
1823 eaa5ae82719e8191
1824 a24a44d9ca198e4e
1825 a8586e4911811ecf
1826 dd7d120b0155e7dc
1827 24d35ea700bb85b5
1828 205692df3ff2d402
1829 104ac54dad131633
1830 5f8277771901b4d0
1831 c43c1ef85073ef89
1832 43ae7b8732fee976
1833 10d600f409258c27
1834 b36baa8c0216f6e4
1835 beed4c86a28c4f4d
1836 a1ae0c9b912549fa
1837 2541077508efa0bb
1838 2e9fbee7c1a4a0d8
1839 00440214999ff011
1840 c4c40c54ab56b6be
1841 ea496f378972353f
1842 09b0475543af7d0c
1843 40cc1338af7d99f5
1844 9d65de82803ec10a
1845 8bd328703bc3035b
1846 807464897856d378
1847 5236d11e7862eeb1
1848 c7daa247072e9ace
1849 baac8341cf63df37
1850 36e7ca721330de64
1851 06dfe3abb18cd69d
1852 e69e4d1492aefb4a
1853 774f640469f2778b
1854 45c009cbbdf73ba0
1855 31db5b7d6ea5e699
1856 9e5f2174a93b8396
1857 0bd83507b4b6b9b7
1858 ae09fac990be3ee4
1859 77b1b8eab6e6a355
1860 8e454d7c7e0b3722
1861 0061a874bc020523
1862 2942f0fa81bb1540
1863 704fcfede78e3041
1864 729c327e441428a6
1865 38875e4fb4666cc7
1866 893daf5cf26f7374
1867 9102eedd95f561dd
1868 4c7e1e6274c6ac8a
1869 3c2d36f83e81a323
1870 492b2241a7d87f40
1871 6ca2565c7f6825b9
1872 a682dda0627724b6
1873 693d0adc25731f97
1874 5f611af04a498934
1875 e5593bcf1b54ff0d
1876 b922f4f033688dba
1877 986b962a1a35087b
1878 2b2897b46dec7b98
1879 e75e4610749ba2d1
1880 af34b197074f69ee
1881 e81a791b9dbc136f
1882 6a833421bd8795fc
1883 130b2236359b1de5
1884 f40c1ac5d7144aea
1885 2ddc2a22ade378fb
1886 88bb8f82cabcf618
1887 6220229875c03551
1888 da6fcb4ce4aeaefe
1889 39986dbf61a658cf
1890 ca5fdc5a373d9edc
1891 3cd8a8a8af292e1d
1892 057294751ca956ca
1893 ca8b6bb65266830b
1894 1d32ee3197cfbbb0
1895 c72704301e70c6e9
1896 799462a3e2588ed6
1897 b6b35557d24ae28f
1898 8dec7df9ce0f109c
1899 1d48f11c322a8b4d
1900 520dc2e75156dcfa
1901 d283bbdad0837bbb
1902 be126d1f18082bd8
1903 509d68126c5b8011
1904 ee56bdb5fc1d6b8e
1905 b7111cef620fca0f
1906 490562800d96e51c
1907 de0dbb71b7a40585
1908 c80b60a5f3f59012
1909 78e74cfd4c7e18b3
1910 bc427834405a3950
1911 6d7649f1c46bd609
1912 325cf25a7ca9eb56
1913 03172a1c0bab2137
1914 3434fd41f042df6c
1915 f38742154a96c61d
1916 5fd66b51cc211fca
1917 ed300dfa36b5f80b
1918 3a4bc7a2fd18ef68
1919 714ff1d5c3574d79
1920 ffca35e1e68c1a76
1921 f36eaedf254fe197
1922 d508099df54a2e44
1923 eb23557687cda0ad
1924 049b69afeb15f4c2
1925 601ce2e07d381843
1926 74008b33aace8160
1927 cfbffc9525f041c9
1928 8a75888ea4e754b6
1929 62dec7fbe3acb6bf
1930 22138741d121758c
1931 f87cf5cc39d72275
1932 698dbe7b295a67c2
1933 8f097d2dda19ad53
1934 207e4ee34640e568
1935 206b1f350d09fb61
1936 e8be4996d8f0e14e
1937 9ea39ffade2edacf
1938 20bad03a143bb8dc
1939 d0282aacd10772e5
1940 2990acb05367b472
1941 2fcb0efd7b8beab3
1942 aac45c9054ee9650
1943 de6406a9f43e5709
1944 00128f3809d3643e
1945 263f6ef93deb382f
1946 9eb1c7c6167824bc
1947 e43a1f9a6e6fc1a5
1948 ee36ce3c48a47232
1949 78a1aa1885cdb593
1950 29420f72eb560e30
1951 d8053461dbf912b9
1952 5841320a8345c5b6
1953 f97ecf2284180797
1954 f1f8877889685b54
1955 ad3d22ba7d5b9abd
1956 181666a10ec5abea
1957 bbe461bcb933086b
1958 2cfc52370251ccc8
1959 346eac91cfb3fac1
1960 7a125519c664b01e
1961 f52a7b49e0a41c2b
1962 5a3829897b5fcbb8
1963 17c9a46e4cd21a75
1964 ce246b3191020d6e
1965 1d6cf295a0bba38b
1966 11959d3d99979ff4
1967 2d5aef984b9d02a9
1968 8f0f508c3e936a32
1969 3777b36def3ea22f
1970 1c8a545561a14a98
1971 a4d961870c853e6d
1972 3d459b7a80945156
1973 739cb48a8e6f4793
1974 c608920fddb668f4
1975 de6d99890295aa89
1976 3d4ca206f01581c2
1977 15b0db044f16703f
1978 1d1d8f60171fb568
1979 77a760edc6fc0a9d
1980 1343772a8ad2e6c6
1981 a2ba006d089c47c3
1982 fbe33e3d2fa6d90c
1983 4405e02f1a95a4c1
1984 8c9b7cdf27f0d28a
1985 f09198ba497c9827
1986 cd4e34ea3c3d59f0
1987 737cd044adb56165
1988 2e010420651a258e
1989 ed9e01a07952453b
1990 9c060ede55018224
1991 665fe18576883a99
1992 ec2e8228261f9dd2
1993 5ce63e9b1eec8907
1994 b28e49b9209c48c0
1995 6a701f9ee7a488b5
1996 741ac484b4ff5ede
1997 1ab0e9074ac5fa3b
1998 9ca848fd47fc4f24
1999 c2f5bc5ff0456821
2000 d29d546a993d5e7a
2001 785218b1f7af9c17
2002 85a1ca7630c10ba0
2003 dd64bdda1b02ed95
2004 7a7879805d822ed6
2005 bc897915f9a7a843
2006 82bd9ef8140bf70c
2007 e747d75e731566c1
2008 075570fd73478dea
2009 9ab34263d156ed3f
2010 8a75188ef5a95674
2011 1b78b56af45ed8f5
2012 077cb006ee79f7ca
2013 a2021f0dcfbad263
2014 dbf6ed50e58ffd28
2015 d83eb3303311cdf9
2016 f8d676c65d2f678e
2017 bfdfb75449e2435f
2018 bf1e4153745a2f4c
2019 198f4535e5c09485
2020 913abe06b86b021a
2021 2d427f160d79fd8e
2022 eec997bb48f8ead7
2023 ccb1a6c8342137cc
2024 e23b485fc28b382f
2025 98a7d8f8a6d1af22
2026 b3f9fd1223976bdd
2027 fecb2f894bc23648
2028 20e727e7d21e6c43
2029 b8d24cd71351e9c6
2030 a6a200097f6ff871
2031 3ce6bfdb86529dec
2032 5a4a8ce059331607
2033 1e31a377fe1417fa
2034 5261808e6278c0e5
2035 b81aaee7e37566d0
2036 827a26588e62d6cb
2037 fc90dd4b0b3a747e
2038 2b656832c44aeac9
2039 27b2620b43a736c4
2040 a257aacbc00968bf
2041 668f1998ca6ae31a
2042 9ee755762a943a15
2043 9b922e6679274c00
2044 d1fc9fba8929600b
2045 78a75b6a614af8be
2046 9067f92d84ffa309
2047 c89b8fa2a367b2ec
2048 1e545d6756d31c07
2049 c184ef61a5426ea2
2050 56700553eb9c415d
2051 bc7ded1ae485cac8
2052 ce27f1f5e6e1e5c3
2053 e9d07df6a78ee406
2054 2154d5452b2c5d09
2055 559943129f7cb604
2056 16f44479e35c311f
2057 88d62957e7d384d2
2058 255953358a2c350d
2059 ff1f0d8e4ac07318
2060 4789cc8770dee353
2061 a60e9ff83f2db706
2062 bad02bd8b2b5a1b1
2063 791c9a91677f419c
2064 f0ac97592d8617a7
2065 808810a3ab09ce9a
2066 c78c0ba985963695
2067 521d189cacbc8580
2068 cfa54ca7e6ec10fb
2069 1e845b3eac63dd26
2070 c63af6ec0594edd4
2071 7e164b6ba31558a5
2072 3c4fd11faba16a82
2073 429de09f0984893b
2074 fe89d1cdc59f2a60
2075 02cce0fd85ba1149
2076 d910ce9e856ac975
2077 3f7e36df1f8fb052
2078 124cd5e7de4f7afc
2079 b289448ff09423df
2080 cfd96b648fd850a7
2081 a333475a316dee0a
2082 a69e52e3546645ac
2083 3b1383acd49b023d
2084 8c30909e56996971
2085 7b56b8c1d794377b
2086 4cdb2181a608675e
2087 83ab769b7b62eac2
2088 ceb8d66c319a7c94
2089 fa3dde0105831269
2090 bc60bcf63841083f
2091 99ff930a8bb7a2b6
2092 f2dab868024e5e81
2093 89d2150b9d8547d1
2094 a2a850b4c8d23fef
2095 0ed3402daab78dd9
2096 896cf0d8be1f1d17
2097 e24deb98e6e10b02
2098 0aa8548879932d66
2099 850cfadd1a4ed012
2100 92a7e287ce33d165
2101 4634fc0b43a4338c
2102 ab2d2ddcd6d3a9ce
2103 2a0406321cce91f9
2104 84b95c8065acb306
2105 92c7a3f62fbd391e
2106 b571d1fe1dc925c1
2107 463edff74bf5898b
2108 21d879c3abead9b0
2109 d222744df2f20a93
2110 c7a32f802543cd22
2111 c16d2c7a7018f5d5
2112 fd9afb395237da1c
2113 67856f4a448c0970
2114 f29c310aeb207b4a
2115 007171d2adb2cc3e
2116 00c3e72a178ca36f
2117 161ed8a01f902e00
2118 19618ae8187b8692
2119 ee36b0747293ce29
2120 bc6719bc3ee26164
2121 075341ce68782876
2122 35c8a6baa3213018
2123 a2154c075c30a24e
2124 ce42088e9b3555d1
2125 4c609ae8bca43ead
2126 a6f3ab67d3925822
2127 cb63b24fa2126154
2128 62fdd0703e2a196b
2129 f925affc35c8cfaa
2130 2d4444dad319e9f9
2131 f4e3242cee94de30
2132 6a4834598d3bc977
2133 7c8bbfb98009a986
2134 ae0d861b8604d6a5
2135 955f1105efd89e0c
2136 129b0d7bdef8eb03
2137 5a7936a4e911f252
2138 3b4648036785a4b9
2139 f1a785a798f69700
2140 4c7963e71f2f278f
2141 e25044e4f3b93f2e
2142 a1d100eebcbb6a6d
2143 fe3a1141aa2657b4
2144 3c229e83150f8d93
2145 4acae95f2b6754b2
2146 4b1363fd51cdb731
2147 1a5cf57b591cb4d8
2148 4cc1a0f9ab8a6c47
2149 8164b115f6968606
2150 4827cfd22780adc5
2151 ddfb3810720f6f0c
2152 edf6cf25963e272b
2153 00d147a39a4b1f2a
2154 7e11490d72c39b49
2155 add8ab1c6039ad90
2156 fd2ea8b5748e205f
2157 2aa210d4c2ecd53e
2158 6470967e9da8133d
2159 cb7ec9d5c50aeb84
2160 ca205a7780d33d63
2161 897a2b52e0385b42
2162 60fa84ff08d8ff01
2163 1046e3a1460ba9e8
2164 38b1749e94b5d417
2165 9a415d0d5f8c38d6
2166 6ba62e37d71acbd5
2167 c460d5346a0aec1c
2168 f8c539987da6f03b
2169 c91e05b8e66459ba
2170 6e43f4a5ddd46f99
2171 a7e8d7560eb92ee0
2172 0cab264e104ed36f
2173 993033ace4a5ed8e
2174 99384157ef7a38cd
2175 858a70895d707714
2176 7e36c0eda4239ef3
2177 53b4a17e1ab05812
2178 93af3bb27681db91
2179 b6ef318285a08f38
2180 b00d8f486b59c2a7
2181 7b9ef76ed938ade6
2182 8227cea04b654da5
2183 b7dcfc9b8907b2ec
2184 b7ece4a899e4410b
2185 97685380a421e30a
2186 247c39deba740529
2187 39c8c0308e1267f0
2188 65fcddd84a3a99bf
2189 9a4af8d2eaa6119e
2190 c0c7933682a1471d
2191 d51c5348e4985ee4
2192 90d8346351cd8fc3
2193 21825431f8b9aca2
2194 8b3dfb87ded047e1
2195 745626d00dc72ac8
2196 95f884fcd716d877
2197 a0e93c9f1cb0cfb6
2198 75c109c258bbbd35
2199 a967298e4c3a38fc
2200 dff305669ea88a9b
2201 88b0c3c1d8438e1a
2202 0c3d988655580bf9
2203 44efcc668172a540
2204 00b45f4a4b1d69cf
2205 4e737e2359990a6e
2206 98a48a72924b23ad
2207 9b7f8e63341ed4f4
2208 916bf17aca4139d3
2209 b72adf30edc66cf2
2210 9f3c7ada8b843471
2211 6aa9d33d34f84d18
2212 98fbf8d880834a87
2213 37d8c639009ecb46
2214 b55d48d91b179e05
2215 598c6d3d53824a4c
2216 a31d758da78d346b
2217 7558af9f07398e6a
2218 f4a9fb2378335e89
2219 8b421b6fd7f84ed0
2220 5078e46f77c1a59f
2221 4c29d4e73db6587e
2222 ebf1bb4a03e7787d
2223 f3c0460d1009adc4
2224 a0f1cc92c68eeba3
2225 70cd0f5795704682
2226 58d9a9189dca9b41
2227 a1389541efa49128
2228 b485a6f42dd1b757
2229 ddea30559c8e3516
2230 6547de32434afb15
2231 c4df809ebd77225c
2232 65c9d82d6f877b7b
2233 87c83546b98facfa
2234 b718425701902dd9
2235 2e6307f07d734b20
2236 9f4518b0b45d00af
2237 4d841f888dc28cce
2238 2f8e0b22cb7c690d
2239 e7a07a1f05a45254
2240 a2f400397f958e33
2241 bc6316c0e2184e52
2242 03714e9ea28525d1
2243 b2969e799e773978
2244 d36cc76433fa8ee7
2245 a53348012507f126
2246 6b20ab1b771794e5
2247 094fb53ea78fef2c
2248 018b876cd270bb4b
2249 1d80766e1a9d084a
2250 3c105a3b505bd569
2251 5c05a3fac401b130
2252 55b737ea948d4aff
2253 0c85537d73a90cde
2254 bf4fa199d358ad5d
2255 8e59cb849b3b2724
2256 48795f8b71ade703
2257 aef6e06e323dbde2
2258 6521821d40173221
2259 aaef3bc5b153aa08
2260 b23c0b3f5e4af8b7
2261 b897ee655b88e6f6
2262 3eb5532fa4a9e775
2263 bbaf88e22383723c
2264 17133f4a11b356db
2265 59cd58f5d4c8e30d
2266 9f806e70980c04b5
2267 2487b43b17af5dce
2268 e2f2e978e0ec4722
2269 0c06ef80b919acd2
2270 582b1500f9442ca4
2271 bccca3e0dc3a7617
2272 ee60f1bd40d7261d
2273 643b194e97016337
2274 9d8239a9e07a4c97
2275 baf2368de5e2cd4c
2276 f6273ab346d48704
2277 8b8c48e9ae1e7e7c
2278 92c4ebacc5d5161e
2279 9584f3e42b4dc1fd
2280 e91ddb0e53d05867
2281 729dd5134ea67939
2282 d934e9657f25055e
2283 94170bd1db26d52e
2284 dc6329b0ff7f180f
2285 f92f7243b45fbce9
2286 77f4b9f7e5f65a96
2287 b3e6294d2f4a7fda
2288 d01e59e045ce0828
2289 63e57b9b7646c0a8
2290 51328e40dd4e8dcf
2291 616dba8b1e52867d
2292 7d6830d433e0025a
2293 834280a036543b92
2294 feff28fb2797f7a3
2295 ddddf73aa4d0e261
2296 490aa4f017818033
2297 12d815e6b7ce7d1b
2298 a05174c042a03319
2299 a076910c0eca17ce
2300 45d851e0574eb0f7
2301 35793d70975f5748
2302 d46f2d0ef2947d85
2303 6f47038b5d513352
2304 2308054b5199fe3f
2305 6a18ee4f9c745856
2306 93b72272dc227eb9
2307 2181b9ddb3135b03
2308 d69d33c6ca99564b
2309 92f3745eb0533e30
2310 fce1eb6692714c80
2311 3afe146bd2f3d319
2312 5918bebc024fcb45
2313 922c04b6b7bc0000
2314 70758fb38f12a05e
2315 46ebe8952e136052
2316 6e32bafa45d0e965
2317 bfc613c14d3be976
2318 fa956a69250f92d0
2319 ad5069193c2032cc
2320 e689758e5409b23f
2321 57e839822b0597e9
2322 fc55ad42a49c5d47
2323 c1971305ee30d4a4
2324 b9066290d07790da
2325 0d1e655ba0d2b30a
2326 ba6c2189ca327431
2327 52cb2ff99918e317
2328 839f468bea5445b1
2329 da0541d427f5fb3a
2330 c1fed0387cb3be04
2331 7ffe691b461d6490
2332 89ea8c4e46ae04cb
2333 32dd5ba00fa90775
2334 8e7ce8a2aafd73fb
2335 8329c998d9ac0100
2336 4d131c67f137c7a6
2337 e771160833b2ed26
2338 cdd602680761f015
2339 5311f15f81c3263b
2340 3999c9771837969d
2341 a935b8e28c17c90e
2342 4a696476d174b168
2343 45c84cffa03cbd14
2344 8557a48515924c07
2345 7c6e221ded104571
2346 98e395ca6895f40f
2347 e961b175442e0ecc
2348 5666543124419802
2349 bede5be0c6ff6bcd
2350 4a47433e9ee64ce0
2351 965388d9e2da6d56
2352 71c88ea396943540
2353 c9d1419cfaa505eb
2354 66b92bd5ed2f5825
2355 23e08e16508a9931
2356 9bc49f499bc5034a
2357 72aa548aae45e6a4
2358 f3d6aab9ffb2b7ba
2359 bf25b58e0c17e408
2360 724954a5169da6f3
2361 3490a7f147c6fce0
2362 83ebdeca805b0a86
2363 db07168489c11b8f
2364 67af1df272ab7d86
2365 7f129a0cd14ad38b
2366 1f5612647a06a3ec
2367 bc658a4aee418f49
2368 a19d63db30584962
2369 8b0faf13575d25a7
2370 f1823ea92f12c8b8
2371 13b3e509d32eff65
2372 d9a86c7b5ac705ee
2373 7511176164c5c62b
2374 9f64e1fda3a9a24c
2375 de1ab1758e2cc039
2376 fce640db0fb83932
2377 276c71dc3f9c8aaf
2378 e9ea5c7db76e64e0
2379 a382a7eeb4ffdf55
2380 1881309856bb98ae
2381 6e459be49d183c7b
2382 ca84bcc12e0fadfc
2383 d9cb9ac39f9623f9
2384 a843be0c7794edf2
2385 fde8f8c33024ad77
2386 20fb1631f836c628
2387 f5e28ebbc2900eed
2388 e3972d239fcff97e
2389 73e14ffa120b8833
2390 cb8970297cb6af74
2391 b343e3ec3c5830d2
2392 e7d42074dc6fdca9
2393 cbd380157e97335c
2394 ca80126e789df1f3
2395 a147cdcb7fdfddae
2396 c6c46193499eace5
2397 90432518f2925928
2398 3bcaff466ece2fe7
2399 c7dca11c55115cbb
2400 5a67472136341fb7
2401 bc01547fd98a3e81
2402 c9cc99ae7653cb8f
2403 8465a4110f94be4c
2404 5aa6180b0d49ca8e
2405 20ca06b3b40cff50
2406 a6964848ca567aba
2407 36e2c243b32a3926
2408 31de951347120c70
2409 7abdb657fe8a0cc9
2410 a9d945ca81d944fd
2411 f3ff6faf9d75266b
2412 347c91e090ae3465
2413 af86ec5e9877910b
2414 8de61cdcdd18fe35
2415 b6639f16619d01ec
2416 fe2f51f6d7db2126
2417 becb758f88d0171c
2418 0f1d4476c0568ce9
2419 e9eb2e6568c1fe0e
2420 bffbbdca5d10b1cf
2421 a01124f9653ed2af
2422 48f9ba1106bd2ed4
2423 62ead660f6193fc3
2424 f0ad90d114048826
2425 1a23560d21edd6ff
2426 e0cd97c8eb87a585
2427 1d6fafa9b7781af3
2428 e1a81c8b84bbacb7
2429 33e5a43c03979a08
2430 eeaf63e40366f869
2431 e7c09f59f1cf7eb5
2432 6aa25d80bf12ca6f
2433 a77c7f5309e5af00
2434 e62ad818f5d49e76
2435 bb455232d71bf4b9
2436 d0cd43abf134e4e3
2437 be65776806137785
2438 78a6f58031a57d68
2439 9f77298a0c53dcf0
2440 00c261c0f3580ae9
2441 40a7aa6ad617d93c
2442 70eb8b9b3c87ebee
2443 7cfa10aad06cda47
2444 211628e786bd0c20
2445 528dec7cb6f740a8
2446 b9c92ad11fe1d50e
2447 2e124c8bd9089849
2448 ed80509f27b582c0
2449 071fca02d9e31289
2450 daf27571b7363a80
2451 d5c1e83b0b3d2d56
2452 b9f48c0134faaf11
2453 df9612374000091e
2454 3453661fe8adaba3
2455 722b3fc87f2a5884
2456 42ebeded18c0f793
2457 524a530cd8ea7305
2458 300be0847570cf82
2459 e3defb7c4d3c80c5
2460 cd971c88d76b2e0e
2461 25ca06c4126eff7a
2462 d84a2f2968de3b6c
2463 a5e643de040369b1
2464 60d31a5d56183dbb
2465 e3ba88bff8c7868d
2466 22533c8016c875bb
2467 5508676536470847
2468 fc735d8ae04efde2
2469 31a147f97614f52d
2470 66ef17fc3632f871
2471 b6873c15fb0af564
2472 b4d3cb207ead4457
2473 62480ff6be0f7e81
2474 41980aeba4f1fdfd
2475 44e3728097c90e86
2476 0b9d2ce0978cd81c
2477 603cb06155a82712
2478 2ecf1faa54fd7d94
2479 ddf473882d0ff4b7
2480 d9e3c02947e3d967
2481 edda58eb1d635455
2482 c2a02cd630442465
2483 0e56ff4b4d7b0c3a
2484 3a959bf0b641c609
2485 2c3238cb35979d85
2486 17ac3a5aba319ab3
2487 69c0abf68631f6c3
2488 996ccc551b053e5b
2489 5b8c3bd6f2415d17
2490 65d666e8176fc357
2491 f67e67ce5ccd7582
2492 0e0084a89e2e3f6f
2493 06821e29da6476f7
2494 173db19387005afd
2495 a3326b2f96887c02
2496 023455a79a42bb25
2497 c7a72366e8de0b72
2498 dd3f7227cca674c9
2499 4e335fb8f9b6b719
2500 abe06fc46f5a68d4
2501 6e8bd29c3a9adf3a
2502 d324d1a60c6b3517
2503 263918b512193ccf
2504 f1d3b83a64cf3b57
2505 7dc72bfa3f8bf29c
2506 07202022bb6dc68f
2507 825e8367107ded8f
2508 21bc9a8df1d37f40
2509 0c5fa9236058d05c
2510 7e48737d965ab9f9
2511 6cc9d77889c80ab1
2512 4e8185e718acee5f
2513 d9493b36b90d2426
2514 41c03629939cafb9
2515 acf8c688a259b404
2516 89f3790d2b483fbc
2517 d3bece652b0d9a2a
2518 32a6610c8f6402c3
2519 23256866273a4c26
2520 8b77d70f209aa232
2521 49fddd7a64e5e1d4
2522 4baccae0d40435f0
2523 e34952c9e2e7ad6e
2524 ff416edf989b9242
2525 e64ac4be450d4581
2526 c27e757c2d817070
2527 cfb1554311fcb6c7
2528 97ac46b44d71a2cf
2529 55a21868f9391291
2530 154e4e5a0413fa41
2531 c4e11dd9ad1272f2
2532 9ebe27c81c85b6b4
2533 242b7f79373241c8
2534 41761667ff5b95df
2535 f9b09e80c267dc8e
2536 4b460c300b0624c7
2537 ef6077b486109733
2538 2cd948e1ad405225
2539 4f9b400d1da78250
2540 b4c2bdabe6de8a68
2541 672794c599e6d61b
2542 7aea8e3ef9eb6004
2543 54003637839d63e3
2544 2f81226ef6d31164
2545 c6003ee17025b76c
2546 6a9269c321753c4d
2547 ca3274754969ac6a
2548 c22ebb403c1c2de5
2549 55197d65f54e2442
2550 1782325f4c0fd998
2551 0abc54ddb3f46f08
2552 e14323a833058199
2553 56b46a399ae39303
2554 904abf29bd4caefa
2555 fb05af66bfef44d8
2556 b28202e6342b94fb
2557 8dfe3b51090bf6bc
2558 2c5e6cfa5b424e2b
2559 965a946c9ab8fd0d
2560 e1a095c6a1c675dd
2561 8eeb23ee775b194a
2562 0eeb697f6d07871a
2563 26df7dcde5a31303
2564 3cecfdf786605901
2565 740729557bb8eb10
2566 01a7ca370369c817
2567 ffdab27459a9fec8
2568 dd791025c9819915
2569 fd2136cb6d83382d
2570 77fcba25d124042c
2571 f867b7c01b190416
2572 29a8ec4b4ab1fc58
2573 f7d253bc276a4486
2574 f82fcf82990df473
2575 6a2547792cd8288e
2576 782b07c11d4544a1
2577 93314402d7566b09
2578 9d8598681ac1ac75
2579 57909c5c9efad8c1
2580 0306717c1fb1c9c1
2581 3ff6d454f8e36cf9
2582 8bd4c9d687e9fcf9
2583 34d8790f64619c1d
2584 bff94d4fd13386e4
2585 4042f020fa079bb5
2586 101d65351886749f
2587 221030c67cb55ddc
2588 b79b253c9350fe85
2589 0d545613aba9811d
2590 02fd2905dd0d4cfd
2591 57c9b029767bd4c6
2592 320a2f18e3653831
2593 6ca16979befa5494
2594 5aa11bfe9a58f720
2595 6a3d65ff48d3b678
2596 6eab06764b99ed0f
2597 96ba6e581515a4b0
2598 fff8cbb41bd88a51
2599 91b7c52d07e94250
2600 d99aa3da04e4fd8b
2601 f241a8724a5800b9
2602 560c6c4d4e5e1848
2603 a8914668013762a4
2604 44c33467960dacbd
2605 d2ca616d9c91aad4
2606 1ddc057896626845
2607 8b23e29e1e2843c1
2608 c7b8fce0e81d2c09
2609 3ed192c4de673380
2610 236125450117b349
2611 8461639e91c87bbe
2612 dc0b756ce9c1ee40
2613 2eba02e61c6a059e
2614 0b58c111a96d7821
2615 5b0847d732bb8fce
2616 31139a70d4d14325
2617 d64e88df5dbf6c10
2618 d48e227633504a91
2619 c3e6d42527f1864f
2620 cf837c034957fcc4
2621 c98e660970de5350
2622 bfc256bfa46f9364
2623 dace1f8d1472baf5
2624 f8b13ab62047a100
2625 21610000a841ff2a
2626 5ea0b4dacb5938b5
2627 5a644d6f4c9c16bb
2628 155b95b0e9abed8b
2629 359d0d74d4e0d4c9
2630 041eaeb61f9c5e83
2631 0463a9388057acd1
2632 82545d2116a5d339
2633 a489f869796e2970
2634 e1f4159538f15b1e
2635 e07304af2961a8c5
2636 4078f650efd5075a
2637 c056b7c6d32265b8
2638 6f6b52afd264c4a2
2639 354ec804f7e86f6d
2640 b43b86b3039b44bf
2641 d18ef67261327cdf
2642 184f03e4b37b59a7
2643 26fb54f5d88f5894
2644 10a13bc4149eae00
2645 9092409f097ed894
2646 3d8402a5660ba1fc
2647 a118838f09060334
2648 d8e725b07d8acc95
2649 7b8fe6963b35436b
2650 14925950de6f46b6
2651 2e53757b66adc844
2652 907de5888d71d5d8
2653 f9c4edd44cbf64ee
2654 e96c37d3a87de13d
2655 df14335b3f8e485d
2656 4b45033826a5ead4
2657 1d08252f55cd6b9f
2658 14599f15b164cdd7
2659 40a7d0a5952557a0
2660 7c8214342f50367c
2661 91281715e5e10ae9
2662 063acc9892aece38
2663 fa318b16d6f6bfbd
2664 01c673378c80094d
2665 42dfb5c3f2c07186
2666 cd0a673eece5587a
2667 5f9f95d7fefbacb2
2668 2d0de617808ff926
2669 9b15f3401937d70e
2670 991dda3b85fb9142
2671 006f3f7fccea9532
2672 a00d2041de4fc708
2673 f25d0432cc4d2fff
2674 9c90a69c47f95c2c
2675 83cded772cbfece8
2676 33651046eb8f2f71
2677 3bbfdfc3fc1ea54c
2678 e892ff15ce036019
2679 6503eabdd5868e4e
2680 ff7949fcb8328511
2681 bcc295bcbd5f882c
2682 1b28b91b28ab2ff7
2683 a9cd4712b6761cf5
2684 d27277b7acd11624
2685 9225604e73fd369c
2686 44bfd26bff7d02ca
2687 618a323d5ebf52fd
2688 5c810f169822328f
2689 3d92002926b09e90
2690 aa671098ba45e9d4
2691 c9bda990d7d01f32
2692 f42083b9238b2450
2693 824859531e74a84f
2694 3ac03315a29633d1
2695 00b59864ade340ff
2696 26474898e1f4edeb
2697 59e411f38ae0b5e3
2698 66b114da26894c2f
2699 8bf46c1c95ba2f27
2700 9e45dbaba28abbd5
2701 61eac630dd5309f3
2702 3bf28c5e34ce7e43
2703 aa6245718381a5c2
2704 6338b0f86f32c91b
2705 1e8940caa20cb151
2706 f07f6e330f9553f5
2707 ca915c031a4b8d4b
2708 6a34741988f23906
2709 bfaf8be032cf6c3b
2710 0ab7f557c4b9c5d9
2711 38bd1c8f5183c622
2712 f5e9322cab1e4c3a
2713 71f282aca0563d88
2714 7e0e47ce58dc3f4c
2715 c5de794a16c19879
2716 6151b37adfd0c890
2717 0fd905ef9647df7c
2718 c74f25976558aeb8
2719 970f44450fb52e74
2720 021d30845af61fc6
2721 034942ea380215f5
2722 931668cc9cfaa7d7
2723 c61f15c33f19e678
2724 0430356e3e1777dd
2725 e956663884ba44c4
2726 6e8b5b1ecc656adb
2727 7daf28d5104fe672
2728 6b4a22ef41c1b82b
2729 424bf5d79da1aaff
2730 1d539281477eaa9b
2731 f414cb35dc4fdcea
2732 a5113c065efe9190
2733 e761b0118a534f55
2734 6d34d69ffa5ad960
2735 9d51f78d29d859ac
2736 ddb4d3f22f852e41
2737 7a8a4cbe98749985
2738 d57268c951832b6e
2739 2a3262473505d268
2740 dbe036168e9b359b
2741 dca4b0f960ade41e
2742 809f82f3bec453d4
2743 b96dc5b55cb404df
2744 7812a8948fb185a6
2745 27b42c0ce1f6e269
2746 db991b10e93e8ad8
2747 3655d75f8ea95fd7
2748 98a8e44ec0eef661
2749 96e6299d5c846564
2750 a9e40240e18974dd
2751 74b7a3537c1289d8
2752 1736f60d1720a93f
2753 d52f12dfe2db7688
2754 c7e6f0af3801a3fa
2755 f898ca9056082a11
2756 f1e9c58bf9645b5a
2757 533fd20825f54514
2758 f4a24e8b61731083
2759 6565e083200c6419
2760 af3c96038319389f
2761 f20cea95de68e856
2762 614ddeec7271ff83
2763 03b810145560a9b7
2764 87cd0f568768ffe7
2765 4f795f91d9973dea
2766 9298c647e00e54c7
2767 7d7632ac9c7bcf32
2768 a34899be495e39f4
2769 2b1f4bd196ea92e4
2770 6ba8da39fc23f3db
2771 54ae3c4fe7a49bbc
2772 9a3f5fa6fbbbedc2
2773 0dcce049ae63d1c3
2774 086e2da1cc4b8036
2775 8cf7808f13a16927
2776 1af57a0090e793dc
2777 6d542cdd08faae62
2778 03d7dc5cb7a63f11
2779 58efcf346f835c19
2780 0175645c981ec0e8
2781 416a2b0d95b75493
2782 0283c7e7d3fe5c08
2783 2d7fde2f0fd05214
2784 72d3e204e305faed
2785 99b534c0ff6f8c72
2786 2230141790248b8d
2787 83464a41b283eb15
2788 37be5f39cc59bfd3
2789 a8d657fe9fb43cb5
2790 88d5bad1e9cedbb7
2791 d280d7f0cd619388
2792 504d1ceb7bccb27b
2793 7f70ab180a05bac4
2794 a60bd2f1225f191a
2795 f71d5e9adad0b48d
2796 8b3f55d36855f0d8
2797 e5f47522c0fd25c1
2798 10ffaa378f9fe6f9
2799 1abe3b8e22db23ff
2800 f5cce8a1cd6db272
2801 92d161937f214255
2802 942f7f9cccffe58b
2803 9186815ea92c55f5
2804 53d9f48e45a32278
2805 cc89538566f3ec02
2806 9039a03c2b105d16
2807 409a891107c4bf58
2808 ec6c6e09e0f3f521
2809 53b790820f46ae52
2810 93162de52f5e7e45
2811 df6ec90d9752f124
2812 e1262bf55d0f7b8d
2813 a89144eb3e00973c
2814 1cd3a6b5c2695024
2815 9bf80ef2b8088838
2816 bce38c7e7364ba68
2817 70b1592db26a11e2
2818 a9b863644ca56dbd
2819 772a6fe55b5ea56d
2820 f85d8dc991604e9a
2821 079e59bfe526d015
2822 309a5f2d09d4ece9
2823 13399976d9a7f39a
2824 f9e7841d0efbd1a7
2825 b19645f15c36de6d
2826 390f78d5a92bd703
2827 abc10d92119c6da7
2828 873e2cead339789a
2829 f682c75c31245992
2830 451d66363cf95113
2831 1cf9219a24b3ad31
2832 24060b12016d8147
2833 fff6c8377412a3c9
2834 738274f25690e2e2
2835 a40b3c03ff962382
2836 19b9c065e3874e6a
2837 9a6111221049d404
2838 c798a7eeb647ca89
2839 16a201ea0dc11ce3
2840 01a610c80bca9a57
2841 c83f3a7538c5d004
2842 de6cbf14fcd2b2c0
2843 f6e6d0e1ccb0867e
2844 af78f9f9d840fed7
2845 f9e06301c3cc2c4f
2846 11d4e99a34bca7cf
2847 992ab484db2412f8
2848 b19dd55754d12900
2849 83be1b903468128a
2850 d64bbb565d13ecb1
2851 02df0f959b9b656b
2852 6e50278645548bd7
2853 f302a1da3ddf7288
2854 52abe67e68d56cfa
2855 17bbc5d21db4cce0
2856 67e4021dc2eab080
2857 e5d8e26f21e1629e
2858 78d9093bc1eda3d8
2859 e31aeb85971f7afd
2860 0f55dab7913536d3
2861 63d405bd910e1935
2862 400a6f78c0b81857
2863 73d02844feeacdb7
2864 1ed3eaf0f54fcd0f
2865 1d384f6eea1ee5c5
2866 241acec75ff4950b
2867 4909c53f3ba87d73
2868 0693a045ad357a90
2869 cbd9f871ef3a260c
2870 52baa4ad1c836d4e
2871 e22fe0e66fda0031
2872 42d43274f20dc851
2873 fb9c899632b0e2c3
2874 1e6e8aee54313c4d
2875 3713197ece4515fb
2876 c72f81e6cfe43fd9
2877 727e40f890dfa43e
2878 52098a61b962c964
2879 94f42b0dfe3a7576
2880 5c7b6bcf56cd37a6
2881 d96b9cef6c7a1c52
2882 d2c2c6c5b21386ac
2883 e505b59ece981d8a
2884 b8de7fb5a0694fc8
2885 70e6819a9bf93245
2886 8915fe3a0e42d216
2887 af69080ef24007b9
2888 68a87b6538f6b100
2889 459a4cfcf60e7521
2890 ee47e6251753cdae
2891 fde6fa5c1a896ac8
2892 a957017614006d4c
2893 fcff6ba236c42b86
2894 c48fd75fc43c0c42
2895 aa202c7502d94dbd
2896 fc4f104a2c0fa6e3
2897 74e092b56382be49
2898 4833ff60f39a8a61
2899 4a495d338174b797
2900 a6ea1de58446cbe1
2901 2e636e625f9b0ded
2902 64693d27a78001d2
2903 c38ffd0a6c1b5e12
2904 769919f0bda97e4c
2905 23d8dbe7b402e32e
2906 d58af0afb21623a0
2907 f444f8fb8caf015f
2908 da845893987a2a97
2909 334677db302ea295
2910 bb3503ee2fd4a813
2911 5c25a94922ed8410
2912 195e51924e326684
2913 8536f855c1d6bc79
2914 d4cb014533b9fbe9
2915 ea7e3c1125538ae0
2916 56834a4d669ec971
2917 64886ac8c7c8cf2b
2918 47ad83caff02a658
2919 01ee37a5cbaf4e96
2920 229edc191a694864
2921 0a6b109e92010c2d
2922 bbdc54636e3d6121
2923 7760f3616e241c09
2924 7308ba2c7d5b222b
2925 7be1d4a85cfa0454
2926 d0d31ad3cc94c4bd
2927 a96dd27ad94cc962
2928 709538ef15741233
2929 908c1da363decab6
2930 2c8b902901dbed59
2931 da036413df42435d
2932 73e2118e16885238
2933 4a7a3bc62d20ab5c
2934 1fd5106e010227c6
2935 2c24e5029af83458
2936 589e9e31719ca1b8
2937 caefda1076b68761
2938 d7b3ae5f594e8b4f
2939 d9eb12e4fee1912e
2940 0df924928612cec0
2941 add0a6f937bdf87f
2942 4afab528eab1fe6c
2943 76896871e44477e8
2944 4140c13f29dd7f95
2945 08aec983c02ba6fc
2946 8920389b674d4a3e
2947 2df852098d8da16f
2948 7e2969f9641610c0
2949 be58703bf0ba4f58
2950 3e9f0ba6690f14de
2951 d6ace1230488bc85
2952 78ad484ef24cc9ba
2953 524ff5df73fa15ad
2954 c0236a6f1f60d191
2955 da469f456272d6a4
2956 f1c5c0b737ecc59b
2957 111d82877f008f78
2958 7ab2a724e0e712d9
2959 ef6bb01588260934
2960 fdca2d6b46a348a1
2961 cfb23a416eeb17d7
2962 a54454c7500d1282
2963 708b33131a895aa0
2964 663c5759986ac6fb
2965 54d8ff9828b86fbe
2966 8864ad788a0bfa81
2967 fedb702e034f506e
2968 b751b8dd2bb4287b
2969 952aee82ecef0996
2970 cf394f677553b567
2971 ba4ec9cf8439f4b8
2972 0c6ed89e9360be54
2973 c1572d1dba595971
2974 2272c98c084a7a91
2975 fd3baee7a4c2e80a
2976 7c76064cbfb3b4fc
2977 6d1d3335593fbcf7
2978 cc29c894aadfceb6
2979 62a35e856a15953a
2980 b9aba5d8932705c2
2981 ca445d9d0da557c7
2982 543b6a9120e70cdd
2983 4cf25a088abbdbce
2984 361ef11d80fd4b13
2985 f157221cb45ff97b
2986 845ff30764747714
2987 cb0d1e82b9e8d6aa
2988 b5ee0e9656df91a1
2989 0c592d959ba0f81c
2990 e5664fe6f7984577
2991 7617d23252703e2f
2992 739dc8307a268998
2993 75ec5a1bc5a9e41c
2994 70e9a4992ee572ad
2995 758a586208f0778e
2996 dece1990260db695
2997 fd9e48c15ddfe1c5
2998 b1bfddfdb18aab5e
2999 c93f24829ac7e937
3000 03bb53d17f46aeda
3001 03d507134178ec1e
3002 3bb6203cfee390be
3003 c38d019bd31e0b50
3004 03070e94e7707020
3005 c024415e71884a08
3006 d0ca20a9df1f97c5
3007 c489163daa0321e3
3008 f31cd998656dec38
3009 47657bf7eb17a58d
3010 7f51bf0364117c66
3011 87351e6f60676073
3012 e715848ca01c1374
3013 69233d29bfd710a0
3014 0a63574021d13606
3015 420f047c3252f795
3016 f892ce69ed7d1fba
3017 bd02953e4378e9a1
3018 229af41ef86e5ace
3019 214481d04c2b711e
3020 6745d3cffb671210
3021 8f060504cc57dd7d
3022 b216fe0c4ed3c337
3023 7f701b475ce349a9
3024 526468490d4e9440
3025 62b6ae33e32143b2
3026 c5ac7b3595215a3e
3027 b4222a72d33d09ef
3028 5c0f236253677390
3029 ef209a5a06dadacc
3030 4f8ecb4dfece21bd
3031 174db7b51c086edf
3032 d019cbe4abcc4d55
3033 3b8cd831e6dffca6
3034 98af1f9820da8942
3035 dac2065fe6d6ada4
3036 fa50ba1722cf3dc6
3037 2fc832681d838022
3038 56b7f5046283c783
3039 86f30cafbecd573e
3040 5ded8b856e90f43f
3041 5ffe19be232d4193
3042 09a45029415e26c1
3043 16bf76a4dffc047d
3044 0465156411a6fdf9
3045 0fbbbcd5a058be0f
3046 136f8ea2be9f31cb
3047 82e09110c6c5cf81
3048 3af73e69f0c9ad57
3049 5c86d5f63d933e52
3050 5a16ceeacfd664e2
3051 b07215dfab2cbf4b
3052 c674464da8863557
3053 0b7be608f742b31f
3054 98887f15da98f555
3055 a0142d2c3b33b985
3056 0f89dbba66cc29e9
3057 126fed9b7b336276
3058 51d8f29caf2b6dd2
3059 3c0df1e642326410
3060 b7093294ed815620
3061 9f37a7395de4ca0d
3062 ca426fa5ab38f26e
3063 0d7df811e38d65bd
3064 02b55431a1a654eb
3065 adbfb1f39c8b24f3
3066 94a024f0e796dc6e
3067 1a77444bd7754125
3068 c8c2995fc305f16a
3069 39d139ccdbf47d62
3070 91cf0529744e2c7c
3071 f5fa02dccaa9a061
3072 7b232bce9d961b45
3073 86f359163fab6ced
3074 5ee3c200881ae6df
3075 ff6e46eb75e4df16
3076 87fd43477bef834e
3077 242c476ce84c4c32
3078 9e36b42787b74c01
3079 58cde165e3a3b136
3080 5ff878460ac6e928
3081 93d4138c8ffcde05
3082 3e41a31f55fdc2a9
3083 b9fd87912726e5a6
3084 3b09555bea61152e
3085 ce8bd9e51617014e
3086 4842809ad70ad4ca
3087 d42f83094364763d
3088 452194b16f0610f1
3089 a296ec41b7aee3d2
3090 627355297f76c82a
3091 1b018d68f0be1c94
3092 9c3d1322663ce408
3093 4d6ee812b1a8a84d
3094 765c08f31f395c5f
3095 184478edfdf535cb
3096 ede679189a551146
3097 9bd18ce5ab5c8e27
3098 977e0e59a0da4b0c
3099 d9c7dff5792652c6
3100 0412881d4fdaf0c5
3101 7b2283f7736ef966
3102 5de352de0c539618
3103 0a405a43a099d44f
3104 354cf626ad8a17bc
3105 429bbf3fb6e3c493
3106 f468cedf4cdc840f
3107 6e32da637c2a3b10
3108 9cd6127201c34c5f
3109 6842e9d0ac77121a
3110 a980cffc8d390ccd
3111 229828556bfd5615
3112 416bfda8e02ccf0c
3113 797cebce3d4f980a
3114 0119c98fcc00bea0
3115 57d146fc5a59bd6d
3116 94ab9785e0e7d682
3117 a623b7faa5825238
3118 d8359c2b954c7a1a
3119 98cd2e28d5b354fc
3120 1304b1811dbea871
3121 1b7c952e436dc496
3122 e9131fd68f43e3b5
3123 33840d22cc4dd036
3124 ee0dcce7bfe24a18
3125 730ea38f0bce270f
3126 e153eda9ac287aeb
3127 127cad555562d2b2
3128 9a5ebe3c456e0a92
3129 2e6745381d3c2a79
3130 2be945c95959c0e0
3131 c76bfb2ac468f5db
3132 ffe4f1c1f70fbd89
3133 ba35a2709e9468a0
3134 694df5b0579b1054
3135 f2a3c92f8ad9b167
3136 bf8f6c405a18626d
3137 25c23de1d71f5556
3138 5fc0654cd677c8a7
3139 44cb20a5ca29676b
3140 24602009d3a25c66
3141 86f795c14c6bd3a5
3142 c5879c0b53bb4f64
3143 325ed557d66c0d23
3144 ef2d1a16a632d752
3145 9f0e800c78e58183
3146 22194aa06590f776
3147 99699ce958413ca0
3148 e2b3b064b7fa07d5
3149 a18d57c4e5346bc7
3150 75d008d8459847eb
3151 1fc10a32d3730d60
3152 749409f48e6edb35
3153 a0fa5602ca2a4224
3154 6ab63a466dc4977d
3155 447ab95db04ad016
3156 23e39b77d5788969
3157 4bf72a9c7d59c451
3158 b0d9b66d18025280
3159 c736529d08ecc2e0
3160 ead0c4f51425c2d9
3161 3ee6aa5fdc8594fb
3162 7bf75f64144a455a
3163 bf1082400f175bdf
3164 b55dd5dc2d36466e
3165 f7bb1e26996e0cac
3166 86ae9733b086c19f
3167 378bb93f2a604c83
3168 ef4683956444bb0a
3169 7be8217f45440457
3170 dea79a7ec63dc018
3171 24f2dca361a7aaf5
3172 c698c74efd80fc20
3173 f37691b910ed0a35
3174 3b55de7340990239
3175 ebbefe549eadf6a9
3176 cc65037fe2fe36c4
3177 4018898722b3216b
3178 84dbb53711e0cb98
3179 c91153d433557f60
3180 f7b614a248d9d80b
3181 5a87806893d6539f
3182 cbfc0fa4335d376d
3183 92ec1592fdbdda5a
3184 ac55560479a41035
3185 2839dec7e8654023
3186 d5d79d155f3a6fdf
3187 f72000f62863ad66
3188 4504afc4a7f10be2
3189 ec4c4db7a019e66b
3190 5b32a21aca74886f
3191 d6734b9d08f6579b
3192 c8c909d00a6731d5
3193 95b4a498ce21b153
3194 d2469431ecf75742
3195 2b612f5da57a4bd0
3196 9a9e2b5944fc49fb
3197 f0e1352485f368cd
3198 17d0720690014b79
3199 4dfd7781848516c1
3200 45e9478049f2666d
3201 52bfe611ce0888a0
3202 7d29494bae66e720
3203 957cfb2d0a20d148
3204 d29da948637e86f2
3205 6918b99eb3c7325a
3206 22cd1d399e2fd3b1
3207 8deed03d1bb10a94
3208 fafad337d3b31a3e
3209 d2ad51ee7ba8cf9b
3210 ac62b0991c32bf0e
3211 68042fced2b37c00
3212 3918669764c6b696
3213 c249f7b0ba133a35
3214 b4a422092e39bc2a
3215 1e5ba1211b794798
3216 00f2c5d1108f351a
3217 827bf26b9713a94c
3218 c8f37bcdb75d61de
3219 f5cf076c3197762d
3220 b59fe160428c3df6
3221 902d15fc60c915f4
3222 323db46e9c605b0f
3223 68b97deb065a428d
3224 21abad48769c75dd
3225 c93bbfcd89e3b708
3226 c4794fa40c230ee6
3227 0b2007e6a089edb6
3228 b762c47a3ae2d7d2
3229 d29b748ea28d3fdd
3230 980fae188ab9fde6
3231 ce6c3e7ef902ea57
3232 d6ebe64e57a2fbd7
3233 21eb912217dbec93
3234 3db0fda1df08b1ef
3235 36be018d6f27ed19
3236 510106a7bfc02abc
3237 332d14f4ef5cfa1f
3238 f89c9b21f7294850
3239 26ef1279c9640924
3240 83f50026cc51f92c
3241 8197b8f10713f151
3242 a81efb7768378ccc
3243 813463b031a8676b
3244 5ee793c2b9ce1ffc
3245 7113b969957680cc
3246 f3a14a0d7dee296a
3247 413421ead8bfca88
3248 9189b9faeeba3d27
3249 e36e0ee909add2c6
3250 0c97a5358c5432bd
3251 3f0b90e05946b67d
3252 5247d83a85491acf
3253 20ef661a409f166f
3254 aa44a066d7f64eaa
3255 d71af857389b5c47
3256 866769faf4e6b28b
3257 e6ecdc670e2d63be
3258 f2fc26af74d276b6
3259 cf0ab47bf8d92788
3260 1c4183daf924d07a
3261 fb8b323707b739d1
3262 8f2efc09809dfdc5
3263 2ce48e1d6c2ed339
3264 729c2c48b63bcaa3
3265 8e50b7e862b4ecff
3266 92349c749f3d22e7
3267 babbee6ddd316f76
3268 ba17678cca85b571
3269 e2baa517e87405a9
3270 41cc5d7486b0ce6a
3271 e4c47f66e63df72f
3272 45ef6471d43b53d1
3273 199511b4488be9d7
3274 5da9b1a3b70c0bbd
3275 5eafe6b8a9e5bed4
3276 5acd40685ff6ffa4
3277 bcf7e139432d1b23
3278 6443727a23f77845
3279 fcc09a627cc1c53e
3280 09d93cf86a8f1edb
3281 8279f587ac1b19fa
3282 c1d692ee96304e3a
3283 8916dc1c44c52e9e
3284 db182a657c1cea91
3285 6ae9648e466c2ff2
3286 2fcab17e48298ad4
3287 4bff6db26948a055
3288 1e805d884bac51a2
3289 0552163e36fc9322
3290 1fa2bedc1cde76c1
3291 ca245c185431a8fb
3292 08855a7ebab0d30d
3293 4c6eaa450b171e79
3294 8ecf83d5f6809a26
3295 56d0b7a83b6cd709
3296 19e6258c5c61c5d8
3297 dd27ad478dee66e5
3298 966a11bbe84490ea
3299 e3c66fd2ccae1fcf
3300 979d33d96ca9b112
3301 bcbbea6b15b55dbd
3302 2c42b7a567f2f0d9
3303 f8e79266d81db9d5
3304 47944baf906b4cce
3305 5ba080b879ea83dd
3306 3f0608642b72c2d0
3307 3c3b09d2372d7c37
3308 b404908892bb7a8a
3309 f8e1ed29b5d5dfc2
3310 f1a902c7f6deede9
3311 92b6c0d8d932f94c
3312 db9051e17e92df2f
3313 d6c146f00daae1f8
3314 ffcbe29f6787d262
3315 915a3595a110e537
3316 2e7364763288a84d
3317 56632c972c154108
3318 8f1527a8d1cd811c
3319 8397c28e9c965bc1
3320 2de2754c7b7ffa64
3321 c1a727d1fb5fef9f
3322 c3b45629f79013ec
3323 0ce7cea3292e1120
3324 b5e7acb46ab8726f
3325 2bc590ce1cb1313c
3326 1733e6029209c8fc
3327 6f0943e40a4015b7
3328 a379ff6e9532932c
3329 9d5848372c544e71
3330 f152fc2c639c607a
3331 2f699578b8dac84e
3332 23be5f2aac75c780
3333 968e4552dc63dd57
3334 585ed2a71abb4854
3335 3057059b579e3e63
3336 bbd90d7de7bbd6c5
3337 bb27b7bd22c029cb
3338 e0f9e2e9849f640e
3339 4c14b27c7303879c
3340 dbb68ffef25e0e56
3341 3cc89b8ec5b5564b
3342 49cca1f307529486
3343 c7230aeff46bf2ff
3344 ed34c56848681376
3345 44f0a5991ac78866
3346 a9e4cff1f2fbff5f
3347 00e662ba72253288
3348 f86d82601d9ca98c
3349 7d16b8f07a41e12e
3350 590bdc7059bd77e3
3351 e0f238dcd3687e7e
3352 9f1d6071cf48ffb5
3353 6e7b69ac5bc51650
3354 e15a37629235f817
3355 5cb74af7b6d140f8
3356 0bc576ee589298e5
3357 154a95e26bba9d0b
3358 0b3f01330d641b03
3359 a4672024333be162
3360 c0f031c678eace7f
3361 b64df00b48ab962c
3362 768afaeb73805351
3363 9126a4dac8497491
3364 4d132e509c4c5838
3365 49883f82fe383e14
3366 12d9216841ec6a50
3367 533929797496ff98
3368 55dda723df2a461f
3369 06858a8f5bbbeac1
3370 db965c8bcff42d33
3371 b97a08a05101ff2c
3372 743ba28baca6a2bb
3373 7f3cf2ebb6ff8595
3374 309bf1e4f8c20875
3375 ecbfefe2e1968bfc
3376 5316f95742e782c7
3377 48a3b02af1c8bc0a
3378 8151f2f41f98add7
3379 5fbdb9cd1b7a853d
3380 4e218bae1b76e54c
3381 b4f81a951e978eff
3382 2bedc5a3d496f208
3383 4a22e4bc0606d1da
3384 ff832e84dbabf0b7
3385 165d0574102c5355
3386 62930957d8e1c37f
3387 e4247a087f699cfa
3388 18fabae6f114d3e2
3389 65d2ea8f08262d62
3390 db9c2fbf81a37dc0
3391 a8172ac4d21c2fc0
3392 787be48d75788d7a
3393 3589fcb223427ef5
3394 92a9f31f5651713f
3395 cedeea0f5feb0304
3396 6005d06ba3058bc9
3397 92df0972f59f0fe8
3398 9a88060ce9de6053
3399 081d3b075f6d485a
3400 28a34f1cd751bd66
3401 8a67ed7dae60c52d
3402 a9e3d304257b56b9
3403 bc1cf757938f6f4b
3404 426fbb286dd379e3
3405 4e2434bb5f7b6aad
3406 289fa0c439a984c6
3407 9d0fd1b1c4f92a58
3408 274bfc32ebc028c6
3409 474c27bff64d998b
3410 af913e8d9172333b
3411 b3b88ae9432522ac
3412 34879140521a05b7
3413 75bbb7c90a2849c9
3414 ebd0effa0644a35c
3415 c30975ea8a733788
3416 047ec0cc58ea602e
3417 1b7d4b69bd00f58e
3418 881883a7d0d868ba
3419 062f4f1d5c52a81e
3420 cf0b823cfed52ab4
3421 df801396bbe98034
3422 84ca495c7d529be7
3423 f24efa08bf20d786
3424 c3bc75139a3ee54e
3425 9b9799fcf81211a8
3426 a39b34a5a3a72091
3427 6973567fe0d7dba8
3428 dd05b2cab40cf21c
3429 8307177e2671e326
3430 563247b4d761f815
3431 3f11c027f2402d08
3432 54013376c989b21f
3433 a87d7e729218ee8c
3434 8dbd66c63a90ad58
3435 05e2b94dd3748e60
3436 d6a0ce5579bb9593
3437 714702deeb6dc709
3438 79d2a60e3c88cbeb
3439 f68274b5523e69da
3440 70ff096e626a0c00
3441 4b952fc3b8bc1149
3442 529da7ae87753353
3443 2352516f8cfdbdea
3444 d2ef3e9ded9c4d47
3445 170482dce47f9f24
3446 ede0e4d74e049ade
3447 d10a1dd40c6644a1
3448 52fa2d1825326b90
3449 0e648555faa305ed
3450 909b83aa3c4bc2fe
3451 098856f65fbbf2c7
3452 8d8e32aeb4f7bdd1
3453 d3aed40e97dfae74
3454 459add7c66c138c3
3455 6dbc8f6d7c7bf5a3
3456 025b3598eab75ea6
3457 203abf1a76526b25
3458 a5d5e72be0eccf22
3459 8948bec1494ba086
3460 94368e1df99eab1e
3461 ddae7fcefefceb27
3462 2bddb3f8f59b2010
3463 3ed01812fa639adc
3464 8905b30618818bc7
3465 c6f0de8d49e0e739
3466 1c939cae7e4d229b
3467 04c7f2248b184c28
3468 3c6dd1014c8cd6a8
3469 8a264ddee59da161
3470 37a6df63bd0004fe
3471 3085fee28097ed06
3472 7d8e002b70535269
3473 199645921850222e
3474 315cf4ed2c3a740c
3475 c6beba308453a731
3476 19be648e9650f0dd
3477 8e1c4cad52ccda7d
3478 c139c8ca61e92ec1
3479 1098b5c34e538c45
3480 dd80199bdcac880d
3481 a69c1138361b04e9
3482 e24770adf04d3f94
3483 d3a149314b66ff03
3484 0c79d1f5e01fb49a
3485 dde736a13b650e25
3486 c9852797607eebd7
3487 e383aff5c79daf25
3488 ba27ac6eca887ce6
3489 eafa98a6cce588b8
3490 9a1c5db1311f0eff
3491 87702983ad47c16a
3492 b2bd2ab8dd29fd39
3493 b574af12e9048cb2
3494 e8ffe0570893714e
3495 89bade41d691ae64
3496 91864789126da69d
3497 44db21049c898186
3498 9aa101d729ba594d
3499 c587a4cc4f6e9860
3500 80e3734d3f174226
3501 e1b82be10f876194
3502 fb9ea1a2beb1ff80
3503 2080832d02d1799b
3504 ae3601a8302ec9ac
3505 fb59a0340a7bb8bc
3506 a03c18247f268885
3507 e0f1a69f0fdb5b81
3508 e19b2941d4359b95
3509 e4ab2701710f74e5
3510 d743bf0e60955658
3511 24a364ac089c1b38
3512 2ea737d931061d88
3513 a20876720a20f137
3514 b82e364cf3f06252
3515 e0b9457a300e9e1f
3516 a67de750fbaf88c7
3517 2bf69318b10d18e1
3518 96b956b6d8b55374
3519 8937bf495b7d1ef1
3520 e3f1935607d159f2
3521 97d82c08331206c7
3522 b1a473e05795cb18
3523 880cfe94c86616cf
3524 becc5b7b6fba5ae7
3525 100f10bd2b5ac5e9
3526 7a590efe37ff4263
3527 c1ee8a96ea070e72
3528 46b0f54ffa6a3d4d
3529 7a3697d43e30b30d
3530 5213cc2e343b4e66
3531 77193f0efc9c1d05
3532 7edd28772c852b58
3533 12ee3f173613199d
3534 9ce8141f29f37854
3535 7a542e4153713408
3536 eeafd03fdd1ba647
3537 8b8755892d70d977
3538 45d43537e7edaf0b
3539 88c4c3c4d96bb193
3540 407f67eb58b71d1f
3541 1878a42fd259a4b4
3542 431a69788ff966bf
3543 0ebdbeaa51acf871
3544 8096998453e6fd84
3545 aaa2b3d213295a8f
3546 bc4691a1513032ae
3547 d6741ee4a7b67234
3548 0d5d35373518859a
3549 f3398daa1f129c4f
3550 042b51e04110e86a
3551 48f5d00d865d6d17
3552 e974bf56234a1dbe
3553 61b0fc01e9c15105
3554 bb08351c2ce86b46
3555 5fcac277290ad25e
3556 6cb7251f61b883c2
3557 95ad5201778b48f2
3558 6c4792d6358e8f32
3559 7ec3b03f17d1966a
3560 fe5473479ee26ed0
3561 1acf29f36d9c7fd6
3562 73d5029c9e43d2fe
3563 135bb2e4a3a8ebb6
3564 db96041f9a106a6f
3565 62a2bb255cea6177
3566 1a344565a127232e
3567 097bedb1d7cdf7d9
3568 0f8b1fa80ce4bde3
3569 8db5333c5d8347d3
3570 f59ff01e6e6f2d1a
3571 d8b27b6876a76fba
3572 4f515fd1b34e5aef
3573 708ddbe4a90c2882
3574 a5982c27ecf66227
3575 6795826db151c69d
3576 32db18c5d1cf90e5
3577 a71d609db9b698ce
3578 2fc522ad87ae5898
3579 7e792c3846734367
3580 e51479580ba1fe35
3581 d74e4d4b36de1efb
3582 d679edc30bc18364
3583 0b9b1591f23f77c6
3584 fd439e23223d235c
3585 ef9ee7c626c12874
3586 2e806b48aed6b6a4
3587 228759310e323d60
3588 1f3f96c7a2de7ce9
3589 009b3fe21974b614
3590 5b1a54820954f361
3591 9db655257a03300c
3592 4e391b041d49ad76
3593 21285d1dec131747
3594 b15cfeb1cfde9273
3595 6bc7eaac514d2e1f
3596 dab306e852fa2e65
3597 303a1492aed4c80c
3598 d299126430303f09
3599 03ec401c1e1440d2
3600 0899bdaee9ea43ea
3601 2f395e8eba485f9d
3602 4d9891e989cc5cb3
3603 9352a50a53129186
3604 429d8c4d33679b1f
3605 f50ea864f9877ac3
3606 0d0cc6dc08cfd22d
3607 dce21e1cdc4b1307
3608 7f71a0ba9dd8c4e2
3609 313177e67999a170
3610 1dd13948c7e14582
3611 8befabf175fafe54
3612 96de0aab979609b5
3613 ac1bfd21b39c2e6f
3614 506eaba7b704e378
3615 5716758fe6d45825
3616 bd9850ad021f77d3
3617 96edac745ac5bb3f
3618 281b276069c313d4
3619 36f45daee384cca1
3620 37859ac543ec4590
3621 b3582f6c3591374b
3622 0b3a0266a761fef0
3623 072a5f638d756197
3624 1f00b89b2715c2d5
3625 de631668c23094bc
3626 cb35bfe0319fd674
3627 bf814c6929d3721f
3628 cb484a94645629b9
3629 9025fd48177d974b
3630 9eb6088e22aab3e1
3631 9bcc4b5436f884ef
3632 e297818d55555145
3633 1ca5797b2073fd4d
3634 d827f1be59d09735
3635 70bdb7ddc4716ee4
3636 7035fa0e76b352f9
3637 3ba935dc34221ade
3638 f4c1586e4de63bd4
3639 84e7797ecc009f88
3640 1d94ea6b87e73a16
3641 6dbb63f95836ab54
3642 4deef5e1d499da06
3643 c778eb857818df87
3644 f59af27615517c5a
3645 a0f607960a798581
3646 d4eeb637627d3039
3647 d0278a7c733bbf66
3648 66c4b43b9d10cfe9
3649 faa60764e982cea2
3650 e6a5663d888f8984
3651 ac9473b3e190ffdc
3652 97f38ff59348e5ea
3653 120fe25912f0dc63
3654 62d4a2b52c420d20
3655 2c1f937ab97d9f30
3656 567f1fc9f08b301c
3657 a2c3bfb5a33b2a7b
3658 5077b966dd468550
3659 1531c69e32627ce9
3660 babee5095e83667f
3661 523528d429e18b76
3662 fe4b64345ce3bc0a
3663 0fd644605041a9a2
3664 caab5388a9fd7dab
3665 f2fa199ca1da7eb1
3666 0e8ad83abea4813a
3667 3f17cf78f0dd6249
3668 d84112ae64aadb69
3669 cd9fa1af3e8b7020
3670 ae2a2c0a153747d6
3671 6fd187b1c6cc4c8b
3672 9f0508f7e655ef4a
3673 69f909337a2f295e
3674 c0e16d96963db6b8
3675 4de97459d588a46f
3676 6fb789646dd30d28
3677 2d40ed58e320d143
3678 d4093620cc638261
3679 97845b2c6a9146ca
3680 679c598745628ebb
3681 40723fcd3c272e45
3682 ae28b179778bcf85
3683 20387a3b4ef6c5ae
3684 53e0e4b78053714c
3685 1f9b18ff296b9def
3686 7ec2d77f2de07495
3687 fc632dbe602838a4
3688 5547e70b1da05c3f
3689 20226a57929844ed
3690 d857d1bde1a1c6e0
3691 5d46f72802d6da50
3692 ad15f69e6e7a6139
3693 9d81a50a92ee6e3a
3694 7a11c1c6cf750f3b
3695 89f893face8d7361
3696 356ec49bfae31b06
3697 e9e4114208dc4135
3698 85a71b1408244e81
3699 f9d253ad8838a6e4
3700 af87907c036f864d
3701 0aea95c7156d2452
3702 dcc3d1a2205665e2
3703 9e654608a62117bf
3704 9b34ed105242b8b5
3705 cdfee776a3f7886b
3706 503ed97fc17d65ae
3707 042f2fc5f1e5f5d6
3708 0d5b2470dbed4646
3709 81ea02cd538901e2
3710 40efe2ab973c5347
3711 7b111bd4c8c809a8
3712 e96f812302765a47
3713 764587c6cb29169b
3714 6d1fcb247721c0e1
3715 539c1cb0840cb4d3
3716 2f7d31074bfb78ba
3717 02a3c7d0338f102d
3718 1d6286a3a01ed0d0
3719 82e3da111a55fef0
3720 1511f2eb48029c37
3721 075c567094042412
3722 b5f62e90d291fb3f
3723 99c2b627aebd807f
3724 a49fba72c42f0970
3725 67d1277f30032cf3
3726 f394fec305625cc6
3727 e6fe7f5f25c54799
3728 64ed85412dabe76a
3729 a6de062e0854649a
3730 a5c5799462b967ef
3731 abd3349c09eb3ccc
3732 26020801cc0a545b
3733 22df0f78aabcb2fb
3734 c8cd7f647ee84364
3735 bb929a6ee26a9bef
3736 894312f22f1b9120
3737 a8aec5f3511f3dac
3738 c8efb54f61381fec
3739 9964307b632144ea
3740 d608c430e0fa44e3
3741 627467d6ba3a2789
3742 259cc9c29d84aa51
3743 c66125fe20dfa12f
3744 e8d35f1b931193f5
3745 e0ac8a876c7c66eb
3746 05dbc053a50eb4e8
3747 e89ac3fee10baef3
3748 c723430fd4eaebe3
3749 60e4e15002e7f9d6
3750 a6195bd4f8069e7b
3751 ca03ac6c06d82d9a
3752 4ea1370bb8a791df
3753 82fa389a1b003d16
3754 6bec3e737f479616
3755 40b84c272b4cc2a5
3756 9aee394c5781a683
3757 a2894b356fff71a2
3758 f9b3b206a62e0752
3759 facff5f3e31a9f5e
3760 20af55ff75905d02
3761 1b2e0259252624e9
3762 620d42f4ce321893
3763 70cdcb54294c3d85
3764 73da8e04687f3577
3765 808bea6b18b8dab7
3766 a823bf12c04b945d
3767 29adfda8f8908af2
3768 0afa6edb52e1cd4d
3769 662d0f6358dc0503
3770 210c39abdb30ec3e
3771 38827d1e75b54382
3772 fa2e14207441e795
3773 7d7e35f3de69bd2f
3774 2100d2d313f70513
3775 46abb6f98e63f0d1
3776 c050a7c4874b689e
3777 e9046cf3c99180d6
3778 5c37f3f0aefd982a
3779 c57bd8fb24d8c41b
3780 7121b3597aca3fdf
3781 d8d8fff9d690bb40
3782 87fe039c6b541f79
3783 cf1d65ad452c4539
3784 5aa4d41a8c73fa52
3785 c630405db03d3dbe
3786 d8e279f29bff6814
3787 d44abca3934d3a5b
3788 2c6cb6fb595d02be
3789 4c26a23224fb2cde
3790 c8ff46e9906416fe
3791 d03819f2ee0bacee
3792 9bd5b27988f013fa
3793 5e60f68fceef858d
3794 54fda697b39f0180
3795 e860e691d1cb6786
3796 f5249766b4ff3c56
3797 95aa234d8446c46d
3798 1f3dc1e685716e53
3799 4c12db1964e64b55
3800 3c1552b7c992a720
3801 b48fe7fe2817eb6a
3802 8335618ac7ce38cf
3803 eb5eba5b3dc578b5
3804 99912060215e679f
3805 614ad752eb2d2023
3806 98194374d41b78b9
3807 d6a9bc0469cb2c7b
3808 c22ab58d0f615ad1
3809 e93a3e139eddb636
3810 dec9ae6a13f97452
3811 70afcebf8a2a7166
3812 385d274ec2688f53
3813 f14c01b1acf2f275
3814 966e6aebd48ba34f
3815 ddbae25d2f28254c
3816 5e8a53c300c3ad49
3817 c49733ee105cce4e
3818 bba9a3af7a24684d
3819 89915ad35bdec6a9
3820 6863395beaf134de
3821 774c1d5823a47322
3822 eafa130d8055b489
3823 035fb23681e05203
3824 235a2bdcb27cb1f0
3825 a39841dced971bea
3826 9cb7d987a59e042d
3827 0a606b2b7a7693b9
3828 176570267b7f4261
3829 c144ed89c5541948
3830 ec5919c1093c4897
3831 2d209c26aa6aa417
3832 831ceba64deb9d24
3833 5d581753e98129aa
3834 9fd155a302c5fe26
3835 4532d4f407944b43
3836 0ba0dbe0d914ab28
3837 110e9fb2a8bab19c
3838 5751b21f3654f933
3839 d02f08ef0aa20ded
3840 2b3c8fc97c412722
3841 d474addb49c56eea
3842 ff24aae2ed0d2c97
3843 60726627f26db1a6
3844 623109977a0348a0
3845 cd6141e4b2959feb
3846 73e20af3372164d3
3847 84406186f1d51b3d
3848 67a9a5bcce98ea74
3849 88054cb5828f5480
3850 b2ca8bf787ff1024
3851 3ffe257f3e5a34be
3852 308c2f11c8614de6
3853 f407f537972eac6d
3854 9cee680e1e22ebfd
3855 8eb6e0b870d72200
3856 e9cedb15290320d0
3857 655641bfe0552785
3858 cc531d0c056c41e4
3859 22382ab7aa1ac4b5
3860 33accf705d6598b0
3861 f2970a591e2699f9
3862 27af655704b667e8
3863 dfd6569b2cc6bd04
3864 cf522c0a8627f826
3865 11ad54577e265196
3866 628e3d22c1e4c6b5
3867 e57702c648ba02ca
3868 0849c7a8494e3e3b
3869 712a5af5b2f640b9
3870 d73360835871ddb8
3871 0e636ddff93f8679
3872 32f714a8d7d4f753
3873 57ddbe71e7edb226
3874 6970e6e1654864c3
3875 59c364e6205ee2f3
3876 e02238b5b4b76dcb
3877 7f5f787adcbf62f8
3878 8f8b1a0dacde4992
3879 9f3dab49e05cda19
3880 747406952ea20987
3881 e7e5f65d32b6ec86
3882 183f8e6ff37b7cdc
3883 3df8d41fa2ec928e
3884 5ca9024bc464c18c
3885 2898a16c6d79b720
3886 3f3837a05c08f433
3887 513134b5d26a7c89
3888 29f7a0a97e520846
3889 2a3abf3c4dca04c9
3890 c8a7f2272fe5f223
3891 2aea9a5124881f1c
3892 a15466e48ed3a37a
3893 9ec9528fa5a738ab
3894 a546a593dfa44335
3895 a0ee37b863bdb5cc
3896 3ec334e8613cfe3d
3897 e5b1d59e992ef04d
3898 0cad9d4806a3b18c
3899 9d43e62253bff902
3900 2216f91cb4a068dc
3901 faf955f56d8a3f38
3902 df86c8f8b33f00ac
3903 26a1acf53995ba9d
3904 a23a6345c87d0c7c
3905 8125be0f705e0969
3906 6b7a8df3449cb986
3907 24e77192aee36433
3908 69a8d746649abc59
3909 6201f3e557a88aa0
3910 ac897c5bf03506a4
3911 24ab80dbcde6f4ce
3912 3d9db0429dd3bc3b
3913 60bed3bfc2478271
3914 330458a39586caaf
3915 194373b871563696
3916 4f39bdb300a077fc
3917 bf40ac0c88b11c89
3918 216cfee801e32178
3919 22364643079e843e
3920 e1d800c7e221b02b
3921 701240bd7b11e330
3922 bd51924039921a9c
3923 882e9221b3525899
3924 10067c00e5baef2c
3925 640458f4c20a8da2
3926 67dccb38ac1f36f4
3927 0175642b68cae705
3928 5e735ff4cfe2bb96
3929 63a4564658e3170e
3930 bc8a7d17222fd28d
3931 d8c2b2d0c1b6877b
3932 8f0d40af21dc2151
3933 0673d190762949cf
3934 9e9fa88ea9cd14df
3935 6448e34b8e20c3b9
3936 3add6086e3bd2a2c
3937 f9d8200c8b7dd1a9
3938 f028e6db46a91c77
3939 dbb4e6ac27456c5f
3940 96ae0f5138911692
3941 368c832f77ef1b2b
3942 0ac2abc7557a84ef
3943 733cd447d10c1a48
3944 7fd05c70a34de76b
3945 174c02989db6cb78
3946 459666a63ed8158d
3947 f1c776bb7caa6feb
3948 59985a551256bc9e
3949 837dc446037f6d10
3950 f73d6abdfc1db3c7
3951 52d6c795773c5644
3952 2926ab2ffdfc6a71
3953 5c7bbd2fc70c12e0
3954 e40d2daf67ce1d7d
3955 a0b21d0c4d3a7023
3956 6ca10f0fac440047
3957 2d5c7799d23d865d
3958 6a61e01b0fad29d9
3959 f008a72049a9e14a
3960 e28daa1adfcb9f72
3961 eaf9bf4d014b152d
3962 e88e977e67b874de
3963 8295e2a846b542da
3964 08f4725d8847f19c
3965 296a20cdf59f797d
3966 c317190da7864025
3967 6f3276050372e007
3968 c491d3f3d81f67cf
3969 ad031be715d3defe
3970 b98c343bfa49dbde
3971 8b42221a6547e4df
3972 f311c6a068fcbec0
3973 cd95ff278a0c0a43
3974 bdccb67596453b6c
3975 4fee535d41110777
3976 6002b18e94b009b9
3977 a82df7bc444b01bc
3978 bca06f40186eab1b
3979 97e767144ddef6b3
3980 8fe067220448033e
3981 4d20e66fc4ae6c4b
3982 bd3a6d3db4a9a2d1
3983 99aa900bc1281360
3984 a78b7bb634841ad4
3985 5aa34a2ed7c6694f
3986 5d9954c57c33ad6d
3987 2464faed6c8e43dd
3988 04680db7a2996985
3989 77493a332268e732
3990 3e4bc51ce0b03b1c
3991 762e5e3b584dd408
3992 2535b10da01c1b2b
3993 53d839e5acd37020
3994 e94a7bb653cfd046
3995 4f8f39df9be6b541
3996 d9e41f9c41360753
3997 533815073a3dc661
3998 0336d52263f0ed68
3999 a84da4406bc9f5cc
4000 87de6efb1220f6e6
4001 c20b8d8d1fc13540
4002 cb0048aa592a7c34
4003 915b0dd0c839866a
4004 0c15471840642975
4005 02c005ff98e41f28
4006 878c5ecbe9897097
4007 bdef74bdd2e55c63
4008 e2c8fab8e90e8690
4009 6cbcbe3f9805bff3
4010 92214d47e8514df5
4011 c78fcb883d344327
4012 0f818386107a4a7a
4013 eb1a508f2ee845f1
4014 20de666a290a45dd
4015 63e4c3d0a4772774
4016 15a205f33271b006
4017 73172be7300c9afb
4018 4a7ae5959b69b2e7
4019 ba9e06b167957c68
4020 0e1c7e8ddf7f439d
4021 1a517374ec85cae6
4022 94c54211bdc53a26
4023 4584874db2df9ba2
4024 8c8f830ede3ae3e4
4025 3324e2ba38c0f55e
4026 ca5191ce5b3ace40
4027 4593a015812546ef
4028 911f2f9203b94b28
4029 d2b89bd5dc4691c3
4030 a75d55ad118699b9
4031 20b967d7e9ca0e1b
4032 87e225685fe54fc2
4033 b9786a70fdd6d627
4034 6c916c50fb00640b
4035 997b09f42e98dec5
4036 2f484ab80af2418a
4037 42d7ec175170a266
4038 efc56407de543d5e
4039 653d2e771a3f3b8f
4040 5c31d8059e3140f5
4041 537e235378bae36c
4042 66622e301550fa27
4043 8ead77fc4fabc9e6
4044 8a6b9b5c7fe295a2
4045 e73ea5251441614b
4046 032c9ea8c9cd017a
4047 b05d887e15d88a5b
4048 048a560bd4e4f1d7
4049 a7a61d18d5ece8fb
4050 760947b59025391a
4051 39ec907c1cec4bea
4052 9d815628bf7afd94
4053 30feeae31213bea3
4054 f1ffa85bcb2c45b7
4055 0d86713f15dc59ba
4056 6d29e65c40b5a7e2
4057 e2103727aeb9d77e
4058 09d14a6ffa8245b6
4059 1173c224f5460539
4060 0ffcae28e7bec5ab
4061 7535dfbf54bcb3fa
4062 740357daf6165d00
4063 6740a76fd4b34941
4064 cf37a52bb41b199d
4065 59338dae86a01671
4066 a1e69cb726bb5d4f
4067 9e0b06d7e56f0a7f
4068 2a30cd3e6a8cccb5
4069 99481ab288b19d6a
4070 e5aaeb016592f6e5
4071 769f42c5c2510166
4072 e62119affb18c6f0
4073 28af7dab8afc77c8
4074 7db9f2a362eee29d
4075 e483097e3492f473
4076 842d13d50a4d95a7
4077 77964cea287a4f04
4078 35820a18cbf5b522
4079 9229833254f02988
4080 0e15505166604517
4081 7c11d342aa67768a
4082 2225afa31de8113e
4083 82b9408dd8501acf
4084 5fee157d78d81ab3
4085 69f7776f34b912ef
4086 22bfc941e8dc6e07
4087 431ec42fd176cf07
4088 08edb7741c73cbfd
4089 67fd13c24ea21028
4090 30cfbb5f0786546a
4091 96852ae3fa1d911e
4092 0b04ad5649623751
4093 fb4f0319cd36c474
4094 6e103ebe5dc2e6aa
4095 cf82d2b4f48667e6
4096 4c065c31b7e20dca
4097 f237040309a2e4ce
4098 3540646e260cbfb3
4099 6ee640f065ee0818
4100 e31aee567da4b825
4101 c19515cfc4cfa5bf
4102 ba75dad3e82bcd74
4103 fbe4962a1d2ea48f
4104 1fcef694a51b822f
4105 9043d7605b813e25
4106 9e12caee47280225
4107 0fa0909fd56802c4
4108 a3398f272808359b
4109 2c8a42032be52575
4110 b9133f462ed475f1
4111 58896c4581ad3975
4112 8e26a1a01e3a6a4a
4113 841cd5146ff5cd28
4114 f5832f789009e2df
4115 def8ed3dca020b26
4116 84358347f1d1e186
4117 c872354c4bc4cc35
4118 9687dd8184c61ad8
4119 014c9ac0b328407d
4120 ed91eba6f7cf0b4d
4121 37e38300ae6b6e30
4122 dd27679d53f17673
4123 44c7bb37f9fe2c54
4124 a276fec0ea2da124
4125 01b9f21918f2497b
4126 0a9340c00d56be8a
4127 6614757ab76a75ce
4128 f82b3b127ebf672e
4129 074cab61031b316b
4130 4ed8d078eb08b3ec
4131 af8260765eed1d4c
4132 229ee02b43cba871
4133 3b3ca90d7ff88e7f
4134 cb8b9a6ab85eb992
4135 a34a3658f87aec7e
4136 b663103f7f90dcb7
4137 4f5309e271a6f19c
4138 a95423f7ffb82b91
4139 c6893a518cd91b70
4140 4daddf1cbccbebe5
4141 c88b4cf0539bee44
4142 f9b887032ce5baca
4143 1c219fdc834b25a9
4144 4a97592c5a8e6272
4145 bbe6d6c881912fc3
4146 6cb5c99cde27cd11
4147 84c04512af7c314a
4148 69d4a4d8c7e4662d
4149 ec31c1fa008720e9
4150 e69f85452fd6ef11
4151 56db5dc57d063167
4152 e30096c516bd355f
4153 e995e0199c84d6e6
4154 b71a3129d7919137
4155 13b3df9940d0085b
4156 1468817f8e2a013c
4157 a80711ed853770a3
4158 673728231246ccea
4159 f2d5dadcc5cc091b
4160 7377a9258990d9fb
4161 6e730b3a95833535
4162 d7b17bfa6c297957
4163 55397346cee55197
4164 173667292b51c780
4165 dcf6ec28613b050d
4166 672d362d2a13f926
4167 27c40babb9865f3a
4168 054118ffb8b095ae
4169 fbfa236dcbd67e8c
4170 84830e8ebc779b3a
4171 8751e436ee3edebe
4172 b16c23bce9b8eec8
4173 dfd840c531a709f8
4174 92f61ff491f17d99
4175 449e004b9b8f40b8
4176 bbe1adc9d188555f
4177 5068b1d75be765c0
4178 df093ad6ef9d6b65
4179 e9523934e44738ed
4180 b1ab18d09f48b212
4181 0ade7e8416d0dc6c
4182 3faca2072a53c484
4183 c1ba35695eb8870a
4184 c902412a6a5b07c9
4185 f4a643b71137435e
4186 b118f181f265f8fe
4187 85d15a9757e39530
4188 a4885e7a1e858df3
4189 1f238ba01d8e4cec
4190 e26e623658b4bc9a
4191 a67f0b4d45108061
4192 c687b60c80b86e84
4193 e3e17ab427597250
4194 061bef87ff5494c3
4195 4ac0101da6e1bfe9
4196 00c181bd193fb773
4197 a95ba0738271b4f6
4198 2b782342e7511223
4199 434f88ba20f6b5b7
4200 4bf9855265facf35
4201 da878e110f1745fd
4202 d02dd63b188d3cc0
4203 978a8e46cf7f04bb
4204 f103ee0985752f01
4205 5d5f725f47f5a477
4206 5fdf30f0d5db8cef
4207 4280045f37ca0c30
4208 1b97e2b60ebf6099
4209 9a87d8650f813dc0
4210 71e0dc859d124838
4211 d18a52e56382cba2
4212 37f157b73ef16076
4213 79c873b942e26d2f
4214 8d3108a9827e312f
4215 33d2a4cc214c578c
4216 dbcca7435b054832
4217 19dc4d99f445a79a
4218 22b976cebb6a997c
4219 2e402457eee6b099
4220 54dd720cec768ebc
4221 1e956cd38b4ece0b
4222 849075d4a25e6211
4223 f405f0a5c29073d9
4224 0343111c1b36030c
4225 e06f1cf8649ab9d2
4226 072ef20a9d6f60b4
4227 ade7f390f17647fb
4228 cd97b84f1f165312
4229 8bb34a32f07e29cc
4230 914855ae5d389792
4231 ea03adbf6bd18ee4
4232 a69f7385a39145b0
4233 92bbff2971aaa1c8
4234 2dca24c4a9612344
4235 e13724b4ea9ff8fe
4236 0df97230124bc053
4237 4b94cc7928a39a55
4238 68597d4abd00e69a
4239 e80f7b426745730e
4240 908417c1a479d0e6
4241 c33bce314b2c0083
4242 8311162f744333b6
4243 46737aebe73c7674
4244 f5483a491df39fe2
4245 d4b639a141fa3535
4246 c9010d2956f42b53
4247 375dd5f6ad50222b
4248 532e3241d6533d0f
4249 677d3d44eaa465f5
4250 dc35d5bfa9f91606
4251 ae9590f98275857b
4252 4ec8baf41f9120cd
4253 f1959d35d747b65d
4254 0656a5fde142ada7
4255 fbf181e1e47dccd1
4256 8bc7f9101caced81
4257 0ab69b241561e035
4258 16603bc338b92b8f
4259 962a4d7096239839
4260 5a21ce291f30eae0
4261 91b3cc6e8b170db4
4262 5016f78af3d4f688
4263 2e20546e7d39e152
4264 7478149869de9d2c
4265 41bacaec9fc2e258
4266 c1077cd7de42c1b9
4267 0b6a053b45e05319
4268 a108b2a8665c9d54
4269 ca09a9e273569281
4270 cea6183adba2eb5c
4271 0f0c35c8c92423be
4272 6ddad5847d086e32
4273 237c0bf78aad7c36
4274 b497606b4615c0ba
4275 8451fb125fde92dd
4276 0984f787b7afe7d8
4277 136d8836ce5bd88e
4278 ae54c973c1598fd8
4279 710fd47826836cff
4280 effe320546b86bc8
4281 9f5491fb6971a746
4282 f8a41378c4c89321
4283 661fd7cca1049568
4284 7f47ab733b76795a
4285 0ccfe73137ea775f
4286 0e8b1ac6df855fb8
4287 82a6f77c7fee0924
4288 6db88b705670cd09
4289 1b7895f87bebdeae
4290 502ef9db1a035cb0
4291 bacdc1ef5c8ee809
4292 c2c7bd3004c02ab0
4293 8c74084bdb2c3f96
4294 e3c4df0ec87c02d7
4295 c111d2864fddf256
4296 7c2a58b9ab6c4883
4297 eecf02fab1753ea8
4298 e69e24aa6dcef1a5
4299 15c9635069be90c9
4300 7fb80bad309fd812
4301 f0ddbe259da91bbd
4302 4f1290a66d3b85aa
4303 ad9c98c086842d71
4304 f67c6a0f8b74d9b4
4305 1a4629d600764019
4306 0d6700ad1431d982
4307 58becde24e76b8e7
4308 f3f2b80243eecd6a
4309 276be1d809e100ca
4310 bd3bdc1e990c642f
4311 7f5432f13a1ed5ab
4312 b44cd29a596f9c92
4313 813be5a1da2df62b
4314 b09091f5a3a2fe59
4315 0a8d678a4d2cd125
4316 5b22ca517d023459
4317 de9fc458b0022233
4318 f790b64c7f2d3a9c
4319 7c2e2775c330dcd5
4320 1366657c2c07a288
4321 ba364f7453c4e499
4322 82fc3f4438d66cf4
4323 be12575a8559c2a8
4324 63be61e24001a4ff
4325 94d0500119f4be84
4326 95570a4c54c9a4e2
4327 1102806f2ef5659f
4328 4cc7c6a3964ce7ce
4329 0371fcf9a6c6b267
4330 fd5eceb3d6f1f87c
4331 a76051c7c3b232f7
4332 51a649863c534a48
4333 7e9b794490843d78
4334 aa7a0eba0b9160d2
4335 5c6fae59d687cb19
4336 46c187e8bae5d0dd
4337 b536fac8f13fa326
4338 97091b7f6dc26207
4339 56a3e35b07616aec
4340 0b20efad7d899320
4341 46dfdfd8d8e398b7
4342 5e31fd5ba4a8f85b
4343 3e60cbadddba232a
4344 0c7053b99fc8d95e
4345 0c6850936ea3c7dd
4346 fddd9900bc160fe5
4347 e0c41f112fdf2b0a
4348 9fd0340ecf6899e0
4349 3e643e41e5c0cafe
4350 99702fda5a516ac8
4351 9440e431f4ebddf4
4352 35ac76fbad1e9444
4353 345620bf4d316e87
4354 ada116941d392ed4
4355 845aadd9d65823e2
4356 d3a9f37312471eeb
4357 92d98ec6c5852e2f
4358 47fc5df112f1a892
4359 ad8ee2f8ea1b5bab
4360 0b00c00e4566ad65
4361 2350a4455a520c53
4362 eb66188360ebf8ec
4363 375580356462bf08
4364 9c4eaa55931fa5a5
4365 795a9a91a20b7ca7
4366 7c64612ac363c5d8
4367 77605c2cb8a4ac17
4368 bc5955e00891e0c6
4369 22270738f2e507b6
4370 17e737cf863b0232
4371 7944d2b762e8df9a
4372 07b122e57280322c
4373 4d04c7ca4b23d79c
4374 2bd2227857cb4873
4375 faa2c627261e0df0
4376 b74929c7577c784b
4377 f83c065468f1310c
4378 666d51a01e2dd978
4379 788e9c8c4a1ab510
4380 018eee18d20b4a0d
4381 f6b66a9ef261703d
4382 70a1d43fefef7b57
4383 afdab37f6ebf95da
4384 c7596e9efe90b88d
4385 fc467dbc0e53317f
4386 3785902968e820ab
4387 f2d7e5573ed5328f
4388 938c59542edd5783
4389 318ecd84140a2a47
4390 4df48d716da1cf85
4391 45395eff30d01a79
4392 05a22415b81093f3
4393 b0c362b46b7e3250
4394 ea6d62da13753b1c
4395 ca38278cfe3ec4fc
4396 3f971648d0fbb900
4397 97c1900ad0ef4aa1
4398 0cdfbdd165e6cecb
4399 148c07f05c0bf026
4400 4bf71f316aaaf924
4401 3fbd1b746ace0529
4402 c140bd37b7d1af5e
4403 4835cadb1f970b5a
4404 9c768cb8c1919ada
4405 dfc72ca4495694f6
4406 f177e525c0f98341
4407 d9b406c4aa188266
4408 2e61e447988f9d6a
4409 455032a9bce048ca
4410 01e2931a150354f9
4411 0468346154caa98f
4412 0d200aef5566ccfb
4413 6cbae4f85ef54fc7
4414 df2bb6bb04a28792
4415 efceb4f1bb0f8952
4416 193c92da1729b19d
4417 46cb5bbd78f8f8b1
4418 7d0db3e960453a4f
4419 74d7c9222c974b78
4420 37de7f7363fa3eb0
4421 aac0a6cd482ef190
4422 8720fd6d06c7a6f3
4423 5da19d9ad99fcbaa
4424 94cb842ccfc7ebaa
4425 fc8d7bda5076ad85
4426 3e4e1834a9004116
4427 e44dc8ea99a32808
4428 0ac8fcb3d3e75dbd
4429 aa0929f9d169c77d
4430 27969dc72e9e7c45
4431 b243afa310436aa6
4432 cadcf6e3c4a78193
4433 e7067f3f6af7d9d6
4434 7e55f9fbc5b2383b
4435 c8a6d0d9cf7f2dbf
4436 d16d8e1f10b77665
4437 330b30b40ff1c5c8
4438 78ddd9d5f5f55050
4439 e223f42cb8ab3145
4440 e9a67344e8a1b3fe
4441 e7bb15c19d2c05c4
4442 aa7811ce41a6cd65
4443 c844187209048904
4444 4ee5a5f96ea94b19
4445 3ad31221ba07cba4
4446 ba1df185c2f76897
4447 574a7cd62adbaf99
4448 709b8c810534e262
4449 d1fb7c458e110e35
4450 095d699cdc312731
4451 09c8928ff1f48c03
4452 6d115d51df8d7127
4453 267f7e70f43a9b60
4454 bad6b1dc649a4963
4455 c3ababbec615a7b5
4456 81d7acf46f599fc1
4457 ffd99291459c711b
4458 9462e20f7a99b457
4459 479d6a4fbf23a488
4460 631f8dff864f235f
4461 35b46172fd341f0d
4462 6ffd7b498e6d0bc6
4463 f350ef0ee0236955
4464 a2ad0f46ea5d848e
4465 04736f0df6a0fde6
4466 b542ef871c481eac
4467 beb59a938034e35e
4468 4022bdbc1e57b9d8
4469 ee1aca0523b2754b
4470 32e0b6641c40080f
4471 36d124af4db4832c
4472 5c529cfe5e338f75
4473 b9bd203d470b7181
4474 6c67512a1b0633c4
4475 07fb6a0a3a4b9623
4476 ce562271e8778046
4477 474cf7c04b85226f
4478 368a1dd7203e9ad0
4479 60a42ff974852bb0
4480 31bdba4189ded389
4481 3ac18f8e32621134
4482 e0f4f71116bff203
4483 32cb83e69e7ff27c
4484 08760f3bf948b5dd
4485 78e533ec8ee97726
4486 b3336a017e3e9f8b
4487 0a3633848f2dbf58
4488 353587964306aaae
4489 7e75c581836c6769
4490 be5ddfe7f6496b8e
4491 43a30fae8c77c046
4492 da87858c633c5373
4493 6c873fc354f76dc2
4494 eeab3557c35e3e5d
4495 d6ce9dfeadeb67d2
4496 fd94a70a5157ac4b
4497 64e8b7254667139b
4498 6f2d1ffe285b1b2a
4499 f3aa3799acbb1949
4500 f4b0509beabd202c
4501 9c87cef09ba4c7df
4502 35c69abdc5119ff0
4503 3ac1ae40d48aa8c0
4504 2dda5ba3b10b8b1d
4505 dfc9ef3fd7ea2e2a
4506 cfbb0110facfffba
4507 8bb31b108105eeea
4508 049fcb00233806bc
4509 4673cca1e36117ed
4510 f21710d1e4a51f43
4511 9b8cb8fca97f1c9a
4512 32519eaab9892256
4513 c881bbfba8736357
4514 0a7b0ed4d8e46a59
4515 3e6ad2bcdf395f79
4516 fb4ffc9dca05e89b
4517 dd9ed9e78f362435
4518 edad211ffce69c2c
4519 efcf923523ce2d74
4520 4476b2cb07161dc5
4521 71d22902adb6449d
4522 940963ef6d3e0bbe
4523 a5653d13b092a395
4524 6e9a9433b136b59e
4525 2e84a6bb14b5b21b
4526 6a1b009d09513917
4527 60436f8d20edfae7
4528 ca1e9c65d82d425c
4529 0af49d7604a6e891
4530 7ebbc5806ee700af
4531 4cc59892a63d7185
4532 4f9b7b2f1d0bbf62
4533 103a3009c15256d0
4534 118400ac96da2305
4535 19e9e16bedf99114
4536 057b6f12a6420b86
4537 4534a9855f0ba0a0
4538 2ee7a9646c745f66
4539 33bfb1a9a50f0c1b
4540 dab81c7d42fec0d2
4541 b0329359464c6014
4542 1ecc465e9602e0ed
4543 427ba262cccb4c84
4544 8dcb050f79a6e964
4545 bf8b244541fd2e6b
4546 534bcdc04cf67839
4547 ed056d59e4b8a4d3
4548 3f2ff483a828c67c
4549 b5dbfe3e12961ab7
4550 0263390a10a14573
4551 b9007bd0f04ea45e
4552 e1ffa195290571a8
4553 0a0ea4917a46766d
4554 90449bbe357aa6c6
4555 9526490177d8a005
4556 2caa6e3f97321863
4557 fb52f255d5959fee
4558 1aaf13270c5770e7
4559 a1673f6513efb7c5
4560 ffc84e7ca72f0312
4561 a52cf4360ca1b46a
4562 08c22b00717436c1
4563 5bf0b84d37fb40fe
4564 e4d2afeef81ffe9e
4565 16982649fa5d19fa
4566 772f38b8abcdd4f1
4567 d3f8948402e42b9b
4568 e9776bd0da117126
4569 042b09e778431e83
4570 aa7bf2300cc7a640
4571 eb045f6822f4874f
4572 1f5c8806c61b60d9
4573 69f143407c043a81
4574 ac7940794d662d19
4575 520e5ea8ed191c48
4576 9dd4addfbf8e742a
4577 e8fbc3b7ebad9a58
4578 c73a68bd8fbfc23a
4579 3d1b1a8944b92142
4580 850d524b4e4c3488
4581 f5a41802c6565062
4582 40076d02e29d9537
4583 412a11816af6e494
4584 ac80579ab3c41037
4585 37427382d0c42e38
4586 3d0560bc1f2ac9b1
4587 4b294956b61da3d1
4588 b55eaa0481d63c88
4589 5b9719cf1ab77df0
4590 288292ba8300e501
4591 529379dec9f75d1b
4592 ee803c1e283e113e
4593 cf9a52ba87be6316
4594 e912541d1b079cb9
4595 3c5fd59ebf143e35
4596 817c8a0a17e926aa
4597 805872d6f6aa938b
4598 0bea49ed6e10a9c6
4599 382427afbf8ecc61
4600 7bf414bcd083c745
4601 3304e5cf7c69178b
4602 5df25b0be3fa076a
4603 74e732e99a19bc11
4604 c7335333fcc418f3
4605 f45e2ceef7010bd1
4606 4f76309602877851
4607 ed00ca65485ad6a5
4608 46943949a37eab0b
4609 a7b53e80cd6b8ed7
4610 471fdb4c2c8bd524
4611 2754e984b49e5084
4612 2763b16781d407b8
4613 80603ddc008961fa
4614 ba9c4ad74bdd07ad
4615 aa7933247bdfe51b
4616 7eb16fa8067f5949
4617 55c0f4e4d468c2b6
4618 318120d4ee0fd947
4619 8f6c39d6968f4140
4620 c6b9373903c7b2d5
4621 f0528fdea7ad93bd
4622 651fc1b85cc86f81
4623 4920eda896c9b83f
4624 491e014fc662c713
4625 5ad7f22d9b797355
4626 cc963f324ac7c031
4627 fb59d0d2043d0e8f
4628 da3492cf6c8e4d49
4629 7a4ef840d89d832e
4630 1ef925618f93a8d2
4631 da37d7c12ec508f2
4632 3b3e471be8a838d8
4633 b018581c17ea076b
4634 0d342551fae4ec6f
4635 c17e1a3f401dd999
4636 9e9f5d1d153e1b3d
4637 8cd89fe9dd869ef2
4638 8a29d055f0d7bfe1
4639 46b2d5f8513db6de
4640 cdd843cb0dc8fe1e
4641 6b7e1c27dc29325c
4642 60a3b3749073957a
4643 db6575202bbd543a
4644 5f22bc8d805dfe1f
4645 f2a3688edb829ab1
4646 2dca73fe1263773d
4647 f329cfe2e5cb69a8
4648 8618833e3a85bfc5
4649 d40eead3093e3fb2
4650 e66bcfbb0df880f8
4651 f01af446c12022c8
4652 086a41b29dd39442
4653 198131c985c91463
4654 2b83e5820a646be1
4655 8630168a7aeb4003
4656 772cf3df51725565
4657 26b21a8b31de5ce0
4658 87a506144a198382
4659 d1eef4e7099cf4e9
4660 e0770e91049b40c1
4661 4b11ea714368ed31
4662 0a266da373069c32
4663 9fdedc5813163ec0
4664 fb0bb7ebf9d1f930
4665 ce9c4be5c11b0458
4666 df0ddc888dd76f79
4667 f82eb208f39f2581
4668 4a54f687fc8c0c29
4669 2409d35d0c4f6daa
4670 c1f70e750f68c0b0
4671 ae333d38d58d435e
4672 0ba197a2a2d4d72d
4673 33a550300d04cd72
4674 8f54dcbe422bda6c
4675 8652754dfce3befa
4676 7dfc329c4f582093
4677 e14e0aab9cf544be
4678 5c34c434736344b6
4679 7efceb8853b7a38d
4680 2aa9288b55134a7b
4681 7d25d8869a2efe4c
4682 c8cbcf4a610e9433
4683 64d7a3a432834c94
4684 3c4093b6a76a0f98
4685 1a9a623e8419c51f
4686 98dc76312846dc6c
4687 71e609278f0da081
4688 60994c8d7d479b51
4689 548b74f8c3b39956
4690 6f551b5ed6607996
4691 3f19c2dfeb7f4327
4692 647d9ca2ffdc3469
4693 506b8e991a0fb23b
4694 5f90287c601a2560
4695 cde653e8e5690664
4696 8def4d5b19b111f0
4697 930901e1a7d76a4d
4698 118134d7065818ac
4699 72821c0c2f7a181e
4700 6bd1e1dea666086d
4701 10f1e499f77fcb71
4702 968d3b3697c0de12
4703 e3b462bd7bd42aa3
4704 0da2de5ec792113e
4705 ed0c661e0f8488aa
4706 27176865d0575e07
4707 eb52af9a445ec67c
4708 dc118671043877eb
4709 db82441b9c6560a4
4710 68f7f0809e72a943
4711 a9aa0068434d9a21
4712 8a37b88f28ec9388
4713 09b4646a5224bb12
4714 4e6e464b665f655c
4715 6667e4cb419e6dfe
4716 456cfcd4ff60693b
4717 15c91f3db09257ec
4718 71d5639e2fb55075
4719 50d3ef0b18f65317
4720 db685f962a835dc8
4721 eed6b9867e06da51
4722 c4668f12f8365a9c
4723 0dbb8e2ab547afb1
4724 af55aa2ba3c88358
4725 951a4960e436335f
4726 0a8eec6c6e4b129b
4727 39f6ea17f8c178c4
4728 9a4caf039f2d82e0
4729 6d9e3149c35eba6d
4730 405aae42fea814b6
4731 e9f7efb37c5f3387
4732 232b9a066a512b58
4733 5af406d3cedff863
4734 7f981030e821aaaf
4735 fdcbcd0c6fe7e761
4736 fbf6c26e01a52f3e
4737 991431bb483dfc9d
4738 c877ad43ae1f1a90
4739 05ce264ca07403da
4740 8143442decd4c51c
4741 bb39b03b74723ab7
4742 855f67b93191f183
4743 00b3d2d4771b0f51
4744 43a60232c523ca3e
4745 f3097460cc3eadb3
4746 c1ca4a2b7b80399d
4747 5b9c58e47bea6383
4748 c37286198a4e4def
4749 9684dce106a88730
4750 e024057eedef904a
4751 dc41fca962478f9c
4752 947554da23cf99d6
4753 57f661f86eaaf148
4754 e27ded0edb6e9246
4755 f459e10901c3886e
4756 109c64d37bd543a7
4757 f9eb6c1d55066d20
4758 02f4e5f575529fae
4759 46ce7db9bccf5598
4760 dae1eb74e2df1025
4761 1374c7fc2df90e2e
4762 6a6ab2dce545d81d
4763 60d5966fb81c691c
4764 9db062364f4dbc6f
4765 d2512a82ef4a14f6
4766 f9067c2bb64d00d8
4767 2a80009612a5640b
4768 adee129ea6c45bd6
4769 90310d5b1fac6fc0
4770 370c16e47cc7564b
4771 e7ee2feaf7703cda
4772 d680dbc7b30bda2a
4773 2d9f9dca72892765
4774 43b10d81fe55cde9
4775 945e1658830c0482
4776 4443875822b62d9f
4777 6a8657fc5382d5a8
4778 ee6c1e7b2bf2841e
4779 647b0408c4cc5789
4780 d85bd1adea2ad44f
4781 378b6c896dd44cb4
4782 07b3359912da126e
4783 46ea26e474c2750e
4784 e23390fd6ed57341
4785 8ef3d20dab60191a
4786 ee74a41f86cdccd6
4787 fb70c07d34af8bfc
4788 8cfdb1bb3ad345f7
4789 6eb7ff63bd5a63c4
4790 ab0f80ac56aac586
4791 f6cd6a6438b9b15f
4792 15d725a7bde29c57
4793 b6a7b05daff5ef2d
4794 2f498d0197b6d184
4795 eab36ecd589b6bef
4796 ef4733ea30574813
4797 3e564115b18b4cf4
4798 b12d4f8e0ba56c56
4799 193b968be5cb92dd
4800 d498ce84c8ad5599
4801 c6fbb6d4a861f3de
4802 c122a3174ea2c630
4803 9c5039ce88c4c922
4804 062f30ba1503ade6
4805 f0fd4c3bb36f5ebd
4806 d1cce0a33dbf5de3
4807 03788ef271db049a
4808 6106791441c0e11d
4809 c54d4e5c996f4527
4810 bc407e2b15a7ae57
4811 805f1c688eadcdc8
4812 bfdfe8d15cf3f0a7
4813 f20e6174c47c7053
4814 c99f72cb5b43c3f9
4815 decc3aa553f91ef8
4816 62806d005cb9d622
4817 3633208305ef4251
4818 8824dd7eb4c44027
4819 44261d843039e3ee
4820 d0d5572a2665f6d8
4821 3850b2805f1d704d
4822 eb086db8ed850a9d
4823 6eeec37634c248be
4824 61f934142ef53c4d
4825 aa3170ec7c41c567
4826 1df06b20a7ee256c
4827 e3d6f865c91712ea
4828 06bd6f518c48a01a
4829 1823fdc7c5a3850e
4830 f61542b8b3276d29
4831 cc1f5f467bd1d712
4832 9c115e7c4fdcd2b2
4833 37f8d96bad9e4d94
4834 0e4f0ea98477942c
4835 ed2ab66fd2c75726
4836 7eec1dd536f9bda8
4837 a2cf1d6d21fbc816
4838 17c9c1e785b12f2f
4839 d843e47984e4d041
4840 af3e82e12dcb9881
4841 fd0fe039c804589b
4842 f35b7da7daeb6665
4843 98058d82b75ca3d0
4844 1b6a4d541c8d1303
4845 853d894fccb35621
4846 7855a7f278655749
4847 2ccb1220f550771d
4848 b5bdaa0c79f969b1
4849 cfaea2f0aa38673c
4850 2436730824ac73d4
4851 22923f69b9fa8266
4852 7a2ab3672868258b
4853 b1a31715be895b6d
4854 2c495f31cfccbb84
4855 79a7af353e337e88
4856 f9b0e82ee331a0ca
4857 e1b0411395abf04d
4858 454034e650d2f50a
4859 9901731109096c5a
4860 afdf9f20ad890db8
4861 f5d3be3bb6a7497b
4862 2afe314762af88f3
4863 9a01972571e90353
4864 e2cbdf0415fd60a7
4865 6eee72e426019cf1
4866 3d88a91c6319d995
4867 60ca0a099d382854
4868 f1cae5093a9a122a
4869 6f373c17753954e5
4870 42664faca4016dc7
4871 dfe1ad91c3b5e5b9
4872 2eef7634c8e4cee2
4873 b43cc43828d42e60
4874 a32a73ea7271ee74
4875 e7e3ef2ae2a50620
4876 fcfa3c2488268dd6
4877 60d0a87eab010922
4878 6d4ea6a714cef1fb
4879 dc4e88217bd28bc1
4880 8b2e03bad1e94055
4881 1b3761917398bd6d
4882 6cdb8964efb8432f
4883 1709713142501dc5
4884 66020f5b3b7ecf3e
4885 0449c0f4caf7e12e
4886 4bc8e45cb129640b
4887 c4e0f2719c6ea0bd
4888 a49d681e2aef3088
4889 498b2fa57fd63348
4890 f8b5a5b3fc8dc342
4891 c5ceab28b0d675f1
4892 945f723b883cc675
4893 35e8abe8e608146e
4894 22ef7bf703dbeef7
4895 18de669222d90efa
4896 0ad8def1c31a701d
4897 0408c202dadd4644
4898 2eb493c8ee44d557
4899 d8089c94c2b4136d
4900 c392fe566d0b73a3
4901 6785f743509f05cd
4902 bc2ce0679482bf14
4903 a5aa8952fe26988f
4904 1e8af7b3c0a879a0
4905 9e111a7ac9cd7352
4906 84a911bfd706d3b8
4907 0841335b0ae98079
4908 ece46bd1a57bf2d7
4909 4de3c4ad3de1b868
4910 80e06539278e32b1
4911 fd06c791987d5c0f
4912 c3244556749e427e
4913 918c7f7997756488
4914 b0e38d33f35e60f4
4915 3bae620f7dc28041
4916 198772a230417296
4917 5103e6d17b3837fe
4918 6778e523fc597876
4919 95e699a9b1e9e657
4920 b2d93895edf651c3
4921 e569ff9b3ac85298
4922 80899eaa849d17fb
4923 5400c8053a251802
4924 d88c68e588b9cd91
4925 e6d9943d25b6c751
4926 54d80071adfd34ae
4927 ae04a66243dee2f6
4928 54e917ae78fdb1b9
4929 a28aaf80a79599da
4930 9aeb67e4882b3f3f
4931 5ad8f5c64ae8d88b
4932 adc5cdc593df1f32
4933 c2e91d883ff5a811
4934 57d598d4ec3b40c7
4935 bf0346ba009c398c
4936 6d2c72a8f673c24b
4937 ff2070e838c25272
4938 88f18cf2f51cf6f1
4939 36c2afa59725b368
4940 bdf3c1f1ccd696eb
4941 6849699d71b4676d
4942 05c1ad327f7a4cb2
4943 0e351d5e928010dd
4944 367f19a949805e48
4945 9c864ed679ff079c
4946 32008cfbe6830f21
4947 d093e2f6dc3a889c
4948 7e6a1099b54ace9b
4949 831204692be9bd72
4950 fcee8919bf7bd71a
4951 7d2a3babb74cb483
4952 5d99171f81737da0
4953 1c3806d3efa8f2ae
4954 dfa836b8e4e9619d
4955 6fc4b650749f943f
4956 f99939ce83ed6bb5
4957 bb6b7786fd6171d5
4958 198cb9f3dfcd7479
4959 ce1fdb8eb04b7164
4960 812e49a508804eae
4961 64b674b32d4a4d0c
4962 5ec778a589f7ea84
4963 cb28cd7db550583a
4964 9060ae9d266634ad
4965 e87b8bb2ebab9ad2
4966 183c39872be1bef3
4967 38fbe466bfb9c580
4968 10c0605ed4d4fbb4
4969 1b85f6ea6e7394f4
4970 76af61b2b381fceb
4971 403d221842aa4e7c
4972 6c4e70e6eff9f867
4973 7d398591eb298a35
4974 771d00ea4daf88cc
4975 ed51551e53d906d2
4976 792392a31e3e714a
4977 32db355b618a9607
4978 ebcab8b6c5249289
4979 93a6b74a75270195
4980 b4a57d948e1c9daf
4981 0e9437012472271d
4982 b3750872e2d4462f
4983 13970d16819c0adb
4984 05cd20d5955bfb4e
4985 337fdc6b261eae6b
4986 bd1f9624d9a43943
4987 7ba0f1ed851d828e
4988 219bd62d57fc63cc
4989 70ede84e89631371
4990 744ecb0f70588ee9
4991 1e8a7000b3255786
4992 c3cd40e673b6a309
4993 76052c92936a02b3
4994 0bfadc8e83ad10a9
4995 0e8eba40f89ba9e3
4996 3d25133ce096c1d9
4997 0caffafcacda1e6d
4998 4410f1154b501b49
4999 f61dc86ab49fefe7
5000 91ccea7a50c1df56
5001 1365f15b3b78c821
5002 43ad41a45f67b42b
5003 f083f618db76ffc2
5004 6cd404680481b407
5005 aba5c93db5c5b6cb
5006 7325fd3b191560d5
5007 9e5fb886b57ac71c
5008 e92982ad71eb2e6b
5009 d8ac6dca7fe08c52
5010 ca9f99814f21a2ff
5011 654635b94983d3c0
5012 12b7516e07186f04
5013 c455f53e5f69b014
5014 166c8929fc0d122d
5015 43cd6c3cf7b26561
5016 64a72609a83e9d7b
5017 e5452ac79454a074
5018 0de874ab69e05cda
5019 6e8cc0e9664faea0
5020 87d643a09c0d1368
5021 75a4cbc7adf5f3cd
5022 2b0fd6f3fdeabeb7
5023 744a3e5c2dd2a44b
5024 bc0cc0c8a385684d
5025 e8182d78ab7d7178
5026 2ff315961409e02b
5027 3982d0cc70305029
5028 47f68bf3b9b462e3
5029 917d1b61da6b7f09
5030 0205b82709b94173
5031 49ee796a7299e3f4
5032 cb769ceb608e7868
5033 ad064125bd02a0fe
5034 50fd29acad04741b
5035 b38200622ccbeb04
5036 b067e161a30a3157
5037 819c4ba09f57889f
5038 1f365c5d398d8241
5039 6ec301b37ff1007c
5040 0d13073aaca0d6a9
5041 5c773f248d2088a1
5042 49799cabe2109c20
5043 f9c303a5eb01b8ec
5044 7e89ecb461d41b37
5045 58b2208c83675fdd
5046 108b75a37e0c30b3
5047 6f3591a2398f2dd9
5048 026479cbdaec38c4
5049 f2b013403ece9515
5050 6f6c4a1602337476
5051 886af2555a37a24a
5052 f080bc910311faaa
5053 962bd11f5518e78d
5054 2a524cb3163bebc6
5055 9e5f86407b34aa50
5056 15081e61af8d07ba
5057 89d043c25b76d90e
5058 bf3ac02e74b2505b
5059 ad61232eb80e741f
5060 0c519b0dbcc2169e
5061 c515fa1ac0915ca8
5062 88c40a6533c0be3c
5063 e8ce61998e4bf9bd
5064 889ff6492edf67d5
5065 7c153030177d9e13
5066 bb45c649d3fc35fc
5067 3256c6b2828b2f5f
5068 42291e646c241832
5069 094669aeec76663d
5070 34d8c29a7f700603
5071 9b2b183eb80ecacc
5072 ebdcc4e3aa7d6e89
5073 1118b6f6cd875409
5074 252140b455306092
5075 03898b9614d56ec0
5076 88578e3f267ad58d
5077 ba44f398c38b16d7
5078 b5f8ac2a229f76c9
5079 9c57e19813f1b0fb
5080 7431a857e42b344c
5081 72a3ddaaba75d4c4
5082 dcd68fe5be28548f
5083 78a6e0792734d4d2
5084 0e71f0fd92966825
5085 35db42c1f38237e6
5086 64605a51823032eb
5087 f16284a573d98cff
5088 dfade73db582c98e
5089 ac0d12a414f7446d
5090 f38c63ec3cf9f9f3
5091 9eebacd76723d9d8
5092 161610f38363aa54
5093 06295dda9ca94d04
5094 0647e876c569ca4b
5095 6f9b132596c4627b
5096 4e463e7c77484151
5097 3c9b8920b31b6372
5098 99e2eb760c5d3e3e
5099 0742dc053274ef29
5100 4ecebfebb18db48a
5101 d6d70e537b470d72
5102 42ce0bce19b208aa
5103 8daa06be82e60e3d
5104 d1b2fb3a4de9a7ac
5105 871c0491231f086e
5106 3022e8b51a55b93a
5107 36ba4cafba526e38
5108 8c75f780be5a7151
5109 1d81bb6ee6420d4f
5110 d3b4351b15785493
5111 c24fa3d9658de391
5112 17214daf222f9fdc
5113 6de19db17df38f9d
5114 74e42dfe2b1c636a
5115 afe9c0c14ae1502d
5116 bcd1db910f5a4e9a
5117 d66452ff1a16d32d
5118 425cfb5069b2442e
5119 534d7dc98dcf2439
5120 7e6c711efc1a9eac
5121 5f5207ddabe64cbc
5122 f95b6f2327754823
5123 686f2f1ed173c1c5
5124 9bbeec96829dbd8b
5125 ecffc8249e98da6c
5126 9cb6032062b93729
5127 a0f57065d552ddc4
5128 f0f381aade754f9e
5129 48a30f026fe3e035
5130 acf11c98a27e10f2
5131 1920deac41d3037c
5132 4976fac1a7701d3c
5133 1b21d691b8f4846f
5134 be00576897a392f5
5135 57ba720f238af235
5136 231d8f74eab36bb1
5137 908d4d6612f19c7f
5138 32cfc75f621150e6
5139 f931c29e81e7f4b9
5140 262a01bc4a041622
5141 8b2717fc5182bfa5
5142 aefbd6c8c79c6911
5143 d96884df6de227ce
5144 529f9d9f3583b90c
5145 7185d209065d57d8
5146 6e3e9a7f877a7dd2
5147 25ed3b19dcee1965
5148 5274f9ab03e1573c
5149 06b534d164fe4407
5150 38936b2496cb4a68
5151 6fd0e203860b4368
5152 8dc2dec2025586c1
5153 4182c78c749dd564
5154 74687fc815ddbb82
5155 3975f1a3b158ea07
5156 898fd2daa98a8a3a
5157 61d14f06d7855612
5158 6b445a58284f4c33
5159 c4ac235fc83355a0
5160 ede5b5e3882824fc
5161 c9444ab1b7dd3128
5162 8a3943ec016ccd75
5163 4d32626265bce1d5
5164 81eedbb318320dbb
5165 bed3d6c93cf95d82
5166 badba5761657e703
5167 302050f8c7aeafc9
5168 81712a121245fcab
5169 440bbd1fcfc9f959
5170 e960370890b9409c
5171 cb5bfd4dc647982f
5172 e00c1bbe926a47c1
5173 7e4e5e2958bdf7bf
5174 3f0375d1f4a44635
5175 07e730af1cc0d539
5176 db6307fb3dfb5597
5177 12830b4508ca6333
5178 5b0d829b48266a89
5179 9ccf3a0105376ae1
5180 01f67929dca4bf44
5181 f08da20f6a0628a3
5182 efe6c8f342428d84
5183 d79f3e65de238a80
5184 dd2a32c7327aca80
5185 232b43942c73353f
5186 fa1d0a6ba48d289e
5187 c7ee08fc7b360e23
5188 535baf0ed769896d
5189 7e0289737d2cdb69
5190 8bf35b1c8c3565bb
5191 da22c27d1ba4d55b
5192 efc4a125439b3f45
5193 aec4f88478c470fa
5194 5f51b39afcb956a2
5195 aa371cc09f130bca
5196 e6a8e29ee044d038
5197 ed2ee0e5e886195d
5198 defe08d9a49e6a05
5199 12f8c249c33d0163
5200 99ccbea16b5f250e
5201 c311e43547a5462e
5202 ff99e6fc9803f51f
5203 6c17ec44434f6f7e
5204 cd9573d55bf7808e
5205 1ddfa8c7a9ff0187
5206 9e3e43c80177a14b
5207 d47bea7c0a3c77e7
5208 43e018eea5240937
5209 6b825902c3b8391d
5210 5e8f28bc3bbb35e9
5211 69b79be342489225
5212 57155c4bfcaaf526
5213 fa3501c356597c05
5214 d3749111c4f26afb
5215 6d25e2acc65410e1
5216 de4256d13a04c95d
5217 6715e6820ef8d608
5218 25a19af39d3b51ba
5219 80e7fc9cd6798c5e
5220 dccdf2b77fc11c90
5221 b7f9dd698029060c
5222 585f6e79af66cf6c
5223 48072032ea32690d
5224 e307372463cd4529
5225 9f706855bd4a84c0
5226 26f967c5ccaacc1d
5227 d1591462870faf23
5228 87cd141bbd9521b5
5229 81ae21efffc62376
5230 82abf9f25292e2e8
5231 abcf411e6903fcfd
5232 73a4b692b9f800cf
5233 db3b9cee311dd4c2
5234 82abbd903ecb4b17
5235 7a554fc416c80b46
5236 993d7cd6b9906f7f
5237 daedbc55dd2be386
5238 ed88a61343989fc5
5239 36a94617e813f5ad
5240 ac568d0093278833
5241 e1e6ef2dc197e402
5242 c230edd2551e6e7b
5243 dde2c3ba1b118810
5244 c1fb117e2dd68c03
5245 482008e9477019b5
5246 ce1740230f09881e
5247 d76cd8bc050397d0
5248 125ac14a5e0cd85f
5249 6cb6a2a758d07add
5250 ce1a13e42e948d22
5251 d5c35db8d573e1d5
5252 edfa4ea6da0c01bb
5253 bf7914c11feb3301
5254 d5b81427b987807f
5255 13bf3a004cc95d86
5256 8490b4e8539f9e08
5257 b6a1c83db86b301d
5258 20d1224c73e8766b
5259 7dc0d654b71328a3
5260 838e434f845dc452
5261 e089478ccf62eb6b
5262 758dbb761774fce6
5263 fa5417509e0c4aee
5264 8497319ab3b952e6
5265 f5f17367e72cc85f
5266 b7835eb4be9f090d
5267 46ef7210041b1083
5268 1079df2d632d676e
5269 a30d67155149c69d
5270 310dd1186c776709
5271 d8f4f8871f032292
5272 7d8ba57ad47ef2f7
5273 97cdac3757a2879c
5274 87fc51b90638d505
5275 fdd371d95d76fa4c
5276 29ca5484f091ecd2
5277 cb1f4cc60b948c92
5278 ef74bef1f7c156d2
5279 2a8e772b9e6fdc34
5280 8b6be9b2d6e61f50
5281 eb801bf49eb007f2
5282 e1bcd9763d8a588b
5283 494cf43afcdcad28
5284 d322d122956e7585
5285 bf31549999c12eb8
5286 41c0e18a4055d563
5287 4cc5827b03091fc9
5288 5087eb3790019a33
5289 748f7e9ce288cf74
5290 aaf7d99b9875ca26
5291 dd6a4132bd626ac1
5292 0298e7016b1eed1e
5293 3994a00c6c17aaf7
5294 d3929da0d68111b2
5295 3ed510d309b414a8
5296 788fb8d0effffb7f
5297 62a40d33e280a727
5298 a3816c3ae25e1989
5299 4dc5a38310250f03
5300 abfe51fbf7f31fa5
5301 d6c3839dcef56ae1
5302 8f60782319fdfbe9
5303 5f7ffe6483eb0816
5304 34b7e522145a3916
5305 49dbd7f7f15d36d4
5306 d7ef46aba45a4140
5307 21eeb23bdd21f691
5308 5a0054790c4f4a39
5309 110dc2424ac4312e
5310 cddc935404b9e1cc
5311 2fccb4c8dd16d07c
5312 acdbadeaed130d24
5313 5ce3889ff55e9679
5314 9d97e6d020d384c9
5315 28697c8dc292a21b
5316 fd17311a8cd26106
5317 aedc24d580657c2d
5318 8b372fc5504863e3
5319 41ccc5e73dde9330
5320 89b76461122bf9b7
5321 0ff1340b5baac621
5322 4223c740bfd5578e
5323 f4662167db6c466d
5324 2abb9ccb914376d3
5325 3aa8f6c0ecb30862
5326 5b4bd4c099408819
5327 41ae0cabc7213adb
5328 12c1995d2e2a4b62
5329 0c9725df81726711
5330 01063efc014b2137
5331 d8cc4a4443c61b06
5332 411c87dae7d1f7fe
5333 b1b25990f98d6c57
5334 179d2f0fb9876d91
5335 f3b5484853a9945c
5336 adbc27e489aeddfe
5337 455c0df34d9a122b
5338 78889736d0ea621c
5339 c88998fdd4ef2dad
5340 653401e93b8f43e0
5341 276b2e0040d578e2
5342 e4eb284135d3fad9
5343 31861b2f110215dc
5344 b3c1befcb2092619
5345 cc8272b433a2c2a7
5346 7cc06624945b060e
5347 e7c9fb2f565d5451
5348 a793c0ebf47723df
5349 9544c30386dd5d15
5350 f817b21044559fe7
5351 a71b7c926a7bc6d0
5352 5c99dbb009bdbd91
5353 0691358308917102
5354 6665e78a902e0792
5355 28d5a2b8d6182d28
5356 8d8813c01bc517cc
5357 d98e35f9410b8ba9
5358 ca6b61d7307d94c8
5359 4b1349830ad1f71f
5360 bc21218b9743f58a
5361 52fdfe5b970a8bf3
5362 0081baf1ef81c961
5363 a978d3f5a93c8733
5364 da6acf9d41801b5e
5365 40faa0b999de0df9
5366 52c9eab7dbf80f07
5367 0ffbb31714b8fd84
5368 95f6a3aa1835d0eb
5369 27534fc7b2ef7fcf
5370 84b24b50304a684e
5371 1ed2257d86782011
5372 ebb83c06dfadd3ce
5373 44a8606d4f6c12f0
5374 dd8047d5148ab31c
5375 275cac6915f0ae92
5376 302e9f0594bf67ff
5377 94032eb5b4974112
5378 e47fccd03837b484
5379 0daf3de279d27d2d
5380 1ab849424bdb1cc3
5381 30335bd8d2e578b7
5382 1e9d8b33167ca0ff
5383 c87a647bd856c833
5384 ef8f3b8cc59a3ffa
5385 82c679116bc00554
5386 ba6582faa52cd05f
5387 30133bedf14b57fc
5388 50fcb6770a51fae8
5389 87c756b95b95c56e
5390 0026385418130629
5391 e72da18293939346
5392 c87a92c32f62a133
5393 2f92a2011979ea0d
5394 42c54dc6e0d480e4
5395 a9a1fa78862f1914
5396 f078eb1323b7bcfc
5397 84a6ebe919fd1e02
5398 30dc790ee17a97d7
5399 cadd81c2b3d87945
5400 f3b2c6aae4820f77
5401 55107840aa3bbf4d
5402 ee07a10209e3368d
5403 2337e6e61ac38df7
5404 4083c4698c11bb8f
5405 6945be717e3f38f2
5406 4645b819f2ee42c0
5407 ff3554c286509339
5408 d392cdd44dcf1240
5409 d523cb6d91309b83
5410 48cf3ce0630732cd
5411 f349f28aeb6d6236
5412 5d638fc0c3c9dc95
5413 2fb71f860ff8b68e
5414 0667fb25158af7e8
5415 945a1e42c58b3481
5416 ac067a8c97d5e1bb
5417 84668ff1135354f5
5418 565848ce795e738c
5419 a3651b170ab7c551
5420 d0509a11830a958a
5421 dc1c3c715669a3b0
5422 bce58cd09042d4ec
5423 eda0a5beecc448a0
5424 c02715d6dda6fe48
5425 7972d51ba3b95afc
5426 db4f17db40f682d6
5427 fe771c69ab9b62b4
5428 a60bf67a0a86e9b4
5429 5061f5d0bc80eeb2
5430 f18813ff618bc741
5431 a05a4877db02b31a
5432 3253274908cee4c4
5433 a92435ef274144be
5434 4eb98df8ed299200
5435 77e3e46f87232712
5436 dac757c17665d3cc
5437 33239c12ebef6fb2
5438 c26446f09475c184
5439 84709dae14607f83
5440 658e8665b4059636
5441 36d29694f9a65fc4
5442 f120018a3da12f33
5443 116ce04f7fc18291
5444 773e2cea95aff1c1
5445 ef5b4cc51a3ef34d
5446 32bdbe237e4f236a
5447 5e3950d8d7db46ce
5448 1cc396cd3fce0f48
5449 ee72823c34110a12
5450 340144055253b393
5451 4f18a04dcf864233
5452 117d02d2880753fd
5453 bd61d95a80d39774
5454 c75c17ed518b1067
5455 ab10d37637fcd9d1
5456 c1d597599ada19b2
5457 633aea304982466b
5458 f91d415f708dfc93
5459 2b30288ad3e66fd6
5460 776e93430e2f38b5
5461 f66aaf92c2ff64f0
5462 436344038573c138
5463 c1693aa040123f6e
5464 32fd26fdf73c7fa0
5465 acbb5c036d54d544
5466 72cdc8a9d8cb0f0c
5467 631fc38b2002be83
5468 e4e6263800a16ebd
5469 84bd293ee456cbae
5470 bc859736f7240f2e
5471 95d369e091908b9b
5472 252fb77513d16504
5473 fee62bc13d44250b
5474 b820c1a35df03f4e
5475 8c5474bcbed59fc7
5476 ca4ff6c067befc79
5477 b320bf94b002a4e4
5478 08e0358af793f69f
5479 22f36a1a2c09ea26
5480 0e219e79db9db524
5481 cd74b095b66887fd
5482 7805b2d2926a16db
5483 590647516ef0d2d6
5484 d223e74ab1bb5c25
5485 04c84630eb7789b7
5486 3d97b01971ded5fc
5487 dd19635f417149ea
5488 a25243e9588ba410
5489 4c299d73cc3b1da7
5490 a6c8a2ac0236f45c
5491 28f1d112b3aa0103
5492 b20e7d373fd56450
5493 6f5bdbcd49fbe857
5494 4be90b09f70e4368
5495 25ba4b415ed21a57
5496 a9109aa9c9ab8a77
5497 258967411c978adf
5498 86f353ae24be1945
5499 042770f051599e53
5500 da0225c5be78c775
5501 08c731986d8cfd4d
5502 27831dc2cdef986a
5503 945243bb33078564
5504 e74e58194805960a
5505 e6181bce9a73a1c4
5506 146a5607f536719a
5507 3f63c8843eb6d88c
5508 e5607bacc672d7da
5509 614013264ebae2b9
5510 fe69a63b8f6a51e6
5511 8e81a52c9e8d05b8
5512 3a32c9baee6ff3ff
5513 9851325cbf76025e
5514 172e72b5e1b72097
5515 3e3ac489466f8b22
5516 bc86c7448608c85d
5517 54e2be73e398ce50
5518 af82edcaf02b299f
5519 c74603982dd3cb0e
5520 f29c2baa4d9652ac
5521 6aca08a51dcbf7a4
5522 14eebf2881a356a3
5523 43328e7663c566a1
5524 44101de159141f31
5525 db042428e91b1e70
5526 e5565e2b36c0c667
5527 f6720c841383a2f8
5528 4b2d0a4906d4886c
5529 010bafefdc1d9ffb
5530 2af82676a60f907e
5531 91b25476af873084
5532 6b42f8e3cda3fbb0
5533 8e994c41390204c4
5534 b9001b72644b4dc5
5535 8a751ebcabf93efc
5536 034a5e9d32eb434b
5537 dfc0603852b82e01
5538 c1bf039f5bd81518
5539 af0dca3ea660b919
5540 1ea9282a447775d7
5541 e3b913b087ccf74e
5542 8a8d6ea3ac255a70
5543 c7d086a39b60c4f8
5544 66a4672550c2a405
5545 ce231aabcd9800c6
5546 09ced91250a5f3fd
5547 eb59e3a5fd750087
5548 f65b69d493c02ca9
5549 328e2ffccbb8dc36
5550 ffda149dc8df311c
5551 0fd96bd55b4a06e0
5552 c440149d0cb271d5
5553 dbade3d370ddd5c6
5554 e6a2a8881f7d66df
5555 7445e5a8e11dbfb7
5556 f533b57d335ceb07
5557 fd412b7c681e2732
5558 78f373acb40bf586
5559 fa71a90d28ba720e
5560 5c87895d01c823dc
5561 1d3f07612e44ae42
5562 e5365dbf923d289c
5563 88b2d6e9eb18ac7e
5564 a31a5494ce0e666c
5565 333dc832dfe2661d
5566 a7f07f0a6a42bbab
5567 7451d376eb2185fe
5568 1b42acbdc206d333
5569 6f33a8faae2db9d0
5570 c28cf8370e8fbfb0
5571 4af82f9291d2fba9
5572 35119873002dd0b2
5573 0d9ba53bc6f1b26b
5574 8ee99e777eaef167
5575 5de5058ae2d02d41
5576 cc446699a13aee4a
5577 fb6fb9af05b4fb23
5578 638108e5c670f1ec
5579 3dad715940df03f0
5580 3510a2ce8309feff
5581 4600cc0baede30bf
5582 1055342ae2d478a3
5583 fdc6291fcb974fb6
5584 b431f264cc6f632f
5585 efed49a72a4f1178
5586 03e76d9e1b4209fa
5587 0e373405fe8d859a
5588 839720f08b9e168d
5589 522df167c4d81dc4
5590 23e19f89c27028cf
5591 ccbfbe7e3a153a81
5592 ee32b06eea3597e4
5593 871c658be6de9bb5
5594 0bb4084a8eb02c1b
5595 223c56868928c050
5596 88ebbe881bc720d9
5597 f1260312752f3ad5
5598 35c7a0ba9653ed68
5599 b8cbef0f6eacf72a
5600 b6badddb8cd024ee
5601 73ca693d89d88bed
5602 74a7fcd20fbc87a2
5603 aef22df5395f0a8a
5604 93f837b3b82ee7e6
5605 b3b31943d6bc6224
5606 d06cdd3e23e697bd
5607 f7af7c94f38f5116
5608 a35d98f194b3ad34
5609 9e68034bdb87e8da
5610 06684102c643c673
5611 4dddbaec61139dc5
5612 72a2723a2bbedba5
5613 6fe13ce2aad2f388
5614 533e7b6cc8b30906
5615 f69d5a7c7f05fde3
5616 eedac4fc3586e531
5617 971a8c73f12fae81
5618 f8f75c80d31fb4a1
5619 c62b85ba158e3c3b
5620 0787d518eb557161
5621 9da52ce293f17cd5
5622 00eb563310b23b6e
5623 4efc2181b4259469
5624 2a9479d79d7f7e02
5625 516776f02b66fea2
5626 a996a44c79d9cb42
5627 3da8600f5ab93af6
5628 e3a24157fa0f392e
5629 20bf009fbaabfee8
5630 332b5957028c14d6
5631 b8628bc254b610e3
5632 e96204c37f39fdb2
5633 28ad6a31949e2a64
5634 427dacfb557db011
5635 85444fee1627e3b0
5636 3346ca3cabb4a278
5637 9e2bfe105b35d01e
5638 957a994e2222fc34
5639 724899f39e4dd057
5640 7be721d88bc1747e
5641 00415ce3453e48fe
5642 646de7d27199099a
5643 676233483b6acf63
5644 f1c62b34767c7f79
5645 41e162f7319170d2
5646 60fe03e97439f6ec
5647 2eac0fc1635d6ffa
5648 17fd6723c5b2f1a4
5649 cfaae6e4cab24b43
5650 09e9ae03f7350df8
5651 03b0a0d231d3a938
5652 138e45b1c80d7b73
5653 e8eab40cc0cfc326
5654 07b0afbda1e3dce8
5655 bd22ff4d8003a3a2
5656 180e010723db9766
5657 3ad146d3726c7042
5658 089ca2a6275f0807
5659 6cd2fc4c32978115
5660 0f0bdf46dd2eac1d
5661 96ff302f0bc41beb
5662 67726ab03f7cc930
5663 51fd585c7c0d47e0
5664 d63e65529ddf5b2a
5665 16eedf53ccd2f062
5666 38cb7619542bd736
5667 f014f46dcba4d269
5668 2106e9a682e33def
5669 39ba3c95a488fd53
5670 32afaa40ad5a6b04
5671 9ecaeddcaccfec57
5672 99e02f6f2f5775ce
5673 5a90c43423691647
5674 9a84ec0c7eb521bb
5675 540d93b65f4f3a09
5676 4db1e553ae554287
5677 c920998086aac9f5
5678 2cb8860ecc375127
5679 0af4c67452f8e132
5680 fd9648a30230056e
5681 1d4b99877f7011aa
5682 b75bfe8955113961
5683 bb9f1c66c336ed49
5684 b9921d060d60a5a4
5685 c72394dc257786cd
5686 d64e8b1392abb66e
5687 b813e44f3cf95798
5688 baf671a8b1dc3d34
5689 4fe03de21c846ab9
5690 24f2cd5d3fe874e0
5691 a900d69d3199f6e7
5692 90cd43f687deb03c
5693 9e305cf2586e7d1b
5694 78183d1c638345b1
5695 fa1b1ce9ebb49e81
5696 4d8613b45b951ec1
5697 39dd620ebb5b464b
5698 14c79f97d8ee5ce1
5699 b7be73a1ac154371
5700 d92039d817c8623a
5701 fadd0157b9c68de9
5702 510e1368bf347c8a
5703 cad11d0d80352919
5704 e4bfc6bdcb0b1121
5705 ba2ca41d0a90f0f3
5706 9de718358d6b9acc
5707 f4327ee26570d63b
5708 68f41b8abf5f6fd9
5709 06d52401b76e3f68
5710 d68394587e3f6479
5711 e374209475ccc933
5712 917b776a1b124e68
5713 290b0eee12ff0bab
5714 c42f3e3c1477218b
5715 1a9016babf80f43c
5716 6f9a548415964312
5717 06e7bbfd11bb1e24
5718 3b3102f62ef2b487
5719 7173ea902f85be84
5720 ac83d220d5e26124
5721 f3e1ea837d4d4ecf
5722 a1a72284f50104e9
5723 b7ca30b3248f6bb0
5724 0cbaa54797b398b5
5725 431b5dc2588df76e
5726 1a065bbd705e6e49
5727 cb078521a24c9de8
5728 8208a4e3f334caf5
5729 8237f1c738980b99
5730 97cc16a8b854de7e
5731 0610a579ad5015ca
5732 a3e7aab927fafd5d
5733 ffb75e5d5cb2e2da
5734 2dc19f8a1c83634e
5735 5812d557cb52c236
5736 8aa9054a00b61119
5737 f654216846304dff
5738 2d7187cdd0eccb0b
5739 3529e8125f889a04
5740 a1ada039ae75508e
5741 a308216ea4231138
5742 dc045fddd6c46392
5743 24148033b4c30347
5744 eca9ca0ba885e71b
5745 dd5166fd267714a2
5746 c75933fbe74eed9c
5747 49c02fd9b399975a
5748 2b0b6f5198af6214
5749 6f8bf0d34691bac6
5750 ebd0e897fbfeb9bc
5751 3c0d2cb2c03b361f
5752 8f964e3c5dd3037b
5753 bb40a47dd161e33f
5754 8373fc51db559ed4
5755 c0cd059acf9de8c2
5756 d573da317698fda2
5757 661cd67b225f3759
5758 72c5ea32577c601e
5759 968370bfebd0038c
5760 957a7b8af5499d21
5761 a020993799a397ef
5762 7b4056e46baaa86e
5763 a21b3cc38eb487c8
5764 a6bab28079c9f26e
5765 0aae6d2d34638d5c
5766 13f127d07265e5e0
5767 0dd9804446506963
5768 1a673368da060bdb
5769 87dfde165f0a1a8a
5770 866d97d9ac32768a
5771 9df9fcabbda573f5
5772 dc9f81a46be88538
5773 84a53eb75515bc5c
5774 6a7cc0bc57048b3c
5775 69def248309f0f19
5776 5dee94fdd7e7d00f
5777 42df2039c83660d3
5778 b4d6a5e5f192f51f
5779 b185f1974d5f29af
5780 f3f31f9f1af670d8
5781 af9f4e5a637c04ed
5782 eb49e5375d67648d
5783 204a43cc5ba78359
5784 22cbebc36c3ed99a
5785 4b2dd24f0eb76fdc
5786 4f6636fb28088e6a
5787 768f93493b6fe089
5788 695557220f0e0efd
5789 8db7d6204983cb5b
5790 e084fa854dc3510b
5791 1c657a9ecd4a0883
5792 fc7ab9e63256639e
5793 c9fc98b2e22d6cbf
5794 2f60a155e18b8b43
5795 c7ad4398259ddc38
5796 50586d5d1b141b16
5797 701e4b2e54d1677f
5798 4ca48d409f0974a1
5799 79845494d2e420bd
5800 b85e44cd9b068c9b
5801 0e91f02255a10996
5802 1fef40866c9c17c0
5803 d4d127a9ef748801
5804 b541e396560f3735
5805 6902b489e2e44464
5806 a389acdad1121ee7
5807 fad29779b85c400f
5808 03f63ad77b0b825d
5809 140a24b814488892
5810 a1c8de4a8b94d5e7
5811 1509760275d709e5
5812 050487161a5d9de2
5813 456f4b3166057c9d
5814 0810469d834760ca
5815 a44256d090dfa3f1
5816 384988c6bce3bdce
5817 a5fb11e61d51513c
5818 8c44616ed983b521
5819 e8aeeffdbfb6a078
5820 c3c78f7f21311ab6
5821 f9effadd43535cb1
5822 08abf5d256de1d62
5823 e586ffe80ae81e70
5824 bd319896d123180b
5825 0190662fe1cf1464
5826 ffe03f4385d9d0cd
5827 db8f689122a359b6
5828 872c05c7a7671319
5829 6aaf1868b02e755d
5830 133055ad3539c07c
5831 a83c6fdcf8bc923f
5832 e8fdd31d13c19dbe
5833 d0127b84a7d67fad
5834 ea5e6192fcdf001c
5835 15b663d90f56ca23
5836 068452411ef4523a
5837 ae10ce9d146966bd
5838 748e5eaf43b0164c
5839 345bcd74225681f0
5840 7251791b1cd02ef7
5841 50086d18d3b698af
5842 eb2e1b204e886926
5843 2174a14b642b95b8
5844 6b6a609ab92efff5
5845 7e153ccd4bfc6b8f
5846 d02ecd3f99ac7d7a
5847 63e461ac93109b42
5848 11d4ababc22fe567
5849 5c14cc2a76c742f2
5850 a39465b928bf5b53
5851 ea2adc5cdd614628
5852 881c830d8e9e76eb
5853 95e80cf0de4d8165
5854 b32e07c94854bd00
5855 c8f87b21d65c9e8b
5856 5336045701209e91
5857 bbfaaff8a9dac102
5858 1363ee00a591ac5d
5859 e714a42dc1d128f6
5860 c4a925d34f1618b9
5861 3b865dc5449796cf
5862 35f6471510d8ece8
5863 f52846b731426afc
5864 9d3948b2fad32b8b
5865 3e3fbaa44c598c6c
5866 0294d8bddee2cc2d
5867 2a73f79ad527b8a1
5868 253255b589d82bc6
5869 45c1c28ba372dc93
5870 c02be0994fea9731
5871 366dc801bead455a
5872 79c71b201189c6fe
5873 52efbab733d139eb
5874 a2ace38d6bfb1779
5875 6e046e69faa38264
5876 2bed2799bfe9ccfe
5877 cd2aeee416528801
5878 17bf6720becb2cc7
5879 67c424bd66d54704
5880 b8547664fda1e1a6
5881 14d11f13775097e7
5882 8f820709f7540893
5883 3db820709fc8b792
5884 de06dcce582fb637
5885 a7489a5cacedda41
5886 67b081b229a091d4
5887 1d70da8f2d66246e
5888 3634d6be2a9b7671
5889 366b7c00b45f3a8c
5890 8ef41f01ebdc8182
5891 c9ee5278b08f891e
5892 b96cd7212b4322ef
5893 9ef840544c55b155
5894 486e41deb719004c
5895 428242cc3af0072a
5896 550b8653e3c61333
5897 a59839871c3d1398
5898 5ecc3a948217efa7
5899 b11e4543f5f2a5ff
5900 e425feb848ce507f
5901 0cbe1c4680d70be1
5902 e3b257a1a761c8c3
5903 75c13e82dd5b21ad
5904 a923facb68c19a3d
5905 7e8e0d81212971a4
5906 dc7b270d78b6bb1e
5907 e495be33908be1e9
5908 024b0edb7fc28383
5909 8f78d7bda54d0153
5910 ed47e50192ab76ea
5911 7657ac6297e2c938
5912 f3a2ab5ebe2ac4ce
5913 7f24cd715f847363
5914 e9cb671fb778d644
5915 0981549106a47594
5916 3c4dda524a7a5290
5917 dce017b5098f114c
5918 7b4bae5001db46e1
5919 f8a13a13fe955984
5920 91ace87ed1fb16f6
5921 b687ebf47600dcdc
5922 f242e2937cbddfa2
5923 39b4d7e059ec26b3
5924 a1e2eb7594884b07
5925 c4798dc8e2c81ecb
5926 231faaec60198b49
5927 e5f40c758686ab64
5928 68e350db8b96b7ca
5929 c83ee084f1b20063
5930 3d0679e51ad6d4a7
5931 abc34456c11e1f27
5932 872e8c3973fb3a49
5933 3f003e773ab8cddd
5934 74977b0af74e7605
5935 80d2af40eec686d9
5936 b43fe4d6d8b84b86
5937 c75cb04ad941c6e7
5938 1d8bf83455e975f7
5939 19d451b2fb15d547
5940 aad0241c6ad1efae
5941 4c4c83eddc3742c0
5942 758641675dffc536
5943 839b27e0d05ffb86
5944 449265875e62b7a4
5945 dd9cb2d25729b194
5946 dc37bea2867937d9
5947 c7cda33ecdfe682f
5948 88fbd9921cc6cf9d
5949 29bdeb9969009794
5950 21ab94f95693de78
5951 d61fe70871eeb678
5952 c3d2f167ccb53565
5953 e0903ddfb21c9a3c
5954 06cea8096e7f3a66
5955 6446d988af842a77
5956 7819bf3d0211d424
5957 2508e07919ad6db1
5958 91f3dc22d745dded
5959 009d0d0f9a304617
5960 0d0b538040aae287
5961 a982b75ce6d70840
5962 ac967ae6875ed8c9
5963 45c674888b6fdfe4
5964 40a69b3c1b7b6613
5965 c3d0449426291337
5966 77c414f79433a048
5967 4a4cee1d6e2c4370
5968 4b411b47bdebcd58
5969 c864fd572726d0a5
5970 4967066f2283d20f
5971 810ee4dab360b956
5972 bc58a8f2448d68be
5973 130a31e5a8fd6707
5974 c9a9e8772ab85cd4
5975 f15a110f6ce4b01c
5976 ca40822578211253
5977 5748b473e26e6102
5978 3e0887a4c2d4bf3e
5979 bff241861ec372d9
5980 f9dc3bcab1a522c9
5981 1d683d8889c58bad
5982 fbd34b5fe750dd25
5983 0bcdaf6ca9c0a3c3
5984 9313b9c6c5f46fa8
5985 23a636e2cd349a7e
5986 79a8726a2c0f5c38
5987 317b903fc57c5912
5988 eb56edb4a3315750
5989 d4f21329f645cdd9
5990 400a047373d0938a
5991 5d756cbaaf39e0ea
5992 8b294301e598251d
5993 99d468643341b4ac
5994 9867e98a974715d3
5995 50ab89b74a9860e5
5996 b0195984a24e9857
5997 3ca7776ffab34461
5998 54790a723c4f0589
5999 ea668b44267f63de
6000 b40dc638a453ac1e
6001 e8a227fcfbc96e29
6002 66d0a5918987bdf6
6003 3013abe12475aae0
6004 ddc389bdef43ec39
6005 460f3d945c220b84
6006 2acc6837ae472f3f
6007 e67ed811128b5f0e
6008 076403c29ce2cc87
6009 1ec6cd50d67b098d
6010 5c8dc2113b760950
6011 f26abc37ce7a68f1
6012 e74a5a3de451edc0
6013 7291b8fbc11cdedd
6014 0ddbba74d090102c
6015 cd8034f4c83b869a
6016 4ec47b7dd6abfd07
6017 f235e15f46149e6c
6018 68d927d99d37d59c
6019 09330284578639e7
6020 cdedd8761d7eee4e
6021 ca47628467015e96
6022 9bf8e4bc0a1edf3d
6023 57b381f8e84d1f1c
6024 291981a64f57b339
6025 04b65f1083fef9d8
6026 efd3b965e41a9361
6027 cebff055c4f8937f
6028 9dcb50bb104533fa
6029 08ac9b036faad30f
6030 99406896edc75c54
6031 08169a546c0054dd
6032 48393bd69ae95ea0
6033 d4dd284af7160b98
6034 20bee69764292b11
6035 527bbee348aac222
6036 2605b0d4c14322ab
6037 10a05e985cf16b0e
6038 5d3db8733bcdfdd0
6039 29d9f27cca57da51
6040 4816f7ad0ab23c2c
6041 8488e58ded8922af
6042 fdffea8c6e4f8027
6043 07005a917357bea0
6044 eca740fd1b777aa3
6045 ac789ac2acabbdb9
6046 5d353545d95ed129
6047 777f1e2741cdec9f
6048 264d9ba1a8bc9739
6049 e154f3fe087036c0
6050 39461a2aea572f53
6051 29030fa6f65891af
6052 36517cf4bbb6e374
6053 ddbcf533c82c38b3
6054 9572d0c6d33b78f8
6055 fe3ec01b335ddc37
6056 4729bb696582bb51
6057 ec967070bffb6c99
6058 628a650e881860e0
6059 083e3efc71abbea5
6060 05d51a3e521554c5
6061 bbd43b5535e8dfed
6062 928d513162738970
6063 f86d8f011092ca22
6064 08667cef438fe08b
6065 2510e7c254e55ac0
6066 3c89970d9ea8646e
6067 1d2ce96f8a148c38
6068 c74ed43a14df4ec6
6069 1cbebf9d62c3a6d5
6070 72123b95f51bbd98
6071 81521acca2e1d05c
6072 21626419ae765885
6073 37ea5af4aadae734
6074 265faff29fb324cd
6075 f49604a44bb815cf
6076 30f106aa6c5e2b0b
6077 d06134fce3e61fad
6078 3de49476598842ae
6079 1fc78e992be04b07
6080 c8f2d9ff7337951d
6081 2facce32265dae9e
6082 fcff885eecddddf4
6083 05df4dc787ba136f
6084 d695f552fd739a3c
6085 308db0560df7a533
6086 ee8a4c25cda98063
6087 de670331545ffb16
6088 e10ea56d297a3d6c
6089 1da5b4574bca5d14
6090 83f8ac2139595033
6091 e5064cba07d0bb21
6092 8375a5ab63ce0122
6093 7f74fc40926d038b
6094 7ece4965920c9463
6095 c8de68c1c0800caf
6096 76f16b3f7705911a
6097 171de13c55f29056
6098 35ed667a0d40bd35
6099 c0b402d2b005196c
6100 1dee328effe85590
6101 fdc92b4aae12b51e
6102 85a6aa48f7bce614
6103 5240f3dd0fd0478e
6104 9967664792516e16
6105 8e1ebb4c99dbc8dd
6106 ae8a28e5b226b3e7
6107 5cc8aedba1513715
6108 5a95468340fec0ad
6109 945a2b1fe450c82b
6110 4f3230cdba73d6cf
6111 72804c4e5bd137c7
6112 a80bca7942929e6a
6113 5bacaf905c0110dc
6114 57a010b8a597b3e3
6115 4a7860b9b4fdaf37
6116 7bc24ee815720896
6117 a2b56b4e4b0bd6a1
6118 3b3f2917b7287508
6119 acd7e600cbc29f40
6120 234936ac6cab5af7
6121 942a1b3b2c6d7625
6122 79ba4286f70a5f06
6123 1d44709a4404aa47
6124 414b03d101f6d51d
6125 b8ded2091b16e543
6126 bff343a0cf40d8a7
6127 68aadebc1debb964
6128 3765ab11fcde6c3e
6129 f8405d75fb7b1275
6130 d3397c49eeb8d185
6131 ff6c4c3c2e58273b
6132 c678cfede26730c1
6133 41da3c45ac986e53
6134 80c55aa2cd964089
6135 424c414a3f7d3765
6136 cf00afcf2f2329f8
6137 206c2761b9e8afff
6138 d9d5c191a34866cd
6139 06aa9f862eab1f02
6140 db48228bc39060fc
6141 1a5462b95af05982
6142 daae85533c883d64
6143 34aa8f5b84765380
6144 80d13f6d4882e665
6145 347594bbdc50c443
6146 97b0c7b019173ab5
6147 1f139e4045825978
6148 f47aa9f7d2ec3c13
6149 52d981bdddfcd512
6150 63cd6af8f44a0653
6151 ccfeca725343dfab
6152 7d16e71329651b4a
6153 12fb38167318ed8f
6154 69ca288012381d29
6155 911ea2c18b13eb73
6156 dfd4c4b89077c347
6157 1fcce640064f0a4b
6158 e08fe35db759b431
6159 52fbaf1e35c73bda
6160 68fdf92fc4d307c4
6161 ff82e2bae88f30c2
6162 84fa650750ef53c0
6163 d7bb7d213e8bef51
6164 37b9ba5a52ef1e41
6165 ae5f2b67924edf2a
6166 0285007979eaf10d
6167 74bf0adc68c367bb
6168 7fcb52dc59b4c2fc
6169 ea6d69c0231fc6ce
6170 b834c879ad58da00
6171 24cbef336debd90e
6172 f68b5f73aff72ebc
6173 65767643f6f99558
6174 0b9d2cf48d709549
6175 f98c6a672c560aff
6176 d5103143c43527ff
6177 3489c8e553421666
6178 7a1fc282fa376014
6179 46d01ce1ba721522
6180 0cdd9572499b9ed8
6181 7fd5abcd435ae89c
6182 bf57bf795e5c28f0
6183 eecb782ca529a0fb
6184 a259548c0d6a7949
6185 5543b4ffb5a69d57
6186 a5486de51edddd09
6187 bf581582bd575a6c
6188 34c5e87be7a52580
6189 6b28f0ab9b6c0a15
6190 0da6877f438e861d
6191 147101e5bd149d80
6192 cc26444b016fda10
6193 4b7a3bd5108d4f8f
6194 542a9959bdcbf618
6195 ebb4c0b694c0bbe4
6196 6cde556af4332781
6197 4b24f4c64f5439b9
6198 c40675ee791a1189
6199 fae233191cabb1e2
6200 9ef0675ec4cda412
6201 128e41396d16b4a1
6202 8846c001517c2f0e
6203 9199606e02857b26
6204 cbe0ae3e2f103cd2
6205 729fbbbb2bd70a2c
6206 bfb2e0c42f0109bd
6207 2f9e6a9b24a27b38
6208 3b6672ea99a6add5
6209 45c83bc3d967168b
6210 bc42bc76f9d23231
6211 55f8098cafaa372e
6212 9bb83fbd21d45ee0
6213 63671b65d562139c
6214 e9c2b2910ce797ec
6215 510765c9ceb852cd
6216 059f8e4c3bd61f62
6217 d4c331dc7b44d007
6218 2ef674e3053e53eb
6219 8f7e3a32dafdf207
6220 289d6f3ac51c7ead
6221 af15f3e1afff215b
6222 eee1af9e04c3f268
6223 f25fc8e1509db79e
6224 1dcdc56f36bd82be
6225 cc43b4a05baa7fd8
6226 637cea011f47cade
6227 a3b8ee145f47e23b
6228 a2b09f41bde688d0
6229 ad64b1579b105bfb
6230 3eb671e3ae7efa88
6231 a9a58bdaebd59e52
6232 8ce2487e5f8633e7
6233 b9bc940feebcda5a
6234 7b11f9b4e39ce6c1
6235 4571556611365df6
6236 96126f3f47a3f96d
6237 c3da7a6f0e761c8b
6238 25559011ebb4c370
6239 f21a9ba45750843d
6240 ec86db289420a527
6241 32bdc43129ad6ef3
6242 6d05279572a8b732
6243 affea209ecc4ba7a
6244 bcb7d57514dee4f3
6245 f8980327ed92ed0a
6246 545e3ba0a3015d9b
6247 8bc2888d1843504e
6248 b24e48e5955b1437
6249 2f47fed82ed013bb
6250 91e816e092aa350c
6251 c96e0bea7ff46d78
6252 2c875949cae0b956
6253 252d6a9228a78976
6254 ffcc168550a16817
6255 7b5890392dda51b8
6256 9a09483bde2729c5
6257 1df14d9e3b43a6f8
6258 d49967a554173ce2
6259 fb7852b047063063
6260 ea88959d4920ba3a
6261 3f79f3778604e3ac
6262 9e52cd509a406271
6263 972701cd9e89fd7a
6264 486881bdf630f68e
6265 e86a31af843b936e
6266 0c8ac8575884f68b
6267 5e7e8f5b277aae4d
6268 f1a8450500e17f2e
6269 7e0db5aae16daddd
6270 6b71b89dd57d984d
6271 3c95bf579124c750
6272 0ef57da7590ee789
6273 c75aedfa0f3ac4bf
6274 83d266138883a268
6275 01383bfa434a4c9f
6276 4d088414eed284c9
6277 fc6dc3f7aba28419
6278 4a95027bd6df895a
6279 4be3ee59cf405f13
6280 0354bbb2cad87499
6281 dc7b5cc105780585
6282 20238d3bfe9c2152
6283 ab93c9e6849ec048
6284 1809bc51f54801b8
6285 75983a311ba96723
6286 a6e31e623f3d66b2
6287 9d76be2dce302386
6288 8b86f5b14e7e953f
6289 bb5e046e6b78dcd3
6290 7e33262a2cdf6c06
6291 ddc7006e8cf5da8b
6292 cf216de89c1d014a
6293 f3d52e443401322a
6294 85b65b1eeb975e37
6295 67875951d2655af4
6296 4019f9a36e13975e
6297 80fb7913c84f1097
6298 83720e82bb1ea037
6299 4bea797ffcd07cb3
6300 e46f4725e2f8ad6d
6301 08d423d71946d53c
6302 30db7bb3a296f1ea
6303 997a14cfb86bb135
6304 f89daf0b4dd0eb76
6305 fe0e12203c76020b
6306 2b0c7ff6b88aea56
6307 fca86e5d1f0beaf4
6308 a2170acdb609289d
6309 975b7fa678aedf4f
6310 f76d2ee2a4af7880
6311 4c08125a4f82f150
6312 a68615e47508d4d4
6313 7dd1f219137770fa
6314 a54b98c8ca475194
6315 70444a700297b0e3
6316 bbf5a864a1235468
6317 b7f5d25ef73976cf
6318 5ea1d817aaf4cadd
6319 85ad0ee5801e64b1
6320 0be09c1cac7ec115
6321 8ce9df4946312936
6322 af1a1a1079687d73
6323 789efc7b89b8d218
6324 8aec7118c1a04869
6325 a6ffb511f6683072
6326 9de0b16bdae349bd
6327 3f5602d8fb21d048
6328 e13a397452c66b93
6329 14fd0a52d4e00f99
6330 124ead351b40ddd1
6331 2cf12264ea687c03
6332 338e9eb030b150dd
6333 7d3b8dce7f814023
6334 b3ab27ff49725c0e
6335 82db7ea4545ada5e
6336 babcee4ffb920f07
6337 8e28785bbf703532
6338 2e5e0e7614774f81
6339 9c8a561e420a317c
6340 0b4ec78e5ea96c2a
6341 5fb44ac59d8b5a8c
6342 202ad18c8acddb89
6343 9fe00710564f6f01
6344 18d1349ea26f82ba
6345 c1c3b2010295209b
6346 46f270d0e3fca8ca
6347 a7fb55e8b25d71bb
6348 ce2912ef151dba38
6349 d8113245d7d68ed9
6350 fef45b04b8f42225
6351 14f6fce38a773d46
6352 87be70aa90c0b005
6353 abb2a5407dee6322
6354 3689c34f8112b7b6
6355 80ec855222e44006
6356 58e56a800d7fd021
6357 f81e8294ff3ed5ca
6358 177071d19e4d21ba
6359 0d29e4866073aab2
6360 2801f3581f64ad17
6361 96ee3cb13ea3c2f3
6362 cbbacf1133a3d0ca
6363 8956d40c00a12355
6364 31864d545795b78d
6365 a6645dbe19e29a8f
6366 36425c593a9550d1
6367 95b7f66d521af849
6368 cf403cb1ecac31ab
6369 c1e7005e8862c577
6370 13866506ea0a783a
6371 5b5d40b816d71ce4
6372 67c36747eb5fcf38
6373 acece83dd5c30fbb
6374 75094b33175de5d1
6375 e7cf5a09f5a7b10b
6376 d7d46751abe7adce
6377 c556567ad14296dc
6378 f39550ba8bdd3e13
6379 d9a510ec6a3aaf99
6380 9a98f3131418c9d7
6381 2f12ec87f34c078b
6382 232bebf6fd96e2ee
6383 f9882d34fbade430
6384 2e8d1487a64c4a70
6385 01d537d1040efa94
6386 00f3010592bddfac
6387 514e8c33c01a1e24
6388 43d861f055bbf707
6389 32a247d56a9d925a
6390 fa8aa1ec2d3fd94c
6391 afff9cde89c1ca5f
6392 3ee26dab7c7cbdf2
6393 1b3087861e1dc510
6394 fce7c3ca7662b55f
6395 23bf437798398cfc
6396 ab7b1124fd0c484f
6397 d4e4d4db0aebe66f
6398 74ea9b128c29c761
6399 924dfb1ff74068e9
6400 e1545cd2d8dbe085
6401 022b9e4048832b7f
6402 fd80d1c2387237b7
6403 69492ac39529bacd
6404 35453483fbf29fe5
6405 58a3ef89b2e13082
6406 b39606a4f19e3694
6407 f11e9263efabd6e8
6408 8c0a8c002bb28804
6409 8175bf6b23389458
6410 4d05a0db9e846275
6411 0f2d7caa9035121c
6412 657e8d43bc996ce6
6413 170e3b6cc7d3a003
6414 63f50e7d469a6da5
6415 f572d6edcc689df9
6416 34f4bfc71a43c2ab
6417 eb15ae8303205163
6418 85ee1eae8587f2a8
6419 183a1a5178acecd2
6420 3aa33072935392f7
6421 67a9bd2c3b37b9f1
6422 450f7c0116f5c9c1
6423 f8ca0cb9b5db9a26
6424 630138e6176f4d39
6425 be17daabcab8b1ca
6426 1c7cdec724e579cf
6427 54a44d019fdac287
6428 fcaba3fe52b2d729
6429 a5a91391ce57ced7
6430 ddcae9799ffb540a
6431 b2d6d959c2a8fd74
6432 a1f0f79a4c2d3e4f
6433 3490fb3a77200444
6434 e8194a16ae3ebb14
6435 c92370dae58e4b0e
6436 ad80e20856f02a0a
6437 86e66abd00b2dfa7
6438 8589fc2ed90138cb
6439 d1c5277dfc0a8881
6440 ba38832fc068544c
6441 bb8c31251571f6a1
6442 05db0a264b619a7e
6443 aae2df6622badafd
6444 e18ef5b4e88f44e8
6445 84834cd0510e3644
6446 6309f89802d6d89a
6447 55db69861f489a97
6448 9e0315f89c756b4d
6449 cc0d13647776ad01
6450 ca1fe6a87885c977
6451 775a841e83bd29a4
6452 b5e98c6b0b05a140
6453 51dc8b7c134d8199
6454 d1fb2eac73152093
6455 fe205881ec0670de
6456 581f13e6614044f2
6457 b60f9fc9d50f674b
6458 defbc9f44806ed56
6459 6ba5e791b5a3a7a9
6460 f0459c15cf8ef4c4
6461 24f325dc329daba1
6462 e9d087a994ea64d1
6463 1142094cbd6bcc6e
6464 d88719244d584139
6465 e71ee101a1486eaf
6466 c8eed858f1e90afa
6467 95f3567dcb4cf94c
6468 601fc73638117744
6469 0502684f9940a4e8
6470 500c46a0985acd14
6471 b82586aa8e4bf3f5
6472 99e06d1851d5f79e
6473 1c23dcb1f46c83b1
6474 5e948520a43c53fe
6475 8296a14da7e7d296
6476 a397857049feecae
6477 f89888f6fdb36815
6478 490888d24d9935e1
6479 b902f3c77f6ec9bf
6480 35825a239df486b5
6481 bd069b27fcc86473
6482 02c8f7779e58c299
6483 9dbef0e772b0958a
6484 ffed91a084ac96ea
6485 1f20ed9d3ee98d36
6486 9d7dacc93689c0a9
6487 0beee9dae7d69f83
6488 8b93960963ae9056
6489 b45ce4b364df3845
6490 32b10dad6902d95d
6491 99fa8d40d99c82fb
6492 b88eca973ac935c8
6493 c3823634d1b4772d
6494 6a0d2a977be4ff73
6495 71997d87296f86f4
6496 612597e24225a11c
6497 0c6818b9732a2510
6498 f706cfd98a5589ad
6499 69be37051d65280a
6500 cec1f5e4c509de86
6501 2ca43166a4ab78c4
6502 7f2c8764f03ff552
6503 45dae3b024eb37fb
6504 fdfae1e10e210f2e
6505 458b1cc69cf23578
6506 8951f718701957d4
6507 8d3ba0bc5d892c4f
6508 ea3738c8fda5a7b5
6509 f6b8dcbee2b42e72
6510 f996954c1b0ca4b3
6511 bff308831c08fe90
6512 2c403dda8c98c121
6513 fabaee31bdbc383e
6514 44c293b328f05206
6515 05ef96c80b989e92
6516 6078a48df3e7b92b
6517 401626f51f552421
6518 48fc3c1c7646c271
6519 b01225b642a9b138
6520 c950b0f4ca942d03
6521 4133a688e95289ae
6522 eda91f66ca78aeb0
6523 5a74df51faf94c4b
6524 50e3cc7308bb126d
6525 22059d9895368a5f
6526 717a03265314ab71
6527 e52847c1629245fa
6528 c179ab4fe8843562
6529 59a4a05444d3856b
6530 d59a17b3be12df0a
6531 c47442ba9ad75cc1
6532 c33f5f2596e38df1
6533 7380bc941e376449
6534 530477ecd48eb11e
6535 f990e3570c7abf74
6536 9d84ce48995736ed
6537 e79468fa5006f2da
6538 4aed42cb8fb4247c
6539 312cc1306311076f
6540 0002c3f96d452d61
6541 62a58478ff35353b
6542 3b9aee69cdc57e34
6543 ec625f73033d6061
6544 f1b64b9915067473
6545 cf0608b0929601fb
6546 2a4619b852f59776
6547 a7b1a0aac098d045
6548 b39d6ac6f480a21c
6549 2b542b23ef095297
6550 2450cf518315d84c
6551 b31f47a260b54546
6552 d9f7945efee6a888
6553 d6bf87aaf2a3ce9e
6554 70e92fe576233fb2
6555 d54525b41e497364
6556 f7b8377bb0f1316b
6557 2465ac7357de56a2
6558 73dfcf13501fd31c
6559 e3e356aaee8c5074
6560 2373d0b993f2f58c
6561 b8d75b34c236e40b
6562 0902f5416f266122
6563 4b1a6c1d7eb388b7
6564 6a1189997083ed8d
6565 4c8bd88059fd7928
6566 f4a356eef592e870
6567 86c0f6793d2dc28b
6568 45b8dfc741f31d9e
6569 50b3286925cf689b
6570 f5177c704572c9bc
6571 8bbf31554a0c85b5
6572 d9bd8492ac45ccb7
6573 366d434522f19c3b
6574 0b4ab92a8ac431f4
6575 ee890840eba84b0a
6576 13b441dc19cae1eb
6577 5276b8a77c125908
6578 c22c271af528721c
6579 21eb31ac76516156
6580 a880982dfaefeb24
6581 eea6c6ce18991af5
6582 e03dc35f1da4532e
6583 c55ebc1bd262d141
6584 ab66648ee7cf11b4
6585 0f0ac560d488d839
6586 e651866d016ee6a1
6587 6be7420e3c7ffaea
6588 4d6880fe01bf2e9d
6589 7d28439cc8e05117
6590 4d334962513d2cd2
6591 ac2bfab6c9ec1325
6592 8dcd8032c6bb7240
6593 bddf26b700809407
6594 c76706d1df10ee43
6595 e4103d03063e25df
6596 67c8009a6c23907e
6597 8c45bdd31931a911
6598 883be41d25399c58
6599 f3af7e59677b1260
6600 ebeb2436132aa621
6601 1c5e77bc2c4a3126
6602 41be20e76d114156
6603 ae6a38a8406e7c13
6604 eab369fc1fe14516
6605 268362c27ee79b14
6606 14e97ea9c61baedd
6607 044b85851a47b05d
6608 74226c80ba4079cb
6609 5f2dc5390a7f3fa6
6610 0abf536b3589af5f
6611 0417ac64a777ed05
6612 6e9a06cdfcc38224
6613 00cf41b7627b750c
6614 55c8de10754877a1
6615 625e5c8a69d28d57
6616 87c00b83b831d4bc
6617 be3d6882c6ca6e72
6618 d3074293c1dfcba0
6619 78576bbb326071e3
6620 2020e1bc511fd19a
6621 0e2b1c0bb421cf6a
6622 1a81658f2a99ffb9
6623 f25c385f4e4da3cd
6624 5e67eac17280cc0d
6625 a0bd2637972fa003
6626 4c575d1cc5a40b6b
6627 96ec9e7f1db43991
6628 d9fc081933d2fc3d
6629 5ab1a7a2166fa71a
6630 31f185829ad8f522
6631 c40a8a613cdb0c9a
6632 f408eed2d4b75439
6633 ec4b301c48ae545e
6634 96be14497e9261e7
6635 86ac70dbf3282fa6
6636 fa97e23f939c84c4
6637 382c3ae89e6b55c2
6638 dca4d046284b1e12
6639 dc27fc527c508cdc
6640 9a4e797d053904c7
6641 a9bb58458696ce92
6642 f43f595bc44d35c7
6643 0e210f7ac9fc5c30
6644 5fc3463588f695bd
6645 b2b76545136cb070
6646 3c01f2dbf29c2e1c
6647 16dcf59bfc2d6079
6648 1d67b3edc3aa0d59
6649 bfeed3333505444f
6650 eaaffe323e973a7b
6651 9e6c56f01594eade
6652 c12d6fbe23bcdabf
6653 4e2c112a6c4da17c
6654 49e02ef1764b10a9
6655 a1b80d15ffa49639
6656 c9f1d85576760818
6657 8bde8b2d639b287e
6658 f5f777959bc526f2
6659 35d471ef40dd7071
6660 3f1341150b15e73a
6661 a5213ac8a7e7f246
6662 b82219900d321d03
6663 034ab786a5847731
6664 3c0914344c65d2f8
6665 da3fb090e57e3159
6666 f0822ca7750cd8ac
6667 bbb24e0144fee9d6
6668 12bb598f309a35a4
6669 d13a97e24cd1664a
6670 aedaa6fdffaf6003
6671 6534038db3e472d0
6672 dcfcda27f9d000df
6673 72f52d3f84bde1b8
6674 5b168927187edd6c
6675 61de3ade349184e8
6676 9a05510a75c820cc
6677 cb40267e6c09cb3c
6678 81abced82d31f069
6679 84d5d1e3ecb2547a
6680 f413034fb4f55d12
6681 2d10c53d150792ff
6682 fe6387a81c83bfbb
6683 837bb810e99e9de2
6684 787db850ffdebc51
6685 2f023b60fceb344e
6686 eb1bdba25b8bba15
6687 44a4906f849ab043
6688 82eb377662b05272
6689 06a6c071fdd271bb
6690 c75915a9be643966
6691 c417d10b08ba09e9
6692 1b8c970378d293be
6693 7b28d79ca6f7ef31
6694 1d90123dadc6a50b
6695 8af520d112472dd8
6696 d4ef6a587bf9d0fb
6697 430e324821347ab8
6698 2e5561cb8928cc59
6699 849f04a1131247d1
6700 63db7b9ebda3d1aa
6701 6f5d84d1f105d87b
6702 afafb130d9786781
6703 2fe32c3eddf6da0c
6704 a526af953aea1301
6705 969712d38f35611f
6706 85565bf3cc2bc304
6707 74e37e9675fbaf37
6708 79774cc04b86d105
6709 09623e95ff996784
6710 47242463b360a434
6711 5ada5f0af5a0fdc9
6712 e0adbc83872ac869
6713 e8ec80c3068bcd53
6714 42ab8bfe3228240f
6715 f475e3ba608e2f82
6716 145e381dde6d9321
6717 5b19a5efa4393317
6718 0a4957554e2a305c
6719 f86252bc1f2329b5
6720 583283b57e63cc69
6721 2eb7dea47b4c4807
6722 1584e27fd731b53d
6723 3297710bcdfe6bc0
6724 5ab519db04b12db2
6725 c225e3a332a2f0a5
6726 bee6c81e090cc254
6727 dbe85268ec30bc4b
6728 86549c94c96a626b
6729 360267e4a2564751
6730 fff4817d8b39f833
6731 7015ee51d581f0fc
6732 879f6186510969d5
6733 30ff5b3653fa6416
6734 72f300f9a9b4b947
6735 3ea6cd1ce8e6026e
6736 5d55359063682f4c
6737 1a2954fba84e2431
6738 24eb23e1097ae99c
6739 9bace8c600d6245a
6740 2f6ca47c228c8afd
6741 f4a5fd718019b5e1
6742 55e38b4d45b903b2
6743 ac167f9b5598158e
6744 7d466befb6f6e200
6745 29487a7fd6fd51d7
6746 b52672f3bb5e8d32
6747 9469aca0d787fa00
6748 f3d4c28b36ceb94f
6749 8be8eacb4b0831dc
6750 f25b885246391424
6751 a15b816c1926b307
6752 b48e5a401322b57f
6753 6959c4db042757d2
6754 6e8e198d75a805b7
6755 88ce97f7c506b70e
6756 7e0105d79ad50fe6
6757 97034a1a61827902
6758 f6e498d60ed2d183
6759 05fbf37340004c06
6760 c258e76bf7236a76
6761 0bebcc01534b5ac8
6762 2c6c43906a4a53b1
6763 1e1a80599cb16fc6
6764 f2ed364704433faf
6765 5cd871717a85e3b2
6766 37ecb0c09157b79e
6767 8494ec4975934e67
6768 c8e6d4270056082b
6769 fa5510923447b9d8
6770 607a976df283265e
6771 b60ea6b82b05bb55
6772 dafa7531f5096b4d
6773 b27ca4e9b6fbfb3a
6774 a096136cb03fc8b8
6775 a1803c35b104c5be
6776 1c116359fe4c05a7
6777 f21e3935b5e0ed72
6778 993672b7867a45e1
6779 deba5530722a72e7
6780 3bc37b3cc69494ae
6781 85b0c47ffc86af78
6782 403df9a0e61aa122
6783 bb656cc10d676cdb
6784 9874291d14109cd9
6785 4e30ca7995cc26ed
6786 4be525bcf6cd162a
6787 0ed19538ea696ce6
6788 9c6fa4716b67be90
6789 ae170d60f630d133
6790 73fc92f63b3b63eb
6791 2b5a272379f81cdf
6792 3f6138fcc72dbe73
6793 85af6c014e4546dc
6794 7c4666f2bcedb08b
6795 4d00b452ae55c5cd
6796 feccf01bca403bef
6797 5e96df023386670c
6798 b1a96453724e865b
6799 c20eefd5a0921362
6800 3d1ee9c64907550d
6801 6a8c84619c9324a1
6802 35aecb7b718b6791
6803 9b191d14970523ba
6804 f3a44f39a28a8f8e
6805 904df9cd95e9c120
6806 c86a9cc9843893fc
6807 f51fe32ae79d91a7
6808 83e4ac1c4625de91
6809 52bc0f79e1079130
6810 fce266b97efbf117
6811 33644051ad34e6d4
6812 a85fac2ce68d8f92
6813 b766d7ddcc89fd71
6814 14be44f38b5b19c5
6815 a7d479c5c6210a7b
6816 9b9773b53fca11e2
6817 4e05f0be435936d9
6818 166f34bb0aa670d1
6819 e88fbb2db8ef67be
6820 c3c02a745f535d64
6821 ea63607100bd7fed
6822 cbda5502cb95f00e
6823 ceed079891712909
6824 f745d2a19b3e9bd8
6825 17c872ee461ce2a7
6826 a502e27210eeb061
6827 a79c131eb7e62fc1
6828 411ed0fbc2c24e52
6829 34904560905cd52b
6830 9f426603a41a7a1e
6831 3798c4893d65b36a
6832 28cd089d080f9d85
6833 d3943d00677ffbf7
6834 eb82693417ba58cb
6835 c73c59b6c1fb199a
6836 d30deb16980aad67
6837 b789066ef22ca498
6838 759fa5b44bbb9e24
6839 36e89fa44a28307d
6840 0e9370ba6bb86757
6841 a0d39db5ba0a3d11
6842 c9dd001facb98ba9
6843 992b4998af9df988
6844 d8f14fe7a64458ab
6845 323a92ab6ec21b8b
6846 cf427d8642cac1d1
6847 43aed5f6015cf888
6848 241b1dc9acef3471
6849 b4741d67a233ee6d
6850 3e246dd9bf3c36ee
6851 be57de03f0227a4e
6852 34a90788af5ee8fb
6853 066cdd626625e0d7
6854 a315960fec880c76
6855 6ebf5a73db5877ff
6856 7e3066eac6e77341
6857 0fa78e6b9f75aa59
6858 d9cf09818ab6a840
6859 736a3243241831d8
6860 95744d69c1ac41a8
6861 76be30f6a12bbe92
6862 d08fee7128b5058e
6863 90e0006234de0bea
6864 40274b5fc8b42f3e
6865 4389fb9db3ea1269
6866 b5bd302aa25bd516
6867 b90195d698661c1d
6868 578a9782d4df7dca
6869 30895a5485e9a4d5
6870 a49dfe677df715e2
6871 356b96b637a9108b
6872 fa8563565e10c697
6873 92b67fb7fa84d2b4
6874 6c3965cd0ae5a81b
6875 e430b3e52e885e3b
6876 a246a685ab14cfcd
6877 9acc313c236c3b0e
6878 b20ca5db49029360
6879 fd12ae06e0948943
6880 b0d30abb812938c4
6881 f031b7233c8eeb48
6882 b3db4d44fd25c2dc
6883 fc5a3c27ef86d447
6884 a5c7436752b2c038
6885 3faca55cf65fe137
6886 9c7d0d141af9c56f
6887 1f61b9781e01971d
6888 215ff5f4c3cc5017
6889 7e21af8bd4e9422c
6890 3629c4f0c4c86789
6891 d8efc9bd09490982
6892 124f64d8a4bdc42b
6893 3da23ce5599bf331
6894 93855d06e9ef8539
6895 6c3a054a274e7a06
6896 31443a29e8a2f30a
6897 b20e361851b9070f
6898 527298881479e55b
6899 287959899ca8c12b
6900 ef4ab334647fdbf3
6901 209a8ee7ac1c9e31
6902 7d67d5ba232bf776
6903 67fed0c26240aa0d
6904 bb92fa9f95925758
6905 6c302ee7a90bc778
6906 131092bd00262bf2
6907 507d4cc93e2616a6
6908 0e918d752d677173
6909 cdfec8a58eadb8d3
6910 a9dbaafdced71215
6911 7edcbf1ee914bb76
6912 e9e151adf0e70820
6913 aeedaf1619fcb3f2
6914 213cde61ee6d059e
6915 79df459ad90f4c17
6916 694dc4a408e70e8c
6917 0eb40c834ef137d8
6918 909746bf2d61aa6e
6919 df8a48544cb7a518
6920 d418b7ba11116bd7
6921 37cef42f9d1f3e06
6922 13f506b7e6b27a0f
6923 e5c8e70d30466a4b
6924 5728be19cebca560
6925 64f922e23ef66995
6926 363562baef15e5b5
6927 6050a2c6818e0d34
6928 bdfffb41fabb51f7
6929 236a9c7d6e1a95db
6930 26cf3d5a54ba8970
6931 00d629de6e9f442e
6932 f7c5428fd0b6185b
6933 22fe60d096b676d8
6934 6625bd9bb8c8d0b8
6935 3d11f70a3c557276
6936 ae2572fef2835e42
6937 a0f847162ae5f7b4
6938 c264401e80a8e718
6939 4d77e12c9275651f
6940 fbeafe36a6c23de7
6941 3b84a2a1bc5ba815
6942 c01d355fdba87d36
6943 af97011e0cf045f2
6944 58fb4ddfa5336c96
6945 387a5d40a8259bd3
6946 2d81e005cd0c8d96
6947 ad66bcfaf53e97ca
6948 b2f877df6a06d470
6949 101a3eae41ef323f
6950 765f7d8dc40ab992
6951 5375febb68784a5f
6952 4796d9ba3ded2484
6953 2e502bb53236ea4a
6954 a6651bad9e04bfe6
6955 c074eb5ba2716c74
6956 e8e124911198bed8
6957 1cbd6440b46874df
6958 5466c3478a24303c
6959 1dfcd101c8dc6279
6960 517d0ce8e3610e6a
6961 c92f161c0ffa9728
6962 3113dc9dd0042794
6963 4e423e9a759be10d
6964 e0a1c7df447a8c60
6965 f1a19b9dcdaa7326
6966 e8c3634c6bef2bdf
6967 475969da55c3dda8
6968 5af8731ae7a06460
6969 4b923912be9f4607
6970 8a994618990b05f9
6971 adccedc15160a8a2
6972 ccdf8e5227b71bca
6973 3aae7da17dcd8b21
6974 c379ba3061ebceab
6975 f6339ddc703dc1ff
6976 533f9f87dd9a6b86
6977 cc35c7a575a8d886
6978 326b28fbe11b6263
6979 433410d134ec5578
6980 05d54a348cf9b8e8
6981 732090d993f138b2
6982 c0ec0bedabb0fc09
6983 293b98bf6497d90c
6984 aa192953f37ab897
6985 f5896d9569ae7860
6986 e88c7bf9e5ae0350
6987 d6ff5ac8fa02577e
6988 025214d20457ed9f
6989 91aa0eea768a09cf
6990 d3fac09bd8b3024d
6991 96bcbd6c3572e92a
6992 564431d568cd1879
6993 12a832337c2adb23
6994 f53fff7aa327e44b
6995 95e7bb2efc17b3d6
6996 9bd03ddfbcaada27
6997 0b7bfd4c54e36490
6998 7ac1b51606d667fb
6999 550e272d2e5e7ea3
7000 9b55d391f666a495
7001 f0f7d0436897e90c
7002 9d39232b7ee66632
7003 148307ac694e2531
7004 6b33057091467adc
7005 bd0c10ac4b1f70f8
7006 56206a2cc997c2cf
7007 49fcde19eae941b4
7008 7422c8d05d701ec7
7009 3da844d6282d4c19
7010 9d2b1dd04f8dc0ab
7011 45e31eb8e4085987
7012 907dd70785837c4c
7013 c8a95344e1fd04ec
7014 478fba4423509898
7015 720e2092682c1127
7016 a983d3772da9fea0
7017 46792978f6ae53e8
7018 2356d543fcd08b29
7019 a47270a36e62461c
7020 e959196717ae6853
7021 26af45e118ade6bd
7022 41b214ec345cda9a
7023 8fe7d0c2196861b2
7024 55285f200c5df2a3
7025 63d05c118c927e6e
7026 ecb62174af64b467
7027 d997d2180a8dc56e
7028 8cb2792a2e71dc99
7029 69508dc4ec03aa3a
7030 7a50b7319f041f4b
7031 ba93f1170499776f
7032 218f2da47f3776e1
7033 be4b1de649e39423
7034 95ae7621be2d05e9
7035 c13d04e79448317e
7036 d223880f626aa66b
7037 e4f08694c4697db2
7038 0487e337b7766b5f
7039 73d3e2fc466a612a
7040 b0f06c12d75c6dd0
7041 e523db46133c3f65
7042 912bf1c84b0d95e0
7043 04992327cfd3e041
7044 b576b3d82894fdb5
7045 828c49bd2d566390
7046 80a7c9f010aafc68
7047 31777fb4d71e47ff
7048 88555788fd589166
7049 63ddaa32e31a8bf3
7050 5fbc65988b5c156a
7051 9bd74e862adbd581
7052 d5213315592305ed
7053 7ce501cd7140f933
7054 ebe9b74f10977bc4
7055 0176cf602c1c985c
7056 846503a0bab708ff
7057 45949e12ca29e3d1
7058 9414730d2622ec8f
7059 c9aa37210c91caf6
7060 6f0a4661dc527acc
7061 75a95c3e2649efba
7062 f9f10420f91ee3a1
7063 ff6d37b7093ecae5
7064 5e271d9cbca1a604
7065 a58a45fd41963c90
7066 3cdeb413bbd0df9d
7067 86af3fadc56d110d
7068 2e04609bde07f2c0
7069 cabc101938c1bfd8
7070 231f061f88bb53ca
7071 250082f31b9d8906
7072 702b0526566e7a62
7073 3fe92e8464eb8388
7074 b27d31f595c79c70
7075 f418c21c0b758b24
7076 ee9536f814d88162
7077 1092f34230e9eacd
7078 f4d274bdb8438555
7079 879fe97576707101
7080 aa77418362c5dedf
7081 b801a261f1cd31a7
7082 632c76651b834dd8
7083 db0b8331106d3c51
7084 64bab23e482dc274
7085 4b842f9a2a6d885d
7086 daaf8058a0d6cb7d
7087 f636da70a3a1990f
7088 fb15cbd00814e004
7089 4c2bf9bb05f547f1
7090 c8353f2729856b60
7091 3f20c22fc8b108d4
7092 854280daec2768de
7093 15d660ad413e4a2f
7094 c1d9bc12113ff1cf
7095 b967074e5f5fb073
7096 ca1e3ea2aa0a9714
7097 8f4afb5d218a4b3d
7098 4e275b0dfcc9e90e
7099 6ef5ec21437d397b
7100 524e03e4fadbe4e5
7101 d159ebeb3f39dc4e
7102 4fa85786edde554e
7103 adaa89a965183e1c
7104 87e141f70d05fa7e
7105 2ff425b467f4ed0a
7106 0a5ff084b18cfb56
7107 dde9ccb469414d41
7108 6b7e11875cbf1aef
7109 18c07196a3e09f1b
7110 3f9e807f0edc77da
7111 3102ca298753f7de
7112 983117758264125d
7113 4e0aeb400d9be561
7114 4f38a61b039785ca
7115 d37a59bc9a6b720d
7116 bfa58266e31c3ea2
7117 998910d5b2c19e8b
7118 2c4037bdd4e85ffd
7119 4368121f61af0509
7120 8911e82c4b539ebd
7121 3cc2eb9c460dd390
7122 1425b89e44731041
7123 6ef0294edb45674e
7124 47c314362743835e
7125 4c927cf9a0e55e56
7126 6934bced5cba402e
7127 df1e8262cea98ea7
7128 0213fa01cb8c409f
7129 b3eb8456678b680a
7130 3346954928407586
7131 eca538b762edaf6e
7132 bdb7423c4b494c77
7133 512591663882912f
7134 c6c45d693d045e40
7135 fe963b31d80a84fd
7136 03e0d2ad57873c08
7137 61566fcb482c24e4
7138 5ff97f62d3430ae2
7139 b91622654494ed91
7140 7bb02a969a1d4452
7141 7112d51b963a698a
7142 020286fe46c5ece4
7143 356a1b2388b3dde7
7144 5b7ce6c1ebe40d2e
7145 a0d5f76bee5fd3e1
7146 ec1571c3d90c9212
7147 c84b1b01a76522e6
7148 f501e601e9588b0a
7149 266e6542e2039475
7150 2faa39757fb1611b
7151 5dc9df389626ff0d
7152 461a711366464450
7153 126b6dd2b57ac756
7154 33f42ae3ee301741
7155 0dbb8922136b569b
7156 3c2b74cb6ab916bf
7157 96cf4f6a44612e73
7158 77df60d56befb205
7159 c8615e3aa9247835
7160 cb62fd06b4257753
7161 cbd9a969e106998c
7162 dd4d265d59c3a961
7163 ff97c15a389bb5ab
7164 4461847c9f0af1ae
7165 51f96cc2de691e8f
7166 d3c742e6c1d15dbe
7167 892cc11765b79e69
7168 95993b05f86d992f
7169 5c4320a04624cecc
7170 027c129fab81470f
7171 662cab6058b7940f
7172 9de379b1276b9a73
7173 d71875be1ed31aba
7174 a3b0e00cc64f10bc
7175 fd5b9af41870a2db
7176 b3267b2405563f63
7177 06116a2b5e0abb1d
7178 0aa0790cb8eb6d9f
7179 cebbfb2eda124251
7180 20c60822b940bcbd
7181 c7f8f5c2dd9756cd
7182 0d2ab0b285fa2e42
7183 a94ca24859c762db
7184 ee34f4ef1e79e595
7185 6a1dcb6f5606a205
7186 f90f9f182478af4d
7187 8ee36ef7e6e3e2d1
7188 64be5f0296092755
7189 016667fa28dbc613
7190 5a685cf3bacd03e7
7191 579cc8ee710fef11
7192 6ee493d3bbf7e081
7193 2c757cb9ec970245
7194 a2ed1ccd4fe2ff76
7195 d6b08a940900372b
7196 21031935614474af
7197 208f86e99c19dd6c
7198 e07a133e903fd00b
7199 1c94fc734da43991
7200 ba23e392097574f0
7201 e9646a4bb55835cf
7202 2ade24457feb467c
7203 4c49ec1f7ec53dd9
7204 0cb7cfe26fc506a7
7205 61027bf3636fb087
7206 e5deb6c4bbb6c4b2
7207 8957c6ef51ffe631
7208 ea82f7bd912d1fe9
7209 76848b1318a6c172
7210 3004f0ae0ebb32b6
7211 8f14697e51257f38
7212 06c7c902e7c32a65
7213 4ce8b52be26055d7
7214 951393cf0c532cb0
7215 cfc14f9a04a09b1f
7216 b8a98bc8eee53d66
7217 8e11d33160cbde06
7218 89ebdd7d7d97951f
7219 ba63781bf0ff91b1
7220 8a98eafae0f1c6ab
7221 b61acaa909bb48a0
7222 1b17e38e29e89742
7223 1d8695462ca52dd6
7224 6d058201db3ff7c4
7225 ef5e9af68af2c890
7226 2fe46042e211dd50
7227 6e835ac173cc3bda
7228 8a4af2525831fba0
7229 1331bbe5b92dbc18
7230 ce2578a672aa1da7
7231 8b7ebe2d3484a38b
7232 9ae483275312c189
7233 a1581fcd355b193e
7234 f70002d92d29734e
7235 b4831d5f9f983596
7236 967d34861cfb627b
7237 d6b75199cf7506c4
7238 ab34c263c1cdcefe
7239 a6bea2499b1d3763
7240 cbbac5c0f8855950
7241 f52cbf7994cde9b6
7242 525ac9519bdb480b
7243 b1a8c27b3f9b3762
7244 d33ba99b4d05b279
7245 3f156cf701be65a6
7246 52d924a5251a95c0
7247 049d8721dfb3e53a
7248 035d85adb80f5da9
7249 1de1473b135e1808
7250 bcaf97aaf28011cc
7251 6eab4f4dad509391
7252 0e8ca514f92d091b
7253 738693b906e34090
7254 19384017fab6384b
7255 4a6addb94016acec
7256 ade42a018b42a6ca
7257 6d76b36dfdf00648
7258 649e724052188134
7259 7738cb83332b3240
7260 5b98f27e65bf126d
7261 a9b6cae821017ec5
7262 0afb6cd3214c21b2
7263 4350d497b3ec4049
7264 7b7f2e704728df6b
7265 3d7534d54ff25aeb
7266 31cda9e6f6b19782
7267 2030101ee1e184a0
7268 dcfe4bfc22fadfa8
7269 239a0cb453277b4b
7270 a857c400b295bc9e
7271 2391f489a3755f31
7272 69d0d29b0ea6c873
7273 dfe0d1ba2e1cd20e
7274 4491b9b585c482ae
7275 d3829087bd47d621
7276 5f8ff7cc2aca481f
7277 2778939f9aa76215
7278 08b1415d80a0a68b
7279 0fcd5c86171ace45
7280 042dd7c89dca855b
7281 148f6078c1948d8c
7282 4e9ed5ac073aa188
7283 c6b4c07448780759
7284 dc618c0c4d15b49f
7285 6c2aa96d8e7de145
7286 e8bbb05ed65d7147
7287 184a3a800bdee28e
7288 044427c70fafef43
7289 c26813aceb381c38
7290 303bc2dfd7a52290
7291 df4e56c748cd795e
7292 ef0c3238ae5bd0c9
7293 e68c8e181438a3b5
7294 d53f2c11fcb6c6ab
7295 62363618d3651af9
7296 c847f514540c78aa
7297 9821ac00abf15f3a
7298 a98a82688493c6fa
7299 706e4d2f91b4aeb9
7300 274c6cb6ae4be38e
7301 96105c80462d2bf3
7302 a4d53790cf9a564d
7303 d223f48138b76f5a
7304 9ae680678a7e9122
7305 1728e1920a7abd61
7306 894205263a1832c3
7307 b741c73ef18ef235
7308 d11727159165c38c
7309 f2517366e61333cd
7310 e4c8ef892e517967
7311 e1e85fab4e6fae5c
7312 498dd3feb5a25f0c
7313 738e56d74a66d83a
7314 d4234a8b4c366837
7315 3400047bc6f0aef1
7316 0169b4d1d457713f
7317 1c51e9af2bf504bd
7318 32dd46774e7a22ce
7319 5dd978d839ae6cbc
7320 4830ac6e7641de71
7321 b3625a8bf01f6320
7322 e680f93c2ae02628
7323 f056bfd0610d4cf1
7324 6a875c564c65bb02
7325 1feedbc51fb14490
7326 47858a79e12cc870
7327 7bff0b00688d3ae7
7328 bc9cfeec2a4f6ecb
7329 428851f633b08f60
7330 3ccdfaedd1a8fb66
7331 bbb9a2297c8f88a5
7332 7d8557cc883dd31a
7333 9b0ea8893842b519
7334 a226febb6cf22e9b
7335 f14cf169a8cbf328
7336 30e9707a3bb007e7
7337 10aae50b366916db
7338 33357a7ba09c76f2
7339 497cb554bbfa4940
7340 5ae436608d59b545
7341 1767641d8c7366e8
7342 38a0059ea896d8b2
7343 423253ae6f4decda
7344 415c8d9255bcb149
7345 06b3a6f26f2d9aeb
7346 0497a3c59d8eddaf
7347 67b0a52af2735450
7348 4586e1679ad2021f
7349 ddea0818ff25cf9d
7350 b04c1e68c92c7012
7351 7a5fe3c395799c5c
7352 a8e074f551b0adc8
7353 c285c1a235555d94
7354 08db2d730a299eea
7355 6c214f098ff6ee10
7356 c0b6dc5181246836
7357 b07e36f74c5f4281
7358 f1b5dd2918ee7fbb
7359 b3e028c0374a3168
7360 b86df4d041bea948
7361 a40ad26b307d204d
7362 99140c0549040201
7363 32028a38ed6d3833
7364 1898f86b91e559af
7365 3e8e492984c76f49
7366 6a783780b2e806f0
7367 eab86be6c80f92c4
7368 3af4beb50da6810c
7369 0a71e884c06fd857
7370 abf6f0822ddba8e4
7371 366fd6b3fe3e0711
7372 34a14c637c54ad57
7373 4e3912fdae997338
7374 63bf1ce124df162d
7375 0bd6772e19d25604
7376 ee0bcf5e3b4da938
7377 afb4c756c8aaaa25
7378 15457f107bc260f3
7379 2f81f8e877a47e98
7380 a69b79a235e64de8
7381 596535464bf9b186
7382 1618d9ca2978ed0e
7383 2057648b04b8021c
7384 1e69ef54bfac893e
7385 78b55c118c44aeb2
7386 38b407d85db4cd57
7387 39db0fc4590afb0f
7388 72c705149000458e
7389 aa69a25786c5c972
7390 2eda818bb8839870
7391 b5cf235fa109f7c0
7392 d348f30d04cbf5b8
7393 4e2fc76d3c482d0a
7394 f9a346b3d0c5dbf0
7395 8da60d4d4ee05b9d
7396 d4d4bbf665caf557
7397 3ddd21394bc32725
7398 fd9ff7b9a92f6f5b
7399 f2a51667ce4cd3f5
7400 7ffe52ad0b45f6a2
7401 19602e27d70edd71
7402 157e54aa050eb63b
7403 c95d1da0ae076cf1
7404 450b867966ff7f33
7405 b1860bfb46f13089
7406 6f484a95e64e5a35
7407 cc4c9e0e56931924
7408 9c2a920b13ac7108
7409 af46b7b941e2f5d6
7410 7f9cf9b0af29aab1
7411 a69579a2e5a586ad
7412 753b1eb4c283ad2a
7413 3ee6a202d4fcf42e
7414 ecdf18c89e297165
7415 84fd44562b273c26
7416 99fdd125e882d7f1
7417 3d0cd76470d4b21a
7418 24550a03fc2ca1aa
7419 bb3c1f380b1af835
7420 63ed4cd533d763c5
7421 9eaa1c531e996f28
7422 152158338448b46c
7423 bf12b38bfcbfe8ac
7424 fb0c68d632ec697f
7425 d5800a0b01b97679
7426 de0bed0811869e69
7427 b8db87fda479ed3d
7428 f4442463fa99f097
7429 5c7ebf5d462dd562
7430 025c5a2c641ebffd
7431 25f172929e8d5ca3
7432 0bd84c9fe0bc385a
7433 bbcc4f81d889647b
7434 0b8aa944c7e86969
7435 a5e68d82874269c6
7436 0204a73a62e26f67
7437 f4032dd0de98467d
7438 d157c9d572f67050
7439 7da55077c6ea7c87
7440 09a9debf34780cdf
7441 1c836424da94ac18
7442 2d3047b5cc07874f
7443 1773db5e7ed8fe29
7444 2815ac27ba2458b6
7445 a915c0ffe4d1279f
7446 03a78ac3a944a3f4
7447 d74329599c901406
7448 65d19f3df0b0477e
7449 12c473290f968b3a
7450 14bb2e311224a791
7451 8c42be429911dfcc
7452 f9528c963d64961b
7453 100a9154cabf5156
7454 c80b96361ca76a81
7455 cce28101a3fb0ba4
7456 88f5b51da95c1ecd
7457 919bc420d76e8fe6
7458 5f9e4a456a728ef9
7459 9f71166bdc91a463
7460 17bf25170c83a7be
7461 47176c29e5c6ee4c
7462 0efc2707cc6d37b1
7463 e7b71cc615c4db5c
7464 14612b91541e740f
7465 88dda2197ba95006
7466 4e66242280c1d91f
7467 5ba93aa11813c42d
7468 108ee2704966352c
7469 3d5785f93b0e7ef7
7470 7e60caafeaa1e248
7471 6f18164bd45a1adf
7472 21ae0bee115d2ee6
7473 6970981e0251fe12
7474 822e78d6b8ac6607
7475 10fbc12a9474b3df
7476 283dfc98c08f449b
7477 cd90cdf4cec8408f
7478 89df73ea1595a7c4
7479 4feda04773cc8f7b
7480 99735a8284b72ecf
7481 a63526d6149e072a
7482 46745f96fed1b7c0
7483 1c92eff08dc249c5
7484 8d218e33e6d0db80
7485 160ab2c63deefa41
7486 a3ceb8913375dda3
7487 4636c8aef62c11c8
7488 c6cdb3261127d72d
7489 8482dfc6266bcd0a
7490 e558494fd3d9dbda
7491 5859142e36468e4b
7492 02bfc7008b541cc9
7493 d214b2a8209bbe9e
7494 39faf3f473b20256
7495 6dc421be4d407176
7496 1d4048ba5c8b223f
7497 b97fb8bb592777fa
7498 35523b069319f572
7499 10535c3cc6a9a6f8
7500 1ff4932958b06c4a
7501 a8987275412f72a6
7502 5c79ee6b6abeb39c
7503 16064175c477d21d
7504 c6a8d731c568ac6c
7505 555760e6ecaf7ff0
7506 00f761998024a1d7
7507 aa233a647f281a4f
7508 7bd65f33ef33cacb
7509 356af0b175d2df43
7510 a767142297472e65
7511 f9ff68b842dfe8af
7512 6a5a17a67523cb56
7513 8d3584c71d8ca9dc
7514 3f18cc1c0f011206
7515 173d14c16b94a260
7516 ad12921cd5f6abd2
7517 5c5aa6fe46e9a135
7518 9792aa92fc9686b0
7519 1c31b55bd1ce567a
7520 335b0f4c71951cb8
7521 7aefa737c6670287
7522 fd3ccbd881a892c4
7523 aa04c4134882cffc
7524 2d362254a43fe923
7525 e3ed350f3c9537e6
7526 9246195261e9606c
7527 457af37e36d1eacb
7528 bf42e59c507e8c1c
7529 fab33f9c8efd9d3a
7530 35a5be633b86c0c7
7531 67175cf7d0496231
7532 c33b1e26e37681c1
7533 12bbc5d33dffe5c4
7534 1f54a153b0dc37ca
7535 bd72914651f4f579
7536 e10b494c854f5ac3
7537 30a9e13828c8d379
7538 25e8aa52597aa049
7539 ac874375b6d58487
7540 9827409261ee6b45
7541 b3a1fb2c22b75d7d
7542 321b709eddcff119
7543 046cb26c5b01357a
7544 d4e6a8414d5f9988
7545 cbcb59eaea88dde2
7546 888c0212f6efb17a
7547 f55fadf41d1ed11a
7548 e775b64634f30d8a
7549 49e4b3c6e8a6b2e4
7550 92482a8e8fe32896
7551 ee133b12100688af
7552 0d0dceddfe397f50
7553 cbc615788524a0a6
7554 a09de67a803e0120
7555 0e3dbd30ec6b624a
7556 9d72bf32ad84cbf7
7557 1626184214726f70
7558 6cbe32b4546a6f8d
7559 c919d04cd4e61a13
7560 3752f74a0b8f4349
7561 2111367daad4b454
7562 5e8840eb419ea6cc
7563 4ba3ae888ccba49c
7564 68daa4b24e964d07
7565 885555315c8e9db5
7566 818274c44b959346
7567 9e840c917add404b
7568 164349c1e3832d73
7569 ca799f1e0fa36cd7
7570 66a14e16676a16bd
7571 4077fb9324e8b77b
7572 fbf09af28abfa948
7573 aa287a19670294ae
7574 bd5b9a1aef1e6547
7575 38f76bd908dafdfc
7576 a6e83bd4ef5dc379
7577 28ffde2ae96bbcb2
7578 96719add8ada18d1
7579 829cf969951b31d0
7580 9df772992a1b3cbe
7581 69bfeeb1201efcf9
7582 35193a4052fece1e
7583 c992b711c0461e41
7584 bc50985a8846b054
7585 db5e21e5a4c0b5e2
7586 5fd0f4a7e5359472
7587 750104a9a764951c
7588 bd52be80af76d6ad
7589 689ebb48d2596d61
7590 665774d764409f5b
7591 2fa31018016b26c5
7592 76b321761e296b89
7593 f94f39a803e399f8
7594 482f16f04d7a52a9
7595 b951689724721f1a
7596 6acba322de55c139
7597 19c1993ba8e7bc39
7598 d93b9e64e0f9b330
7599 b3284ddd3e956795
7600 6757fcf31b56fabd
7601 0d790b1459d95a83
7602 0f1d61615ed1cb1b
7603 b6ed52d4745df0c6
7604 19661637f53cd5b5
7605 d61e4f34ac4cd30d
7606 a3bb9b7322f575e1
7607 3ba72e89d5d6f199
7608 953b8d6aaac1d4b7
7609 711e50a0416e6d74
7610 09c76af32e010529
7611 de0483ee94890b57
7612 fc9f2e4bf00a462e
7613 92f3acc098770625
7614 0d2cc791f9bc101c
7615 59c1642edc360d46
7616 f694a1ba26ae9df1
7617 981f7e2f3ce07f57
7618 c91e3959c67758f8
7619 1dc655518f0eff0b
7620 5e52dd67e6f206fb
7621 6f5522c522dd9b46
7622 82069503555d1e3f
7623 8eb395ca0414ed0b
7624 fd508800686ed56c
7625 b08e9c0a1347b0f1
7626 6287dfc5017db1a0
7627 31ba9ef50fec5c9d
7628 fa98facfccb0274b
7629 fd9ce46e6dd375c5
7630 71b5e7cd86bd47f5
7631 4dd8a38d13953ad6
7632 d9c3928f444d93ef
7633 2f1e84e2dc8c6644
7634 31018d5de0256263
7635 c7e765126e5c5bb4
7636 7d7f6c6141d9c8db
7637 8a4371735a2789e8
7638 4e715161c60810ad
7639 edfe6cf8dbbb44af
7640 d1f3b68ae912bb04
7641 ba32a01fb70db25a
7642 f5de1dbdf1806605
7643 23245b5e6d674f9c
7644 6b8f680fa718f75d
7645 c012a163fb7e45de
7646 19f752f4d2935f81
7647 51abe8b82878367f
7648 9f45381a05d83f7c
7649 9f0421740a66e8ef
7650 d65e801dcf3a3a80
7651 5e7f0fe27d56f5df
7652 2fbe1bab3ede82ec
7653 f75156b011754c30
7654 01092c4c7e17da09
7655 63c09febbdb6b90a
7656 b001ce6ef0cdd86e
7657 59bef1537f6a0766
7658 a76ae7f36b49441a
7659 e1495906594200a9
7660 7b0cf0a7b76d8ae4
7661 c8819e9b65794c00
7662 ad496d4a0ec39849
7663 2823388333cafafc
7664 74cbd44d178861e3
7665 614b504efe7a63d3
7666 75ff513401b1f8ab
7667 385d22f13ddb4362
7668 05993ca13e5ac230
7669 088ac85c16d0a6fa
7670 a028ed7c63fdd62b
7671 4b98c46f74feaaa7
7672 7c1bedd5546ad272
7673 0b9f249c2cee6bc6
7674 280825eb5bdddacf
7675 5af3840f4a4e5ece
7676 bcad97f6fc8df357
7677 0b6977fe18d8d60d
7678 3411c5e516d74b52
7679 ecc672202a9195f2
7680 8c0abd8675338485
7681 1f5d68a4f00b9ff2
7682 9a2a251b96e95167
7683 27b3d686b606c417
7684 c52a958ce438cccc
7685 fa0cd882bbdfd0ed
7686 7b0469bdd28a667a
7687 3ed017bb5995e45e
7688 82b4c06cdb518f04
7689 e8fc89173b7fdd73
7690 f7221bfa444bed7f
7691 da9d13f907edb042
7692 befe950d0042628b
7693 bfa0f77b6bc7db2a
7694 f2dbf7257ca735e2
7695 3cb8e797f9c41ecb
7696 24ee9be150837af1
7697 504509044d76890d
7698 ecd52424a68d1a1a
7699 90746b5ea88a4491
7700 c7a6a6bf56157b8d
7701 d690e24825395f70
7702 6a4bd5833a15f2a2
7703 6323d157ba8312f6
7704 5006da8a335d7ab1
7705 6f6d6c490cdbbbce
7706 38eff3c2a91aff00
7707 9125643e6140d2da
7708 b474a618bcb2b06a
7709 b1b54fed6306f6a5
7710 4b3688f5fce3f342
7711 afdcc61135d40a9f
7712 5f05a9a678317470
7713 3a797ab045674b05
7714 2e4d9644e90dda6e
7715 c2ba469341284676
7716 d4dee1e0acdb2d27
7717 531b313933522a14
7718 913419cb1bc550e7
7719 e3a0bfdf2ecc0411
7720 d696d513ba5ff30f
7721 52b8d1cf0e1c4552
7722 b54b9d3d34786efa
7723 03c4f6b7e34c5fba
7724 0a01a2cfaab136f6
7725 a7e50ef96cd6d58d
7726 125846c29c29d6fa
7727 1f7bdc95bc80da6d
7728 709dc679f1b24ff6
7729 4a24af525f487e8e
7730 83225c645b72ecf8
7731 e3cb297b14a90e8a
7732 664f59867b78d6bc
7733 83ec6e6c9277a8c7
7734 3b490725a42aa744
7735 527bfc8b84345b47
7736 34be63027b3e437f
7737 07bc81bf519c9386
7738 1e60b1926e7b0f67
7739 2d9b600a8a3dfc48
7740 666a5ab1e2d2d0a3
7741 88375d67f33f2e54
7742 d7b51c470a5d8675
7743 a00a63ebd88ed142
7744 cf3b33f777d6766b
7745 4510ad5eab792efc
7746 37b43d8bbfe38f80
7747 268cbd5d816b0dd8
7748 b8c0d9482891e7cf
7749 4684b964d82bf0cf
7750 654bb0968aa4d496
7751 89f967b8a0db13a9
7752 8ec49733826d737f
7753 74fb9b0ae35d009a
7754 21ec7e35235d12ff
7755 a0e97f081f695bd9
7756 1eb31349ccc966bf
7757 bd01ab1f460314dc
7758 7356fabe73922a15
7759 bbc0178e83ba1ed6
7760 b018a8a890f881b1
7761 184facc4008a20f9
7762 54fa6b2e45cffcae
7763 456d8f204d7c79d5
7764 42127806dc98e9c8
7765 3727692120029097
7766 15a8cafb56e57dfe
7767 327845f4185b1a92
7768 ff6ee7599d32b207
7769 5873ce65de3129f8
7770 b8fd3c4b5d688486
7771 7e5df2816978bafc
7772 af9211ac0d4c74c3
7773 b114106352b9e98f
7774 2a3ba8d74372ab60
7775 dc3470cfcbdc1ec7
7776 ed34698df7606015
7777 b434a752d3c2bf96
7778 99df59b5e9a0f558
7779 7d32119668bf58bc
7780 21ea879774e8a6a0
7781 14721d2a6f7c5841
7782 d0fcb03c38ad50ba
7783 4c39f778a983195b
7784 de98377fc0b2370f
7785 0523dfe3f63c83cb
7786 60850cea3d7caffa
7787 c75536d9c8e91fc6
7788 59bdd1bcbf39501f
7789 4c81f6c21817ae43
7790 f9327b1d682a6f2c
7791 c5320568482a3eeb
7792 cc232c7c2cd6c3b9
7793 3bced65000d22f41
7794 c4b0b2e0b519905d
7795 20cfb436d0a094a7
7796 70a8b87c1078eb84
7797 9b417c4e2f3db834
7798 ed697d7342026f2d
7799 40bfb42ae8a1513a
7800 1d23d584642a9a00
7801 5258083a4c4288a1
7802 4a48e8571ddd31a0
7803 c1640d6c682f909a
7804 c8e28e7442099c95
7805 22dc7fa7dd2cd5fe
7806 f2212566b09e9df5
7807 c86de521de5de7da
7808 f8ab82ea5ade3339
7809 1db2cc8dbc30df91
7810 20e80546af48f106
7811 501c61275a8715a3
7812 7defb52a003dbe12
7813 79c07c358d4c6569
7814 f830665d0b3f481c
7815 293db1d9bb01c015
7816 1cca0a68ada97522
7817 f62c8e86cfceea45
7818 a2b5ae3fa8156754
7819 924dff71c246ccc8
7820 eba6f1874350438a
7821 b9ca418eb21781e2
7822 ad3d90f00d63aa70
7823 095a46dfff426b36
7824 11379287625c18fe
7825 01edd62d9a19ae61
7826 9b29d155a750d2d7
7827 6cadf15021b0fe14
7828 1cd68fb9c0d282e6
7829 774d7dfec20729d7
7830 c72eadff0464e86f
7831 a7ece20b6678e647
7832 2c1a859d81b34e94
7833 25846f28d2e2dfdf
7834 f718f441c1402ed9
7835 02d1d296634f6ea3
7836 e937b367778201c8
7837 1ba8880307d5870d
7838 c55938ecb279bb42
7839 138498f2792f6d6f
7840 fe4e0c235a9acff5
7841 c6c097e8b59bf1f3
7842 37772ab90ca90fe3
7843 6928b725bca38a73
7844 0bac421ac85cd587
7845 f27988039b7f683a
7846 85c2c3f7906c6fa7
7847 51f4cae5c1050ad6
7848 ae3f74c134af17a4
7849 aa3091b6b1506358
7850 0d7f174da517a338
7851 768bf94eab5e5800
7852 003c6b5a2af429f6
7853 08d59a340151b50e
7854 099c68282be12cd4
7855 1bc4a689eee09cb3
7856 414d88d004cae335
7857 a467b54e646be374
7858 b7b94c1b7cd14f0f
7859 e4b3adaf09682920
7860 cedd2fcd1c792ba0
7861 1571707e563adeda
7862 2cf207bc13c9fb80
7863 206550ed6a16e229
7864 f80e3a59c0887ddc
7865 09c3b756edb7fb9e
7866 a09dfdcd92570b56
7867 9934b5547129e3a0
7868 6738344dcc2860e1
7869 da07dd5db9eed3bc
7870 e275fa665f55dcc0
7871 923a030a409cad25
7872 d411be14b47363df
7873 73d867ee2ab14b4c
7874 95b8996ea3d04578
7875 07da0c9337aa9d68
7876 c7fe5e33366b3e50
7877 669cda3ac8ab7ba5
7878 dadc2027b4ed62fc
7879 12fa1d66bb98f6b0
7880 61b97b2f1ccf62f6
7881 de1d12ffd319decf
7882 3b8b4a5f8d51f133
7883 94909c9bc68e033f
7884 5489b73881202ca1
7885 b90e93e8efd3dd40
7886 ec83023f51a99271
7887 1dbe580e362ba2a9
7888 70c6bb385a1c76f2
7889 97627bcec88e3ab5
7890 8e08ec1f8ec35513
7891 7d957c28572294c1
7892 325578df3ada82cd
7893 1141be7aa07e3aea
7894 f5637389d177f520
7895 985c0bd449cc1553
7896 7125716129f1377f
7897 68ac1622eb9af962
7898 d7f2a3ca3b50e433
7899 28b09654c216449e
7900 8d9791c5b7f5dd00
7901 edd7b9337afa6aa0
7902 fd755c8f2c728325
7903 72128d5f978dcfdb
7904 cbd1c17dec9e7ec0
7905 c155cb62385d9997
7906 6dbc7664b427b005
7907 aae778820bce3e7c
7908 f9a4fffaf6046d37
7909 afcd40c8212b03d9
7910 c1137b682de83038
7911 11ee2564ec8e2ff0
7912 b9223ba6d8f69f52
7913 da40b336958588ca
7914 fc59539f900551bd
7915 33c446e985a118bd
7916 d40be42b98ae6786
7917 9c544d60d9a3aa78
7918 d74a113dc2c99739
7919 f97f9319630cb7da
7920 1ac995842a588b14
7921 55c717f0ba213d81
7922 cc0325835705f607
7923 3eedb09aada0ebf7
7924 2744be69dca4bbcf
7925 10f9b7ca71b04060
7926 365bdc1a679af8de
7927 6b4d1310e1af25ba
7928 6d3b907712bb363c
7929 bc99d59cdda28def
7930 1df24dc35e170d0a
7931 5383d057053d894c
7932 7f8d4976de01664d
7933 ecab97c9ca0f28b7
7934 318ac373edf53bce
7935 68785150a6985af7
7936 184055beee16c560
7937 270f89a3bbf9524c
7938 f0dce73fa0c8b268
7939 d745aafd752eefa8
7940 6f5de799fe1dd796
7941 213c685faaaf6fb2
7942 e3ff77d4b4b4891e
7943 9d5d46d4ce79ef04
7944 ced132953ab16e68
7945 5ab67de4653e9cf6
7946 14b75953b940ff06
7947 869fc9b2e1bde5b0
7948 24f054e901409dce
7949 7f88ed4b3a8f5e5d
7950 fda3d08666fa12cf
7951 e12344ad74e8182c
7952 583a907e59002e81
7953 c508314a03974199
7954 cf5473e04a83d956
7955 67e3a99b6e461d64
7956 ff790ac3e37b8b15
7957 81562ecaf45758cd
7958 79d1c5b3ca9577c9
7959 8a664129cefeec99
7960 a17c2002b10a7425
7961 199857ecd5112b41
7962 9b0e062aa93ea73d
7963 870cd16bc842ed88
7964 39e527aeda555e16
7965 9d277c37d6deba7c
7966 9f7d1338b1b13e35
7967 fa58be2f3c725337
7968 dde1e24f734c3f5b
7969 f365e4a11cf062fa
7970 ce395365cf16489f
7971 88376e2d4d1eeea6
7972 f19901e94590b100
7973 6646b1e763617b95
7974 fefb7ab5ffe6ce15
7975 0fddd5b1fd6e87e3
7976 341587d09d515842
7977 1ea3ebd9d546639d
7978 119feaecc1b5b7be
7979 992e67e26998f31a
7980 90344c3e3c6ea04c
7981 039df1a9f994fb65
7982 63349977708f18bd
7983 1d8b9403f25124b7
7984 7039516ae0f5c2a2
7985 970e0e5c490c09a4
7986 41da16b0281b77e7
7987 00b8e17d61d528a2
7988 347a388338cf43dd
7989 8ae3075c31a258ab
7990 bc9d2b192e41ae54
7991 4a44609b1d3aeb76
7992 8913c44d48132fb2
7993 947d50ac93b146df
7994 0a06c593e2a92bec
7995 d3bbfd946eb4b22f
7996 945d5927b7cd1c23
7997 6c3f38b04431c263
7998 e8aa48eaae3b9988
7999 05eeaff12767ca82
8000 f5d33d474f45c42c
8001 1d2bc4881466074d
8002 9a0fbe3a8293d3cc
8003 c2b27769d1f9bfde
8004 fca98b4094887e07
8005 1cf027fc716704a8
8006 11677fb5a102f683
8007 e9f4e50ef1f18504
8008 5579d7c03717210b
8009 fe927f075fed4ae1
8010 9257d5bfec6dd9d6
8011 c03f26082392a84d
8012 bc78337514ce4f66
8013 44cea90ff97897f4
8014 e2d33dbbf5e9ef34
8015 c566c799a29f21f5
8016 35d4fd7f22d3cb03
8017 22ee2c5cf7dfb318
8018 3cbaa031685dc11d
8019 1277eff8dcaadfbc
8020 03343057cc1fa5a2
8021 5471fea51b0004e5
8022 7a03e30440897bc7
8023 05e56fb5bcabb0e5
8024 caddbb891588ee82
8025 7da53abc1ec73259
8026 e02fcf881ac60bd5
8027 90e7948f5a9a9297
8028 66d3d0d77a4f6692
8029 ffe0aa48c685492c
8030 55fbf796d51d8e04
8031 9a204e94d0ef88e4
8032 b32f5f6b0d58f313
8033 c5949776d61ad45e
8034 73822b7915bfcb00
8035 b96e5fe3f7277b97
8036 97ff957c3892820e
8037 559b56d6a61cf27d
8038 7db4ba9b0722e625
8039 450a85747197c0b6
8040 25f8b827201caffd
8041 b154be34966fbe67
8042 a30851f309339407
8043 7c9f12f74e4bcbc4
8044 ffd4cd49fc1025ed
8045 9129b66f1ef4f34c
8046 4f9363030f62d0bd
8047 0482665b4abdf548
8048 a109accdd5023406
8049 cb9c5e74f81c7ba2
8050 737e26d46334edb6
8051 1280a79a98d82e0e
8052 b07efa854beeaf68
8053 f6b1a3c90b21488e
8054 c57ca6de1b56cfad
8055 99dc7b952d4755af
8056 aa8a1a8ae26607be
8057 980b6b9028e9ab02
8058 2f87360eca12149a
8059 107f0fd5bb9b91f9
8060 51fd4bf02a46add2
8061 537c5926c6692566
8062 f74dbd3f21572baf
8063 0e639d9d52f2e0a5
8064 c9e379078cea09a3
8065 a6fd5282501d7f0f
8066 ecb9d91badd8b66e
8067 8ba4df70f86ccd2d
8068 924b06aeddc98b21
8069 2dae20ca5bcdddb8
8070 27409645be3c8032
8071 9c78b6834da1ec05
8072 c1f1dd1948cfd1c6
8073 cd97908c10e46f7c
8074 d5fa59ec822e4b9b
8075 9adb6f6b3bf0d91d
8076 fe868606959a9887
8077 82f49298c75ccbfa
8078 ce24bcde5806db0d
8079 23fa008c3db78661
8080 56d7e0c0b431e7d0
8081 a2b81150f433de9c
8082 f10a5c126a68a771
8083 e2e32a1ccc98bd55
8084 ff54b5171ed1e877
8085 f70c9b4e410e7aaa
8086 eee971e7008bf992
8087 2e01fbe0a804df8c
8088 2eef79e247bf39bf
8089 7169805bd10a112c
8090 83d8d171aa767d65
8091 07d99b3bbe3f4356
8092 28322944918b53c3
8093 ee300737e09ee796
8094 3d6a5ec92ca1b66f
8095 a24c957863fe8e12
8096 15969d4200644ef9
8097 6291a9cb8cf2ae7e
8098 7540090b6aa848fb
8099 83979ebd71676bb7
8100 76d90767c279cd3b
8101 e3f03961771a1b8b
8102 afe2b267472714c8
8103 7b5244c7cd72f3ab
8104 2ba435cc00abd0ca
8105 9473c3b464187065
8106 79495b06d712aabb
8107 4e89fb3253255233
8108 6b9878bc14a1ab95
8109 648c5fa79cdefbb4
8110 c7c771a98b9e4b6f
8111 c92779364914d19b
8112 bdef31a10601246a
8113 e0e84053d2e6b52c
8114 17b811e05e94c834
8115 a4848974c00e4f03
8116 5c0b93e040db05ab
8117 08a3a43aed7aa565
8118 5cdb12223bfa2d17
8119 67fe6e4379afb4d1
8120 4a46d1cfd8378785
8121 44e8618c941b0bb3
8122 06ff9b91836e44f7
8123 549bb2918fce7c82
8124 10b5667cc6dd49a1
8125 8a77f2cb4c1868ad
8126 d6ed423e81386832
8127 3a2302bc677b369d
8128 f0550c153cd28eee
8129 781f7ad855cc9b18
8130 0a80b9827302e269
8131 3588a38b3b8f5be9
8132 309e9aa2933155ac
8133 59140a1ee418f4e2
8134 f021ce27428a7d9f
8135 2ac29ecd4383e42d
8136 3130cd5212245d07
8137 8c4ddc8c82f366ba
8138 77b25ea4ca609bb6
8139 70ecb7b1907642c0
8140 6c2f8e292e8bb77a
8141 747428dad7dc140e
8142 58b880786dd8e041
8143 126faafcbd95720b
8144 5a70fe261b0f7a1c
8145 26ba82e17b568c28
8146 9b299dceeb0294dc
8147 dc0f2a29b8b9674a
8148 c8ac407af7016ba3
8149 3c752f8cd26fce9d
8150 14b6b3d572d7b959
8151 dd1cffdf756f44c7
8152 259697a4e74ad410
8153 22ba22a89167d040
8154 66a0548e2dbe6a6c
8155 f7c41acfc2cf4ab0
8156 263fe641d76481d7
8157 5de6d643fe05b75b
8158 6bad2800c3c4518f
8159 fc9a2f7105dd3679
8160 09dbdefaad6de3f7
8161 3880840862cba18c
8162 24489ef17dea98cf
8163 bff44fe6e68b13ca
8164 681c1ccf3043c2cf
8165 5ff206088c1219d8
8166 825724e8ac8f5ab3
8167 4c03b595632cf0b3
8168 35c3eb5c9e851008
8169 2b1dc6c4f532bb1b
8170 e8bcda7bbcacfdec
8171 0325485b87e2f950
8172 8caed6b56e782201
8173 4b9e325a194b0afe
8174 fb2ad6b85dfebe02
8175 f6b888be0db4042c
8176 0ff25e32b40ebea3
8177 0e003bcfdf6c371e
8178 d0f14457397b111f
8179 e64b7b04192f895a
8180 77bc633769ce4da9
8181 8d00ccc114c76075
8182 c84296bb1549db48
8183 035c6f1fe0ded54c
8184 3ca58a3d734b9173
8185 b8962ae597bf04a1
8186 15ba07ebf38b85ca
8187 deab678a1ce3ecaf
8188 2f2032b9a59ff1ac
8189 1684699761665f4a
8190 f686ccdeda38292e
8191 43f49e0a20bafdff
8192 a3e178789f9125c2
8193 bb3ad73eae9debee
8194 bbac17ef891cd8bb
8195 309b375fc03326ef
8196 1ad87245c79b1557
8197 0e40ef6963197b60
8198 cd5307171a924461
8199 e0a381ff54f501b1
8200 49ff1193186d1cbd
8201 ba9dbfa86353f0cf
8202 15a0270205aa8240
8203 e1aa3ff34d7ff483
8204 ba4d0f75400d3625
8205 01c7e33e65a62ee2
8206 b658ac4dafaae79e
8207 ab36f56a5d458e9d
8208 180f966027972870
8209 f2318cffe6bf8aa3
8210 e633a327db695093
8211 740e1c57415204bd
8212 126277e31655bb61
8213 d92df4a348bb595e
8214 1b5bca2496f380b8
8215 109fb2f8fb5278ec
8216 92fc02bea28e0792
8217 2fe0089bbc512442
8218 8a707f45c9e66280
8219 9d6cbb7edcb7dc94
8220 17a66b2df6c60a72
8221 9df491da0c722483
8222 2c05d85c622932c8
8223 fc599a1991fc6679
8224 5e3a0bbc08022573
8225 3b388ea89ff6302b
8226 ecd625b9c0901c7c
8227 b2e8f2513d100def
8228 54254361f01f5540
8229 57cafe44edcd4589
8230 346b5e03887c0f47
8231 04e4e20e258e2d37
8232 2ddcb7eabb7f9b87
8233 a6b49fb6c54623b4
8234 e8ee455801d49fde
8235 5f3bbc8369d81445
8236 9dcaa7ccd7c19ee9
8237 5c9774565ae6b692
8238 375942fbecf0509c
8239 31c36229c0f7171a
8240 a80c14960097b254
8241 136bc48e03cb2fb8
8242 c76355dff6e2b051
8243 b77c432ae293534a
8244 5bf1dad8285ba4d3
8245 4927a546d76d4783
8246 ee012b12ec2cb2a5
8247 b0d48c4f30e7a2be
8248 fcca2479f93f993c
8249 d2ec1a0dcbaf9357
8250 2a36aafdaa0ad6ba
8251 f136a4df6e4d0539
8252 d35fad61cd075e99
8253 410b3e0fca8b1a50
8254 bf79c5dc3da9c3b4
8255 2936e68311b69f32
8256 020b1e407a1f1354
8257 d8f112eb8e04610e
8258 cf1d3dfc28b097e1
8259 e5e939fa6f4f0889
8260 fe709dcc4436ca9f
8261 bf4bb69661416909
8262 a01001dca8a78607
8263 f582cf622a06699a
8264 41fb8589eccee30e
8265 8eb21063668c5c67
8266 50a7e0aab2ece713
8267 d59368300c58b87b
8268 edd143ca58b12029
8269 b61529202609e70a
8270 0f774192b074a663
8271 a602d7811c9bdc2f
8272 3522d98089f57863
8273 0add409cede74bb5
8274 90533a44f10a0a3b
8275 b9e0ad92eb9f0f3a
8276 9d68b1d78fd7ee31
8277 e2dd82956beb6948
8278 330fb6d810ce0138
8279 74b7f94f88f5da36
8280 143c35d539c89c27
8281 b728836cd875396e
8282 4b3592a4a6b14cb2
8283 083a6c43b65478f3
8284 da4bd4bca98f9bb7
8285 44ffda7c495d53dd
8286 e6c11124be9de1a9
8287 7e251c41d08bf5b8
8288 29f15114ee2de4c4
8289 0aebcc52cd481648
8290 4cc875219f796746
8291 5f94f4fea9fdbdaa
8292 e0215051ff71105b
8293 3a417bc5485dec43
8294 9995cda7e95ee1f1
8295 7077c439b5f1de34
8296 d1b61f6385735d0b
8297 5ac2f24d2f1a2ccf
8298 f44c1d48d5a7ecdf
8299 7efe1336ca5ad478
8300 0edcb6ddf1176644
8301 232eb3c16c7cf121
8302 75cfa1b78c96ecab
8303 9f9cda3696fe71d2
8304 7477d2f9895b0073
8305 f654c1b9b1209b7d
8306 5ae56c29a6204a4c
8307 1ea886c9f00d86c1
8308 b77b7e85b9fb0e6d
8309 73814e21456bf823
8310 53a4a9f7d398c086
8311 72b653f90b3ed896
8312 d023ab8dc010a261
8313 1c807a125e8279eb
8314 c7daf3458815ff5a
8315 402f599130be01c1
8316 7513ee1d2c4ca29e
8317 c0857fc0ecc5075b
8318 c21ebc14a15e0846
8319 379b8ffa0ab9672b
8320 0f13c2b46816ea27
8321 c0bca12b3ae9913d
8322 600af320c34b2ce7
8323 8c347b78a5414672
8324 0eae0c9f1b8f2c71
8325 7454b807fd055c09
8326 1d6117c308477c8b
8327 163b5c2fc21f14fd
8328 9f6867816fbd3ec5
8329 4b1e2757e48194ed
8330 dfaa4871c1c1e3a4
8331 bf3d1cad7c5a9583
8332 1f6efb35f7c9d454
8333 e0c320184e1736e5
8334 a02665782154e0bd
8335 12290dd75e4de51b
8336 cda98019a8a981fe
8337 b537c019f02078c4
8338 56c758fca73d8a8f
8339 ee60a3f396247527
8340 6255550e1d2c16fb
8341 c356d20cc4b5b5a6
8342 3ca30a755aa627e8
8343 43d0c262809d1950
8344 d5c082cbdaef6364
8345 538dea3331465b74
8346 f16f3e7dbd3a51c9
8347 866d84e4844fbe5f
8348 a526136ec8b821da
8349 67bbf0ef0453b108
8350 9a548c85b7a57306
8351 8905bec67460e1d9
8352 fcf539a7a126bcfc
8353 ce6a1ce729c7629b
8354 fadef27b732cb196
8355 9e97efb7daea9c32
8356 b05820158463f443
8357 e1ddc48fd7339afc
8358 4b3d339ae267d5b4
8359 c450ec8c923edce3
8360 3d22303d00a63c1e
8361 7af0142738773ab3
8362 012e8439ebd0265e
8363 77b1cd3141950cf0
8364 32a9ef3be0fb79a1
8365 5034e14b9b532a2c
8366 c5dc6d8cd44a5068
8367 6a03a3569b053bf4
8368 c89993fe8d600b17
8369 0ab369dc0cb85332
8370 f727a5858de84a95
8371 97f56230b0c8e621
8372 a8bb7957f8ec26a0
8373 9c78e0e865a3f78e
8374 e295179c4a509907
8375 b2301c086b3e0ecc
8376 a5f48e269cd740c5
8377 5d150744ea7ac47f
8378 11fe75e54d697763
8379 aae9800c761d2b3b
8380 9a602e43a68d2d85
8381 ec9e8c22cf3fcefb
8382 e8529eb8e6e4f393
8383 11d8f7180f1d53ba
8384 801811bfe9112e2f
8385 41c06b861eeac543
8386 b21f989e9fafd570
8387 9995ed35b6a99d9a
8388 81878b33ced7ac77
8389 c47e86a6c862d356
8390 d68306d243cd8533
8391 0dc463dd4eb6825e
8392 9ff902ac58d82f3d
8393 8781647aca25c21a
8394 7e0b8ae6892e292f
8395 b636552902a9f2ca
8396 4d01f1104aff575d
8397 c36d2feb5528120d
8398 eff45035de8934ed
8399 f7b4436ddcdbb47e
8400 35bff4cd02fb424c
8401 37395f4578b5a9ef
8402 88012d5f28099d94
8403 a89cc4d1741427ad
8404 684e490c9d5a0080
8405 c685e1cb7b6437f7
8406 a3dbd386f8e7da5f
8407 ad6c598b31b5a45d
8408 b65f6bcba6c937fb
8409 b6b0f76cf142186b
8410 7a0fccf09fb83ae8
8411 77554e7847573d97
8412 287493f4fab3b6c4
8413 57f22ce058d7c2a5
8414 aa0ecb6ed92c1669
8415 d1287c6ccdb5e0d5
8416 da91f8a4ddf56947
8417 a01bec0525f15af7
8418 66c6c3189f1a8e5a
8419 8ccdbd9dad07929a
8420 cdb1fa7da9f945fe
8421 6415506bc6712d53
8422 c596f3eb5d635d93
8423 9db354ad10e37f06
8424 3c798926ca772d95
8425 d73239f009bf9cf7
8426 cef20d1f645624a5
8427 34497d8dcab047a6
8428 c98ea9f4f66078d4
8429 e05225f100f0a570
8430 2c7cdac38ec36c1a
8431 452c532e12440264
8432 70a316d0e6d09aaf
8433 a906de68b967e7f8
8434 80e6971f7f920b26
8435 72ab252152b70853
8436 ba45edba09b655a6
8437 aa5b71c0ac3b70bc
8438 046f302ee021770a
8439 275bcabe7770fd1b
8440 ac7483508546d0b8
8441 222fdb14cb640319
8442 75610c2bc9afc8b9
8443 c06f96f33ee771d4
8444 40de7f342ad694c1
8445 f797a93523ad875e
8446 9830cceec71e652e
8447 c1c7bfad8ddf86e6
8448 9ce0d990281fc0a8
8449 22798aa52d96ce04
8450 eae505469dc4ee9a
8451 746bf5c2e84e706c
8452 25476366e1a64856
8453 c3e289b219635783
8454 c70a029d8ba5c807
8455 12c0146a98239997
8456 f34e26ee6386c2a7
8457 8f99b9aa4e523cf8
8458 2d1058a30b79dd60
8459 1d9bfc87ced7bac1
8460 ff070da4a654b909
8461 5370972b7be0bc04
8462 116ab8c63a5e1ed2
8463 b9dfc173a547c96f
8464 3588a2451dfc69b8
8465 172614d3e9a67d3d
8466 23ae68611b3fc074
8467 ce8829a2630d96c4
8468 fcdce3552b63763b
8469 5fbc40af5daf058c
8470 cdffe60707e80921
8471 b7244c664ddeb5ca
8472 d5e8d323ff03aff2
8473 88d2af627ed6200c
8474 2c3d1e754bceaa9f
8475 bf7f6162de02f793
8476 c7821d75409bc0b6
8477 bcafe9f26e4f32a3
8478 2be51a3ff55eba2b
8479 7e259c6b1de4aa78
8480 20065117a90820b1
8481 6d5e898f850468db
8482 d45e4da3bfa4be48
8483 7da794289db357ae
8484 93895a91f15486ec
8485 e842fe49be42c60a
8486 6d735e5a5eebd758
8487 e98826c9dcc5867d
8488 eb979656bb3aa5bd
8489 63fc1c44dca7d628
8490 846d5b5a861e3abe
8491 b35c573f01c176e3
8492 e1039e50b9aea15d
8493 8e5e8852dc672754
8494 1fd5bef32ebcba0a
8495 89c1cb19e21f7d76
8496 11dee1f713c2c9fe
8497 b960e30754e9d846
8498 e203dd8cc3d6ac06
8499 0f46838529753139
8500 61488e16c96331a7
8501 a5ed2c4241939548
8502 fcb84bf242df62aa
8503 30ce4c45e66549c3
8504 769796e9a6c3c9fd
8505 71b70b06a1728090
8506 d827935e1815922c
8507 2860ad1d8b5b6d59
8508 eea3617d3f136cbb
8509 7afd9cb4209f35c6
8510 a2e464046f4db1e0
8511 b1215e3205dffb82
8512 fa5beb8c3ace7aff
8513 f851f95da0268fee
8514 05d5e7083ff3af38
8515 40f7f87098ac32a6
8516 09c5706f6997df1f
8517 d22acb2c990688bd
8518 c889f5b6bc293320
8519 794598da3b52bfff
8520 80ad174af4e5b3c5
8521 e560850d6c101575
8522 0c9cd7cd2ae97960
8523 e43477b653e1835b
8524 9aa3088c42768b4e
8525 1f497d2ca79f393b
8526 66aece0498c0459d
8527 a034bf610094ba94
8528 8fae332d5de84d7b
8529 d0d068ee2b3b68a9
8530 98228a349caad3fe
8531 e12d6fe68baf6974
8532 2e93cb5d3f5f2993
8533 df5f113464053fb2
8534 c89168d5e0370c1f
8535 ead838687262f32a
8536 5d5581777cee1443
8537 a8b839ca698c2ea7
8538 dd7fb1108547eac6
8539 1eb2957c2404a7a5
8540 905d9efa2470e46c
8541 bcecd536f80525d8
8542 85e7e116f565cff4
8543 bb1d51bfaa1c7397
8544 f6bd8ab96e3f4f8c
8545 a9d28357a36fd463
8546 905a32ca3169d2bd
8547 e86a7f73cb669b8a
8548 9adc4d50d821889e
8549 0991ab728e74fa65
8550 58124e78203f3d48
8551 023a2982367c1c99
8552 675b3e5cc9756caf
8553 fdbf046df6f6c0a0
8554 720402a010b147cd
8555 a41ac4fd4d6d8707
8556 7e04559999e86adb
8557 0859d8735f2b94a1
8558 a043fea2fc1d4462
8559 b7991dbea0d9994f
8560 e5401b5c4a3200c0
8561 8a077f48309e9cbb
8562 779848cc1fa78d1a
8563 55e8c185d929e3a7
8564 ee1a0f366d13a542
8565 072bb8cb7024e8b7
8566 fe4034b8ae15ed46
8567 23b4ee0be0c64da2
8568 2ce6c57bb5fca539
8569 b34926183ebc6bef
8570 e40eaa051680ae1c
8571 0609ba362c09e158
8572 5bdff0507cfe483a
8573 a25d980a605efb6b
8574 315cbb2ade1b7732
8575 cce3459833f4fe89
8576 f8c626a0c10236ab
8577 18da470093ea86f0
8578 04ca58d1e79e7b18
8579 984a52df1487a064
8580 505c1a22348def8e
8581 1b365b9649ff633f
8582 0927718027fa862d
8583 5595693e28badf25
8584 579886cec8931e95
8585 f5d66e6d6bd6442e
8586 fef67733dfbd88b9
8587 812d57ddaf92934e
8588 fb77ac2cffaffc0d
8589 69c7b6e827fc164e
8590 78dda12df715333d
8591 7a26b10b0235e6cf
8592 420dc208f3d0f4d8
8593 39ecc06fd2242286
8594 d94191f224e49942
8595 ff068dc84a528269
8596 98261b0fa368d2be
8597 c68a992928188a11
8598 1fe52d1c5b98c092
8599 7314d75b06985d3d
8600 d68f0f9c9808db5d
8601 0b0e3038df7a15d3
8602 e39ee4e708e4d7ff
8603 87e4436bcd882d5e
8604 134ad3d0abfac3e9
8605 d219a6ed1c6afc5d
8606 ba3931bdd2920762
8607 3e961a787502dc7f
8608 057ade2be6d15ea7
8609 4a035e9f3dfb6ce0
8610 4015be0b4b5f4b36
8611 0f34ac7f1b16d87d
8612 b057359aaa093177
8613 7e24e78bb41e0d54
8614 a38dd37617a19fe1
8615 93985b34bd032851
8616 1ce4a0f9be24b51f
8617 7697986b4f7037ee
8618 933741df6e0feb8f
8619 71302133013acfa1
8620 ab687dc1bfc44c1b
8621 e12712b227fd6fdb
8622 5f2148c5132e5b35
8623 57dfbd27a04e242d
8624 aa6793d363d969f3
8625 c6c9b0f3e8f4c389
8626 8e2344504ae6367f
8627 b0e5db121e5842b7
8628 a2ec81b84e5b5cd7
8629 2ebafeb30ff2760a
8630 56f4d11007381846
8631 8d5c167ab7ca8b20
8632 61c318d4b83bda6e
8633 e613b8637ba85433
8634 672ddf10c697fa4e
8635 bde764c7c6196d89
8636 ffa8dba5a76742bf
8637 eecef45498240996
8638 9a7bd61e6770b98b
8639 9308f6e21c69e041
8640 fbf5c5036ef0ae3e
8641 a6715b7eee3e8f1e
8642 95209ad24dcc4676
8643 797668e9bd5b1387
8644 df556d6f7e8ed29d
8645 855a675f84d4c158
8646 22951e2080eae8ef
8647 6e629b473f82cd73
8648 ac4f4b1abb2b316f
8649 34a1d79664987e36
8650 27ed8583f08c0176
8651 37bc7f8cdeeadd94
8652 f4992d351394dd70
8653 8ed99ee8118a964b
8654 17583233f202d145
8655 9cea65949eb35081
8656 0059e589e93c7ecf
8657 c19485b60b00a929
8658 4886f7911be5edd4
8659 809407af66764d42
8660 f7b2457b1e8b3dfd
8661 d9ff8f72920dad59
8662 470419362874ee88
8663 b6e100d50b3b0aef
8664 a59d67604bb6d322
8665 fb066a46cabcd46e
8666 0b416ba64517931b
8667 c75aff272412747a
8668 0665c4dcdf2daef7
8669 e976e8e6c785b370
8670 0b6ff7aed1721bd2
8671 1ba8bbf8ab23e7d6
8672 26766e9c5fd613a6
8673 458ba8101d3eb761
8674 4559d8c268817b4c
8675 027ee486458a7013
8676 0b9308b6b87fe023
8677 b6dc7a0d5d67ad85
8678 19ff24166980c2ed
8679 fa5dcca520e11c73
8680 0529c82b1b7431f1
8681 0a78b4aa013a16b6
8682 dacfdc57e85ff049
8683 ff72874396f6f5a6
8684 eb737f977d6e3ae2
8685 5c32ae6621c3577e
8686 b3442daa21605eed
8687 b96caebb46107266
8688 742e75175403e291
8689 3880dc837140d393
8690 8a8af3d7f7358c63
8691 8618b31e77dfe79d
8692 d49a1b7703dd7d6a
8693 3af0c8c1d86ea96a
8694 667b79855f16ef7b
8695 bcab5494961ea47a
8696 5f6a9a1abb270d43
8697 bdbf3bf68919da01
8698 46c1715311465d93
8699 d2bb3441c4be9d45
8700 a8c555117e1dfe81
8701 4ceb389118d3b4f0
8702 151a0812240584cf
8703 eeabf6201f26a272
8704 83bf24998bd24cfc
8705 a2fc2b45c57d59ed
8706 eb6befae15ee070b
8707 6c405ec83be8fb6c
8708 9d470131b2b362cc
8709 c68ed39394097d76
8710 7e3ee5dde5381c00
8711 be84e3c78f49eb2e
8712 192926ef66d388f9
8713 07476f6e0d7ac9f5
8714 b50963cd2ae0fb49
8715 28dada75912ff1ae
8716 766ff18648436828
8717 bd6a503492476e7c
8718 3cc81920231fe316
8719 63af5d896da9fe1a
8720 0e77b10f4a03daa6
8721 be9a758a58158568
8722 0fba609b4fb38217
8723 5d48368f15de87ca
8724 a6862cf44ea5f7da
8725 92f52145d218e7d4
8726 0093bc6c54d188f1
8727 9c2b26aa57eb924c
8728 a72a2f1c9eba32ed
8729 7d9eae7ad24506c3
8730 8f3b4ca08506eb1c
8731 f0a27a2374833148
8732 1fdea2524b394ba1
8733 088dcf0595731ce3
8734 6041f597e475f1b3
8735 f40a0aa5e1743cd1
8736 483533b8751fae25
8737 e5ea092dd9016bf1
8738 90b5bbcda16cf652
8739 a7876af64956769f
8740 a46cf08e1c16c471
8741 6337641d0866b07c
8742 1e4fb73bf9c2bbe0
8743 cc18709416ad8e27
8744 c07167c221769c37
8745 9e7722473baa0bd8
8746 5577267d615b49ac
8747 5f9ff256498876f8
8748 916c98f2a0fb6159
8749 dcf092a3d75053ba
8750 55b27fbfd406eb82
8751 a1457d6560c200ba
8752 dd11eff4339f9100
8753 c6bb27788f085718
8754 ed1c3b186b9a64e4
8755 4f77c5a2444d055f
8756 487f1ad5f97a918c
8757 53f1418f27cd3a8f
8758 4550fe885355ab69
8759 2fc7ae2ee66f863b
8760 72f6bfef7cc84406
8761 395d518c21f05c85
8762 23728d29390e29db
8763 ea173e10d81d5c23
8764 154b36f4df4499c7
8765 b2030932479cda3d
8766 f79140fe459142ab
8767 75dc3e43e2020658
8768 b37200111bd15ae0
8769 0d8d62705b8cac79
8770 14ed721c357dd5c4
8771 1602de5168296339
8772 ae0a522e17915648
8773 41e1c50775682f85
8774 36fdc33ffa06ec58
8775 622b751386134a6f
8776 7de3f7d22117a81f
8777 80653b2dc13ec38f
8778 f6b12f3bd991aa46
8779 b90464e8e04f78f5
8780 67e01cff99058dd9
8781 0d896442aa6ae22a
8782 441fabb9980f5754
8783 974f730f3f746723
8784 97a73796a2d99a06
8785 9c7ca64923e1dd51
8786 09613eb7edfa6d31
8787 d0cf2a2c47cfa44f
8788 8e133dc5c66a0b05
8789 cf968d5875335b8b
8790 ae104a86e11d0138
8791 11d739493aae48ab
8792 82218f87c5f51bab
8793 6cd280145694ae2e
8794 a32b66476fa89d90
8795 bc62fd22b9d52afc
8796 ea1e27a2810eda53
8797 0b398718427f9b41
8798 5c4d40a63ed6f2e5
8799 75794b055edd4f86
8800 2078f2593b0fbd07
8801 2fdd76f9b3641e42
8802 da117a564f4f2764
8803 b9c67d7ce5f497c7
8804 ce0ff686f37b516a
8805 1ac72ad110f9e9c6
8806 298c0a55b903dc06
8807 336a406ded4f9f08
8808 4364f83ac4c03560
8809 f3574f664941b644
8810 420d1a2d4c82a9ec
8811 0295b3b2e395495d
8812 9c6066b257517b35
8813 f7829ee5a70ffabe
8814 e5d23eee9ae390be
8815 1154dfab125905dc
8816 8ce1d223cca83df0
8817 83bb98ec375e2163
8818 7f973386f4aad97e
8819 890dc861c8dc3479
8820 d91376a407b9e0a3
8821 27165b48aa083763
8822 25fde6b14a5961f4
8823 15e86057debfe112
8824 bed7b18ecb9b63d4
8825 426b243cb0e2dca8
8826 38971e9d5fc01f5f
8827 3efc63a84add6965
8828 1e733ffdc840ca3f
8829 440b7b62b90ab338
8830 f79b76cacc5c1575
8831 47b282cb3dfa34b7
8832 cf0c5a8703fd652e
8833 7706cb5395e41994
8834 845f5bf69143816c
8835 81f704e036985e1d
8836 b11dc12505d464ab
8837 dd4343ee1e7fbe79
8838 a7f3997a809ce4c9
8839 9b691badeb867f9a
8840 5039174e5fd15286
8841 a4feee91e3645925
8842 c1521c46641779ab
8843 e3894e84832a2885
8844 fc3cd83d35a88d50
8845 4d5d7f7b507dee18
8846 6f6f2a5d16817076
8847 36010073124f3e3a
8848 bb5cf85a68eb15d5
8849 02177b2e2c24ccb8
8850 fb470fca271923db
8851 acf57f761c6cb607
8852 561cb00b8d35176e
8853 34fff9268efefdab
8854 55e5f3463f95e329
8855 28e1d95bd435328b
8856 5849581b22dcc430
8857 2f8dd622b6c80d24
8858 e3585ea6a0e069c5
8859 3fd167b3a9fe67fa
8860 fea1fd24404e6f7f
8861 bacc4d1e8afaca24
8862 9b7a3adde5cd3f36
8863 c77c9edd6611c9bf
8864 cb55a768cd4d9657
8865 c9da4c8c1297c0d3
8866 7451cac48cc07303
8867 52cafe86213b0a0f
8868 3a072e333503fa71
8869 776ecc20f19115b0
8870 edbd609bf0832de7
8871 688993ae118edc03
8872 f7ad325f2618dc8a
8873 d85754f0613fc345
8874 f4161b5efbc6269f
8875 c22b9724976bff70
8876 5638a0839e0a3d49
8877 46dcda32f51f5801
8878 bd640f8b3b338fbc
8879 629def1c3b90dbc3
8880 69a83e7d50d5bc99
8881 c3663767c5d1e138
8882 142fd7867a8fd9bf
8883 6bcf6eb26424348b
8884 ddb7896d81385344
8885 1409b8b6a4e8d92f
8886 679c404591d561b4
8887 8d610a354e8df2e5
8888 effcbc710d3d2b08
8889 2562d0bb5cc8ad12
8890 d3320f0df8ec5f37
8891 cfa33b2cbe34306a
8892 555242ac3ddce2d9
8893 2ffe32c7efd8dc78
8894 6247d35a76fc87ff
8895 6d756d9cf942203e
8896 913e734062d59cf9
8897 9e5a2952b39edf96
8898 3989616557a6802d
8899 cc5927e38b23118b
8900 1a1e18deaa50e7cc
8901 c125ce5091c9b7f6
8902 f9bb1019742cd6af
8903 9fc7a8484656a44b
8904 fc34f7d18413c378
8905 6aac0ebcf44f2ba4
8906 c9da063098927407
8907 b7188ba10e59a49b
8908 cc0b7093098d7d12
8909 8023e8e81029f031
8910 bfb5ac8595089efc
8911 bc317a263a0e43e7
8912 b95888deed713c1c
8913 1e90804aedb79958
8914 c6fae16df72ef46b
8915 98db037e33a30796
8916 1d1fdfa0549aa7f8
8917 3c54901afb768d00
8918 31fd01eff3f71b7c
8919 ef8f84fcc76c3395
8920 8f171186c32a77da
8921 dedca568e7a4693f
8922 f222969c4dceb448
8923 3caef90de671c432
8924 8a5df020efb9f0be
8925 31e731125f4869bd
8926 3910136d75dc934a
8927 45d27ea1cadd9d05
8928 25982ca87db732c3
8929 27e7d642f4a7345f
8930 409a3d8e598fd724
8931 2c5e7043790e8427
8932 e4e8d10d607ec2fe
8933 ca90e4d9f7d22fec
8934 e64ca4341e00ff6b
8935 2840fa961d523b0a
8936 7f6e3f789678ce61
8937 425350e5b1f7b401
8938 7e249fb492f4c7c4
8939 c04bc62664f6d9d1
8940 e413ab07469aced4
8941 f190fd70d9dce80c
8942 f4be9b58977e062b
8943 2fb79ae1d4064fe3
8944 3e9b88902c5b7182
8945 2b029f5aa99f291f
8946 c6bee1ffa79a6237
8947 3da7b72425ecc461
8948 6c236548ccba2f43
8949 bd123eab703c63d8
8950 60a655c729618020
8951 97e993bd02244de0
8952 70a76b5251d99351
8953 5759f0772e2dff97
8954 b98595236ed99be0
8955 ad1ae65dba54fbe8
8956 c30333aa7d9886aa
8957 2376be26bb5c2ad6
8958 fa792415375e59ed
8959 9a18c2a00c3fb56f
8960 6c130779cf12e9e6
8961 5942d41ff2ac975b
8962 d6ecb6179aba9b9d
8963 fa24be41dfb47dcb
8964 f3c2fb97dd62cc14
8965 8ce210bff7790ea6
8966 773fb260f1fe6002
8967 69f1008594b50055
8968 687fab406ba93a23
8969 1bc7f53f964e97b8
8970 12420f1ef12487ee
8971 d02e537347589a58
8972 f3994647b232db78
8973 241ac8a171c3b5b8
8974 8eddca05ab4f34a6
8975 cda5acee9444f9de
8976 4c4498861140e22c
8977 5ddc0d0f419887f2
8978 e0d3bb744a9c4cc5
8979 cd07861775caeb0a
8980 0ee593a53d3d3980
8981 543b393f976a76cc
8982 9a646a6cbfcac769
8983 7890d0344c81d93f
8984 92139ca35b49213d
8985 dea6b82173d0d12b
8986 e7452c90a41b09dc
8987 764b44c529c570ce
8988 6a8cbfcb96084d0e
8989 a014631e850b93c5
8990 ea861e78f46b26b5
8991 bab210e3cd8bf717
8992 a1b0038fe17c4c49
8993 f5776e0cff70f263
8994 fb8716cb2299a0a5
8995 f2e331948b84bd76
8996 6cc00e1c0ec15b8e
8997 f0a2391ded27f5db
8998 a46f8542b617653f
8999 7fda2a319336cffe
9000 f6ba178dbf35eb62
9001 1735bd09475c6952
9002 7e7e5c0d3664a8d0
9003 6ecf4d875a941684
9004 32c74e3ac2ef70d6
9005 58719fb6178d7a6c
9006 9d2cb32d8b754e81
9007 da3f73a71a3b2e14
9008 32a3e38e712fd24f
9009 07be83925c23afd3
9010 61bc90fc01df8772
9011 53dc615de3546543
9012 d56689bfa84662a3
9013 a4a58beea7eb0c5c
9014 23354a7388c63581
9015 0d5fbd901908e4e1
9016 aace7daaccca62cf
9017 bf3c15daa1f81354
9018 cfd8b167061c569f
9019 a620dc9c93166466
9020 b9d500972f00a7b5
9021 d00f7aa7f9e71fdb
9022 f37cb9b220434e24
9023 e1c727417c2659f7
9024 380487edb4f17b3b
9025 b767f92c0c324df1
9026 0b381f5077f07f7e
9027 496d9577f36767cf
9028 9fc84a7459da8f5a
9029 390f405d896cdfc7
9030 1cd4ec109b3fdb2f
9031 40eb3acad2e291bc
9032 a601543e2bd937fd
9033 f3b0e0ecbc8036f3
9034 95f92ba6bec6dbca
9035 64800a7fc31d110d
9036 51734d309aabd314
9037 2255a4ef512b13ab
9038 482090019d2aa229
9039 07f6dcf933efedb2
9040 71a63758e665028f
9041 aad477c888e9884f
9042 4f06c6c27c9d2396
9043 8857ae24ce710619
9044 2a8186c637ddab37
9045 d9e205b2a09309b5
9046 13594413c3e7dfa1
9047 c6e14f11211de470
9048 76cf14ae0666b600
9049 eee02a1014c093b1
9050 64dc2614dc762b02
9051 01fc5beaab4211d0
9052 55bbd8a50949688b
9053 c39ad065588fb278
9054 0ee5fddff697ed44
9055 ecf057776b53a46d
9056 842d0a88fe128b59
9057 495cc9e64ad7b047
9058 ce5633806b5e29e1
9059 3bb71c95dc0497a4
9060 bd58622be95fc8d2
9061 102c7f68d310bd77
9062 60445f88bc79afcc
9063 b622041193c8cf6c
9064 3d92a37e1080af87
9065 f488ac99cfbb4b38
9066 0f3acb11fcbae6f3
9067 b3f534988a4c9b8e
9068 c9ce8f739b83b24e
9069 40e10d377ee67dc5
9070 f81ed59649d7bcfe
9071 39c6969c85cc5679
9072 178bd9752d61e16e
9073 d2a78e0e7f55156f
9074 ee6469107015e550
9075 11093182351d1d23
9076 b59d265ac61b313e
9077 902b811779d5ea49
9078 e2f34784df04f9c6
9079 8fcac28ec0a1e4e8
9080 db20070bf244fe73
9081 f0ea2aa3275f1643
9082 9316df17cb8010ce
9083 3608cafa0152a09b
9084 5498e395fcb24de0
9085 bd49c9573df3d64f
9086 e66a4da3d743f6b6
9087 e0e471d078bd2042
9088 6e8800c37ace36fd
9089 0c25387cc7486d2e
9090 400624f92164eb9b
9091 e0eb25d272119c30
9092 e8acc277efd4ae8b
9093 2c117556dea93c91
9094 1e2cf0c297184e18
9095 c6b86adaca0d2a15
9096 3f6d6c69d14fa2d9
9097 9c53a4e7f48a31ba
9098 11f39eaf1791f5c0
9099 343414c36948c2dc
9100 42e66eb4fa38d04f
9101 04386b12e3f339e1
9102 ba43c955205f3c4c
9103 ec6e29b57bad5b29
9104 955eecac36d58eff
9105 20a74f0445da2a35
9106 7be269299d29c65f
9107 b68dd45927f9d1ed
9108 92c592e4f20a7606
9109 5a145be222add322
9110 42379ac636c5d8fb
9111 193272435570d365
9112 cf94b6763b601dea
9113 06257a903b91b79d
9114 8a472c6b5f149682
9115 ebd638b442cd52d3
9116 448298b3ad4b0a8f
9117 7c145059a73e7757
9118 afa1f741f6e08c16
9119 0dae94e917e204bb
9120 70b2d6ab4d664bd5
9121 5e8795a576c45427
9122 ef55067419972c46
9123 2c2771728fad6848
9124 ac48d71c40d1638d
9125 55bcdf859b817e87
9126 11cf9b974230c988
9127 1e8b7f4f82ad0a78
9128 f4870128dea197fc
9129 8bd23a0931994bf4
9130 54df7efd8b6cb0b6
9131 882dcf8be79c1b36
9132 d0ac3c3e85920dd5
9133 0ebfb24249d67a42
9134 1e43e2b0756da90d
9135 7e18ceaacdf8b205
9136 b9de198a34689c35
9137 9af0c9b206b1d489
9138 89e1f1ecba1f6145
9139 36cbf7f060fbb7f9
9140 0f3a1df2a59674f3
9141 9b4095ae38e67eb6
9142 c762a394675f7437
9143 27ec28cf1abb8b99
9144 7446b2c0308d435a
9145 97cba18a880c2a5f
9146 a09b550e6a8e78fb
9147 1ffbe576adba3cd3
9148 13782907b9434c1d
9149 c84cf22b886bb8af
9150 36e4d4c1ba83d942
9151 f837bcc8bbeae237
9152 55111e9b636645c3
9153 731b5114a833525c
9154 e5e2975f176f253e
9155 c801c8753e4b16c7
9156 f170826004a292c7
9157 f1b620526908d201
9158 cf1311df67dd627a
9159 eee87117314500a1
9160 bda9196b70d1b867
9161 15b0ed1e4fe49acf
9162 bed31425122f3d67
9163 11193ae9e43154c9
9164 a0692a6cb7023002
9165 32c9e228ced3a9d4
9166 7892b4e6439bdc52
9167 be59f7fa63ec6ac2
9168 a1e291402a822f02
9169 b89da80b9d4a9a90
9170 46ef950406001b38
9171 107dcec2f94f0be2
9172 3711451b5e550c91
9173 00ecf3732b0d0e07
9174 053a25e333aa2304
9175 07883b6060d648d0
9176 682cbcfcce3ab907
9177 6ec8d9a82f937095
9178 74e94cf89e0724d7
9179 9b99a3e517066cc4
9180 9a9047fd4411a23f
9181 e8a22e0f24a608c0
9182 ca6e55294b3237fa
9183 92cc2718937bb527
9184 2e725cb942ffe00a
9185 5d232c1cb10c3118
9186 b52eafd45cc5c3f6
9187 ce33ae5172d0f6ab
9188 bdb7a9bb339b4dab
9189 935b0de1f74bfa06
9190 8a4dae74c2a20a90
9191 2f2baa895001124b
9192 77ed45cc3db42c8e
9193 d1f81fd26d8ff8da
9194 0c0c5c73fb432e5c
9195 19ad0a8e37f3df1a
9196 704329c52a8a620b
9197 35b4ee4b03c49bbc
9198 80e1178c7c5c27dc
9199 3a9d71fcde1d10c9
9200 76aef96c1526a1f5
9201 c51c50724709ee4c
9202 d38e8be5ebadb02f
9203 6ce6575f0dc7bd50
9204 14fa77feac1561e6
9205 6e5d6b756a915f2e
9206 e3a4cdbca99cc276
9207 cc48fc7732dd372a
9208 1e1ab620a1762d94
9209 02f7104bc2137661
9210 de87462db4f181d6
9211 35a417ea63357e7c
9212 e8e1f71cb521866c
9213 e924fe23534df90e
9214 cc68c8c98452bec2
9215 e60c481400084d60
9216 243c957c8df05acf
9217 55602d98cf6b5575
9218 b3f689668d3c9c56
9219 cf047f8b3cbf676a
9220 2ecdf84c475f337e
9221 fb76880fd5c37dff
9222 c4ac5abbd70d4a5e
9223 63d4e6ba402bb5e1
9224 86f8c956ec6047ff
9225 0d6ddf12744fd433
9226 a09475eb56861e9e
9227 533675d5c3e2c9ae
9228 14aa50ac3348f0df
9229 d0e195c83e9f58db
9230 91b652015e52ffd9
9231 30c91d5cbed6c20b
9232 92760e15a5a3113b
9233 cf1e39f4accaf4aa
9234 d2d262376486d4f8
9235 2d587bf39c441715
9236 98b24c480ac5478b
9237 1d7a82c65dce6e12
9238 6dba313605705219
9239 a5967b70283e7d51
9240 afd5eef7cc6b9ec0
9241 8eeb2d58f4f0d4c6
9242 c456037552f8e7df
9243 8e61b2544fe56bf2
9244 e8dc5089fff18f2a
9245 d5443907431edcf2
9246 b4b94afebce09ec5
9247 bed1e8e8fa912523
9248 512dc2b5e649eb6f
9249 e9e3a572350bfc7a
9250 e93a938e6576e756
9251 2c1df339e79476e5
9252 5dfe49222c0a2587
9253 1c7dbdf83a293d87
9254 43ebfe378db3b193
9255 423f3a59db6e289e
9256 e0dbb02cab258f60
9257 35221585f788993e
9258 7d049c784856d4d4
9259 9813a5ef6ff8cfcc
9260 688576f8544738cf
9261 ee229443c11bd696
9262 ee241cd82306b067
9263 d43047f00433cf7f
9264 ef539719e9d5fdb8
9265 a36a007a92be6186
9266 f71e7a13733d2928
9267 9c3329fa08309117
9268 0759937e0f0e33c0
9269 3beab715287e31b0
9270 298c6172872c3014
9271 7905de12d7c29c48
9272 f6567a2aa9eb6385
9273 2fdbdf8aa87351c0
9274 4db602267ec42f62
9275 9cefff25ce692088
9276 dcaab5d5ce9fc2df
9277 83a98131ccf5ea1d
9278 8ee77741f18a3fd1
9279 9312e1a2152485aa
9280 f0295c7d545bca86
9281 5ff81372f8b6156d
9282 6c5ba71f5f700914
9283 2791955d79df0822
9284 845ee05538e6df42
9285 dc8d5113e4edf74c
9286 314f3eb39936618e
9287 0e1f7a03d8e88418
9288 27fb775e93e53877
9289 164e868d1b292c36
9290 052db7595c04dd67
9291 8c37fddf7293145b
9292 9d9014cebcbb5d36
9293 e446705b55b75a7d
9294 75f03827aef74986
9295 d55f400565bba279
9296 df3655815424139a
9297 4fe45f743ff3e02c
9298 7a9a97f4e5c49cc1
9299 521b4f17674bbe1a
9300 0dba90605e3e8aa8
9301 5b805788ea5a842f
9302 ccc9c8900f243d62
9303 3c3f46eeaa44d12e
9304 640e3bf4aaf2af79
9305 c59d10619354381e
9306 93f2da1a5c519fb1
9307 d8f7969e4591571e
9308 8e469b800b0ea257
9309 fbbc88bfbdff90b3
9310 41b498a35b360f58
9311 d2aaff4dbf0ed55c
9312 0c020433fc2b852d
9313 fe04d934a81db6e3
9314 d8f82f9b1f22b353
9315 89bdba95fb72b831
9316 7f2bd56d7c801d1c
9317 b4e3b53cdea3e778
9318 8b262cd5d90cc02f
9319 92ccb30d2b9cce11
9320 f2668c2f1c9b6b42
9321 35ca0cca1da1273f
9322 1bc51ead5c854499
9323 21d09dcdd2107e39
9324 730f8d2a717b8a80
9325 db3c835a2c07f6fa
9326 84aff81c9f806d23
9327 0770fd1234e8a91a
9328 851280a15dd423c2
9329 1102111e43475335
9330 a2c55c19d3b90f4e
9331 4beda402a313649c
9332 3b81fa94f8b8ff58
9333 ae19524b02ce0006
9334 0ba4af88168806fc
9335 2c5059fbf2e919f2
9336 21685611ebfbbb48
9337 8cbc1d665b4f01e5
9338 4509705993fbe1bb
9339 456ad9572616fade
9340 72c0e15f46d9a836
9341 1527d92557297f0e
9342 67cb477445a36865
9343 c086a70484c5870f
9344 910163cecd712fd3
9345 fcc2e76d59532fd9
9346 43b3b17a959f10ee
9347 cf873a2e182ab63e
9348 3810edeb292b1df2
9349 05d5b6bef88fba89
9350 87b3a7e6b9c01870
9351 1a5f864fa4aa5175
9352 ef7b6f53314c5824
9353 d8ab3eb84800d39e
9354 c778bb7d830e9e24
9355 4ff769d4b243abdb
9356 15cebdff506e2b3f
9357 eb8af5a9dcf19dbc
9358 df94ffc9e12792b6
9359 102bdd8f37b7fef9
9360 9dc2b3201583c88b
9361 c11de3090d04a015
9362 8e4e3ffa7541048c
9363 7cd907ebd6f27fc6
9364 c648d402b3a9433c
9365 2473c326b7c4a756
9366 d51483b98cb4220c
9367 6c259a9641c3023b
9368 e75e2bf28c210b60
9369 c9897c4295edb89b
9370 cf23b72af71555af
9371 91d39ccc5157839f
9372 ced796dbf4d549f9
9373 325334072b567c5f
9374 33bb00949291548d
9375 3dd15ae7636d7558
9376 1aa0f7860b19f344
9377 ab548d11209832f5
9378 eb71c9fab7b10f72
9379 2c11aa83d2641f27
9380 f34c01022f6a2467
9381 c1b66771702ca087
9382 8963456951f786e1
9383 8bd07c58f27a6a8a
9384 4f47a2d8118abef2
9385 90c1246e6d65c74d
9386 fa45a6865ff17e50
9387 94d3da19eabd76d4
9388 d22ccf000ebc13d3
9389 5a944f3c3b6a2015
9390 6b815c58cb65039d
9391 bfeae73f21027386
9392 27def06afd55fb0f
9393 b759ca94c7abae03
9394 6f7b2aa5725c5342
9395 3e5622252d256f34
9396 4dcc8d348772b010
9397 84996fa5a72f48bb
9398 462694627b3a9ea8
9399 f81397142411a865
9400 202b98271e66c5d8
9401 d459ecf0ac7f87c3
9402 533cadf43616debc
9403 4032d89f472d6df6
9404 e17e5a4b9812c005
9405 a3dfb3c76a9a0988
9406 2484cc546ac68c70
9407 81e2f0d4ee901111
9408 0dbfc5289c97eb20
9409 a5be6794fd4bff1d
9410 a9e52f3158ab3d3d
9411 a0897ae185c71076
9412 db5c45e190bcd621
9413 d85b74832014a564
9414 487a3198d517f751
9415 14c528f3a52004b5
9416 262575e7375ae44a
9417 467b7db15d77b783
9418 2d4c06af7f01f777
9419 ecdae27ccb44920e
9420 8417887e329ad6b6
9421 4b04ccdf87123115
9422 312855d0026f867a
9423 1b9bdd20dd018fdd
9424 c8ec35884333494f
9425 2b40249b9523f80a
9426 42c57f4e36642d69
9427 5db71c1bc1890bcf
9428 a437896fe0951a02
9429 836bc851c13e70fa
9430 757ec123fbfa861a
9431 88e15b02d731feae
9432 503ecdbaa38210d9
9433 96db334b2445b323
9434 dcbcc53bf3dfc6d9
9435 1be9b9b83e3b1cfa
9436 2c9ed8c8909122fa
9437 22ce71328c5f0739
9438 43b952c147efcad3
9439 f849e218c5187f87
9440 f55bdce3cd1125af
9441 38b2f6eac0469d60
9442 c29ea38b6c1d5424
9443 abe3a89f00b99a4e
9444 44b719b88ea389fc
9445 8d2e3c259273f68f
9446 ef86ecedaec13558
9447 3e07c897ebb4649d
9448 3d9d444796721a44
9449 d4a2a63cb8847020
9450 675748d21850e7df
9451 3b4a5018997ba080
9452 0d6d5120e9cb63fc
9453 ca82cd72e34f7988
9454 493f70bb1117a86f
9455 c79725e87400bd47
9456 57aa4e5e23218f72
9457 c306bd4c8f603ecc
9458 9271834d41a33c26
9459 6b9b81526a937868
9460 325f4ec17e03b5ea
9461 37d87c0a3dbc4331
9462 fad7b5a085db0258
9463 4a870f8e9ef46350
9464 52a36898224f6a67
9465 38ba041e8836a123
9466 de536fc47d4ade17
9467 87555b87cc0c8465
9468 3aea2a4344e4d8b8
9469 9a617ceb377c9e77
9470 f2f5eff950c2941a
9471 e6be8f2998e9426d
9472 0aa1e0b12f558347
9473 ef14abf8cd406b96
9474 f49b013dbcca7810
9475 43e9a0bf0b318edd
9476 e5a8e7a063fe3882
9477 36b722325be2f31a
9478 ff68cdf121940aab
9479 d4b8c7add98edcfc
9480 32cf197085d06ba1
9481 5bd042e3acc81c38
9482 c885a2310cc695bb
9483 6bdcca9ea75bec63
9484 a2ecabcde4838550
9485 0d4cdab1665cb2ed
9486 b4d056cafda022b8
9487 3efc63a01aeefedf
9488 6768d23a9c047264
9489 674f3fee091f292a
9490 0caefb9e7f8e4207
9491 f286e12e5dc7dd5c
9492 3f9d9e389b729e96
9493 769a164bdaa23544
9494 244422d8917613a9
9495 dd4f0827ee2f295e
9496 b073e2b3af9b46c1
9497 29b5d56f7f88539a
9498 399218de07cd3d30
9499 8087d99ad8d6b51e
9500 fbe85dc318875f82
9501 0261d3f82c9646d7
9502 554ec112bb63e08e
9503 023b999d109a34b8
9504 f97104fea0069b13
9505 7a3f94993b878bdc
9506 d9f264cbbb66a65e
9507 33cd42f6f7f1c8da
9508 d10e41ddff8cec77
9509 4c9f58f025f0df10
9510 f6cb48c8c90dddcc
9511 c8240228c3253c25
9512 afc904c52f8ec087
9513 9802038bb598642f
9514 36e118662941fea2
9515 1e4696249183175b
9516 ee4b84196215b3c0
9517 b18605ff84474e88
9518 307ef5120ff51049
9519 81122a7033c8a3e5
9520 7629727d701abe09
9521 69da1b19d66a0684
9522 cd6dce41308419cb
9523 44a02a8f0ea11420
9524 9dca07d62d37cdfb
9525 0213763a0baf6be2
9526 451deb8f46557bae
9527 fbc911986408d421
9528 b227a04dc1bbd83b
9529 61c782b3d29aa50f
9530 6768afa3ecac27ce
9531 3be5f3923e6eed00
9532 b085c8f18d6db7fd
9533 729fd2703541ab16
9534 0f4761f59687ada3
9535 b35abffa2a34c230
9536 9ef15d8e2c137ea3
9537 57c20bd0e248eecd
9538 0487696a6502677f
9539 3e61532aa8e00096
9540 469804a29498c89c
9541 f0f6627154d7ac42
9542 b73a99ace3686768
9543 7659cf906d51dc69
9544 479adc8273fe8466
9545 e93497cde237effd
9546 a9635b8bd26f7c19
9547 4551462aaf22e2b4
9548 6920c861ea7a6ee4
9549 c84516d106c6967f
9550 400396c6c13276d8
9551 a13eceea4c0af0d3
9552 9a3287b84adae7aa
9553 05e574ba5035e480
9554 6d17b1f099e98a16
9555 8eeefe32272eeb59
9556 63013b87ddb070fa
9557 eeaf81e6fb8c8a9c
9558 5be9f6e39de55c5b
9559 3376368bf453cd03
9560 31476d416d8251c8
9561 ea567beafba46e8e
9562 ac8996059a77931f
9563 75b8072ace6cc625
9564 07b0edbccc0009e3
9565 3ef92ddca04f5e7f
9566 95dc25ac3a973678
9567 957bbf0f51460875
9568 96e9523bb72b0aa2
9569 07f32b07f8d09a18
9570 edc8275fefdb16d9
9571 c8eca61fd27de821
9572 420df3b1563cec09
9573 5adbca0a730b9512
9574 1c0cfea6faad0c69
9575 cc61785a18efb135
9576 5646a723e2f78699
9577 659bf924978b9f97
9578 12dcf5fa1fc49aac
9579 1c89d34fa1ed9bb4
9580 6b953a1e1103973e
9581 32d9c0855e7cb1da
9582 b6bc041c886a896f
9583 5ee78e94f400741e
9584 4f00432b4dc3ac80
9585 cf6b7d2b997f5a93
9586 c48f552f5c97b926
9587 dc01c586ea7e16bc
9588 ae468f0e4bdf5513
9589 e8c479a6e17ff33c
9590 4e8ed5a272fe0aea
9591 ddaecb93538190af
9592 59aafdad64c0759d
9593 f8e2a53f5db9b188
9594 1b271816a523b41e
9595 c9d256f683306ed6
9596 826030993a7371de
9597 e800ab2e0ae9b6e6
9598 2f0386d2007fc7a4
9599 f25b4857ea9ec9db
9600 82ab8308345b63df
9601 64f6d27bbec9b06d
9602 19a0b79360670464
9603 3d1de11e83aab3e4
9604 db91347efa02f634
9605 227e906c70534d1f
9606 bb817bf8fbc26a99
9607 ee7ee732e740747b
9608 8e379eda594c6fe0
9609 ba119b1352a6fc4f
9610 34ee8b59a119a8d4
9611 d5064ca820850151
9612 a3e768aa7f62ef37
9613 40ce61ed460515e9
9614 c1932175b89c0409
9615 e46121fa7abb7b76
9616 e58aa8fa129dcbaf
9617 b9d59cb01db37e0e
9618 7b156222afd817c8
9619 26bf89c1999ed735
9620 93c614fa1565b15b
9621 d58721caf0f175e2
9622 ce3ee16fd52c1015
9623 004011fa41931dc4
9624 367c93dc7172bd45
9625 b40d268548ac3b07
9626 85b6df16e21fc4bf
9627 85ef7272214e4541
9628 15ad2b1e797e6c1e
9629 2a5b3eab42b8fcb2
9630 816922bec2424c73
9631 a237df63ca4a1899
9632 8a130a242cc5d085
9633 abdb949bd7d87bde
9634 2ffc9218455d601a
9635 b949f6343260539c
9636 96dd3dfb053f4c0c
9637 2c81ed4c770f676b
9638 b4d01e1292ccf20b
9639 ee9a24d7e3dcca5f
9640 c84475eea4e77d88
9641 9572e6223ac47d86
9642 3059d72b6044e74f
9643 d3ee35d91e613e0e
9644 7834fec8e2dca10f
9645 ba0ca9741a420700
9646 1196b8adbbfce7ce
9647 9354439cb39d0b18
9648 a1cfb80adeee122b
9649 2611ad6c81668f97
9650 6afeae060cd2599f
9651 81cc3b990530ec80
9652 649303b597e67eb8
9653 7d7534f10e27b126
9654 ac609ac804ab77cd
9655 7cb5a3166f1b6a07
9656 6443edd9509f267e
9657 ab766350483a64fa
9658 19b3d1cc4fa0d461
9659 26888fdd2a7a9d89
9660 a5ddae07a28585d8
9661 fc4a5eae3152ac7a
9662 45d8d3a451f20925
9663 ab478d8b46b9ab34
9664 4040f9562ce451bc
9665 1a40ab0c896db8f8
9666 3076d216fe5c8729
9667 c8a3d062405e3f81
9668 2dc6f55633e89325
9669 d278752cdb0daf94
9670 c6aa7db409619344
9671 cd6771e86e0c4c58
9672 acf1193419162fc1
9673 f68ab27134965635
9674 cf4aedf53a4539ed
9675 3b7c72567ac0c51d
9676 089093a7d8e8fb37
9677 fb3fe51955ec6e61
9678 82ed7e4e27e6b943
9679 96179ce921ef350e
9680 c58eb0dbe6589cbc
9681 9d4f1650fa19eb3b
9682 5ce3ec63b807b65a
9683 1b2d9f03c7f0212f
9684 b6d4c79d2536bdc8
9685 513f5da53cce46a1
9686 b49716d837011c05
9687 8f5a51e824b61835
9688 0fda817f55216c1d
9689 3ba3fa9d9cdd45e9
9690 e072ba108c1dbf7b
9691 56356756e3308fd9
9692 2e26475a2ae12fd4
9693 5c6c4cba346187a6
9694 d8c3357e63323a77
9695 9d8f689e66ce097c
9696 0c6d58f47898c920
9697 d439951746c9f374
9698 dff45b1bcbfeba73
9699 781fa3d312e9c17d
9700 d80da0eb297e379a
9701 d41cda55e67b4b2b
9702 5131131d66f53273
9703 99738d6dc8b5893a
9704 aab8e7ba6df14afa
9705 caab9b2a348e7763
9706 769ff2c8bc12dcd6
9707 1508c5feb7f50e59
9708 7cab52c12d2d03d6
9709 f5ef4eb91faab5ea
9710 4a46cedceaa3d7df
9711 effd3641379d1365
9712 d38e9c80060524df
9713 a681bc5d21b81554
9714 dfdc2a864ea61b5a
9715 d1dc36990e6af019
9716 c7ba7c327f36bd6a
9717 07eba96e1f8c8760
9718 3c53b6b013b964f8
9719 83ed86f725e95474
9720 e5b554608b63cdb4
9721 245c4c3b34ff0460
9722 e8fe92f146ba76ca
9723 3863e133adf491e3
9724 8a120f86d5c39136
9725 53a4cf1ba44d8443
9726 c2a4057bd5cb3d83
9727 06fd9949bf5e770d
9728 f9885dac9521ff38
9729 ac1cc05881d39ff3
9730 22ae7b4b476ba739
9731 86aa61f29ad07329
9732 d6b5d76c4fd8f81d
9733 60eeafec0be8189f
9734 c3ea8811a9e76304
9735 edb7ade7afc3da6d
9736 36f4cad26c734c8d
9737 d76c2185af2a9a89
9738 36326ccb0f60f555
9739 f03056bdef257cff
9740 ec9dad4309605a9c
9741 f98bfea2dbc2b510
9742 97c14d7eddc94f56
9743 dd5f8ed3bbc0038b
9744 94c5dffeddcf68ee
9745 1122be90a2205c15
9746 c26d6850460392cc
9747 23aeeb71a2518f57
9748 fda6778af79c56a7
9749 47be8965de1e3e84
9750 5312e34adcd71993
9751 2cabadb54b3ca4fe
9752 0d082e25da896cad
9753 06bcd794bc074ec1
9754 cbf310017ff1b1c7
9755 da1a72b828beeea8
9756 94668d4e7f47d409
9757 2443ee34d7a73111
9758 f6820a3428181f44
9759 92b153201dfee96f
9760 7f500d699d9dc546
9761 eba8920b2f2dec24
9762 405b1e3bc9f5b3c3
9763 fdb7976067b7dd57
9764 128576867baa4fdf
9765 536cd434dffc8f63
9766 528a71b26ab7132b
9767 cabfe41e492c50c1
9768 1601c8998302845b
9769 3abf1a99eb221dc7
9770 899fb2814bd86808
9771 5cd1d32a2833204f
9772 7a6906ace635d2ec
9773 4203b230e897a07e
9774 5dfb64bb2543c7dd
9775 68c03e61be7a6bab
9776 ec55e9d67a78b17c
9777 2093ebc4933b58e7
9778 039db7033088a009
9779 49eb54379ac5c5de
9780 8dd6943237cba560
9781 43b0cbdb4063b038
9782 c40bd3fecee4aacb
9783 0b6bc14534970622
9784 b0a69d2953889a5e
9785 75e03f208196aa60
9786 e029044fcc5918ee
9787 83e8e5b4658bbb23
9788 0a54b98d1ad45614
9789 a078784fa46e85eb
9790 06a3a3e53a50f871
9791 0cc2f5b66a68b65d
9792 764e347e751c7e87
9793 49daaa555a8c456b
9794 9ef7b83bbc4e24a5
9795 c197e1433bea689f
9796 9f799a16de2ec363
9797 8ff2ed977b605ade
9798 714d70833a92e05f
9799 3a53e50138129042
9800 0956b81666658803
9801 7f8fc7f9740d2df3
9802 de6aba184b4942d3
9803 071142d8cc0b77c2
9804 b5b4acffa72a97ac
9805 a224e9c73358af33
9806 d710692dab5df88d
9807 784a2e61ebb752ba
9808 34609f0a679ea5e1
9809 957518f05bc311eb
9810 827a94c01aa0783a
9811 a8c892aa839d3392
9812 0bd918df6fc9ea72
9813 898d07bf30e66ed0
9814 bd0fddbbea2f0fbd
9815 7b1608fc1a509698
9816 cc12b796c6f7adb2
9817 e6ee8172f3b89113
9818 6d36a3f99d6a0f05
9819 41ca2cb692f0672e
9820 f6063bdbb938cc9f
9821 cbcb35b6c1fcbec6
9822 225404d73785ce1f
9823 0265197acd08ecd5
9824 590643c73f8815f8
9825 d4535d318e8e70d5
9826 31f8fe4c55b328e0
9827 cdd26b7a76e61053
9828 ae8c255501f87c1b
9829 53a4d7687c580c3f
9830 8bcd1ac55b0fc83e
9831 e12afb3a90559f34
9832 54db23c313af01a1
9833 1c63c80916694b11
9834 9dc276b464073bb3
9835 054ea82a511b8c2e
9836 8ec873694f8c1aa1
9837 f8facc21c202572a
9838 95b9f17b8066be16
9839 dbe0ad302bc03f4c
9840 b2e5c8df1d6866ba
9841 5cb2f2c1203445f2
9842 4057326ed917fd9e
9843 0cc22011df3ee149
9844 95d0e28363e7662e
9845 739fe8d983c2783a
9846 788c82490a558347
9847 c2c4974c92f17f0d
9848 62bac2fa0a61b454
9849 79b98869684ad046
9850 57f3677437871276
9851 b6ae6ea4d54f044e
9852 8ba8e08b45ddbd04
9853 f410c2ffc4800878
9854 785f5fb204a54a40
9855 1d9966cff55f635e
9856 21d76422c9a7ef03
9857 90735eb5f8d85074
9858 87de2e5e7fa39533
9859 362917760f9e4241
9860 d2805b0602ee6f45
9861 c03c75a221af557a
9862 5929dd7a4a63e762
9863 832e2cf4ff547c52
9864 331d3148c27086c8
9865 e2d0427aebbb18c7
9866 2b3abb2bfb8628f6
9867 e4ffa82b012ede28
9868 ff4e5673e51983f4
9869 e8cb6139068d9a70
9870 fd79433c39ab6f12
9871 caa7135bfcf4071c
9872 df75ea3fbc0d8020
9873 d63341e268371ad5
9874 d0ceca568a5e27e6
9875 768f1a861d90cb7b
9876 f62e4d36662e04e9
9877 999de7ed2e68e8e9
9878 da74c24696e533fa
9879 9fbbb1d4a23f41ac
9880 e08036ea331c721b
9881 60ba7fabbe8cf60f
9882 d266983b3e6c7849
9883 144609f10336ad5f
9884 534139ddde6f6741
9885 edaa9e5d799720d4
9886 0f8e13939077e929
9887 1946c3e81f9ed0d9
9888 ad9aa0d662b26030
9889 332fa200211eaf68
9890 3f2ec97685668410
9891 5d60512b559c78ea
9892 20d9de90fdba5baa
9893 30d7c7248faffec8
9894 a6f74bbffa9684fc
9895 6a3de2b6592c783b
9896 f97abf3ec21aa97e
9897 42ed562f815ae11b
9898 5ed58784e79fd46b
9899 5d08f2f1813cf92a
9900 93bfb5246b060bab
9901 c03d8bac1e0f385c
9902 2ba72027c2f79bbf
9903 1dc14966d0b3de62
9904 f0ffff7a961a4631
9905 3f1a3ad063c6dde7
9906 f562740b1967b6d4
9907 111b674809004861
9908 3066ae81fb3b5587
9909 040e24b97b72fe87
9910 d483e4dfc3cbe611
9911 8f36255aea5b5a51
9912 c46e99e12af6f373
9913 b92d16300e63b2c3
9914 90a826d8e523a102
9915 9803cbdb777aee80
9916 8991fbdf689a944b
9917 97e2addfcf13e85b
9918 c13a59c8bb337b1a
9919 bbde91abd483bde4
9920 f213feec9a3451a0
9921 ea8967408763c807
9922 08c8f904570a77fd
9923 04be59bf37306b90
9924 835a047b2b6eff7e
9925 04fa96bf96f03443
9926 88e75d04a4514804
9927 940f33f1106eb5e2
9928 44d5302120f5a8b9
9929 8f28c97604091b17
9930 e65b87be6bbc6f54
9931 be3f05aef728e307
9932 d28e0b3e645f2dc7
9933 59e0c09b5f3ccbfc
9934 76247e6006cdd532
9935 53409259ef29ee2c
9936 f8059e6950c45026
9937 a66fa80f725c2325
9938 fc36b90638f653a5
9939 a4bf7d1d341d2546
9940 3f4c0a0889b10fbb
9941 a961dc6889704af5
9942 d9bb9209afd6786b
9943 9f91ea54d8ac5e42
9944 42ed9da568f5f9e4
9945 afade4c12f69eb06
9946 320255c9fddf144a
9947 b0fed99d20d15ad7
9948 e81cc2f43f965381
9949 fb2ad8c36c6a5ba7
9950 4a7d2a1f506b2317
9951 2349063e7395014e
9952 23cbf6584de458ff
9953 dca96a09b60cb772
9954 5b51e9dc3c290d49
9955 6e0a592943992984
9956 35bc8216919fb412
9957 ebbbb07c9a28d2b8
9958 744a7e6325788f89
9959 1f20d8733d52b013
9960 497f0849f59ac4f7
9961 b902e435cfa21cf0
9962 9025d9239cd616fa
9963 4c3ba4c2eb35b362
9964 afe9aa75597e2df8
9965 4a627c5b16ade3a0
9966 d02abef1e5949613
9967 9b4e4483b3415ca9
9968 cdb47377ef40f544
9969 3bb5834041b9f299
9970 35eb6a7ce26b5b4a
9971 0a9ae08c30790a7c
9972 18cc33801ad2c940
9973 b41ff78e6494bea0
9974 f2a02f11d4789051
9975 8e860fd78fda61c5
9976 39fbdca523bdc62d
9977 9200a092c2535d89
9978 4640163ae344418b
9979 106268f31bd4ed26
9980 0480701da85ef514
9981 f2a582edf477854d
9982 3b9d6cce79c4edcd
9983 5d2a54beed30acbe
9984 ecc1ed9a409c7e7d
9985 8f16243489d54a6b
9986 f69cdff584daba19
9987 2a824237da9ff954
9988 6498148c42aa4457
9989 86371a0344a4016e
9990 e491e7bb19314273
9991 4ef26a0e412bc5cb
9992 3ef257059af0c9bd
9993 ef8c318f5201056a
9994 9d9feed61f2cb4a6
9995 8b522923504a77bd
9996 257ef08b0f0afe60
9997 1d7833f405c0d028
9998 d0d0af4fc7010a8a
9999 3b721aadd3489992
10000 0bcf97455e0c5e54
10001 65ded1ecb9e9cc84
10002 47787a497fe2a771
10003 68613b4f0fdd7e0f
10004 93840fbddc886c05
10005 94bdfc9c534c0b9a
10006 f0575d37d56a81d5
10007 cccdf631fd920a53
10008 9b031001e9c71b98
10009 92843bcaf498f107
10010 7ec9fb27643852b5
10011 d3567daeb9421f0b
10012 989ed8b382148f25
10013 3fb648b9c914db44
10014 0d4fd31dce351e0b
10015 2590facc2f63b6b3
10016 441a3669c069878a
10017 4dfbc8815b3712c5
10018 dafd2757eeee11ed
10019 8775351da4a6ed93
10020 a5d13396bc04dc05
10021 d01bef463ee131de
10022 5a858651279751a0
10023 21715ddd96ff1669
10024 5b8c44a746b16a37
10025 0cf3f656cad5e1e5
10026 7382d0ff87ed745c
10027 223c6d996e415176
10028 9b36157f31010cb9
10029 bbc1cd3cee286496
10030 d19101e97c3b04b2
10031 ef1f16f12b7723f8
10032 c804556fb0c3caf9
10033 713c83a4da07eb9e
10034 5b2a14651c85362b
10035 05ad32ca11fc0cb5
10036 0f6e9f79ca344d19
10037 627ad1acd7e52db7
10038 b7ea97ff3bca8c00
10039 8a99d918f48b78e1
10040 16ef86c2eb032bff
10041 c79e14ebf8e526b9
10042 6cb753755237beb2
10043 1bf26f10e1c64c14
10044 ed77c48528953cc4
10045 658f147c38099733
10046 679f256f418ecb36
10047 eb7818e7ba8ff174
10048 73c321108bdc38e0
10049 07319350329fccd1
10050 d9fdb84abd7472ad
10051 187d3b84bb47df68
10052 8b67419b8a18f331
10053 eabe4199b68b5f11
10054 26aa94c8263c5b91
10055 03e8166d6fe2f5be
10056 e28eb2bdfb2d04c4
10057 2984d64af1c36ab3
10058 ed6541620fda2ffc
10059 c655479c90f9db31
10060 b745f01220656de0
10061 091a70825d2a4591
10062 48105c674c6cc51a
10063 eddbf5491e16fb93
10064 4834e2896812e617
10065 32d00017719d7d1a
10066 4eec207231f7d467
10067 715b277573eb6b8e
10068 5a660dc77b5c940f
10069 9547c906850a36f7
10070 5409f08ce06a3797
10071 817af2ae4eb3f1e9
10072 2961ce97ac2d5205
10073 0d373d7e883bdbc2
10074 714ff0f0333e8b3b
10075 9374ae9be1355a6d
10076 4c758328b0d6c167
10077 422e58f61d256433
10078 21140b39cae37abf
10079 e082f5378720e414
10080 577b06a68675d7ba
10081 6a55835feebb3939
10082 d86b5e3f856e35f0
10083 87e83e77fc731342
10084 bf9e23855ad5be5f
10085 bc80cc6abc60396e
10086 900f0116476f29fd
10087 12d8fe897b25fb9b
10088 67c4c1ca2cd06526
10089 9cbf5a7d12c9414b
10090 18a18fa7945e0b6a
10091 e32305ee1325ce24
10092 7b5eb97a871dff8a
10093 d97465ff0ab5d133
10094 733f149a184f485a
10095 2cdf4cf08f24de3b
10096 d6bf96f818c69beb
10097 bafe07693db1b562
10098 aab7e0853f3dbda8
10099 c67315271902b71a
10100 7b988b4cf4dc59c9
10101 cefb0c659c8ff521
10102 1cf903cb052b0a2b
10103 c10db525ecab0b6d
10104 37e9c5e171992b9d
10105 ea5ffcd90b81478a
10106 cc21189e96893f53
10107 d00ff37c27a5754a
10108 cb889f3f501438cf
10109 9cbc967c690bd80e
10110 225cb5d5aff75a4e
10111 93e4815e9199560e
10112 0759b2a76b94ecda
10113 14022c5fd5cfbee4
10114 6d609a75c37b90d7
10115 189f2273ab7b5720
10116 5a44d6268e9c8546
10117 6de074460b239214
10118 38ddf60d51bc6165
10119 b464b3c35f326e8e
10120 37e0f7183f5349d3
10121 259d5e100dc468a1
10122 384b4f8ddd8e1384
10123 526c4d0d7b75b935
10124 b82855a6954865c7
10125 6f448419a6a019d3
10126 6dafd2b0b2142684
10127 328860673859fa11
10128 aa263bc60b8fd6b9
10129 c9d133ac1e510b18
10130 95fcdcae62d2770f
10131 8a5717cd26a2d040
10132 9ea0c6dd7656f7f0
10133 555afbae3322722c
10134 b4dbdc6411abf318
10135 35d1229649c4ece2
10136 33a4d7e1a7cd76df
10137 e49310669a57256e
10138 8cc971595459b866
10139 9f4e9d34aecccd86
10140 0a0d4f6d771ca894
10141 e6380d47ed2c98bb
10142 04020e7f697a101f
10143 36db29ddf45397f9
10144 3a57bf80f174684c
10145 d1bc1a9f412841d6
10146 e813701c78b4957e
10147 0d03ee62c583e36e
10148 f3bab90b58f5115f
10149 447c7d02c890bd3e
10150 b1e87aec5ea83397
10151 4af46c598cb2e849
10152 e0a72cd4fc5ab33d
10153 cc13a8033d782e79
10154 78e65fdf7ce77711
10155 ee0295c1a5a6dcbc
10156 eb0f8a61609ed105
10157 8ff43cf11e89577f
10158 64bc2fbbd15a84d3
10159 d3a55bb05df838bc
10160 ce8a0ab235a5ee0b
10161 05297b7135a7fccd
10162 cf57c959e12f6dad
10163 a4394e3e397f04b9
10164 d43df8364d77a2ed
10165 5062062a963d9ad8
10166 d2b965f1075c98a1
10167 a6f9359140d9ca52
10168 02771b079cdb8991
10169 685fc6bef6c03166
10170 2f996c3a8d54d5f0
10171 353cc88f524c0211
10172 4111a8d1a978431b
10173 f293127b8983f0db
10174 d168f854c1e6b56f
10175 116d629498e880da
10176 44e95e82083cdea8
10177 91b6b736fe8e0fa2
10178 b2bdd3b111949ffe
10179 b6b11c26c479366a
10180 86288b8cde7029e6
10181 f862ad6404296e2d
10182 95c6a0156520e836
10183 752ec3f430775685
10184 e15e40a4cad44045
10185 299966fb8b2c8655
10186 d527f5bb92c36495
10187 acaf1e7daeeb3d07
10188 4b993c9ee1d15f72
10189 708ebf3b05477833
10190 ce925dc679e1fbaa
10191 0c651cf66a108b66
10192 dfbb0eb7fd6fe8b2
10193 a3f9ddede35a1ca7
10194 8ce63b17dc1e1986
10195 8582b4880a346c93
10196 fe13d6c561a41ef2
10197 293e3f3799b1a26c
10198 c82f7270c4cc370c
10199 d784e1e85bb81995
10200 ba9c42f60cc64b8b
10201 5c9d1a0b8dee241f
10202 eb9049846263876d
10203 15e7d0a55167ff4f
10204 ee99131be925e68c
10205 7f54939bd91ed208
10206 966cd18e1568d3b4
10207 7f49c31ef6bfa5ce
10208 2d9f209f47be2fb4
10209 8bef2e2b227785cf
10210 a12db8609b5c5267
10211 355da17adba46633
10212 b4a81114131ca78a
10213 ea9d5cf2454a24be
10214 79d540505e95bcf9
10215 9666472f34a4aeb5
10216 9d1e7035fcc6af8e
10217 e883a769ca3512e3
10218 4de714c458593af4
10219 7dadc3a91041b729
10220 9353d09eb059f6f1
10221 0293f99ec53ac7d1
10222 82b2610409190c2f
10223 487f2a873b41c10b
10224 f497835ae8d420b9
10225 3302b96413567518
10226 a2d80245786403f5
10227 9e221157ae5884da
10228 16c94942b4a9addc
10229 3a42b42453d16c89
10230 e8277e8926ac1a6a
10231 07f5cc827e87ecdf
10232 f906770166fd7262
10233 f6867205c968fb51
10234 8d6bc64625ecd830
10235 f1aac5000aa8b7a7
10236 6048e1ec59e1d6dd
10237 8c812adf51a22e51
10238 f1c7fa38a273949d
10239 d6792143199d6b8d
10240 5f04d9eb6bb0e50c
10241 e2ff95eddbb48290
10242 bd699d2bc933134f
10243 bd92acc386d90e7e
10244 d09c6fafc2b620a4
10245 21de76cbdcf5cc54
10246 62c3caaa01230629
10247 68f76a4a884d402b
10248 6e7937b4dd58a90a
10249 3f7d46c00f6fe9fd
10250 0af90f5bbe49e535
10251 f307cdf4568c9525
10252 3705cfc5a5432d06
10253 b9203dfe2915c02f
10254 1b1c446d0920df43
10255 e2e48d88c33eb57d
10256 3a73cf85ccb2f78e
10257 8675eb2579f00f14
10258 c77f95999b1a2f6a
10259 f4a6729cc0665b9b
10260 68f6ef5e93637f63
10261 fa6a2d5e4af9815d
10262 6fab65130ec7b58e
10263 f18944cb95d130c4
10264 83e12c30336157e9
10265 ff90ef29c7e8bdee
10266 9ca0306291cdd698
10267 82afa0542294f08c
10268 00de18b51ee80e96
10269 a9eb75f951daa5dc
10270 2cd2de7dd19d9df2
10271 bce093189047b8af
10272 ed7004ae3c3f8f33
10273 80ed9b03b48cd234
10274 54940b0ea5ed3e26
10275 90d014d960c75a05
10276 b764582f10285cbc
10277 bd38e97be1f7c0d8
10278 a03f46b13ef4201c
10279 55d178da535f24ea
10280 aea15b3cd95761da
10281 7b3b19fee1a6c2ac
10282 b49d520df516e7d9
10283 8d58986d408047ed
10284 c5c7c64b3665e115
10285 39b99fae26d87a34
10286 2888815c218ff644
10287 80cc5c8b218fe315
10288 4ced712e0643f768
10289 cdd583d579c3b794
10290 e4de9d1d4466386b
10291 163034e3b4131f5f
10292 1ba83944c602d679
10293 af2f3975acb21062
10294 5db08e8a4b065b41
10295 823c5b58175c30fa
10296 7d457df7482aa21e
10297 19ba835563c06703
10298 67143b897691573c
10299 bce9c369a07a395f
10300 ae985c3db86b86f9
10301 f549c7cd1eea1091
10302 e0ad35543771bc7c
10303 a265faafd3edb2c1
10304 c27b93807ccb921b
10305 ee002af7cc4eb0d0
10306 2e6f553e28b5c4d2
10307 c84e61c881c14604
10308 c81e56ba957d908a
10309 a07708820c57446a
10310 b43a21a4f67a0e0b
10311 368daa4e718abf8e
10312 c75f38eb987a5516
10313 5515aae334c8afd2
10314 9de9d3c7bb1a6789
10315 bc808bcac541501f
10316 c16f354abd1abf7b
10317 934e35b2da64393f
10318 1c7250498ef9b32d
10319 2c864397509665f1
10320 4489df74942fd7ef
10321 8bb062ff6af3911c
10322 70bc9cb2ca0bb092
10323 b60f2d5b3f9b9921
10324 eb55d87af9bad185
10325 0aa5cc63fbfe391a
10326 33a0522139dfae25
10327 2943fe3cc2af58eb
10328 2bf539aeb6db1674
10329 640fbda7ab7f285d
10330 b511e67c7cd9fdf4
10331 a74b62eaa547b454
10332 6d967d15d8bd086c
10333 0f632bf85b6e6a5b
10334 3abe0eec97ec7744
10335 aa836ca7cfe83bb8
10336 c8459207685586d7
10337 e1ede4c013b5fb6d
10338 ac4a5232cff8c091
10339 1189e51248c907c9
10340 e920efa3b0f66a9b
10341 fe498d03e2abc234
10342 d0e1e5a06b070584
10343 058b712e7f8bad25
10344 fb85de5d84d9c181
10345 271ac099afbcdb0f
10346 69d256ea2b5e8e71
10347 8550b82ab35ad2c8
10348 e753d73e5f54c59b
10349 e0db62da9c27f034
10350 f2a711f6892ce99e
10351 b0ba571d1cd1ebf1
10352 a563ced82f4fa549
10353 6340c448237f9f09
10354 5b09a27970673c7f
10355 c2f68fd9f604bd43
10356 2cb48a164b0287ae
10357 7115faf0f8542416
10358 ba0a22f803edd24e
10359 ac175160ec3287d8
10360 ef8df63c633fda1b
10361 01214f985a28d0b9
10362 76dfc26e612c9ac0
10363 98eb261b79e47756
10364 a1b180e804d2fc79
10365 8339d01fa55a5efe
10366 8444a9091dc3bc6b
10367 c7078362f539fa07
10368 4f35b70dc9c8edd9
10369 8242fdff12ed220a
10370 28246b1791a67190
10371 42278f2fc8392573
10372 992aa6fac0d1656f
10373 f433f50d70c525e8
10374 1ba0f9ff1f49db5f
10375 0fde44254fc8f3b5
10376 1f769bc78f2a4f1b
10377 42e579bd89581c2b
10378 fd52055aa9d3ceda
10379 92cc8dafbf427dc8
10380 42ba4e7f1bbb68f2
10381 5beb9bf47988c5e3
10382 2ae560ccf86ce365
10383 0e04207235284d3c
10384 3f5e269c6927144c
10385 9ca3e1d906e35bff
10386 00174d5024e79d6b
10387 69c1ad0b2676e702
10388 052e0a68a0be0740
10389 b0c60c492cc0ef6c
10390 c70ea8e8a01f94ed
10391 82e38551f739b7b8
10392 e3a6acf4c380b46c
10393 17dc75a83f3b3b7d
10394 e0c75f17dbd878cc
10395 175ddb6a4b9e02f4
10396 c810b04377636d84
10397 f2d0906f837ee4a2
10398 9da9ef81ea4df7f2
10399 29d1ddd0ede26155
10400 697a2aa1c8bfd736
10401 9fdd3bb65fe56e28
10402 f7cf1963db39df2f
10403 ce93916af7b77366
10404 b6c4eca7212fc563
10405 01a43acb6fa0bccf
10406 7d72212810626024
10407 d2799a1903cc42b2
10408 416efb5697c631c7
10409 2647da88abd8aebe
10410 0ee7ef7b813fc9ac
10411 f5fd480a4d990d99
10412 b8d58f12b8a3619e
10413 ff84da22652f0d92
10414 b603cb904d8071ff
10415 45358f81f482cc5c
10416 cd82895a29a3beaf
10417 fdb3d544675b1748
10418 0465e0996d4ec423
10419 9a86fea51daa4607
10420 c068923d107491aa
10421 201446c1ed6348f1
10422 30976676f77be71e
10423 93ae0b9853c0e531
10424 9dc249e907e4a8ce
10425 a65d9fb1cd85f5bb
10426 e1aa585d3381f3e6
10427 11e27365b8e5aa8d
10428 dd6c5afe128e9c78
10429 abe6b50038392e21
10430 8e67d730a8cef4b3
10431 423b961aa27ce1e7
10432 587a32d516814c2a
10433 867d0703730784a4
10434 8fc5a78d02a47abd
10435 d0b63242525b9aab
10436 0a518b48efc851d6
10437 18f0a7ba1972801e
10438 1e8a71b113222679
10439 6f69583afd6e2dfa
10440 ebae546652a2857b
10441 5fc78a360e5aa6f4
10442 a8e7119ef6b70025
10443 d03657bae91ad53d
10444 b31dd3bf8bc7d6ac
10445 2c881a7d90c369a3
10446 25729f5004fad665
10447 6b048e1d8551d9e7
10448 a8854ec251923bf1
10449 6be1abbc1aa96e20
10450 a0e0f0aab0bdc989
10451 1716c6be22bdd068
10452 5ace04e275e5509a
10453 a71cf930781c9139
10454 142b695a24e6769c
10455 6969ad37efd914db
10456 cae5099d0366d7e1
10457 0a0196a8efbb1a8c
10458 b31277d5c7ab5fa0
10459 8e923853ca41ec50
10460 9a91fbf81af24dc5
10461 fbb88fddc6616e20
10462 6cbbca1a19bf34cd
10463 8dcb2dc4f057d1c9
10464 573c8b4c1729fbea
10465 1f3ccbe723e739fd
10466 5dd2ab9d31c3a8ba
10467 84b651771f7dc794
10468 8426edf15c76fac7
10469 98e597a50f480d52
10470 ac8c9bee3f15c1bb
10471 18830f97294fda6b
10472 328445537ccb004e
10473 15c28e7a6e7447ca
10474 05a8d307950b2991
10475 14a88ae5194098cc
10476 1396b73597d924a2
10477 422b644b7db57660
10478 35ee73095c190de6
10479 d8d017df1ebd6757
10480 efda420d57d73571
10481 c120b231897ac976
10482 d540ddea6c981a6b
10483 9db1711174ddba2a
10484 76afd030dac91a8b
10485 7cece9801b0265cf
10486 a2037f56c4debb4d
10487 7356e09ddfb27383
10488 8fbf8213255f7764
10489 0310c49f0ef66d40
10490 6ac4dd53b57e837d
10491 18aa09575dcd9f3a
10492 b55e3e95ef143b10
10493 d2c4b3ae7f94f606
10494 084af2f1af5936b9
10495 a8c1015bc23c3a75
10496 b325ab7836d333ab
10497 4da6fefee2909a7a
10498 2ac6d04b69df2a00
10499 255e8ecf2a3ed2f9
10500 95614d1a0e893404
10501 14a4348ffb86516c
10502 326c0b5e116d2642
10503 be4d36a14cba0d7e
10504 3e8cdb101d4534ee
10505 14a33b9cfc755076
10506 7223ed6bec63a5aa
10507 14c1a8ce55a57721
10508 2e45ffafca259c3d
10509 707cb65a5fd8c686
10510 be81be089f4b75ec
10511 7c38befe595c1ff2
10512 74e5445f465a0f5f
10513 9719d5ff88e40bdb
10514 04e40d37db9a1e3f
10515 d5f1b5e84ddb8d03
10516 a9bd4813edf753b9
10517 a8ddfd7d40450067
10518 a3085ec2944a7db1
10519 df7b77f6c16dda08
10520 18a03404b68e9077
10521 013ada8e19fee1ea
10522 4ca5d5b1ce2bce2a
10523 07f0fb3460bc322e
10524 452749134fc3e62a
10525 7b07a4ff22b645c9
10526 3d5e3f1654250a75
10527 1d6feb53f4094786
10528 a4c39e40a2ec798e
10529 cef05c14fe1bd04b
10530 99bce846d039be59
10531 b5cf043e12a6879f
10532 cc63c0ba245f1729
10533 a4dd100b2ac4f349
10534 6f4411469417e3ee
10535 d64febbfbbdc827d
10536 1c10d2424611225a
10537 64fcabd95fa8d60a
10538 54f0268181071eb7
10539 7ee1892df74187b6
10540 1ac9ac8e42570ffe
10541 21391bbfe4db8298
10542 84dccb19e618b528
10543 b54f11b6152ba93e
10544 cfdd0f2f389c5fa5
10545 5b91a6de763cfa52
10546 8a029f11c1978028
10547 00a4b1349287ac28
10548 86671d370c561e12
10549 4d150dfc042ae072
10550 9191cd3f925e4494
10551 fe71f0014eba2300
10552 69c578051f65ab9c
10553 6fa556dafcf05420
10554 625209f78d310436
10555 6ef6740464b360f3
10556 00e9f889c42150ad
10557 b0a7d9e2c10ab7d6
10558 7f0f68de10204c60
10559 3379976cdf91ab63
10560 bc3110425ba4fd68
10561 fe9009cafd6bfee9
10562 30ed948322332269
10563 a10c2fe79356879c
10564 4f56dda28ba34ae7
10565 50f7adba030529b1
10566 31378058fc85c981
10567 0c507c63ced99835
10568 375bec51082a8ca8
10569 06f17b1f3a6b9f9b
10570 c49db0dbbe260aaf
10571 a4364499b2d792c5
10572 d30b88cd94a741c2
10573 7193d13127de1d08
10574 3d9ee1417780d7a1
10575 e50c345271eee8f8
10576 1c8610eccf3785f6
10577 b27e3714159fd5dd
10578 f656fc90a67eee34
10579 1165f6a2a8d9262a
10580 a6c4f3138b4ac290
10581 c8e2a62108e51b9c
10582 9201c622ebd51aec
10583 b9bb17c9ed128640
10584 a95dbbac454fd621
10585 df002704d7d4b8fb
10586 a32eca81909a963a
10587 a6291cd448b7e8e3
10588 1add9a8e2f5061b2
10589 52dde151000d002c
10590 a2754957b9b8c6b2
10591 15c0648fc927a19e
10592 b007596c892de476
10593 84dcef1191aded9b
10594 54da3511453b83d2
10595 a286a47fbe4aa6d8
10596 614ad8c26c6bae92
10597 bd31d2d8dc566030
10598 274fff540824f6a3
10599 bb7e7fdf4770e7c3
10600 f3f266008ac0ddc0
10601 11db8ee868bf8acf
10602 7d8659a021c94f5f
10603 adebb55fcce130c7
10604 ed25af8871eab0a4
10605 0a63b453b543288a
10606 a07b3c0fa108b98a
10607 b7846cf49d3f47f8
10608 e38e6e0929c47693
10609 feabe3a96318f728
10610 481d2c9bd2f36ef2
10611 2d641f1ffdbb7203
10612 48d252cc7d9c08de
10613 cb3e8be3ea2ee4b3
10614 6e4873061e94bdd7
10615 75c30a10a5cdcc17
10616 cacb152f0c64482b
10617 3b7e5673f316cebe
10618 e12e8ffb0f536317
10619 ab8de0c895cebc71
10620 972c732a13b2aff5
10621 020aca29df0ff78a
10622 51dbec6a79bdb0f1
10623 79019ea25b541f78
10624 0c610ff4b1b3374f
10625 ec49fdf59e2c598e
10626 d71bf15f5ddc4899
10627 8b5b0d0583b5c8c9
10628 4610f3d491cbf4ec
10629 7da72346c1517536
10630 ca28797dd6e54edd
10631 a46a714cd13ac4cf
10632 ce8e101418721681
10633 c32954238a2010fa
10634 6cd43448a126a4ef
10635 b340bb9098099f25
10636 78c78956027359e1
10637 b6d49a1eb027503f
10638 6278c42ba598f4c8
10639 933845d972cde9b0
10640 e03a2dc0187b98a7
10641 cf49f3d721930a18
10642 2263151426428b44
10643 b6b2983651a1998a
10644 19e2a955b0837043
10645 77ff541ee6947214
10646 c6d3c1812fb63edb
10647 a404683d75afc16e
10648 ee3e9e2277a9aa16
10649 b1f577b695bd6b38
10650 c5aea401185141f1
10651 1efb03195d515145
10652 0ba2761346ea2f33
10653 a85513b0d05dc318
10654 71ccbd02b473f8fe
10655 3982bc5b5e14e9a7
10656 6adf5864f1f28582
10657 5573a9d5d79709eb
10658 7b04ba5f2236196c
10659 46bf32c61264e4da
10660 4fbbf677c3120bc2
10661 bbfb66ae5c2a66ea
10662 19ad532f527e117d
10663 2f415b7f865bec43
10664 81897935a907d1f3
10665 47a6cc9f67657c1a
10666 2a7bd4ea0334c836
10667 5a9a6a80dd9ebbbc
10668 d70ebca295fe4ab8
10669 e1c5867761283f88
10670 e548e6fa1f9b5038
10671 eb46af64f135383f
10672 eab7a798bc3470c2
10673 d349ad9fcf285564
10674 26f2fe7b6b61537b
10675 ba23ed85b595bb54
10676 b8e0dc64ffc63487
10677 9d78a6de4f65a33a
10678 879991e4a8be4744
10679 ab39cc93c049f9d0
10680 293c143adc044743
10681 c5646b9bab4d173c
10682 a9d3e40c1a6e994e
10683 dca026c1e19c38b3
10684 5db47ce1651583b7
10685 7e4bee8303a3814d
10686 e0011bd781d9e4b9
10687 d56564b1c7ef5b91
10688 cf9b7d9c0a53c89e
10689 bb7a2564049980cc
10690 70d20593cb95e9a1
10691 e65b26c7527d7537
10692 f588f78eb0dad349
10693 5897054484076943
10694 1acd7bf9cf15e98a
10695 27c5db29c8afb09a
10696 4a4b6be5f28eb8cc
10697 35b8910ef3563224
10698 c275ee32e72a1b34
10699 c98915185758d9e4
10700 913698452fa3c1c4
10701 cb47fbbb28e298db
10702 ba8327b789dd2868
10703 555b9b6e20da1728
10704 bd0ca999bae187e0
10705 ac95b566e6059528
10706 bb1fac009cb291fe
10707 25570a1aacfd2be3
10708 9ad6e4af4f0637fc
10709 7a1d39a49e00658f
10710 928de8f0a6678f79
10711 720df6cbc6d2c126
10712 d46360337172afac
10713 b6eaa8f987b14fe6
10714 ca128fb4bdb26c72
10715 1fedd4cf7f7d06e9
10716 2bed7b6c39992ffb
10717 6739938bb4572797
10718 40ec42702ff7f743
10719 e1570cc954452c9a
10720 8dd9b43d2fa9c3f2
10721 16f9dc98f62e761c
10722 028ebc90829e0583
10723 fca0ad46350c5f41
10724 a73aa4fafc5cda3c
10725 90f0667dc30e193b
10726 db31b984175d2692
10727 8f1e96982d4dc23c
10728 8a7d13c86bd277a1
10729 debbdb4bdd68c7f9
10730 8768a8d32f53b37f
10731 256fc4eb20520f80
10732 5dafe7252804df7a
10733 acd5073044e2ac07
10734 a8ea51ac6ece986e
10735 b25354d5219c7e98
10736 ffc74678862c0976
10737 d6fc5b4e66b07684
10738 46dd628e94e2119d
10739 07f67d0025516d24
10740 f5279af6c36d2e6e
10741 4a22f7a016cc3330
10742 be2e275be6d9383b
10743 3565fc35ffc7e61a
10744 613c6aaa48eacb99
10745 8a21881f9f4c8f12
10746 44bfac9e1167fe60
10747 6479a14209f43ecd
10748 d3e9d1c1da3e54d9
10749 24f80142490d9b8b
10750 8fde7a19073b820c
10751 f193e575c08db788
10752 58204c580298a8b8
10753 fa6615ecba4d81f9
10754 8010db0456392875
10755 93bad0c270db52c9
10756 e238d06451a2e667
10757 f3dddc46bf8d8211
10758 06853417d1d77884
10759 9a411a10ff317879
10760 c1c7f3ea90aec585
10761 96817c8e332f9b9c
10762 b689aca9e520fd60
10763 9a90c486ec23cf9d
10764 0bf844fba83cafac
10765 e805f7ae5d953835
10766 36bc92b801e20a79
10767 decc04ed2b607f4d
10768 4b9af37e716c9d0b
10769 e30b1cc8c3083a1b
10770 d999cf6bf235a3a6
10771 48c64852fb5c17a0
10772 2ba5b5cc5fda4825
10773 5e50c5894b06c322
10774 15b984357388e136
10775 d07bb6324d8a3f7e
10776 177453f0580c7c9d
10777 be785368f6a600b7
10778 528d1ca6dba60473
10779 11825892952dd473
10780 fd210ad37328148c
10781 9330829b9f21aa62
10782 44f893ddc84371b1
10783 bcfdae4da1ef96ab
10784 8baf80fc87c7eaa4
10785 e41762f9f9b2a9ad
10786 f1187721ea88deae
10787 3957946b45730ae1
10788 34fa75ddeedd409d
10789 4940fab8036c4691
10790 46b0b37a29162edf
10791 06a98af59b2e8d89
10792 f79e5442eb586488
10793 f8118cf0dbae7ada
10794 8a29446e7d00f4bc
10795 0b93b50c4cb3a414
10796 12e831cef7a604ac
10797 cdb5d97f25129bb8
10798 54f6ac3dc0e36ff3
10799 57235ad6654d9f2f
10800 a72afb7f00239b80
10801 f2ab070ebc6e476c
10802 c941d90c7801b4f7
10803 793a91465d101466
10804 6620f11070242a8d
10805 63d667d3c782efad
10806 83a2dd2cf1692b25
10807 645089aa6f870765
10808 e02e0a20ec59b82d
10809 5f1a7daa3a083ffb
10810 2b228fde2f28fb70
10811 32712cb873ac796d
10812 ec770e64ff43a531
10813 f659e5594b3d682e
10814 8f84458d4d06138c
10815 d56f571cea2a9fc5
10816 26f3e9cd469b1339
10817 21a420245accdd8e
10818 b3014246f45dc7ae
10819 77b38c40ed1f5169
10820 f49973d371f22878
10821 1ed7fdb08bf085d3
10822 f01a321c9c61d4f0
10823 c64ef927eaa0c682
10824 9752cd5d08de3bd3
10825 b28f567d1a316063
10826 5290f4c44dc48142
10827 cfba27840f3caaa1
10828 12cc635e15b29188
10829 f7c3e269e1b826bc
10830 a42094adc66fb869
10831 579b39ca36f93a6d
10832 dc0680bd9b6cda90
10833 024088d6b3abaae9
10834 e77d13121cbb076f
10835 ef658569ed56a556
10836 8f905e850bc4beed
10837 50002be74dee1173
10838 1972a361f12d5835
10839 90f742ada5d532dd
10840 3ed14df2cd042f06
10841 ed56fdd1b93d7a5a
10842 36858fbc3747158c
10843 fed0e82282155b55
10844 300393fb78e13dcc
10845 5948f5ba5f44fc5f
10846 311fd0fa10900baa
10847 6b23b0c9e3aa5887
10848 41e939425c72c1f5
10849 6cf4c9b0c77bc3dc
10850 abb9f888a0d44e05
10851 0063307baea2c709
10852 bf62df20152883ee
10853 a41c7e9c374838d1
10854 68a6da0baaf28509
10855 e76261d2e7942bb2
10856 2ffe0f3c4eb88927
10857 be0569f3d640c94f
10858 98d6f2a487b214c8
10859 48c1cd91670460b5
10860 99e0f987bfc072d1
10861 6513f7416a0aa64c
10862 42638fa17f3cb47c
10863 d90ae2bcc1974fe5
10864 b8c034e9df68fa9d
10865 00ed9726c78cf512
10866 b0ed7b505dd09d56
10867 3bc45a889800a900
10868 eee62f16e3128481
10869 b44398da8a32eac9
10870 4d7e096dc55613cc
10871 2f89435c065b4958
10872 b42703f325d05a7b
10873 a90212e8b20b588e
10874 e180816daa4debd3
10875 0af843f2d345fb3c
10876 42350effb722c619
10877 9252018059a510de
10878 b45834e7b8a6d8f2
10879 f573aa8934582369
10880 fcc6a0a50989ec86
10881 c7f4e07411693866
10882 b6d3b8e006cf48eb
10883 701cf0193eac2032
10884 0ccd7f21aaf0d0b6
10885 30d0994e83bb18c7
10886 bb370cbd1afdfaae
10887 e4e602a89f3f40d4
10888 fbb6341dfb4952a9
10889 9c5134f871f10a4e
10890 0f0b5113f6f82109
10891 a548a22f6620562b
10892 2688b5044cfadabd
10893 83fb8ed88fc5815d
10894 58ea009a1758b798
10895 dc9f63109eb70b61
10896 743bb7f768feaf8c
10897 9653e8f0062abc3d
10898 8da36b9749d1d998
10899 a6bee121020ab0f2
10900 5dcf52fc7a005b95
10901 bc7edc2962303590
10902 4267ee49110f97a2
10903 6068c7d974a7fdab
10904 2ac919d48dee4208
10905 9db90c928ae44950
10906 3fb40ff2f0ff3b94
10907 f4332c2d0c320195
10908 1d7ac37ac6fd148c
10909 7fa85475cd595d1b
10910 c772b68c61a7c070
10911 d79b576096d00e1a
10912 4e63e5ad78e73e93
10913 15532e404767219a
10914 815ad72fca569e0f
10915 77389859be3499c8
10916 6334c5ac5722483b
10917 82c4d173a142cc11
10918 7478f3a706d90b01
10919 24b5c9fff443e5d8
10920 dfa8e26795e8e61f
10921 2b646809908774e8
10922 0b235fe987719775
10923 aac1e1787ab36a84
10924 fe4ae833c6d562bc
10925 fcb136b82598567e
10926 259451b3ef84e431
10927 259f96bd52612d39
10928 4babec845700cb23
10929 01ed0976258560ce
10930 9f462815c7080c8b
10931 e9f1da925f3d17fa
10932 b7a09c93ce4d06ae
10933 ee8f1fc5ab356597
10934 b5f9cf5688cbc15e
10935 c43032d473ebe7f8
10936 c48fa2ebe0cb1caf
10937 c756641a6e16adac
10938 75706903dee71907
10939 e46b7b58c2169a1b
10940 e98f18dd367900b4
10941 a35d46720f9b0650
10942 e2454f00c7de6f4a
10943 45a340c656182d57
10944 73e4f15eca22a9ad
10945 cea8e7095e464300
10946 6dee9be82d27791e
10947 989b6bba62cfa983
10948 c515b9e23357e7e4
10949 4adc8c1f3941771d
10950 0218bd818c7c8d1e
10951 880d2013a9cf4dac
10952 77ab543783cdab46
10953 0bfe0d98f0767e24
10954 2619e299fc268b2b
10955 1b44fb294de2025b
10956 228883cd22e3b3e4
10957 56a7775b95e44ee5
10958 2d0d92663601a54a
10959 3d846be29abc17d4
10960 efbd7ed7a8ebd136
10961 0471514206e40ea4
10962 ca220a75e21779e6
10963 4ae0d99ca411fe88
10964 7a09df120c616e66
10965 5ff6321f08cd6ef4
10966 a681769579c7b05f
10967 c0446f23fb66e6d8
10968 87703c04f170ca4c
10969 77c2461ef1cef2a3
10970 c3862855b3645836
10971 c7dcda561fb1d9b5
10972 6f72b02a7bef76e0
10973 785c7a1fef0a6211
10974 313c42d4ec90f8bf
10975 1847f51ba389070a
10976 504c92488d7ee74f
10977 65559833187a880b
10978 426a1ee5c7da5d7e
10979 00d8bd3eb4ba1b8f
10980 8f444a8a3dafc42f
10981 b3ce010a466b8eca
10982 cd546cdb165af32d
10983 b8b8dbcba31a744d
10984 42c5ff71f9c28e54
10985 d6597eb9323ad5fd
10986 c9c11594625cdc34
10987 70cde7ee24f771df
10988 8a0a6e4394b6fc96
10989 b8ceb4ab5e3d3ec5
10990 f80f7c11a53d1f56
10991 a71be2e3231f1aa6
10992 1614358dec03ed37
10993 0e95a7e294bbce22
10994 8a55b7fa88200059
10995 c3e3948ad0ffc94a
10996 65f9e0ab508b9de8
10997 697d15e71a44de53
10998 b7701f2647fc2e10
10999 60df14c1c0f08ef2
11000 b0e124f09bdec440
11001 8d7c4456190ef1ce
11002 8830237429800078
11003 ccc607158a3eab26
11004 b181b26701813a88
11005 e453d4b950df52ea
11006 548e8b301e0b719e
11007 703960cc5fc6d85d
11008 3e03aa8091a11c0e
11009 4ab14106873cb8c9
11010 d99caf6a61a7a56e
11011 cf05b3cebf04e7b6
11012 a8a2dac0aad24a72
11013 b1b833db961b881d
11014 36e653b9e6cc7fe8
11015 9ecccbd539fb18fc
11016 13c83d8124b82b32
11017 eaa5f8625e3f7dd2
11018 492fad62daba0e30
11019 3c990f656634f5be
11020 218562fe3a8e87e2
11021 6f54284da1f98af0
11022 8282b3c2dcd08faf
11023 7777a38fdd644101
11024 d9a41200a4b9b608
11025 2350682de87735bd
11026 aa9d271ed3ce0df6
11027 6586cff681f41172
11028 eb2da201b38d2c80
11029 cf7d0e140f2c3bd6
11030 68633a5e7ff3ac9a
11031 d70b7520a4181b0f
11032 964efbdafea178fe
11033 2529939c1f48d2b0
11034 6905708c96fb8879
11035 66123ae614434478
11036 804fa90300fcba21
11037 455e3fe4cbf7ac4a
11038 be588391985e1f7e
11039 4ecb7dcbe6780b84
11040 0764201f7240e878
11041 a59561f165d5dda4
11042 43b1cb503f38f072
11043 20832009ea45cf33
11044 72ea2aef196f2af7
11045 5d89975b6dff6743
11046 12a2645e71eefaad
11047 bfad97a5c3ad00f4
11048 0a8bf6fd02b752b2
11049 57a49a31e98d1b6e
11050 6062adcac05b7032
11051 e625adfba108114e
11052 5f9d01a1568f738c
11053 2de9e99b8e53b4ad
11054 50d7df2973eda395
11055 14051ddfff6fdf4b
11056 45b39839d1d63573
11057 a400ce6de40941e1
11058 fa39277b5aae0d6b
11059 6b82be7029253783
11060 dc5eddaea6e125c7
11061 9db327342ef11270
11062 8e4ee02150f2c6b1
11063 df971a7eeeb7d97f
11064 0a7230aefe9e11cb
11065 775e1e745c7a6589
11066 d5686825d8e8567e
11067 15706bd34f2c7ec9
11068 9bc4097a84f91dcf
11069 38e3fffbe45e359f
11070 74030248866f48df
11071 14b7237cb838a7dc
11072 26297fcb2bf5645c
11073 ad0ef4525e46b511
11074 2f5194ad4c434057
11075 ecb78c94e1000102
11076 25a6f0f023fa256f
11077 cfdaedcdf0967fe9
11078 a99667223d620ef4
11079 49c6b0b9716ccbbc
11080 607c997291a63767
11081 538b3bfad69c9d65
11082 af053ca159e256aa
11083 3d83285f4635aea1
11084 27ba678838cb77d8
11085 aabf56733b323912
11086 77a154638cfb54f5
11087 dd0c1ead22774234
11088 c148b123e6dca265
11089 4833dba155f0c08c
11090 9cfcda83f83f827f
11091 b7dcbbf7f829e37c
11092 fdb73c539877907c
11093 c52727a7b40586cb
11094 291344d710bdc57e
11095 003116e126fda189
11096 733973cec1c5935d
11097 1247ccadef374439
11098 549bc34e8deec27b
11099 c18a74f89789640a
11100 a9f488523425e6e9
11101 5e31317560db6ce3
11102 a527cdbee8ad96ca
11103 0787996e74f6292e
11104 6fbdf76e74c6ef15
11105 e820c768b8ebe1db
11106 bbc367100a2ccea8
11107 d8218d69588ee4ae
11108 808009ac784a5466
11109 0ac6a3571537d553
11110 a0185c798b1012ba
11111 8d9b3efc1439d6dc
11112 72c5d00445598973
11113 b8a6ecaa367098b2
11114 8fd822384bcd34eb
11115 b2325605bfe2dc13
11116 bd7a8714495ce38d
11117 2af45a42993b08df
11118 fbd76509e6c497cf
11119 43de5b0c3c0249c4
11120 92bcd836967d8f4a
11121 f247c4c83420a435
11122 1c28812c6d0742c9
11123 9958801f3b31a502
11124 1ac372a1b2a87ec5
11125 a2524b89802f8300
11126 b35cac59d443b776
11127 91dea558cb293f9c
11128 120c5029e10d59bc
11129 e297099b1c755564
11130 70fbd938cf0c56f1
11131 2dffcb6b6fe0b7fc
11132 04f7bbf88ab2daee
11133 e09888991ee7d229
11134 32774d12c6b07359
11135 0a219c48ece224d3
11136 0628cca67d43ea42
11137 8e35e577d4d9e646
11138 6c03b2f5df53008a
11139 80019d1e79f2fe9b
11140 660db45db44bec92
11141 e0646e47ac7763cc
11142 2730591e4dc741a0
11143 7cfb1a5b29393e0c
11144 1a2b6e63f8305017
11145 2db2e80f6c572d35
11146 9725f67d2440372b
11147 c6791fdbd6e43f1e
11148 bdb56bf02298e05c
11149 3e4a79b3f98098db
11150 e3fbd157d0af443d
11151 f201af2c9f0f0a3a
11152 0cc3f9da80c1c330
11153 89fbdeab042039d3
11154 71b46cdb3e6045f5
11155 7ca002e51feddf57
11156 9385da4515b3a1b1
11157 24799decd9be7795
11158 4b2a765ec110ce0d
11159 9b791eb2e27bb543
11160 bc338e3a67f492d1
11161 705c0b1f0c6e580f
11162 d8a7c59cd6182dde
11163 99600dc3f76e0eb8
11164 3f02a484ec50cfff
11165 07b567be1d3e71f7
11166 c6ffdd95fd975326
11167 401e9b92eea464c6
11168 dcdd54cc5ba2783e
11169 47749ec10e957867
11170 a5458b618df8a04c
11171 8cebeaaa853187d0
11172 88c43c24f587c791
11173 633eed914b67c4b3
11174 0ac7beb395823479
11175 5d32b706044c1b30
11176 db9c1981c407d39c
11177 83f0879360cc7c70
11178 7b1c4cf368356b6e
11179 6d6116ffb8d66abf
11180 86894abac926a9d9
11181 dd1da0e7af6262d4
11182 b0ad955d23bb3ef4
11183 08d3e66918db9398
11184 a0ee533d197e781b
11185 ab2a98e79a1e57ed
11186 6da5fdb69aa2548d
11187 5fad1d282f213006
11188 a6600e15b78c33d4
11189 2d0836ed6834998b
11190 a71b86bb8bd223da
11191 dacc3c3019e1bb92
11192 5968f5ee7ff55148
11193 be97d0fff1372171
11194 5dfc243dc07f844e
11195 a435d6c409e91c13
11196 ba510dac374f659f
11197 07b4fe492bcecd7c
11198 05f637cfbecc7d71
11199 d1dc4bfd2972146f
11200 c26a33274f99128c
11201 3ab2815687b02fe9
11202 179a2dd65f14a11f
11203 fd5e2169b3740ee8
11204 a6f9f7eedf91a158
11205 86ec19e9a423329e
11206 2765374c18b2dafe
11207 2c2d43eab30b07b8
11208 81646ec7dee6cf40
11209 64c17eca6762f521
11210 7fbd93505d11fbac
11211 ff775a9ecdddb2e2
11212 19467a1e113346d1
11213 e800d8cf3ce076c0
11214 4b517af2e54c0564
11215 90897426fc176935
11216 b5b2dd5822b1ffde
11217 3cec6ae7c3d3fbf0
11218 a8d926cd8fffda97
11219 4a363fb0fa0da3ea
11220 6effb33b7a6453be
11221 27f84df218c6bdd9
11222 67ffc6df2d80fac8
11223 8ff3c2791e87f4b0
11224 a17883bae6d35a9d
11225 85dacb6ca6304260
11226 975d7e1b16a108d3
11227 ed87e1f650fb1a48
11228 3927172bcfceb607
11229 f1084385a2c9e4c3
11230 4aed9cb9b058633c
11231 1ff7dce147a70b13
11232 26db9c4aa995f61e
11233 5e92051cd4f1da8d
11234 2d6cfbd27217be7c
11235 83676f0de680cfef
11236 8e95564992aea07a
11237 8e7798ed4a8198df
11238 faa5022964c8aa26
11239 73f547f64278a2ea
11240 16fab896856e98cd
11241 f207b42136b9c179
11242 cbb55a60bb64d4fe
11243 9a1299b4353c9b3f
11244 e004be8be538ebae
11245 c937b48c0387ffc5
11246 9003233be9a2de0c
11247 166d62a09c4b855c
11248 7c68e3749d7a3e7b
11249 f73b6ab89755964d
11250 14c95f3a251e8be6
11251 a4c0b99337964fde
11252 93440ed373553fdb
11253 d10f7ffdff2b5cf1
11254 f817214e9deac190
11255 95dcd186b992525a
11256 af3cdc8b2d0edd58
11257 81f97fb320ca1367
11258 a057afeb32738c95
11259 388d787e43c189a4
11260 9c428e2fa90e675f
11261 2caf4c60df5207fb
11262 da6a345203bb88fa
11263 86a6a230af44360d
11264 ab13169c24d528be
11265 77a0324976f847fb
11266 589f64dcd8f907b2
11267 9404ad6aef2ec159
11268 45c40a61a053d853
11269 ba9c0b5e0142e48f
11270 beaa63127c711c4a
11271 2b6196de1f327184
11272 7519886a1be6ccb5
11273 4e78807008e0ad00
11274 adb00ec534089f53
11275 45e172fe82ac4bd2
11276 d22390cbf496c9a6
11277 70f3bf831248238a
11278 3f4c908eb3c2bb21
11279 c50e6d0a913b7d44
11280 8bc7c999dd3ab3d3
11281 5ad35cc6d05be192
11282 d7b05242f2d13ca5
11283 9b9b1997c526832f
11284 1cb97126d526c44a
11285 98ed0fa5bb4da427
11286 5bf8076591d000cd
11287 d68d6395b27df18e
11288 860eb7ee0ce8ca24
11289 46549eb8430253be
11290 e2549989bcae55cc
11291 26acecfa3f4fcdde
11292 63fb48b44064c96e
11293 3f73f0234e44daf4
11294 c01421ec56147f50
11295 dd845b40e46f1be8
11296 9bed733f10cbb417
11297 19a106da1058ef6f
11298 241d3551b49ca7d7
11299 8414132d706ddda7
11300 c4740d7c5c788689
11301 2c48a24295192d2c
11302 fc396b2107b81d03
11303 c851bfbbdc849d70
11304 29b92240898ba6e9
11305 ff0d3915bf1e90be
11306 a9e60276f41ab0e4
11307 76f90b3e0cbc5a81
11308 6716d4a6922bfc48
11309 0c5758d93d9d1427
11310 6a83d0947c630c5a
11311 29cd00832a0994f6
11312 5c429c61ff2bc45a
11313 75976aef54b7368b
11314 967ca44a011a4973
11315 95bee3a5130a8235
11316 17bf73113d8409b9
11317 ec0d54c0384c0d09
11318 a81b7f277d3c6888
11319 4872a73195022710
11320 8ed50e243d9efb9a
11321 8df6083e927a49e2
11322 399272bf28cd8245
11323 2c1512eccfcb9e55
11324 f538e4f572023cc8
11325 7be77138fe6f3d64
11326 fabc935dab72e3c7
11327 4aaf7d9741707561
11328 ab4cc744050e2adb
11329 264f33628279d60b
11330 791043d202b47a4d
11331 e9c9bf7ac30eb883
11332 168ec48ab60edc23
11333 64e42e47fcc529a7
11334 5cc4926899b26af7
11335 df284364bc654d75
11336 df82df83b13ef701
11337 3efcaba535471c1d
11338 de7000b0de8ecf71
11339 0f0d865efb6179e6
11340 527db1f8c567101f
11341 7405324611245dd3
11342 bbd584106d91ea75
11343 1b2f8ff4e38a60e9
11344 88304ecfd2e0e451
11345 beadec38a5b14178
11346 956be41f66a0696d
11347 83e0df03194ac510
11348 674b0696eaedd225
11349 8bbe4df07b42cac2
11350 b34c60b9d0ee6828
11351 08b54489dc52d6c0
11352 9eaa13095687e270
11353 a634318cb8eaa20c
11354 074d536247af6418
11355 58094b1f158814fd
11356 0d304d67f80b1497
11357 37b7411d02b09644
11358 da440f0d576bbd86
11359 765fa86b0cd47800
11360 c2ce9cbf0aa4f8da
11361 7b1bd6c40b568dc5
11362 139cea0bf929ce0d
11363 9567e4e0ceb1cf2f
11364 70399e2e50f68ef8
11365 570a54629b2ccd2b
11366 44eede490012c961
11367 ba8fec47997e4292
11368 a27ac3e5c1b5927c
11369 96667a2a8f24a057
11370 b28af733bc9cdc89
11371 dbee2b7485634f20
11372 911cc3c1eb756b04
11373 da3748a64299af4f
11374 2b700bc36aaf10c7
11375 b0cba56aa3736971
11376 61277c9f1400faf0
11377 79b06374de11628e
11378 466bf3aee75f3386
11379 0fcd558e77b1c085
11380 374e92ef9a27d9c2
11381 1f35b990b87a0db0
11382 0e60616a1f254bcd
11383 bf768e8fdf9d655b
11384 385d0304b8f56615
11385 4eef69c5b737f5bb
11386 28e2b5cc5dff23ad
11387 35965488beefbd82
11388 f2857b184721170d
11389 b3cf2c269269bbfc
11390 e5feebc21c813d6b
11391 fa0d1447368c183d
11392 9d99302b676c887a
11393 d81b68a6657946fa
11394 51ea03c2890d8aac
11395 1ebca69d7e69869f
11396 7a04d0917a26ba36
11397 033cda64ffe2db92
11398 fe3dd05c7ec1572f
11399 9c534da32c33b503
11400 d8a95433d0083ca1
11401 457ab6652803ed21
11402 149b550b2f176b67
11403 639f13e6b03dbe68
11404 5e0de93c228b8b0c
11405 8fe05442f6352717
11406 875f4a4a79fa500e
11407 144bfda963dae139
11408 89daa0d6587d0efe
11409 04a198975ee1d2a3
11410 3b8d2334b6904cc6
11411 6ad5b0b6cfd48bfb
11412 dc13f40a984cc546
11413 970e49a16927bda9
11414 e35bee53f9e287f4
11415 fc011697c0550b02
11416 d0cfef3a1a12d9d3
11417 d217d429604a6fad
11418 60be98b74a0b0aae
11419 6debfd5fa3d14638
11420 b6d0e4e317ab4c3c
11421 d15473f14392ca7e
11422 40d640b16bce3e4b
11423 2471999cb77f395c
11424 f139c66dc1908121
11425 49f0a57dde944b23
11426 7e2e70797cf88cf4
11427 422963b0e7747c5e
11428 152666aa8d18c37d
11429 051b58fa655e7ed0
11430 2e6f1aa60d019e63
11431 343a9a4799e37a57
11432 51b265f536c5f5c8
11433 2f2d3e19b2393dd1
11434 fe816c3ddd33c428
11435 ce9c289cbfb6b0ad
11436 8b411c281c7018d6
11437 15c61e7369d5ee0e
11438 d5a8906c697fed15
11439 0f5c27eac0d3a3cd
11440 1c14796231b8b618
11441 668d33666b5c4ae8
11442 4d7951a6bc656220
11443 d6a702e37450015d
11444 01692ed7e5236f94
11445 946ac261208a1433
11446 7b9e9f5a67eb50c4
11447 173cdf03dd1fe7a4
11448 d13bec7cd3bc6e2a
11449 a519429dcb660fcb
11450 cc484a79879e297b
11451 f6542ea610fe1ac8
11452 586062ef867fd43f
11453 a76dff6b5868293e
11454 5b09ce92647d0a98
11455 eec5acec26f19677
11456 27bb15f0a27f3ed5
11457 2375bc9e2a99b7d9
11458 9a579abb2ab9e97b
11459 cea682b247ac72f5
11460 e936e3a5d6fb4e34
11461 0421e842df110813
11462 82e5f461f8eda337
11463 8fe0150dd771364d
11464 54070f6522d4f7fd
11465 6dbcb92651d21894
11466 59189c781571d628
11467 0c8851e3e0548086
11468 78ad6af0ec857e15
11469 f57afd2eb7642990
11470 3cb7150984d7ccba
11471 37ca093340103192
11472 96bea26a1038bcbd
11473 dafc1e69304f5d87
11474 5dc8747b65790f2b
11475 04bf92579f63a1b7
11476 24adf698979727d1
11477 8e642cc44f2594d3
11478 5b4ff284f3c65edc
11479 4e8711aade11e721
11480 6af5b9551fbc9303
11481 b36545086f7b8817
11482 0c16b420bd2be5a7
11483 60f8ddaa811d8d39
11484 07ca8eaa4867a6b3
11485 6aee749735253b62
11486 dd2a50fbc14c1450
11487 32c89d94ca2de888
11488 8277c39067a1a284
11489 7f4e9b2cc6655dfb
11490 41383f640f3443a8
11491 e707838c01e44576
11492 1dabb7c7230f141e
11493 3023bffac8da52dd
11494 cd6e6fce56bac42f
11495 4cb057cb145e80ce
11496 81e3792e802b3e14
11497 02c657b661ff6c95
11498 9a86e1fd5220576e
11499 89730c65e80bc6a8
11500 3a24ea896f0b94a1
11501 25dd98f4e5c8c3d1
11502 a6b1eba582784c9b
11503 ce0fca1a98d5dd0d
11504 1dc1eff0382761de
11505 27582e8fdd5ef171
11506 1c012ad85de22ffc
11507 cdf2c2dca80dce16
11508 5ef4d872556ebbe6
11509 621355560337d817
11510 2df61d6a45c0e70b
11511 25a8a8ff382e203f
11512 cd742b0d50e10a49
11513 6afcb9a9620066bc
11514 2f100410c7af447c
11515 0ce4f39ce72dddf2
11516 32c964dc7c513e0b
11517 d0d91185a4a76888
11518 beaad8bdcc61f640
11519 f7eb61f57bc1f654
11520 23db5d987213944c
11521 b6247d75521a6ce3
11522 8ebbd2b5cc1918a7
11523 4af3b9d8fce653c2
11524 ead8fb4db9f5577a
11525 ab1278f13e4eb5a8
11526 3aadb24503a1b3a5
11527 2decfdf68a999ad5
11528 2b908d080eff8607
11529 863c907761fa6da1
11530 c1fbbf56e2e73c77
11531 cf963941d74ee955
11532 f6120167ec90e2e3
11533 46e76dd733db6117
11534 599b4bbd24669cbd
11535 6e4c18a59ccb4ea8
11536 63ec4b4d1358751b
11537 d13cdd0cde53b9c8
11538 e01d66c9f7f7db04
11539 16c0fdcad5f7f8f8
11540 9549a6ff35cde414
11541 d8599a4c5f7f016d
11542 a871ad8cf51f5fb1
11543 e12ea706cf4a7f86
11544 d852b5d9ac78643a
11545 0b70b57f725673a5
11546 bf6d7a39093f3bd9
11547 d9a39e0cbd401ed8
11548 df736f4b84cd03f5
11549 90f9ec5a8add517d
11550 139e137dfd2f9104
11551 b4374a9823d291d1
11552 a5bc6e4f71e43e13
11553 9bb11d6f356a6dc9
11554 5890b5186439631f
11555 f25e55970d5d97ec
11556 c24eb6b4c6e7ce02
11557 6235668f1a7b13e3
11558 5522fb0eda2ec2d7
11559 be8b5307d7aaaabb
11560 e4d691d2989078b1
11561 2824b548dddbe694
11562 4c220cd21921fd1d
11563 75c27cf307862f3c
11564 4d00731c33fd930b
11565 1e0abb964bd003bf
11566 f262bb6c18b1e877
11567 2d87a63c7804d2ab
11568 82ef711d1e331d2c
11569 c61bcf138be77687
11570 5359632952bacdcf
11571 1059296a36b62674
11572 0d1508266cd0b6dc
11573 089506092b932e06
11574 ca73fbd8d73d22af
11575 92e5c7050cac2d7d
11576 32ff11a3018b2d03
11577 a06aca98a04f7601
11578 a0aeba05c806dea7
11579 720035265c68d239
11580 8acfe2776a6b1457
11581 ec6da1fe6db3ce03
11582 76652efa897f51dd
11583 3c24c4eb1b907f82
11584 ee90db5004d0c424
11585 a44b6919207b16e7
11586 533b12f7fa9f9e29
11587 d0daa06355e71397
11588 12d051e7a046233f
11589 97142eaa223f5fc2
11590 90eb5c6e01fd7ff2
11591 d7dda22c8ed88753
11592 1bb523cfca6bf699
11593 3ba77bc10cc8a44e
11594 3922520849da9061
11595 3206d1a37ddf29e0
11596 c1e3a38d6f619d27
11597 472f018752ee3b4b
11598 4cbea31aabf6d601
11599 d25db7766c09f712
11600 bcdbfe62819f8c38
11601 6104b1c1221a8b0e
11602 bc39d1fa153e81b6
11603 628d08ed2871ae04
11604 a7853ad979a2b2e0
11605 9b030e6b61029e64
11606 d3145e3820107579
11607 22365f5c6e78a257
11608 fe696c457f8c074e
11609 81d23ce972d9cb2b
11610 cc6dc32f0986cb8d
11611 f0eeb5bd30fb9eab
11612 a28d1a1b46a78f52
11613 ee8808f7f5b40253
11614 8fae706a794800a5
11615 f1ca557fa6c8638d
11616 67f44667918f591a
11617 24234a83a8c5b9c4
11618 2bae1715d7b985dc
11619 474c1449d54da55d
11620 10201643a39fd7ef
11621 1c96761e57fa08f9
11622 36313b7b0981050c
11623 037cccf5b56de2f9
11624 cd59aa42c187bc73
11625 ba477f4febcebdbb
11626 9a8bd1111e573600
11627 4b0597adcbb2c742
11628 62ece935b9cccab1
11629 5bf71da03dcc38cf
11630 26845cc27eba6d1d
11631 2da79124b8f684f4
11632 9657af4579f997b0
11633 5fbf1d5d173a6b2b
11634 897d0a498aab3eff
11635 6f858fa2f552181b
11636 97b5827ed456fe59
11637 81f3caa2dd98ea0c
11638 6f8006c50ca1f36c
11639 1a1ad56d1419299b
11640 bdb47862d16a9c20
11641 472c305f1bdba2a8
11642 d2e2005b5f4ff3e8
11643 aab415f3dd05c065
11644 86346333e6c6bcaa
11645 d87ed3596a6dbc2a
11646 0ebb783a9ab88374
11647 fc04b9a3db329102
11648 f153dacc36de848c
11649 5bcbce36ce6342fe
11650 1859611fed0aa556
11651 d0bb4644970004ac
11652 89856d48de50f00d
11653 e7aa80a54deef75e
11654 4755f919148405be
11655 df8601130edde37d
11656 80527d12eea71df9
11657 0f17d1340c309051
11658 e689b7ab49997176
11659 2373c720974e0d7d
11660 866352502c325fd2
11661 0c5945edcf4aa16b
11662 69f71ed428912fad
11663 ea15647c07231291
11664 a5aecd2daa7a8c90
11665 41b1576c3c6c6e72
11666 70f36aed38724202
11667 f11e6d5200e5dc47
11668 861dcd0bcdc56297
11669 8204481065b9d019
11670 0216e881c1671438
11671 7adee1636e9a6cc3
11672 b137783f2522c95d
11673 223377e4dff85551
11674 aca86acdb55f38ab
11675 adab3f02186fff4f
11676 21331a19ab8cfccc
11677 ac52fc9a352d7278
11678 99fb9f71016fd41a
11679 6eb3e39ba47643c3
11680 0833078cb81b3b75
11681 b3ef61ecf1475962
11682 706860619723e566
11683 78d88d471a18c13a
11684 5e01721ed9bd78da
11685 d38603413d4edf3a
11686 1475738fd3e66df2
11687 75dd00dc783bb627
11688 ac60f8ecc1e99b7b
11689 e3446bbe74e26d9f
11690 28c7c4017466ced7
11691 f2ea214aa9b88e24
11692 0e12a6555d3ac02f
11693 5ef9cef07213b63e
11694 4b71b2afb872c5c6
11695 566315c5d37d74ca
11696 6972ea9645808388
11697 fca78114cdc4cc84
11698 8e82e3748681d30b
11699 8dff222baa7719ca
11700 33a479a6f13ecd26
11701 d5be460f11f49ffb
11702 2f27d04a8d52ee68
11703 e3994975fd7572cc
11704 1e8448c955f99863
11705 9d63b899bad75427
11706 21a5e59f15091b7e
11707 bd5f48ed6c7bf43d
11708 79f7ce4d744abc4d
11709 374b813c0faeb8fd
11710 09efdec20da63b2d
11711 bd2456b487a34b1a
11712 f9b2a019f16204a2
11713 30fe93a8e2fb9969
11714 d6a203b151b5769c
11715 073d96cd7bad9c11
11716 61c21432f96c4300
11717 f67254e612dda1c3
11718 0454aab49c26b5da
11719 fbb35ac5eadff629
11720 14c95983fb71bad8
11721 b71fd0396e5f95c4
11722 cc309cadfe65f14e
11723 92f7a20a700a1102
11724 6c8b86a89892acb2
11725 2f1f5d370d77613b
11726 4b406cc4eeeda4cf
11727 a8b890d4b81cdf24
11728 a5fcbbbf298e6b17
11729 31f4aefa99d3e8b8
11730 1ff69c8c425a3388
11731 e78c8eeafc95ccf0
11732 886bc479ee69e70f
11733 ee5c15115435ff7e
11734 01ad2570dafdad1c
11735 bc21c92edf348fb7
11736 15583a5322ff4bed
11737 d822221ae6304b31
11738 5047eb4032bb368a
11739 483e22fe68697051
11740 c8a18cfb1deea6bb
11741 dec74a9802845df4
11742 ec94c62822bc46a8
11743 bc6d903a90d10988
11744 0be6b400ebb22c77
11745 c4ffafeb95265f39
11746 dc8204e214c897af
11747 1e6a57a929946b48
11748 50f5ea441903806d
11749 7e275e14be2defc9
11750 c9297b98afe1c1d2
11751 b40dd9eeef0618b9
11752 db53b1608953ec6b
11753 d652cc4ab5aae05c
11754 bd38610be3d007e0
11755 56de34fc2815d438
11756 f5ee7277e29ddc17
11757 bfad4a9de6c76246
11758 8c3238689a7a1e04
11759 635dd34cbd8c1922
11760 56e4854498d83ceb
11761 f87874aafc307202
11762 5268b50ec7a496be
11763 ae8060765c2daf4f
11764 8ec434b2984c437f
11765 49ad1c12c9badf34
11766 72103cc2ab2e099e
11767 967359ff4069eb2e
11768 5e38fa32d084c655
11769 15a2f0cb3ab99330
11770 18e733ab1cc8c8be
11771 2abc3dbb2a6512d8
11772 c4453c743ce65749
11773 84b43658cb013a58
11774 b9f8c44337a4c578
11775 4533285e928fed9d
11776 e6e6f5db2774a80a
11777 a12c2b97fb1a5c85
11778 0bc535470ca44ed2
11779 e52ec03321aea88d
11780 b26f28122eaccab6
11781 149589d9e8c2b9e7
11782 20f95c05d8671d03
11783 d34aa7d734afb5a9
11784 8e6fe0c3a0ed8e08
11785 35828f80747bb3e0
11786 4ebf02473dcc877d
11787 91cadf150cc630ee
11788 82d257a87c49771a
11789 f923896a2ff62eb3
11790 63bf54e0a0d84c9e
11791 1e9f86000bb8d4f4
11792 3d6e17a9d0a1952d
11793 dc7d8f52142951b2
11794 40328b9d511d55d0
11795 85cd21eaf518221c
11796 2670f1160f59fce7
11797 765cb8b9bf546a0b
11798 24654e9783af4a3b
11799 1fdbb25b95787d0e
11800 f122de762c22df3f
11801 97ab398128e12645
11802 f71e65cdded6c58a
11803 2b5f328abae5858a
11804 d76db84e2ea39127
11805 eb9ab59467bd4415
11806 d797de8fec2e0271
11807 e8c77f6f7f456950
11808 58cf5da13e0c6d20
11809 4afeee9ea8296e37
11810 3b650b03a8186442
11811 de8c8d1d5c761bbc
11812 571a4cd902bb60ab
11813 93a664adeb674fef
11814 bc80fd8261c36cab
11815 51c9066ec5e7ced2
11816 8adb3d784427684a
11817 5faccac9949d2ea6
11818 7f917a5b52cb2920
11819 ffa0eca0c29184eb
11820 9f5c993af3b158f9
11821 fcb15105d2a2569d
11822 410a7455c0a136ef
11823 ef85aefca4150e68
11824 c4793887af665171
11825 26805829d8bfc292
11826 ebc228b473a74a63
11827 f5b0eaf7961be3a8
11828 faef4baee9194969
11829 1b17845e5296e993
11830 bc1e53c0135ab594
11831 89fefe0712be3a39
11832 6064556c5d8e8891
11833 ca18db223cef1b26
11834 8c35fba0241b81c8
11835 99008ef9bb7a4c0c
11836 71f0755593078102
11837 c40b47c81133e643
11838 6dab4bc127b4c8e0
11839 87ae97c98e3e724e
11840 99fb54275100d8aa
11841 dd4740713604522e
11842 89dad59dc02547c7
11843 88214744f4569d3d
11844 4d7f617b4bf63799
11845 f47ab9f7af663304
11846 dbd601f29d30fe0e
11847 e1d96a1f7bd6bd99
11848 cdb7a04aad4e9c64
11849 9c772433b54cdbca
11850 87d50935e0f3992b
11851 467f60b5396f10be
11852 8b93589c2f4e95c4
11853 a442f41e6a133613
11854 7e8d2bc7f6390b66
11855 cf254fc02bef7218
11856 c0647c06aee9c01a
11857 0324f0e24dc4d08b
11858 f7586bcf3cf081dd
11859 c3c15ba492ee2e9e
11860 a45e4372e6efe15f
11861 8062730c584530d8
11862 6f6dc5d0e7090a5c
11863 f0a1d4a92037e7dc
11864 ef593567e4e2974e
11865 0836f68a4794dd42
11866 c6f6172bd1fdbb3b
11867 313a7418dd7c0b71
11868 ccaeb3754927fa7e
11869 97cb8c4f25fdde27
11870 beb78ba6390d38d9
11871 34ed0c6d37cb5f9a
11872 6189415356e070eb
11873 2b66cb785d85a851
11874 ea7045e5a6ef6db0
11875 40a75ce6b4f49677
11876 3d1d810b91bfab0d
11877 0e57f84dd46b5512
11878 415dccfcbfb522df
11879 15d2a7c298c2cae9
11880 2f3d53a46c9e80c3
11881 d7970c93f9412eba
11882 ade5c8d1e6fe678c
11883 bcd740636d19e035
11884 b4c145942595cbc1
11885 008919bdc0dc3f08
11886 c048485d739ab817
11887 4b798609e017997a
11888 ebf4bbd74ceda7c8
11889 e896a31ed30063f8
11890 6ebfb199db3791c4
11891 a04f587ef3b1c64e
11892 868a76d7704e38bc
11893 a04fda13c3e70ba8
11894 cc0b46fe8fbeb696
11895 7f3a35def810d1a0
11896 d6c9fe3b7251126b
11897 824974471ddc26ec
11898 675a683253b54e42
11899 0b7052e88de82e76
11900 3de44a4147530bf3
11901 4110e4e4e345b6be
11902 f0b9a8d3203d3ddd
11903 1c6a87f0326e1d46
11904 2aa30b2ea9643051
11905 25df417459ca22e9
11906 fcb977bf39c104af
11907 49ae42509627bf68
11908 e0908f30e288db06
11909 bf7848099e1472ee
11910 151200ee49edcec5
11911 d20c3b641c400113
11912 6eda5e5ad66d6e97
11913 b70512399a4f8acd
11914 5f432610d228d75f
11915 60ae8f928653d145
11916 3aa50b1414c9fe53
11917 41d3369024f4b2c6
11918 f0ff3360c4dffd96
11919 7c5af554523349c1
11920 d6b4a0b45dac8c8e
11921 c63f87e50bdc6099
11922 791099c53b88ed4a
11923 728023d106bb5c0c
11924 2e2dd9c4637a5217
11925 67543f5bd93a7123
11926 f60d89ba3460aa85
11927 7f6936daf5e3d021
11928 911a2d350908267e
11929 623218907cc523fc
11930 ab38444f955f170c
11931 385fa3b55a044340
11932 e78b994d9e95a5e4
11933 69d2bb6c1a31aed5
11934 0929127483b326ce
11935 1333a91abc61fa46
11936 3786b03ab6de8155
11937 85a54163310c34cd
11938 791ad7c34d60c89b
11939 4c8f5e2a9e35e6c3
11940 d74653751350842c
11941 65104bcfbac1464c
11942 21579d464dd846f6
11943 6da7545bc9ce8815
11944 efd781e7c34ea289
11945 48b618dee308a21a
11946 470a5fea637f60b2
11947 cc9b6824870b0001
11948 1783ba4332d1f0dd
11949 14f28c12f1ec0169
11950 607b9204f6919131
11951 e8ecf3e259287436
11952 ec73307c829672a7
11953 dc10f709a27bfe5c
11954 13dc8fb053c89848
11955 8e0994c19aa2bb1d
11956 3c5dec7c40726eb8
11957 040c48a9fc0e8205
11958 56a90b539746a29f
11959 443aff4fd1067f81
11960 dd57c99525e2cad9
11961 af22756c88b9b11e
11962 7228084afb81fdcf
11963 4678ae9d6ed5bfe2
11964 bdc8536d382afa78
11965 36cd1194b9178421
11966 bbd1ea928ef05b49
11967 c67faf411afba9d4
11968 33e926d398836d08
11969 09861b332a067830
11970 17c7e5ff9bed7ac7
11971 443de30bc5084d8b
11972 2bfc3ab615df430c
11973 700702880d3d5fe4
11974 114ea59429629dae
11975 3c3ae4091746abaf
11976 da02c8ed15aebb23
11977 468177517324b294
11978 503246d26ababaa1
11979 f99ef5435267caf4
11980 3a4c4bd7da66a8c6
11981 54f2e8a83451e684
11982 100d9feda3fea04c
11983 c2cd61b0bfcf7357
11984 668f2112942ba444
11985 d8a30a5a5f0772d5
11986 37d8c35d0989c0fc
11987 53d2b4ef61e60b69
11988 87a6e83b2621b3d3
11989 11cc50ba6a0819f9
11990 23537fca8c567e17
11991 7109b8bf0f717f86
11992 6b9b984f63e632dc
11993 8d340d20a0a03d55
11994 5ccf3beeed2366f9
11995 03d2ab2be6994344
11996 bb83d4fb34438704
11997 2273337ef6e0f8b0
11998 4b626af3861d72d6
11999 6d5cd7b6eadf3f80
12000 9ff8d611bebdead0
12001 42c8fb6e0810ecac
12002 73dec80360d325f1
12003 63a442d2e3a420b7
12004 b6e09487bd402cef
12005 d66500157f557886
12006 5c3130f5a7e7e76b
12007 68525eda1037f28d
12008 d8c30957b0d95f2f
12009 60ace4a6e3730a96
12010 a8b873bb098af216
12011 8927f769f1e11076
12012 4a3534510c63a84a
12013 68266a62448f3469
12014 2ec3b835f77ae134
12015 8e0fab4ac42e5cb1
12016 063c8aadc9df5eda
12017 1a2cdd1a3722c99b
12018 803762c1bc79b02c
12019 47e74f5e1e4e0a30
12020 07afdce9484702d0
12021 99f6fa0ec3e0474d
12022 d551b74a3197e02b
12023 b6422ab979019ccd
12024 b1b982e2c8ec94d9
12025 4e478f10fa89e96c
12026 1aac3dc243402546
12027 3e6908786bcbc2a8
12028 da1d55982a389511
12029 29c818fcd0c92d8b
12030 27195e979af62894
12031 9b526f58b17264fc
12032 cf4f8658d0b446a9
12033 2f24a75e1814d04f
12034 2a34284dbe3778eb
12035 be2e09e0f928f457
12036 84b25a1fd6e34df4
12037 7360157a97f96028
12038 ea8f83d74d436224
12039 18c0410e5d154ff9
12040 c9faa29c8724049b
12041 1cc66e8cb93f5096
12042 4efe9cfd95aac03b
12043 bf98f62707c67d2a
12044 e8fc3551a3a5457b
12045 f2248981ad3635cb
12046 e8479b7920486d37
12047 4191a614d0386538
12048 7f69066d3ca5203c
12049 7eca457a129c6ad6
12050 ddc137ff01c664c3
12051 27fb5c577887bbca
12052 60e4adfdadb236ed
12053 0d9b6dd612af50b7
12054 3d780c224df8d55c
12055 ff64e7f1769759b4
12056 e46d3b3a24e2680b
12057 9cbce5408b4f37a4
12058 935c768dcd777581
12059 c29359e0bb92c594
12060 bbcd40c4dce35a62
12061 a920db20993d660a
12062 3ca06e7f23dc559b
12063 6985554728bf16f2
12064 cdd979e1b50445e9
12065 cd99e9d3ba95c67d
12066 e442badacb2dabea
12067 f8d374bb16fb202f
12068 d5053ed1a81b21fe
12069 461cb0aa59c5b6b3
12070 2d15e26ad2640b20
12071 8935343805cdc5d3
12072 b8fa606345a79d8e
12073 ed2d923ad7099751
12074 80fab5af458d313f
12075 a3e64b886afac689
12076 3ee43b452d253716
12077 45e3fcdd5c9e0aaa
12078 4871877bd633cfa5
12079 c547cfccbf610824
12080 a543e41d19f8055c
12081 314b537d35e75a37
12082 8f231d2178f04d9e
12083 d50a86275385c3b4
12084 670df773b0a37296
12085 7dd054897d439b36
12086 49ad801653d3483d
12087 f044dea622c3e6a3
12088 40fa057d802921c5
12089 e021a600e60c43f3
12090 397f65e29e9287f9
12091 0eb0e8399c101792
12092 a896f9081d0adfa9
12093 5cde66693deee5b2
12094 38424b2701e0488a
12095 1aa5a5ef216feaf7
12096 78178e9fdf16742e
12097 3006c82792d1a3fd
12098 fa017ca331490fc0
12099 5d14a47c371b7e61
12100 12d3c99e83df3d8c
12101 bc292fcf0a2020d9
12102 e69a90b53999b9e9
12103 bce4346e64ebe3a4
12104 7a7bac425ee25226
12105 eea26a1265e5eece
12106 47d6297bdeaf1bff
12107 fa40b99bafc1e557
12108 e8b66983dadff4ea
12109 17e8da8c1e1047f5
12110 943277676af369a7
12111 ee4399a7c4a9935b
12112 3d009049405eba0d
12113 ee7c906224c6fb6e
12114 1468ef7d6873041d
12115 b3f64c07cb8ec3c8
12116 878fed904076dd50
12117 f54335f0d452b4f2
12118 8a5d377858b2f7e4
12119 3270957269c0ade8
12120 ff8e907914cb7f87
12121 fcb12555ccbb5e6d
12122 b8e71815de46f9a1
12123 8ff138575deb40dd
12124 d2b4c55bf50cc973
12125 e3678ca36f6b6d95
12126 32c578142f369565
12127 fc46877a83a65a5c
12128 601944a457a6db28
12129 734f94a2aad160ae
12130 c1095fae40fd09fa
12131 80ae8f6ecd44e417
12132 483b3e1ea15853c6
12133 91788d6a548a67bc
12134 2152091546841bc4
12135 5fd316b962883e13
12136 68eaaf2b17eb876c
12137 f5b22e8889cb48d3
12138 efdb8878cad39464
12139 e0e3c50454efa886
12140 615a1f9e8759b110
12141 62de55d5604f35e5
12142 ab3c0f0ff16e7421
12143 f206d2e708f62139
12144 59d704efd2c3716c
12145 68db2189c0f65253
12146 83d92a477e9012aa
12147 8f1c45bf167323cc
12148 a8dd2a6f4ad57714
12149 67f11057d008a191
12150 8dfdf0750b7e9fa6
12151 83e9101584e59f6d
12152 e4f4ecdd607c7801
12153 5800e57180fa9a22
12154 98a3a0c60a4711d9
12155 3ae4b2b9974b8405
12156 34b99a987ede9adc
12157 f4d814ad3972206c
12158 9d635c73a59552d8
12159 b12a40ebef5f186d
12160 d8e49c410863490b
12161 93ec28c74283b993
12162 b11ada2b70d91ea9
12163 a79728d6daacd9b1
12164 52de810f7981131f
12165 ea2e00a118899f91
12166 83db9dbca8380c7e
12167 5695e3479743c111
12168 f8e814af3551c59c
12169 6a8ec1451cbbf50a
12170 45c1685f6ed487df
12171 5f4ec8c3d1b2e693
12172 954aca97e93061d3
12173 f6a6cfdcd929a335
12174 7372fc3a549b002f
12175 51a4164ae172d558
12176 197e9f7aedf40106
12177 be23b19719deb7b9
12178 ef4417a28b98c56e
12179 5c4edb12d7767711
12180 4a3bbca5c239fbc6
12181 1be540a537930015
12182 2d14b4b2d3e66b1b
12183 a8e0a00ab529e0a1
12184 aa54b9e6c60b9d21
12185 43326f7ce37d9d7e
12186 752e4d6e2ae2e366
12187 97097b8a5d98731d
12188 4285550fd140d33a
12189 9055394023870466
12190 e789e99df2a56bf5
12191 a89e0bc878b8e5ae
12192 7a787dc0e86f1c16
12193 f85ce5af952dfd59
12194 9b8da1159cb3baec
12195 e1cb316fa9076030
12196 b5768750c90db690
12197 b5bf4ce590e004a2
12198 b9bb3453eaf0b31e
12199 d52e1772ccfb4978
12200 069e78a0585b2c15
12201 de659bfcc3c3b721
12202 e79933149b12e92f
12203 62e041841bb68f2d
12204 20c99d2c8844f12f
12205 e516befed35dc7b2
12206 171af74de87cf051
12207 5a8e714fb3c5136d
12208 7945ad1ccb98b1a4
12209 377c73f7398c8f22
12210 df1560e94e16d258
12211 3b2419373f64a459
12212 4c6537e13c14bade
12213 33a2db448c141bfe
12214 57c553b37a683529
12215 bb8a0ae83c0f0d4a
12216 66ee158513fd1e5f
12217 3d6ca56b442a2744
12218 a75a919602e4cff2
12219 0eaf1d2809d3c097
12220 0454ab867ff69170
12221 538bb8ccdf48c895
12222 4e390ad3a75ef7ce
12223 b53441a3ceb2d7ac
12224 4b7cf5b7c1064bb5
12225 a93a767d37649d0c
12226 b8cd438457c4d2f7
12227 87fb1d1514ac2692
12228 f65f024a8060dd17
12229 962c16b8d3ea1644
12230 6b118960c9ae662d
12231 75c287a7dec489df
12232 fe53294f8226760b
12233 ea88e3905234a886
12234 0154db9b009ef451
12235 a1be72922dbbe48a
12236 53740db276b926de
12237 44367e43affb7a4d
12238 6275c2573e0c101c
12239 64d1bd08418c1a36
12240 e7b23089e430cf22
12241 3afd6e414d942849
12242 0d1e721b0685a6dc
12243 f984f99322eddc62
12244 068c78ef6f4419e3
12245 a1cedbeddc617baf
12246 ce0bdd3efc896f90
12247 fb9c195972da3946
12248 f233acdf2cd3ccb1
12249 5654e124c0ae5214
12250 1fb3a0c9ac3beeab
12251 8ced926489443901
12252 046872b38e6a05ee
12253 03142ce277ea7101
12254 6454fb9ef4333f2f
12255 ccf5e6031e51821f
12256 3a0e5cb95ea4b081
12257 c76ef49f5cb74295
12258 c175a047018e6b0e
12259 1d1a2b5f8e49dd5e
12260 2710ac66d61803d4
12261 72f51c4ca591ea00
12262 fef8f1570a64953c
12263 923304e08edcc73c
12264 3a259ad1a948a426
12265 44e30d0e798c341a
12266 fa303ae1a9875533
12267 03e45142c199c836
12268 deb346e7e19a6d4c
12269 f3721ee251d256dd
12270 c1354e63d66bb0c3
12271 f140a90b14ad122f
12272 4f3c447deec07a3a
12273 76301d16471dac1c
12274 50e3f168a7fdfcaa
12275 560da5d17225cf86
12276 5e3bd4d3d291428d
12277 dfdd7e7dae1bcae4
12278 34bb04ebcef9235a
12279 7c03c865c9e206bc
12280 17d196a3c6717969
12281 482ada4c5ca8f553
12282 fcc4a62284371f20
12283 0039e5e1c29e83ba
12284 a91047e5f7c85d36
12285 684931be5ada86dc
12286 af5750cc0fa4faff
12287 ff27abe2d1b7b578
12288 40d49ab714f7d96e
12289 bb4693d1ef402b81
12290 2fab89893023608c
12291 93d72c0dc707b2f1
12292 0c3272f3ff6fbd5f
12293 bd288a078ab8f0a2
12294 f05ddd02471b6d91
12295 f8ab5b35adc22aaf
12296 92eab0d7e327ce00
12297 97b17b4f86532fd3
12298 e20601c197a2ac8d
12299 3fa98627ac8ab370
12300 77608c48551c961e
12301 16166da08aa03b20
12302 47df7c33d6d50a3f
12303 712e03de3897a74f
12304 13e7124677fd8d85
12305 5d04b6b3b1711511
12306 eb711308ed992d41
12307 4c2bb4f7bce178da
12308 baf4e67250c3db77
12309 c3694c299344647f
12310 aa0f5382edd8bd35
12311 2f9e58165630512c
12312 0e6888413fca8a28
12313 3c4d4e386961d91c
12314 cadb2cfa6cd96e18
12315 f2d4cdd9187827e6
12316 3f9384f4daf3382b
12317 25a37919f0a03255
12318 22a0d2328151c4e7
12319 77149bc1326e4bd5
12320 a5268cb693790894
12321 6d1ab46d30c39c1d
12322 fef80d9a811660d6
12323 d099742f10f857e5
12324 1bd813ee046b730f
12325 2275f09845f690e9
12326 e1aaea744f167564
12327 d46b4c6bb33204fb
12328 c205a7e4494e5d3a
12329 2ea400f8a770ba51
12330 7b5c8f03f24a315f
12331 dc9d3e26e2ceae8c
12332 db4100f2499f42ff
12333 29c91dacb5d1f69a
12334 ee8c35e27609887d
12335 1d5895dd58c3d130
12336 29ad11c48613031b
12337 3e9545fc9ef53623
12338 4403042cfaec026e
12339 e222f8ddc6c62c16
12340 06e99a290aa202a7
12341 ad0c3384e63c6029
12342 3f52b61a2fec0db2
12343 170101cb22dd12ea
12344 fec8b10d7b9afff0
12345 6a8dd5a3b500381e
12346 254c509415db55a3
12347 4aeaba0a72fff242
12348 41c7f3559172c2cd
12349 0f5987da4fe41404
12350 2d021e8b9e3df1df
12351 c4e4765b8b4ad0b5
12352 c4167e7e0e9531ba
12353 4d50b0a761f61c51
12354 e1f7d9f718706ccc
12355 4623fb0377e2300e
12356 aa74c2482d05d4f7
12357 0f233341cf10bd49
12358 0f7b32310cf49174
12359 7aca516402483183
12360 0f9ec6c35612672d
12361 49d5a7a7c0e7d2e3
12362 d187174faa5fc397
12363 23face825cee54b0
12364 b3474560a2b6d9fe
12365 dfde97b91b9020e8
12366 d8071fa65bfe27fd
12367 7aceddb2a96771ec
12368 e9915f61fa85ab9d
12369 ad33e0cf37db81ed
12370 f941763d2d9de557
12371 f253f124fbc873ce
12372 5aebe4c14fe56d8c
12373 d2fdde444d831035
12374 cf02c12d56fa266a
12375 f35d2750eab69d58
12376 6ee037ea51f80816
12377 765d55cade654e5e
12378 2f357a79a3caa0a1
12379 0a92febe1bd19b62
12380 3b380365affab3ba
12381 d3dc19190118d557
12382 05eb42f5ab6dc76f
12383 f289b70e7e307fe3
12384 1e831076e12fbf65
12385 faecf308b40ba910
12386 6cef022d2a4596c1
12387 638011033035619b
12388 290d5d880db7a435
12389 147e819c41514a50
12390 50bf86977a2b98ee
12391 e5758af6f1403a69
12392 59a015eac3b6fb2e
12393 d5fea18e3c895c73
12394 fdec9c686c1a8e92
12395 b326a285dfb2c00f
12396 e23c10728b0c351d
12397 a7a729a69d07af69
12398 c55b13aecce763bb
12399 86b05e6e3d257465
12400 a3e67cdad1b8b5cf
12401 7cee549b24549d7b
12402 dbb01bd3a7c74318
12403 b1cef83bad652ebb
12404 5f5b7d7f7c0cc93d
12405 68946d465d59e2a8
12406 6fc5458cc053a189
12407 748f5fe50c5e83e7
12408 1b88e91683f79594
12409 80e58a7ed26ca382
12410 31927555a62507c0
12411 317f801c48c4c86e
12412 793d884a8140f8a0
12413 77f73493dfce4c10
12414 e31be96d64a2cf73
12415 9e357dc09c05b194
12416 89d32b2bf74bbaf4
12417 f43b6bd292964a11
12418 0a8a106205695cc8
12419 915e70680e549a7d
12420 1b91c5149aac83c1
12421 c0e5cc8eb9dcd948
12422 3fd69ca7e5fa2f46
12423 0f9f93648b78a4a7
12424 330b18ca5b16c2d2
12425 a2af306797cb8123
12426 a11916eecc2ff763
12427 274f8c8e96c2b069
12428 ba490243337da8dc
12429 0f79d8c49b0e9408
12430 715a3ccc3266d34a
12431 63369e74d0077a32
12432 42d0b51034c42e26
12433 115f9f71afcb466f
12434 586ab4dec9cbb69c
12435 ce01bbd87844c357
12436 2c7100077d595c80
12437 745fb3dca10baf24
12438 121448fa18ccb1f7
12439 6c6c4cb0ad800dd2
12440 c5f7a33e11700f7a
12441 410a818b88bc336b
12442 bb9fe85dbd34b624
12443 993fe9256a9463aa
12444 d7b3afa4523b1d5f
12445 2e74edddae1d6792
12446 e34e394563408393
12447 ed2fad3d609a4780
12448 9b336c6835ae6726
12449 7eea363d822f16cc
12450 23a7e24e6827fc70
12451 fb5279ccdab518d5
12452 6a711a70ad3866e5
12453 657ece6035fd85a3
12454 768724742bca6b74
12455 84f9f86dc3346508
12456 93e60cf5d629c0d2
12457 e25c354a94b7e933
12458 5c83da5e1224b403
12459 0f53eb54f9d4349f
12460 486124f2923fbe59
12461 2d2b07ce2db474b5
12462 1e8eba66b73fee92
12463 de17e9af43f09c9b
12464 9f1fbf76bb5e59da
12465 0ddd3084fcea1fd6
12466 49ddf8a79bb862d5
12467 1e4b793cff302746
12468 620539f90277adae
12469 2816124b4df25788
12470 4d9d6686aeb1d395
12471 70aba5d383078781
12472 33aaf22a25241ccc
12473 9e310449e9e2a430
12474 508ce99f9a96a99d
12475 f6dfdada25249298
12476 fcc0268eb1a54d76
12477 62efa656af52bd94
12478 2accde789de1388d
12479 0b4f70cc0a129ab9
12480 2653f8ff6fda747a
12481 78ce2b52b72d5e3c
12482 6c55248c572b8d02
12483 6ad155e285542333
12484 42cd6fc81f1a94c7
12485 feaf4e77aee1eeb9
12486 cf125d760772136b
12487 4292ae86440e63a4
12488 4ce8e4877a76137e
12489 c43c58b00f45157a
12490 512e021d4ff6eb68
12491 aca96e6cc4b66b3d
12492 942698054bcb9750
12493 c6e07b009f081be7
12494 328deeb524b48292
12495 6ba2d8fd00fe2832
12496 3fdc58cc9431c26c
12497 e0cbee7d2813ed52
12498 1fd9601e716f7e42
12499 d0684e4bc1e875f0
12500 0f88e07b21d97e27
12501 a8bf499e25641e97
12502 69202263bc35c36a
12503 ea55fac988a09371
12504 cc08fae26c288f6f
12505 2a83526a9ecd3da4
12506 bb59191f8fd139bc
12507 4287c901c1e3a6a1
12508 09ce32da33bfd6a6
12509 af35884b70ed921d
12510 92adb7c95a660584
12511 48bd0938318039b1
12512 a0dd09923c60276e
12513 0b1ad87f53cb9330
12514 cbb014a2516d6e7c
12515 c1397fa72bdf7bf9
12516 e0de8ca57a3240c4
12517 f54160abf81fd29c
12518 a9424f90a7cd07f0
12519 e831cf397de3ce8b
12520 4250ff59d6bf248d
12521 4f996c382c30349e
12522 c6f8ec9771fa63c1
12523 2ddb6fb0de6213e8
12524 2553ecdfbd8f59f6
12525 acda77a065b7d318
12526 717d5acc0add93d7
12527 2253cdcafd4aa366
12528 bcd42694112e0214
12529 eeb5fe015e77ee82
12530 981eecddaad5810b
12531 5063118e6f64feba
12532 d720854e505e7f3d
12533 99cd4a3306b9713f
12534 acc5dedb71e2e5eb
12535 540266edb8debb03
12536 5343d0493bbf8236
12537 571dbdcdca5f21db
12538 bb18a002d94bdbb8
12539 a7289ee51571d639
12540 8cde21ee59da78df
12541 4602fa07f0de3849
12542 e4cd47c08cf2c850
12543 ef41e8c8251c1c37
12544 257b8cc1ce7e9f63
12545 30bf7ee473217ab1
12546 f99534bd855dfef5
12547 aed143c645e02065
12548 7bd34e2ebc61ce86
12549 22f5bdef45b0858a
12550 0d94fdaf9589729b
12551 f146d8c7059db975
12552 5e6ac99f4ce8723b
12553 5af7321f5762f8e6
12554 cbbeca5815ef72c1
12555 520dfd3fdec9d5b7
12556 a21703aaeecbe291
12557 78b79feb80109410
12558 2574240b95d9b539
12559 42263f400eb554f7
12560 d2ebf72143b8e785
12561 001168d050b0f1e0
12562 df373ec8faacc507
12563 a3b51cac9e801905
12564 f73f1184b151f73a
12565 9609dcd901e50b73
12566 a649c144301d8bb5
12567 d95c281842029699
12568 fa6fe11cf1cd80b6
12569 e34e63464af448d3
12570 8f5e5206fc613af5
12571 6fdbc6a74112d3fb
12572 a2caee0551448174
12573 5b631a47ba9beb6d
12574 fc9f7409eb31d864
12575 3287d7940e857a8c
12576 6fb27cd53e47eb72
12577 0e019836d8dba472
12578 132b2650db1ddf17
12579 3ee88d213d4b79c9
12580 a22e9021d69fec06
12581 fc3aff331343d809
12582 d19f1746da299680
12583 fd4c7c9a9179b66f
12584 efeb51b3bcb74155
12585 90d481fb2526f809
12586 26965dce9cb04012
12587 aba7b31983db3ef5
12588 1882f2b1218d8b83
12589 9de1b12c8f110b29
12590 e6bfcb1af6556ec0
12591 99c170de5e117fe8
12592 24fc7d34ffe6cd25
12593 f9b5c04e7b52b314
12594 7c810d73ed7b8ee8
12595 c9c4a3a2b4242cb6
12596 3e8fe58fb11ebe7b
12597 71120a27d577dd91
12598 199da0e1333a7ee3
12599 1344bc772bd758be
12600 7476e85a2f8b5335
12601 7fb4a167f480dd06
12602 cd4cd987dc949c6d
12603 79909d3f7db9b6aa
12604 c7db1fbb07efe04c
12605 2688864dad99e9c0
12606 523de93a395a268c
12607 b3e4f3605a2532a8
12608 14a82270a6578d7b
12609 2dddbc69dbc460dc
12610 763ea8e26e8d3ba5
12611 3efc546cacc886ef
12612 58e9417c16af95eb
12613 460fe4ab934d9746
12614 9a0d4b3a7628524e
12615 9be12073cad31a5f
12616 697601bef07771ab
12617 0dca07ac9e5df40d
12618 096110bd4a1db4c1
12619 c38c14d8fd06cf64
12620 9a2525ec5dc46355
12621 6ace8ccb181c5d56
12622 ba075e8186bf7f90
12623 cada9c27036800ad
12624 8bf53a72423b8fd4
12625 206d3380eee76f82
12626 25c783233a6388a1
12627 fbed28dec69e021c
12628 4a75263cc7586134
12629 1ee645503c127d5f
12630 a46d0cd88880c7e9
12631 f07f983ad4ab8f2b
12632 add9af4069f0d57e
12633 46471a58c419892b
12634 470d0cffe7ea3893
12635 b61dba205c5e70d7
12636 5470f54e9d44e93d
12637 08f99daa713e3c81
12638 dd37215be2f54dc3
12639 9b9090e028e117bd
12640 2e9ac3151ece1c9b
12641 9678948d36514f94
12642 4acb8fe65d315b36
12643 3411bd0b87d747ed
12644 7648704459bc722d
12645 1e3536af27836a45
12646 6e922ffe54ba106a
12647 2f7f396951b9e15d
12648 b313eafad6d9d05a
12649 22a25ec6c488bd77
12650 798dba46932f108e
12651 e85f8a705574d1bf
12652 3492a0c81212ab2c
12653 c7ff40ade1a6fb68
12654 71016f9cd02ba7a8
12655 2387415bcbfb3885
12656 afd0bb89e9b7b9c7
12657 d2e33857a2632075
12658 174a64632d18aff8
12659 4922619352e87126
12660 0f3990869fc32e99
12661 850c005f9f74b15f
12662 9262d11b5e1a0ef0
12663 90114e0bb9c046e1
12664 f43b781622918aec
12665 ddc479c4c7e1049d
12666 8f9947970b1ba8ff
12667 98d0694012376880
12668 c2eb211c7d4db4ef
12669 349e4078699c0d08
12670 f5305873ddd26836
12671 fb05a6970daeb199
12672 1ab1981c6d2584b4
12673 967a17771765d374
12674 4c8b32d2c35618e7
12675 9a67aa7f63842e5c
12676 ed04b76ab8d02bfd
12677 bf65caa36fb0672c
12678 702cf78ebb8186a1
12679 e85cb6ac937f147b
12680 fdcb01901142b296
12681 f707ab5ccd11a0a5
12682 448a6fda5a5daef6
12683 5ce234c4b34cba96
12684 c6b0a233f12ca18e
12685 5cd6add25dde1b9b
12686 1d89703c1f149766
12687 b915e9a3ce09f8cc
12688 e439d83275df3e57
12689 6a793e57fa21f4e7
12690 84301a59d9cb01a0
12691 292fa4e6a6bc1417
12692 39086f1ad75e707d
12693 e6699545e32fde55
12694 f4972b453bff20d6
12695 570177966d1d7ae6
12696 a5d41be061fdfd05
12697 6c3b877f44c055c4
12698 b6f459c979df450a
12699 a858a28f205e87d1
12700 e28bd093e94b253f
12701 0887b8850d26dffe
12702 12c0607881b082c4
12703 9297548b5aa5d448
12704 0266a5f53c951f16
12705 16b7eefbb1f0880a
12706 c31948f5c585c26c
12707 69d771f44ebbc626
12708 181b6c7e355ac891
12709 227e13fd64da4d97
12710 decf23217d23db6d
12711 614feaf1ff20eb3d
12712 093dfa1594679adc
12713 4bc0c03e0347b26a
12714 fefffdeb3273e76e
12715 dcd2f1cc90b88748
12716 4beab51487357dd9
12717 aec6308e1ac61188
12718 8251d4fae737a519
12719 fd044e3d437cd3e7
12720 ed1ba5ec73b8f8da
12721 a4b389ba4478bff6
12722 4c403ee1ceb64363
12723 1d3115504948ee43
12724 31fa9c1f1e1688a6
12725 4fb13ee5d06dd502
12726 3d3192b56c13b35c
12727 484f0f692b4a3001
12728 3b44ca33bf349ba6
12729 3ee854204b0cc45a
12730 9df1af2d1451044c
12731 af179eb5fc1a3d1b
12732 dc497f9e8cd6f915
12733 674b5bd819ebdcc6
12734 c1dd165b9d855fec
12735 d83acc90afdd154a
12736 46da86906e9f25bc
12737 eadee5c1b1c25a3c
12738 b94e1134fe5bbbb4
12739 a5befacd3c447a26
12740 b260ddc0791817ef
12741 55e64ac9a3a78c73
12742 b1997cb0d1583096
12743 726399a3525c553b
12744 4b2eb3f36e50884d
12745 b710af09dbbe5f33
12746 f64a70fd8ea6b713
12747 72a7567edc216b98
12748 54b2bc0ddf83395f
12749 6c2c6f9e90ba62d3
12750 d65fac821962582f
12751 ee37b2b1ed4fd77a
12752 5aafc046ac28b602
12753 28c12b2c42a987f6
12754 668315a5bec9ccd1
12755 7ea2adaf91fd05c3
12756 659c11b4c4d4b9de
12757 acb81bccb664d977
12758 405549250e29d3dc
12759 a9c858ca51b37572
12760 061e157ff1301054
12761 0f96665dbd7a6ffa
12762 40c6a26e0e087fc4
12763 fb48d49c55634da0
12764 49737536a635d156
12765 fbdf04240d96f8e4
12766 b702b7fb6a417ed7
12767 f4ef84a5a1468629
12768 b51f8e75f484ac67
12769 4f39a8356cf3ff54
12770 9968fc04fc559d46
12771 20b14491c89f4020
12772 862337aee8e00273
12773 25ce92c6192300d3
12774 fef9a2ae4499c4a1
12775 ca706797f92e2753
12776 928e8b4a33528897
12777 b49f95c2196648a6
12778 0dedaff2030b2c10
12779 a3a0bcea6b994c05
12780 163f087c1dad9ec9
12781 541abf8075d121f8
12782 e78baf691b8172a0
12783 39941e36b907d641
12784 8f939f1a9562697b
12785 5ebc7ead7270e265
12786 3d74e98e507d6c4d
12787 86d9f931b6d5a9d5
12788 0e5e773d703784a4
12789 2b5d3af9875dd52e
12790 a7ae47fce6b73daf
12791 e48af01e00d1ae8c
12792 0fd06e4538921376
12793 32832c80bf4e6fbe
12794 64a3a00067489139
12795 d3be95c8d49c100e
12796 2dcc7e5310941558
12797 1c1b5be92bcce57c
12798 e0f94c98860b9e6a
12799 b7f4a0bcb427101c
12800 e9dfaba7ab1cfa12
12801 dd6b6d6aff54a1f6
12802 41d71496d592a381
12803 cf8fa9c0c85e5acd
12804 f1cee73704934039
12805 81c337b63f881606
12806 4471d68af92b41eb
12807 d41086f00492db46
12808 90bffd912dd96f16
12809 aba98d1b1d65a19b
12810 147d03a3a54302b8
12811 e6191b7d08be3f1b
12812 4e82f4a8ac085535
12813 64aaa15ce225ece7
12814 10ec5aefdf6c9961
12815 0f7df95bc1353f29
12816 0281c24b76dc7e41
12817 de9a9e458c2d0887
12818 e845c00d71cf6fcf
12819 1de9b58e0426f52e
12820 2b98bd5bd1d7e9c8
12821 ae9ff2daae1810b1
12822 60641f0e9aa365f3
12823 9c57eb738a232616
12824 05e121ee43752acf
12825 374aa30cc98dd814
12826 b3b9a648d63297e6
12827 e5f47eeee84fac04
12828 bb9bf87e91126033
12829 2f39a60e4926f2c3
12830 ea3bca9de4fdbe06
12831 0dc9195ccc7134f8
12832 13f76defd64e67c6
12833 b9fd056166cb947f
12834 9caad504fdadce51
12835 a0c01f92c16fb7b4
12836 d44b36765e30a7b6
12837 f5876d3f592665b2
12838 2e210c9d8408f63a
12839 c3fa3af0d9de4b3f
12840 4363b107fb47046a
12841 51b604f7bc92af5d
12842 7a5c04531a032d9e
12843 6b0f08d28c26e0f9
12844 f7a1e97be7530e78
12845 f55aaa010f239897
12846 bbbbc84701b99956
12847 5f48a2654cf3e27c
12848 181e6a49114264e8
12849 549cd0cfb47acc73
12850 77fd7c6e6efc036a
12851 e6b02a7ea16aa37f
12852 3c0296dedec52166
12853 8f38e79b655d7baf
12854 0b225bbb49d7515d
12855 f75f035032797243
12856 45345cb10fdc3020
12857 7e7b1845a7201190
12858 699b3380abac330b
12859 0e360c2904f65c9d
12860 d82a8bd09e37c0eb
12861 7591a1ca88dc9673
12862 9379aa9e3765e0d8
12863 75b8f72118cdb039
12864 581970d2ff6123cd
12865 fd450634cac2c688
12866 aef9b5e0dc49c580
12867 f64c4644974b6b06
12868 af8f3b6c8c1ecfd0
12869 fd9cc0789d22ff54
12870 9dd75f9cc3178125
12871 09f0c8007455e548
12872 5da1c801ad25b885
12873 4be80d1cb2b6c33a
12874 007a8a0fd22ed0d5
12875 09be2fcbceaba198
12876 53630e7c5b4d5058
12877 f4a77950b12006cf
12878 c4eccacb05610a9e
12879 db8cae2c2525644c
12880 b6973e138a578c24
12881 01818b5aa26388bc
12882 45b53b66e8fda674
12883 bf8ce07304d0dd2a
12884 edfbecf365a9cf0e
12885 8aa1d5e14a9c443d
12886 91d2398c73cbab02
12887 40f14cee54468a0f
12888 0beabf0c3a4d24a8
12889 b1836fcfb5990393
12890 da91a116a5e28ef0
12891 ae5d7c724aed32e3
12892 d5b90887ca311e14
12893 5fcb1ef615121fba
12894 daf00a46a9338c0e
12895 12ee8b50cac57374
12896 fa373014c441a776
12897 278ff71e5e6409e0
12898 c6d99fa7852018b0
12899 2f518ac3430a40a0
12900 c36e77a6f4b7e85a
12901 c26b9a4b3fe271d7
12902 4279f99cee2e5277
12903 a07b7771011258b4
12904 1148ecad66cd3be0
12905 ad7498a3d9ae9c9f
12906 f770df1e678d3555
12907 a3e3aafd29d420a6
12908 4549210765589308
12909 d3a55750d16c80a5
12910 db4527b8161f1a6b
12911 d9e74080a6d7f8b0
12912 81d23fc8a151959b
12913 6cb1fb871a1b1cc1
12914 47f544e7f93cf3fd
12915 176aa3b1071f3693
12916 b74683331bb08a1b
12917 88829eab4ee5a9cb
12918 669532323e158fa7
12919 ba07041b24581344
12920 be7833a5723dc40f
12921 11b73e26b6170b79
12922 d35c019f1e7404b3
12923 c79884716a942e14
12924 f6b438b5c982f3c5
12925 8643be8539fbf4c3
12926 bfbc42af79f0c4b0
12927 d47c4f9ea8097548
12928 cb79bac7200f1b53
12929 54bf1b9cfce0106c
12930 6be6e0a0501a5913
12931 f83d2d55c4832294
12932 42ed6cac682b8af9
12933 f2732fc2f1549f65
12934 b2e79c7bcf5d8a77
12935 d863209e5d003b43
12936 3b2135ada14311e8
12937 60c588e686d73951
12938 4f03fab38bcde264
12939 2d92e327644586df
12940 421107b4453a407c
12941 f34f42edd89203e2
12942 26d6fdb7c8d36bd1
12943 bbc48d77ad28c86b
12944 89ee0fbea8e20b0b
12945 9d48b144af9f2738
12946 e0755fd0232d7149
12947 e4febac9db2f6fae
12948 9711148225c627c5
12949 ae2f0614b6e4369e
12950 198498994996be2c
12951 541e398652a6d1a1
12952 73e20461bc5b8558
12953 32c7c001340ee936
12954 15950f0c7bedf855
12955 27c71f9ef04dc2f7
12956 520b187a8842f92d
12957 5234bfb61545737b
12958 56eb31ac007301ff
12959 1ec009396b9f9267
12960 51060a3438938613
12961 1b53f5bfeece1b66
12962 b3f4623fd7f53623
12963 b417689212e5a65f
12964 05e69b1ec3995a04
12965 ecb8b9db30e0a9c8
12966 3890ccaf3e2df490
12967 c7900749005923d0
12968 f3fbc58a5e8dcb97
12969 b6f73faa59f3be6d
12970 84e61137fbea53cf
12971 209794e0539e6745
12972 7ca73ac38b1daa57
12973 9d8b965099bf9f18
12974 b58013ecb6c7f697
12975 38bef010efec2c9a
12976 850a4711de4ceff3
12977 1d132a76da3cdc73
12978 83d4935a4268263e
12979 829ef9fb948b060b
12980 d75c9c66fff05c69
12981 0fe77d31cad51842
12982 a6d07ea8993c5521
12983 5fa1e51604835aa1
12984 96dc24098a8d3517
12985 62138a08b122b87f
12986 51983de1031e44bf
12987 ef2db160768bacfa
12988 0f4d72f42e1c4394
12989 6a8e93b2cc25d367
12990 740ea92598d29eb0
12991 821d6d7e9234b49d
12992 9d741a9bf376879a
12993 b049dfa58d31f2ad
12994 a6ff81950fe25415
12995 026698f3a1b88f7b
12996 4b74972ef8a41b08
12997 0495f33ce03a1e21
12998 530f72496120a4f4
12999 631c9d9580bc50b0
13000 9a54d59f6617c89c
13001 c758483e0b941bfb
13002 856f2632b590bd69
13003 76223eb3741eab80
13004 5ce4af51da1e90f8
13005 f5dad928cecd3daa
13006 1738d025f39a6318
13007 efb7be97fb3ac17f
13008 84e27c0c7d5789c9
13009 ec802b0f20a1cc30
13010 c3a01e38dc929b65
13011 8248bc99e5e54d25
13012 9d00e64ee9582c97
13013 946bcab9e2ccba40
13014 60f95d5a23c50637
13015 ecc3cdcfc858afb6
13016 ff8b1b74ea1c9359
13017 c92bf50c04130d55
13018 057e09eccc2e87e6
13019 647d372145298c49
13020 a273a342bf75c5aa
13021 a2083efc1c393c81
13022 48d002f5e7ef241e
13023 0968111aa4445955
13024 40fd9cdd6d14babe
13025 9dfcad76c9b68166
13026 5d98ee4b8cd420cd
13027 2b9efa586f17d52d
13028 58e2b551be5f09e1
13029 8d778df6abf86fc5
13030 0d02b218f07154ef
13031 08b39e70ed177dc0
13032 d1c50d18b79e0e65
13033 fce456506c4ad84d
13034 a6b88942790a4c0b
13035 38169195fa29f4c6
13036 7e0f6ebe69d99c5c
13037 09c9e95e327921eb
13038 d3b40a92b67703ca
13039 8dad70707b49359f
13040 56f40af115bae491
13041 ea2c9757fb8e8687
13042 b47b20e1075c70a0
13043 7f4cea9eeb37b6e5
13044 7ee3f4124e1ee1dc
13045 b217a17398c76edd
13046 d0d4847497583a82
13047 03225eccf2cd9d3b
13048 7365c25e67bdd2c5
13049 3f353945daee1682
13050 abfbf19a0cfbe7c4
13051 d95f512abbd4e357
13052 4e63438af443f54a
13053 014c3d4c9672b181
13054 d1440d779fe862ba
13055 efdabb3c5288ba3b
13056 3db4f4fb3d9cac56
13057 fb98c0c8c30b9991
13058 10c51f72f2727a46
13059 ea0533fe207da675
13060 a9bca82d5f92527c
13061 c9cbec46a57061c0
13062 094e29a28819a449
13063 622893b7f6a3fcbc
13064 6e037f96d523d49d
13065 980d074dd2891663
13066 491a7304bec3ce08
13067 ce69e2065c0958b0
13068 94fc27aa6e21acc7
13069 549b9380618f8dbd
13070 e29ca85f70cc73f2
13071 61d07ee0c036d362
13072 5cc8c2082b5423ed
13073 0c4fb375df1a21ed
13074 dbea0738d6021498
13075 ef449d1fecc34a66
13076 1bb7c63bc1dfc63d
13077 1ee75169aa5f4b4a
13078 22a52a5381150e1f
13079 cae9b261e578ce77
13080 a66f23b4c9988f54
13081 c510589c7b6a5736
13082 391b706915f0c2c2
13083 61c82f28e9eaa210
13084 4f83a7610670969d
13085 5620362dabf9cfe4
13086 1105abbc01ccefea
13087 004814a13cd65a55
13088 d940ef38a7712760
13089 03ac0a91506ebc6a
13090 6b32f73d827fca45
13091 4447946aebc9c073
13092 ae0f7cc421f0e78f
13093 57260f492c6fef22
13094 d2423930339a7494
13095 dab7840d5606d09f
13096 28f0846336bdef7e
13097 200dade3e98dd6c9
13098 44bbc925716cf538
13099 e088fbdedebcc4d6
13100 798b6ce1d26e1c29
13101 bbfe2206a21ad287
13102 fe502b756dce041b
13103 4d5547570b19c883
13104 39b83bfff7e1f5e2
13105 e579a1f49e3f6621
13106 3de96fe113aaf8c6
13107 5b992c72556a3bb0
13108 4fb10db41bd692b5
13109 2559b523abd8202b
13110 cf76129105b3acca
13111 d5eedafe271db6e7
13112 75bc514baa324e71
13113 e66272f613b63907
13114 de01d034a2c94a3b
13115 7651cfedce59d9ac
13116 e37fefa7ea6906ae
13117 7f7c1be0b28aabf1
13118 bd9af96ecd43219f
13119 f54136adabb8e5d8
13120 6a5e849f8d286a13
13121 712af806c45b7824
13122 deb05beb473e515d
13123 94041e48ac5759c0
13124 b6260bcf94084293
13125 bf945105cc73b8f7
13126 0754a54bf7adfc35
13127 ecb97cbda9653f2d
13128 86f9a816dceb5f25
13129 03852783ba107ac9
13130 87ffd0e0948daf3a
13131 8c0469bc033653f4
13132 8447875206926563
13133 2e504e9d5b4ae6e4
13134 b64cdb6531663d8c
13135 43ca5d0d5248dc05
13136 b70dce2ce3942890
13137 aa69b9e49ba2a494
13138 8a4c0c80e5c8bf03
13139 f80bef5537eaa128
13140 0c3c01d4cb378d1a
13141 160df64c508a7074
13142 d00a060945e4d7e2
13143 7128671bd80e393a
13144 7ef13fb404385de3
13145 0d072c74e9c3bfed
13146 943ef083f96ef440
13147 577c79175d53c15d
13148 aac36690a600468b
13149 ab63a49eae44daef
13150 97f094aaaa97ac42
13151 4b6993e59cfda4f2
13152 bd70ddbf5638aa7b
13153 f24c6016805174cb
13154 5219495950de7000
13155 2b9dee6787fcdeb2
13156 f684994f3a49728a
13157 99b7735fc05e2779
13158 a5db85d2e2cdce43
13159 b9b20fe93e8e86f7
13160 1505afc8d71379a2
13161 207f057fbb0b1e25
13162 1c0a081cf9f52ffa
13163 25b3d6bd143426d9
13164 24bcd6d3ebf80e58
13165 fffe552996c590db
13166 cdf8c2bca5c723cb
13167 6085109f612c0ca6
13168 f1e0ce93b6f8b4b8
13169 57188d5d80fa13e6
13170 bcf67ee0d01390e4
13171 30e86f60326515b9
13172 76d265aeee2d0683
13173 5a8d0bfaccd18bef
13174 6bb7a5addb0bd259
13175 147d99030567e8de
13176 9f74e12fe717a4ae
13177 43c45162b1ebf7fe
13178 283b16bb46bd48f3
13179 4eed587c76e2d04d
13180 670b6c5af59889be
13181 f48c2e7f4c651800
13182 cc0f092ee15e250b
13183 569ef98256ef630f
13184 e241984bbd74f9de
13185 daad6cef09d3962d
13186 a5ce5562411e5a5b
13187 95fe584d3cb3b069
13188 20cc11d424db7d06
13189 c111e2d15db7362e
13190 e8b35a13f0d4a151
13191 88d4df4d02a70be4
13192 ee10f7aa02ca697e
13193 d1b252fe76255aa2
13194 fdff11c64479f348
13195 a003d9264a0fbdcd
13196 27e056002509ae49
13197 4f1745400c693d16
13198 1f76351a64fd781d
13199 dc9aa4630825b6c1
13200 e590a1a7afb56545
13201 76fed55eb92461e0
13202 a33b475b4a21d686
13203 a07f57b62bab3a44
13204 2a0003cd0cdb38b6
13205 34432ad60a80a419
13206 1ebe607ba4b74d60
13207 fd620a5176554d6c
13208 eecc296ec7b19896
13209 4e34223924ac5f0d
13210 5690fe736526a69a
13211 5a68be6632ee8def
13212 9db10348a83e8a3f
13213 039fd9e0b3e04197
13214 ddff48716c5c266d
13215 f065bfdbeba83f20
13216 b6a167f69241a9e7
13217 b388d7ccc114de94
13218 59e9859ee1dc03d1
13219 f6bf7f446881a50b
13220 7559900fe6fdcc7c
13221 96115b693ac82177
13222 4fb45b3d8c5693ee
13223 b909374d98a14ea1
13224 badddbb05652129a
13225 70b011988a61462b
13226 075659c7236c2de5
13227 df91b7f0561871fe
13228 ce04ab11235b8c19
13229 8aa0465c0043fccb
13230 d711096bcccb9d9d
13231 f4128503a5b4c956
13232 3407d647fbd29232
13233 6fe205ff8e6d2dd1
13234 a85a7e0d4e0dec3a
13235 8fc347a920899114
13236 b001244c99762c99
13237 0b1257fbd3a693cf
13238 0dea77fb0de66532
13239 17c4bf9f2525a11e
13240 8115b2d2a648b96d
13241 ca068842ec6a5419
13242 1c3d759828ef91b4
13243 8e7bc805dfcd607f
13244 1b561cd503669622
13245 35d23a4ec2afd245
13246 005e76a65ac0b505
13247 1b5d0914df310bb2
13248 bd3cdf8a364e404a
13249 25d40284afea2f98
13250 b44587d927ab81a0
13251 b8821f00deaa008b
13252 f671a32b592ce228
13253 abd4c6a2d30c82da
13254 6d454cc484fe338c
13255 d104bed9e3229b11
13256 d7951f29403a8a4f
13257 878819a10e074efa
13258 fc79e165f394b2bf
13259 3372f4b81bd1cc33
13260 dd29a4d3b3fc9dbc
13261 ab7db9278d65f48b
13262 7d10f34ab0bdce0c
13263 79f7373ab8289dbc
13264 ada0c4605a437587
13265 a451367b8ebbc472
13266 aea8396b18d6f3df
13267 0abfe47ab12e681e
13268 6d0d0012e2063aea
13269 0b54d5082b8c3410
13270 722b7932ff0656a7
13271 13cc1f4cc0f9b975
13272 1a4e11fe957109c3
13273 69e0c92bcc2b5612
13274 75763d9fa1712aec
13275 819734c16c21609f
13276 946f795c6fdbe771
13277 9b5b136fdc11bc43
13278 3841168e9f1cf6da
13279 8c442be0d0596b7b
13280 ba7ecc4809160a74
13281 9ab29fd484428ade
13282 19f2a500b6c7912a
13283 5ddb91939a8ce214
13284 8036ef8890eceea4
13285 9f120c2d04e0de2b
13286 dfe2fe69845f0859
13287 896deceba4bcac82
13288 0c9446904137df91
13289 9068fb5976f8b540
13290 2d5446b2adbefc37
13291 e6f2e18fdeb94949
13292 773b71d4d5004f4d
13293 1947f48012212e58
13294 8056c8e0285fa83d
13295 9daafe8b4b1a1f39
13296 a7dddfb0a38cab95
13297 6dd41154820dbc0a
13298 1276b291c5fa9555
13299 2cf6fa95d6ddef8f
13300 1e88524840890fb5
13301 67d71cbbfd7008f5
13302 43f489e0aa11e8e8
13303 656a9ce76dd6ff48
13304 3a745d92ed86d094
13305 a5aa6dd8beab1d40
13306 6f1d90e2917d5f6a
13307 bc6c8641e6fc1524
13308 5b8736e4805857e9
13309 b7d5e3975833165d
13310 352dc6af99329860
13311 f1b68eb8b04f10d5
13312 e9492feb6314b4a5
13313 baa1d0971066fc52
13314 365bcfc1219d148f
13315 9f11e54376a7a185
13316 33cd0101c3a1e8a4
13317 3aff8bf638991d37
13318 f9f977ff64872ff2
13319 410f4cd38145e37a
13320 e83751e7db0a6ec0
13321 b6103f8681ac585e
13322 05854e3614f61f30
13323 7a82704a03c18e13
13324 829389aea8540f7b
13325 155f744b02e8d8bd
13326 f9845c3d2943482d
13327 876a3473472b9496
13328 d83f121372247e7b
13329 32519c2a1765219a
13330 fd7d4aea6f2c14c9
13331 eb90c8415464df44
13332 f312ef04687f1f6f
13333 bc42e172933c0afc
13334 18ba048b625f78fe
13335 5e63d0a3710fc0ec
13336 546a90dd992cd3b2
13337 79f871c8501f511e
13338 39347877f14d45e5
13339 e457997a683aa6e0
13340 30c654fbb52874c1
13341 82948b22071137a0
13342 13fb13e30350f5bb
13343 48b66318ba15d260
13344 21194a55e78b6844
13345 dd7f460060edf84f
13346 d956a8865b1cb381
13347 ec1b3217669dac47
13348 ce626d44ac554ac4
13349 3760cd466593ba4a
13350 4d839b90b2c45779
13351 3c51f298d9684670
13352 af9bf7977265ffb8
13353 0797e1e20543a1e4
13354 d6e5cfdb6d06f3fa
13355 2d2b9488bff0d515
13356 5ae61b662b4b6099
13357 34dc08cf5e81789f
13358 d575b231d17e2f95
13359 9acd5311209e9c47
13360 a1bdb873f497c0e9
13361 571a3a50ba0f473e
13362 b0aaf72cdf28b646
13363 5a2925b227112d98
13364 b9209648446bb94f
13365 77ecb7224bb427c1
13366 43d3755d8de0bc52
13367 ad3b4294859e212b
13368 5b6176af44d27404
13369 66c3715543861d98
13370 5c6e886e209a8d2c
13371 bde9b35f57b29b70
13372 a068708d803a9124
13373 ebe4f86e4118da7d
13374 16f8fd9c88f5d5c0
13375 44c003d5acff95a1
13376 5abe990b3a21e607
13377 1e608de1727215d6
13378 fd640f54351ec1de
13379 1f6deac7575c53fc
13380 04e05c6ed1d57012
13381 0ccbf424235d7c68
13382 45ba10b5368e485c
13383 a3dae9c826dde4a1
13384 6789cdc9b2356db1
13385 20d91ae7978205d5
13386 d288ddd2f54eb42f
13387 ddd907f4f7e2122a
13388 bc583ff2535c1362
13389 ae8bfbe597753435
13390 2fed17a038d21311
13391 2f0957ffc57ec33b
13392 24d0180d57ccc0a4
13393 2bf84d78c0bef8cc
13394 475714ef532f8a0b
13395 94bedc5e7a1e6c57
13396 77c8ddc6e9d62db6
13397 1966a8c045d671ba
13398 f191ee76b6075df8
13399 913a3d3dc2024434
13400 82b080925f88136b
13401 0f773c8fd1872c9b
13402 2cfac080304be0c4
13403 b27d0783dba2bc33
13404 f594078b1ad0953d
13405 a2f02d1e84b53469
13406 1a6a9c321afeef3a
13407 e5ccff2aedc9292a
13408 5bc526f46a8f0d56
13409 83aabc54841aa427
13410 33ad09b8c4da5105
13411 f9bd8ee97b9873c9
13412 031b7deff9e8b2d8
13413 bec41dca4337d921
13414 124fcfcc3c315130
13415 a522c2899461f4f8
13416 1e0d0d2154c78dab
13417 de4963fdc2ae75f0
13418 f0c7ff7840881209
13419 ddaf4e2e9cb78757
13420 a369e9b11ecf8d38
13421 b0959be2810feb77
13422 5d15fe950e17dd0e
13423 0914782cd03e91ee
13424 7172bca9c7cdb9c1
13425 78657ca24d7f5a37
13426 c423f26a30104d2d
13427 0876b5c7a11a1fa5
13428 13f6663853650e90
13429 2a224e40f702d556
13430 9830a00c1b370577
13431 604a2c17810f5079
13432 1f793dfac3fb0706
13433 9a3022ec17c6c0f6
13434 82b84c616f1ac307
13435 1fafa31b63af0918
13436 2e33358b19f2a0c4
13437 8cf0333e7ba1b49a
13438 de37047f08ff8d47
13439 90474fbbeae57618
13440 c57d179930df77b2
13441 c1ccc890ab83038c
13442 a4e435584e8f092f
13443 b7a1c1d5d6782312
13444 47fe56527b714720
13445 cb2a08781b4d23ec
13446 ccc8f39c9f08ca51
13447 14df1644044bf278
13448 3921de86e6eea1c8
13449 ad278cd473b61b46
13450 ad128a91a9c0d500
13451 b036b86b343806df
13452 2cdcec89aa635abe
13453 5d335c1a9f4b6eb0
13454 3b636004578f3136
13455 3f28393f6064fc2e
13456 207e7a0b1b7be177
13457 618925898324c595
13458 60bf51eeb1a19138
13459 f7b70fcb0a05868b
13460 0709bcff3958f170
13461 7b801d57616d634b
13462 00708bc8fe25137c
13463 bcd770b93034d0da
13464 b181d3b283040fd1
13465 dafdc746c37af750
13466 6502b1058bc29b5d
13467 d40d4b3443ef22c3
13468 9d62b694721e8a97
13469 e8069895f8c40477
13470 e4f91a17736e1b2f
13471 be7f6071dacd1fbc
13472 51db858a22b550e9
13473 bac8dbc0414e1399
13474 0b594965deaabdc3
13475 3a9e7acc66d7d863
13476 2c0b2b7e9889b00c
13477 f4812e0e6b968655
13478 56be3523aac41239
13479 6e8a6c027cd2320d
13480 d4d746aab9b76cdb
13481 83d5e5ecac0e60be
13482 53d43e748c002d52
13483 0df3d000e8466d14
13484 2aadbb23a7e72ea6
13485 5f04de951e76b5ea
13486 ee90ee98274e53c0
13487 2a60e953a73145d4
13488 fbccf293f78becb5
13489 98ba5b10c071bdcc
13490 c44544c7d2eee4c8
13491 3889f54b971af257
13492 39767efed95bce11
13493 a01f324edcac54a4
13494 7c0688ba188e2a01
13495 363260b9158628cf
13496 75dce85beeba9e00
13497 f054e5c3aa65580e
13498 eebeb939f8d7fe46
13499 8a4ac9611f015c64
13500 5054d714df884938
13501 01db15db443656cd
13502 bf8f847ab060a718
13503 599c4ba69b08ec60
13504 7e6632b56255a54e
13505 1060130f54c52233
13506 9ce7f80586509d31
13507 8afd16917f534e27
13508 425d4cbf5934ddbc
13509 be46e2b68104387f
13510 23e45708a20647ab
13511 6ac466013cbe6f5b
13512 d40e08f1dd423518
13513 bb91bc4ad2ecbae6
13514 263b5760e34d421b
13515 35d9995b1599b236
13516 6cf2c6b0fa6d4e36
13517 86752fd353dc5f56
13518 8cb371e3a873d9c3
13519 72530166f5283838
13520 9e4e891d70d837d8
13521 35dbc6067ce27cbf
13522 db18f29f69d0ce74
13523 15265baa86f2d370
13524 077cb3a2d1f4d024
13525 6ce8b5d371bf19db
13526 798d9fb3bd7cb501
13527 5da97c12d76fab23
13528 0dd9fe85aa8668c7
13529 b48a4e642ead964e
13530 29fc2c127716302c
13531 b3808363debe5f62
13532 ef574f0b1a5b7fab
13533 602c994938dfc218
13534 6b3d6bc779ea3c79
13535 80b2656f9ecdb54d
13536 523b5d0422eb396c
13537 4ddea203a5186ce2
13538 1de997cbee37cef0
13539 719f9387e8a51dfc
13540 faf25fbb86ce13c0
13541 4f041a3d1868575a
13542 54c3f14f62768d79
13543 8699f6112828a403
13544 aa422d1c37ee3770
13545 a05dcd8a9527a03a
13546 0893277ea0744648
13547 2840eb6c55cc54e5
13548 abefe2273d31b912
13549 b961180fe363bd2d
13550 ee0f341b6cda6199
13551 8ca2ccec0f4777a6
13552 b2147e4ca05d4c23
13553 45a010beee86191a
13554 6d350e5f120ca74d
13555 147ab6ef0d908521
13556 75ac9fdcea9e0a12
13557 bb38cae785a1623d
13558 39b2aa7c5dbf77ec
13559 7873ccaec9916be7
13560 6269ee2f81300efb
13561 91eee8dcbd405f56
13562 4aed1d59ea40b2ad
13563 7732df7d15ce9066
13564 fa7a33ac1e655a96
13565 ea0c9abf0f38116c
13566 5ba8e0259b8dbc31
13567 46f47a5fba1ee95f
13568 4c888174167ecef0
13569 4cc12d36f140f982
13570 e6fe35acb712032a
13571 2299cc3bd7732d7e
13572 d58decfa737d6284
13573 6d6189b5583c4056
13574 305d9120087dea6b
13575 1ca486f8ed29ec8b
13576 d2e382b9889f6fb9
13577 0696940d70f9ec08
13578 a03a1b5a59a16ebc
13579 2d035b29794bea2f
13580 f206824954f8c38d
13581 a8a5ecfa547bad92
13582 2723b66ab9efe708
13583 c871756c38c95234
13584 8ba39fb4c9385df2
13585 24917da992d19b88
13586 9aa7fa8d81ea6356
13587 5fcee47830963ba4
13588 63f9664c213ea84c
13589 0a336af7b36f15ca
13590 7bd7d6a1a7c24710
13591 69168d16a50e65e7
13592 baade8d18de3ca2a
13593 1ba6cc7bdcfb5db3
13594 cd6a53f258d2a515
13595 de7d7455023770c9
13596 f1cb8179e8539324
13597 e503d610a7fec3a1
13598 07c65a6156c9c7af
13599 6fcefce65e1f9c95
13600 23b0a8d12a8650dc
13601 9d7a030bb26791da
13602 7bc3dec1e22dd3c7
13603 e8a99a4b018f9576
13604 f5166026dceb575a
13605 44209b8ebee69e80
13606 36559be05215f396
13607 64e7448ef7c49a85
13608 f23e111cf06d1a00
13609 b26ea1caee2d2108
13610 41ba4e1440047179
13611 8cca8658cf5bcb84
13612 60cd8fb7357ebe3a
13613 f1298a99e61522a0
13614 d1ffbe2313594e34
13615 feb6421251770fd1
13616 a633ce3f1b43beae
13617 5af95c081c1adc1a
13618 9eeb8c8a3abbfae3
13619 08f2c68823379b9d
13620 950a31d7dc263ef2
13621 c2ac0db1d156095e
13622 d8810b10c5ca56a4
13623 c6a5e8070c56a18b
13624 d8d1b8056f0a4627
13625 4979522a140e7d02
13626 7930f92e837e08dd
13627 d1b551d364febd29
13628 7a03ff13a434cc90
13629 26a1ee7b8fd0220c
13630 cdf9007413bb1e56
13631 b7d44ec176ebb0ef
13632 87d74e871d68e9c5
13633 b8cbf19b27ad134d
13634 b9731f8712024452
13635 7b4f203faf394035
13636 12ab2415d33c2dd1
13637 d9c29ab586c9d4fa
13638 f283b42a198cc9e3
13639 49b0310fcb3ea2b7
13640 15fbb92afb9520ee
13641 7d0deae119aeabec
13642 2e14232529198a90
13643 9ab387a0b06389da
13644 b31ddb5ee4e7316f
13645 b194fc417ad27ba9
13646 b194d5391e9e5b17
13647 3289a1a1554fceee
13648 8b2fd6d11cbc11b5
13649 35b341f884e9b192
13650 2d7efc81c392f329
13651 6286cf66686fa9f4
13652 ba5070f2495bdcae
13653 7e0f60764e1a8ecc
13654 fd6423bac412ae25
13655 06a4011cb719fd09
13656 1498ab5be48e6633
13657 23fadbde9794cee8
13658 27f0fb533b3c673f
13659 bad7235c7675c2ae
13660 ffb319c01c685702
13661 04772420e0d7f87b
13662 a8a4d66ed4139165
13663 f87382c794d0aa68
13664 1712eb83a0d39120
13665 8c1609d026d505d4
13666 02ba0c3335d07027
13667 180826253742839f
13668 5d67683c76829f2c
13669 15b2b6b2c071d0fd
13670 00bc135543487d2c
13671 1a306878a1a9b868
13672 7863a782e6adb9d0
13673 a8b0d71b25167181
13674 cc92d62c26f4f7f1
13675 2ede01accd360696
13676 c2d2642aeb61da06
13677 d437192d03ec7504
13678 e2257d65ab4a82fc
13679 a04354f443c8d7d5
13680 1775530de4fa473a
13681 bdb631ab3e4d43fa
13682 e97bcbd606b61ba9
13683 c8db459c5b01e26d
13684 b0c5e468df522434
13685 49940cd8e26541a6
13686 0aa676aaadc4d92c
13687 d8c4c7fb12fa0bfd
13688 771f2fd9de1168eb
13689 8bb823793c2f1fb0
13690 e49df476b23ad930
13691 008a7baa70736be6
13692 be67e34cc94d511e
13693 dcd71317841ea54d
13694 5029bf0442cad8b0
13695 7c52fe0ae84e74e4
13696 a59b5298d7bb0845
13697 418c6b9e95c528b2
13698 4aa9de1437869834
13699 a532fa1c391515b2
13700 731edbca5ecff204
13701 ac6a9003b20d893e
13702 bde89c534a6205b0
13703 a648f4e909cadebb
13704 c8b931545f7ccb84
13705 4d7974d3afb5ce02
13706 8ada8ed10940f1c9
13707 e205e18da1d463f2
13708 f88b2ce24d8634c0
13709 ea187f2e9a1ab652
13710 75bbf4aa5391fdf6
13711 db4c6bdbc747cc32
13712 bf8c040debd96747
13713 1d92994357780a30
13714 fdc0132b4d3f76d5
13715 053519a048fdaec1
13716 263ca8a2194cdf60
13717 e4572408430451b5
13718 8bbb111f9a7b286f
13719 92acd98b1c92c5c4
13720 87ef9d0f5a706393
13721 1fb0cd4b7ff19b89
13722 fc48a6b4e8ea6f1b
13723 1f83a1b3711ca39b
13724 e4b84b0c76d00995
13725 4244dbaee0487619
13726 97746cdaff72297c
13727 7b6fd7ea3072909c
13728 9add97d33441366c
13729 4e7fa9206df94561
13730 95910c6872ae5c0f
13731 a340ff89336c9358
13732 57498ccb8c1ffdf1
13733 0cfeafce50a30a2f
13734 80c1e9b99a448abc
13735 2f17831c601360a2
13736 eecbd2daad102585
13737 ec39572b15998f9f
13738 4fb0ac35dea88035
13739 dc9ffe604d6f1b6d
13740 20cc322a0c727137
13741 5dcc2c872cd837b8
13742 bba0148916f1368b
13743 709f2a249a947824
13744 635cfb4f8c415538
13745 aa818aa278e456f1
13746 6362454651fd6091
13747 9ecd97b72784352b
13748 a9d9a658b891f211
13749 23a88f057764370b
13750 61cc7bf4c9f5ef41
13751 11d0c93a2c7e8d91
13752 4bef79fa8ef48b88
13753 6b7bb3ac76650309
13754 bf73cc6fb4c704a7
13755 0a8626a2f1656ef3
13756 feeb94fefd53a3b3
13757 44399e4043c3ef9f
13758 9aa012aa41318710
13759 556e370946eb9b19
13760 db0ab19138052b4b
13761 82dacc3504399ffe
13762 cd0760eda47cacac
13763 37d2c7661875b360
13764 c89d002a1f90deef
13765 dc4979861366d66a
13766 c57af23b9a197fcc
13767 9ced539605f3ccaa
13768 ce2f3bf61c55ed20
13769 e6679fa205c4cd44
13770 9036d0c3eef0a8b4
13771 6bbeb24aa647c386
13772 2348cc683c255f5c
13773 e5ca6ae3a514b80e
13774 d02a3bf771dc1e24
13775 021b7fdaa7bb29dc
13776 dd62a2f4d1985e5d
13777 45bc926490a267f6
13778 a06adc204df30c20
13779 b3a74ef90daf3917
13780 d3f8d2fffd9e9679
13781 6b1246fb2f9ca432
13782 3027ddda4bc80c71
13783 3573803cd88716bd
13784 2c54f5607b91651c
13785 5f49cc43d2e9089a
13786 d4842e2fa79e984a
13787 9774df5aad2d899c
13788 ac9f52936ddae3e6
13789 941c5a8db01c165e
13790 86040faae84641bb
13791 6c4081a7a3ab0411
13792 19950e23e96d858f
13793 352bfa5edf4a2587
13794 ef53181a986ce355
13795 8ac2ff30171afbc0
13796 78e42324fc6a520e
13797 d3a1d8f18d307187
13798 ea19d9bd48593611
13799 3dd5934529606f53
13800 6db04581abaae5c6
13801 fec6231baaed715b
13802 d39d9ab454364481
13803 7fb0bebe37f2a647
13804 8c9860d3d6912b6d
13805 6919c230eced59a5
13806 27071f743415a264
13807 3123c119eba2405d
13808 4db7b4fa3a418c0c
13809 434f41ab29aec0ba
13810 5288a46e9cb54e08
13811 6360c3598518b187
13812 eadd6c09780ce72f
13813 4bbf650b463ec62c
13814 3406de875eaefa11
13815 4712c90a8c05662e
13816 283660b8fce8e8ad
13817 92121b2e7666bee3
13818 6d9d2748f9f9e47c
13819 e1b3b0d936473910
13820 e756c6943be81450
13821 faf2df40d891a11c
13822 733684287b790c84
13823 348aea94ecccd027
13824 bf24ac9d02fd5b04
13825 da60faee96ec797e
13826 f9e5f21c33c8026f
13827 9f2b7e4121421e7c
13828 21ab04347270953c
13829 48e38b18bec5d711
13830 e9b717ac68e544df
13831 f03d5d6deceea2b1
13832 a7fa640ba1ecf7a9
13833 33c3663cd5b5cf0b
13834 2dc8247a5ef0d9a9
13835 1dfc75c11cb8dba1
13836 5df5273d42579697
13837 4d9bae6d0e3546ec
13838 c662bb4d224d72b1
13839 2a3122fb0ce499ad
13840 04758f1a32d380bb
13841 388ed5789f82a6b7
13842 c2d0cd689189caaa
13843 6efd8fbc4349e75a
13844 2dfb33433867309a
13845 f79d798e2d5ab9fd
13846 fd25b18efea9c3e1
13847 30be6bfdb1cb6651
13848 3b5f4486e6947c2a
13849 aa69316ace56e96b
13850 22177454bf8be52f
13851 5102dbad088bd822
13852 4e76a74c73d4e79d
13853 f0cfbc0354bfffd0
13854 21b24d5ccec1a487
13855 2e37a74141e18c88
13856 78f65a3323c3ea5a
13857 48c0cce91e11bb25
13858 e1aa05e9a1bc0be7
13859 3c0c52e96649fe07
13860 08193723f6f01515
13861 491d7dc35d3dd678
13862 660b3aea521e05b6
13863 2d096d2b721a2d55
13864 40b8d9a23d957b43
13865 6211be853d1a8914
13866 eba578fc2b3a5a8e
13867 25ddf46b687a15c2
13868 ff3369025830d9a7
13869 8fbf21b428656a98
13870 388cca8497e3670a
13871 9eae4ed033aab4f4
13872 3025ecb2b82e8016
13873 35a088781d77dabb
13874 a16f4ab6dad285b4
13875 7ccbe9b64c114364
13876 9ead15fa35f41760
13877 ad2d275ae5db3675
13878 d6ff3f774dbbacbd
13879 6d00e1c111e1dfd1
13880 743b2b102dbb8bfb
13881 8ddc02860c005cf4
13882 cae6f4ad20b26595
13883 6a2ec777cb009ff5
13884 c36fea9cbb85b6ba
13885 571e2241b5aa60f9
13886 35eeba77dbb869f8
13887 bd3dbb8c722ed6bb
13888 254ea91dcbe6cea0
13889 d1ab29b397a61602
13890 cfcbd161a740ebfd
13891 4fd6a8924ad6fde2
13892 338099e7366df8ad
13893 ce5374cad2380839
13894 7d11c2b597c40e84
13895 a3b454509aa9553b
13896 e512e2d3954d5787
13897 9a2de98b79df6635
13898 f0a34e1fdb82bea5
13899 fef8431fff94cc3f
13900 6d68a27f881359cf
13901 1d8ab2201c093220
13902 0ba4a24179ef3bfc
13903 b1169fe291125f80
13904 193eb63b600a15c3
13905 d1d33d5eb924c196
13906 319c6d4f06aebca0
13907 9dcff5870f67b1cd
13908 10e653a79ecabe2e
13909 17c7dbcda90d3a98
13910 00e905e8e35528fa
13911 16080b3b9f7bb750
13912 a513b913d17cb1c6
13913 d152becddde9b29c
13914 aba5f3b65d48db8b
13915 36dd8aa1580ee968
13916 bb1d16285c0be0c6
13917 c0de408480b58067
13918 3b67c7fb98246290
13919 59bb538af98f7746
13920 fc62afad5c096a4d
13921 ec7cc3b23f8a3012
13922 28f58a6843db94f7
13923 cd9fda4ddfd56a7a
13924 7acc4fe4d6ff7dd9
13925 56a9f7c6d3db899f
13926 23dcd02ff656d0d0
13927 0d1b9f427041772b
13928 0d8fb7e02050c7ef
13929 b20dcf4b93048be8
13930 da06510ac0667e85
13931 0694e4b4edf2fee6
13932 132460209c6ba93f
13933 d1266f6c9c4973c1
13934 432fb7687bbfa3d0
13935 6be4343f271a437f
13936 022a93a1cfda2f69
13937 4a162972bcad303e
13938 49a33b42ad2fafa9
13939 fb4a88e89fc27de4
13940 88df9591122b3c3a
13941 b9392ea480c755de
13942 36042fb4209bc7de
13943 2506f406dd2c63d3
13944 dd3981d269d190d5
13945 503880813236bf68
13946 211d78596c701461
13947 c890031c1eda5091
13948 65c78b5df9e7b03b
13949 35b2484f69cfad1a
13950 d4d5ebdfc37fac06
13951 5e29b4d59c39cc5f
13952 5f95f10a1d56ae76
13953 02b5c83a1e3f35f3
13954 433bcb186b0cb374
13955 0ac551d90684e361
13956 79290caa8cc0683b
13957 2a380b0579e8808b
13958 67d1a9c0c6980352
13959 0c7b5e18bd1d2ade
13960 94bb1ad18abdbe4d
13961 9b0d83821248b94b
13962 4026007bad8e342b
13963 1e14bcf01a8e4dc4
13964 09652cdfb8e46388
13965 f4197050758247b4
13966 a901e975bb261922
13967 e4b3117a5347130f
13968 6279af45e9b03e0f
13969 021b24aa557fa829
13970 453e1274cca28fa2
13971 9e98b4a2a2473a56
13972 f3ddf3bdb2e40e74
13973 4559e889cf90b5dc
13974 5bf9e97d6e65e587
13975 6e640bd7c78ebcca
13976 dbdb3f88e3d59e8e
13977 34ad3c463b6d577d
13978 d109320e1d746f06
13979 a204ada24925e2d8
13980 929b7959c92b18cc
13981 0732766c6d404bb0
13982 9654d9e2f4e777e9
13983 1a83e89e9ce4158e
13984 d0c225f5003b956c
13985 13796273025ea3a4
13986 4267d9b681c9f9ff
13987 7807a316973d8f1e
13988 9be090f4566c046c
13989 dbeb3906a55854b4
13990 013c04bbe8a709d1
13991 4fff48dd3f1795c0
13992 f6cb3b120c6f0c88
13993 17cc6ab06a3aadbb
13994 f64b211964a37a02
13995 b8f85a325f4219a8
13996 79bd272ef9f181fa
13997 8564cb9db5549815
13998 fc5421673f84c80e
13999 53afae06bc26c983
14000 f2b63ce8e7897708
14001 a822dea3bf85feaf
14002 f4e48010c0e3eece
14003 b8a9f4e48e9d70be
14004 1ec7880d7b910d96
14005 43c01e933994f93d
14006 2c02a06e5e8dba53
14007 f021f31b5085bdb4
14008 ca2c8003ce81c5a0
14009 30bda1127ae2e0d0
14010 5222c9273a248286
14011 e16178e1f2a90c57
14012 8e052b1aeeb0cb8f
14013 8277445f8b3e0052
14014 21f308646b53ebed
14015 0d554f662836c333
14016 b0ddbd939f183045
14017 bfb1179e48dc5b9c
14018 92996b22f51afb5c
14019 d5ea9c07eaf0ee1b
14020 68f082faed40980d
14021 2507122e6709231b
14022 c7d6ea0f33a87a75
14023 af5808565f4d0335
14024 ce004993d58354d3
14025 c6bc5f12c92f6428
14026 4326a4073cbbec9e
14027 acc5cb6d9e5cbc0c
14028 872537fd76911e9b
14029 e49c305355a4effe
14030 de184a2ce8cb3f08
14031 8d955089b0189f6b
14032 7cc8cf0300a352fb
14033 635041b12ffbda83
14034 768ffdbb194151c8
14035 7df6a5170a120d68
14036 933450ca2a2e17b4
14037 0eae521028d01983
14038 b7bec9e89e1aaca4
14039 93bfa2b845fbe266
14040 ec3885f7effccf6a
14041 d3c758fdad45be04
14042 de49e1f624291088
14043 42c65307dd2e5ba0
14044 c1b47d43fca52d33
14045 e0308c1d2eeef36d
14046 ef036e6a3856b64f
14047 10ccec948d0006b6
14048 731a3bf6c39c2d87
14049 9f41dac1311e9df5
14050 68caa800d0e78c69
14051 e574b7c2a22d9177
14052 20774d98c6ec2f4f
14053 8b16791505a071ec
14054 55ad2bdc14b062b1
14055 34b4421cbbac130d
14056 01d743daecd913d7
14057 34eb63b5a44e3918
14058 9b2b68b1273311f7
14059 a2ce9dfd71db99f6
14060 306583b15c0ec21a
14061 441144898a2573b2
14062 c258ffb90482af2f
14063 3fbec2da4a1b3f60
14064 59af248dc8084838
14065 8cc74fa6737b04dc
14066 65716fecaab51423
14067 49feab4980c1faf4
14068 d218aa5eefdcf815
14069 e86b94f659d53132
14070 4bdda1afdf7bf2cd
14071 ace6a92b836bbe5d
14072 b1330e4dacc1d4f7
14073 bffafa78207a52f4
14074 e6c0a65aa97e158c
14075 45df058bb55ac856
14076 344874f455bde5bf
14077 fae2108d22471940
14078 0d323a22f43d3779
14079 93418c4e972371d2
14080 0ca94cfb39fed582
14081 d7d728d4807c66ad
14082 9ff0a82a26005889
14083 813011c5e3f1bbee
14084 b3075c9c7df0aade
14085 749eb39e0fe8afa2
14086 fce3672b57ce9fa3
14087 007e283a3878a02d
14088 3ed94a3fdc0f05c1
14089 e4255fe2adfe9a2c
14090 c7954456a91f8320
14091 3f72ca87e24ae3d5
14092 36c1d8f5aaea7140
14093 653875324e77217c
14094 c5c451b8519d0d22
14095 18b93e7a60713070
14096 3d8a1522a6cd0271
14097 6cd6b118ff003585
14098 01dbbebbfa9702da
14099 8482db14d9297c68
14100 1a47bfc26addce23
14101 ee7b653e2033ec82
14102 b6a528ae5b4eade9
14103 26b14e4bd8e131a8
14104 b5634844e71d82a7
14105 2e71db08f88d68cc
14106 41d3212c91fc180b
14107 b595b447fc1b1f66
14108 fdf9538c07d229ec
14109 2c04c29e2e28a78f
14110 6b3aeae0b2f94caf
14111 26e8e234dfe84883
14112 077e751ee4fa64d7
14113 fc338e1d7666e555
14114 9b39fd0c54ff3de5
14115 1aef5565137b42b9
14116 0797fa361c0b7326
14117 6ae7e140f708a53f
14118 c831ae1ffc5eaeb6
14119 8a445b3bf18cd003
14120 01a1283738f3aa07
END 14120
