1 5dc0cedb2aa1bb7d
2 5dc0cedb2aa1bb7d
3 5dc0cedb2aa1bb7d
4 5dc0cedb2aa1bb7d
5 5dc0cedb2aa1bb7d
6 5dc0cedb2aa1bb7d
7 5dc0cedb2aa1bb7d
8 5dc0cedb2aa1bb7d
9 5dc0cedb2aa1bb7d
10 5dc0cedb2aa1bb7d
11 5dc0cedb2aa1bb7d
12 591e973f181279a2
13 5dc0cedb2aa1bb7d
14 5dc0cedb2aa1bb7d
15 a95417db2aa1bb7d
16 5dc0cedb2aa1bb7d
17 6c37ae1b135eea98
18 5dc0cedb2aa1bb7d
19 5dc0cedb2aa1bb7d
20 5dc0cedb2aa1bb7d
21 5dc0cedb2aa1bb7d
22 5dc0cedb2aa1bb7d
23 5dc0cedb2aa1bb7d
24 5dc0cedb2aa1bb7d
25 5dc0cedb2aa1bb7d
26 5dc0cedb2aa1bb7d
27 5dc0cedb2aa1bb7d
28 5dc0cedb2aa1bb7d
29 5dc0cedb2aa1bb7d
30 5dc0cedb2aa1bb7d
31 5dc0cedb2aa1bb7d
32 5dc0cedb2aa1bb7d
33 5dc0cedb2aa1bb7d
34 5dc0cedb2aa1bb7d
35 5dc0cedb2aa1bb7d
36 5dc0cedb2aa1bb7d
37 5dc0cedb2aa1bb7d
38 5dc0cedb2aa1bb7d
39 5dc0cedb2aa1bb7d
40 5dc0cedb2aa1bb7d
41 5dc0cedb2aa1bb7d
42 5dc0cedb2aa1bb7d
43 5dc0cedb2aa1bb7d
44 5dc0cedb2aa1bb7d
45 5dc0cedb2aa1bb7d
46 5dc0cedb2aa1bb7d
47 5dc0cedb2aa1bb7d
48 5dc0cedb2aa1bb7d
49 5dc0cedb2aa1bb7d
50 5dc0cedb2aa1bb7d
51 5dc0cedb2aa1bb7d
52 5dc0cedb2aa1bb7d
53 5dc0cedb2aa1bb7d
54 5dc0cedb2aa1bb7d
55 5dc0cedb2aa1bb7d
56 5dc0cedb2aa1bb7d
57 5dc0cedb2aa1bb7d
58 5dc0cedb2aa1bb7d
59 5dc0cedb2aa1bb7d
60 5dc0cedb2aa1bb7d
61 5dc0cedb2aa1bb7d
62 5dc0cedb2aa1bb7d
63 5dc0cedb2aa1bb7d
64 5dc0cedb2aa1bb7d
65 5dc0cedb2aa1bb7d
66 5dc0cedb2aa1bb7d
67 5dc0cedb2aa1bb7d
68 5dc0cedb2aa1bb7d
69 5dc0cedb2aa1bb7d
70 5dc0cedb2aa1bb7d
71 5dc0cedb2aa1bb7d
72 5dc0cedb2aa1bb7d
73 f9dec29d096dff89
74 bd470ec3d637a91f
75 c85ac0ee8a84cdf5
76 cb074c844db42368
77 cb074c844db42368
78 cb074c844db42368
79 cb074c844db42368
80 cb074c844db42368
81 cb074c844db42368
82 cb074c844db42368
83 cb074c844db42368
84 cb074c844db42368
85 cb074c844db42368
86 cb074c844db42368
87 cb074c844db42368
88 cb074c844db42368
89 cb074c844db42368
90 cb074c844db42368
91 e3ed9a1570a781d4
92 857c342388d281e8
93 014284b6c37edeb8
94 d7793f0a58a84472
95 b6126fcf3ea94138
96 895d630279d2abbf
97 94820326f0a06e93
98 38c5caa71a3d6e93
99 2ee0327eb7366e93
100 cb691198315b6e93
101 9a458ea179b46e93
102 cd9b46d6ad816e93
103 d7e78e42655a6e93
104 07aa86c7bf0f6e93
105 e98cb1897a886e93
106 e9905507afc56e93
107 9954d868933e6e93
108 6d22834cd0236e93
109 ff163318e55c6e93
110 7fe24cd185a96e93
111 e69e5d7ae7626e93
112 dc48f200bff76e93
113 7e01b633a4b06e93
114 258fd90d3dcd6e93
115 def78ad527466e93
116 463a9205566b6e93
117 e313553036046e93
118 93542fac88516e93
119 a1b645df94aa6e93
120 d8cccecd9d1f6e93
121 90ecada7e7986e93
122 af76988889156e93
123 51b649a52ece6e93
124 838b64d24ef36e93
125 370f97ff696c6e93
126 60a28204cc796e93
127 c2b11fedcd726e93
128 606991ec16476e93
129 ef81e65b54406e93
130 031beb6f965d6e93
131 21a427e0f0566e93
132 dc29763abc7b6e93
133 73138abeec546e93
134 4f028ce965216e93
135 facc51aaa6fa6e93
136 90e135adbfaf6e93
137 4c4a04c799a86e93
138 97615e3e34656e93
139 eec7c1a52b5e6e93
140 ba53fba128436e93
141 e0bd1375a07c6e93
142 653e011551496e93
143 a8bf88b3b4826e93
144 dc1c22753e176e93
145 83c4752a85506e93
146 b98bfc5f1d6d6e93
147 4a490c46dee66e93
148 cf80c00b520b6e93
149 ba964699f6a46e93
150 b9d23d9b0f716e93
151 7c9ec58bfa4a6e93
152 6060f3e69ebf6e93
153 efa81bb619b86e93
154 72d19d8fe6b56e93
155 b4e8fc7d186e6e93
156 bd33556384136e93
157 e8228749b58c6e93
158 c5def34538996e93
159 dc791b0c6e126e93
160 3cd2368c8ae76e93
161 31cc302daee06e93
162 b7ea2c4f007d6e93
163 1acfed171b766e93
164 b50c28e2c19b6e93
165 bc6695fd97f46e93
166 7917d95db5c16e93
167 3b632832ce9a6e93
168 4f61c9b1bc4f6e93
169 ea049e5221c86e93
170 e71ad06c93056e93
171 8709bb22847e6e93
172 062816261c636e93
173 c9dc6846379c6e93
174 8df7772353e96e93
175 8e1ac4f788a26e93
176 3b1fab6518376e93
177 86ac8a4ea3f06e93
178 70df3182260d6e93
179 a4a7a45b91866e93
180 170293e22fab6e93
181 d13a1cb0c9446e93
182 01a78f4e3a916e93
183 93de6f2ac5ea6e93
184 003121a80f5f6e93
185 ce16bc6594d86e93
186 417416d043556e93
187 853fd1b52c0e6e93
188 8ec6fd7be8336e93
189 de1f443722ac6e93
190 b27a0d712bb96e93
191 7eaa362b35b26e93
192 a762ca4b30876e93
193 2f900a0aa0806e93
194 5c5daab61f9d6e93
195 c163754b4d966e93
196 8d567994b4bb6e93
197 71134079de946e93
198 6c5fd7ea40616e93
199 a73ceee7e03a6e93
200 5ae6e43709ef6e93
201 907b99b65ae86e93
202 2ddd3b7271a56e93
203 fdfd3e354c9e6e93
204 c75d097ebb836e93
205 1e43ce4bd5bc6e93
206 fff5ba4336896e93
207 e777a85dfec26e93
208 955711ad62576e93
209 61e07ca904906e93
210 dd340fa11bad6e93
211 09d030983c266e93
212 a36fc304cd4b6e93
213 8999a454cae46e93
214 2c02213feab16e93
215 e859644bba8a6e93
216 63b69b1cdfff6e93
217 b349533cbff86e93
218 d141afb49cf56e93
219 b3117d6783ae6e93
220 f1b5ecd62f536e93
221 305528dc7ecc6e93
222 cd239c5689d96e93
223 536916f85d526e93
224 b388dcf155276e93
225 a58b7292d3206e93
226 8e4ad1ffc7bd6e93
227 07f32feb16b66e93
228 23af8039e2db6e93
229 4a3586693b346e93
230 3cd4e1304b016e93
231 ced4651524da6e93
232 ab82c7e5608f6e93
233 b0b7af3bbc086e93
234 b70ce60a81456e93
235 5f224fb1b2be6e93
236 b034ee2b3da36e93
237 b86f5fbe9cdc6e93
238 6eb4f4bf83296e93
239 854d103142e26e93
240 4e256c82db776e93
241 41e18360ba306e93
242 0d6bd0420b4d6e93
243 501981149ac66e93
244 f3193782c9eb6e93
245 30e3412b77846e93
246 5c78c52115d16e93
247 d06df0f2c22a6e93
248 0060133ee49f6e93
249 7dc6561b95186e93
250 d0f5c1b9e4956e93
251 3123bf508c4e6e93
252 35a36941c4736e93
253 1aa1f7e938ec6e93
254 108630cdcff96e93
255 6aa10ea8b2f26e93
256 b75dba8d3fc76e93
257 63e16115e3c06e93
258 00e33b07b7dd6e93
259 6b541cf13fd66e93
260 003f526105fb6e93
261 3350096561d46e93
262 a84f07f016a16e93
263 9deaf43f167a6e93
264 83a59d9ee12f6e93
265 5e57f6138f286e93
266 fd167ae0e1e56e93
267 47065f4ddade6e93
268 c1a072903bc36e93
269 87ba45a5e5fc6e93
270 230760c6fcc96e93
271 e56f58828a026e93
272 43129a5431976e93
273 7ce0deb982d06e93
274 c53d00ad6eed6e93
275 05d24b4668666e93
276 4ab390c7278b6e93
277 808e60c8496b176d
278 25e2f6b1ece86ccd
279 6418133eefe2b747
280 003ada46215bb747
281 ef6cdb106048b747
282 8200ed69c509b747
283 1c508a57880eb747
284 92ad1ea04947b747
285 b59d803469c4b747
286 50cf5a5b7ce5b747
287 a9291eb2336ab747
288 3b4c90e7c243b747
289 83029ad27e50b747
290 dc2e4e29e5f1b747
291 75acd36f4c56b747
292 934d9d254e8fb747
293 5590a529450cb747
294 cad152981e2db747
295 5f07d193d2b2b747
296 1c15d58b016bb747
297 802693685d58b747
298 3e003f37b3d9b747
299 bbea94425a9eb747
300 f60b6fc69657b747
301 0899b3f8890caf77
302 a7e39d34cfc03f77
303 aafe17bdab993f77
304 195e8a373d463f77
305 f32113cd4f2f3f77
306 2a21e40821bc3f77
307 0e50bee3860f195f
308 c5901187e311984f
309 9c9aa7759c94984f
310 6024e0396a33984f
311 d373c356255e984f
312 114432d94585984f
313 a2e875d9bca8984f
314 613edf646c17984f
315 f0de8d3904e2984f
316 79e0fa2ed939984f
317 f0075a7cde8c984f
318 7bccd1d6efeb984f
319 5956932a4016984f
320 24c2e3b10e1d984f
321 4228cb6b8540984f
322 199e99a17bef984f
323 e73857eab5da984f
324 638f23d68771984f
325 733cfee34604984f
326 257c17f16263984f
327 c72ac131234e984f
328 e7b0b9f2d2b5984f
329 f6d31015fc18984f
330 526c0819b307984f
331 e6269c040acc75ef
332 202e2d68c18615ef
333 1c20ad08fb6915ef
334 cb226a8db07015ef
335 916996b662e315ef
336 e8d5b887fb0a15ef
337 14747ac5e1e0fac2
338 abee9b5571a09332
339 29c2034f60399332
340 7ef180ac1dd79332
341 3d5533621ec69332
342 03695390b9c59332
343 dd0788a84a5c9332
344 4e9e03ae933b9332
345 2b7d4e5ba40a9332
346 c1a3697fcbd99332
347 f45ae1f020309332
348 67792ecfe70f9332
349 9a32ee6bc55e9332
350 2c409047b4bd9332
351 355527f15e949332
352 775dc5702dd39332
353 00e6071f34629332
354 470dd689edf19332
355 9c9c559996289332
356 b3d27539b4879332
357 ffc9265db7369332
358 82aa52d05cb59332
359 d32c3671a28c9332
360 bfb66801096b9332
361 92650c4b397a9332
362 6c7e238ab2499332
363 0debf54716e09332
364 8c2fea2b11ff9332
365 d96e32d3034e9332
366 a07342627d2d9332
367 c61936956ac49332
368 2cf60cec9f039332
369 529da3115cd29332
370 e5bdac4c40e19332
371 e5ea647b6f589332
372 cf02105f99f79332
373 fe0cf70e86ef9332
374 75d61c42b1849332
375 0966ce89955d9332
376 4d9be57f40329332
377 0c10cafe4a739332
378 db4d52cf68789332
379 1c654948e4919332
380 502616a003a69332
381 4b9f9c17a4c79332
382 d9583b2a5c7c9332
383 27f0dec5ac559332
384 d86781b01baa9332
385 558bfff32bab9332
386 0da84f35c7d09332
387 93e4bfdec4099332
388 442e89228ede9332
389 a297b488659f9332
390 b96b850e8b349332
391 01fd6ee6cc4d9332
392 db576000e7e29332
393 6e5e603aa9e39332
394 af060868b9a89332
395 eb89f11adf019332
396 a035684bba569332
397 798d95542fb79332
398 08399a59ad2c9332
399 43489afcf9c59332
400 049f110264da9332
401 505240b5e29b9332
402 0b87090fe9009332
403 aa49c918ab799332
404 387e7628044e9332
405 5a6e820684069332
406 992e996df1059332
407 a53c036e339c9332
408 e9954644727b9332
409 a9db5e805f4a9332
410 4819a30837199332
411 5524473a31709332
412 6b420aa40f4f9332
413 99daf2aebc9e9332
414 dfa0c28a0ffd9332
415 51dd32fa49d49332
416 c67bd8a0d5139332
417 44ea2f43dea29332
418 8463827824319332
419 233b018b05689332
420 3f5a1b2486c79332
421 b031835c7e769332
422 5b80f0cc39f59332
423 71cfb44f18cc9332
424 8d776e874cab9332
425 29d5f1b777ba9332
426 2728e888e2899332
427 fd582a43f7209332
428 9a131655603f9332
429 6116d17e478e9332
430 ee85daee176d9332
431 6939eb1025049332
432 51a9c00d3d439332
433 71f881e161129332
434 2883469c28219332
435 68749b431d989332
436 6bb08157ed379332
437 e01fc2d427a69332
438 d94c22ec09a59332
439 65382cf11e3c9332
440 dfcfcb74d21b9332
441 1e4f2af08e6a9332
442 2009130bc3b99332
443 f0c4956d3b909332
444 579b07ad866f9332
445 0097e2a076be9332
446 8bdc468fad1d9332
447 f0afdc7f10f49332
448 8566473c5d339332
449 86ab69f9b3429332
450 82a94ba47b519332
451 c39fea2964889332
452 25f781b9d2679332
453 2e399bade0969332
454 222c1e28d4159332
455 6dd98e35576c9332
456 80e80cd82dcb9332
457 a8faf542945a9332
458 e805903214a99332
459 e6d5f200edc43b88
460 4420042f49aa9257
461 d0c3a0be8288b174
462 d1cca8ebaf0d0273
463 988c15f7a20afe31
464 18b46385cdb57050
465 10e137116fc12b9a
466 4963b1605769c0e6
467 b481e70a5ee0c87a
468 625e17075ee0c87a
469 7725bb5023601958
470 bd8b78b5ebdb6822
471 b5ef8ff3d81c9642
472 2fdeda67451c9642
473 02cd27dae01c9642
474 f1592aec841c9642
475 084689b2441c9642
476 fe46c3bb371c9642
477 c26eee33eb1c9642
478 aeadb1e1b11c9642
479 22c90e4b321c9642
480 d3ac2d1c5026f0c2
481 d766d9946526f0c2
482 b227a2355f26f0c2
483 ad783d92c126f0c2
484 216860068426f0c2
485 706388394a26f0c2
486 319a1ccfdf26f0c2
487 884d6d3efa26f0c2
488 5dc333b9c026f0c2
489 f2a7fee5be26f0c2
490 da634ab53626f0c2
491 43753b738526f0c2
492 57f37fc80e26f0c2
493 3b87a6341a26f0c2
494 1ab23ad72f26f0c2
495 4cbb5a682f26f0c2
496 b187cf2afb26f0c2
497 293ae1648b26f0c2
498 17e3b9c51026f0c2
499 2ba71005eb26f0c2
500 3389db3c2726f0c2
501 d84b8261ca26f0c2
502 43f652e7cdfd6642
503 af27b8c7b9fd6642
504 f706c2056ffd6642
505 fc277dfa6f26f0c2
506 47fd63b9b026f0c2
507 c95f34dcf8f7b742
508 b7c9d3f530f7b742
509 f7db62d17bf7b742
510 8e951c45ca26f0c2
511 feb585888b26f0c2
512 247d708b6f26f0c2
513 f43061e83926f0c2
514 d4d98dea8c26f0c2
515 3361922afa26f0c2
516 243e4e705f26f0c2
517 82979f8e5f26f0c2
518 bff8c0ac2026f0c2
519 70eb38f8f526f0c2
520 2822e2c09e26f0c2
521 18032c1a4a26f0c2
522 17e60236df26f0c2
523 de6fcf849f26f0c2
524 2f3e06b72026f0c2
525 52a04ffb9a26f0c2
526 1879b7eecc26f0c2
527 028464892926f0c2
528 57635efdc726f0c2
529 12e5b26b9f26f0c2
530 ce5d72afb626f0c2
531 64a0e62b9f26f0c2
532 7aec64fffb26f0c2
533 845754404b26f0c2
534 d2449d582c26f0c2
535 2783030c4326f0c2
536 a6dbbbd6ef26f0c2
537 ddf5c4506f26f0c2
538 cbbbb1cceafd6642
539 177fc3d4aafd6642
540 b498f16f46fd6642
541 e61be9814a26f0c2
542 f6ad93194026f0c2
543 e9d3942fd4f7b742
544 e33b2e0efcf7b742
545 c05b9b1238f7b742
546 1648adb94226f0c2
547 6f1e2e80a526f0c2
548 1bf90c34af26f0c2
549 8dd8c1160a26f0c2
550 ce03d8e40a26f0c2
551 2932eeaa5e26f0c2
552 0198948af626f0c2
553 cb6212393926f0c2
554 bdd60d0a7b26f0c2
555 07c9f7d16b26f0c2
556 45f54ba8ec26f0c2
557 6789aac35926f0c2
558 b0dee503cc26f0c2
559 6d9fa342b326f0c2
560 c7afdbb15a26f0c2
561 bbd5dd534e26f0c2
562 662d07a88026f0c2
563 a2e82c54fa26f0c2
564 eaefaf2e2726f0c2
565 448302d3af26f0c2
566 4a2f67ab6c26f0c2
567 2b05c312b926f0c2
568 8e963c353626f0c2
569 e5982e227f26f0c2
570 fe8b5bbb0c26f0c2
571 660a06942926f0c2
572 3992857e1b26f0c2
573 3408eb3a5526f0c2
574 17a4855825fd6642
575 2653ce1600fd6642
576 d7ab2537cdfd6642
577 aeebf6b70526f0c2
578 1e00a8fa5a26f0c2
579 6481daa881f7b742
580 107149ce08f7b742
581 249a9b659ff7b742
582 36cedee4ac26f0c2
583 c1a5db0b8326f0c2
584 dddcddf51026f0c2
585 d449520f8e26f0c2
586 5636e927db26f0c2
587 d857d237eb26f0c2
588 4a710783cc26f0c2
589 6a4306c46e26f0c2
590 ce43c3a73b26f0c2
591 669963cc0626f0c2
592 f1b1f7edde26f0c2
593 bc0f0a534a26f0c2
594 3f47a71e3a26f0c2
595 59d071e0e626f0c2
596 91fa51867026f0c2
597 a441915ada26f0c2
598 73905052a226f0c2
599 6ebb4c13fe26f0c2
600 9439a5b37626f0c2
601 861a6ba39f26f0c2
602 39fb68afb626f0c2
603 d58a3a039f26f0c2
604 7b1d943ff626f0c2
605 6c95c2c17a26f0c2
606 64d222ce2226f0c2
607 18ba51306326f0c2
608 130003ee451c9642
609 3cbd176ae71c9642
610 4d388ed6358cc0c2
611 bd5bc51cb38cc0c2
612 7a7db429f28cc0c2
613 122cd023a61c9642
614 b01b26d0f31c9642
615 450dad94b9f341c2
616 cf534679f6f341c2
617 d220d5347ff341c2
618 798878a44d1c9642
619 b2f828e12926f0c2
620 7077efbc6c26f0c2
621 67c57c10c326f0c2
622 0011efab0a26f0c2
623 370d97df5926f0c2
624 0c013b61cc26f0c2
625 91708d2f0e26f0c2
626 478c9f830026f0c2
627 4cb2c4fe1f26f0c2
628 efb279f6f426f0c2
629 1bf9c5147f26f0c2
630 acc83a928026f0c2
631 e6abbdc06f26f0c2
632 a588d7b49626f0c2
633 2ff737946f26f0c2
634 4238896d2c26f0c2
635 84afc62e7926f0c2
636 42bcf2b2b626f0c2
637 7d88d3ab2526f0c2
638 7db13a8c9326f0c2
639 a2409d2fee26f0c2
640 182341c7f626f0c2
641 54fd520ec926f0c2
642 94f66177db26f0c2
643 6746de0d2626f0c2
644 c76dd3436326f0c2
645 b002c97fe326f0c2
646 b3e98fc027fd6642
647 f60fbb6480fd6642
648 dd229eb9d7fd6642
649 84c22df4ab26f0c2
650 eed785be5026f0c2
651 283adae5b4f7b742
652 150f64dd12f7b742
653 da2c2ebb8df7b742
654 8eb72d391326f0c2
655 0b21a7659326f0c2
656 08a5aa8cc026f0c2
657 9e057bb13526f0c2
658 080dc464ef26f0c2
659 656345260126f0c2
660 70a715bbf426f0c2
661 758839485f26f0c2
662 0f2666fd6026f0c2
663 031500a68a26f0c2
664 79c4e10f6226f0c2
665 39d38a695326f0c2
666 9463235f2726f0c2
667 18c3720cb526f0c2
668 51da441e3b26f0c2
669 556993236626f0c2
670 e2d637f84326f0c2
671 6c7413c7de26f0c2
672 72f93f5eb626f0c2
673 578220132f26f0c2
674 892ab720bb26f0c2
675 834975f54126f0c2
676 96d6ecc46226f0c2
677 9d0e64f27e26f0c2
678 ff9ad388cc26f0c2
679 c12b9b0a1a26f0c2
680 9d1fec7a5a26f0c2
681 0e09e6150926f0c2
682 7df398a42ffd6642
683 a4b7453b49fd6642
684 9fb7272f02fd6642
685 259e35c2ab26f0c2
686 0023cc3d5026f0c2
687 4d6728814bf7b742
688 c846872ffef7b742
689 fbdb8f73f9f7b742
690 2b1632304726f0c2
691 fb31c11c9f26f0c2
692 ea14ca3a0c26f0c2
693 10d51aa10926f0c2
694 739373cc5b26f0c2
695 cd50c29b6b26f0c2
696 33a48b7ecc26f0c2
697 987f43e01326f0c2
698 f7f614de5f26f0c2
699 ed0b2652ba26f0c2
700 1f05d2441026f0c2
701 4d037f102b26f0c2
702 5a75df430c26f0c2
703 dde530482926f0c2
704 e5d12ce6ec26f0c2
705 e792477a5e26f0c2
706 72b49c84f626f0c2
707 89035a27ef26f0c2
708 c056aac37026f0c2
709 2071e9fb3526f0c2
710 4060908d7626f0c2
711 91464b231f26f0c2
712 6077aa0aa026f0c2
713 547a72331a26f0c2
714 07d4b1152226f0c2
715 498e6dd15526f0c2
716 74d5822a4026f0c2
717 5ff651a58526f0c2
718 c96e0a81a3fd6642
719 46861759f4fd6642
720 7ebdc78405fd6642
721 7f694c6a8b26f0c2
722 8c833fe92026f0c2
723 6214ca05f4f7b742
724 226dac74dcf7b742
725 cc94378bbdf7b742
726 24ededfd2e26f0c2
727 b63a0263b526f0c2
728 6b7934da3626f0c2
729 67ea87027a26f0c2
730 358c3734c026f0c2
731 709cd92d3e26f0c2
732 e600f2074c26f0c2
733 4c8d8cab2926f0c2
734 99bc11a2ac26f0c2
735 e5cc76317926f0c2
736 788b088f7b26f0c2
737 9aad445a2526f0c2
738 c7b0a942d026f0c2
739 1ff5e1ac8626f0c2
740 d57d9b2ee326f0c2
741 db17cc927e26f0c2
742 517db54cbb26f0c2
743 55c3e1684626f0c2
744 bfbdc324e426f0c2
745 de21c1376f26f0c2
746 4b2cf2577026f0c2
747 e4ed60cce21c9642
748 ccab1cb9d11c9642
749 5ed9e58c1b1c9642
750 a59d04a4131c9642
751 541f047ba81c9642
752 14d38d81f51c9642
753 a7d536151e1c9642
754 bd9980ab708cc0c2
755 b7173cd6d58cc0c2
756 9a09bd670a8cc0c2
757 9d102dfa471c9642
758 9f6e972b5e26f0c2
759 baab88f7b7f7b742
760 0112ab6312f7b742
761 a5097f66b7f7b742
762 3e2f45c5e426f0c2
763 46e3e8da8126f0c2
764 a5eaf4bbbe26f0c2
765 2886eff0ff26f0c2
766 af05765f7426f0c2
767 b630b060ba26f0c2
768 764aaf224a26f0c2
769 ed62f2d70b26f0c2
770 c0b3635bca26f0c2
771 8bb133814126f0c2
772 b47a221be226f0c2
773 820518707e26f0c2
774 f405537acc26f0c2
775 8f5721c29a26f0c2
776 356d331be026f0c2
777 77160fe87526f0c2
778 8d487cd45026f0c2
779 b5fa38806526f0c2
780 210295a2c026f0c2
781 ddaac3d43e26f0c2
782 bc41d7a0fb26f0c2
783 ae6e9656e626f0c2
784 53fc0af10e26f0c2
785 94b77e447526f0c2
786 08ef5da7f626f0c2
787 af5f66f73f26f0c2
788 3b0e24c03b26f0c2
789 dd028a736b26f0c2
790 703b16aff6fd6642
791 39b09b0ba8fd6642
792 8d36c65122fd6642
793 654ac4e00b26f0c2
794 e21ab20fcc26f0c2
795 af5f3ce23cf7b742
796 9e1341e33ef7b742
797 4f15841d6df7b742
798 2f8697487426f0c2
799 c76b58127f26f0c2
800 555dc5e0d629841f
801 8e0bed44119da55a
802 7d841d13b8d7665a
803 27465c23dc2e665a
804 abcbd2ccad2e665a
805 f2c8c554c4a9011f
806 0c5fc0dd9840841f
807 7f9f315af029841f
808 c23a504c8729841f
809 6212760db729841f
810 8776e7126c29841f
811 845dae3f5929841f
812 0a2ee3400829841f
813 2a2e4b9a3929841f
814 40db6d808b29841f
815 dbc79502c846fed8
816 6048d82b8c0dc7d8
817 3b5c27d11cb1b388
818 7db95019a0c5d377
819 571bf9a1282597e3
820 3904b80fb2eb0795
821 b39b142d80b9a114
822 01e03ffd66f7f7f9
823 848b37e4d7e9317e
824 0f018c91dff8cb36
825 1f913ded89577e02
826 2f17ab81e9c2ada5
827 7756d9acb3570aaa
828 bd2e048d30f3890e
829 6e1d35b1d3bb093b
830 450c4b3c23880520
831 4af29a031ff36133
832 538b7e8864ab2c8c
833 569e0b2990f10439
834 c0123a53e91a1e7a
835 19f6baaa2fd9260d
836 33d1131eb558911a
837 6c996c940bafef07
838 9acc1bd6e30eaaac
839 1695a5e1cc0e4359
840 f16d9f47b7a7a6a6
841 d8888881e28e45a3
842 afe3f048e9601c68
843 f4d44afc676151e5
844 c09e01e43d423ef2
845 3c81e1e9985002df
846 13bfcb340c7efdc4
847 f61e56b34113bdd1
848 1a36192905c2c49e
849 b56939428f428fbb
850 e4fc9e16edd3d9e0
851 9f8d05ccace4d75d
852 251e1bfbfd5fb8ea
853 39a6404f3f662a97
854 a2e1a156ace061fc
855 43dd6ce94308c069
856 ecdfeb9efe060cf6
857 1a67763545e92133
858 6e0b63dd5e96ca78
859 269ca4a9fd42feb5
860 18c120738c462742
861 ae8d3e34751edb6f
862 e6e30e4cb7ef4414
863 16d1868a3b8773a1
864 e4c251c6bf10a6ae
865 9f1ba806fa0bd58b
866 f54c430514661ab0
867 14e04596e64998ed
868 121b27241c12ac7a
869 4f356bc6946179e7
870 102240f83046828c
871 e57b8f366d73e239
872 94f872ca67e9b906
873 bfeb17c6fac56783
874 a82ec412798cd348
875 428e7b3aee85aa45
876 80521bb21e95acd2
877 0fbebbc79e544dbf
878 31693d385537bea4
879 95d58820577422b1
880 29752852588b45fe
881 e3d3b59a4063621b
882 c887e45e73d65540
883 5dcf9b59e1f09ebd
884 5702a1bbee2945ca
885 30d50a77043c80f7
886 aa7bf7ed5a180c5c
887 c2b0f847eaff9149
888 994721500a2722d6
889 10d03bd1b9b12593
890 7acb335c42e51047
891 d2fa245cff0efe36
892 86cb5665c3c434d5
893 7d730d976e2f3d44
894 8b5c6485bb021323
895 3438e122a4cb8bfa
896 7524f8720cc71c01
897 c1b8a1936a4a0970
898 1883e31317ca9bbf
899 3e7ead4a0a8100b6
900 3db24efdc10dac15
901 a6d6897ea44646e4
902 be6b58f3d5a0783b
903 b1e5b44de8a76f52
904 c8bfaafe684f0441
905 06c363d2794724e0
906 0c1ebae82ede916f
907 95e81f30421525e6
908 cbb9db331b8e2c75
909 5d075b121e81f484
910 172298f5d89c0d43
911 9a1f5102d644b77a
912 be92125db3d0eb89
913 e18d99729e1ea8e8
914 6a20205786342277
915 44f4951942e834ee
916 7f0b5671aad030ad
917 e7d59fcce272393c
918 8fa4f8b7d4eb7613
919 56f297e153e19a6a
920 b13699874b0ad681
921 3f2c1503e5a21e64
922 ebad479b84a772af
923 1429b0814daba022
924 4e69bebfec6ca8d5
925 9b3e2078717094b8
926 74938a1ef43fdd1b
927 9e580a49d5875e6e
928 8fe42b549a2d8ae1
929 bc5155b02432d044
930 5fb234130876008f
931 28a0635feb458d82
932 26dec2449ef2e8a5
933 05e0eb3639864688
934 ac110878306e76e3
935 4c343e432e156196
936 8f4418b6c61693e9
937 b63afdec72d0434c
938 663fd2ca6a5854a7
939 64b95d904403eaf2
940 d65cad86b2fcdaa5
941 8863b329e7c12888
942 a2aaf1ddf52d70e3
943 b1d31ce2d4608396
944 596cbb41f12e7299
945 bc4625c30a7d6dfc
946 93f5a532717cf1f7
947 4eba1431dfbd664a
948 f492b50c944fc33d
949 c83bbced26e08d00
950 1709480c41daac5b
951 57023abbaad696ae
952 ba98115ac3a909f1
953 d4f6a43a6fe30e94
954 b08ffb7a70d8af1f
955 fea53ff15f478b92
956 1259f946502773c5
957 33fc8878cfd343a8
958 3bdeb3e294ce0903
959 05c9edcfb4ef8636
960 731a2fdb60696211
961 3bbe17350a0cedb4
962 11e40874b19081bf
963 91a46f5a498aafb2
964 ffc8ff7d083e8b65
965 f0d59d80b407ad48
966 56eac7285f8f7ca3
967 b8ce7d5ed067205e
968 a4c192bb384a5131
969 d38e6429112799d4
970 97010dc36395855f
971 37e7586763fd25d2
972 b920238bdd6bfe05
973 c0717c8a4fcfa3e8
974 9a714bc266cb5133
975 0ab2c60d5e8f66a6
976 02df7ca375db11e9
977 eb11c7dc2380994c
978 146bc765a1d271b7
979 9a30d4cfac594d0a
980 0b94542f6a8c12f5
981 fb56669932c1a688
982 29212db93fb1d6e3
983 8930915add1fc196
984 ea28dc82a00eea89
985 2fb758fdd7cd926c
986 f516e0bfbca7d0ff
987 f0c1d310565b08f2
988 019c8314ddced8a5
989 04571f06d597f688
990 8ba318bbb25566e3
991 969bbd96490bd196
992 f1a6b258a65b15e9
993 68b877e68d20dd4c
994 ccc5570e647575b7
995 0759fbd83bbd6faa
996 5560b0485c81381d
997 99cd115b5c26ffe0
998 587f1d5280f9f4bb
999 648336a1c5ab080e
1000 5400aa1f4ee6d59a
1001 12f9c93dce909367
1002 120a6dd99198a654
1003 59fdd085eb23d069
1004 2e76a004e32dffa6
1005 f740881061f883e3
1006 c306374becb2c698
1007 ab97af61374f731d
1008 1903b83140d78d1a
1009 4b5a0b1307009c37
1010 1ab848995689926c
1011 632eceee83580d21
1012 7bd04107eae6adbe
1013 546355e6f6b19ffb
1014 7286ad8a7b110540
1015 092e8955d8f275c5
1016 53189db40f84e09a
1017 f276a1bf602bdfb7
1018 f3781faf04e149ec
1019 61d35e5da0a448a1
1020 029aaa45be598b5e
1021 d74f420ea4ce2e1b
1022 5fed4b54d1d278e0
1023 7320c8b2b577076d
1024 de38a3538fa50d6a
1025 29ffdcba300743c7
1026 95caa7faaf3fc07c
1027 da562b7edf4fcf79
1028 0d95c7060c59d3f6
1029 ec98c218c94906b3
1030 248c1768fc5fade8
1031 deae3caade657ced
1032 9d5465e2bf0de89a
1033 48a4b982e2e727b7
1034 2221b834b0a5d1ec
1035 eb8e3f1f8177f0a1
1036 a30af2518a1a8b3e
1037 1fa49fccc455f37b
1038 08c660cfe46d70c0
1039 cf916edb5628cb45
1040 7f013fa2dd155292
1041 fd93c29fa4144517
1042 439e75fd79b100cc
1043 7ab5df7822c98a01
1044 7490ad3be5abe826
1045 f9ae35d2e02d8a63
1046 6ed79a53c0a36988
1047 a22b2879c598d40d
1048 8eb08ebc6baecfc2
1049 6a603c00f611995f
1050 ab83dd3f68740854
1051 2420e23433033071
1052 6aa9e6ad5f4a3cce
1053 bbfc04482bc5950b
1054 a22c188bcc6ae550
1055 eff87b4bc8a68365
1056 4f04105668d91f32
1057 e18e0752e7c32c0f
1058 ceeb6f85ae9e9b9c
1059 f1e3df65aeee54d1
1060 62f7c285d39ab76e
1061 e33707581999be27
1062 309548a038ceeb10
1063 28d136c8f7e010c9
1064 eafbc8261b485402
1065 fca4f93793affa6b
1066 847f616c73457214
1067 329e07a55d58746d
1068 e26c5279a49901c6
1069 5ec4c5ae50cbaf3f
1070 9f02289098187788
1071 2770de125a3d4121
1072 2315e8002c7a8f5a
1073 655642cf98767f73
1074 c6d43e6bb8e86ebc
1075 73df7e9e6f33d04d
1076 98a111d91f826826
1077 35437a603a57e28f
1078 1464475a73a5e318
1079 7cc3fd4996302351
1080 8f336cc1113d04fa
1081 fb67ca647bfb306b
1082 6d84535afa0a1114
1083 f5499ef3baa3e56d
1084 81c419a771a646c6
1085 37291e5a155cb92f
1086 9786b05ac4d0de70
1087 afcc1a8134a99729
1088 c4e98931de513152
1089 6290ff00d2ba404b
1090 b10d616206e2aff4
1091 c67103a31235a8cd
1092 612c0c9d04ec72a6
1093 28cdb6c0492e9d0f
1094 4e34b42efa141998
1095 f486d1593e968771
1096 1a6acf5c2946edba
1097 db78ff4a243fb1d3
1098 68da59dd6d62bd9c
1099 659b93aa7b5afb7d
1100 32c201ab113de2ce
1101 aa8e82731ab975f7
1102 d92d0a6a09f5ebe0
1103 6b9c4bf57a414b59
1104 de5ac4ab01691682
1105 b0da905828d25a7b
1106 2a114cbbd6b125a4
1107 40c341b9579ffc35
1108 b6fda22fbe0f358e
1109 3a4c03911e54adb7
1110 64de6b35712956a0
1111 0782db7a54efa6c9
1112 dd72e2165741f0a2
1113 3cbcb2d5bd125bdb
1114 f5ee1df0a13f4f34
1115 d072b826ed14c40d
1116 ed60aa706417a7e6
1117 0e7bf52702da8e5f
1118 1ee70b0c5354ad28
1119 e990e71835df62c1
1120 945a46e2328f36e9
1121 0068a9d6b494d77c
1122 255b098b406991ef
1123 92781d4f8ed92be6
1124 05687cadbc59d015
1125 bdf923360f9006e4
1126 24db0c9699db9303
1127 e0cb262ae2d04832
1128 508122cd4c0cded9
1129 f17c8cfea83d50d8
1130 51b6ec304d346ec7
1131 4df7f755bc5e7c56
1132 b1588ce0274cd8c5
1133 47fc8f74df151694
1134 04506c9cb64e43f3
1135 3b6bbde07dc175da
1136 6d19c8ea421ba4a9
1137 0188a0b358cbb938
1138 2858ffec28973027
1139 4e013fa5dcdd8936
1140 d68fdb28a247a7e4
1141 e9727da9413b15c2
1142 f6ffd92a2bb053ed
1143 a786d4582bfbe9b0
1144 9e84d1e41bebad3b
1145 3ec28d9129c6be66
1146 b2d3bdfceb8f6189
1147 a4c98c2ee821adc4
1148 45c156b226d7d8ff
1149 541bd2ce068178ea
1150 31bd2e05a4fa7d7d
1151 fa067a73b9b504d0
1152 683336e8b1cd724b
1153 776c2769f14e44ae
1154 a1e3c9ed28015111
1155 dc42068d11a7eb84
1156 0b8809d5944c52bf
1157 d54d9ae8fe4f03ba
1158 9f7514ff8bc4674d
1159 b80cd71e657cbc40
1160 f911b64d2017f5cb
1161 88d367e5b4d72cb6
1162 75f4e31c6dbaba59
1163 cd0ea2117eacd38c
1164 43a23abec43fbca7
1165 ca9582330cfa1ca2
1166 80eb3ceb6a3343f5
1167 c89ad3c87b6eb2e8
1168 15454a3b4c512d53
1169 b6f7cf12873669fe
1170 210736b5eb2f4d59
1171 b3c57148504d6fec
1172 a3144a029b17b607
1173 6c5d6c9ffd865e02
1174 f8e6343f27c72d55
1175 65f391e4f41312c8
1176 7d22b2384331ca03
1177 d1b51bc635abd0e6
1178 4508aa3cdba63009
1179 401144b617a1051c
1180 cabfd2c99ea60077
1181 68ea44fc7aa805f2
1182 87440b6d582ebf45
1183 f172fb5ff93d55b8
1184 3b3879ee79fb81fb
1185 fa26db0c498d8726
1186 33121ea25b1da749
1187 6da9389d81e0095c
1188 b4b30110792a05b7
1189 c378bed4c4a97f22
1190 c1dee3c4de8aa175
1191 e439dcf1bb061470
1192 0ea095b53a31765b
1193 a1ee4d5742b2b986
1194 ec57cf9d6cfd21a9
1195 1a1a0aa27b36878c
1196 3175d542a21097a7
1197 e6b926b9e6f121a2
1198 e026f795b44029e5
1199 679e0adc9cf77498
1200 c98f66d109ef9083
1201 77f4d6f1c547d856
1202 f17e6bfc034dc679
1203 eb664190e63f548c
1204 369ae486a69c75a7
1205 95ab1603467d21a2
1206 3179cf8bb02fe0f5
1207 6b0a772658f71678
1208 62499e0f671d5113
1209 fbaa9b359480d6be
1210 a31842d549620a21
1211 254187caef160bd4
1212 1c12e207aa026cf7
1213 8697382f0c0bf182
1214 7ed87d42453110d5
1215 4d6a3b736d92a048
1216 e090a2b1b45dbfb3
1217 7218be6864f623de
1218 838867f52398f6c1
1219 44ee80fb0da176bc
1220 9e18b911aeb1f697
1221 e0f8e1ccba435992
1222 626a2c3452494265
1223 7cf286efa23b8118
1224 0e72aa91a4b56a53
1225 5ffadef748e31d86
1226 465b99ddd8479da1
1227 3646a1c10ebcbe54
1228 727f34bc7fc1e24f
1229 db1c63deb0ebbaca
1230 b0605a4d8dfeeadd
1231 37e6ecb1551cd898
1232 9005589a9ef41283
1233 e1fd80a018b771fe
1234 e38e722c26ec5f61
1235 c02ccdf64d9a7614
1236 f9f5a0f6e4a4c90f
1237 0f277a45ae716bfa
1238 ee9d235419fb778d
1239 2321177247833d60
1240 397a7979cf7a6ecb
1241 bafa17fd029cc5b6
1242 eddced8802d40359
1243 366a69f2195c03ec
1244 f2c678e92211ca07
1245 fdebea3f73481202
1246 d8eabf727090ab55
1247 a704dcc9ca9ce038
1248 b4b6bc4e899603a3
1249 122bc999c78e6a0e
1250 5fca0121d6aacd71
1251 7f800e0190bd43e4
1252 0766844402cea19f
1253 a72431deece582c2
1254 4f0a8b60e233a8cd
1255 0862be827318bfa0
1256 4b386420363f8fab
1257 481ef2e534c01396
1258 b5306c8a2650bcb9
1259 a81ba59d7f768b54
1260 904d21e50257db4f
1261 2ea56c743d24feca
1262 d9e1d0aca98deddd
1263 6b8c6fbe201a3d30
1264 c19c54183f5180ab
1265 b70af11e30c33496
1266 2288b70059c2c9b9
1267 1be01b01122a48cc
1268 5059f2dff4b3955f
1269 e74d3d11af5625da
1270 e435bce270e89fed
1271 5a8b938aca29ca40
1272 8835ce70d5c0642b
1273 04850966a1664216
1274 c4db8a8a18a1f639
1275 5b799b630f0cc124
1276 107cdd48770387df
1277 93e4d7d98f656592
1278 c627abdcf77c8c65
1279 60f71a352729bd18
1280 e4bc2052676fd703
1281 411dfd73543214ee
1282 7ced4c7792359ce1
1283 1e78df2a11aaa5d4
1284 e881152e1b4de3cf
1285 84889e3fcf7d8a4a
1286 e5fa97c51447455d
1287 640182afce167ab0
1288 6d515fa28b3ce79b
1289 b67112ee371c29d6
1290 31eac83e04c88ff9
1291 423b230046e46e0c
1292 7fcace36c36b7727
1293 6afc5c4f168a4322
1294 eee2b22819397975
1295 f5802439be007cf8
1296 f0a2665d1a45dedb
1297 ce0f6336eaff0706
1298 fb028e22a6546929
1299 de2b9764407259bc
1300 6c12beb5004d4397
1301 36c887c7a99680da
1302 c99e24b12a128fed
1303 9e0bbecbc34699a8
1304 8db64c89ab507f23
1305 2684efd38f30b58e
1306 8733150a636a6df1
1307 1a88a2139e778594
1308 b20fc8e9ad6d378f
1309 102a0ba94b8e390a
1310 a19cfe661b28a955
1311 769f51f4b2c50cc8
1312 a57d13df1e389b33
1313 885efba2a5583aae
1314 23f41dbfb6dbb711
1315 a124e45cceb72184
1316 ef39d099c52f18bf
1317 dcd395e6aac2606a
1318 fedba0d63a4b6cfd
1319 13ed3f6aa3b97f10
1320 a1178192cf8602fb
1321 9d51b7756fd68826
1322 6c3327c4d0c8d649
1323 b4f86d02d15bca5c
1324 f2554730d90653b7
1325 8d0a42e153c5d1fa
1326 fd02cafb68caff8d
1327 b5f34087c2040560
1328 8d041e8dcc6258db
1329 e619983c5b425106
1330 7a28b710802feb29
1331 6dda3e882cc34494
1332 1a167a6f054b7a8f
1333 3cfdba7453987a0a
1334 fb0e2cfc30e3121d
1335 c2888e3261ac5770
1336 8f3589b75bb8adfb
1337 f3644efde72d2ec6
1338 f97e6e0bca4503f1
1339 1684a9d514e6ab64
1340 9f6f7340c7c5131f
1341 fb1a99084ab4429a
1342 ab69811355fa56ad
1343 c5c46e6fc702ef00
1344 75f4aea4bdfe7efb
1345 baf9b911b059a426
1346 4d0bb63de91d2849
1347 7e794092089ee65c
1348 0db84340b824bab7
1349 e44936f6ce6e1e32
1350 1cf1bdcd38da9a85
1351 8b80c410ef73deb8
1352 4f9724d30d15e65b
1353 efceeb518aaa2986
1354 5bc0842a3cfa91a9
1355 fdc72905943a6354
1356 7ea89048dabbe04f
1357 d171920ab201a8ca
1358 9ac9a4d358c848dd
1359 dc44716b73ba7a28
1360 f4d033454fef8e93
1361 80f5c59b5d1a1dfe
1362 f74e09c741afaa61
1363 2fa63813ec410c14
1364 b6e6082d991fea0f
1365 4f4244f371aacb8a
1366 b277499adbfc280d
1367 3a3852051901f5b0
1368 e4febf09fd7459fb
1369 0db59a92d035c926
1370 e555ebb193721f49
1371 697ccdfdaee1015c
1372 2fed56efe562deb7
1373 1764e3c19b9f5fe2
1374 4f9bf0f824fa0635
1375 44e335a5d73e1828
1376 7943639ca95c9d93
1377 0ab10b490ff7ab3e
1378 6f6586a2089caea1
1379 4931b044e9418c7c
1380 48e68dbba527ff4f
1381 4f03234f01c7d2ca
1382 e380dda7befde1dd
1383 323c8f5b940d2130
1384 1039815e32146e1b
1385 7a244d568200c9d6
1386 26a30ab409d751f9
1387 3ebc1961eb2abf84
1388 531f92d5e4a474bf
1389 8b63dbfd5c8d2cba
1390 2d7993c7a58ffb4d
1391 7a27ecf35fffae90
1392 e141df61b4bc7a0b
1393 10b92df181eba9f6
1394 c41d10bea76724e1
1395 8ccb71e3efb65a94
1396 8de107f9215c518f
1397 9412295abea5f44a
1398 a194ba6500ff0c5d
1399 712c9c783eb109b0
1400 353516153fb4cd3b
1401 31bd7cb41252d896
1402 b1d9cc9504a82ab9
1403 766a8726fec3f774
1404 9cdc58e1969455ef
1405 323cecdd563a66ea
1406 a4250cf7a4fa7d7d
1407 040eb35aff2d64d0
1408 d880b24323dd174b
1409 25c1dfa44381a72e
1410 14cb8e783d9dea91
1411 315ed42d98148804
1412 b158713f61a5ab3f
1413 e5bf27446409ff3a
1414 700ce36afab1b6cd
1415 0f502951f8f48cd0
1416 99a9f53665be5cbb
1417 274d2c2c7e53cbe6
1418 e31cb3dadc295309
1419 012b48fdfb8ed01c
1420 89e2a02fd2217377
1421 65f45754173b30f2
1422 fc9262a1d79f32cd
1423 64aa720e053f99a0
1424 d1a235be1e42271b
1425 af034c198a5a81b6
1426 d0aa409f7cc84d59
1427 18ab9cd7784770ec
1428 2994a373b5641607
1429 853def54fa570102
1430 d45b4a334be44755
1431 9484ee1b8a430150
1432 6a69b81cc57c0cdb
1433 333391e16de66606
1434 7fbed8d5e975e029
1435 ded37cb23390a0bc
1436 a30b622d31ed31ff
1437 8336882d033ed642
1438 26b5fa7962a34595
1439 2340bc8e30261608
1440 97000e0782640973
1441 474b4252de75479e
1442 675d79c7c9432081
1443 db961d06742631bc
1444 f4f81fd490367697
1445 44cdc6cc87ed0092
1446 9f37a1ed4bd6fb65
1447 13cf918aa19d2018
1448 11d64d301053da53
1449 f79654fe4c57a6fe
1450 c7abfd0107f10cd1
1451 5d7a668c79134744
1452 72c258b0d339af7f
1453 57dde47cc9ac4a7a
1454 72c3afeba2248d0d
1455 a8f8b89b13707df8
1456 b458536ab8864c63
1457 3d3a1431790211ce
1458 8dd2822d14136131
1459 da8240a532735ba4
1460 fbc6f612f710de5f
1461 7f7fdbb9dd19491a
1462 8a795b5077b8672d
1463 69de8a1cae772180
1464 639ff174ece4f7f3
1465 44c39e1afeeed91e
1466 e86bdfaaf387c201
1467 66738d202e36a5a4
1468 450d296b885a305f
1469 4bbbced7a434c4da
1470 8a2d56b648b252ed
1471 fed9042930fc83b8
1472 099ffb5de261eb23
1473 b9baf74192e3d67e
1474 93669dfdefa87fe1
1475 683206ea7dd5df94
1476 f7ebd047f9c12f8f
1477 291c00258a73710a
1478 0fbddddda6a426a5
1479 bc69f88e651efb80
1480 6e414f4ef550ff0b
1481 bf45ebbd98fbf1f6
1482 ec3a06b787be4f99
1483 cbdd386f9969512c
1484 f2e9206c4eae6b47
1485 25da2919ae4632e2
1486 99d5a0bfdedd8435
1487 f42b961e9877c428
1488 78253c459292f093
1489 2dce4db072ad623e
1490 db6f59b4878ec1a1
1491 507c84e26ebbaa84
1492 23aac14b68a9c8bf
1493 9eb49f3792c328ba
1494 f71b6dbfe0dd3d4d
1495 70e5fcd6b4888a20
1496 847077608846d18b
1497 4715440b7a6eefb6
1498 dae9d6eec0c59159
1499 6868c6a8f464604c
1500 6c038ecc12081167
1501 3fca64d18b027b62
1502 053a46d745c2b5b5
1503 344c579355561410
1504 178a0ed4cdba4a8b
1505 13cb9ff90e8d7e76
1506 5b40375fa9b9aa91
1507 b15b5add2924be04
1508 d214c23a2af3813f
1509 30935aa661b15ff2
1510 0e09ecd46593ce45
1511 ddb8d5d26d467278
1512 57f9a48090629ab3
1513 369e85d665ee09de
1514 babe3f0991ead4c1
1515 01f1732530506e54
1516 0855766ed09ddb4f
1517 90df5c19f82edfca
1518 c025b257c07777dd
1519 98cad30d3c2e1d30
1520 5b487bb9545a3363
1521 e44ad22f046034ce
1522 1224c9dfdaad0831
1523 5c9fe88c120844a4
1524 e7c7c34beabd755f
1525 b1a3e6b5f90830da
1526 a234e2e270e89fed
1527 c9ff4650276cb928
1528 30f9c64094dd59e3
1529 60c9017f6dde614e
1530 ce437e3c61b39ab1
1531 89bd2d630f0cc124
1532 6a9806ded2e4a7df
1533 f43ec28198b14592
1534 e8932a1764af3375
1535 467450cf406b0168
1536 96ae1ad4a94a89d3
1537 e9dd36289e38407e
1538 ace20a5659f37ce1
1539 95aee80201595cd4
1540 5451e39f503236cf
1541 b8000e36a40e8a4a
1542 801dc75d366eaf5d
1543 c7598cb8149b5ab0
1544 f439938cdabc479b
1545 c6f50097a08c3fd6
1546 25482a3e04c88ff9
1547 916c138bec2f4e0c
1548 e606d5c0f45d5b2f
1549 ebface0a37549a2a
1550 ceefa1a8d995a7bd
1551 cc2d5f80d26a9a60
1552 152d05299dbc3bdb
1553 6e91c456e6451906
1554 21bf1deaba7f2b29
1555 871c83979a186404
1556 c63d2bea1201193f
1557 1dbc6f0afb89b062
1558 05b4f7e261ea7cb5
1559 501759558b770ca8
1560 1c455a0cf4922123
1561 6bdd0dd38f30b58e
1562 bcc4331e54d004a9
1563 0256746a44d839ec
1564 925a2876d52d7807
1565 9aa76b59dbb47802
1566 e7bfec661b28a955
1567 dfa6b91c4d4192c8
1568 62d6521a0ce88433
1569 ad56a5a8016e0a5e
1570 159e8cef4261af41
1571 0123bdb3ea8ccef4
1572 68e0e22bacb7c56f
1573 36e6689e421eca6a
1574 80cc0ba31df8ccfd
1575 cdf92a173f3abe10
1576 fb8f5644bd2902fb
1577 0d7675d66c58c226
1578 10356abe8bfd3c49
1579 296976e5c66e6a5c
1580 596cb11366753eb7
1581 a45e63e153c5d1fa
1582 dbeb683f135c0e8d
1583 4927d5aafc264840
1584 514930e7610e503b
1585 c899d9a7b923bd66
1586 13b21bb512860c89
1587 9261c68657691814
1588 d10b9985f53ad90f
1589 e3a0c68e08a9848a
1590 1fae310b4dc6a015
1591 2ed400c538b26488
1592 6e3e67b64bc89d83
1593 830d3800f1d82c7e
1594 74c13ad7eddc88e1
1595 0ccbfa7e71607e94
1596 38ff740feb86758f
1597 c5ad123e2a3df70a
1598 306f87ad701abf1d
1599 b56b4e5d617d6070
1600 7ddedc82519340eb
1601 66ccda230a268dd6
1602 2b0c5905efa2fff9
1603 bb868b62bcdfc65c
1604 b42deb06b2f9d38f
1605 9b9d1aa16b45970a
1606 29e5cb8ef661ba1d
1607 52d695b36c37e770
1608 2d1949a6e999f75b
1609 9ce55301dbfc3b1e
1610 2c12ad7e7f0ad601
1611 0c7be646360cb6ac
1612 c818b3bfeaf9f8c7
1613 6d77656ffa9c27c2
1614 358eb7795f24b515
1615 e941d7dec97f3a10
1616 65a3e67afdddef8b
1617 79e5708c74e7a776
1618 cced6eed0f8c16c9
1619 20d694bd6d3b40dc
1620 fd7bc01de5e92f37
1621 4ecb6b3aa70b00b2
1622 f84937616e228f05
1623 c969f3bddaa24b38
1624 f13113c592db3793
1625 15471bffdfaac43e
1626 333aff975ee886a1
1627 bf923b5927756754
1628 1bc23f4bcfb8574f
1629 5fe4ff92047d2bca
1630 9f63e5d4519603dd
1631 e38b1a0ca87b9930
1632 75e60f4bdd793123
1633 615d77fbd1bc93d6
1634 9ce90ba9dc435df9
1635 95b0d622cdb9c20c
1636 15df9e1a0c2dd027
1637 650d968a99aae622
1638 ee3250d2c7a33475
1639 4c844a304ccecbf0
1640 6591489f866963db
1641 d27bfc6f19db7806
1642 182f98811314bf29
1643 e6746b1163fa2abc
1644 ab7be12dc4120197
1645 cc0212e0d096bce2
1646 24be4c4a2e64582d
1647 e5d9a04e8e95b680
1648 35766c440288497b
1649 344ecb7ce0b8f2a6
1650 5c3b856de521dcc9
1651 24e27badc454eeac
1652 cf482369826f50c7
1653 a6875ef7c16a87d2
1654 7939b774954452a5
1655 8e0e2bd627df7158
1656 5e6dcca7dacabeb3
1657 aac7bdc23ab33896
1658 6d77d8af9df4adb9
1659 ec95ebbc866cfccc
1660 11be0ca8ab0e8fe7
1661 22d1e12dca598fe2
1662 f61b940376557635
1663 27ea864b6c851e18
1664 89f2d2f4d9cf3303
1665 283838594a46b6ee
1666 2d563e45ab39a951
1667 1ff13d8b954a98e4
1668 d2ebf66a0a613c9f
1669 e2e502f11194882a
1670 644bd1a911a45dbd
1671 f1a96a52326f1710
1672 a7725fb6ed971bfb
1673 5c2213fd7041c926
1674 84d7fc5b2c453ad1
1675 22b2e3d769f40004
1676 845515faf1900b3f
1677 43d7c5fdf1c26a3a
1678 b35f36b897fc11cd
1679 61dba0f8e59cf9a0
1680 f170da47f5ae071b
1681 8a7f62baa969a75e
1682 4a67bc4c257d8841
1683 15722de5b0791bf4
1684 434daf71c3d7c26f
1685 1becb61e2dc5f76a
1686 3d32a1fe0c2235fd
1687 35af43ff603ed1a8
1688 6e08e100b5a98dab
1689 5698c32dcc4dd196
1690 d543f785e7d93ab9
1691 51c950e828ce62cc
1692 d451326ece49dfe7
1693 f930374783bb1f42
1694 f067baa4ce773095
1695 59b22bcee505f060
1696 c4089962a8a1acdb
1697 ea43405a36c59506
1698 5882711b77c2af29
1699 bc4310909ab0b7bc
1700 33075aef78fa0997
1701 76fd44cc87ed0092
1702 0f45772cc7bac675
1703 89fe07c438062468
1704 80e28af7f9091683
1705 3e76d9b9c1c4b66e
1706 ad872f0107f10cd1
1707 e83f458e4696e744
1708 e49a5ead071cfe7f
1709 614b30d3fcdf407a
1710 545ef0dcf198b00d
1711 ba97e83bd9cf7df8
1712 091dcc71c2066e63
1713 0bcda9f1580bb1ce
1714 64fea6fa52de4131
1715 377a30a7e8a4cda4
1716 c47e2554a4b95cd7
1717 41b5b58f3d133312
1718 79cae07b285281e5
1719 4c6d05e398306c98
1720 9eeec9125cffa4f3
1721 a00a8c1afeeed91e
1722 2deff14668e06c01
1723 1021334cd0c3325c
1724 9294cef30c9ec5b7
1725 1baea8d99ef4c332
1726 48d772b0992df585
1727 7506fb63b8b975b8
1728 a83dce3109078d23
1729 bbaad64541af367e
1730 3123eea153951269
1731 b138e0468b31e4fc
1732 04cf4cee147859d7
1733 aa5e7354cd09aed2
1734 2af46d563f819da5
1735 d4b9eb258845a880
1736 8397474ef550ff0b
1737 8d09c6e42a64c906
1738 a715b04201334329
1739 ebe072e48de8ebbc
1740 d2117d6a8a1d3d97
1741 97d44919ae4632e2
1742 dbd50b353599ad35
1743 df10ccdfe4a44b28
1744 ea78d43739c58a93
1745 2956b3ca1c47df3e
1746 9b2f7283d42dc1a1
1747 a95dc326fbce8a84
1748 bf69d549fff7fdbf
1749 cb209847920f82ba
1750 5e7746e77e7d6a4d
1751 0c89a61cf582d3c0
1752 fed42ea89e0154eb
1753 403803c50c929216
1754 0cc5c70661be8639
1755 75c7192fb6d65b4c
1756 fc5722cc12081167
1757 d3856f2739b49b62
1758 80a9861ae7bcb7fd
1759 21bec4d11084f858
1760 6e6679f2ccad0743
1761 169c7087c118b32e
1762 c07bd1955f87f991
1763 90906c510a4f9e04
1764 4a3f59daa218723f
1765 d027f8bbdeeab672
1766 ff70fdf6490bfcc5
1767 d3ae5da490c3b4f8
1768 4a524438c3bac933
1769 6f218209f2aba95e
1770 27038a7bd57c4d41
1771 85a4c47e4c8219a4
1772 f423fc252c23cb87
1773 dabe8b475e9c8382
1774 ad34b726b67cd2d5
1775 8b95036d84ae7248
1776 9083c8a810c981b3
1777 622b02caf8e095de
1778 85279ef5c964f0c1
1779 6f9fd6dfbeb5ea9c
1780 b4dd0b47ade453f7
1781 f05f51e3aa42751d
1782 79276bcebf6e1572
1783 721c5718b90943cb
1784 ce5a9fa62cc497b4
1785 20f9a6b335f60165
1786 05d3cc62cbf32a06
1787 1e152b34086c0e97
1788 ae14528cf592e5e0
1789 ee3c28f57cde1c21
1790 4f11a43cc06d5a82
1791 5c9642437e68aa9b
1792 e420853796420f14
1793 19984411e7c0b70d
1794 d8551c43e69fc35e
1795 76e45efbfb5c3da7
1796 eadcc4d640522870
1797 81b2a49cd70cda31
1798 50e40eecc232f9d2
1799 0e10f7b8a029e4ab
1800 ed8316abcb18754c
1801 cbd306207553c1f8
1802 587466baffe2a9f5
1803 acd37baa9c1fdfc8
1804 3188da046bcf9fcb
1805 317721a9d60fbb76
1806 8e5bbaa2b550a191
1807 30dc9e1a34508094
1808 9462a1d5f5bc4d57
1809 fbf3a9fe3c99e3b2
1810 31eebfb521beecdd
1811 0aa01d7423431d50
1812 770e8c773f5476d3
1813 ef03a4f8d535f7be
1814 e3323fd0c846f941
1815 696bf34d77ad2e8c
1816 207408c775e02a8f
1817 2c4a83178c99038a
1818 f96a87ad5adecd75
1819 432b2ba904913860
1820 fd69d36c27f3a623
1821 c4c48421128f3a9e
1822 d2d00cb195203959
1823 469e5cbb3bd21994
1824 87463a15b6297a57
1825 08fcf7f35f042db2
1826 8db7b146f0300cdd
1827 d97e9e7ded8a31e8
1828 e68e84242cd9b8eb
1829 dd7628a9378211e6
1830 75e9f9da56d11f73
1831 0978ede47efb592a
1832 d49912747ebf7145
1833 598adb4b8a24cde4
1834 17a0de483528a2ef
1835 657c63f545f78f9e
1836 54fb1f9e88d41879
1837 012806a572d80538
1838 845c56734a990003
1839 74f52c99cca4e3fa
1840 7c791a039836b0a5
1841 faf559444c499af4
1842 abc5563e4e055c47
1843 79bc0b8133a5358e
1844 fde3e8c4795fbe69
1845 9e3c0339b1d1c468
1846 1e5ac22afe284af3
1847 5ce0597ea236ff3a
1848 d39b3510afd49e15
1849 0d2cd64d579ce574
1850 26ddced4ab97f87e
1851 1b8f805a945479d3
1852 b2bf6fd2233e1ea8
1853 2dfc399a864e5c55
1854 791f9a0bfaeb54c6
1855 3fe90d4243f93077
1856 228a0acc02f602cf
1857 57d27d2879d7cef0
1858 c662cbc2d5a772f2
1859 3b7a8d3965e5c9f5
1860 128f3dfd115b9bb5
1861 bdfcd7f7b5cd3810
1862 841a9334f47fa01a
1863 cf2f93479884608f
1864 a969bcac112c61e7
1865 99e0ae72fab41049
1866 fb7ad6d02252e0fc
1867 969390612d42f2fc
1868 4ae4c7cfd76f01b2
1869 22947e620cba20df
1870 98db1c8638ec33e8
1871 01b73a1a8a06d8f0
1872 b7ac046e44369482
1873 534f3f60aa492174
1874 c18b91b59f40993f
1875 f865b9a9a682da30
1876 b4e8a4b07eed79f4
1877 ff612944849afc27
1878 b0c7f63896539429
1879 bcc9978e69cbd7a0
1880 06436cd3f7fb171b
1881 caa55d705cf8b444
1882 6b9518a371fb8958
1883 603b14fc6e043da3
1884 a4b1a9f58386d46c
1885 2f2af7c8881904c3
1886 e7bd61ab683e4c91
1887 1a702787598f95b6
1888 c1ec082a15c91990
1889 27bee3e6de7d9bf6
1890 1faa779ccd89fba2
1891 0aac952201ca1766
1892 8d3ea3f54e4085f7
1893 ad6cfa87eb90edbc
1894 dbda642a5ad1ce15
1895 ac75e64442bf7a41
1896 5c032851e9674852
1897 a337cde787735c6c
1898 f23295976fbed312
1899 7ebf2bc4929dd1f0
1900 3bdb4f0e6813ce58
1901 b00a32f5c4460934
1902 5fff21483c3460f9
1903 c21304a8f0a15ac1
1904 c15f25fe91d7548e
1905 667515513dee3d3b
1906 b0f33926c2c83fc0
1907 c285ee0f2736f56a
1908 157a1f60a186bfc9
1909 8c257cf55216b45c
1910 7fcf39f616cd1853
1911 3e971c3b6137f8fe
1912 18d41ad9d5ec070d
1913 f8182933b41349d0
1914 f03543f80955d977
1915 c084a27d685bd0b2
1916 b42e9f1dc248f111
1917 527f26da80049dc8
1918 2a2b4b75225149d7
1919 917addbe31e83862
1920 3d9efe38f9bea2e1
1921 3026f6ea14762ed4
1922 d8a43aba6e778563
1923 11850f49a6ba693e
1924 e387e9f761da8e0d
1925 2b806042ca6b8cf0
1926 9b3404a69f77d03f
1927 a88808d3c2c997ea
1928 c91382c83b058229
1929 4a8ab9c62061f13c
1930 e21b8f133677088b
1931 72a896b97b144b46
1932 098c489277007d35
1933 fa40125be9a4d1f8
1934 1653f51d2a560aa7
1935 d93a670d321fc5b2
1936 d41da63968ca2371
1937 d7fc639e64e772a4
1938 4c828653d7c73a33
1939 9649cdd44a7a1d4e
1940 74da64e259f8ec9d
1941 426046822d41cec0
1942 0f69ff93d24d1a8f
1943 6bb6e34c77ac35ba
1944 bdd2524ecd95c739
1945 7524a2932c74b50c
1946 f0b46efeb511d71b
1947 66a350a0272bf816
1948 1825488f3eb69c05
1949 e3fe8fe5a6e4d648
1950 fa9060f87d0841b7
1951 ff0e944000bbc742
1952 1136d1888921a541
1953 db05dda9ba565cb4
1954 b5a775be2e45d543
1955 f8cdff77790d271e
1956 eaa25cc5d9f8fded
1957 9aa2aa14c15c12d0
1958 fdc90668e059f01f
1959 a26215be4b2e274a
1960 326fabc37e732189
1961 954939f5ec21c29c
1962 8459603cf0623beb
1963 d61ccf64fc285226
1964 31e2b87613585c95
1965 6d465a495d47dad8
1966 3ab596ce30ca9c07
1967 c93a483f1c5ae292
1968 93ab0b728b561551
1969 2b006c736f1e4604
1970 75baea116445c993
1971 c5ed57643ddd0bae
1972 67f742866cd123fd
1973 59667d63d474b720
1974 e62f66a7bf15d96f
1975 55145915e41ae19a
1976 31a213b3a1e78899
1977 5bab73467e9a88ec
1978 6375ec3dbceb6f7b
1979 16ac6e095de1d9f6
1980 b85c8307c72d78e5
1981 f9303ae56508e728
1982 846d935d4eec8117
1983 de80a1da1c947ba2
1984 0188b005948f2221
1985 0113d64023899114
1986 dfcf02588d507ba3
1987 c2e2e24f55a5317e
1988 cfd5d04cfbf9964d
1989 9cb3150288283d30
1990 56fb1762dcb6097f
1991 47fa6388b463ce2a
1992 f97e85982ebda669
1993 370d4fc0257a0a7c
1994 118aec4257f174cb
1995 4fd234ed96ce0986
1996 83f279c0eab58b75
1997 c9b9d371b2072f38
1998 5aa9d187ae97a8e7
1999 d3fcc16f78873af2
2000 9c9058800561deb1
2001 42f94cdfe76f88e4
2002 10a048524fd5e573
2003 98e915289958888e
2004 e8971d61c757f8dd
2005 c9c76e27e2950f00
2006 48046291b2b75ccf
2007 31837abfa4664afa
2008 f02783af4f022379
2009 dcee8d5fb557264c
2010 f86b0bf19d93cd5b
2011 ff5a2047bac9a956
2012 8f7f1ab80e532745
2013 f21f18d2051db288
2014 4759ef16f6f8e3f7
2015 5d705bc5d554df82
2016 88d1d4562e13ec81
2017 0b83bac59414d5f4
2018 a4508321faf62783
2019 cf71bd4e9099395e
2020 cbcae70977050b2d
2021 4111d1c735707210
2022 8f0c80900df9125f
2023 a3c738b608a7258a
2024 a38a05754d0fd8c9
2025 481a37d5c2da67dc
2026 14a1b60c7806122b
2027 978a48a3f53a8066
2028 54833fdfaa4db8d5
2029 a4a1742e33a42118
2030 41292ff5d5ac0447
2031 57db12e071aad0d2
2032 14fbcd1d9a4d1791
2033 10ebb6af1f123544
2034 08713c67df0f89d3
2035 8e940734f60d90ee
2036 93128a88ce12a43d
2037 6aa82ac4fadd9560
2038 e0f9c2be249cf6af
2039 2375d728cdec9dda
2040 f59158ec531814d9
2041 b250bab6095a0c2c
2042 9c2eb909247223bb
2043 a7f198ab9ecd8336
2044 545875f613dc0125
2045 8a74d5db8d953a43
2046 b3435eccf7c4259f
2047 f7509d148e08086c
2048 6af7686b75dd543c
2049 a6317fe9bc3b8edc
2050 f4ebaf81b1f3cc8a
2051 ef4e4666ebed05a9
2052 8dd541ee11ad8863
2053 122fe9df95a91cd9
2054 6248c7840f02fe55
2055 d659fb327ad36dd6
2056 53a84f0901649e32
2057 fbe22d99c64578ba
2058 aed6274933ee2380
2059 99d2dffd1a32bc83
2060 1dbbb4b55afba749
2061 99a7cc146b1d5aa7
2062 437bf0a3cfbcb670
2063 0590d6fb3cdd749c
2064 4632fd131a78980d
2065 61af26656add2e83
2066 e74e721710612f20
2067 f5c78064692b3040
2068 96ec181c8e44351e
2069 fbb6e0e1d5b22006
2070 75d34eea324a6f89
2071 eb91869bdfb207f7
2072 facd98a5f88d7218
2073 c384559d14e03d00
2074 5c11b3e8c01bbf25
2075 293092a9fd506f4b
2076 ef2a66332cab9429
2077 b5524859f3779045
2078 982f922d442435bb
2079 70629e7ab836cad8
2080 fcaa14dfc50f86c5
2081 37f87ecbe055b6b6
2082 1876393a9f7246ef
2083 7cb2fb0a3e7999a4
2084 4724439f3eab5a35
2085 8f1a476d87f35c40
2086 ed1a0211da385117
2087 a1e4eb3c877cc057
2088 80f07cbec60f774f
2089 8b6fdd3e14f5e70c
2090 bbb3b519f6f24c3c
2091 72fc3ac28d12865d
2092 ee8bf044e9d327d1
2093 a5748af7dc19db25
2094 60774f90ff2b0046
2095 bf51df145a502ee2
2096 d9d23ff1e1bf3745
2097 6ec7c1ff240f5f9e
2098 447d463fae33bc88
2099 6734e0c514f91dac
2100 0c1e4cc3000e9bf7
2101 35bf8ac92bf7fc71
2102 0468e35f0011291f
2103 25af4b2c0cb406a4
2104 b3d8359dc7704c5a
2105 770f190d06d31f3a
2106 eb2721a8f8734059
2107 d525c6f3e2ccae3f
2108 afa2491b69aa0079
2109 7f38111bc00e7aea
2110 ddca562ba853c9a4
2111 467c41996cf69728
2112 320f52ae4afc717b
2113 ba8b41f551ddfed5
2114 04b5208ae844a5db
2115 d8a9f5243ca481c8
2116 4887d7f6e033c16e
2117 53c389a811cadfbe
2118 f04546e864c76c45
2119 86f221fe1f4ec56b
2120 9a3b6c03fe03f44d
2121 120a64bb4f1b4406
2122 8a1e1d6876816130
2123 17b090b3621552f4
2124 714489cad5ed2cdf
2125 2fd0dd927fb11f59
2126 1b235112e47d7d87
2127 1739a5388791faec
2128 461d60ede04fe8e2
2129 a30c3e50c0d51ead
2130 e3512a1a29fc3d98
2131 aefaf1d65d20c62e
2132 b874321db1d3fed8
2133 f4c2a7eb1868848b
2134 bdb55b7861294155
2135 3eaa12478494c669
2136 9681a01c5ef7bdfa
2137 83d838bd1432e604
2138 44ab952192834eda
2139 f8e553595c869ee8
2140 516dcef621819fab
2141 5d2be013459dca78
2142 8257d692f45997ae
2143 6a691d130377bc1a
2144 29cb946cd3491cdb
2145 fcd8ec39b35f3f96
2146 e1a625ff99a74c58
2147 9eeb8dd8d5f5f3a4
2148 7d00042c0034e697
2149 bae94dd3b457cd3e
2150 838a90155866d43a
2151 9a21e54789a43d44
2152 07f023baa64d201d
2153 0d2ede9f1914c523
2154 e2d40949f53210f4
2155 6dd57b240214c243
2156 254da546b47b9af5
2157 526070b188d3fe7f
2158 a22fe723fb3e5b76
2159 14661613bb7d85cb
2160 f6c31a6b1fb9a399
2161 d4fea8a5f6b6348b
2162 9520232ea1d3bcbe
2163 e7994201f430bf64
2164 c949e998a20a2279
2165 12e040025fa11b76
2166 a6eca3bd7eeacd10
2167 5062e8d0ef80ec64
2168 b22e882f30896d67
2169 de787d800dbbceae
2170 8a90d5e211666d62
2171 90d901ce8af9802e
2172 17ef849eaa99df19
2173 47ff8ce039416848
2174 bc9b7b450634a8ac
2175 847d7418202b41c9
2176 d7dd058995379f65
2177 9fd26c36e9c3a389
2178 c88a1f1c48dbe904
2179 d4bb26b60888ebbe
2180 480367df50868ddf
2181 ba320b32f5a85c20
2182 75d57d4462588cda
2183 a2549625d806605f
2184 ac3ead9b844540a5
2185 907c7ddf649aeea2
2186 ad595b4ca38d8e38
2187 a757d27c1301323a
2188 84c1b33d8f51540b
2189 a72a256676381f49
2190 8d56f344f8ab5346
2191 9818f087ad824784
2192 a649de40d5db091b
2193 7d5267eda563082b
2194 ab0910307b3050aa
2195 3d952deee76f8d3e
2196 39bd8b11384b63bf
2197 7eb92b3e34a6bae2
2198 a168d53f9bbde701
2199 9c86ad0ab297332a
2200 275b8b90c7f3cb1d
2201 5e9c190d053a83a9
2202 e9a976d99418a355
2203 2184be189c7cd48c
2204 ba6809515e1a24e5
2205 e7a74a14a3aae2a7
2206 92e093ff08865d71
2207 e431c9c6e3ff2ec6
2208 8074de95994065fd
2209 63a9687f7312349d
2210 a015f6f72b814575
2211 57e0a87b28dbd396
2212 bf23ecac799d761d
2213 8cda446fcd690939
2214 2df305ad7dbd51b9
2215 ecc8e2f0450d871c
2216 66f069b94d7e45a5
2217 0e0380b4b442d2ab
2218 5a11e4fc8f081025
2219 ee4c5a00ae04ca1a
2220 ea203b82e21c829d
2221 e43508d820274cbd
2222 938d2506be5384e9
2223 6c36a87111c8bfe8
2224 4663142ead3f16dd
2225 f074e2639c6c45c7
2226 aedb196806654e85
2227 d73291cbbe418ebe
2228 3f4d817f45feaaef
2229 7adfb5b5c1cb1fdc
2230 8abcc76f11400529
2231 880207254f39057a
2232 82969f5b10d5ed33
2233 0b20474671e80078
2234 e5bd3546be3616b5
2235 806317d4057f44c6
2236 db69cac3d1b4d2ef
2237 3004840a385ff4a4
2238 ff900d82b0e579d9
2239 3de46e8bb4705882
2240 af4650d382ab70a4
2241 ac195ce65fcec376
2242 715bb997ceda508b
2243 32e1d178a7aec4f7
2244 718305dbd294eaf6
2245 891fb9f4f31b492d
2246 5ce74ad32584f0f8
2247 86d5366f84bd5fa3
2248 25be18869c060d3a
2249 108ad16f84dfca11
2250 03786ac992907adc
2251 3c0b94a78e746a0f
2252 88ab9ee5c54a689e
2253 583f9a65e672f13d
2254 77ea3ab20b58c4b8
2255 42bb33e416f510a3
2256 50757c31a26ee3a6
2257 be57d7920d7eb6c5
2258 bf15ee21737460b3
2259 8f83318310b43407
2260 7f8fe40c0b536426
2261 a9f160d3cf00a63d
2262 c14c38e048ece278
2263 8c8969e9223dfceb
2264 74293aca76a672ea
2265 691460fa1d0ae761
2266 eeec41493ee2047c
2267 d29093f4f80e3567
2268 254f41649cb1b876
2269 ae0a55e6e7d53cd5
2270 4b1739c85159bc90
2271 3127f351cd5a12d3
2272 a1c3ededf9e7ec3a
2273 7de72eae6c65e97d
2274 a741c56397d851a9
2275 460928d65f639fd6
2276 99b078e97950457b
2277 6ffc3b25d6a35524
2278 885b66ae8b9b34e5
2279 9044221ba1138172
2280 b67a34d9f3046457
2281 6f840c7854dd3430
2282 b711e5fad1547109
2283 9d9e0d9ced4891ee
2284 f801ede1ee611a3b
2285 86e4e996c1f82fdc
2286 07b712810f5cfae4
2287 29a713fac7b74703
2288 5fe59e1eead9812e
2289 a9e919a054d817a9
2290 f235f1f212cf9178
2291 503bf0e49746486f
2292 7b35464d925e1422
2293 b02822a205d1dead
2294 6268c7ce91cb0dac
2295 301fceaf44f6ff2b
2296 bc1e14bba5ed5f0e
2297 f112950b3a512a11
2298 478c9210b81a7940
2299 857457d49ce25fa7
2300 b554d3ebbd7ae94a
2301 e42be43ab37811dd
2302 734ace07456c69bc
2303 0018bd45ccb37593
2304 86b2a17fe0d79e7e
2305 8616286790ceff71
2306 abe634ecefcb8340
2307 9e9326b1acb38cff
2308 da31a4aedba5fc1a
2309 23f7d5018b68112d
2310 aadc6e21a2349e44
2311 f62dec96306b6b83
2312 831bc551ecbe2b06
2313 79f2341469032dd4
2314 bd20ac738a66b8d7
2315 f1eb281ff695a98b
2316 f66b376658fbcfa9
2317 36ac42eb189898ed
2318 0bd9366ddac488e9
2319 0462383d3166460c
2320 54cd4204377a3af0
2321 ae1d7153375e25cc
2322 baeb3cee6b30d1fb
2323 4d59cfc7ed0e6dc8
2324 98080303316350bd
2325 0d2b36b9ece1070b
2326 3f358b8f043cb7be
2327 9cd566709e24e2b9
2328 6defe743ec99a8d3
2329 8b686bedb2f42fd6
2330 895313e066818699
2331 9f4f267c87b02070
2332 253476c6a16de3ef
2333 cc7fb33dbe7d488d
2334 99c3273f77d61cd4
2335 8cb31f6f74da3d2a
2336 5fd10dc1076ea637
2337 01adbc759af17123
2338 5dba5c4574a328c4
2339 b2e41e8f4a863489
2340 5ec9bd05fe9bb620
2341 e0d20bd58bbd1876
2342 c063f08f501b7021
2343 a1ef45953fa1769e
2344 e75c1b6e4767cbbf
2345 0fb039e8ed183906
2346 2e21972e46ffc1a4
2347 aa898a5177a9fcef
2348 84170ceba12124a8
2349 09d88cefa8d6e26d
2350 f4f5c4741dbba09d
2351 6ad450239340c892
2352 590aa82f31322363
2353 dd9b50e078882f0c
2354 2aee71fa3d2545dd
2355 c9095cff28f6e140
2356 7f79218b9f23f02f
2357 98fab635c9105ff8
2358 ec578fe9e7d1df57
2359 bb318565190d4d7f
2360 39c346c033b4ad6e
2361 a9cafa749e5785e9
2362 e785bfa1e9b40e4a
2363 3bea424a8ce73ae4
2364 5f9d0ca4c8dc2d01
2365 9f68fe64eca773d4
2366 7a71d6b6b700b85b
2367 75763323cf8ef1eb
2368 68e6410f777fe5f6
2369 0fe9658833d2fccd
2370 345e930297d97ac4
2371 63557f0d722fe2bb
2372 43f090eb484b3ed3
2373 4671a8258c4e4aca
2374 433160f214e3de27
2375 983f250c17beb47a
2376 810e9aa2d7f7ca2a
2377 dc6ba0a122879d5d
2378 3f5bf75114435948
2379 805a5c165ab13abd
2380 5c3c0579d161f61b
2381 dd08d3cc9a64b3d8
2382 628dab0363105c4f
2383 77ce8a13fb72ebf6
2384 a1bc911ea0c7230b
2385 9aff543780b9a5e1
2386 9974c3125134cd0c
2387 7c371488a6df806b
2388 0d88c3f6dfcb0c46
2389 7205a3a9b0f14f36
2390 3c59fef363fe75d9
2391 aaf6cbb4d581f3ce
2392 a85041d0eaa9e749
2393 8f1d5f9a7f30d8e1
2394 cd899539527aee1c
2395 a933c9a4395619fb
2396 2cf34fa816bb9443
2397 e59fedd2e34ea804
2398 2bdb833d741bbdc8
2399 daa7b1bf986ad1d9
2400 2ae50519acd3359e
2401 836d5a1fb94f6a19
2402 b95af3d64f1f8127
2403 7db1926974a7f9bc
2404 9cbfe227f5419131
2405 768e0a58a3a942de
2406 4322c7243421aeae
2407 c5bc4251e1b8eee8
2408 e4334da28941e704
2409 8b13dedc0e737a95
2410 f3fb13a2437f72ea
2411 5cb76e5653d9265e
2412 f191f5cbc8af9897
2413 2d45c74a07d778da
2414 ef77d6b740848791
2415 8735d727b41c04e1
2416 9e29c3a77a647632
2417 b1edce5d32d766ff
2418 9e078604252cc78a
2419 98df9bb6f4d88568
2420 7060f68c60c01081
2421 64da279b5edd5552
2422 d5a2e74e11038613
2423 7f04ea26f5eb5e5a
2424 455cda5d3797fb0c
2425 fe82e1f208ffe29b
2426 1689b7d737f65630
2427 4b0f412dc524f305
2428 6308a93ac26bf28d
2429 c731661d0103ba66
2430 096745f21338d935
2431 edb10abd0aa6f676
2432 e7fb2061a9777a5e
2433 45794f55fb79aa0b
2434 edab6d38aa86f1e8
2435 3d0cfa72ff7a86bf
2436 6fb178b6ae35841c
2437 47d5c8b50711cae6
2438 1ee11bd4206eb8f7
2439 0b5cb05242d7fee4
2440 ac75fa45566c173b
2441 7e7a0a64e8772d61
2442 a954d7573700b1c4
2443 f96a3515d77d9931
2444 d80964f21f5d2efa
2445 6917a1e4e6ac70ba
2446 8a2d10d095712447
2447 c77f49755eae28ba
2448 d473ddce53133fcb
2449 0bee8411ee7fcb20
2450 a270513dfdbe33f4
2451 e9e0d28fa88d82b5
2452 ab467d35719305a0
2453 6020e3084cbae205
2454 b75ec5ff6d7cac6b
2455 1c7370f900014be0
2456 dd9abae94ad5ab95
2457 5c07bb00db134b04
2458 594f439426004b7e
2459 81a493ab3ce093d5
2460 bcdd6b9060f80526
2461 6ec8bdb02a72174f
2462 5cf112b40d7aba0e
2463 db91aa8f0d6eacb8
2464 37d8390cb6979abf
2465 627350479de8c81c
2466 094513206087a7f9
2467 8a6f9f7048f18609
2468 2fa054704d3e8562
2469 78f31ffedf582081
2470 4f13d8a1b5c412c2
2471 db00276fbeadca7c
2472 08a19fa374acb351
2473 b3cec0c5bfc6e32a
2474 f10e3eecc53c7251
2475 fc7e3a784403f0e2
2476 781b7b28778d794a
2477 cd5ef99cbaad99bb
2478 1e86fb545291f198
2479 ceb99d3144361e87
2480 dbf7a28f4921fb5d
2481 0e14847621d69e88
2482 c05e7808fcbd4645
2483 c852e4b7ea9199a6
2484 dea5603020bd846e
2485 3dfe295a6168c4d3
2486 312bb3d3e223e67e
2487 e16b2aa83a749707
2488 19cd350bacb3e154
2489 c224d2f9d21806e6
2490 4937651748abc4b7
2491 6025d8e3510500d6
2492 0fc84df2be733c83
2493 c9bb21c0b4c5ef17
2494 dcfc9c7082ddf894
2495 cb351b0e5cf85079
2496 4b781ce1f2d51bc8
2497 0adaa28ef3f13672
2498 dc0e7fb2082bf449
2499 dbdd582034976e02
2500 a928bd6aec25e91b
2501 0edb0ba6ae11d9fa
2502 a1d6a93c1298558e
2503 de8c5838d487f359
2504 7493f5a584fc12ba
2505 5edc5f1d6048be33
2506 1eb36d88d9467659
2507 258355d8ce5e1bfa
2508 b81a93212cb3b21d
2509 9ce8e793f9632e76
2510 02e4c8bb6b575c62
2511 97b24c75e51a6efb
2512 83c18a5b80094ba0
2513 912d093d65cc46a3
2514 96936a6451ac1ae8
2515 ff72c2d5c2f7e2f8
2516 cde98ef16b760675
2517 5586fcf82e277e1e
2518 d149fd3b0c3ec3e9
2519 91b7de23e3f2b674
2520 ecd266ea44772c79
2521 35b0f564dd6e5350
2522 95e02ba73acccc13
2523 b71288d0739c1bb1
2524 93c1e6e2adc313a8
2525 fa4a2f60aa46b611
2526 4429942812eac5bc
2527 fa0b54e1d9bc1237
2528 3e47b35a33a0efeb
2529 752030cb2fc402f6
2530 f943d748266cc9f7
2531 b19ab9c6f632ce9e
2532 c3ca82d5d129e50e
2533 e4289c75a61355ed
2534 1471003682a3af14
2535 9ff1719e3e90d455
2536 b2147275fe6bfd13
2537 abbecc7e707de664
2538 9f765b1bef9e9647
2539 c9ce26bd3fca1762
2540 e0c3f5f2bb036aad
2541 1c6592349c0754c7
2542 81aad651591de150
2543 b450931f382a91c3
2544 df2b24606c22df9a
2545 922b0b5ed98e5b22
2546 de5bccee45549a89
2547 d60fa328507a9f52
2548 2544285994aa07c9
2549 0a5d4ae1accadca1
2550 76e10497c210db48
2551 ba03823fc3874703
2552 4283f3969969fb7f
2553 4368fb8d024eab8d
2554 8c5bb4473e83c1f1
2555 eb4bdff3685e134c
2556 fcfd610806abb98f
2557 5ba98e85425ea37a
2558 04dfe61f45fd4864
2559 af71d6a209e5b7e5
2560 21b651a272819874
2561 3fcd8e81bbbe0fef
2562 8b6aa637f9bf0db7
2563 e76946a29c44659e
2564 0073fbe73d1810cf
2565 97743b5d58bb3712
2566 a30323baedf03559
2567 96cf433c90c01ae5
2568 742f30674d83cbc8
2569 6ef1e5a4ad73c9d9
2570 c14d8d07adb5bd68
2571 f2a0dfadcf5ea1a0
2572 8ce9f0f492dcf343
2573 5b721cb87af6d122
2574 e1e9f97a86d2038d
2575 4ead578aad31787b
2576 ed42430894a41f50
2577 5015bf4efa01128b
2578 3cbe80e3cfaf0346
2579 5fb6ba87871528cb
2580 9bb0b3430744fc81
2581 911ea38cf3afe886
2582 4566a82e167442e5
2583 b059235e9102dd24
2584 028b80566833ab5c
2585 9d1ec1860000e23f
2586 6c77cd7ceadec634
2587 983d3e6a1227f45f
2588 e0548e01e1064147
2589 def49a3616ae1446
2590 22aab00bfd99da1d
2591 a06848ebaeac337e
2592 f4b8ce8e1ab2a189
2593 77fd997cb38131f9
2594 4259c4f9b363e674
2595 8797430196dad0b3
2596 b10e720170e0f870
2597 f8e55c5494d73792
2598 0db53d11114c1de3
2599 b9d10137dbb4950a
2600 ea71e6dfc7b7e06d
2601 d0dd9ad254692acd
2602 3f2fed764ef8b54c
2603 0f8799c2945a2cfd
2604 11bc8cc12257d208
2605 4555851b5798d457
2606 65ad3e0a06d5a6fb
2607 519a372a4523797e
2608 4a22c6e5a207548d
2609 06da45d76e5770ac
2610 3ec65265fa9750f8
2611 5294dfe183afa037
2612 0da68d9730928d9e
2613 24fd6f8acbf144fb
2614 09b8bd97eeb003c1
2615 fbfabf4a2f644d56
2616 931a5d29f34999d9
2617 c35f925ce0e5179c
2618 deb3bb55665eecd1
2619 8d69b9741a0bf8cf
2620 ad006b0d3f4e38bc
2621 876c182701a00493
2622 29a3e7dce8e2c43a
2623 26b2fa63334e9042
2624 2e3e9f622f86436d
2625 1e2d28fc3e6f3620
2626 23f0ed0ae01b3e77
2627 2f17f49763cd56bb
2628 283bd23873986462
2629 b11d80cd05c8d0dd
2630 97e52012bb15ce1a
2631 efa75a9dc0d7d2f5
2632 27562d2ad1286815
2633 195415d44869a3c8
2634 4c63cdaeb7f0026f
2635 b09d25b491c4aefc
2636 4abfd2bd491c5b7e
2637 06c2d6865acea307
2638 a19867d968b8883e
2639 bc85320dad205c51
2640 4c1f49b5973d89a1
2641 c19600d21fa2ca50
2642 d37ad3190108e4e3
2643 5e482fa24408b0ee
2644 c4e362f90ee08d31
2645 d8931ea392a66791
2646 a53e899d668df8cc
2647 9cbe940a88395d41
2648 949d356f20c54060
2649 2d0ccb406c97f594
2650 d48f2f06ea397c9b
2651 cc8a112bba17e862
2652 9d619413df828147
2653 d81e9c4c31ccf635
2654 42d543ec4f413a12
2655 660647afc70a980d
2656 1b7201284ae371d8
2657 e6a3bac041d26505
2658 cc3b493485465c73
2659 2d8f3e5751ad509a
2660 c1104506efaa2a9d
2661 edd744a81bf1350c
2662 f569dda83765ac18
2663 6ac39be1c1bb5be0
2664 16daaeac275b05ef
2665 217abd4687ed06a0
2666 31f204b3823e5c78
2667 3af7aaed45f01419
2668 5b8ecb09a6d49486
2669 d3f49270171b8f75
2670 54cd2fa2f184fef2
2671 d8bf9d328322db0e
2672 db8d02ee752b96a3
2673 16558536df7d6c74
2674 804be520f1331e1b
2675 b91a89dc8b3815a1
2676 2f3d6a605eac6982
2677 b086dc15f3f6dd6b
2678 a5b53ccb1919cfcc
2679 dd7a5ef195e84a26
2680 cfcdd44777d72593
2681 be850dbc8069dd96
2682 99797578175d2397
2683 b99fb37f3fa29930
2684 ac743a5f39e1b63c
2685 ca65615db903618d
2686 58fcf39fadc93838
2687 2bbd64646c1ef015
2688 56cfd9720cdf8c65
2689 59045c8120ac8dfa
2690 24fff53edab90de7
2691 453136272a4770ea
2692 da5db2866a7932ac
2693 6ceb5e058689eb6d
2694 fb2e8dbb6b8b0bfa
2695 e3c4aee073c3c133
2696 83767e3ac32430ca
2697 b102a866f9057d82
2698 f4dfab1699ebba59
2699 7513531e080d3756
2700 9f69c4ea4ff22e23
2701 9054ca4c628b905b
2702 99a5c8a329378c54
2703 a2872f4b9843b853
2704 347548520bcb16dc
2705 d6c8f8dba323173c
2706 a4d820ba28403119
2707 c3444005d057dd56
2708 e86dd16a4f1cec15
2709 7e724a138fb1d64a
2710 8d1fac64f3ea0524
2711 b10add50d0cf6c25
2712 a570ba488e68da6a
2713 fd597cd64c047f59
2714 39de3ef1a5a15c77
2715 781b0e87373d12ea
2716 dc1f612e9d533e0f
2717 709b288431db3ed0
2718 cb4d5820b6b40558
2719 ae524e2454302c55
2720 87ff57df10069d58
2721 c66a6562d6488d49
2722 2f9c42a6f05f917e
2723 1502eb09890dab7a
2724 ae6891a4faa6035b
2725 d0e6b696fcc5f9ce
2726 c6cb2212facbf51b
2727 50369a60a07d2af9
2728 f982b0fa4dd9bdc6
2729 3fa492dd0864a59b
2730 b1b6e5c4f7fe19f2
2731 4d0961cd54604f4c
2732 c7927e546e2a823b
2733 2044945aaa137d8c
2734 d9c52e0a7a516745
2735 7e39e19dc715fb1c
2736 7c28224a3e3520ae
2737 e0ca3446cfef60d5
2738 14b0fddf372b2aca
2739 61ec56fd0c168e17
2740 e707a23111233e3f
2741 9c9ad978397b9c90
2742 4f86fda22764b1af
2743 e519e146821194c0
2744 ef726b99454d77c2
2745 7cc3919544536ea7
2746 2129ff64f9a783e8
2747 46b6a9f17e54ca87
2748 a277b5cc91d45260
2749 6860c82fa20701d0
2750 bf84782de7bb3409
2751 603bf00476a0f28e
2752 e37955d63007c755
2753 ee84124f3ea39143
2754 31c497976a1c599e
2755 175395ef3392a57b
2756 796cf4ccbae70b7c
2757 b1b25012bc7083cc
2758 ab8649d35f291a29
2759 8707dded3a2f9674
2760 3af387c24cd5ed65
2761 d75def62088db1ba
2762 f76c094e6a6ddbbc
2763 eb20ff0945c3d69d
2764 dd9720082b3ee21c
2765 556627572b8535d9
2766 9b87bc311a2c4c35
2767 2cd088476c39026a
2768 ec29edc93ae221f1
2769 0dd642862e4f9378
2770 e68f927021f11302
2771 2d114269d214abb1
2772 647b7eb5ed58fe82
2773 5af3027095ba8e63
2774 d36ed02f7d1fd64a
2775 be3199f5d554314c
2776 5cd3c7a7fb3ffbd3
2777 16172d93be121978
2778 a7fab625fa9ac1d5
2779 5dc736bf220a679b
2780 ea765b5088b82b38
2781 2c99f9b230bbd7b7
2782 e65d524f7c0ee724
2783 f474b8c4674b7e50
2784 a9948150e83cdbdd
2785 2a8beadd5586cf76
2786 e94503c9db33f03d
2787 38ca150ed643e1d6
2788 cbbdb2aefebfc2ce
2789 b681d57c474c49f7
2790 29f8c4e33c640b9c
2791 a932407d3a19b593
2792 da93952a6a21b009
2793 eacc0d1114700064
2794 732188a8b49394f1
2795 87864437fae324da
2796 27cc7dfbe44ddaec
2797 5bda453702ebc7a9
2798 1d369b2f2a915ad8
2799 a1b79853736d9de9
2800 de4e5888e3765df2
2801 74194612bb5b4fa3
2802 77a6c2301bf45a9d
2803 e0721adc97e4d6f7
2804 88e9cbef6e8cc5d4
2805 bd59d0270a6533fd
2806 f243a26994a8969f
2807 d3401899beb42488
2808 3a2848e492c31257
2809 920231a5baaf1edf
2810 6c7ddd59bd879f8c
2811 23f6c734630a677b
2812 92ffe58459a83087
2813 a4ede483183ec2db
2814 9413901dcafe4b62
2815 dc36d78cce7c9c81
2816 5f61f7e41abbc972
2817 40834e530309b270
2818 2f8ad6956aab09a1
2819 96e01990dacdab65
2820 7f544896c02fedec
2821 f7c564c71027fb08
2822 885c42026064833c
2823 52d90a67a7a74545
2824 7df278f682388655
2825 55a2284cc2079bed
2826 7e76b04f08172335
2827 c1e6f5a867a983d5
2828 60b6d3b5b04855ca
2829 3a8b95e0267d2756
2830 afc0883e2d289332
2831 5470071bfec1b675
2832 ed1b1ddc8d209880
2833 d095d31ba09ca581
2834 53b774a09dab08c6
2835 b4b05923b3cf2f9e
2836 e82a12913d61b3ab
2837 ec214c88f66d2e81
2838 ff1ab0ac25545209
2839 474e65d28e518c09
2840 d220cb1ab1ebb83f
2841 96468f5055981369
2842 bbe323dd2a23a9dc
2843 277ba67f33267465
2844 26e3f43d143a06f0
2845 b98ea77a733f5be5
2846 8af78399d93144be
2847 afc0a03d4a5e09ae
2848 22d9147f72980718
2849 74a4c8021114b5be
2850 a02b239585997c07
2851 8608f46f90ef9495
2852 480ba9f5ba1b6570
2853 409cfe4c0c58be71
2854 501dbb9c8240444e
2855 7f963e3d6f155bc1
2856 8724668118ce7379
2857 68d428311267ec55
2858 aa9c5183049a4650
2859 48c8e1222f8878cc
2860 ad626569456ea820
2861 e3f2f855e1f5ba96
2862 0a1b31c3ea84e31a
2863 e5aebb009134548e
2864 e6dbd5b6781ad0d7
2865 5ad295c0a6143b50
2866 25665ef4e5c1e9fd
2867 e79c31687d3224db
2868 41f6f74c0a9e3234
2869 7fdfe266aeaa64b7
2870 c13c13d629f9b943
2871 037fdb9e05957cb6
2872 e2cc23a10b0ed538
2873 f578ce14b8a298d5
2874 e05f01a1c9833b33
2875 7f1ae9b3390e1697
2876 14f4b20fe55b5ff3
2877 184a4a6d00fdce47
2878 527afd160a61203a
2879 59e6444d52f306c8
2880 88ec0123cd7b4157
2881 90016d5a26767e56
2882 e742bbe985cf0f82
2883 361ac14d142cce93
2884 b4b5f32e4b45d4b7
2885 a7d738c091e0f49d
2886 d8e56f911051fbec
2887 0bf2864f991167db
2888 29d955b88728c504
2889 15d931a97adfb6a9
2890 c075f57b34587e0b
2891 75566c8cec33d26b
2892 e94e2e586105b718
2893 5776713b9ce38397
2894 c24f9a90fbc8c8bc
2895 a960da4c7e3c37ab
2896 485c49b611b96b78
2897 c4a68cc0084bb0e8
2898 7c75a7c1da854cb7
2899 ef5701cb45ae92e9
2900 5882d17992314dcd
2901 88eb7a9bd448e387
2902 6ffe8e0115f6106a
2903 6b8ff370afd18a33
2904 ffe6171515cb5863
2905 b17b208a543aa1ae
2906 3a535cb240b5a158
2907 0400e33d29874163
2908 f3d7e74597d8adf3
2909 efa0445086e7de9e
2910 ed7e9f2de1e9653b
2911 0afb787e23882439
2912 216ff4a0847d78a8
2913 e17fc35ac990b5be
2914 059a7219ad515e31
2915 dbb49b9be0b6784c
2916 c01a69df6d8c1be3
2917 9cb2fe405417fac2
2918 f4d395011376cf81
2919 57d24f217c2919c4
2920 2e227cddad2e8eb1
2921 f024aadcb6f2dbe9
2922 fe60fd1284654c9a
2923 2523be8954f406c1
2924 42111327e4b611c0
2925 2affb0d101d895f3
2926 20817752891fe16d
2927 e782a2730d44abed
2928 c802ad24d52057e5
2929 a93317fd567c887f
2930 ea0258a3e6d48ac4
2931 417fbf0a101527ff
2932 9d6bebe43a88356d
2933 4f434d7cc776ccb9
2934 925de5c7134d11b1
2935 bb1b4a16a0ebe3af
2936 567536911271a2d9
2937 23ddadc315567426
2938 6f3a89af205254ab
2939 64762826c2b0bd27
2940 9c5135ec807cf366
2941 56f2f0abeda29173
2942 a6d98a1e010b3061
2943 26277d029c832702
2944 8db65b9579f7d38f
2945 15467ee6e62dda78
2946 461edc9ffbe1efc2
2947 c4128b57a7e8c9b5
2948 1b42476760d3dbe9
2949 918db28d97f65590
2950 61f6a1d2ba789e23
2951 936c9e27a4a809d8
2952 50cdb3dc3f2af60f
2953 469b3373e00d5304
2954 5c5ca4919320c816
2955 4cbc6b6156d0ecd9
2956 09281c64393b372a
2957 dab0b6cf6e085d79
2958 09900df5431b41fe
2959 7bffa9746954721d
2960 089ce87ea6eeb1a1
2961 f47131f605622f83
2962 e57ac953f271d840
2963 d696177ea00703ad
2964 9144049621b39eee
2965 b46df5a659e5dc45
2966 471292c9e15c1013
2967 a121503ecd764b00
2968 debf44052d898fda
2969 8bd6ecdca81731f5
2970 7ab65ab5d210ed6b
2971 6347ff7baccf03de
2972 39dd87ea259ebcdb
2973 156dad054aab19dd
2974 0bbfebbf9a4a969c
2975 62dd8263bbb4fc67
2976 039ece2c07910ab4
2977 5044874fc9264b44
2978 055d898e4a2259f2
2979 545c5b25e5a79dec
2980 1c590f878b21890b
2981 369da9c709ca0645
2982 4b174b826633d8f4
2983 110dbcd9fdb31502
2984 bf6ef10ce9cf6568
2985 354fbcc5ed9395b4
2986 14fb1136dd0ac627
2987 0f8213e75721b599
2988 3650183f46cfd458
2989 3592d63eefb76a8b
2990 ea7d63df8e77d41a
2991 f961d45e4a551a8b
2992 eef1609ffe345936
2993 c1338fd42cd77f52
2994 c535dcaf77249dc8
2995 acfa0dca6f0f3b1c
2996 cdf0441c9742512f
2997 1d3e7938f815d768
2998 e4c23332a562c773
2999 7984b7e916406d25
3000 4d83ce04e55e49bd
3001 87605e37dba2cc2e
3002 2688a40a007bd74f
3003 f1a36ef9921201a6
3004 b3b96db5873fce08
3005 388d62c10abb2ff3
3006 464bad499d50c08d
3007 6d63406770f8437d
3008 03111ac30e942ab0
3009 1db588538c5710cc
3010 a5af8c9aee2566b9
3011 ca5772515062388f
3012 e5467da4bd5b2130
3013 ce33c77a5c6e2581
3014 c8c9d813129a66a2
3015 639e6e8c1218cdee
3016 aa421500da5efc62
3017 a8f1e7197afec03d
3018 6cb4e3071270a696
3019 5331bb61267e2e05
3020 93decb1425984740
3021 30d79514e81d1ca9
3022 c0aa606da32efdc5
3023 abf12c7f5bbd1a70
3024 de8c3dc65fb1c07c
3025 7197ba7da61c62f0
3026 084f588acec0a932
3027 50a00ba8c70f1023
3028 fd6c5411f73f5295
3029 791e8a8d00d13e13
3030 48aa60ccaf6fdb7e
3031 0828292f5943948d
3032 6e71a66b6d265ab1
3033 49f6c6b1bc70f955
3034 b80756eaa5479e8c
3035 13ecb08aa0129e28
3036 a1d7a96a79fb8b61
3037 96c9df2be32cc002
3038 180afbc21bd02291
3039 3dcd05326c927694
3040 de03f83bd2714395
3041 a0c30ad957102ac3
3042 2a90dba383165aa5
3043 a66a991661c4e289
3044 63b03af41e033ca4
3045 a9734caf72fdb3d8
3046 6d106e079570a0f1
3047 8a5f63b31954d18d
3048 9b1cdca79b53f46b
3049 092ca8e7e133b2c2
3050 e1e20e05fc1ee2d2
3051 d4fb02df92d3207e
3052 73e3b9004df3106a
3053 2eafa6f063722354
3054 cf5276482f1b6451
3055 4d4c57a2d919573b
3056 3439dd16628bd030
3057 359a75dca87ebcfa
3058 5492fc28c324aabe
3059 7c26842cab4b2489
3060 8da4d3340c74ca0d
3061 1a4e6c53d4d4d17e
3062 c7be6728224bf363
3063 1927c9fcfe8793c4
3064 b2cf2f285708e09c
3065 408332795d6ba8bd
3066 f4d26d34cec42175
3067 93fdc49700d664cc
3068 0800da8b40868d20
3069 3d2c3aa42ec1b04d
3070 f76da633f22fd4b3
3071 e8a63819e6a72d7a
3072 9f32673f928be140
3073 11b6c8d923bcfce9
3074 9ce669cf9db2b790
3075 ab37779d36be093c
3076 397bb3b36410343d
3077 4be7840f8d43c480
3078 255446c63e2efa9a
3079 cc2b4eb0f9ad8340
3080 a7d9107571097c63
3081 50059fbdfa598417
3082 5d357aacf25ad3e3
3083 f41c6da13476c693
3084 14f6d97656a4050c
3085 2ca7564cce5782e6
3086 b614b7a7421359d7
3087 6b56c009e42d6696
3088 f94c0c533e942df7
3089 917c05d47b9cb592
3090 f668d86f1dbc7caf
3091 5d293b0c04dab914
3092 97f432b8bc03d007
3093 2e793bc7d6f98ac6
3094 6d30c22bb6f14898
3095 e87dd6330de88a03
3096 ff0d9d72d5f2c729
3097 504451f06b69aaf1
3098 667525ad2c5ad4ed
3099 8a41ec272b34ab71
3100 35dddd0f6d2f8681
3101 25b711b0ec40a129
3102 9ac9f5a583dd171c
3103 d14b85e6d4f13b44
3104 4155a0fcda431380
3105 83595cad05e90f32
3106 4e5cc2318f7b4c6d
3107 1d2b5f7821364fd6
3108 231a4f9bf66e9dc1
3109 a011e258fe917166
3110 3bb9288f4c93298a
3111 4e2bb947d75c5e03
3112 1cdb1bea87b4ba6d
3113 2e8e235c67516eb0
3114 e6e1c4c9681fa0bb
3115 c45df9b33f8b7942
3116 baa051760dd6a5c3
3117 51833c066c0197ad
3118 2d4be14d3705164b
3119 d9bca0eb72f143f7
3120 272fd1eada56560c
3121 a819d25b2a4da6e3
3122 dd1a094c63ea0953
3123 b2eb6b1efc201a17
3124 48d58149d133f48c
3125 763820f96224b98a
3126 8ab9450d18231ae1
3127 c8f22ce1e60902f8
3128 c6c5296324546026
3129 a44e944f646b0425
3130 3d3d15d0295130f4
3131 82b44d92182a3967
3132 edded7ae4f82d86a
3133 1aa55017c7174528
3134 3e6d2ef32739e588
3135 8d0fca3ebf2e1c17
3136 878b7f81c2ac1ac6
3137 6efb729aa5396e53
3138 1c78db6488fb84e2
3139 95e77ff497d3b1b1
3140 4f56d9fc8c7f8da7
3141 feff5c60f114da7d
3142 e075a8414474521b
3143 0aec1d075a7d7fcf
3144 080340a56978f0ae
3145 bce5827014d5f2fc
3146 689447fc5b19a8ff
3147 60b18ad2adabc5c3
3148 529798f9a3e293dd
3149 2c383f4fc9882cea
3150 f24ff9c86d2e93fa
3151 3ea587dc47a99ee7
3152 a6884038a951aa2e
3153 be63f4dc6f3ff19f
3154 62de5e87cd4eef12
3155 e85065db907ed40c
3156 9c6f9dbf9e594d56
3157 cf93b1ec13f0a1ea
3158 89666702c1bf2432
3159 cd07b373cc439e6e
3160 b39eda22e1b2290f
3161 b1e766380ed790f3
3162 afd882b855f4d610
3163 1c802bae42f41c79
3164 a0c1c4394172d1f7
3165 b8f600328282a563
3166 1540f97e6dca40bb
3167 04be35bab26b1e49
3168 7876af785a093b19
3169 2629fddcbf655ddf
3170 e151ece1d39ce334
3171 3d2da578d396b810
3172 70cd09961321761c
3173 1a2359a6bcb2e3a4
3174 1d93360c28d73ccf
3175 f4c665275e1bd72c
3176 fec5ef1d6fceaca1
3177 1e9687ef010aa5f2
3178 daba3b535d723b86
3179 8c41026fdf623e57
3180 89f0059ded51a0c6
3181 2f622adfc9edd2ce
3182 07c6541be0941480
3183 3339d769a48e28c9
3184 b284074fb01f603a
3185 5daf14c9f0c01541
3186 e6b0f99b0b5344f6
3187 f1993bda8fd97559
3188 45d661c202656986
3189 1b3640937baa1907
3190 aa577ebaa7612f4a
3191 4cc230c57ab56d58
3192 52a14a29bd80bd2a
3193 48f4f9d382261ac3
3194 75863a364f38ee41
3195 e81664c5ad32af41
3196 50d5fd824f8ad49a
3197 7a01ee7a9b6ecf42
3198 79077490f098118f
3199 03c5f14516a122e5
3200 849666485a30b408
3201 d66cb1fefc3740dd
3202 892aac1b41bc69d8
3203 bae9a909ba359f43
3204 b87cea84cfbdf488
3205 5cae232f3b6a944a
3206 bfac5272012eb6ae
3207 9e6c9b988c027ed0
3208 eb056ea821750cc8
3209 d9a7498adb2385dd
3210 6507978963f4de88
3211 82f0a0d5858feade
3212 3489cf81f2cc896d
3213 cd27cbb9dfff8681
3214 aa8be178d3e0f95a
3215 39bbaaeb42ffd319
3216 18b0b17a181f7bdc
3217 295839f8e1be150b
3218 63fa70124fba524f
3219 23f87bc27f1ec4ba
3220 75e39edd7dcbd312
3221 e389bbdd133a4176
3222 7bc0fd54041861d5
3223 67a50342d8ef8eb4
3224 50467cba5dfdc01e
3225 1bf59f6034024fc1
3226 ac1fccc8055f4b87
3227 0d94b706f537b984
3228 1ce2faf6dcf48c76
3229 e2c56b9ba2d216d0
3230 b07d44738117cc2c
3231 617c2c6ce4404fc9
3232 981410479127534c
3233 e601361a8028acca
3234 68fefa861d50f21f
3235 78edb341ccc4f1ec
3236 b29e703d8d55aa82
3237 815263ac86034d99
3238 87b591baa6773a3d
3239 1a016153d0bafc2c
3240 d7157edd91800e3e
3241 7a85074295984334
3242 df231def758d8864
3243 a78aae6d7f3415c6
3244 9fd7bfcdc85394d1
3245 8c9601e893dbe658
3246 22f464e9a8efe1b6
3247 05ce5534ca1f5ff5
3248 f963514a7d7222dd
3249 7ee760965fe39011
3250 d024570765e1f068
3251 36f5a0f4cdb206e3
3252 ec1f680b5065b21d
3253 f5e0c9f44e2b65e7
3254 1600a04abba3f1b5
3255 86a76ec0add317d9
3256 30c4a0877b901985
3257 9c219df542ec16d1
3258 8a73c56b370c6b34
3259 0e97ab043397d436
3260 522f4e045ecc642b
3261 d0d437321bd55a99
3262 638b1289a8681165
3263 60bd01595d9192fc
3264 be325eafc48e6d27
3265 881535cc67647df1
3266 c9b6ee925f3624e8
3267 1d46b0eac3ade158
3268 93975057e9829090
3269 6fac7a618993d7fa
3270 cdf95b6a9c939bd6
3271 e0481d47cb2a30c9
3272 f276065fa15484dd
3273 e099bdeae58e0b48
3274 206663f3d901246b
3275 74a18f12afdf5b9b
3276 f94018c087d544c3
3277 55b189b3669ad6bf
3278 f199e2ebc36ea10b
3279 4728be1ac676a8a5
3280 2f4714be64436e55
3281 75a47a72349dbbef
3282 008a03c90a27bfed
3283 a799fb84722431c7
3284 b46f4b81648981a3
3285 404e3ce921fd2717
3286 acebe199019a1bd6
3287 6ada4093c7ea070c
3288 74befd1ef687e80d
3289 60dcad752cc26d2b
3290 0d193ea23bd7f5fc
3291 e5ea8279367fc6f6
3292 aba1dc27b9d52dc7
3293 c8a85b89ad3918ee
3294 91ed531f945de7fc
3295 02234bde96a2678f
3296 a39291f882192c8f
3297 65257d1e181feab7
3298 536bb94071a85ab0
3299 230eaa6353da2dcb
3300 1006592e3852218f
3301 c2bb796434f08d15
3302 c8f9cc88229a2f27
3303 db29c367b4a82c7a
3304 891e61096cdcffd3
3305 b76f33ffdac14839
3306 b1779f0f17766c24
3307 c1393549503dc92e
3308 fa29689b39499517
3309 edfec0b277091b7a
3310 aae09d6d401cd720
3311 f4fe54f23d8a67e4
3312 72766b00332f9d9f
3313 d7a4babe4d77a2f5
3314 9712a4fff843b000
3315 49616979a77436d4
3316 9f60e6884cdf94f3
3317 9291e31000da9c49
3318 0152fb0cbe81fcfd
3319 737a20dad1fadbed
3320 93ac88539ddd90de
3321 45b1e48edc0a43cf
3322 12dbd668232b00e2
3323 54671e367ba981ce
3324 94afca08b2d3e146
3325 d071bcc758df56f8
3326 6abf0886984216f0
3327 f387a42f15331ecc
3328 6d93a85fe4f15822
3329 4e017b7558306cc1
3330 dfc45f8e8b758de2
3331 6066c4fe78e12a44
3332 31b8fec5c74f41a6
3333 8f4555fc03eef5e2
3334 43a46661fe691e31
3335 b821e2403db3401f
3336 6169ce003189260c
3337 5e9cef2f6ee9a1c4
3338 bbb8421d47869f7c
3339 97d856b8953acaa4
3340 0a470581a58beeca
3341 911c674069413365
3342 3732d425c9c7d77e
3343 909663188508ba68
3344 7f4b8f666b3f7c06
3345 230b2745f9b4086a
3346 04b0a33333588b9f
3347 eb8d66abd1f2ace2
3348 60961ff63cf4a126
3349 2607237f15f7cf2e
3350 2561b39acaf68863
3351 ca07ac3e2693f292
3352 13510caf000b74a5
3353 28a56ad1c154a04f
3354 83b4db01fca302ef
3355 2ad93ac8ef728a4b
3356 59d00e2f3968f207
3357 937ff43f92e414a7
3358 d16dca50cb50fcb4
3359 24330e0fc3b9fcbc
3360 4f3d4c6b2f6af304
3361 50e0994e1e877dee
3362 36257bcd89de0a70
3363 e5a907200146c52b
3364 bd1c7aaf5e186281
3365 8ad4d7621fc4d44b
3366 cfddb4b0f563e6f9
3367 0290139f292aca54
3368 c56739c4fb1670af
3369 a9d50a8456373b1c
3370 5e114fe189732d65
3371 5e147eeeba48d74c
3372 50a3353f2d4953ce
3373 4d732e117e57f79b
3374 1ee0867c78cdaec2
3375 c68eb375aecadb97
3376 024f5feccbd3232b
3377 50f8220354da742b
3378 c5bfed9adbbe12de
3379 228db70847f8a69c
3380 d279c406ede413f0
3381 0c8f709b8233fd51
3382 c8848219a1cc3020
3383 90c8580ac50c24a1
3384 db0dc3e62cd283b8
3385 901d778df33622e2
3386 5d42140aa8501c22
3387 855019ff83f7d34e
3388 e47b64f8cdcbad54
3389 21934d28230ce632
3390 d4811389f8d0a309
3391 db8e95e52a9348e0
3392 9ac3b288855ef763
3393 a90e7fe421579b09
3394 b1c8e74feb6acb03
3395 47578c76dfb6e942
3396 ad6cd04cd19e7afa
3397 34b2c04fe550c238
3398 fd8d6774ef03b1fa
3399 e9eb7bfca048fba8
3400 e80c827084335829
3401 8f2b2090d1e22082
3402 3c91e696da9c4d2a
3403 4072487156ad54be
3404 a8f75699b12d9bd7
3405 d3586049775d0584
3406 7c7a1d97a0dcba36
3407 fa8fd6794d358616
3408 3ac9c2c99682ee07
3409 3b4b23fe213cea90
3410 4c2e8120e8d5224e
3411 5bc299f90a903a74
3412 af30433d331ea714
3413 e9f7a09737277658
3414 90453431f3367aa0
3415 b071489cbd96d96b
3416 0ef79105cf7e9e00
3417 02b23a7e0e01189a
3418 2721e2d8dced0ceb
3419 cc02c9508f0f227c
3420 ab850730325660a8
3421 08fb068100e1e120
3422 11f72d5c12341371
3423 b882439703ddecc2
3424 a8c1bfbd63383d69
3425 af528b4753e116aa
3426 dda1905cff0ca046
3427 e51bae35e44b4945
3428 55d99b4eb92e43d2
3429 179a2d5d8e1fb4ea
3430 13d6f9d13ae4ced0
3431 97ec988e90a4d9f9
3432 503404dd9e1b821d
3433 3dd7ceee6ec55dcc
3434 032b6b504c7ae543
3435 7e09b22a667f37c5
3436 dc3fa5ac5f6eccc5
3437 8dc3e274ce6eeb5a
3438 8cf449f66b9297f0
3439 3a882f47c23373c5
3440 5f7ecfd8d090e329
3441 f74ca731eeff471d
3442 5ea43f47001c9cd9
3443 a0f8f82741c7dad6
3444 d551aafbaf3e12c3
3445 38421735599d308a
3446 8d900bbcaa25dd4e
3447 852aed78b35edd0e
3448 4ec99928dadbdbce
3449 c4ee8ee56bb0867d
3450 e3d693b1bcffcb2b
3451 f60d9375587756bd
3452 01d6812b6231919d
3453 625ddda683989662
3454 12a086893afb4c38
3455 bb5aaa6ab27782f6
3456 7743c94b6ef2667c
3457 e459e5a82415baaa
3458 2a9c2cdd254f7cae
3459 aade1bd2c3e92593
3460 dd904abe4c8f7b9d
3461 d045dbee44932810
3462 af2ec89eca4efcca
3463 e1e292a03009421c
3464 7e03b734060265fb
3465 4d97fb21d8551519
3466 8efea1d286347a48
3467 bda93d8c5af048fc
3468 227458aa4c24bff8
3469 16b0665a179fc279
3470 0dd594813f6d32f0
3471 6efd1231ebb226c5
3472 9438149a0d48c418
3473 362a1e27f231b1a1
3474 e43b8cc1d6f8f7a7
3475 9a0440c15362733b
3476 d5f4ddf2d9f9d39b
3477 48fc84e206df8e8a
3478 e989e67bd9028ae4
3479 9736f53f0750cfdf
3480 f36cd03cf7e75ad5
3481 e73c6c17b7985b1e
3482 def0b3f49ea6aac8
3483 793f85c36ebf0059
3484 f7b3ce1e158ac104
3485 7ba07705669c650e
3486 a4c7eba22456d332
3487 e5d5411e437d0e01
3488 e5f51a3e20964dd8
3489 65669f00aaaf752d
3490 485abc7646bf66d8
3491 98938de6691d05e1
3492 36b56f377b7d46e9
3493 6d527d56122dbbc7
3494 6a19a4c8cd714137
3495 78d31885439e09bf
3496 ce1143f51ecc437d
3497 7f7fd950ce003343
3498 b602352577c777ce
3499 3a60aa6783cc25aa
3500 198b7a3d3cd96f9b
3501 9381a8da54af0d0f
3502 36bd90bc0201d731
3503 fb762ee52bb8b2e0
3504 f3bb16fc701e7918
3505 d1df2dd6183349da
3506 ed493a63e16ddfd2
3507 0f020dfd6ae9cec2
3508 3fce3dbd7a51d2e6
3509 9044e48027abbce8
3510 9306f0e2767c4bc8
3511 ac53a6b361000cdb
3512 d8b72e9127d1a02e
3513 d5809b6c6465470a
3514 237181579045adb7
3515 b21a6eaf934c894e
3516 9a00840c7a073de4
3517 c68eebdddc09140b
3518 ab8ed5a100031b4f
3519 2d1c1087d5f54979
3520 86480c00822d5cc6
3521 db1cf46965e1954e
3522 45f537fddfda3b45
3523 a4b0f6771eae9986
3524 07942c60247f8c0d
3525 09c3735cf8e60790
3526 d2406b0e9413cc89
3527 0810c6e7f7c32b0a
3528 dbf4147c456d40eb
3529 7cdee1c1d4162605
3530 14e73d149370582a
3531 5402e3d5477abe6a
3532 7f69ab8920c5e14e
3533 151d75f9ad5812fa
3534 cd17ce68b79d924a
3535 ee06a35232599d30
3536 dfa9e016f08fd61a
3537 19d1699baec68dfb
3538 ef4d2b17df2a48fc
3539 974591c5ab6cbb8e
3540 0f0300eb5418cf82
3541 35a5162bf574186e
3542 de85864a51e171f9
3543 2ed4740d83abe675
3544 350ac20d54944ec8
3545 95bd577c6970b4e2
3546 881e3316191d6e78
3547 30bf7e73d7f81f12
3548 6e32268fb4a08528
3549 4cf7a0122883e761
3550 b5e8e2fec3bd3ff6
3551 6aac7ca10ceb0658
3552 06a5005167233430
3553 c48135ffd9c16d8f
3554 eb06d1326a1dadf8
3555 a09e4057a8597b08
3556 7c469f481c395866
3557 9a2b802c087b0397
3558 97d8d03bab17609d
3559 bde0d85d19def2ca
3560 39ee5889e249f995
3561 782280a2d46d0e83
3562 be9c5ab2a2acde82
3563 47cec7aef5b520c1
3564 d9935aa7bdf2017d
3565 40b9e450372b2a4a
3566 6c6b9b2d0980ee40
3567 7f3e3f14cd501226
3568 3f8a0df730df302c
3569 39ad9945bb39a540
3570 2fc9d9023a2af872
3571 01c125c35327eedf
3572 cd5621d0a9392ab5
3573 d9b4f5fd5c8b79da
3574 ddd88d82dd63325b
3575 3089df82a51b628c
3576 570cacf841028fd8
3577 be3089329f698afe
3578 1bcd8c9cb0c87188
3579 ff835749a2a6fe3c
3580 f74606c9d10a49eb
3581 a9351054e3402f2f
3582 5aeacb660ecb8305
3583 c0cfd054196fb583
3584 7aa0414af9dc5c13
3585 46c7802104ab9ab0
3586 486cce9d23b0774d
3587 1a379ec4ebe092c1
3588 e3afabde17cec1dd
3589 b03e9cf01a85d03c
3590 0aae2c7ef16cc426
3591 9faf632e1a83e99a
3592 3b5ca131d36f018f
3593 42b286f3e583af77
3594 99c0911898b34645
3595 3128e9158cff07c9
3596 b221f0a500fbd915
3597 e0fe3819f104e8d6
3598 50ee34a8b2f96881
3599 2cb45eab24ba0ed3
3600 22cbd1bd3a8b0e36
3601 3081440ea54a0322
3602 5666fa0620bc1595
3603 58ef1f060e1baba3
3604 531cc9632d87fe53
3605 a0869e83129ed317
3606 71ebceee50db4d12
3607 ba1d153f67219f1b
3608 800e6ab13466fe6a
3609 f921014dd604f692
3610 581dfe1c53e3aa13
3611 aeb80850ecc3d51e
3612 4631ba702ac4b3c9
3613 8b086a7e40acf598
3614 f732da2f4d096ac8
3615 92db667155aae928
3616 0043eff578f2fd1c
3617 902348b392160800
3618 02725f115c91f92e
3619 94c1138ecab20d9d
3620 bdd83db79b27c9e7
3621 cae8425b5a181a15
3622 2c1319f8c2575e3f
3623 8087259741c221e3
3624 fa96d53b085377ca
3625 79aa3b442626c981
3626 8ff0c5b66cb1db58
3627 230d9502ea84c745
3628 f1d70d567b0a2967
3629 0645af6eef9674cc
3630 1fe4cbc2d8d9e40f
3631 41b079788b0625dc
3632 84f03fbbc1ffdd28
3633 63edb526fcfc6bf7
3634 ee597586f3c02be3
3635 ab1c5771849da351
3636 91961bdfa7fa4326
3637 63a02de4c6aeb0f0
3638 656f7f2447c441cc
3639 28a8b89a49f60a63
3640 0af3a3e19211cd25
3641 97b2eb2b61dc55bd
3642 669e74b87704fe15
3643 4d2d216468b96c75
3644 a21bdb42f22d6f4b
3645 808d434510d6b251
3646 449cda3d9d87776c
3647 b9e5d42614052459
3648 b5b9ac0d075b81fa
3649 5b901cbbae701200
3650 8df2f4d96866c547
3651 4dfc990d0b6a139f
3652 728a224d926a7403
3653 3df50d66557323a2
3654 52452302a9feb25c
3655 2542ae3dcdbab45f
3656 be116a32bb780926
3657 1e137074d0144388
3658 5611547a08922302
3659 2183dfde4a907c8a
3660 a4ca2d2ad3caffdd
3661 b6f6ef679a9aceb3
3662 b63cede840888c28
3663 90760170a371183f
3664 34fff08010505c9e
3665 62ec5a564e7b0541
3666 9c5c9f1acd2b152b
3667 b7e35705a014941f
3668 7ab16e612377bb7a
3669 a34d96a408577bcd
3670 d64a9fdb06b52c6e
3671 c5d8262ba2cccc05
3672 2b331997791718f2
3673 e6f5c45e4d0fd5ad
3674 a8d966e8eb71d829
3675 fe565f427d783fd2
3676 54610a06054cafc4
3677 ff56b2668280d0ca
3678 142a2087d5b44b5c
3679 ec04edee5801f8bc
3680 7034ad579bbb405a
3681 e34fbc1fea6c7449
3682 b18acbd2c835284f
3683 6d6c24c75d61c13f
3684 9c3f49b792eff580
3685 a6272f184dd6c7d4
3686 44cbb6e45a6544d1
3687 994edb8358fad0f3
3688 6cb9baf04987e67b
3689 e1e739b241d022bd
3690 2c9b6ddb7b80ba39
3691 1fb536caef7222e4
3692 51cb287456b067f5
3693 96cb6042ce4e2f76
3694 06e07646a80d793f
3695 b61b270bfe603490
3696 aa6f2be1b390b393
3697 566ca7565384d580
3698 9b5fcbe87cb920ae
3699 4eb29415162b63cb
3700 9f7fa54c292309d4
3701 4e20299bec449d31
3702 6f95fd6ff34cd11d
3703 aed3e8d091c78b59
3704 81b1c4549ef83ffd
3705 334e8b74a8cb9288
3706 71778bd08aa9e55f
3707 541be41e92412f3e
3708 541d12cf618ab421
3709 3e74814c2e46cf09
3710 729c29220c3bc600
3711 8388247e5ab2878f
3712 28d38880d4884e64
3713 50530722a79390f1
3714 200d5771f548230f
3715 edb57c9f5877d539
3716 3eac4da8be0183d6
3717 2afb3a0390157857
3718 b11d5e1f65bdeebc
3719 31b6f6bea8dde95b
3720 9f9c8a49ce37a534
3721 4ea3a4de82a3912d
3722 251d2ec45663eb70
3723 96bcddec8373ff7b
3724 8c4e1d82272fa32f
3725 5436fe6918d5dbe2
3726 787780dc4ffe15d7
3727 7ea401841147d14e
3728 79132fc902e609ee
3729 d990e2e9ccaf66f5
3730 d018576c6f05f370
3731 7648b11c2272e299
3732 ca19994fd8fb6ae2
3733 852d3ba1be76bb7b
3734 9ca5f18ab63cee08
3735 6070a1a2ab79ac15
3736 61cc56f2257ffdda
3737 a3eb3ee264be1e17
3738 90cf62d02228b4dc
3739 a53c1306bf41108f
3740 dbd2d538758c856e
3741 ff550f3b99a6eb12
3742 afeaf884c2b29b40
3743 37b96b80a9a32dac
3744 2c9e8a01ab926fbb
3745 22060497493cd163
3746 f6ceb7767821eef2
3747 6fc9f0f01cdbb35d
3748 25bce33fd47cf472
3749 958c3947091ee9c9
3750 36df0e2aa6d39143
3751 47614b3fd887866e
3752 88aa52a32b975939
3753 294c12fcaf8e044a
3754 2a68c4745eed2f38
3755 1c77140fbbca8405
3756 565e12a0a94544ac
3757 72998ef0a3501b5f
3758 e01f45bb47f73933
3759 653d23af1deea502
3760 1ff61ae5e623c6a7
3761 ba3fb0960da1373e
3762 9516acfa65e5b1b1
3763 16fc821f0ae510b1
3764 cf8b88242da7145c
3765 bf98eb2d6a0402e9
3766 cb5c5fa6fea244e4
3767 4f3735141f599b16
3768 dcaccaca381c4b55
3769 c4801fcff1dfa77c
3770 df32fe731b1cd145
3771 c9e98f8aaf795c57
3772 df235d56b2c6cd8c
3773 2813ca25c6e3fb1f
3774 f40a281925f67a3a
3775 31c7c9001de6fbeb
3776 2d6f3c586ca2a1b5
3777 2172c166a706e9d2
3778 e3719a1bca48dc11
3779 49218c913ff08994
3780 93ee9205fe1d3a3c
3781 d0921a92267ca8ef
3782 372cd6c44daf83e4
3783 487f0f91430900e3
3784 33f79ffec251929d
3785 59463dcf88e6a928
3786 81c41cac5fe67ea7
3787 c6d4c8902c06d22c
3788 a8876ba69a2f62db
3789 f67d7324cb43d03b
3790 9bdad590b65ac032
3791 a3fac9d8db0b4cb9
3792 09a7996a12bd9a0a
3793 e024cdfaecf1c810
3794 430ac1fdd3121f71
3795 d99d98213c6c949c
3796 e8d7200cd327b22f
3797 f8311f322e4f61d3
3798 5f4fb200211e7e72
3799 9bff240e4abfede7
3800 00ec6dbdd423ab3e
3801 51dc4792ae88c3fd
3802 5d58837265de0302
3803 e09c4a1816664bf5
3804 247a903fe8e7064d
3805 be16b09f11fc670e
3806 66132db861d2b617
3807 d4f20db3db52217e
3808 8652d822c74347dc
3809 4e97d2eb9d1745ec
3810 d37a31fc1b2abeb2
3811 47239b59eacfe64c
3812 bf841df660d85af4
3813 b511aa55bf785cf7
3814 7cd7e348286a7854
3815 dedfce741e94ed80
3816 724cb3c825443619
3817 caf045b850ed878c
3818 17420fe171c68d48
3819 dbfdfbd4cabf09b1
3820 bcd004594d89aa02
3821 973266c0e0d56ea8
3822 ab64b03ef2c90994
3823 ea85f8d9880a09f4
3824 fd35ebb06ce83936
3825 6cfcd0a12116f5a5
3826 d84e6c6ce33429dd
3827 4dc481f932720783
3828 45f6d23c5ec61496
3829 07e73dd4df4f1707
3830 ca633518060bcc71
3831 6f72d349805248c9
3832 54d9243e8d7b181d
3833 9d0511e8af691c54
3834 0cb11d76fdb59dfb
3835 b8d7dc8e3c5e949b
3836 13329d047abc51c7
3837 6dfc7f04731eabe3
3838 da4d219784446bb9
3839 4a8d3ee0264bedb3
3840 3c1e997ba50bbc51
3841 c9ead2a434fc8a41
3842 443d32fa9e1f5f11
3843 d69fe851845f46df
3844 ae857a3b9f66082e
3845 98ccc0c161c3c02e
3846 fab509db580b53ea
3847 decc77c215f43527
3848 a2faf7ea0bb413ed
3849 328007440d382a56
3850 2c44c039a32ae843
3851 4b1a740fd727a958
3852 08a74487c8212cce
3853 f8360eeb91fc4a38
3854 68c8f505565caad8
3855 f61adb313481bab1
3856 ceda6d41dded6981
3857 5f10c5795e83949d
3858 361aecb997f68bb2
3859 5661c2ed9438013f
3860 b7b1509021038c47
3861 aabf5ba3f3f56863
3862 e8a11b832a7ec310
3863 cb5fc3dad2f6faba
3864 ea439fa4532a98ed
3865 2898b8af15b9df34
3866 83532f7069c35a4b
3867 75ff613896232cda
3868 a7259897139d6681
3869 d1d0f039f883e057
3870 790ebcce38cad678
3871 d427a07de034fa41
3872 d59855a2222780bb
3873 5484ea794c3953ac
3874 1542e0f6236c3454
3875 ab4f399429c5d2b4
3876 2a00ac9470bf2bf8
3877 ca9a3ae8519f0ae3
3878 3fbe52ae69455052
3879 cf24a09782fa5e6b
3880 27eb5ec662adcb93
3881 8abe455e45455be4
3882 9eef90e2151d1566
3883 a7ba425c0c2e15ac
3884 27e698c8b7cca6a8
3885 c53be90f46858792
3886 ba5b35ea722cca18
3887 e09816d1bc374f3a
3888 dff90115c1b72639
3889 de4b4384adaf33ed
3890 a3d33ae416df3bf6
3891 9b24b169f706e19a
3892 1be31a73c26f15d3
3893 e547cc5c841e7af8
3894 da63a2a99dea05f5
3895 f1a29a4c3234c42e
3896 9581da64269c7925
3897 83100dd431f3089e
3898 a5db1b2299ec99fc
3899 623ae8d345f29bd8
3900 31df558fa66065f6
3901 835bd25b69062f00
3902 cfda27844983b34f
3903 7b0a3ffaf6318af6
3904 600591ecb2b5f20e
3905 249a491127cf4779
3906 e56f6ae43197a861
3907 c9f02b31be3426bd
3908 e0b37847955f0a52
3909 31e7476d9adb8e27
3910 12e074112e71bdea
3911 add31256692ad053
3912 c3501c243c55d5c4
3913 d41a0706ef1b35a7
3914 2f38e4b001708914
3915 766cfaf1a422653b
3916 6458d764cc59a2c4
3917 988d2264cb19e000
3918 f0be7f0d2a29bae3
3919 4dc964e1328a75f1
3920 f14cb0c8e2e18539
3921 840413c857c7edfc
3922 a43f3096cd11b65b
3923 5a90a217a56982df
3924 aee849b5db5f34fd
3925 50719e7cb1b69189
3926 eda3d2a04205e6e1
3927 d9767dd0d18607f5
3928 f51f6540c6e3be15
3929 645fb2f2afac38a9
3930 3e89231cb0720441
3931 56bd4dda45434825
3932 35ab16052d3ad944
3933 8d57ce0d5f816677
3934 80d46f3672556ab7
3935 c0247ff4ead02832
3936 db4a847cb308aa55
3937 ba821895fbccf0dd
3938 fd2ea6232a9d5c89
3939 e393e9db859e5699
3940 197d81617acd0773
3941 1ae18829a5d6c960
3942 ff214fac5d3c8409
3943 99855a4e63e3bc36
3944 c5cc2a2066c82998
3945 c4ab24c8bd49cd6a
3946 b805ce596cf1dcb5
3947 328633693567a700
3948 8d5ee1362b58d3e3
3949 b61db2507ed97277
3950 3e6c1e0397df2702
3951 033915509252d297
3952 9b83ddf8ff4c780a
3953 c4a7cff19701ecea
3954 646c39ab5662a57d
3955 f9312fd2cc71c26c
3956 2879c95524f1d511
3957 192b47606e550e60
3958 be717f8032d96694
3959 d54ddf278aa7390b
3960 fb74d6e1676362a2
3961 a70d95108f2f1ca7
3962 49a9da74ca320b18
3963 8bcf85df8cb58587
3964 6c1d37dbd7194b13
3965 a05d4b7173f78113
3966 cedfb33e074a7808
3967 bb1297bdb9e65299
3968 1318d45c9e58a720
3969 0231aace1accb499
3970 ff2ab487fc46d822
3971 cc5877c5297521ea
3972 699053fb8ca6bc13
3973 3a77d0c024f6344a
3974 c5ad4c147841066b
3975 3da2cc08a899d42b
3976 156fa56a6a91a8fc
3977 fc77c3d37d9786b5
3978 8caeabda7e2ef874
3979 6e97ad1846aabb1e
3980 2e3488a64b45370b
3981 47431b3604e86284
3982 27176ad417be6c91
3983 b70962c92bc5721c
3984 f33035224843a59a
3985 32bd64a5650dc755
3986 b433be8faa0f79be
3987 f2effae68ce39a63
3988 8e6594cd3f8e6d07
3989 aad26783083f7c5c
3990 e20fd0ea9ab9f83f
3991 b330bccd6c17bff4
3992 20eb3926418113d7
3993 9c5cb52005f72562
3994 dd87078a8f3f61cd
3995 b0c80dcaf0b43b92
3996 a00bd5a747171865
3997 eb9765571b17b9bb
3998 57cf54a333085d56
3999 e04ceec18e5e9fb9
4000 bbd71c7c49ee5c60
4001 e78c8cc6f25981c7
4002 ab7b61d2b564c7e2
4003 406cbfaca9f22e03
4004 a255fe39e73943bf
4005 e725c1193810b670
4006 f40a2ca6c1a64fa7
4007 efc7f52aec79bdee
4008 59dc01f8370cc4a8
4009 3780934dfd71f450
4010 19c8d0e08852747c
4011 94de527936f100e4
4012 2f9a273754fdd8ab
4013 b102f44ba230b986
4014 1b5d61fdf45684d5
4015 8820e1ab6fa7d273
4016 8e08f45e53807876
4017 155daba11459eda3
4018 eb09ec39c9039865
4019 2614a6101dc9ab0c
4020 736e26377b42015f
4021 b9a80c6eb2e069b9
4022 4ea486c662c28c11
4023 d749834fc62062c4
4024 9608e837213fc2c2
4025 fd6422921059f476
4026 fdbb8a1b8448fbc2
4027 6f39e66ccbbded13
4028 0def48e4c8042d91
4029 36cdb08180047c24
4030 38ff412b8eff37ec
4031 16b61359dda85ba4
4032 f221ee44265180ce
4033 88aee6486ddea438
4034 bdc9c6f8c034cc9e
4035 35abe1c74caf85ae
4036 d007f12010543e34
4037 10da7e5e51c11d66
4038 b0157425f1937b90
4039 ecb9a92abec5a2ab
4040 5b25cedda75542aa
4041 4c98e28ad84907d5
4042 19b0a78f5b84ce4e
4043 b013646144ac07ea
4044 fc2a51d30252b27c
4045 d0baa32e1d6223e9
4046 72ca972772e0a0c5
4047 785153ba41cc9bd9
4048 158615b457381c1f
4049 540a7b4fbdffcb06
4050 d4e1fad2c7c1b6bf
4051 83a75af9fc22227f
4052 88f0972a17c423ac
4053 71c901cf02d98574
4054 a8cdda19cac08802
4055 60b3a7567fd76f69
4056 eb5af32df8d44487
4057 3e4fe69524ab92f7
4058 42dc65b3d8e31599
4059 ed2d19266c3540b6
4060 1d5449413f6c4867
4061 cfebaf62dea03425
4062 f51b758504ed2cb8
4063 54732745c11b6121
4064 4e502f1c28f44ecd
4065 5ed4c629403c3997
4066 fa2dde80075f20ad
4067 2a065dc8f8ac781e
4068 c9f5cb26fba79589
4069 92b89e44b5a80cde
4070 bd51daed9de39bad
4071 b76f29fb97c8ac34
4072 94bace4906896aff
4073 d55fb3f3e948714f
4074 96bd0eb8a87ecae3
4075 96e79da2259a30ec
4076 91941d5d94ab5c2e
4077 46c8af8ee5fe2b3e
4078 16b3c909a88ea420
4079 bb8d925ecd37b93e
4080 b1425a834968d447
4081 f6c2b7def3e1940a
4082 d49dd458e42e2889
4083 f26ae4f58fab9a95
4084 addf852e93ef92f4
4085 29c33b848ff7df71
4086 fcf7df92c0a6e8e0
4087 bec30c00d5274fff
4088 daa22daa49d9144b
4089 a45cf40a9affdc22
4090 90e6e9224c7ac8c4
4091 6d3150ea068ecece
4092 c15189e739675321
4093 257b2f9678a1edb1
4094 f7b3eb033cf29f90
4095 ae20e81b64d5c921
4096 0f3900460115d1c6
4097 af9bc634760f9767
4098 0dfc827efc49a8bf
4099 785605a7ab2ee015
4100 bf3f15658efba209
4101 cf3dc2df13a72cc9
4102 9f09b29ad574b84e
4103 be15bb452b2aabb1
4104 aae84783924b7a68
4105 62eb55a7d302f6fc
4106 1cc27307b038967f
4107 fa9b30205819d282
4108 a9981a5f0e7a8e15
4109 e737b698f214676d
4110 6e0b961dceb86304
4111 a2db90a68f6d379b
4112 d2eba39fb1cf2154
4113 8954bab488b0b6c7
4114 4fa88ef85cbfc21f
4115 c8ca483f6a7e1fd2
4116 f5e45ab268d28695
4117 4efea9010d06d27c
4118 16374625188fc686
4119 fd70232f92c925f3
4120 2da1a90cff381f49
4121 85e99e06c7f462ba
4122 873a8a5bbfbd2171
4123 983aeb85041aa7f2
4124 e3a9103d95d5f176
4125 e86790a9d669a4c6
4126 dddb587f60a65434
4127 6da9de1fd2fc7ce8
4128 6c07651285c2d1d6
4129 b1d92eb7a37e0520
4130 bf8776bef8f1ed82
4131 e8d6073d37d33842
4132 b4efceb986fab3eb
4133 6f6bf4e2c8c47e09
4134 186ec9db88863a41
4135 2a3af3d1bfee4664
4136 26cc4bcb79687cc1
4137 65b218e34de78ba5
4138 08d33b78504020d9
4139 50fb80ca35e7a6eb
4140 15262070bca99df4
4141 7b8d85ef77ef71ec
4142 64228acfc33eee60
4143 374750986ed8a6c7
4144 029f4b14acba2892
4145 723fbc14c1480793
4146 74da375638cc2880
4147 b45e71d8458444bc
4148 7089fa2c815d00d6
4149 274da4975d0333ff
4150 3d5ee1f3184a7d4e
4151 312a8b430b8499c1
4152 2547a489656a2d22
4153 86a90690f8a14fc4
4154 1d642989a4573ba5
4155 537fd33252bfce28
4156 0b738c79862f9b1b
4157 f3e1eadc568ce1e7
4158 40ff833d13d5316a
4159 a9f4d063637db9ff
4160 e2a53dade6310bca
4161 0ba0565f1f65616e
4162 215a05f6bf3398ed
4163 c8cd950f39cb6ca5
4164 3ca6c0d5febd7494
4165 b972ed8623d2dc86
4166 e36b9f0d9421a877
4167 411c686e9e73b10b
4168 1d0a0c4dd7a33548
4169 01b2d765cab3046b
4170 ebaa4b41fb4ef115
4171 eaded2ec4da4a628
4172 f84f01680ca3c15d
4173 d668b8eecaccd49e
4174 5b8ac298733767c2
4175 a0bff67bdba9fdab
4176 43b71d50f88d13f6
4177 5de83d0004bdd99f
4178 7b188e365fbb5bf0
4179 3f2298aabaf9d4ec
4180 369b9b1eafe7c101
4181 78b1728eb55f6032
4182 1138081ed3745de7
4183 e5ab281e48fcb723
4184 8503c940a1c50900
4185 cda9aea8491eea03
4186 a834364a1fad9352
4187 0a344909db192020
4188 695381ef3486c8d7
4189 c3fc5ce456894bd4
4190 0fe6ede758330cd5
4191 ae8b8024e1cac504
4192 35eef40a160bae52
4193 016071b6af541fa4
4194 dab7ff48038405d3
4195 f52c5c8f8631d50a
4196 6269f5361ae5f03a
4197 2569fdb0c4307f21
4198 f3f48647b18180bc
4199 713bc1f32ec6fb4b
4200 83ee9e0ed4f25ddb
4201 b74503b79f7f3a36
4202 71463109160bb587
4203 3810be7a6fc391c3
4204 99ae8824f0b61a1f
4205 0597c3b888c4872a
4206 27534640874111fd
4207 38089b5f6c34d342
4208 5bdce534c2cade6c
4209 445e5be0f979c21a
4210 eab8916b16d2c4c5
4211 9717d96951d58db1
4212 9e103e99aeb6b103
4213 2aea61bdae8da826
4214 8ff6300d3d82c25d
4215 bb029d0f4377c576
4216 70d7112ea09ec2e2
4217 6523a1b460969644
4218 e57ed79ecfadf733
4219 f6b180cbec0e3903
4220 c787b44afdf55470
4221 6f497d91daefa636
4222 dac8d78a2dc528fb
4223 36f075fa8ab9e120
4224 a74489547b27662f
4225 1b66ae3ce552817c
4226 c0f90ef02a58d23d
4227 f84146340c7521f3
4228 36f5a2ae4cc0d5f2
4229 fc7b5188f8d277d8
4230 8e097fc2a3186b61
4231 3b4c958797ea2c94
4232 7dd13991dda3e6e1
4233 973bf98d6ce451a6
4234 281d121ed59fd54f
4235 81ef9505dcd7783b
4236 be9f09beb73899d0
4237 60bf4a2f8f058ebc
4238 62c928f7bda72952
4239 1c0dda2b867a83cc
4240 01a4b414743d9fed
4241 3ee8eaec5845dc71
4242 65854f7b3e7a7b59
4243 81ac7536435c895f
4244 fd7d03a77275e9d1
4245 7aa199ee936435a5
4246 fb53693a446576d9
4247 12ffae03ee056cb1
4248 42ece2a29df902eb
4249 00102b179e4e6ac8
4250 526ca5e8f07918af
4251 db11b34003cd8b08
4252 b2f1870b52e45d4a
4253 6ab85b44ce99c35b
4254 f623ee1f638febcd
4255 5705dac493413fe5
4256 46d9bd1a9f214882
4257 b528ef7979a30664
4258 0dfcfbf36431fbbd
4259 f4e193014e992d4a
4260 892df4717b67d748
4261 ca13effab2e17e8b
4262 2885a5974154e50e
4263 42ebef8bac73aa30
4264 83afa8618f15cb9f
4265 15e78f8d1f12950b
4266 1500830265c264b7
4267 edae1045bfeeb415
4268 962fa1559c3bf86f
4269 23ede6d924a52b1f
4270 7db54961b38e40be
4271 a83930ee164381ea
4272 1a42abd5f64b6c03
4273 b1c9c41c3c64db32
4274 a2480432e6231410
4275 fc867ebf9522e81d
4276 331a27ec3822a39d
4277 f769cb52d4c9d698
4278 13ce447c5f7d0021
4279 f4639125c222e4e4
4280 d69fba8de83ec958
4281 ea4b6e68dbc4bb65
4282 c6ff019766bc9d2f
4283 a1f380d4ce34f761
4284 1da5e2cd1709ca18
4285 872a5b52ad8bd2db
4286 bc52c1ba3bbbe28d
4287 f5f78dc2f6126675
4288 b8b5b0fa76d9898e
4289 5c697dc80ab1a905
4290 24f243aef4849d22
4291 66ab8a03c6b03ae1
4292 5841a6a6410c23e5
4293 a6eb252db4e82b01
4294 d63f21e6cc9b485d
4295 433ba6d4bd794522
4296 ee835257a93a366b
4297 fb16cfdd7f188e45
4298 14898010534cb5ea
4299 0825c67952d71e04
4300 995b90993697fa04
4301 7979754ffef96018
4302 74db74dbba077f7f
4303 5746a5690d9b9fae
4304 4300ebcae14c7241
4305 7c21c0df05624809
4306 906e9820baae77b7
4307 da2cb5457c48ef57
4308 ce95bfb6cbef9431
4309 7d3907bcec33f788
4310 ea47a14aae2ac5b5
4311 2b65124499aacee1
4312 3c00bcdff3903f1e
4313 b8935d12f242cfb2
4314 89d51ce38996a7ab
4315 c592c75397a9af35
4316 882f9fc308e80d2c
4317 6d24b1942990d8eb
4318 2861783a52504ce3
4319 19a8bc3e095823bb
4320 d4bfdfc906dfa171
4321 6258b854ba6aef1b
4322 c84ffa63aed80f44
4323 4c41a7ada8ba377d
4324 3b8570f47fde863b
4325 fdcff7d5a0c731e7
4326 071b1d1dc88f6f77
4327 33ade2ececad617c
4328 b29df4821dfb1097
4329 bb40b5d8417a57c0
4330 4bf593010a62cfa1
4331 fc002c45079b105c
4332 6bf0f0f3fa0f6193
4333 4804656effdb1c98
4334 7c4b12301017cf08
4335 b61fc88872c244e2
4336 29469ed22c9f67e7
4337 c4dbfedc5b0b3b54
4338 ee55cec96a67ca71
4339 36a94ee15144a95f
4340 6ce63ed611f75961
4341 88dee9a780fef6d7
4342 a27feffa735aba24
4343 b179da86a020e842
4344 335632403e90e72d
4345 aa6ed5728e4e3da0
4346 bea0ca3069428116
4347 1db01595e9e26355
4348 0c687bb019ced96e
4349 9dfb86e683df3667
4350 c4a8cba53a1e7953
4351 3d769c19578420b8
4352 3e1cc3da92439c87
4353 ff88ad51d3a0c936
4354 ed5738c71fb2f063
4355 5d09f35ce5780fec
4356 9650c30cd9ce5d8d
4357 e6aec8900fc152cc
4358 4a4e72d4854d0fa1
4359 e24e8c08b2b353c0
4360 cdb80a8afb29d587
4361 b7ec9c5c021cfc0b
4362 f3cf6a8ae2a487ab
4363 66d91ce43851585f
4364 a9ace90c81b4c71b
4365 14f06d57541f79b2
4366 62a8654d4e2e1339
4367 61aff1547569e097
4368 5d39dbb66da5804d
4369 13936eea64c39634
4370 7f116141424cbf72
4371 fea1c9bb947f9095
4372 d9a96706e25b719b
4373 004c48e33ba51250
4374 3affc309bbca5413
4375 7159fa0b1d6381d1
4376 102cb2a58051e25b
4377 3755f174ab3d750f
4378 9de91d5eaaa7d05a
4379 673c41b21d286acc
4380 6e146663437c291e
4381 c1e919cf86895610
4382 ae5866a6143053d7
4383 042d58718f23d197
4384 4bd6cb8e8342b8c1
4385 990fcfa024d6be4b
4386 50b155c132dca8f9
4387 747e9c927015da70
4388 1cf5b11fddd72fe8
4389 8fe698b92e752e02
4390 88db31d4c9fb7704
4391 64004ed94d11031f
4392 a7c68feb44edbfb3
4393 31d5c4720fb4834b
4394 70bcc49b92e49ac9
4395 c5d186995dd1f280
4396 795392f15fc762ec
4397 a87e4b48b50a0ce4
4398 f8032fefc5cc9920
4399 1cc7c15eceb93253
4400 5886f8599bf39112
4401 1647339a98d6e34a
4402 40509a45427102f7
4403 de7f101e695c4c39
4404 d8f9845cb10cdb16
4405 7e3d52a4909aa7f2
4406 e2efd53da198137a
4407 540fe260b23e8795
4408 a4d3eeefd78778ba
4409 49b7a8f517f9cced
4410 b18b64668350219b
4411 8c97981cc0848f19
4412 afa8cb0110865c9b
4413 e3dd0b61a8a80425
4414 42ef44211050e1f2
4415 4e0ab8965110124d
4416 27cbc1cac8f15d61
4417 c73bafdca0a7d4d9
4418 fa908e48a65f2155
4419 dfd8cae215038000
4420 0eee1daf911bd0a0
4421 9dc0189615425a0e
4422 01ff438975531324
4423 23fb35555a4e750e
4424 206086eb2edcb4e0
4425 801b593b2c5b0a38
4426 668abd5117c3779e
4427 2a5820f2e3ad95b6
4428 518949472e83bc14
4429 70dcdb7b1a9d9a1a
4430 d63ce6a7eb3b228b
4431 212549bd1a12012a
4432 8cacfa468f4b25b0
4433 9d97d85ff05300da
4434 2adf6a1f249ffdae
4435 0625accc72e3ee4c
4436 e9ba6af4334f558c
4437 78e7dc1e39564674
4438 a45de4687a259d0d
4439 184a2d0292247adf
4440 4bcd05c436a3edf7
4441 50936afd75df7e8d
4442 3cac10ad8a8b426b
4443 a3acc192ed970cd0
4444 d20015d67cb5cc1d
4445 429472ab16dd1e86
4446 59d7c6f36aac5bd2
4447 0e901d3abea3400a
4448 2d822b3048e1ba9d
4449 1b3b3c68b0eb20a5
4450 97888981bd011289
4451 69cace4c9a4ad82d
4452 e429bef1992f8cd0
4453 3c09222eb7d607bd
4454 3d1ca9c9808d40de
4455 6e71125637701400
4456 77eec927f74cb5f6
4457 14f560510fc5e418
4458 9c184d055d9a9541
4459 ae8124284839c852
4460 0cb6e35607cf23f8
4461 534039fd45a7ae39
4462 72f2fe2755c77203
4463 673d35a35b103521
4464 c9e057f938669e5d
4465 0db2d35bd259e44a
4466 716e791c30472f23
4467 73680cf0b7b7e176
4468 175dec748d77605a
4469 66e59a941af4e508
4470 b2deaa5c418c9820
4471 4178d37413e62e0e
4472 f7cf0595d58e361e
4473 eef44d1bf1eb50f0
4474 910df8a9b847bf9b
4475 39ea7bdd7c249f8b
4476 b97feb31d1e862f0
4477 76e1b1ac90a2d2af
4478 d089e7a780d33fcb
4479 693b7e52253e4749
4480 d0df0ef03200eb17
4481 b5ae6523e445ee64
4482 a3c552077295ec67
4483 fb65b738d79fa8a2
4484 5595e85f10e4732f
4485 45a4521f276ad903
4486 5c4bebacbc1adf74
4487 ed7374724b71f265
4488 7dc74be12dcd4716
4489 da60385796a2db05
4490 58102724cf2e4cba
4491 d0b59985bfa4d581
4492 9c03f5effae42d5b
4493 8a21de3cec318bd7
4494 37dcaee01a8278a9
4495 440aa7c758dc7c4e
4496 5ef469b31b43c2ab
4497 0a6827aada320133
4498 45bebc61b32bf661
4499 407c214770ca860e
4500 9e0548a91e0b4a94
4501 86269bcd65534a27
4502 66c7f489f48e8a45
4503 ebccdc3ae07016d7
4504 71e2400a4eeff539
4505 652b294aaa48de29
4506 a5a4a38480efa20a
4507 eddce1acd73361e5
4508 6e7e1a29aa6ca661
4509 a9f58dc7db3bfa26
4510 1bae2b92d54152b4
4511 575c0621505ae1d4
4512 1214ec5ed716452b
4513 2168a3635ca7d1f6
4514 9eaf40ff365ee420
4515 eae991433f8eb4bf
4516 f0390997a6780bda
4517 f92ffc25e8d7f7c9
4518 d902111129896bd3
4519 defb148ad7fdac48
4520 6c39caa4c52f6a90
4521 7917e590de400b22
4522 2af8da1cad82d8f5
4523 006a07df360288cf
4524 a05c42c634b2d926
4525 50f0d8294e8f6939
4526 9e21352c4595b6c2
4527 69592fbc9a524e9e
4528 cd86778acde37d27
4529 61335180f351e200
4530 7bc5bb4ba735c4c9
4531 02fa92f85a34f0e7
4532 9864d51b6b25b974
4533 6dc3c91e0ff9bc8d
4534 94a27e52959b40b7
4535 1c7407314b855a6a
4536 3af6f2554b94412f
4537 d263e19f1aa27673
4538 86e6e31c776398cc
4539 32bb0c015034b1c0
4540 778e11bd28e68003
4541 17abe5ead31c9c96
4542 58ee606c85633e00
4543 83128ee4c4c8438d
4544 a29745043fa3120e
4545 2da976ec01d8883a
4546 86e6b1318772b74a
4547 fcaba48a3ac16c71
4548 3be44a6e4d646523
4549 8b87d584d653c9b0
4550 2f964842b25991f2
4551 ab4773cd7ce5fb6c
4552 03e277f01548030e
4553 b419ee202b7df25c
4554 31cbb02dcb83c6bf
4555 17620d4f72424c05
4556 f18fd8ec7afc8c62
4557 dd48b67c857dd072
4558 45d92b77dfe6a572
4559 0cd569a492e8d631
4560 086c4f197be6b1bc
4561 6fdac017bdbd5af4
4562 ddbcc8049888cffb
4563 9cec3c463ebfed95
4564 5eea4c96e89e8dc0
4565 96560e15595101cf
4566 78f319f2ceea5f0e
4567 1355649ce822a2b9
4568 9cd9826a7484789d
4569 1828de6315d02ba2
4570 1c5753c7a45b409b
4571 a7189495d167831b
4572 066338b6d8629015
4573 ba72551b5b60a562
4574 5e90aafbcce265de
4575 d3a064ab1a00ad79
4576 0d7ecde26565367b
4577 af7cbeb4625b31c2
4578 e47f3536b04d4f3e
4579 49c7b8997a1635ec
4580 5dd6693d2100a9f8
4581 c03203651c25dbcb
4582 07025617f6286054
4583 5b01b5c8c9b08057
4584 946bb9a4ae7940dd
4585 60515de0278c973b
4586 2e174b9439b5b489
4587 8aab5b1878d06e5f
4588 032ad6e78ac03bc1
4589 3e2b67d377e5af3d
4590 fac482b20f085726
4591 a8b93f18abaf9dc7
4592 92f5c011d7055162
4593 63d8c0cdbf5169c2
4594 f0df7fe20b98f608
4595 c4f9abbc55564155
4596 d5080c78e422d9a5
4597 63de63bc810ef894
4598 5ca080a9c3995f2e
4599 e7f2d51e805689bc
4600 d62d582c88a616e1
4601 6d67c3f9b083cd59
4602 231fb18d10a6f95e
4603 0f2b5f48818a84ef
4604 29c4415ede90c187
4605 e2d910ee10485f1b
4606 24200d4c35e154a1
4607 d0e81a1901419860
4608 95843a863f0ea84e
4609 0654a4dbbeca0ba8
4610 fd9482232f2fcda2
4611 80ff0d4b961f0ec6
4612 c5945cd34c7e33b7
4613 40ae4b1e4ec16a8c
4614 48dadd9a324b1912
4615 597fe6d6e6213f73
4616 9dff76e683ff56e6
4617 8edc7c79a1d00f5e
4618 27cfb315cc8fbc49
4619 a1a038f48d6322d9
4620 88eaaebb4fe5e899
4621 31bb92ef8b8c69c6
4622 8b52ac6ca278f870
4623 60422901157bfb23
4624 3a4032b3cca75d05
4625 b5b5a17cfec7f94b
4626 0977781d1f2cd4c7
4627 389dfece8c62e773
4628 2f3b95955618d4b9
4629 b5d2100f97b32047
4630 0c456a84be3af9dd
4631 ee3370f2855dd590
4632 bc2deda8eab208bc
4633 0afa73462df163d6
4634 d3c465893012bf50
4635 c331549b7e81db12
4636 cc58822a2fff7874
4637 65d763caecd7ee5a
4638 26ae9c9a448c8c55
4639 f87ae3c54004ad02
4640 3568f19e28c6f76a
4641 9c00399e0525c50e
4642 47f0001ff20ee805
4643 8f84f921f256f7d7
4644 455e3a54d300b3d9
4645 c508967083fecb94
4646 46fd2822f90d7446
4647 dbdec03d27e254e2
4648 d52764a6d2e9f1be
4649 4a1308fd4b8b781c
4650 c92782a13c8e3e6d
4651 c035167d65eab80e
4652 5c5d073ba27558ce
4653 87dd3e09471008e6
4654 89d14f725f2a9c2e
4655 a930b32ab393526a
4656 3f07bf767ba7609e
4657 fd2f8c8346e82c30
4658 3d2743a00f0998d9
4659 bd0d89d0f8ba453e
4660 51ec153087bc4d8f
4661 5681ebb60cf02480
4662 ed53dba0644d1850
4663 109d4ddb744459d1
4664 b578a92d998862fe
4665 b875dc3f7b250c60
4666 4a906e3d62f61edf
4667 ca67eb5db22cf33f
4668 fa984f793608cdf4
4669 f8608f454656c9ae
4670 cadf575ad7f9473c
4671 f808f106804baf91
4672 a3d86fc6e0e339a7
4673 748bb21b88a82496
4674 61c3d35d67a162b6
4675 639d1bd456a33402
4676 e9eeaadf2cd39de6
4677 b7b4fa6fcbfd84ce
4678 2931cb3640561422
4679 44ce5373070fcc41
4680 81d96f704f554cb9
4681 b14a593c21cd976e
4682 3cce75c1eb3e5353
4683 20741937f73494bf
4684 43a9fac83027a465
4685 93760016da45e72f
4686 a9c2ad9e87a66b92
4687 25fca58cef7f9955
4688 e011f9f62f2613b7
4689 5888349bd747c66b
4690 b002b96c60745f7e
4691 471daad6fe6b7320
4692 89da2a9d7251b37e
4693 8170150ce8264e03
4694 8f5d086bcf60d34c
4695 e754a8d6c770c0ab
4696 dc835d363c3f957d
4697 19271114bda8ced7
4698 bf1640a21f3d8852
4699 73937417f57c3437
4700 0b6832f4abb00549
4701 06d2ec9e8ac3f67d
4702 10833250bba4e7a5
4703 4f8cea7756c38e5f
4704 5a96d1ac7708369f
4705 39db6ed42d1bd01b
4706 a17e6beed5071975
4707 13e8b82664c7ba30
4708 e833b6bb757299cc
4709 4f3e98e5b55f2b0d
4710 bba93d629785bcc3
4711 61b63b9808228146
4712 4855ff8512ed6967
4713 9babcdd5b3e300f3
4714 51ce544c246a8f2a
4715 d15e6493480c2aa8
4716 b8ad3b6dc65b15f1
4717 3922633adb1dc00d
4718 45e3e049fbdc6087
4719 af043e37a238dc22
4720 dd2cf8283e3fc1cd
4721 e32c43508d130b5f
4722 e0a810a14d406fe9
4723 75fb1fe2abce6b7d
4724 43e4f5977ed5a84d
4725 72bb8d7ce483c4dd
4726 1536492d5030032d
4727 4d5f9a7455a5bca4
4728 46edf278c89644b8
4729 852d0af7d40b794d
4730 f5e3436655d0d764
4731 31600b5900bdeb94
4732 be985c9308a45c48
4733 f3eb1ff7545b6df1
4734 e6d9d3b0e6797a0f
4735 d625752dbb11453c
4736 c62d7f5d55241a1e
4737 91159285a831ac4c
4738 1cc4e94ac7452425
4739 fbcd4bc17911b5dd
4740 721fda998f4b4397
4741 1450258d97a99210
4742 6f936a86e9e84125
4743 faef26f7118283f2
4744 282906e3429fb502
4745 2f9a339107cef704
4746 3a2115526187d1e0
4747 b523df5dc725c01e
4748 7ae82cf868182f04
4749 bc61759729e52156
4750 380a479fd6335d96
4751 4252eecb2d70bcbc
4752 796b84f4cb0aa7d0
4753 87e30149b5c0d584
4754 1329fa64b0578c90
4755 9acb8f8e9cc9ac7d
4756 6fc8f1ebd615f27f
4757 54ccc58173311720
4758 ee0f537e35b879ce
4759 663f20cf42746dfa
4760 9565808e930f860c
4761 348d45345c9be2b6
4762 2fd9991f2ae94d2d
4763 fe0a85cf7edf89a7
4764 f46a44c6e06f7a32
4765 eb6dbcce371f4a06
4766 a51bc64e55a9fe1a
4767 f17dc5713c297c33
4768 d73abbbc86b79ec0
4769 ababa6a8659475be
4770 a3e0b792822832e8
4771 242a1d410dab9586
4772 55131c4e4df2102f
4773 532546b5a0e8cb96
4774 714f40c6bebb465a
4775 360af3bf0e2d3e17
4776 32a8e81ce5426a05
4777 c268e1ffb9c6cb0c
4778 4dcb81fdf4925ccd
4779 2d9c9ba6294d416d
4780 588c6978bfeb0135
4781 349d0670f1ec003c
4782 d386ec941fbe44c2
4783 467a5ffb90d38d9f
4784 f84bf8564c3d9c15
4785 f7152a0f6a34f566
4786 cfeb1e5828766dca
4787 df15df66e0196d46
4788 1248e3097b1ce75e
4789 d0ac28248a2f1ecf
4790 b5661c95ab518e04
4791 def0e9affd39c9f7
4792 ca5b446eb1a3244b
4793 81b220473c30f34f
4794 8d9a38096be2416d
4795 5c8635785d0d0ca5
4796 7d94bf05780e082b
4797 f52536bfc24a52fd
4798 5bde8e4ec35332c0
4799 ef29c00ed4b04747
4800 ccdfddb0910a0951
4801 28bacdfe5e401c29
4802 0a0782074204820f
4803 2f98ddde69d2557e
4804 770666b9d0b0a538
4805 31c55f8a8b72dd03
4806 f701d3929d462969
4807 7d968dd98b6adac7
4808 00c3bf36631ac8d1
4809 7a255296996d8c3f
4810 cfd25369c6e97b3c
4811 7469cd627bbb7cf3
4812 7633a06e3961abd5
4813 d32803cc8232ed61
4814 fbf146d61b1964e5
4815 31d5078f6082ce4e
4816 562b1717a9285e73
4817 7e8175c13f3b9747
4818 c381c322e4418e75
4819 d2ab8b21a6354311
4820 e8b7529ae8ace3ca
4821 75093619c99d0445
4822 bb83f5452e7a3877
4823 ffd12abccd026ed6
4824 ddc8024fe3725097
4825 1ae452429525a2a7
4826 c0a385d21d353840
4827 a6cbc1d25d4b4cb2
4828 51b679b3fec50eae
4829 ea7300305fb77361
4830 017d3a237248764f
4831 49a647563d06b192
4832 ddce4c96a6c05006
4833 c068ffa981272543
4834 de0edfc4134d0a8d
4835 a2bbd11474c3a1c1
4836 adb0cfdcccf8564b
4837 15e94134a0ba56d1
4838 eeb89fc99a074f1d
4839 923584c82a6c2798
4840 7c1f5b7e4e3422b0
4841 8d8d3908586957f8
4842 237665e8ccd86806
4843 be1870334c581c0e
4844 c5c117f21e4cd4d6
4845 1aa2a38da460f9fc
4846 3c437c3d7a90fd7f
4847 0930b210bf2cd520
4848 a503e89857af3cd2
4849 c9fd20d83b8bf650
4850 6211b23e3e00aa59
4851 173bfb22ea612351
4852 4f58a7066565108b
4853 2579de994bdc1e1c
4854 3e5d14506fdb8a28
4855 9190d09e3a50c2de
4856 f551a983cb76937e
4857 bcb48f2c3890dc90
4858 73cd3e5d9c7b01e9
4859 ae89a1cb3901047c
4860 2cdecb1e90f09106
4861 fe106b155f7f113c
4862 c3c89c9f9a6807bc
4863 dd8fae5fcd35bbbc
4864 43de0dbc19668bf8
4865 24424f1eb35de82c
4866 08d8b63e58349a70
4867 1503c373bbff0e4a
4868 ba4bf61805afbab7
4869 45e33e33c1cf4f7e
4870 2d9a1f847c0ba8f2
4871 a4d0c08119ce88f5
4872 7937bb41d997d014
4873 7082e2451d51f98e
4874 1e0fc8af23d751c7
4875 e153728561087271
4876 343e538f837ba1dc
4877 5c34da5016db74f4
4878 9d07a7f265dcc078
4879 139acac7c4ad3005
4880 7b6ef142b69eb525
4881 a427f4c5afdc0cc2
4882 76dfb7109e30a080
4883 3fa6680faf0719ba
4884 10a8f2060b2a4f02
4885 cc4859941eb26ec0
4886 f2adf721eabd6780
4887 b953bb5115f7d79f
4888 7fedb309c65233a5
4889 7d18bd530967b3a4
4890 a6270905af22e46b
4891 265bad9b7c620d1b
4892 525953ba933f786f
4893 7abc90b5ad7c7fcf
4894 ccf5ce4fa4c9185c
4895 1d60424633760cd1
4896 8d4fe4e5ce1a45a3
4897 4d8caab4679d3c99
4898 b4faa3058f485b36
4899 1d4ebc173198e59e
4900 09197a2346d725a6
4901 29d20633e1347ec5
4902 bc454e15bbf9e44e
4903 e2cd34b3fe9f0295
4904 65f5d8971505a0e7
4905 787a505d365315db
4906 975f2e6e253a880c
4907 1b78e8cdd469f02b
4908 4c4130b4dfe33e65
4909 d5bff7544097c2db
4910 5421ba066c23a559
4911 a0a1d219d32051b5
4912 b4c8c91abd9a86e7
4913 ed41275339b41527
4914 795f33a0997a9303
4915 7b74257d048db3c4
4916 4f82b2514c92f07a
4917 92fdae2a207809ab
4918 b1a1028e6f68ff79
4919 5f8910fdbd08d91a
4920 eaeff953237c934d
4921 8b467da10e7d6129
4922 abc73d283a1590fc
4923 c3a34a35ae847962
4924 3c360590e4ee4625
4925 abaa6bb60da3a47d
4926 c057dee5153eb231
4927 052216f0e975b0fa
4928 c6c2de44b59f959b
4929 43239b1b573cbc57
4930 6792e36e7739bf05
4931 bb0be7693f657757
4932 7151ec5270254c35
4933 7fd70bc73c8dc179
4934 ecf25a3f75cc216b
4935 3eee5cb9836b3e2e
4936 b03a108407ab6484
4937 d53ea8235fe64ac3
4938 a2efd784785ae460
4939 d411814448d8ae3f
4940 d045553e389df41f
4941 407a289fb0dbea44
4942 f5d314f1521b257e
4943 b337c9cabf0f8967
4944 0f238d440832192f
4945 c964d959966660f9
4946 51fc0bcc3bb6bfa4
4947 890af173fed67593
4948 90c0383ab46a0376
4949 109b092727cd35e9
4950 7da55ede30979f3e
4951 10fec01f2e590a8f
4952 71a24ccfcc17c1bb
4953 cb2aa7d05cb86a33
4954 98213576fdaa84a3
4955 66d574da8c61f9c5
4956 a2b9ddfdb90b4771
4957 9c4bf321ded261b7
4958 41d54a8dc7eadb5d
4959 ba6440c4f07cc397
4960 3126799d8be2779d
4961 f0dd6d7f6a3ae353
4962 d2084db2a2abc933
4963 6b9ec1e58240b802
4964 0efe2e00bb1483e4
4965 8615304480a872f3
4966 b841311a832cc9fb
4967 1825b48d53479229
4968 39c66fe307701c69
4969 7fb9970a3e27a2c3
4970 3a3205af85e54a70
4971 0a570adf3396f358
4972 50b1288a0c78bb11
4973 028005caa24c36ab
4974 02a3b6fb921138ab
4975 1a2a4b491375672c
4976 55df1a75fbf07cd3
4977 47bdfb2e1fb44897
4978 096b34c817feb4af
4979 75b0ff72d11d35a9
4980 e5e69ee680f95e10
4981 43c00f258bdc3ecf
4982 dacdef20106a17ca
4983 36f7afd11c24d829
4984 4f2b2aa13fd03067
4985 f2f0bf8c31589842
4986 b88b839346ac1619
4987 5f512034b2ff0963
4988 b2f39d40fe9ac4c9
4989 4be15382de66ac14
4990 8f56ba54446903a0
4991 8db0649078499e6d
4992 ae4d0c0e0dfc6e21
4993 0ae78bc31d1b9b52
4994 23f3a84e3d5cd68c
4995 ac553a3853c528a2
4996 f8a7d6bbedcb0e7a
4997 a8deb5f775994eef
4998 801a7f63ab8a9812
4999 13aebffc22f26d97
5000 13bf7fc3439e8efd
5001 47c5c83402e54531
5002 96128ae3bb9f12dd
5003 1750d46a3190676d
5004 bd1868d388d01f75
5005 b867c6d3cd9cf875
5006 0150e041eb371854
5007 6fa90b5b5d9ca121
5008 b86b8b96108c3547
5009 a91f086523e7a295
5010 af125e44fd501d67
5011 a63a96775fca91b6
5012 f68c29b7e42f41ca
5013 9c89ef597c921ad3
5014 5f0257b2be38468f
5015 e7d6a88f253c1b23
5016 1a8f4c827ed609a3
5017 1775655b56583f53
5018 ef9a65018ccd8f3a
5019 d2084fff27bdb145
5020 7247feddfcbb9033
5021 4987b3b183f2a999
5022 a04114a1ed06d3af
5023 79e797ab01c47a1c
5024 423a5a97889152af
5025 91d77b788d49c74b
5026 f1a43c4298d2fc9f
5027 9bbea70f9652ecc7
5028 d9086ac9936641ca
5029 308b2b88ba84657d
5030 41dd8753468009bb
5031 147ba1003cf2a82c
5032 a48b18e192382fc3
5033 8c57f46b9350ec55
5034 11dd7215458a32ba
5035 61ef4f84fef6ca28
5036 a05fc63d70f94cb2
5037 bb7b831126059bd3
5038 1b9a5ee93df84c97
5039 1a3a96f6ce1d6720
5040 5f0e7e33abb26b9c
5041 e887bb77a8297b87
5042 d4715a8431f61395
5043 ee95c60152f0d1b3
5044 f7b3895bea5585d9
5045 5400c00632de1a6f
5046 9757240fabffb4ad
5047 387d42ed7a4b88cc
5048 4209d7cb8dce5b46
5049 70b834480bd2d89c
5050 791c3b59a05aac2a
5051 f3d09a7a1deef154
5052 30e92f85dbe1bf54
5053 fcb234933e35f0a8
5054 e43b69c42898c285
5055 b78e455c6dbcebb4
5056 e7287ed64eee0b38
5057 56d21eff1e760242
5058 2856f0d9b0532961
5059 e42bf95e4812e951
5060 096e1c5c25971a2d
5061 27d3d8b0ff170034
5062 84dacd48b2050aac
5063 282d26dd125b7672
5064 f15ccde8616a93fa
5065 fa97b2bf1166cbc2
5066 1b0e10ade5f6a96f
5067 ae0714411153cf68
5068 c6c9a71a47954d08
5069 241efc6a8dd32832
5070 539ab67c3a3874a4
5071 3427479e58efa5ee
5072 be5c35d575f6c610
5073 d2754a01d56f89c6
5074 d4af69133cd07702
5075 44de0364a1fc39e0
5076 25dc4e27300b3eef
5077 6189410db76e743e
5078 0d8023c5d07c30e2
5079 7ca5edfe5a3bac81
5080 e99bdd5ec789c5b8
5081 a39e70972170e2ee
5082 2b48b259c65d9b0b
5083 ad5987f3bc70cc63
5084 c9e3461503d3c904
5085 2b56e1252b24b10a
5086 cf55eb494cab5f52
5087 82b583ac3712527d
5088 502fa8c9769e8063
5089 8135faca51ea419a
5090 7cc66b8907230842
5091 fdeccae27da0b348
5092 b5ef38762ae217b3
5093 9e40ce3f53eef97c
5094 5e4c8fbcea5b3d62
5095 e9ae55e662ebf2e1
5096 0228b920488e5e4f
5097 ef3d69afca8b79be
5098 cb8d3f6af9fe9a87
5099 aee4d84947cef23d
5100 92d69fec776a73db
5101 bd573b221912fa1f
5102 31a4e7145be45318
5103 e1cbc2ae2f3eb8d9
5104 5f1a47d2d4dcf97d
5105 b9b2f45f8737b66d
5106 e46f0c31747e646c
5107 185674543125d172
5108 8115b35f3d00fce2
5109 d306191b0de74fe3
5110 af75a081905aae9a
5111 7af920cfc103ba9f
5112 52eaf9269d3f3789
5113 727e2ddb21ab9dad
5114 1a8dc572ef7166ce
5115 961e2b921385cab3
5116 8ea03f7b9e7ea4db
5117 bc4aa18933bce3bf
5118 a518767e6581018d
5119 3c19f71abc03c265
5120 af85d477f6fc544f
5121 8ad2f8d13246a2d9
5122 4828c03c28109f4f
5123 94cb631be504c236
5124 17dc489b5c365746
5125 0ca7ec031051eb65
5126 b1330f02ac71d9df
5127 bc70f0304c5d6c1e
5128 52d3ce0bc8e7c2bb
5129 d2f75757acb23257
5130 053fd3f8ed73fe48
5131 0e0150c40f9402ec
5132 5a883e723b118119
5133 2629ff873cddfee7
5134 2bf552410e0a57e1
5135 97585309bf0dcb96
5136 846c4236144dcc8f
5137 5a5258ee7506e457
5138 ca3d575a1e56aa4f
5139 24165912a6e433b3
5140 0305b620cfeabb45
5141 a0cf5ca0a19bcc2f
5142 7e3bdbea52bff97d
5143 703d3e7adf289100
5144 bb1d2792b8ca71ec
5145 66544af06976ecc1
5146 5e97c1ac0febe294
5147 b591b37d3e0566f2
5148 a4265b1b3c4f0a70
5149 60e14eb2987b5ed1
5150 e03c3cef0014f7ad
5151 2e586fd494278eda
5152 6734ad04e39a9402
5153 7bd768299725b84a
5154 20917301ed2d8d11
5155 5d122065911f4b4f
5156 831904facc1002c5
5157 f14bf5d2bab394e4
5158 77f575d88e4a8b47
5159 663884cde74c425e
5160 f114cdd368cf6b7a
5161 6e99256acba8287c
5162 23b524a29332420c
5163 d9ef70c307d0ac2a
5164 d3bda625c691de2e
5165 3ecc7be932a92696
5166 54fdbc2a600c391a
5167 d190c7434e12be92
5168 e5e64bcbf3de4abe
5169 8d5fb17a83bd4cd8
5170 c9b03d0d0303e9de
5171 f240ace2de426f09
5172 8557a3e35b31d711
5173 d03841560e618c42
5174 414aaaf3ae54bfa2
5175 8dba6da87bc18f10
5176 07b19656736f89d8
5177 41aaecbc7ad88d76
5178 d2b8de5b4c64df7d
5179 a113540e22c318a5
5180 46d97a0047b1c1fe
5181 64dcd9a7cca3eba4
5182 e8401b7fa9b48762
5183 924bd40b9765018f
5184 2cf7edd70514cbea
5185 9e7a1f57f08a518c
5186 837750bfe2a77120
5187 ccb6dfb0985635ac
5188 c35ea7dee5972c93
5189 45995a9bca28a06c
5190 ab6cc1e3483dce20
5191 3c72e0211b719987
5192 d603533e7b1e809f
5193 9b14e19d77ea81b0
5194 384f45db1c447619
5195 4978e98dcf30196d
5196 5507483c87f98f03
5197 2da02276f7dbce0c
5198 b6fc67ac34964004
5199 cc4595d176b3fa23
5200 7823820eaa79e60d
5201 be03c6bce13ce040
5202 80d71af60bdbed50
5203 67d4483c8d060402
5204 592fda435fdc3434
5205 9c20d60005913ae5
5206 eb736ce21bc12b36
5207 6d3c8d8ccc86a001
5208 adc65684d01b1453
5209 244ede49811ebb11
5210 8789d921b2cdc091
5211 a6b24655f64f8481
5212 ffcba8e07ca3fea7
5213 8e44fdc34508f3f3
5214 488278e539b26280
5215 8db7b71cde8e0cad
5216 1f63e7a525a4aebd
5217 f88968632545c6d5
5218 ee02b64fcd2d8913
5219 eb215f0e7b00ac26
5220 556cab6ac02b0bd6
5221 ff8bd491ce9350af
5222 ceb8ca31f12b5e6d
5223 7403af97e5fe9d27
5224 1307753c2ef5adb9
5225 368067d01dc0466d
5226 9916c67cd3c0f8d0
5227 46ccaaeec22138f5
5228 b8ad92b02ae69037
5229 55e3a59b63ebf87b
5230 e44f7be154cc3199
5231 b271cbc8575c506c
5232 33140f6f1a646533
5233 c0f40a48f7c88c69
5234 2ebe5f95f6eb8d07
5235 7ccedb0d76cae1cb
5236 abeb983b62efbdd1
5237 cf216e938b086b71
5238 ece86fe18ad5a539
5239 f13913a5a2eac078
5240 bdd860414b0546e5
5241 8bc91cc530c6444d
5242 cde7af54c6128ce0
5243 851f8a78dac7751c
5244 2425b653e8bd690c
5245 95552fa4e023efa9
5246 1de721ea156a747b
5247 55fb7f64a6e4688c
5248 16839c4ee4e2f1d2
5249 ba1a1479ce5df7c1
5250 32ee3bba711ae799
5251 0537d8ac07bca6cd
5252 e809c5602369d5c7
5253 81167ceeec24c5db
5254 3bfda73fe2b3b829
5255 9c40ddd188d4f0a2
5256 85f60e9ba2491fe2
5257 52ae99c6568a97c4
5258 af0f3fd8a9110368
5259 c72c6955818327b2
5260 98ddac45d9b0e100
5261 f73f029d7a9e1fae
5262 22834b35835173c3
5263 869b12bd88db789c
5264 f6c675d82896c04c
5265 6bf435ad3aeb4be8
5266 0ce8337af5462233
5267 85f25df2333ea18d
5268 6da60b9eae93c65f
5269 2d8ab0af8ff2c8d0
5270 dab2f1ba8588047a
5271 647e4fa84ae21daa
5272 bb30500bed6d749c
5273 71bb432755d3d2e2
5274 c5494b0b75865b49
5275 d096de22924622ce
5276 8a8dde723912571e
5277 1a2ccf5e3e603172
5278 9bf85dcc3c7e289a
5279 278a42b71f537624
5280 6e41ecde68883aec
5281 07799267368fafde
5282 5e98bf57dde826d0
5283 cd3256dbf6590f22
5284 433db4801fdf467f
5285 0ac0e8a0f78c6313
5286 67c43ea1acd5b4fd
5287 4d0e5dd8f4f393fb
5288 a06bb017c4b1e12c
5289 3f7a1c81b260db34
5290 708acb21e5594c40
5291 9f5ab4565735cf52
5292 97117cb34c76f7df
5293 8929edc77e2f8d17
5294 9de2c52878089e13
5295 42b7294baf85a50f
5296 fdc01e0f5e561981
5297 73c9dcceec4d3692
5298 6c8482c5b78ede52
5299 c623d0fc8d422f7e
5300 1b05e94f37031112
5301 dbbcebbd9f6cbb43
5302 006637f66e9757c1
5303 9d9188980813dd6d
5304 be5b353432134b41
5305 2144715a0890118a
5306 0ddac7a1b0859d3c
5307 0e553f8932ad0a8e
5308 1c8c9884e98c6ef6
5309 daa394cab4e27086
5310 0673259dd967c41d
5311 52ce6f71cb2bd493
5312 1b0f527b940e9c2d
5313 dcb64d101cfb3245
5314 5bd85c3f90205a56
5315 a7d73d4ed65c1708
5316 831d62097ed3eeee
5317 4af1aef49dba1774
5318 93ea626e004239ad
5319 6242358c9afea839
5320 a2ff8e1780b00923
END 5320
