1 5dc0cedb2aa1bb7d
2 5dc0cedb2aa1bb7d
3 5dc0cedb2aa1bb7d
4 5dc0cedb2aa1bb7d
5 5dc0cedb2aa1bb7d
6 5dc0cedb2aa1bb7d
7 5dc0cedb2aa1bb7d
8 5dc0cedb2aa1bb7d
9 5dc0cedb2aa1bb7d
10 5dc0cedb2aa1bb7d
11 5dc0cedb2aa1bb7d
12 591e973f181279a2
13 5dc0cedb2aa1bb7d
14 5dc0cedb2aa1bb7d
15 a95417db2aa1bb7d
16 5dc0cedb2aa1bb7d
17 6c37ae1b135eea98
18 5dc0cedb2aa1bb7d
19 5dc0cedb2aa1bb7d
20 5dc0cedb2aa1bb7d
21 5dc0cedb2aa1bb7d
22 5dc0cedb2aa1bb7d
23 5dc0cedb2aa1bb7d
24 5dc0cedb2aa1bb7d
25 5dc0cedb2aa1bb7d
26 5dc0cedb2aa1bb7d
27 5dc0cedb2aa1bb7d
28 5dc0cedb2aa1bb7d
29 5dc0cedb2aa1bb7d
30 5dc0cedb2aa1bb7d
31 5dc0cedb2aa1bb7d
32 5dc0cedb2aa1bb7d
33 5dc0cedb2aa1bb7d
34 5dc0cedb2aa1bb7d
35 5dc0cedb2aa1bb7d
36 5dc0cedb2aa1bb7d
37 5dc0cedb2aa1bb7d
38 5dc0cedb2aa1bb7d
39 5dc0cedb2aa1bb7d
40 5dc0cedb2aa1bb7d
41 5dc0cedb2aa1bb7d
42 5dc0cedb2aa1bb7d
43 5dc0cedb2aa1bb7d
44 5dc0cedb2aa1bb7d
45 5dc0cedb2aa1bb7d
46 5dc0cedb2aa1bb7d
47 5dc0cedb2aa1bb7d
48 5dc0cedb2aa1bb7d
49 5dc0cedb2aa1bb7d
50 5dc0cedb2aa1bb7d
51 5dc0cedb2aa1bb7d
52 5dc0cedb2aa1bb7d
53 5dc0cedb2aa1bb7d
54 5dc0cedb2aa1bb7d
55 5dc0cedb2aa1bb7d
56 5dc0cedb2aa1bb7d
57 5dc0cedb2aa1bb7d
58 5dc0cedb2aa1bb7d
59 5dc0cedb2aa1bb7d
60 5dc0cedb2aa1bb7d
61 5dc0cedb2aa1bb7d
62 5dc0cedb2aa1bb7d
63 5dc0cedb2aa1bb7d
64 5dc0cedb2aa1bb7d
65 5dc0cedb2aa1bb7d
66 5dc0cedb2aa1bb7d
67 5dc0cedb2aa1bb7d
68 5dc0cedb2aa1bb7d
69 5dc0cedb2aa1bb7d
70 5dc0cedb2aa1bb7d
71 5dc0cedb2aa1bb7d
72 5dc0cedb2aa1bb7d
73 f9dec29d096dff89
74 bd470ec3d637a91f
75 c85ac0ee8a84cdf5
76 cb074c844db42368
77 cb074c844db42368
78 cb074c844db42368
79 cb074c844db42368
80 cb074c844db42368
81 cb074c844db42368
82 cb074c844db42368
83 cb074c844db42368
84 cb074c844db42368
85 cb074c844db42368
86 cb074c844db42368
87 cb074c844db42368
88 cb074c844db42368
89 cb074c844db42368
90 cb074c844db42368
91 e3ed9a1570a781d4
92 857c342388d281e8
93 014284b6c37edeb8
94 d7793f0a58a84472
95 b6126fcf3ea94138
96 895d630279d2abbf
97 94820326f0a06e93
98 38c5caa71a3d6e93
99 2ee0327eb7366e93
100 cb691198315b6e93
101 9a458ea179b46e93
102 cd9b46d6ad816e93
103 d7e78e42655a6e93
104 07aa86c7bf0f6e93
105 e98cb1897a886e93
106 e9905507afc56e93
107 9954d868933e6e93
108 6d22834cd0236e93
109 ff163318e55c6e93
110 7fe24cd185a96e93
111 e69e5d7ae7626e93
112 dc48f200bff76e93
113 7e01b633a4b06e93
114 258fd90d3dcd6e93
115 def78ad527466e93
116 463a9205566b6e93
117 e313553036046e93
118 93542fac88516e93
119 a1b645df94aa6e93
120 d8cccecd9d1f6e93
121 90ecada7e7986e93
122 af76988889156e93
123 51b649a52ece6e93
124 838b64d24ef36e93
125 370f97ff696c6e93
126 60a28204cc796e93
127 c2b11fedcd726e93
128 606991ec16476e93
129 ef81e65b54406e93
130 031beb6f965d6e93
131 21a427e0f0566e93
132 dc29763abc7b6e93
133 73138abeec546e93
134 4f028ce965216e93
135 facc51aaa6fa6e93
136 90e135adbfaf6e93
137 4c4a04c799a86e93
138 97615e3e34656e93
139 eec7c1a52b5e6e93
140 ba53fba128436e93
141 e0bd1375a07c6e93
142 653e011551496e93
143 a8bf88b3b4826e93
144 dc1c22753e176e93
145 83c4752a85506e93
146 b98bfc5f1d6d6e93
147 4a490c46dee66e93
148 cf80c00b520b6e93
149 ba964699f6a46e93
150 b9d23d9b0f716e93
151 7c9ec58bfa4a6e93
152 6060f3e69ebf6e93
153 efa81bb619b86e93
154 72d19d8fe6b56e93
155 b4e8fc7d186e6e93
156 bd33556384136e93
157 e8228749b58c6e93
158 c5def34538996e93
159 dc791b0c6e126e93
160 3cd2368c8ae76e93
161 31cc302daee06e93
162 b7ea2c4f007d6e93
163 1acfed171b766e93
164 b50c28e2c19b6e93
165 bc6695fd97f46e93
166 7917d95db5c16e93
167 3b632832ce9a6e93
168 4f61c9b1bc4f6e93
169 ea049e5221c86e93
170 e71ad06c93056e93
171 8709bb22847e6e93
172 062816261c636e93
173 c9dc6846379c6e93
174 8df7772353e96e93
175 8e1ac4f788a26e93
176 3b1fab6518376e93
177 86ac8a4ea3f06e93
178 70df3182260d6e93
179 a4a7a45b91866e93
180 170293e22fab6e93
181 d13a1cb0c9446e93
182 01a78f4e3a916e93
183 93de6f2ac5ea6e93
184 003121a80f5f6e93
185 ce16bc6594d86e93
186 417416d043556e93
187 853fd1b52c0e6e93
188 8ec6fd7be8336e93
189 de1f443722ac6e93
190 b27a0d712bb96e93
191 7eaa362b35b26e93
192 a762ca4b30876e93
193 2f900a0aa0806e93
194 5c5daab61f9d6e93
195 c163754b4d966e93
196 8d567994b4bb6e93
197 71134079de946e93
198 6c5fd7ea40616e93
199 a73ceee7e03a6e93
200 5ae6e43709ef6e93
201 907b99b65ae86e93
202 2ddd3b7271a56e93
203 fdfd3e354c9e6e93
204 c75d097ebb836e93
205 1e43ce4bd5bc6e93
206 fff5ba4336896e93
207 e777a85dfec26e93
208 955711ad62576e93
209 61e07ca904906e93
210 dd340fa11bad6e93
211 09d030983c266e93
212 a36fc304cd4b6e93
213 8999a454cae46e93
214 2c02213feab16e93
215 e859644bba8a6e93
216 63b69b1cdfff6e93
217 b349533cbff86e93
218 d141afb49cf56e93
219 b3117d6783ae6e93
220 f1b5ecd62f536e93
221 305528dc7ecc6e93
222 cd239c5689d96e93
223 536916f85d526e93
224 b388dcf155276e93
225 a58b7292d3206e93
226 8e4ad1ffc7bd6e93
227 07f32feb16b66e93
228 23af8039e2db6e93
229 4a3586693b346e93
230 3cd4e1304b016e93
231 ced4651524da6e93
232 ab82c7e5608f6e93
233 b0b7af3bbc086e93
234 b70ce60a81456e93
235 5f224fb1b2be6e93
236 b034ee2b3da36e93
237 b86f5fbe9cdc6e93
238 6eb4f4bf83296e93
239 854d103142e26e93
240 4e256c82db776e93
241 41e18360ba306e93
242 0d6bd0420b4d6e93
243 501981149ac66e93
244 f3193782c9eb6e93
245 30e3412b77846e93
246 5c78c52115d16e93
247 d06df0f2c22a6e93
248 0060133ee49f6e93
249 7dc6561b95186e93
250 d0f5c1b9e4956e93
251 3123bf508c4e6e93
252 35a36941c4736e93
253 1aa1f7e938ec6e93
254 108630cdcff96e93
255 6aa10ea8b2f26e93
256 b75dba8d3fc76e93
257 63e16115e3c06e93
258 00e33b07b7dd6e93
259 6b541cf13fd66e93
260 003f526105fb6e93
261 3350096561d46e93
262 a84f07f016a16e93
263 9deaf43f167a6e93
264 83a59d9ee12f6e93
265 5e57f6138f286e93
266 fd167ae0e1e56e93
267 47065f4ddade6e93
268 c1a072903bc36e93
269 87ba45a5e5fc6e93
270 230760c6fcc96e93
271 e56f58828a026e93
272 43129a5431976e93
273 7ce0deb982d06e93
274 c53d00ad6eed6e93
275 05d24b4668666e93
276 4ab390c7278b6e93
277 808e60c8496b176d
278 25e2f6b1ece86ccd
279 6418133eefe2b747
280 003ada46215bb747
281 ef6cdb106048b747
282 8200ed69c509b747
283 1c508a57880eb747
284 92ad1ea04947b747
285 b59d803469c4b747
286 50cf5a5b7ce5b747
287 a9291eb2336ab747
288 3b4c90e7c243b747
289 83029ad27e50b747
290 dc2e4e29e5f1b747
291 75acd36f4c56b747
292 934d9d254e8fb747
293 5590a529450cb747
294 cad152981e2db747
295 5f07d193d2b2b747
296 1c15d58b016bb747
297 802693685d58b747
298 3e003f37b3d9b747
299 bbea94425a9eb747
300 f60b6fc69657b747
301 0899b3f8890caf77
302 a7e39d34cfc03f77
303 aafe17bdab993f77
304 195e8a373d463f77
305 f32113cd4f2f3f77
306 2a21e40821bc3f77
307 0e50bee3860f195f
308 c5901187e311984f
309 9c9aa7759c94984f
310 6024e0396a33984f
311 d373c356255e984f
312 114432d94585984f
313 a2e875d9bca8984f
314 613edf646c17984f
315 f0de8d3904e2984f
316 79e0fa2ed939984f
317 f0075a7cde8c984f
318 7bccd1d6efeb984f
319 5956932a4016984f
320 24c2e3b10e1d984f
321 4228cb6b8540984f
322 199e99a17bef984f
323 e73857eab5da984f
324 638f23d68771984f
325 733cfee34604984f
326 257c17f16263984f
327 c72ac131234e984f
328 e7b0b9f2d2b5984f
329 f6d31015fc18984f
330 7ecc98c2b307984f
331 1a33556ee1d2984f
332 b64b975c9be9984f
333 330cd39f05fc984f
334 6ffe623c531b984f
335 88432f884fc6984f
336 54b9e6c5660d984f
337 7a6cd438c930984f
338 56957a9c761f984f
339 b9be5ccb570a984f
340 f990e04bd018984f
341 2dcbf346fb5d984f
342 894d5fd184b2984f
343 18f256e133ef984f
344 0f62034ca3fc984f
345 6ba239bedd11984f
346 ff610f2e88a6984f
347 59761bda5063984f
348 344514561850984f
349 a0ddfea3e6d5984f
350 4da92431d52a984f
351 53258f826907984f
352 99d7c6e42194984f
353 f532a35d7529984f
354 52e926264e1e984f
355 2327e4fe151b984f
356 bacd02fabb48984f
357 b81a3f51948d984f
358 2549f6130722984f
359 7df9fbaeed1f984f
360 1c04249877ac984f
361 2a6abf3102c1984f
362 845bb2487ad6984f
363 6ca84a043193984f
364 c6650b1d05c0984f
365 3debada54445984f
366 0690e0bbe29a984f
367 2fbcf90048f7984f
368 109773af74c4984f
369 688b11eda2d9984f
370 d7e09a297b0e984f
371 b5d3a43bcb8b984f
372 a49ba52b7ab8984f
373 afc1621e237d984f
374 84bac89ac452984f
375 d2149871de0f984f
376 058090f5c79c984f
377 c42105e652b1984f
378 c7a8e2fd49c6984f
379 ab1fc7da8c03984f
380 8fb1ee84fb70984f
381 92840e991575984f
382 ea8ef685ca4a984f
383 75275876ada7984f
384 8ce84e9c55b4984f
385 f8f41569cd49984f
386 47df040426be984f
387 2e1794d1cbbb984f
388 54c5f64f49e8984f
389 01e858fc322d984f
390 f3bf9be5f3c2984f
391 4df1ed3ad83f984f
392 eecdc2bf0e4c984f
393 95eaaa3adae1984f
394 85a2a211ccf6984f
395 7f500a66b933984f
396 2ed176d65f60984f
397 728327a07965984f
398 98f58b6e33ba984f
399 89c115edd997984f
400 38407eecf564984f
401 031ce923bf79984f
402 528bbbbc1fae984f
403 692db2adab2b984f
404 6dc891371358984f
405 86da2589159d984f
406 ef31a1007bf2984f
407 c4da1be8ae2f984f
408 121c9b599f3c984f
409 18c06cd1fe51984f
410 96b6e922cce6984f
411 580709abd5a3984f
412 50106116ae90984f
413 f106a7668315984f
414 e0cc3f32b36a984f
415 e7a0d482f447984f
416 82ba9b10e1d4984f
417 349f66b90169984f
418 74543edb5b5e984f
419 c9475f3b545b984f
420 b6f351096e88984f
421 1e028687211f75ef
422 410b7614152f15ef
423 f2f23eab338415ef
424 6022b2a9cf5915ef
425 500c43e3f51e15ef
426 11b1936e16b315ef
427 438e8abcbf5bfac2
428 1dc4fbe449969332
429 1bed163d4f579332
430 da1d47dbf04c9332
431 ac31942119e59332
432 eea12ff4ed7a9332
433 70f26774b3bb9332
434 b98befb700209332
435 a7b8c17bca999332
436 28b26ee80d6e9332
437 dcd6a3d8ce2f9332
438 c6378eae4ac49332
439 d20683ee7b9d9332
440 de63a7a47f729332
441 e4edb53e21b39332
442 2725a40e46b89332
443 80cc738804d19332
444 113ad4de9de69332
445 0e934a1ae3079332
446 0c4c58f091bc9332
447 9e6ecf282b959332
448 cf3680be49ea9332
449 d235c6261aeb9332
450 121f30e3d6109332
451 da913238e1499332
452 c899fd86261e9332
453 6dc22e55acdf9332
454 e090c04f87749332
455 fda155ebec8d9332
456 911eb5e7aa229332
457 8d3cc34bf2239332
458 2455948eafe89332
459 7fa3ba17bb313b88
460 85c0042f49aa9257
461 18f2a0be8288b174
462 2636a8ebaf0d0273
463 1cc715f7a20afe31
464 8f906385cdb57050
465 68aa37116fc12b9a
466 ee79b1605769c0e6
467 2a0ce70a5ee0c87a
468 ce4617075ee0c87a
469 f89ebb5023601958
470 141d78b5ebdb6822
471 2e128ff3d81c9642
472 9e9ada67451c9642
473 ce5e27dae01c9642
474 dbc32aec841c9642
475 300589b2441c9642
476 ba56c3bb371c9642
477 39f5ee33eb1c9642
478 dc4bb1e1b11c9642
479 6c0c0e4b321c9642
480 24f82d1c5026f0c2
481 1cd9d9946526f0c2
482 3f19a2355f26f0c2
483 f4413d92c126f0c2
484 9f2060068426f0c2
485 d90e88394a26f0c2
486 09441ccfdf26f0c2
487 0de86d3efa26f0c2
488 c01733b9c026f0c2
489 db1cfee5be26f0c2
490 c6794ab53626f0c2
491 a8a23b738526f0c2
492 57f37fc80e26f0c2
493 3b87a6341a26f0c2
494 1ab23ad72f26f0c2
495 4cbb5a682f26f0c2
496 b187cf2afb26f0c2
497 293ae1648b26f0c2
498 17e3b9c51026f0c2
499 2ba71005eb26f0c2
500 3389db3c2726f0c2
501 d84b8261ca26f0c2
502 43f652e7cdfd6642
503 af27b8c7b9fd6642
504 f706c2056ffd6642
505 fc277dfa6f26f0c2
506 47fd63b9b026f0c2
507 c95f34dcf8f7b742
508 b7c9d3f530f7b742
509 f7db62d17bf7b742
510 8e951c45ca26f0c2
511 feb585888b26f0c2
512 247d708b6f26f0c2
513 f43061e83926f0c2
514 d4d98dea8c26f0c2
515 3361922afa26f0c2
516 243e4e705f26f0c2
517 82979f8e5f26f0c2
518 bff8c0ac2026f0c2
519 70eb38f8f526f0c2
520 2822e2c09e26f0c2
521 18032c1a4a26f0c2
522 17e60236df26f0c2
523 de6fcf849f26f0c2
524 2f3e06b72026f0c2
525 52a04ffb9a26f0c2
526 1879b7eecc26f0c2
527 028464892926f0c2
528 57635efdc726f0c2
529 12e5b26b9f26f0c2
530 ce5d72afb626f0c2
531 64a0e62b9f26f0c2
532 7aec64fffb26f0c2
533 845754404b26f0c2
534 d2449d582c26f0c2
535 2783030c4326f0c2
536 a6dbbbd6ef26f0c2
537 ddf5c4506f26f0c2
538 cbbbb1cceafd6642
539 177fc3d4aafd6642
540 b498f16f46fd6642
541 e61be9814a26f0c2
542 f6ad93194026f0c2
543 e9d3942fd4f7b742
544 e33b2e0efcf7b742
545 c05b9b1238f7b742
546 1648adb94226f0c2
547 6f1e2e80a526f0c2
548 1bf90c34af26f0c2
549 8dd8c1160a26f0c2
550 ce03d8e40a26f0c2
551 2932eeaa5e26f0c2
552 0198948af626f0c2
553 cb6212393926f0c2
554 bdd60d0a7b26f0c2
555 07c9f7d16b26f0c2
556 45f54ba8ec26f0c2
557 6789aac35926f0c2
558 b0dee503cc26f0c2
559 6d9fa342b326f0c2
560 c7afdbb15a26f0c2
561 bbd5dd534e26f0c2
562 662d07a88026f0c2
563 a2e82c54fa26f0c2
564 eaefaf2e2726f0c2
565 448302d3af26f0c2
566 4a2f67ab6c26f0c2
567 2b05c312b926f0c2
568 8e963c353626f0c2
569 e5982e227f26f0c2
570 fe8b5bbb0c26f0c2
571 660a06942926f0c2
572 3992857e1b26f0c2
573 3408eb3a5526f0c2
574 17a4855825fd6642
575 2653ce1600fd6642
576 d7ab2537cdfd6642
577 aeebf6b70526f0c2
578 1e00a8fa5a26f0c2
579 6481daa881f7b742
580 107149ce08f7b742
581 249a9b659ff7b742
582 36cedee4ac26f0c2
583 c1a5db0b8326f0c2
584 dddcddf51026f0c2
585 d449520f8e26f0c2
586 5636e927db26f0c2
587 d857d237eb26f0c2
588 4a710783cc26f0c2
589 6a4306c46e26f0c2
590 ce43c3a73b26f0c2
591 669963cc0626f0c2
592 f1b1f7edde26f0c2
593 bc0f0a534a26f0c2
594 3f47a71e3a26f0c2
595 59d071e0e626f0c2
596 91fa51867026f0c2
597 a441915ada26f0c2
598 73905052a226f0c2
599 6ebb4c13fe26f0c2
600 9439a5b37626f0c2
601 861a6ba39f26f0c2
602 39fb68afb626f0c2
603 d58a3a039f26f0c2
604 7b1d943ff626f0c2
605 6c95c2c17a26f0c2
606 64d222ce2226f0c2
607 18ba51306326f0c2
608 130003ee451c9642
609 3cbd176ae71c9642
610 4d388ed6358cc0c2
611 bd5bc51cb38cc0c2
612 7a7db429f28cc0c2
613 122cd023a61c9642
614 b01b26d0f31c9642
615 450dad94b9f341c2
616 cf534679f6f341c2
617 d220d5347ff341c2
618 798878a44d1c9642
619 b2f828e12926f0c2
620 7077efbc6c26f0c2
621 67c57c10c326f0c2
622 0011efab0a26f0c2
623 370d97df5926f0c2
624 0c013b61cc26f0c2
625 91708d2f0e26f0c2
626 478c9f830026f0c2
627 4cb2c4fe1f26f0c2
628 efb279f6f426f0c2
629 1bf9c5147f26f0c2
630 acc83a928026f0c2
631 e6abbdc06f26f0c2
632 a588d7b49626f0c2
633 2ff737946f26f0c2
634 4238896d2c26f0c2
635 84afc62e7926f0c2
636 42bcf2b2b626f0c2
637 7d88d3ab2526f0c2
638 7db13a8c9326f0c2
639 a2409d2fee26f0c2
640 182341c7f626f0c2
641 54fd520ec926f0c2
642 94f66177db26f0c2
643 6746de0d2626f0c2
644 c76dd3436326f0c2
645 b002c97fe326f0c2
646 b3e98fc027fd6642
647 f60fbb6480fd6642
648 dd229eb9d7fd6642
649 84c22df4ab26f0c2
650 eed785be5026f0c2
651 283adae5b4f7b742
652 150f64dd12f7b742
653 da2c2ebb8df7b742
654 8eb72d391326f0c2
655 0b21a7659326f0c2
656 08a5aa8cc026f0c2
657 9e057bb13526f0c2
658 080dc464ef26f0c2
659 656345260126f0c2
660 70a715bbf426f0c2
661 758839485f26f0c2
662 0f2666fd6026f0c2
663 031500a68a26f0c2
664 79c4e10f6226f0c2
665 39d38a695326f0c2
666 9463235f2726f0c2
667 18c3720cb526f0c2
668 51da441e3b26f0c2
669 556993236626f0c2
670 e2d637f84326f0c2
671 6c7413c7de26f0c2
672 72f93f5eb626f0c2
673 578220132f26f0c2
674 892ab720bb26f0c2
675 834975f54126f0c2
676 96d6ecc46226f0c2
677 9d0e64f27e26f0c2
678 ff9ad388cc26f0c2
679 c12b9b0a1a26f0c2
680 9d1fec7a5a26f0c2
681 0e09e6150926f0c2
682 7df398a42ffd6642
683 a4b7453b49fd6642
684 9fb7272f02fd6642
685 259e35c2ab26f0c2
686 0023cc3d5026f0c2
687 4d6728814bf7b742
688 c846872ffef7b742
689 fbdb8f73f9f7b742
690 2b1632304726f0c2
691 fb31c11c9f26f0c2
692 ea14ca3a0c26f0c2
693 10d51aa10926f0c2
694 739373cc5b26f0c2
695 cd50c29b6b26f0c2
696 33a48b7ecc26f0c2
697 987f43e01326f0c2
698 f7f614de5f26f0c2
699 ed0b2652ba26f0c2
700 1f05d2441026f0c2
701 4d037f102b26f0c2
702 5a75df430c26f0c2
703 dde530482926f0c2
704 e5d12ce6ec26f0c2
705 e792477a5e26f0c2
706 72b49c84f626f0c2
707 89035a27ef26f0c2
708 c056aac37026f0c2
709 2071e9fb3526f0c2
710 4060908d7626f0c2
711 91464b231f26f0c2
712 6077aa0aa026f0c2
713 547a72331a26f0c2
714 07d4b1152226f0c2
715 498e6dd15526f0c2
716 74d5822a4026f0c2
717 5ff651a58526f0c2
718 c96e0a81a3fd6642
719 46861759f4fd6642
720 7ebdc78405fd6642
721 7f694c6a8b26f0c2
722 8c833fe92026f0c2
723 6214ca05f4f7b742
724 226dac74dcf7b742
725 cc94378bbdf7b742
726 24ededfd2e26f0c2
727 b63a0263b526f0c2
728 6b7934da3626f0c2
729 67ea87027a26f0c2
730 358c3734c026f0c2
731 709cd92d3e26f0c2
732 e600f2074c26f0c2
733 4c8d8cab2926f0c2
734 99bc11a2ac26f0c2
735 e5cc76317926f0c2
736 788b088f7b26f0c2
737 9aad445a2526f0c2
738 c7b0a942d026f0c2
739 1ff5e1ac8626f0c2
740 d57d9b2ee326f0c2
741 db17cc927e26f0c2
742 517db54cbb26f0c2
743 55c3e1684626f0c2
744 bfbdc324e426f0c2
745 de21c1376f26f0c2
746 4b2cf2577026f0c2
747 e4ed60cce21c9642
748 ccab1cb9d11c9642
749 5ed9e58c1b1c9642
750 a59d04a4131c9642
751 541f047ba81c9642
752 14d38d81f51c9642
753 a7d536151e1c9642
754 bd9980ab708cc0c2
755 b7173cd6d58cc0c2
756 9a09bd670a8cc0c2
757 9d102dfa471c9642
758 9f6e972b5e26f0c2
759 baab88f7b7f7b742
760 0112ab6312f7b742
761 a5097f66b7f7b742
762 3e2f45c5e426f0c2
763 46e3e8da8126f0c2
764 a5eaf4bbbe26f0c2
765 2886eff0ff26f0c2
766 af05765f7426f0c2
767 b630b060ba26f0c2
768 764aaf224a26f0c2
769 ed62f2d70b26f0c2
770 c0b3635bca26f0c2
771 8bb133814126f0c2
772 b47a221be226f0c2
773 820518707e26f0c2
774 f405537acc26f0c2
775 8f5721c29a26f0c2
776 356d331be026f0c2
777 77160fe87526f0c2
778 8d487cd45026f0c2
779 b5fa38806526f0c2
780 210295a2c026f0c2
781 ddaac3d43e26f0c2
782 bc41d7a0fb26f0c2
783 ae6e9656e626f0c2
784 53fc0af10e26f0c2
785 94b77e447526f0c2
786 08ef5da7f626f0c2
787 af5f66f73f26f0c2
788 3b0e24c03b26f0c2
789 dd028a736b26f0c2
790 703b16aff6fd6642
791 39b09b0ba8fd6642
792 8d36c65122fd6642
793 654ac4e00b26f0c2
794 e21ab20fcc26f0c2
795 af5f3ce23cf7b742
796 9e1341e33ef7b742
797 4f15841d6df7b742
798 2f8697487426f0c2
799 c76b58127f26f0c2
800 555dc5e0d629841f
801 8e0bed44119da55a
802 7d841d13b8d7665a
803 27465c23dc2e665a
804 abcbd2ccad2e665a
805 f2c8c554c4a9011f
806 0c5fc0dd9840841f
807 7f9f315af029841f
808 c23a504c8729841f
809 6212760db729841f
810 8776e7126c29841f
811 845dae3f5929841f
812 0a2ee3400829841f
813 2a2e4b9a3929841f
814 40db6d808b29841f
815 dbc79502c846fed8
816 6048d82b8c0dc7d8
817 3b5c27d11cb1b388
818 7db95019a0c5d377
819 571bf9a1282597e3
820 3904b80fb2eb0795
821 b39b142d80b9a114
822 01e03ffd66f7f7f9
823 848b37e4d7e9317e
824 0f018c91dff8cb36
825 1f913ded89577e02
826 2f17ab81e9c2ada5
827 7756d9acb3570aaa
828 bd2e048d30f3890e
829 6e1d35b1d3bb093b
830 b546cafd13675b5b
831 6e5188c45821cc14
832 889064c45200b98b
833 e752379d9a1432ae
834 afe4fb89ff90f8ed
835 2f0be762d180ceb0
836 8ac3c4a8b90125e7
837 91b1dc61b6f9567a
838 95e3b952c2f24639
839 3e24155e523a2e8c
840 a78b038a2b417f83
841 88df1c4fe79ad506
842 214ee1b7ab468445
843 eec2418182226948
844 30c68d16bb03adbf
845 f0f391ea8f4e18d2
846 fa9b991ff430fcb1
847 3c6b7ee2362d1aa4
848 af1256f95af5061b
849 d3b94b43527bcbfe
850 0d5779686f097abd
851 411445899bba5140
852 eb2b66b02818f8f7
853 c9e2bf6a48ce87ca
854 4d1435248d778549
855 d693ca6e83a7ec5c
856 d1c5e19ca5977a53
857 f97f576b6905b016
858 f95f451b0a873ad5
859 b5a1b80b3642b598
860 46fc84002f14d58f
861 98907b89decb9be2
862 f9085222c25b14c1
863 359665824bf35ab4
864 190adba5064f292b
865 5994963bebea8dce
866 80b042b9eaf6a60d
867 081db7a4f7bb7ad0
868 3694c33ab07bab07
869 54f35a92c4fcf71a
870 08696473555d1b59
871 ba0d4549881000ac
872 8c7d3c2f1918d3a3
873 939914e26acb1ea6
874 011681e0a15a1be5
875 8ae9cc21a9269668
876 904c3a4951d0ecdf
877 466d6c642a44def2
878 e1f047ebfe28cbd1
879 237005a4f39aafc4
880 02aa19bd5fc1c7bb
881 353265fe55a3709e
882 3d3c6bb5c0ac395d
883 d5f1f154891fe3e0
884 28af59f90142fe97
885 85eef5dd6b066eea
886 939e693a72384469
887 276a6f41110edffc
888 15714c58caef4ff3
889 8747a5011e9b66d2
890 95710c3e8eb44843
891 7f3bf49668d03213
892 3f0f8819a4d581cf
893 b59c9a334cf5fd07
894 53edc307df817553
895 2f12a38fa820b3f3
896 e53eb146ddd0c227
897 c6015e8682aaab1f
898 b4c7f009de8fe813
899 05f5f7fc0544a9d3
900 1e39f4dd2bf3099f
901 a1c5ece6a2761f87
902 0490b78aee57abd3
903 3985308ebe3f0ad3
904 fe6dc91183d40fa7
905 bf133fda41470f3f
906 4cc263744ace22e3
907 18e4a5d324915103
908 477b727c7938d4bf
909 e85ce98e555ba737
910 b1e3b36250480143
911 6547f35de6494a43
912 eacc4442fa9c6037
913 e5f6c2c687f692bf
914 4222b25c26844213
915 d4bef6f220c17353
916 080763b9077c6dbf
917 34969187a85c0a07
918 93029351f311398b
919 a1ac4830c48f01ab
920 5cfa091132f9312f
921 377076df05b379e2
922 5b1f371286f6eb9d
923 fcc8ce59a22cea50
924 6dd2b91af9361a9b
925 33a07c6c23f5345e
926 c10aec3872b21299
927 f99e766f037c6d6c
928 3540fade65ed7ba7
929 0ef6ccdd7fd423da
930 482ced0c937523f5
931 68f052b8fb7e6f48
932 d9bee906659e110b
933 05c782600fcba54e
934 98de716d9dee3049
935 95913d841d0b61dc
936 fad2624cc1371aa7
937 3a26c0eee30443da
938 5a49e7f418df43f5
939 2342f778b0ed4300
940 71966cbcdf9e163b
941 b5a060813ffdd02d
942 64e17578dcf531bd
943 31c16e5e02385871
944 19fcae6e3e4198c1
945 01f6b2dc977f3353
946 200cee8f422f77ef
947 c00e4f08d0256daf
948 8a54de4fe3b221eb
949 03e366a6dfe4324b
950 64cbb7d39820c757
951 0decef7a2a4d0057
952 b9688c7457a33593
953 2351d999f24eb553
954 3a62af96df1ad9e7
955 7f1622521e7e55f7
956 6e0e3738d3940563
957 1f1f5b02c2b0be83
958 47ec93e174b854df
959 85f13a3f44132ddf
960 e7b8d351d4a340cb
961 681208975f75628b
962 1b3cb22cf2e6884f
963 390a223c05f5d98f
964 a785608a9026e1ab
965 95e5f102c67f6ccb
966 db22cab59d228177
967 7f3fa4ccb581357f
968 06ecd634971c03c3
969 e194206da1edb583
970 20b6fe07af2b82af
971 011927dd31165922
972 474fff5a0b3b71d5
973 200d3154de88ceb8
974 883a32a2c03f236b
975 c2962b5e3a7cfd7e
976 1b87aec091fa4049
977 cb7ebfdddc47542c
978 2453e1e3c4090697
979 84c622d76ee0a0ea
980 bbfd62bc5f10365d
981 6b5c01d46d227650
982 069db55ee3d0d6e3
983 b695a5c6d7c2c196
984 47a297cd88dbea89
985 72752ee68cd6926c
986 9ce6152e5aaebfd7
987 9308b85e6026b52a
988 d547af70a1df592d
989 854ca204d42f2570
990 92118551096ad5cb
991 22a8420786af26de
992 261eb13901784791
993 18cdc77b60cfdf34
994 d18dff7d488ad33f
995 90f0f3f3c1228e52
996 49f264f78d078685
997 475807d95d7ef168
998 2bf325aee72963c3
999 c78cfd1de736fdf6
1000 fa16a54e15923b49
1001 27b553a4c6b9b72c
1002 d1093cf9957e953f
1003 baf785d93722bd32
1004 6a67f6682dd695e5
1005 4a6cf57a4493b0c8
1006 d853894751cb1623
1007 94cf12214bf9b8d6
1008 2418c61941af47d9
1009 eac682b17dd9493c
1010 3c9cfd57f503d627
1011 57b3b6d8fa18de3a
1012 900ea43c82b2ab2d
1013 670e62278a212770
1014 6cb6882640ec6fcb
1015 138546824e18c0de
1016 6a7c3eb9c85d77c9
1017 3f7591f5114153ac
1018 8fa9c5ed19db8487
1019 1b539a892a0e021a
1020 0879129adf66110d
1021 da3a0417502be450
1022 52d31c80b1685a2b
1023 03b2f6b0f53dc876
1024 7c61b7f021aed5a1
1025 97dc6acd6f822704
1026 4c08a10e3cb61b4f
1027 0340851085c45f42
1028 6163d9da2cd827f5
1029 87640d49697733d8
1030 a92118c24e763c1b
1031 4740ec33115e096e
1032 6159a87dc147dc51
1033 b53c1c439afda2f4
1034 df289c68ca9275ff
1035 94511138d9fe59f2
1036 5a3867ca267f40ad
1037 e45d3cf2ec6690f0
1038 6b989037f1c2654b
1039 e3a6f056d770405e
1040 abee4f5662088311
1041 aecfaa3ad826ceb4
1042 aca8339bcbcdcbef
1043 0192e327c5609d62
1044 f4adbdf21a193a2d
1045 e2c4eadc57526670
1046 ad69d8a3d03eedcb
1047 565527cad6d2dede
1048 18bfdd9f71ec2241
1049 0c316b9afbf0ca24
1050 c334d8842f8ed76f
1051 c7a44b78d395189a
1052 551eee0f6c5cc78d
1053 2b7c9e7cd59117d0
1054 61f06ee485d68323
1055 23dd1ad7a6011cd6
1056 3b92b5802979b4d9
1057 7ae1bdce12ff0c3c
1058 25a4d2f67c7e350f
1059 a49f8677dd972a02
1060 2e3ea59c0c1059ed
1061 8dfd05d967186830
1062 a3d2d4ec1b991c8b
1063 52d6fc4723b79d9e
1064 023331ffb063a8e1
1065 e14af073a57620b4
1066 24b72a48e2123147
1067 81a7453896738eda
1068 444c5d02dbc128cd
1069 ad6bac763ce6ea10
1070 632d2fe9804d19eb
1071 be477d382db95ffe
1072 38215422983eb561
1073 6dce83ebde57dfc4
1074 966f46ebd21e300f
1075 9faf4f533bad8902
1076 10d1cf1029a377b5
1077 844ef4ea91b54798
1078 e5a533aa53429bb3
1079 6a11d6bb13d347c6
1080 feb89598fe4bd4d9
1081 00670b613f2e563c
1082 8bb3809546563227
1083 1175c3a9e094ae3a
1084 b863f097efe1572d
1085 a41c0e39629c6070
1086 61f7a2890df3b313
1087 74f120bc39522686
1088 db2ee394b9296a49
1089 c77f3b5d6620c62c
1090 e1d3a1d5e1dc5897
1091 7147da28f2ec1aea
1092 4f571092e4e8085d
1093 c8f96f2fc349a020
1094 d73ed8eba87c7efb
1095 cc7f017958b1d54e
1096 735a1020d65a03b1
1097 a2153df44b79d054
1098 2a7707a4f15552df
1099 66d50db2d07e1152
1100 91f3ca30143582b1
1101 b815ca3eccd93ad8
1102 b280d4af628e98a7
1103 fae722b0b9ad393e
1104 2f21d100fc7cef14
1105 930251e72c29209d
1106 5dba982956d55c32
1107 aa6ea9f8048d06fb
1108 e6e70e0c13aeddc8
1109 22293b7ddc9a1281
1110 7bf2dd00edf5a1e6
1111 8feeb4afbf12772f
1112 ca7b86e211ab12dc
1113 68e859b097101d55
1114 c3b2d828723f7dea
1115 1bc46c21348dd8db
1116 b5209b4c30fbc428
1117 7ae06c0480ba4d71
1118 1e2d2ae33af20b46
1119 4603ebfbb361ac8f
1120 f88d41a7b21c83ac
1121 7ad5fbd31cbd60ad
1122 a02f348eb5320c82
1123 0b5b1592f9a406cb
1124 e5192242ee113a78
1125 5446c676089ab1c1
1126 32732731f11d76d6
1127 67525a5475b9b7df
1128 a1ca9a3fb948360c
1129 1ea2d670037815c5
1130 e30b9b8402b2455a
1131 aeba8368c2a1a85b
1132 792709ad097533a8
1133 e54e2b123a09e2f1
1134 fc786de5f9ef14c6
1135 f1cf6f9f1028ca0f
1136 e65021591867f32c
1137 da2c2f3b7d91d165
1138 d11ad3e3358929fa
1139 f3e9dca501c63c3b
1140 32122734b8529e08
1141 17f63b1ccb20c1d1
1142 48dd268dca4ec126
1143 7064dbdfac470c6f
1144 f275c2629d66785c
1145 e9c3332683908cad
1146 1a1931120445da82
1147 29e639e6c524bacb
1148 9a92997ae1a2de58
1149 ac28bc570a8724a1
1150 b22b28e4caa33d36
1151 48b36292787b0f2f
1152 c1a9018ec347d224
1153 672a0dab717353dd
1154 8c08372ebda72572
1155 f3de5f81405c5f3b
1156 69d065f5c21f6908
1157 29a63785a43a4ac1
1158 0d653ec5d5ac6fd6
1159 9266e2b845c3bf6f
1160 6844d562240bb47d
1161 b41a668a566d2ab4
1162 5aadbdb9bb6d6703
1163 b31e71f27ca3792a
1164 a40666411d61af84
1165 f130559fb8cd9c61
1166 6ce09937a3d8d182
1167 d8419e0792ce560f
1168 f208718da0ad4ff0
1169 f3333799bdda788d
1170 2a3c27454b54536e
1171 a4e130fe95a30dd3
1172 5b662859d156d794
1173 75cbd15854ff8df1
1174 cd1ffbfa299823d2
1175 ffe42194d6151dd7
1176 f1516d1e88eea318
1177 2f4bed04a0733915
1178 19b11d3abc8ed356
1179 eacef72b39adfa73
1180 6ca6b4c5b2becfb4
1181 da590c091269f2c1
1182 468e5b59045855e2
1183 0a9e3d69ba3e9d17
1184 3ec4aa5dab62eaa8
1185 dc264a5838263b4d
1186 824eb2786574382e
1187 d60148c4a87bda8b
1188 429529a884d7438c
1189 6517b5da7786d379
1190 fd26d7b2d3312eba
1191 b88c5acb82b24a2f
1192 1cc76ba5d05d0380
1193 3657738a729bd1dd
1194 3c7caa8b441bcd7e
1195 d9f88ce38d2141b3
1196 7de3a0567390b6f4
1197 a74814a569860101
1198 2054e5fc6f906e22
1199 e6b36b0f13d99ee7
1200 5f60caf58e9e6b78
1201 077b8602e4cca075
1202 3d43ca4e5ddc53b6
1203 abf3e053208ab653
1204 1af2583452ffe014
1205 9055cabbbf721ea1
1206 e07e1fdb128a59c2
1207 36b1260269aae76f
1208 1c401dd24ae04aa0
1209 e8b6a98d47d80b3d
1210 783212bc2adceede
1211 7fa3bc61ae00b77b
1212 ba1a869c5d7ab6bc
1213 30a74fbcc15de1a9
1214 82a9e9a8e15c72aa
1215 5eb30d39d4668527
1216 b97143964befcbb8
1217 e59e4c0a2f7b35b5
1218 1da0a9f9195144f6
1219 62689110f60fcbb3
1220 0dc02431ae846e55
1221 969d826a3c86c088
1222 df6aaeea16a650fb
1223 4e42c5ef800aa505
1224 bcee82e85553af4a
1225 b97565f9d9bc47d7
1226 4fc3bb0e705a75c4
1227 f18657bc4dc59889
1228 ca999fc9f11d4926
1229 119b15efe96d8983
1230 4f9a91f2065452f0
1231 91e929bd1a025bfd
1232 38bc756d2f5ccbca
1233 ee3e411dd9165d07
1234 ce79e92184b9bd84
1235 0c096246e3cafb51
1236 018238274c1ac7ae
1237 c260169df60b3d2b
1238 9c90e0088a2629b8
1239 601b360273879c95
1240 97bfb4487ccd0b62
1241 7380c31bc944bd0f
1242 736f186e5a4aa0bc
1243 b017a2cf7622fe69
1244 932dc258cc2ded36
1245 731ae8cec60a0233
1246 41bbd52e3661da20
1247 1c6faa7d61d7a8ad
1248 125238091784bc7a
1249 d3dff41d72fdff0f
1250 8cbea8e0c5146abc
1251 dfb491b173cfc8c1
1252 64511b99163555de
1253 451cec256039a9db
1254 1df294b00b1b1820
1255 ffc3339cd16a46ad
1256 0206283305b7b24a
1257 20ddc4d4a183e59f
1258 9ca5cb4a112de1cc
1259 971968dc3ebe7fd9
1260 2375687b638ce536
1261 c0a62f4db4117373
1262 3ced826d19573860
1263 69ed3cc679792c8d
1264 f75976664b57f26a
1265 f8bf0140899f99f7
1266 02f69ddce3582e64
1267 c7c51016c52086b1
1268 1d631faa4f63808e
1269 0ee6b844714b4d3b
1270 aed49f1283bfaac8
1271 d589fad8a69ab895
1272 86d93ba6c3d63c22
1273 31de2f21e842f8cf
1274 bb007df08e651e4c
1275 7ab1b284f855eab9
1276 88c0034cfb632b96
1277 0365e820077e6353
1278 c46a254f3c3a5f40
1279 dd5ec36986b9cab5
1280 b85de94296de3e12
1281 5d88b0a7a1d10fe7
1282 d2cba811d45fcd14
1283 485f5be8d36850a1
1284 037cef521b7f80d6
1285 fe780e7808b4e893
1286 d48e5bdf177e5f80
1287 39979e79799bcdcd
1288 18fbedead4ab9c6a
1289 c672cd28f85c88cf
1290 1a38ddc7c36ec07c
1291 e26bf009b5b43a29
1292 40e3dc0123d56346
1293 8536643455837b73
1294 27d98df55fcc20e8
1295 eb35157c7799f1b5
1296 2d531da158593212
1297 60a5c43953d863ff
1298 d33ca8fcc8d0f6ac
1299 37607e91b61c5641
1300 d07be4fb536d9aee
1301 0464b495f765ba6f
1302 f0f9235ff05422be
1303 512c575cbe842573
1304 cd9d311158444954
1305 4af0eae8f97b83f1
1306 d7e462bea94e2fd2
1307 9dfcde0346c5b737
1308 31476d0924c5a730
1309 e114757d6298fdf5
1310 4c7826b20162f346
1311 e36c9f95ab56707b
1312 ef2d6af9e8025024
1313 5006c7be3f474929
1314 2d6c9b01521cc31a
1315 2ac24a96eb6cbaff
1316 ead77c9058a23498
1317 9d0407956b57c12d
1318 11131faa4f78191e
1319 c3c8aeb027c830c3
1320 cec5ee8f897dbc0c
1321 89aefb6836d69ab1
1322 e651353ae7b8d412
1323 735d486f2c630137
1324 5ead07230ddd8e00
1325 71224acffb569325
1326 3bedc8b7fbb970f6
1327 3f44e5396c63d15b
1328 365218d58bbd5204
1329 8e52d226cabb7889
1330 c4c94933969b374a
1331 131d5df1c2c02c6f
1332 fbec130ecbff9fc8
1333 e653c8be5cf2392d
1334 caa1d247c65ad776
1335 b070b3435ced0913
1336 395e38cba635e45c
1337 55bd6aa3c2f7d141
1338 7a3b00d849feaa62
1339 19be6d1d20579a27
1340 839835c0a683e9a0
1341 3c2a20bcc50c5735
1342 eb70aaf3cd501486
1343 8c34778b7a01d52b
1344 c89c6c0712036044
1345 3332cb818d196cc9
1346 0d159244f11bc60a
1347 c1292b9d8d68b1af
1348 abd4a1445d6ec608
1349 655355600be3df7d
1350 d748f542e2fc72ae
1351 07f905d77e291f83
1352 2e195dfca9420ccc
1353 9969001025668df1
1354 3d06f85117ab60c2
1355 ed6272b12bd1bd67
1356 f65ff6ed8b0cd960
1357 7aff0dc4bcc9e11d
1358 3a1f1b9381ea04ce
1359 35ef1600101f7cdb
1360 fce2524d3c57f4d7
1361 a0f02d0bb82547d5
1362 087bc432f173d264
1363 f4a99c3dec7878c5
1364 5fcc02bfe3bc6a9a
1365 d931b3839a8a1bdb
1366 c3a7223f7f2fe1f8
1367 8802b62e377ef531
1368 96941b3cb9c8130e
1369 ba32dc030abd38f7
1370 f404aa2b3aa9bd24
1371 f9c9fb7c1758c98d
1372 c57b631684f5383a
1373 c37bb8be771378fb
1374 6e80278f42dd5c50
1375 87ea813900e04509
1376 fc90922b2e9a6c86
1377 325e00d3e04fe4a7
1378 b9351cad33585c54
1379 5be829dd1b395445
1380 bdbb520623f432d2
1381 680e813887d3d82b
1382 3387b43aa11cf688
1383 7f0f3da286a49581
1384 3bbaf51de1667ea6
1385 bcef6e1a5f941ac7
1386 9d720520ab22a174
1387 2fb1db314725f19d
1388 6a7ed7294e8f004a
1389 6e3a5626d289daab
1390 2b4455ceeb65de08
1391 ecca1c2bdc232c01
1392 9502545f1ecab2ee
1393 33753ea6d6becdff
1394 a686e0dcdc9ae8bc
1395 79d12d6cfb6566a5
1396 83a6f6e1a1db7432
1397 62837196d5144c73
1398 2bd70d9cabacde10
1399 c5f7f52fb6933799
1400 938a096c94409a46
1401 b113db2abbf53267
1402 b455419dfc8fe314
1403 f8dc339a5491767d
1404 fe51a9177acc7562
1405 f63a2984dfb8948b
1406 b36cf64de13814e8
1407 27cd06ab952659e1
1408 d08d344ca9bb13ce
1409 b2a0b99024ee5bdf
1410 57d062adfee267ac
1411 096361f058becfc5
1412 aedd5845481dbe52
1413 5b478f5a62e6a393
1414 b0364cf7ea8ebf18
1415 8b0a4c81fab70b51
1416 dd604feccea1148e
1417 b47299db6b0eb6bf
1418 a6b820d2b753758c
1419 d2712d8b294977fd
1420 429e33f33ef3e52a
1421 1f157457453b22eb
1422 3d2c47c1521fd148
1423 4df37c3ea34b5d01
1424 ae75f45f9c22cd3e
1425 259a0a9e311c9ebf
1426 9ae65dffc23b628c
1427 4590b72810be8a75
1428 24499730dd289dc2
1429 cc815e2ca10b584b
1430 1303ae599afea3a8
1431 b8b34c0494bedda1
1432 9377a95455d910de
1433 43a31725b8e7525f
1434 fb96b7ccd1d867f4
1435 e6dde8dd6234bbd5
1436 e3c113d95c231da2
1437 ae82125279c7a3a3
1438 b4b4ba2955f41cc0
1439 2113e673e63544d1
1440 9a1104b04dcd727e
1441 61542dddf2fe509f
1442 c575faf1183ce46c
1443 893aeb54abf18055
1444 cef43d2e0b4a2baa
1445 19fcc302ca3aa86b
1446 82d61d352ccfccc8
1447 0a125ac7c14dfac1
1448 0c5fb08d66bab01e
1449 df09e33c5257fb67
1450 210c7f67e9fae714
1451 9f965320fc23207d
1452 6db2b4d75a3fb4aa
1453 52db542a63c7d56b
1454 97f3c329a0eba4a0
1455 a80a1db359dbb799
1456 3d8a7ab4bcdd6296
1457 784e68c5ea658177
1458 5b8537741a4c70a4
1459 e22b57ea7fba822d
1460 b459d2d7e0ac63da
1461 5ad8297e923ac41b
1462 ae8faa71c8162838
1463 f39332d0f0f1f371
1464 b525577415093c76
1465 5118726bf3e18c17
1466 a234bfb976522cc4
1467 fd9e6bd5015dec2d
1468 038073ab46f5e5da
1469 bb69d79eff110ffb
1470 6b0d12248eee9118
1471 d5e10b0493e4cc81
1472 16d340f9d6d9356e
1473 d133babcc4a14aef
1474 80a155465423040c
1475 61aafe112f2b2cf5
1476 94829ce6c90b9d42
1477 f9d19471f20e3533
1478 385f22793e919fd0
1479 5c78660760bad789
1480 28bdb5d6d88cfb76
1481 2a5133eeb73bd657
1482 aa44ea3ef79d5104
1483 30758fe75521fa35
1484 c14e14bdb95ce0b2
1485 2e13625327683bf3
1486 a40b9412e6dfa690
1487 a8158d1486213149
1488 734e6dced51ff3c6
1489 8e47b88c1632b8cf
1490 da19044e8f30fedc
1491 c94d16f78fae4745
1492 348ebc66c0a055d2
1493 e9106df21513b513
1494 75077ab0c2db4778
1495 08c3c58409d78fa1
1496 2b0843ca91d37ade
1497 8ad0fe0675d42c5f
1498 c7194177a4001e2c
1499 31a7c71378fd27b5
1500 08bfa9ddf01dde02
1501 5b59ca96707e0dc3
1502 162e34d9b5ffa5e0
1503 ae1f98aea1d4c2d9
1504 f9d7798037f2fd26
1505 9d8deded444ec947
1506 179754f8ccca35f4
1507 1fccfbdb233a4a25
1508 2fc71fd3a67a68b2
1509 46ef807f36ce25a3
1510 0e3c7ed56db85ec0
1511 bc5c35948aa97b39
1512 a3137225e309ddc6
1513 925d2eb0b2dad9df
1514 52f2ea99c27af33c
1515 a474d3748508fe25
1516 018f1a284a5110b2
1517 c658c4acbc771af3
1518 12e0a28295c34490
1519 bfa286d5a2408251
1520 e673552d172487fe
1521 b8573cac9e08107f
1522 84244bda5dac5d4c
1523 88a0da2ab5c36135
1524 841a699c7369bbca
1525 a4deeddaf2ad680b
1526 f1a4624abe54cc68
1527 bd826e177d4a4961
1528 803dc1d4bf2bd8de
1529 45b6fe47fd1e2297
1530 6164072061b82c44
1531 36c662ee68432ead
1532 ff749bccd49bfc5a
1533 d93a7a0b0822fb9b
1534 02f9d343a9c7b1b0
1535 7f07f662c1ff30f1
1536 ff5e0a7d87bbb21e
1537 07ccc4328f940e9f
1538 209822ce19409c6c
1539 3bf8515fcf4d66bd
1540 6671493b2e532aea
1541 1bd68715a2dbb2b3
1542 06c79f73a994fe50
1543 b430bec1c7361f09
1544 06a90e4d2074a75e
1545 a5dd403bb1e094df
1546 b393e5cca07940ac
1547 966e194897112595
1548 c0dffa7b1f9aa462
1549 d6ff2856751df3c3
1550 d97d8b6b81ba94e0
1551 fd2fd259edd70ad9
1552 2cb62a94e25eaad6
1553 54a60fb03f103eb7
1554 61dab83e831ecdd4
1555 74c1c17c9d1a5f3d
1556 3f13ba26b348826a
1557 ff54baeff430382b
1558 b1479cbf5eb34988
1559 0048567dd547d499
1560 6ec6a1c2c52aa486
1561 41c2fd9f615879a7
1562 fe07b65153bb2754
1563 b9bd05b72989b6bd
1564 cca75b7facb7503a
1565 2ff08dcd49ffdb3b
1566 0b5dc2b7e3c9f758
1567 b4f157680dade291
1568 bdfef9edcf50e13e
1569 dae4ce5f0d8eb5d7
1570 be43902d69cea784
1571 fc6fb5d96a87b41d
1572 9063c097e5325cca
1573 b5a3ecc7f8b8a10b
1574 b023ca675293ecb0
1575 3dffa9a0a12f13e9
1576 098896ac16075fd6
1577 eadedb0064c5bd87
1578 d561c57fe8495034
1579 74d2d540a18a343d
1580 db6a051d32a88c6a
1581 7a8bd9592136c22b
1582 6ed272b3bf651088
1583 38e8cf9f90793629
1584 0a72d8ba0b5d27d6
1585 49b2c66efaa81bb7
1586 518a2e19e58517e4
1587 506fed0fb1b4ae4d
1588 9039caa3284af3fa
1589 07eb3b600c08305b
1590 65d7d71f1415d378
1591 c35cb02a81100eb1
1592 4c1360e10067bace
1593 9113b79432d1bb4f
1594 3dcd9924801df1cc
1595 c6eaa9a7e6afcac5
1596 1435181ce4db2c52
1597 e4c87227f0518893
1598 21e92e28fea67130
1599 711662e59b0ad2c1
1600 5afd40420db6c7ae
1601 6247c302091afe6f
1602 63722e091bff18fc
1603 b13622b5e47294e5
1604 b859d84d0e5c025a
1605 9b3002ab39dc219b
1606 292e1ad1e3bde5b8
1607 0f94032fbcbdf459
1608 969160e271ef4866
1609 8b78abc57f33692f
1610 563014b0b360bcbc
1611 c840903871a1eca5
1612 4283f1e722f86a32
1613 e5018f8942c33fcb
1614 22548c1ebf9f8ac0
1615 981dddd35c99e039
1616 a35d26785bc6eb36
1617 f98dfa7b07bf3617
1618 753b281465d6f9c4
1619 8da35cfe4fc95bd5
1620 438f978792558fa2
1621 fef760a00dc30fa3
1622 216c41e7467225c0
1623 d6791f0d241d1b39
1624 ffeda142ca9d624e
1625 efe767eaef20c2cf
1626 470d5efaada7ebdc
1627 27077d97d92d9d45
1628 182183d0c499afd2
1629 84477a7e9da32fb3
1630 cbf7fe4fcb78fc50
1631 ef8a178d1f184509
1632 8067951a5bf5aa86
1633 fb2bfef1662301a7
1634 ed6c8509676c1f64
1635 a3313f23442891cd
1636 e12e3c923f7e347a
1637 1f286240ed9e10f3
1638 ece1156fe645a690
1639 ba5a924c8c073149
1640 9a4470e316058836
1641 649fbdc4999cda17
1642 292286e3c2625ac4
1643 ccaeb6b1c1e4b1ed
1644 d24082d721e5b8b2
1645 15d2ef02d0a9f3f3
1646 159d5f85cb197e90
1647 c58fb60192dfa949
1648 342f8fac6dd4ebc6
1649 2008c15535d67ce7
1650 ee4379540f15a094
1651 b6444f7de76a9dfd
1652 8700504a5922c42a
1653 f21375f9931648eb
1654 029bc881995f1950
1655 8735daa6d9894cd9
1656 a1bed208dc5a2f06
1657 ebe0c9b5cd70d927
1658 49efd71200574ad4
1659 2d70f2b7789efc65
1660 cb1517a742178ff2
1661 7b897d04cf6d94db
1662 1c1b5125a4d763f8
1663 0d2d8d70c68d6231
1664 05bd6f8aefa033ce
1665 1239f884ad59444f
1666 1ba2efdc1c15d75c
1667 7e4ad5f90e0b08b5
1668 996571a0ceeb1702
1669 0f345a59559f25a3
1670 c4113efc99c95ec0
1671 97e8f890f15e7b39
1672 3f76e76d9352ddc6
1673 5f1cadc6d5411497
1674 440ed6c63be3d58c
1675 42abe37bf7382275
1676 101ea00ceda830c2
1677 4948dc36d142b943
1678 9b0ea7db875c6460
1679 95aa4ad362124cb1
1680 4b61e209da29a2de
1681 b1e7bc514299945f
1682 021af4a5db3ea62c
1683 f9818613e6545415
1684 7a0ae24eb75eb90a
1685 b65a90c9c094cdf3
1686 5a4b2e983e77a090
1687 7233878675781b49
1688 41324174ef1feed6
1689 0b9a04cbc8a0f25f
1690 a7f455d0684e5c2c
1691 2db236b6bb4ddb8d
1692 38229f8d18cdfb3a
1693 d92f25a7eac1bafb
1694 24d6a181d6a314d0
1695 a1f1fa17b3159d89
1696 e6e3503956bc7a06
1697 711c1c52572128b7
1698 cec2c321c0ae2ae4
1699 a11ae852b9ee60b5
1700 e86fd8f385ee2f02
1701 78277034cd702583
1702 50bb3bb4a59e1ba0
1703 0a8f5d6b7c6dc699
1704 2d9dbbc640dbc2ce
1705 7df9501bb595434f
1706 f0f15d5c95fd425c
1707 fdbdd9a82a76d835
1708 d92e344353581082
1709 f37681b4c938dd23
1710 254c3c5e55bfc240
1711 dca8673849ab30b9
1712 a649b1cb03064bb6
1713 9ec154ccd04135cf
1714 2c15973032b7048c
1715 58494f62d8fde975
1716 7b78d74e96390fc2
1717 a1a419734c3ed043
1718 3c8a56d2132bd760
1719 d116d902ab89a021
1720 030ee2d3864f5a9e
1721 f93e0505880a6e1f
1722 c5c9d0d739b81fec
1723 125054d9d58523d5
1724 b03933a638547df2
1725 2137cc11d135e633
1726 14b655bf106a21d0
1727 56591da76ed36989
1728 7db22cc83adc0606
1729 23781ea7ca8483df
1730 38eba304de97afac
1731 427f9a96b9116795
1732 0a688bde8993df62
1733 d3136a9a45526f63
1734 bb2232441ab154a8
1735 b8941c90352a0da1
1736 20311bb5d2a5a4fe
1737 7deb8bc4761ea387
1738 929783fb311b3634
1739 27e6369a0f7b8ffd
1740 75223d96d6fedd2a
1741 149051273628daeb
1742 cf6d1a2261102948
1743 6819fa1c525ac501
1744 05028c239e3f4fde
1745 9df7db7526a8b95f
1746 9429be38b6d6bb2c
1747 c7cbabbec7b3e015
1748 2da63e3bdb95d2e2
1749 164c64de8bf993c3
1750 445cae360fd4b4e0
1751 a8d4bce4b0e4aad9
1752 39a15749b9c59bc6
1753 f956136dba85f3e7
1754 2f9b6022e45db4c4
1755 5812470afa827a5d
1756 cf14e28255e23f0a
1757 5ec06b89cfe2774b
1758 82c241c855c632a8
1759 8e1f7bf3e43fe179
1760 ddc4e2a57033de76
1761 954fe43d23a36f0f
1762 e29a6d2a0888611c
1763 d9d3a556ee9fe485
1764 0d94c1e7a8a750fa
1765 0d551824776cd9bb
1766 1a9321e7d20ca9d8
1767 5f15179edcd80541
1768 3c0512e07af9be9e
1769 1b253333bb9e0ee7
1770 f42d8ed2350dba94
1771 1d8854f172bc57fd
1772 7115aca19754e62a
1773 c7262a6f0776ec1b
1774 d58235b3a36476d0
1775 20eccb54f3d93989
1776 47dbac14197f0706
1777 9e134ee22d713127
1778 97f2b7950d1682d4
1779 061d32b5d095ac45
1780 52c08baaf6f14ad2
1781 9553fc4de6f5cd13
1782 7db1616d0a9593b0
1783 f560ac100ed79ee9
1784 1abd71cf0b9aec9e
1785 97464374f6a8dbb7
1786 d6dbe088a4dad7e4
1787 8d3b9771bc776e4d
1788 1b0306c63523b3fa
1789 8885293f30591b9b
1790 34f0cab944e5dfb8
1791 a91816cbc9230009
1792 5d1f233c10a23186
1793 d7a3f40d3a35b8a7
1794 7a195efeb09612a4
1795 fab7546a4c1bcf0d
1796 a973d4330d0c1dba
1797 0b47e0616423ac5b
1798 55cb6d35e8db7f78
1799 f2193ed89ada9ab1
1800 caf0d73c8b873a6e
1801 72c45989a607e7ef
1802 546a51223d71527c
1803 3982596fd78c0c65
1804 9f1448290bcff1a2
1805 2aef6453623c02a3
1806 a9fafd1c15439dc0
1807 298a9454377a6b39
1808 d2b8460ac96e1936
1809 e748d8dd08daa32f
1810 cef78c30a55166bc
1811 1461147dbc7d66a5
1812 d3b337c620e51432
1813 0bb19589c06ac173
1814 d0a2ce1c6550b1d8
1815 b6cbae867bc0ffa9
1816 d13b5ed34b8669f6
1817 f497109d659b3dd7
1818 c3749b9880d8cf84
1819 de391446e23f628d
1820 cf89e449ad0ac63a
1821 d12067862f96db3b
1822 4a9880f850181758
1823 eaa5ae82719e8191
1824 a24a44d9ca198e4e
1825 a8586e4911811ecf
1826 dd7d120b0155e7dc
1827 24d35ea700bb85b5
1828 205692df3ff2d402
1829 104ac54dad131633
1830 5f8277771901b4d0
1831 c43c1ef85073ef89
1832 43ae7b8732fee976
1833 10d600f409258c27
1834 b36baa8c0216f6e4
1835 beed4c86a28c4f4d
1836 a1ae0c9b912549fa
1837 2541077508efa0bb
1838 2e9fbee7c1a4a0d8
1839 00440214999ff011
1840 c4c40c54ab56b6be
1841 ea496f378972353f
1842 09b0475543af7d0c
1843 40cc1338af7d99f5
1844 9d65de82803ec10a
1845 8bd328703bc3035b
1846 807464897856d378
1847 5236d11e7862eeb1
1848 c7daa247072e9ace
1849 baac8341cf63df37
1850 36e7ca721330de64
1851 06dfe3abb18cd69d
1852 e69e4d1492aefb4a
1853 774f640469f2778b
1854 45c009cbbdf73ba0
1855 31db5b7d6ea5e699
1856 9e5f2174a93b8396
1857 0bd83507b4b6b9b7
1858 ae09fac990be3ee4
1859 77b1b8eab6e6a355
1860 8e454d7c7e0b3722
1861 0061a874bc020523
1862 2942f0fa81bb1540
1863 704fcfede78e3041
1864 729c327e441428a6
1865 38875e4fb4666cc7
1866 893daf5cf26f7374
1867 9102eedd95f561dd
1868 4c7e1e6274c6ac8a
1869 3c2d36f83e81a323
1870 492b2241a7d87f40
1871 6ca2565c7f6825b9
1872 a682dda0627724b6
1873 693d0adc25731f97
1874 5f611af04a498934
1875 e5593bcf1b54ff0d
1876 b922f4f033688dba
1877 986b962a1a35087b
1878 2b2897b46dec7b98
1879 e75e4610749ba2d1
1880 af34b197074f69ee
1881 e81a791b9dbc136f
1882 6a833421bd8795fc
1883 130b2236359b1de5
1884 f40c1ac5d7144aea
1885 2ddc2a22ade378fb
1886 88bb8f82cabcf618
1887 6220229875c03551
1888 da6fcb4ce4aeaefe
1889 39986dbf61a658cf
1890 ca5fdc5a373d9edc
1891 3cd8a8a8af292e1d
1892 057294751ca956ca
1893 ca8b6bb65266830b
1894 1d32ee3197cfbbb0
1895 c72704301e70c6e9
1896 799462a3e2588ed6
1897 b6b35557d24ae28f
1898 8dec7df9ce0f109c
1899 1d48f11c322a8b4d
1900 520dc2e75156dcfa
1901 d283bbdad0837bbb
1902 be126d1f18082bd8
1903 509d68126c5b8011
1904 ee56bdb5fc1d6b8e
1905 b7111cef620fca0f
1906 490562800d96e51c
1907 de0dbb71b7a40585
1908 c80b60a5f3f59012
1909 78e74cfd4c7e18b3
1910 bc427834405a3950
1911 6d7649f1c46bd609
1912 325cf25a7ca9eb56
1913 03172a1c0bab2137
1914 3434fd41f042df6c
1915 f38742154a96c61d
1916 5fd66b51cc211fca
1917 ed300dfa36b5f80b
1918 3a4bc7a2fd18ef68
1919 714ff1d5c3574d79
1920 ffca35e1e68c1a76
1921 f36eaedf254fe197
1922 d508099df54a2e44
1923 eb23557687cda0ad
1924 049b69afeb15f4c2
1925 601ce2e07d381843
1926 74008b33aace8160
1927 cfbffc9525f041c9
1928 8a75888ea4e754b6
1929 62dec7fbe3acb6bf
1930 22138741d121758c
1931 f87cf5cc39d72275
1932 698dbe7b295a67c2
1933 8f097d2dda19ad53
1934 207e4ee34640e568
1935 206b1f350d09fb61
1936 e8be4996d8f0e14e
1937 9ea39ffade2edacf
1938 20bad03a143bb8dc
1939 d0282aacd10772e5
1940 2990acb05367b472
1941 2fcb0efd7b8beab3
1942 aac45c9054ee9650
1943 de6406a9f43e5709
1944 00128f3809d3643e
1945 263f6ef93deb382f
1946 9eb1c7c6167824bc
1947 e43a1f9a6e6fc1a5
1948 ee36ce3c48a47232
1949 78a1aa1885cdb593
1950 29420f72eb560e30
1951 d8053461dbf912b9
1952 5841320a8345c5b6
1953 f97ecf2284180797
1954 f1f8877889685b54
1955 ad3d22ba7d5b9abd
1956 181666a10ec5abea
1957 bbe461bcb933086b
1958 2cfc52370251ccc8
1959 346eac91cfb3fac1
1960 7a125519c664b01e
1961 f52a7b49e0a41c2b
1962 5a3829897b5fcbb8
1963 17c9a46e4cd21a75
1964 ce246b3191020d6e
1965 1d6cf295a0bba38b
1966 11959d3d99979ff4
1967 2d5aef984b9d02a9
1968 8f0f508c3e936a32
1969 3777b36def3ea22f
1970 1c8a545561a14a98
1971 a4d961870c853e6d
1972 3d459b7a80945156
1973 739cb48a8e6f4793
1974 c608920fddb668f4
1975 de6d99890295aa89
1976 3d4ca206f01581c2
1977 15b0db044f16703f
1978 1d1d8f60171fb568
1979 77a760edc6fc0a9d
1980 1343772a8ad2e6c6
1981 a2ba006d089c47c3
1982 fbe33e3d2fa6d90c
1983 4405e02f1a95a4c1
1984 8c9b7cdf27f0d28a
1985 f09198ba497c9827
1986 cd4e34ea3c3d59f0
1987 737cd044adb56165
1988 2e010420651a258e
1989 ed9e01a07952453b
1990 9c060ede55018224
1991 665fe18576883a99
1992 ec2e8228261f9dd2
1993 5ce63e9b1eec8907
1994 b28e49b9209c48c0
1995 6a701f9ee7a488b5
1996 741ac484b4ff5ede
1997 1ab0e9074ac5fa3b
1998 9ca848fd47fc4f24
1999 c2f5bc5ff0456821
2000 d29d546a993d5e7a
2001 785218b1f7af9c17
2002 85a1ca7630c10ba0
2003 dd64bdda1b02ed95
2004 7a7879805d822ed6
2005 bc897915f9a7a843
2006 82bd9ef8140bf70c
2007 e747d75e731566c1
2008 075570fd73478dea
2009 9ab34263d156ed3f
2010 8a75188ef5a95674
2011 1b78b56af45ed8f5
2012 077cb006ee79f7ca
2013 a2021f0dcfbad263
2014 dbf6ed50e58ffd28
2015 d83eb3303311cdf9
2016 f8d676c65d2f678e
2017 bfdfb75449e2435f
2018 bf1e4153745a2f4c
2019 198f4535e5c09485
2020 913abe06b86b021a
2021 2d427f160d79fd8e
2022 eec997bb48f8ead7
2023 ccb1a6c8342137cc
2024 e23b485fc28b382f
2025 98a7d8f8a6d1af22
2026 b3f9fd1223976bdd
2027 fecb2f894bc23648
2028 20e727e7d21e6c43
2029 b8d24cd71351e9c6
2030 a6a200097f6ff871
2031 3ce6bfdb86529dec
2032 5a4a8ce059331607
2033 1e31a377fe1417fa
2034 5261808e6278c0e5
2035 b81aaee7e37566d0
2036 827a26588e62d6cb
2037 fc90dd4b0b3a747e
2038 2b656832c44aeac9
2039 27b2620b43a736c4
2040 a257aacbc00968bf
2041 668f1998ca6ae31a
2042 9ee755762a943a15
2043 9b922e6679274c00
2044 d1fc9fba8929600b
2045 78a75b6a614af8be
2046 9067f92d84ffa309
2047 c89b8fa2a367b2ec
2048 1e545d6756d31c07
2049 c184ef61a5426ea2
2050 56700553eb9c415d
2051 bc7ded1ae485cac8
2052 ce27f1f5e6e1e5c3
2053 e9d07df6a78ee406
2054 2154d5452b2c5d09
2055 559943129f7cb604
2056 16f44479e35c311f
2057 88d62957e7d384d2
2058 255953358a2c350d
2059 ff1f0d8e4ac07318
2060 4789cc8770dee353
2061 a60e9ff83f2db706
2062 bad02bd8b2b5a1b1
2063 791c9a91677f419c
2064 f0ac97592d8617a7
2065 808810a3ab09ce9a
2066 c78c0ba985963695
2067 521d189cacbc8580
2068 cfa54ca7e6ec10fb
2069 1e845b3eac63dd26
2070 c63af6ec0594edd4
2071 7e164b6ba31558a5
2072 3c4fd11faba16a82
2073 429de09f0984893b
2074 fe89d1cdc59f2a60
2075 02cce0fd85ba1149
2076 d910ce9e856ac975
2077 3f7e36df1f8fb052
2078 124cd5e7de4f7afc
2079 b289448ff09423df
2080 cfd96b648fd850a7
2081 a333475a316dee0a
2082 a69e52e3546645ac
2083 3b1383acd49b023d
2084 8c30909e56996971
2085 7b56b8c1d794377b
2086 4cdb2181a608675e
2087 83ab769b7b62eac2
2088 ceb8d66c319a7c94
2089 fa3dde0105831269
2090 bc60bcf63841083f
2091 99ff930a8bb7a2b6
2092 f2dab868024e5e81
2093 89d2150b9d8547d1
2094 a2a850b4c8d23fef
2095 0ed3402daab78dd9
2096 896cf0d8be1f1d17
2097 e24deb98e6e10b02
2098 0aa8548879932d66
2099 850cfadd1a4ed012
2100 92a7e287ce33d165
2101 4634fc0b43a4338c
2102 ab2d2ddcd6d3a9ce
2103 2a0406321cce91f9
2104 84b95c8065acb306
2105 92c7a3f62fbd391e
2106 b571d1fe1dc925c1
2107 463edff74bf5898b
2108 21d879c3abead9b0
2109 d222744df2f20a93
2110 c7a32f802543cd22
2111 c16d2c7a7018f5d5
2112 fd9afb395237da1c
2113 67856f4a448c0970
2114 f29c310aeb207b4a
2115 007171d2adb2cc3e
2116 00c3e72a178ca36f
2117 161ed8a01f902e00
2118 19618ae8187b8692
2119 ee36b0747293ce29
2120 bc6719bc3ee26164
2121 075341ce68782876
2122 35c8a6baa3213018
2123 a2154c075c30a24e
2124 ce42088e9b3555d1
2125 4c609ae8bca43ead
2126 a6f3ab67d3925822
2127 cb63b24fa2126154
2128 62fdd0703e2a196b
2129 f925affc35c8cfaa
2130 2d4444dad319e9f9
2131 f4e3242cee94de30
2132 6a4834598d3bc977
2133 7c8bbfb98009a986
2134 ae0d861b8604d6a5
2135 955f1105efd89e0c
2136 129b0d7bdef8eb03
2137 5a7936a4e911f252
2138 3b4648036785a4b9
2139 f1a785a798f69700
2140 4c7963e71f2f278f
2141 e25044e4f3b93f2e
2142 a1d100eebcbb6a6d
2143 fe3a1141aa2657b4
2144 3c229e83150f8d93
2145 4acae95f2b6754b2
2146 4b1363fd51cdb731
2147 1a5cf57b591cb4d8
2148 4cc1a0f9ab8a6c47
2149 8164b115f6968606
2150 4827cfd22780adc5
2151 ddfb3810720f6f0c
2152 edf6cf25963e272b
2153 00d147a39a4b1f2a
2154 7e11490d72c39b49
2155 add8ab1c6039ad90
2156 fd2ea8b5748e205f
2157 2aa210d4c2ecd53e
2158 6470967e9da8133d
2159 cb7ec9d5c50aeb84
2160 ca205a7780d33d63
2161 897a2b52e0385b42
2162 60fa84ff08d8ff01
2163 1046e3a1460ba9e8
2164 38b1749e94b5d417
2165 9a415d0d5f8c38d6
2166 6ba62e37d71acbd5
2167 c460d5346a0aec1c
2168 f8c539987da6f03b
2169 c91e05b8e66459ba
2170 6e43f4a5ddd46f99
2171 a7e8d7560eb92ee0
2172 0cab264e104ed36f
2173 993033ace4a5ed8e
2174 99384157ef7a38cd
2175 858a70895d707714
2176 7e36c0eda4239ef3
2177 53b4a17e1ab05812
2178 93af3bb27681db91
2179 b6ef318285a08f38
2180 b00d8f486b59c2a7
2181 7b9ef76ed938ade6
2182 8227cea04b654da5
2183 b7dcfc9b8907b2ec
2184 b7ece4a899e4410b
2185 97685380a421e30a
2186 247c39deba740529
2187 39c8c0308e1267f0
2188 65fcddd84a3a99bf
2189 9a4af8d2eaa6119e
2190 c0c7933682a1471d
2191 d51c5348e4985ee4
2192 90d8346351cd8fc3
2193 21825431f8b9aca2
2194 8b3dfb87ded047e1
2195 745626d00dc72ac8
2196 95f884fcd716d877
2197 a0e93c9f1cb0cfb6
2198 75c109c258bbbd35
2199 a967298e4c3a38fc
2200 dff305669ea88a9b
2201 88b0c3c1d8438e1a
2202 0c3d988655580bf9
2203 44efcc668172a540
2204 00b45f4a4b1d69cf
2205 4e737e2359990a6e
2206 98a48a72924b23ad
2207 9b7f8e63341ed4f4
2208 916bf17aca4139d3
2209 b72adf30edc66cf2
2210 9f3c7ada8b843471
2211 6aa9d33d34f84d18
2212 98fbf8d880834a87
2213 37d8c639009ecb46
2214 b55d48d91b179e05
2215 598c6d3d53824a4c
2216 a31d758da78d346b
2217 7558af9f07398e6a
2218 f4a9fb2378335e89
2219 8b421b6fd7f84ed0
2220 5078e46f77c1a59f
2221 4c29d4e73db6587e
2222 ebf1bb4a03e7787d
2223 f3c0460d1009adc4
2224 a0f1cc92c68eeba3
2225 70cd0f5795704682
2226 58d9a9189dca9b41
2227 a1389541efa49128
2228 b485a6f42dd1b757
2229 ddea30559c8e3516
2230 6547de32434afb15
2231 c4df809ebd77225c
2232 65c9d82d6f877b7b
2233 87c83546b98facfa
2234 b718425701902dd9
2235 2e6307f07d734b20
2236 9f4518b0b45d00af
2237 4d841f888dc28cce
2238 2f8e0b22cb7c690d
2239 e7a07a1f05a45254
2240 a2f400397f958e33
2241 bc6316c0e2184e52
2242 03714e9ea28525d1
2243 b2969e799e773978
2244 d36cc76433fa8ee7
2245 a53348012507f126
2246 6b20ab1b771794e5
2247 094fb53ea78fef2c
2248 018b876cd270bb4b
2249 1d80766e1a9d084a
2250 3c105a3b505bd569
2251 5c05a3fac401b130
2252 55b737ea948d4aff
2253 0c85537d73a90cde
2254 bf4fa199d358ad5d
2255 8e59cb849b3b2724
2256 48795f8b71ade703
2257 aef6e06e323dbde2
2258 6521821d40173221
2259 aaef3bc5b153aa08
2260 b23c0b3f5e4af8b7
2261 b897ee655b88e6f6
2262 3eb5532fa4a9e775
2263 bbaf88e22383723c
2264 17133f4a11b356db
2265 59cd58f5d4c8e30d
2266 9f806e70980c04b5
2267 2487b43b17af5dce
2268 e2f2e978e0ec4722
2269 0c06ef80b919acd2
2270 582b1500f9442ca4
2271 bccca3e0dc3a7617
2272 ee60f1bd40d7261d
2273 643b194e97016337
2274 9d8239a9e07a4c97
2275 baf2368de5e2cd4c
2276 f6273ab346d48704
2277 8b8c48e9ae1e7e7c
2278 92c4ebacc5d5161e
2279 9584f3e42b4dc1fd
2280 e91ddb0e53d05867
2281 729dd5134ea67939
2282 d934e9657f25055e
2283 94170bd1db26d52e
2284 dc6329b0ff7f180f
2285 f92f7243b45fbce9
2286 77f4b9f7e5f65a96
2287 b3e6294d2f4a7fda
2288 d01e59e045ce0828
2289 63e57b9b7646c0a8
2290 51328e40dd4e8dcf
2291 616dba8b1e52867d
2292 7d6830d433e0025a
2293 834280a036543b92
2294 feff28fb2797f7a3
2295 ddddf73aa4d0e261
2296 490aa4f017818033
2297 12d815e6b7ce7d1b
2298 a05174c042a03319
2299 a076910c0eca17ce
2300 45d851e0574eb0f7
2301 35793d70975f5748
2302 d46f2d0ef2947d85
2303 6f47038b5d513352
2304 2308054b5199fe3f
2305 6a18ee4f9c745856
2306 93b72272dc227eb9
2307 2181b9ddb3135b03
2308 d69d33c6ca99564b
2309 92f3745eb0533e30
2310 fce1eb6692714c80
2311 3afe146bd2f3d319
2312 5918bebc024fcb45
2313 922c04b6b7bc0000
2314 70758fb38f12a05e
2315 46ebe8952e136052
2316 6e32bafa45d0e965
2317 bfc613c14d3be976
2318 fa956a69250f92d0
2319 ad5069193c2032cc
2320 e689758e5409b23f
2321 57e839822b0597e9
2322 fc55ad42a49c5d47
2323 c1971305ee30d4a4
2324 b9066290d07790da
2325 0d1e655ba0d2b30a
2326 ba6c2189ca327431
2327 52cb2ff99918e317
2328 839f468bea5445b1
2329 da0541d427f5fb3a
2330 c1fed0387cb3be04
2331 7ffe691b461d6490
2332 89ea8c4e46ae04cb
2333 32dd5ba00fa90775
2334 8e7ce8a2aafd73fb
2335 8329c998d9ac0100
2336 4d131c67f137c7a6
2337 e771160833b2ed26
2338 cdd602680761f015
2339 5311f15f81c3263b
2340 3999c9771837969d
2341 a935b8e28c17c90e
2342 4a696476d174b168
2343 45c84cffa03cbd14
2344 8557a48515924c07
2345 7c6e221ded104571
2346 98e395ca6895f40f
2347 e961b175442e0ecc
2348 5666543124419802
2349 bede5be0c6ff6bcd
2350 4a47433e9ee64ce0
2351 965388d9e2da6d56
2352 71c88ea396943540
2353 c9d1419cfaa505eb
2354 66b92bd5ed2f5825
2355 23e08e16508a9931
2356 9bc49f499bc5034a
2357 72aa548aae45e6a4
2358 f3d6aab9ffb2b7ba
2359 bf25b58e0c17e408
2360 724954a5169da6f3
2361 3490a7f147c6fce0
2362 83ebdeca805b0a86
2363 db07168489c11b8f
2364 67af1df272ab7d86
2365 7f129a0cd14ad38b
2366 1f5612647a06a3ec
2367 bc658a4aee418f49
2368 a19d63db30584962
2369 8b0faf13575d25a7
2370 f1823ea92f12c8b8
2371 13b3e509d32eff65
2372 d9a86c7b5ac705ee
2373 7511176164c5c62b
2374 9f64e1fda3a9a24c
2375 de1ab1758e2cc039
2376 fce640db0fb83932
2377 276c71dc3f9c8aaf
2378 e9ea5c7db76e64e0
2379 a382a7eeb4ffdf55
2380 1881309856bb98ae
2381 6e459be49d183c7b
2382 ca84bcc12e0fadfc
2383 d9cb9ac39f9623f9
2384 a843be0c7794edf2
2385 fde8f8c33024ad77
2386 20fb1631f836c628
2387 f5e28ebbc2900eed
2388 e3972d239fcff97e
2389 73e14ffa120b8833
2390 cb8970297cb6af74
2391 b343e3ec3c5830d2
2392 e7d42074dc6fdca9
2393 cbd380157e97335c
2394 ca80126e789df1f3
2395 a147cdcb7fdfddae
2396 c6c46193499eace5
2397 90432518f2925928
2398 3bcaff466ece2fe7
2399 c7dca11c55115cbb
2400 cce828b6227e8781
2401 13ec635ed61b3b67
2402 5c7c9a9e93459559
2403 bb0a0482eda0febb
2404 ed85e20b7d116d19
2405 a62d31fab9ed1137
2406 56ef55fa82918899
2407 e978fb331596cc1b
2408 2a46f437757a24d9
2409 f60a7f8afe3ed83f
2410 9df14538cdc986a1
2411 94de90ef15a5281b
2412 efd71320af25b6e1
2413 081366aab9c90747
2414 4b5570e393d92e41
2415 f1374111066a72a4
2416 cb160f6c634b82ee
2417 84d95b0931f7a090
2418 d4d3633940608bbb
2419 99a10e59026beec1
2420 32c1b67adb199e98
2421 3a4ba3319959e223
2422 8cd9f049303a5492
2423 fcbceabc1883fa5d
2424 1248710a35399d24
2425 75a73c7d3750613f
2426 b27e29576e99ddfe
2427 af31132238503901
2428 031cfc3fbf627b78
2429 ac505ffc2467997b
2430 2c7d6051652bd132
2431 0b97677999382d7e
2432 b765cc85692229d4
2433 70630c298e91e346
2434 d378aa3a2f149456
2435 ed3eb80e559edb1d
2436 8122720f67bed9be
2437 98f61e5f5c7c5d6b
2438 244ba72f632c1fae
2439 b6c6f433f372b9e9
2440 1478d5111cd68efe
2441 87c68340d43fe107
2442 43708c113337bc96
2443 a5ef233d3b71c305
2444 0f0aae91d17d662e
2445 01c7ebd190c2b3cb
2446 ff5f0480aac3cac6
2447 8a609e0f9b492831
2448 ef1f9efc2e1bfae6
2449 f18d50908b5f43ef
2450 28c7e10e2ae95a76
2451 0306632abed74175
2452 7e653df95709a35e
2453 6088694410b212d3
2454 a609ef0a8e154f3e
2455 04214b3115480cf1
2456 6e7dce0a2ae024f6
2457 372a42689413f247
2458 7b0b55aaf5acadf6
2459 4bd97d4c510b8695
2460 b5c392b015aa21b9
2461 089f08230cf16542
2462 24610453906edc18
2463 1f22d83ff49548b4
2464 87b6cbb67a159292
2465 4b5d60b2b895541c
2466 1415fb0c8137b6b6
2467 726ffaf7112a558c
2468 1a03dc3670517de1
2469 451774ed29aee20f
2470 6f0f97dcdf0599f9
2471 fce82c36dc1b20a4
2472 5e460888b8c2c75a
2473 15ef74bbd7eebdff
2474 5ba2f51e67de20bb
2475 ef203e04f8a4259c
2476 4f1cef095c53dd1e
2477 e7a190ea7adc6dc5
2478 d474adc1aa1876a0
2479 40a987062e6c7014
2480 bff0834b240a9e10
2481 6ddd5355399fc64b
2482 4764aba4eb905831
2483 9965d2513f1cd092
2484 c119231d21d5904e
2485 cf523f9bd6813a15
2486 c55649e9c92e159b
2487 630d292a261b06c0
2488 6c470638d3a9de1c
2489 5deeb82efe0fb998
2490 473d618f6b87b53f
2491 30beeab2f0a0cdec
2492 b4cf1c4b7550fc7d
2493 067309d9fec0d65c
2494 a0a4a5a8172b1e72
2495 f1c4b168b56ada5d
2496 dcb69d1fb381015c
2497 1da9eb043e5bedfd
2498 5f06ffd9b8d62cd6
2499 4da8ad9f63ba74c7
2500 5b82cd0f8f62ee58
2501 ad84af6c4649c12a
2502 49d21d17ffb54353
2503 faa59b11e3af1433
2504 f39f00f0311301fb
2505 9928e6d3765f42df
2506 c82fe345f73396fb
2507 b14ed620bb00a917
2508 df0aa677b9c1c6a2
2509 1abab49dfc02783f
2510 fe404093baf0ed3a
2511 86ea556bc86d274f
2512 3a24f2a2940cb6af
2513 6d95fc8557cb420e
2514 e7596c45c08caf89
2515 cee108a207485d40
2516 000f6327165e3be0
2517 6433fddf8dedf781
2518 97b5938fd1911394
2519 5046c43e24fe8ecd
2520 f3992b4feef628af
2521 6ff61b8648c525fb
2522 0fdf9f5064172727
2523 62e84d882e304d24
2524 166ada840a1a4e8a
2525 6f255e4a0812a431
2526 0ab6a4f6659e7405
2527 6f3c2d005319cbbd
2528 b22148e9caae025c
2529 1ea6d07b478d59ff
2530 f475d1ffb0ec983a
2531 7325dc9c639944a9
2532 0a5303b84e5e3c00
2533 7467f2f0af6925d6
2534 e1d3fdd2a9cf1005
2535 55655cddc8647ef5
2536 bb111634a5fafa3f
2537 a22f7b4de1d94b7f
2538 b326d0c35731370b
2539 98060114b2237cae
2540 51bced23dad1b242
2541 772c94e5bd9128ea
2542 e6796dff7184afa5
2543 3ca696d4b7a70c4a
2544 f9c5d34c867c7a7b
2545 e2b16c2d3797b24a
2546 2034630fed2ad107
2547 b963fa445147e869
2548 0724d39952dfbcfe
2549 2a04c7fedbaf601b
2550 8b8b3838af552d1c
2551 4a456cbd147bf6f2
2552 79b86687014fe277
2553 fd95e96c947f24c0
2554 f02e04e28f4e90d1
2555 81f4cfb4bf09636b
2556 b2b1303ec7c854a9
2557 c1af9122b9fade7a
2558 4d864f2b3ea135e5
2559 b826a0f83271f5e8
2560 b7e55a01d7c8b6c0
2561 c3e3dad8e4552c37
2562 b2b0c850898ea3c8
2563 6cce5db411fb3e3f
2564 94d0696543dc3507
2565 afb897a6b7441e02
2566 0fb01adcf2902a4d
2567 adbf62fb6a4a9be6
2568 d60c63c5466896e9
2569 623f5bef4dc9f635
2570 91027e67ffbeab6c
2571 901403853704450b
2572 0e4e5f3fe45bbc22
2573 7d0069e752d452b4
2574 025f801cc7af0e78
2575 9fbcf8b29ea34645
2576 4733a5073ad7de52
2577 480d25dc780012ba
2578 bedb950462325e1f
2579 b4b98c52583a2ae2
2580 c66628ee3b527153
2581 e0d2bcb82caaa42c
2582 9248b6f57b0848d0
2583 b57827d7092d7ff9
2584 3d1d2787d7472404
2585 27d69dda6b28c201
2586 f25327c998f4c199
2587 e2b87ee81cfc588e
2588 78439f6f49e97d43
2589 e9b5b17a364c06e0
2590 af214b1caaee4ffe
2591 5b422c592398bfd9
2592 cac2018a866a528e
2593 39559efe6ff73237
2594 a7c6b4f5ad49b50f
2595 6c1aa31ab4ad9e1d
2596 678ee5d87d149cb6
2597 9fc82eb749cd30d9
2598 c1d273f22e824f84
2599 3a2f19a7358af44c
2600 859546e02b60821c
2601 0f86a805ea5dbc1f
2602 059733cdb20881fc
2603 a05b278f1e65cdd9
2604 736787f69f77a1fc
2605 59b520835bf95de2
2606 0d1755e0b3069ca7
2607 ed1cb88f1486cddc
2608 ed2927706bfa8ad8
2609 8567281c409832c1
2610 489f7dac4d89e922
2611 6d67e55e4e618931
2612 fa941b495d4f492e
2613 ce29ee59155c1ddf
2614 d014264eee41088a
2615 11e2628429b4af11
2616 63fedc60280c6cae
2617 997c444be07b5a2b
2618 c25a8dc62bfa7c12
2619 587d6f17b3de6403
2620 83dfc8d66d8f95c0
2621 4ef6cc8664b6a950
2622 047eef1a43684cb9
2623 27740670cb74dac6
2624 27de38cd1aa25ceb
2625 0df10324017ae783
2626 4bc3a29d075563c0
2627 660c1000e4fff9b6
2628 6c6c22e09c26ee6a
2629 5d1a7b3aefe2d928
2630 eafd0a3281b302bf
2631 569f70bd0bf63564
2632 6a858178167f2485
2633 89950b23922ee390
2634 62625add5cf99dac
2635 ba3b5e1210a22743
2636 7ccdb19fcd149d5c
2637 20d690bd03e388f9
2638 71599ac5ffd90e05
2639 9df2e4560f13bf0a
2640 67c9c124b1fd46e3
2641 65e588464e7886d4
2642 47b9dd41bc481a1c
2643 bf58bfce9ae9a3e9
2644 3681388ffced19d6
2645 841154b0f919bd95
2646 68f632cd18607b7a
2647 1002ad25537ab23e
2648 50ff46895198fe37
2649 61cfed1713e2f690
2650 d193424267b9167f
2651 6773762e45e15839
2652 2fd73480b62504b0
2653 b190f3a97706811d
2654 e32a1bbc1fbb74d2
2655 348234c8315eb6f6
2656 3bb837bcebbcbdd3
2657 d8f408cbf609a630
2658 e699f8baa3a82721
2659 98fb9d24835f4d9e
2660 b0cf344c9b89d0ca
2661 ac9c74c75689ebab
2662 493929fdee773746
2663 fec95f2cc46cb4ab
2664 16fc8349874578a3
2665 a28d089c193eea3c
2666 fcdc422913d5bb09
2667 4e0efdb6f101b7d4
2668 ef6264cefc528caa
2669 a47ca040083bf421
2670 c2c6fca25f3b58b6
2671 6870c96cd26260df
2672 33eee5be19f2b262
2673 7f507017ff891fb0
2674 3459be06cb93b87d
2675 1a8db1b9e2d75f3a
2676 774856bbe136fd8f
2677 6902cf3865dc17ff
2678 84851a3804ec8c58
2679 09019ba9a02edb7f
2680 6a2f4f38a60c9168
2681 c7ae664184ed0340
2682 a8acd1498947007d
2683 7334a7ee6f2b08d2
2684 6c1d215fec37a659
2685 e67c501b498ed18e
2686 b2a358077bc1d522
2687 39d1400971c21c4b
2688 64779b834d63c37c
2689 e76cb76c70f9032b
2690 a86749aef8e961ad
2691 6e059fbcac58e796
2692 699ff470704ff643
2693 e9d9ac06cd898af4
2694 72ce77fdb391517c
2695 cdf8c943fff5e489
2696 2495da49df02378c
2697 931ad644fa9164e5
2698 3c782c995e9ccd9a
2699 bc81bec7422ca376
2700 02ae07ceac93fcfa
2701 252b45c708e08a07
2702 df587cf568bbc14d
2703 b7361a19fe469179
2704 f7ef52e5a4c2f2d6
2705 e618d5945f183a88
2706 5da65b574c07852e
2707 e7baa34bec365406
2708 635d3cf594425953
2709 11f81b14df953780
2710 b65ebeeba8762730
2711 a2962461b44224f3
2712 f9d85454d47681a3
2713 500772d14b2d7bf4
2714 ba15d70f0d0e23d9
2715 9038d7e8115aa258
2716 7ffe21fdc5f1202c
2717 1d61cd24cf11af3f
2718 ad2668e22c902848
2719 30bd71cbb81ad48b
2720 fb0bc000933ac0b5
2721 f6e4dd984e01811b
2722 bb8e9d2ba8350b26
2723 028614d8e0203ccd
2724 0c823a17d49284e6
2725 011fec09d244d9b8
2726 a7ec0e6ac6b4f3a8
2727 64b9a939366fb743
2728 9592e23224d10613
2729 3ac9b7ca486331d7
2730 49634289bd2d486a
2731 97c7055f3854b1a8
2732 c789ec090e368526
2733 4e31aee74103d3d0
2734 7bd8858c2b001177
2735 c46f9cdb62daabd5
2736 95daa7d11c69d31e
2737 6e01f8ae968a7c57
2738 a8c490c43bac6aa1
2739 7bdda28d136d78fd
2740 5aaead0e2e9072aa
2741 a4940bf86da2e3e9
2742 1dc6e574ce8fa95b
2743 262605235e2c9214
2744 247e3fc6ac7cb068
2745 6d11c723f3f12a5e
2746 f6eb162e1abdeb36
2747 32be1c3a8a019564
2748 1776baac4a8465b0
2749 798e6a8662cdf900
2750 710c6c65fae49c1a
2751 031b5263a490669a
2752 66437741969c106c
2753 2601e2eca741a2b4
2754 7add3859b2c04dc8
2755 27d4b5398117a3f2
2756 704cb4070edbc956
2757 163ebaed22f54614
2758 d281dec2b57b6180
2759 fb8aaee717554dbc
2760 c187046813e37de0
2761 1c9450ac132f1eb4
2762 d2853239660829ea
2763 bbee0a153521d13e
2764 8d4c51e6ad097c00
2765 24b368e48d84ad80
2766 c6b01401a1535930
2767 59dd6d8bca2fe522
2768 11c9bcc17b55fcee
2769 5d1521486d057b5c
2770 28d807f48ba7b888
2771 344cd2ffbdd4c54c
2772 7971329bec2bd1b4
2773 f27749595fe0b084
2774 882256cf30a9e81a
2775 ba0ec54125e210c2
2776 110e20f599533322
2777 dbbd12589f910e46
2778 547a6ac63e1f1a5e
2779 ecc47f49e6ab121c
2780 d4a49a4cf1ce79c4
2781 f74c7cf74862b2f2
2782 7b5b9b468b4d059a
2783 40780fe77297cf9e
2784 be501f10c8e829f8
2785 16a71476bc9e3460
2786 4dbcfbdd8cf3379a
2787 684ac49e01915436
2788 eb280822b21494d6
2789 a79808af219eb1ac
2790 43cbc3eaceed3efc
2791 6d6d09278c7908d2
2792 d64ef0e8575dcdea
2793 4576a89d2f1b933e
2794 71d5c791bb0fd74e
2795 c3b1ce94f182231e
2796 1fceddc76bb7247d
2797 c7930f00f00841be
2798 a0072ed3094a396a
2799 bcd82f17ae26ad93
2800 c1b7b11e75fdb270
2801 c41f778b283f5b1b
2802 1b29a0e4f3e81948
2803 42b270b4cd0c9e18
2804 05abdb4a51688c95
2805 0e3c14d0010f0dee
2806 fe4834660c8c8831
2807 e8fb3a69ed073b3f
2808 f09e7d258b960636
2809 e636f8ecac5b6a5f
2810 3c0d4d0c52dcdddc
2811 0ddd3ce4154dd03c
2812 85ad4d63f5e653d5
2813 b512c39ee01a8010
2814 e9067f6b66baa26d
2815 d736468d0a4daa22
2816 395600e07d025f2a
2817 deb96e68d9687c47
2818 ed02738bd7d8850a
2819 ae01a1073b19cf93
2820 d968af04576a9527
2821 2984dec9ad566068
2822 d386f6ab4777e089
2823 c387c1456b45b85c
2824 74a6f1113d368666
2825 3883937d835cb511
2826 1ffc5002870d1296
2827 f8b6e1d86020efd3
2828 bee285f0b6ba1900
2829 d4c150b4dc26b4ee
2830 de419b9f7946a819
2831 c4b5dadda7d231be
2832 ff5061d21918fb4f
2833 a22c7adb6cbd94e3
2834 a1adcfd122a1081c
2835 bc88b796bebad42f
2836 27b608a1ea87c0c8
2837 6fb461cafb3ae434
2838 3f38ed661aed1ca5
2839 b61ca95078ed22b2
2840 8edabd30121456a5
2841 9a9f86d8eba5dbba
2842 9bc973f7b148f8da
2843 b087a8ac3652b8f7
2844 7ae9699490dad1a0
2845 b7ba6f03e4930add
2846 b82f1bb8375c88ff
2847 6544f5dbae7c0fb2
2848 34cae13fa29631db
2849 5717a87b079a128c
2850 336f80a44a0665c1
2851 d47ab8d3638bbb4f
2852 d7a88a4008866672
2853 462170068c2b7046
2854 60944256bbea3bc5
2855 24110784c01531bd
2856 30ad334a336aed16
2857 4c32c79061e87233
2858 5184d8cbc90f499e
2859 a7533c49e30b7729
2860 b1f679591109caab
2861 f4c3eae1ae1b4aa9
2862 25d23ce354cfb0b2
2863 27c7b1b33910fbfc
2864 0a6b98c4e6356d73
2865 ab2359bc4c9795e8
2866 fbc212d3e08279b3
2867 dc0ce19f8bf031f1
2868 a526e6de22fcdfe3
2869 b4333b10a44f63ec
2870 e06615b0f39f5693
2871 76455576b0ef80a6
2872 79e7556d44e4e582
2873 04a40601bd87ac8d
2874 4c5a9624861acc7e
2875 0a0957f3c788d9d9
2876 5b5a1c7a5280b635
2877 e84be2024d823cc0
2878 ac32a5443aff1f27
2879 ba2b55c1397a8df2
2880 3b246b260495bb9d
2881 d101043054953509
2882 74510fb891c21f08
2883 7c4b69b5119339a3
2884 dc0d930883c08e3c
2885 cad6d485065d88e2
2886 b20cf881618d8dd3
2887 8858050ee1e35f9e
2888 d83523f404d37de9
2889 b36090d0764cce2d
2890 c70641b3af8cde00
2891 e67a17f8b827d561
2892 9c0c736a7cde87d8
2893 c303da832593860f
2894 5e1edbf4e9335197
2895 cd27b75219af14b6
2896 673cd7bc3909a055
2897 951868e5c7e87e28
2898 47aceb75d1292db0
2899 b84bdd160a522341
2900 62221c7d5cf71730
2901 1509c3a02ed49481
2902 75a4bd44d623c8fb
2903 9e73c366e8ac4088
2904 33bfffcafd30d76f
2905 c4072d2ef299806a
2906 32c9b51340745223
2907 0d802deb8c1cc865
2908 39d868d052ea0b42
2909 b4a6b016a9f27abd
2910 465258bdce8df0fc
2911 5a6d6a4beb181f40
2912 53e3a2e9b8436057
2913 ddfa7d17ad0799d2
2914 9a946d15deec8025
2915 e52bdf96b7189565
2916 78686ffc8999e1e7
2917 ac42aeaa9cb4c979
2918 f7aa132fbfcce0da
2919 03631b80c880914d
2920 168dd35046814179
2921 27207a44ee886a54
2922 d23c69a211c8d31b
2923 35880bdac28a381c
2924 d720b04ec96ac56e
2925 b1603693984005eb
2926 d57ce6033734f2ba
2927 4aefe9d1f627fa0d
2928 0c76ae09043d16e9
2929 fee5249667242fc8
2930 cdc99765740c65d3
2931 9d40a1054dd5b116
2932 009b75e2a37ba061
2933 819e9dc502b23095
2934 e82297cc8f948178
2935 94c182044a692179
2936 ce4da28498b4aed8
2937 c39ef79f1131dbe8
2938 9c435e7fda599d37
2939 38edc4245a970db6
2940 abc7d3f86cc51257
2941 ebd2343be00e9da5
2942 7b7e2f11a06608b6
2943 647abdafe29f5da1
2944 005b035715fc3b94
2945 22dc2640934c0765
2946 13ac083f46b7d58b
2947 82182d938ce833c2
2948 4f75b795f42a13fd
2949 c40cede44e07c5a4
2950 891a1fd8467037c4
2951 2759dc1677c9e4fb
2952 c87318e6c1e1478c
2953 6f20c77f4291894b
2954 29e7ea19b4fe56f3
2955 c66e857eaeb077f2
2956 6afa652a8a35a635
2957 4064cf8cbe4c72a6
2958 08c9419afd235671
2959 3b213fe1d34eed1d
2960 faf9759f1d78c938
2961 755da10b2f2dd33f
2962 dd4f41cfcad3a4a0
2963 7353a703182e623a
2964 c4c5347621d1dd11
2965 95ea055132880be0
2966 bb82629fdc5b2b3f
2967 60210de12dd76567
2968 e621473b18aa265e
2969 2fb3db340a54c69f
2970 3f80e345b6f5ccfa
2971 000fef8d6990252d
2972 303a8895282a3679
2973 0bf721b842cbae2c
2974 a6812bc5018b74e5
2975 73f57932c3ac2394
2976 d238138b4adf4c6c
2977 792a93754db5610b
2978 08b78b4e62316f1a
2979 c698d027e5181dd3
2980 c1b78b31cbad8a71
2981 1b7c320804fdcd0c
2982 9d8c2b7bad8f8813
2983 24c8732a61765896
2984 0472b8491eff7693
2985 dbae1cd81c71dc7d
2986 f5715df8b05e0396
2987 d85c18e046713501
2988 659f67e62ea1d702
2989 8c2c237d3f03059a
2990 6f37bc5f447ffaa9
2991 e70962ea63acb682
2992 515627fb53696149
2993 88db397e5e842111
2994 9281099864e26f38
2995 5cb0989c8da8338b
2996 eca4fd1029f57ea4
2997 88d2028152ff17f7
2998 56f3f07935749ee1
2999 f342d4937bd4212c
3000 86755dfcb66550e7
3001 d3cd84b4bb3c7f30
3002 b2b10f2e222bedc6
3003 1b8d4168b1a56087
3004 4d73c49dcaf32896
3005 969f771952db528d
3006 61fead7c882518ed
3007 165271b0f981ef04
3008 1955749b6f1f660d
3009 4daeb949746efc38
3010 ca5c690ee3497493
3011 7c727a1a72a31707
3012 a23d7eeb4d8fd402
3013 fc79739b94ab4393
3014 ac8e0ef890329852
3015 b55429cceb8bae60
3016 7f404db25081309b
3017 de10806bb972e8d6
3018 3433cc7d4b0c659b
3019 13f18247f4da009d
3020 32278ee7bb3019ae
3021 26b08e2c88604615
3022 dacc60501aa6dc80
3023 1a0312953f9e14c5
3024 6d32762f0218203f
3025 45aa2a5e4c248618
3026 8278bd7c8f3ff0a3
3027 137a4ca65eacc6e2
3028 b7a85e68173b02e3
3029 72ccc2976ac470b0
3030 917d7fba6f08ce47
3031 569d260ea1dd22f4
3032 8ffa1d3d5d21d196
3033 8a49a3c4c0e6cdf7
3034 bad5509f61777a34
3035 a7924c670d5934cb
3036 3d67b3e2fa7dfc60
3037 0ea299a138dabaa4
3038 49ec93eedd1c7bc9
3039 a59c46f7f740fb9a
3040 eb275c3c803881c9
3041 ae96a87a25beba37
3042 e20f9fd0cad17f02
3043 b488726cc335cd43
3044 6f75c17980262b70
3045 13eaa58d192ba294
3046 2e7c04d4fc22aeed
3047 dc6ee27f6c988998
3048 9cc40d1a50c3f90d
3049 9895d4a938529546
3050 d37123e42bc4bd37
3051 eb89a61952a8a024
3052 fbdaa1595ab30867
3053 bb102a7edc8e1f2f
3054 5d5d354edac0fa82
3055 9cc26142aafd19e5
3056 1789f79867918c6b
3057 67d45b9129f8850d
3058 01800dd32b0b13f0
3059 5ca4cf94756b6540
3060 917614f218dc0838
3061 04b54045291d4881
3062 c6d020930291fe8b
3063 516b9f589e24ecaf
3064 f5e0f7c691a3224f
3065 3f8e4336d1432843
3066 4e9dc31bc89ae7ff
3067 449b8f13c79bd81b
3068 6eb13f873aa15fc4
3069 d42c1d4f6262832a
3070 55a2869ac20c865a
3071 0e65ab1c6f1b9d2b
3072 9b879b6591fe5be5
3073 bce820fcdd4953fc
3074 37bf6506babc1886
3075 cc95f68e6e965ef7
3076 6f7879620eecf2f0
3077 bc0d7b1a7b1266e7
3078 c50597b11b187fc2
3079 cd27a3e295c6272d
3080 9befe095296dc92a
3081 7b455d2b41b338e3
3082 7cb20f5159ee48df
3083 49fec439aaba6f72
3084 3af9d99f0f2fd402
3085 ae7612beb0162868
3086 77aa526c636a6577
3087 77e8f24e23b15ece
3088 195ec866c38261e6
3089 bd28df7d006cbf94
3090 7c58628d7f23166d
3091 3f77928fd811d1c0
3092 c543033b8c6e0c5c
3093 e52ffbbf0c05cbe5
3094 ab6aaecd8e2f513c
3095 34b2829b456c48c7
3096 12ed9888e697ab61
3097 47de0e32160ecd22
3098 c9a3814256ee87a3
3099 20e1f6d54c572250
3100 d59874850249056d
3101 85ecc72facd8255a
3102 ccefc2312219ea23
3103 bbd32052ae15716f
3104 0be7eb3ce12164ce
3105 b77eca1a3cc3b969
3106 cb592663734fdffd
3107 66376c31acd65165
3108 422fa289141a0e50
3109 028ca7b7bd7191dd
3110 b15370d079305adb
3111 92ca0edd0ba3a461
3112 fe7fb2401d7d50f7
3113 77dc8b094e48b66d
3114 9c7ede2478fc31fd
3115 3531df7a5597a547
3116 1005481d1e0d502c
3117 efcc1cdb8f4c51f1
3118 c704f7e503d28fdc
3119 1702f5ef60b1f030
3120 ba22e2c23af52573
3121 efa4c73c3b484987
3122 3d378307c958239f
3123 938af904ce2d5ff3
3124 b7c8093d1a064e19
3125 f289f127a0bdfd58
3126 1d7361d2a1c3e8b8
3127 154d4b120df961a7
3128 1f4f928a47992f77
3129 e3d5def340c58b45
3130 4f727144cd139e38
3131 0bb00f4681bc9f57
3132 c1010610d40096bf
3133 75c6c9df6fb70dc8
3134 f8b794ff0e469bc8
3135 2f1c15dda729823b
3136 95ac11ee21f9bde7
3137 b957bf57a3f81a0a
3138 07dfbde892cf73db
3139 50d5c895d457803e
3140 a9c0a3482d43e1f0
3141 0c59803506dd917a
3142 1be5bcdce0fc9077
3143 6142920b8831bbca
3144 b866bc6d3f96d22f
3145 567aea5db1617dc6
3146 3e0ab780f3c463af
3147 8720b0e42c641d30
3148 924060e62c140129
3149 cc1293412fc09469
3150 690509cc8cc73cb2
3151 c7646d40c25a3665
3152 849f309fddec5948
3153 449e3f87f8db6bc1
3154 46ba4e57b93ee34f
3155 83b44060677b2400
3156 427b2d4feec655dc
3157 2ae0709181d2a4c3
3158 054df54bab92761b
3159 9bca32ee99bf2030
3160 ed8c52723ab1cf0f
3161 b4aff7e9b0f8848b
3162 3ebd1b2cdaaadb35
3163 313851ee5fbda20e
3164 a510d5f5b04b0137
3165 0a9ebea1d042251c
3166 3da5b0250228bf8a
3167 5142364e6c7b3f1b
3168 3973a36bc2e7787a
3169 b4c4e01425ca57d9
3170 cd971a40e043394e
3171 6e71f057e17bb048
3172 449f639778de0404
3173 8915eb516b229417
3174 3bed0489161f039b
3175 5afa1f09d64981c0
3176 3e26b602d4117c51
3177 6afa63a8db8c0c0d
3178 c34ad3a7b24c822a
3179 a7f9af3df2c38bbb
3180 7b936c4566b93155
3181 9a33f74aa2193c12
3182 fe988efdca642750
3183 1452d7b8fe80abcd
3184 17cc5e070fb5b645
3185 2c68a791ce93a006
3186 fb40f740a80c874f
3187 6e7624c3bf4066d6
3188 de5b55a16d41a1aa
3189 280ea7d29702ce9b
3190 95c7d161d78b133f
3191 0d7e064637396626
3192 366514a80fdbe3bf
3193 61959a9fd3344282
3194 cd2045a635a4c027
3195 a1cadbc67db18362
3196 1f76247190f7dec1
3197 ee6dbfb7f212487b
3198 ad14fd892d20c79d
3199 4026e3e415fd1ce8
3200 4d4c035840e2aca3
3201 ef5cafed26250b7b
3202 d2bf9a8847dd4c2e
3203 af8b805c47500d01
3204 29d545c3657894db
3205 5cca15ca67a2a492
3206 333176f9b7d85db9
3207 1f8c5ab1fbf1eeb4
3208 ebf29b6b964240d4
3209 4ebd8e8affaf33af
3210 10e7c42a6e1cfafb
3211 25119d959b099314
3212 28452fbfbb17d3fb
3213 7c605029b40f395e
3214 b3cdacd6c2f423cb
3215 602f39d9c26ce57e
3216 3a444ea451f37375
3217 742cd2a0575cff7c
3218 4c8bf5ecf104619b
3219 145e6b65e6f76323
3220 cb05e05b7907e5b1
3221 77ac86e55c3b283e
3222 6fd5b893f93c18f8
3223 e8e47df0ee64ce20
3224 f01f6380bbe90987
3225 d0d1aeed0cd4a741
3226 1afa6f48eaf9da8a
3227 9fee8ad2cc6bc2be
3228 569d3e998b648b43
3229 d03aabc51b28cd3a
3230 cefde4e2449d0fa6
3231 3c48779eedc48353
3232 226fbc4ec3abc73d
3233 90ada502fa9e4a7c
3234 de490c31f57a726f
3235 b77323a7184aecb6
3236 10c02114cdea07d3
3237 98e9ddb7c5b0907e
3238 e8952c982cb5eb06
3239 5a955e2b084cd555
3240 1d2b7ab44ca44e75
3241 54304d0f921eebd9
3242 a3c6d71a8998eb2c
3243 d7689255f2d956f5
3244 c62a312acbee94f4
3245 6d2e53078e501b82
3246 70f7dfb674b71dc6
3247 f50ae6aa6fbe6905
3248 33be29774e5aca66
3249 730da6cb8ae76494
3250 05ec51a0b62382a2
3251 e065c5edbee9a9ca
3252 96e4d70d7aabbc27
3253 3d2509c9499583eb
3254 a7c733c23d7c0727
3255 192a3ec830a4984f
3256 3c523b96a5366bc5
3257 93d90f23ce320445
3258 367dd9ae8e237ca9
3259 dbda7872a9d3ead8
3260 451af20c26614f36
3261 3e196cde9aec8d1a
3262 3a08cc3865410dfc
3263 526756a5f37c6eda
3264 946e8bc42f67aab4
3265 4b4c51d810a4da32
3266 5b84bd7a2a25b038
3267 8f2b6cd52f6b4786
3268 13c56805580d716f
3269 39905a0787bcf633
3270 ae4d97a01e0b5b19
3271 6ec629126df04e90
3272 57fae6b20c961a94
3273 45637b4c137977df
3274 78c5a11b6aa44ad6
3275 0b497e9812e8d74d
3276 ad8bcb28c657b84b
3277 9737f61e27a4c5df
3278 69e1b64d65963857
3279 405abffdb42131f1
3280 21e028ce3f27a064
3281 97ba2207bd1866db
3282 b87202b666541638
3283 03ac44cf5a3263e2
3284 53d2db62cb21598e
3285 ffede3c18173f9c8
3286 e24e2e684dcbd47b
3287 b425dbe545f02bfa
3288 2616cdec8007acc5
3289 4d285c0d8c03eb5c
3290 353ac6a4b96dd2c2
3291 5ac066e201b421c8
3292 d90c831c08408aa8
3293 3ff0d58dbc5fd609
3294 e0ce9c1e6f226945
3295 71ea13bde9c7f64a
3296 423abe68ab327dec
3297 9df166b3f62a1953
3298 f0cfdccb507ea3a0
3299 b0a09d00095a515d
3300 2c652b1ef2bd5807
3301 817b18857756b8ed
3302 ebbc675ddb20e4f1
3303 72e12f8ef9292a1d
3304 57533c979c0829cb
3305 6cbe6f02ce0ac27a
3306 58287b377b96cb6a
3307 10097c4dd9f56104
3308 161868afb025115d
3309 cb3dc22fb6f9649e
3310 2734651fe63a2224
3311 2199f474a960819a
3312 313a2e8bd7c4fc9d
3313 0683b797e0450305
3314 15609f33781339eb
3315 e7333f154cbcf074
3316 bf72366189e933a4
3317 a738fb691d8aae15
3318 bc6156118d19b8f5
3319 3d014adb28eedd04
3320 124327f733d33315
3321 c4b7b9f4c0e79571
3322 db0e6eb11ec22e46
3323 777f43ef3131e287
3324 0d5a9ba955db87e5
3325 13fa87f692b8be85
3326 641a37bd66a813db
3327 cf0134cb7d622d4e
3328 6f6d312695e82864
3329 3e5f0a7d39793039
3330 31925aa7e9d05250
3331 d1935feece47a59f
3332 c355a89be0191c5f
3333 10d1a258730bc09c
3334 f7caeebd87901906
3335 76f97bb88d75930c
3336 8e767d32adf92b9c
3337 4a085bc17a8a307f
3338 70ce0bb785b33d83
3339 d1b59b541eb92bfb
3340 5aa2a16b66ad8931
3341 2778dfc5ada21a6a
3342 eabf8abc1b40fc61
3343 5bb6078db646ed6a
3344 45766fc9417fc082
3345 cb3b21f827c02353
3346 0b4b11159cd566c5
3347 3bd3d7adb33281f3
3348 14b52dd4ffc53a1e
3349 5b9487de2d43f7cc
3350 85f913a4bc543711
3351 78ef35a4521acae0
3352 1d36ff25d828f351
3353 36c539b7d607b4dd
3354 55d010497f4b14e7
3355 572b2c86e77b2993
3356 753fb483d602c419
3357 e81463f9c42247ba
3358 1c43676ea592cbd4
3359 5e86d769e689de64
3360 828de1cdabc64e1d
3361 c519cf29206ede7e
3362 4849d682fbb45f6c
3363 c33defd71a4ad358
3364 efd4c8a806daa7f1
3365 7cb66e501d3b0c39
3366 7b0aedb318093141
3367 5147879516bb0540
3368 7a8f75f22667d883
3369 77741a1e0a226499
3370 ba252d8ee4aa9ec3
3371 d2ec06ed27bbec8a
3372 86ca8aafccaeb2ee
3373 5a19a447bdc48d2c
3374 b2ba8433e569c2be
3375 c80d4198a8b17c24
3376 c612fa9335a78957
3377 456b866c9963989d
3378 8be859a941c7e9d5
3379 5e0767825943e834
3380 0342a7f7b1cf7fc4
3381 e35c9320042f5f0e
3382 e0ade5def5be1f87
3383 a92c0789f6f8f147
3384 45b4ce65c679f81a
3385 6a782853f9f67232
3386 19b2f52fb0947204
3387 7e46ca2b3778f5de
3388 9662d3bf37712edb
3389 b26279e9f5d1cc2c
3390 ce8995495d8e61d1
3391 2d6a9d9172050d06
3392 c5a46bf7c6e0070f
3393 aa3272acd5146e5c
3394 c64307ae656e7a41
3395 14d637e7bd3ab436
3396 c0a1431f76e7be69
3397 1ec544bc3b75ba87
3398 594a744be2872758
3399 9eae36ac1cfad5c2
3400 22b6ee38798e9572
3401 0ce5e8a1108a0fca
3402 2712c581b65a7083
3403 07a4c93946164982
3404 51e562510b46e967
3405 cb53a47b371efde9
3406 7e74ac2c6c293b4a
3407 2706e5fcef2c1862
3408 a3a2a8c5b1e59cf8
3409 ae63696360ea80b7
3410 60d142d9aae4be0c
3411 1d0649bdbad6b177
3412 22bc9c9a2f68d191
3413 0212f2bf032c464c
3414 945c7b43502553bf
3415 b1c78aab667902f2
3416 6439f366bf582c3b
3417 4a2cd644cfd1b71b
3418 3bf89437826f21a8
3419 a066cbeab8cfcbad
3420 dc14f29742a575bf
3421 2f7cd6837f7ea96c
3422 5be5c9dbb6f9a45f
3423 b1f21fb76bdae7d6
3424 42fc4d8e08d54107
3425 a0a43d07f28065e9
3426 a618af6c6b78120b
3427 96ff7b832e3ae226
3428 6d4c3e26f70df6a7
3429 c0428cfcfeb09f1e
3430 162445526a217028
3431 1f9b0b7402666ba4
3432 d1d3790ce7afa3d0
3433 88538bb98ff5490e
3434 269a04f04ccf0bb8
3435 8cc08fdf6c1eb742
3436 0434aa2841d31b92
3437 90cb96e06bcc383b
3438 920e4621d9c52464
3439 6433b12fc1161004
3440 ce68eb06d2a1aee7
3441 995ed569befa59f9
3442 7dae7690131102f5
3443 0c105a33f00eed4e
3444 df2da3b5b42cacb0
3445 6324f69c435659a7
3446 e0afb327220152bd
3447 6fb770783e830ba5
3448 a086a675d8bd1bca
3449 4da8c12a20e6c33b
3450 a12d82fe8f074edc
3451 a7a2d6d2fc3b702e
3452 c71c3a4a3e1f6ad5
3453 e6aba5aeb907ad29
3454 eec714d21f5eb085
3455 c5ef81e090383822
3456 ecef499354670b7d
3457 e23b8a1abf94e49f
3458 205392f8ec023e1c
3459 d22f2c104ab566d1
3460 e8d2a719213d92b9
3461 56fbc7224c615605
3462 0314a9deb123ab21
3463 36bd6ffcaeaf78e6
3464 474756b35065c7a1
3465 38a9c02a52b5398d
3466 1cbbd3e835a6c2f1
3467 4398528567443be8
3468 cc3693c26df6698d
3469 c49288c6e7168116
3470 f37dc4287683e46a
3471 9795a15e93b143d9
3472 e74f6c969b38fe38
3473 f2dc92679769cac7
3474 b36569da0427533b
3475 7c83866943a300fe
3476 6e2d1efcccf42022
3477 e6183633a1d44186
3478 f7f18c51a2c2bbcb
3479 5191762d985038d3
3480 9351946b7e91a37b
3481 16c69675394a690a
3482 1eaeb51f526e30fd
3483 9834b3efbe70ad5b
3484 63d568a40a2656c0
3485 493e2bf07ee1df94
3486 1ae64709670b73f8
3487 ad0d186795e7386c
3488 077f1783a1298948
3489 92e7bb834c8a8146
3490 ca5a61c8f2adeb88
3491 09e64bab887b868f
3492 20575763f85bd8b2
3493 acd28bb0ab2af169
3494 eef4b290515e2ae6
3495 216edd0fc66d003b
3496 b34db11d562cd207
3497 3872e5530cf61d97
3498 43ecf1fe16ea879f
3499 0bb660692bd712f2
3500 e9bf0a08ade74a36
3501 524ae5e6dc379e20
3502 22f16a94d2346791
3503 786cfc2853eca8a2
3504 841bc2048aabcc57
3505 cb9a736071ec8909
3506 88b76c219dd29b83
3507 01dedb7e04e4443b
3508 e688e93a6279e6a8
3509 0293cb2b8576d281
3510 3335781f2fe9d574
3511 6c9b1e25f84f00ac
3512 ea416dff81609488
3513 373c6fe8bd23347d
3514 34382f04a2848b72
3515 cf8a7c3778d868ec
3516 c52b21170030c7f4
3517 47278909f11d3b16
3518 f7c0e92a96ac373a
3519 f489fdfa878385e8
3520 8b970f816706493f
3521 5208f29e0c37c8c5
3522 1b88b12be4d6b1ec
3523 148cca356c176b3a
3524 65c5075aed648957
3525 8ef63f9d9dc5ef33
3526 2783f97f349d51dc
3527 2e2dcdde37ee6a84
3528 d7223b5e6a9fee75
3529 9356ff2fee9f1ad5
3530 83295ad83a23cd4f
3531 eb072c3f1575bd4d
3532 47a8a840aeda8418
3533 4c01476cf12c76a8
3534 4176322f18a3f8ca
3535 b99c75eb691f8229
3536 eea0a56815c88069
3537 b6d7ad592a02d9e5
3538 fceef32c951fe5f5
3539 1c5015aece2d2ada
3540 bee9d04d1fd8da9f
3541 b69b9f742b8f0f69
3542 b4661583967366f0
3543 13752cfa1362ee74
3544 7450010fa72d8827
3545 348ea261c1964cc2
3546 fa43b6890e8851c0
3547 b9408e6f2b8e51a6
3548 b5e7e366b77f08b1
3549 be64cd885dc55029
3550 afeb44e56fba0d8e
3551 d35e0417d1121822
3552 2c0b046f83372725
3553 820b4c0bea2c353b
3554 cf669aa82f46aa61
3555 164a7badcc7dd54f
3556 60add389ea482d5a
3557 96590287f81e8e1b
3558 04e1811cdcc9a70a
3559 08a56d5a651ef686
3560 c817dd4b092ecb84
3561 1c91a13e1de403ba
3562 9227751287c18fcc
3563 7ec04d155d1c2b50
3564 03b17d84e0c023ec
3565 699776b7dd8b948b
3566 4dd532b088ac0067
3567 9c716619100c1579
3568 fec93bd227d83f33
3569 0da0ae603dcd240b
3570 ccb7d72e4b0cdd3e
3571 c4ca42a8ceb24ff8
3572 1202ba46479ee38a
3573 47337c2e8e1bb649
3574 500ec7aeaff7d889
3575 c39234b3c1a41890
3576 01a6c94f7c97c61e
3577 5c414afbf0beccba
3578 a5a194555db0e765
3579 36cc9695848c4c06
3580 7828fdb6a22ce782
3581 9791cac548c223a0
3582 c1f6a6ac219632ca
3583 c829fd61fd069da4
3584 a0df9afe3f0b825b
3585 adc6c197805d8f26
3586 7036817b1a55c7c0
3587 ceab6f2deefeaed6
3588 fee26fb9a3045b02
3589 1da7bd7debcc2853
3590 f36b45c4505d1b7d
3591 6a63b55946508d44
3592 b7c69166700c4df8
3593 2a700cf2300bf176
3594 38f50262915d4f50
3595 854ee45d030127e9
3596 5b404b854fffeeb3
3597 07d422576821d42b
3598 29433a5487074e24
3599 374a6ac9c688df87
3600 f82a4d1e05db7acf
3601 58d4872705dbcc1e
3602 f076047bc93856af
3603 0111fdde59764c9a
3604 27bfd789d6fe7f8f
3605 95b206373fdbce50
3606 8ad154b080bea24c
3607 78069ce46d92114d
3608 7e58ac81143c5196
3609 45c63400c83e291f
3610 bdbe63fb3d45c5c9
3611 d306fb537e6d5294
3612 a4d66cecaf3dc5f8
3613 eb073857bf029268
3614 b6623b2a911a713d
3615 1faf01fd5d290518
3616 e74d8061390146b6
3617 8587864d9a954c23
3618 d136f712a939fb1c
3619 38d8b51d6604ac5d
3620 dcea1c67ae0dabe1
3621 e2714fe318f24676
3622 6e0dfd9d2e9b3007
3623 2721bbafb8464f60
3624 8d783a45efa324e5
3625 8540bc2026f2714d
3626 11c5cd504e935e17
3627 b16b8742ecc32b7e
3628 5db3016ff66454ef
3629 fbc7f40f04b2dacc
3630 998e078edb9a5fcb
3631 31aca04fa4bfedac
3632 b41b265e9fbe4cc9
3633 258ada3d7b119abe
3634 7fbbd548788d68df
3635 e0be6c7799dde7e1
3636 20382edb625f8571
3637 168e1a4e621c0038
3638 0a765eea7f9e47fc
3639 1251cce30985688e
3640 0ac3cb7c93f40fab
3641 6ac5e39884a2e25f
3642 295be4212c8bc56a
3643 1ee7f50081b9f4c9
3644 0f525a5b6492b2a6
3645 f453772f721292c9
3646 a10fbb416adee1ab
3647 6b8ff6a41e6f519c
3648 d24eee3afe5a16a4
3649 b99144598dcd491f
3650 a8037fabfda71d51
3651 0a99ed3a3c892f86
3652 7fe4b2eceb0e38f6
3653 8482ef41d9fad009
3654 b67437d9e0b171db
3655 6a603d351fe0f30a
3656 28ba45eb100d0b90
3657 81c6cb2039e79986
3658 8c646706313f2269
3659 0a818d4f13ae6442
3660 3a438ceebc07a338
3661 0ef9a1f5b92af618
3662 ea6a9f22f13afa02
3663 8130e6cba787d46f
3664 a0d8407820ab63b2
3665 b7c90aebdfbccca6
3666 49775a0c4822453b
3667 86866ef44fe154d0
3668 fde1c91406397609
3669 f6c8975502738a3d
3670 e37e5e971a0cb93d
3671 cf7d033f7e507f8e
3672 c11785ba1f622b1d
3673 3b9e7a549c450ad7
3674 f5f7aebf2ab481a3
3675 ec75f769b1133346
3676 a46b92ba5f5b6315
3677 611e767d87431adc
3678 979531c6e03b22b5
3679 9c669aba8de1d8d0
3680 7927114936de9e53
3681 793faacc9c3fb32c
3682 2e3fdb91f4f0969c
3683 c71e4bc333fe98ef
3684 5ccf35dc4ef16d00
3685 608cfd6d2b0cd54d
3686 39c0d70882c15e71
3687 80de8e7ff763c381
3688 5cc7e88f045d0944
3689 f811a2b8342a89e8
3690 c6bcb44693c61939
3691 887f0f7774e4cd79
3692 c42786a044eb9d60
3693 6e9c3b59973812aa
3694 fb3c22bec324feb3
3695 20cf6204424a7594
3696 455ec3d5071077c8
3697 8f75611e89fb92d4
3698 ca8ad1da5fac3f84
3699 b23143e0065c1764
3700 e69c6f5448b2eb77
3701 eb27195ef25f64af
3702 4326d78a81eb984c
3703 b2b39c943b7cca30
3704 88fa08d42b03bdbd
3705 8af28252eee7bb48
3706 519d35a82e61898c
3707 fb9fc4ad34d9f69e
3708 084f686625b49d54
3709 0c6f8cb86a5f632f
3710 aa6d3b817019a05e
3711 5a0362e8956ec3d3
3712 7584c32eae8c381b
3713 e1ee673a46192490
3714 e9e91308ffabaf8a
3715 ddf1aeb3f0a3fe20
3716 11d3ff5b39b065cb
3717 79b2ac4dcd9f349d
3718 e6b1ca7c2eaca55e
3719 6c68b4a8c6573f08
3720 256e026c91815c0e
3721 18d8f34727c4233a
3722 d738ee9802e16830
3723 c0d84899cc0fa7d2
3724 48f470a1adecc5c6
3725 d3ed53b6cffaf4f9
3726 cd89f92c003586f9
3727 3b0f42b272afc911
3728 1846de22049466e5
3729 05d652d8722e4ef3
3730 4431dfa3dc6bb500
3731 7c8efc3193ec67a0
3732 fb6663b2b9eeaae7
3733 db199e0263253765
3734 284e6061fa8ccec3
3735 56095dff1a160ef9
3736 33f9bb8a405a5ff9
3737 b5d054ec26e8292e
3738 0d1b93caa6c87898
3739 519aa8bfda3e115d
3740 173ce2e2a2c00a51
3741 07b0b56df61a560b
3742 4f90b2cf0e2fd5be
3743 438896c3b773997b
3744 55ab7a06ca9f2f7d
3745 18f3e74ceb2b7387
3746 fd49ac0f4c348237
3747 f7be817697c8ad7c
3748 87de1a502f38ede7
3749 3709ee18c5d8318b
3750 93c10830394db63a
3751 9fce5d2806c1a68a
3752 3661070822bc5a4f
3753 244364e94ff922e4
3754 5a9942ce72864af8
3755 fdea6e18d75f0064
3756 d4cbca8a7e411bf1
3757 de2723e8b016758f
3758 85f15be57a1100dc
3759 8ee4ddf85f5dff86
3760 a9c8d6fc5d981bbb
3761 59f2aaa59fe14d23
3762 f194d1946cd12907
3763 7e1847f06b52c839
3764 b99b5e0c4923c17c
3765 6bcc656bf529f9c7
3766 55c1de5133061fcc
3767 ad0f33a645e5c124
3768 ee183b97106dc0ae
3769 1276094c6d7ca7e8
3770 c73ca33d800f706a
3771 c784704e4d3316d0
3772 bbd9057a4957b942
3773 b3f3b0fe8326834f
3774 69ac389adfc2d844
3775 47c12aedf247e19c
3776 dcd7167d22bc869c
3777 0d7dbd24016c2340
3778 da80a8f616bd88b7
3779 c6669d31af011781
3780 87e53512714ec864
3781 a67a61ffdc9585ce
3782 069e56d3689ebff4
3783 b0d17c8f80cf37ea
3784 4eaf62a9dda7cfbc
3785 b1ec90fd2ae5741f
3786 d5ff7e33b31c1ccc
3787 4b6843cc245c9698
3788 a3c0ba157df62bac
3789 361f8b510072ed1c
3790 5b4ff243c73aa491
3791 11bd5cd83d52b80e
3792 1ab32a5753e7ab18
3793 feba005f2164c69a
3794 c05f29a7d99d8f10
3795 b43985facf7bb637
3796 4bac7fee9c3074d4
3797 7365c7c8879e164c
3798 cc60c42e3116ff65
3799 bd80fe118457ed4c
3800 3c49ee971316e649
3801 19fe91ad63e37582
3802 8afe7ad033e9d1ca
3803 6109b238850d0654
3804 2b093ea464c4f5af
3805 e02c7e5f555825b9
3806 ba29dfce29b8f9ef
3807 7a835912aab72a8d
3808 e2f0bea4a8fedb7a
3809 ab97d8c9856d6566
3810 13984895d61f524e
3811 3549bee7cd49dac2
3812 0af9c71d52cc2e6c
3813 53563c987dc91fb0
3814 e75a6c016d9010a7
3815 4e17d12ecbc67013
3816 5ed8c1a479c49283
3817 8411632378f1aeb9
3818 1a8dd3c78591840d
3819 c5c72e1a81181fd3
3820 bdd36b5adc78fb4b
3821 00cb1f2f1d20ede6
3822 133f6e1adb83a7c9
3823 8364ca01b96de68b
3824 be6a28c3d66b75a0
3825 52178b3d677dd7d0
3826 1a723329cdd8d2a2
3827 1f0ef4c56dfd2bb4
3828 ceace0b6d138af3d
3829 322d26eed96691b3
3830 8d026eff60b66503
3831 44f5f2e13c9cf021
3832 f26e399952b1cad3
3833 e21264e8346dc932
3834 2b1c873c16dc6ac7
3835 4ed822db4ea6d67d
3836 7c161a525c44409d
3837 80114cd32159e05f
3838 07f6780425f0afdf
3839 7eff23c18a1b4057
3840 3435ffd645e97747
3841 72ebbcdbbfc28d85
3842 af4ac3528e4ec26b
3843 5bc57ad8433598ae
3844 b90fe80003fddfa3
3845 6d91e76dfc5682e5
3846 c496d6cc5e9eca14
3847 92d3474ffc63b987
3848 75a8ccdc38af891f
3849 31b1e3c72af11412
3850 de6adbe02c100754
3851 920e1129cde5f15d
3852 da78720512fce72d
3853 c97c23de6ee36543
3854 af358a4ca7708c6b
3855 a92efd72ef183ebe
3856 45cc67458f048a11
3857 3ebf4e248ff760b3
3858 16b5283f2e92ac0b
3859 dcac77993184ded3
3860 8b5eeb487a3211a1
3861 4f840eae93bd129d
3862 dd15ec9f5dd36384
3863 c13f8af917ab99b8
3864 6a0e1643e9a81a93
3865 b8050f9010c68072
3866 984ea9e16b99430a
3867 c70d7372a3dac8aa
3868 4a4ba35f396327bc
3869 06b6694e08a84c35
3870 98c0dff3f0d7107a
3871 9969b48e10f6e6c6
3872 96f7c80f0bdd2a28
3873 519b7f815b028cf1
3874 db93be0078d4b9b5
3875 abab493814fd72a3
3876 6d3eb68f4de48098
3877 91de64c85959849b
3878 022f98d21e96e660
3879 6e580b4c8d5e0294
3880 b3a93e25ac893166
3881 6b14d8e628af1b59
3882 e97655e44b7dc4b2
3883 ce83bb9d00c10abc
3884 1fb4e8ec2b2e00ca
3885 9c2fea5e089e923e
3886 20dcfca6ab8c7374
3887 7c0949fb1fd6d03c
3888 8d9a16e7b28d3cba
3889 c0514e8b36e31d76
3890 97d0524fa989ea25
3891 21ba07f79d1d635b
3892 c25f7575afc74c64
3893 5740e08d0d949c66
3894 01b6a6fa53df4131
3895 e233e3cc45b33096
3896 a7e916193284d54c
3897 6ac4b0e29718d55f
3898 dac28b287a812541
3899 41e798cdcb88ba0e
3900 465361a128add3ee
3901 a44076a44608411e
3902 66f9e24293eaa6d7
3903 7468d88071431130
3904 a8160f6b4bbcdf62
3905 3ee4bef5d92d60ee
3906 03d4f4c9a5c3b09c
3907 665e7f55c5d0b580
3908 7099ecbf212c537a
3909 fb27106bd848d36e
3910 daaba69806b95b73
3911 253274fecf184095
3912 a7ba53020b3d8cea
3913 f250bfbdbe38ff73
3914 39a01b8d261888bb
3915 8c4f716e2b17b17b
3916 e0719b4dba911970
3917 714651ba649d0b4a
3918 bf957077ac2753c3
3919 0bdcc9dec0890fb5
3920 0ad24c245d0686ab
3921 8c29e3946899f1f6
3922 7488f5d527ff8124
3923 c368f985b8571d2c
3924 632f6893ec638b01
3925 9ad482472e6373c8
3926 81f841421845ee07
3927 605bd1cab843ad1b
3928 71c889651f128edf
3929 1473ee457309dc1b
3930 f04edfbca16220a3
3931 abc3b67dd8971321
3932 2ccb94b5ea2ffadf
3933 b0a2e8fe9452da91
3934 42537bc6aeee83a7
3935 6838bb4b8e292491
3936 3ac28afb519c94d9
3937 da788bed427cc6c1
3938 2a80621d7bc35868
3939 26b4de542c72b14c
3940 a8fb4336b7952ebe
3941 edc350281932795e
3942 7070dda5f9b78ee1
3943 9b24646798db634b
3944 7c56963d07b5cdb5
3945 723d7d438eb200a3
3946 99545d0909910a63
3947 65b66a54e1779300
3948 a05ef3fd0b30cfd2
3949 4637eead8b4744cc
3950 bd4e5d86a32cbe72
3951 294e21d4f06b9c41
3952 aabec60886671f81
3953 e0aebd2d6c31e01b
3954 bf8e01fd33794421
3955 da15bf9ccad69110
3956 5672b9eafba07ec6
3957 256c59309facc896
3958 ab1c33e710587a14
3959 84cac1a74b741e7e
3960 ef3ba2e3e4f92f4b
3961 0a4e22fd47dacecf
3962 7748d3c669df4fd5
3963 0683afa23ddc7e0f
3964 b4d0ed34c14f1368
3965 23e159368d2f3a17
3966 45d99578507b4493
3967 13e0e731100fb6e3
3968 8c72e678de8c76f4
3969 6466e0b876cee8f2
3970 48723005fdddc716
3971 18a40bb63afcfca2
3972 55799390e39f51b2
3973 603758e3688e3e07
3974 80cb3aae35ecb359
3975 53d800d6839562e6
3976 6af415e5f58c772a
3977 9bbb4077b845e06f
3978 0dcd65a07a0036fd
3979 4816e23236f94117
3980 6f20763ed906c343
3981 16d3646f5ee3ea44
3982 4dbe4a818fee8f8e
3983 b57c46c09ed164c4
3984 c625fc716d9ca746
3985 6b63c9cddec17076
3986 50e997fb246c02e5
3987 431df20d8c52619f
3988 1349abd477ef020d
3989 286ac2bf47a6aa6b
3990 722e7f137f54eb02
3991 67f3ce94249b871a
3992 b276ec7666790054
3993 e541b3bb24849196
3994 8bc3635fa0fe26bb
3995 6f3c32a6b1d3aedb
3996 f9182a283bff1497
3997 ef0c7b0865abdb69
3998 e5b3b504e8081427
3999 d622322383556e98
4000 9b82d345424ff224
4001 d5e77baccee98834
4002 1949015bad55dcf6
4003 3dcecb81df67f055
4004 1b6d642b9ff822e5
4005 0e7520cc8cb680c9
4006 3321972dd511d56d
4007 79b9a25e59f77178
4008 b646f7726c2d0e9a
4009 e4d9afee07f3330e
4010 04f0e54e859f4cda
4011 a9169e757c599ae6
4012 50ad06bbb12fddd9
4013 669535554a8a327f
4014 58fa00d452b800d7
4015 b75e97a47c6468bb
4016 4fcc98fbb229493a
4017 2770650fe7fe6090
4018 546adbacd898fb66
4019 de9460cabd291b7e
4020 d83cf1d8beccf40d
4021 ba89b957522aef4f
4022 233b208dda95a355
4023 68767fcdff7868a3
4024 3b1fb09c53067a67
4025 be74cde8dc8aa4f2
4026 886e44f5de466200
4027 d8dbae1889b6f462
4028 453fae81a315d810
4029 8a050fb516539a13
4030 116e81a70a77ad47
4031 28cb1d730028c915
4032 5da4fdf1befeeaef
4033 66500711df072d02
4034 e3921d1da6f6f0e2
4035 80afb74c2752414a
4036 044eaa35aa0317b0
4037 2f4fb025cfea1e82
4038 dad4a2f9c5f028eb
4039 2531100d522a49ef
4040 620e99457f344d03
4041 370e9dd863640499
4042 9e654f726dc43cb8
4043 f639c9d1f8966c80
4044 f3c53bc7ea43fa68
4045 c377c099c44f29dc
4046 0cc3855b4c47a983
4047 4a2012a38c007371
4048 d27c1148bf937925
4049 672f55aff477df9d
4050 325f562b4ccef07d
4051 07643b160305a050
4052 a3b32aeff8dbfd16
4053 81dcc2929f5ab9be
4054 70488f9ec6cd0f82
4055 649a38b70ae0a07f
4056 c722c18ba8909a71
4057 e98a1c30e6a3cc27
4058 3667e3ae5d0948bf
4059 f03d4aa494606f0e
4060 a415990573715acc
4061 3e0215ed82eafab6
4062 668c68b1691bccf8
4063 4f76b9018b869b00
4064 2843ce47c5a496b7
4065 1f5c837b63987649
4066 ef960aef06a75c47
4067 976e74b6fe82eb1d
4068 0d0db02eeeec9cae
4069 f05dbc2f9828620a
4070 8333b89453def6e8
4071 48ce8f197bec26ee
4072 020197b3a03b8def
4073 e9e9212cb36ef99f
4074 dac5878c4347091f
4075 c4067c4c5df84a31
4076 75160b80e2011335
4077 a16be411219ffae0
4078 bc8fc1da9b240498
4079 2a0a6be69f8dd6d0
4080 e0865063216e6bba
4081 188fbcca92c22b25
4082 0b15c7b330c15bf5
4083 7e4e1be0c1ddd581
4084 891aaa02571f408d
4085 0b6b2878fa43dc4a
4086 b43a9bef70306dec
4087 ad7e17c3e19ce8f0
4088 9f94f3b32c26f690
4089 b6ead99beb243f10
4090 248fdca5a56b33eb
4091 e1501e3d3139be95
4092 e7dc88c10880411d
4093 bfe142f0469af567
4094 f2b02c32def7d982
4095 84456c0651dea8cc
4096 1683f7db71c5e22a
4097 f19845d772fe8f8e
4098 0cdd566eca2abcf5
4099 acdd7206584c3f5b
4100 993de4e1a984f66d
4101 b4d1001c113acd13
4102 7b74f62749f16bef
4103 0e085209afadf128
4104 d302b3b2026b051e
4105 6774faaa7c680b8c
4106 4c49bd313c34774e
4107 bb237fed9cffdd41
4108 6ed04bb5c1a9c38d
4109 e0bd71b7910a04ab
4110 e46b351f26205431
4111 2486cd57e4a877f4
4112 dc812eff9f2083ac
4113 eb8b602e74d4a798
4114 04de7a23cb5507ce
4115 6b321e2abbb57aac
4116 e0a2e1e516bd9e51
4117 42536fb478da48cd
4118 b10eda33a22f54d9
4119 892b2271d34a5ce7
4120 28172685174f51d8
4121 e8182601f0355e1c
4122 05eca80244f254b4
4123 b23478d266383f68
4124 202583f462adbbd7
4125 0ac3640f6ca2e891
4126 2451c854894d76f1
4127 066bc47cd48eeb43
4128 71b16790462c6ac3
4129 97cb9b4a44e7f31c
4130 c15c3e7476c7c3da
4131 1111f9be77b0ca8a
4132 138a30989a05aae6
4133 35ad2b55b81c6c8b
4134 d37177a1c86d6499
4135 58dcc62968f129a7
4136 b07e57ff2e7c2dd3
4137 c495663d2c5aa038
4138 1625a3dab79699fa
4139 3e7cf515117392a2
4140 ce192ffe28472b18
4141 24c3a82d155d47d8
4142 f69364930fa6f1f3
4143 009f5e0b5f6f78d2
4144 597c2978c8be071f
4145 0d5acf322280fe11
4146 b627765ceb3cd0a2
4147 84f50f262ead1302
4148 beb922b48cab9214
4149 97f7eaae47840ac6
4150 fca66d895ac12847
4151 087168f67983380b
4152 85b9dd1eb367bcb7
4153 adf2c38a2fe96101
4154 43e00f20a7ab38e3
4155 ff47419c89abd6ca
4156 d2648b3fbe726972
4157 cd227e7e1ef6df7a
4158 e7ec4e6da9e44180
4159 38efbde5771f3aab
4160 e82045c514686e7b
4161 86ed3c47fbcecff9
4162 1d882412e89fff9d
4163 c54797176c750402
4164 01aea34a2930a754
4165 bc875c0f3d216938
4166 e352fdf8f03bfd98
4167 cc9a17905de67024
4168 48bd7dec9b064acb
4169 95b437d2f9ed303d
4170 49c977b5189ac4cb
4171 439f914ee6a9eb2f
4172 58d71c58b8f7ce76
4173 6c94dd243dcd0e78
4174 b39fce366900f4ea
4175 ef7dedb3aac19dee
4176 d13ebc2fcc24ead1
4177 2599e122467ad48f
4178 db2a11f4da3fdc6b
4179 4a2e1bc4a1072f61
4180 b0a0ef003bbd62e1
4181 f20086b01de8ea06
4182 474f42383ea9a8c0
4183 08e1dcef53a6b572
4184 e52e88a58edf7cf4
4185 b0b6f7d73d9f2c73
4186 febd265df00e9c4b
4187 b253776eaf0710b5
4188 7c0d942bd3bf3ccf
4189 69967fb658903c46
4190 43609ac8aeeac9a6
4191 3902a65a3ebeaa42
4192 64fb4f41aa9e6f5c
4193 93717deca2994612
4194 17a6a78135d3da2b
4195 774c0d02dc336919
4196 b151056f4621aa3d
4197 7ab06dffab4cf4b7
4198 b9fb4f978ab52fc0
4199 8d0e9f89eeb681bc
4200 e644c4c556f1e8cc
4201 4d97fcaff04a39dc
4202 380ac93daf9be58f
4203 b9047e5551a35e59
4204 1e7d11d86e0b5509
4205 c2fbba65c5cfb81d
4206 275056557d024e05
4207 54f663a034c1a812
4208 1a6c1e7f197f33fc
4209 9bafc83c9c6c9c14
4210 c4f27ca82730c63c
4211 20196a22e71cb83d
4212 98d00dcde97e3af1
4213 172da5768861a547
4214 bb989d57ffa97f3b
4215 e67b83ddd0929b54
4216 78b6fdeadf835852
4217 544b46cdc30e702c
4218 9f25448a8846981e
4219 d53ecd179fa35d0e
4220 304c3b7b8a697a35
4221 500df124c4d0fb5b
4222 6b380cc8fb5632fd
4223 86425f9fa3685323
4224 d249e4f6735b854c
4225 384c479b8946d0b4
4226 f86d64a13fa8ca5e
4227 673c77af5b88900c
4228 959bb4c2117151e3
4229 928f5fc7f798c6d1
4230 9bf5d40a26cd2261
4231 53a694ddcb32d58f
4232 9a2eda1b88a5285d
4233 a1abe62044660af0
4234 a25972846c562400
4235 583d9cf489e4022c
4236 a355eb5d7b48520a
4237 7f5846d682c1e9dd
4238 c830223ca73375e1
4239 9cb0830e9409bab5
4240 0f7b48f6a7e2b5cd
4241 3385ff786d901e7a
4242 ea54560e524133d0
4243 d3da1e91cc7156b0
4244 8fb6aaadcf119ba0
4245 3d060bb3a24daa14
4246 38b249b1eefd7e4d
4247 506c73f597968793
4248 9b17ca9901e3101b
4249 0178c217e4d3c5c7
4250 0de3c97ab76c00c6
4251 c92e49a6141881c4
4252 f91d211699aab71a
4253 69b7c187d46263a2
4254 4946222854a04e82
4255 ca9c7e697e50172c
4256 6ed7d1e9bf7d363a
4257 c8f0f2faa8337fac
4258 58bfbed9a9d14960
4259 562c8258fd12dcbb
4260 1dcab63aeb0428bd
4261 d4a76f5b8f1bc223
4262 9d3a8fadbef84f99
4263 7b138ca9f340f51c
4264 9964b38f7b005b44
4265 208906c282a07f12
4266 4956b3794af51450
4267 b426f02a04c1e951
4268 8b3fca17f71440d1
4269 1c48f7db8dd7f975
4270 4e2f530a328fbe33
4271 e40125d02f7dc7b1
4272 c5c570acfb20d268
4273 c98721ad4641fd90
4274 2200badedb1578d0
4275 c6229ad4146b9baa
4276 8a37c36753d75a95
4277 10cd09e06c1e4129
4278 e1307634fcf02431
4279 2641bbfe602af5ad
4280 c125d98d64a4f3cc
4281 282c0c779be298ce
4282 6e4ac50f7981c22a
4283 2112a5ac3b06e372
4284 724281701fb4ffc2
4285 6b5eda4673c531b5
4286 7ba30ead18900f23
4287 59fb4028607c77a3
4288 1f17af82642096ac
4289 0df47caaf582bd20
4290 a91c22cb5c729772
4291 1a5be6cfda56843c
4292 42f5aabe6daf3ac0
4293 993f5ea31d0008eb
4294 e4a4f005580304c5
4295 bf57b35ba7c4f36f
4296 931af0bf6b0c1669
4297 b2e68fc07ec72fe5
4298 533d8fc065b2ca14
4299 f8059d9a088df132
4300 5bc0197f18262c54
4301 56e4e7f9e1f2cee2
4302 d15463443d2927d1
4303 e0f79551a850c4f5
4304 16cc800ba822cf5b
4305 279edaec57e8f36d
4306 f1e209079e64f340
4307 9587c430dabe5c18
4308 fa45499391e8cec0
4309 a54eac4ef768c9a2
4310 173d51834caf7428
4311 fef29bbb4e6974ed
4312 8e8ce29ecc2f9b19
4313 f4b1ecec0fdb7a55
4314 0ce95b2398512b47
4315 c6adff8720b388ea
4316 004072b28db513bf
4317 9316ed704c79cbd3
4318 f3eb5d6f370109cb
4319 450348d56be5eba8
4320 18a05cc30687f7a2
4321 22cd5615614ca02e
4322 0be93b422df5aed2
4323 1c6fa04dd62ca576
4324 64a630cdc7318a79
4325 0a3e7443299b89e3
4326 9547c283f288a017
4327 cac1df1ea2d1bb47
4328 9e9be9a78299ec12
4329 7c686c66990cec38
4330 22b1bbc3109ed02a
4331 1e823a58da808bc6
4332 7bfad00cd27c0073
4333 0c05dd9faa8db04d
4334 0f3f94b487e58bc7
4335 1232d7956964fe75
4336 6b2f909d03caa915
4337 225e8524e4fd4602
4338 18f2ad3dbadef130
4339 4e842a10ed395e12
4340 39d4d64d546164b0
4341 e119989c607d01bf
4342 856995e4b779c1df
4343 2f46f4f4911f1791
4344 ef183152020becff
4345 50732f911101e19a
4346 80403eceb22f870e
4347 863511276cd1e1ca
4348 b804bd13f17e8a2c
4349 bf158d0b950a876c
4350 8b57dbb85c0ac845
4351 8424528e72b79ea5
4352 b78a3ad079588cf9
4353 0f87b3376ba2608f
4354 aab6f3c64740fbd8
4355 892be4cba44d813c
4356 74978baf39637020
4357 50d9c3734aa47a28
4358 d0a010181f5b9c3b
4359 b286722827af9495
4360 51181bba9414c63d
4361 22ad74ce390264bd
4362 16459f81b7cec77d
4363 26fd963e16c4450a
4364 f8e0262e49f9bed4
4365 ee24ab6359df9f6f
4366 ca4ad74d07672045
4367 c82894e510487460
4368 e1394d95ad93051a
4369 43cfe65a9a063014
4370 082d172d3142a3f0
4371 d526539bcac490f3
4372 fef497cc7c2772d5
4373 46c2607a378c1043
4374 feeb33f0acdc7d41
4375 a5284565808c7e01
4376 638575734f5912ee
4377 db8c96830bebb58c
4378 ad7f1f1219cb85c2
4379 6ac835df1bc102e4
4380 730e60c4d96910cf
4381 3c448466f93a662b
4382 244143f87884e861
4383 80fde7c09447dbb1
4384 89732ba6c608ac08
4385 a790daa49a5eac74
4386 29effd9b2174e7c8
4387 dff6040fd4f7df9e
4388 087332c22a1748d4
4389 7ce14d5ab00dc571
4390 86515029c6d9228d
4391 ad026ee26f141bc5
4392 9912a9c2291fb74b
4393 34e6c62927212e08
4394 de74913cba370438
4395 722182b900d755e8
4396 e92ad02c070d2b7c
4397 ff5195e25826ba07
4398 1d1f053fb2a68835
4399 bd8b5ec93d257848
4400 2b4ca3ce0d03ecf2
4401 c09a21950b9192d6
4402 89e8d58fbb6345c1
4403 48fb98ae766f3747
4404 af5ff8a20e3d5ebb
4405 192f7d80a5209191
4406 ebbbf1d303e99ba4
4407 6193ea537c7faa92
4408 885dda06b6ef2fbc
4409 6985f69016212268
4410 174edefdcfb8f9d3
4411 1af9e8299f24402d
4412 daf1a43f5ccd2f83
4413 e9b69388b43e9a49
4414 a0f3c3971091dbe9
4415 86bd7690384734ca
4416 2df23cacf9619978
4417 d328d72adf8b72c0
4418 12fb318764a6359a
4419 b2b2a66275331c19
4420 8f6a03fffbb07a55
4421 3cb9f20401c556b3
4422 49153cb0eeae11bd
4423 fee142941b74370c
4424 97af734880984c18
4425 13f53d870ca8eee4
4426 914995964f3f5776
4427 9b874837cf0c86d8
4428 16eefc5dcb02f671
4429 b6796605429ff3e5
4430 6c3df61f1b60b659
4431 556b05fd5dc7092f
4432 fc661c1515e9da2b
4433 088a29eedb55e432
4434 b4955720379ba708
4435 95935b28fea4fdfc
4436 46bc0b169fef39d7
4437 bf77de44379a1be9
4438 0b9762493ff9c3b1
4439 b68085cfc8b47f0d
4440 5812bc3dd95487f9
4441 3535eb7ced9c1b16
4442 115072e4b5953644
4443 ffc8809cd3f43310
4444 7be3734ea011fa68
4445 609a9430868ee4cd
4446 6245998524f78afb
4447 81a9a674e6e6e2c9
4448 f45c490a9e64d239
4449 611066d407636c8a
4450 73d46cb2fc49e848
4451 3527e9cbab7e68fc
4452 d7dd75be7d975a3a
4453 3a6d264435af0442
4454 141635c8f009d69d
4455 dc974d1425c6ba13
4456 4e31a61eb8eaf955
4457 b7827f82e4251a9f
4458 570620ef12f045c4
4459 0a502c6ba792c9a4
4460 479d91a8a160b81e
4461 fcf753116aa3e4bc
4462 253f4472ed51da09
4463 9182a4f4414b5765
4464 215c839d746a1b41
4465 d8b07717dc6815fb
4466 813d47b4d0b833dd
4467 26dc055f2044e1f0
4468 5fa36d6893ba22d6
4469 70a9747e89116276
4470 2b7f68377f2fda9c
4471 3e6f5e66a0a49d87
4472 87c748ff040d5eb3
4473 dd830df303d212af
4474 4311f11beed975bb
4475 92b112ad04a781cc
4476 0be84a17100866fe
4477 124b6631d1f8f6b6
4478 74a34ab3f3131a0a
4479 94450b572e64d2aa
4480 94c13fe26634ef09
4481 58ae3edae5efc273
4482 2237c1e14bdcc1bb
4483 8f0c694a3aab4aab
4484 17896846d24c8672
4485 133c7067e6c60266
4486 d8ef0623fa15d758
4487 d6701a060f785b8c
4488 3fa73200ad164bd7
4489 b97e202bbd749731
4490 e6c18796cc95d2ef
4491 25a21e3972f577bd
4492 607e348ce774c289
4493 ba2eb757b1aebeac
4494 ff32d7e5a32ea2d6
4495 11a63eeac5c79880
4496 0178dca0016c117a
4497 3abc577ecccfaed9
4498 0b1ff3498fce4cc5
4499 f6f4853f4b1c3ccf
4500 4805d456d68a7c71
4501 d2faf3e0a0a54e08
4502 f325366b6a6f009a
4503 0381555e46bb18ca
4504 b0e3359399625c18
4505 9ecebc086e387102
4506 5d89249b9532209f
4507 b1f0b6439b08a3b3
4508 cfabda49f7cf9167
4509 3b4a2b58859bb48d
4510 b58c84f11972dd52
4511 f60f9c91c7b5a0c6
4512 13be9ba5a961df96
4513 cc687f85a852350a
4514 6a5c48246793b489
4515 25d492081b85d79f
4516 cd44354f34e9391f
4517 184cd8eb30421a1b
4518 85307f4580927b5b
4519 83d06a43f318b052
4520 8a6d34929e66a6f8
4521 97edd4c415c51ba8
4522 2206b5178ef9684c
4523 8382c0f59cdddf65
4524 b25f3b1e07714357
4525 67f85f635ecfb1f5
4526 01f9550fa90099e5
4527 d3962886d2fb8cfe
4528 89c8ab438222ffb4
4529 f3c0fb41381b4dda
4530 6b69df344ede6bc0
4531 e425be63b9a01558
4532 4fb83b43b631672b
4533 0f21881c64a9cb81
4534 905fff81cb2fac37
4535 511c0b8029e4c139
4536 00daeb52c72cb3cc
4537 f01732272d2793f8
4538 b8ebf9e138f33e96
4539 5ba978133a663d54
4540 b71b54ce76c92101
4541 d7f0f899cbbab61d
4542 be44e6636fc6d525
4543 440abdfd8182ef97
4544 0b00006fcfe15ff9
4545 618603f4365d6e34
4546 8526ae282001c4a4
4547 7de4918a1a04abc8
4548 67cfd20bfa9d33e2
4549 556567ac7811c459
4550 8e9a3c954bf0fe6d
4551 1a73f15c3ecdf0f9
4552 b9f1aaba51d37509
4553 95475adeefb69840
4554 e757f40f7ec3b17a
4555 ef2193f9e5e476c6
4556 54611911c045b416
4557 b2b275ae0e552e92
4558 f5e7721867515459
4559 9e0d5879d001ca7b
4560 dc7874a8d9827082
4561 89c0249d1c2fd476
4562 9640777b629108db
4563 1a898b0f22c134e5
4564 e6925d216a8b2c13
4565 ea0c025a5581f653
4566 25393dd8470677f4
4567 bae3e58e484a084a
4568 3341f0db17ae8a14
4569 555cce99ae812e0a
4570 4ebd3d9fcf471c12
4571 0378934b36e6e9cb
4572 5d9f00119e745099
4573 764b10d0bb129bb3
4574 320d22b407bdfa19
4575 1d7407673fd5ebce
4576 f5bf9dc5ff112afe
4577 4969e71056f60f63
4578 8e0b8ce0092e583c
4579 a518f9d82a67013d
4580 1838e8fa5f27ac5d
4581 e2668e7d4f5b6789
4582 11f16a7d278042cd
4583 30fb2f7c0ec6bd2b
4584 206b7b593c1b9f76
4585 503a8feafd9c08c6
4586 37035885d0aee22a
4587 810b3812f64d475c
4588 3e2ca8a37d61611d
4589 07fe31088e637ae5
4590 03aeac9b3de52afd
4591 efcb33d6335230c5
4592 13af1aa358e7842e
4593 4970739d7a443478
4594 7e2c009ca5515270
4595 48b3aabab5f9a9dc
4596 10cbe77d9e0290a0
4597 04654471af70fa73
4598 21de4892fcd5ec39
4599 4536aa9e6abd5a15
4600 e73459af8a787a2d
4601 418ebd76a31c2b90
4602 376686b4f828ad8e
4603 36ce1cb439a12584
4604 cf1b920789fbee4c
4605 a5a0081be8c5d2e9
4606 02ddc52236b3ec5f
4607 ceaab27b80f00889
4608 e2728ccf80fb7def
4609 e451b3e410409637
4610 c5ffa2a2bd3cf64c
4611 bc9f491ee57ea682
4612 02d765d123288c74
4613 9e9e357974c5e80a
4614 19deaf7b2feeb4c1
4615 768d57ecf96a7a55
4616 48f42bc43851b623
4617 29968d279a6c8191
4618 2e5f94a97bf40528
4619 3855d87c5d40aee4
4620 2bb3ed3060261e20
4621 1151c8004f790af2
4622 e9b53f8792c45436
4623 7b71af49ef30565b
4624 452df1bb035581ab
4625 d9c0f4a9610c3e3f
4626 b2f87143427959c5
4627 de3acde11864e4ba
4628 d0b52436e7987e26
4629 adf202072ec1eda6
4630 61703a74bfe3eefa
4631 209d26d4a5862421
4632 e182d9f69ea4be7b
4633 e3c7b773b311dc83
4634 8785fa227b79ec8f
4635 06f6fec8c02fc5cf
4636 7fc3af8f17860168
4637 7a2ab411e5b6aeb6
4638 9f614e604afced6a
4639 b5928cc04f105c98
4640 245429fada8daa0d
4641 ab4fedc5def5a473
4642 5f8fd7df28452085
4643 d319033475d08969
4644 76734e81e870cace
4645 20d53a24b167d280
4646 a2739801e53a01c6
4647 50ef381e663bd524
4648 a75729e32f913af8
4649 6e78078750adceab
4650 4bff58f9b1185221
4651 ca162585253a2317
4652 a157bd278d104ef5
4653 0d21c17ad5d0ac42
4654 376643c3e6f5967a
4655 d09b3f06a956f350
4656 7cac9ce0a48bde74
4657 69064473c15bbe09
4658 34dd28e20dff8109
4659 633ee44fa32fd0d1
4660 9e83d9906d25e0df
4661 833cca59292f5c0d
4662 e7b0a6b404337e64
4663 bf9e0b93ac49801c
4664 3512a98df866537c
4665 f53578ee66c38d46
4666 1790a537b7b8db49
4667 dcc89a190b382689
4668 98f13b6c420599ad
4669 c53ba9be29859871
4670 b14e4199c6fdfb78
4671 8ce7a3376c6404ae
4672 e8aeff80421d6cde
4673 57c7c7385f2f86dc
4674 8cd3009b3a5719c0
4675 5e61bf3d95240263
4676 2abcd5a5e800c699
4677 fab2064ad0fdb261
4678 f27f86ed79ad0aad
4679 4fa9a66721053870
4680 dab38aa0ce8fb9a2
4681 275e8b43e350d300
4682 1c210f10e52fa690
4683 45e5c9e2dc44ebaf
4684 b1f369dafb81ceed
4685 aca55d8b99ab4317
4686 0b9670bd9940bec9
4687 86c28dbaf57b10cd
4688 84785a629ad8fdb5
4689 90fe5d3780348773
4690 47dd971c27c7e09f
4691 abefd4419bbf9909
4692 4a0fecf205d26c32
4693 2d994463c7bebd62
4694 93dcbd99d9a0dd10
4695 6393afb462276302
4696 7190c8c68fb4b327
4697 f24fb5b716002df7
4698 defe23c60cead32b
4699 35b265ca204a4575
4700 befd19bc224b489b
4701 5799d4d6d028c41a
4702 77b0de88a5b1d2aa
4703 5ad36b81b77e3852
4704 b2fa3691fd2836f4
4705 24b60573056bd347
4706 d02acca4c6ea0013
4707 1b5173ae1349ae9d
4708 2114658bf354cc69
4709 f127683f102d77e6
4710 61c179790c76bdf4
4711 867d44ba6b477758
4712 fa67d3ee91313f44
4713 03f2468433b90a34
4714 de4038d2abaca527
4715 6a4ee77c4a93cadd
4716 ddba571079b2d23d
4717 1726744de2ee4899
4718 b406a3f63d1989ac
4719 7adffff230d14026
4720 f97790b6ec047d2d
4721 bd9a4aab48842ff1
4722 ece1109fb4fdfafc
4723 aaea51713d715e96
4724 49bc30e140d1f4a6
4725 0c6928a4d5fae4c9
4726 4c81595a60cf1413
4727 3523a3f142632b47
4728 1acb83ad24df5995
4729 2a728e79852913ab
4730 ab856560f1373acc
4731 6cc9b8a852e0a9f9
4732 4e67916cfcd5e91f
4733 b71e44cd8b70b9a7
4734 1592d53b3121a8d7
4735 9bd8c18e98a3cf33
4736 8bf5f8459fd1a053
4737 26c55e09d02fc717
4738 9d5b9348b38c028d
4739 8f4f65806372b9f3
4740 463eb643dbb359ce
4741 9b42b1eb78a4eee3
4742 d245d80bedf5fce5
4743 4326c1ae5b9dd93c
4744 9b7f966747f805fb
4745 bb58fa4353757907
4746 9b1abee167695fd0
4747 c9efa7617d4311fa
4748 6566b99cd52222c3
4749 4421b03c64b0bf67
4750 efd48ad128846e51
4751 b5e43710cd21e8f8
4752 5c7acfad7cf1618c
4753 7b5a27996ebfc2df
4754 fd0f7878aad781e1
4755 ddc230c8f7837f0e
4756 b306962737d5730a
4757 98e1fbf62577ba92
4758 79a481905ece4bbc
4759 4c6500f2e1483657
4760 a1b599d172436107
4761 61abc0dec9c9e6f0
4762 3e943f0d0c5e5f3b
4763 d7e8648c676350ab
4764 3a0f009d1e289f37
4765 d7ffb6fdf2c44ca9
4766 305809b0201bfd04
4767 a42afc952725d02b
4768 8a935334c801d189
4769 a2866c0bff6fdc77
4770 f59366e3074dbebc
4771 d4519f806a79f560
4772 26d8acf89bfdcb56
4773 3f9d9d1321ed0beb
4774 b41ac4066f670cb4
4775 2c00f1870ce4fb51
4776 7d4823e703efde41
4777 882a5044c9a4cf07
4778 d6a7b0502d1d968e
4779 a53f140c0f16f251
4780 589f79bc7939aa6b
4781 b26dae9ca82dc435
4782 eb6fa19cd8d7147d
4783 21803f7673eea9e3
4784 77ba6304e56917bb
4785 c4194910fde7b17f
4786 e80a8bf29fe54d37
4787 51fd033627ec1f28
4788 f493a72cdb0fdd06
4789 49e1fc5c8ca35247
4790 e61fccfbfbcaecd1
4791 fb8e935bf0299612
4792 c263eb765ec55a57
4793 22b4e8e6bfb12bc5
4794 69ce1fb1df02ba34
4795 8687dbf2386dc81e
4796 444e9b7308a21bc5
4797 90752fc276778839
4798 5228d834dc1e8bf1
4799 999cd5af085d98b4
4800 ce3c2b87791bab73
4801 25da9a903a47663d
4802 8fadafa88839e85f
4803 769e441533beb8a5
4804 a3c9956653680fb9
4805 8bfcce119cd228c9
4806 c916a0e9a284b179
4807 1686031ad0aea178
4808 e001698de331937a
4809 b15f6d1ecc2effcf
4810 2479673868ddb258
4811 205e5db29da27270
4812 74389be4da364684
4813 912324c7aa35b9ff
4814 1f0b7cccf32183e1
4815 4b155c81fcb6a0d0
4816 722e0e8fc5490a7a
4817 9f5c994f4b5ad0d4
4818 ff2913198ec4a309
4819 15d24dc697b51afd
4820 d5b3299fb884c815
4821 78f15b728ff918c2
4822 49904e7ea91c54b7
4823 173f03bd76979f28
4824 f7879480017cceb4
4825 e39cb778da3d11dc
4826 0f69b47bf1075db8
4827 105c5591be157568
4828 c47d4cd720b8ccd2
4829 002cecd7353a3418
4830 61248b02591b6066
4831 e3d3b9dadfc1e160
4832 c93345ab19dfb132
4833 72fca934edf43012
4834 a2377256fe9e4b02
4835 86e0156d37ef0207
4836 51f3f43294187bfd
4837 223c56cf6a043d2c
4838 7972f7e6024dd0fa
4839 4bb1c608d540871a
4840 2742e1f90886cbe8
4841 0db351b859d4047a
4842 87f69403c3fcc4a3
4843 9e026012d6325b69
4844 e84108bfecc227a6
4845 bf8664f8ffbd55be
4846 e4bb9e7e89cfe4aa
4847 881d572aea5c519d
4848 cdf2e324a66728a4
4849 6fb7d571cd1b95e8
4850 ea9dd8020a9e7b7e
4851 356b74d7d3b1f350
4852 2904b99644f6528d
4853 ccc48b593ca90f10
4854 50038a06dd556652
4855 052bd3db2e2d8bef
4856 e3304372e2b5d891
4857 e4dfc7efa981e9d4
4858 717a632c0d8f8485
4859 f207e6829010be5f
4860 fdb7da301a8d68bb
4861 e205f130e212c49c
4862 99dbb47bd45e87c6
4863 47b2adb6f2d21ccb
4864 7448b201e30f9db3
4865 79810fdefc166800
4866 64e2d268556c0c71
4867 b0da18ac138619ac
4868 8bf02cd3b3a8aa68
4869 11f16d75b73ce36b
4870 7d811bcbb907bde6
4871 53aefb5f2ba591d7
4872 ae8774b2025f178f
4873 0a25c8d5a6f33be3
4874 8aa7c1f9dbcedec9
4875 08f7c23af29cdf4d
4876 88c607264c828909
4877 97fa3c5e39219e73
4878 abbdddf593389f2c
4879 80ddbbacfce88ad3
4880 8f10fa06be8a3dd5
4881 7b6245c941246cdf
4882 78bca1779777ec0b
4883 9972e669ffd78b38
4884 2459dd7319fb0b2a
4885 69218230503bf935
4886 35185709845e4c7d
4887 257b704f73368255
4888 f1ce84dfd24617d1
4889 cbcd81f96ecbbc8b
4890 2b04bba2a52c2eb0
4891 63928be6976695eb
4892 0af10575e594a389
4893 1f28a60d6f9301bf
4894 933f7cf96f15616f
4895 731ef25b988ba926
4896 f80f9be15c8b2b0f
4897 d88351854fcf474b
4898 3200131b6d57b32b
4899 e99aea7089502635
4900 b6f315ed14efb902
4901 91edc38e3696bbf5
4902 2b8d502bd3948703
4903 b30919886baa8454
4904 7dc0375ac694c5d7
4905 d401a946d149263d
4906 20699c773cc3b102
4907 20b2a65a5314768c
4908 73fea0fce68b915a
4909 27b761814f93f85f
4910 b20c1953ec2da5d3
4911 8390d7c51a5919f6
4912 27f4d7b5a56f5f64
4913 06dd024824d5f631
4914 bbf2917d49edd74f
4915 c43f33e6c09afd31
4916 f3f57acfc12fd721
4917 867e69ea6109ef07
4918 eca419140d353a33
4919 3dacf6a5d2c01222
4920 47736abc8b4b2158
4921 fb8d4e5072f870ec
4922 608f7efa41829a4a
4923 5df5a34843f0661a
4924 737ea13f6e0183fa
4925 8984ccefd4563f0e
4926 4cbb3970a2d4242f
4927 97f5a71a1b4fbc72
4928 ba7bf95b7fede2c0
4929 7a382fb9f3c04a90
4930 4920389772f9d501
4931 d6dcbd30dd357999
4932 93ba6cc9daba9fc5
4933 ae8147a4e9a7d7e8
4934 4ba9f6700c48f1b4
4935 b43b9c4d067acc7e
4936 f6cf9c21f944bf58
4937 ab498a0be35c0dc4
4938 d203f65e89effdb1
4939 f64af11501159904
4940 856d9b13035ead2a
4941 1aa87bdbe68dfdd0
4942 80abaa694347c652
4943 78f1d2b41df0098c
4944 188fce62db354bae
4945 61ebe449ac2175ae
4946 94ce12a4ad23bf40
4947 057ac9f13bd49d0c
4948 6558bf70966b28bb
4949 50a02ba51dbbc70c
4950 74746f90b720497e
4951 ed8735c034d7d761
4952 670942296666e15c
4953 55ba6a22c6dc2ac6
4954 e52d3ad1a1e3a175
4955 ac0bfeeadca6fe53
4956 b1c9ad6d8ab049ce
4957 8ac1f20ff4bd6c2a
4958 0e5a3b1d8b56c546
4959 db88c64b0b0a59a9
4960 9534f142862ac221
4961 9662a5b9b187943e
4962 807dd99c098fe598
4963 9756703c8b8bf174
4964 a311526c81f05226
4965 77802f09f2a9c656
4966 36ea120a5bfaba80
4967 5c226473ebc2a8bd
4968 57544d17e2e68edb
4969 81de9087922ea31e
4970 b6356c546e4c8271
4971 4b21114dad8127c3
4972 28e47a4b9b241fdf
4973 4e1f284ab36f89ff
4974 d400f0e15b8c9c3c
4975 ba39487a2e93dc15
4976 a2e0c544466a1001
4977 61bf84bbb72f33af
4978 fac0c56716c3dcfa
4979 3c94258e733f3116
4980 cb92edbcde0a082c
4981 c70e5596d3ad720d
4982 1d090102e16bbd94
4983 95af11e88d23c439
4984 230d15f5f1d0b00d
4985 6973aa2c51f25f31
4986 10cc7ebeb477e324
4987 3bfe39bd818015dd
4988 5c546a04e4df8971
4989 be2cb1ae2122ef9f
4990 65324fb6bef34a25
4991 7dce972e47c4fc3d
4992 b0c84221e2eb1663
4993 024fd5ec987668f1
4994 3c7fb63221da2379
4995 931a6b9874d8eb1e
4996 c6ca0ac4fb8aab58
4997 894643c77d849693
4998 e3a480253fbafd0f
4999 3ea6370b04b07ff4
5000 787bb6660e3bc21f
5001 4999f5bc42dbef45
5002 52811abded2b67c0
5003 7b2076d8f8e46714
5004 7306dd77f7f2a12d
5005 4dd4820cfd8ee48b
5006 e9554a879939d743
5007 2025c73339bb3294
5008 3787f9b74d046ebd
5009 15210a680cef41d9
5010 f1f37e657915dd65
5011 71ab41b655a8ffc4
5012 5959ccb8fcc9fec3
5013 382c60eecdebfecb
5014 0e6a602b450cfebb
5015 bf62a1ba4ea5db84
5016 0b98e200d3d393fa
5017 25e541212b1fe5ed
5018 207ab727f388dd88
5019 afb2c5804427d4e6
5020 ba492dd414c109d8
5021 caeb6ea9ab664ef5
5022 33661a0314412b55
5023 ac4dde2c6b9656b8
5024 cee20e35c98dea98
5025 d8497a143254b502
5026 7dc5899d578235c5
5027 441c0faee80c0ac7
5028 daceed415533f56f
5029 9e06e273b8cb5314
5030 a4fb1ca33a486fd7
5031 e62d9fbc3afac0a4
5032 2ce59e4aeb78302e
5033 75695ff7fd0e452e
5034 9734ce3a21b22fee
5035 7436f45bca2870b6
5036 ffa24d20a600ef1e
5037 7b8f9619573e31ee
5038 11aa10519ae45554
5039 178b773e413033da
5040 49fb0a899ac0b0f0
5041 f92ccd8301d011e2
5042 ad1a713a216c4dcc
5043 3f7ba010c6a7b727
5044 87855156da7c6e8b
5045 23fb09bdf1ea5790
5046 0f42761f57070ed4
5047 a670ab14449eb5b2
5048 6630e007e1b71700
5049 99c3b6f97694dc18
5050 43136090bc3f2d0f
5051 1acf5d6d789642f7
5052 70598c8b815b7844
5053 acad998b007201ba
5054 c927665090897a94
5055 744c7f97d892d0a3
5056 83c185977a7c153c
5057 8d5ebdd5d49a0554
5058 53b9c33e6ed91d68
5059 bde6f4957320a8d0
5060 35e1c9ea991d00cf
5061 0e38a978d664633a
5062 ab9f08f10d31e764
5063 68a81fe62b565193
5064 95ca6c0fe508a643
5065 2f880a5c22a685c2
5066 81bdcf681f62bfa7
5067 d2ff3e2a428671bd
5068 03941760cf350a8b
5069 c076343e340bae9c
5070 2fd4119d1ee01050
5071 283c33ca0e117243
5072 237a66c130d31863
5073 b9ae6eb45674365c
5074 c10427077d01c16a
5075 702930fadee810a0
5076 364b3e56b597e05e
5077 594f67ccfa8336fb
5078 e2328990b4202f1e
5079 773b27f02d8aab33
5080 bc0f8744a2d93401
5081 c2a6c304753a7c2b
5082 57a820aa51b60077
5083 ea1b2ad80dfa0c65
5084 05484d27678a6b11
5085 2f9cd70067c0b661
5086 df7997713b89b2ba
5087 bd8588a0826b8a3f
5088 2b73d4c077cdee4b
5089 02f79c7495ac06bd
5090 1d04fbb9b96605a7
5091 312dc0bb5de74afa
5092 63ed2e55416e5b22
5093 bcba1dfc4dd8dc25
5094 5da9b410b3a36ea1
5095 32ffe1d250c315d9
5096 4f418bed88270fd5
5097 1fe2bba815f8067d
5098 9f03fc12a4de7802
5099 8a914f08d1089161
5100 186a9bd78d00823d
5101 0f06e810880320fb
5102 b687402e48954529
5103 b4d235c397acac44
5104 6347e34f29a01953
5105 cf28549ee68e5d99
5106 26c6d75d3a1c5945
5107 166ad3b455e7adf1
5108 0129f116b2ce853c
5109 9cc4fa2972b6082f
5110 436ed41abe2c58f7
5111 40e49d94c90d8a24
5112 77c8814f24dad1d3
5113 45c558615e6d352b
5114 ce65cf53fc7f6c84
5115 a13fe1640b937b58
5116 831d1d319957e642
5117 a2fc27b5fca77825
5118 eee0f04f1aaff1f9
5119 3da188bd4436b726
5120 f9842ad6698a429c
5121 544757a1790d9acb
5122 150777107002bced
5123 7df3d34542efd8e7
5124 f051af067e82dd41
5125 4290f953af78203b
5126 7733ae9705c9de69
5127 a0d3a1e48e6f779e
5128 f0bbe84b67a1e13c
5129 86c5eadc8ec5d59e
5130 111d444315a558f0
5131 b24f23a153ab35c2
5132 4ff4765d62311d34
5133 423db7aaf0151b04
5134 1405756b88ff61d3
5135 b7804c2d3a7e7da6
5136 e7863082a5e264f2
5137 f49fc989c3678b76
5138 6ca1ca375aa77499
5139 0a3b293a005d20ef
5140 57533eb9f0617aab
5141 49d4892e8f180b1e
5142 9882bc5ec7793758
5143 d0b9052f4b4e09a4
5144 76c9ed8eb20423a6
5145 3fef99641e7ce716
5146 f80c9dba3f6394eb
5147 28fe5acae35f4d2c
5148 620d79811596bcc4
5149 ac16017839b5ee24
5150 2a753a81af2edbe2
5151 7e3e2992982f3b32
5152 b13cbacab0fbdaf0
5153 c814ba0d66cfabae
5154 ac103ecb03308370
5155 d129aca4c9a82f18
5156 b55bbf03d8ee45c1
5157 56d89b020255d270
5158 ccbf96fd7ef0f264
5159 3d951305fceef719
5160 a10db9192421cd52
5161 06c650b7dce99f76
5162 5a5f1df69fc3ff47
5163 67e34ec8c1b93cdb
5164 6e4b4e791e7354d4
5165 caf5e7011cea68d2
5166 c831239e6747c108
5167 10f1636fb3f6dd77
5168 0bf9c8e2e194cfb7
5169 1c8e8c9955d4e4e6
5170 0b785e3853a7f536
5171 ad0d2183e237f3ba
5172 f55f0b934079c7dc
5173 a89303ca77fb9972
5174 e42a154d1c11ddbc
5175 b459ebe21fb7e747
5176 0d37382195a6d02b
5177 27faf541cfdb70f0
5178 77f9a832fea359cf
5179 048a9fa8552a2ad1
5180 0874e794f95fd907
5181 0be01d1b82f6f209
5182 88d824ef32da0170
5183 c765ed41c6914bdf
5184 0a8dece6dc6e3367
5185 dcf29cd3d3c4cced
5186 3fe1e98954493668
5187 3ce1ba9452c5f0fa
5188 b6e8b2acf729e084
5189 39d6e55e9c004ea3
5190 d0ab63f369a951ee
5191 120b1e262bdc00ab
5192 e6defd7bd67f21c1
5193 f4e59e35c3eedc5b
5194 8cb3b2cbadfc065c
5195 d3272bf7d72fe7f9
5196 ccea7941acc012c1
5197 485494e73089a4dd
5198 f9a82e73c301c535
5199 7f736c77334efb8f
5200 2d1e86d8e4d74d67
5201 88b693469c764bdd
5202 51b0aa304a69d512
5203 7a52ab095d061953
5204 8143c2fb94ed0dcb
5205 681b8ca4756523c6
5206 fd6d309fc38eaeaa
5207 ebeb2dc27b88854f
5208 7d35cdfdc5a51c76
5209 1d198e03a1894642
5210 4114d9ef68bfd1af
5211 09fc87634c58d66a
5212 f054a697480cf8fb
5213 dfbf9b987064b82d
5214 5f75253a81b85c97
5215 4b4097b38229f2be
5216 c355206360acf495
5217 64d5285e2d783ddb
5218 7008c57143d1066f
5219 a301e04e902610e5
5220 26985d48f5c610c9
5221 3cb0dfbf838c9805
5222 ef79e828707ce90d
5223 dc729c08335cc876
5224 236d54de9a9c89da
5225 d4be397b4705cadf
5226 6fa0101e0c9411d6
5227 4eb6ad17e7af4406
5228 46fdb25b9fd34ac0
5229 d8ecb55da07b311d
5230 21b2b2a20cc0d1fd
5231 24242ae59da05b5a
5232 9960e053e4f69734
5233 3b395264fe06d740
5234 1d6de19eb7cb7edf
5235 c41ca4eacca64559
5236 089fe4e64e8ac9d1
5237 b814177e96bd07aa
5238 c7ebc5f9314b2f2f
5239 4d740e7800aa1ae4
5240 868771699b4d8a5a
5241 8758595459fbf400
5242 87c2af67b1a1c1c8
5243 e102bfc1821e25e6
5244 c8e249606a2c3618
5245 8fc45eb50fc5aee0
5246 6c99e6efa467d43c
5247 60f32a8cf89884dc
5248 eb38ec4935887ce4
5249 ec1540438fc5610c
5250 1e6277c6161f42ce
5251 508e759067921a3d
5252 57f13681ec42818d
5253 33ffeb5bb02bbe14
5254 df3ee95039eb5812
5255 22bb2c8afa51c6a6
5256 b85504cf0b33b908
5257 2d01afd19f0b43b0
5258 48738c5b5846832b
5259 48ff06da178b7861
5260 b6cb3fdb5c73b0a8
5261 faa1efb1f4c3d5cc
5262 4abcd6b0f04148d6
5263 59839058861bed17
5264 227667425815ccf6
5265 84b240daf9038090
5266 cdfce6272a3bb202
5267 bab6cb64e0faf0fe
5268 620c3716e5d36065
5269 a1805ba4177c1566
5270 e0dd4b41eeda17b8
5271 53c957558fc7d3e5
5272 d91e5759e2afc2b1
5273 4106bbfd8f42e06a
5274 527d7bee9c025fd1
5275 5a2f3906ea6b6f21
5276 c9ec0714bc7ef8e5
5277 67f71737691f24c4
5278 a8ac759fac44fa52
5279 5b69e1cd6d9df375
5280 8b8ee2da65ecfc07
5281 7975131946436a3e
5282 21aa1fea72f8f476
5283 4b2e1451f2ff2bfa
5284 0ee8ad30026b9aac
5285 f8633210e7f5264d
5286 e1e0d2b16319cf8a
5287 975d152bf208e4f7
5288 5e114c86303761ff
5289 30f81eed5f7de6ad
5290 0f5739e3fe935467
5291 f791faae22a77a41
5292 153bd059ddffae43
5293 bfbccdab27896efd
5294 28d7f5b97f3282b4
5295 20e40449da7ebbdb
5296 14ab3e933b39e193
5297 788f7c80d0b479cf
5298 a1b284ffd3712bff
5299 587e0bbeb2b9fe7c
5300 6b2acd2d9c5157e5
5301 7f4f78da7db02d65
5302 c58eab0a3d18f99f
5303 0fb8aa971e0cd039
5304 280eed2a2357ad39
5305 913f84b83d995bd7
5306 b9d80ee83ba71d26
5307 f7c232998cae0423
5308 52c479f0a08f0f67
5309 006e8d2e5cda06df
5310 c544af6c2c9c1d53
5311 f3b93081200c64d6
5312 d142b81874830235
5313 ec720cd2112106fb
5314 2c31b566069cafdd
5315 a400d3577d6ccd3b
5316 bfa2c1fad22ac08c
5317 a37e70e5091b7f53
5318 64d6f2d0f729b11b
5319 bf022ccc36a8ae32
5320 4f441266c4e51eff
5321 7379e75b16bce1d1
5322 d2198af24061aae2
5323 56a661a28ef33baa
5324 a7c7713a1fea0be6
5325 c16afdb41a669161
5326 fa4486f3da94123b
5327 8dbe556caf0e3e66
5328 3eb0e2811379fa64
5329 1c4a38e0c3e03a87
5330 55a70900508a9dff
5331 efb9ab6a62b17057
5332 3a517d8b25bd57fb
5333 5f23599af3e67a29
5334 3add96358edfa661
5335 d0df81acf7e41e3e
5336 66d01724180e9eca
5337 72130dc5c8584602
5338 e32b63fe7a9ec76e
5339 9fb4c6842a67eb22
5340 f629c5aeb14d16c4
5341 f074851632bebb6e
5342 89ad196fba78d131
5343 a83dcf8780c04ea2
5344 a8827b5df5f344fc
5345 0a7fcc46f10a595c
5346 95d598144841ad13
5347 d8e21c395af182d1
5348 05fe36557ab8000f
5349 7b2dccde6d45d3b2
5350 7df567508817b7d4
5351 b557918b0f84f9b0
5352 bbba8ffd5e51621e
5353 7be6a3a29c5129c0
5354 a639ed799f9f14d5
5355 802565436a9afa42
5356 3ab913e0405c7388
5357 20715da5aacb4428
5358 b6a963d54e16a5a0
5359 df20fd335d3a0fd4
5360 ecae5c4df3288a50
5361 8eed9df1081f192c
5362 e98d4986a4cb4b12
5363 93e3194da87fe21c
5364 d45e133456ae18a5
5365 853985c9d5ed8eb8
5366 45b046fb4b07f07a
5367 88fb442bb1667177
5368 a9bfb3848c780e10
5369 392d813aecb305d8
5370 b3a7c29e81bb91a1
5371 8c3d9ab56277998b
5372 72610ed3bf4efd94
5373 75d7b1f25c59312c
5374 cbe280befff1952a
5375 7b6df473f8616333
5376 627fb3436c4b33cf
5377 da0fa047893c4c88
5378 e0b9ae67b6c41e7a
5379 93833498aedceed8
5380 aeaa733127fa0ed8
5381 5c3a02fe5ea032ca
5382 eb00ed71e8c6eada
5383 081cb6cb7f05c783
5384 55a1caffe89866d7
5385 caffeb9f0945f7ec
5386 ba65a1f1ca0f3e6d
5387 0f5a34f4be2dd4f1
5388 40e40dfe50767ec5
5389 fa82ce5483899f83
5390 4f038a43c623b41c
5391 661283293af0a507
5392 a3831a1493100f2d
5393 98ca624db4728d53
5394 37fd1ef0188dda70
5395 a5e7044938cf9da0
5396 73f5779863c6015e
5397 14bfb0da8016d225
5398 9b2f2bc939c72896
5399 3426295f1ba5c6c5
5400 e0b348fba54b2069
5401 158299a6fb1a2383
5402 d50acfa97425c5cc
5403 8dc7f567866fbfc7
5404 e6f11fe9eba59ced
5405 8ea3ec0849fa8dff
5406 18504a13d0fbeaaf
5407 0eafeb386b215667
5408 bf9052aa143fe6b7
5409 607eceaeb65f8ebb
5410 d332fd255e88da0b
5411 50890a5a6c38e089
5412 9ab12be924993cdb
5413 401c3dce44c03100
5414 d0386a4a01b93096
5415 108ac419c06b3e7d
5416 3d5e0b76b09b331a
5417 7e3df02437379cc0
5418 b49e11c71ebfb9ef
5419 95708d5a3350a7ad
5420 d70d8e674014f26e
5421 3620e6de469fe19a
5422 8a078682bdd10cf2
5423 c96c549fda97fdf7
5424 93e50563b97dc6be
5425 b0d6c207d51dd06c
5426 9203bac7afd6339e
5427 582d6c9beba20010
5428 ea3a8459ce4a3f9c
5429 7ff4e98bf506052a
5430 091e332edd284b1e
5431 9cdfd9d3f012c3e3
5432 205ee685d065e509
5433 03ba52d9bdf63aea
5434 54b7659ca67b9d23
5435 9190af7504e78f77
5436 8b88b86c025c538f
5437 d9202261908d7254
5438 9b849002a4268752
5439 f6b601cbf300c09f
5440 f9ef962f085d8ab1
5441 c6f001fc27659479
5442 5ca9306bed1eeb38
5443 0956ddf53ea0a1ac
5444 ba80d0016619adc8
5445 2e2bc7454b8092ce
5446 3ead486d1d8b2fbe
5447 ecfdf1adb353fe49
5448 b1a8b19c427dd2e1
5449 8d3067465d36a105
5450 f4df2e6b7e931be9
5451 8e85e9b867fbac81
5452 78228db372c0a87f
5453 f22df14dac996b01
5454 80a56f9c51344d13
5455 4a29db06b2ef8059
5456 d45bc190df3cc17b
5457 b6e6ad6fc4e67acb
5458 9d9ecea2d8a80ca5
5459 f8affdc3a9baadfc
5460 4421b2755857bcc2
5461 b8ea145dc93aa1a9
5462 d19722a963377807
5463 060cad3db0c13be3
5464 a043cd689da635e1
5465 ff3c34c0b5b289f3
5466 7a35256bda5c74e4
5467 75d4bbf5463c0ede
5468 a9bdaadbaed34165
5469 ebe99dc44ebcd341
5470 97ac74f2d85c69e9
5471 a18ed3182bded5f6
5472 df8a03542be8f88d
5473 cf607ce0f9d215a5
5474 26c39be2e82ff54f
5475 ea45099e50e736f3
5476 075b4e05202d373e
5477 7cbfe7a1277451a9
5478 5d55331c6c2e21d7
5479 3e4e2382b59de096
5480 510fb12eebe7a4a0
5481 b3e2e95fe20d8451
5482 9d18b872d2f39e6a
5483 4dd352da280b9e40
5484 9f45ca017be09508
5485 37c247246dcb9009
5486 c3a19e037f99af67
5487 a36da4e0eca9150a
5488 8a1895fa48bb4846
5489 af73253288a883b1
5490 4acfc614f0e8dfff
5491 09a5b234265ef863
5492 433bab4d2f2d464d
5493 f24eceeae4b04568
5494 d898ad9e412438dd
5495 f208a67aa31f30b0
5496 d60bd3f310a20840
5497 f1f765ba1b7189ec
5498 e744ed099c508d48
5499 dd2c25d5f4d694d8
5500 3c04bd35ccd588dc
5501 f6f893e58d78f1e6
5502 86d1a180e2303f0f
5503 9b913afbcc1bfc20
5504 09b1ea7d25d69b62
5505 c80c5fc5ce4c7d40
5506 ca8ab603341a0678
5507 e603d957c8c66cd7
5508 8be3e718c960c715
5509 8976a2c32e099406
5510 4794440531b7fb8e
5511 562ed148321e4812
5512 fc88704a35d9feb6
5513 fd40e2af343354cc
5514 7fb0c781c96a6625
5515 ff75a5d0b446f3da
5516 89d1f06fbc816d3c
5517 5e24fda31d9fa1aa
5518 bf210d079f0af912
5519 1a60532f59c83cb1
5520 c36556bb941b29ac
5521 206389ff7c6a50f0
5522 cd4fbd5175548d98
5523 98d3ac9503b9f0a2
5524 4d13a984ec1ca58d
5525 df1296968c2435e0
5526 1d6eb8e636c71800
5527 77464af8690f349b
5528 8c43caf7f95c2d68
5529 ccb5cc58bc146812
5530 5b971ad3a5f0bfb7
5531 c5c0b42a271cec05
5532 bc0d3a47061f1243
5533 86ccfbb07eb4a9a6
5534 14ce23181821537a
5535 8cbd7d49cb794e92
5536 8fb090d09305a6ae
5537 32843d4841a3f8df
5538 e392a943a84aab65
5539 82ca2c5e5eda4dab
5540 b53b05794e0a1e07
5541 b21dfdc0de7124c7
5542 5d73aa1356e4934f
5543 3cee2dd9ee8df870
5544 a1d300fe05ad8b66
5545 73d3207804c674ca
5546 8e6cd2f64825b1ba
5547 908b12830b2475b6
5548 da11d2a76488c43a
5549 fa79f128c4b5eb8e
5550 b29bb24cf466179b
5551 75f021f4bf65a92e
5552 b2a02ff6da60538c
5553 7490348d7928ad0e
5554 3cd76b01ea83b68b
5555 d8cf64fa5568d9ff
5556 b9f87f834ddae22d
5557 8d26515788f8ac5b
5558 3f6df4565c2fae91
5559 2358419e58297508
5560 303a1e9083303a92
5561 0402bbfc1525346a
5562 17e041b686399d9c
5563 de2e557dbd7d403f
5564 aea8201e33ece00b
5565 fa7bf4f4cd04cb27
5566 75ee8b11309b838b
5567 76e28f409e780fbc
5568 1cee1dde06a0214a
5569 196a5f758826963a
5570 350306424ebfee1e
5571 a6f6bd381326cba6
5572 5f1a58382e61808d
5573 05d3c7eda02e4bbb
5574 f7ecb61a4491e84b
5575 0f1c28d4adfff8db
5576 aa13fb1b9cb2b636
5577 60356d1d6a08c90a
5578 f447fc2451260e18
5579 fdbe0883ac40a504
5580 495290b740292737
5581 03a703e58fa514cd
5582 c9a23cc04003616f
5583 b1c2d238df3e07e1
5584 27db9038673718d5
5585 34e8acf8a6a93b26
5586 ed443a20fa8ce2f8
5587 fa49b0a8b800014a
5588 264b9d86acae8d94
5589 58b93ad9b03e1038
5590 cb29f5a7033f6c51
5591 b6183f71ad191b0f
5592 21bf3860f52443f5
5593 b1ed1dac62963b00
5594 d8ab97b09a7e17a6
5595 5332120765ce878a
5596 1df49c115d303ca4
5597 fd8921b7d5c10b72
5598 af87ea5bf0d62623
5599 164c035ad31e98b3
5600 4a233dd53b9a4cab
5601 0606af6066003efd
5602 343579d63a6f74f6
5603 3797218db98b127e
5604 293dbd70aaa80f2a
5605 b2d3f0dc5a934762
5606 d98f6fbce8e93c1d
5607 72a1fbc7c1ac4dbf
5608 d371b7aa565c795b
5609 6272eba8055c6c7b
5610 e08a2776b0498987
5611 f5c67eb3b00746fa
5612 c39af14390f0187c
5613 8d2108b54ecd29a8
5614 f1af1a63742c4888
5615 9aec2d07db674d4d
5616 d752ef1abbd5424b
5617 6518743264100fa5
5618 0e60f16f0953d879
5619 41c87b522b52ffce
5620 43b3a08559229090
5621 a3217780e18f7942
5622 2fefe3c303b84d0c
5623 6f9a1e54d518a900
5624 6b7fb4ac3e36c95f
5625 bce66097c0f628c9
5626 5cb596fb69c7a963
5627 b972de6fadc2d069
5628 96ef9bb59c5e62b0
5629 ff2bbed1ebd1c3c8
5630 a6129a3a11939db2
5631 b47d1028bb99332c
5632 c6af423b796fc93d
5633 15035c309a35f83d
5634 292a96a5712d2031
5635 7daf219d77c70dcf
5636 3d461a0f9459ee35
5637 57f5841f79f12840
5638 808e664a556840e8
5639 fe926e186ad88e04
5640 15d929f6ed320d16
5641 f7f35aad1468e11d
5642 5ce4b307117d0469
5643 0f2a76efd9879b3d
5644 e1c9ef601ea4e7cd
5645 951065e321510952
5646 0a444590b423f988
5647 dd37e1bc70b84970
5648 bf2888cd245ca41c
5649 0e16cc4a5707c44c
5650 89f5c76840335ac7
5651 a63e174126022385
5652 eb78b11eacde8441
5653 562bff1c076bc541
5654 34dd2bf7cbace8ec
5655 5aae20aecb491572
5656 7c98590c07ae9630
5657 4e546ec83e8f2da8
5658 4ff3cb07a30784a7
5659 bf3fa033b2b577c5
5660 8545592f5eb06313
5661 43f7f9d0a1804331
5662 564144dd0fd56271
5663 01fd2a2af568efd0
5664 5fe607f7b5c47516
5665 c04e01ac57bf67f4
5666 7feff6f4ec37198a
5667 fe4599b8ec69cdf5
5668 c12e9f9ed2761715
5669 ac615d968c881657
5670 0cb18779d571be81
5671 1eca366f2a45b978
5672 2427dea55892bb94
5673 5577f9ab95d90e10
5674 bc34e7173e13ec46
5675 6b43623aa0406340
5676 0df83de4e88a9fd9
5677 5559184d54af86f1
5678 3bb5cbe403e2f2f1
5679 42f5ae34abca4a03
5680 eb330c8f633fde7e
5681 302bcd43e83cc19a
5682 330130a5a59049ca
5683 29d290ca5ffb109e
5684 fc7926e40dcf75b5
5685 04d8cecd56f52e37
5686 3b8877aca3ffbe43
5687 079cd9f14fc26c27
5688 2329b444731cb4ff
5689 ee00148eb7c5cd3c
5690 6bd0ad7bc4d2cab2
5691 2b4aa4d52ba1df52
5692 d6923f3074f393d2
5693 44d0c7457f4c6f5b
5694 b0b8f947ba14651d
5695 c4d0eb089b76b153
5696 80316df397bee6e7
5697 ce877cef0de1888e
5698 9efcd3b168941164
5699 beb35f9c7fdd79ea
5700 7f3005cf694da668
5701 f21d3843fc69eec0
5702 0772c69176633c1f
5703 f1ab3c90ac974a99
5704 4ff909a5e98c57f3
5705 6f1f57e85b97de95
5706 f21675b4e19c907a
5707 ea1d633210d06266
5708 fbf1a96de1951f58
5709 26987b24e0c5b0ae
5710 647a14f8c75e82df
5711 d3feee29963dc427
5712 7468aa75a23fe1c3
5713 2d11800da2b58809
5714 48cc01b5f123338d
5715 97ad419d38e75700
5716 77128ad2f68892ac
5717 ead810e9daf03588
5718 587ebbe9a36479d2
5719 7f0a3e16c9030be1
5720 a807881027a33bc5
5721 9a96d7c8285dc309
5722 077cdc9b6a5d9a45
5723 d3c6053189e85612
5724 62783aa1afa56290
5725 f18083448f45f660
5726 4c2a416187e17c70
5727 1c76118026f85b50
5728 195ff1279e15e1fb
5729 d47ed5c45c492b3d
5730 9d0f955d98cec10d
5731 1ca3ed8887a9c7c7
5732 9d60e74d96bc913a
5733 2d09d02738e2a2de
5734 052140634eb2eab3
5735 f171a2e8ad7a876a
5736 560d9a1490c7b0ed
5737 4cb8b1e16eafee7b
5738 c62ec29f20371691
5739 1aaf5c7341725123
5740 fb0b8316e99197db
5741 68a4d8924472f400
5742 c17ce8a559f3b0e2
5743 37b9fafac27b44e0
5744 94d1ef69080311aa
5745 0deb04210fa37485
5746 cf1eb90d58ebbf99
5747 73c0b99151e53af3
5748 57d4e4854d4a38c3
5749 351ee25b961de88e
5750 621bd71c456f5c16
5751 5f0b3227649de8a2
5752 429dfef47eb89064
5753 f0d1685bf0c39132
5754 159392abbe33835b
5755 44b345936734a04b
5756 6246d2ca372f45b7
5757 a05521b3b127a325
5758 3aa842b75d9151ea
5759 94154ca51b17d6f6
5760 de2e3ca7e8eb5092
5761 9b783fb461ad2dea
5762 07e97b221bfdc489
5763 7554933a4d2c3e07
5764 42b295cbd5bac0e7
5765 2966bd340a246fb5
5766 1df1185e4b762681
5767 f8e6a3a7094c8916
5768 58437087f8c1123c
5769 06c614f96b88f16c
5770 d0d12b46dac77b8c
5771 7d85c5822478a569
5772 571a7c9c8f77dcf7
5773 63558c821a37b665
5774 974c2dae132be215
5775 2323e95cfb851516
5776 36f595839d5eb55c
5777 99d1529603ea4632
5778 5fb31883850a09c4
5779 94f451d893714d68
5780 6703428b7265c6b7
5781 23054393e0b001dd
5782 aedb8b625a9009b5
5783 ed4146d94a42a09f
5784 846a35d8f800a9e8
5785 a207b0cf040fb484
5786 8b93c60993640612
5787 17a2f26ac6947024
5788 65763ae865888d0d
5789 f96f723b947e7759
5790 7f02e31220450071
5791 2d47e46d53b74153
5792 bdc9341e3e407799
5793 946b61e830efb794
5794 b7951c177430ece8
5795 ab73ac99f714af8c
5796 1d241cce5b4baf56
5797 d77fad762b850079
5798 07c3e89c4da3ed71
5799 174d0ff13d1f1c2b
5800 127e578f74c41413
5801 84cc8dc785d76510
5802 99c5f4455f470846
5803 1ea6378e8f0f3d0e
5804 86f32ba8b822602e
5805 1f3096f0debe6122
5806 1fe713beb5f93a85
5807 a8c42b39b3641ecb
5808 01544606e89ba327
5809 c37f3dc7b988bc4f
5810 3da14511ae13412e
5811 c4a57187d1f2e1a0
5812 34a9ce2009336e96
5813 34970a837cd29f16
5814 486a19478bd0f72d
5815 455e37285267f783
5816 afdfc06ac9c889ef
5817 06ae4f33f09cea45
5818 fafa27095491e921
5819 d10944252daacfde
5820 abc18aae331fd224
5821 03068c84b8b9445a
5822 88a7aff74e05a8ea
5823 56ef633f62ba0315
5824 1d0bc66b79d4379d
5825 5bfd22485330a1e3
5826 3d700267a334577d
5827 a641b402ca9ec854
5828 2440caaf714eb4b0
5829 d4572b28ad7a0ab8
5830 fa2f834519704c2a
5831 ba7bc72a2825225c
5832 cfdd307307cfac75
5833 128dd51d1b7f2b3b
5834 b5999d04daff331b
5835 c8b7063a50637089
5836 e8a77fe06736d2ce
5837 649c1b3f0f25d512
5838 af50f1f1f0514d02
5839 b6acb859e02121c2
5840 466094837a1538bd
5841 7c7da6ffa7eb327b
5842 df009c7006af0393
5843 13222650c4330ef7
5844 f61f48697983bb2b
5845 1f897c51d148a26f
5846 ce28158880f97951
5847 6a4e68881665b891
5848 ddb2f88033b0e751
5849 f4c6dde0e8a6d8fc
5850 74d77c0e54e72910
5851 83f81c22e292baba
5852 5bf714f1046157da
5853 a0b548b2f87e4645
5854 9822d672e57a9cbf
5855 9974045a483fb8d1
5856 9b8746eef9f9c4c3
5857 96005281ff96786f
5858 c16f56b832c0d700
5859 e715d9efe78e7742
5860 708306b9040006fc
5861 387cbfe5e5d32b6e
5862 13308a55f05cb181
5863 ff1dd7a8d131d789
5864 709c322992d681a3
5865 e9540d0d13747575
5866 6a70f7ad7ab747e0
5867 4e5bf3d4afc56c8e
5868 44fc6b8702d3f5c6
5869 222128923512a84c
5870 4637d986e6234b9a
5871 875eabdfa2a4b647
5872 21e0bd4a7c62085f
5873 74735789657426cf
5874 cf5956e3123c43e1
5875 3a8c9cbd34f23d7a
5876 30c6d5ebb8a9f222
5877 8171c98497f25886
5878 7697b25edb02bcae
5879 76a405f362f5512b
5880 86aa6611528934dd
5881 46607b6fe0486ca5
5882 4f3588b527439d01
5883 6737d7d725fec99d
5884 363d2db5825029d4
5885 cbe496b47ae167fa
5886 ded8e947a6e560e6
5887 9cbfb7c68b9457f2
5888 f6195ce59fbfb297
5889 d43fbb794429aa71
5890 554cbc0b0d368403
5891 631eb3bc667f29bb
5892 0532f29e0e76c408
5893 9111f6bdde98f2e2
5894 1d409f4c8ac8831c
5895 09fd971626d6e7d2
5896 71478e96bd47bef2
5897 059bc230cf991a95
5898 a4a633a4fd3df073
5899 d6116fc95db0ff05
5900 f4f0192fcf1db073
5901 47490444bd4a4ebe
5902 3457fe8576698e36
5903 12aef40c8a06a9fc
5904 2d4d3b2fc0cbf852
5905 6ae936f2345bad77
5906 1daed9753b26d097
5907 9137d684c57fb443
5908 15e6dce27ea48311
5909 9808c2aea74186ff
5910 3696ec258d48c6d8
5911 82e397ec2bc28138
5912 5ba795026bb90a2c
5913 83ebb59e15960dca
5914 0fbd792fce84e58d
5915 3cf4ef0174636585
5916 9b48df415357a315
5917 c83fda0e7f00f179
5918 5451c1bf33483cec
5919 121337956f303aea
5920 b7c9731855d6e42a
5921 ad1d41ed3ed912b6
5922 c7e3910cc4e12a4e
5923 b8a97394f8cf2fd9
5924 9660d9fbccba5307
5925 2988f8d338ae6e2c
5926 8b5399c66be5b494
5927 5dd612b40adb4339
5928 8f0af14912b43057
5929 3116633504014a49
5930 7450270f35513715
5931 327c711888013b22
5932 72eaf6541947977c
5933 31f091ef8613995a
5934 dd460081ed39ebe0
5935 3a3e8e1589b020d8
5936 9b12fbc457dc2f19
5937 d40324b31e6a1113
5938 fb8b86ba265a74b9
5939 4e9c39a026790767
5940 c22221faf13acc54
5941 169693deb6148e5c
5942 b77b47103d496626
5943 6f78d5a11533a678
5944 5771c075fb6fb8c9
5945 42a02faab2cb3175
5946 8a2edc8ba856e161
5947 0091784e9a97780f
5948 0e9c30406d1189e5
5949 d62bc05a475e6eb8
5950 467908184a5fa064
5951 472bc3daf38a8a74
5952 cd6b866811aaea2a
5953 11d54527ca31214b
5954 cd564927c9e1863f
5955 79f19e37830d857f
5956 a0f596c6224b1aff
5957 cbc3582e342182c8
5958 c4806712f91109fa
5959 834e3cb98a3b717e
5960 d93e490267cd481e
5961 7ccee32ce0381b6e
5962 c93b6dffb0d7d87d
5963 e1e786d653c9b427
5964 264f4df69756670f
5965 fb642c4f84a8aca3
5966 26acc1b427709872
5967 ee51c7456919bc04
5968 72e00db7c65ed086
5969 25210d5af5c2fc26
5970 c832a285542d6ec3
5971 53e4a7f99c5f862d
5972 0f37011c1fd31493
5973 2e7f8331eed9d525
5974 96ac721767c940fd
5975 5ca7c8efaa93d19e
5976 e3ff751bff03cbe0
5977 53ff1600637c0fd6
5978 e919e65d32b4f6fc
5979 04897c4b3b576d5f
5980 00fdb1d5ec7cfd7f
5981 399d97b1353894f9
5982 587ba6444a15be83
5983 ed73034e3f8ab842
5984 89e5122552537e96
5985 14717a2c6daf734e
5986 18fff3ba9b825f98
5987 c3d44b09bd86b0f0
5988 49d64d16b35953a1
5989 f81c4d7967455b41
5990 049bd590e4c7c697
5991 d396ef26f14a0069
5992 ff9e8cc3d0bc7852
5993 09ab1146a31d1452
5994 e22b9a7dca972ee6
5995 143187909d6e9526
5996 8854dc1c46832985
5997 f6782b6ebc39dc8f
5998 0443aaf0dc39c313
5999 63e5bc704e775c99
6000 a2ee2d8963d4df35
6001 dad6fbd8a7978196
6002 be47ed401ca096d0
6003 5e104264a0dfb358
6004 743f203e416b4606
6005 bd735a9b4b62fabb
6006 cc7d9cc29c661c75
6007 017457d6f65d8b87
6008 e7cf73bee8fb3327
6009 d0bad12522e769b0
6010 90565ee7808134b2
6011 c062b3ed8059ce3c
6012 c740235347bd8fde
6013 7f04ff3ab1e8cd1e
6014 09812b8833a259e5
6015 14b41d051b4331b7
6016 a53baba879078359
6017 2c0e90c25cabd603
6018 a689cf1f6c0c93f8
6019 6196775f276ac5a0
6020 8376ce2aef52361a
6021 ffb8cf11f43fb6d6
6022 79b931640c53525b
6023 9c9b7fc67d1c8b50
6024 9c3c63c7e49f5531
6025 8cf20ec4a8b0a1e7
6026 dd1b2dad4401be45
6027 d468fd824d18b9d0
6028 6f0c8dc01f627904
6029 0fe55e220f956dec
6030 566fc934fae27a4a
6031 9001d05d6b81e1d5
6032 916b6eaf1969463d
6033 ad09fbbc56c0c091
6034 85a1e160d4be55b9
6035 fd4ec9144a34892a
6036 a829c287d302da94
6037 03d2fdf325c8dd20
6038 2c7bd37489beaab2
6039 d97fcc14cbbed002
6040 1714a4506d220c65
6041 1bb4053f82fd3527
6042 886e3ab50c6814bb
6043 8d12f1e35135484f
6044 b8484c91ed0fe576
6045 1e11c8a93ffb257c
6046 e149befd04bbfe5a
6047 7465fb27ead435be
6048 7db3c0636d761a5d
6049 0757d262e6100b17
6050 560e53ec4ff32579
6051 e87a82b14a0b2dd7
6052 858a52ea5d447d6f
6053 744f5679421f2604
6054 94e813b274e4f082
6055 e9ebb3fba66d455e
6056 1fed0ca823808794
6057 6437e0d2727d7b5f
6058 097581c6dd80a70f
6059 a5edbe01e0ac20cd
6060 bd08a97594718dcb
6061 a4850893f6e834fe
6062 3ed1d9ec659f17f6
6063 06f4a914b986d9d2
6064 285654d352f77c38
6065 f752a0367101779e
6066 d4f8f9e3aac73ce7
6067 d0dc58f048df147b
6068 a7295e60a8d57e93
6069 64e23bc6383c0231
6070 cea97e89a534ad02
6071 868dfa33dd534222
6072 cc77d0427e2f006c
6073 ae9e23b67f2cf650
6074 8f4b788482067933
6075 c66ecf448acc3655
6076 b8a37eee6d84ad79
6077 03e23d98cc07fa79
6078 b9eea170b4738b25
6079 8b046c1096c95bda
6080 90ebde829345c3fc
6081 8913d4f6218899a4
6082 11a87f258bc2d5b4
6083 fffccf31e98897bd
6084 741a5bc76472797f
6085 dd2cbb4e8dd801bd
6086 78f7f9982ad0bfed
6087 811fc94f3637ef2b
6088 1ace2f986dc88fd9
6089 dce0b71e69ce3159
6090 233823d86d768e2b
6091 c9388fd2be00abbb
6092 e153236147958538
6093 ed54a667d55d5ada
6094 81a91cb687d2aaa8
6095 bbc7084481458e06
6096 b3942a21f685f511
6097 ff02a78027333bb5
6098 d87ab94a7fc5ba0b
6099 07f476b7514583c9
6100 967a9cd7dde811b8
6101 fa80e013a9008cc0
6102 44844adb3c172718
6103 adeebe8c631be3ca
6104 5ea7d178e7e92c4c
6105 bc1283c2ffae6d75
6106 c1bcf285b898c02b
6107 ee274179158b9ceb
6108 dab76954100e42fd
6109 1a46ca9ddd78e126
6110 4f97a6b0540181be
6111 7b49e27cf1e49dfa
6112 886f5fdc88fb8d6e
6113 2ad884cba02b8c4d
6114 b0456deac6c7e4bf
6115 e9a96bf8b8036f9b
6116 bb6c2a766594891b
6117 de97f7a3b25a27b7
6118 badbf4cee76775dc
6119 849ef9aea5a7de02
6120 3cad1268dfdb3fac
6121 903afe7a539b81e8
6122 60325eec694bd52d
6123 952cb35577da7ab1
6124 bb67f6a5e95d09ff
6125 985abf8872e71cff
6126 af10c543a76e5d74
6127 37e5e56db06c70b2
6128 a04476a01e52b884
6129 a24cf43a330da91e
6130 83f1033e7b5e8ab6
6131 04953c90a38f3f49
6132 1a66754eb40ef477
6133 62eab2d315d095b9
6134 d8d009d1023f4913
6135 9d63710b50ceff00
6136 cca0e444a2d46a14
6137 b8a12d25bdeaf2a6
6138 8cec64292cd48f10
6139 a87dccc8d86de921
6140 5f05a8f1c6f99a8f
6141 d4ab27e96122735b
6142 fd323dc016b69cb9
6143 3b62d43cb9a4ded7
6144 364fcea03382a542
6145 992e31cb65405576
6146 7a25b84d4537fbfa
6147 bc60809fec174040
6148 7771e6741558de9b
6149 8b0b1ec5f5ca6cc7
6150 e422270f91fe610f
6151 5a49f1c033b109f3
6152 3d9258dc6365b0f0
6153 951103e518a5dcea
6154 edad8b4d0eb9436a
6155 22db17204a4f4b0a
6156 8e4644317d9f293e
6157 eb8916998e39e0bf
6158 3269fed7a8ff0e75
6159 8e23b3524176afa5
6160 feb67051748def21
6161 0a6f94a2eae4d4e0
6162 7c8a15321b26b182
6163 6e7cfa62fb3963dc
6164 7089d81072189d1c
6165 0ed16039f52f477b
6166 2cde47a0e7168325
6167 7bf9a3d30371013f
6168 c49fec32c85faa12
6169 5cc4f77c962dffe7
6170 0345ba92ca520ef4
6171 b7d8b4ae234996b2
6172 b111f5cc0d313a80
6173 5203cb577fadd26a
6174 68066f8384949607
6175 e6affe298b189853
6176 94007404a122520b
6177 bd1d67d149196b79
6178 4046bf11f300b204
6179 f8cab1f65f65f5a0
6180 68344c91c76ace84
6181 a245422e39a44936
6182 8220cd9774efa840
6183 10cd746ccffe9ddd
6184 d3bef55435ffc9ad
6185 cab9e48d4ba8aacd
6186 20fe1fc9f7bb5713
6187 a4faea6d025796a8
6188 f28679dff3793898
6189 93719b5a2e1748d8
6190 b24e1d8f8239cb04
6191 ea979e612fb29361
6192 e199169acd75d10f
6193 2ae3217f912d622b
6194 d365dbb182ccac43
6195 6bc5bb4ef13038e7
6196 cdb8f473c5193a60
6197 bef7ee9386d5137a
6198 a249854669e642ca
6199 17546314c392c7d2
6200 c12f3865bfc5ffdb
6201 3f6ea2580fe47019
6202 6bf5eb8bba74d9c3
6203 8b20eed74f1cccc3
6204 1f90b0084571a2b8
6205 bf18f68f0ca35c8e
6206 497f7599e636c7ec
6207 2546777145f4ea76
6208 8d4d736beded3012
6209 2217934c8a585437
6210 a14fc4bd28d649d9
6211 e740d34739a4c43b
6212 4e64786d5e1c5e65
6213 085925b739b3a4ee
6214 377b2ddb825ed4e2
6215 98c6374d0e2a9d74
6216 213ff28d2e47613e
6217 bc69799b75585073
6218 12e29a7acbef54b7
6219 c7dba1693ba10baf
6220 89d2f7e6c757fee9
6221 7247125d8f1c5683
6222 8b7a6ef8aed0aefa
6223 e75d627f1d04ad5a
6224 0a91b6f9bc51a47e
6225 ed8b97d913391190
6226 3dce67b804882371
6227 d6418bf14761b659
6228 f60778e1c05cca45
6229 cccc7cfd88493009
6230 3e102e48206dbac6
6231 6324a46929966880
6232 fd2568a0f15c1a34
6233 6bbf76d5ed8aa918
6234 09d8f96936896110
6235 391c80a04889e157
6236 c93753f4525e160d
6237 a32df411a56fa089
6238 fa7deecdf1b7dbed
6239 40dea8bc9b4231f4
6240 832c3dbae5610fe2
6241 5c4bd24beb59e310
6242 250398ce20c414d4
6243 2dcc55f36289bce9
6244 4567514d2744ec5f
6245 dde98f9ab49c3e25
6246 59bc4dd58a473b37
6247 f1aea74bfb0100cb
6248 4a124db056ce9a6c
6249 aeaec0a2f0442c06
6250 96da0dab147d1dc0
6251 14d7aef1f4aa8dee
6252 8f0b238df4743c85
6253 973b79595d6f3bd5
6254 cbd85e9fa7264053
6255 ab6900f1db14a73d
6256 a6729ad8681a23f8
6257 e8ba4dcb23059bc0
6258 f96c4fa9c7bf22cc
6259 f613c98415c14b46
6260 3491679ab24fe2ce
6261 560b665c8b5b0107
6262 771b18af654ac597
6263 eb612c657f4a9833
6264 6e3adf134c7aba7d
6265 8a97c1531006883c
6266 c15d2c1fb9e39ca4
6267 cd762e40596b1124
6268 e15ace2b5a40efc8
6269 1249e3b7c868c13b
6270 c0f67bdb1ae599f9
6271 fd8282b6c4a738ad
6272 554e9da9e91b2521
6273 4d37479b2c102fa9
6274 9a5f53cc65e5c8b6
6275 8e6478eda3f5076c
6276 1bd13d4cfd8b49dc
6277 ed9aecdc4a13b87a
6278 b3a556c8eda0dcb3
6279 6a88c2073bcd83b0
6280 7e7c899dfd1d7aba
6281 4ffa08b3514e9786
6282 7835c5aeb5dc679d
6283 53a71a693081b0b7
6284 ac3977b856d05f85
6285 3d4dc2b04e48ddf7
6286 80d510958cbe04fb
6287 5e0d43825b6a3034
6288 612f32b6ac82b78e
6289 39377bf857aa4e88
6290 ee374fa1bb5df8d6
6291 c563a8960ae28f49
6292 3646ec0289a75a5d
6293 015c5f1b4c79776f
6294 599dc241fda5b783
6295 72c32e160f6bbc22
6296 04be9affbfb26b72
6297 6a50f005aec9b75e
6298 2abfcd235ce8d034
6299 88b168de68a1382a
6300 42ffc081d95b8e23
6301 81ce1ccafde6194f
6302 13a8eb387ca93b5b
6303 e0f70965c80db281
6304 d0b0df5d4001b966
6305 23640d5ff9eb7672
6306 8ea1e5850fd6f542
6307 d60714e56b68ced6
6308 7f3ca35ac69a5d61
6309 69f3925cf8c6205b
6310 fdb14d37c48bb4bb
6311 239e46125408132d
6312 e912fd291de01255
6313 90ef46645e4b22e0
6314 b642123051463d0a
6315 39c6e528b5f4a2ff
6316 082866d4501200cb
6317 6d39b16403ec1446
6318 eedebab5c1183808
6319 8af4be149913cf8e
6320 7cf5ef3bb998679e
6321 c23d0a719368b42d
6322 d0fd21cd9a0ca0ef
6323 400be6b9a29b65fd
6324 9598f3c41c2839e7
6325 25907c2eaec67aaf
6326 beb3d870c9459cc8
6327 b82b3fb2f73c84b2
6328 4ba8c1f56dfb82e6
6329 f727585c55492ae0
6330 28c41b7b739970af
6331 bdbcf8d0ef922047
6332 9772431581084511
6333 a7e6f65a8bef3c2f
6334 fb8e43dc6c44b68e
6335 652ca790fae50f36
6336 9a93febad3cdf21a
6337 75f2bb0ff4ad575d
6338 5e9480c96e9f40e3
6339 a61cdaf3525dd80a
6340 3a72312577e4d846
6341 2dfbf1373393f846
6342 8dff6ec9b3704b0d
6343 98baf923cc0d72d0
6344 9df66fc7078bc1bf
6345 750f60979ee47929
6346 78a27811f9d442b9
6347 78690cf3570b00b7
6348 c4f98608dd9f208f
6349 c9e197767ea9db9d
6350 a2504344176ce95b
6351 9f838c272d23221d
6352 dbb6423e5529041b
6353 fdae12790deab793
6354 e0bf91cdfe28656b
6355 ade9b26a6c1b004f
6356 21bbfcb97c1907ea
6357 c2de9753c22998f8
6358 081d509c60f92a61
6359 d812f54adfa145c3
6360 04545d0d99e1c1eb
6361 cc32a9650850ff75
6362 2c5368e70d6c83c9
6363 5a0f213e8b462998
6364 f5f1c87058a01b9a
6365 6b475ff1a88be897
6366 fd51f2cde93aa8bb
6367 10c9e3758d948fe7
6368 58b55ba3d8247358
6369 06df58dc5b3440d7
6370 bcb0a7ca7979afd7
6371 606f3c121148e29d
6372 79cf5cd2354c34f7
6373 ac85983cb242be5e
6374 3decb9c6ca02077b
6375 1033972975731d41
6376 c7bb23db0b484b50
6377 7723a7460a68d186
6378 1f75646437f47c0f
6379 f7baa6da70308e98
6380 42330986aee0b9ba
6381 341e75228b8dceaa
6382 6847303234054987
6383 67492b79fec63589
6384 669d03163da3b598
6385 a4e24329e44236ec
6386 721faf318f3bb78b
6387 af0433f2e9d7051d
6388 31a24f64ac743589
6389 159dadeb5b16068d
6390 14e31eee17694076
6391 01dc25344697d84b
6392 6858725dee55e782
6393 69c51d015e6d1d02
6394 c4a428266a483e5a
6395 2d8177d6d89fd794
6396 fff5a08ba4251e0a
6397 25b7185914daac2a
6398 006fb03e389f8328
6399 4b536f55660c7f39
6400 9940154e0abaf09e
6401 8858b760a68b7a30
6402 032e7de6dc9ee636
6403 b6558a0c4179e186
6404 0a34e85dc5f61b35
6405 4ff875b002290b97
6406 055b42316aaae548
6407 9534902a3d0414d0
6408 38e2a280a15face0
6409 46895a90b268f1ac
6410 2ce261aea10d6fc6
6411 9cb33ca01c6cc271
6412 678585728056c88e
6413 73b4d48e004f740e
6414 ed930c1a3a1157c0
6415 44b6bccc0fee4230
6416 8f9c9d9f3874611f
6417 9f79eafab9ca29aa
6418 65ee1fdf35b72eee
6419 972fd3a7908d24c2
6420 ff280232f226c0d4
6421 81ff010cfefed97f
6422 bddab51e479a7560
6423 3a1c83a883b5d8b2
6424 7c2736a1e08f8dd8
6425 110638c1c7a2ca37
6426 6475bff77a7b4009
6427 293a15bdfc56cff2
6428 793595cd780dc5ac
6429 106c67299eecb896
6430 21f781fe19c37065
6431 e0372fa68b523bc9
6432 dbee60c46325b640
6433 b2c2fceb6c990cd8
6434 b6b5b703cb505755
6435 06c930b125eb13b3
6436 ad370102e4f1ee11
6437 baf5e05dd90aef1d
6438 19c34619bc91fcbf
6439 adaa9675acf4ec77
6440 a92c21d4f753db26
6441 1a04e2357920a3b0
6442 76a6de3b3377d55a
6443 86a409dfda8d76e8
6444 55a3fb8c4b560500
6445 696fa4c7bd04f914
6446 933eec6b399374dc
6447 05d327e10b1844d3
6448 778d3deb6017008a
6449 645c4fc095e19a90
6450 f6cdf3a06d1e880a
6451 db17d04207486faf
6452 24308552029b5fab
6453 1cb75a72909eef67
6454 c0776e5c9783e67a
6455 5ff22dc33f24cdc6
6456 6a5b47563b262534
6457 4a468da6c7d54c0f
6458 6cf8f7933cf989b6
6459 3477fa4d476d30c3
6460 2ba77d056966e67e
6461 2ebff94e27af7f2c
6462 4256adc3f3828332
6463 cef7cab25d9ef71c
6464 66196729acd196f0
6465 b4272483a9d6dcea
6466 e3b8053e641c92fa
6467 6ce1b954b3587a02
6468 e1e1119038b8826e
6469 b04f9df4aaa90bb9
6470 d0c77c64bb7e050e
6471 0739d78c29e775b0
6472 a51b68dc1425e52b
6473 940897f0cbe8263a
6474 02af7f55673bdf70
6475 8aefb953f07b304b
6476 381248b5d5334a8d
6477 e92f2ad6d000ce90
6478 aef6e1a333a8883c
6479 12eb498b39c244f0
6480 3a4b0cb0ba5dfffb
6481 656844dd00d8c12f
6482 f77d4de4f2940bda
6483 86df8a17861394d0
6484 be41a2887aff1d9e
6485 3ea4f9f6aab86394
6486 1493b785f3152690
6487 5c85d4736b8574e6
6488 b1453fbefaac53d7
6489 64f1a772971ffc89
6490 463deaaa597dc66c
6491 d425b83a7af07f53
6492 fa4fa6aa52c78e3d
6493 d6d7d66054c02ab5
6494 0ceae10788ddd17d
6495 01f1cb590eeaedfe
6496 fc6ffc287f008d77
6497 fa89bc8eb10b8b47
6498 61160dae238f4f15
6499 748026630fb03100
6500 8d0240a5525746c4
6501 291367af4a40ac6c
6502 6e69edd37a2f7951
6503 389b0f0b79c433f8
6504 d4f0c4a86322e235
6505 e825c9ff6bd48fc5
6506 3a03fe5c537549f5
6507 bbcea30adde13834
6508 f66fdf4896d32a41
6509 934618574103b7d9
6510 124cba556ae44b92
6511 eab74a935b62d1a4
6512 84a2431b44d45e24
6513 bdd6f5a0ff36702e
6514 3a2114e2b02964f8
6515 251cfa21f3180ce0
6516 e5703f1876b8ade1
6517 97ca71eacaf5603b
6518 bff206c7099eea66
6519 e5c654053caf6406
6520 52879ccef3756e25
6521 7c204572b3ddf46e
6522 cc112427046d9f40
6523 537a45fad8f41401
6524 cd68d803459680f9
6525 ce4acc9ab3189138
6526 36fb7cf7e703230e
6527 6f727b1ed9b4d276
6528 5bdb60e664f0c3c9
6529 6e7ef9d1d7e546dc
6530 e1833f62b22070ee
6531 4372ffa50945fda6
6532 b64b00b7889f3cf0
6533 c8733851e66d52e4
6534 8477f0bf16010328
6535 1007b7717b00754a
6536 c437ae42a81007ed
6537 ba8135ea5838f1ff
6538 8f01f87bf4c03558
6539 43dc9d949c4ec19d
6540 5cc8f49be368ae17
6541 b357d229824c9995
6542 1becf22939f7d9f0
6543 f11dbea616430b3c
6544 fa34eccd9fef154d
6545 2e9bd1010036b9a9
6546 62927aa34f9e0819
6547 e585fdb4fd7e80de
6548 9e13ac5f2497ea7c
6549 89f545a9b0227740
6550 048d6fc34d9e305d
6551 12f149f0c2dd0f5a
6552 4417029b7f48da27
6553 c91a14f0bd624a65
6554 9374ac9eee4c1365
6555 df9ca9eec0a840d9
6556 e443418627ca02fd
6557 2008f230a2070019
6558 6e60393484510b5d
6559 6603735a7a10cf1f
6560 9182cd5d8cb2714d
6561 eca56b25bd782d37
6562 0fe026bd33b48a51
6563 742ae9ec531e3b17
6564 92e3de02fd9c9ffc
6565 ee35070676e8465c
6566 3e3928c1d5a9562f
6567 3fb286d9cf0ca5cd
6568 58904645263d5488
6569 8668c5f300b1a240
6570 402204157749d7ac
6571 ed82a1a8a18691df
6572 6e562b447cad798b
6573 0f732982e30a8d40
6574 451ecbbe2b5c139a
6575 ef1c5ba00d6adb58
6576 7b102f011d525a67
6577 76f83c4efc0cdf38
6578 38e9c8c0040adb8c
6579 28f6937a8ae697d4
6580 60bef731c37b454c
6581 6e4cdb17c3591e33
6582 1fed4cb0b42428fe
6583 407a518aac7015d8
6584 71ae13551299668d
6585 3ea86cc0978998f1
6586 e764591cc5871d36
6587 79f927083066520b
6588 9d65f177c97a5fbd
6589 c3844b105d0288fb
6590 dfc948d98dddcdf4
6591 fbbbab56ef1750f0
6592 1bd4edb56ad5748f
6593 cf3474301e377eef
6594 839efc90e9b1cee0
6595 2a09fedfc9dcdd32
6596 b0786b9d1ebaeeb0
6597 af4eda548215ce9e
6598 99c01fc087106ef3
6599 54295af130099466
6600 65ff1fdc853b5c4f
6601 711ab60bc0c40c07
6602 552c33737804eace
6603 514b65e92ac9cbc5
6604 fbc7a4c8ec0abfbb
6605 7a0a6942a7c11b77
6606 6836d2f9d883496f
6607 d6705c4446ba3e08
6608 4ae29420c5abe255
6609 1e3404af33b7ecd1
6610 14824c5821a4f50b
6611 4cb05ee5719964bd
6612 8f86dcbdf5c05a64
6613 aed98c74845df018
6614 d1d9a2d82c680927
6615 03f01632315b7b53
6616 77e24d42b0b6f907
6617 ed136d8a8d6357c7
6618 e90eb49fc257b781
6619 4f5824a8d874bf9c
6620 2b65555a8fea56ad
6621 17ffd046464597cd
6622 f541e6603566760b
6623 8ddde605c0bced09
6624 17740adeb07c6310
6625 79e61669fdeff72f
6626 2ed709eaa7fcc821
6627 0289ff6b33ef33f5
6628 c9d8166446ab1e45
6629 fb7f5a3d9099b4d4
6630 4b3cc015396b3ea7
6631 99ef2db1f7d517e7
6632 e2cd01d8487c821c
6633 b6116a3ec92886cf
6634 8a11f09d1ea655b1
6635 ba081be5fea5b6cc
6636 e667a9e9aef4f730
6637 94523c6149377dae
6638 7c7e8caf7c4a8763
6639 70bae999f40cebb3
6640 56188c98aa46223c
6641 1bf2c2852acf55f6
6642 e858b8a6560d2fc1
6643 33607f405bf5dff5
6644 24970dcb798fb0ef
6645 5335690773f12ae5
6646 777052c6d1cfee3f
6647 e85bfd6a18e80149
6648 5f5b85e57023b296
6649 0b7efa0b6d528f20
6650 8f54bd86b8f36e76
6651 d086e98e9d99fbb0
6652 a5dbe36c29e08078
6653 794e8f4bd0688d02
6654 68d90de1cbe8459a
6655 7041f97a2783c937
6656 5977bc42536b6a7e
6657 a63f593539262162
6658 defd17804745e9d6
6659 7c23d192c5cda3d1
6660 1e15fc54361b74ef
6661 b28ebd81b8e62c47
6662 ade7c7dd1c5ce382
6663 36a6169a21bd6ae8
6664 f71e69b7b5954464
6665 4046a12a3687b946
6666 101b98c953b0491a
6667 def9edcb48476d9f
6668 c35fe0bf93aeb95c
6669 a3a0018c5c5b9e46
6670 d36f8d9a4d8bae86
6671 3bbce9ee6fc364a8
6672 0b30a12ca1229786
6673 61904fe2ea627df8
6674 5b956ef8f4dd700e
6675 a8be60ce431c3024
6676 8d49b193c6686ca4
6677 98f072bb2b1a6403
6678 4e42cac6d1f83cba
6679 031c07f2c1a67ad6
6680 b910c568df28f7b7
6681 0a77141dc7bad8d4
6682 59f52908da9733b4
6683 25803e6a5600006d
6684 d95209d3da0e3a75
6685 c70de88c095f8a82
6686 998c3eb37121c13a
6687 c9c7ae9ae6e2c2b8
6688 0e358ee73434dcfb
6689 4361047ee279f6e5
6690 0e1aaf70703d33b4
6691 2cc562e2f7b4ea2c
6692 609f44d4dd371344
6693 9f5d2e6d01169392
6694 ea4c2aa20cbab380
6695 497175f617676f6e
6696 2e7fdbe66ff2c791
6697 e6eefd2340f2bfb1
6698 8096f2942e41ecee
6699 3751da6575d3bc5d
6700 4eb77d57b61ce197
6701 5e61bf511621b3d9
6702 909ec3919da0ddaf
6703 a97528f8bf771318
6704 2e5f0b4a2af28da3
6705 490292f49dfd85bc
6706 d19294a2013d44ec
6707 13ddcbb29bd4682f
6708 9e6b01336bf2e869
6709 201cc4007a7bc4d3
6710 868601a087f4db00
6711 975aea97df74c499
6712 e22a5964ba6cdd44
6713 58a396d0681987f2
6714 7bc5290f24953c74
6715 e9e63ff0f21cc4bf
6716 c5cee7ae4be13a0a
6717 af4ff142b2d3d8ca
6718 4b0a4adb9b84ee56
6719 3a657893bdb09eb6
6720 fd8323fdba750aca
6721 c491ee8ddd85bb32
6722 698bb39a448a38ec
6723 af50d2c519f1a3aa
6724 9219e465e17acef3
6725 7554d454ac0f6a1f
6726 c59c4baab3669a82
6727 e3bd0de494e6675a
6728 8953316256c19ff7
6729 906ddadfcb8515b6
6730 75d847f81358e5f6
6731 b042754b39f6330f
6732 94335650ffd6e3af
6733 0ec84006909494b2
6734 7ee1bcc6c31ad52c
6735 65ef5977f68680ee
6736 c825d3a948b53a83
6737 5df58666cd25847e
6738 aa2009df89e00abc
6739 17c4df1e4efa535c
6740 f0cad9114f1971dc
6741 990dade2cca7f59c
6742 08ee918cef5ec6e0
6743 1b3f005358e1f330
6744 eb50e102ab0374df
6745 fe4cf31dddac0b53
6746 36c92d9633070699
6747 7de9a01216fe7d19
6748 c3ec2173c67e3fed
6749 83533006ff072543
6750 ddd0b879be14e8ca
6751 ccf77c10e521d222
6752 ab75840032eb56c1
6753 6295a88f473537e7
6754 1bf719597322c843
6755 d90136a0db5c01ee
6756 46731462699928f4
6757 e63c36ce578a69be
6758 1e06a0f59965a1bd
6759 6e3b5d27d48b72bc
6760 ef600e0884ae53e3
6761 68b915d2b29ddb85
6762 41f92c31af9cda23
6763 fcf10e29de60e82f
6764 ceed373e7a451ea5
6765 def9c9e963a4066b
6766 f2ca9e9b4ba470b3
6767 0a9f887fe63ec517
6768 fb54d7bb5cbd42cf
6769 f59674ffe02125d3
6770 15c6188d04d03523
6771 b1186b0044b5f299
6772 16b47ecad3e40ef4
6773 82d9b83ec3b13d40
6774 5b86fb76e43eacb3
6775 b7412d451d98ae21
6776 853ec10e63af65a9
6777 0b80a0982812802f
6778 40914da5438a6453
6779 4ac768ca32cc8208
6780 c3919a561f444756
6781 1b5233012157f717
6782 269a0b9d0c92874b
6783 ea0d0f41e8bf0481
6784 3295114c3597c614
6785 1c8a469ec29ec051
6786 54acc8b57b7865f7
6787 b5afbf0606d9867d
6788 f7a65c9e27437b95
6789 f6150cb55b4c6d80
6790 ec1cb5df7b83b65f
6791 810d7bdd2e2ef90b
6792 ee7d47043b224d22
6793 10f53b4d2c0d4c66
6794 ae52cf0f96b38a11
6795 6060c06903d006da
6796 80c9557e551f21c8
6797 07b5256672f9dd10
6798 35f8f4cc3b92df5d
6799 4be77fc5075c48ef
6800 4de05eb7dea80e94
6801 c007c2535c653f42
6802 8b8ae0899e76b9b7
6803 b6a50a3fcd9c74c3
6804 5d011c605948e5cf
6805 cbfbd96f5c96f551
6806 b8d170d660634c1e
6807 803e6d91b65ec815
6808 101a73b13cb3275e
6809 1bc5ef119d614102
6810 8331f02e687e3a50
6811 3bfaa66b050d8a7c
6812 43b8f416518af6fe
6813 3bbbdc346c2e36a8
6814 5d3e7926039ff38e
6815 8ad352bb1a960917
6816 58ae3cecdf27e118
6817 ce18d87550d6aee4
6818 334bf8bf4cc872a4
6819 cd94299b522b1988
6820 a56ed63bb26bae83
6821 05976145539528d5
6822 2a87f407841304a4
6823 24955e6f4a5f79a8
6824 9de504140a714aa6
6825 b76ec1b4cfd07748
6826 c85eb3e673bd2c16
6827 a05b9d7793420fc7
6828 f40ee835c093ba8b
6829 5244d417a61bb40b
6830 068ab9b8d7d67007
6831 547c7cb9f82e71a7
6832 91928ae472899ec2
6833 e0f2476ebd7b53b1
6834 2634b4dbdc4fd1b7
6835 cfa094be8cba9055
6836 93bd4f1ca28c8313
6837 13ef06c2734d2414
6838 3660053f32769a13
6839 ba88379b66fd3a4b
6840 434d195684bbc290
6841 ec95a80bcbc73275
6842 174662e5cc2bce05
6843 b26811ab8157dc16
6844 5da462932e9935ea
6845 fe3c451346bc72c2
6846 c32d9ffe0ee9e405
6847 0158e25920ad3387
6848 a2686f3c25768e16
6849 55ee8379d60f430c
6850 cf113477b3589f27
6851 8826b06ad38b626b
6852 36a66bbc292e4c33
6853 eb11fd2f7f28e8ab
6854 4e8e8e4f4bbaa53d
6855 00bc42d243a2b481
6856 4fa4c37189bb4dc6
6857 ccfda628c816be08
6858 6df23de8b5ca9668
6859 50e322fa4b51b1ca
6860 e555ae47de68055a
6861 418731e6c339ae48
6862 b3d193bcbe922032
6863 57ce86bb4f468431
6864 27d679c1901ee242
6865 0e5747b78da0cd80
6866 365f13834d0ff640
6867 27ae036b896f1d97
6868 90ab856f433c49c5
6869 3b5c96f29a6ea0b7
6870 03561b8d8e733aba
6871 56ba360dcedb8e74
6872 4f6061fa24ccc95c
6873 cff89f821074a62e
6874 ac609a0d40ca9ef2
6875 efbb837b5aa5745b
6876 852bd36b8e5d28d6
6877 c2c8e87c763b117c
6878 a0b099479e924100
6879 ce12133057dba288
6880 7bd2cf44a84cbf88
6881 c5f5965136c997f4
6882 2b3c1ad13df58760
6883 8618b4bc3ca9397e
6884 0526ed772de3c2e4
6885 17df49f9b7e96b9f
6886 28c6432aadd47d46
6887 28bf6248a72c348c
6888 8dedba4e82e11151
6889 3f08b6c698a4a83e
6890 f3e2d9d9167dde0e
6891 7b557984175db6fa
6892 52a441871da093fd
6893 25080165a74b5d60
6894 4c604b387d3c2900
6895 59afc44fc276c862
6896 5e12f28fd5f2d043
6897 f89ecb3648ed729b
6898 a02589b459ab8d58
6899 4db7676c8f96400e
6900 4cdeff192e1495a2
6901 f087498ec2abf7e2
6902 12a21c8cc50c77a8
6903 7e045df38db2c65c
6904 61da801871cc66d5
6905 c03ed00562691e8d
6906 29ee8d1629d40b3a
6907 28b182de2a2b38d7
6908 3e081d2e6536eac1
6909 819dfaa1c4721add
6910 0160ef3992eea55f
6911 b736ab8c1f814286
6912 6ddf91bd337fadad
6913 771dc5f06cdf09c3
6914 6c2b469349c91b81
6915 56bf7bf9e93eec36
6916 409714145205aada
6917 52f04b327b2ddf00
6918 1eea901306b8503f
6919 67c32cd0a8dc0260
6920 1590548da9b382bb
6921 a4391cb4fb88c00b
6922 f0f5449e78efb149
6923 d37267399cbf8222
6924 2ff2d027eeb66299
6925 7104df4f19df065d
6926 d993232cc0dda073
6927 fe31072d41527fdf
6928 cf7a95eea296fec5
6929 3984b7dc409ca8e9
6930 091cbc49e25768a5
6931 e5d252602740c31d
6932 2da661f2b706d506
6933 46afa3cc614c0bd0
6934 ebbd030b693ed88b
6935 68c3195033139849
6936 d3fbcb93fd138c16
6937 babd214cbb9b83a5
6938 6fa58b4fb5649243
6939 c22bc8833724de2c
6940 7ac8e1cec21c6a9e
6941 409ab4362e0eb719
6942 26902c45899fcdbb
6943 eef3b360df3a0f8f
6944 aaca51270cae3d3a
6945 cdef05328fe2958d
6946 f9f3a478a3fd787f
6947 e9558346282b72b9
6948 8649eacca7f94e3b
6949 3fdb79e10a990eef
6950 4f88bdcd98c696d1
6951 0fbc4ef8d4ac1d45
6952 2761cc49809e8f40
6953 0707e3f69c6ec14a
6954 3809e7e9b10337b5
6955 d302e38c5eb4578c
6956 43ede750d0650ab0
6957 471f42e7fb964660
6958 b8269f2539885d17
6959 e476a85dcf3fd67b
6960 00a4d6c573a7e89e
6961 59a7987ad63e5428
6962 7a7d4b218422d932
6963 206174421c3fd0a3
6964 fa6210b7ddaa2d37
6965 ad65a3f307f65a73
6966 0d4c2ccccd08b84e
6967 56a38e427e7171c7
6968 3c9c78667746e0dc
6969 b59616d9c9585ee8
6970 aaf453a5dc684dc4
6971 4f3091d64aa20774
6972 a1736112e38b7bc0
6973 ab1bc52b785a3efd
6974 918971294b0f51af
6975 e89c3060fb8562b1
6976 a4c94fb3c841aaad
6977 75e8cacccfb9285b
6978 837d3784afb560cb
6979 434a87297340ef0f
6980 b9d72351aa55603a
6981 853b9d38759b9768
6982 cdbf628317c840d3
6983 c27ce89e7015028d
6984 88367a1692e71539
6985 79f06ff973d1f8a7
6986 2ddb9a58371ee949
6987 8f80a9160f2c053a
6988 bcbcee9d7cff69a8
6989 4cd12ee0fd8151f9
6990 6d0ee460679210a5
6991 9e74e4874f59b45d
6992 06d1305b9263d59e
6993 bd124630f518d7b7
6994 41e173a16ec70917
6995 16a75b6ec0ac47c9
6996 c217c3c972632237
6997 9943777f6fdb758e
6998 630c585dc3000851
6999 81a5983f816f33a7
7000 31c92b76ca1bc52a
7001 faeb6aec65f4c00c
7002 8211668e42f8e7aa
7003 0b9230de46833381
7004 fb297678e2412b13
7005 0c0449a7cfa0993b
7006 890c34706950658e
7007 0697e1dff390ba14
7008 bdd656d0050e22ed
7009 db50da508274554d
7010 1f61cfc4024ec49c
7011 392b22531002a00e
7012 52f9f7ee953d84f2
7013 fd22d24df0ea27e2
7014 827bff1af41af2c7
7015 d13af1a6e16f1682
7016 0fab7aca988bcad3
7017 952e58bcd6860007
7018 ac9fd07c3bec76c7
7019 2ac4613efb745187
7020 3767826dc259548f
7021 2dfc74f8bc08612b
7022 3752529623f641f9
7023 bd4195d6f62273bc
7024 761553a7de8f77ab
7025 6f1917dc3ab0cc79
7026 e66ca593718aea63
7027 a252d14ee249d04b
7028 806d3ae286182652
7029 f740cca37424c198
7030 cbb1a4d4a62c46d1
7031 31abf8fcbec919d1
7032 1c3de4bc6d09ad39
7033 33c807c889a84bf5
7034 b846e1b52d9edbff
7035 a915ab744f58ca7e
7036 90d9f44c62cffb3b
7037 faff68972e4a511d
7038 a5015aa121d41543
7039 3bba2af651449ab7
7040 d04a46034e83dcb8
7041 025d68a9ef8dc9f1
7042 4c0381d857449abd
7043 d63f84047e597739
7044 8d26abbc0d3ebafb
7045 578d8946c9487f46
7046 303f4180cf7c4a07
7047 3409f587bcd80e35
7048 3c6d3acd1420b4f6
7049 f60715efc9470fdd
7050 37f64a06e80d8f37
7051 6ef05d021f3c8c3a
7052 0e7a10973d500274
7053 5cf86c10913a0b06
7054 497e55ba5eff6e97
7055 93e9e8bf88e69c3b
7056 76d51b09200a8d3a
7057 e5d9bab51b8557e2
7058 6e7f46718c2da77b
7059 056f91133879c361
7060 e6e773d2383b3e13
7061 308506ce0a2585f3
7062 1039320661d6751b
7063 13544206c8d056e7
7064 9f6222201100ef6e
7065 7b45f9df10ed2f30
7066 35e501d854a12040
7067 3c3205afbc3a404c
7068 c157731275ba4a34
7069 2767f870edb698a0
7070 4724988b36404bd8
7071 310f71ccea7b343d
7072 30463664c1aac5a0
7073 bde0c4d2a0e5f5b2
7074 abd211d4de8114f0
7075 6c7d161ae6f7f2b9
7076 a8aeeefdc26ab2a9
7077 dc53ae0f88447749
7078 35a0400556d080d2
7079 3458edb0f2a45114
7080 c51ff1a412c4770e
7081 87a77d9f61f9557a
7082 4b3420f4d710caaa
7083 b081a79d8d48b911
7084 4c959190ef53939c
7085 7df94001409203e2
7086 d4589ad614691450
7087 023e56c4fe763912
7088 9977615d682b6764
7089 e84b58331292df2e
7090 caecaa179af6fc16
7091 76be1049c03285aa
7092 aec52c7a1c3d435e
7093 00934be06a603489
7094 3f31e9211c769308
7095 b7e4224e93ed9161
7096 ea940ca783952dc0
7097 2d5ad1308c9438d9
7098 44b9bced5066157f
7099 2f65761d8a4cec56
7100 444ee48091a47f08
7101 231049a487fae261
7102 e00fdb6d56ebd449
7103 356048b435efd6ed
7104 7451fe6eb79532ee
7105 3b9efe83f29ed0e2
7106 e3be832d4433db1d
7107 e0cf6ffaff1d02ab
7108 1d573716b0dd78c9
7109 d779b6ab84dd1d97
7110 6e9f4198cebbc511
7111 c9174e3c4cbc79c7
7112 9e5acc12843db7ce
7113 d1ceaa7de9572c3a
7114 e56c26d4de1a7c17
7115 eea23b18a629d2ee
7116 93fc1ac88bc9ee64
7117 341706b3f14e96b8
7118 36555532b384f7cc
7119 9f37537cfb0696f7
7120 690702a81dd8e37a
7121 9e037c458a79f49a
7122 58440d2edaead4c4
7123 5cc1445bc02f8813
7124 fe662c01b73d4173
7125 0a37360447341837
7126 31ce8ee742820b0c
7127 2b3b47550b69d8dd
7128 31a47287c0f0df08
7129 4ed0f1195b5f24ac
7130 a6cb3e7376eddc42
7131 61607cf5177a1771
7132 4e45ca421f1461f0
7133 be70c50cd1b21f34
7134 30c60903dc5377b2
7135 5aa7233fb228ae7c
7136 319a5445b3d7e06c
7137 53cc1125b955658a
7138 4106ce997afd9b08
7139 04fc9525d717a5e0
7140 c081709d8b2350ff
7141 70f8bc0e450ca8e9
7142 46580c854868b542
7143 1af8a7e190df61d6
7144 708592a8f298ad61
7145 fef6997f3aad032e
7146 3184d0cfc69fe1c4
7147 47f0a2f9d2ae418c
7148 d21542b056fec684
7149 40d1fac5c591d241
7150 94110bf0acb9cb7d
7151 d2845edb9ab2f2e9
7152 82c1fcfefc1a29ea
7153 12bbea4ba651d337
7154 0918ad41b8f577b7
7155 05ca832dcf9fad67
7156 678e4c028e67c375
7157 e5ae00d8d64bb517
7158 3d18131511f6ec41
7159 f158766f7ce5e66b
7160 265881ca7b37eaf8
7161 2b5bdb5905f86d6e
7162 df4cea13d58eb815
7163 6b3148b755c00932
7164 f7e90fd3efcd1c9a
7165 59a8d05fff756a84
7166 127a4dd364839535
7167 a19c9910ab2735a9
7168 d83b63becf61e130
7169 e8e4cc1c4d8f09dc
7170 92c8f9c369a48db8
7171 030541039448053b
7172 1bd1821d2eb7c689
7173 c91ac3f7e15e4d51
7174 3139b002ffa7288d
7175 fc95f90970a380f8
7176 9ef63da8f21f09f2
7177 e8c1e66dd766e9ec
7178 652deed69173c1ac
7179 5c7a6b83c6849c5b
7180 87d9143146512d7a
7181 d0ca8f1bc61c58bb
7182 b417db7fa5e16f29
7183 16cd04828d310199
7184 a577486b35e7831a
7185 ba7144720da7a438
7186 e42cca12bfb4780a
7187 db0a925c96ac1804
7188 30fa8ebe75911df3
7189 786dceca35100f7f
7190 94d29994cd160c29
7191 c1c59396c2999b73
7192 c00a02a447a0906a
7193 f2c5e4aa9c36bb7a
7194 36407fee64823932
7195 e4c6d6e07af89c08
7196 ab7058096486b83e
7197 feb2a978eed65017
7198 094301b85b03b9c1
7199 fff22e31b3626741
7200 43a2005eb7fedd57
7201 2cecc150e4c16f64
7202 336f7db680ae8a1c
7203 73e017d5021429a8
7204 9f359568691d35bc
7205 ce0bf2f47dd22f5f
7206 494d9c3d4c5c701d
7207 39ee36fc00174d69
7208 13089ff62169a389
7209 c978cedd2217f345
7210 3ce2cf2ab84b8bd6
7211 a5e70f1d1df7ec98
7212 2a693d99ffbea944
7213 dc3e6905ba4636b4
7214 4959cf8797f4e4c5
7215 fabe4c62252b46d5
7216 69beec4275e5da77
7217 d3d117659640ecc3
7218 09da8ce3a0d89abc
7219 8841f48a210046be
7220 db95bfca306d8b7c
7221 9e1feebf6c651a42
7222 f7e80d41c1a5b366
7223 8e11fde62577f44d
7224 13a5923732c46f4f
7225 3084d76195b48f6d
7226 1c0096cf52443d63
7227 fcd56acc29537740
7228 1bae0ff8694d12fc
7229 ce2fa54c9e64c066
7230 f1990cae178c4458
7231 2027955993624229
7232 ba5e864b33d64ca7
7233 6e8b45a1fc34bb2b
7234 20ce5c6c92721fe9
7235 5c733dda19166517
7236 ccef05ed3fbc34a2
7237 8244e204af373056
7238 8a06699a2c847902
7239 853521576729f1ba
7240 ed0dacfb4638f009
7241 eb13060ce5ebfb31
7242 be10de3ef74966cd
7243 f7b79ffe4708aefd
7244 d7bdfd22a8a8ed7e
7245 aa073a3c9d2de23c
7246 c6d36c3b5ee6ea58
7247 36ba7509214dcb0c
7248 e144cf70d3f3df64
7249 1ec1e00e0a2c9be9
7250 db70b7bd8f9a8d3b
7251 744112678c4102b7
7252 5b2f04d81b79f477
7253 09f304821aadd87a
7254 bd39ddc1f26c1768
7255 e590ffee79c64396
7256 b645508296df4622
7257 1cc46ab371d634d5
7258 70884c4cd069116b
7259 85d40a162eed3a71
7260 f21bc61a373e4d37
7261 7c08d7340f6f630f
7262 76d51a9c95a9f434
7263 79f44aada4588a0a
7264 a3597970b006be38
7265 feca747311e0488a
7266 eb81898dd52927a3
7267 077502c5bc4754a3
7268 d8fc808e474d5281
7269 90ccd3c0dae92cdb
7270 1fc1236c87a875d6
7271 61c08923aa3c26c2
7272 fcd11d8edb4a11b6
7273 35b42a5765b8bc34
7274 770a7f3daf7f71c2
7275 557ba7067d60f677
7276 a2463bedd2d47e77
7277 3b267c6789b7441f
7278 dc442835a0067989
7279 bf0a179b0f6e723a
7280 1ec2bd21ccb813a2
7281 9ab72e8fc2a82b42
7282 4f53c997d4f75c26
7283 d12e577f8267c143
7284 8eedf613de4bb9ad
7285 5445aff8d8333089
7286 3279bcfa59c9e191
7287 04a9c9621b83ccdd
7288 f38f30517c6c3a22
7289 d3f8b516f00a7070
7290 f9e125e509a41959
7291 0c93d7eedc0a5021
7292 722abb47ea9e037c
7293 c4ce8fc6187c8eda
7294 b850fe886cf02fc0
7295 2eefa2ac2c2ecb60
7296 07ea5318b16a9007
7297 a82568ad98fe05a9
7298 689f7fb8b7f4031f
7299 3cb97e7daa3a2685
7300 75cb6b78fffdcff9
7301 989b2bdc7fd8b4f4
7302 af7be3fbd9e033da
7303 2d05dc36fd5911dc
7304 b4af358f2291cd9a
7305 7707006dfa7c0635
7306 437c07c80a054e29
7307 9774e14b068197e7
7308 586d57ec02f37c19
7309 82ce43c1c03d6c0c
7310 37c3cc909a63c914
7311 b36e324db69a8474
7312 a5006eea9f189caa
7313 ef6c5fab449d87e4
7314 7e3a33bd36339f85
7315 8786a7a622436ba1
7316 28f4f81c491eb30d
7317 e2091416724315db
7318 398b6ee90bac67e2
7319 624ea94a51f01d42
7320 46530a9d7d9ba7da
7321 75c7667639965ade
7322 4832c3a655c5a96d
7323 e7797516b01b5883
7324 993beadb58d43b7f
7325 dab218ab91f34684
7326 331fabdf6a9e0155
7327 a3b20f8da9b43708
7328 569b151098ebf61a
7329 c070ed7bdd18a7da
7330 a7219002815e4ba6
7331 9b5313d05c5c222f
7332 7501b9545fe40bcd
7333 0ea06611aa5a8227
7334 c37082eba64f4e47
7335 71e0d20a5037647a
7336 63f72d1c22a03344
7337 a49785b57b02254a
7338 70367e3a88f9cb50
7339 fb91c1cc98c45360
7340 062e85a6a5cb051f
7341 088400bf954658bd
7342 31bdf67967a68bbf
7343 ba4e5976eef201f9
7344 259cc5751be7d1d2
7345 49866bd476e23cde
7346 4b96458a1d9bf378
7347 6196a9fb25beac2a
7348 0fc26d2c860a39d7
7349 51cf6585d48bcbcf
7350 33769e30479d8e67
7351 c0c4fd008e01e855
7352 8e6d765394ff7191
7353 c5cf4aca9595e808
7354 3212fcfebd5888b8
7355 56ef6ca60c647858
7356 bcefc5358a8c34a6
7357 83eae02878459ec1
7358 a8cf4350d3965681
7359 51fb7f3aeba876bd
7360 7b5c6f505e925b21
7361 ee6902961f13df76
7362 91a4539d02221bbc
7363 42a812e0460fded0
7364 534fd40be94b56c8
7365 1ee8972ffb1a6e00
7366 7a444c73fccf82a3
7367 0f667bfa5069fc31
7368 58e7492738abaf61
7369 a093478207c181af
7370 a2915cbd07dd127e
7371 da242e8acd922254
7372 235d07252475e0a6
7373 4d8777c09432b06a
7374 5d6b144caf776699
7375 1993ac2f9940548b
7376 de24d46547b80a59
7377 1d8e2a9bf0cfdc2b
7378 78c3d176d9f4eaf7
7379 ebbf9b1b13893040
7380 fa79aefbf52aa44a
7381 5ad742c0176bb224
7382 bde24a4eddcfe09a
7383 a3e81925258bf96d
7384 8236842bfb1eeb41
7385 c8086a798b58c24b
7386 d5e096c3f67fb047
7387 f6e5f871c5aef4c6
7388 b2f24721a807e786
7389 e4fbe2eea8fc84ca
7390 4982942368991d18
7391 d04c85ec8be95c16
7392 95eba66a903de3b7
7393 7459a5c6cf99f363
7394 2e3e02276d8d25ef
7395 3fd330f02ac4d465
7396 a344a609173e7c9a
7397 85548e8bfc64666e
7398 1b899f9c98ddc13e
7399 b58b83936254076a
7400 9d905bcc11186d15
7401 f913c1bc742c6387
7402 f9e547f11efbd447
7403 2f8f63cc13501589
7404 5f6b4b498f8538f9
7405 c1ba0f2f33eadaf6
7406 5a92d212599cfef4
7407 deb125c4c3abe644
7408 d77df29f45dbbab8
7409 0dd4b61e19cd50d1
7410 386537343c381f9f
7411 b0cc4aa5b37bcae5
7412 74ababdb7d8943d1
7413 7cd969589a9cf9da
7414 8eb23ff16bdfb89c
7415 c02bde898b4fe29e
7416 bd5b8af50f0aafde
7417 3d5c78fb5f6e7eee
7418 812f0711c936f059
7419 216c4218126b1bc7
7420 d4af3f620b1cd4db
7421 6f869bb602b6abe9
7422 ec2101dc2567afb6
7423 08cac26ea2aa17ee
7424 a89bac5eb9b736c4
7425 c1848ca35d77ea3a
7426 b997159c8cb56edb
7427 89f573f1641ad387
7428 941973b160a942cb
7429 c73632c008d3c839
7430 d54594260048baef
7431 6bebb7670dbe4da6
7432 201023b9a9be29ae
7433 1139b74b441dc966
7434 02e115ee7e5a5468
7435 49daf3f0a163ad27
7436 a0d9adb35e5b821f
7437 670c7b6abd4458cd
7438 4e59702e31561b9d
7439 1e32a43c47b47fe2
7440 bca669c59daa072c
7441 6f4d6917b1d54864
7442 db6c940848b07750
7443 8dcbec65780f0188
7444 d3bf4803701ebb07
7445 2a23a70606cbccd1
7446 b57755bc4428d5ad
7447 b68aae8a452c6099
7448 1a2c8e31c1c70e18
7449 801e89312fd6e38a
7450 a34ff3e3d7cd459c
7451 793b4c7ac9c5c208
7452 6619b296a03a3753
7453 138c11f41d2e8971
7454 59a670c1d5ecae75
7455 c0c66216648a6dc3
7456 2b508f751f3bc79b
7457 93cea9a8bfd3dc78
7458 f83bcbcf9b0baee2
7459 be7a0189f4a518a4
7460 5842934127708d56
7461 b7eb0580eab9d98d
7462 caa2843fe03c8a95
7463 a2fdbac026e6a3a7
7464 4739341ca47b5821
7465 17e3e83be2d8ca78
7466 42b2c8d58da05a10
7467 da2245e2ced7ba24
7468 2fb25ba2d043c3d6
7469 36da451b3fa0df04
7470 7989ed656363447f
7471 c247df427154b799
7472 e7dfb9d9b1046eed
7473 9ffed1c085929cdb
7474 84b7989bec9c69d8
7475 9f23d6bec63b5e9c
7476 4f3d26afef56e6bc
7477 c2117f77f1195b94
7478 33c684af9ce41e43
7479 515ffbe54221b119
7480 0b0ea34bc5916e59
7481 366944af4b0e93fd
7482 8eda30d3eba298f5
7483 fe7bf01ae9f6f04e
7484 d55b56f3d5e677b4
7485 6291a091a72acc68
7486 dd7902a3dac446b0
7487 bce7bf85d3ebf3a9
7488 0d6c4360cc38a575
7489 ba2fd4e9c3f82227
7490 48fdb08f88456c7b
7491 f47c1d4db0059ce0
7492 5383d8dac332a0b2
7493 a1bd652c4b737e80
7494 ae4a0a412c230766
7495 92ed1990ad5d8166
7496 f6c4c5fecc35f801
7497 ce139e13d0774693
7498 7a95bc5c201e9b09
7499 26df80cbee27bbb3
7500 9184a517a8289858
7501 25b61fe4eae7a4f0
7502 6c715e4fe4bf52fe
7503 41960d4eb8259898
7504 f383fefdb8de1727
7505 f36cd32606218bb9
7506 83e6fefc0e7dc099
7507 67ddfa34823bf3fb
7508 eff7d0705e32fcf5
7509 39262073b4b9376c
7510 dc0de35366ff3274
7511 d350b8b3f1192000
7512 866062fa0d6f7cba
7513 34f17964130ccc95
7514 9a13944b3c703521
7515 73ba43e7b1452085
7516 b1380fb837f6ceed
7517 d31ab0c53462d20a
7518 c54df0f9ed8c49fc
7519 143388d31d4af774
7520 742a3b71fedcc17c
7521 1e2b0e4af86e8d50
7522 a27c97672473c035
7523 3057fdf2c4dbe937
7524 00dac3b07fbb089f
7525 4fe6bb6f8728f89b
7526 7718cc95a0d00c4e
7527 3a17bb48c58875e0
7528 b9b6503a14ce054a
7529 a30ede8cad8d471a
7530 243938032e9d6b8d
7531 ffb37e614efae953
7532 8375aff04d207f39
7533 7b82617e5af77f87
7534 5ca4241e7cb95eb7
7535 bcd2904cebc46104
7536 7c2118e988307c0a
7537 ef30f456482e7e98
7538 5b1073543934b5fa
7539 252c85b7b7dd08df
7540 a971c7e6077ac1f3
7541 1fe5ab3fb7cf4c75
7542 706dd7040b16560b
7543 f0082a7bd6b16d2a
7544 4ec14b32cecee87a
7545 13dbe2600da7eeb2
7546 2cf13f7d5177393c
7547 65b58924002f2ce2
7548 a00ad7a017a7bbeb
7549 273315d112245b93
7550 73393114609a6677
7551 de659ceecf9224c5
7552 b9ef6a12eaab5f42
7553 1adb38d6947f9f92
7554 8a9ed3030daad8da
7555 12402578d6242dd2
7556 186f49616a585ffb
7557 05acfe5391beff79
7558 abf4477cc29747e1
7559 d8df733ed9bfb871
7560 cc7a1a80532172cd
7561 4f06001f588b825a
7562 735790f0999b6f24
7563 0be4ed1e7f588230
7564 06486fb155ac14d4
7565 9bca923469cf8609
7566 13b25f9682798d27
7567 bb14110d6480abe9
7568 118b0824ee4a3619
7569 a89eeb405713631a
7570 2773b5e8a28f8c34
7571 95214975478ca17a
7572 d5b47754f8dc260c
7573 31e3504933edc684
7574 40e698195d65fd55
7575 6786b852bc1faffb
7576 538ca5fb27e84f79
7577 55c38c7aeacbbe7f
7578 71ae713576669b64
7579 33d24764aae5f2b4
7580 064eddfa32890baa
7581 0cd987b3feb902e3
7582 d82e45da4c92d502
7583 3ee61549c4dfb052
7584 3f64e6dfdb629892
7585 95e7756561de88bc
7586 8782c93d9a3d2aca
7587 95e03009fd465a93
7588 f79c824b223f2207
7589 799ec52684538ab3
7590 e71185409cd55ffd
7591 71551c2d8ccff8f4
7592 9103f119e8ba4694
7593 3d2099941f43dda2
7594 35786440790bbfae
7595 5b75877373ff4a81
7596 1f11cbd2d9304253
7597 a796a0751a1b13e3
7598 72718e4257bb4c5f
7599 c0188d38dd71b37f
7600 eb724cf41365342c
7601 5b10922f32a0c29e
7602 02328dbae75dbaa6
7603 2deddcdf2fd07f66
7604 0290e0621310da2f
7605 13f2dd7c2cc26509
7606 f93927d662427feb
7607 e1e3a59aab7cb233
7608 eb2792c9b7f13a42
7609 1cdb731ed4f8c2e4
7610 fccb27b8b1562c92
7611 89d57492efa3bd38
7612 f17703c4e6fd6ba4
7613 fdcee2eeed5cb02f
7614 eaa3993b7da676d6
7615 342195e57ea118d9
7616 5d282d95af43dcdb
7617 aa162f72197e1be8
7618 374ebe00db311f1c
7619 041ced3f6c5192c2
7620 dc68e6bda1778b90
7621 b7c3da192dfcf9b9
7622 e1f8c8f41681bdd5
7623 c5aec9d8fa1e4235
7624 4eb4c4af44e4e90b
7625 dfee21e6753c0b5f
7626 cfe5327162b54b52
7627 3be81f983e0cb02a
7628 0f18c266692eb812
7629 add10b32dbe1e97c
7630 2890e8b6c89e8987
7631 1b86f7f92af6dc17
7632 a51a2339a990711b
7633 0da5cf2ebd375b87
7634 2255483487d8f4b8
7635 febc039211dcc10e
7636 9e79905b40c604e2
7637 6f1294295f7e6c22
7638 36b164782069277e
7639 85a45146f8487435
7640 0e5e982d7f2588c3
7641 88d1cd61ff079cbb
7642 6f060574b35e0bc1
7643 489950479b17b4f0
7644 acd0ef06f061a8ea
7645 5bec38f78b84ae8c
7646 c770b5116110bf64
7647 f002a4bbfb98ffef
7648 edd716a7ada7a769
7649 61d9115bfb4a500f
7650 e75c820462dd4215
7651 9aa1c32b9901f6f9
7652 0b5e565cfd90d84e
7653 76d6469edf910854
7654 d2b89ebd247594d2
7655 b6c67d3d95ea7f0c
7656 cc26a13e3e434e37
7657 2a51071999e45eb7
7658 9a2413b86da4da15
7659 f883c379e20c09e1
7660 f4d73450043d697c
7661 48bfd9d37060fe8c
7662 8e5bb4398d391b2c
7663 4ec16aea60ca88c2
7664 725bb5f87d296d30
7665 551d49443d5a70c1
7666 f16130ef57bfca31
7667 cd738f0323f5214d
7668 807e28bc109d0e4b
7669 3333b1aa568a4478
7670 c1b5613125888e1c
7671 1f6fb84b97f349d0
7672 c7b84d568405bfa0
7673 bedfed438f4e66bb
7674 2e5a87eb185e61d9
7675 05572c14b86c8161
7676 3f5c3d413ab9617b
7677 529a5da6618c413b
7678 a2e415833ea48118
7679 1b7e0bf60f0f7ed6
7680 bc990c958b844559
7681 fb8b63c31bfc9651
7682 6c4d65d1984c20b2
7683 186970ae7b7fa06c
7684 7503ceb60b0c85d2
7685 fae071739466d142
7686 28672e05f3e6b9c5
7687 c18bf34709eb0bdb
7688 e610dc9c90e6ca15
7689 b7f96535211a5b47
7690 b55f6f9f14202dcb
7691 ce3d75b0f86e6e1c
7692 1c2c849c13e8d48e
7693 2162df1e91309912
7694 1da47a54f8b4da88
7695 46da7c81ed2fb74f
7696 3a72a05fd8729cb7
7697 d4c23d7daf7b6249
7698 851273d8aa86f1f7
7699 6166f471d775658e
7700 bebe44f2297e5dce
7701 ac877ef59fe0bc8e
7702 174caf1402fcee54
7703 bf1b9679c1cee7ea
7704 054d77cc9d72388b
7705 07e5d99645055e9b
7706 9d83fc891ec455a3
7707 cb13143ba75dd955
7708 4dcf19fde380fc96
7709 3a5596a9b6eac85a
7710 22cabd740f7f1a48
7711 ef556594f0f9d4c0
7712 9e6b338bf24e6dc7
7713 edad529cd2780d71
7714 a9d13c0cd2f72865
7715 563ce10506a4d06d
7716 860ae42f278dabed
7717 0ddc9fdba0ae23c6
7718 4dda646a5dcac6ac
7719 8e199ab5ef07a80c
7720 f168cf90facadf00
7721 0b351b109e1792fd
7722 da2c4f1b8aa6532b
7723 7eaed1d01c7b7779
7724 5a214834d436237d
7725 999b77146c7a6319
7726 e550fb8c7a71661f
7727 d7b29e50b965b103
7728 491749c73e74d491
7729 067e9c5ba88a97c1
7730 96bb2d613b3c1412
7731 a0e2e1eb2f798aa8
7732 ebc115f0f81da91e
7733 ac0dce91c8b2b9a0
7734 fa30f60d777d9baf
7735 097ef2a0d7a6ae5f
7736 3bbec4f7e1e7a5e1
7737 cc4622e3591de4fb
7738 c848d939d764a122
7739 b5f67e720ca0771a
7740 52754e6381c2b63e
7741 f1e14ba4990cad10
7742 448de8c0045a07de
7743 231236caa1480267
7744 8cff2ce81032c59d
7745 4440ab0de042c845
7746 9b0b2cfe22463463
7747 c8b2bdaa8bebebbc
7748 faaf40039cccad90
7749 90088574c17cacb8
7750 e790a0cf8cf090d4
7751 c726426a4a5a0f9f
7752 fb470706411d5441
7753 3dea1de148df4c61
7754 cf2c8f404a4988a1
7755 b9b6f467ae9bae09
7756 750a8d533e47bee6
7757 b658142fc1bdd9e0
7758 db72294d8d026ae8
7759 fc6f46a5d68fe6bf
7760 19cb4d5c090595eb
7761 a35368ef6406ca0f
7762 53d148646db0f61d
7763 ba2118090b08b229
7764 8ff9deb718839866
7765 2b5a3d72123df12c
7766 a48dfea177fc57c2
7767 5463c9bb45bfb80c
7768 a776c78d1fb6e350
7769 ce4307d1121fccb7
7770 c8226990b6abef1b
7771 305c740b1a0370bd
7772 8066f445261d3d5b
7773 9d8a7d04dc537488
7774 e52e52aa629c973c
7775 95e1227351d4aaf2
7776 f55c2433acd8e9dc
7777 d9087a84c90ba935
7778 9824dd13562de323
7779 1b94cb36587c70fb
7780 c82b460701cec785
7781 73b43bf3f81c88af
7782 c3b5f569893eff4a
7783 c57476415967cb52
7784 95d1649dd1ec9486
7785 2b497e4cbcd7cb88
7786 1d125d31063d4af7
7787 37e1fd312949dd33
7788 40a0d0d24480e297
7789 5a8c251b8491e0ab
7790 f34b7439780402b0
7791 ac4cfa03d9907732
7792 b001ce3576dea3b2
7793 30a5b21942509fd2
7794 4aa86585f130762a
7795 2a3e17d014dabd8b
7796 72b99f8886ea9f85
7797 af97eacdacc8cf4d
7798 83af8c022ebfb20d
7799 4c12ababd184784c
7800 d3d31c208d9ff1ae
7801 b6311ac58d87a4a0
7802 edfed673ad9ba078
7803 bbbade32818af5db
7804 93e50a8b3702ca45
7805 795fd9d7d94ff123
7806 0d546f6e8bce58e5
7807 0a8d181ab3b15005
7808 4c52ee07b7601a96
7809 1627734b1a1f39d8
7810 e1e2cb5dbc269a26
7811 41960177387427a4
7812 f947e05234da5c51
7813 932d05aa9cc7ab5d
7814 ee7a9f8d3cc7b42f
7815 b4870dc375a3e3cd
7816 887b410b5f84efe0
7817 6b57ba1892f33d48
7818 5cecf5a6f1167260
7819 d027057ad286864e
7820 e83a05db91c4d418
7821 1be044e5e8026889
7822 e0008446f3df4fa9
7823 6c650776cc8e76c9
7824 a8828f95475d087b
7825 683e64555df0b564
7826 64bdb1c520b9af5c
7827 1e2ec4edad10c4b8
7828 afa257bdf626fb84
7829 84b85aa50f6e9209
7830 3e1a7e59d3c117a3
7831 730621fa36125e43
7832 f48192f8bc228313
7833 c717f27169e2aa43
7834 7141408f696ecfac
7835 ea78f9458c796b56
7836 ceaec1ef364e4c3a
7837 b45422aae9519c9e
7838 636a3beac7de454b
7839 1925236dc2db27b1
7840 630b8fd613acc8ab
7841 12400775a5030a93
7842 504f858f9a3a2268
7843 0e9920e233a9493a
7844 fc1868015eaddb08
7845 4a08c9ff626f405a
7846 75725479b8302862
7847 55b889e9594f8dc3
7848 cc4b128b672d0e15
7849 56c01eed9cdcd93b
7850 62ca65e319b424e5
7851 1d7124af51a89016
7852 375935a130821f5e
7853 29fab24f5a8b2fd4
7854 ce2fcc3d0909e48e
7855 a4b00fcfc649d357
7856 4d449b638b81b307
7857 62b5949a07b43cdb
7858 4274dd668b6d411d
7859 7cc5e8e66020327a
7860 f513dde4e87c137f
7861 adf2cd5c11c040a7
7862 7d6319115bd26f7f
7863 bfff2230a48f0099
7864 5c9679f55530aad8
7865 351cd83abee35e84
7866 f92bb99bee6f1dc4
7867 d6f4280678b8cc38
7868 6061d9a286799a33
7869 9889be8a9bf045a5
7870 d8a10af18b5d1542
7871 ef39915ed10af1e6
7872 20bd32677034ee6a
7873 e58be082d6077171
7874 52222e1821e5491f
7875 79076b6df6a5c197
7876 c24bb239fbf5c2bf
7877 7446b9f8fbb6fdce
7878 48f8278dc1171654
7879 81d33c8bf2248682
7880 737c8f6f937fa1da
7881 b438b5a7ec1d23bb
7882 c9b1d935acc201e9
7883 b425090879138a6b
7884 42a720267e28e761
7885 9d280434bbe58ac1
7886 de0ef90595850522
7887 8caf33e797547940
7888 13c70cee83cada4a
7889 4f56618b7d58f0b0
7890 7ed8f85245bf2dcb
7891 8af8e7da40e27a3f
7892 e6a4d83a4da8e735
7893 d77e77a91dee4a9b
7894 29c592791f0c8d76
7895 47fa3ba1e2872f7a
7896 dbabebc544510806
7897 15c8027e99fee320
7898 5a6de78db93a2674
7899 344d6dc59ad284fd
7900 f3525659d114433d
7901 0fa9594a1a2a5ba1
7902 d1faf1db25060a3e
7903 9c4b090677e7666a
7904 89163d5c0ca2ee67
7905 a5c6e2f2dda4c137
7906 ab3660ccfe645963
7907 b6ab6d3232c822c9
7908 1454352f5acafea5
7909 b646484afb8bcfea
7910 ff9a7c879af5f122
7911 0447331dd1303e9e
7912 1f67f786f1f40964
7913 61236d0d141abeb8
7914 9b87ff27166f9cf2
7915 704848fe1335b616
7916 4cfadeff696d9cfd
7917 d34e95071ce31cc2
7918 565bbdcbb76be64c
7919 e594255d7408656c
7920 01be8d82daee2c67
7921 4296b01ffa7680f1
7922 cf1052d6da7ba2f7
7923 e1b4ee10fd19b48e
7924 790339bb39e640b4
7925 78ebfe83ca30c330
7926 daf23dd6edaa8f82
7927 bb6cc182a8196170
7928 755956e492922ff1
7929 ce0740462896ea64
7930 a9c740ee282018ae
7931 8c5009844f1ef306
7932 193010cdf810be5c
7933 769ac79fb21ebd90
7934 e23a571089c30220
7935 ab6a35ba31dad880
7936 19459c2cc8991832
7937 1d6da233cc2a7c8c
7938 de3fd5037a6948a1
7939 a226440481cf88a0
7940 d866c90391b0b34e
7941 36a3bcd2eb3289db
7942 327471673492737c
7943 43416c0fe9e674ac
7944 af07a0328a16dc41
7945 bab1bc15242481ab
7946 7a404ab96cccdd7e
7947 532aa048a6a9f9c4
7948 17d9414f8cade84e
7949 0858393ab8ff482d
7950 052656193f998b55
7951 1d49f88c987824e6
7952 48b5561828bca01c
7953 20360dcc74bc73a8
7954 52992ac090c48a10
7955 1d2b026ddc5e8ad6
7956 ccba02a8506ca672
7957 168485c656b58b47
7958 689f87f26a07026f
7959 75d8494f23095a88
7960 2ec0690081c66809
7961 2d1e9c134528a205
7962 25dd60541bb4b6cd
7963 0f8419f41887180f
7964 fc4c12a17870f6be
7965 7f46041aa86d0915
7966 9df3c3267fb6f79d
7967 a06a16ebb7fef99b
7968 a572fb36cfed0894
7969 17347eb2eb2dc240
7970 748e6ff79964928a
7971 35aa870fe50f10c5
7972 cebf55a5a954abb6
7973 f6019a7cbbfdedb9
7974 5d11050e897028e5
7975 6e24fe805a63d3ef
7976 629b40caded68da8
7977 2f1e8ce2bc152e23
7978 8de1b912dd54231d
7979 61c63d84a232d84b
7980 4eeeb798d862117f
7981 9fa6c8251c97ad65
7982 40ef1ff78d52df51
7983 251911342d66eb4b
7984 bf3233e7174e5b0f
7985 0baa70b123ad2e48
7986 e4a622f24926b20e
7987 bf5db2b4d5812e99
7988 6b68c41aeaa851db
7989 c51c1b6412d56818
7990 eb6dff41068b19ab
7991 7976491f8263c529
7992 db9c77fe6c2d07b2
7993 e40519dbabcc8e94
7994 cc701b0b86550a0f
7995 d3a6f2f9ce06a7bf
7996 360477221c70d153
7997 b76e15e347dfff0e
7998 81ee50fa42923c2d
7999 9bcf48224fd857b7
8000 bc4a32d29bc6ae3b
8001 5a784b0ab43b705d
8002 6f9b60dada16afc1
8003 07fc3a932f1fdb37
8004 6f2cb4aa3918036f
8005 1633c53085ee56d2
8006 3c54c37c289fa4f8
8007 fbcf22f336399797
8008 0bc7801b1aeb3a92
8009 2205b15fe6abccfe
8010 4ea2d616c5868046
8011 b46f40d2092d80d1
8012 12af4bf9735a82bf
8013 a0b9f05a342f5366
8014 e30155dd7c25f834
8015 90ba84068294d1d7
8016 5b080ed74672121e
8017 b97188c2220395a8
8018 fbdee54fefb5b018
8019 1d27bd45c25383a5
8020 658e0ba27dbda5ac
8021 96b6ce9dfe44e737
8022 5592c3fc5c8c8ecb
8023 4a78e72ab576099b
8024 d4b750505225c117
8025 ad812044d2146b37
8026 a2cf76893c2d10e1
8027 7d0ca22afca47c6f
8028 0385195692948531
8029 26a293c013bf4e0f
8030 b93841dcfed31d41
8031 514bc3c013481901
8032 b134cfd9c1b98315
8033 9670167799f1bdc8
8034 0aa6a24e7d86de6c
8035 8a05138f6f1962bf
8036 7fccce39d55c4e97
8037 7e80dc1632ffc27f
8038 00a16074baaef549
8039 7cf6b80717c11fcf
8040 f3a7c2b694e69860
8041 e3c91b8f13776cce
8042 b1475ba63b24ea0f
8043 0102ce2a61f3bd27
8044 5a57755430282997
8045 af09d3cb6a10f390
8046 41c32494fdc92fab
8047 5a0065d2372fb97b
8048 347a3368644da1fe
8049 e6755a3952cb38a1
8050 1e391315cb6930f8
8051 eb49546732c37479
8052 c38e4f6b7049369b
8053 59427b169416070e
8054 100f03825d0ece68
8055 ac0cc8135bb3469d
8056 d6332e508dcbcdba
8057 86f9d660b569e94c
8058 3231ac655531c138
8059 a636ca63d6d9de7d
8060 d97b2b4f2f793e4f
8061 76ec00c2e77f2ea6
8062 226dbe8e4a3dad82
8063 bb6ab7cc73c6ac9d
8064 09eda88e254c735b
8065 387f4485675d99df
8066 f98eeff4dd0ecf0b
8067 cdea77493b7faffa
8068 4e57d51ef38d117d
8069 7775a0272adfb100
8070 be223e1fb90c3609
8071 c89ab125edc3da1d
8072 876f0e2aa71fafe5
8073 952210e0f516b8b9
8074 a719f9fe215cc1a9
8075 a60a330fc7f00473
8076 59bc0ef62ad50bca
8077 3083c1d16c8a5db1
8078 09c28ab57510b3a7
8079 9aab80627c43a4c9
8080 e12b838237b3fd6d
8081 e411853a29b9250e
8082 0cd4d98eb4363248
8083 e1255f84f3188021
8084 949119e50e6bdd01
8085 42aa64714f41f833
8086 2aba728b9fc0337b
8087 530f1bbbf57c90d1
8088 e4a0a5a5a55abfd4
8089 523ecac2ff6a301f
8090 c94726c5780345dd
8091 e21b06dc55662bdf
8092 6cdaafed6208ee47
8093 a912fff748f4fb48
8094 08354f4442143629
8095 5b9e3ba6d1163345
8096 100a257f8d26597d
8097 dddfef3a20a03db7
8098 9d604e1797b90b04
8099 332faf767af42849
8100 b9da3754d4ef5557
8101 9a53c27e2bd18928
8102 040a3e18fb81eaad
8103 5ead03511864614b
8104 d92bb99c2a6c1f82
8105 cb9149369fa77f6c
8106 2cd3b6f1bf6a8a0e
8107 9063611c1b1b8aaf
8108 48d9cd7f4e853e5f
8109 174f789d42eec94e
8110 5141a04bfe97b2c2
8111 a4dd0220b23c2acf
8112 5ce05725c52ae02d
8113 85ae3045b4a3cabb
8114 990bc65505c493ef
8115 9b0dbc8a486e4e4f
8116 b69cc8c1a519215b
8117 88c2445153906352
8118 236543e63dd62750
8119 1b1ae5bada8ecff4
8120 9fad47d1e26271fe
8121 4ceefe3780661c3a
8122 81023ea05ca8a712
8123 ad1ca0ab20197896
8124 d9901ec559c7c055
8125 c85bcbe39d75ce58
8126 9e98e16676acc4de
8127 3ab0a89655715298
8128 356d90c2dff44d31
8129 6a9a5e691fc27969
8130 34387158e4baf1bd
8131 bfa390b364a38466
8132 dbccdfe6f6a56562
8133 b6d8928f219633ec
8134 0acb33360dccc3d4
8135 80140a05aff1f81c
8136 6b56cd0c6867fac7
8137 a5153d7c15205810
8138 7dbaf31b4a3000ea
8139 49f0a113b5e58584
8140 00b83d4e6f59e15e
8141 831096b12d68774c
8142 285209e5fbc83906
8143 d30a3dee9fae3106
8144 2672a38fd2a7a6f6
8145 a14734338a60edaa
8146 29257c2a38b75c75
8147 1c99f1c2979b74d8
8148 538aa4108ac978ea
8149 0d290d16fd123f09
8150 da8b78bacf409aa0
8151 fc4dbaf65611a6b2
8152 1884411afcc31a43
8153 ac44ea4f421cebf1
8154 23f9035d70695ffe
8155 e23dcb403a6de0d2
8156 fb5881701d512102
8157 6e98321ca720f36d
8158 d623a9adf0f8d875
8159 c283ed80dcf10361
8160 623a976526b0391f
8161 1a31fd57649677a9
8162 81ab71d75d9e1c6b
8163 347011181c8a6e29
8164 8e5bc23720c05037
8165 25b5971c95e4711e
8166 d22a0fff5a947cd0
8167 ef5fc1a0c34964e9
8168 d108b7880d6204cc
8169 cb399adc00103776
8170 2a0e0147f226efa6
8171 077c75ac782ed3c8
8172 41b7124ea1111b07
8173 d83007864d3826e6
8174 989550978618df5e
8175 f4211b16a416b85c
8176 20b56edc1f9d8f53
8177 dcd7e99d84e059e3
8178 65251a4b96ad96cf
8179 1de9956d8b8031b4
8180 c966613d7e085699
8181 d2751e50ef20ab84
8182 a3c60e5075eb6ef0
8183 9bb294abcde40c60
8184 3a94c353905f73e3
8185 4b0d944842402b2a
8186 25f00e28994fee76
8187 a961db972f765ac8
8188 eef39dbec27695a8
8189 0c5e3729bbd572c0
8190 8619cdc3aa6ec64e
8191 4e286206c62dbf54
8192 46927799e5b62024
8193 e6cde51fff819be1
8194 d0e1a1446e8d462b
8195 84723c03f05f020c
8196 bc25c60dd49e0480
8197 2b35cf421fa553f3
8198 df9f1bfb0ff755e0
8199 c62ce2807e50adea
8200 3199ebbd914e1285
8201 7212b1429d7fd2d9
8202 961c596df1b5edfc
8203 e1f59efd2ae2c666
8204 0590ad6f7193ca0e
8205 e8fe94126cd7b907
8206 2b54273530f35576
8207 935c0af85b82de1a
8208 dd12fc3a84a011c6
8209 c0177ac8df9cfd1c
8210 72b55f2b6e20fda2
8211 27f1ace2bae2aa6c
8212 d9b476806a154d0a
8213 281599043d5d86c3
8214 27521013774d239d
8215 5a158f2275b1fd72
8216 7eec9219e9e66889
8217 bb5165c5e5aef1bb
8218 b6927cede25c7a55
8219 4c4ec583cf9aa3e4
8220 86691dfad5c78f34
8221 9c1f8358f1edba29
8222 8fac150b7311f0c3
8223 33e3a9ba6a35e217
8224 38f378496c79b93c
8225 d3be759b38b17b7e
8226 56c58fcdd288ecde
8227 3e5f04092c26ee37
8228 43dc93843e5a8094
8229 ac2538aa6c957561
8230 2c6ba33a2db09f93
8231 593cab549d708e5f
8232 acd5be6d20e8dfa5
8233 0890053f3eb942a9
8234 ff6127947b507f41
8235 c7825b8e2f55f485
8236 88947a9ad2fd52c3
8237 e5ba7d2ac90c0b19
8238 06c0db02aa6ab8fb
8239 17c5908663997867
8240 1fc119ff6cf0c1c9
8241 9ebe6521e1023702
8242 b2b48f5b5df3771a
8243 8ae268b25df6305f
8244 bf14aaf2077562d7
8245 f419ba8ac0517895
8246 d491b194b2570d3d
8247 06ea660f0433984d
8248 b580eb65be553340
8249 7b9f59da4b95d934
8250 2a3e9cd2729fce97
8251 2af47ef012f4e451
8252 49ff817c22a6644b
8253 524ce7337d989c64
8254 f786d1821aecb4ab
8255 e63a778686bfeb7f
8256 ef966329f320bde1
8257 83d2950d628275f9
8258 0dcb1ab8fba079ee
8259 51a6f6ee94bf2f59
8260 0b52e3c8ec0fb927
8261 971e5b42f0eb6950
8262 4bae7c5938fe4770
8263 1cbd257ca337cc23
8264 c0361b3ac5b0824c
8265 22e8e43cea23d8ed
8266 98aa8db9b5c53273
8267 d2b2f3c362062b08
8268 0b520fd689d50064
8269 ec3053bfc0cfcba3
8270 6cf5c2b1c38589b3
8271 f6761ca2ffb3ca24
8272 249423883d7c7a9e
8273 bc5c17e24dbe81be
8274 e3e6099caf1de7e4
8275 5ca252e52393fe1b
8276 88b8d5c6a873e046
8277 a24f52a6ee531cf3
8278 56a041af2fa291b5
8279 be22aa74d580b9db
8280 28740f822c81b027
8281 fb104d3474becbc5
8282 d5524b451dc56d35
8283 ba97be5835e51125
8284 58b019588bfc0de6
8285 316a13e8cb733a8f
8286 da742c71b459ec83
8287 7bc51e1daa653eb5
8288 e6fe08fb3654ba2f
8289 c5f67bb7ad805bea
8290 c7c38d90fdb01ff8
8291 d62595198b627db5
8292 db0d5972671b1ba5
8293 cc8bf6a022ac59d5
8294 8e54c30244266fa5
8295 b25814aaf2b50469
8296 bead909501f9da6c
8297 6503e8592645518d
8298 f192077063e6857d
8299 12fd1d8be256ddf7
8300 b311384a957f2909
8301 4701f50723db91ec
8302 159836d250da4e55
8303 1b459a9098ad96db
8304 507b7670a0d39ed6
8305 f9bd36d05e68fc8e
8306 15a6bf6aa85b9dc3
8307 0226dee31c244d4c
8308 d0c58bc6212dbe1c
8309 d0eb3dfca85e6fd7
8310 ff2db320f3caca5c
8311 5ceb950f7255d182
8312 62a9dcc7672aafdf
8313 078db05dd679c747
8314 caaf7a44ffee2cb9
8315 4ea21fbfde92d24c
8316 c17873a9e50c9b8c
8317 c1e8358939c3d0b3
8318 b592755066e99049
8319 0e129fe4caaa92f2
8320 c61a05699fb349ae
8321 5968c26a79e375d8
8322 8a3a9c5a237d58d6
8323 0fb40986c8f282a6
8324 042842cc9bbc5322
8325 57bf3e107032f755
8326 c688301a5d6d8c23
8327 1bfd0263b929cffd
8328 15af584f7ef28461
8329 ec95149410432bb7
8330 d1fbb38f1be2d455
8331 bd8ef06d24ce0ee1
8332 59c9afcb64828568
8333 c9e8b65343642161
8334 1c9a102a43833779
8335 68bbd4280652c151
8336 e8d4b0a8b2224b16
8337 012422988deefa7f
8338 7d31892c551b376a
8339 87433f8f1aa19925
8340 6271b21b1917245b
8341 bbd00fbd3c856181
8342 2f9257f3492737bf
8343 636dec2c890caf5b
8344 c230865b24c5fcfc
8345 c3c5683a55dde67f
8346 80d3c1dfde10dc4f
8347 964a34a74d1ff0ab
8348 a483036f8b9bf9a5
8349 d5e0d47c725071ef
8350 d74cf0db6dcdcd9d
8351 dbd542c1e8192e7f
8352 4b59cc20b75a4845
8353 d510b419cf6b7071
8354 706a5111e23431a2
8355 0c11451331baf0e1
8356 91cf4b338dac9201
8357 cb9ac720a2ae2920
8358 d13727f1e9f2afb1
8359 f371ae79f608b701
8360 769a590d43bd3382
8361 69058e83a7887cd6
8362 8fd0338c87d0ca59
8363 773239bd17a700f7
8364 05170629d3e945e5
8365 f5cf620917bdbd96
8366 9d532a8f3d49cee4
8367 b5987aaaf4b5da89
8368 728a404b3d54a885
8369 a0c267cf10f1b7d5
8370 20ad48178855d8ab
8371 60156b2a957063af
8372 f29415a3360cc715
8373 51f961610283711a
8374 9f98ac33385f63ce
8375 de191fc2821df02f
8376 1d14867ef8452c82
8377 fc4ca199f5390628
8378 6dbf3b8752ecc55a
8379 e2749f12837d681c
8380 eaab6145ade0efed
8381 85e3e123a61fe1ae
8382 0406491b0b97265a
8383 ba32c1fdaad7e8c2
8384 9e4b5421cdfbe0bf
8385 aef0e885ecba442d
8386 7058fe59cc98f21b
8387 959cb65f43d2380e
8388 b2f3e1a59373fd6b
8389 7f07ef82d3e63e0a
8390 eb996456c0f9021a
8391 67252888b874437c
8392 9472a731e06238f1
8393 6ccfbba45a3fb4d7
8394 c5d5be48b14efc2b
8395 92dd76bcad81666b
8396 9adfd43f8709359b
8397 0e04198b6717ddb1
8398 705e0a0d017c22f9
8399 4a6199a9e1d8a8a7
8400 d76759d076d86649
8401 3a55fa6104b9817c
8402 d57805ba35323628
8403 0f5d46efde3eabf3
8404 36f34cc58001523b
8405 1862aab27af5d4e2
8406 c6b1d708c474ad8f
8407 32353cce001d3dff
8408 7feaadd7362de29c
8409 ff4b2dd46deaa0b4
8410 c9966f491314897b
8411 0ff2c78ba261bb65
8412 1cef7864829f6aab
8413 33c00cf744c4918a
8414 6106a79571a77a69
8415 f8949ac1ecadabc3
8416 34eb8787cc145d6f
8417 0b93ecb226bffb5f
8418 30bf1e4a6bcde907
8419 32e92d1b240128bd
8420 9d6bef57c84f9169
8421 be1ffe6c84c8d862
8422 b939d131cd84fcd6
8423 72afb74ec971229f
8424 90b9689c4ddacd5c
8425 92bc0cc5670bbba4
8426 8b81054ed0c7bd06
8427 45b8e04a80171855
8428 2c68d1496501c87d
8429 ef3297dae6cf0782
8430 25bb63ac397e6330
8431 4175fbac83e0ae30
8432 55b36a3cf9cbf537
8433 3e1d7c168bc39255
8434 d309ef3f92daf217
8435 4ec7109579b98692
8436 4da566196d2d91fb
8437 bc653e1ed2a29a9c
8438 abfc77b922824c82
8439 4ba596d3e0a261ac
8440 7af9bb0260e5033a
8441 827c4de364098424
8442 1825bb440bb44892
8443 81bb9c3eda56712a
8444 3bb3f4792cb00644
8445 027177f4ea329fcc
8446 6d6c279eeb42f0c0
8447 65c737c7fc467444
8448 1c58c2ca44881f36
8449 936f6f2ff95adaa7
8450 76374cb05afe504b
8451 96d9296e381671d2
8452 5e45b13f956c40dc
8453 fe24e5d5485756f4
8454 42eb6a1e8e948752
8455 340a25e2211cfab2
8456 bb473ea936635b87
8457 79eafccf1336ff2d
8458 b65c963b3debdd54
8459 4fb8686224225b98
8460 fafb818a7caacf6d
8461 64734b0ee1c9043a
8462 7c51cf64640ec5e3
8463 85a91b0348e56fbd
8464 2937b96861a8e8af
8465 e9e168548aa86713
8466 320e6f4fde6e4f54
8467 5f813b961a7e8ba1
8468 6a40261edd5d5081
8469 45593323e9e2f6ac
8470 f313a6d9e9ed5af4
8471 1cd0a053298a636f
8472 6e1fdd42a9c7d42e
8473 e2fe48159cdf06ea
8474 779620e352950512
8475 2fef8257bf9fe62b
8476 481fc61a205bd1cd
8477 3b86d2da0266bde6
8478 14d6f4fdee9f89ae
8479 8718b9b3f818bbd5
8480 1d5c07f9dd698f49
8481 ec50cb501192e42d
8482 bb972fadd6e086e0
8483 82a38a556b231086
8484 22159d6d325a388d
8485 918f5d8fb633087a
8486 d39476ff7d9383fa
8487 30f79c87e2be5da8
8488 de7bb77d2ad4d472
8489 8c3aefbffdbaf360
8490 d4e64d8b48109742
8491 3ba341d067a4f1ac
8492 0a0246d59cccfe11
8493 9d071e1e623f12f2
8494 a1b2b4bb39ff7126
8495 a249bec318ac10f8
8496 a184b473a21f3e1c
8497 896cfd245cfa4c5f
8498 e18705f02552e78d
8499 2c2d5a5a0e3bddda
8500 034666ae77715b1c
8501 a18f0880d0f324aa
8502 20719d1e57a6dea8
8503 b46a89e7edabb366
8504 70313f9b433d2c65
8505 395b5c60af669aec
8506 eee1ca824b646ea4
8507 655bb5107ef12400
8508 44bd53366dce880c
8509 03a568c8bc2931a5
8510 7161f43afa6aaf62
8511 6e62a32f3bd8ba48
8512 395486b342c62720
8513 61663993143cc1de
8514 c6f2278a46377929
8515 d6635f60cd9c8454
8516 76be686a60c73e1c
8517 d76a4965c2abbe71
8518 3a07932b7ccc9b2c
8519 ab6dbe547bbd6618
8520 633bb51a4ff2d831
8521 697093d4c10a77d1
8522 13cf53c213e76cc1
8523 d059b584c0a4c91e
8524 ebb9114588ebfedc
8525 b85f86e18362eefd
8526 c198336a764ab79b
8527 fec01872135b6570
8528 06f68bc536898c80
8529 b5d111191cf0b796
8530 305ee841217e8032
8531 1fafd6d42ff9bdf2
8532 b959a7a60e633f36
8533 6269881b5c21fcb5
8534 29618f9e468c17ad
8535 1465d912014e2831
8536 29a410469dcd1915
8537 1732c4d5662d17d1
8538 b58f02050d1a5ea7
8539 108b76e16527d589
8540 8b88399f21cf13be
8541 893a4976703cf57d
8542 3d112a48f2efb38b
8543 e6955d3ebad72d97
8544 6ed6871020d10d68
8545 4b7c48ba16cc845a
8546 679106855af666e6
8547 72cbf625f9a34e59
8548 ab06afbb76fefe5b
8549 5afe9fb7e6f1e1a3
8550 c3fe7d2803f1903d
8551 2629e56eed858903
8552 d2b89fbf694e457c
8553 3107df5c6626883d
8554 b6fb26ed20c83a1b
8555 e37ce78a1de0218b
8556 d244921dd71876bb
8557 1f73b185aee9957f
8558 3f9d6a632916cabf
8559 a6da466c763464cf
8560 84d4fd03f4f61021
8561 19a91dccd97ecf83
8562 03b5982ea139de76
8563 15f3479ac86a09e7
8564 9700251b277e241d
8565 1ecb42c9588f4ecc
8566 2dfffaae47f3d797
8567 36f5be4a779dcced
8568 d1adc43635453022
8569 0a55b3c980501ce4
8570 e728fa377980e189
8571 d24340b52830e59d
8572 825733e890162f2f
8573 0c0af16ec4be956e
8574 f14b585524424e4a
8575 67b9aa872372e6c1
8576 d724ce77f8c3248b
8577 98e0ca24648c2877
8578 0a227c1a354bd2a7
8579 54fd3fc053b25b47
8580 d2e28171bd45c619
8581 21b6da6898591828
8582 605bf999f61d0db8
8583 59b1cd1ad91cd063
8584 4c74957b45089950
8585 edede8790b981238
8586 0aa75ac7e25fe6d8
8587 f28a620a9477e8a6
8588 2b29dbc6e80411a3
8589 8a8f1e0bb39ab7fc
8590 25f8c5c7129cce0e
8591 a5657ccbf307d160
8592 e2e4ae26132e459f
8593 591c0e5cfd15db23
8594 6d409b4f4d375ca5
8595 1eea0bcad8565fc0
8596 9711cc8ea290abcf
8597 703e30451d62ec96
8598 bf45cf395a2e35f2
8599 cdefab23178f1bf8
8600 9bbd0e9b5e2a8449
8601 efbfd64eb9001446
8602 cfec788be6653c04
8603 1d84a2d82f3462ca
8604 5534cf5ba95e6cea
8605 3c14d3c853487058
8606 1189d5e065583958
8607 5311e72c4fd948a4
8608 d86102f45d780ab0
8609 342a387e05d90397
8610 812c9c5fddbc6ddd
8611 dd3cb83aba8744b0
8612 2894d45ce4c25772
8613 99838207db8c2d5d
8614 b6d9ebc8f1b21f28
8615 1c071bdce4eaee32
8616 4b8f88a5c9f90d5b
8617 09a9d9096ce89831
8618 bb03506f8c940de6
8619 0746a0729bb01582
8620 41f0f6e0cb2df6c6
8621 fb2e9b4b482de1bf
8622 365b93fc0a2f2c24
8623 e492934681896c32
8624 8e11c640fc4f6b14
8625 b83b4037f8f573e2
8626 3a6ed4d0671a31da
8627 7b492a9e38fb13c4
8628 698449462018c3a8
8629 6e77e04ae19f44bd
8630 feaa93d1fdde8c67
8631 346363f077b20606
8632 aea3f6ed59ba5929
8633 62d1779f34223719
8634 5133fb48d07198cd
8635 0df371ca4023d35e
8636 289c52180ab794a0
8637 b3766cc681390b69
8638 93945dc3aa49dcd3
8639 1dcc64635be72c85
8640 3a9f5bcb58a98418
8641 6335c7a5e2191178
8642 18f644707b7074e0
8643 7c1c58e73b8c3ca7
8644 49cc3b2c43816046
8645 ee8cd68af4aa6bc1
8646 10b6fcfcf7dfeb39
8647 4255a69d385bae65
8648 d30c29db6d275649
8649 c061b7c030946fa1
8650 305db88d8f0248fb
8651 4ae99338215721b1
8652 1e30b9d2e0fbf453
8653 316708f03120fbd9
8654 c0aee6e41aa29e47
8655 470569a2d92987b7
8656 914b9a8a59a98dbd
8657 b7f88e7373f0d2d4
8658 bac084460097a996
8659 3f135d2859e8e237
8660 52407c8a57c0fd35
8661 8ee7bb94cc516f9d
8662 c3820c38ed82291f
8663 e8ae4ebc8d38506d
8664 c6ede97afc905898
8665 03cd82ad7736e70a
8666 efe81d8c5eeeb8d9
8667 a9e62d218d805e25
8668 c82d0473b37f3bf1
8669 a5d057076a4a8c8e
8670 0a861d8b7e8dc465
8671 c31ce0c8a55e1c25
8672 bed7b77f6b69f347
8673 b740b79c3518e155
8674 b3a40b24cb27a750
8675 938fe935e6ce172d
8676 419af4862b70502b
8677 243f51625dd7ad12
8678 ca707a041e7f0420
8679 1765dcff7582d041
8680 4e22fa07f0676aa4
8681 66284e9078d0ba5a
8682 3b6df3eceafc7faa
8683 466490e53ee33e25
8684 f24d8bc5c61b311b
8685 80a37f1de806fe0a
8686 fb0bfee85ba9fe5a
8687 6f9126a548273371
8688 fe41892b5c38deb7
8689 06247096937452c3
8690 03f59a6e6243fa23
8691 0b13a53293866cfc
8692 2595bcde8f074431
8693 07c44c31661e9a3c
8694 d1da7e448bdd2c10
8695 7cb68a5d209118b8
8696 feb0c4497736b1de
8697 6aba39708cad751a
8698 07d69874d7b8ccda
8699 80e8c20389e68d14
8700 2901c1a5e5a537c3
8701 379e655e78a406f0
8702 a589b8f1d5272e2e
8703 a24b9623ecb85244
8704 c689de76455c6b00
8705 0c111e3fa9703f43
8706 51d971526aabe4e9
8707 2897e3f042868ed6
8708 9c4990424eef82b2
8709 1c84f3e5c560caaa
8710 cbc42d3bf06062d6
8711 71b7ee9acd25f538
8712 d715540311df43c3
8713 3b16fd534b7d2f94
8714 59a459d91e3dd0ee
8715 89020f9ae82ff1ac
8716 30567bca94bbd188
8717 bb8f18085c642669
8718 2726bf49f0a250d8
8719 02778a08280baecc
8720 0e6be34b7f76c120
8721 4d2ecee312342a2a
8722 7640d08d32531695
8723 c9adb2a96b5ed34e
8724 e7438510229dbc68
8725 0f62e4dd83bb56df
8726 007bd898d3b2da90
8727 df299018313e5852
8728 5c03812182e29b11
8729 f960f4b88f3dafd3
8730 942fe1beae9d74dd
8731 762f4b59b00d5f40
8732 61584065f00e3fc0
8733 09e32348e120932d
8734 b63f90ac5e9bf467
8735 848163535a7c870e
8736 9df1da43dfa6e1ec
8737 eb33f192f31fe9f2
8738 36e9ad0f2d89b3fe
8739 e1deb5c4d22821d9
8740 d84cd445db19c05b
8741 30b22104d55bb759
8742 f87585f259760b97
8743 11296a852863d98f
8744 3d06d80c87c793b3
8745 dee31d8c0ab0830d
8746 455d51fecccb8633
8747 f5bee329a156aa09
8748 105fd97da577a6be
8749 a7bb93182aca6ae6
8750 9c430d41ada3eb40
8751 fb0f14ea41266e24
8752 e8a26790433165dd
8753 00ab7dd971a7b4d1
8754 d1112faf36a3ea61
8755 7d3459edbd29b793
8756 1fb144339288f911
8757 9c3aa9d4f36f2eec
8758 996ac9a805892700
8759 3dbdf819bd7dfb14
8760 2212dfc3bc7ca1de
8761 657e9f2377d82f59
8762 fbd20c921eba30a5
8763 1b1d580302edb2fd
8764 701f0a9489bf246d
8765 319d536ef61cf70a
8766 ce400025881de79c
8767 90504da8f9749ef4
8768 80d5edea1413b4aa
8769 5d90da6384357712
8770 c3203cf5a207c55d
8771 203570d1fd05a65c
8772 ef9cf17aed718755
8773 c3dff2718568aadd
8774 1abbf71f970df56c
8775 307a350ac142811e
8776 5b2888887165529c
8777 62358dd9b688e2a8
8778 fdf3abdd84cabdeb
8779 ae548a6103ec1db9
8780 4c046f64c212cc03
8781 cc6cade3f383c115
8782 2e12f01694e43bb5
8783 2b55f16dc1df6ebe
8784 c3ee714888c226b0
8785 61caf46f98553148
8786 480da9df82f3a3a6
8787 597ee4dd28a40785
8788 e6a6a760df404e61
8789 250b139093cd4093
8790 3385758dc2cd3651
8791 c2820fadaa845fa4
8792 a5eef1916118ad68
8793 e1e62695c6392104
8794 47ce5a93941ee6b2
8795 c130473e519f7a00
8796 935bf07749362fad
8797 3a0344589d827ec1
8798 25ef4a2922cedc0d
8799 e0cf07f63603e5cf
8800 a0192d835e08a9a8
8801 84340e6ee8243be0
8802 d9a9c0977852b3b6
8803 369e310bf56b398a
8804 6055c49101f975d1
8805 7ca7a3516dedc81b
8806 e9f4ef715ad918db
8807 e5e32fdf570aa557
8808 2d6b1b3573ddf45b
8809 08b765cdb4595b3c
8810 1152d515f9c0f202
8811 f78e1e33d7ae8d2e
8812 06f5c3b043181b9e
8813 87a3e5d9f49c6447
8814 67fafaebb8838a8d
8815 2a99332ee8e07ed3
8816 0ae28bdfb67181bb
8817 98345e413afc9b80
8818 9c5b788678c58b16
8819 47a58241ad726e42
8820 a0cf292c9ff2f870
8821 5915b99c6b640168
8822 8aec237837f55317
8823 4baea43db4bb19c5
8824 c3411300ab57a67f
8825 ab8d816c9b73e949
8826 9e0fbad551e1a5f2
8827 74a9825ab95aedaa
8828 182c2449df2b7764
8829 b13f1c2c3a38e852
8830 84f3cacc1daf50e3
8831 f2af2adad78cd37f
8832 a5d47b2669bf514b
8833 168491b98bec15ab
8834 b6ab5b2a37287a19
8835 2d7425431f6642f4
8836 8f5dce0360b721b6
8837 c45d1b7f7fbc8332
8838 7040747bbfdd35e4
8839 b375a01bed08938f
8840 ee1a926729442b47
8841 d5bb6078edb0b6df
8842 d97a80eb786e41d7
8843 957025b2bde077a0
8844 17dcb1232284cc86
8845 6bb9e51e1016c432
8846 721ae0eafcf86cb2
8847 dab639f2bd376d86
8848 d8d098fb3574b46d
8849 9ce7c49891752d2b
8850 2cd9b79fa8e92413
8851 c28f1d3edbf1c647
8852 fb0c66182dc52806
8853 f0de5681bd253e36
8854 295b08bea16f0fd4
8855 cfff25c6b0de4744
8856 2479ae8679b83d77
8857 aab4c863a6e23085
8858 f501d1a400db6d4f
8859 c43892a64865d731
8860 a7cbc8b1ee31cf49
8861 b1b7c36f78ebd352
8862 d43a78133ceddfb4
8863 c7a0d98f7bb5b3e6
8864 94d5fc822a8311d0
8865 c64b74bc17c99cb7
8866 1cf40f3b0f0719f3
8867 13894bc025e9482d
8868 bc20b871537bca47
8869 82f150e96ec4d5ce
8870 75efbb19644be360
8871 67261230c3670160
8872 d2af1c8991cf2ae6
8873 5990686b312f5c58
8874 082ec7685644f7b5
8875 a1e4d96fa3e1e529
8876 60a5aa9910fe515d
8877 ccb9c48e9a5f7d6b
8878 cedc6cb72dacc330
8879 d729e8e98ab7885c
8880 4d8e206f88578014
8881 89d3af72b4e53b60
8882 d099d679e6f6ed0c
8883 f792c39069aa3c92
8884 3207b999100eaa8e
8885 c2f0595a8e7962f2
8886 f86c0854572b6a26
8887 f75974bda39ccffb
8888 79c8e55fe0080e19
8889 cecc5279d0809c35
8890 18289d8814ef0aa9
8891 13b5560654f4158c
8892 d4ad39a17c0c4212
8893 8de7f58ec57030d8
8894 4a81608ec2320b1c
8895 3e7fc895b55e814b
8896 fb6719bbed1b93a9
8897 588bcd8104d23053
8898 d791f112a965fcc1
8899 3d7aaf36ac4f95a5
8900 5422bbe360c456ca
8901 51334da98bf71480
8902 c89e8a32b6598ffa
8903 e9fadff5c3e9508c
8904 91114d33737f27f5
8905 69df4955cb1993dd
8906 79dad1d4bb0c601b
8907 b6ede0b5c04ea7bd
8908 8909e6fe147cfa44
8909 9e6a1c4dfecfe270
8910 e01cf473d16bafec
8911 02f12af61c0bb946
8912 8c43222f4ac2b804
8913 815aebe22445fb11
8914 3222b2d23e8277c5
8915 06e2909efe51edb1
8916 bc18c3696a0b903c
8917 66d4fefa395502e6
8918 3388e8a24664dd02
8919 0c5de78fbd395baa
8920 e82b19c8e154e922
8921 fe0732fcfce303f5
8922 663a9a041c905bcb
8923 edb2bd005f51197b
8924 eb5272b2a9a74eab
8925 143ceb91ac3832cb
8926 2d73f1b9a98e74cc
8927 56de08da5d81bf3a
8928 c34f9ae316974e2e
8929 77eb3393ea65947a
8930 3d174a864f7c647b
8931 6095d706bad71ecd
8932 ab1fc017cda2875b
8933 ab2985b01283477b
8934 3d0b1c142e5f3a98
8935 a124dbceb13b41ee
8936 b24a2dcc56e64410
8937 641104a7f26e6fae
8938 32e566d8fa66d3fe
8939 63eb8913f05ff363
8940 268cb06dd3471449
8941 02dde7290adde773
8942 1fe5b008386f6309
8943 c645ea080afc57ca
8944 b05d57446052c10a
8945 1a5c05ff2c74ebfc
8946 a7529c8a32168b02
8947 c763440560f2e39f
8948 5a963b1102977817
8949 cfab0c164feff8a3
8950 c7a077e1ab489011
8951 5a73c299756f6d67
8952 568b2192e7f98342
8953 741b015a4a5b7aee
8954 ac12d45468efa3fe
8955 d25162f040a7adc8
8956 2fc6b23210694181
8957 54fbe3f605db8795
8958 a09c0f17e239af29
8959 a3772618a1ced705
8960 ad545be7ff040ba2
8961 a55d784d478407f4
8962 4679de0f9cf66e98
8963 0c20d0e6052da670
8964 4b777a56f562aca8
8965 018bae483b5ed0c7
8966 f32160a8c98f121d
8967 e3deb34ec7c10f75
8968 f1ae4e9023d3c8d1
8969 6778f1ea3b9826bc
8970 b0d97c03f2ed3cba
8971 4d082d26ba933d80
8972 a7f5e23a409f920c
8973 ac88a368412d62b1
8974 bd9c7ef6f6272f1f
8975 c35b7baa671a5e49
8976 74e5f6627065a707
8977 b15275bb7eb087db
8978 afc538028677ba64
8979 ae5055ac872c7fe2
8980 9ee1e56359ee352c
8981 d9a18e9325860e32
8982 effc350b07987f95
8983 51973b6dc5ec60e5
8984 43f69c945cb733d3
8985 590c5d3864f57189
8986 371b71b667155d18
8987 8707721b717a4218
8988 fdddac94df45d880
8989 6b41a953462f7a7a
8990 d5d4827f7206f6ba
8991 c0cdd8885aba14d7
8992 6bcc67e778ecf083
8993 c5586932e8a1b483
8994 9374d6c17b291dc9
8995 0873eea44bf34162
8996 b6b5d6f5b8eb01da
8997 ac27bd8e7aa2ea2e
8998 c20af04a60cee9de
8999 183feb75fb487279
9000 6c39a625adcb77b3
9001 b2a510069cc65c2f
9002 1093f535e23bf2df
9003 f6e27ad430d99983
9004 84feea92a770b450
9005 f5b9ae889934644e
9006 f7fa0d3edcc5c13e
9007 43563b51c89dd64c
9008 12ec23cab204e331
9009 a888a176849aecb7
9010 eaf913737b0f4e1b
9011 3748e033333513cf
9012 65debddf09f9f044
9013 1f40e2eece3d6caa
9014 dcefc8c852d97b64
9015 e80298501d1e837e
9016 50b0582c92132cca
9017 a141be4ab25e6f9d
9018 6737b46f0d2be45f
9019 b1c5c2fbb2996b21
9020 58703d5b0765d123
9021 64162def9f666140
9022 a69ab037b9806240
9023 017171d77e45599a
9024 1dad4ccb980335b6
9025 16407243a6ad3777
9026 94e0638ff69d3be7
9027 9705574435a0154d
9028 24662d31cea349b3
9029 961a10b0af9907d1
9030 215d52e04f6979b4
9031 ddb25576f8992864
9032 1d1e7129016b4a0c
9033 d4112682538e08be
9034 320dc81c740cdda5
9035 327c8a584a8baddd
9036 b4a1a494bcd1bec1
9037 e7a7a5513b51465d
9038 23c2e9f4dc1cbf7a
9039 542b2bbe1dc2686c
9040 dd0b691276be6608
9041 fafcb85ab0c92a2a
9042 62c9ce145cd875a2
9043 32a6091851591199
9044 c6aea807ea2b413b
9045 669d00025b50030a
9046 80d4571ba5f1334a
9047 eefd6d381b27d22f
9048 fea865de0a1b0c25
9049 a555d028e9a7233b
9050 1e2ba7610ec7683b
9051 20629115dec33334
9052 b0c2675b2cf27732
9053 353c7691d4e05a08
9054 19c7f6cc27042d02
9055 68a2bd6d5d9e269e
9056 fa4e4e7f87c6d0ad
9057 fff702e15f11d7cb
9058 6eb9d6bdbd0e361b
9059 0507d99947b8fcdd
9060 9793e3c60050e95d
9061 a488b4e77ee29450
9062 b27ab394a1d48c02
9063 bf674357abf911b0
9064 9f2f07e65687baf9
9065 38b2487d576f7fbd
9066 8811509ebbb49a5d
9067 fbef56dffd74e52b
9068 b03f1432cd32270d
9069 d7850e7c654743a8
9070 0acc683f4d9f7824
9071 41f95da89a92be08
9072 ac7f94b759d3291e
9073 70d827c94df282cd
9074 9239f2186dc4ae7d
9075 2f4d7ce145f8461b
9076 b61e54cbbd971b3b
9077 409dcc6ac6c1f804
9078 2f8c1005f673c6ee
9079 4c01783ac56d4be6
9080 7e6eb95e53c38d6e
9081 07bd0d797d069d52
9082 9375af9981ddfdf1
9083 b326e8ff6eabd593
9084 928b06d7fa4384cf
9085 7a17736811fc7967
9086 ae34d079b1a8cc6e
9087 d5bfb601dc0ba80c
9088 57b57034668fafc6
9089 2c32b1d25c413746
9090 359b2d62e3380301
9091 5709c9e50a1a6dbb
9092 1c016c6a7245c6df
9093 ec62901a52e63301
9094 02bdcf8e08d1c82d
9095 964cc34f2deadb8e
9096 322d2a7487a360b8
9097 55fcdddc9f6f55e2
9098 59a5c939ad96a268
9099 fbd46468eaf6b0bd
9100 01e52f526058a755
9101 9dd341ceff85334f
9102 4ccaf858f535e985
9103 781feb92f2bfd9c8
9104 bc25e82986b0a84c
9105 a16bc7b7a90ab874
9106 905954dbc573ecaa
9107 aa1d0d7d77f814c8
9108 2020a4f1ae367a3d
9109 151e9ce091149cf7
9110 4f4f8a88bf518bd7
9111 02093d6a3d2e44d9
9112 1a8ead21360c8316
9113 34f77de0dfa07b2a
9114 479e791228806bb2
9115 65063f2617605992
9116 d57324bcbc7b0335
9117 6aa82e7f886db877
9118 9753bef3c4d07107
9119 458ce1aa5ad4b4cb
9120 0c1e71b2d4c8d3e7
9121 597003dee6bacb28
9122 e090c10a062633e6
9123 508b1b2f786e3ff2
9124 48e159cc7b113842
9125 dd2d98cc60759f1f
9126 23b259cc5b8bccff
9127 a7d5f1020bc1bf75
9128 c7e1e3bb755d71a9
9129 4fd681da87feaf16
9130 a53701cf6f9fdc94
9131 79585da97c2f9346
9132 fec87d6b49527e94
9133 337b92c48fb223cc
9134 05948fc927c0712b
9135 f6e622e97cf8c9a9
9136 e23e3e2315036d23
9137 b4de482b68b27761
9138 48268a88496ea85e
9139 3aede7957d337a5a
9140 5f5c6313956d2e48
9141 798bace663fa2da2
9142 c555c46b776e31cf
9143 8d7b9699610696d1
9144 ec3f0e036ebf354d
9145 fd8d0a2b28a57b17
9146 332ec721e3a546ed
9147 9c2531949f56f638
9148 9a6cff366d40a030
9149 3346a170ee07618c
9150 ce319ec1ec7217fa
9151 47e09db4e2398b59
9152 e92ce43957007c25
9153 41c27d7cd0ba17c9
9154 251fae10ce04f0ad
9155 4c59683d7c9bef3a
9156 e86432e670f2a6a4
9157 6e2458538ed199f0
9158 413c2a0a26b437fc
9159 565f019d24e12894
9160 545534dc09bfcc45
9161 fcf2ab35d2126413
9162 cb0a8841a673eedb
9163 fd118203a1b95657
9164 5096622952d0832a
9165 6e54595db365ce08
9166 bb0eca7ec9f62aaa
9167 11afbada257d4e16
9168 b9597c7f55832d85
9169 97865bdf55244aff
9170 5e4a7502ac7e08c5
9171 e563ae7a3bf0556b
9172 442bacce4f30b5fb
9173 b309ac38db39ecf8
9174 9a9348183951ae22
9175 6caebe9ddde350d4
9176 411095dbc074159e
9177 3bc782aedc683887
9178 0f42fbeacc934cc7
9179 ec8b6175c06b7a89
9180 2841fdadf4a74907
9181 30118ed4304f8a76
9182 1a01957afbdbdc1a
9183 9e0506003a349146
9184 ef02bc26c0a72148
9185 733f840c1dc609e6
9186 db294e9834a7dabf
9187 0b50a9b754058d89
9188 1f09a489181f492d
9189 acf43a1cf937e45f
9190 f9f71c9269c23058
9191 277e9f0ccba2e9b0
9192 9569c2ae5a9dbb0c
9193 a30ec0dfbcc4f278
9194 6cb261986a6d53d5
9195 bd91b041aa0ddbff
9196 10dd27163e5b3f87
9197 3dbc450e7bb2aa3f
9198 88a38becf38953e7
9199 903e4b9d4f645638
9200 236608d91480d47f
9201 91ee139afb28a18e
9202 6e1bb188c12b013f
9203 5d2ad03a0791c330
9204 f40e922150aa195e
9205 bf4861234f9b0240
9206 1778ae3daa214707
9207 aa8b2e16961425d5
9208 878359cb0ee23b8c
9209 9ea8405b07851947
9210 e06689134875262b
9211 972b729239389380
9212 b8db9b113d1c1190
9213 2ebf80eebb2f9515
9214 9cdb5c8ecb083489
9215 ca48d93035876d0e
9216 16da82b7517683fa
9217 6cb611f3d6be40ec
9218 168d8366b7fbfb12
9219 e62497092288972a
9220 18c27e7ba3e54d4e
9221 b2eb6080622d630d
9222 2c2cb331fe40b51c
9223 b6e2068e4831e024
9224 68f74cf1ce401b61
9225 67be46492ee46672
9226 5b89b5c17b4a15ba
9227 2bb62f52a04d8d20
9228 16059ea9c4718ada
9229 286e10d5620d30c9
9230 ace351f8dc96bd38
9231 d75eeac91c2baa86
9232 2ad0cb7e7fa085ee
9233 4f69ebcf72d63de3
9234 09729dfc63079fa7
9235 5f116a8311802a43
9236 e3780307c773c0ac
9237 5375e160585aef26
9238 8056660fb6be0c8c
9239 bab67d3eee0b0f19
9240 1b0833326b957a7b
9241 7d6c3fe0918d41ab
9242 942756f286a0b298
9243 927abc4b1df01a8b
9244 9238624ce377d8da
9245 ad8c0697a2056197
9246 38fa61d275e8a038
9247 f5681283ddeca1d5
9248 24e68c4ca1f937f5
9249 c1ccc80206e98372
9250 40e8872570db363d
9251 61f37cb5f654cde4
9252 47668bb3075a0dc6
9253 70e13885caa39e8d
9254 c18cf02882c47164
9255 d306986a53a40368
9256 11c222e0ceaaeff8
9257 60a75cb6211eb580
9258 00bb6e8be116d8a9
9259 7037b9ec91778ebe
9260 f411931b080016ab
9261 9c6d608cbc9814b8
9262 3f298e2f99b08b0e
9263 63578aab29c1580c
9264 f34acfce454adfad
9265 69d09afe2721b80f
9266 74d04a107e017bf2
9267 37b4d32546870008
9268 0a20befd14158e3a
9269 b117949828ffce28
9270 c760ca72c97e7dd8
9271 5237df1afce4af87
9272 7ef8a45cb891320f
9273 88d3e32d33f69cca
9274 434a4640e2cd2f32
9275 ebd31d34250ba61b
9276 29d8aa5f76d2f2a3
9277 0fd76ab1bc5a7844
9278 114f8045f34ec2a4
9279 6f13ac5ad6dd0e4d
9280 52aa27bef982ab57
9281 4da7128ba7b06b23
9282 ac2e6bf0ddb5a30b
9283 00d60da10d52b22a
9284 16ecc321b9de70aa
9285 6409b0f4760976a5
9286 2e5881ea659e8198
9287 a79ecc1632f08a66
9288 e537c2826c3aef6b
9289 29858454ee8dd283
9290 5b87c4324debc8f3
9291 54c6687893e69796
9292 11c0098a7c25328b
9293 61b92be011fe92ce
9294 7be76c89760816ad
9295 4aa86235096fdf45
9296 873d9c7f272f8363
9297 189d2fd5296ebd94
9298 7353b88565b72382
9299 fa3a85979bcb221d
9300 732a5254cbeb4ef5
9301 cd9579a6fa2c070f
9302 39fd71a80e67703d
9303 99a8dd9e5db5c77b
9304 e95ffcdd5557448b
9305 9fef09bd3ca39d88
9306 cd1701a7bdfdf8fa
9307 7736bdef68f7726e
9308 269731c15cd0df95
9309 6231d539c3283726
9310 50c7ab91fad2505d
9311 e16f18c2fb88c69e
9312 7093dfe222edc974
9313 e6cec255ab76d360
9314 7af6d2d082ea614e
9315 f38b1e4b630d05f5
9316 b56ed12ed4f2efc9
9317 2ef6b50437d23018
9318 4d10bedf32ac711b
9319 2fdc134f84c1169b
9320 2c506223c403a93e
9321 76bc3a9a6ac26fa4
9322 87a9138e5308c1da
9323 af66fd0547077a62
9324 4eeb36a7cb4c6279
9325 7a75bd7dbc4035b0
9326 f198d1a881a5a516
9327 e97cbc540c1573c3
9328 e76a151849ead5ec
9329 be12e62913868d9c
9330 7c5b0935b244918a
9331 d6c33c4db2ff0f52
9332 057a4f66c196c950
9333 00823c7736c34933
9334 58225ea9544559d7
9335 a99cb233490ea175
9336 043581e97d7cee3b
9337 1a31e12a700bf791
9338 1f82b986493854be
9339 bd15681df6c7dc8e
9340 1db0c5b16599fdcc
9341 58b9ded6e5ff2609
9342 06a96ef6c022cb2c
9343 9d04c453f7a5a2f4
9344 c96512a957835128
9345 7e392b47e80599b2
9346 e64da940fd817361
9347 f2bd1769cd955c2d
9348 cc196d490657e193
9349 59a947eb2e4c507b
9350 53139bd2bf5da13a
9351 0ce2ed920b4f7e04
9352 79d315f698b0671c
9353 2248ddadbfacafc0
9354 ef756dc4926956c3
9355 85b0f2bbe72fdf64
9356 9139ba2a63ed695a
9357 0c009ee6e638668e
9358 af5488fea39c2519
9359 4dda1e07320069c4
9360 e432b5388681bf95
9361 c9ac84f996aef65f
9362 d0c798d1f86d18ab
9363 2d3ebc5be70e5f20
9364 f4a96b85236d9ff3
9365 1d51df0495641a10
9366 455ecbd68c29af56
9367 76a63c66e4c15d7e
9368 a4521f5029e1de41
9369 938a5900f1d55d8c
9370 d5adae4c19a29996
9371 79ed263bcbddae74
9372 c299a57269185117
9373 413abdb67bbe725b
9374 96f06650a7804bf9
9375 50209ae5a84c3dc3
9376 4f921a612f8d1e7d
9377 447cace2631f4031
9378 8f052016c269fef2
9379 117c944d622971d7
9380 92b705a8c8ba3c92
9381 f363b092c09c5a07
9382 38f206918a1ddf9e
9383 58cde429234c4d95
9384 b69b48de4b29bb7f
9385 dd536916ace5961b
9386 14172577c0741500
9387 cfa4cf8ab510a9c8
9388 2e1267b2abd262cc
9389 52ac43305ff88f38
9390 4c2aa6fb3286719d
9391 c6407de65c399dc2
9392 35031986fd026455
9393 22586c3d25a8858a
9394 8bffb4d84c31e5be
9395 bfbc7beb23143def
9396 50243214bb857e20
9397 6cda93e91a77948c
9398 2040626486090ec2
9399 1a47524245ecc64a
9400 dde3578a942b4844
9401 9f75ea5b13f927d3
9402 9992696529b653e0
9403 415ed7086974927d
9404 0fde0c718a9469cc
9405 a4b0f9f62448f1fe
9406 3d07392abaf377d1
9407 92d69d0eccae7e3e
9408 049b92a5fcca575b
9409 cb8ebc7604f14e19
9410 f2898818e921296b
9411 4611e37614fe7ee4
9412 905718ffc090220b
9413 8da774c71e51e4bd
9414 2b830d3f4ef1462b
9415 9344fec6fb772c76
9416 054d91d920aefd7c
9417 d05dd6708ae4a93b
9418 568eaa18910e2c2e
9419 7671f8f90f3a990b
9420 c6d87a7619547fb9
9421 d3424b81c21436ca
9422 2ff14ce52f4a7876
9423 3410c107a714aaa0
9424 68494dc8422bde07
9425 26d74be13895d793
9426 3a288e1ed96cc5ef
9427 3d5714b75109cc18
9428 a5f9e3b9ec6547bc
9429 cbaf912a8608e102
9430 9c8e09f30ebeb512
9431 953d9408747f814d
9432 ee231a75cdbb62ca
9433 e25c60ad7dc3cd7c
9434 0afc3e02dd3fce61
9435 a8f4d976fa56fd92
9436 00be0fa24e90e789
9437 c2be1b380041d16c
9438 2d482d2e89e6a4fe
9439 32f9468da19c140c
9440 12ed9b88a2f5c414
9441 c857bb283220867c
9442 26de012a22f7bac5
9443 2f6a85de4d0d5de4
9444 acbd4ab98b068015
9445 b55dc967e32a736a
9446 315b85addc79668e
9447 534e817768c7e534
9448 ed04a3d27bae5edd
9449 5af64ea5bf0cbe70
9450 0c7eff9b2af3672a
9451 730c6f29e1007bc5
9452 3d361e5322bd2cb8
9453 5b544b01479d8938
9454 3cb237d443574d4d
9455 7cf360035083bece
9456 1230eb3505e1b00a
9457 fffa987447634ecc
9458 cdf04ffbd68070ca
9459 f0061bec401fce4c
9460 cc393570c5643ce0
9461 d07051063f7b45e7
9462 481b4e5fe4ae9649
9463 3913135dd7ffe06a
9464 d3efa70020bbac6e
9465 7b6c6bd8682dc26a
9466 f043eae21b345d41
9467 be72f080d3b5937a
9468 ee32caa1b93903ac
9469 8a789f6e087569e7
9470 cc70d07a7640c8c8
9471 ab357c4b1253a460
9472 572ef07ad02c944e
9473 b345ca87a845e36d
9474 a4b8a816d222f97d
9475 8a6d626c6f07bc75
9476 fd45d98e2dc989bc
9477 789cba1cc7181483
9478 fc3a7f6a495f9767
9479 fce222fb90b61cce
9480 797b9286f2d65b9c
9481 de5c0b49e425c833
9482 74e90f3ae365429f
9483 40f4797ea94560c2
9484 3940cbd7ef2e8aa5
9485 f98bcea2ec516e98
9486 db282ccb404624f2
9487 40710d86ed71c1af
9488 12c82e8a9f8d0a26
9489 a884c7e251b25c73
9490 4043ff12f43e91f7
9491 ebf404dedcd6b466
9492 4ba4a9408740bc0f
9493 9ba440d2910b1541
9494 b2651b17f9efbc68
9495 be2b6f71672c6094
9496 b8b11bcd977352ff
9497 101cacd94b1072b8
9498 a401228132bd7898
9499 454d12e4530bf9e7
9500 fddb179c70222b8c
9501 412cf05c7471d87c
9502 b1d8d03449e94e4b
9503 ff8b52645f31a387
9504 628ef90974201f78
9505 57c35ffa9189b960
9506 d8030516572db484
9507 18d05cfbd26a740a
9508 e76ccfa1cd9ca912
9509 a1d499d003075d2f
9510 f09b94c4e48ba985
9511 a5066cc3fb947fee
9512 8e02d5a4ae571c8e
9513 f75e6d5f5b202684
9514 75f9944d026f0b8d
9515 acb7f7649c70be30
9516 a34f5f35e2813516
9517 3e5bb5263992c8c8
9518 f0a9c1548c33239c
9519 432f9d4c58eca295
9520 bd8231f9e5b8a7ed
9521 01d433a0835833b1
9522 18d4a86e75f7f270
9523 3ea37ca518b76594
9524 1fda88a604fd4273
9525 9d6ed12d48247b46
9526 ba2f339fbd3ffcc6
9527 d6a59dcabe6cf701
9528 0ab0987e66295ad6
9529 6967e80167d2fbf0
9530 aa02db96a00eefb5
9531 eb541efe42d85629
9532 82a9b43b768968b8
9533 56f868744db65e4d
9534 02071c5bc8a38ffe
9535 6bbb54b54f665cb0
9536 f2ef543329fc55a4
9537 18a02ee2c8299ffd
9538 25db2d191018c91e
9539 0927dcaaabcf8eb7
9540 a94b28069783742b
9541 82a167f14cb27f23
9542 00bb7c607ef0efc8
9543 9a2a4867875e80a6
9544 08cfccdc05bacfc9
9545 67073aff6a576430
9546 4d45c4db500b07b2
9547 d61862b1a32ad4c6
9548 83f5212f2fb89f8c
9549 a2696f6daef06f26
9550 cdc8e7074a472e29
9551 da272d2a7e524405
9552 b237da05605e9dd2
9553 fe68c1d136fe155f
9554 fc19cab65be5843b
9555 e9f2247bf89fc1bf
9556 e3200dcdfac3e38a
9557 4841674712d38777
9558 fe1527da5efe99f0
9559 769bbe3b552905b6
9560 f908003655e62eb1
9561 eb8ee5c63fc2988e
9562 aeeb83d3eea19ad0
9563 a0af5be091aa480c
9564 e1d47e1e739c646e
9565 5b435b69b3bb9588
9566 8fa9f3e38189da63
9567 94906a7fcfd09d29
9568 a201752521628c5d
9569 7b571e83b15e7470
9570 afcd6e114e9b8d6a
9571 96c482c450325a05
9572 e0ae5b5bf2a65fa8
9573 ee89526cc7a1cf86
9574 e4331c0472afb3a4
9575 9a401843d4172001
9576 c74c0bf8b2ed26aa
9577 e159007f9f374fcf
9578 9141f893d8d5f111
9579 d018503c42ed37f3
9580 8593f5918b549888
9581 fd2246b6d8222748
9582 3a24a86fb005ea83
9583 6407ce16e1ab4bc7
9584 b63cbeaf8e5a870f
9585 ec93ba508a944d88
9586 392d7f0eceb9d98a
9587 75c2663d339d19d1
9588 80873887db1de57a
9589 479d9a3b7f26fbe1
9590 89c0151e94f27d56
9591 ab2a303562dd7dcd
9592 195009668bf106d0
9593 5c1273cc46dbf472
9594 2bbe574e9333a25a
9595 3277864e5db81e53
9596 71c8cb68d18e6286
9597 3c95a34c628b86a8
9598 04e6a7bed12ed233
9599 bf9f527de13e4f1e
9600 36ce879a4dcca98e
9601 bd04918ccc3468fd
9602 f742ee21900fa460
9603 e2eb16057d665243
9604 10546515dee7411e
9605 e90b4a9eba20e67e
9606 bd0738bc92f40368
9607 386bcfa9bd5ec9ad
9608 a1bfac9bfe066b88
9609 5e4b0799a846fffb
9610 83e13d6fb5083d76
9611 9d90a64779d8a665
9612 18636da44b95527e
9613 54b9a3c16c754271
9614 ba0aa98e9e455da8
9615 ac48dd2598f97e32
9616 2959e0c8fb5e9eb2
9617 78263e1de2fe85d5
9618 bf7cdad3d5a1f3cb
9619 d17121228c545a2e
9620 65bb8c043319e0ec
9621 d2e368a3112a3d53
9622 1afb7d99b9caa000
9623 c29d76611ebcf41b
9624 619a8776d9b84a20
9625 ad30132296074f04
9626 b0510eb7800027c8
9627 4dcfa6a771d6b597
9628 7b8a00eb31059e37
9629 e52f385335b00bab
9630 3e4808cc638bf1cf
9631 e25bbdaf14adf738
9632 294b3ca2556251d4
9633 940102c36690fd24
9634 de33ac5b40335c04
9635 6277aa6f875d7e51
9636 543c4a0397a4cd33
9637 730b2110154846bf
9638 73479de163a8f033
9639 bb198bfab60d7bdb
9640 801f4fe1cc45e8e3
9641 64849bcef15c2193
9642 9424013e156e1036
9643 9954c049963a4de6
9644 41c1530222c5f780
9645 211e27b86d7cb9f3
9646 330c4f977fb550e3
9647 5c2cc04f224464ca
9648 14f97b6a543e03b6
9649 1bc932f0f815a543
9650 60aff891c9f23ab8
9651 cbaf33b74565b73e
9652 74834aa1f8bb9eee
9653 2bae5f89405cb9a3
9654 c9a2e6ea1f9dd898
9655 458e1f46f028858c
9656 db104c97be722292
9657 8a6f0715e6e9322c
9658 fc7ef94e6a92179b
9659 39c3f1ff8997cf40
9660 7398fddeae98a323
9661 68950a0b38ee39c3
9662 703d77d79d58fabe
9663 6442802621fe0bb1
9664 5b1b38f1b902f253
9665 bf774dd9bfd61d42
9666 da3779bcede2ec94
9667 e10f1346380b0c7a
9668 0d39f7564aad43da
9669 9bae9cbcdd494725
9670 bae3c612773c2ebd
9671 0db7b053f6875d24
9672 8e4bdf9aca6f4892
9673 9a9e04ef0b79ea90
9674 966ce0765296804f
9675 de16acc50c14cfde
9676 a3dfe636e1d7a99e
9677 26eeadb7039030d2
9678 df095b65ea68e402
9679 c4fbcc13dfea6f90
9680 e203f5fce1f8b59a
9681 1c3d7dffa4aa1940
9682 1c54aa7add88ba25
9683 a0c8ce173c55d561
9684 0508ec7935e090fc
9685 81496c1852eed311
9686 5ae9bb090cef9c03
9687 e9839625c2a11bb1
9688 4e8869449e8ff330
9689 88e82f3d70541bec
9690 64224ba6b37ca483
9691 b58d6c68ef4e97eb
9692 9ae1dcbe61d460df
9693 36d803ddbe62dc95
9694 24a0c98c936b2fa3
9695 e2393b92cd518fed
9696 78142dcfd82b18e0
9697 8eac82fa2c905803
9698 d0bd56d743a1e932
9699 00a2e3f632746da2
9700 ea43729de9b10017
9701 51d6cb966acf7600
9702 b3b6e9698cb07e5a
9703 16a4ef65e41352c2
9704 04c9b9546d6a4b2a
9705 b0b1d0618fdd3b4e
9706 38bf0fae8a15b1ce
9707 63e443716fd364ae
9708 b58e3ec523d75238
9709 ebbfc88d8ca2da36
9710 cfc0017c5ac1c378
9711 59d7ea4dab463d04
9712 bf21e5d507fd3c33
9713 a46a0886173ef303
9714 b9ec3b955d689bf1
9715 07981ef41f26ce05
9716 0affe9422d60b23f
9717 c88622a33608cb80
9718 d2f2e0b079321a07
9719 eee2530e57151a10
9720 d5bfdba9253f1d42
9721 6951ae4a8ce14648
9722 f2b6dd12f1b55f61
9723 04eb3b23cf7768c8
9724 cbd69b70394b038a
9725 e066e792cb784fc2
9726 156079c7cfd7c49c
9727 4ac44d1e0cbf6b1b
9728 a19afe489dd09804
9729 cc879048ba56d234
9730 f74c421dcb0cba4b
9731 cc4d59ce9bb5c787
9732 d05721b757c87590
9733 a78ca06bcfa9f681
9734 7128b17b4a89fb22
9735 f141d914716e0f98
9736 a4a4e933befdeaf7
9737 54b19f0a297de293
9738 5712421b69c66d34
9739 086d18dc3e2e9996
9740 e8d669500388677f
9741 b4b8ebc3c0b9f77b
9742 7b735a3ea635f94c
9743 3e673dd0589c941e
9744 888482736f5a092f
9745 b78b87b1b67fa124
9746 6775afad80651b3b
9747 a49cee8b67f72345
9748 2089b773064ebb83
9749 b7a4f55488164597
9750 9f494a14a0f21d60
9751 09f9b1b9a7ca19da
9752 5e6fc6ac304b720e
9753 1ad9b2b76cf37151
9754 dc14a09d0331b250
9755 c5f76737e2c8c800
9756 1eec8c256bca38e0
9757 a0ba69c7fdbc3bca
9758 c34c502d98d85ae6
9759 5c033b9703a6bd45
9760 df03c9bd33995742
9761 afa2c826ba21c053
9762 001fea1f23d2a02d
9763 651eb359b605da0b
9764 bc35aa59a36588d3
9765 555267adaad4a4ea
9766 a798bc90da46f3ed
9767 3352a3f906fc41ac
9768 691af2fe4d6a4f1b
9769 5306d7aff6d8011a
9770 b13ea7c5e42d2748
9771 e94bcdb4debd9ed4
9772 0a7ccc50c32583c1
9773 52c19dbaad3cfcec
9774 be75c32ddcf09df7
9775 4ba305b9fb8a444e
9776 8766b92e54ab86a8
9777 4ae5db03a20aa4f7
9778 a4d2bb3c511f1c01
9779 e1cf8a4709f93edf
9780 4e800c0709771560
9781 acc0cad8ac3b7ebe
9782 71d3b80a456e18c1
9783 da3a2f00a659f1f6
9784 d168a54794dd0868
9785 685c1aa8b3167fc5
9786 9e357db0d870e9ed
9787 34b23959a10434b0
9788 abf23d070e7eff48
9789 d3685d7a615979f7
9790 b26aeb48dad4fa10
9791 802ca758c4f95511
9792 00dcbd559f0483ca
9793 0c7f428eb5aa8837
9794 fcc8ee362dd8c0cf
9795 23de19b8835c35ac
9796 2e6f2281a213eabd
9797 6df7219408c20aa6
9798 8624243aa9779c0f
9799 e370751dc3f27a26
9800 d7ae9665f4d4bcef
9801 8107a0e458e9d4e9
9802 ad14ca25752f4011
9803 0328ce70dea1580e
9804 83b914e1c9fb4d21
9805 474713629cb66f79
9806 8f83c973be61dee0
9807 b6a482e365b7de09
9808 337ce3e749acb931
9809 ded83111da5997cc
9810 5932feb98e0f500f
9811 7a2d9037b54ed2f6
9812 8773366d57ee1e57
9813 5f42f937d1a61177
9814 787f6385bb0aa1af
9815 a21c38729b682548
9816 2733a2d05c6ac70b
9817 5d70b0a263054454
9818 fc333f76c1c648e1
9819 fd57cf8609111216
9820 46ac1f81f5f3cf53
9821 a8dea4c118c9efaa
9822 2bca5c1c9095ccff
9823 1ffce6339d25dea5
9824 f7d881ccf0478b77
9825 19e6b3c4249c69c0
9826 a94561d0fe282d6a
9827 0a32278a53c2f17e
9828 f15493bc6b3de8e1
9829 bf3c640bd2ebfb6f
9830 f2961f4ed429dd88
9831 fca30b6b7ccaa880
9832 314b5bb07e412461
9833 8a3f28f6cc3b1c6c
9834 aa02ef78224b4bce
9835 896e1ea1baee053b
9836 3235ba887fedb82f
9837 74cbd1ba5665b8ec
9838 09107d6198a78123
9839 e4b907675a804488
9840 63f1440bb21a6b5d
9841 4be478878e43814a
9842 05289eb4a429efc6
9843 e9cf30b847bc9ed5
9844 182b04553674307d
9845 545da38b14da5443
9846 233f285725ea7a3c
9847 b46f0b63f471fc3d
9848 0fe02c9767886528
9849 5303ee90d4269aaa
9850 5f477525de2101fa
9851 eb0eaccf8af27b73
9852 18559fb0ccc2dbe0
9853 9f3591da82e5b368
9854 f623719b5b56729d
9855 6e22415eeff978c4
9856 29894732ff82ffa0
9857 724aae002febfe90
9858 afb4deddd9bc9738
9859 c4bc99e80f99dd39
9860 209fb5ddbd005ce8
9861 666a871ebec7cadc
9862 5676720c3a2f77e8
9863 a659dda229206235
9864 91eee64c3976223a
9865 de3a6298d67d1c2d
9866 276397564bcef564
9867 aa06c41c0eb83007
9868 b6a9cd9429d47b64
9869 7c9f4e812afaa949
9870 480addc0db33b541
9871 7977696ddb80b896
9872 c4baaaab29e564ae
9873 5da2801c6be9d2ef
9874 99cb00b1021e4c15
9875 d31710294c2a00ab
9876 2898a8bf44664dc8
9877 3b14068f27980c28
9878 5047d46d26aa1995
9879 68ac86051fc66749
9880 253a9e6911048962
9881 724abbd5ef8a09af
9882 f128d347e7754479
9883 22f6b4da61ab9385
9884 91f4ced7b870e868
9885 ac45b8b98127bf69
9886 cad87cf41d1bb36e
9887 aaa30914d717152b
9888 9e9be9f5cd0d0666
9889 4c8bad15cabdb071
9890 9701522c191eeaa7
9891 9c5253d59c52f2f0
9892 65d731d02ac8773e
9893 f419074987ba583e
9894 bc4a0901b23b4b71
9895 0174f97fa6a2bffa
9896 67bcbd56a83827da
9897 e4d2b6f788bc9327
9898 dc0580ed8b8f50f7
9899 61c3dc97e5ef72c2
9900 b464a41070a5848b
9901 29ccfedf9e1f4891
9902 0be1bbcf398ada46
9903 4b621db7848dbb13
9904 bad5d6b8dec99838
9905 2ad973e1e447e837
9906 b12cd568e6765cc3
9907 347590825ccb73dc
9908 8972ba11f0c34d71
9909 70acde56351e8560
9910 ff30dec731080819
9911 c2838217e15def43
9912 6361a312ebe78b96
9913 7acddd61e9e5975d
9914 48b4c02bc474ce3a
9915 d9a8c4e9ebe0b5d5
9916 91c70e82aef22a9e
9917 74a27188123d8f09
9918 c13f8a7362961ae3
9919 bb3f6f8c4a778092
9920 f1161055fbff5300
9921 ab2a5a8652030117
9922 cb815b8ecff68358
9923 36d7c2897e3b59a5
9924 3362aa7282478f24
9925 6c4921285110fba2
9926 ba00250949b9a00f
9927 290484195c0b345d
9928 9d2c0b24680979f6
9929 e3f0aa6655891c79
9930 b02f5769166b21d7
9931 0cdd50ef3c86d0d5
9932 0879c53f76ab4280
9933 b3c5eba08950ab89
9934 26dd7e7823f98fa8
9935 857a1026170f8702
9936 3fecbe013f0df97a
9937 a87b98a73b1ee089
9938 ecea1e2c238702ad
9939 27a4656a7e29a634
9940 9400fac71dd2a136
9941 4a1f0a4fb5047336
9942 512d8fe6815b6cc1
9943 29e5b2e32da9c132
9944 dd62b72873b019d0
9945 0db8cabeb8121391
9946 9535ff1ff2bb2813
9947 69ad7114f37ad5b2
9948 1888e7ed59eff7b0
9949 a215d0425c09981b
9950 413e84169482e8f0
9951 627a11637676da37
9952 d4a2c2722f76f287
9953 2d3f8c8818896913
9954 6f83cdf521f35b5f
9955 4cf70d0aeebe4a3e
9956 9c96eb4b0f2c81d9
9957 9d24b83fc147f76e
9958 3bc96fbc77e14008
9959 00b84ca97f42b0d9
9960 74b98f5737c81460
9961 7f4400b14e126a92
9962 550d816b9db5f81e
9963 447c256a5d95cb53
9964 aa3fac6ab8fee688
9965 42f3f409b6367687
9966 685650d239c44e97
9967 833111e6bcad0f2e
9968 de041bf01c007aa8
9969 c925b751fd72257d
9970 1cd038b7c0d4fcb4
9971 1567b354223cdd8d
9972 9b6c8a62475f676e
9973 45e58893fcd422e4
9974 1e6725ad0d90d9fc
9975 52295a17b78848f5
9976 41f36e73b43d4f82
9977 4ccc2bc7e8a1efd9
9978 c7ee08e515601a09
9979 79b43a50198b9237
9980 51e3ebc36cf8b8cc
9981 e1d593486495ae71
9982 1ffa83f8c9c7a500
9983 8e2c6be4e69b69dc
9984 0bde2de32b9a1162
9985 ead021b8cef6a5cf
9986 f43bb9dae5ece845
9987 186f24473649ded3
9988 86aaf0403d6ce030
9989 2c8a762f05d397f8
9990 b3077db821c2ee89
9991 fe3095f1873b21be
9992 b57bc345aa59541a
9993 d46932fd1be1b383
9994 fd0775da9c3211c9
9995 2c0fc06f020991fa
9996 5a1088ad4d6bced0
9997 0befb7ed4e88ccbd
9998 d2737c5e0d1f37ca
9999 59a83fccd23ba2b5
10000 a1fcd5b109b3dede
10001 0eaa44b53cd28055
10002 1e086ae14d0591a3
10003 ac3802a782dfc928
10004 b41c0a26a150acab
10005 61f1ddb3b9ac20fc
10006 8d9709695a1e57cd
10007 1652304725953b8e
10008 a8247dc240262b4f
10009 4da27aed1ae00527
10010 dfb5a0e1e0ed72bf
10011 cbbe1ff6d6f22d72
10012 8686184570a683ab
10013 41ae59e48df5d799
10014 16d94b2a7c1dcfd2
10015 5adb663f8d72c922
10016 b324accef580616e
10017 755affd37fb78545
10018 1f066df6aca899c4
10019 06147ab3d4a34fdf
10020 7bfc6e58bf57f332
10021 34403ec82f37c542
10022 eefb6cc0d100f8cc
10023 18d74e49acae2d03
10024 e555ae5ccabac3ae
10025 e46efd116cdd2a85
10026 f8cc37e75761dd86
10027 e90a47e2ab8886c5
10028 9b15047814219f16
10029 096d50a330f992bd
10030 2a238229ee20f2e4
10031 ee4763b751eb7d02
10032 851f17b2f8995dba
10033 602e8982fe849bdf
10034 c7cf70434261b3bf
10035 d05055fb2037e685
10036 5bd2af1930607610
10037 55bd82af1d4b7ed0
10038 8750dadb4ea5eed1
10039 bb64aba80ea0bc4f
10040 ad20c6af35ddf766
10041 36f0fa306050f5d5
10042 6bf9e2990e1e9c2f
10043 8960b4af9c6e4b60
10044 07a912c24509f800
10045 8b724942478a2635
10046 526ea886b0a31ad4
10047 fb66b970f2f39a87
10048 c1311ca4e626cc6f
10049 505bf8934596f905
10050 5d61585b6795f8d7
10051 edeee243167dbb8e
10052 e58b4d5b970253b4
10053 cbb92548857ceae2
10054 fcccdf50367c02a1
10055 26fdfc507cd793c6
10056 9fd1a17885c0eb59
10057 6cd2aa31874d4627
10058 94820417f0f6671d
10059 d70bce7985a8a928
10060 015bccec87836d29
10061 38a74c3952e6f50d
10062 66e043b81292936e
10063 27b1cba99936d695
10064 a281c5f00f7b8f9f
10065 8bf51395f1e4497b
10066 a398a212a4cdccf3
10067 41af34d980bf5d38
10068 3dcf311120c1cbdb
10069 56f04ebafb3f694d
10070 185f9a1d3f9eb1ad
10071 dc328ce291bd7954
10072 b6fa7c7e54325e05
10073 6fc44115a370c24c
10074 85232f408f14acd9
10075 b9dc6fd9be86d968
10076 34d1bb75a92d2a17
10077 3f1b1acae69b8ed8
10078 1ae414974e284e48
10079 fa6e4024f9a704d9
10080 532d5cc837413e75
10081 9fe1b5912521f3e0
10082 c360d0e1e22b6e90
10083 60cca8fd526b03fc
10084 0b4f117f95eec3b1
10085 8dc3c90f0b591fb1
10086 ccd5ea1dec3ca98c
10087 cad56a2860648cc4
10088 3fea4eb8331aac13
10089 0e5ebafd8100ac34
10090 bc94ab022f85f5f0
10091 29ff22e7861b15e4
10092 50ff5ddf48934ac7
10093 e5247ec50bae5d76
10094 4ec8da24588f9c9f
10095 cb28b3680fc8c04a
10096 5f5d160efd599a9b
10097 c59ad78929d9686a
10098 e7b7e8f96b488b2c
10099 bed97d94430f8b51
10100 3e6e0f5b4716ffdd
10101 e357c7ff191fbcd9
10102 5799eeda91af0fc8
10103 f1a2b03af7063c97
10104 ba676857595c5587
10105 417eaeb42a225a9a
10106 91bf1c14429fb82d
10107 a3fb6b556c47017a
10108 84467c3f8a2681a3
10109 0acfd78dc92cbc97
10110 ae52f21b7359d6dc
10111 7df7fe5d527adc3b
10112 d609854c33013491
10113 678b47ddfcffae7d
10114 427d99b1e78273cb
10115 6990e67d7e429438
10116 4e9b3662074cd187
10117 2347928f60588f6a
10118 883559254ef7eb05
10119 d6c6452cad45747e
10120 243e96106e55f1eb
10121 0245abe265e59dae
10122 1278e17e5f455eb3
10123 6028872cd29e5c46
10124 d591cff5c9e4cb07
10125 fc036fd801d3f00c
10126 bd4cd72fde04f980
10127 b14c1ac9a07803b5
10128 bbe5036b3c1b1167
10129 5e967727c4dbbdd0
10130 bde2ddebd0a163d9
10131 c87e08962f994252
10132 bd79f284bbc7a45f
10133 d3d4dc0ab9160839
10134 79b77768d89ce68e
10135 51ed1031448ad5aa
10136 2ef2d1642c35914f
10137 f8cccb829ef53e34
10138 d4be66b7d5250e94
10139 b3ed7c74253e6974
10140 53c00039a58f8727
10141 bc83f5c48f5362ac
10142 db6ef446fd4230e9
10143 1630c054c33a1bd5
10144 45b2e4dc6178dbfb
10145 31725e5b506854be
10146 cfac6e2478452212
10147 80f05d2a6564f627
10148 aa7cecd37b2a28dd
10149 6141fcd1ba6cf173
10150 7351846130ac1646
10151 b51d65ff048b2f03
10152 119ee24f51b227eb
10153 2e5de8f0d93613d8
10154 879e154e0ed74b8a
10155 0602e451d78c0a01
10156 139dfcc4aeb07a91
10157 375c721dc0042ebc
10158 5468f24e5323a70d
10159 d1763776ec318cee
10160 ea1a43f42a10a7b9
10161 b96e188a35ea5b17
10162 7ea70f3582901621
10163 b3b0289ed143da1c
10164 9cb74c79373bbec7
10165 99936abce03de68e
10166 a1815a6e9330a459
10167 54071b718f066602
10168 523e6d17b5f51741
10169 6a900361afc2cd25
10170 0bc48609458bc463
10171 516442032f152a22
10172 46612b27c29f36cb
10173 8b6f4ce364b20606
10174 609b0f16d3983508
10175 688ee4843c532f47
10176 71a9d2d988807cdf
10177 58e07fdfc204ae86
10178 2a3d035b2260cb95
10179 d48635e0d66f588a
10180 800234faf93baea9
10181 d9852c5d02c3b535
10182 e2e4a698207f1c15
10183 591d6c687a1b20e4
10184 d50ab65999843bdd
10185 70a851da14b34510
10186 66a620fa8c6cd580
10187 7dd8358f45fd655e
10188 7192a0a979a425c9
10189 f89ad9d1dd4e6e42
10190 62cf022c051a8ca1
10191 7bb1de8a2ca07a9b
10192 be24fcab3e269281
10193 0ad6592cfca9ef4b
10194 d77d97a43984e1f8
10195 c5d5f416c9820cbc
10196 ba031f48eb340f99
10197 539191388f991e93
10198 9e5f7cfb83aa091e
10199 e239620ec67194f7
10200 90b02d5e3301f3b5
10201 5f3614d1f3161fb2
10202 89a3104068799d52
10203 3746a7a896e18de5
10204 0aeeb0ba9fe5a293
10205 48e726fa007f909e
10206 18e0a32e941047e7
10207 23172b06e29965d2
10208 24e18042ff13ffdd
10209 9b4daa9a0d0a0760
10210 915c3d401cda333e
10211 9722a856f5236371
10212 44ed33bfbccff024
10213 318b8a3a74f0d4f7
10214 48d6d6d525e62eee
10215 051839543b356db9
10216 b451c79700bb48ca
10217 8a370b54bba18cf4
10218 f8f88bcdc3e388e2
10219 b952b2658ba198a9
10220 f19192a101f96a50
10221 3274a49f83b741ae
10222 c92306d2ef855fd5
10223 e057914e8d654baa
10224 7a90930477ddc8f2
10225 32292876940fd7a1
10226 787797a42ec18ca0
10227 80310287a664ca8b
10228 015dee166f6e677e
10229 613797ae4352a582
10230 aa25593bc30bfdc2
10231 b538e24114f284a5
10232 75bd32fd209f935c
10233 442b37d680ab97f1
10234 ba3094ee0d2f20c8
10235 af207686dd149c59
10236 c5de7d2b30a5a9bc
10237 00854a0e206c299f
10238 91a9ca0243744424
10239 b40ae4e4b87d9070
10240 2c66d10c64c11e08
10241 575e7047756ca187
10242 d257ba9867f1b8a3
10243 d9fda151724d0525
10244 c754becb2ff45490
10245 dff01588a39f479e
10246 33343b6401f17b99
10247 3e3236c6c29af9a9
10248 5a5c74d6a6c26190
10249 90c3b27311e59367
10250 728ca07e56a69193
10251 4a4174d53f931d1e
10252 0d239719f8ccc0a0
10253 e4ec3d17e9a6be57
10254 422a30038119e6ee
10255 8ce2abe146c851ab
10256 22d7bc205ee7ae90
10257 168d6244eb9942f9
10258 16701712918b8795
10259 5ff734cd50a5abd4
10260 2917523b20b20b42
10261 c16ddd39e604d02e
10262 81cfaf56192202b1
10263 79b010dffa145090
10264 a1bfcd97d08c4ac7
10265 c88bb0cc27b30267
10266 39ee1f27a9118a8d
10267 cc236bb37e047ffa
10268 9b12d3c3ec405e69
10269 ae609131aa28dc5f
10270 df79416d03b53172
10271 938dd4a99fbb73b9
10272 5584e8a35ec4a687
10273 7186dbcae8808971
10274 8c2809934d6d9303
10275 559b1e63775c08aa
10276 0dc76b625b71c759
10277 38e75ec5c3f22bf7
10278 04e4f7e1fa3619bd
10279 f221055408cebcf4
10280 a9a63a7e0617d3af
10281 a5aac3b33199e4e2
10282 4e326d112f83e31d
10283 1fdd34580ecad08c
10284 8461cad7711e3489
10285 804f5cdf2b47db1c
10286 1eb1cafcb80501aa
10287 3618ebc870097dbd
10288 31a38703744f7ab3
10289 9cc5df8bdf02f010
10290 d5836f2963c4f8fe
10291 7e77938c450d5998
10292 7bb4016e467c36eb
10293 993b49e71b3818c5
10294 ba84f29cbf611d0a
10295 40f5a5be7fc98e10
10296 3bbc0590fc0f6da3
10297 2e650419fe96d2c6
10298 a250afbea2e0eb22
10299 0caf9c79375a5574
10300 33a686056e181ef3
10301 c9d99bacbfd61799
10302 c03a080e51a20516
10303 d17b21298b04fe9b
10304 07ffb84aced00c18
10305 ce822dfdf4d633a3
10306 bc028379ae8df79c
10307 8e99c69aaf205dff
10308 78993c6e5a086ad5
10309 da423c1ad0498038
10310 841e05926d9df19f
10311 c0ad8dfa91e43a1c
10312 71a1f7ec3296d5ec
10313 65e80fe2c4c9a087
10314 c64682aaeec6be62
10315 3b4c82941b03c14d
10316 e4bd6043d765699e
10317 fd7d1b4aef64b6ea
10318 1901a7cf683892a7
10319 1b1d17b417bf7b22
10320 2973365bdde83b89
10321 48aff782061378ff
10322 d33e9d9d1edfa716
10323 88d2eaf8dcf833d3
10324 ba31ce9534dd10ca
10325 bb7f92abb9342654
10326 ac36f8243c9958a3
10327 161f59e83396357a
10328 56812905745581eb
10329 39f85be0de069876
10330 6b0deed122ed79e6
10331 cec6a0a8e2d8a435
10332 a75889a8a57896d4
10333 c414c42f97df6d39
10334 d4f873541f284a09
10335 62e383e9bdf32682
10336 4b168fddc28850dd
10337 bd83fb1162d230b0
10338 b6f099d779a82af8
10339 2b022306fb81e947
10340 03605680540b4a18
10341 960b9fba47154f37
10342 1d504e91d86463fa
10343 e2fd9bd9436908e8
10344 74d5aec6a4c30b23
10345 32b97d922d92cd20
10346 e3b3b448e4a6c637
10347 cc640884a26753bb
10348 e8e2080396b1c746
10349 a9a490dce0c2dfc5
10350 4dfbec49877775fe
10351 ab52469ebb34a41e
10352 c81eb9dd8f790c2b
10353 c95c0b6af8b6c1a6
10354 41139ece76adda79
10355 821a6a391ee7aede
10356 ddaca0532bfd296e
10357 7de680a4d5ad6883
10358 a8c4e8aab1c7564e
10359 df6a280acaab3d79
10360 6df67c408a535ccf
10361 6b71c0e63639569a
10362 fd77ee12057d5fd3
10363 8d2c2a6e25b8554a
10364 d04db8a3445dc202
10365 030d72c4f378a519
10366 1dc1cd5ece76b210
10367 21c8ff1e77b0c199
10368 2355612cf4883930
10369 7c620fd204476f0a
10370 993828a3f6c17185
10371 837be62be1827254
10372 0b9de2694d4cfc49
10373 e8dbb2936baaf981
10374 b5606349df563c06
10375 4c6dee87e89c31c1
10376 fde21bd37a77182c
10377 d84627a8e347bffe
10378 5b141d8c885da335
10379 199072917250d656
10380 f5e09a1ff90cdaf9
10381 1bd5fd81597be6cc
10382 afe45ab5f8a62eac
10383 05840c839afd442f
10384 953f1a926f6c370c
10385 0a61b13b27f18db7
10386 588654908c06ef05
10387 cdb0be85e8e95220
10388 07dc885664182faf
10389 1b54bf6c2ea2e760
10390 71d05fe37c417cc0
10391 eac04f632372332d
10392 a1f12dc478342f28
10393 673f788c294bab17
10394 c60a285dd4072144
10395 5dfe0004a8ed6e58
10396 48122b2cd4d06db1
10397 fd097c3a8aa071a4
10398 1d163ce271a34ea7
10399 f882a9e390b6c267
10400 a13665aa70262016
10401 a1204240557d35df
10402 bec29414b118d70e
10403 09e64df75344a8b0
10404 9039cde4e0b37f13
10405 33c909d031232cae
10406 d7722bb9b3fd61f7
10407 002da0f00428a5ce
10408 d066c207b8d23c34
10409 6e51946e6e8c03d3
10410 f853fd3ac8cdbcd2
10411 9acdf500b24f4b7f
10412 e23c4e7a892b4463
10413 748d2acd19a54398
10414 775d2f9150241c07
10415 eced302dd9d4a162
10416 6995b05604065ace
10417 69625e937fce137d
10418 e470580e6b72fdee
10419 a0691dc1301aa3ad
10420 9cf3b4ec6b8f7028
10421 98b93185e2e582b2
10422 d5e2088b0d1d7535
10423 f1a74f474604d7a2
10424 e9273cb96b7d18e1
10425 4ad4cbcbf52b5ed3
10426 3309c2264e0034d6
10427 e661333532000fcd
10428 f1f243077244f71a
10429 6ec080371d3bb8e2
10430 da87f61f3f50ca8f
10431 2866d51a179e857e
10432 3d78aa39c1703405
10433 33e03aa37c9df6b4
10434 6dd9870c55be44cc
10435 2fe16b566742f261
10436 fbc2b255d4890808
10437 1d240281a65dbba3
10438 671d1c2c63c79dd5
10439 9ac37876dc1b43a4
10440 2a6ecfb564b40a25
10441 7d0fc0dc0361f44c
10442 a4392d3a02cc616e
10443 a59c3dfcf2bc8745
10444 ab8088d7193bfb38
10445 0090ed84bf2df34d
10446 ae25f5ed14c19670
10447 3acdf1bf0cf84c96
10448 e3619cfc8517a679
10449 074737055139d331
10450 81493e47bf3d482e
10451 0190c2b73707f146
10452 811d8f7c23f96191
10453 215bc2ecf260aeee
10454 117d0b54dc96e16f
10455 3014e1ed7655de01
10456 0f157dff61ba15da
10457 7559ebf093eeef9d
10458 193d797fde0e4b0e
10459 1b54e4c92d40653f
10460 404a1e9857f2708d
10461 85c46fd6b65119ea
10462 3f3318ffb849e829
10463 1130b97b092d84a2
10464 fbaf6197fb12ad54
10465 f8d7e5858d721169
10466 007b0cd8139a9c7a
10467 d885729f5fdb90b3
10468 68deb51d87e8768b
10469 e1fc55be1d808e2a
10470 291d8bbd21c9f07b
10471 7e297261c51afc68
10472 c55903d0faea9737
10473 88b43862cd6c375b
10474 104cb0604a4ddd1a
10475 d3afcc3fb8ec5437
10476 eb3da7fc8a232430
10477 6e2d8d15d5362bfa
10478 8d38589e858eec07
10479 ea920981e3daf2b2
10480 e858bdef60068793
10481 99d9e305b0e3639d
10482 6ff5547fa6608499
10483 b05047182d06ddc1
10484 76ca25c5a3d9ef6e
10485 3061796ca5a15dab
10486 8576f7fddc14d8b1
10487 96113a15e9b09fb6
10488 252d8ad3488cd367
10489 c3efb8311003c2b6
10490 a658451149c8c72e
10491 c1073d131181a40d
10492 599b78b8f841ccd2
10493 6e393eb6a5ba6bdf
10494 c9314dd7dedda605
10495 25e1dd1dd33ff3f6
10496 1d7eaa938f9488ed
10497 b5b3e9c7b5c2638e
10498 3c1652a7fc64e3e7
10499 d98f6cede78f0ccd
10500 32d00ec2f0e85d82
10501 d4950d388d661f7f
10502 d21dc50dccee5c80
10503 6c6a8cf48dcfdf02
10504 7de4dfd2922bbee7
10505 efaa6874643c8388
10506 9eccd14b1ade91db
10507 41a4942c9f3a3127
10508 d8deeb49cdbc4bb2
10509 3d5803964b23c403
10510 61b295007efb8fb0
10511 6ceac53c154489d3
10512 f0d9d6cea5bf3fd7
10513 2ecd2efda5ca5b8a
10514 a8bcffafd776298b
10515 1111ec419d1b1864
10516 6667f7098bd8ccad
10517 b4fdbb5908c55120
10518 1bed08c41b2d1b33
10519 582a8ff1fe58deb6
10520 d5a96812a274d234
10521 319c4f29b3b6735f
10522 e5f19e2ef630db5e
10523 b8726d1dd75de573
10524 4f0c268a1da28826
10525 7f4bf0931a33de04
10526 59b02b3f904ae67b
10527 eb27f49547f4b612
10528 b524ce1e3e3fc6ab
10529 7eb499854b484593
10530 30fc01b181014d6c
10531 e1aa329ac0cdf57f
10532 4406dff47c0905a2
10533 5d4e1724fb96b764
10534 b6f26db71b6cf2eb
10535 0f1eab1ffb75603a
10536 2eb59c91899c6305
10537 3286bce5f2a3a910
10538 5f7780affceb6046
10539 71c42f0aefdb38ed
10540 7d6ee5186f1a528e
10541 be9f35734042f225
10542 2cc6af01ae86bd43
10543 6afaf5942cce2242
10544 541a214cae0cb1f5
10545 ab7dc82871c33d86
10546 9db1633d8822969e
10547 d1cde54aac0ebde3
10548 c02e3f84729bde0e
10549 1f97e96e6edb32e9
10550 74016911132e734a
10551 52c302a2ef2ec616
10552 ddb4eff7f6438241
10553 6edec6af5e276398
10554 3a3be24ff389d0a3
10555 5943e7818b5a2bfd
10556 ff88fc87fee5624c
10557 66695596b79745c9
10558 fb57b52173395f6c
10559 1521e385c3cb5fe6
10560 18be5d26540c1a6d
10561 b954b0046e6ca568
10562 4344a511ba453729
10563 33d1669bf0e83e8c
10564 9a425a6d5a2369b2
10565 1a24dbb158c7f615
10566 32a93872a766e624
10567 0823de96790422d5
10568 22da74e6bfb7a0dd
10569 da8b0d123d909868
10570 a9a57e1bb81b6bc3
10571 3483aab5ee66d77a
10572 016ddc60a17bcd60
10573 4e9b104e1adbd1a3
10574 e34b94a011eee350
10575 b4c1939e7116a2df
10576 90476bd3f4a1a4aa
10577 020e98829e5ecf9c
10578 b22763ace764411f
10579 5ce4828dad4946d0
10580 5b4ed311e54b62f3
10581 de803d687721640d
10582 10de731b4dbdac74
10583 5eb9dce06f8014af
10584 cb60a6d7bd43e580
10585 ceba44470b4befd8
10586 d6b8e096a880c707
10587 67a74482abdd534e
10588 11dcb5fdb80e02fd
10589 f66cd5ec17bb1a92
10590 da1875926a3be96e
10591 b4c77e8f6dd62283
10592 89f8d56a8cb409fe
10593 5003e1f62e96263d
10594 8e3a8f639b9973bb
10595 84bfc19b22bc7cc6
10596 c0cf43935aaed1af
10597 8313818a050bd16a
10598 864572de893a7a10
10599 26d3f8e1d706e957
10600 2ef1207498d096ca
10601 f59c65bb3e38a5af
10602 d0b19d8c712fe086
10603 ca6ad15674c499ae
10604 bc774ee050d25fa9
10605 9a9aa41770bbf51c
10606 59de8b39a78c2001
10607 b6594f724e9dc94d
10608 2afa4c556523c5a6
10609 1ba0706402dba405
10610 b4bcb0bfec3c1d58
10611 2a1a57d8cd06eefa
10612 d4af42bfad3bf36d
10613 0f2c468bde4e373e
10614 b13db89428b8cc75
10615 f91c058299bd6bbc
10616 c573a5f8c5f8e3c6
10617 8f3ef455be697089
10618 84f4946a8cc1787e
10619 c3232e0d55b2a50d
10620 b86c8bb1f7069739
10621 1e4aeebd65927074
10622 e7b55e70ebd8a427
10623 9aec67a1e2ddeb44
10624 456ae14a23dd54a8
10625 8cffefd8a7aefe7d
10626 9d97dc47894f3d3c
10627 6199f8e08bca1f44
10628 67afcae762148cd6
10629 0e07b50538598bc6
10630 ad02c6b187ba38a3
10631 08f322613766c73e
10632 4de8c7193c841551
10633 281e05223b447eeb
10634 9193aba33ad3a086
10635 991b4a80bab47957
10636 91386cf6c8e8c0ce
10637 712091191412be8a
10638 3844713f583a0825
10639 c500c817d20a23c4
10640 3060274e96a8407d
10641 7e8bf9399fd57fe4
10642 172c3bb8ab2a2e02
10643 4aec2324f1d6caf9
10644 0b7fa1a6ccdb0610
10645 c9501ff2b2a2bc05
10646 4952d96826bdb119
10647 e39711a971362a66
10648 9ee1e3560703c1a1
10649 37a2fce37e39f28c
10650 72379ff2d2ad41e6
10651 898854a4c91584c5
10652 0cec0cb6fd25ae46
10653 d601837542312df1
10654 65fb9d31219d8b04
10655 08b9d83f064872c8
10656 52a553d9819431c3
10657 e7ad20385de50f9c
10658 e8d1ac0fe6759513
10659 9c88c51e3b9c38d9
10660 354be59795929c8c
10661 f2b3548bab3a151b
10662 c12bb413f1257eec
10663 6aea190deb5cf43c
10664 440cc1b0ffef0745
10665 ea62389ea02f0f54
10666 d60ce3e0b8548667
10667 3613bec662e75eb8
10668 d960b9d9fdaf3580
10669 b81616cfd85d9dd1
10670 3aba833119b5f750
10671 122f494c5da7353f
10672 1427ce038d960e13
10673 bc832f9397ac9086
10674 4be08bc3dd2f8e2b
10675 e7893eaee4c76ce6
10676 856ffa01613f0ea8
10677 b75048d5ec671f17
10678 b0a480425e591ebe
10679 8c52a17873fd8cf3
10680 6874c23e0d8996b6
10681 09b10676aabd7c10
10682 5ee6b21d13af73ab
10683 30de5868edfd866a
10684 10cfe6666678d547
10685 e59c4e786bed7b73
10686 f830a3fee867f2bc
10687 de948090a96a6667
10688 35caa27fd2e84e32
10689 7aed77a37b22ac0a
10690 507d963c6e5a6391
10691 b428eba1992df126
10692 d49972fe124e50b5
10693 286964f794e417fc
10694 f551198428234bc2
10695 ac3c48d3943dc269
10696 7bbff779bfdb4eee
10697 1462032d81a2d9b9
10698 b9bb1eb8508c25ab
10699 fa281ccb912d76b6
10700 38dd442807847c05
10701 f3ba27cb68f71762
10702 6bd432f7401dedb6
10703 ee1c93d7675e847f
10704 5601d8eea62bbf12
10705 2a2aec474f7f41ed
10706 0ce464ce474c9f38
10707 7e4205e87a8b9c30
10708 75479da903ac56e5
10709 88836b01951b9334
10710 e8ab49e80aea601f
10711 445c0257ef5ec759
10712 6b71db72b1efeacc
10713 a0747f72cc1e58e1
10714 4ebeb83eb45ef510
10715 97a0e08c9e872256
10716 bf0d6f98d545809d
10717 72248c58f1cf6ad0
10718 37278230dbef570d
10719 d49cebab07e8a0d8
10720 4d9ca2ac72d39656
10721 0ad5a151cfcf0261
10722 83ffd3a88d7a5760
10723 e1949d1d78014127
10724 a4e2999ca059b0bb
10725 2a5f33ba154db618
10726 818dbd97f97032bf
10727 8c243c0d02c1d45a
10728 78a9483ad6e1dc80
10729 9bd6a4143b721f5f
10730 0f312b5917650a84
10731 b6d65fff9d7f4a4f
10732 5487be2dad9e1bda
10733 945be0517bba55ec
10734 183b25af120076f7
10735 016519478e80156c
10736 e2b014c455b6b627
10737 e3dc0e6a8dedb091
10738 ea654abb14a0d848
10739 e8850df2544fd8e7
10740 a3d428a7fbc9c30a
10741 84e6469345783736
10742 e33f3044dfa8c7a3
10743 17f2f892b5f5ac7a
10744 477f3bdbe6927f49
10745 d12da0e3c570a62e
10746 f0017368c1d371ea
10747 94a6abe9b3e38e87
10748 2344dde884a7b6fe
10749 6633be827f675269
10750 a906cfc24b66c6a3
10751 8073146b29fbeee6
10752 cc361b5b90ddd3d3
10753 7afb647fe1f02966
10754 3f7f9a7e8a5d73d4
10755 9c458cd45ed33763
10756 eb603573a58568b2
10757 3e9fb3eacd69a0dd
10758 704bc845ac69e570
10759 ca89d87bd31fb2e2
10760 b6d4fe8d45fa9b99
10761 79163681fe42de40
10762 25d38c7bb302fd39
10763 0734564a6bf160bd
10764 5ef0d45512e8378e
10765 1767c8e03c9556bd
10766 b37ad6d7f5a93cec
10767 462c84d1a927d7ca
10768 b9d5bd5f48369995
10769 0d7f8919b25969c2
10770 db3b0dd9a2d5117d
10771 fb1b2fdb4ea9988c
10772 86d40c2304355184
10773 2b8eeda45cf5737b
10774 0f0fe054182ead0e
10775 5e14cd81dcda0125
10776 be1a7dbe0a2d759f
10777 bc1dc5370caa0772
10778 43744e228e132955
10779 bd8a8fab41d21dca
10780 86b38926f8e434de
10781 5887e8341e042bff
10782 2575a504bcdad156
10783 19b1d951e6257ab5
10784 a696e2c7e09fa84a
10785 c0f9cc41ae37605e
10786 a249543099edff1f
10787 6f54c28f753b8ac2
10788 6679e3ae67a75a0d
10789 f51127e8f0b448ab
10790 a05b70cd82de3cf2
10791 fd8fa6d606d83829
10792 239aab2df84821ec
10793 8dab6cf7d3654e3e
10794 e1be39bfdb5f04b1
10795 c4bfe6f6b84f16b0
10796 b2efc3049bfd8ef5
10797 838ee711824c9314
10798 d0be31a15a2bfc72
10799 8a5e89346b7a1179
10800 75596bcab861372c
10801 41d04fffc76fe6b1
10802 b32c8aa2552ebeed
10803 4583c175c1ceb5a2
10804 93d3847c384093ad
10805 da4c1225b3bf2dd0
10806 a701b5c190f6e4fa
10807 65834153529aadc1
10808 6f1a2ee67df8dd9c
10809 eb3b6dfbe7808eb3
10810 8538bafb2837447e
10811 7ec1c85c88dbd43c
10812 40c124ff632d62a7
10813 03f2e7b966dfd730
10814 df7655f22e2e013b
10815 7148118fe012b9fd
10816 9c9915352df9ce4c
10817 d75f982e6af41f93
10818 577876b3a1c8ef38
10819 5f12ff9707541b7c
10820 b7e8ab28a55feac9
10821 4ffdae7decd23008
10822 dacc137767a144db
10823 31a73ed970ece9c0
10824 f4baa281e7e9f6d8
10825 8589bcf444cdcccb
10826 d58f2b99cd663326
10827 3495a6942984a19d
10828 498d33ed48904747
10829 8803c5e05d3f610a
10830 b2be865b9e687beb
10831 28065e5c883cfd6e
10832 b1d376a4e7fae098
10833 2e7e238494d09f07
10834 d23b0bbf45c2074e
10835 9bb10caa76b7404f
10836 b9731644022d5362
10837 73c985c6ad1e8048
10838 5121e93a122be2ff
10839 8587a44e7e66f05a
10840 37baf625f4600897
10841 a4ea32c0dc60a7f7
10842 2ece84575ef30d1e
10843 e1c627ac59b24b15
10844 db30e8792b0dacf4
10845 a835ae4859e80646
10846 3a18876f56879631
10847 a418b2deefb60e72
10848 6e0a6ef8d5eda281
10849 57a5566faea313cc
10850 fdfaab3de8839f96
10851 fca8894378ec9859
10852 32dda847cdf16f12
10853 04772ed2c37ad521
10854 55e75cdd4d49fa17
10855 13a508d2c72437c2
10856 620345e6a3fa924d
10857 60c818d4af9816da
10858 af4b32b3f6b5bf72
10859 a9096ee9fc6ef0f5
10860 ecf669bf4967fc24
10861 2b018256ebd94de7
10862 abd5f85adf5d1378
10863 ce55f5837ed7a338
10864 d6ffe8266cc59355
10865 254e872e6303a984
10866 a40044e9e454c6e3
10867 06e611b84f5ac9a1
10868 d049a905650e1e74
10869 4798f22a9f285bf9
10870 56edd2411891d0e8
10871 b59794d4b17a4d66
10872 6334a3e004c8b289
10873 e6360a44cef23320
10874 21c30a5849e16955
10875 e5c46a78d2aa0124
10876 c8258982a1547c98
10877 67a18bfa3540e597
10878 507e5780020393ee
10879 429e4f5f7127d903
10880 762eea6589a2f0bb
10881 e555db66d3007bf4
10882 552ee0f20b421333
10883 1087122c329d9d42
10884 21d4dc87ff47eb14
10885 a53fbaf462de5563
10886 0ac5e9b6f4eb05d8
10887 2bd11b8ebc7e491b
10888 4f47afda3978f0da
10889 4e76c8602d95b534
10890 c9ca8d8d3f309d67
10891 e5060b01364b5088
10892 8d9f801a12a3e6bf
10893 2cfc6826b72519df
10894 46de1ce145cb5dda
10895 eef7cc947e2aa85d
10896 d2f22b3da32ddb52
10897 71f0718a9017ebaa
10898 8080b88b9d6b6c93
10899 59aa4256b0810b6a
10900 c9be78d856772ea9
10901 336001b5a933cede
10902 2b19188d0527981a
10903 79e8cd9a49985c57
10904 775b31d03a513602
10905 41000e1ea7198b05
10906 5e83080af0a4e31f
10907 17adb364fd8576ea
10908 1484222f1b1227eb
10909 9082af1eb1ad72d6
10910 50b753fe11d9df66
10911 20636f0d8945a879
10912 211245d020b9b1d8
10913 b76fc0c9613447fd
10914 f5eb8a57b0792708
10915 3cd99c10058bb212
10916 ac2b3727dc4b780e
10917 3a725a693cbf77ca
10918 91ca3ae7297aebdb
10919 784384d739988387
10920 46dd1941c9840118
10921 cfabe6e471a88a8b
10922 ee7ea9efc31614ba
10923 37dfde507d3b8b1c
10924 174beee95f317963
10925 2d805519006257f8
10926 fbd87bcd606a138f
10927 30eacaa51ea92256
10928 086fb821e4bc5dfe
10929 ff176cebb311b40d
10930 9d822464f900bdbe
10931 67dcaf48705058b1
10932 ee257d2e9677ebcf
10933 fd771f09ffbb5922
10934 0f0f5ea562969c4d
10935 7ce72a4330ea712e
10936 f768362540ca84ae
10937 1453102f1a18cb83
10938 d36a53028ffba73e
10939 9c941c89e07ceb05
10940 2b4fd5d466ac1752
10941 b02fa7175473b4f6
10942 10f7fceb832aa31b
10943 4c62e14cc489a8a2
10944 9635eaa6e23417dd
10945 2f29710444eae31d
10946 68cc333b0fdf9aa0
10947 8e93537004fd2539
10948 7c26a45ed3e2b6e0
10949 2c37705bc74c3e46
10950 45018db73bbaa1e9
10951 71572b1a3a017c9c
10952 793b084741851e3d
10953 de4bcced825a8710
10954 f953362c9d4551c2
10955 19f0a1fbe0abc4c9
10956 d71c460ccba81e18
10957 465560957b2b5b69
10958 990dfbcbea672531
10959 b18e47ada1a0e2b2
10960 14b9862e931d31b9
10961 78eba2e7fe1cc538
10962 c4ac335f04609e2c
10963 e6966087f7ffce4b
10964 51e89a9d4f0beb9c
10965 2797bd534839d40b
10966 638188611c75b336
10967 b52fbe41c813e724
10968 1bee77bdd9dfaa97
10969 b6449d5e5fb9475c
10970 d2e31c9ae696fb1f
10971 9dfdd2a3ff0b6a89
10972 8c3422e92933e8b8
10973 70512bafb9623ceb
10974 907aff5780ad99b8
10975 c8e9cafdac7000b4
10976 e83f8c558b15d0d9
10977 69fbb4fbbe00c578
10978 76178655b4beefb3
10979 1a087204770cce6e
10980 75e83c64710406ea
10981 af75f478fdff0013
10982 79f7f29b76ec594e
10983 5182450773744395
10984 15205502063bd52f
10985 e3d347a1362c3c22
10986 5d7b6e93b66bf7b7
10987 f89bc589e0dd51ea
10988 b2eab4921631ac54
10989 47e4bbd165ec729b
10990 5a9b60945116d162
10991 c95b20984986b027
10992 edfa38801088013a
10993 dcd224af2dceec10
10994 4c9dd3c6203e6d27
10995 7553d98e6a54a582
10996 ea02a77fafa2f179
10997 0846015c3cc2bb4d
10998 f3b2b6ddf15b02e6
10999 372d8957d13c81bd
11000 dd70aa1b41201a2c
11001 1cee7edf861ba1b6
11002 af20bc4619867be1
11003 0deaefaa4a64550e
11004 e4705370e468a1d1
11005 1a543d432d8a2ed8
11006 f112d84c37d6920e
11007 6a85220d82b0973d
11008 62c35821bceffd8a
11009 4aa303464f1af3f9
11010 8cb6d24352f7718f
11011 e58bcac3a523dfe2
11012 cf56b478174ac7cd
11013 5b4c863c49e32164
11014 1ba61566f112ed50
11015 325ebedc3547d0cd
11016 86367a947642423c
11017 23ce6f8079c8a7db
11018 757fc30a926a0f8c
11019 bebb0069092dc24c
11020 1b35447066dcbaf1
11021 a5f34e27a3d2fff8
11022 235b44ae15f36717
11023 62550f41f8b13755
11024 b8a488bd7ef23648
11025 ef6a6ddc907c7dc1
11026 db8a673312804a50
11027 d7e0976219886d4b
11028 4b12fe4e29a04c7c
11029 3a539aea938e8e89
11030 87c1874577f29c6e
11031 ea42016a6f47e997
11032 05cbe27a97c698fc
11033 90ab7db87a5dc7eb
11034 a211855ab36ea702
11035 76256601cadb3517
11036 c965f50ac5e4eca7
11037 e00de45c79af94c9
11038 69334ae19861cbb8
11039 01c7c0488ecf1f82
11040 cfabc2f091b85908
11041 ce34e5a17053540f
11042 22acb59c29ed507d
11043 e66302f82706b780
11044 cbe1c950f2375a87
11045 3c5bd0b1a208d357
11046 222e80b310fa3676
11047 8037a9e13aaa7ac2
11048 f53bb2304092737d
11049 932eea59b1ee9b57
11050 138fd061c1715efe
11051 fb74d3a424bce78d
11052 193e29fc5d72ac1e
11053 c319fca6001e5261
11054 41f681b19c315636
11055 36804e14d0f94ac4
11056 49fd90b9a807689b
11057 cae105641acac378
11058 2642406c942295f3
11059 bac31c8d39d7d454
11060 4a1aa1241380f6fb
11061 c78c969845fdb9c5
11062 836a4f2dd1ee4c60
11063 e79b3b6182e6b190
11064 aa6666e17aa110cb
11065 01bcd818db5ed5fa
11066 359ca8adc297d7d8
11067 f4f0f75552da972b
11068 cbe170efc0488682
11069 14022df72e6b44aa
11070 a3d13e0ba7831c25
11071 43bc53e9d0871c10
11072 f00d80a2ca8f65cf
11073 05457dd11a5570fa
11074 d1f1b36803e099ba
11075 5e9b0ff4691588d0
11076 2b8578f052d30c01
11077 c8bd17ba05456a5c
11078 ed88bccd3919c107
11079 f8eaf69c7c9b89c4
11080 6b94cd48cba8ae1b
11081 21874cc1e41820ef
11082 ef0b8b2e71a26cac
11083 abea23c9076f9b99
11084 1b0017037682ac0b
11085 91f1931cf4bc6cab
11086 a0b7441ebb950e96
11087 27ab77ad89cfd402
11088 a65654420427092c
11089 4ba640e59e4ca5d1
11090 31db5a23d4a6824d
11091 b14000f7ba75aaec
11092 3a13de4f8e7a3f72
11093 44b48ea4a76fd0f9
11094 b6d8a8b0894f5eae
11095 d9b9baf61ed20cf4
11096 da29dbcd008bb127
11097 6bd60adbbb892117
11098 00529c815353f83c
11099 0ee44e0a10912c3d
11100 dd97973480dd935a
11101 6fb07a2043b214bd
11102 9d668a2ea8bdd002
11103 deb01aa2e989c328
11104 4bf77ff0097e90bd
11105 ef9e466242161ed3
11106 6f842a83ee02b5d5
11107 0a162676245e1eaa
11108 a8e22d078708bd35
11109 c7c2f745ed4d213a
11110 9c71f6e14ac2404a
11111 b515083b6e5c357c
11112 ce1e0c42488c8789
11113 c0a9b4bfab3e6908
11114 f38d8e8eee72de64
11115 d49975980c4176e1
11116 4102fcb8e6b6db2e
11117 621ee1c75ae7e8ec
11118 8033caa170596efc
11119 bb10949d1354841c
11120 6cd783cddc86fb33
11121 03ce8151a0148198
11122 a505a6f7e683c41a
11123 2dfbab90f2816962
11124 c39e455b6058f963
11125 b11015d524dc05a6
11126 a3a2a8f7ac9a1463
11127 76d51c04a2f56714
11128 b69864764db53759
11129 a229397da27572d2
11130 240de5203e613021
11131 2204b81c8f6f8915
11132 f5afd76a17dd9aee
11133 41cd86c9940d3836
11134 98b5247ebe37ba1f
11135 8f8076e71533027b
11136 3521a4015ba6d257
11137 cbe3ec9c36fff172
11138 413444362d32256e
11139 6e5ad31b004fbccb
11140 226a07518f2d9213
11141 bf5f401115c6b310
11142 b5ef387809ed2db7
11143 fe7e9f7c1717c443
11144 ee40e59704e8dc19
11145 8440ec181388e8aa
11146 82dc223f40c49e5f
11147 c136057c19f79ab2
11148 1611313c74a81423
11149 35d36283a6679940
11150 ef2066f0930cfbed
11151 8ba2c97c82a45e7b
11152 412e99fc58ba5142
11153 8fae9a536449695a
11154 97b55db8feb0ca4e
11155 58dc02b5a75b8663
11156 373aadcef32d9f5c
11157 dbe2cc6cec84c6b8
11158 b3260f792069c789
11159 5ca2734ee484b74f
11160 1ddeb4c6ee2e1928
11161 ee98b211cd34ee51
11162 d40e20eefb143637
11163 fc26b8793e00195c
11164 4c1dd6641860102b
11165 0ff39b7efbb5db65
11166 27cb7f9074963e9f
11167 06230af8342b6cc9
11168 ac5d86166e1d296a
11169 13dd0d99588940dd
11170 d044f19948315e80
11171 1f1df7902463c187
11172 fa6abd15e78d4f40
11173 cd15bf21aab342f1
11174 72b1206901fa973c
11175 1dde27c97db20559
11176 e814886c8fff1c78
11177 d3a7e0fe4ca3c685
11178 371c5c453f87c746
11179 9e73c738dc5858b8
11180 ced7fe02c65985b1
11181 3c5b9edd4194574f
11182 59c1e2e26a60894c
11183 7c74e9f505eda38f
11184 dfb69b320214f764
11185 0df93b7b7c611681
11186 1ebbfa39acea8b87
11187 4696906139081250
11188 ccad4821712447a4
11189 e4ea628516db82c9
11190 6d804929b2e13f46
11191 b03aa622835ac86a
11192 f58d5703b4b6cc9a
11193 e36de42dc929bcb1
11194 62343d6834fe6b2e
11195 b517ac9c27ec3227
11196 503e117cee9e7d75
11197 880fa947a3d81647
11198 3ad36a354fbd647e
11199 2bac82803d642762
11200 a56d1823f0d2e243
11201 e7d32f663a1e3527
11202 9f4329f6802dafad
11203 b518552b54afea14
11204 7ebb995471a69dc9
11205 3086c4c7ae23f64e
11206 1d1b7cf600c1ab0c
11207 94b6a168e672474e
11208 8d4b9736b7d21f69
11209 c91f6c96fec8e305
11210 cca25714673c63c8
11211 242bb870d7a80c09
11212 f515339617033da2
11213 bd53b18db0b4a546
11214 3872cd2acf1a74ec
11215 1155bfe51b0fdb2e
11216 bbf75a2d9fe224fb
11217 362e57c040c529a0
11218 0de8d7f51d32270f
11219 dd43316cd7b25624
11220 69e45f5c039744eb
11221 50e69037a7b750d4
11222 389e3a5111a041ac
11223 f4b6c0c9c783c42e
11224 a3122ab7762142cb
11225 0783d596dc53d566
11226 f3d4ba7dd2264d73
11227 5451a99abf463d19
11228 4e0fd9ab12e5b3a6
11229 6dabc5e86b46ab5a
11230 a608bf174c68c8f9
11231 52ca7601b03864f2
11232 e7ed84d2b31b415d
11233 be4beec9a53f2cfe
11234 3f66d894b3f206be
11235 5184e835f3d00ad0
11236 c4dd2250dabe183d
11237 02f40847bbc3f70c
11238 668e51b90b0481fd
11239 34484e38465ba785
11240 bda93f4b2b5e426f
11241 137c1a7a9863dde8
11242 e1c7bea7dcf7f067
11243 504e8c87fdbd106c
11244 855192cde39e93b6
11245 24f5fd51930a14c8
11246 1c35a294d74d0ae5
11247 b03ebfa1c2732415
11248 e7dbff892e9de591
11249 4f35f8f50b94a9bc
11250 37c79e15bcb71bc6
11251 b5c539ea5786c81f
11252 a8e21f10905e2778
11253 d1f066af6776692e
11254 cbf8d492a7e560c5
11255 e386faee62f6209d
11256 ed7e9d9ad8a4407a
11257 1ff15446b9437e84
11258 5fca6a5ed52b2d29
11259 d38f49c80286dc88
11260 9d8750d289d49331
11261 b7e89f5711359c6a
11262 d3253d9a0fc8798f
11263 4ae22d26be2c975d
11264 dc38a42f7f75e8e8
11265 c003cea7bc4ee349
11266 aa58e1244a094776
11267 c6b5245cef3c0fbf
11268 89ed0d257bb742bc
11269 7e4be9f007a277fd
11270 f53a9f757c1c03d3
11271 366296e0faa2ebcd
11272 d2d4ee7bfd59f582
11273 da52dcc338be5a3b
11274 d51ad67cf5154c11
11275 d6651c6fb87cf08a
11276 30c8f97d776af8e5
11277 7fc4228bcc20a545
11278 94e9dfe751051d7a
11279 5d140862ab432803
11280 d3598fa91a3a70fc
11281 61f98219c21a87db
11282 17a7e1468778e6db
11283 e8938543eb74a0c7
11284 dfbba603e2621880
11285 1afd510f62923b5d
11286 065c5046f9b11876
11287 3a12e6938bfaba1b
11288 7c7af38a0ffb005a
11289 6653351ac6eaa273
11290 55bfe39f9b2df3e4
11291 1b7de45d2d1935cf
11292 70824a400ea3c4db
11293 f4ca780833e0eaa7
11294 4e2b0151c260f288
11295 c543b624b2645788
11296 eb689e7998a059ca
11297 9f35d2d15cb196a3
11298 4ccba890be2ae5cf
11299 0b910317cb44034c
11300 226dc37c6bbceb68
11301 ba05de4c8c96ffc5
11302 0ab5ca96e65a4032
11303 0144cd609f016018
11304 1ccac3df68aba5bd
11305 5cfa13bfc24c7ab3
11306 47dc3bbffd2475d0
11307 3d3f65fd3182ef5d
11308 6aeb8237eb58a2b4
11309 b48f6da5eb0c8187
11310 589f3645e67c1682
11311 edec2c2f9eadfdf2
11312 0dd9589d53b62b77
11313 ad08434a46528b21
11314 0fae86fc833bfac9
11315 e21571bae3a1c67c
11316 688ae7759a7082c9
11317 6ea761cbc85f9619
11318 51ba6572d6c98755
11319 e3cf107c34d496cf
11320 7e4aa7f1ed3fc986
11321 95c6116aa63f1a59
11322 b80b5cc6239bba73
11323 70becb4ef62ff206
11324 e75a791f3d1fb215
11325 661d022d48403ba7
11326 36b522d00b6a047d
11327 a46695210044ab93
11328 6e8cbd439cd667de
11329 7fd1646ba297b4f1
11330 f11e093b034cd1cb
11331 342885175af75859
11332 ac839528f09f32f2
11333 8efdaccc4542619d
11334 f17854c067f8ecc0
11335 4191f5b52bbb3087
11336 8a61e28753c1da22
11337 f9776286571b2271
11338 756ccc5b2ec3b96c
11339 b478546ee4d464c6
11340 47bb2ff7d3135a95
11341 9f3dd80d7a0ae47b
11342 e2eff842192de284
11343 c47935f4e3da171a
11344 47d61eef9688a914
11345 72213e6fb0f30f67
11346 b9fca735d67f31d9
11347 35916bf4d457eda6
11348 48fd228fca0bb5b4
11349 bb0b8a9a50d13199
11350 c5edfa7ce8711773
11351 8bea42eb0a1f719e
11352 e42bf8d9a680d054
11353 1142bd4a5e116d2b
11354 5e45de94e91215da
11355 8a502332e5147215
11356 cca2d33125300e78
11357 4fe729ab465ac22b
11358 1a77ccaafccb53a2
11359 73100c04f56a8e26
11360 d91377f948f450e5
11361 09cf2b1652a6e0b3
11362 1d03858c6c87699f
11363 60e44043d914f40e
11364 0603b1a8eb8518f3
11365 e034f35420e924fd
11366 d6274f8460434b3a
11367 88d33d6a0182b77a
11368 087903866c95b8c1
11369 9f4f76adbbb4870e
11370 482c6aaaf26d06da
11371 a3ece4aacfe1dead
11372 cc66e7c10fb032e4
11373 fcd172ff2f2b2648
11374 dbe543b1d799b670
11375 2c98d766c5ae62b6
11376 a758f9992d483baf
11377 e99629ff379b6bf2
11378 47e81cc678f81efb
11379 76026a7a3455afd6
11380 ed3736444b775ed5
11381 45e177cab13548d6
11382 f514d75b53525781
11383 7829c1b41326c586
11384 6016ba39b8630b5d
11385 db5e16e475765788
11386 cef5cd84fef27121
11387 eda574879d14ebc5
11388 fe25de7575a14f3c
11389 0ec1117032c24052
11390 7b72db9f0d1915f1
11391 420a3575d59b4c08
11392 d8cd9847c6b21673
11393 e91e3970a0c65f68
11394 c48f16a6022e22ae
11395 55580541b666a60d
11396 18afb03688e96fdd
11397 fa77821cc2003edc
11398 96cb78b335767711
11399 fcb503285e9e7c67
11400 9e041adf4cd4d1e1
11401 82a2593152b3c431
11402 ffc5c6e5a759041e
11403 387691afcac30fcc
11404 35c1c2880a6795dc
11405 339886c30267956e
11406 af916c593c2a116f
11407 c26053e4ae04b38d
11408 5235aecda3a8f05a
11409 5c11a65d27c3e11d
11410 641c65ff72227b0d
11411 84b3128ebd02503e
11412 d1c8e78aa59a47c5
11413 abf9c58c855cbaa6
11414 1e1a8535a1513c7b
11415 c4204dd8da339f01
11416 12a48d485aface2a
11417 c8bfdafdbe61bf4f
11418 8e27345ebd993daa
11419 746eff6cca90cbe7
11420 1e960eab26d06118
11421 7a0ddc6584497f6a
11422 630868ba1062d257
11423 85f4503f8f4290c9
11424 721a027a854427f4
11425 4d887f7d0805d231
11426 caf454ec783efddb
11427 024972e4a8e72d82
11428 81b1e650a840052b
11429 db0533425c758c80
11430 2aa55dcbbb42d3b7
11431 18f94dc1dea967d3
11432 f99d7bd8a2feb204
11433 da7b7caf61adf7f7
11434 6b83624a586a7084
11435 6c54077ad7af3639
11436 68d7793846685340
11437 a8b1e7fa35377a66
11438 458adb093d6d12a7
11439 6a6645b4b501da77
11440 d36bbaaf4c86743c
11441 5de72fa21e74d511
11442 482683e462ab7a2f
11443 23cba07b4c0ca4e0
11444 dfefccd1385c62f1
11445 1b57080ecf52b604
11446 4729ad55355b8a39
11447 e1ce7579f0725731
11448 c2efa8b1dc64ade2
11449 86d56201cd23d5bb
11450 b7c46c2fec6a2f0c
11451 3a5e2c6e6dcbea8f
11452 c9058ff44cce5650
11453 d1308e14c593ff90
11454 711dbc941dd722f7
11455 3294b01fcc01bfbd
11456 c95aaf55e8acc5f2
11457 977a5bf2b6cfcd89
11458 fc485ba8938f5acf
11459 013369cfcd55e8a0
11460 435ab911856e45f7
11461 08386e10ec980f6c
11462 3f0bc16c3afa7599
11463 5d47fe339c4165af
11464 487c4b711075db34
11465 853071ec022a3389
11466 505f2de26be9e034
11467 caad51980812b6f9
11468 264120f72642d0da
11469 8dc17e34dac7f490
11470 bb5dbdebef03a9f9
11471 3c676ff8708fc36f
11472 9c93e4dae53a0246
11473 3125396dcea084bf
11474 8398f3afc9c48533
11475 62730b501d6fc122
11476 64ca902914b67757
11477 60c154334634ed38
11478 3df462ef6d8dfe43
11479 10e34f304de56017
11480 cf3306e7a4fdcfe0
11481 dcf4b1eb93c9aaef
11482 5188723dffec47e0
11483 fcd987bf9c140941
11484 e14b06551aeaa0c4
11485 78b21ec67a1af874
11486 a2295e7d5ec212f9
11487 774bbe2dc8881922
11488 b4d718b984fe0d11
11489 1694dc860572ef7c
11490 bbf5af66faa31c7a
11491 33ed9a4c3c81a455
11492 4cffa57779d05f04
11493 33b4e12222f7bf0d
11494 168324ac4c1619e8
11495 f430ba6f9578240c
11496 e8820480a25f9129
11497 a1fb916b40edd8b0
11498 d5cd7dcbf41c7be0
11499 1effa1297260b6b4
11500 bb7aef442afac14b
11501 56a2070b55d464d9
11502 9af26d7e1779212a
11503 ca66cc22a7e62e20
11504 527997e867e3abf3
11505 9c07098a07173840
11506 9379f9ed06d439a0
11507 5ba9945f4903e6fb
11508 74c8833cbe512d30
11509 77328bcd240ee747
11510 a7ec142fdb0acc0e
11511 d346936b3f5f9386
11512 47416d119f556999
11513 58bbf52e32f8e7f8
11514 6d5216487e050e15
11515 602cf7b31fe287ac
11516 08343bcc98124513
11517 55f0b18804cab32d
11518 8c9f447fa135de9c
11519 fe335c3f046730ce
11520 b118544457c83e33
11521 ae38eaf321b3faea
11522 464a151e21111d8c
11523 3b421523ad5135dc
11524 43c2a07fd233136d
11525 c4af82828c188242
11526 a12d8d28d91912d1
11527 10df874c1d9dae61
11528 263458d53ef1b9e6
11529 e717cfd7bcec6a61
11530 51fe2a7e51955b26
11531 39fc914d1d117eb7
11532 5030a72cdc9c95e8
11533 3895acbb16b528a2
11534 3c0cd0d9a4f73e3f
11535 8e9c86b491826aaf
11536 200a92bd983eedc8
11537 da65ec9b0797829d
11538 843bd22fd2a0e88b
11539 85046e42f20ed6f8
11540 2a16cd711b4ac445
11541 edf9494e6e476e00
11542 2d74da60dec72f89
11543 99abe6b7b3ddd5f5
11544 2c5c908c34e08784
11545 6808f1b22ec049f5
11546 92a5025f11989122
11547 c36b1b5cf5af2351
11548 11c0fc4071b863e6
11549 16b8a75774f9604e
11550 296dc88fa95fd68d
11551 9de417d8010e3213
11552 48cd487ebc64e730
11553 6a7077e291b9e99d
11554 a3728ccb5f14a8ab
11555 0bd607736e7ad358
11556 2218eabefe8577df
11557 902a81257b003908
11558 78998ca361d3e929
11559 64992325429e515f
11560 1b177603b5c7d5cc
11561 b3489359676314f9
11562 3e1984b6b7dfba20
11563 3a30c480eec886bd
11564 a0a53ba3f7b38126
11565 170bf380e64ef016
11566 8c40c65671167def
11567 f5b7dba99b6684d1
11568 7a563853033e8b38
11569 d9f1bdeb68eabff9
11570 898ece07322242f9
11571 50643b20c9d4525c
11572 b46e7bb47ea4c4f1
11573 545029f726d1e206
11574 f834bb9e0799337b
11575 07a55360b75f727f
11576 49c62a34a0af0640
11577 d613c94fd61e1a5b
11578 b894b5dec55454fc
11579 8d0702fb7e475165
11580 e35749d8a2bce5b4
11581 6e2bff8128c932a8
11582 6d57dffa5aad34ad
11583 29a46cffc3c1a439
11584 3b0252534510f51a
11585 1994dd9ff9f7833f
11586 124617a49ae807e3
11587 576eafef758adc90
11588 397628db1529a551
11589 30f1159e7c701868
11590 9a137dc53c6d6825
11591 bd75b8c0743ff359
11592 555b2f5ac94b2aac
11593 e6d779a987763219
11594 c712ae36408f280d
11595 0d2c8851ea297db3
11596 5268950a121b41d8
11597 247ad017d0d9b44a
11598 57cc5da70f697bcd
11599 5320647d36784d27
11600 f4073a4a97988fb8
11601 e506b9d6340fc04b
11602 af7816466e0fc1ab
11603 595be9380cac0cc0
11604 47e4e907d7c86347
11605 210b483e1f1a61f0
11606 3743842b1bbadf29
11607 a0c786ce90efbf23
11608 ad0ec1c36b8a2b14
11609 38a38ca034a15321
11610 dfd3bd7c21d52a30
11611 b79b5b58ab397f15
11612 5356ead478a689d6
11613 5d0e845d24fd1d74
11614 00429c2870bac24d
11615 fa46929d7b708ccf
11616 0881e5099cb9fb98
11617 cbb761c04c611dad
11618 fbef1a6fb9480807
11619 2aadca8d337cc9ea
11620 9e33745285ce0d33
11621 5a983b8b9f7df960
11622 5fa79028e212d4c3
11623 2cd8bfa38b9551ef
11624 519214d3395f812c
11625 ad4ea6bbf21c79f3
11626 21a5af993ba153a8
11627 8630339a92687ddd
11628 2b25f2c981757318
11629 7870a92c9d1f3506
11630 a10e8b0ff1dc5e8f
11631 a447546c24805153
11632 5bf706fb116644c8
11633 4bae9483ed4fe1c1
11634 8c7ace181e495d17
11635 13891a1ab40d97ac
11636 8383ddf9375039e9
11637 c5edc3b7045264de
11638 f74f0d46ecc12473
11639 d6633cf8525047f3
11640 2714ead442c9db62
11641 43d546d2e2e89067
11642 0c2d235eddfc7fd4
11643 00a76451cc14f7af
11644 a0831dbfb0dc0e38
11645 387a652874901d88
11646 74fb0bcf731a9c43
11647 edd8bb3bc8859b21
11648 61883c50b1e5a56e
11649 b4d6d6b294b90029
11650 ed4505bcfcd9c4e7
11651 c8665c09b6f11510
11652 37207608d35a0d3b
11653 7a6eb676131c6318
11654 b6f63ad5cf7e7d85
11655 94e835627406eadf
11656 c00c577276c9e32c
11657 11913f72a4339109
11658 0249f562decd9a06
11659 52c5f4d3835787fb
11660 8863e88e16ab92a8
11661 59cd6b53db922070
11662 d3ae0468637b6e75
11663 eae5c295eba387ff
11664 8d581fd89ccf1cee
11665 7b4656ba2f24f457
11666 6850fde997989823
11667 8afaa989818384ee
11668 4fc81246a6df012f
11669 d36901c40b9e7804
11670 f7c86858a992c7d7
11671 ce69aa46f95b038f
11672 22e6743937bd7be8
11673 ba41208227bd2f1b
11674 59793598f91f21ac
11675 aecdb4bffc9dbbcd
11676 d5f25c042db25454
11677 81c463abc5d5aea4
11678 509aac7396b1cb79
11679 5153df58babe6dbb
11680 39862fe3e022c558
11681 5c6bc6562130d2a5
11682 25edd7fbdba52e35
11683 31e926fc880cc7e2
11684 4badc37e33c2bf7b
11685 873b424a9e20f1ae
11686 9bbc8234ac9dfa93
11687 7227ce68a6889af7
11688 badf5e11d7903e1e
11689 fed137a3926722a3
11690 a9693bc5310a44e8
11691 5b5010ce4f829e3b
11692 a1fe007c69d82bf8
11693 35a10009aba0493d
11694 3fafd3c082144222
11695 448d0a0bed89b7e0
11696 00234173b6a818af
11697 3bda51676baea61c
11698 4a3802dae2eea4a0
11699 9a9bd37292038517
11700 6e057d5481fe2b06
11701 bdeb18374477c179
11702 07eb15ab1e95d0d8
11703 d315f97f5d801126
11704 1ac2247939c40a49
11705 5d3a4ec98e1ed348
11706 149e531f44886271
11707 66a30c1c98b18d10
11708 e267d656e7b5d267
11709 c3ff5b6ca9aab50d
11710 7c2a8eab5050e1ec
11711 cc869b5d2b871206
11712 06c5b1263f248e9f
11713 86738d3d31df698e
11714 0187c7b3e7991070
11715 4505ecbc95b95b15
11716 d6e4a6d619c2f344
11717 f89bf5575dd52cbf
11718 1b12e93aa22e7744
11719 4601b8ebe3679218
11720 55ecb2e50b056cf3
11721 0a36b0959766d39e
11722 17dbc4b7b57d9921
11723 5a3aa45fcc91c648
11724 c9cd58d0b8bc5ce5
11725 6f9e6fc08d4e5d03
11726 7af06d4bf6dc46d2
11727 30b847e2c0845eb2
11728 127a33db610220f5
11729 f668407a7cd70dd8
11730 ca1f7ff763486a32
11731 c2808861f09ef229
11732 fd2a100dadfef1dc
11733 fc6c5adb805b1b65
11734 0aea942c824cd114
11735 62e12b7e73d14938
11736 050549a1479ddf66
11737 ef89b6d486d17707
11738 b29505cbee2adcd0
11739 ff70a06765b1fc4f
11740 347a150bbf888438
11741 da18e8667203d308
11742 d13af1322766b8a1
11743 48a05f73748d4a6f
11744 bfb086df7cd3de34
11745 79ee3749652b5293
11746 9a0ad86d789b1041
11747 a0d088ed63754ade
11748 74c0aa53936ef481
11749 322be3d50876b7be
11750 32022fa60ca0d667
11751 26cfe26fec81e345
11752 055a52afbcab79d2
11753 8a37d3aa39e16b63
11754 a2f5063925fd8582
11755 ae1a9da0fff62c1b
11756 4c2b0073bd95fc00
11757 2ad0242251396754
11758 9cc131de5f28936d
11759 60c645c0a3bf5bf3
11760 63a83966b8c55e86
11761 bb78c64cdc1b3f97
11762 cb5606b5b22bf567
11763 39b5dd0c3fa900f8
11764 9c9d6e4d8a8fb8b5
11765 7cb728a0a22be242
11766 83c2a674bb4a4c21
11767 b31376ef547e4b75
11768 2f4ada819e7d35aa
11769 c98087f4915c0125
11770 8cc9ae25ef033622
11771 0aa153d2ce03b153
11772 d5279d6511d388ee
11773 2990e529e681a27e
11774 bbde49053fd38da7
11775 c29071ab77069ea3
11776 54a68b0c71d6a8f4
11777 9dfe39681f5e5149
11778 6cd50cf92ae00199
11779 657e040466ba93a2
11780 faa8e66126421ae7
11781 734c4f455e93389e
11782 5867137606e406ff
11783 7e1054f38a8bebaf
11784 ffa0360f766d91a0
11785 1ee0e04748e0c635
11786 4d832c5d6088a14e
11787 93949ccd65a3e941
11788 0569944d99339d52
11789 7254edb7abd12260
11790 e3cdfc588ce9005b
11791 0611026536ca9a69
11792 53de31edfcdb2e46
11793 7855dabe6b574129
11794 88c44e9a68668349
11795 b4ca2edc5b94bbca
11796 f9385609a364e879
11797 e16316e8317241ce
11798 00a953f627d03ac7
11799 22c4c24fded00d61
11800 1ae27ffec9f50236
11801 23eb5e172c1ea49f
11802 6d4d8e2fb6ff267e
11803 3f7cdf0952521267
11804 3e4eb68357872668
11805 d95cb8fcc124a830
11806 faf179dec3c1ac51
11807 267ae88c75d0ab5b
11808 67a4cd8d79fdaa0e
11809 aac4732e5edb67f7
11810 31f293d6e046d4f1
11811 cb1f2164d9cc9fc4
11812 2fa516b42f3015d5
11813 2684405720013496
11814 f8ff87efdb3756b1
11815 91937fc5ab68725d
11816 51e98667ed87335e
11817 aa2751cef65e1ac5
11818 aa33569e4579563e
11819 86123a9b8dc12c33
11820 2043166886a34f2a
11821 9bcce7b23fccc4c4
11822 14ca8e976010d0a5
11823 d024e9835bc4df8d
11824 fb703432913b7d8e
11825 e310450a9c6748e7
11826 b119d935ec43b14b
11827 7fe79a54f3cccbc8
11828 5e44a1bc6b348c3d
11829 081b9244944a4eb8
11830 483ee7e03f5c9ac9
11831 e5c41afdd45749b5
11832 4ad479d4e7d77874
11833 bc7cc41243f4a551
11834 6d770a165c17b142
11835 d5f0f5bb216cc925
11836 065f5affffbda64e
11837 b849d7967773df72
11838 0cba5f8b84fb5531
11839 1ea51ed498039f3f
11840 92b59f1a28d6f890
11841 3c1e1a1657cda93b
11842 04a358d6955bf135
11843 43adc97e4ebae72a
11844 484b81748682b955
11845 7b0d5f45dcd7a276
11846 b77d69f2802ce143
11847 1e34b6ecadb5b3c3
11848 3ff3dc0f83f909c0
11849 965dc06b008c8b65
11850 2069d4d1bccb5bb4
11851 3adb7cf7d5999391
11852 400ea1826a1907b2
11853 0518d1b0d3243846
11854 9697d8f5e2627ec3
11855 6cf34dcdbc4befc1
11856 e41e6b067212d44c
11857 c5a8b10a5224c639
11858 298282a74f496c49
11859 76ebb004272549cc
11860 74054641294eabb1
11861 e48aee9f6ceca552
11862 dfb1e820054c1845
11863 bbbafdc90f3318ed
11864 bf46b458cc5a564e
11865 f8ae580a680e5115
11866 3fb7777491b9b706
11867 6b112713d479578b
11868 207c83786c7fe8f0
11869 c86ec899a0e1ad01
11870 78361bd655138c96
11871 e7de9f8b41a7139d
11872 ce321f18dd3e176a
11873 b6263df1e2852263
11874 36a3c6ac2b5f6eb1
11875 b583145822a623a9
11876 4fc210118fe5f608
11877 1fa47642ebb428fc
11878 f431866b23b9eba3
11879 228241cba6c51b6e
11880 350a86f9e317876d
11881 b969bc326f7857c8
11882 15db2d6808ec6942
11883 fde989cd93bd63bb
11884 14b98871034d10d2
11885 4c96318e1a516e4d
11886 386b7016d5909ec8
11887 3c313056e39f87c7
11888 a79acf2c6f6ef5be
11889 9203f8cc5ad0cf09
11890 4dbb447efe046e94
11891 1de9cf072ca87713
11892 e90edf613d52725a
11893 076cf395814e8525
11894 a63c90607d58fd30
11895 f89d28a0ee33a09f
11896 ba1a57fe3c6af226
11897 090f9287902fb841
11898 314fcbcc3c7fafdc
11899 bbcbc976795f8ecc
11900 246c3528599dd80a
11901 e9b042ced082a5cf
11902 fd15afe8bf61ea64
11903 72ad1e6765392d26
11904 5536c6c72724aecc
11905 946d982baab35405
11906 67982f7e26dc2e5c
11907 3b9445ba0a924506
11908 d38c2d16b2b1b074
11909 8906a197e6f5bdd1
11910 5aa875adb96aeb13
11911 f0df641e1363dafb
11912 35f75953e0a4d602
11913 414e100ddbb645a8
11914 13a2c13ee3686f1e
11915 29fa0d6052983e13
11916 0dcbe8c80c729e41
11917 eac71c0cbef83ed1
11918 91e5e01242b6a308
11919 31047d96945b15b2
11920 bb56402bb221b198
11921 4363f56bb3b2a79d
11922 fac678e2d97571ff
11923 5a8a4195649d5a0f
11924 1628e16cef742956
11925 86fe4d197d762c5c
11926 9f29a006bb28b0fa
11927 e7d087ae0f00d387
11928 75535b94a0237b95
11929 eb47930d1d8de43d
11930 75759875ba0e57c4
11931 4c4aa76df7dc660e
11932 c0bf2f9a33ea0bfc
11933 f5a4375a9c178eb9
11934 13675164c155fe5b
11935 959bca3d67581783
11936 b71bec1a681a228a
11937 ba86b65c71393030
11938 d6a4d87c340b8d66
11939 747c921c4581ebe0
11940 2ec804eed67cd002
11941 53d434e3e711ee80
11942 2e9eebcb9e696b99
11943 e86d083368ec6b6b
11944 e459bc858a464ec9
11945 aa9f103e14a0008c
11946 8965f787db49d8f6
11947 00a64a960a581c26
11948 c3a374a607a8076e
11949 e2e552b1af4e9c3f
11950 13946487886bfb5c
11951 08eb251d60bb0856
11952 dd4e653e137f03e1
11953 5981f522b23f6fb8
11954 388c41b19f7e2b1b
11955 dbbea4becbb2b00a
11956 95e5220b715ba015
11957 d8c05a3470c1cbdc
11958 bb28b870adc4aebf
11959 76387d3cbf948dee
11960 21e3909c8a4914b9
11961 52fccafcbac79290
11962 3dee136299500a13
11963 3df0e618716f96c2
11964 b643b951198d908d
11965 7d033d5acdf5cc94
11966 00bcf4ca3761fbf7
11967 fa97f6b718333da6
11968 9f1cb02aeceebef1
11969 a6208ba642809d88
11970 c3004f57c5653aab
11971 e3847a27b70366da
11972 0d14d7cf21807225
11973 5d010c32eb72516c
11974 29dbe24ca5e1c14f
11975 bd00eabdb34e577e
11976 63d062508544aa09
11977 b7cb9459b1017820
11978 643a718979f7c723
11979 692af7b2b4bdac12
11980 f43437579e9ae31d
11981 60ce840c604c8b64
11982 a2cb9c9c920114c7
11983 983546bcb63360f6
11984 86815cdba60b1801
11985 eb421c9e072fcf58
11986 f41d86f1ef99c93b
11987 fb427cd5d098172a
11988 6fe1b619407e0db5
11989 12c9a8756020677c
11990 248d3068c67860df
11991 63ce400c6c186f0e
11992 860294fcf2d276d9
11993 7982dd28bdc0a0b0
11994 c5101379d3e57ab3
11995 f037405765fa8de2
11996 04b50912ffd5182d
11997 39ef46c0173f5d34
11998 f231ba8747d78197
11999 36798bb46be133c6
12000 89d5553b3de43011
12001 b28b51df0ed11928
12002 f1cb936e0713c6cb
12003 00048da622eff17a
12004 d095beac7948b1c5
12005 242036550188b18c
12006 b4aba21d425b7a6f
12007 ce1664bd51910c1e
12008 2d5edb7a3410c9a9
12009 c3fb465733de3f40
12010 b4dbedc62456b943
12011 2a69ffae9559bf32
12012 abe116e109182a3d
12013 e533767353757084
12014 89b4a72a432fdb67
12015 8ccc79f50618f216
12016 b0d82d1b9c37bea1
12017 be34c1c772775e78
12018 b12cf914c9ecd5db
12019 79011eb904e343ca
12020 0f56c4e1754fedd5
12021 891161121a4dde9c
12022 2303b4e042796b7f
12023 3e0a3867a63059ae
12024 69a4bb5a47773f79
12025 78ef092cffdfa750
12026 46afbc8fd99566d3
12027 692181f7de37d982
12028 6694854fd5234d4d
12029 770881731267cd54
12030 7a7b723d0dd785b7
12031 ae88ae308aa05766
12032 aaa0ed46c899efb1
12033 4bffab3f55dc8c48
12034 1c10832ddffb896b
12035 3d879a771f930d9a
12036 46fdcf64b43018e5
12037 7dec0c2db6a4b42c
12038 c65b258d94552c0f
12039 d2094e6c7f3afa3e
12040 9ba9597eaae4eec9
12041 178666c4677343e0
12042 205bff2b332aa3e3
12043 88ef5354505ff6d2
12044 1a7d17db4c0e05dd
12045 a110318093d15824
12046 b63ea3a6954e3b87
12047 0d2ab6e4c0c399b6
12048 37e6e5dbe1d350c1
12049 9331624b297b5e18
12050 14bece71c08939fb
12051 ac7ad798fecab9ea
12052 3149983f8ba37f75
12053 d979374ddbb97c3c
12054 8703f3f18441cf9f
12055 d5fadd7533c13ace
12056 4ee42b0fb855d699
12057 23dc0d86059c4d70
12058 341662a963004873
12059 26a1ff5021ec28a2
12060 96c72e65ed2c56ed
12061 d7d62d849c6f5ff4
12062 b362ea0bf4a54a57
12063 e50bcaffd13b7686
12064 9ce5910126d4e6d1
12065 777b20c8e8dab1e8
12066 704e633d05f3678b
12067 d3e8b5748707bf3a
12068 ab85e5e727e5ad85
12069 c10277b26130644c
12070 fabc9692b52f192f
12071 4e939c144afe31de
12072 dc8e823d7c48c669
12073 09f848083eff5500
12074 0ab9fba6b3702a03
12075 53721bcc44676bf2
12076 292bb4f5ac99d6fd
12077 c0ba1aba0b361b44
12078 4d0a5b70978f4927
12079 23a1ce0f1bd645d6
12080 40a169a397f27e61
12081 ef96f763c60bad38
12082 214d9a2d9da0f39b
12083 6dcc030cc8e3f18a
12084 c27760cdc066a895
12085 517eae3bcdb2f15c
12086 43a4ba7f01dcc33f
12087 7149a688f263ad6e
12088 5e798d69885d5f39
12089 95fc425951e37410
12090 758b39d356b48893
12091 bf4e622b6fa1a242
12092 b29f619f6af8a70d
12093 ee3658f624ee4814
12094 a0a34a691cbc6a77
12095 0a31585dd9ed4126
12096 f544a069b738cf71
12097 fa75bd8929de4b08
12098 0fe58a609541a32b
12099 222c3cc1cc64505a
12100 09ccf0f2d66418a5
12101 cc3bc9dd77d9aaec
12102 11baff55e68173cf
12103 2f29cc18811e4cfe
12104 d4ac2933f2bae889
12105 5290ff00c62b4fa0
12106 c0a6de221ce071a3
12107 ac5190cec0ce8992
12108 7e5ad11431a7519d
12109 e36007d38a2c8ae4
12110 a5c7a480f38b4f47
12111 69ee6924777da476
12112 0df27feb09a80481
12113 46db2e3a4db5e0d8
12114 4f3e21dbf7e3efbb
12115 24af115fac2d72aa
12116 700faaf7e3e40c35
12117 58f7491df48c50fc
12118 ba48eb77e84fb75f
12119 d4e12b6d9f0a228e
12120 02dc4d3f33321759
12121 15939d23b08b5c30
12122 d0e27ae64e840533
12123 f9c4e4cbae361b62
12124 3ad15730f3a3bcad
12125 d362baee3f852ab4
12126 f93962487cbb4217
12127 17abe8564f694d46
12128 228f98c269f0c391
12129 015c47a2825f9da8
12130 af4fd8cf85651c4b
12131 babf3062a2330ffa
12132 004cc1f2aeaea545
12133 06dc07e917284c0c
12134 161886a08e6777ef
12135 406d3cc901bd009e
12136 095dd5f12897a329
12137 df41d6b3625f77c0
12138 a316c10b0b64dec3
12139 adc36281aa359bb2
12140 8e19bbdf5dd165bd
12141 dcc4258e54fb1f04
12142 7aa15472c4ee02e7
12143 9726140e09178496
12144 3a576097789f0821
12145 db9ab0acdc282ef8
12146 c125c8a04770535b
12147 08b995310cb32e4a
12148 b3a233673f1b2b55
12149 ff631cf41659891c
12150 cccb0fe0bbb09eff
12151 8952200cc7b2422e
12152 1ca0ebc58ce13ef9
12153 1b9c3c0965187dd0
12154 b5cf90d5bc255853
12155 3140f515cb8abe02
12156 22bf902c96450acd
12157 d68290fb0cfa85d4
12158 a109a26a490cbd37
12159 fb425a25f03f61e6
12160 ec2043634f12bf31
12161 c30afd4331fe06c8
12162 6aecc2e183cb4ceb
12163 a6af3d1c3aad641a
12164 e143ecea427d2265
12165 ac8effe4b106e2ac
12166 647ae85d1461478f
12167 8662d22fa006ccbe
12168 658eb6e736a82a49
12169 9acae484fe6f6860
12170 59b2ebb4f239df63
12171 191757d76a143752
12172 59b7bd2c7b00295d
12173 469dbb01788b00a4
12174 361359f5cffd8307
12175 154fdefc4926f436
12176 604a2c7d31d12841
12177 ef743e96b6b65298
12178 dc8fb9b96034e37b
12179 9bd7cccc6797626a
12180 68e2ddc7ad4db4f5
12181 f7fcade939ecbabc
12182 8d6b24b04ca6031f
12183 bc8c1c16bdeebd4e
12184 268b3a19f5452219
12185 ac551537102023f0
12186 795018765382bff3
12187 2d449333ddfc0b22
12188 c8a72c267a72186d
12189 84b87c0765115274
12190 2d395ed65fa085d7
12191 ff182cf5f3413306
12192 837cb6ed6a5a5e51
12193 e2e98f446a6c7068
12194 ac276300cd77330b
12195 fa04710d608d77ba
12196 d594fbb5b1135305
12197 90aaf6b2d07594cc
12198 30e484aa74928aaf
12199 55340d1d36e17e5e
12200 404dfce9c7ac31e9
12201 1f80a12175981780
12202 521e65f59a7d0983
12203 519abbc571df1c72
12204 abec6ba909db357d
12205 b0f36e4abadf07c4
12206 9eecf6086bc45aa7
12207 711b72ff75831656
12208 53443e43cb0971e1
12209 04ccb9070e2d71b8
12210 dbe5eb545fb7bd1b
12211 7b546c2c12b6520a
12212 4e759a0b97a08615
12213 60b57c0e73cf75dc
12214 77815b8b0336e0bf
12215 971a2020758883ee
12216 b266fe211d983ab9
12217 80d0660691dea490
12218 e0f0d3def4aa2413
12219 ba02a7a11567dcc2
12220 1fa5ee130648668d
12221 076ae3781fe00e94
12222 e5a02b4bb83861f7
12223 a954e958b7c0c7a6
12224 80105b651fa43cf1
12225 f933e282c64d7388
12226 4cf05797983e04ab
12227 a86beab9fb7f18da
12228 7a1c3635ecac7c25
12229 af8570e48ec1e36c
12230 e46641135903a74f
12231 72d82548b798297e
12232 35be2fba76f31809
12233 6e53152c47809620
12234 7bbae1d95b7c2d23
12235 a897b71be4c7da12
12236 5f110d902f8d0d1d
12237 916698a25bbb9964
12238 5c9f2f4befc7aac7
12239 de823335f9ee8af6
12240 99e9d9de4476e201
12241 5e97d907adfc7558
12242 9082231aba192b3b
12243 453e8c016af3ed2a
12244 df3f47395c5943b5
12245 bc407fb1f255257c
12246 fa08b717b33572df
12247 d33ad05f2e6a710e
12248 2c4ec0659e108cd9
12249 4fd35d0d03e1a2b0
12250 2d73ae7002a24cb3
12251 e9526c22a1ed27e2
12252 8ba1f22f6a32022d
12253 4aa62b16a7413b34
12254 94a0a88eb6520397
12255 4075a5225313f5c6
12256 785ee547e5675e11
12257 bae2a80dc59ff728
12258 ba3a51469f3390cb
12259 9c9cd413ab886f7a
12260 1e8d38c92f4e4bc5
12261 2e5ac3b9c700438c
12262 2a416f1e6b8f846f
12263 3f466d97a0cc561e
12264 a3187a8af087ffa9
12265 a60669d7e43cc540
12266 892e7ef329d9eb43
12267 23608f9661884d32
12268 8794f8702224183d
12269 cc784613737c1284
12270 db36aa294394ad67
12271 91562450e1938816
12272 c13b7e0d0aae80a1
12273 2cdc17f318bc8878
12274 1a336208bed407db
12275 c9c75e9c846189ca
12276 4fcf2a98ba04d7d5
12277 7895be128a0d589c
12278 117e46455b0e657f
12279 d9d8da57d263fbae
12280 270a1d08b4437579
12281 90c5b078d4e8a150
12282 811504da29192cd3
12283 b543fa65e773df82
12284 89e58b391dee134d
12285 2f2e9512f343af54
12286 2f6625d9a3cbe3b7
12287 b8a64ae17ebbd566
12288 ad6c822ebc35fdb1
12289 944a3d8f1998ce48
12290 356580be0823936b
12291 f40438a90c7c7b9a
12292 7a5f3df012ff06e5
12293 124018d50344fa2c
12294 6ab8f070c006e60f
12295 d273231d56d1f43e
12296 3e1d38b6b67a98c9
12297 7d53e61756ccbde0
12298 d9c48df8fcd371e3
12299 b4cae8acf5e86cd2
12300 216032450dde7bdd
12301 51f6f0c0b5cf3624
12302 6ba73e3bdad5f187
12303 898743eddde193b6
12304 92af58886bc202c1
12305 f304a41f3ef1f018
12306 ec46ea411a0a23fb
12307 8911c3b748e6e7ea
12308 b47b454915f34d75
12309 ff5cde63e0e7163c
12310 8215795a7cfebd9f
12311 9ab57bf4173d1b0e
12312 6a9eb61f2cfeabd1
12313 06f7877e7546b2d6
12314 bbc60ca3a7e7a33c
12315 b635f41439d6105f
12316 be8aeda82419660c
12317 a740c8b94f67030d
12318 324d566068d3e17a
12319 b8c588af9d8d34b3
12320 c4f4d6d305e710b0
12321 1be16994f6834d71
12322 03d3ca614a4cc8a6
12323 9bdfeb546fabfa4f
12324 91f7773cea44c86c
12325 ba01f5060cd677ed
12326 c314e1e2aa8f65e2
12327 0925122cae24a83b
12328 b48c746238fcb708
12329 13cd8cbd32fdaac9
12330 032189a8bdd9283e
12331 bbbca0a8b8e75767
12332 2a6e004010d913e4
12333 c58d0c8f43cde025
12334 76a9b1cf189c011a
12335 93801bbe935bb653
12336 e187bf83aab57f70
12337 59797bd1e57f99b1
12338 7bf94fdb25d038f6
12339 ec06d8c8bd5015bf
12340 51042490c476a35c
12341 557add274938805d
12342 f290b14f1e7b1892
12343 f0b4dfa8b8fe0513
12344 aa1a0149470d1740
12345 090fe790e474eb81
12346 b78dd1de2d4b2336
12347 9925a2f61a36367f
12348 190757146891fa04
12349 adf28e23f035d0c5
12350 9244f12c677f8cba
12351 a9bcb7bfd6303a73
12352 1e1508298c068130
12353 deae2cd0d6f78911
12354 415dd7ba9f0dd1c6
12355 26ede68d2c83308f
12356 b16766e82f3007ac
12357 4b7b7ca45d5768ad
12358 44783fe689dff192
12359 1b8543bca506b5ab
12360 b9bac292b674d288
12361 05b433588c7a37c9
12362 668a566178cd76fe
12363 22ac14aa092fd6c7
12364 a87b5e60bf8ecd1c
12365 29d7f7e1e3876aad
12366 de7c571ed6b6aa2a
12367 f20c494eec795d63
12368 2c35bc993b388bd8
12369 4f6ca30ac0ff4729
12370 e64da94b78e76120
12371 76468bef544b13bb
12372 0240243df2a5214c
12373 dbeb6dec779e4d91
12374 8f35588fd2563a8c
12375 5094377b1f155253
12376 4b748a24bcd6e102
12377 5b8eed4650e3f28a
12378 164f33d36cd502da
12379 2a51c078b59b2fca
12380 418459ecab51fe91
12381 26f1f3eacca98a11
12382 0e407ec0dd85e6b2
12383 c0f275a01196448e
12384 b36589dab358d41e
12385 df555ed202c17d59
12386 e6af26ca2445af32
12387 76358b6680a04585
12388 e5c24851acd7b22a
12389 96197fb1cb886b19
12390 45616e334ba631cf
12391 cbcfcba55fb1e3c7
12392 8cda7e1db4d4e875
12393 e24bc67f524a7d14
12394 12969d0ae53d3752
12395 22be428a0961960e
12396 118037f889556d2e
12397 a3d77cf0497bcded
12398 8c68ffd58c416601
12399 df97b111a85ed641
12400 3271b4d9fd2930d6
12401 f5bac39559546bd4
12402 3b45c5596c4602c6
12403 cb8db23b2b7e2458
12404 4279fcc1a43360e1
12405 8b51940dd87a8890
12406 31e46e3573c5b7e3
12407 272bcfee87e7507e
12408 8c578b21cb9bc867
12409 8feba0a0cb749309
12410 4ed3317400cdfd89
12411 46cc6a23c1b47f0f
12412 ad6ce99db90729d8
12413 bda2569f17a1d827
12414 6a3f7f7b1a9885ce
12415 abbdd9606c499a3d
12416 ba2d8c133ab48a35
12417 10619f828f1a0787
12418 4a252b218ba860b7
12419 915ff800bd65abf6
12420 90b4ea321348f09c
12421 35ad5d3ed2d5412a
12422 59df3dacadea3064
12423 53e794a87e0f2e37
12424 6981e7afd693d717
12425 255ab601cba17a87
12426 1ddff4f5938739d6
12427 e127e0b66ebd7e0a
12428 741560b3dcdc8ca6
12429 935922fb5a2ce6be
12430 8b612d99b026e292
12431 ebc8a9efd6ee15b5
12432 d43fcc47ef70f3a5
12433 fc81501f66040107
12434 8409e6cf9a67337f
12435 50280a6a0f92cd4c
12436 46542730c9398e84
12437 2c6f5ddb776dd954
12438 d75fa83883c4eb38
12439 da38c2d60c5a5512
12440 338c8cde0ffaf99e
12441 9e06a910575c2e82
12442 7ac1950745aec272
12443 bddc6cb2f68d0b74
12444 5dd6c675165af806
12445 aa4f5facf7f3ed95
12446 62e5b4fcd82c54f1
12447 491e4c376e61cc14
12448 a94b03f6106fbf3b
12449 4f113cf7a7a64bff
12450 53fb9619c369c721
12451 3ac2a8b7970bba57
12452 ec292aa8a7b49b92
12453 627d173ed11f5439
12454 c5a4ba93ee2f9abf
12455 361d4da4077cc4b1
12456 a15ce93d8c2d6723
12457 8cbdfbdcba5ce7a9
12458 e2cd53dded93926f
12459 e127a21cf90cdba2
12460 bb53309b803aa023
12461 134d08f388cb901c
12462 5b6707acb7127f30
12463 4670c54b738caf57
12464 4fa80f225dbf8d3e
12465 e17905529f91e2c9
12466 c4e538125deed37e
12467 e1bbbf36598511b9
12468 26342259a8176190
12469 70bbad0f92db72ce
12470 24affe994ee9d7ff
12471 5f4b5256a2498281
12472 d3a51d766f8b9f4e
12473 f0b13aa404a31857
12474 534bf69b6b6ac98e
12475 212be688a9b89b69
12476 bc1b7e3b093728fb
12477 0fdb9377983d7370
12478 3c822ecbae4376b4
12479 83ee49a836726dcd
12480 e4ec9d93a4f8f40e
12481 03be1d7e78c5c978
12482 17d89a201bd7dd1e
12483 d01403b87488356a
12484 292115d9dc74fad6
12485 0eb6ad384d7b0781
12486 a226671a9556204d
12487 078149834d5f8ad5
12488 607808be1f017cb5
12489 0cc4b761f840070f
12490 9d93f0bb0ce696ab
12491 5ee5ef4da3c66044
12492 e0b572698ffb780c
12493 853504817d3d4755
12494 d71edea5b02f90f4
12495 2ecb55daefb44fa9
12496 87f8349bcc929d65
12497 44b5d517d5af47f6
12498 4e153410ede063fc
12499 9dc8a024e163fc43
12500 2920832966bdb047
12501 1375dfd112faae32
12502 805f9635f2e0b7c8
12503 0b5e0d8798bb8264
12504 12efb89fbce7018c
12505 3cd9f92473cf0685
12506 8e2bf9eb848d788e
12507 3d984436dbd1eea2
12508 a2540966ec600a91
12509 0ae867b6748b9f81
12510 7efff9133ce54042
12511 faa1cafbe3b39271
12512 bd1bafa9a0c64bd4
12513 89fde5d80e2fb0e9
12514 4ef86b603a33a302
12515 78fdcaee63fed2a3
12516 14117ca0f1c45d53
12517 a5067c98aaa233c7
12518 7d8145a238b65266
12519 0c4801aeea51105c
12520 15878fdb9d3f3109
12521 52765c857839998d
12522 e1d374085caace20
12523 f138cb6a619299c1
12524 a654cb76373d3414
12525 107fcb3044ffb3b5
12526 a4a1944fe0d113f6
12527 9ab3aa773ef94cbb
12528 f599bd192ff2024f
12529 cf3fe381de76d5c8
12530 44f1a6afff5fa50d
12531 5c9fdc953b43f059
12532 c658ad07c392a607
12533 e4e7268581e330e9
12534 5457fdd95fecf185
12535 546c184a7be0075b
12536 81140f3309aae214
12537 bf1accefd8a8031b
12538 8b28b9374f7a273a
12539 acd1bcb964c56b0f
12540 0ae6039854dc1fe9
12541 d0a6a719943bb64b
12542 fccda4cc9c0000c0
12543 4fb5fa86e8e96caf
12544 729d6060affa3672
12545 9b0e3cf61fbef49b
12546 12fab914c95eadf7
12547 0fda8549dae26c6e
12548 3cbdd1921047ff41
12549 b105455ff8721e4c
12550 a2bc0fd698d557b7
12551 d013a2f925766682
12552 a8b50c582c254ec5
12553 81279784f7e13a20
12554 7c456b3fbacaddab
12555 1492115570843ef6
12556 49d60d70bdecaac9
12557 846cbc28cf6ec651
12558 643d21094905ec06
12559 23da21f2eafbe2f3
12560 d1fe905b43ca9874
12561 4f9a2fb0bdf5ef11
12562 848e25fd14d053f2
12563 c135b69fe04744cf
12564 02325052714312d0
12565 5a5be756b60053ed
12566 9dbf99c8530e4c0e
12567 70235d510b38af3b
12568 c00e52545f42fbfc
12569 5baea8a5f2b1ef19
12570 2de6dc209a0a491a
12571 1cf7f0a5f241ccb7
12572 23683befae0acf78
12573 3bfa893bb84fde95
12574 7fa767f91dcb00f6
12575 8b461f3a36423023
12576 0af791bd6fcb39a4
12577 245088c53cf94541
12578 313485ee44b610a2
12579 bf77c1ec0cf83fbf
12580 2edb1dc5ae04fac0
12581 2307cda07118f31d
12582 23f2c247aabd68be
12583 04b548569db1ddab
12584 d6de5065aabcf82c
12585 764f338c8b4e23c9
12586 115e284d6de3c28a
12587 370f7a6ec9af8467
12588 8c824d043b0231a8
12589 ce7f622c6f3919c5
12590 25a261df61d52e66
12591 3d2737f6c4cdf053
12592 b9694a8139c16254
12593 d0d1a09be3bb66f1
12594 0f140b0f891ee5d2
12595 ed759539b4b07c2f
12596 7bc892609b0e2b30
12597 7cc87fae3da704cd
12598 3fd1f84b9a08e86e
12599 674efea438f2819b
12600 65a462d76e2f335c
12601 17ab6cd9c30cb9f9
12602 4ab47f980fadd5fa
12603 668bb63788928e17
12604 78557c9b72b67858
12605 a18465ffc7cfaff5
12606 7c4be1e2550e0556
12607 95b7f3ced4602e03
12608 30fff65814cee104
12609 4cbc8794108584a1
12610 a80553b8981ec602
12611 6e5028467f0d419f
12612 2800b6817a79b0a0
12613 d53b96e38b573ffd
12614 e55ab13ab1afd39e
12615 bfed256c8822280b
12616 a1b19493d903408c
12617 6378d10c2ed59329
12618 998fd6e3c8f2ecea
12619 26ae28f60438f7c7
12620 6b94435bd8294088
12621 4c0add3912be8125
12622 99a4e778a31b25c6
12623 4308799e4d42bfb3
12624 735d2f4ce35b3f34
12625 f0461639b8c14fd1
12626 712a0bc49d1222b2
12627 bd03b97e8eac4e8f
12628 f0a85077f38b1290
12629 d1274124dc1950ad
12630 9a0fa68766c6abce
12631 373c58dce79314fb
12632 bc7d54284e419bbc
12633 5dd83d6beee6a2d9
12634 96be3c503c2d48da
12635 d9b1612995499d77
12636 d2cab49a67ed8b38
12637 7c81c7e7e0620e55
12638 c11b890fceb71db6
12639 d2ca23d5e87050e3
12640 0d2a89f42c894564
12641 caa67563cb61b001
12642 98b2061fb36ded62
12643 2c6d81dddcb0f67f
12644 d9dccbbc5594ac80
12645 84fee4bc41c0f2dd
12646 e42a340d31f3aa7e
12647 506a2055fd8e8e6b
12648 590c37614b9aa0ec
12649 f699c024b1933789
12650 f54ac1e0d9906f4a
12651 9668a28d0ce48c27
12652 ed71af1a2a7c8868
12653 b9810d8e08e4b985
12654 b61ad67ca20fba26
12655 5ec71ec851127b13
12656 b1e8d9f974c64e14
12657 9c06f52e4bfbe7b1
12658 88cb750c735a3092
12659 bed10c08fc3692ef
12660 44eee3110cc70ef0
12661 29259229fba1818d
12662 2723e20d4c3c2f2e
12663 10fa8fd802336b5b
12664 df4c2093146ad31c
12665 9ec5d4c66af9d6b9
12666 6b9bd3ab45720bba
12667 0591fd022a0d96d7
12668 0840c2c607dd2918
12669 ed90eb17cbc7c7b5
12670 e5eda38591449716
12671 14d89aae0a682ac3
12672 aa8f15a39ee5adc4
12673 d999122aeec76061
12674 875567c33f8cebc2
12675 bb8bf2de6bdc735f
12676 5c91b7ad6e3fb760
12677 5fb667956c7107bd
12678 2e505e9c194fcb5e
12679 fb7a978fa998cccb
12680 3a37159fdce8cf4c
12681 d4ca8bc8908c6be9
12682 d62976cb78fcc1aa
12683 735d6930e650f087
12684 8b6e61db232cda48
12685 7917319cd56af206
12686 8c80e2e4ee177d3e
12687 89bb7761b5f62011
12688 a662f9bffc606bd9
12689 facc015727f5a849
12690 1c58cecb945df697
12691 8d59dd69e305b0a8
12692 03da8bcbd10a050e
12693 2ae161b749934764
12694 41f990c87e02f1ac
12695 58564945d27f101b
12696 765a59dc0bcea8df
12697 b4a517c32122f007
12698 02770138623a8ac5
12699 7d475969283ec89a
12700 bfa9ef80f69ddc0c
12701 60236a2dc5905a42
12702 bf064e92b13070dd
12703 7555a27bd30cf547
12704 1a0bfa50a0a2fa82
12705 db24aa8ff819bd74
12706 d800412c74fabf73
12707 dae6634cf3e836db
12708 f51414fe0844eb91
12709 6b7ede88e8ebbbb3
12710 4e99e620653457b0
12711 9b9b96f54adb46b2
12712 7174f8bbf88dc285
12713 c4d94835d4894721
12714 aea10ebaff549894
12715 785a4b78d315c61e
12716 609a401fbc9afec4
12717 f162281ca74dee7c
12718 3eeb9102e6bb95f6
12719 6915f50592758f11
12720 1d0b599ef1a73a3c
12721 e251c3c292e0d52b
12722 2f87544b6b6e569a
12723 852394de71e5b8cd
12724 ca4284e22174162c
12725 3d50944d1bcb3485
12726 0289a9fe0595b082
12727 feeefa31782c1b50
12728 41f1295ece471c1c
12729 0f6a00f2356327ae
12730 c226477abdfe60fe
12731 ab79f8784d3483a4
12732 968530e38d30f07d
12733 9699adfdfd45d609
12734 d14fa728b0e7b96d
12735 a5ef4f5b82a64c69
12736 a4889c448b39bc9a
12737 c5aa812ca9268685
12738 f40fb5c828408587
12739 7627fb73f5f051ff
12740 fd703dba10480fc8
12741 fd09d39f14d28d3a
12742 c02b13a4426f288c
12743 5a4835a496a35a6b
12744 f6ce91ba36ece609
12745 015cc0e500173d15
12746 06b4055ee482186a
12747 b27c3d525187e7b8
12748 27aed5da5b466676
12749 0735523e454353c9
12750 6313140a5f7eae3b
12751 a7afd5d31498ad63
12752 6f530ce82dfec5f4
12753 0924d3a52f6dd6c6
12754 33c0f2ee09706ea0
12755 e12f9c9ec49c7897
12756 62a743bf71ec6945
12757 7461133b8a5a9301
12758 75476f28993d3cbe
12759 18b45c5a2e5924ec
12760 6775d6a3a18f0fa2
12761 f7ad104c70a6c46d
12762 35d1b00f82a088ef
12763 ade27fac9212e947
12764 8cdff36e1ddbcd10
12765 ebee981e1d9aea82
12766 5753e68ab2bebe34
12767 a79782cb04c6d253
12768 99817ec754f62111
12769 1d35581a648457d2
12770 1719cea9181c5bef
12771 40d3b4a876f933e5
12772 9e62dbbcedb42ccb
12773 ffd8b0eff5d2181c
12774 538793a688f0e856
12775 3fffd7dd492a25de
12776 18812c37c600c551
12777 ce539032207fa49b
12778 5e8f4ecfe8cc3d0d
12779 3d7f14dcb8d2a67f
12780 ff9d3b7b0a91b720
12781 b9cb464a1a9a48bf
12782 255c0c1c60ba3818
12783 91ee5979efef4f6b
12784 e05de8dc95dabee2
12785 f50fc8dc569e3e03
12786 7285f973ffde3f16
12787 8882c0aa720539d9
12788 7f62b320ed1519e0
12789 b5c3c87e18609e5e
12790 10f4c10862fb0ee9
12791 89c8c40f1707409d
12792 adce67c4f3dd6ed2
12793 f8fda4151c0ec14f
12794 c858303afa7a3b36
12795 aaf3c03a46cb3a2e
12796 74506ab1a66526ac
12797 890359d100df976e
12798 05bb132a857f4fca
12799 9f0b58301b2b5b90
12800 fd7e831cfc54d0d7
12801 82d7d8fe7c65e8f5
12802 d720fa5e8b507a39
12803 db1266c2a6199b15
12804 a3d85064d8d4676c
12805 6b5a93d74249801c
12806 4152664ad7cb4478
12807 88fb08f612771f48
12808 d079105c7b0b1d0e
12809 f89829f0d9d6aeed
12810 b4a5d67f8926a46d
12811 f7d9d50e6a14667e
12812 46597fff74a441a0
12813 f7ed908b410f6e39
12814 37793162a1ae0038
12815 6f62d953c772c056
12816 b1ca5ac3621d2785
12817 bb3c16627d7d55b5
12818 2af40cfa6d373850
12819 9ba1e540ff211a26
12820 735a32810b5d1920
12821 a941ef4de25eec92
12822 3dcd127a50d333a8
12823 455fa2ff8d47a3de
12824 252159cdf5024c75
12825 ce7386198f3c6daa
12826 26d495f3c45dc334
12827 f2990666d1b5c078
12828 1a15757a868ab76e
12829 874e7cb212225047
12830 5fd3cfb08a6542df
12831 0255c47c3074a460
12832 a48e117ca64f5a7a
12833 d8a1b81e9b50af9f
12834 cfc8d53fc9785133
12835 349403714edc9e1c
12836 70535f2c464e922c
12837 59e9aa267d4a45cf
12838 3c8b61f524e50599
12839 e35329239aaf27cf
12840 d55d879b5f69a405
12841 6441dc653c849bb4
12842 6e28b2d8a2f235d4
12843 07c809e56e0805f7
12844 6a8e45e6e0928d2a
12845 34d24a3f4938ce26
12846 e367f21dba9eafd9
12847 95abafc0b0f29bee
12848 71372bd6b08887fd
12849 0dbb5fd3386d0fb4
12850 d152141d7b558d7a
12851 3c96989d950639ec
12852 c81201a97f97088e
12853 0f2b928dcb9cdb1d
12854 dc5002509d204d1c
12855 b965a5449007a6e2
12856 55fa77e6a2a6d2f1
12857 e410d8f05d4feb19
12858 ad831063aad05e67
12859 4a1b3ffcb82eaf68
12860 ef80837744ce023a
12861 735bfc3e4ff74b00
12862 7ec1982f9a7ad8f2
12863 00d76ef62caa6d48
12864 493d2fb236d16813
12865 52d800e202879d22
12866 6c7e5d6fd8b1daf3
12867 0d3a57197c0f1703
12868 e665319f386a7fc6
12869 e02038bebfc10ed0
12870 ee0beb5919ad7861
12871 aea43748378a4a01
12872 e69c0cff6db7b805
12873 513745af6beb4afe
12874 623c11626b2456cd
12875 f9a996688ad46bc7
12876 19211e1b5a8a9c68
12877 f3b39f3c859e3a5b
12878 95688cc160d1b994
12879 2b344159430ce26a
12880 d588ea4bcb047fc2
12881 1910e65360f511f0
12882 23801f376910b26b
12883 7e727972c01d3249
12884 6317dfa5910ead8e
12885 c621843aa0d3559b
12886 4f9dd3a2c02d8372
12887 e33e31e7ac3e56e3
12888 dbdeb5ea9e06025f
12889 7fd3af14746c6220
12890 e6fc771f04cf8fb6
12891 72b352b223446ba3
12892 5b8336031e232399
12893 df09e65403765833
12894 7073b24ee311044f
12895 a5262797a995ecb0
12896 6e270d07f2ea854d
12897 dae556a9bcf2bd4e
12898 d608ca5952119db4
12899 4413219b26cd1041
12900 3dd7c00edee4354b
12901 644a9e017933fdf1
12902 5c6ec36c21fd4343
12903 f8f91abec5e30c30
12904 d6ed96f2cc74f4fe
12905 5e7712c3a6530eed
12906 f6e9e1d95a5bd2b6
12907 0a1d87e802050dea
12908 7759f9652274a38f
12909 7b81b6b29c14af1c
12910 a5203f4d66761c7b
12911 c05af38d1c15f0fa
12912 c04452e46ca68540
12913 c9ba986257d1954a
12914 990e50e330dcb097
12915 f213a8b64677780c
12916 cabe81f2515deb3f
12917 e1811926f00c0e8d
12918 1cf4c0de385fa9da
12919 1c897bbc81af1e11
12920 359a35f56d777a45
12921 b0009eab0fcb0b59
12922 9d9ad9c3e50eb05e
12923 fe10ddec4728c12f
12924 b776b2a9bcdbe5a3
12925 d72c3b3ef20a26a5
12926 e81f5277e7ea5dba
12927 c2bbed389c7ee2f3
12928 cf25874e2cf7119c
12929 e3192eaeb4e7f127
12930 1b76823fa869ce99
12931 3639e284410a970a
12932 3be5a27a0781add6
12933 eb003a880493333a
12934 e38acc8d1cc5da83
12935 e3959d9d348b5d59
12936 35181eaf23f9680a
12937 0946e4e6a122940e
12938 8e24bb59dd0075cd
12939 3741e4755b61a739
12940 a00b38668630db8a
12941 219f116f3e8f28b0
12942 96e89763e4c4e20c
12943 85236b20a9388441
12944 ce01ba17608f4afb
12945 8ac5a1815ffd1daa
12946 7799b10a172a15b9
12947 c00b22557051a041
12948 57c93481dbc09ed0
12949 85da4102b7b1f911
12950 bce8fb3fe3a1f2c7
12951 f6530d3485ab9c42
12952 75695b01f0000069
12953 ac9d2974b86d61ea
12954 06d2b4c094a36afe
12955 ab5b4e94b7a905af
12956 264cafc10d2f9abb
12957 d82581777759f87e
12958 4e9ebc222c1737a2
12959 4c06add833301be4
12960 74c11ea5645c3178
12961 40df5403b3f83adb
12962 634e715936097546
12963 28c109cc43fb6a9c
12964 65a5a5389fc138d5
12965 617f247c20503152
12966 e7b10a1693ca0e64
12967 f37c13983dcf8973
12968 e6345d389cee4436
12969 44bd46f098e36887
12970 485d860d76549601
12971 5f44520c5880b624
12972 e0a8154d5030c678
12973 f5d49e939c806578
12974 4276be9c42a148cb
12975 363bac8662b49d56
12976 9c14bbd1a5c6017d
12977 c891aa325ec2e978
12978 01f26f7924fb9412
12979 6a1aff2d0792a9a5
12980 bc6a16ebcd87b0e8
12981 749719334850b6c5
12982 853339c13bf78e0f
12983 14547b573ba1736a
12984 afc45685efa10684
12985 750611ee667a5489
12986 a9e0d45845d1877f
12987 81f0ac0dee3fa705
12988 7330eee9c0341691
12989 b6691a56a2c6a4b2
12990 c4d1598442d4f7f4
12991 0cf38708fb6ecb27
12992 0f1e6c0095c60bbc
12993 b64796c52e1c37c1
12994 904c15fe51b4302e
12995 dd504bd64a6185fb
12996 6e92e1342ba1ea01
12997 902398c82709473d
12998 4d626ee6f06d014c
12999 ea70f462d923869e
13000 bad9d5aa19bfe155
13001 32d046a4804d2006
13002 f32201c3048a10d4
13003 33b8ceb74b067ccb
13004 0eb59724eae97687
13005 c50b9b5e6f98035d
13006 77b004d11de7ab82
13007 0c7bde1fba90832f
13008 f3e080d1f0283187
13009 b85cf17cd52ce9e9
13010 3cb7da311bf417f9
13011 e275f8e931c888bc
13012 13ef8d30fb6cc3ca
13013 370ae09c8cb0246e
13014 7410c6bdedb6d862
13015 782ecf03eb0e5506
13016 f9f6c4aeb5a45987
13017 5f097f29b795a9f5
13018 a628bf9f9530d03b
13019 14128a7aaa811f6a
13020 4dbc7e651e9abece
13021 a7255d7e5450317d
13022 50175f15834bd1f0
13023 88e58f29607d8b42
13024 c79e2b34f58fb6b4
13025 516b3802d9f71638
13026 f453fdf4e03f06b3
13027 c37c0a825ff75707
13028 f2beb6067d7bc5dd
13029 03062d8c3d74d064
13030 3ab53f8c5068146a
13031 89bdb3efa2f63d10
13032 894185b1f382e609
13033 58177c7890591a5c
13034 358f0cdbe4e3ff23
13035 b34e9ca7010b8b99
13036 2c0c397eb430d2bc
13037 85f6af5966f99e74
13038 f8701ea4b02344dc
13039 278f4a300ba23f9e
13040 f5155759a05b1bb0
13041 3aa0b8d0c7fcda0f
13042 175fdbf315b2c289
13043 e97c5c69820867aa
13044 6b07843a65f8fd90
13045 46e43529d3c937ac
13046 b5826d44c5f7065d
13047 a91ff00f6c4499f6
13048 a609b06953589d4b
13049 d794b9381f554e87
13050 922f7540a44cfb59
13051 a227110c3e093210
13052 aaad8331c33f01e6
13053 ab0d2262b27d8dd2
13054 3c514323de898cb7
13055 2f65d403d2310235
13056 3e2481c99fc7e68e
13057 a94792fd4d25fc60
13058 71909fe6e217ff86
13059 e4763f0756b5ced9
13060 0000016359a585ed
13061 24ef945d6a7a3225
13062 d21cd30402a1b54f
13063 17457bee36577257
13064 6312fc178f880093
13065 e6aa24bffcaa3e5b
13066 7e70c1a03caea411
13067 08a79780058b2380
13068 86dd763ab95791c8
13069 d7c1b6d116779a02
13070 a601a57e6f29e4d2
13071 0b0ec4c3c5435e89
13072 ddc82846b1b1ed72
13073 66fe562517f6b220
13074 b856d507b4a9236b
13075 10c8a2cb8a65f9be
13076 fcb94a9105bc7356
13077 e4f6db83c96820b2
13078 9a1c92f540a1b211
13079 73460548c1f182ef
13080 e07df4c9ac5317fb
13081 a02e439f744fdee1
13082 144873eab36c51b3
13083 fa40c693e565f04c
13084 aeeebc44176986d1
13085 53f7c4b42937f497
13086 6fe1f092bfa1e6ee
13087 cf7241384fedf9f1
13088 be8a4c8c5c289826
13089 1807a4e56e146ebb
13090 7143dd3d9671d301
13091 444a3d5a0bef8f15
13092 7ab4330d2f012ea6
13093 e1da87597289c03c
13094 da7d7f4b54c79911
13095 c9630fe799a8a6c0
13096 433212c4b2ec97c7
13097 b2004e4ba23e0a6a
13098 0fcd5b73faf3fdae
13099 1e3dd88a7d99c7b4
13100 f18253de99288d34
13101 f92662a581ab9c80
13102 9334c1a95549b463
13103 4e8e2bc162e2c0c7
13104 9070dc187efa6d8b
13105 aabbfe8cf60cd67a
13106 95b26bfdc1aba3e9
13107 c304049ca2c33abc
13108 89262b73d06c9a3f
13109 c9cb437254be2e7b
13110 55a24bb4383b05ce
13111 39f3d91d15ca2bdb
13112 2fd23bb74cbd53ee
13113 39d77aefe5b88f00
13114 0fda17fed0d93e10
13115 31ba83b9f5f10516
13116 40728cb38be50301
13117 7d3b3724eeb2f085
13118 7dab36ce42bae14d
13119 a1aa197a15c70611
13120 e5c6bc264cf625e0
13121 cd668fa2c5d7b0e1
13122 398bff8e9a09161d
13123 07cff839668d373c
13124 bd65d11afa263890
13125 d1320ba6cf482649
13126 b6e1810d17edfe50
13127 cc7e6f6c26fa7e59
13128 eaff9f7e4bbc8a7a
13129 379dc6f0ec332259
13130 518496617e2403e6
13131 52708cdcec6732da
13132 402032eae30cc9ac
13133 4b302c3a5dda9028
13134 7f719292d9863e79
13135 500375333b127d8d
13136 55a5c33dba2bcf46
13137 0fde90dc43b50e64
13138 60966cbafe102043
13139 a83c2b095560e38f
13140 a2fa66b69e889698
13141 b57513136ee4bc42
13142 9d6181a09f986706
13143 e620ecc077784dd6
13144 3e5ac97e0ff2658f
13145 842b0db212111d13
13146 1b0394d7fa55c5a2
13147 223682029a8449fd
13148 0b45cc166f62bd8b
13149 9d9048d2a3956e42
13150 96ff2acfea952e08
13151 30511840c47e0f83
13152 ca11c18007b00f79
13153 80d05aa600f78e52
13154 5b1f83b35b06e71f
13155 c1a725476f89c45b
13156 e4c65444c11a706a
13157 a89c0aa9d90c429c
13158 312534a18e52d038
13159 d5668fac7cd28b50
13160 7276f9e2baca1081
13161 e96d70884a549afd
13162 10594b6f2de10e10
13163 3520cbc30c9169c8
13164 457f3113b57c5fc3
13165 2b9fa3ba873d5a7f
13166 147c2ad2e97d40b4
13167 18b2d22c74671329
13168 cc44833a87b8aff8
13169 b128151bea6c6272
13170 a8c1bf4ffae632bb
13171 fae704c09d0daff8
13172 49eaa120c44f594a
13173 5f46624a1eaeeb09
13174 c2b29c5d94c84066
13175 8eece8ae66b6859a
13176 b43b977f6b231524
13177 95933d741e5d2c36
13178 bd75bc72cd6a900e
13179 1a56e74330338a37
13180 92c79495431ecf0d
13181 8dc20348dc123de7
13182 b3e584a6f47a9cbd
13183 dde0f363c7b07a41
13184 c3fd754c3aa98b1e
13185 6956c52cd064f388
13186 dbb9e2357d81ddf3
13187 8070c9dbb2f62eba
13188 5d0d2d84ba1da5e9
13189 5a7da4c162a228d5
13190 d7d8971ccdff7eef
13191 75248b7e6f72795d
13192 f2f810a0c7d19c07
13193 add3db6c8c03fbef
13194 979bbb8894b0686e
13195 7484c2954a743ff4
13196 66031300e470db14
13197 c8ee4da316269ceb
13198 c301787642db6cbd
13199 3ae3b56e4e6bcac9
13200 c071b67301a05438
13201 bb1cef94845e92d7
13202 6e69344c70d3f931
13203 901b68eaba0f8a27
13204 d0dbea8f62fbaea0
13205 86839928adea587c
13206 e07a9822199cef5d
13207 7b598ae6dad5b7fc
13208 f5121b5068efdd8a
13209 36679d6d69cce0ba
13210 b9ee582447cff9e0
13211 91f9aef906c7f958
13212 6f38cd49b72b3993
13213 afc810fdad1c70fc
13214 89dcf7fe0663059a
13215 4e103270e3cc334a
13216 361d83db13222b0f
13217 88b34432c2356ef8
13218 361789aab9ca5338
13219 9fe07963ecbfc452
13220 3f3fb0ced9289216
13221 ba15362e56b9f7f5
13222 c0ecfef3404fa80a
13223 f7ac091f383be680
13224 c14c57744623db3b
13225 299023300ad78ec8
13226 cc0017bffd6c9a2a
13227 3a87d3556fc068bd
13228 4b2c2e018c5d2c94
13229 e431dbfcf04152d9
13230 6ed4c809e0a6c9e9
13231 6fa24598c84dfb66
13232 b404720822d8100c
13233 cf1e0fc0bccb8a4f
13234 9f9897ab6ba96a60
13235 f3901ba78ba1704a
13236 e27e54ee262933f4
13237 3689f84b0f5e12c7
13238 d71a1fac72511103
13239 09f062127c32d464
13240 3b38398441a16eb0
13241 22a869148c0d272b
13242 2649b9f362cf0bc2
13243 e3fbd26bb5c361ce
13244 f6ad049dad0999ba
13245 8ab8f1064a05c735
13246 708dcc894fcd979f
13247 84dbb875172b98cb
13248 c073c285b65506d4
13249 120d16856953abc3
13250 1ddff731e8f021a5
13251 f7d3a422c9eb4cc8
13252 a83f6be9204be0b1
13253 a0c0aac7972b29e0
13254 409c0cbda42ccce2
13255 f1ef5223028c1c7e
13256 7846e586c114c267
13257 ac046c393bce65ca
13258 7698e3806ac3d4ff
13259 13cac86b2b8bf511
13260 9f1c2a7b4372fb54
13261 a41f16415f688b53
13262 94d0ed200972ba54
13263 e38ede6b1acb0108
13264 5dae04232149396c
13265 f9737ec3b375a528
13266 216dbe88d0a0f6d2
13267 9793502e854c2d9a
13268 7d54884d3fa8bdd0
13269 caba0f636274cb5f
13270 1260b07f7a7c4f81
13271 2a7639380daf837a
13272 b9e5ffb3aa43e207
13273 3b7babc4f52303db
13274 9990e4f3931ade8c
13275 c2c4697f72c8d1b6
13276 21197aa62bb2c4bf
13277 7abf369f58167294
13278 be7b419e9d9e27fc
13279 ef4783cbd6918504
13280 67551c4c3fb27b1f
13281 e3780c31a2cea299
13282 965654bb40488357
13283 aee4a9edc35a4c24
13284 f1d489e9c27b8e05
13285 bcd0f03e9af5ea6b
13286 7f73d6e3b8c0c842
13287 85bca0c0d5eb6fef
13288 e9859582a0ae377f
13289 c32c2cfb138aae73
13290 8dd251c4b69d835c
13291 b28d11087b132eda
13292 d6cb5bfa79c3d377
13293 688cdafedc8c593f
13294 6c48e1de59f14421
13295 15c4f88502c67414
13296 e576ec0e27509bfb
13297 a2b45daecb631ce2
13298 3612ae1c0aae2c37
13299 088f3ac693a76663
13300 51e12d010c9f0df0
13301 28a543b80f88fe68
13302 e1c49f52dda0f972
13303 12b071c9b5c6db3c
13304 72f62fde2806fc87
13305 c48c234a384b3956
13306 efd5a303d11dcb26
13307 271369e0d7621b1a
13308 eb8d10428def65dc
13309 c21e084a28b7a592
13310 a07c4b6ce32028ea
13311 82c9ac8928901ab2
13312 a4a2ed3c94f5ae9c
13313 2404e621ab382fac
13314 092816f30c71372a
13315 4c437e0bd7eb29a6
13316 84d3962253a40fa6
13317 56ecb6c5cc97b38b
13318 44f09a6d71cea8a0
13319 436b28464aa2d341
13320 270f6733604e5a6d
13321 4f32a9cb5b19b5d7
13322 f230579df7d08d88
13323 1e009fc98f2da3f0
13324 b07e9b4fd2f725b4
13325 dedbf820245a9503
13326 a996cc0844f2a3f3
13327 5cd695cd422829ea
13328 d1e666622c9cb9ad
13329 3d57e7014a8cd1ff
13330 e826a668b3bde4f3
13331 74b194520a682038
13332 9422e9c04626661e
13333 9ac4fce14c392db8
13334 f09289ab231075cf
13335 510db66b4eca407d
13336 72b8ce5019b5dfa3
13337 710899fe321ae351
13338 31c8df040beadfff
13339 947999684a690db6
13340 7330a2d6857dd1c8
13341 e854ccdd24c30631
13342 2521cfda12958627
13343 2cef121281bd37b3
13344 b0472358ca7e61a3
13345 7e58b0ea739a1a3b
13346 90cbf5b7105c0b53
13347 8c598723c338a9b1
13348 f09000727015733d
13349 306445e8cb9277d3
13350 507d2e133bfbf143
13351 bb63a1b3b3554648
13352 d2d4a3b31155de5b
13353 c8f0c3eb300c2106
13354 64443afcb2d1f49b
13355 6e241b7af007cd16
13356 c021c552a24272ae
13357 92cdf9b63baa0ced
13358 b1f3e088c7ef493a
13359 967b0db0dcbdc700
13360 7bc6cfec83e5574f
13361 a6b2f34e8b24c6a5
13362 9fe2cbd5dd8e7013
13363 bb631b2969930211
13364 0f652bbe6d48daa6
13365 c59806cdcf59618d
13366 a1723182651c6e79
13367 3e744b5ca23667a9
13368 dffb38b480428e0b
13369 b81470286f3c66d8
13370 eb3276a9a6d93c59
13371 83e56f505845da66
13372 c47174bb48d818d6
13373 94491fdee6cfd030
13374 a1143c8e61422558
13375 693de042655c93c0
13376 a37061d7f4961c49
13377 8d2c153c019d4f0c
13378 3daad0afd6a0b99a
13379 89e60397ab329964
13380 9e13dbbedb21ef36
13381 b1be510469c2b696
13382 431ab3868257267f
13383 296b11536820f103
13384 1fbafdcc6d897dfc
13385 6b150be071f9053e
13386 2492654d91c3395f
13387 dcb90e7e79ad8795
13388 7e742957ecaa8619
13389 b6a4a9134a3599fd
13390 677654b7892cf6ec
13391 f7f83dacaa69efff
13392 e4a5312a7b7990ff
13393 81c9dfbda885ec8d
13394 6be923556d556f54
13395 65a2b4e8f0f20f46
13396 5ed52097a639fac1
13397 1c44d8807ea0b2c3
13398 3d99e7f631f275f2
13399 fc890d62e65371d8
13400 2d2bcd088ce044d7
13401 75dd772a338634a0
13402 3efa71a3d281a624
13403 ca2cec3e37e455b7
13404 b6525c102849f9f6
13405 074cb1a4be57a9ca
13406 69a58ee25f086087
13407 791c5afa0c92f7c9
13408 bcf0c8081209a66e
13409 21b7aa28547d057f
13410 7f4b49bb8423abb3
13411 d9081f0b496acaff
13412 edd1fc6e0c493930
13413 5d82c76ab03af6f5
13414 fb1fa3c1c574ca03
13415 d6d865ad557d8ab5
13416 9ec22748f4a6515c
13417 4452adfa275ce6f8
13418 f9c3f89599d9c878
13419 13607d64649ff35b
13420 c0297391cae347c3
13421 2acf548af8fd4384
13422 2e1997e20a8621e1
13423 8164e851110ee14d
13424 54de2650152355d8
13425 fb9141280f198ce8
13426 40b03e4956bd0235
13427 08ec10d784036898
13428 629a445a5f74ef2c
13429 165dbee8af53d724
13430 6d3a45e2dc588bb3
13431 373808b4d7c1550e
13432 9d47b292590163b4
13433 ff6a975b35088bb7
13434 22bcd03227090955
13435 a6cc09d147cb3601
13436 5ff00e601fb78b95
13437 0232a02874865ff8
13438 86b694211d4e99dd
13439 59cc3fd21a4b1ff3
13440 5817926e54224449
13441 c505cc49aba01b80
13442 5342aa3feec01e9b
13443 2e5f339359eb1a3e
13444 0abece558d1824d0
13445 7b37823dfc2f94f2
13446 5fe27d79861904df
13447 7333738649a09d66
13448 91a05ec5e55e40cd
13449 f0155b5b9dd9ba7f
13450 f09b3d6616b83b88
13451 1578731710f8ad95
13452 63075a178b0355d5
13453 2a173075e3342056
13454 ee6d6f5b77a42bdb
13455 304353392b30101c
13456 e81daf3e3a96c4c2
13457 1fefe2760b1a878f
13458 b899ea9b2f4035e4
13459 5b20525d8fd132c3
13460 eecb83f8eb2f573b
13461 d4b6d0839810e138
13462 5a6dbfd94c5cbc59
13463 53ad6bcf58a24450
13464 fba9647c29b75dda
13465 32a90738da52b4b8
13466 45b55a9c9753423c
13467 d33d05839a27ced4
13468 1797daaa7298b6ce
13469 c5c7187f0f2f0b68
13470 7242d6ff1cb99f6d
13471 03e71b73f0305f4f
13472 6a18ae69a26bdc1b
13473 00b19da537cc3d37
13474 11c6573518026d75
13475 5df968f874d011b1
13476 429bb7671abb7eb1
13477 e87932dda209ea81
13478 09a7c71d501daed1
13479 84739f3c8e3f12d9
13480 f4e1774bf6289c56
13481 3373e96ab0eeac64
13482 59815516d4f2a78c
13483 d2e78058e9f7697b
13484 960e4c08dd92c377
13485 228ffd5c94247562
13486 ac881d9bf3f3a3a8
13487 6d21585b734f2b0d
13488 bf892b362e973207
13489 ffeb64c98a0ce058
13490 8ad7df66eb50dbe3
13491 7df9323454b61e3c
13492 6deadd1e7f7615db
13493 f669b8561836c253
13494 91d6e28209c53d99
13495 65677851a2d99d5e
13496 93d8faa0ad0f8a6a
13497 121f9a1b0f357b80
13498 29bc117888731da6
13499 ef5c84e38fd08d41
13500 d98a07ba33512979
13501 7c946a662fddce0c
13502 7279ee0b0f063d86
13503 50716ac4ac9f0d17
13504 9291ad0216cab60a
13505 9a56fefe2d8c4789
13506 e529774fb43017ac
13507 98988472ff5426fc
13508 8f6c5c9fa83ad415
13509 79ba98ed1e425f04
13510 e845f271115fb1a2
13511 0716cab3d48ae14c
13512 2c5292572f2a7007
13513 c431c7bc588ec773
13514 81c565675475f35a
13515 b064c3e23871abe6
13516 2090455a406a5523
13517 48ca8625271415da
13518 8f0520e1dd2b245c
13519 b74924e8b90345cc
13520 a2ab735e021696b6
13521 9d26a23ee6a1baae
13522 0959a81e8cd7912b
13523 9ee2a4cef8535258
13524 bb1e51849b547d14
13525 f3c236287561ad49
13526 0f16265ac2091d85
13527 fa9463e4727eeb4e
13528 6eda1523a71279c9
13529 6c771f50346f1992
13530 25da454e5b6a7c47
13531 3040d56a6ab8ceed
13532 2f8a36c102832626
13533 bc30739f1ac469d4
13534 d010b2ee28d8600b
13535 0687713c41ef7dcd
13536 828a8b1aadfea9b0
13537 be4768c03c4cc521
13538 d9c07317b5a01f84
13539 0a15d16817ba973a
13540 357edd6aa9590b05
13541 2d6bd99eeff98b1f
13542 2de2ce78b5d3abca
13543 a8377bb0116d7ae1
13544 1039fa48d3fd65af
13545 0f072a6497805a98
13546 ad83d716bc6b00ef
13547 901dd80e21cdca89
13548 b315eb8b6c71ac56
13549 6ec28f1924e9dbd5
13550 986ce6957f029c4a
13551 4117c1b5270c8557
13552 e692798a08cd7ec5
13553 e9d242a59d96e228
13554 24b6e112d606a5ba
13555 83e1bdc25db4b767
13556 2c4666228d9d299b
13557 ae54765ae6fa1bc1
13558 a498f014dc01d328
13559 2274d8677cd5d544
13560 5e8051b609610b96
13561 aee84914385dd5c5
13562 960e892c3f50a306
13563 9f72bd102bd4f101
13564 fbcfcdb11148c3d7
13565 8eb05850b9ef234c
13566 7ecb2c05451741f6
13567 69038c3f47b63b85
13568 6bedda85dc812315
13569 c367e6b6df2b086c
13570 94a01685525bec80
13571 67224f2dd1654c0e
13572 030e2c0397ffebfd
13573 bb8233cf8989ebfd
13574 5d75097bcdfe3a11
13575 ac5c93fd461ee7a3
13576 64fa67aa0207127e
13577 f46a0e5731e9154a
13578 aaf594d2338a5926
13579 8069bff56ca91d21
13580 c10c10c5ea856040
13581 e06fa814712f473a
13582 a3f1c529a458ca98
13583 afdfd80ce7103d00
13584 be6bf9d240988a99
13585 635caa7f952a12b0
13586 4feb87840256e41f
13587 a816b5e92b86f517
13588 3f44618349c0b7ed
13589 5542f6a65eae6f97
13590 f52c431e6dddaaad
13591 0bff6fd42e18efd8
13592 82905bfe798b3de8
13593 e3f52e2e93d8c048
13594 051f33a34b18c90a
13595 daa0644df0a8affb
13596 26bef6512ad54648
13597 dc8bef534de16481
13598 19aa52406521e1f3
13599 e7a48c8af00050ec
13600 ba7ea246bd0ee626
13601 75b20ae83be9d3e7
13602 8369f48556eb4b84
13603 1fe8968acead768c
13604 67dd8428b6e09bca
13605 54f23f0b0e311c0d
13606 f9886d6d7266fca3
13607 e53fc3abb2d67e60
13608 13a5ac0ef57fa42a
13609 965ff83ace48b9d7
13610 8fd1ebd9f8dd9151
13611 131149580b4c2243
13612 58b19630da38dffd
13613 30936aa33e95fd5b
13614 0b2c29d1b96086d9
13615 9a385d7bb552e23e
13616 fbe7046f9f1428db
13617 9c0e220018122f10
13618 d2dc6e60afc719a4
13619 442552c7d4e7d6f3
13620 9ed570c5e7450563
13621 dc0e4386ef1d6603
13622 8fa8036a4c9c83cc
13623 f11c3f171d181184
13624 7110e4c0181e1164
13625 0dfd97ffd7319c1d
13626 a912b9094b73bbd2
13627 693fbd7ee8f03a0e
13628 633434a61a80f48e
13629 835dc0b18e7a6433
13630 344f6d28da4ddc6d
13631 e36bf806eb1bdf80
13632 728551e09b489332
13633 301bb77ff85cf1a2
13634 ffd3f785fe8a3b70
13635 13e33fe9e6ee8968
13636 d0696780023b10c8
13637 2da8355305c16f15
13638 a3545da83bb824c1
13639 24c6649aede86572
13640 6ad1af48e694e1c9
13641 14d6c67a1a6af55e
13642 7a8693e73df176f1
13643 ae68794a78ec5d1f
13644 3f46187a40ae6b5c
13645 e8ad1fd7edd3d22f
13646 6a21b66eded1707d
13647 793b2830994b3cec
13648 d994b8ee848e1f07
13649 6e1892071b0cd8ae
13650 eb1dfbed09b7e1f0
13651 ce2123c29e8a8d10
13652 26c6b725a34f1df2
13653 98f3f0685eb32679
13654 a928e3e6aca57fea
13655 77d23b320469618b
13656 d9d35e9dbd6f675e
13657 1a2f9f275a84ac56
13658 5e94f3d3e08f735d
13659 dd2ee427dd58e67c
13660 2bec382477980862
13661 f41119eb9ceb85be
13662 961c50b02016e7d4
13663 15b9a2f66e1bcde2
13664 9db43809b01b9773
13665 64215fd652b1d498
13666 53b0b1edebeeba32
13667 0e98177c29f2dd0a
13668 be0d65fa987e82d5
13669 40e6e5b71d636e07
13670 f375c392d11b948e
13671 411a55d076b85655
13672 a44f83037e60b605
13673 47f81a4394a824b1
13674 7e9918240820e516
13675 cb9e4a98dd400bba
13676 245091c94ab3cbef
13677 cfad83d498fae144
13678 13a8dd210ac0dbe7
13679 1ecbe1b4aa53bf59
13680 fbcc2fbb35a23073
13681 9cbc34e23d9cd346
13682 183125dd1f8f938d
13683 3d734fbb165cf19b
13684 8e5882465f9b3b3a
13685 7e34e2864613e582
13686 fac06f989b59ce3f
13687 1598a978c1c39ad7
13688 ad45c29806191c6f
13689 39e4f0839e853c94
13690 0fdfcea3110cec5b
13691 5e872da47695a2f3
13692 e51c359d3cc5c0d7
13693 6d99dde68ed45135
13694 65dd7fbe9a2d79cc
13695 5cc29fca972f36da
13696 63e4c3afa3ad0bf1
13697 35d6f86374533782
13698 1c352249c031493d
13699 e4621692a864d500
13700 b1113ec087f5f6d4
13701 c3b2e7f9554d964d
13702 a2f71e98daf047f3
13703 3c41c88db4def15b
13704 30b1b623f416a7ee
13705 98ef3bc163d096f1
13706 d330b20f220b3ff6
13707 098dde27407b6e66
13708 f29d27c3f9435205
13709 e1999fbb06196bb5
13710 8844bc8995f14c0c
13711 823eb3a3f8435629
13712 3bb26016cb686738
13713 0e0ec2691356fb3f
13714 5b2f8061e2ef28da
13715 2c2b978459fb1c3a
13716 f42982780ce9258b
13717 02854f03040f2572
13718 961dd9fa3a75a373
13719 935f988b59b08138
13720 523f04630cd02bd7
13721 f56114c774acc1b4
13722 69fd793815b49568
13723 0b3c56690f8eee70
13724 04048a7aedee5475
13725 62ec59a23df3c933
13726 e83764eef7217924
13727 0e145f9ff9107615
13728 08c22c659ef1c131
13729 63ef6ba364ba4b0f
13730 8ab697600f44a186
13731 05740a9b70bbe903
13732 27fce8fd735924ef
13733 18b20fdb3436c810
13734 d78126df208ce15e
13735 d4efdd7a21db8daa
13736 2cd2c19d8820c995
13737 71f5506d3fe72ba3
13738 5dacf52b5280198b
13739 fe8c636e7237f093
13740 4fda8f93c545ada5
13741 a781db560e9992db
13742 8b8aeb08b846d7e1
13743 2b0cad237dd94682
13744 4a5dcc036bf714c4
13745 ce7ba9c324d0d229
13746 571d4cba01e3f6c6
13747 c229ded3cbef326d
13748 0576f56b2dd17c5c
13749 3df85bb611d58590
13750 2d00e07400246e83
13751 18a850c7a08e22af
13752 b104445ad40cb0d6
13753 67ae0ed3088f03d3
13754 3eedcc4b23458a60
13755 d97e80713c95fd3b
13756 de8235f821438c84
13757 ba78214917cfa80e
13758 cae40529776603d7
13759 ca2646bf833a32eb
13760 887aff0bb4c62673
13761 819421d3a7ae9131
13762 483d7edcaa3e7d36
13763 1417ebe18dd4ee5b
13764 5f7641d94203804e
13765 154d505f9c7e68bd
13766 b64f7ac63c528caa
13767 f3c5bf3558026f3d
13768 8432faa90d3c3488
13769 82ef0d33b814f512
13770 28b53311a6bf9ece
13771 ce18d338c449eb8e
13772 de761d668e86474b
13773 3268b2264565d0e9
13774 477367887291f48c
13775 18b392794e0c36e0
13776 6990bf25874ed3a9
13777 77318b1a1d9c6879
13778 c2acdf10414ac9ac
13779 1b27c379a39e56fd
13780 a818423a1ed00c24
13781 9f6beac8f49aa698
13782 ff1fad8f9e6edf4a
13783 606bf4d1198164eb
13784 5740b656c7f3818c
13785 b317ed62dacf3d39
13786 8c03f100c7204e4a
13787 ebb0105f93b2582b
13788 8a6f41d5b23fce6d
13789 8e3e72fec3a3cfef
13790 6adbe5958bdcbac2
13791 0b91c717f7015b55
13792 2c51eabc24707d40
13793 33b0486fb3de28f6
13794 8a26b77a7bc32c1b
13795 9a2f3786601e9980
13796 2789767c2dd23622
13797 4484984ec46b1110
13798 37818c9d8f91595e
13799 b04b9d934f9ad8e1
13800 bbc666cb574af93d
13801 d4598f2d33b6ef05
13802 5e8ccd445690018a
13803 531a3e87e5ef9b4d
13804 aa3f38cb45431e9b
13805 7e5165e7a31ccffe
13806 2f4879a073e2d928
13807 abfbcb6219ce0f7b
13808 81b472ed38e2bc1d
13809 260a5ab485e63287
13810 a0a7a8f9e4376d9b
13811 a519201195e1e571
13812 4e6f689d66928549
13813 4d99bc26d29d3078
13814 827b9c712750d5cc
13815 e589fccad02b4c0e
13816 ff8ce4c9cd3b98ae
13817 eefc3429974b9257
13818 d673f39b412c86c3
13819 1ff5c0eccdc53db0
13820 ea20339da92eac38
13821 e537ba12ad61c8fc
13822 5afe3d258ccc8167
13823 bf117a164d3cc81f
13824 37c5663b44f715a4
13825 a2343fe3cc524b83
13826 ed4508ce14070d27
13827 6f63729f4ed3aa5f
13828 387d1899006d1f37
13829 d604d30d82914cb2
13830 ebb5c714bbaf4380
13831 de222e6fa6907de8
13832 7237b05a111150b8
13833 42816c7bed8dc87a
13834 e7912f45d693ed34
13835 d2879da6f47dfe66
13836 906940f822dcbd1f
13837 db2d7a1d6f7941e9
13838 0a547d1dcbac5392
13839 1c6f137b6ee24930
13840 024391b4327248cf
13841 5ac95dcaa2550f4f
13842 73460b87e22e62a4
13843 31c73e7738aad881
13844 771efd772cce1ed7
13845 6d41bd32ef471d14
13846 a6079d23fdf6b849
13847 5482c40b73fa0367
13848 549c9f88a1f1f337
13849 f3d5ab4d620f6fef
13850 2902a2d3a8ad86b7
13851 3be52375d7dda220
13852 66db8a8abd8a1a61
13853 ad72a38ba395be32
13854 068062738721f4b1
13855 7cbbd3e887b537bf
13856 48d99129d9c0e168
13857 557e2a5e7fdab38f
13858 7ddd9a13343f02e4
13859 f4da83f9e8336da8
13860 9314f31f3d7594c2
13861 7f694cef9448022d
13862 a6b3032b4d501dd0
13863 cdc63b36a5719001
13864 594a01a29005dea8
13865 67f41804e1265686
13866 4c1f31cbce4dc64c
13867 6d6344fc18429b5f
13868 e658dcf6974f5da6
13869 9f0a7a9a7695b4df
13870 f465539876ae3448
13871 5da4df9dc8aa0469
13872 180de4084b2e983a
13873 824c70b0afa3f889
13874 41be069f2d3dc56e
13875 c04fe3ccdb19c7ff
13876 9ef64047376dca5a
13877 eb6b39bfc2612c11
13878 cef5f2af19bcaece
13879 dca6b0af16bf99d1
13880 4c12b79060ce8e60
13881 4c59c928c3536a7e
13882 4e1425210905a922
13883 3723440628b619da
13884 6a16343497ba8bb7
13885 e0f3b919d3c04f9e
13886 f1220db641bb7eb2
13887 fdef24053546b3ce
13888 c441a2742e476c93
13889 4273f021ad76657e
13890 3459e02720293a0b
13891 dc71f30c20590d21
13892 813f3a5e35271eae
13893 25ab9de85ab5adb0
13894 9675501ca1b8658a
13895 e3ab6cfbeec6bdc4
13896 d0a21549e5de963c
13897 46c5ee0db5789870
13898 89253b3473356a10
13899 1840c83d8dadbf9e
13900 4b9783ca22fd647d
13901 e29d48b456fd213b
13902 792e4dbc9e8558ed
13903 715552d7774e36bf
13904 582827c50993c492
13905 1204a2c6a3fe804f
13906 1772136a37f105f4
13907 033cb6ece26b0b9e
13908 18dcc50ccfccc7a2
13909 5da5e1e8db2ce3bf
13910 6006c39e2ae60cbb
13911 7d49e28257e7a617
13912 26a6679053ed7d33
13913 8a3b9dc463188a32
13914 2da6e9802ac81654
13915 435f2639c7c879da
13916 b45a563625e43f22
13917 b807f0f9230e5ae8
13918 4ea2b98ce3729c5d
13919 bc6d2ae25180bab7
13920 31dcadb7d8fbadd3
13921 a7b47d689dd1afa5
13922 85ddc36da1a7c7c0
13923 7d57e3f0f67825af
13924 f962ce8b72c34d9a
13925 e03863dc9f8899dc
13926 7670013173abd674
13927 3517747670211cd3
13928 180632a344548d4c
13929 59fac7f709b03da9
13930 312b49d1119e8528
13931 bc80168184be69ff
13932 1202defaef10c122
13933 911085dea9de6627
13934 cd6395b370f7b21f
13935 e91fca7a3ae998a2
13936 afe80a4815e43638
13937 c242b68399eccbc3
13938 a7ef8f0c88c6f9d9
13939 60f1e984a888b4ac
13940 a9cbdd457f1a0d4f
13941 013ec2e4472b7cdd
13942 5be3a60f3ab3d921
13943 d5c2dde9f16c0066
13944 1c72529171162273
13945 8a213af3cbfc69ec
13946 befd7cbfb945fbfb
13947 cf704a0473b8bf0c
13948 aa43785b7edbd212
13949 0e3174902593a021
13950 c2f57a2727b1cdab
13951 32c268a81f908826
13952 2545bf3d38d37473
13953 8ffaf5e370b1871c
13954 dde7e542d2a937fc
13955 1c078cd1cc210c69
13956 a11a90350d2fd1f5
13957 6b80be1d73673875
13958 fa22e6f1a9970908
13959 05cd1ed121799c4d
13960 cc6b459a33296f35
13961 a8c19b8ddbda38f5
13962 ecf28daacccb906d
13963 d473c5eae8a1e2f5
13964 90df57a71f8ca92d
13965 466b6839a715164c
13966 cf74f0c6bb6522e7
13967 cff50349d1555192
13968 b73e1efa435bd333
13969 85e5106c3fc11f5f
13970 1f14427a24bdd901
13971 9d357f067ba03ed5
13972 77c6d48f2eb43387
13973 2b896bdd8dca1b16
13974 e146193f07634563
13975 40e2b996a5385f7d
13976 d561872dc98ff05c
13977 0b3e664aecd9a17f
13978 e3116348e22360cf
13979 69bd01c4bb39a882
13980 e86157a38d0b02d7
13981 03e676b5d9c4aaf3
13982 49a9e465e6ca01c6
13983 6e130b890b730d11
13984 598ce05a585d211a
13985 074a8b151422346a
13986 bce7373db103271b
13987 f7ad3663175600dc
13988 a69dfdd496a885d5
13989 5710d323898dda69
13990 0785aed16862a782
13991 5fad75494ec5ff40
13992 4b21e785b1630a1f
13993 e93176c5edeaef1a
13994 c968007bcb7c23fc
13995 301169ef5561752a
13996 c59b591daf727b2f
13997 aac51f83f99249a7
13998 def18987e23d7e30
13999 c86c337a295d3421
14000 9229c6e2a0169615
14001 7a1ed746696a72f3
14002 e82d86a22128bdd5
14003 cfee832b734bd5ce
14004 6f713f24d6ef5e15
14005 7bd141a6f6fdad57
14006 700cbf50f601ab70
14007 a6ee57c4ed10eadb
14008 56c99746b0959a28
14009 3446873abc992359
14010 f49165aae86d7fb7
14011 e737d021fb11e219
14012 f6ab122c33dcc5a9
14013 046cd760b375dbc2
14014 e4d93c72a2c04651
14015 3119b614f0ce58db
14016 3719c4d88c76c89c
14017 9c19f00799794654
14018 42245c45354edb26
14019 d682b41af8ed56b5
14020 d5894d374d0b7f79
14021 c330ef7be6f67c73
14022 7673b552f6587324
14023 cee21f9107c90ae1
14024 97d6286d52d71bb6
14025 2d6c5f170b78855d
14026 b5585dadb06447e2
14027 af61a13cde6e8544
14028 692758c4dc424ca9
14029 a55f18a562be20e7
14030 2af1f2a4d40385d4
14031 8d6898815326872e
14032 5f2ccdf32271ea6b
14033 4c89e5af9fb52db8
14034 e2cf17ff6005257d
14035 44f7891be172a365
14036 b8d419b307f2f9e9
14037 a93eed460c731a3f
14038 b6d42c48b23cfcf0
14039 0b913c1cdf6c3bd0
14040 62b7f23a087b759c
14041 2ee15b17cbb3d778
14042 7dea66bd0bd7a510
14043 bf6accf2f5d75c21
14044 388670bff9a34289
14045 43a7576fbcc91461
14046 ac1ae724a08e4d1d
14047 c1ef55ebb0a043ad
14048 1fdf25b3ea31d843
14049 7ad6eea5183dc7ca
14050 159b4c2c3aef7b47
14051 a2591bce4b0df842
14052 6f8160c0cff9e171
14053 c51398228a0f589c
14054 96663ce6cd5cf587
14055 3db5261980bf4634
14056 d62881a9cb924455
14057 0ca5e3f04b7f63a4
14058 c17eebde894e1ffb
14059 b87c989f810b57be
14060 3f41cb5b76fd9dac
14061 c76267be3dbb02f8
14062 958be82290289ecc
14063 d8c85b20c1273835
14064 412120d9a6caa84b
14065 3ec23ac01b33d6a8
14066 0ee47cab6fa1a9f1
14067 f1b4b1b104057366
14068 d965de4a355afb71
14069 c47955c5c1a6fdfe
14070 e6e333718ee6d0ba
14071 3c8429ede9bf9f46
14072 82c6a8ee5e9d7a08
14073 281b39087f88ea6b
14074 43804e363774c19d
14075 61f8a968e348749b
14076 dbf21fc1f888c2dc
14077 962d5a5301edc164
14078 8a8c373a70547a9c
14079 4880fe7079f34ada
14080 8ffe1f1b0f89da8b
14081 ad481bbe357f16c9
14082 1ab503e3cf8ff1a7
14083 32489d966b852e6b
14084 52523ed5a978ff08
14085 7c131a604b54965b
14086 90745a871a3a141d
14087 50d3cdb76893eeb0
14088 b43d50993198d245
14089 0e7b7fab23d6a56b
14090 ef746be34c51d005
14091 262b876953f4147b
14092 ed0af3acce09483e
14093 5830325041c51124
14094 e406f352bee912b9
14095 bac920c3a492962c
14096 1e22840c94bb3653
14097 c736047636440564
14098 915428ce187cb794
14099 3b4e9357281cc62b
14100 b8787106a0ef874e
14101 66012fff748b042f
14102 d802adb12a898cae
14103 48190a3cecd6e4b9
14104 83df061a21f123e8
14105 205e591d7cd076a6
14106 b52ab41fb10d7105
14107 3312e97153875e80
14108 105a34ba939d1a6a
14109 a4ad2a9f9700e65c
14110 8ad11e6b9589a2c2
14111 b1d48ff42abf67ca
14112 1e9e05ceaf56ab44
14113 d4806a54895b543b
14114 62a55cb77696bc4f
14115 6e39cb3f1cf0c347
14116 752091c06a031378
14117 f314e44bece5819a
14118 a37ce38d043cef36
14119 728e46204f4cf064
14120 1e4a3b513ce360cb
14121 62dab8bfc0fc696d
14122 9de55a6334860fc5
14123 efa57e538ff9845a
14124 6237e9ca797b69d3
14125 6e5db0eff24838c1
14126 96498a7ccad716c8
14127 5704f151389d5d36
14128 82e7c429ac4a8a10
14129 8604533c3c4b09a8
14130 ef9535fed95b54b3
14131 fa686a788ad60d39
14132 c79227e4ec487db6
14133 75231812633c804d
14134 5320be2ea6ff66e1
14135 8d566df617be21a7
14136 c91fbb226a46ce02
14137 a55fbf1800c8b75a
14138 1402d30fab21b214
14139 381f3c48766e6305
14140 d18191d94140e1d2
14141 40af2db1f99be716
14142 78cec156d3e8955e
14143 4a7a9e7a3cb96392
14144 8fa1cb1081e3804a
14145 15bd7fe36fd31a84
14146 48de37e1157a2d3f
14147 c21c67485cbc8707
14148 1ddb050ed5eb6150
14149 4fcb91e0a88efae3
14150 94e1b4bf2fe74936
14151 121931ebf8c1af25
14152 aff2c14d9f96d175
14153 3864271f6cbbaa18
14154 2c800d3604071f4a
14155 9bceeaf26d83d99e
14156 9b55b57d38202f67
14157 9cc7caf5556d22ce
14158 9ee92b9d6bc91446
14159 b754e6c7e373236a
14160 6a1b521a957d9517
14161 d9da7053519ae0ac
14162 3d0d1e5571034188
14163 6bd5f4484b74506a
14164 b32f238e4592e460
14165 a3b3f5d902b1c5a2
14166 6264c4dea395201b
14167 3014d09aebcf78bb
14168 daa0b132a66f4cb5
14169 c2afa883fcdcc41b
14170 005043e3d8f93f13
14171 3bae8fbe44556202
14172 9d4dc6637f723a06
14173 78a9babbec24d684
14174 4eb022da5b964770
14175 e10df4a6638d9cb5
14176 d710a9c9064ce5bf
14177 b03f833adbd737cc
14178 600d4c0f3387c037
14179 ac561f12a9579d4c
14180 0f2c33f9ea34e33b
14181 b537236f129ae8df
14182 f33566d4da0fd26c
14183 1826bde66102a80c
14184 7e72a1501d3d2809
14185 6a65447be9238634
14186 96f62b8f2ecfc022
14187 a82cf7133097dc80
14188 8de2a0061d3962c2
14189 1a210634e4744698
14190 0a154f0ad161bd50
14191 d8e1b3e35d3305f5
14192 fa8a395133c284c0
14193 0caa72443a6e8fe1
14194 02bf3e36b90430e0
14195 0f299da6ee5af8b7
14196 9dd5198a7f21084d
14197 9eb4cae5f6e9f28c
14198 8a13c5f91e26aecd
14199 c727eef8f986008d
14200 26ac0ad1fd1d4a12
14201 699e4d8861b99718
14202 210cf269303beeec
14203 1948b6d8fe0502ff
14204 328d47a3347a2401
14205 6a022f17f1fb4511
14206 ea3a48086fe35631
14207 0204d1412e7be105
14208 93d5033e8e4cb9e1
14209 8ef55240de0160ca
14210 a3e7194e33b20c68
14211 1d9414d3f37c1f14
14212 c33df93b0eca3f04
14213 c3b572da898873b8
14214 afa0750748b2046e
14215 84ea8a7cdb738d89
14216 82ea2238d5c1ea5a
14217 951cd7f1a51280a4
14218 187117cd7563dee8
14219 425fc144d384411c
14220 191f5c846431251f
14221 deafa47d8bbf6b41
14222 e7280bc6374cdc0c
14223 ba121344e0ee9d3f
14224 ba00ff1b7b54edfb
14225 f50588971b154bc0
14226 e908c864ff90a1ae
14227 1151fc6751ffa932
14228 9619d0f12ae93ce4
14229 84f457bc3ec5fa1f
14230 36f55e5b059d90a5
14231 3b500fa445c6aac5
14232 053d8ad8c14182c5
14233 c6ff658a41a61f67
14234 9366b3abf7e5702d
14235 30bda54b1b17d9f3
14236 25af0eb17f06d391
14237 0ed6ef63f7243cfc
14238 80fb0c81c328aea9
14239 e5957bcb940154a6
14240 b3db9994e2d591be
14241 46179fddde4f3418
14242 ceb7981ddc552e8b
14243 e471106488916def
14244 393dd9e4a6580bde
14245 f239abc3f026aa97
14246 8ab68a6c4a55dfc7
14247 fb2188feae69a4ff
14248 b42b159138838450
14249 c35c044828c2bc01
14250 0025d9f9ea90c660
14251 f0086f127bb26ddf
14252 8f2c903eeae38256
14253 54249d99445a9c68
14254 e45033e841e61637
14255 d8f4aa56c4c31194
14256 991f2f556ac202db
14257 8dd7d9b5ac09ee90
14258 31ad4154e23dfdf0
14259 3f5e46b778dff3fa
14260 3229e70a1451ae3a
14261 6cedd94ab1130efd
14262 21f94626653942ff
14263 c047a858b2439da5
14264 de08b1c4eb16c4f8
14265 b9b520539cfcdd62
14266 969e7709378897f8
14267 ecf042a0a38a1775
14268 18e783eb32f94cee
14269 f3786698edaaea51
14270 7ec96adb75c12501
14271 8f1599f9b2605fb1
14272 eebc592a93f434d3
14273 28af53c67012a41c
14274 4a7bb8dfaca7b0dc
14275 5fbd7d41795c74be
14276 4375a9e2b731060c
14277 e6f0b85eb6b6a01c
14278 05ca8917643aa0ac
14279 57d9ac2b6f46ab51
14280 9a72b78c66cc30d9
14281 d831b8776f0a0c70
14282 cf2b49137750bec9
14283 b88dc1e64a5b7d51
14284 fc0b6e99b83b3666
14285 b2312ff2f6930b3b
14286 6e663dccc8175445
14287 cf70f30126e4a565
14288 96cccd241a9fdef6
14289 e1adb81e40b40262
14290 871da2b9eea4c224
14291 63b38172d35d866c
14292 413cc92ce5f0c466
14293 3e43f39b59b9e3c3
14294 e42fee966741a5f5
14295 9eb8a80ce351ba8d
14296 e940a2252341d748
14297 556751881d9b51db
14298 b5e3768ec09e387f
14299 276507293107c95f
14300 c609dad9b3698b17
14301 3ab778c60a0753a9
14302 14f80ff4dfc3f946
14303 e6f954bafcb00c74
14304 8f224da61fd2c921
14305 61644454fc731b90
14306 0c53e146527cda5e
14307 706d86efe96654b7
14308 62365a3081f9ed93
14309 2611a0515d72f310
14310 1c7dfeb495a3b81a
14311 d7c26b1256aa03f5
14312 fe3093287e00b2ec
14313 6d4d03d19acfe6fc
14314 d9f41b357a712c02
14315 a592b89a02d429c8
14316 e61a16660006eaae
14317 0a02a81d10a23dc8
14318 2598b41543d64f85
14319 f6cab131619a26b1
14320 b0ef0aada5fefb90
14321 5d4c4899f0eee06e
14322 399470ea395fdb36
14323 58d67bbb19bdfaa5
14324 680c57a0e2c6c787
14325 4c9ffbd742dcb11b
14326 649ce91d9857af9f
14327 e22950b547dea056
14328 07159e79c181cb89
14329 7a2d9bcc74e56d72
14330 8a55a159ffef0c4d
14331 f70707145a787f97
14332 3d28936c87e2b465
14333 12bdb58910011e36
14334 6723a7d83c4487bc
14335 7c604b924dc25fbd
14336 54e61c419b54c0d6
14337 5ea153728f77d600
14338 59d1658436448081
14339 263af9772517e46e
14340 7165c564eaaf82a6
14341 f9d477160be3d69c
14342 d4f4cca0b02cb88c
14343 aadde36e6c035c73
14344 0a28b9bb9ff5ac6e
14345 14ad12789f2604b1
14346 749b38b4bc3a5323
14347 cb074e46d04cdb3e
14348 0d1e688f08d2db0d
14349 15ad952b58f390fa
14350 91703ae61560831c
14351 b0a5d5b161b6eb09
14352 934c36467279805c
14353 0ff89891a91ebee0
14354 e8de496bfa3dfd0f
14355 3783c924e18ba5c6
14356 3d4f8d5c89c6feda
14357 ba4e38e3cec55041
14358 9c58c84b402ea15b
14359 704829360ddb8ffe
14360 2bf61fe8398598d1
14361 eee8a90cb4c8473a
14362 01260f1922d9f212
14363 8157412028b5c827
14364 e9cdc7ef2e7c8eeb
14365 49345c5186782982
14366 03b92ad20417b1e1
14367 a9829da9c7c50134
14368 c615eb579731f820
14369 61156013fa2c612d
14370 e2289e55abd85d0a
14371 fa87cecff6247620
14372 43474b2bcdfca400
14373 783b0a3c9a06b0f5
14374 583942ef73208570
14375 924e3546e3a0b3a6
14376 234480297d79f278
14377 8ee3a0312d35bcda
14378 30ebab314eb855e0
14379 abc50a0eac019f3a
14380 0b8f9da05d57cb8c
14381 3567b9c196944bd5
14382 ad5b1d61bf8245b6
14383 395d4265d1ff7eb6
14384 d464c80abf1e23ec
14385 7846e1cbf5b4c366
14386 3bc0d8a232fec50f
14387 d7b3831e5dd34cb7
14388 c79906e60c4e632a
14389 f7676e5ff4264c6c
14390 ad21c35c2352bfd4
14391 81872a9baeda121d
14392 28b4e66e267e8e5a
14393 dd60bb7643c0d855
14394 8adf8762c4590eaf
14395 26190a762bb3eae6
14396 ff29b087e1d25866
14397 7da28af2957c45fe
14398 f5a8ccfcbfc18c17
14399 4ba3b94c3aa4b547
14400 8bc4be326f5abdaa
14401 571c263a4d9b9fd1
14402 de7dbe416d0450fc
14403 c5dc0bde3e8be3cb
14404 0b5aea873c88ec76
14405 60ae96aece401408
14406 42b7bc30c89f7222
14407 dff031e31e9acd99
14408 0a2fd7a8de3727e3
14409 87cd2023f12c9d1a
14410 8659caf951cc1293
14411 afc73456b63458a7
14412 42ec9b008e4c4d25
14413 e88a3f8324f9257b
14414 49f8180309663a6d
14415 ffb81fe79c645ee5
14416 9f815f0d3b6443f6
14417 d0dc526c209ea2e4
14418 3ae67a350fb17a6e
14419 65184a8e4e4490b0
14420 f9b518fcef74c813
14421 e4b68c96a24b3bc1
14422 c8805882f271d882
14423 2201a3c536efa314
14424 0c356ed89f3303c2
14425 1f21605c282bc2e4
14426 c126e346c188e611
14427 bd650f571e7348f9
14428 5411090c3a86cf56
14429 ee97105e40c98fba
14430 1747c08d4aa4bc35
14431 bade685683357516
14432 380a8af118e2aedd
14433 f347c54dbccfde9b
14434 5f3ac943e271f34d
14435 61eeaa728a2a0707
14436 ae8e414a0f6db3ed
14437 325fefa184d8b6a4
14438 ee082ba83fdc0d12
14439 1211c1d9663e2146
14440 1d1738656ffd4696
14441 b0a706520e6dd1ee
14442 a38817344134ec0c
14443 c136ddf275d4a241
14444 49e3cb4a241a2a77
14445 52b575e12d4a7f42
14446 70f8b0a3bff30c6c
14447 a3d8b1034a9eefa7
14448 374b072712503381
14449 34edfd0799fa7e76
14450 bf89d5bc56fa3058
14451 bef9dbfa60b4d8bc
14452 2ae9d0617af2f6a2
14453 d9dc0f66001852b0
14454 76ae85a581f0ce56
14455 dd8cca0746e3a658
14456 929c98273e22fc9a
14457 e10c2757175ec990
14458 bc1f0f541568c6d0
14459 931ecde0d0e8d184
14460 643549a02507486c
14461 6f7819c11106fa84
14462 60d347d99c023dab
14463 b9d554098e7835d7
14464 90ada1a0b22de107
14465 33e3aa72f5c5ee7b
14466 5c328c0ecc01d21c
14467 d37b2c55c7cdf96b
14468 f53f90f96ac1d9a8
14469 02b6d76ce674419b
14470 caeb4899fd9160c4
14471 8ba25fa8b0cf8cf5
14472 0b0b76e5a699954b
14473 00e713e8f9121795
14474 528fa93ded05fcf6
14475 05cecbf65070bf72
14476 de4706ae95759689
14477 2ead2ef0075e161a
14478 552a05ab86de5cf7
14479 3deb72af6a2c8ddb
14480 85643823010b5a5d
14481 5022293e56396f8d
14482 5c9f76ca2c15c6b3
14483 26d3ae25c55a1612
14484 fe8112f8425c5d2b
14485 e556bff5e5e75e61
14486 12a14b3b17d55686
14487 a88ba08e34a18961
14488 0c737b009a9ce990
14489 671b99267df4bd91
14490 58937153b2027e49
14491 93f7e7a825d420ce
14492 0a8aaa47eb571c8d
14493 934bc5ff8cfb0ea8
14494 365e3a6535a8168a
14495 7187be34e39b393b
14496 9a76f7109d4c3111
14497 6b0b7288e7582051
14498 0c55f3110850d6b3
14499 02d1edca516d6788
14500 712df2d0d46426af
14501 911a3c01c85b31be
14502 efc235d59511d4a9
14503 447d6b03246f2107
14504 3abe9dc861681892
14505 aa654690d2d5a551
14506 dc0b1f66fc7dedce
14507 94f1056fcc44cb99
14508 195ab4ead71be449
14509 a1c6f97a508fd105
14510 c17e49dc67e0233c
14511 e36e4b0caf9a8602
14512 565e9b9fe7ef9099
14513 47070e62df78de29
14514 72f98dd6b6717d1c
14515 6d9dc3ee44a68eda
14516 850110b99c67c5b7
14517 312de192a118fe25
14518 1c43f7deab3748a5
14519 48ff40da943d5c59
14520 b482ea1b75e74ce0
14521 246173a8955b73c3
14522 ca37482a503bb9c7
14523 d9b2b09f50912c67
14524 16a21c8ed8505daf
14525 f0e1c3dc1d7f9861
14526 3c60c3ee9ae9f5c1
14527 70dc562ece8d4e51
14528 72d5c392224752aa
14529 76cd4bb1114fd09e
14530 1d06b2ab4c9a279f
14531 bee674cb2cb6e1e1
14532 bcdec92f32e9273f
14533 020b492f18028f66
14534 6512ddb4423ba87a
14535 ebb0a29dd676415a
14536 ac417450b9ae84be
14537 bc1d8936875f334a
14538 fa13f0ae8e9dd617
14539 0390f88114de0cda
14540 2179e7e760924178
14541 6b6af652c9a8cc0a
14542 d267f51c4618a0ad
14543 2c657b93e34df26c
14544 d2fa92f14d1e08f7
14545 fe719ea88df9dfa9
14546 cf79e3fb963894e6
14547 4313f6676045b630
14548 bf22fc6b82133b4f
14549 6a19794436d26719
14550 af9183c1fefa73d1
14551 74c70b94e95ca99e
14552 b81c399dac9addd0
14553 fe743690a0151ad0
14554 427857a21514b386
14555 02b86ce810a3c71d
14556 a0501c02a279504b
14557 9ee57249990a437e
14558 bc692bbea0898221
14559 65b812f18484b3c8
14560 7dfef6b26a9f8889
14561 23b4c2db5d5c6162
14562 286655028a35d3c0
14563 3ee480d89dcd317b
14564 6ffbea085161456c
14565 b54dd69b5876742b
14566 03794f7a26de6c5e
14567 f6e149ea5e63e60e
14568 00c75bd0cf1ca65b
14569 79b5ba45fa7677dc
14570 fe6bcc498d45246a
14571 11973d6187bdbef7
14572 4d24a526e636639b
14573 1da660e4a7995fe0
14574 28ba8d9cbf60d22c
14575 a904ab58565b0e28
14576 eb8166334a8f4324
14577 ef8ded7b97ec7f4a
14578 1d92e364451311a8
14579 f233a6e48047c65c
14580 349c0752fbdec4ad
14581 e2b7b354ed297446
14582 19001296ead57f33
14583 40959f82450b763f
14584 282cb753f49e00c5
14585 0d73f51fb0a6652a
14586 53a95aa2dd85a1f0
14587 a20b864c8d3c7833
14588 ec5c54fa2f015388
14589 7ee4c1326451bab7
14590 45f45d62fefe610d
14591 8f25031bfd112dab
14592 7ae70e480a20bfa1
14593 1c0d99980dfc2a08
14594 8738a90c4d0be1f6
14595 d5c6d6e95f6717ca
14596 da480b9253dcb17e
14597 9bcb24065caccfbc
14598 136603aca15f1453
14599 0b8c8a3e2d55abfc
14600 8907343e4b381738
14601 c2ec16edd896e723
14602 7ed9043154d1a75b
14603 65845ef423f1c84b
14604 7282afee890f4f8d
14605 1b54d9a0525d29f9
14606 41a67ccc036dd498
14607 f1d30af8cbfdde8b
14608 7621ca0a06623898
14609 5d1a7105029b3c45
14610 f8f9710bfd5d1b27
14611 f74b3897de9cf9b8
14612 9650a71ce8e07aa4
14613 2d5e2031497d5acc
14614 d6dafbebdda69538
14615 09d6418443c02387
14616 e1809c81af38f495
14617 7e0c2be0ff9aae42
14618 d47acbefbe6ca609
14619 3f4244365d86efb0
14620 7d4232e408b52ebe
14621 f9594b16250c8793
14622 96f4dd537c996cb9
14623 c20dbea9b7ae2840
14624 1e3e9162f8ed622d
14625 7d982135da305abc
14626 bd74c3baba780846
14627 773d25c6f42112db
14628 69c9a776405927b4
14629 e002495849af3e02
14630 b2c3cd526c4a0669
14631 81250e84acd41ac2
14632 371f0f4b1299f060
14633 7a168f80f2c3fbae
14634 fc10e2cd030083b9
14635 a1dd7ad4cfdf6a26
14636 33b5a9c80a800911
14637 c2c4d37ca83f3763
14638 3f96f03863c5b69f
14639 ced00f6d7a94bf4a
14640 e82932228fa8c4ce
14641 e6cb30cb9122534d
14642 bed9b50452af3986
14643 2190b9a8c375b22f
14644 71923cd5ad946843
14645 34e6aeba049ea605
14646 37c8a971c984bc60
14647 a799507cf5272bae
14648 d7a673ea1effc06d
14649 9274085c882459c0
14650 c3a1c0fc62f02b2b
14651 7ecbb860a0f431c6
14652 754374396d806bbe
14653 0d7d2908c8fa36ac
14654 b248a3ea826b8d2d
14655 3972c013fc19dbb9
14656 48ea6a84529c6976
14657 8e9ec31f35d5be9d
14658 64cc34541b21a96a
14659 165357bba475309b
14660 819f160d519eff2d
14661 901920d71eb4e31e
14662 3bc651b22a01557c
14663 7ba502e88d648061
14664 9db8fc6a9c56953e
14665 a1d5c9e9bbfce632
14666 bb0d784cce448761
14667 777cd892ddcb0725
14668 f378e3dfa57b29ea
14669 bf0e010fa4fa0cbf
14670 ed8caa76b27fbef7
14671 6c7e83ee62b4a38f
14672 1024ebe98d3149a6
14673 42d7bb9dd7277eb8
14674 b06af5744c61d85c
14675 43f229bb9c9a0490
14676 7a6acf78241a9992
14677 22f9a0b824728d66
14678 9bdda46be2ca0717
14679 d1b1b87564cbecbc
14680 48559a742d765603
14681 69a489c6d9970d55
14682 a1f89bff634c2774
14683 a0ac530b5c123968
14684 e00b06387582cb2e
14685 751e08502751ac38
14686 78530b6e371f0088
14687 a645b9be18e08225
14688 397a1b8e39f76712
14689 b203f64da371dd76
14690 9292a06a40cc4243
14691 b2fa369ebc93cf99
14692 370ae66e301dc098
14693 db837d501a171e58
14694 9c3e539a4952addb
14695 f784cec68273eb05
14696 64cceaf770d85437
14697 1dbee01365449f6d
14698 ee08317c38b30efb
14699 c8574fba43c6ac23
14700 50c6b9f755feab4a
14701 e2c3656a829f89ac
14702 7b4b8a136b704e19
14703 5b4edf60cb83f6e3
14704 1789e9262c32b0c3
14705 937c1ff580247498
14706 3ead022ff13374a9
14707 33dcee5d21641863
14708 3cb92e331527d251
14709 1ca87414976938f0
14710 0fbc56b8a8d477ec
14711 5fa27208e1992311
14712 95569fb303a7a873
14713 1376fa56fdc1465e
14714 81a1f1e097a9ab6e
14715 232128bc39ab2171
14716 12b78ac120850646
14717 7404bdc0d41b7f7f
14718 b903efbd450af9ad
14719 424dfb29fa167af7
14720 c83572f2bdfbad59
14721 e75dde6657a0ea8f
14722 d893cfa8eb8060ce
14723 28b390d316beee1c
14724 263caab0dd5fc508
14725 4275227c8f4de8a7
14726 d4d24c9502b5958b
14727 b9607bc7704c527d
14728 05560f69ba2c15fe
14729 d356588b8869bfd1
14730 d7631ecfbd89b207
14731 7c1c775f25ba1595
14732 d4b52650a01a766b
14733 df40cf2ade888055
14734 bdfeb54980587a40
14735 f0f1c26099287ae8
14736 523b589df6d65a3f
14737 a6703b0a6bb98f3e
14738 7e4fcda1442ecc9a
14739 a88cb02db82e0048
14740 7092389344214771
14741 b7a0108f11b15f8f
14742 ec5a77d47fc34885
14743 399b8da0b76f44a0
14744 cec99ccb18a083df
14745 a072b44e56c2f86b
14746 502aefbb22f7e775
14747 a6fa2100041559a4
14748 a30ec25bba7e94f0
14749 5519df7556cc11ab
14750 85d7c9e37f192d69
14751 c7b93ed229e2decd
14752 f0931e1064472279
14753 7f02678f1ce72a54
14754 7421301300e28a1a
14755 172542b93ebc94ed
14756 bae2fd6c47da449b
14757 66c8e8a0d9af4506
14758 92327209cb0541b2
14759 f905711720424767
14760 f9ba36780d9a69f7
14761 276012ed26ebdea3
14762 1984b34884b05a82
14763 f0f2ba7dd49f0619
14764 d7c1111b5275ae59
14765 05c9d3b73ae74793
14766 9f0a59d3bc314aff
14767 0524847c4bff4d56
14768 200a0af880fe7038
14769 90e2e4df157ab91f
14770 acc7a7d9858e2b09
14771 0f47982b1680aa2e
14772 e8a302ed573e7026
14773 261391aaee64b2a4
14774 3ca17aa5e9ff806a
14775 a775e76050267870
14776 ad27f1f6f335c32e
14777 1184f3c1994917f2
14778 9d4893f826845315
14779 d8144c5f9d14b7cb
14780 e7714402afc60770
14781 53725b9bfff25385
14782 5382a483bf8a798d
14783 c59ecda5a6c7f281
14784 94b633d1f1f0e57f
14785 6cfec04f24431524
14786 dc84d6f85dc93478
14787 c8866b22dbb84ab9
14788 65d898ed7859e4ad
14789 3f84e11306fca140
14790 fe57ec1c6fdc705e
14791 ddfbfa9c2fb5ec42
14792 2de1f7994eedd7d2
14793 9e08ecd8a097cf06
14794 a0d45729541980de
14795 a2c876558a89a4c2
14796 ee64728877c31dea
14797 c35612412043037a
14798 a9312e8b21de4192
14799 e875ff1127128e0a
14800 cb2444d3bd21950f
14801 cdf28c6bfa9cbea5
14802 e90eeccaa8e00c1a
14803 f32a57104fe1aacf
14804 6b71440af3f8cfe4
14805 b7fa61bbe18f3e81
14806 bcad504a7c8fcfb0
14807 10f70ad1a78ccdd1
14808 8303aa25a5dc2195
14809 bb08f7ce3862298d
14810 349ba8fc057bc657
14811 06c49e99a75d1a95
14812 ac9e4449147688e7
14813 eaa2d4c91868d1f9
14814 34c255c88ef9efd4
14815 37f4f316d42ef37e
14816 845ec6a017951d8e
14817 998b7a978a68039c
14818 e29886336b522340
14819 8d47ff4fd23832d6
14820 a61f413208b25ae3
14821 1a13e9295952bd39
14822 9feec86e9a245cb2
14823 3ad52e144487e6db
14824 849e5d033c902e68
14825 102f4cffaa170d2e
14826 fd83897305eea7a4
14827 50174c9bc6e0d275
14828 1607b27db7bf197e
14829 1d8472b6fe47a3a7
14830 b10bb91d325875aa
14831 30b0d161d1be553c
14832 84eb26955167d4a0
14833 eaaa3c7cf2acba52
14834 1daaf5a39421413a
14835 e08499a106e61943
14836 4618256b40a51bb0
14837 945773dd640dbfe2
14838 2d8d79abf73b704b
14839 cf28337f78c4384c
14840 bd999f0690cf0498
14841 c6cddc25a260a25c
14842 0db493b29e08d4c8
14843 027158e0c77662b3
14844 965b3b6642b9779b
14845 bcd08f72fcfad44f
14846 6efb04c13658d131
14847 9ed1da3de5ce7705
14848 6167660557ada771
14849 096e4a392800cf5a
14850 c783a1b330dbbeef
14851 85433bb44dbf9fe1
14852 916af924c567162a
14853 431fd5b5549b1290
14854 b97050672cc9886d
14855 7be60ebf3011cb2d
14856 10103a749d953997
14857 aa5ce8c9a6c1e42d
14858 138eddee8389bbf5
14859 69af6f0affbc0623
14860 b5529873b9f15e33
14861 d1bdbddace2fa2dc
14862 b05dbc1b5460a33a
14863 1e9f975364b139a2
14864 d746e03f9dc16716
14865 25d7582633eb7280
14866 0f2c58eced32a1b9
14867 02ce1f1a97be8423
14868 b6674ee0ef85f110
14869 4e0d629375224d6a
14870 f1453f06b5115e49
14871 4fedfc658eb55b2e
14872 1907b30338b85f1d
14873 8f8035f2f9e5d9d9
14874 4edf0aa1c1175407
14875 8408c9f83edbe585
14876 dda997e0da33981b
14877 fddaffd031cb43df
14878 6be38870979b30ea
14879 1469536475833899
14880 ef4cce8019c83f27
14881 2f7d39b03f722460
14882 b93e946f640f4377
14883 ffd602f9c003b1f1
14884 e20bb92c3266fffb
14885 27e73da607d0c5f2
14886 a58bc6a478528756
14887 df82253f006b4492
14888 2fc553eb7096008b
14889 49f470a53e89fad2
14890 71e866d99aa22f45
14891 d04b3cb7e4feca01
14892 a44280fd0e0912c8
14893 54bfbcc519ee85ce
14894 ffdcd66026dfc684
14895 5dca06e7f14b11c5
14896 b9a79cf13206ec2d
14897 709ed9709da2293f
14898 77c53010bb3b2d86
14899 85abc806027793b7
14900 9da828f02dbdb8f3
14901 f52330568d77195f
14902 c9bc067fef7f78a2
14903 16a277caf1260a51
14904 277b94289a5acf0d
14905 5940ddd5eba85d4f
14906 156cdbdfbd2f6e7d
14907 43f5d24430a469a2
14908 cba45f127566899f
14909 0181c20e13c71bd3
14910 b5660d6f0edb9c39
14911 ea832b735ab93a7e
14912 dc5b43b84d14f699
14913 71ce797e378112a7
14914 2e5fa13c55ecf757
14915 19ac04340cf69bd4
14916 2e768bb3af438c57
14917 bbf7a8e61d19f44d
14918 4a9a9deeb7e42215
14919 e64f85ef6624b481
14920 845dd930fba6d3a6
14921 b167050df9bd1a66
14922 c074ab31d199c139
14923 9f3363c2c242557e
14924 cf6bb2f8a5b53594
14925 3dde3b8828efc4f8
14926 51b2d57f4133be77
14927 7577cb3eb9ae5ba3
14928 456fb04e9438b6c2
14929 46df2fcd3ada7ec8
14930 0789ea1fdccc834b
14931 abb56a17111e4c65
14932 29ac5793d9c4bf52
14933 c78a20d3aaebbe16
14934 b7298ffc8d47a864
14935 d844cf504a76aaea
14936 fbcaf883df981122
14937 6a60afd71327f184
14938 895014f8abba9139
14939 ba1d880ce731a2f3
14940 75d42799a7f7f13e
14941 2c5b809b6dde0556
14942 1bc2eabe64602a6d
14943 4f3485a6f173f666
14944 897269293066b065
14945 92d844fcab30a2b9
14946 797b867ab35d01fe
14947 b532098db16df107
14948 de56e35b35ca4444
14949 58937e228364fbd3
14950 7cecb82a1f77fbbd
14951 a2403d600ab8f185
14952 b4d2459dbb4772d9
14953 d9fda603d3e0c97f
14954 1229f51bdc2e8d7d
14955 675c6ec358def89a
14956 7dd5cabde8ec060f
14957 1daeb1f16698ba76
14958 0f604c91d81c7acc
14959 df29d8ea3225a86a
14960 5952c5c7e10149b5
14961 f38727a1e55fa744
14962 dc05da828091c794
14963 fd33e500d8e58f43
14964 fea52268477d9cb6
14965 ffe8daa842b19f79
14966 1e31bd69a2e3d057
14967 ea5ed5f20ac73597
14968 e2248aa31a64f9df
14969 7277838b39787efd
14970 68eac7e50b3dbc34
14971 8bfeee04458125e4
14972 25f6153e1310585c
14973 ec5556fc8d6f8454
14974 8fd28a7fa0579068
14975 d74d92f283cd2580
14976 d8658e91483ef857
14977 5de41436830ac0d3
14978 7af74fbf14bf5193
14979 5e94ec55bf4b3658
14980 0bb7cfaa5a4b571f
14981 0708989f50836ba0
14982 8e66f5cac4d27445
14983 b4df8352c0932baf
14984 f82c3536fd4d5b45
14985 51cc05e634fc6d3d
14986 1c2820826f4e7997
14987 f44fb862ad580019
14988 6946f295808aa941
14989 17d9e7d5f9edd341
14990 bd6858ecc0668220
14991 caafd8dce8ff4488
14992 cfb24507f8e2ee59
14993 bd2e4867285d5bda
14994 ae66bf4dca775bd6
14995 7fa44f899a381eef
14996 59670dee8f4f4e84
14997 37889d5c1440415b
14998 e75aa23e440d997f
14999 0ffed7735568adc0
15000 c8d06261791c5ea0
15001 9adac7d9a84d56ff
15002 e279354cf028ea5a
15003 90f85cd48983cb89
15004 2a378f1760d92a62
15005 e33aad90cec9412f
15006 1e52da2bb6ca25f8
15007 c43da0d569c2931d
15008 895fa93ea8f2f755
15009 23d4ce2b08061066
15010 dc2feca2c020d746
15011 d9f5b2fda6db2205
15012 e778632775df1c20
15013 ef42f988a8afead2
15014 c295d03330fdb768
15015 5eda1cf3f58205de
15016 06780929fcc43537
15017 b771c3bc8dab56da
15018 00b59267ab325412
15019 40807f7279c7e9fd
15020 93693adf7054685f
15021 72cf17157d4c6ff8
15022 7cb5864bc4ce4879
15023 09b3e238577c3392
15024 dfd441fa49c611eb
15025 92848c39076669ef
15026 bf89acb781224fd9
15027 b3f4ab8b0b637185
15028 59f4c93020b2b91c
15029 2c7c81465ac32205
15030 d0d50069a15deefb
15031 31985d009e3b2b54
15032 795bd1286e9b0103
15033 4dee0f2df4f3b42b
15034 9e848174778446f2
15035 66676d4092b25253
15036 9c0f28a0f7c4c419
15037 1e6e92438040af2e
15038 83142bbb01078364
15039 7dbd1fb05560e363
15040 e903b50dee0f6606
15041 28f68f1ea53b462d
15042 79032d3ea5f81d0e
15043 a1e062adb18d2c48
15044 beae2dec9a4e81a1
15045 29ff56935ebc5d77
15046 53e89358d955a576
15047 7c5807f04a8b5e6a
15048 bd67c5f41702963a
15049 03015098d808238a
15050 872eb0b4827f66f5
15051 6f925ff5d47b90ee
15052 4a552be8ccce65f1
15053 082bbe7d45036ef8
15054 56dedaee1b0a1235
15055 d98bcbfc48a8a36f
15056 ac1e105fd163ba88
15057 71f714d0b5e0d388
15058 5d8a09c946e2deb3
15059 1ac3b46814050b51
15060 8992978a2565c2b9
15061 eac0c1740bbf6e35
15062 ef12ac9e68f01469
15063 16f2eb0dc440d97b
15064 7783a58656cf4714
15065 9d8725789e6e563f
15066 53b87ed883e9ce73
15067 c3feb7f186ce0f64
15068 126f8414088eaf65
15069 5295e4acc9d61834
15070 188b09eb32103d10
15071 ea6dc0cdc24ceae8
15072 3ae60d34f39200fb
15073 20544597a485554d
15074 1aead7ac1ad60b8b
15075 b95f62498c5e0f65
15076 aae4bfbe285b3f6f
15077 37210a056d256336
15078 272f5a261574d299
15079 4a4aa9e4d3d4c377
15080 14059180311fc36d
15081 17e8393a5a7839da
15082 e55b67a3652b8981
15083 51368733e894df14
15084 11878d379b3ecdbe
15085 7ae0e7c927ee1231
15086 63f379127d8a87a0
15087 f27d4b797d175bd9
15088 f24dc26c1ebeef87
15089 dd3de4b88b280f3d
15090 a857d7dd2b559c8e
15091 8bde22bfbc8746d5
15092 0a36d2d789d2cd96
15093 e7848feec035f1e8
15094 e77db7c3c690bb9e
15095 77f1cd634ddaba77
15096 94e01e1126790b1c
15097 78cd0007bceff838
15098 b6c52e2f030c5135
15099 93a4160823c47798
15100 df94305c4adfd1d2
15101 9d6ce18ce121eaf0
15102 0ac2bce9688c3b13
15103 24cb1e24ce34ae7d
15104 6f982987cb9e06ea
15105 16eed7c2e9ed11f6
15106 3a6e6724104d8118
15107 761c49e244440687
15108 beabcbdd08d80af4
15109 f34315220bc7a85c
15110 07e2abb48003de8b
15111 595c9efa7cbbb515
15112 db1d042ee4b8457a
15113 319505dacc1437f0
15114 ba83429339a75ef7
15115 64f8618e6a1186e0
15116 738d4a63d6dc59e7
15117 05fb43f9a4e88847
15118 9b165a374c0f2bf7
15119 e8ce7390ae69d629
15120 0e2d62e662e9355e
15121 6a09f6c28932205c
15122 2fe9823a9d939a54
15123 04f2a3684de4aa77
15124 3fb288ddcc43e299
15125 dd79a9861618c8ad
15126 48861130753005b7
15127 c1eb4a76e2fd37c3
15128 d5e96ee7f7354b69
15129 4f6b64ca505db8e5
15130 85dfd62c630d9f68
15131 286dd20527a68e84
15132 fef8238f119c27cf
15133 c801287995826271
15134 e05abb42522d6c11
15135 f5ea8f4f0ea4ef72
15136 1211dbf7656030e4
15137 3cb37f1e76911d60
15138 3034af7caf6f4003
15139 7214b8e5cc593d24
15140 80827f2cd573bef8
15141 3f4421302b54529f
15142 e8b26fee09ecc045
15143 d03247934eb61e2c
15144 42c4febe84d36fb2
15145 b2cf418fbe41b569
15146 6c3b4b6ac5d3f463
15147 9366b95a57490d5c
15148 39098f4490e1478a
15149 10dde403697a800e
15150 7660c87585947ef3
15151 6232aaea0edcb1a6
15152 25be3171274e984d
15153 2ba1fa3e26ddf16d
15154 611c9b1c96f707c5
15155 47f6d22f73f62c87
15156 dd29b781788b79b3
15157 95e77df4946a1888
15158 2f1feb83b6c2da5f
15159 a1609b9d5a5050dd
15160 4c45d42aeeb1b852
15161 d61e3915e7b0479b
15162 dd4def5b1348361e
15163 ef0feb3dd3faf4f5
15164 964eb29067a4e2bf
15165 eff98482ee8b2004
15166 abf9a0320e63ac67
15167 6d4423a98ff5aef1
15168 b120e369f936bb0e
15169 3eb80fbd834c2bef
15170 f8744034f668c7f6
15171 917cc3d97d680d7c
15172 dacbe46f68898d03
15173 7ecb7cf7e912f59e
15174 b2ad16cf3c4e8d42
15175 0e6b219e415b2acd
15176 0f384c4a68694aec
15177 0f208d1eb4f86f26
15178 ed749b507eda5077
15179 975ee6b7add284c1
15180 eaa581707cfb89ba
15181 e4f3c4770d0e2a02
15182 9cfc46a2886ffea2
15183 275d56631b5f9a2b
15184 56ce55331ff20d9c
15185 b0d544234584a51e
15186 6ca08569a65c8730
15187 2a5b5abe454d0ce6
15188 f25c7f8536b477f4
15189 b542c53b6d012529
15190 8efe56d1528e215c
15191 7ad74a35d689dea3
15192 ec9610b7dc0898a1
15193 833ae0827aecc942
15194 ea838124df68276b
15195 81816b96cbc339ee
15196 48e43b878af4be1e
15197 5fcc05bd7b06604a
15198 d80903889f90cd32
15199 0fbb511d4e4bd0b9
15200 0c3c39a6e321438d
15201 c339294b3d4753f5
15202 32cfc2adcfd16856
15203 569bb013b3d72d2e
15204 928ec26e78ef9884
15205 19bb7fcd065667da
15206 f3163da331a055b0
15207 4d8a8cc1885dc888
15208 bc5a5b96e110d628
15209 81fdc495d84a089e
15210 9987812c3fd3edca
15211 7724792a36749097
15212 f18d74b27aba8bf9
15213 3837624fb55ad449
15214 96c469189d2258c0
15215 c9fc0466528ac41e
15216 6da3912e92660ca6
15217 fbb697d1e19efda1
15218 67f3d27f38ac61c6
15219 d344cad29c8c7f14
15220 9f3b2f37de15bdb3
15221 c43db0530c359c47
15222 e2f10e8721baf1b0
15223 1fa16c8c0ecf23bb
15224 a5f62e2776971702
15225 0b06ed067651709e
15226 b7ef9c0b6f1ae820
15227 1cf47f82bf1fd006
15228 6102a74b30427d0d
15229 838385ffe20ab536
15230 4c5441517a2cc9ea
15231 dc1e480aa50f6ea8
15232 e233e4ba3b8d70e3
15233 76bfaade9fd87246
15234 5e96df84f84d2c75
15235 e01d3ba7120fa84a
15236 9eed61b0b839a4dc
15237 39f9c7f38df01702
15238 f1a9d37c98bce914
15239 0076c06d64390f82
15240 5aae0626901344ef
15241 4e0ce01495cb54ed
15242 999f699e998e1636
15243 bf061c83484decc5
15244 b7db0e2f6c48dfd4
15245 770e6b3c49b9f015
15246 1c90a2f9610dd92a
15247 dba9ff4a8d4ad9c7
15248 9ac517bc60e59802
15249 c92052489b513b15
15250 5e143c63ad62de6b
15251 443a98c4bbc2f1a1
15252 6c924aeab7785cc6
15253 5905b7d9ac66aaed
15254 8945401cc13adc58
15255 721408460e4d3b3a
15256 07f6c30ce4c156c8
15257 14f147a1e2510782
15258 6fb324f0bc78a00a
15259 c9d00a10b746e8e4
15260 844cf9a65d93946d
15261 d890a2f80e088a24
15262 d3bf43ee655e982a
15263 82f781a597b06909
15264 cfb5cb90e29c36d4
15265 c4fba6b30400aaba
15266 d1a6d77993415d3c
15267 73d50a32340002b6
15268 94cfd39889d9e515
15269 19bc9b22ee88d9fa
15270 bdaefa8c9ee28284
15271 e651430b136d2475
15272 753c9c67dfba6d82
15273 72f514434f4d7617
15274 3f6127de9ec2136e
15275 af4ac4aa179292f7
15276 839200b28211a025
15277 7849d61ed266c4e1
15278 628db33bbf566ee8
15279 745dbd149a56088e
15280 5f600014b355e818
15281 1552b3fcb37a9325
15282 e49705735df44663
15283 2c6ef827f64541dd
15284 383f023d44c89981
15285 a8329a694d18dcd4
15286 ce4e48fb6def571e
15287 e157ef729a816853
15288 3984ffae1cb5d78c
15289 b39290f5ad3ab318
15290 42c6dd8a3ada1488
15291 3cda588c8cb47d46
15292 171796a0965b8a14
15293 21a5f1dceb13ac07
15294 46beec6a11668b06
15295 52af332e7a93ac82
15296 cf22959c4a443180
15297 1ad16c6ae999e08a
15298 ee6067e3fdf4f3e4
15299 24064076002b2d24
15300 a25a7e638901afe2
15301 862ce60bc199a2f7
15302 2e4b8a6086a1d5bf
15303 27bcb12b956d4e5c
15304 e0715468921e684d
15305 7e9950b4056c404b
15306 09d599d109a1e690
15307 44150b5043abf5c8
15308 9c292d3cbb4b835b
15309 737f5bd3486f42ea
15310 11abb66fd285be87
15311 175801df0f1681bb
15312 4bb2939d43181b23
15313 efb1bb291091260b
15314 972d33a1eb6c9f80
15315 549dba810f7db3d3
15316 bbe3986512721337
15317 5af86933cd6f3adb
15318 5bfdd23d67b4bd43
15319 b5a756da8fb94968
15320 627975e098365e49
15321 64ad878bfa9c197f
15322 b8e41a16d9ea5be8
15323 a338632b7f10af28
15324 455cf187e33be331
15325 3cc71d071d2e518d
15326 47a87fe726957bd2
15327 43b919d36b2ab012
15328 012aa146d91f7f39
15329 c1e0e587eb99ebfc
15330 0398e54c7f7a4fc6
15331 2dcaacf9e0f2831a
15332 132f445daa8433c1
15333 4a6530dc1ceb2085
15334 479c9dfa30a44927
15335 39876f20db76695e
15336 a4a7ed9c13eaaf5e
15337 281a0f2b5e9cba8f
15338 178a471bd32bf1ec
15339 23744574f3e49163
15340 7a37acbad0792cfc
15341 8f05f49b23670c35
15342 e6638e97a47028dc
15343 5e891f57aab97ddf
15344 17d239702b67d054
15345 2271cb558551e5d1
15346 15e0aee254a459df
15347 193081e09632052b
15348 098772d711490a62
15349 90ece21a9badff8d
15350 4e42c8a4615aca7f
15351 f0190393a70d6003
15352 be8d731c8da5d40b
15353 68753f92d2fe18e3
15354 ee938e57676b79c8
15355 91bca7ea2b442550
15356 25d4295b56d864b1
15357 1919b44ebcf1d538
15358 d74b61d239d63cec
15359 a383dab46c1f5e40
15360 2eaa3185c68b2fe6
15361 f0a838ebe952e538
15362 664d1ab6dce2294e
15363 4fc73dfa8d14a180
15364 f405b273ef24e7df
15365 e86f92332eb73f9b
15366 29b5f9afa953c0ca
15367 454180c62f11bcf5
15368 ec7d96638f010087
15369 ee9d0f9c55a70d02
15370 d5449d3b9ff48967
15371 08bce82934592bc1
15372 83d8beea443cadb7
15373 a2221278a1cedc6c
15374 5576686678316332
15375 b7b040ad474c9bed
15376 8642b4d14041fc3f
15377 f09f6341c2b89490
15378 9f8405afc0993126
15379 bfbe291172ad4633
15380 ea12d08d6d68431d
15381 b96839b12771f825
15382 cbb1677c1227f3fe
15383 37818feceb6dc8e7
15384 485adebbe8b93404
15385 5e19b0d153c9c869
15386 f4d95f96032fe4e3
15387 4342578758a21352
15388 48060d01b0cca2d7
15389 70a9cca505ae7d73
15390 f3d9fd291789c177
15391 ba9ad9d9c7dca550
15392 ec2e03185193a589
15393 0bc19923c8b319ae
15394 c08917d142509244
15395 66c1b2720f952e5b
15396 89af65a09b49aa68
15397 e3a105768d1a73ce
15398 3092a96a88f39443
15399 6175a2c6342aa421
15400 6b88e9290e610618
15401 33577d235c63bca7
15402 aef98d649a0bdaa3
15403 ec7d05a7c8b98eb5
15404 cae9ce2f441ec5e0
15405 e286d38ae0b496e4
15406 bc458dd7795486c8
15407 bb6fe3d8ffb1c2a1
15408 a419fce91f8d35d6
15409 a33b0b903ecef737
15410 754b9df617b3e39d
15411 e5c4f76246cd8e44
15412 14cd70dc1362c3e9
15413 f92d6192ea085208
15414 ae38ba403317472f
15415 c38a0dbe4ebaf4fc
15416 d8f7c5cc332861a3
15417 26085a6515e41488
15418 deb35e45b50e31c4
15419 f5b35e4b38bd3725
15420 b7ff9b320c79d84e
15421 67fbceaac3d06c5c
15422 33f482d2ae2dd548
15423 d43bc27717d705cd
15424 d05b2481c70256eb
15425 71dbd8bdf66df5c4
15426 3588d19165df3394
15427 45d2a1d0b190668e
15428 96561de495db5dc1
15429 1798f0a7f2cce24f
15430 d861123444a20d3e
15431 be51e1d207c03a12
15432 69a074f3702fdd40
15433 3aa4b9bd2981181a
15434 85e8199e928f2435
15435 ac7731b12f3e0af8
15436 d3f7e04de3f268a2
15437 8431a3384e314758
15438 dfa224a380ba8a59
15439 b849a214538669f6
15440 b0c8fb593faebeed
15441 f7122939c36b6b9c
15442 37c441823dcc7f12
15443 e321fb15ebc1ecdc
15444 2ea61650d7f2a965
15445 59cd9d21f6755006
15446 4854c82500094c71
15447 263d877de3b62178
15448 50fe30ee5995b20c
15449 47af2c57ee319bca
15450 082bfab250363707
15451 5d45d0501421e6fc
15452 7ed577db57597f6d
15453 c9d284ec5232d3b0
15454 582271e918a0ced2
15455 6b1760a7eda4ad3a
15456 c110d734b07ba77c
15457 939c58abaa531c90
15458 bcd5e2abe69adebd
15459 0e05144446cf98b8
15460 6abd0581d416eeca
15461 2f896c44e5bc0eb3
15462 93c404200a8052b0
15463 1dcb40704b4e0d56
15464 0816d5e58d86fd07
15465 6ee9f1a59fc8799c
15466 db908410ef4328b1
15467 0c4c6a2b25e7ab03
15468 34698a238c11cd4f
15469 1027d17e6d502c6f
15470 25111bfe25c95818
15471 9a879540dec71def
15472 5f1373f11faa7a8a
15473 10afa80a773760b6
15474 7cc6d9f37dd80dcd
15475 307ca20876a7dc98
15476 0bb716a94fe54967
15477 ecc8d643388d805f
15478 c684a4fbb4252ecc
15479 465a9842f0f7a196
15480 d3e4f33710f5e211
15481 3b1228e3c61c50a7
15482 46c638163899e2b0
15483 5ae4bf935d5215f3
15484 b3ab96ea2eba1c5e
15485 00c176c25c1ece56
15486 2a52d610e3617dbf
15487 05346d4d5effdcfc
15488 5e07385ff53f5679
15489 00863ce2a48b22fc
15490 0c532fdd4cb7b938
15491 f9c0551c5f2fd185
15492 9309d6ea031827bd
15493 eac79a61ad0fb392
15494 210d6545d10e176c
15495 bd93deddcaf3c992
15496 6092e04752f4919f
15497 014dd6557e87b0f6
15498 e7e4352c681934a8
15499 17dccaa0d300809f
15500 48c3d5156ce201ee
15501 10430fa5f07d628c
15502 969268ddf19f462f
15503 b522db5a1a3007ed
15504 e54f74d92151d5b6
15505 ef1456ef5019d3be
15506 769893c6d114b89d
15507 d71895e78fc7536b
15508 dd1443fceb72dd9e
15509 f0e6d9257cbff329
15510 e6c5bcbbe29ebffe
15511 cde652e929a5def4
15512 9aa4ddd49a952c66
15513 a3ab9521a33b86c3
15514 2dc87ce9b92833d0
15515 66a52a87188bf234
15516 dd561912d1f2649f
15517 5bdab02e1f9b63c5
15518 db58f5d7cd15ed43
15519 7950824cb9b9d87a
15520 7781de7ee6e1b2fb
15521 aa42d16fe463d1b3
15522 bc3ed774baffdd24
15523 478836b2f79a7421
15524 89503d3c136f384c
15525 93ffc3bf70fb807d
15526 cb99533bf928debb
15527 53b2ea8c6c622333
15528 b8dcef6f1b92b617
15529 1d2656d28f148bbe
15530 65422ed694c54474
15531 5a1f988d97a585e8
15532 fd585f76c77b2826
15533 fa6f311bbbf42acd
15534 a83ee9f1283b940e
15535 fdc65025aff3effb
15536 3d81b430ce17abce
15537 c3fa5b874c6c25b0
15538 37cd3f1478df0cff
15539 6e2ccb28803306ab
15540 0eab13dc54042d45
15541 d049850802f7ff27
15542 328a165e5ea755ed
15543 eed1845cc19d6e2a
15544 95610691ddc9472a
15545 87e07ec96ae6712c
15546 b04bf8eab1f6b471
15547 0f00077503a4b5ee
15548 6af6b2b057c82c4e
15549 8a6a4c26d3444466
15550 001b97fc46c7457c
15551 dda2fbf0f5409ad0
15552 58bdc200871987e7
15553 ffa5e91aa1eb20a1
15554 6c915105006bec94
15555 b8d1c3a2d524107b
15556 571c80739b4660ff
15557 632533542843705c
15558 e22132f7079448e5
15559 ea6c3dcb474a4ba7
15560 1fece1744ad296e0
15561 1b9b8c72b706f6b3
15562 d940159b146fff6a
15563 8d9a712e42ea34c2
15564 11bdbfa3d3d9cd7b
15565 ff90c027fd062b67
15566 ff272462a21fef92
15567 445c28ceecf6b728
15568 538fa1159f9420fa
15569 cd980180453fcab4
15570 ad683d44d5a2c9c4
15571 8a7bea5bf0972ea1
15572 6b46e634dd66de76
15573 7bb61f9fea3e2e45
15574 417a02591ee77f6c
15575 01ba4b526aa7bd52
15576 05e8b23a9eb1d646
15577 86282e57fbcd52ce
15578 6001d30135d9cf6c
15579 f6043c3cc84d7c4a
15580 4bf17714bb33247c
15581 87829d731c56c67e
15582 90231be5db4b0eb3
15583 ab9f79a49fc90eca
15584 f112f507621a069f
15585 ffd49002f3e3e33a
15586 8497f982cc61c2d6
15587 ca4bdc7b2ab1933f
15588 d70917253475e64a
15589 c967470aac8acb44
15590 58f00e96727de279
15591 3f7b575794c34495
15592 5e90217dc1b3b594
15593 003376826cda7972
15594 7042eb777240ed04
15595 8eb2900eca971a36
15596 946d0f02424a4ff8
15597 c53b84e32c591931
15598 6fa46dbe85986dde
15599 23ab54b418dc6898
15600 82dd57113629275f
15601 d1ebf0b8289db1b6
15602 4e07710dfa41e778
15603 81ffef214aa26919
15604 ac56d3ff863c980e
15605 4584131add581c26
15606 69e179face4acd12
15607 559011301a576eea
15608 eaee5f791b38bf8d
15609 9fd05ffc575b58d6
15610 cb9491bc8a90ee2b
15611 65e978fbefe1714b
15612 70d2c9b470e1df04
15613 b85277895db95917
15614 aea945d8cd45e35a
15615 ada46f42802c13f9
15616 c853a8267a5b9200
15617 2c18eb50a278af56
15618 aa77939ff85015e4
15619 3b88339af4be6f75
15620 e38405250b8961e5
15621 5aa132b264932ed9
15622 a6536fd09f1b4539
15623 ba33141981f59fc5
15624 58bb9d363d2ffee3
15625 da4c66eebd28e421
15626 eb8a06e82f228d6f
15627 05ca7c64975e36af
15628 0fedb6cbb9c09444
15629 e03229031cccd841
15630 c791f1ed7d51becc
15631 f5e713cc87f8c7e2
15632 632a94471da0c7cf
15633 59ad5af130641c61
15634 99ee003dac2813dd
15635 7f3734f9cd2d74c0
15636 39560827d4bf82dc
15637 842c1b41ff7e82dd
15638 7b74820830e0effc
15639 2cbeafe6a7ce153d
15640 6d7c83b5bb9cad83
15641 a1ad2d0c6e17b93c
15642 0296f222db7f6e2a
15643 45e7d8c2cd8c59db
15644 fce2220398e97fc2
15645 8fdc1f710f742d5d
15646 dccf50384f6a6036
15647 9fffc33e558a0ffc
15648 2825a4268e3c1ce7
15649 d758c95718d411e0
15650 531b0ffff5e92f58
15651 b7fa1e5246bfe037
15652 c49c279c92917d9a
15653 afca6d4d5bbc65cf
15654 812573a8b259f084
15655 2350a43d00bb582a
15656 ad7298f2f47a8545
15657 aeaf1b93fd7a8160
15658 720a03f50a7744e4
15659 2703a7a0ca1b684e
15660 2caa06adf730df83
15661 453b2b849c9b501b
15662 9302d6f21e9ea359
15663 7e8a998bfb716212
15664 595f7997bdad378d
15665 5ddafee3020a62e4
15666 4144b7f43b238571
15667 2f2c6d26007610da
15668 f6930731f8515bdf
15669 0d2cd731cbe02ba0
15670 86979bf764d31436
15671 e29b073684e1dd38
15672 52f65f384ea77f37
15673 80530c40f7b5aa0b
15674 3d8187c9918c5a59
15675 4a40c68c6f1804f1
15676 b71b986951b12f36
15677 fcf186910b4afaef
15678 0ac598520da0b4d1
15679 e47168461f670bc4
15680 618b9cefcf29df91
15681 4fee69e071b9bb58
15682 eb74742e18915481
15683 e2588e9d185be6e6
15684 61ebe7365e7f7249
15685 83ed34395de12d83
15686 ee30caae512cd1ab
15687 038b3d8ea52d9d3a
15688 4a643183d7c63dc9
15689 6a34fe3e03dc9903
15690 fc0a41c160009f02
15691 460c112342e3bb0d
15692 f6714eed33186e6b
15693 f1a01269255e8fd5
15694 f6c493a7bffe9acc
15695 79f54e9b34f70d83
15696 3e4fee7a7f8f65a6
15697 17804c8283b2e76b
15698 7860ce2628d495b5
15699 3ff7a6d9f6f5602a
15700 e0c2015aff00bbc9
15701 b67fc2bfd4065ea9
15702 f65dc7fa3ef3c20f
15703 4eb54677c917383a
15704 6d61294ece5cdb6a
15705 bd223d61ec9d1491
15706 c3cc041e4aaa60f6
15707 e1f5ca2bca94d7f6
15708 2d118f00047232c1
15709 ed6d841e870d09c6
15710 b7ef81add882f6dc
15711 d06a27c85c3fa6f3
15712 343f5de277cd2b76
15713 bf4852e8eef9507a
15714 d5f64f0dcf8b8668
15715 78c1a5c7f520b04a
15716 36b2cbc4a7d5edcd
15717 5a0e3207faeafee4
15718 f81437c46fa72b3d
15719 4f449a591e36bdf3
15720 bf2e6427e19c816d
15721 e13a797af92767cc
15722 22dce0d7c0132746
15723 1b8d69ebf5a700bd
15724 1180a749dccee404
15725 883f44363bfbf49c
15726 d62cf11c24d07a1f
15727 b2a0510e44bdf357
15728 7835d71934b721b7
15729 9db6aebb9727d312
15730 de76df481511ad38
15731 b29e0c2603ce4706
15732 17ff17cb836fc4ff
15733 6ab35225ff7bbda3
15734 0a6f645db0c0bb68
15735 17334e5cb8aaaf91
15736 f17f6eff211e25fb
15737 3d62b88c9b08aaa5
15738 0759e11859747be8
15739 73a2dae32c315db1
15740 54327c57658b2495
15741 f9f28bfdbde6edb7
15742 5f4c3a15efa2c1a9
15743 c7920ce420271632
15744 d9467d85bb0332cb
15745 f60a3bad23b84895
15746 457d62075eff907b
15747 7b371bb66c45930a
15748 b928d38e7b41e98e
15749 7d4ff8018b888807
15750 9f9376e7a62228ec
15751 5392557f604881b7
15752 561ededbb09c61f5
15753 c3bdcfc11d61397a
15754 543a8a524490d35e
15755 b2706110c28d8c01
15756 85544575fa251bba
15757 871a6766fec0a0c2
15758 74ff5adf5593d881
15759 b595cd23f1821c95
15760 b5c8671c69fd7b8b
15761 98c82390c13315b9
15762 0c53a3f713cbd5c2
15763 6ec1f5b3b80301de
15764 289d3192b89d2e0d
15765 b28ad50fc56663be
15766 f3ccd30048ccea49
15767 6702357aa5abbb10
15768 f9ecd93b055ab38e
15769 cc0498554a485b46
15770 e64a3fdd0a0d7c68
15771 6e88584e78aa62e7
15772 f1599c938304d206
15773 8c00643ea01f5bea
15774 8e91d882cabf0382
15775 13e632b33103da63
15776 573b260b2cad479a
15777 b81b57c8f2af6392
15778 fd25f73b1722d0f7
15779 956a7741f00aee73
15780 aada082d8df40aac
15781 14bc7f84480e8ade
15782 09ca39e81244b35a
15783 8c485894485a21a5
15784 837f851db3434db6
15785 e52bc47b9c06daae
15786 0590c623bba8665f
15787 70da3ca58a5fcc4d
15788 8668bd382c1fb2d9
15789 b676f9c7007eeb93
15790 d4913d41bdfc1043
15791 38db2febc36ac237
15792 67609e3cc8731cb4
15793 cbe85a8a834103bf
15794 d90618ce89632bde
15795 f7ad0906ef060430
15796 1b9cc740e89fe250
15797 7998ea618441b073
15798 78d11638841cd26c
15799 89bfb54ac1ea651b
15800 2f1f62ce16881624
15801 4fce75721c2c1acf
15802 f82b23db20d25a90
15803 2ae14eec1d904431
15804 b066c0ff49099fc3
15805 df22a086622b2376
15806 10326f74d987a18f
15807 ea831153b478bdc4
15808 79ec931c86946248
15809 63f4707029396d8b
15810 ccfc06556cab061d
15811 b641fb234885b115
15812 bfd0e0736ce32475
15813 f281e98c5f12363e
15814 9b44fe0e8b1a31bb
15815 e3db867321cb3bd3
15816 0488cc5b985f4262
15817 2aceec1be6df4c70
15818 b7b647533d07cd0d
15819 708f760026808ce0
15820 b9d418a2e72be200
15821 c144d08d364dd9e1
15822 4e2b9553f3cf9e82
15823 ce31f8f767791487
15824 097ef85fa8dcec5b
15825 8edb9b53d157e4f8
15826 aa28354c1bb1bc9a
15827 d72b5a528e8bfed6
15828 580c6578957f64e2
15829 8accc6e81c880746
15830 8f4fe145be8c5840
15831 1049f7cf02c07a30
15832 7720b57e860071c0
15833 63c95169037a945a
15834 83280ffd2a445417
15835 ff464b81571572ba
15836 a44a420d839bbc9c
15837 6ad233baa48d9276
15838 5fc0f91abffd2899
15839 f45bffa06ded7051
15840 ca0718e23dec290e
15841 b44ac166c8f9e0a1
15842 8e23ade90ad246d0
15843 035fe5a8c5a3b2bc
15844 d22823a1fd466976
15845 35b3a57a21dfc552
15846 3b089c8fad70e24e
15847 3613e6e814051a7e
15848 8b7ec92ff039aa6f
15849 d89a96a6b11ada44
15850 9bc035064dd6fa29
15851 b4650cc7a43b7e6c
15852 111f76553b4669c1
15853 a99cc4efd010a65d
15854 a81a81e766aec31c
15855 fac3f8e9cfa3fdb7
15856 0d9ba85b4a574ae2
15857 bc0cafcd3e5580af
15858 0515ac7afa8cda2d
15859 dbf53605135efc29
15860 2f25aca3015681a1
15861 23e42f78fe20ccce
15862 f98a30ebbfdb6626
15863 7c13554f870cea91
15864 b43e82039d8ddd40
15865 0594d6f3268d568e
15866 ff8d815d21e3cdf3
15867 958ae1538fa06ea8
15868 7d2cd13a331cd2fe
15869 b5a74e962c4b9da0
15870 ab8af8cf9bff660a
15871 7a868d943c8a8093
15872 0e231e6dbd7b37cb
15873 3f41d63249f0c18a
15874 3239770f82c3d6e2
15875 ba2f5a543fb68ad0
15876 d88f5e7883c6f5f9
15877 46f3f1e30119f4ff
15878 0b81717af1b1d307
15879 3ac3b61dd40656de
15880 94370ca17da9aac8
15881 41dfdc1b5ca30d3f
15882 4fb911cd8c3b5d76
15883 830738a41da01570
15884 1f7f1503a0c6ed29
15885 592c4914ddb51869
15886 693b2e4257956fe7
15887 fca1a9cda7dc54f8
15888 29ca86bdc9896b62
15889 23f1ed75dd304676
15890 3df3a55322793c83
15891 2f5fee4cbcf9a016
15892 5d320f1e962dc272
15893 4a31e805811e5cf9
15894 acd7548822d16d86
15895 425d49736b224213
15896 582ccbf83e1db0d9
15897 9589f0bbab679f74
15898 7b79f23014109d3e
15899 32a910b21512a764
15900 ab1dee4b1e70ceeb
15901 18be8e715934d78c
15902 8cc5b762751719c7
15903 f5c70f58720a3cb9
15904 d0cc11996b59f95f
15905 9f9029b07d9cb306
15906 b7b54e7e98a083c5
15907 d98e50dc017df36a
15908 22a94c3bcb270905
15909 40bd1683432646ce
15910 3d502f8a95f778ef
15911 377b7210f4178b72
15912 0d13f7c55f854263
15913 8c113e3e9bf60333
15914 8895be587d6d27db
15915 004eae640a98a9e0
15916 cb875c4f0677a8ef
15917 3da302627a9f12f1
15918 1a6e9a75906dcf2b
15919 207d98adf2d68bf9
15920 5242e3a02dda2293
15921 97c3c0a123fd375b
15922 a2de8805398a45e0
15923 73ec0b5de346a4bd
15924 a2cb929d42dccb18
15925 49a2a9da60054e2c
15926 a5d8574e5a8c2c7e
15927 3c7569f85fa0881d
15928 ba5e756cace3aee4
15929 2eb94c744ed8db9e
15930 73bcebcc835462a3
15931 af5833236094313f
15932 7ce80b6f077c4d5e
15933 e9facac32f882ccf
15934 129958408da749b9
15935 4f6e8669e3cd96a2
15936 42134d4325ac7601
15937 3d433119304170d7
15938 41bb2e4de7d2c261
15939 4854e4571bee6ccd
15940 9f5bb982b9663653
15941 ece93cf54592705e
15942 6f96f4d7d4a88cda
15943 4e763c30b814726d
15944 4016a5ae9625d635
15945 8a1a4c8a9a17ef5e
15946 a33e66cf4dde0bd2
15947 8df60c888519dbe5
15948 e2627ced67b5b46e
15949 55a672dee13aa0bc
15950 232876105a92b1b2
15951 b50025e021676a8a
15952 5c516be0d072070f
15953 4002c67db4d752c1
15954 a3c479854fe2fd12
15955 d0178f3472512112
15956 b0f29057e42ca922
15957 2a9f313880f33523
15958 066bdd5854515555
15959 9f2127895784f0c5
15960 a897f20da2f735fb
15961 ca2178c878702e37
15962 f6b48b8842019901
15963 91fd2298eef534da
15964 30d1ef2ff061120a
15965 a91b292e8d8f7a61
15966 43da9859f20c027f
15967 9ea333c1f163199a
15968 64d16e095950eb5e
15969 5db739771bbf816f
15970 506275442e2cdbcc
15971 5221cf1e2f8cca7c
15972 d83104a42aeda5c6
15973 04be25611cdb2a6d
15974 3e3fc2fa2ffadf78
15975 cbb5a256e3be37a7
15976 62eec20fae685188
15977 e4d5a4ee1a215a5a
15978 c4a56b77f3992f66
15979 6ab8f38737ddaa65
15980 46ec1976b6b46e41
15981 3bd6d0895f32715a
15982 ee00b11a6f6af07b
15983 9842277da14cb941
15984 6be379333af950d3
15985 0b3727f4c1690f55
15986 c9660b29cb97c7c4
15987 c8c78784c6b719c2
15988 8240444f611b8c4b
15989 63f02115926f432d
15990 a796477471df4608
15991 d052d9ce91c1faa4
15992 f8b8153622e2fe8b
15993 73acd99c5a4c09eb
15994 7b047826ee9e9a7a
15995 33b0c7886c04660b
15996 971e2d50cf6edd76
15997 8da9114a2f033e2e
15998 2ef5c67d1e596a5d
15999 1b63ae3029144627
16000 eac5806ff385d4ba
16001 354c5d36b2b51678
16002 a105539366a22980
16003 9329f949318885a4
16004 0f3afceef55b11eb
16005 0811f8070b06f417
16006 ef5c371b72d4297e
16007 3ca9e4ca2ee1e3c2
16008 50b2dee49be17418
16009 4ef43a68268bac7b
16010 6ba56916f3c89ae0
16011 976dc026e35c5270
16012 42649c733d65fe1b
16013 ace5500fc8363ebc
16014 20cd002f335f3d76
16015 b16e4ade1c8327cc
16016 78967ada49ee8154
16017 c10e63358437d29b
16018 58a2356ee96060a5
16019 9dea2d68df35b212
16020 1ac135a02fe85590
16021 57d924296f0e1e3c
16022 049022f28c8a129c
16023 262d979515be2acc
16024 350e3ea90e12807f
16025 4db720a3de61cb7c
16026 8aa29e4d20ee1a7a
16027 c9e7adc2138ef05f
16028 547bc4df8627a56a
16029 58d4928856cc463a
16030 c49f4dd4593e2d4b
16031 d71a411c88f525c1
16032 467b4c1ed2b5b946
16033 f59157e25a548907
16034 815f3b84530681bf
16035 15d7d091fc88a51e
16036 f5bbf16587183496
16037 82003f5e36e0863c
16038 9edcfdb2b8fb8873
16039 888c50f919e09b90
16040 130289759393fa1c
16041 88cc33c18e8e34d1
16042 79e4e6bd5566d222
16043 354d9e93e49ca997
16044 a11f7039b5e46466
16045 ed17c363fa53aa9d
16046 7f611bf8d49c9734
16047 fda42b4c756b638a
16048 fb4a762fdcaa88a0
16049 a91594fbc4e51ded
16050 b5beff3578fa4734
16051 bc33896a51dfa2b3
16052 2cca152ca3cecf0c
16053 0725ac1efc3d3310
16054 e4cdac37663a35e0
16055 a13ca668bc22632a
16056 297588d602e6a043
16057 6af4a73cd6da4f27
16058 313c116bd99ae6d4
16059 4f50a2e38172284a
16060 bdbf0c483ab09f2b
16061 cd6b846e84c28008
16062 a989fff6a5d29e76
16063 bf4f42457d49ccc1
16064 4a628ec6ecf50c93
16065 a46d4cd5eef75e09
16066 a1f9afba0ebc7d07
16067 512c27e285959fad
16068 dd6f76ae95d5659c
16069 97ac08ff1bd664f0
16070 2433ccf3298cd04c
16071 9e574559d866a06a
16072 1680a4daf4cb442e
16073 50eebfcd52a8074e
16074 5ce6c7108ead33f7
16075 9d257be9b27e817b
16076 c41d910cc8e50310
16077 eedb796e52725822
16078 5dc45ba9ef07165e
16079 cd675af1755ea618
16080 907f7d196c48141d
16081 5d6935e7ca003e41
16082 90f3f020d4936d63
16083 10f676b1c9a818f9
16084 12c0062a43d39094
16085 8fbcb693a85bb202
16086 6032151ceeab2dde
16087 620c90d14c56386e
16088 a6c738264a76048e
16089 0c27a330f30875af
16090 be6e96270848d4f1
16091 541c465cefed7273
16092 c47df43dd04c606c
16093 8e9c2b1a9b917273
16094 4b49256dc664ceb7
16095 9e079c383546e744
16096 73ab43f9c82480f4
16097 e2672615d7054880
16098 b2c1151e9b016ff9
16099 ad1c82cd0bae3f9b
16100 d4702fb6a9997bce
16101 9e46ce9f819cd745
16102 97d098580f26d3e8
16103 1edeb2cbe90e610e
16104 b41dcb4723f49970
16105 c42f2b9d2eb9692d
16106 335c4b8437c9b05c
16107 ca4bd4654c667947
16108 6437ccff5a71125b
16109 7c339743a63c0ca6
16110 3f5212e2f6a48242
16111 66386ceda2552c9f
16112 b307e31eabd31472
16113 1b70a34855f2ade3
16114 ea3b62f8ff8d5d64
16115 4b82ee3f06df488d
16116 71ff3b4573767065
16117 28819dfe7f1a1230
16118 eff623944b14c155
16119 fcf2f6cbef767dc9
16120 1f29aabdb12e385c
16121 b43404b833cc0ba8
16122 509e577af28c6243
16123 8ea75e681d909c87
16124 003b08ab2690ad9e
16125 c20c92cd55c5f978
16126 6a62f693cc65a7e3
16127 e3ad243f9939ffc8
16128 c767247166461e0f
16129 b36c3b3e2db090e7
16130 3b79eee2a437383d
16131 ea750a4d23a4e51f
16132 d38172cd2f1d562f
16133 5c27de48a6075dd1
16134 982e6192fc75bfa5
16135 d589d7c24f4c0dff
16136 c2882a6aa8004117
16137 649809c30fc66d16
16138 f7a79da2312e75f5
16139 476427537733a51b
16140 15e637bd91ed34fc
16141 0b66dfcccd342b3f
16142 ea1dc479b8eca90f
16143 a22f0d778abaff73
16144 9be65b7c53e7cb10
16145 6861df42bf001cd6
16146 fe37df1fed9d0a93
16147 7c35469447754590
16148 7969f4dbe92855b8
16149 ad925ea524b681bc
16150 e4375e9324335831
16151 a55126f28a06d8be
16152 ceef143866bde9b4
16153 a348d704037ed7c5
16154 b0d220902c075e82
16155 4f2091635f2b9d6f
16156 0715efd698b68120
16157 4b1d46369dc2932a
16158 8c5ae8ad586d61ea
16159 1916b2a58e75976f
16160 b39bdeb311141304
16161 decad5c8f1d7a31a
16162 f2a231478624f2f4
16163 951598c1dea55cf9
16164 d5347592c8e77af5
16165 608c6b0d237d3b17
16166 fa62c4074995b127
16167 09240ac7a51395cd
16168 18a77b85dc1a9bd0
16169 2f7aee4897cb6099
16170 a990ceced4e3dbf5
16171 bf319bc28c599a95
16172 9bacf105df6930e5
16173 4b6273f326fcd37b
16174 7c19319d05fe4416
16175 b1c009fd1cac95f4
16176 35123f164d9be5a2
16177 2bbc086d7be55d02
16178 71dcf1c65854363c
16179 49a33ad9f70b9d4d
16180 b55449eb3de2b6ae
16181 e8503c87b7cf597d
16182 1e65d8ea2c29f8ca
16183 9e85c6db71e7f1b4
16184 01e9cad9726dd50d
16185 bef52246960c59f2
16186 c16d5e0424dea017
16187 9bed63990fd37c5e
16188 dfedf3c0b431263d
16189 5435f34f374261fa
16190 eb3623ab9bee8dcc
16191 330306609fa1f4c3
16192 75073150ef3564b1
16193 f15542d02529ec32
16194 a89199e6ca252f1c
16195 16dc714e9bbebd37
16196 1d02a0e2d10efe92
16197 c0161636207bba26
16198 29e8f996c960e894
16199 b2b558ad091f3c6a
16200 3b1d124fbbe6f3f8
16201 0664e1d3049cccb3
16202 7e12c5f32f0c4015
16203 3cb18b12fa5a2630
16204 9d76d3f8f0cb5800
16205 1907e7347aaa623f
16206 1cb4c63ebd0e8411
16207 49ac4225d0f68e88
16208 c9e7efd7347857cf
16209 617779b4cadf0456
16210 b42c7151aec281a1
16211 03484eb6c58997c6
16212 9bf824c6207b5bdb
16213 2f6b13fe9d2777f8
16214 a417d3769881878c
16215 fa6c451d10d9764d
16216 7cd137aa435a03f1
16217 c9cdbe536752f6c4
16218 42265db979f482e7
16219 defcf3e53cee0742
16220 414c86425b1c844c
16221 dc32e2c7ef679543
16222 8789ec5972350a71
16223 50c1355f0cedebba
16224 ac9f7bbfdddacfef
16225 9b9570b808c77e3c
16226 4322b993190d8be4
16227 dba65af620c991fc
16228 39c159b0b5c3854c
16229 323a38713cbf98c1
16230 17087a7d14a01de9
16231 2ac937669cab0ee0
16232 2495cc4b7983db2a
16233 937790ae275932a0
16234 b8f992580b07c35a
16235 ddd27238169d1f74
16236 65fe8e07fd1b987d
16237 b387f98f507426d4
16238 11c52c00e71ba955
16239 80535bf7610390c1
16240 dacb06232e9906da
16241 7f925a8ab4a39546
16242 8b2262ea928f4639
16243 c71580d33fd6281e
16244 30a3ea6801f04c85
16245 963ac9579400d531
16246 5919907dbce60f84
16247 ec739d7b45e9680a
16248 9292f54f223dc9c4
16249 50e38c5a8702c6e8
16250 75d81785efe715c9
16251 842d621fa61422fe
16252 f5545ee43a5a4a50
16253 bdaa193ba043e172
16254 3a7acf0ff83e8712
16255 553a19b18425fbf6
16256 f1e3ad74084d16e8
16257 8e412cdaa363534d
16258 173340b1f873d082
16259 2d03595bc743df8f
16260 01072f8e2817757c
16261 9bd606d52dccd469
16262 530d7704ad8bb159
16263 64bdce077a2bb145
16264 3c37c813284d56b7
16265 9cf23d4dfdd4d714
16266 dda5a0e994971255
16267 7d3bbdbc55d818b6
16268 4f36834dc7bb1797
16269 1ee0b5b6bc6c569d
16270 69a8061790127411
16271 f17327578ec6814d
16272 a97159adb86be5cb
16273 6ebe550c377238c5
16274 9b11e75727a6370d
16275 f15527e7d8d82498
16276 6e7a2a51d744c494
16277 59c17b329ef50add
16278 d75ced1ec23e11c7
16279 ef538fd27986ebf5
16280 8e4b52467a88f81f
16281 204eb5d95eb5e3ba
16282 f4cb983b8c22c80b
16283 f3be47652535f46a
16284 04db2694aaaa7620
16285 71eee40b9e368baf
16286 08cc8b38d59bdde7
16287 6b7c2ad27eee73a1
16288 edbf1b67f400f1e9
16289 7798b1fb4ce8d620
16290 d94420374f9446dd
16291 be766ffd34d247df
16292 afd2d25acd6cb9c3
16293 b6d2c47051626b69
16294 48baa158e69104db
16295 7217df1c2fef0d73
16296 82538b33e462503f
16297 09dce3c53784c60f
16298 366ea4d655510a5b
16299 b7cee90f0ba04701
16300 8e2816a56dbafa71
16301 81cdce5b746e9126
16302 0fb558003a934bde
16303 8aa8dacb7c0761c2
16304 1d5239aa652e5488
16305 dcd4ee12f0d296b3
16306 7ced6f870e56bea6
16307 50733b340c992b81
16308 5c5038e347bae70a
16309 556ad11030d83752
16310 6c472846fdc35775
16311 7775d712b04619c6
16312 040b6ef33b89d2b5
16313 25f5d5e7b152e6f2
16314 fef6d0ffd1525117
16315 2aca37fd43c59dc7
16316 18f44f5031afdb9e
16317 277dfd4955205e7c
16318 d6acd5fcdb10ccdd
16319 c8920dfb79c99422
16320 e5fb09cdacb66631
16321 dd3067d54d67ba0e
16322 634bd132ef3551cb
16323 6448f1f11678d388
16324 25e2866d7098cb46
16325 665cbb465bf46247
16326 0424106025ffe5f8
16327 c7871e4b17be530b
16328 f28218deef6c37b0
16329 419e3a761949dff1
16330 6a680be2fdae8007
16331 f84fa03a7a234794
16332 95997c70d3183678
16333 a894c4c09b8125ff
16334 81b57e321f0fea55
16335 c75620c400fb41a7
16336 fbcb1df9342c4462
16337 9f9533bf047e4e10
16338 c35ecb1a0b9122be
16339 ee0bdd02f639e069
16340 c28aefa39c5c9ffc
16341 ba41db2bbe7d0bf8
16342 5ed876993689e946
16343 5a9cf8d784808b79
16344 c01e685bcc28cf10
16345 c2d3e242c3121626
16346 103e721bf90e87fa
16347 04e9971dbd287ded
16348 cef1c9cc9ee50aec
16349 67fd8e51c2acb4c1
16350 d14e6993ff16ffd9
16351 a9e549f3b94e59e4
16352 c24b5db29cc3e8a0
16353 eac1edb36d2339a0
16354 f80bfdd452fe80e0
16355 9193eec4ccec659b
16356 955d0b5fd0ab2a55
16357 b52f5d9046237c25
16358 c4a4645fcbb670b5
16359 89f1cbd759384552
16360 41cd370c27c60168
16361 de8277bbeaf15c69
16362 0522b6e437d03ed5
16363 b359812f1571cc34
16364 87ab848eeff59f79
16365 b294679f52db5cac
16366 92e1fcb44296150c
16367 b4670da1a4e00774
16368 b86b9949b8587184
16369 37fa1c8fab36b6bd
16370 33f2e668c32b1e70
16371 501507f441ad23b5
16372 b3270035f910e3a9
16373 0912ed86e5239b2b
16374 2593a199f9511d29
16375 53e06cbd21bda5aa
16376 0a8fd5b248488940
16377 486877a8b239a091
16378 71d91d69e10a7654
16379 1b6fed021a28eedb
16380 ac3be1c40c5e9ed2
16381 614c8a42cc0118db
16382 fe518cc4dd7a1bcb
16383 7fbbd30f9e6b850a
16384 6a9530906c087035
16385 2df4443cac9291ae
16386 751f71ed030b1e1e
16387 ea3201972146a67f
16388 4bf9950241929d1f
16389 9de4f5a28814fc7d
16390 e87ac40764f1a1d8
16391 4c173560e12eb96e
16392 4e128f94be99fc4d
16393 15eb8137f45948be
16394 8fd13296e67e79cc
16395 87a3df2b0b2247f3
16396 c58261d40c0fc8ee
16397 f4b94ddaa8cd169f
16398 4aa22a91e247eba1
16399 f118df36f4aebcdb
16400 d28c88da4c8b8b35
16401 f1cfce04f9629d92
16402 882a80e5b8d676e9
16403 1f5509c7a10f30fa
16404 f31be1ec62f87d75
16405 9782ca11dbb8a38e
16406 527c264ef2a5acad
16407 7af1b9d05b81c970
16408 b6bc2beae6b08e65
16409 dd0efd13d5da8bf4
16410 4d53b1399e039d1e
16411 ab64ec5dce2e6355
16412 d84b30494c92ff2c
16413 8cd10e6e2e0aba8a
16414 c623dc1525626048
16415 4c8f9af3758012fc
16416 acb56605e2f030a5
16417 796cde744b765bc6
16418 1defe69aecffcd44
16419 c8b9c7b41182b74e
16420 4462caa8c777d3be
16421 976e9944b454f84a
16422 a5a266ebd2042e18
16423 aca70da2bbdc4585
16424 6350630e9adea6cc
16425 18ec043425d969dd
16426 ae5189ce83e76ab6
16427 2899c5e0d9ba8a40
16428 bebfb2f0cfc9361a
16429 c22ab5a316408363
16430 a9a9cc7ed2a23665
16431 904ac314b4b5c3a2
16432 351df4723fbeafec
16433 528cd70008e95e95
16434 df49dfcac98cbaad
16435 f1d58178b23e0668
16436 4a9a730aad49b61a
16437 0fe3f86d11833bb2
16438 2d4b852d96bc7a3e
16439 5f69c7b2e49b4d21
16440 bee7adfe1ae36bf4
16441 42c7911989ed5a03
16442 11ef9d66732b493d
16443 e5f6345fa8105b8d
16444 9eecd87ba8db7020
16445 3313f50588f87134
16446 12c008eafcab7c81
16447 5f42119cb828a8b7
16448 80f80fa9df6c6062
16449 fd6782f1cc19f822
16450 5842cb4162c12699
16451 64cb1b5d9a8e9b57
16452 5f4d67970f112975
16453 64c6d03a4a604fee
16454 5c60ad2f6b67d651
16455 5008d9f2df80e75d
16456 e3347f28254b5a38
16457 5a927757cd2a6603
16458 419ed6a2c276e0ca
16459 20f706fb7fdfafca
16460 509b10001639a5a4
16461 9b746fb88e2f02d1
16462 2ad545ef81c47778
16463 c7455545f26da75b
16464 11b24ec8a0dc40e9
16465 47ce20e923fa4133
16466 bd0ea008020a5d53
16467 ab5ae918243cbef8
16468 b24c17955821b730
16469 de4a586baf0d065f
16470 6ec6fce16ca8c015
16471 95a9c826875355bd
16472 68e4a475a7002999
16473 1751d72a49925be0
16474 16e267c77f07ffe3
16475 8b371db68b96d5e9
16476 8e9bcd9a1eeb3bed
16477 e9a2077663e512f5
16478 94ffb7640c960236
16479 8392f163d362bcbb
16480 e85415bc89522f3e
16481 450e52fe63a00590
16482 2bbb3ecceeb0f39a
16483 732b0e181931b19b
16484 a76dcd4e0d48b6e9
16485 f8d4026bee0f4580
16486 ca73c465a59a0909
16487 bad1c99b01abc7f0
16488 f993796f0d869453
16489 4d0bf070cf8f1641
16490 36cc49e7733d8d6e
16491 aaa14a1c460977dc
16492 d70e9dc42bf43dc1
16493 7841fe37e4f48a18
16494 548a787aa53087b8
16495 43fa1958b5132275
16496 55aecc1a3da3549b
16497 6c4b45772af47c60
16498 6bae8f147fdf162c
16499 656b1029fe937932
16500 9febe99d485ab9cf
16501 ffe0587631412fb0
16502 e8c1c26b7b984f18
16503 90fae9c4a855803c
16504 e4fa1889992d7833
16505 1cf9ebcf59c191a7
16506 229d0e16febd94a9
16507 2368377dac486b4d
16508 7c25e699b589cc67
16509 bc10ab1462005899
16510 bdbe8501980a2903
16511 07042a543a4eab73
16512 08796c288a0f4692
16513 05f1794ea934c179
16514 642b718c225ed7f2
16515 13b650f317de6920
16516 43a3d744c15f039e
16517 2d61c2a4b39414eb
16518 995a1b0db2549501
16519 4f7310eb6a1dc094
16520 0b33f855132e83cd
16521 2ec388093305e05f
16522 6716a93a6564fd87
16523 47665d692bf9ebec
16524 19f188a62a052dd7
16525 0c56de626a2ac23c
16526 a725476fb112191b
16527 6d081fd01ba0e418
16528 fd00a98e9c977073
16529 176c90e766d8830a
16530 c1402ad9c6b6ac1e
16531 fb666595432a7624
16532 bcec84d37d3842d5
16533 736574670121bd80
16534 f57c18b20c66688f
16535 870af512679ed63b
16536 61a3564f5ccebad2
16537 11a2cce244776626
16538 550210a65d52f456
16539 c4ef9c8f902da58c
16540 4c3cfa66303ced42
16541 860cabe5ee2743d6
16542 077c297d5f611175
16543 6ee40ed09dfa8a26
16544 4a2e025734590ad2
16545 dd26384358167b49
16546 c8b42f141637dd50
16547 446a98e79e1ca0b0
16548 c044c3a9f42442a6
16549 42a0840ab8a6f3d3
16550 0784396e4f847c7b
16551 1f122bf6c64e497a
16552 7fc0a4b826c619e5
16553 bae2e3616d513ecb
16554 1e1295bd0583cdb1
16555 a1b8af93149b90a2
16556 5b3ea0abd304152a
16557 ddcd6db39e474a15
16558 dab93885f67a1764
16559 0592cefe8781ab55
16560 df4120b31f619b7f
16561 e878caa0ef0cb619
16562 19aba02eeb5ce3f9
16563 467d4c6502797342
16564 b939182cfd3b3b0b
16565 1f151779d8969be0
16566 e5df8e56e6c7b6a8
16567 429ca50e014b33e9
16568 de6a54d4b6b305bd
16569 3fbace1fc83cc076
16570 dbec3d155426176a
16571 1dd562ae746fbd68
16572 2d6f59c9400732f2
16573 9b55da4986936ee3
16574 f95c85b6dac7177a
16575 60209792952910f4
16576 9a72d82de4f30d27
16577 cb7dbcb4e7a834ba
16578 b290ced69da93a45
16579 7cd19f5a60202181
16580 f159dd905738c151
16581 9f5de85d4771fa43
16582 199453f8c488f9a1
16583 eafecfc162dfa87e
16584 5006343a6b12a5d8
16585 77cf192a8e741398
16586 a8d5127b8f105071
16587 239315eaac087db0
16588 46f14b2737e537dc
16589 8b0fc7b250923989
16590 b12d3b4c5f762e70
16591 bb4fe143cae3f203
16592 1de4a710480a1eb0
16593 802d34a9011348dd
16594 0e255a07ba0f4375
16595 a44534b27feb1e84
16596 0a1edc2faf06f6a9
16597 8d10b45ceb347043
16598 6aa1ac9d6c9a02db
16599 e506219ad3c93498
16600 4e01bb2cb6a3b687
16601 daf9539326e27d2c
16602 6db9a3c0fe4935a1
16603 ac7968e8f9472cc4
16604 90e8c08be4507765
16605 87a3d211230fe8f7
16606 19a04d555e8e91d6
16607 5eb5cf84814472de
16608 762b31d856e19765
16609 8621b587bbc356be
16610 debb2c1326dac201
16611 d01a06d0fd70f7f5
16612 6b88b7fd7ec1a74d
16613 f79f106418d63154
16614 63d751e1dd9265a1
16615 db49ca13338e97e4
16616 2f4d55513e3e57c7
16617 1f04beb3e979732b
16618 93d9238ed109de97
16619 fd91dfd7ad36500f
16620 56ac4e90bb620c46
16621 7851a992d581c0ca
16622 4a8efbd28a20fd18
16623 ab1face9e4cdd428
16624 8db882ccc98d994b
16625 0f0b6b64da0c7ffb
16626 4b9614534482b9bc
16627 946b5c220bd257c4
16628 e72c13e3f16eb1c9
16629 cbdcb332c18d4653
16630 4e544722fa5f631a
16631 85c27c20084a85b4
16632 b25012d2ccf4c379
16633 32d3d7f605242586
16634 6b142941b5fabe74
16635 aec3b120832afd80
16636 f70d4772633de0af
16637 9c63b309ee37ab20
16638 71cb70bbb30667be
16639 7c9673a7ca27d6fc
16640 a0e54953f5c9cdd1
16641 d5ac448836f2639d
16642 75797b30c1e4bace
16643 800be5c77e234b13
16644 ed4b67d1ab856ac6
16645 9021194c4bcca835
16646 c7199fa91add0846
16647 8a45f31b0b60b1c6
16648 09fb27397c77483d
16649 25d15193dfe75623
16650 27ec3d1121ae12c6
16651 5bf66eddb5c32674
16652 3146e8041ed47e75
16653 eb9eb0e7e5ab78c3
16654 7a4419e75b41aeed
16655 4e1ecc972f7b244c
16656 ae678fefa87b43b6
16657 a2af3c58a538e76c
16658 7ed39bf47ff9d371
16659 2a9c7d926f01a8a8
16660 b415a9c2e2de9cbc
16661 55385e3d93337f4d
16662 b3867b571f7144d1
16663 d3f47746138d64a5
16664 bc7e9008331a6477
16665 5ea8053cfb94b1bc
16666 ec4a51d67c8a97d6
16667 361f0bf9a3018a2d
16668 a0164ca35608d170
16669 2cfe4d8baf7793a9
16670 7783e9b1b636676c
16671 3c8950d15715a37f
16672 f2b5623931b00bdc
16673 8b30ad9fa1723577
16674 2aa364d99881559f
16675 f53058afc69fd234
16676 171e1af84a336a30
16677 0415dacaa8964ee2
16678 d193e2290a0fe52c
16679 1af66dbb51d73602
16680 fceda9f389c17c97
16681 21c5e87ed413767b
16682 dc2ecb966c321f23
16683 d6afb1dd6d4482d8
16684 5715dd509f545aa7
16685 0a4e488b5a197264
16686 b4d33a32da78ed0e
16687 7d97fa67bc94a5d6
16688 3e704c68a5d60066
16689 0d2148b7944c7c2e
16690 d9d08bbcf5408947
16691 ed136d06ce58ff40
16692 0ce90bc82d246bc1
16693 3aba0d8faea987d5
16694 77246f269d1e1ac3
16695 54514ae6c9ad6549
16696 98123be1e4f56d41
16697 62c46e7301793dee
16698 9616e4595233e8a9
16699 a5620f0b16fd3a99
16700 5714bc5884b4ae99
16701 dff71185538508dd
16702 a7ba4aecef071bd4
16703 2e589d5d65d6f23a
16704 ef2d048d9db19fa3
16705 01fe2bd5f625ebf7
16706 36bc0ac3140d96da
16707 64ee65676df943e5
16708 489dabd06ab90b60
16709 1d87b9517149879b
16710 15709a1ff80dddbe
16711 cc3b866b9422a921
16712 01e6c7c3adce3a95
16713 57a3c2f35725e8f2
16714 40702f5ee1220e99
16715 10154e8ce8132d13
16716 6e8add85507a9187
16717 a09ca5e35d11571b
16718 bb6ee79a233c8cfc
16719 15ce0765bba76d1c
16720 eb67684b833bbc2f
16721 944f1fce0092ecd9
16722 287ea308df4b88f4
16723 e1a5129c4cbf7f4a
16724 fce2829378ae0a43
16725 922df1c70e84834a
16726 145576cb244e7e62
16727 aecc64384ec3d25b
16728 b0392e01df68c1e8
16729 f00e844121371f9b
16730 864c26dca4745d40
16731 3a3aaccdbc129906
16732 af0d010ee7aba828
16733 1cd965d525e4a2fb
16734 f4b4c7fed5b447f9
16735 b4972541817a310a
16736 18c12c8b3fe99b17
16737 1b6e4ea3aed58f81
16738 f8fe0f9c61c24ddb
16739 4c2241773b90df32
16740 d846dcb86f183918
16741 fdeaff03f4c9cc42
16742 60d964d842cc277d
16743 f141e3de2158a705
16744 987b0789425a991b
16745 c2af31091556fe8b
16746 d591613db50b46b8
16747 c59a1661fef6ab5d
16748 94188cf8b3ce8081
16749 59a294b98d019f05
16750 b167a25c79aadc68
16751 041b7e4b91d8b3de
16752 4d1cfa83373524d6
16753 a486228f6a29b08c
16754 07292011fef6dfbf
16755 861032da7a6cea27
16756 ce15eab6e2e79f56
16757 2ee4c6d6b080fea0
16758 710a75ee0c6b21ef
16759 89023835e802b506
16760 c96af5070c008a53
16761 aaf98fec48948cc3
16762 93e6ebb3fe648669
16763 101271e834813636
16764 1c050945187080fe
16765 bcf19c991f284f03
16766 68581f8970a932fb
16767 501c9690aafb5e4f
16768 817995f0f189069b
16769 afb0671568f2d54e
16770 16fbec67cff3cc9a
16771 4a65508a80eda0a6
16772 d3dbf984d2d5c2db
16773 c3e2785b3042929f
16774 7ff35d0b8b0aecbc
16775 53d33f655bfac345
16776 1ea36fbc80dbf612
16777 afd8e7f021e18ddc
16778 bba6dcbbea8eef4d
16779 79a35844e14af4a9
16780 4565261bb573ba8f
16781 b415dbad033fa975
16782 a73b6e7afb63482c
16783 d5ac95e26bf01499
16784 5984761697611ba1
16785 7d6eba4bb5c61d71
16786 a55c9f164222c1a1
16787 467f1072999fa362
16788 28d9c577eb8d022f
16789 06ac4ebb41c4d5af
16790 2a4f4f3192223372
16791 8945be5908a54a36
16792 9d2f4dca45531c64
16793 5447c50e7597de40
16794 71fa1520ad9f3252
16795 46012524009b0eef
16796 95f272117f65cfca
16797 e59c7a925d6de006
16798 f87f2de0f495fa04
16799 5a5490027aff2699
16800 f2eadd72873c7cc8
16801 9878e0606254bb29
16802 4d34b71b17b38322
16803 ad12618beb672d6f
16804 eda8247c4c8d7d7b
16805 1e8a8f8092e2876b
16806 6562fc3b9d89ea7b
16807 ea61c1610e50ad92
16808 8d2277a2f66c6abd
16809 d262a6e2ff9a7d34
16810 05108079119f3ab8
16811 3aaf5e1b32574feb
16812 6a76946e165cbf25
16813 23d5ea449ad71f14
16814 ddbf3bdbc2979a2e
16815 5158cf8916829960
16816 88bd0969131ba4c7
16817 169377c4af19e611
16818 18e4786fffd0d224
16819 2a24dc28140dc026
16820 befe454b1addc153
16821 1a4890f418e09deb
16822 d5eb8fbc63fadb06
16823 ae6f532a27b90848
16824 8e98776d216600d3
16825 5e0252468daf4971
16826 4b62811241a5c6ef
16827 8b42a3a73b996f32
16828 428ddd396a7e1b3e
16829 6694016577849b69
16830 973cd30f09b875cd
16831 2d93ec6e7c33a0cc
16832 2adf3208e168c729
16833 ae261fdc267c2a47
16834 3b04813763d7f48d
16835 8aff8138b5c39218
16836 6bd8ad422248193b
16837 06be24334be7fd41
16838 61db5b3887555e91
16839 0143d9949aec6965
16840 24ccf21b37cbeacb
16841 9c98824077cc863c
16842 c650467d59412bb8
16843 b3591ddb7030e10c
16844 c8d9720c4a6d4e8a
16845 5301d6f50ea12665
16846 2deb6c374bac48ad
16847 225cedba25600c66
16848 411be590b9045406
16849 464166846d46e09d
16850 aaabe32711c389ce
16851 3ce3d3a4598dc48f
16852 d4b7592721d2337b
16853 f2327cf996221090
16854 98e8400a08c7c3ff
16855 a60a3b862da3a38f
16856 8ceb854a97c4f98a
16857 d1d70ef96c47057b
16858 3d55f2691812327c
16859 738ea75392a98461
16860 c81c00ee110b745b
16861 205594e94f0234fd
16862 de02d4b023ca0b83
16863 cda5d7fcf24e584c
16864 17bb2321f51df3c4
16865 d40b008fc73e1bc1
16866 f3ac1dd8cddd1b83
16867 441ae297789d2993
16868 0373047711c5c6a6
16869 c45ea247d81827f7
16870 4947a4fd54b03f96
16871 9b249a3de9283906
16872 60c5338b00d103f8
16873 9781f8fba12ba5ca
16874 fa9779006996016b
16875 14927bd03b511768
16876 1b6150e0ed33d9b7
16877 c30c46d57bfa6c09
16878 e39d324de1bc0de7
16879 57619cd53813847d
16880 b40efa179782f49d
16881 680502aad6266ea7
16882 012d3ce6500fc658
16883 cab143bdc85c2601
16884 002be6eb763f2138
16885 53cf0d899c6f70fb
16886 44974606cae68583
16887 38746dee28e11955
16888 52c34c968aea6430
16889 6a67a76d1a059109
16890 54f422c712d1cc0f
16891 af6df7060f5f93d4
16892 98fa2f2057519a07
16893 d012fc5adc380fe3
16894 a80d9fa19f380a4d
16895 e07135afea0dc1d7
16896 d3ee548e5372ad0b
16897 5a2b14f5f8eb3a6b
16898 a014c08446df3e93
16899 63b26d484f437597
16900 68faa838b659d884
16901 de9aa2900b0bca20
16902 a00a73e5832a8c76
16903 8396b487ba663e75
16904 5740eaeca9fb6b18
16905 b20e900fca4dac5b
16906 90178b8ae795642a
16907 8525282dc30d461e
16908 5a11b7ee75b3baf4
16909 5e366ee732092303
16910 9c1d5dc7b5cba476
16911 fdb6f3d6c4764642
16912 b62f09a402c20bce
16913 5b91301674c184c3
16914 a7f628ec537d5b4d
16915 5b5bbad1ff1657fc
16916 c111dbae8d540913
16917 4c8ec39b95f76013
16918 eb6132592295cab2
16919 d30a796e61f3c2ce
16920 c81b703becf5192d
16921 f5665d5533f4c688
16922 1f15a6b663875029
16923 f28ca06676cb9e5b
16924 911e8778136d48ef
16925 fa9d814bd436c6a3
16926 83cd5936917c209e
16927 7b06e58f914ca699
16928 c1b3a90c5bddb788
16929 910cfda40665bd62
16930 8e22d5c69023df45
16931 4ed73704fe1dc230
16932 e4ce8e34da13f331
16933 e77c23a95ccb7b52
16934 d47d7ddf333a94e8
16935 bb10a15ba4f4bf5e
16936 e597753c11fe03ae
16937 690f03420b6b5c6a
16938 0bcd38ef270bf2df
16939 22c561d4438e87ca
16940 20422bc034bb1144
16941 15f48ea0df188c6f
16942 07157fc48d07ea30
16943 3644388a8f3cb0af
16944 ce10cce0e4159315
16945 5fbe6ca34ca0c23a
16946 1fb6d55c85f2625f
16947 5e5923f8514ea657
16948 b0b16e7cb2b7f739
16949 43b2d7110de7868d
16950 817655ffba3ce19d
16951 191c36813c670429
16952 2481c070b6e19e2c
16953 e23c1d3b0dab7567
16954 82446c240e426526
16955 6908350337690f97
16956 356f0d10a139de7f
16957 b488b9b0bdac3a52
16958 d4c2d4af7515d80b
16959 769cab343d5f2d04
16960 654b4f413ca1c1f7
16961 04554757816ce8dd
16962 86972b4bafe6d9b8
16963 6d3ff62f53436dc8
16964 2c4ee6275b027cf1
16965 9eba3734c1e384cc
16966 bde532c667f5b2d2
16967 c7d69dd3d7f2c5e9
16968 d7b5dd74367aefd4
16969 3201ff7b532877b7
16970 a3363b0d62137a5f
16971 d3b15d6f8c3d908a
16972 cdfc9e8b4f12f09a
16973 78ebebdd9745da3c
16974 bd41c265cf604122
16975 8352060672e1afa1
16976 bb1e39bf1b653fb9
16977 21c033e6225a5059
16978 53a4f8e9fdde0844
16979 2992a56d00f15f89
16980 1e0b01abdcfff8dd
16981 f26d1ff1db5b4ea6
16982 cbb47f19482a1262
16983 5096995368e2f862
16984 f1642fdc4e658e48
16985 4a5a6f7cc6c71183
16986 17f672b9f0111d8b
16987 bc026dc00a6a3cdf
16988 246cbbea25fe141b
16989 419cac139b972ae9
16990 2908240bc3ea8ab2
16991 28b1c637497726c1
16992 c5a8ce1c4ef63e6d
16993 12851dcc2ea2a966
16994 56e75e5bad8b5b5c
16995 ec88160ebe0ffc55
16996 6626c5bfbf56a589
16997 f25356fbace0f34b
16998 ae56325de247db83
16999 1832d8ee74fd243a
17000 38c84c7d7d237a99
17001 4963ce9e3198aefd
17002 684bda4643c2dda9
17003 fab4dd09bd15cf4f
17004 e4d64b8b2a737d64
17005 1faa7e0d6667e039
17006 d71f6bd95ef6a3dd
17007 056d38e272699da8
17008 ef583cfde1c75c84
17009 b05acb31dc0c8775
17010 0ada0607fe6e9741
17011 4f0c790498876cdf
17012 b50d7014ce5b4cd0
17013 ae204ae5fc86c4a3
17014 87d888f4dd3e7b62
17015 9607e9be0a010c75
17016 9413e0302668aba4
17017 f72deaaa454273d5
17018 8f25f272b64081b1
17019 1d7ae1f01d10d6de
17020 3ac56caae5dfb4eb
17021 427078fcf202b112
17022 def75befb0c68de9
17023 0bd79fec9938810a
17024 7a6202c85236420b
17025 d9779471f1de1305
17026 62133d94bcbf55f6
17027 c0411b470464a32a
17028 e24661c47136b16b
17029 78177f5235b33a14
17030 81746b6fb9c7214c
17031 303b539ab7d8b714
17032 50c7ec6312b79bd6
17033 ef05011ec9876eb0
17034 92bdb2f2b27d4201
17035 337bc22f360c5303
17036 d237b0d6898bc906
17037 48886c7d73ab535f
17038 4a24b2a5126735d5
17039 d5169b3c34945c69
17040 5ad7237f1cdef8e5
17041 450fa98973e2dff1
17042 9523770417f769f7
17043 d0c4efd873b7bb53
17044 b73b2ad25a7cc25b
17045 9cbd3082487c040a
17046 c59d7a822975c7aa
17047 ba467fcb3b36542d
17048 c887e6e7b9efe995
17049 af4d6fab9af05dad
17050 45326c27491e45f8
17051 9c921a70209b7835
17052 cdaccf140d8f9669
17053 622c3c716df15076
17054 f6dd82d06802c9f0
17055 ae9a42f9192cc429
17056 b630217b0af593c8
17057 176a9085109fea59
17058 a6d1bb87bae286e4
17059 2d7b3143ac3539fc
17060 bf4fd02d365aa8a3
17061 67ad49f165d9b7d5
17062 9da5226b5a537767
17063 55015cdfb36aa89b
17064 2f4baa2601d1b0a0
17065 a9363fd8a5e3f4a1
17066 c8b24988341358d9
17067 fe4d51a3097aa4f9
17068 b58a5b574a98691c
17069 86efc8adfc120205
17070 cdb082e3286da69d
17071 4186dc75acf5048d
17072 4c6bc4a78bfe600d
17073 643544ab3ecef55b
17074 478738969b4c7228
17075 fa7a1997bd7f8473
17076 d023608aff0edb1c
17077 1d7678c5073d25f4
17078 91972bd812444e7a
17079 9cce23861fe2ccdf
17080 78c55e9263115300
17081 974ffaf826633db3
17082 3d5af5d333fe90ae
17083 d9b152b0e6fe67c5
17084 0182bdbee0f08484
17085 3e2715485825bac9
17086 9f799c14668037a0
17087 b0059305ff3686cb
17088 fb21d895de65710a
17089 9cb885445a1cca82
17090 6f59bbb6f0bc7023
17091 31b01a60f23f3269
17092 3e2338e19f9c3d37
17093 399d233b1f33d1d9
17094 17ceec76f41019fd
17095 386d43e89bfef9e5
17096 94e199c0f0945fd0
17097 65e76fb43f581029
17098 0583271349296545
17099 58293a3882518982
17100 e94d5fdea3217708
17101 b6ac98f68fbdb3ce
17102 04eac06edd0714ef
17103 9a8867e97505d376
17104 4d9707e3bd6dbce8
17105 44749ce117efb581
17106 6aa16a300c646908
17107 97965e7faeab3e4a
17108 f63e2b4c94b8461c
17109 056b8981f5bca114
17110 ff658a8e8304edb9
17111 32dc583595fdcced
17112 4281c92130728c25
17113 5334946a9e8b2e09
17114 ddcf1836051f9177
17115 529af28a271b3b02
17116 76189c55c6ecd9e5
17117 ef83ecb2e461a02c
17118 36891229d532363e
17119 f54e33b17fd19544
17120 bac7678e6a33552a
17121 3dfce472f5e628a2
17122 f06d141f7f0686a7
17123 4cf2e9e44e384703
17124 00e84fb982e239b9
17125 67cf001b90929262
17126 63f9bc0e5ef0b19c
17127 8bfddd263b274ee2
17128 32f440709a4f2e65
17129 64ffd5d81a8b5bcb
17130 24520b15a5ebc178
17131 2e533cc18f9ad0c8
17132 4ed1db3934fb2115
17133 67e96c6ed493c272
17134 3e3c602c4b0666ce
17135 872581a987ec54fe
17136 fa34b3e7c4201388
17137 41b38b33a013a3ce
17138 cf7bfe1995796da3
17139 7ec5f1525796fdba
17140 7b5f7418c6fb6e9d
17141 27a83820208711cd
17142 466faf744a7566aa
17143 0595ff5efc25bbec
17144 9558f584c649732b
17145 a86aeb0b38613c30
17146 90568196cd19288d
17147 819079f31e47b673
17148 f9e0597ee67ca243
17149 03109091f594a8ee
17150 683b1eddff059043
17151 01cb0b3f2dc24fc2
17152 c78b53776795a323
17153 afcc72debe1c074a
17154 2004fef104a10612
17155 98dd9b3bb0ba0428
17156 ef51393c2998b502
17157 8761182ef6b398cf
17158 39352de216e99ffb
17159 5dc1f1bd32c30b6f
17160 30fdb4705cb8f8ee
17161 04a56af56091af29
17162 11ea129dd71d6b42
17163 762a4d5f08667cb4
17164 7d8097756e00ea43
17165 ae5147d77d9da989
17166 4acb0c4b9b6e99ae
17167 79970d787ef137e3
17168 b961d8f05a68dbff
17169 4c5280e07ed8868f
17170 c1d438197ea59f17
17171 62438f267dfb209a
17172 fde0a4816e5cfb79
17173 7a24af1f91fcb09c
17174 7438f357f52d5830
17175 cd7f92aaf83ef4a4
17176 f89b0a4b43b5ca0d
17177 768e8467d2a47c69
17178 ff86652a3a639868
17179 0c8d66dcfee310e6
17180 f4ea89ee205ca15c
17181 af26ff71277e9a16
17182 ce7b60280b0e8727
17183 1426fcc5e2131f2c
17184 1c731f9a18ede6bf
17185 d598e44f371fe799
17186 41dbd6ab5587ddd0
17187 e0ff9dd73300fc86
17188 40d02f3f7d338890
17189 06259fce4d20dfdf
17190 8c312adc007494f4
17191 d9f99f8b0916b16a
17192 854169b5e24db080
17193 afded858cb1c82ff
17194 fbddedd537903be9
17195 f2a8248091447fcd
17196 cfdbbdccf6962ea2
17197 fcb21c30654639f2
17198 2856d257980ca24d
17199 b8973c668c312b38
17200 79de917f233c0d5b
17201 9f28230afdb59bdf
17202 c6138936e9a8f031
17203 fb5cf199d126dabd
17204 727faa81dab51f70
17205 1b870ef068bb3806
17206 dd2cc60d4aa9166e
17207 6b15cf215b26646a
17208 9f8f511da477268b
17209 51610bff0d0c955b
17210 d23b2a5027acb11d
17211 71482d2b45e32148
17212 a889cc7e75cd22ce
17213 2a4828ca9dd99ab2
17214 d6f2997c6c06c96d
17215 72876963a2c2d9d2
17216 5feac73de76651fe
17217 3198517c66d38fd4
17218 2ba83e5510a52b65
17219 c2d2fe4f6cae4925
17220 c71a13e3b3711fc5
17221 9863f113fe7812e9
17222 61d1c91eedff2d05
17223 8f68f8edf1d917f5
17224 d995a0144fffbe16
17225 3c78013f2ed883f2
17226 3c649953873b4211
17227 61aafc9100bb2b86
17228 932dcbc1ec3a9e06
17229 9c38b1ea30dee490
17230 e887e8f3b3c5801e
17231 b33ff0ec46b7a4ab
17232 23882c9c989f6a40
17233 1290a5494a8e5c56
17234 0488e6a0d416d709
17235 df475e336a78fdad
17236 38dea343e82cc5b0
17237 7199098a806a5b81
17238 dfcac368628072ee
17239 8577ac0d59d5dcc5
17240 e3df86b6407e8573
17241 0ad01a31387d4884
17242 91322e62948585af
17243 a087f80193524f3f
17244 9e6515a0e54d26db
17245 f2098061ed6e8d11
17246 aceb87762ec4b48d
17247 21ade4256f18b28f
17248 d0cca21da9b97837
17249 ec5d3d20a06da922
17250 917d3536f8f415b0
17251 8f2ffe1ef4ee9766
17252 2e78152e55237ef7
17253 593e0e1d9a0ce60d
17254 47ae21363d224b02
17255 e662ac64596e7182
17256 e3641e043ba40b26
17257 dddea8353d8553ec
17258 66362d8758f49169
17259 f39b994aedf5895a
17260 172e23464e50dd58
17261 50f8851cdb77f033
17262 bf9da35d385a46e6
17263 8b385511607db513
17264 c341a98ed4dfbaa6
17265 ee6f603074c5b861
17266 c888cb8b6c6c81e5
17267 adc68c8263e8671e
17268 73e3df148056635e
17269 570f3d537928c74f
17270 22348bbd882a91ec
17271 9e52c7dcd195da10
17272 8c97594c45999b11
17273 5d92f33579160714
17274 11f7f52e9bceb1eb
17275 49f8c1ebf9f0f253
17276 e40b1e0079466c6c
17277 2127bc106049d598
17278 b9148d743192c9ef
17279 b18f8efeb6d11b6e
17280 b3c42caa75c3fd8e
17281 790fccef5be94ae0
17282 a2b5f6929c825424
17283 276e95ab91208012
17284 df1b685706d1edcf
17285 59e66342027bdb0a
17286 c706acc11b4e924a
17287 b8624f207484c823
17288 35b293ce547bb406
17289 de4d1e3a636384e1
17290 ddf1df42d2841b07
17291 7b699bdada4fe834
17292 c0d57d505ff3b101
17293 5bc90b58973b6667
17294 f222ea0dac6d7efc
17295 2e50e6234ca37f68
17296 ec14f3809e56d728
17297 f98c5971c33686a9
17298 426314b1b9221acb
17299 c4c975cd49413d7f
17300 97890d03b39ccb83
17301 30b808fcccfe8d73
17302 5e76dad81221365f
17303 53ab57a3082e8f40
17304 fc8b170080d8f3fb
17305 66f0be9c43985d0c
17306 c8cf6d888ba8b020
17307 2a42307925111395
17308 51a6763dc14637f4
17309 060d0ff5c4b7563a
17310 7a5882b28ec2d8c7
17311 1f4d987710657a20
17312 9306139f2210ba39
17313 dead88f2639cb2cd
17314 4c045786761f35be
17315 17f10e21e8d64d8a
17316 6d117a8c82b3cdb2
17317 22a2c7265e5f8559
17318 2e0156ad978e9c24
17319 d959edeb23301da1
17320 da26cd003845698e
17321 c8ee6ebd13e6cd65
17322 1bdc1d58ad829f92
17323 b3742978c5f9d04e
17324 d19891ac971307c4
17325 f03e95dd2a77ce0d
17326 272dd3c108c124d6
17327 1bab91ed9dbe8b00
17328 52cf9b586d6ca121
17329 b4c2384be022609a
17330 27b4b44a312b263f
17331 9054d765d23a39b0
17332 3532de5a8aa9a041
17333 d4973865da5cb209
17334 6b8c88e8eabe0bee
17335 5937dfb4afe26fa2
17336 bb4771496eb9c3d7
17337 cc9f67094e0af23a
17338 95eb1d1833369089
17339 7daa5739230c742d
17340 c5bb219c71e7ad34
17341 4bc3118b9ad6b002
17342 fd6784458e3b7a0b
17343 dc937f9294dca102
17344 0f97c3d7187df1ec
17345 6c9c57ab15b4e28e
17346 a3c96c8dbd69e62d
17347 deacf16e872c21ac
17348 662dc00a48e3dcd4
17349 841bc6e4f6d56ff0
17350 e873e7ba06eab70f
17351 b0cba37ebfad4825
17352 93d0250630e20248
17353 553d923a8c68028c
17354 d2febed50d187f40
17355 99b29920e3b471fa
17356 57351cc471daff19
17357 75e859c6def3f67a
17358 ba3591f75416a9a2
17359 2c0e668b652d9ce9
17360 366268607f326996
17361 9b3ee7044cfaef04
17362 34a637c95d713e9d
17363 e0519266950866c6
17364 b41afa759b27bdf7
17365 af3c3e5c64e11079
17366 d32d50313f017927
17367 9fdfbe87b1ec8456
17368 b97ed6ef596afb2d
17369 c5730d0db655af76
17370 12ded3ee9bdbcdae
17371 2a52312ff4d0a0ef
17372 0b8c19366503e28d
17373 80d0c9deaf20884f
17374 1c8e9dc169c8b191
17375 03d650f9c2b0986b
17376 9f5147f9272ce278
17377 d887442a2aeda8dd
17378 af50aaf86baf3103
17379 5dc05bbd02adf854
17380 91453458cd560929
17381 8f2d3ac46a038fe1
17382 34741da4ae529d22
17383 aee67a3e567764d0
17384 677ba85b1c085b46
17385 015a59496a07137d
17386 4613a7e4d65938ee
17387 a2e0400588f2b390
17388 589eda790d366d8a
17389 77076da7826131e5
17390 e2f3a5e9aa186600
17391 fbbd5e986783828e
17392 fa94f1c282b9f85e
17393 9d5116bb872a919e
17394 b368cf7bab4f728e
17395 a9bb06aeb99b734d
17396 417934f4fae889cc
17397 8711d1ff14845e09
17398 644d4d3d406a7a86
17399 2c28789b99767c6d
17400 c80a1c9b267cb77f
17401 d717f84927a799c2
17402 e2c7294e8a316f75
17403 10b00fea3c515446
17404 d11904b916de1725
17405 a3b84f707d3c0259
17406 a02d185ff3efc8c4
17407 9af0551f92780b6a
17408 fe9190dfeeb9c29b
17409 ef498ddfcab863d4
17410 50ff4edbe45e2f32
17411 6b22461c0d9b8e13
17412 3983a926037055bd
17413 248569ab8be14182
17414 ea06117524ef9c28
17415 2b50e404671406f0
17416 1808444d09f07d3d
17417 a52bebde7d0b0be5
17418 fc51bef775b307c4
17419 d5a7bce65a148837
17420 83c8d7051642809a
17421 e1538063e62765c7
17422 d2b6e99073aea736
17423 aa00d47bfe927fb1
17424 e1540ac81cf5372c
17425 5d30838e2de46a1d
17426 867e662ae67783a2
17427 965cd0a82a1ebab8
17428 3b13a5393f6e02e6
17429 e4423bdfa9c94c95
17430 98f306ee5b8a1f52
17431 2f909ac8d3b8b1c2
17432 f24583bf20260e5a
17433 5006eea1af119b9d
17434 4a6e3b59682fc801
17435 e429ad7782fc6c4a
17436 0e4af6418165f9f7
17437 9f45ee0265797d01
17438 94ad8c9e98f0230e
17439 dd8437b34a62f56e
17440 a299862c775371a1
17441 cd89e0ddc744e04c
17442 00857fa3ac352b6a
17443 7654604b6db7d640
17444 fbc6452871a7c266
17445 02ef3ea0aaa9e7d8
17446 c1ef4b15e14fa2f5
17447 0ee87170361be279
17448 4948daad6d9042dc
17449 9632f19cf1a9edc1
17450 6913ca5c03558980
17451 98c8e1360778ee2d
17452 0b130d84aea8e237
17453 5a5c4b0ae05da6dc
17454 a2e2437ce9429bd0
17455 fafe131fb2a5c1db
17456 b7c8c0771758cf8a
17457 ef1abe1cc206a7d0
17458 53560f20cf2a2a0c
17459 ad39d9a50bd87d0d
17460 552051f33381e42e
17461 b27c046d5a596a57
17462 f2309dde9697ae70
17463 ad8f8ee364401084
17464 994653dd1b29610a
17465 a4dcdc082c4f448c
17466 fea547e8b5207a02
17467 d9095cd058542fa8
17468 186a5045ac8fa796
17469 ded1bdcf62f6e8e1
17470 04311f0a9233cb04
17471 8530cfab43388b50
17472 064b5d5bbadc2681
17473 bc9f244e00ac826e
17474 7befd6e814531d11
17475 12921c65399ec7a2
17476 2b037bd20a87af7a
17477 b6be5f52da8d87a1
17478 e283754cd0338307
17479 d426d351a3d41c16
17480 439e323e5179ebe9
17481 426bbe632264a6c6
17482 768f77ec550cc5bc
17483 f37cf30a52c0efe9
17484 4b5293204f719455
17485 b07a32bab415d95d
17486 4ee348c5b490ceeb
17487 66c2c457d149dede
17488 70495cd42270d779
17489 80f5838cd38506d4
17490 c3583508ccfe5c4d
17491 387771416fbb128c
17492 6003d7fdf71d65e9
17493 6ef03fdec376f75a
17494 90f53aa321ecc034
17495 782b90486e5c34ba
17496 01d36b33de8aa315
17497 f4ab542ec3599719
17498 d22abf1b3cdab02f
17499 111c16ba1dcd5299
17500 5d0a191d6642a629
17501 982a9b87f9ac4660
17502 b0eb57ab2b78ad92
17503 26a6c18565c29c3d
17504 9c836f532ac1f508
17505 efd74da0d899966a
17506 423918dab12d0a3d
17507 2a3db9f9b06c4f2a
17508 b8b3dba80813b01c
17509 548ba6e055f2f333
17510 f7ee3637ae279252
17511 5ee5eb71a18e9175
17512 dbdffc77e2c68127
17513 3f25a059aea5c407
17514 32d50a8c4f0af6b7
17515 80bd8ccb9ff74cb4
17516 151e8dfee1fc0bf8
17517 90ef511fba25bd1e
17518 461aae1272802594
17519 ea3c061ec4186217
17520 ef533ce156f68303
17521 f07480973cc508bb
17522 a80f188e24da7afa
17523 0a663c7bd83f8a80
17524 be6770884890956a
17525 aa778f7c2e5e95b2
17526 ab0e32ebae96e5e6
17527 b0fae262ad082d29
17528 5641f1c58022424f
17529 afa11ab798147e40
17530 0580b891d475bd2f
17531 c73f45ac08254d22
17532 94b0dbe46ef87e5d
17533 2f7b02dc3fa6110d
17534 1d1ef493985a7bf0
17535 340c540a9e65de91
17536 3dba5d8a68c0562e
17537 88bd3a0eaa167a01
17538 4537cb74da3ab2b2
17539 2e2f8cf54d308fcd
17540 fe27e70c920ca822
17541 6696261ee42aa38b
17542 91af30add77cb04a
17543 667d3d7b8370a30a
17544 de810416c96cb66a
17545 309d3fffd815f6da
17546 f2efae9f0c9eecc7
17547 c276831551e84b35
17548 d0e8a06ba69a5005
17549 8f9cd36da08aaeb4
17550 de5d78a88e0b0713
17551 bcecdecbc7beb4ab
17552 0cc39471331967e6
17553 77924c429dfc7733
17554 876c7321037807c3
17555 9c89ae0800e9d571
17556 ce3e349999d98b83
17557 1c2272fbee12112a
17558 7e7845455587e33e
17559 ba5c0458b35c836d
17560 1d52bb6e961a58c1
17561 3b741043588f98cf
17562 bb1300ac2c3bfd51
17563 c3d04920970e1ba6
17564 e9db58147590d083
17565 62b729eb590c761e
17566 36c1c1cbb0a95000
17567 80ccedfa5f38c661
17568 ff23b0c422a7b08d
17569 8de7f496a1eb599c
17570 5858d4e9ae4575e8
17571 c07611c08cd7ae76
17572 8fb47dd237a3c4d4
17573 97186a26eb1083ea
17574 fbc17efda03a5903
17575 009880f5f09fac1e
17576 72b1c46ed03df2a1
17577 71b96ef3b82c9ae2
17578 57631d0dd5c11a47
17579 3f69360f07d4c11e
17580 167329f7989d5d33
17581 06d43b289f1ebf99
17582 ec95a44f51f9e57d
17583 b708b184d4cabe89
17584 27b4bcc3487a77e0
17585 8fb9f5f33210ee6a
17586 d738b2ff1ad87417
17587 7ce2cfe0a6adf12e
17588 64c745359242ff50
17589 029d40170c8f8667
17590 658a31c2a4f185e5
17591 630281ae28b2d0fd
17592 ab31e9272bab6cf3
17593 b90474cfb04a23db
17594 61d4f7910eb27cb3
17595 6599a3a4c29faf6e
17596 46259072f3914cca
17597 56873da16ae9afba
17598 942938e0ceafa562
17599 c61a54d0dc7a0850
17600 7cbd31b53c5a27fa
17601 a24cf02a0a06f619
17602 9391eeb1a0118d5b
17603 8afabb2b2936544b
17604 c729d01186f8566a
17605 7acdba297166391f
17606 fe1daa0250892c38
17607 c266be458364cc63
17608 2898689ec94a49b8
17609 3bedf267378c7900
17610 9a44cdb8b6832ace
17611 bde51af4dc4836d4
17612 5bb845b71d671d4d
17613 3dbbc84b7ac73c7f
17614 569a811734d3f5b6
17615 871f72016f0d005e
17616 1ad8d03ccca8564f
17617 8d144c4ea83eaf0d
17618 3a55da817f727c6b
17619 edb30b5901ac70c0
17620 ab76ee6177576d97
17621 09c9811bbeb2be7f
17622 7f70c8c1d434b689
17623 0e75de8c66c9720b
17624 f4f9e7c18e749de2
17625 fff83703421ea3c1
17626 0dd27a13afef1d8a
17627 360998c515cfb607
17628 16ee7f061c51d72e
17629 2338ccb5796bb433
17630 a46c7e652c61bd9d
17631 7c817dd6b491a7fa
17632 30831b45000195f7
17633 49a598fd28ed0779
17634 0dd90fe24607afec
17635 78eeafb3d19c9148
17636 432fc184c1c34310
17637 9a4c2cfe48e95c8d
17638 d6fa29e1f719e9a4
17639 540600d268df07b9
17640 b1c0f4a20c333a53
17641 1e9c5df5b3b20591
17642 36de4c797bba19f0
17643 b7deddbaafd6216d
17644 762aa7d4da271898
17645 e7b58134f186c852
17646 d6502809fe85ba0d
17647 76e7488fe30f2ac0
17648 47fb719034830d27
17649 893a505c9a8251d4
17650 64911992a78cb080
17651 66fdcb467d094258
17652 2229c28be0455c86
17653 fde7864a7ace15f0
17654 5b23aae77c9ff444
17655 64204396fb40f442
17656 ab51c4c29c045522
17657 e061afae449a1cd9
17658 c7dd7738add0e2ad
17659 dc5d9d48dff6e377
17660 eb4407fb785c130a
17661 addf18cac109c8ca
17662 f2e5c1b6764f23ef
17663 006e4567c7325f3d
17664 ca0dae5efc72c2f7
17665 7d51790838dc261f
17666 409527bd96fbb0c6
17667 1f8a3d7f91826490
17668 1195f434bcf94fd7
17669 2a033596ca8c4336
17670 01a4d07b1e0e2235
17671 1cf67957822d7316
17672 6108d1748661e014
17673 bac59ca139f1726a
17674 7e6d8bac6b12e1cd
17675 2b6752d42a492ebc
17676 8f2480c52192c12c
17677 571f5472a60a8a66
17678 0a1ee507db66df93
17679 b58b3386eabf4e52
17680 ff2c7f8331439437
17681 94abf15355b35665
17682 21e8b1436b426eb7
17683 1b6576c399eb0b15
17684 969dedfe0e735fea
17685 2c437e4193727b9f
17686 1ef2f11d80b7c746
17687 8427f18edaed5d6a
17688 1352c3b2fa130c51
17689 0151b6549a0fd993
17690 29330b7a3326b6be
17691 9f308ffb11c18a16
17692 18bb81dfab13b888
17693 f036293f1e37a2b9
17694 f0f5c46c10ba2914
17695 bf83ebf648065e5d
17696 70d82f41380a6119
17697 003c5c9b5398c646
17698 5627e041b6717cb7
17699 c4fc0adaf291d0a5
17700 ecdf2afb1403c7f0
17701 ca36b7fe198c4101
17702 583ffe62edaee7d0
17703 e2c0b9603227be1d
17704 3d5bf0262c88008b
17705 721fa6a21f4f05a9
17706 61bc42a41f2f5760
17707 477be88a1077779e
17708 c7086245d07a9d7e
17709 02884f4d6c5e0207
17710 ef71b485f992b05a
17711 01131f48a9b9d01c
17712 94fc54714e7a8f36
17713 747115c69ea00e46
17714 e7c500903a973f1b
17715 c291447d86c7b76b
17716 3bf08c320696a7da
17717 76be151c510ec58b
17718 e89e7adad92b63ae
17719 9d85c8c7ca027830
17720 60a9a7de526a7f43
17721 f822d15b444fb289
17722 0b115ec5b116a1a1
17723 69d6ff2045e8f42e
17724 490f3b92a92ca26f
17725 7acdc765c5d34426
17726 630abbf6deabd658
17727 d5b9176b0de7b163
17728 3503204e1b35d713
17729 30ea82ad275fab87
17730 8246af0ae57df417
17731 f82518556995e714
17732 8179f19526ef6487
17733 40e3755a186411b9
17734 eb34b3dfd60ac9ae
17735 244427c881801aba
17736 93f6e6f9c3935a16
17737 8a978c45ceb43822
17738 af27fdc59f2468c4
17739 eae567789e2d88c7
17740 91f57b89dac94a46
17741 8ff76193038bd5ec
17742 48e8c4628c814b6e
17743 2cf5cfe56a680b40
17744 de871f4886a7de82
17745 9b12f80157ef920a
17746 1a08d133b6007b6f
17747 33e8ff67c1860f83
17748 719b6b37d0f560aa
17749 4df4b8d862a1db12
17750 568ba8ed7d77927e
17751 f4d6a6045adde493
17752 fb4e1c7c2626ec40
17753 712f351c9c4601da
17754 fd31caeb28065963
17755 8f67fc555b3d0990
17756 71e8e329fab5b698
17757 9e969b916e94c0c3
17758 17b54ebc76b3a15a
17759 3fa823dec2c229f0
17760 62fb0959c44e8f8f
17761 3a5c9095cf62a857
17762 20c09ada236da8c8
17763 ecd9b57b3d005303
17764 ec66e3ae455f8a7a
17765 99711664b9f7c7f2
17766 dbddcfba3b420951
17767 e37e71bc1d34bcdb
17768 9de62d5008c0a8f4
17769 6fcd928f1727d02c
17770 b5e4559b133b5a03
17771 ac3dd398653c84cd
17772 32196d51a4414e79
17773 a1e9beded3a6e236
17774 0762a53c5a19b741
17775 72459a1fa3f9a182
17776 8799af35e9a16466
17777 d3e6bc0c771635c7
17778 f14094df6f226c90
17779 79ab6f58b7b769f9
17780 2023224cab8652d1
17781 da5b9c90465f2b49
17782 2c20011c591431d3
17783 aa9966f8fac7666b
17784 eebadc6d3d999a61
17785 72e860cdeb41dcf0
17786 5db85b0f24ba25b2
17787 ccf1ffc2107f0cdf
17788 ccf8d42026f81eba
17789 60beb336c46d0dce
17790 87f50cb7a53be908
17791 a86b63658a27e8a8
17792 3738ea01862659ec
17793 26e538d0499b187e
17794 70eb4ad107d2c180
17795 d2ef866e4fa2cc56
17796 ebb0ba89acf5a6de
17797 7f2dcbf89e8f7954
17798 a8360222ad6854ca
17799 115914587b1a532c
17800 0097ee7e53ceb055
17801 4f2d22ee385600fa
17802 2e7b6eb7073c8865
17803 a0fa7e2b65c9300f
17804 dd4e0cf6c6532e67
17805 e8a30dbb13db22c1
17806 1b8b153fc2e54bea
17807 bc4b36343cf45f30
17808 c7a4c98596ae5eb7
17809 7ec202402095f5dd
17810 4b39900c42b75339
17811 16b4e6ebfe48e5b2
17812 7a6391c9c9fab38e
17813 1f126ca249bb7f0c
17814 195d47c84ec2289a
17815 a55a59d5924c759d
17816 fac9598a2d0018e5
17817 b495db1e7f868a11
17818 87ede1b59334fdc1
17819 bf347df91415a9c7
17820 92eb3958dfc03533
17821 9d331f834cab5de9
17822 742c8b3c572a5361
17823 0239bf4384a75db3
17824 fc6cb18c1371869e
17825 f1ff5489531bc374
17826 165b8332ac8b8c12
17827 5f5bbd273f441e66
17828 69cb5e434249729c
17829 fb0e0288a9ec8776
17830 0a57d193eacd4d19
17831 934a9f2b289ec846
17832 b3cc0f480309ce5a
17833 bf3b15b4bf9ffa4c
17834 ba30e6472dd7fa47
17835 8b79e8fba431e7e2
17836 9645a0fd7ab946ba
17837 2eaa31dbcf693cc7
17838 959ffbc81dd00609
17839 cae3c577adfe14ae
17840 ead80d0894502001
17841 2ba7fc84fba56712
17842 7add6cd7064cf14d
17843 cee3b6ef2a4df405
17844 2347d04e746af3a8
17845 f0781bee9ae2a274
17846 03af36d54a9ef3d3
17847 4af2fc52488d9e8b
17848 838612b3a78d0f63
17849 992b33600a0e29fd
17850 57370ab3f9a445d4
17851 53b36725f1dfc781
17852 78e8ea1bdd4277a1
17853 c280ae6432e48afe
17854 5f3e21aa34ea15b2
17855 a0c4403dce12e47c
17856 048861983c186e06
17857 d5ebbbdcc360a062
17858 4874aef28cb2d528
17859 761ffed8a1d5b766
17860 a6a72b6d0157f201
17861 cbca6c668a1a2fc7
17862 f8b918de863d529e
17863 b2d3104c7dc05db3
17864 a5a9e9956b7ce624
17865 5806120d5b73fdcf
17866 8adfa7a8394105ea
17867 df58ed307b4cc9a2
17868 3d0658fae9f68a0b
17869 a01668151e45cff0
17870 8cbea3bf3828f80a
17871 03bfa37a0c77f6d4
17872 8e5689dd53e9694f
17873 ab8d2008e33dfb76
17874 b3b11f115a47d0a2
17875 b754318ad797dc4e
17876 bdd7e513930a9c03
17877 954294997876199f
17878 648ea32f78767584
17879 6d4348dbda0a15e0
17880 1cd01360150b8e33
17881 e37993ff0ab526eb
17882 afe9e9b1a5253c3d
17883 eb92ba697c564644
17884 44e6a30a1ecbe77d
17885 2d264206272029b3
17886 43ad4a4909628b55
17887 879b76ffb898e200
17888 e132c590ee1f125c
17889 082edc9d12474f13
17890 0484811c5f34836f
17891 f73e8ee6c64c9b9d
17892 a3a0fe44ef530644
17893 7b3ee88562745278
17894 489a155ab9bcce0b
17895 ba20ae84b3a6076f
17896 fa15f26099d43e70
17897 00c15cba31020913
17898 394e0b4e93f59947
17899 02599ba00719a911
17900 baf6dd591cecdbd7
17901 cc688d6ab4327e5f
17902 afe416c7b437a4cb
17903 c638c556e921f49c
17904 5275362f16ae3860
17905 72f85baa43ed7dca
17906 5963511da91ff61b
17907 e956b097418b809d
17908 d41c8a599b15bd77
17909 100618a6fe30984e
17910 5b411380694a09ac
17911 401a5a8c5c48430b
17912 39b074a51acd832c
17913 f090a9d4da316105
17914 fb2497151ff3361f
17915 3dfe27ff35204481
17916 1ab2066c58e11e04
17917 af79c96d0000af84
17918 dc49a6a4bb91771f
17919 10f9e156d04fa987
17920 28124665a110d827
17921 acda8dae17fdc7d8
17922 a3a074f2db85b569
17923 e4c789c738182ba5
17924 08073043bf159a9c
17925 0fa6a6c73441520a
17926 42eef83ee3995bc3
17927 d7ec4ba57ee5b5e7
17928 95f3f9ae8847d384
17929 c815fc426cc24917
17930 d70b669445b03f90
17931 7d0d85e97967afdc
17932 049e9f899dd2e6c5
17933 372c4a610473808b
17934 2d4238501675c9e5
17935 a441127d56a97bcf
17936 680c3b6e854df8f4
17937 21cab97e3d09dee6
17938 4c71d428f495ed99
17939 ba448c21a239f60b
17940 a3b376a28e463ae7
17941 0334a37b405b4c42
17942 5087eedd7aef9d17
17943 49aedf879d56c0c3
17944 665ccb76c5a2139c
17945 03d595909cdd697b
17946 08d4dc39886a7d5b
17947 d8d416fe4b598463
17948 56d3e5bf86143922
17949 7be379e768241659
17950 9b59082ae652a1d8
17951 16f8df5307825e8a
17952 b855dc0ed15080e3
17953 5e64899b3b52008c
17954 3f889b4addf70519
17955 129a7c06bb57b41d
17956 7270facb085f931d
17957 ca167bb22720e4e3
17958 c7aa8fe9db58c9cc
17959 9c066c47da612907
17960 5765068844a26047
17961 628447c3b805d156
17962 b2bd12a99536d3df
17963 200e74f043fb3d31
17964 824e8136ed5f6128
17965 ff55078ae4e1b5e0
17966 ec88d22c97e99317
17967 056502b40ecd0783
17968 9ba7b9fe2589af22
17969 7fd6f99c1b893ad6
17970 f3471bb5e4452323
17971 9063c3a1d67793da
17972 c181235b2f58db51
17973 cae9e0d0cd869e28
17974 f59e1e59732000d7
17975 5195f330521eb9a3
17976 98d2bf9297d51584
17977 f30ee8eb67f08e6f
17978 dba04d2c062d824a
17979 2454a32bce97b629
17980 7f3cc7ac65a5a180
17981 3bc5d23b7084e1e3
17982 2f4627c41135eb76
17983 d0e300e434e8478d
17984 069f56187f84d39c
17985 32f56990d1ed4b17
17986 329c8b014cfb0f42
17987 ef821aed86d2dfd1
17988 8a11a8008455ccd8
17989 e28b9c22d426bd8b
17990 02b6f0ee465e29ae
17991 3c0b805a2b9ed475
17992 c4ac5582930cb9f4
17993 3af464e8a2a0d163
17994 79f6d6878d3eb935
17995 55ca0a155d5b060c
17996 0e737cec0250bc20
17997 3bbb0d6851d0277e
17998 efbbe93176f201f1
17999 b1d9697610ab374a
18000 5c25d124eff2ce2c
18001 e424841746ea6608
18002 5430d0553afcee7b
18003 82a38dcec5539f2d
18004 d723d3bc97825603
18005 85fa2953c8cb7ac0
18006 515258435e504686
18007 ae74069ee169c006
18008 e7a583b94b383db5
18009 8ed686dc87f421ab
18010 2a695b15f1bece6d
18011 d5b8e980c3c4858e
18012 a9abedbe786f6510
18013 00e47ba692407514
18014 cc657c0bb610cddf
18015 3c076c9049ca1e81
18016 4a51e33719000e97
18017 bb897ac1e5be20fc
18018 6a487a0c56172832
18019 3a9add46b393bc4a
18020 147e6f90eedf63b1
18021 85017a6553e1e9b7
18022 a5cf54064a40c6f9
18023 979452f1a848da32
18024 a0d656a54f08aff4
18025 fff719e7df328930
18026 7e1bbf35b45629e3
18027 0613a9bd88b93975
18028 81e8b27736db13ab
18029 f65af9873ea85788
18030 9ab96f497999990e
18031 815c484ad555c30e
18032 f467ba53d21bfbe6
18033 cb7c02a7751d27a0
18034 d88830c6c84202a4
18035 e59f6051f745f06f
18036 91b159e6e5fa2c21
18037 40a97c158e7bd635
18038 b555ccd88fe7b956
18039 3a12e15dd630ae08
18040 6def154741f44e2e
18041 d4d35b4890e8c7c0
18042 e09ab91bfcadd04b
18043 b08928308eb8a732
18044 7b1690b3f2ea04bd
18045 d881b3798de54b34
18046 561e8da464f9d6df
18047 550449b8e2f8db26
18048 81aba2f78b523e41
18049 280960c53aa6c2a8
18050 c05b81735f3d1cd3
18051 9cb6f368826b0fba
18052 ec3f811ebb5218a5
18053 23ba0c768435c71c
18054 0c1276fb4295da07
18055 476f43fc7adfbdce
18056 1b6130e7fc2bc649
18057 4101de4ff83efeb0
18058 753fe18aea033f3b
18059 8c3f2c6641c17462
18060 0cc6f1cda7296b2d
18061 aab5ca0d396673e4
18062 8ec71769341f658f
18063 ac44f016485f5c96
18064 559c5aeb06ca03f1
18065 89190e384a2fc758
18066 d8a2d877feafd143
18067 3feadc72ed70812a
18068 c2b37bc3028114d5
18069 b2d4bfbd5b9801cc
18070 2da20ac2774df237
18071 424516550a1895fe
18072 af4bc256be7fd179
18073 06e5eea5d42eb0e0
18074 a39506446c07546b
18075 4f39f73333308652
18076 b4978e74e4d5155d
18077 53f28180e9aad954
18078 2e582dacc1471a7f
18079 026aa12d71c3f146
18080 62092d7667361fe1
18081 381edcad8cd10e48
18082 0a855040a7aef1f3
18083 43a4ef5a2be198da
18084 a64b4cbc2ebb1a45
18085 37b71b0a448dd1bc
18086 7882b11095c9f2a7
18087 ce7b11bd834716ee
18088 2f8608908c8cfc69
18089 2a00f95554a44cd0
18090 5d57126294e14e5b
18091 cf84ef1f37abd682
18092 b14148bd9ff1954d
18093 6ccf41328137c904
18094 5b514984dec2e72f
18095 8cdc3c6430b769b6
18096 0e82d0c7e1aacf11
18097 1e0c8ce59d7be778
18098 0d8f762820127563
18099 bbf26d97aa18d74a
18100 fa7dcd1b1d63aff5
18101 62bace98b07cd4ec
18102 afb98f887f04f8d7
18103 8ac89c29df70a41e
18104 9367ef5f4285bf19
18105 b118273e0167a700
18106 85206cef8169ab8b
18107 15c78f77d4969872
18108 cb91bb24b5e17efd
18109 ed96f95da6a29674
18110 d9cd85934454a21f
18111 5b3c3439eafc4d66
18112 d03a6338ec50f781
18113 9898ece9b11f65e8
18114 ce0168918cd9f313
18115 3776a6a78818e4fa
18116 0a6ea6cb8d861ce5
18117 23872451b0efbd5c
18118 a86e81f1cc378447
18119 b9f23282b8edb80e
18120 963cc368a749ad89
END 18120
