1 5dc0cedb2aa1bb7d
2 5dc0cedb2aa1bb7d
3 5dc0cedb2aa1bb7d
4 5dc0cedb2aa1bb7d
5 5dc0cedb2aa1bb7d
6 5dc0cedb2aa1bb7d
7 5dc0cedb2aa1bb7d
8 5dc0cedb2aa1bb7d
9 5dc0cedb2aa1bb7d
10 5dc0cedb2aa1bb7d
11 5dc0cedb2aa1bb7d
12 591e973f181279a2
13 5dc0cedb2aa1bb7d
14 5dc0cedb2aa1bb7d
15 a95417db2aa1bb7d
16 5dc0cedb2aa1bb7d
17 6c37ae1b135eea98
18 5dc0cedb2aa1bb7d
19 5dc0cedb2aa1bb7d
20 5dc0cedb2aa1bb7d
21 5dc0cedb2aa1bb7d
22 5dc0cedb2aa1bb7d
23 5dc0cedb2aa1bb7d
24 5dc0cedb2aa1bb7d
25 5dc0cedb2aa1bb7d
26 5dc0cedb2aa1bb7d
27 5dc0cedb2aa1bb7d
28 5dc0cedb2aa1bb7d
29 5dc0cedb2aa1bb7d
30 5dc0cedb2aa1bb7d
31 5dc0cedb2aa1bb7d
32 5dc0cedb2aa1bb7d
33 5dc0cedb2aa1bb7d
34 5dc0cedb2aa1bb7d
35 5dc0cedb2aa1bb7d
36 5dc0cedb2aa1bb7d
37 5dc0cedb2aa1bb7d
38 5dc0cedb2aa1bb7d
39 5dc0cedb2aa1bb7d
40 5dc0cedb2aa1bb7d
41 5dc0cedb2aa1bb7d
42 5dc0cedb2aa1bb7d
43 5dc0cedb2aa1bb7d
44 5dc0cedb2aa1bb7d
45 5dc0cedb2aa1bb7d
46 5dc0cedb2aa1bb7d
47 5dc0cedb2aa1bb7d
48 5dc0cedb2aa1bb7d
49 5dc0cedb2aa1bb7d
50 5dc0cedb2aa1bb7d
51 5dc0cedb2aa1bb7d
52 5dc0cedb2aa1bb7d
53 5dc0cedb2aa1bb7d
54 5dc0cedb2aa1bb7d
55 5dc0cedb2aa1bb7d
56 5dc0cedb2aa1bb7d
57 5dc0cedb2aa1bb7d
58 5dc0cedb2aa1bb7d
59 5dc0cedb2aa1bb7d
60 5dc0cedb2aa1bb7d
61 5dc0cedb2aa1bb7d
62 5dc0cedb2aa1bb7d
63 5dc0cedb2aa1bb7d
64 5dc0cedb2aa1bb7d
65 5dc0cedb2aa1bb7d
66 5dc0cedb2aa1bb7d
67 5dc0cedb2aa1bb7d
68 5dc0cedb2aa1bb7d
69 5dc0cedb2aa1bb7d
70 5dc0cedb2aa1bb7d
71 5dc0cedb2aa1bb7d
72 5dc0cedb2aa1bb7d
73 f9dec29d096dff89
74 bd470ec3d637a91f
75 c85ac0ee8a84cdf5
76 cb074c844db42368
77 cb074c844db42368
78 cb074c844db42368
79 cb074c844db42368
80 cb074c844db42368
81 cb074c844db42368
82 cb074c844db42368
83 cb074c844db42368
84 cb074c844db42368
85 cb074c844db42368
86 cb074c844db42368
87 cb074c844db42368
88 cb074c844db42368
89 cb074c844db42368
90 cb074c844db42368
91 e3ed9a1570a781d4
92 857c342388d281e8
93 014284b6c37edeb8
94 d7793f0a58a84472
95 b6126fcf3ea94138
96 895d630279d2abbf
97 94820326f0a06e93
98 38c5caa71a3d6e93
99 2ee0327eb7366e93
100 cb691198315b6e93
101 9a458ea179b46e93
102 cd9b46d6ad816e93
103 d7e78e42655a6e93
104 07aa86c7bf0f6e93
105 e98cb1897a886e93
106 e9905507afc56e93
107 9954d868933e6e93
108 6d22834cd0236e93
109 ff163318e55c6e93
110 7fe24cd185a96e93
111 e69e5d7ae7626e93
112 dc48f200bff76e93
113 7e01b633a4b06e93
114 258fd90d3dcd6e93
115 def78ad527466e93
116 463a9205566b6e93
117 e313553036046e93
118 93542fac88516e93
119 a1b645df94aa6e93
120 d8cccecd9d1f6e93
121 90ecada7e7986e93
122 af76988889156e93
123 51b649a52ece6e93
124 838b64d24ef36e93
125 370f97ff696c6e93
126 60a28204cc796e93
127 c2b11fedcd726e93
128 606991ec16476e93
129 ef81e65b54406e93
130 031beb6f965d6e93
131 21a427e0f0566e93
132 dc29763abc7b6e93
133 73138abeec546e93
134 4f028ce965216e93
135 facc51aaa6fa6e93
136 90e135adbfaf6e93
137 4c4a04c799a86e93
138 97615e3e34656e93
139 eec7c1a52b5e6e93
140 ba53fba128436e93
141 e0bd1375a07c6e93
142 653e011551496e93
143 a8bf88b3b4826e93
144 dc1c22753e176e93
145 83c4752a85506e93
146 b98bfc5f1d6d6e93
147 4a490c46dee66e93
148 cf80c00b520b6e93
149 ba964699f6a46e93
150 b9d23d9b0f716e93
151 7c9ec58bfa4a6e93
152 6060f3e69ebf6e93
153 efa81bb619b86e93
154 72d19d8fe6b56e93
155 b4e8fc7d186e6e93
156 bd33556384136e93
157 e8228749b58c6e93
158 c5def34538996e93
159 dc791b0c6e126e93
160 3cd2368c8ae76e93
161 31cc302daee06e93
162 b7ea2c4f007d6e93
163 1acfed171b766e93
164 b50c28e2c19b6e93
165 bc6695fd97f46e93
166 7917d95db5c16e93
167 3b632832ce9a6e93
168 4f61c9b1bc4f6e93
169 ea049e5221c86e93
170 e71ad06c93056e93
171 8709bb22847e6e93
172 062816261c636e93
173 c9dc6846379c6e93
174 8df7772353e96e93
175 8e1ac4f788a26e93
176 3b1fab6518376e93
177 86ac8a4ea3f06e93
178 70df3182260d6e93
179 a4a7a45b91866e93
180 170293e22fab6e93
181 d13a1cb0c9446e93
182 01a78f4e3a916e93
183 93de6f2ac5ea6e93
184 003121a80f5f6e93
185 ce16bc6594d86e93
186 417416d043556e93
187 853fd1b52c0e6e93
188 8ec6fd7be8336e93
189 de1f443722ac6e93
190 b27a0d712bb96e93
191 7eaa362b35b26e93
192 a762ca4b30876e93
193 2f900a0aa0806e93
194 5c5daab61f9d6e93
195 c163754b4d966e93
196 8d567994b4bb6e93
197 71134079de946e93
198 6c5fd7ea40616e93
199 a73ceee7e03a6e93
200 5ae6e43709ef6e93
201 907b99b65ae86e93
202 2ddd3b7271a56e93
203 fdfd3e354c9e6e93
204 c75d097ebb836e93
205 1e43ce4bd5bc6e93
206 fff5ba4336896e93
207 e777a85dfec26e93
208 955711ad62576e93
209 61e07ca904906e93
210 dd340fa11bad6e93
211 09d030983c266e93
212 a36fc304cd4b6e93
213 8999a454cae46e93
214 2c02213feab16e93
215 e859644bba8a6e93
216 63b69b1cdfff6e93
217 b349533cbff86e93
218 d141afb49cf56e93
219 b3117d6783ae6e93
220 f1b5ecd62f536e93
221 305528dc7ecc6e93
222 cd239c5689d96e93
223 536916f85d526e93
224 b388dcf155276e93
225 a58b7292d3206e93
226 8e4ad1ffc7bd6e93
227 07f32feb16b66e93
228 23af8039e2db6e93
229 4a3586693b346e93
230 3cd4e1304b016e93
231 ced4651524da6e93
232 ab82c7e5608f6e93
233 b0b7af3bbc086e93
234 b70ce60a81456e93
235 5f224fb1b2be6e93
236 b034ee2b3da36e93
237 b86f5fbe9cdc6e93
238 6eb4f4bf83296e93
239 854d103142e26e93
240 4e256c82db776e93
241 41e18360ba306e93
242 0d6bd0420b4d6e93
243 501981149ac66e93
244 f3193782c9eb6e93
245 30e3412b77846e93
246 5c78c52115d16e93
247 d06df0f2c22a6e93
248 0060133ee49f6e93
249 7dc6561b95186e93
250 d0f5c1b9e4956e93
251 3123bf508c4e6e93
252 35a36941c4736e93
253 1aa1f7e938ec6e93
254 108630cdcff96e93
255 6aa10ea8b2f26e93
256 b75dba8d3fc76e93
257 63e16115e3c06e93
258 00e33b07b7dd6e93
259 6b541cf13fd66e93
260 003f526105fb6e93
261 3350096561d46e93
262 a84f07f016a16e93
263 9deaf43f167a6e93
264 83a59d9ee12f6e93
265 5e57f6138f286e93
266 fd167ae0e1e56e93
267 47065f4ddade6e93
268 c1a072903bc36e93
269 87ba45a5e5fc6e93
270 230760c6fcc96e93
271 e56f58828a026e93
272 43129a5431976e93
273 7ce0deb982d06e93
274 c53d00ad6eed6e93
275 05d24b4668666e93
276 4ab390c7278b6e93
277 808e60c8496b176d
278 25e2f6b1ece86ccd
279 6418133eefe2b747
280 003ada46215bb747
281 ef6cdb106048b747
282 8200ed69c509b747
283 1c508a57880eb747
284 92ad1ea04947b747
285 b59d803469c4b747
286 50cf5a5b7ce5b747
287 a9291eb2336ab747
288 3b4c90e7c243b747
289 83029ad27e50b747
290 dc2e4e29e5f1b747
291 75acd36f4c56b747
292 934d9d254e8fb747
293 5590a529450cb747
294 cad152981e2db747
295 5f07d193d2b2b747
296 1c15d58b016bb747
297 802693685d58b747
298 3e003f37b3d9b747
299 bbea94425a9eb747
300 f60b6fc69657b747
301 0899b3f8890caf77
302 a7e39d34cfc03f77
303 aafe17bdab993f77
304 195e8a373d463f77
305 f32113cd4f2f3f77
306 2a21e40821bc3f77
307 0e50bee3860f195f
308 c5901187e311984f
309 9c9aa7759c94984f
310 6024e0396a33984f
311 d373c356255e984f
312 114432d94585984f
313 a2e875d9bca8984f
314 613edf646c17984f
315 f0de8d3904e2984f
316 79e0fa2ed939984f
317 f0075a7cde8c984f
318 7bccd1d6efeb984f
319 5956932a4016984f
320 24c2e3b10e1d984f
321 4228cb6b8540984f
322 199e99a17bef984f
323 e73857eab5da984f
324 638f23d68771984f
325 733cfee34604984f
326 257c17f16263984f
327 c72ac131234e984f
328 e7b0b9f2d2b5984f
329 f6d31015fc18984f
330 7ecc98c2b307984f
331 1a33556ee1d2984f
332 b64b975c9be9984f
333 330cd39f05fc984f
334 6ffe623c531b984f
335 88432f884fc6984f
336 54b9e6c5660d984f
337 7a6cd438c930984f
338 56957a9c761f984f
339 b9be5ccb570a984f
340 f990e04bd018984f
341 2dcbf346fb5d984f
342 894d5fd184b2984f
343 18f256e133ef984f
344 0f62034ca3fc984f
345 6ba239bedd11984f
346 ff610f2e88a6984f
347 59761bda5063984f
348 344514561850984f
349 a0ddfea3e6d5984f
350 4da92431d52a984f
351 53258f826907984f
352 99d7c6e42194984f
353 f532a35d7529984f
354 52e926264e1e984f
355 2327e4fe151b984f
356 bacd02fabb48984f
357 b81a3f51948d984f
358 2549f6130722984f
359 7df9fbaeed1f984f
360 1c04249877ac984f
361 2a6abf3102c1984f
362 845bb2487ad6984f
363 6ca84a043193984f
364 c6650b1d05c0984f
365 3debada54445984f
366 0690e0bbe29a984f
367 2fbcf90048f7984f
368 109773af74c4984f
369 688b11eda2d9984f
370 d7e09a297b0e984f
371 b5d3a43bcb8b984f
372 a49ba52b7ab8984f
373 afc1621e237d984f
374 84bac89ac452984f
375 d2149871de0f984f
376 058090f5c79c984f
377 c42105e652b1984f
378 c7a8e2fd49c6984f
379 ab1fc7da8c03984f
380 8fb1ee84fb70984f
381 92840e991575984f
382 ea8ef685ca4a984f
383 75275876ada7984f
384 8ce84e9c55b4984f
385 f8f41569cd49984f
386 47df040426be984f
387 2e1794d1cbbb984f
388 54c5f64f49e8984f
389 01e858fc322d984f
390 f3bf9be5f3c2984f
391 4df1ed3ad83f984f
392 eecdc2bf0e4c984f
393 95eaaa3adae1984f
394 85a2a211ccf6984f
395 7f500a66b933984f
396 2ed176d65f60984f
397 728327a07965984f
398 98f58b6e33ba984f
399 89c115edd997984f
400 38407eecf564984f
401 031ce923bf79984f
402 528bbbbc1fae984f
403 692db2adab2b984f
404 6dc891371358984f
405 86da2589159d984f
406 ef31a1007bf2984f
407 c4da1be8ae2f984f
408 121c9b599f3c984f
409 18c06cd1fe51984f
410 96b6e922cce6984f
411 580709abd5a3984f
412 50106116ae90984f
413 f106a7668315984f
414 e0cc3f32b36a984f
415 e7a0d482f447984f
416 82ba9b10e1d4984f
417 349f66b90169984f
418 74543edb5b5e984f
419 c9475f3b545b984f
420 f0d5e6606e88984f
421 88daa7d5fbcd984f
422 4cf564344b62984f
423 f24f56e5e65f984f
424 d7fd2c717eec984f
425 bc3926aaea01984f
426 fc68e642db16984f
427 03c778b81bd3984f
428 fc6a80480e00984f
429 31913255d885984f
430 39f4d64080da984f
431 0cf442cbe637984f
432 3a08cf555904984f
433 3ce7a244e419984f
434 e40cbffb0a4e984f
435 e9a30499c9cb984f
436 5a8b3023ebf8984f
437 d54886e336bd984f
438 92bdc980b892984f
439 a1a175370d4f984f
440 a27ad37cebdc984f
441 b848c2dd5ff1984f
442 9cd4a0711606984f
443 d1f9c7fc6c43984f
444 e1ebc81de7b0984f
445 bc7312455db5984f
446 213c596c4e8a984f
447 b02247cd36e7984f
448 90f9b9f60af4984f
449 16f09ce9e489984f
450 c42cb917d0fe984f
451 4d5d0606c7fb984f
452 4d19e0ba5928984f
453 a1b6af9f4d6d984f
454 cf4a3c692202984f
455 d393cc432c7f984f
456 57af1373c28c984f
457 947e90904021984f
458 f8af0b562f36984f
459 16945003c96ba968
460 8b60060d5528033b
461 1800768ee2ba4e09
462 dcf9fd4263017ca2
463 3aa4ba7cff675bf2
464 84bb2d1288aa231f
465 09dfd04767fe1799
466 16bc02626c8356cd
467 0b2a2d54ffa8a31d
468 696ce3cdffa8a31d
469 aa0084c1c4a6fa1a
470 1f929e6042cd39d0
471 76094f8176fd1e30
472 b6c422bcfdfd1e30
473 de0245a1befd1e30
474 c925da2e28fd1e30
475 aa877d4eccfd1e30
476 ff19173c49fd1e30
477 e9f2d16da3fd1e30
478 13fb18880dfd1e30
479 cb1c480964fd1e30
480 c089e385e7f057b0
481 5ea66754b6f057b0
482 e9658cb6eaf057b0
483 589bc157f0f057b0
484 e21af74915f057b0
485 b1faadaea5f057b0
486 3108c15b5af057b0
487 817cc810edf057b0
488 4bf90b2be7f057b0
489 b2117de6dff057b0
490 f0b3ca4fabf057b0
491 4b65a76180f057b0
492 a498ecf7bbf057b0
493 29f046c3d5f057b0
494 bd11202b5af057b0
495 cc516e2baef057b0
496 862f52e6acf057b0
497 ce110113f0f057b0
498 af914a8c77f057b0
499 4b7aaa4e88f057b0
500 1ea7d2586ef057b0
501 244bff8a39f057b0
502 5b49a80063357d30
503 e45f7e06cd357d30
504 b22fbc978b357d30
505 57b6fdb86ef057b0
506 9894cc7519f057b0
507 ee1b5b6edc47be30
508 93e0158ed047be30
509 6a4c7fe1d547be30
510 f05c613359f057b0
511 2ae4834b70f057b0
512 05b464c03af057b0
513 5ae2537790f057b0
514 10263cf64df057b0
515 5257c8d96df057b0
516 d3e8dc87eaf057b0
517 bba555ddd6f057b0
518 0756f2ae19f057b0
519 6d6cf7a780f057b0
520 e2963006fbf057b0
521 d9577a36e5f057b0
522 a688d017daf057b0
523 6f0bf8866ef057b0
524 2096f6cbb9f057b0
525 42b677ad69f057b0
526 6c95f68807f057b0
527 8dfbeb087af057b0
528 143f69a54ef057b0
529 91de09eb5af057b0
530 52c4dfb8abf057b0
531 d39a2a7e5af057b0
532 c762198374f057b0
533 6f208025b8f057b0
534 449a3bdd67f057b0
535 6c31a46bc0f057b0
536 15d5931e2af057b0
537 c9cba7f146f057b0
538 24a5478a0e357d30
539 14cf92c31a357d30
540 10b5dd1404357d30
541 cd7da43ea5f057b0
542 3dd235c897f057b0
543 4baa3cf12247be30
544 d23d0fb63647be30
545 634fca1f5c47be30
546 33eebc6e4df057b0
547 a2518595cef057b0
548 68cecebddaf057b0
549 07c8c19eadf057b0
550 bf0d11cf09f057b0
551 c8c9442597f057b0
552 546a684663f057b0
553 6a1aae8d90f057b0
554 81f79f6c74f057b0
555 6598c8a638f057b0
556 41ec7212a7f057b0
557 45894c4e5af057b0
558 ab7c50b607f057b0
559 df5373a0e0f057b0
560 1a0ea2f209f057b0
561 db913e3e97f057b0
562 c8f1ed6d19f057b0
563 2dd5deec69f057b0
564 a83b7b4a6ef057b0
565 368fb938faf057b0
566 86b8ab022df057b0
567 c5e424d210f057b0
568 cf582585abf057b0
569 53f1e8ca7af057b0
570 a58a73adcdf057b0
571 b6f1c76010f057b0
572 406aca4994f057b0
573 ea9676a94ef057b0
574 d6ccc8ca37357d30
575 8f7c7b1f44357d30
576 4d7b87f863357d30
577 50cb870276f057b0
578 2dc5429d89f057b0
579 4ba6c43c6f47be30
580 2ddf72dbbc47be30
581 cf304fca4147be30
582 01d843bb27f057b0
583 4ee9de6d00f057b0
584 3013bf8427f057b0
585 844271078ff057b0
586 eb6b0e91d4f057b0
587 5c5a94b488f057b0
588 655ac2b007f057b0
589 e073f00c37f057b0
590 53c6b8545cf057b0
591 30811764a7f057b0
592 70aa5db63bf057b0
593 3f4bbe92a5f057b0
594 af63aa22f9f057b0
595 e25e3fc6e7f057b0
596 bfeab21939f057b0
597 d054a1ec19f057b0
598 5bc2690515f057b0
599 c8f0cf61fff057b0
600 51380e12ebf057b0
601 5b554bab5af057b0
602 9c07cf40abf057b0
603 ab6bb37e5af057b0
604 01c52c086bf057b0
605 b1cd068e79f057b0
606 8cf01b9295f057b0
607 ce6598c5e8f057b0
608 8e23c3ff7dfd1e30
609 2133aea2cdfd1e30
610 d492cf2b94641eb0
611 ea08aaa4fa641eb0
612 f98c07f4d7641eb0
613 ada74d3e08fd1e30
614 2197fa2783fd1e30
615 3234eefbee04f7b0
616 f39f98f74d04f7b0
617 4819a42bd804f7b0
618 d4a3b9f92dfd1e30
619 0be2b34c7af057b0
620 0903a53d67f057b0
621 5ceaea6160f057b0
622 afb6fb4c09f057b0
623 46b6eca25af057b0
624 ca86fae607f057b0
625 40d8240217f057b0
626 b69f050c59f057b0
627 5e29d1490af057b0
628 fdfa5c3f25f057b0
629 1d5d4c13d6f057b0
630 ef9c3dbfb9f057b0
631 d066567d9af057b0
632 d64d2e528bf057b0
633 49e3c8d51af057b0
634 4cce41b26df057b0
635 85244cef50f057b0
636 e93137a6abf057b0
637 b10b4c5a60f057b0
638 0893a0f524f057b0
639 7c4f94d677f057b0
640 d86a4ad213f057b0
641 255a7de050f057b0
642 2aaf9a24d4f057b0
643 5c4172b8bff057b0
644 6358064dacf057b0
645 26379891e8f057b0
646 3ce70b2875357d30
647 97e12e73c4357d30
648 fddc2b17b5357d30
649 f65e5e7f30f057b0
650 a1d085ec17f057b0
651 6cdbfe539247be30
652 8e672f956847be30
653 a2e4f398dd47be30
654 786cbcdb24f057b0
655 5fe3fe24c0f057b0
656 18a635b827f057b0
657 a94ee6e746f057b0
658 2fa6b466eaf057b0
659 f38417ef10f057b0
660 4eaf421145f057b0
661 fc695df616f057b0
662 dee284a659f057b0
663 7cd6017859f057b0
664 48a6b2d425f057b0
665 68dbad8b18f057b0
666 23253089c6f057b0
667 a4b413e5d0f057b0
668 72c825181cf057b0
669 e598d08e67f057b0
670 e2e835b624f057b0
671 6a1685c5b7f057b0
672 95af5f5343f057b0
673 f4990dffaef057b0
674 5f5b71612cf057b0
675 943f2ee6eaf057b0
676 3d9b087ad5f057b0
677 359b63dbbff057b0
678 2f5582ee8df057b0
679 4229059c2df057b0
680 0f73531d89f057b0
681 dc090cc5daf057b0
682 66b1b335c5357d30
683 5aed1a1bd5357d30
684 284b17c7d6357d30
685 6cd397c430f057b0
686 d5a58e1717f057b0
687 0dfbd123d547be30
688 e52161cb2a47be30
689 390304064747be30
690 18d7d1898ef057b0
691 6379997a5af057b0
692 7b514b564df057b0
693 2f734169d0f057b0
694 eb37ab5f54f057b0
695 b53ec44188f057b0
696 f5c0016a07f057b0
697 c13aaba600f057b0
698 22110404aaf057b0
699 86505cb255f057b0
700 ce304b5937f057b0
701 6b17007fc8f057b0
702 dd261cb507f057b0
703 ec06345a3af057b0
704 d45bf2bda7f057b0
705 ed9c9b8b97f057b0
706 e81417ac63f057b0
707 b0a5ed2feef057b0
708 44d323dcd9f057b0
709 f24dea5b50f057b0
710 e8636bd2d3f057b0
711 09b62c266ef057b0
712 94697b06b9f057b0
713 41de70fee9f057b0
714 9af02ef66df057b0
715 d16b31d44ef057b0
716 6a2d2a4d17f057b0
717 732598970ef057b0
718 e90935f0d5357d30
719 04e73e6bc8357d30
720 d6778f9c97357d30
721 6cd81c32f0f057b0
722 a242b6f9f7f057b0
723 de5366342247be30
724 9358ec9a3647be30
725 00b05c99f147be30
726 6c4941fbf3f057b0
727 16c67bb0d0f057b0
728 edea0b1653f057b0
729 f30a6490edf057b0
730 21d547e767f057b0
731 5b29d7bfdff057b0
732 e2703da08df057b0
733 c73b746390f057b0
734 d1ce6ad3edf057b0
735 e0b8d313d0f057b0
736 45aee51bf4f057b0
737 eee45f594ef057b0
738 0666599d97f057b0
739 10df55c55ff057b0
740 45986c5d8cf057b0
741 e6d11e9bbff057b0
742 a4e6495eb4f057b0
743 e54e6f56aff057b0
744 2460753c15f057b0
745 4ddec91846f057b0
746 be04e1d859f057b0
747 ad1840202efd1e30
748 d73bde3f5ffd1e30
749 bad271c7dffd1e30
750 f3d555865bfd1e30
751 bb3b43a766fd1e30
752 c9b19ba05dfd1e30
753 b7033f5cf8fd1e30
754 809fb0a75d641eb0
755 b4462705c8641eb0
756 3be4d0ba87641eb0
757 016eb222cdfd1e30
758 81bd3fbabbf057b0
759 ba42f9405f47be30
760 468d55b42847be30
761 eae570a77f47be30
762 7e4a4d5e55f057b0
763 dca5d41610f057b0
764 0eb7a021e3f057b0
765 357985ff8af057b0
766 810372bdc5f057b0
767 37f3c0eb55f057b0
768 77f6ef1999f057b0
769 b789243b30f057b0
770 e4a75a7e19f057b0
771 46812de4eaf057b0
772 3e29deced5f057b0
773 d200276b3ff057b0
774 6bbdcf5b8df057b0
775 a29ab095adf057b0
776 973c2df5e7f057b0
777 f08a13d6a6f057b0
778 430ab22de7f057b0
779 50573fd4b6f057b0
780 f1db62ca27f057b0
781 4926f977dff057b0
782 6eb97fa7f4f057b0
783 fe9e79386ff057b0
784 9fe6500eb3f057b0
785 36aeccc3d0f057b0
786 261d028413f057b0
787 36c4e14daef057b0
788 368b3e101cf057b0
789 32527b9970f057b0
790 5c4f2bfa74357d30
791 66312dbfca357d30
792 6baf89591e357d30
793 ff8296e6e8f057b0
794 120f06b807f057b0
795 bc2ed22eaa47be30
796 d7ee5ea50c47be30
797 79060d5d7147be30
798 41d132ca25f057b0
799 36f3ee6156f057b0
800 d27a34c1b8153ea8
801 fc15a341339e9a85
802 3ce751688267a785
803 5bea481aec52a785
804 b36243ebe752a785
805 966bbd0505624ba8
806 704bf4eb4fbc3ea8
807 fa1fd451dc153ea8
808 519ad36ccd153ea8
809 b33a62df73153ea8
810 a622ba48fe153ea8
811 269c083ce1153ea8
812 28a738b116153ea8
813 983ae877b9153ea8
814 931aad2ce5153ea8
815 92bf7c159d12064f
816 df0025eeb502254f
817 144f58cda94cfb70
818 c1b7fa8efcc78e73
819 5f68ef1cea755ae2
820 498acf9db57afa61
821 858ca7b3c04b182a
822 c9a4e9deb1394c01
823 48c8d39e7e8b1b8e
824 1807cb76925ad2cc
825 91d4d2c81838c7a4
826 75b323515566a8f1
827 eb8e40459f8feb6b
828 e442362484c9e67f
829 5a468cbc67fa2eda
830 33a150413a2a8640
831 17ca71ec1d3c7a33
832 5694d3e726d1b98c
833 8c12ce3096294139
834 b70ffa188238dd7a
835 d7baeba9f67f50e7
836 0a5fae6cdb179db0
837 522de8ccadb9e3ed
838 4dd65fe7bc74a1ae
839 8df9fe5a6caa208b
840 ec0f10051484e1a4
841 2e17131b3a381fb1
842 6b5633840d4d8fd2
843 34ee5089cfda78bf
844 72f4a212cc1d4848
845 1337b47c02189f81
846 96716e6955292ca2
847 a9776cd42f1c724f
848 5b3900df443e8190
849 6ae4418dd86fd0cd
850 d3da9db1640ae18e
851 f37bc65660271beb
852 30c51904560a256c
853 6184ee3329efb919
854 74227c7d087090da
855 74d18161d61d92c7
856 f487fc46f0013708
857 38d3f4b2139ddc05
858 6cafe3c883437fc6
859 f995ce6ce7901643
860 464d1d9e72d6c164
861 126e4adc033445d5
862 6d5ccf31f0af3f16
863 9f30fd9a5f6a1153
864 875ce4a4054527ac
865 842549c3c9feb659
866 df42f1efba88ae1a
867 8504d4614f9ff607
868 e86365aa96194dd0
869 b79a9a6ab28a510d
870 248605a73f9a7cce
871 6e2a0a91d5e4742b
872 281f9e2b95d1dac4
873 c6fa4d7215eea2d1
874 5f14b3382dedcdf2
875 8b812b4162eb3fdf
876 d074495be8cf1168
877 a7a8581ac4e186e5
878 4f74e231613241a6
879 51ab8c14c31286a3
880 943c53e5b4a476fc
881 5ec8b13559dbd769
882 620c57f2dc5c15ea
883 a17fdaa79b6d9997
884 d1ea4d1e92c91ee0
885 2186300836f0205d
886 b89caa71d3a7439e
887 901784c4b42f86bb
888 a7c2bc0084e983d4
889 a378974e8eb1fb51
890 579da0ccc24b82d4
891 67234de7241cc898
892 b6e7168eca87b14c
893 f15e93c2fac44c5c
894 a8cb5d3685520b00
895 79275e36f855aaa4
896 89c2ea1320de91f8
897 d88d7f63bdc61fdc
898 38461abad5f85378
899 2442eb3a941fda34
900 44533c84bd072d80
901 2e718351689a939c
902 eade7e8743218c40
903 6d4c5d376beff9b4
904 c17cb1cbedde15e8
905 e90d77a24532b0ac
906 1ef7f1884d8aea18
907 28f6043fb3e776b4
908 5e33093f1b0d9690
909 eb6921d3f402e88c
910 4206003da7f4acb0
911 434ba6c465a5c8f4
912 7ee81856c7ab7be8
913 058a109855c3b29c
914 d3b880d261167858
915 fb9827a5017e1b54
916 14f00b548a909580
917 c0c53bfe5336ebdc
918 044ac10f42d37ea8
919 39b5521d20df0d9c
920 90b6adeaa10b5d80
921 92e8881e0bd08b8d
922 406500c246f957d2
923 1ee2be278988249f
924 8532ba0eb18e985c
925 53b8f1278d6fdffd
926 e7dbeb713b98dc42
927 d3123d61f759d10f
928 3562633c77ed1384
929 ea4603be30f16331
930 e5622ae6bdd4a216
931 df1e2da041465433
932 834f0c0934a88db0
933 0a016c48537c31fd
934 8f55c8ca27b3b942
935 456c8f023073100f
936 8fe0e394e6bad6b4
937 6f9273e1a875a8e1
938 4d221875b01e0886
939 801c63719550d06b
940 ede0930994ef0760
941 2e8ad6e25d87f06d
942 a332264b00396a32
943 6427e921d861f9ff
944 027519e9603c14b4
945 ce54297d039c46e1
946 2e49fb540e9f07d6
947 cdd4b61ef5fcd9f3
948 b6cd55abd8ae5968
949 39cd66e3468fab95
950 834ce986bc6c44fa
951 9880f388888e7647
952 f7babf1b9952a39c
953 d4e16b1b7090e009
954 1ab58727f41f530e
955 a760ee44295476cb
956 37077b5aab1b24c0
957 980994fba66dae19
958 0b9456efb84a1ade
959 601b4dcc5caeed1b
960 79f8fdd942438d50
961 717edc22ff58129d
962 64049a7928c368e2
963 ef878fb340739c2f
964 5e9d644895df4d6c
965 657a80eb3caa7399
966 f7ffa38fe7fc105e
967 b7b7e530712cf733
968 fd3429c96faa8760
969 c2b80edd549e9d6d
970 020cb008583d7832
971 69830366d21ccaff
972 393052e7ed7a7f3c
973 6c9931f8de7dab29
974 dcb1c9b8b963d856
975 48bebc24ea65e473
976 70381b360b5671f0
977 2589db2efd2bf83d
978 c4a2bedbbf0e9f82
979 ae38454728e6494f
980 68062dc6480c9b8c
981 df70fb3fd65629a9
982 d96f259834add3ae
983 f5b399f4ef7443eb
984 35c28baef41b3608
985 5ff02d9dcf7076b5
986 60836a016794c59a
987 dff7742bd17a3a67
988 0f23a1e9501a14e4
989 142afe658b3cfd45
990 10ea626886b46e2a
991 a33f6b540eb9e9f7
992 a22ed30d181ca67c
993 e207d45bfccc8869
994 140248947623c56e
995 176dafcc8236844b
996 bf506f79c94e9c40
997 4e62e1ce6ac4694d
998 3f683a45a412c692
999 68e6759397ef325f
1000 76b5d10017414064
1001 07ef24cf4ec0bc11
1002 e4fce3c57ee59b6e
1003 3c922f8455c90aab
1004 e34faf2144fcc2a0
1005 672afee199cdebad
1006 4cc541fad0da9c72
1007 d84587545a1dd53f
1008 e650457a7c0f91f4
1009 0c1272ad349fba21
1010 4c63f7d9270658c6
1011 04da51a00155a7e3
1012 1396d67d2dd71658
1013 5884e9df3c1c7345
1014 778e0fb5bc91d42a
1015 a7943f2c71ad7ff7
1016 2f0a9f30d298dbe4
1017 f61265aac7c7f591
1018 3487755d1af4c176
1019 4211a070b7b18913
1020 2aa4bf4b5f5ac508
1021 3ae96860c4150841
1022 a7e57d8b261f9de6
1023 cc6a8a13026dc72b
1024 57db3f2fd093aed8
1025 0a18a941df7c99c5
1026 b7ed836cd3550caa
1027 d5a1b17cae9fe877
1028 248341e60cea2a74
1029 799c47f11880c4a1
1030 f2658ff912e4e676
1031 548d24e52c846e13
1032 6f99b67e58e824c0
1033 110a626f6558a7cd
1034 51305713e78ddf12
1035 fb6ebc2a106548df
1036 b3b5295ed08ca39c
1037 82fb2b1b74e0e009
1038 066d637cf2bd530e
1039 6f134fe5e76076cb
1040 e6e267b67c07e378
1041 731104967f62bb65
1042 259a8dc5baeb194a
1043 760c24bd7dc64417
1044 c419cf24828c571c
1045 f0d0057047692d89
1046 eacbadaadbd5c58e
1047 63f30c4f217dcd4b
1048 acfa3647dca9ada8
1049 b75480576c9843d5
1050 651713839d09283a
1051 551dffe73f4d092f
1052 374fa694fe89e26c
1053 07f344d039a9f18d
1054 d2f47f69c16e91d2
1055 7f7db727e9a64b9f
1056 3e3e2d3d98d99754
1057 ff5fbb9e8af21d81
1058 ffb6623a253e565e
1059 703a564c86f0cc9b
1060 603483a765831450
1061 8671c994b6b52d9d
1062 b25bb892927303e2
1063 6dc725617a2f5b2f
1064 05689ee9757bd2d4
1065 8067d896238f0bb1
1066 48a5626972414096
1067 3f95b0c0938874b3
1068 522ba7b1af676628
1069 69820cf96392e255
1070 c7a4e8e737feacba
1071 4fec86d2827a0907
1072 043251196e42a8cc
1073 693ef4d252987ff9
1074 920d5be4798d6bbe
1075 2be38160b2cdf9fb
1076 3d5657013deebc30
1077 fbdb253e020de87d
1078 8ab72f46c7828fc2
1079 0d802aa01f4a1f2f
1080 9c4bf1c1b9cf6434
1081 c0b341466d6b9261
1082 8daebe9fb10c2d06
1083 21ef34f8a069b923
1084 16543d1aeacd3a98
1085 a105894dc469b951
1086 8f300e1bdc7469ae
1087 a3f1c6596074d1eb
1088 b480b562e68bcb98
1089 d9f7355fb0479585
1090 2186e6433d99d26a
1091 80e92a51b44c5e37
1092 a85ae6a65e505a34
1093 a246a8c96a5c3861
1094 c28afb0fc00db206
1095 a275c6e83b12a823
1096 c590efb4b3375330
1097 adeb6dfc02a6337d
1098 2775cc047c4adec2
1099 2e8cacedd1c3058f
1100 4c85059be6bf59e4
1101 ce30f2170fcdcb4d
1102 5f5258a6e26a995e
1103 2c2cdeb4ead07857
1104 fbfac2d439fa6b00
1105 fb90888ca5f7f6b9
1106 806b19f4088ff84a
1107 229a5933b3c1724b
1108 842b1d7996e9e954
1109 913b058fcc73991d
1110 67667d5ff48d8c2e
1111 5a098a45fd3147df
1112 44033b7bc0f3fca8
1113 fdd6994019ae0a21
1114 d479a806b9bf8ad2
1115 d5cee09a30f2cd8b
1116 54f257ea68e45694
1117 9ad15a8948edb229
1118 584d77cf02702a3a
1119 6cd43fd05132243b
1120 4c6cd0cfc498514c
1121 9e825799acf3dd9d
1122 95f225202360f0ae
1123 f316e357e2ef105f
1124 bfd6cc8008945f30
1125 9968f9d0d0fc0729
1126 0ee02f731703133a
1127 7610f763e382e13b
1128 7c6aedc29220e01c
1129 8e8233244f2e7d95
1130 d0e1bd667ac45aa6
1131 d19f2688e751cd17
1132 267561b7374bd3c8
1133 c7e71744e104e141
1134 8ddeed3cf487f5f2
1135 8a75e568d41b3053
1136 f8e0bae5ea338714
1137 811f3c7998d906ad
1138 92570a611d929d3e
1139 3fcf033d1f533bf7
1140 c699d15c42a725a8
1141 6980f16f26007721
1142 eeffc2f2a318ffd2
1143 28ded097e2fef0b3
1144 5bd000c2cba48984
1145 c99bfbe6ac2cf11d
1146 4cd45f309f3f042e
1147 18529a5b58c63fdf
1148 44cc44829aed6fb0
1149 986f8efa989da9ad
1150 fa37f5da7eac843e
1151 7766c4510e89685f
1152 52c80630880ce138
1153 b838c9ec4f02ebb1
1154 0aa0905cf9e596a2
1155 c6b2038c19e61d43
1156 0d6d93a00a78914c
1157 159235d93eaf2735
1158 e7d3594c9bb4b5c6
1159 08e27a545918c137
1160 6f85c59c278eac3c
1161 f5c2c430a14d5f25
1162 709bd6973c8b1dae
1163 bf6309f67e62176f
1164 c33ab654e1401720
1165 c910f793558fd9d9
1166 c6daeba55fc7d0b2
1167 a70dcfe954c5efab
1168 ed345d9f7cd1950c
1169 34d547165f228045
1170 e1c214a06a4f55ce
1171 5d6f80a73e4079ff
1172 bfc90e24636d19f0
1173 4477783c7cf124a9
1174 ad27248dba37f302
1175 176e8db2725c9183
1176 adc59c0591e36904
1177 23f9bda3edf115fd
1178 5a71941cad0aff06
1179 2c637c842f87c8c7
1180 e8a9b376b0865f38
1181 7364ccd2b0f49565
1182 7cbfb4b96e3766ee
1183 4c1ff70da5a08fbf
1184 e3f7f9a9bf9949c8
1185 bc24653d6f3db0e1
1186 b6c101a95b15d41a
1187 b5c59a82f123ee53
1188 52eae04e8d50b9fc
1189 f6adb52ff52727f5
1190 259b2204e6528ebe
1191 646b62ed9bf21baf
1192 593122c42df690a8
1193 e18fee534636ac41
1194 d624febf38624d7a
1195 a79032d793e248bb
1196 be8b43f3c768d1c4
1197 82639bfff989a3bd
1198 332ebd499234fdc6
1199 ebb32603419edec7
1200 d33a8880a9ba6a20
1201 3bf1566f8f0206d9
1202 0dd0c8814d0c62b2
1203 ae4c66e8f8920343
1204 5d2c1e30895d8f6c
1205 c614b30651acde25
1206 e2e0f57b147b8cae
1207 4c35a36bf2ed2aa7
1208 d6d04d4d0a50c6d0
1209 9a10edd2bd5c2609
1210 37bba8906352f1e2
1211 d7dcd1ffb1a4053b
1212 ef61e11eaaa95f44
1213 c8693eb1af21c7a9
1214 5176d08b30397202
1215 51d30e59e81eec7b
1216 d95dd667b4e658dc
1217 18c0e99a93cfb955
1218 0d78ec00e0aa9d1e
1219 291913fa2bef67b7
1220 11794306b49d832e
1221 7454f52ac2bfa467
1222 a63a2c843784f674
1223 3233f74cee5825e2
1224 3daff5920594b965
1225 c0359bc04521ef3c
1226 c20c5fb0db0e8c6f
1227 5953f8e9a947cde6
1228 93ed3696091ca5d1
1229 0a4394c14f44db88
1230 c5a1bef5314c632b
1231 e6bfac9f4799e772
1232 e4417240a2ac3c9d
1233 2b0b60da681b9d34
1234 00e14aec3f43cdd7
1235 860fb27b5e0d8ece
1236 f8a520d51fcbc379
1237 da24e6e9bcb8cf30
1238 f4eca07324ccd533
1239 8a0077d794db8cfa
1240 58a296b66bc894a5
1241 687103d987505d7c
1242 0b2dd21db9558daf
1243 b7f871cdcd286626
1244 92b846767cecaf21
1245 86f0ba6c9efb027c
1246 8e4961f7ad9c7eaf
1247 927d7c413f8ec726
1248 e15e1c3574a46fe9
1249 dad7098a158c23d8
1250 981c7d412ba708bb
1251 7d0211f4a221e2c2
1252 e3ba67bf3edb0595
1253 22d0aa7b433dd6ec
1254 10a19d82f21289e7
1255 18269a11bc1593de
1256 4039e295becbaa61
1257 fcfa41778e82ac78
1258 682d30a7278b23db
1259 6f42d31dcda75f02
1260 7546eed710bd8ad5
1261 9990135a3409352c
1262 5c09994103b8c2df
1263 0c648ac433eed556
1264 ee0a1494fcec4149
1265 998000309ce3dd40
1266 c81c0e4c002a60c3
1267 cb721e6dfa2ad24a
1268 df44c2d9607699dd
1269 a2ca5fb4935c4ac4
1270 0369e5800e06a7b7
1271 d5c56cad3d928bae
1272 e6cb381f61b85571
1273 d5b19b84287b3548
1274 685209ce04c2ab1b
1275 4eae395546f000a2
1276 d4d68543dceeb175
1277 02e6a9d5f0b47f48
1278 13a81f7f150a8feb
1279 820f8479e6d40a8a
1280 0b6fdae557a72fc5
1281 2fc3ca6df09afd9c
1282 259b2b0c36aec94f
1283 674a7e6f62f8f446
1284 49929be06c29bc19
1285 4c049313340cd6d0
1286 a3449537d3639b53
1287 ed795dfaec40d81a
1288 86a8c44bc6971de5
1289 dc0b82aaff4ca684
1290 d27d833c7c648777
1291 d4f0736b5130bd6e
1292 032b35bb618e0c99
1293 79cdedc4a5db9150
1294 3b6bf49a8ca2676b
1295 f770b174b6e27ab2
1296 acf7a7d25800a7dd
1297 58d2654fba201d74
1298 3774a4ecc4a88767
1299 05b757d72aa0a0c6
1300 9bf3774fcae86eb1
1301 2894fac000ee8988
1302 c5534d27cf8e892b
1303 5612ef1a72ea1572
1304 5177a662c1d41075
1305 185e7b668f6d2bcc
1306 a9c5bf65288ed9ff
1307 847831dccd8b4876
1308 c55a54de2e8672a1
1309 d75fe47b4c10bc9c
1310 016b76d05422b84f
1311 0682f0c1647e0346
1312 17be3cd1bdd6b589
1313 6a9bea092b4e0480
1314 a12b54ef96c0e493
1315 9a75b5d7a9ffd15a
1316 483cf2f4853055ed
1317 61988e4dd1e30444
1318 659a41a0821fa137
1319 be138ef5219f5c2e
1320 edab6d0cfa4a8d91
1321 324a9b0f6407b268
1322 a6e13d97149a5b8b
1323 291d1d9700ad1852
1324 cff0b5a7c2626515
1325 c0c859d79c3a846c
1326 a107686d45a7b21f
1327 eacb890ac97f1096
1328 baf10f3d49531419
1329 9b9d89162533a668
1330 35e3487760869f8b
1331 bc657f8083a01c52
1332 ca44bca73f8c3525
1333 f1a2587a905036fc
1334 865aceb598f1e8d7
1335 ada56ebbcc1465ce
1336 68c3877453f9c9d1
1337 88eb63b7979aa2a8
1338 ecc9ebd7143f44cb
1339 66ccab9d21b87372
1340 d306a7d4df54f245
1341 c9845de7c16b2e98
1342 71717e704f08cd7b
1343 1a1dbdba824e2e82
1344 a50f208a6a3567fd
1345 94f53c4e8eca4014
1346 a759beb42a6f0287
1347 bdcf96155af5b0fe
1348 1efa452b32eb6be9
1349 ab90344dae5c0310
1350 dce6bec40c765193
1351 3ff3c6b4c5fffe5a
1352 1e0d12904d557625
1353 dc80530f035133fc
1354 3c03b6f982531eff
1355 45281c6bd40e6276
1356 64ca0818168eb2a1
1357 baa6b0333a7b96b8
1358 a40027b3251f7f1b
1359 46a533a666ced5ba
1360 35724189fff538b5
1361 8461c7967d8a0c0c
1362 d0589b25eb81953f
1363 4db8a9feebd12bb6
1364 d6b4e707d6d56769
1365 59e280d55285cee0
1366 0e6fb9af34354063
1367 9fb70c1649f772ea
1368 aa0ccd16c636a275
1369 102c6e35ff4be6b4
1370 d3f643d2725daaa7
1371 44375ce923930b9e
1372 ac6b4bfd2f863c89
1373 10588d1f5f733d04
1374 0ee03caaed2fc50f
1375 62041df20cb6e506
1376 651b799291e28549
1377 4085b7b5284c4140
1378 11d7b378ace5b4c3
1379 17424693a0930712
1380 8cd3cca20e05fee5
1381 c5187971f14848bc
1382 9a54b610c0adb3ef
1383 18fc10f023cd8166
1384 38db7a7ad2be80c1
1385 fa7ae99ced25e058
1386 699ae519c4f5773b
1387 2001f8816fa07d42
1388 416dfaf4a961d215
1389 eff464fe19627f0c
1390 8d1b0eb7c41c6c3f
1391 6e677ba074bb7ab6
1392 cab8e3e75097b639
1393 b7f34fd49984eaf0
1394 f1bd07096befa123
1395 46160fe79b4c02aa
1396 d6623b84bb8c653d
1397 927ab7282d916954
1398 c092168b1d5d34c7
1399 8e63ea37b6a9463e
1400 2c18b33187de7621
1401 2b6bd624b15fea38
1402 6c171b00e1f61f9b
1403 316b6997ac987d22
1404 88fcc2f26221038d
1405 e0b91dd9c2789fa0
1406 c31d707ed2082c23
1407 48a272784ce7fbaa
1408 f4ae093c634b9ee5
1409 246ae979c7efc64c
1410 89fd067fed1d027f
1411 10fd9950097342f6
1412 0ce18489ca4bf921
1413 4c55caaa672aad38
1414 39b66e6b26b92903
1415 549acb9c840dd08a
1416 a1e2d530e2df12f5
1417 26e9a0c787652e4c
1418 9fcf065a32724a7f
1419 7d637469613ef49e
1420 324150bb396e1d89
1421 97006d956e3c6c80
1422 71b193f19c578103
1423 6a58e04b35cf088a
1424 6f27229c8e1c4615
1425 9fec9d882a85556c
1426 3741b83bf46d271f
1427 319ef62d46925d96
1428 30b58c24adbc94c1
1429 23d334c3d9540cf8
1430 f51776405c58665b
1431 21ee75cee78906e2
1432 fd320137deca49bd
1433 6eb0adb47db22dd4
1434 c615c44740a995af
1435 fdb85f2ff6df6a26
1436 58cf43165caf0d11
1437 f31c0ca731c76f6c
1438 892acb57ebfc891f
1439 5e6f8c038ef16a8e
1440 fccea507cb5cc0e1
1441 2933cd8731fbdcf8
1442 8776270b8b20365b
1443 12061236684816e2
1444 320da062e3bc229d
1445 883767ecfd976b34
1446 7a4a68e011f43b27
1447 b7fa512af91f001e
1448 82e0e63e763016a1
1449 2a8a83a09cc19e40
1450 14fb47812a0f2dc3
1451 5b53a4a56c31174a
1452 730f2d39f09f66dd
1453 6a49ecbd868acc74
1454 1900766e8968ca5f
1455 5222e59c7d6bf4d6
1456 feebeb166b050059
1457 fabb3a8988fb6f10
1458 513689fb3a577393
1459 faae8a5e657f8002
1460 924784737220abd5
1461 6fac18e80fa06e2c
1462 a2102bad435b13df
1463 03c940fa694b1e56
1464 d9d77a214a8ec1f1
1465 9292b40ade2611c8
1466 a7617764d5971c6b
1467 89f5b0ba027a8fb2
1468 7d185bab703ac185
1469 58311cdbe98200b8
1470 fe7e99b1ca34001b
1471 625a7dbcbdbef1a2
1472 909b412c7f67950d
1473 0d6ab2cdf50cb2e4
1474 a1334a739880ada7
1475 c5aacfe729eb319e
1476 773af16c56ef6289
1477 ec14b6ce2439f180
1478 1b541b6589fe7e03
1479 6ec61b3f9530d58a
1480 2ba967ab5ae9abf5
1481 50e403abe00a034c
1482 c5601dd1fa3d077f
1483 ec0ecda0372643f6
1484 17072a276c693311
1485 4a9e5ade21bd73e8
1486 661e5381caab530b
1487 93d2bc0c181363d2
1488 9f30998217f893fd
1489 c1aeb18819fd61ac
1490 49c0c5c1ffd46f5f
1491 d5cae646bf8697d6
1492 e8535a22f94ffb01
1493 3d6797af1a506398
1494 0044fd865f03ea83
1495 595628a4c6bebe0a
1496 72dfe7d54813a055
1497 37b02be122de40ac
1498 9f9f8a5cd7c84e5f
1499 8ff91e0e56dca0f6
1500 afeb88c2ced7af21
1501 dc73d7b6571a027c
1502 3b2655302d237eaf
1503 5d7a175bac41c726
1504 18deeba5d3899239
1505 714631faa7a1f6f0
1506 0a1d2f65072a56f3
1507 2310d5c6cc8d68ba
1508 09578d9b1d557a4d
1509 affa04e4c3f87414
1510 7605a37d8825c687
1511 a6f9c8a8e6ff23fe
1512 d1933dd68d772381
1513 98161db9f1e67a18
1514 9be68713980c2dcb
1515 38b1a40a60d59a92
1516 cfa8c0ee29952265
1517 7e2b268c6595583c
1518 6621f30aa474016f
1519 d308ff2bee5583de
1520 3135279ab1e06f71
1521 4187317a689e3748
1522 51f37eae646065eb
1523 525d9b66fb672532
1524 48db7df3720c126d
1525 10eaa8f6c7254ac4
1526 939beef99c85a7b7
1527 d97bde52e7598bae
1528 f038f807e3b15571
1529 f5612f3a10b6c8b0
1530 1386644f478ac5b3
1531 b5dd5f655e42a77a
1532 4d7f481c0afc290d
1533 541a607853952d20
1534 d5d7978291c02b5b
1535 04e4eafe7a4337e2
1536 74170ed9f38f084d
1537 f71b3ed2cd122424
1538 3524bac0f0f2e897
1539 ef10194cb4c04476
1540 75057425ebb49ea1
1541 a586baa9361516b8
1542 9e4f69fdae34a61b
1543 7585161d7510ffa2
1544 ffed94421e652c25
1545 5a74c13e09c6e9fc
1546 9908bb0802c0e22f
1547 1b6a509e0e075aa6
1548 aed288538ebfe891
1549 eb2bd71c3a9770c8
1550 e18429779053586b
1551 570caab727adb5b2
1552 b54a7c0f538214dd
1553 f65ee7d3dca81d74
1554 cf1962ef17705217
1555 481284ccb6fdc90e
1556 f41dfacd09d11fb9
1557 f02c28e81f8d8a70
1558 1f664e26f0c77473
1559 9559e70d32f9e23a
1560 3b44d9952f6624e5
1561 5a3f9dd96fffdebc
1562 817381071d88e1ef
1563 fbb1856c668edf66
1564 22e8c6a1cdf74061
1565 8456f1dc277bebbc
1566 20ecfda0fcc7deef
1567 5db2c6472a67a066
1568 cd202667d60e6b29
1569 7ff127578a069998
1570 5c5d8f5fa646fc7b
1571 b0678ca7613b7182
1572 29f133f090e87355
1573 e311ab508257c7ac
1574 22ae78e8325e7fa7
1575 2a91047de7b52c9e
1576 6ed93cd7b490b121
1577 6f57fdddaa8be538
1578 77c8db4a96a9ae9b
1579 fd70ed6b48643442
1580 99c50828587b6515
1581 2e7b1faa8ea9846c
1582 9c0ca6495328b21f
1583 61e414403c0a1096
1584 6a372d09599b1309
1585 88cc31dd637d0200
1586 49e972f14275e483
1587 aa4366a07fa6500a
1588 f2dc2a8eb8d80e9d
1589 48b359d17ecbd504
1590 f81719559d7ca3f7
1591 1d1d1d675d0cc7ee
1592 72f30105e8142cb1
1593 65db31558f786788
1594 6e4523ce6d7f48db
1595 b247fda783cda362
1596 55782bd17076dd35
1597 c4d2c5d3f83f9e88
1598 d5d888733c1fe62b
1599 be22961d3587cb4a
1600 b6314965bb244b85
1601 a975fa2d884a775c
1602 b8afd2c666c0aa0f
1603 80ff9ec78a346206
1604 62bebd21a394c859
1605 25d3c37b10e30310
1606 b1ca972fd2715193
1607 e63d9ad8e794fe5a
1608 1311a075d57e7625
1609 8d21d9eb95b64fc4
1610 79d059b7daf2fcb7
1611 8f7f91c94571ecae
1612 c63dbd84cf4659d9
1613 ee22a7f1f2db1490
1614 cdb61779d13f5fab
1615 54ab57bb3872bbf2
1616 8d68a24da012d91d
1617 1b78dd2a3d9455b4
1618 bf0619e27c4be9a7
1619 5b6c8d17a0da3d86
1620 19bf79b8dda5c771
1621 c7fd6598de042f48
1622 c33557a9e0971deb
1623 3f3dfeeea5edbd32
1624 568780151ee67035
1625 9774ca065fceaf8c
1626 bc0f0daea102bebf
1627 2309ee76eb9d3136
1628 036bceb601f67761
1629 bebbeda869b2575c
1630 c5217fb44deaae0f
1631 0ab0e01d739ee506
1632 d928d976f6d28549
1633 11f47125ae9c4140
1634 2bd383ee04c98653
1635 2e346de1935e5b1a
1636 7a3bb620e1a3aead
1637 2452bbd0890ac904
1638 0e8b1bdc3f2cc1f7
1639 2fd240a1336bd1ee
1640 3d63ec26175e3d51
1641 a541930da889b028
1642 07ef8eaf6fca324b
1643 0884f53d41130112
1644 5704bf34ff45ec3d
1645 680e849ee631fd54
1646 fa49ed9b2f2b18c7
1647 0bbe49018b868a3e
1648 598514c14489b151
1649 ee2a74fbce86a458
1650 d419327d681acb3b
1651 c6727a898dddf142
1652 ec0313a6d7dd2615
1653 aadcc3e4990d356c
1654 3862393d8cf8b987
1655 5630416e3c635bfe
1656 fb2617326419a361
1657 84dfeeef60f18d78
1658 b88ebc4a8a42f8db
1659 02fced4fb536af8a
1660 cf9aebdaf636621d
1661 dddf500a64dd6a30
1662 5ee7809f9c113533
1663 9535da8f3f6b76fa
1664 87a590a8b2c39ee5
1665 aa347f41adab68bc
1666 672446fa1f2dd3ef
1667 7e9af2411b580e66
1668 2aca90475f264e51
1669 c05fb1d554804ec8
1670 0b5ba4c0c4883a6b
1671 c6de665bd7544db2
1672 7931d6158241db4d
1673 e18237e25036ef24
1674 c15e72e4d0b54a7f
1675 4166d4dc77fb0af6
1676 705ff16160dfa121
1677 d61ca3406964d538
1678 0c9b9e4da5521e9b
1679 1028c242994cf1ba
1680 876c3fdf1c7774b5
1681 07d15f7e216fa80c
1682 34b7bd4daefe313f
1683 b394e663a861b7b6
1684 8d179960d325d9c9
1685 5e30ed587a6cbdc0
1686 e71c453da747df43
1687 ecf33934997c08ca
1688 097d9d7662500915
1689 90c5b5548b0058d4
1690 f1c225cb532c5c47
1691 9db02ac3eaffd7be
1692 1856abd0c48cf3a9
1693 9d8d1a66eb827f24
1694 6b6adc80fe3a772f
1695 ce727d4c82042ea6
1696 c62dfe061a826b69
1697 af019b01ba364fe0
1698 a2943832d2dfb463
1699 24210d7bead2a4d2
1700 e3458d495bb1a7d1
1701 2ca932ed7a235c34
1702 191977db85a077cd
1703 83eaa93f4cfe9f5c
1704 081c1cd613fb3583
1705 842b1b5fee12b1f2
1706 147e0b7135c19f69
1707 8bfe31aa1606da28
1708 dda98396ce16bee7
1709 6e195f56a0e08136
1710 1cae8dcbcfb1d74d
1711 26d81548b904648c
1712 8ca4ce5645172a9b
1713 5cbae9b96eaeab8a
1714 70d43843ba9f1e11
1715 7b138d4d33312b30
1716 63d5163d246a35af
1717 f53b41aafce22e3e
1718 e82116ca717b4455
1719 215322da99a83274
1720 14ad4a9cfc41c3c3
1721 34f80c4adc13f5b2
1722 0a4aa0a90809d1a9
1723 d03f82a88022ca68
1724 cd07320511069437
1725 0bb726e7abb1777a
1726 f4d82a35323c8dd1
1727 4f72d26b911ca0f0
1728 2e71c0ae514c4ef7
1729 dc2cb9eca575b5be
1730 4c7785bf574f23d5
1731 c0688729b58a2c74
1732 187d092aa3b2c44b
1733 f85b5368aee936ba
1734 04a17645a97d69d9
1735 18cdd57ebbef1758
1736 936df72be7f6f79f
1737 5386cfc65908936e
1738 ccee99f9b781cb05
1739 d2338f1764cf2244
1740 1f6bf5b7d398ac5b
1741 88233605047215ca
1742 cc9d25d4e6ed8261
1743 3ffec9ccef27cd40
1744 1fbf69cd5626e577
1745 e13bd33fffc02326
1746 4c95fb1942c31e7d
1747 4a5a6bfc2012a3bc
1748 7cf7d5d925200c13
1749 3e8cdcd34412f7d2
1750 db9fb034b297f3c9
1751 ddfcf4b7ed1e9708
1752 4250ffc32318e1cf
1753 7a9de3d696ba295e
1754 c82e2b64e0a5dda5
1755 5287ae1640ab6284
1756 5c429ab06ac8661b
1757 0b8bbc5a34fd2ff6
1758 4af565df44a4c10d
1759 81933500d2d86564
1760 e9c01fcecdc38103
1761 b8ada1a1d2a851f2
1762 bf58312d099967e9
1763 3583ea54ca1062a8
1764 ae6968c93be2e38f
1765 d74ae6cb1fba2a1e
1766 78d6324eb84be335
1767 5fb0269e3c5d5e54
1768 d0c6458957daec03
1769 f4bf46e83834ecfa
1770 4f1bec1dc73db1d1
1771 063f640d24adbc70
1772 adfb683c21b9a56f
1773 68c632d6ef35dcfe
1774 e86d5b54a0486f8d
1775 221d1948cf5d8b4c
1776 80723192160492db
1777 8d0ef348066322ca
1778 314711b3ab374361
1779 2e1293a6b96438e8
1780 26601e183569c1a7
1781 85c4bda8f4799cd6
1782 1ab4e4c8b245ac6d
1783 25f5d46dbf5c4aac
1784 b64d5a7d33358dd3
1785 e452ac9b34eee5c2
1786 e3aead11bdf5f379
1787 24d45724fb38e4f8
1788 c984292024c13537
1789 02a4196c6030835a
1790 93b8b39a27993d31
1791 713f6370d0b7d450
1792 18633584316574d7
1793 ad9c3bd8bf915186
1794 251a5bebdd6ef6ed
1795 7eda4e76f4d2a72c
1796 27225e7993d68443
1797 cdc658b98124aab2
1798 4a2aaea73a8a3aa9
1799 1a97c8e50fca1068
1800 6b3fb501d58a634f
1801 2a70f4d27814965e
1802 4ec2f19561e8e2f5
1803 a0be2b543836c014
1804 9836c2d5e7890d9b
1805 bdc3fe16212eb28a
1806 8db63bf66f5969a1
1807 4d20b33620183380
1808 0d04e0a87c988a07
1809 c69823ad1261154e
1810 5158d53a13e1aae5
1811 1c447a3bc20f7644
1812 645173883320265b
1813 4dad5af7a592174a
1814 e5540c1e0adb3aa9
1815 bc27c13274abf768
1816 47b7b01d5989006f
1817 de4c4621ec9bb8fe
1818 db869e205d7a0915
1819 bf8b3c1b347f7a54
1820 459ffddcbe6d3c2b
1821 79ec8cc868bf2106
1822 fff0bb1ac27c4bdd
1823 1c60d94effba2c9c
1824 104376a62466a2bb
1825 98b14aac3c5bb6aa
1826 b7fbc48c6a5b76c1
1827 4775b63f6047a8a0
1828 8ecbf6073efc81df
1829 4bd5eab8432559de
1830 74abb9715b6b8c75
1831 1be083fd18435f14
1832 88e2e972feddacc3
1833 fee01ff140a46c32
1834 05fc290f2dfdfaf9
1835 209eee97c09a7478
1836 dd5c5acd723f1137
1837 f6a15b3cb0a898e6
1838 edc3467c33311cbd
1839 6df1f96c4a30ad94
1840 322330053ff15df3
1841 60223abb459c7162
1842 af33e66bed4d1799
1843 4002181a34b59b18
1844 d7c975debbd3fbdf
1845 6aa247fec6fef0ae
1846 0b03815d21957ac5
1847 e5057ab0eaab1aa4
1848 de7cdf6266eb0e53
1849 b6c2faee9306072a
1850 b07d5706793907c1
1851 a70beda7b191ff20
1852 f1194ffb92954c5f
1853 cd7d656d66464942
1854 50d8d14922d858f1
1855 fba7f0d268056690
1856 3a1cf7b8705e4597
1857 4391828a86228946
1858 07a7112a6427481d
1859 cf8e98c388605c04
1860 0d601cd719232f1b
1861 c1caf2b72dfaa88a
1862 2bb42417679ac321
1863 5133a26421a67100
1864 60261e1166bd4b3f
1865 1fb18438cce5c78e
1866 d52d4de3acf639a5
1867 0de4187738828084
1868 c2af842d7045f39b
1869 692cbdd19e65896a
1870 acd9a18a7e149801
1871 3107c80267dbb660
1872 36b017c3beb9ac67
1873 c14b25fb89034d16
1874 05cd049bb08dff1d
1875 94d7edf1b6552fdc
1876 a255b1a9fcef4333
1877 af3c7ba368077c22
1878 7a18af2a53ec2259
1879 2105bdc0d3bd38d8
1880 0082e69758d853bf
1881 d9e9871af21f618e
1882 92e3aea264093825
1883 02b10d04664a7b04
1884 36af1417b7323c33
1885 8800ddb72a9c36ce
1886 78020c9904318be5
1887 f4ab02b11c6bf1c4
1888 67c6e06896eacd63
1889 cd98372ca3dc65e2
1890 ab3edde51f009019
1891 5569a255616d6618
1892 e0309d5ff494b657
1893 f5f957dfa0e8fd06
1894 b283cfc0718ea6a5
1895 af0f9bcac1dcfb84
1896 e50661cb414598d3
1897 9e0b715df1d4ffc2
1898 f7197e73d18466f9
1899 3d86f89dc26d7220
1900 15bf41181ed7d15f
1901 5dff2c4d83e9fcae
1902 ad68a63c6628a645
1903 35f8191994804424
1904 441c2b2bda797e13
1905 b7eb3685aa75df02
1906 23c1cb249650b1b9
1907 b8bcd6857b772e38
1908 2ce60d04ca0bac77
1909 06c432277eb86086
1910 57139fe05fe7585d
1911 802da7de8373439c
1912 f0aae8d6f8a7a89b
1913 5cc286a3106fb18a
1914 40cb3b54e0221a29
1915 75f5c92ccfd998e8
1916 93fd68093790e227
1917 33f2030b260ec86a
1918 03169bdb746a3b01
1919 6c7385d4464865d8
1920 67db4e268ec4418f
1921 65625ff7c6f1149e
1922 986a3d9f272f3c35
1923 2d06e63f569ca054
1924 120619eb709ff973
1925 5d1e5a9f76e2b662
1926 cfc74c048e413e19
1927 d4fb76a1f938c498
1928 30ec254b1b46af5f
1929 b4444eed99cb2516
1930 652d13832e957dad
1931 6482b6a1adddba6c
1932 2711bcd67c2b1303
1933 0be98e0abd9feb72
1934 3cd916fd5600a161
1935 41656ba0df6ab840
1936 96b56bc20fafc447
1937 64c425d816507176
1938 08e25e4d82970f8d
1939 43624941a81a70b4
1940 edd85bec9f842c8b
1941 64e25feedeb0957a
1942 5c2752e5a25f7051
1943 7494090fa6110e70
1944 4b51db8f061d834f
1945 6f3a38c58dd2bcde
1946 6058d11b57387af5
1947 d2404198fd29cb14
1948 b92a9c72a74bdfeb
1949 85b3c0df0619af66
1950 691e9323307cf53d
1951 affee2c155fdf4fc
1952 888f594a20fc71cb
1953 7249d1f40950943a
1954 1b18a2eabc48e621
1955 2f01b3f5185cc400
1956 6690dd76df0d1e3f
1957 392d2b16c6316c8e
1958 f591bfae2b672225
1959 8f9fe6369c5a4304
1960 3bf7f411e174cfd3
1961 7caebacc24ddbb42
1962 143bf6959ea5f679
1963 8bc461b48e4f8ff8
1964 0de897bfacbbe427
1965 a03aa13a752d80d6
1966 57676c40d90631ed
1967 2ff0997f9eb30e2c
1968 89b832706bf13b3b
1969 33943fea0f712d42
1970 b58f590957e63679
1971 717311ec13c6df78
1972 b38b740f48e882b7
1973 301bebbc4b6b1266
1974 d89849f43f5641a5
1975 4e96b9e6de4a3684
1976 6a4d97060dd88973
1977 ecf5e05c9eaef662
1978 46f12fcba9fdc099
1979 c6754d2db6d9de78
1980 e7eeaea8ef47bab7
1981 960a3448d552777a
1982 784c70fd388c8251
1983 2fa569112b69a870
1984 0a562b11310c35c7
1985 a119c12955c6d6f6
1986 a7d54e0499294a8d
1987 8366f9a2f698864c
1988 b7a71823340961e3
1989 cdcf24c8e7720d02
1990 e608c96d1bda2439
1991 f0786541135c5d38
1992 fd7c715b0e3fb1ff
1993 8808062863c0e84e
1994 103713b1489e34b5
1995 e66d2e5f863188d4
1996 563ba1632e8c112b
1997 c93a11f912b2849a
1998 188186a280e84471
1999 d574d2e9b434cfa8
2000 ca84e5fb8811789f
2001 d68be40cabee6dee
2002 26143afb0ebf6f85
2003 66a8b404d6523864
2004 8bc89a96a7bac563
2005 5aabd9c36fcb9952
2006 67d5220c693cf3c9
2007 755d38004feafe88
2008 084fb6a24d29ce4f
2009 eb48db40717355c6
2010 f8ef81b4f8a3049d
2011 abcdbc4aec54e5dc
2012 99751fab5c7cecb3
2013 812c228344305c4e
2014 fc736ac15765507d
2015 a3eb18a136622cbc
2016 248a2219d010270b
2017 d87968540603cf7a
2018 677a92036254c851
2019 c4e3ada9b26f5418
2020 debef57f02eec357
2021 c31cb41901405b86
2022 7741f1769e48be5d
2023 81c765a32347f71c
2024 23d124d38a293a43
2025 02572c64e2c789b2
2026 a037ffb32791f829
2027 e444b470395c65e8
2028 e3e5c0e7bdc71aa7
2029 0c2add3bbe1b6bf6
2030 74f838cf696b5d0d
2031 744ca848cf5d8b4c
2032 fb1f24a5554cc45b
2033 65236e1690cbad4a
2034 d79098fb315347d1
2035 155e922ebffa13f0
2036 6a2c9bac9387fb6f
2037 8f9c595954b0cffe
2038 0c393927b6380415
2039 cc47f0422512fd34
2040 7ff790c1f1c33e83
2041 9e7f496d57a7e272
2042 716c1ce4b03e6069
2043 9622a78104888928
2044 2cda27fff78e4977
2045 2117f4f7df48533a
2046 e62fe6645c90e991
2047 db134f2d2ddc49b0
2048 8b5171835ded56b7
2049 47c271032826fdfe
2050 d824e6ae13ce5a15
2051 3360824d085f40b4
2052 62106c17d7002f8b
2053 37f8769778b922fa
2054 025dbe8c80e17b19
2055 5235fd3631d39a98
2056 3db21cf361687cdf
2057 bb1e9dac38202cae
2058 59b4efb3280dbc45
2059 4a33c609e97d3604
2060 ac243833765f611b
2061 d22acb2529dbb28a
2062 84999924c762dd21
2063 d1bce2b9eb2ba300
2064 7ab3a6291f680037
2065 003353931d6257e6
2066 23d8a9fe9e15f83d
2067 d66055b53478d27c
2068 e0c11c48891b4ad3
2069 37c4fa02421e0f92
2070 340d2bddf7a9d389
2071 e36043f318cc31c8
2072 f835fe792f9b8f8f
2073 a8660c159bea261e
2074 1351321b703a50e5
2075 a0d3b81c90f459c4
2076 c2d3cfc5c8e40d5b
2077 14280a91285f12b6
2078 05ead510d857fccd
2079 7a091317a06c93a4
2080 0754ecc731d10043
2081 6daa9fe2fce7b132
2082 b7fc2a20f74bfd29
2083 5704c5497afc0be8
2084 8ba98cee678385cf
2085 f1d4425480ddbd5e
2086 59d2395bcfa28c75
2087 98a15259a1531094
2088 e7fa027f792d6b43
2089 2d9466fd558be5ba
2090 23cd2f403d120d91
2091 659b5d5657895230
2092 b983b44179a7ec2f
2093 167dad8ca2e235be
2094 796cae672198d84d
2095 fd388348a083150c
2096 56ec817b2346f19b
2097 da60347e2bac8b8a
2098 c8f5f0c1b07f6c21
2099 6f1da00327d38ca8
2100 b33ab26dc5e3b767
2101 520225de8d18ab96
2102 1d3e42e94efe812d
2103 a3d0034e1598646c
2104 9d189b52e24f5e93
2105 00f7bee6d43e1f82
2106 0aee9ea1297a3939
2107 58d6fc8308d457b8
2108 4e3d00a60bbe8ff7
2109 705597b32acb419a
2110 d033640eea73b171
2111 bd220cd268056690
2112 d193efa3dd5cd517
2113 3b304e19637b7ec6
2114 be8544bee1b5022d
2115 a423c87f6282856c
2116 e0ca83e94c580683
2117 aa28e8552f01f2f2
2118 4a694fcdcd7d60e9
2119 c929bc053cf515a8
2120 e8163b019863a88f
2121 c5421f74f7b7d79e
2122 fca26e53a01b5335
2123 a10ec51aad6f4354
2124 f4ad97b2be3fc423
2125 23cb0754286def12
2126 5154c910500fde89
2127 9f5d963ee794b048
2128 82ac46597523243f
2129 09cd3456f757273e
2130 aa8a58e285e5c555
2131 2bbbb51c3d8b88f4
2132 8389e6ce8d4ccacb
2133 6e5b77425192693a
2134 7394779878fcc399
2135 a12c9b5fef76f718
2136 66eb340a9e4f137f
2137 c281fe27402129ce
2138 cbeda286e5b26b65
2139 1bdee49bc78e846c
2140 388dd4dd98024e03
2141 519e83cfc42c595e
2142 ae3eb39988862df5
2143 38aeae1a5ca53b14
2144 fadeee2dd25c39e3
2145 fa0a189a38bd41d2
2146 8d6d43d633202b49
2147 7381b342eb02e208
2148 9d6365cda552b2c7
2149 fe41b5d10f0c80d6
2150 0455f6b97e8ff76d
2151 e674586ae072212c
2152 b6cf51f8cc155deb
2153 6812ae4f7a7b7e5a
2154 1db52b27214d7b79
2155 8c8a7636ace25cf8
2156 268a8a3707d914b7
2157 0ed0733a57f51066
2158 c7f5734d0abd7e3d
2159 1eb5f3b900dea394
2160 6e01b53ba912a3f3
2161 b166d09c951c4f62
2162 30fab79e50593d99
2163 ac35adcc02c6e918
2164 77ade72c22a7ceff
2165 8da7716db940b54e
2166 d4d1e2138113d765
2167 e7722a847852bf44
2168 24a1f8035ebac5b3
2169 f8b299c5ef63cc0a
2170 010a7f7c96f8cca1
2171 4b0e210b02dcce00
2172 cce5779e93925abf
2173 176b36a3598349a2
2174 e838d2943f4ab551
2175 5cc8cc8ea5747770
2176 e72d89ebef2683f7
2177 c1e82e9e0a1241a6
2178 c1b264a90ef63b7d
2179 79b51f777211f044
2180 9a9f6bf28a30625b
2181 31696491e9fff3ca
2182 e8b9a3eb90512061
2183 a0fe65fa1fdf4b40
2184 902343865f6ee77f
2185 3ddf9affdf5775ce
2186 abb3ff0b5846bae5
2187 a6040b675ff090c4
2188 0601917e506044db
2189 060afcc04b8185aa
2190 fe82405a8a983041
2191 0d7eea74867ab2a0
2192 9364376350e373a7
2193 c76dbd88bfc53e56
2194 d4c988e23327775d
2195 717c73f99ef9341c
2196 f71e4cf8f32e4573
2197 62dcd501df3ab262
2198 29baddda34898c99
2199 01fe68391cedc518
2200 5b026b66657798ff
2201 fab6f2366ab4b7ce
2202 060d874843134f65
2203 adb65de37e473844
2204 9c1649d6fa08d42b
2205 6449d019c74fdf86
2206 aeae37f421746cdd
2207 a6a1a7aa1217c99c
2208 02338e05d7be64eb
2209 83e518eafba0af12
2210 aca4f9067c56bb09
2211 baa0ab40092af648
2212 aa52ae1d63eb5a07
2213 e53d4a82d053f436
2214 61f5537ff57621d5
2215 ef1d0a8a6f2f5bf4
2216 c5e96437bc098fa3
2217 fe621b94b08e7c92
2218 0ce208a17bd42489
2219 ae31fd3228b25ce8
2220 5b27b89ae55bd5a7
2221 795bf8fed87080d6
2222 1c25ae6d15be006d
2223 208ec9d728713eac
2224 27cb50caba2d69eb
2225 da06be921e13aa5a
2226 a8d0f9a5bd67a0b1
2227 aa7d21951f4bd450
2228 b218ee6ca500394f
2229 146127f15178a2ae
2230 7e0915877eac7245
2231 e5d521433a3ae2a4
2232 caf8f09573069c53
2233 593dbff03568f642
2234 3a3ff5ec5066d1a9
2235 bf3beb99140dca68
2236 7801b9df133286a7
2237 e5a984add8a0806a
2238 bb41191a795f5301
2239 b6d81237de421ad8
2240 46c0e8c19a379a8f
2241 2801442e013f999e
2242 3dec1dbee9b1c535
2243 d84fa418762aed54
2244 d986bb4cce68a993
2245 3da073b1446a3682
2246 29b66819b0332439
2247 8a5c52f29f685eb8
2248 6f1a9a043a602a7f
2249 63684713678858b6
2250 d81e44ab8ddedacd
2251 822edb290846270c
2252 4100dc81cdc766a3
2253 f38177fc55ddd992
2254 37966db65ea27d01
2255 b592c3c3c9e2b0e0
2256 b0bb92f5ab00ed67
2257 c3e72dc7bf8cfd16
2258 c39f0e7a16b875ad
2259 f958e4318dcddcf4
2260 5b2a4feb1b9348cb
2261 f751e2f1269dedba
2262 a7396722c537bb91
2263 6788baad699632b0
2264 7bc841008be9de8f
2265 334394abe291e91e
2266 262ac821e6ebb635
2267 90faad48d5968154
2268 2d7c5ce8482ce72b
2269 27a8d34787b68526
2270 6b080d2a1439a2fd
2271 ad1953a136622cbc
2272 97a3057f2be07d8b
2273 45f93703456b70fa
2274 4bb3ca77c27bbfe1
2275 7df96745269580c0
2276 b41b2d0073dcb0ff
2277 1f6e1318ed46af4e
2278 825b409c8c9ff4e5
2279 f0119482c4cd8ac4
2280 236bdca8446cdc93
2281 09a1f510ad7a4802
2282 8f71669f36805239
2283 09150966ef39ccb8
2284 65bbd445111bfa67
2285 e0f6f3ca683c4316
2286 9b9e305c8623942d
2287 63c98f6cf3b93a6c
2288 2df6f9ebd89a097b
2289 61a44e4b5e05a102
2290 45cdad9d6126a839
2291 6837720ef4bf1138
2292 8f2cab92287ea977
2293 58a8654b64f13726
2294 dae91e492afbd365
2295 7502b3bcc099dc44
2296 1a2bfda2c5fba733
2297 ce89ea4226f7f022
2298 81db61e89523f659
2299 78c5c818683192b8
2300 139432c6e502b2f7
2301 f8a9a1ebef79533a
2302 a3f098b82e843111
2303 6c4a27514c1cee30
2304 8e8dde0d36d5f187
2305 fde242859a2879b6
2306 8133e77a1641424d
2307 f385e7e0c0680e0c
2308 5e51da4cf573faa3
2309 47aa302956d831c2
2310 ec2c7c07567b28f9
2311 6ef6bf0b2839c6f8
2312 8fee29c344749fbf
2313 22e50aafde6c680e
2314 846baa04de4de2f5
2315 c258b73b7f49c014
2316 a48c3ab7bc82de6b
2317 ba7a609c16f074da
2318 5383e91bb17c2ab1
2319 2a11821098eb2be8
2320 bc38e9048caefddf
2321 f5383280a26b3a2e
2322 a19adf3563e199c5
2323 2b9000f188fe25a4
2324 fb4fc534760f9523
2325 64253e83b1094c12
2326 479a93d469fad389
2327 6483cfb487856548
2328 06c8378dc0dc360f
2329 037103d6c01baa06
2330 aa846907245b03dd
2331 78c59796535cca1c
2332 70bdb775a64d38f3
2333 ddc816aab1e68c0e
2334 adb7da84f12ba93d
2335 1f903750ae679b7c
2336 e5ae6ce83edd07cb
2337 d926bd6143284e3a
2338 f39c68a0e0f0be11
2339 c386032a078a77d8
2340 cb34838b5ad65917
2341 56c833be6bf0b146
2342 d2a6b02c4b57ae1d
2343 e4034514676672dc
2344 b674eeb6135bf603
2345 3ecd042b98b84672
2346 ff1794bf8326dce9
2347 5ae5ccb8435b11a8
2348 c78b88e1f4eb5467
2349 2aae3133314f0eb6
2350 67f501fff5ed98cd
2351 bd678f48a083150c
2352 0a927428484eb51b
2353 9f65b176add1960a
2354 7034db94ae6e5291
2355 d62375e81fcbc5b0
2356 e13a5acd9113172f
2357 3fc54f7ce3662fbe
2358 0cf3247896b21dd5
2359 1dc9042032a793f4
2360 1b84045302e6dc43
2361 49f83ef6b56c50aa
2362 ff18161cc3ec0143
2363 e0409f47ee71d654
2364 d499111ee1e6c7a3
2365 46c1d814f3f80d36
2366 05e8e3a135fafc05
2367 d31ff1cf2c71f144
2368 0804198b026e9f23
2369 65c023bc0a9b9dc2
2370 4f96df0477e66f31
2371 34bcceb643214870
2372 e0e70b46da1fe55f
2373 fd6f34e27dd4ce2e
2374 1dcdb3bd5adc3c45
2375 375260e8125a2784
2376 cfa044527bfb91b3
2377 676ae9b05d126c82
2378 7097aa66a6a575f1
2379 7d60aee170acecd8
2380 523cc86fc6e470e7
2381 6f5fcb8a285b0bb6
2382 d4c5f991f1996d85
2383 4169dabf2edfc9c4
2384 8a1f007d1451f573
2385 9e1e8f2488684342
2386 854ba0b4a20473b1
2387 d1414c308714d9f0
2388 887c23b8462dc5df
2389 50b72531e6ab4f0e
2390 0a9da142df7d0b1d
2391 7e4142d9ac1af3dc
2392 3e9e544234d42d1b
2393 4c8429f83e514c4a
2394 a22b46fb8a676a41
2395 d6e19b84fe109640
2396 de5b5374c00778af
2397 4e9ff6275d6cd47a
2398 21c1261ea532bee9
2399 750a3b57bedbbd60
2400 3a74c3a40067ae27
2401 133645bdb9e693f6
2402 13a4b219613461c5
2403 8f913c4116b4de04
2404 9a16c84c00ae2843
2405 c2f4e65452fe85d2
2406 ba371af2ca947541
2407 54d7843c103c4940
2408 e251792167eb9557
2409 6a8be89caf2840ee
2410 07c8057e6db09466
2411 a8c0cec03f4a670b
2412 b984cba623f23fe0
2413 efe949ff8b4d63e5
2414 cc19cd8fa0add602
2415 3613a7215f6916fd
2416 b5ad8d24ea0d3b9e
2417 15e3509764771f1b
2418 86df1441831fef84
2419 d74f35328f2d6afd
2420 eb59817ff9af8bde
2421 9db27f49aaba3317
2422 3a2fc337f18247f0
2423 c76d11d6c4d42481
2424 37c9d2407832c3ba
2425 9cb91c85d5cb3373
2426 5ccf9df7ba851b5c
2427 b5400f450733dafd
2428 d56c6ac820547bde
2429 24b94d747cca9083
2430 b9ad37b3aeb0e5ec
2431 216f837029cd248d
2432 881607f7dffe4086
2433 b77ad664f96a2bbf
2434 ac1c545a9cbfef68
2435 711ebc47fc43b6b9
2436 5eafad222ac72ed2
2437 be1d5d88d0a772ab
2438 ed6824c79981d514
2439 f8f0f73dba20e9b5
2440 4f5e0e9222246fee
2441 65acee05f4d55b67
2442 5f22c2f6e5386e80
2443 22516deac383ae11
2444 a0c60091df24c75a
2445 fb841c7339e38513
2446 9bb4103f50ddce7c
2447 9ef2e177db44ec1d
2448 92d9288fd0c40c96
2449 41dbb69cc7fe6ad7
2450 47b11aa178ec5bb0
2451 73014c59bb7edac1
2452 0da95efd6f5a037a
2453 7900db918077f333
2454 333c5959840184d4
2455 15158f93a9bbd3f5
2456 116c2ecf273323ce
2457 4d08e5257510f5c7
2458 fdedd8d98ce80e60
2459 d892e7918ade7251
2460 0ea850ddc91cea0a
2461 0baae85c1fccf277
2462 d79017e6adadc2d0
2463 be15c4e74f878261
2464 24df220f07c921a2
2465 7b59af4fcb6204d3
2466 af60397fcf3289e8
2467 2ca944495b8e35f1
2468 c55ad8b3f1b73b02
2469 9c744c89aef89273
2470 811c353ea2d460bc
2471 1dd4a260307ac275
2472 37657f5044bd0486
2473 5da7091a6621d69b
2474 fc0abb351119a789
2475 d7fd84a3d6771a2f
2476 2070f38ff0929b09
2477 c1294a939ff9c1da
2478 89b3f9d1a27e5304
2479 4b90232634987d25
2480 6e39d6b4197339a6
2481 825b83800f57de47
2482 54580ff6b45102e7
2483 bd0ee610c7fb6421
2484 0479cd59d3200f42
2485 73a1ce6a87ec82ba
2486 28ed68d43725e0da
2487 82f97a661168dfa1
2488 9be3db71e7716970
2489 1d12253af039f499
2490 e2257fde5dd1b94e
2491 cac66547bf49a0bc
2492 89fc17136e78d2dd
2493 5ef426dd602d0618
2494 8bd21c10df23e39e
2495 f2860e390aafd9da
2496 3aa92685b3c32dfb
2497 1a460d96aa7edd44
2498 852401f916b23fe7
2499 e739de032e8f2eb0
2500 53cb052cd8db2088
2501 9c1310c5e7943f12
2502 f8f78a267b05afb1
2503 1a34f9d73b916767
2504 3f91a7df65822f16
2505 6f3325b602ff464d
2506 eeff8671ba77e12c
2507 d47380132596001a
2508 388b9bc39de581fb
2509 9e4e384d60d8b766
2510 fba50cae2a9451e2
2511 afc43eb229398b72
2512 7bdf9e04adfff3bb
2513 7804088e13535f2c
2514 03b96eb74f13c963
2515 18ed4eb8875c2f58
2516 2587a1eccdcb1069
2517 9c742c90a6a7d674
2518 345a79ad7566dcf5
2519 8b6e751a1252ee6d
2520 3eea56ad77b3d22d
2521 c6d961fe91b9a307
2522 bf07be0beffc7fc0
2523 80b6cba0a7404b73
2524 31b524508a196f0f
2525 0213a966d0b4913b
2526 61a16b5ad193a1a3
2527 617c8ec0c50f85ce
2528 7006272947f68d38
2529 e7df44bb40ebebda
2530 2afd8a88123987cd
2531 48db3127222b7121
2532 e0cbb76d9047f712
2533 5735eb2e72ec7843
2534 52a9295a4658fbe1
2535 98a6e6406f65392d
2536 4173f000977ffd4a
2537 c4f90b3ac2be248f
2538 98cdf7cb5c785d88
2539 d44c1d981d2bee88
2540 a1c4d5e44ccf9d33
2541 7ceaafef7a4c4a29
2542 71bee49cefe0cb0d
2543 8fb21fd2e85cf5ca
2544 eb4198d51cbf7cb2
2545 2365449b80cecc2a
2546 dd767fc1a0230250
2547 a0c23d3438228d1a
2548 eb0de22abb3f38f8
2549 7ef537f45e40c99d
2550 febe1996e30c8573
2551 21fee7add90ce8a1
2552 185c4d2a2414f5dc
2553 3bcc27e1ba27feb8
2554 c0e4be0c390a690e
2555 b3ffef0dba3242e5
2556 eaffa90cc6b72aed
2557 ec4ce5e106c22c6b
2558 6fad2a59c3604b01
2559 7a5cc09bc3bca0c7
2560 271e6b44ea08512a
2561 4904ad835a5393d8
2562 340ab667ae885ed2
2563 c98c24a22bbc3655
2564 5172af1b1619564b
2565 082df751d54bc337
2566 6d472af937017b66
2567 1bad8352a461505b
2568 63f875c16c80be61
2569 7db2940862224511
2570 2d0512bcba3e3392
2571 15c4106ab9448ac4
2572 c19e9d30f17d6b9a
2573 e661b33f3eb84be9
2574 6eec0a273ead9668
2575 c3a45361ebbeaf04
2576 b6fb547f1eb9a031
2577 135462f28337e892
2578 52dbacc2a976ea3c
2579 4ebc639725d95e5d
2580 53f9a331d953dcaa
2581 1574cd9a467e57b1
2582 f9d7f8587d74534a
2583 6729b237e2060a23
2584 0156da87087d7344
2585 d21947a0d4222ca0
2586 e1ae03461e3e4444
2587 6dc5f73ac09eeca5
2588 60faa41837dcba21
2589 748f8dbd8aee2769
2590 0e20ff2e460fe772
2591 56a0d5bddb4fa3c1
2592 1dc03b6cd0e75c80
2593 dddea6eeed77fb25
2594 1f1b1e62d7d403f4
2595 9123024502d46de2
2596 7a97a5a15011a3f8
2597 c061f1a430b54c29
2598 5cc941c32e2280a2
2599 e540a2bc2533b058
2600 bc99851e8d05fd5d
2601 8d485e481fb37155
2602 0d1d6339bc618c00
2603 0a85b70e86daf24a
2604 68e2df1d9e617b99
2605 52c17121a0266c49
2606 0dcf4b6685c4cfe7
2607 7fb271e2bb4abd71
2608 57bc6a64ab69264d
2609 2faff04d709cc0e8
2610 2ba03a2e213ec0d2
2611 e309111c6905a5d3
2612 82737cea1b21c3c8
2613 5c13824cb1b8787f
2614 43c0488bb3577afa
2615 b367876451e7f5fa
2616 32cc7178bdf3756a
2617 fadf1da1bd0febe1
2618 9eaadcfc7a69d3c9
2619 89fa3ceae9889e14
2620 92ab0980371975b1
2621 a1d9494fe6c5e161
2622 9cab91413ea43835
2623 2d555516d7473c80
2624 b1b88c13b1997963
2625 7192abff8f102bd3
2626 43e2dbd886b3ccba
2627 9b2ec919d0883a8b
2628 21f4269663a9ef6b
2629 343fcfafcf70ce16
2630 044b435b0d9e0d64
2631 73c0acece5ca39a7
2632 7f58323b56d48a50
2633 c3e5e63f7f4e5618
2634 8d314d06c5d713d6
2635 741684510be68190
2636 17e616631d2a58e7
2637 a7e3b953a4dcdb6d
2638 cb1044337c822069
2639 63775f0182d3c2d1
2640 bb1803dfa27d1094
2641 151595dff73f6fe4
2642 5dbba5c27a27f62d
2643 5aac320fa9efebd0
2644 c1e45e5ad94900b6
2645 801ea2ade30f2725
2646 d9da48064f88f6b2
2647 6a81b92d116e8d77
2648 5627339400d3f581
2649 38345ea0de7dd3f3
2650 be976885c4319148
2651 2fd40f59fc74c91d
2652 2e63ef96ff43e732
2653 16a5a3132fca91e3
2654 2e79876b481f6c90
2655 cbd9e152c5e0c4a5
2656 3a9a1dba04b0e8b2
2657 59fb3760d20fb447
2658 4e1fa3313b00ef94
2659 398ec65a4caa8709
2660 91b793da87a9924f
2661 7c065e492d5cb15a
2662 020792b4c794ab19
2663 7f747ba845ab158c
2664 8175581fc7485fd3
2665 8b055069caf7c996
2666 a7a711c17596ba85
2667 d5cde7a8a7b028e8
2668 cc57892ade5cb1af
2669 86c2a2b6aa6663b2
2670 3d180d0ee5dcd051
2671 9760b244e3390d64
2672 3d05df74f763920b
2673 167dd0d7349435ae
2674 6d182b7d0fadeabd
2675 cfe999e611137060
2676 e01746c36a4b61a7
2677 55b1a7f480619a8a
2678 71220bbd75d57a89
2679 72f054f52c38213c
2680 6eb91aac51960e43
2681 d407c87d28908686
2682 30641334ced39735
2683 a5daed384b2f87d8
2684 06ac833e94a46b5f
2685 b932ed9c8243ed5e
2686 2beeab48dab70f2d
2687 066d391454e23d50
2688 dc4086f5821841df
2689 6e31f0918040e6e2
2690 b8943fe7a1182101
2691 9bc63080e5388854
2692 037c28e3a8b448c3
2693 d3556c8e8303df06
2694 31a900ac831939b5
2695 f315987b315c2458
2696 9ea78aba50ee8f47
2697 8d255b184558322a
2698 8b4b7baf804e0129
2699 4233f7068e7d2d5c
2700 8e1dd55707b7d7ab
2701 1fb0eb5dec997e4e
2702 7e25da931c67515d
2703 cb48524cea1d9080
2704 0ca4a92d4932b54f
2705 5c7d9c5b43c9d152
2706 c94d4f966e5e60f1
2707 e57d1beb54d65384
2708 055383ef03e8e173
2709 e79e6db938cc19b6
2710 3e879addf6c769a5
2711 b4f3f04a57ca2c08
2712 57ee25a037f3b337
2713 6e3c65eeed40011a
2714 f5f016751baaa1d9
2715 2a263559bc13dc4c
2716 ed78c195eb4ad55b
2717 3c194d676beb3982
2718 e625ae4219ef3e21
2719 8888d9fe7d4afd74
2720 48fc61cff628b0db
2721 913b323a937dd87e
2722 096eec84f0c7cccd
2723 86fb4eed87415b70
2724 f7df910ab2e828b7
2725 a28a986fbefaa29a
2726 44e08b35ed7e7359
2727 90773242ae6a8fcc
2728 0321f5e437203c13
2729 99febfb3da9332d6
2730 0bcabf36ecb370c5
2731 5dfbbbdd7f4ba428
2732 3cb0b9f20240beef
2733 4e25391408676bf2
2734 715d6fd5cc27e891
2735 996cd1e3e29ce7a4
2736 8ac8fdbebceea34b
2737 3c580605e0ab65ee
2738 a873f02739f327fd
2739 7a55a9b5a8206fa0
2740 21cf7a484ee186e7
2741 f9b4cdad592163ca
2742 21942ac91e04ebc9
2743 2ee8b27f33f97f7c
2744 45bfc427dd052b83
2745 8bf22416d8b9b1c6
2746 47edf9ab7a388075
2747 82826c8476473318
2748 0b05e7e8c2e03d9f
2749 9b97064f00c4699e
2750 f5478141f13b0d6d
2751 a6384ed8b9e35f90
2752 fe85103694a1d31f
2753 cda4cc3394654d22
2754 fc7bdad26c5cfd41
2755 52bb27d6eb72ae94
2756 c8cb9a8ec0f74703
2757 d3eabc0ce1835146
2758 1c02860cbf81a3f5
2759 f625a8bde353d298
2760 e1721dbcfe7c1187
2761 45a1fd708982d96a
2762 13be473c22c36e69
2763 08c96398db06d19c
2764 8ac7c26045cd7beb
2765 69e2bac85244de8e
2766 83c803571acb079d
2767 6977e3006f9039c0
2768 066e07c0ec23378f
2769 75fc46160366cf92
2770 39e68ee3497b0131
2771 266a28682e86a9c4
2772 e8d8ed6fb6a652b3
2773 6e08869a3c5b67f6
2774 8091d427611814e5
2775 022531e9ac317d48
2776 54a75f2a9de08c77
2777 daaa28853d2b7a5a
2778 64cc13c8995d0c19
2779 70008b58d0d2b28c
2780 e1c8101f24dbda9b
2781 82773a1d01b600c2
2782 9a81e6aa59960861
2783 a4adad926d6a69b4
2784 3ac01070fa0d6b1b
2785 5d05f5de4da64fbe
2786 95ce13db2271f50d
2787 0ccd2a82e48336b0
2788 3d40eef1e0d63a8c
2789 ab57afb1bdb32a32
2790 a1ddd5c4cf93d3c7
2791 6b1fb446a749ddd9
2792 7a376361b98c1f33
2793 ad4d0a0d28a8912f
2794 0b57d3a5060aa12a
2795 9e57f33f1cb8343e
2796 9ab2413c542af6d6
2797 9c832b16c2337478
2798 1aaf15ebc7315515
2799 b6e492c5b6dcb6e7
2800 1d012901c8ace245
2801 daade78ad444c06d
2802 2891fb318733e8f8
2803 a55eab8a76be5bcc
2804 416fa19cf0714868
2805 1de3e1d1c8a034f9
2806 b50ec8f8a1daf4b3
2807 62f785249f326754
2808 d63f29adb963c398
2809 cc6bbde179b5b5f1
2810 c019cfffd25396a7
2811 993851152877e64f
2812 adb2c5725f4b7f0a
2813 db12d277d57c370e
2814 1cf65190f4f1b5de
2815 8d491e2e69f0b9ff
2816 d8f4747f377726e5
2817 ac1e7be2455fdb42
2818 6e8832bcfb5d73a2
2819 b8b24b4ab580a8a6
2820 ced7b824a6a77558
2821 a16b6801e203d20c
2822 5126556b372b9989
2823 69c21366ed22318a
2824 81341ed5bd71c143
2825 7b44e54d41b1aff8
2826 609b1f04860f5335
2827 9c17d33aa3b59662
2828 dc6efd721c747b5d
2829 57fbd98572e88d84
2830 91e428944f3a563a
2831 59a26678e56575d4
2832 6260a319482df683
2833 a3a4a8a43e1c2f33
2834 188949fc4db98bf2
2835 5f59d7b51b2b569a
2836 06ece3c5d83e17bd
2837 cd67db263217e1df
2838 a3bb8dcdc589161b
2839 fe812f7be69743fa
2840 c7f9bee44dee4ad3
2841 47aac28069fdb701
2842 e40c70ffec2798d7
2843 0ef10bbf4d2156ea
2844 056fc1d016225d08
2845 4943970de680376c
2846 46998a83edf9634d
2847 38062cf10aab70c7
2848 f0a67890d297eb7d
2849 1fdd9cc1a90f91f0
2850 00345e69d036182a
2851 5ad702867ab754ee
2852 1cb22531a020c10f
2853 0d1b1732d5f9ea1d
2854 5c190c4f87e0225b
2855 6983f051b169645e
2856 f92253d9ad13611c
2857 6587dfc8946750b8
2858 3fe9c3539a211891
2859 e931e3945534a67b
2860 d1f43e2b7e79d949
2861 a69eb1958f92509c
2862 50ba2229f2bb5206
2863 5d9434acbab6ca12
2864 7b19a916fc332b6b
2865 582d713013c319b9
2866 6cbf468f93a5a0af
2867 c3da933457c4d7a2
2868 d487d87896745860
2869 256b23437c7357c4
2870 f7d69c79ed31a525
2871 d2657d6bb65bb11f
2872 0bd1fd5823c0224a
2873 3e2b05c2352cc5a1
2874 cdd3cbea6a35ec9b
2875 e7234a64d9fdf74f
2876 33dcf920879cb1ee
2877 02d980f039a25d9c
2878 2aa3b243d81d780a
2879 e741a4075ab5b91f
2880 4360aea9cfa6c7dd
2881 71472e22cd3390a9
2882 4063943868055d45
2883 5e5a50a101f82c0c
2884 32cc5cf503be6c95
2885 48257396c02f8039
2886 dea28d5952ff26e8
2887 fb5f304218465ffd
2888 6d4a3bd6c553e749
2889 64c1bbb9ffd253b9
2890 67b2dbceaccb172b
2891 4dc72496c8732740
2892 df4198b101cd41bd
2893 0bdbf737789f8896
2894 d022574bbbe1df3e
2895 f51eae37b1f62194
2896 7bfe54654d1d03a0
2897 0abe3210aedef433
2898 8070d85513b9cbdf
2899 8e3121ecf1a7f766
2900 75cfaca5ef22a859
2901 497b89f885e3bd6a
2902 41b3985003963c42
2903 42fcaa0f8966eb9c
2904 49d8c01cc3cf2ad2
2905 b8c17ecf9630fffc
2906 9b204477e1d5fb64
2907 63f1b85a1fe5b138
2908 6e844185450b04de
2909 85561b11268c2852
2910 2a7c368d47b043df
2911 97e407c44c50deda
2912 c6abb1752e39f707
2913 0f68b712dd389f23
2914 13e862fc848a0b49
2915 77cdee860d4c4b28
2916 64fffc10aa3b41ae
2917 a7101a3d0f633e82
2918 88faca116cdc0208
2919 530b995e1afff5ef
2920 43d992261b0d1ffb
2921 8e6c93d48ab8fe91
2922 bde8a5e12b8a7a57
2923 b2eddfef20b8e78b
2924 070601f03df9b29b
2925 f262e34f890c55c6
2926 348b79c7243567fd
2927 de707516a0e3a370
2928 de3141a0fac8d624
2929 b91b9e39099f5f82
2930 2f1ba57e1961664c
2931 4082e6632bd25ecf
2932 9b26f51d07a12b11
2933 1dd4575559651f01
2934 3cd675bc83314f7c
2935 a260df74a46772de
2936 70de5784cf89f95c
2937 410c3299f1c27fd8
2938 cfd8ed73933fec1a
2939 103934af0165f763
2940 efeb2993d7032c6d
2941 852d93e206656732
2942 bdd5b341a2e71667
2943 c91d93ef8b0cb50d
2944 afa5bb06236a4f52
2945 ea9175cfa0afea16
2946 e525033474d2b81a
2947 c4d1731949f72aef
2948 f9398710b02d669b
2949 cef98612721fd153
2950 91e78e973b61b8c6
2951 1368379ada9ca9f1
2952 eece9f4bb4656286
2953 90af503c4e73e3c8
2954 6167481de2ed7b2b
2955 e8b2d9797d9d27a5
2956 625591267ed4b8c7
2957 fa7addba92191b78
2958 34f95419b76ff9b1
2959 93418deb1d08cd4e
2960 59d8e53ae9574e3f
2961 593c83e3c0a52b79
2962 04fe3dbb51033e54
2963 746313bd9d37f782
2964 1e2575969692108b
2965 5c80cef6f918c67f
2966 95da5db3cca09c54
2967 87977361f7404e96
2968 5116068ae5c2ff8d
2969 267783ba2e3d4276
2970 12abffa708862ac5
2971 d246d6ab5508e770
2972 f73dcc8d82df00a5
2973 68a8af44b6919c43
2974 042db56be60c409b
2975 ac426dec71062178
2976 0b7fbe2aeb614cf5
2977 8d97ae2baba867cb
2978 a27087e088ad10c4
2979 86291ef4c3bccc5f
2980 52c1f38e82fdc62c
2981 49dedd6c37d44e1a
2982 5a12a4faa183896f
2983 ab24b0deeea94b1c
2984 c673abcdf0b33a0f
2985 5f92115ca56bbef6
2986 e5e77a97b0224691
2987 e3257b3328b7ccdd
2988 3ef1b67444646ddb
2989 fbc10e37a76ee4dd
2990 ddedbc4389d05904
2991 af87c7e98b0602dd
2992 cfb81e81e693ce28
2993 2455f841583ea46b
2994 e4d983e5720cf9e5
2995 883539ba58405702
2996 f2f6b709924c3c46
2997 ce81c3a11560e35a
2998 df628f5fabe904a2
2999 455476510ec6355e
3000 080953e0a71df3c4
3001 54dca5fe7db340bc
3002 9db7727dedd8667f
3003 e85f4a59c32ea623
3004 c361d0e4755161f6
3005 a2e9286cba8915d6
3006 6ea10aaabea13902
3007 a65d705a60fccb7d
3008 5e06ea1d8e2b6f78
3009 7cc0a6fbcf6eec6d
3010 200341be1c11e384
3011 3bc40838e1205a0f
3012 a8cb329c29650942
3013 807b95fc72766681
3014 bcf4c90162fd4754
3015 4506121b1fb856f0
3016 91536d8d05981f40
3017 c35d656ebefc4248
3018 d95f0a3015bb9377
3019 504febe7b9883b72
3020 0db8665baffc2e8d
3021 82c7b2bb8f7a9036
3022 985d907cbd8067fc
3023 0ac056bbe1e6323a
3024 77d54e7c9f01faa7
3025 c3dbb4300783706e
3026 2c9988c6d1b1b2eb
3027 51f6ed1c3b0558a6
3028 fdaf43b03b931809
3029 22540845342a3b9e
3030 50853229dda5de2a
3031 c25bfb38fffb4482
3032 b2c06f4779e23c60
3033 286cc2b0a84b8140
3034 b7728389e639a161
3035 400ee0392dc3ade3
3036 23eb09e12533f32b
3037 cacdc80770811547
3038 18eefddb669fa324
3039 235c3c87cc967190
3040 556f78d658b5bd22
3041 06d371bd036b83f4
3042 35faffbc25b527b5
3043 47891c553df8f803
3044 28caa5f97d10e479
3045 0e6552610ace671c
3046 11249bae7d0331ae
3047 462506943f8ceae8
3048 b35d6e0c311f88d4
3049 ce7e87be9fe8c7f6
3050 1fc8274c5f00f5e4
3051 89eb3ad5d0325c77
3052 0e8afde07290051e
3053 5c1a21cb222e04ba
3054 3a52f6b124e68f24
3055 22067d4020d36b7a
3056 ef56e00c91063bdd
3057 7ff2abc05fdc0608
3058 fd11b4471b8097d6
3059 2e84bd3b05de65a8
3060 af4cd6d13f853f5a
3061 19fa4dcf0d906feb
3062 15f146ef0e4e1c94
3063 883590102cc86c5b
3064 c724a1f1486a3923
3065 28262c5afe2a07b4
3066 cc6e58302a3ae361
3067 ef98bf78d948f778
3068 0323521c5d30c0e4
3069 af95d5e55e47e2de
3070 67435c4e1217e028
3071 0920bfde80a345ff
3072 236c6211b5a7325f
3073 3c7bade06b4ec63a
3074 f0eef7fd0dcdcf58
3075 9c27d8e145b843c1
3076 193c0057e286d353
3077 62026bea93652760
3078 8c1e74b47fc00a29
3079 f309958ed66a51e1
3080 d87362433084822c
3081 c189c03b1e08df45
3082 9bc458c3bd0486ec
3083 eb1f31faea1d174e
3084 ca720b8d843f19ec
3085 9c7a6b6305d9063f
3086 db1852a4e7aad6d4
3087 20790e0eda977892
3088 47fc5ffb3e032a1d
3089 ae7e15a7ea5accbc
3090 050b3e4c1923ed33
3091 698b8d178f8599cd
3092 d099fe5b788db7fd
3093 0d5635dfcb170e8b
3094 b86f674ba1ff212d
3095 9a8ff0909e176f51
3096 640149f38fe78bcc
3097 b5beee0b2e336096
3098 2be805bbee55d2cb
3099 19a58f622b42bdc1
3100 acc6f121c61bbd3e
3101 01a31d3625648dba
3102 4a30e81cf7952d9a
3103 c7ab65ab07e7fe12
3104 1addebfd34699849
3105 78b3ba580ba65e30
3106 3be96a0914540636
3107 d9fad973e96ef1c6
3108 52507c8ae2c1b1af
3109 809229390dbe92c2
3110 83992089bbca856f
3111 d18d27f3176255b2
3112 756d13dab3e70f02
3113 d755ac4b528784ad
3114 1cfda29c6f7611a3
3115 a4485f0a7a2256d6
3116 1776beb306ce80b4
3117 272443c441c763fd
3118 14ea89dc9bd5a750
3119 019e8e95a19b5c2d
3120 389a95dc791ee844
3121 d58d5ab54948b4cb
3122 d37ceb791f8c9098
3123 8791e04f407c3f35
3124 17fb5b6dcccc8eeb
3125 4a77f9e4d282b2e7
3126 f5d328d01a611483
3127 388e6eb9f0e24de4
3128 a98541e4e575de15
3129 ec8b9950fa7207db
3130 58f1c109f9e3fada
3131 bb60de06a2c8b951
3132 dc7387aed2f47d59
3133 4f4ed07fdbd443ec
3134 9a77cd448a3cea88
3135 f9083ec2f5ab6a77
3136 e4d3f0923cbc54b0
3137 6579c486a75ce985
3138 feff8c3d793124e7
3139 3a9d6f922f7ffb3d
3140 b004b0f5732e3e03
3141 4f392a30449546c4
3142 87326fed89353b30
3143 7dd33c2499e1734e
3144 2ee1764df19b7cd3
3145 c8ab2639c4f74e77
3146 2d83045e03f9adec
3147 14ad9b8249f95726
3148 5bd5d5b2e05dbb7e
3149 c2950c9b7ca45e0e
3150 2785c072b70d35e6
3151 4a8698a94ae132a8
3152 17055b72cf87c15b
3153 2e4637b534c91108
3154 95b1b1df21923df6
3155 d36ec85f61d58901
3156 b906f1ae11e67e26
3157 470198b5da46f932
3158 9971e3562678b141
3159 3cc24ada9597ee18
3160 74e019171852da4e
3161 3f91775c0418b2dd
3162 0682360ef348c7ca
3163 63572202276aa64f
3164 07d83c41a4d7d21b
3165 b495aae9664c5e5a
3166 33442b1f5e6b2bff
3167 aebbe811b42d9646
3168 be6d6dc93845e04c
3169 3060e280b670f37d
3170 5b3a0945a2b6193b
3171 ed609665a1e30e89
3172 89a499c838cadc5d
3173 719d9abf0d39bcfc
3174 92170ac67ffcc536
3175 4b61c9847f92b529
3176 c477bf212ab9f0bd
3177 0008caf294bb166b
3178 8cf204a25a5549fc
3179 d7f006cdf622221f
3180 62067f996387e87f
3181 310062e442d945b4
3182 34f449c5defc3818
3183 c34f863026886d70
3184 64abf9b6bef63010
3185 906da0792b1c0286
3186 48792e0970fbe756
3187 ac9c91dc573cd046
3188 668026540701a56d
3189 1088d78b2e749e5f
3190 6b9deb00364130fd
3191 9862ca82c06d1cd4
3192 f9d5499f5fbe9c0c
3193 15e41cfb0d903113
3194 8ebe7a82c0ceb464
3195 48db49f5655240ab
3196 f8f603c5fcc1a8ab
3197 1cf726e687da0d18
3198 3bbce2bbd3b5e591
3199 20c5cf9b4e002851
3200 0d091dfc7bb6b5f8
3201 68de0bc85e43052a
3202 1646410235cb252c
3203 2aa7d78d9c69e4ec
3204 1500509ab872184d
3205 5f6a90514cdc0679
3206 e5f50605a9a92672
3207 33d80badcd4f9b29
3208 e03223532c575fcb
3209 00bfd06fb40b899b
3210 68cc820b28d7ac5d
3211 3518f279081abe79
3212 0e9ab8e7b49ea28f
3213 1fa86311ca28be9c
3214 bad112c47f59dc92
3215 17c309ab0f3613c1
3216 f3593d25b43cc14d
3217 ff97cfe3a7d43981
3218 dbd5f44132aa35f5
3219 bea840f30dc0b68b
3220 cca97c3647708f39
3221 1f5425c7745dea46
3222 91670dc18403cb75
3223 389847276cf4d5cb
3224 fd66328e56e377ab
3225 6f66336102f49354
3226 80a23204f1e99846
3227 e6dbbc877316e83e
3228 f874bb4dfbff2d82
3229 98e448d4e0e474e0
3230 e06a4948bb8f47ea
3231 4e801437014a84fb
3232 da24bae3fefb4a45
3233 6031a04193801917
3234 f98fbb4fa6b6daf8
3235 b978c2778d86d42c
3236 3dd2329ed2950738
3237 a7d0f7356be5bd22
3238 7aca9b2152188e77
3239 e26251cdb2c48886
3240 f4d57baa12f86391
3241 103b37621535d4dd
3242 c58cfa55a781f5d0
3243 2f0a32fc402da031
3244 dc9e9661928e57e7
3245 5ef100755726a033
3246 fa6432d18e32dcf7
3247 98df234fc299e5f1
3248 b50baf609f282a04
3249 97a043d904d1dee5
3250 155298623caeba74
3251 0d01220c26e14995
3252 0f8dcd04cef89da0
3253 b76f7056a41eb3bd
3254 0e38c254a5dc882c
3255 7c69bcb63e6998dd
3256 923d90c3d8abb915
3257 677f918325b30031
3258 7172128361f504e1
3259 a38393fc0ef75a19
3260 f22544f7571d9da7
3261 f72859a14fac739f
3262 f8a871935f657195
3263 3d2ed2e485804022
3264 0cfc90f0c009d77a
3265 56537b31477f8457
3266 981588bc3c9cc497
3267 874415ff8ac1c637
3268 ffd4b2eb8cafbf09
3269 8b168ae6db2a7444
3270 37edc597e9010d17
3271 0475a573fe0cfb37
3272 1cedf048394c10e5
3273 aff1600179f1348b
3274 b4bd0005683b799d
3275 878cb80ab258cfef
3276 059ee0dc8b536f6f
3277 bd7c30b28ee28555
3278 1c2edf1f32a9cfad
3279 e11ff127098655df
3280 3d24d72233599653
3281 c1fbb54f7da2ef66
3282 84d487ff2952cbd8
3283 44bf786b91f55fd4
3284 8f3de3a0bacfc7a5
3285 f75ee7e631662d13
3286 090e237b3653d0d5
3287 1c2816057df5e6b1
3288 6bd8e6a6dec5711d
3289 e70b857e06e081e2
3290 117c8722f28105d8
3291 1958adbfd3238765
3292 5cbfc88e97e5d6c4
3293 0aba6adf7ee0141f
3294 e44f409845f97760
3295 3dd68c5e776ff798
3296 f12a50a888a5130b
3297 7c1a9932b1fab5e4
3298 d55923b33a6d7b96
3299 505084c7441138d5
3300 8ae12818c33c8792
3301 26bb9474d37461b6
3302 7d1b7fd9ad9aa7f2
3303 c56ded06e8ab309e
3304 0e82d9921d44bf7f
3305 35d0f19fbdc3a976
3306 f04c697399445fc6
3307 ed9105948f3250f2
3308 bd56051979c31c5e
3309 f5e7e44aa8448a22
3310 b912c0a0ca4de499
3311 2a8c8b47c885f4e7
3312 4e9fccd949cea1d8
3313 9012ac1a1c41abd2
3314 0395bfd1e673ce56
3315 34fa8f7e875c9eda
3316 0faaaf2b2c4b6070
3317 692e5ab1921ae6b4
3318 d268669127ec3800
3319 310d1a5dc2e77985
3320 111e1a270f4dfd53
3321 b46500061bbdeb69
3322 2324a258f5eda65d
3323 362317f2886dcca9
3324 289df75fde80bfbe
3325 2e2e63971eec30cb
3326 6cc20a63f54b7239
3327 8fd310e7f2740c0e
3328 73f7b5d1171b1958
3329 893c2e6476484feb
3330 9e0e254237070771
3331 db7996b36faac62b
3332 49a30b5033cb7e8b
3333 ab127e73556e22f1
3334 f46e4129e93df69e
3335 3c3571c5b2d07b35
3336 c54f54d0ca4ad8a5
3337 ddcd6125ead78c83
3338 c3c35c659ca1af7a
3339 abcae7b917ec1531
3340 caaa5ef61ba6b70d
3341 7b04891260858ed3
3342 68bf4fb3c46e3fed
3343 e71cbcc983cb40ba
3344 75271025f089a2c7
3345 cd1f167259d5c4ba
3346 ee4ca66f20bc7fe8
3347 6def6b917bb19d76
3348 8d54979104e19ef6
3349 c10059056ed0d1de
3350 2132ba5d5bdaff22
3351 76a0fa4259dfce90
3352 490c876d0cfa49d6
3353 5a054af0e9780400
3354 98a853456a76e44c
3355 4e3805af7642388f
3356 8db335390b96d2e2
3357 b437718ab697c945
3358 5657f95499031a90
3359 eb6f1eb9c591fe5e
3360 04cc17e72acfb603
3361 08974a612171f2d0
3362 9046d23dacff6178
3363 2617c8f01646db64
3364 fa159962a0f87d62
3365 d04568a57f9c0210
3366 c00aa0ce3a0360a0
3367 29b8466d60160919
3368 609d183ed27efd26
3369 711e7f421efc6661
3370 c740351c53efb7e7
3371 f070409c5caf6ed8
3372 e9354ca4901d27de
3373 730b1d2a4dd2ee78
3374 4d99056ff4692e80
3375 2dbbf357e4bf0076
3376 74d46cc15604f578
3377 472c708f8200c6ab
3378 0edbd841189ee2f9
3379 78501341161defe3
3380 b9d34be1e2f6cb12
3381 656428d9a5bcdfd2
3382 7b488e5cb6a75ec3
3383 f29b9a7c68c0645e
3384 9054389e5142a24d
3385 964df9af9096efc7
3386 0ced83afce6daa75
3387 fe7883481aa794fb
3388 28ef9e18a48b67be
3389 dd8c5ef1c37b6c1c
3390 9d207e446583b074
3391 f38cc06e6d6023b1
3392 2d7fe8fca649a9b7
3393 2b8c8816c5c0dae1
3394 d41a15152c998dd9
3395 521da431d7fe7a0d
3396 1e55b55957a71db3
3397 157a610ea94d4d2f
3398 356796044d1e848d
3399 b683313d2d0e3817
3400 25f0b4fb29014cab
3401 bdebf4d8e072f212
3402 eb6013923761d1d7
3403 3e56c107936ef349
3404 e351c2a1f2043371
3405 0536d79864bf563a
3406 e3a60ce3fb28e579
3407 464e1c6974e93fcd
3408 97df6401a482b2a0
3409 331044eede151d0b
3410 111e0f068e5f8a74
3411 3d42198cf52ba7d4
3412 bff74b8ccf703f85
3413 eaa0188ccb4a0788
3414 8454baf2f993f2ce
3415 93a7874c2a37c322
3416 d6325bd20206abd7
3417 0c23af00af23ec9f
3418 e5052e10c0482283
3419 c249a4dfdd5963e9
3420 7a78da34eb000c40
3421 25c208f5dc6eaf20
3422 8445076076ad7bcb
3423 4e99918503f8c2bc
3424 74370186ba70db77
3425 afa51462aa81c77e
3426 3ab0740d450dd53f
3427 8d13fae76302e01f
3428 53f24bb52a0d6277
3429 02b8c719c0699653
3430 7fe393a907268202
3431 e225b7e8570f6154
3432 a04d8f4e6f555103
3433 5e977129978b7214
3434 2d5b3c906c7113e8
3435 2d0fe54338be9625
3436 a20543b6376d52f2
3437 a461c1ad838795e6
3438 e048a7db1f216972
3439 fc09bf17d5470659
3440 7a387c5af272a457
3441 4de2de499b35b31c
3442 8d857a2d443b2b82
3443 19d5b3b2ad80b9d6
3444 7e7568282ef3f1bc
3445 04b713d8c6f59135
3446 684c43345babfd7b
3447 efa501091a1a512f
3448 9f97bc3b38289af9
3449 0822703a8e7939fb
3450 30dee3af27fde25d
3451 dea0bacfaea9794d
3452 13ff36e35646dec4
3453 8eab2d5399e1d637
3454 01fa8485fd487a4d
3455 9ff52b8f34ca0707
3456 15b8955483e5dd2e
3457 8a00cd2e98f13f43
3458 03e15be84d078dd8
3459 c1f930f617b8f5f3
3460 4b97e7fe65823fc5
3461 81c1a0675d1a2ff0
3462 e896b9d2a8ffe4cc
3463 3aa66a8de823fcc1
3464 65cb5a90b5bf8150
3465 7e29ade5d4cfbe91
3466 df45fc06a36e6352
3467 d3f44cf925673887
3468 3b016a1b353fc746
3469 8aa404d885bc3bab
3470 e79c4a527de3efd6
3471 6d59fa22e13ce581
3472 15b6535e102c0799
3473 2e185ee096f3ee43
3474 c99c1ea6b2c7adae
3475 a8fb8629ddc6c495
3476 e79b7d55433ad406
3477 f06ff5790f2c93e8
3478 78a80236a9445216
3479 0d31b060bc8447e0
3480 153377dbed131c27
3481 d4e48274a93124d7
3482 10b4a6632c7f78af
3483 37a606401d9243b7
3484 62091eadab28b841
3485 ed0375515ae4784c
3486 1685e3883fbc8dcf
3487 4aa32cdfce2d4f19
3488 189252b68c606e65
3489 a0e42cd75c6d335d
3490 8f470690c19859ce
3491 6f6b7a610447abcb
3492 13e2ef75eb00e10a
3493 5fa6b0ae68b1be23
3494 3a9c240f9bb58c53
3495 d2445671896c0995
3496 4a92d2e29c2bd5d7
3497 1828ff6c288ee229
3498 4bb31f29863c1a90
3499 bf1ac94f2a9d590f
3500 396e4a58d8170f27
3501 555c377b77ac4502
3502 7e95a0d7686459c4
3503 e56a87532855735b
3504 2169ef53cc0ec6da
3505 eb7b6ff093a1f7ea
3506 3448e8aae79ec648
3507 6ddb825667794392
3508 046cd25f23ea97da
3509 5a24ceb59fccbbc5
3510 3cca6e06560b2114
3511 d206e1b239280ea1
3512 d3aa3b29780ad8bb
3513 7d2919774d2844c8
3514 e7289cf363cce51c
3515 15a7b8b8e87cd5e0
3516 e61ff6baaa59df1d
3517 60f4ad390e1c4a97
3518 44da88a5bf5e9297
3519 170ff62d8e336cb6
3520 daea075fe3437da1
3521 5f222fc7f9cb9038
3522 bca11a2fc579c68d
3523 3c8c4c82d8082ee6
3524 c48ed967e30db72b
3525 f32ed899904a5b67
3526 788fa3eda881f2a2
3527 ee144d8f598228e4
3528 021158343debd251
3529 22402b9d3d853374
3530 eccba7f7816728d2
3531 de435346202475ba
3532 dbae6e939dc322a6
3533 4a3e9568a0ff8e98
3534 ed9e1b4da8a43881
3535 45bba438c9a43d42
3536 762f08528e03076c
3537 8dea49aa44784939
3538 41413712ba2a0b59
3539 0022f9ccf6e38697
3540 88fae232ea142f51
3541 a41ff2d04e7b0c7b
3542 fee11db391dc886d
3543 4b08880b0886837e
3544 0fc468981a97f966
3545 cce572f63e5d6d09
3546 b6fb1f9464ebf25f
3547 d19590123b68fe9a
3548 1b15cf224ea20a2f
3549 f20400d84bf41c0f
3550 2edadf07ac467707
3551 b36845995715fbc4
3552 aee78bbe46daf763
3553 2bcc48e684238a30
3554 d2e76a921d33d373
3555 ecc5a778a43a2b51
3556 c70870bfbacfab52
3557 851b9c41af4cac6a
3558 f38d7c770fc993eb
3559 45ea4b8dec6d016d
3560 6fb5b1a1303039ab
3561 13c2d1362d2b09ea
3562 ba73e984a63cb7a5
3563 995069a897d4ad00
3564 7429250096b0ac34
3565 6932997e2f6356e4
3566 b31630ef2291466f
3567 212fb406da0df153
3568 55b42989a1c7f267
3569 1994713c42a02cf8
3570 c958b296c9a6eaba
3571 cdbc882b6e0f3742
3572 4359b30afb8b4611
3573 be4b1c908cac0c83
3574 e205becdfef0709b
3575 0fcd809d37f225f6
3576 a10f248db5a54d08
3577 41c85d13493be8fd
3578 392747a153eff0c7
3579 28d5fd3642a008f9
3580 d86e67ecc4003535
3581 8f9b23826a23bc33
3582 6e050a1dcb72083b
3583 b20f2ec78a3810f7
3584 b0ab4d5ce0314a50
3585 ea71e45f45ab97aa
3586 40b568f1d74bca8b
3587 3360bb0506ad9c49
3588 b73e9d7a113b3538
3589 1a25e7832995dbd7
3590 5413b19d15594bd6
3591 581356c5f264f0ad
3592 88b680d6ff5ca1d1
3593 0a32fd9a11dc2ad6
3594 988c71bb7fb2f2b0
3595 1e99eeb8e8603e47
3596 adbd61d44e8bd47a
3597 5f440f46a29bbce6
3598 de2118b8b123993a
3599 2f9db83cc89094b6
3600 6a58a0d5df2d5dba
3601 91ba10667941b738
3602 0fc50886e7390683
3603 7036718c7561eb78
3604 62c72d6de117f98c
3605 56166b2038398921
3606 63002967b1103657
3607 418b9dc7c4bd74e1
3608 22b451b51fced6e6
3609 7b6dbe8ea1b42cbf
3610 a5a1445b3e7f8779
3611 ad8248495f1052df
3612 719c79d64fd7f8bd
3613 96164abbcb34bc64
3614 4e9e65cfea35ff75
3615 a1dde61405eb530a
3616 d5fa97a15d36f0e7
3617 7704820ff905cf1a
3618 a64641dd97cc663b
3619 26effd1b515c5a38
3620 ee5aa7b6ff7cabe5
3621 f70069c75a6ed6bd
3622 4252b60b04032075
3623 0292576ba44eb8ae
3624 73d5cf10fa9d0240
3625 1e1fd8c13d02a359
3626 e173acfc6a2a1a89
3627 d2953a9bcc645b19
3628 78ebd483f14824bd
3629 dd862680e491da5f
3630 4bdcfe3313b1f9f8
3631 722b53f0d02c21c1
3632 6afec800b076ad17
3633 1bec3412689e4978
3634 001598a5a9bdd0e4
3635 975d04de7600b2b1
3636 4c09b4b41e996e4d
3637 38f70113112524f4
3638 fd49a6663e94b4aa
3639 3ef19253e62cf7d5
3640 f353dedcd7a65ce5
3641 84e5985744ad5156
3642 298e8a49f0ec295d
3643 51a1326f071c4101
3644 3156e1d8af92f2de
3645 7116d13bab370dbc
3646 6bf360911dfd9300
3647 c0322cd00d706394
3648 e21a049410531b78
3649 efa6aca48decf2ac
3650 feaf0dcfab099dc2
3651 54f475a867581440
3652 fd8ca7a23b93c49f
3653 40063ca2c59749c2
3654 0c9a2bc14715601c
3655 f52dca964f7b5e68
3656 7802b67e743ee000
3657 52568be661f7d76f
3658 fafef3b25cff6f3b
3659 0873cbdf003b1f7e
3660 056649fcd532666e
3661 9933590affa48f06
3662 f0935a453bd1f893
3663 a220c02d95bde916
3664 59fc335f944c66a6
3665 a2492bdef7b90be8
3666 ebbaa6410d4a2a10
3667 f6ae1fb23188ab28
3668 894de9fb4bbb3fd4
3669 79e5e3d1eb2139fd
3670 7fca167952dba25b
3671 c23ea4d51762a033
3672 7c6566f0d3715309
3673 f9a64bcae81dc288
3674 3ea3811a2ee392f5
3675 7d6f31df5571c77c
3676 7ae392d3118df077
3677 65cf6c87fb691a9b
3678 7b692e11a17f32f4
3679 0fd749d7047de739
3680 04f4e9fe027939f6
3681 59ed2f1de4fa6f94
3682 f2cbddab983fa7f9
3683 453f0257cf6d28e3
3684 77ee5759361a081a
3685 456f77a833d72533
3686 710d0779a3008f34
3687 86a3f9678f480fbd
3688 9be556df311b77ff
3689 4e707b778dc65922
3690 44f64b0ded2aecaa
3691 c454daaaff7e624e
3692 7eefb2f6aac97408
3693 bcb43ba3b0e69c07
3694 7120f27253ba256e
3695 c774676f73e693c1
3696 d269d38b79fac650
3697 e0b9dc84b8bf8fc8
3698 44449811e630083e
3699 0138a212a2f597ff
3700 ad1ba6aac3c05ec0
3701 98c11b0996ba4fea
3702 df18a75b45ad0a53
3703 a1744a79c017197e
3704 567132bd4dcc71a1
3705 f57c6e7c294f3771
3706 d6c2b476ed4b5624
3707 e9466012e5e8de27
3708 c1bfe7c471da55d4
3709 f3a86d957ca90b7e
3710 efe0e10f2f2c69e9
3711 d8f5fc075a18213a
3712 8a95323771c02aba
3713 f9f9012f74ae956e
3714 2dcd587a74087796
3715 49da542ede66238e
3716 3cd3cad5960fa3b5
3717 a13d13e7c3292501
3718 802bb9dccfb9840b
3719 c2a87ccf0d71be68
3720 1e3c4bf4e0187327
3721 37b9009c913f35d6
3722 071b1fde543eef36
3723 a00db341e2f36c1a
3724 11b55c3e2a894b38
3725 6ab991bcb27b1c51
3726 8ab31a6c3fa218d9
3727 aea8b9ab640f42b3
3728 669c41c2e42acfbd
3729 e4e06ffdff884dc2
3730 e55c3a82aa9ffa5f
3731 9a8912044204d13b
3732 b1f051579d88ce8e
3733 b95b3c1cf33a50d1
3734 18bcb1a58eee4101
3735 047ac20732f834c3
3736 dffc3899f11a6e3f
3737 29d8d3274e7d3831
3738 8ed3fe88c1d21a18
3739 27fdfc8c00df40e2
3740 1d5cecc9f7a0d774
3741 ff30dfb05b6a88f8
3742 839bf4919567c430
3743 b335bb24c2950c8e
3744 9c36f5f6c54db1ca
3745 bafb5db23873e844
3746 b5bd257afbf72ed7
3747 d6f6cebe24a1ca22
3748 61c824feaf465ddf
3749 b7cd3ccdd35e2c72
3750 2e703d51a611f71e
3751 4b3505a827ec14fc
3752 19306aa3d82bc8c7
3753 b553237a121d254d
3754 47b96af7a0f8a971
3755 21a627fcd4e68e4c
3756 57b5cbca9397f0ab
3757 a3dba973f4d4dc5e
3758 9ead6499468842e0
3759 7c4dbad98dc1fd94
3760 4700ed76f1648482
3761 cd7527133485cbb1
3762 a5a93cd6645511f1
3763 7e2699701da01be6
3764 5efb3af7980b9169
3765 13fbd44bd19deaa3
3766 b54fc4edb6867c7e
3767 9dd88fa9dc3622d8
3768 5d14c7269eace996
3769 5097a7b4d9507e0c
3770 2e1932aaec951c26
3771 58dadf4cea606c01
3772 a776fcf33631bfb1
3773 973a4cb25af9de91
3774 b0d5376d9b9dd2ae
3775 7147bc0221fb258c
3776 26eb30e92c9da880
3777 f018fcf2f220d9eb
3778 82ffd106bd5e53fd
3779 960851c3383189cf
3780 ad75e080d46728f0
3781 d34d30ec9d0cc02c
3782 6ea72ca8e47b002e
3783 d9368c37804dbf55
3784 fd6b030d532150a9
3785 e2921a3c47af9064
3786 357fa2fc40c6ec1d
3787 c559232935bf9588
3788 5780c4ee444bfa0a
3789 62f3d70b44ee92fb
3790 d276b826b0f63342
3791 f50432be9db9f708
3792 d9117bc541f8ebe0
3793 1e5a5fc71efc3a6b
3794 ebef72d627116fdf
3795 37319b55849d3acd
3796 882c1516fc3740e3
3797 5edab3bc2aa98f4f
3798 9286ce4d87710c41
3799 78c47de5b6e7b6a9
3800 494c21d74756c703
3801 6a37919bb31514aa
3802 a311ce59e526880a
3803 f813f17d3fae2298
3804 8e6dce110b9dd21e
3805 f3fbb34393eb7df4
3806 e9b981631b459e0e
3807 c22595d18671eb55
3808 74b45839a19c12e2
3809 4c4bc5c5a7378adc
3810 164c2bb9f3071e60
3811 9de253434d493476
3812 724629fe5d3ea88e
3813 4bd9eef3d6fc676d
3814 1d984b72f13d4086
3815 a1d415d4d3574035
3816 5c031607a1bca918
3817 65680d7877c45784
3818 684bd0461188ffc9
3819 3d25b5b832dda03a
3820 0819c7868fd0aba9
3821 8df9f170c1b44c23
3822 e0265d120a280ec9
3823 009274d6c0ed3068
3824 b98d717a461cb2b3
3825 6b7a8ad4fae21137
3826 bbc8feb202b01bf3
3827 752dca40b57b2714
3828 9500a49b31ec67a9
3829 6643dc0ebfffd653
3830 4d631b427b838035
3831 a527972bc008c5a6
3832 73878e6ce0c7f07a
3833 d70b7d22ede592b6
3834 6ebd95ce6b66b53a
3835 ef64b29b07ec7834
3836 d89d4564ebef556e
3837 9a654b1fcda13352
3838 a61a1115134e2f1a
3839 47c36a6dad26cb79
3840 1245c0c0962790c1
3841 c13971ace093876c
3842 5b240b7894c54eb4
3843 3371a7621f0fec95
3844 949ba04f25972744
3845 a34136db5314afbe
3846 ac990474ee1c56aa
3847 8624f0bcbb86ee16
3848 29cecac801e04533
3849 000860b648e2e8ed
3850 d427a8ab02dc4a74
3851 44ec811fb067aaf4
3852 8315646a03518040
3853 01f936f8b2286b1e
3854 41cdfb4a5345bdfe
3855 b4c5d2dc25eb793c
3856 94da4ba3950ae30a
3857 1cb3be122527704c
3858 0c078ebb7fe0f3ba
3859 af6adce1fab8cfdc
3860 529f8f9c10a770dc
3861 fac67438d678d036
3862 5b01ec39ca663e56
3863 8172ba812c31e4bb
3864 4a4d7d8f9bccee8c
3865 fd6e988cd1c59bfc
3866 5721da9f15943807
3867 f2ebd887e4499fc3
3868 71b45fd0009fe46e
3869 e83b8202fd4cdb26
3870 c3f0d566bbd3c9fe
3871 14b3eb70b301bea0
3872 bf12b9038cab50f1
3873 d484e746a9f977e9
3874 26f395c9b8e3bde0
3875 2a9be6c24eccc785
3876 d5fb7c29b25182fa
3877 bfaaf6c139089eb0
3878 78c7d2bffc219d0a
3879 016108770872d8f8
3880 d216856d71d82d1f
3881 876e0ed014fa389d
3882 2e04ef1eea1c49a0
3883 478d57ff453b8be5
3884 3859bc07b3a839a6
3885 9505f7eac28e8778
3886 cfc9a75cf7cd1508
3887 f14291f09401c15f
3888 7b78e6c7936cb306
3889 e66426d619784ba6
3890 7d24a2eb7885fdd0
3891 62f11c286d64fbaf
3892 9d8521199ccc1589
3893 4919e04e524f4978
3894 09bca09598d688ad
3895 9b36c68cd2b1e267
3896 46d2b61e7515d051
3897 69ee9059bcdd72d6
3898 b774533c8f835457
3899 31ae201b304232ff
3900 8a9f533ff1d9ca0e
3901 c71961a54bdc0cd1
3902 b30850ef940335c9
3903 4d69fb42cda80884
3904 5549ca803549c71b
3905 14e70c3d77bd4a48
3906 a36157b8a6b0a787
3907 039596cc4648e1f7
3908 62852217ed9e7a66
3909 680a290fb094b8fe
3910 a3195fd72ee04152
3911 d5c46b63ff818cba
3912 194a316dc33dfa91
3913 6f73aef2b68d3464
3914 cd78e7020da557f9
3915 bdcff222d2443362
3916 901b58e416e40d41
3917 7b39d58aa1a31256
3918 ae3ec2b03991f648
3919 b616b10dbf984407
3920 7259fe39924bf115
3921 80b5b2572efe8776
3922 a1588e3d1d9245a0
3923 c38e2a82fc0d42a7
3924 f738d8cac937495f
3925 79d652bcbe0be443
3926 88343bb325905c97
3927 3395499761137cb9
3928 9c5f0446abc3ce60
3929 82ff139f9670305b
3930 494f382c10c10314
3931 419a06167e9d7125
3932 8d758ab9fba9218b
3933 1887b49e078c9651
3934 c89b24d69be8c735
3935 3556671feb7a0fd7
3936 1bd0d51c1638001e
3937 8473479b1ffd4199
3938 9a093207e95c8e2a
3939 72445d82a5060c4d
3940 627f656f31fc8dff
3941 faa2b99a014982cb
3942 4de930876b0baf15
3943 484b012089ad1e21
3944 5ed67728b3e75a03
3945 461a3b57fce0da03
3946 33019024c58e7561
3947 8dd1c5214fa5f075
3948 700fccf8f31dad71
3949 ab9c7a3c45c400e0
3950 694525e5105efa54
3951 94b9c3775b850c21
3952 b8e587dda4d01dde
3953 98bf0876e6c10abe
3954 da6a6235efee2e2f
3955 19cea3948bf695b6
3956 9ba1e93ae68a86c5
3957 cc5606027f58dce8
3958 607fd297def33dc1
3959 0a0053b4f633bfbf
3960 0436b10cc45cf676
3961 f2578a006f772057
3962 d7f308409949ce2e
3963 02f1598891f6e5b3
3964 620c6b96354bca5b
3965 7085ac03e0bd3f74
3966 fa62be1662bba3da
3967 caa3f64a62ed30d7
3968 bb8d87fe90df050c
3969 908f8723451f6553
3970 f21243efcdbcb9c5
3971 05e896d10706f0ca
3972 d2de5431cc6965d3
3973 2f5d0d90c4f41289
3974 5f4ca2b9fae64efd
3975 6434b7f79a25d3c1
3976 e22e7b3ce739bb76
3977 a4b03a2572cf1d4d
3978 8312b6284c3fc751
3979 8749dc3eecff59f0
3980 90cb4f5c870a488e
3981 e9fc05d557a2a72f
3982 c069164db426d951
3983 b844105db5107e1d
3984 342452ac2e0cee7e
3985 39742986c5cdb2ec
3986 df99a0a403f6884c
3987 bdfaac61b09465b8
3988 730acb934b29da8e
3989 782db5cda06a72be
3990 c398c0dcfa2f0815
3991 c139b40eed932533
3992 ac232d3b53cfb2af
3993 5029e155186db61f
3994 825848a5df7ac55d
3995 b0ef1fb89c759d4f
3996 b2fbe96ad8f3ebf6
3997 b2cbdd06f52ad098
3998 0200b8aa27d99325
3999 7c507e89e28b21ca
4000 b7d714b8dbea65c6
4001 6714210449e44db1
4002 66160b92fa2a03cf
4003 f9d185da2329cbf4
4004 2d9f6496435858a3
4005 cb8baeae7c103b45
4006 d62d87ab9529130e
4007 fe552b8cf2a1bf33
4008 7065cc1d223f8f2f
4009 b3f23b36c42da1f4
4010 10d7d3f9929e46b9
4011 9e94fc5ee58860f6
4012 47286f95dbbd4323
4013 258b1a58d4e955b0
4014 f8b168d3e7e0282b
4015 922347c35434df2a
4016 3cdcd09f8037500d
4017 6280f1ee9197a72b
4018 aa93c234ae441633
4019 6d1afe691545c799
4020 f80d3d0915b39d72
4021 41dd4e9fbea268af
4022 647d1e62ef11589b
4023 d9076675a2898e15
4024 8777af47b62de1cd
4025 6a7a6d1d61d4bdc3
4026 92bfa61c5f7a2ed4
4027 a7402b5fc3590b37
4028 09f558e4d8f92deb
4029 b7ca2c6550be4f21
4030 1f9b4673711e4715
4031 e8170da7a7ad9047
4032 360d3faa9b593c3a
4033 374100f66837a871
4034 dbc722228320973f
4035 aeeb92e3470ba155
4036 52b63e7ced98098a
4037 e64fb43f68f41f3f
4038 45df38d115b4d94d
4039 a79e872010a14b8f
4040 8f9d6b8dc9593818
4041 b8ff37408967d215
4042 2ae839e306c70196
4043 ed597d4b8821b207
4044 b5e01f32972297b6
4045 50c5c47d39f3c285
4046 cf8ffb3628f9e472
4047 2cbdac9a954cb0ae
4048 f6b6d5a63d992fad
4049 e2c82ffda2bc694e
4050 f924e0bee1c7ae9f
4051 9dae80d8039fc7ab
4052 5ffbbf46d4c6735d
4053 8be9c39ab6bb85d2
4054 120908c0a7494b0c
4055 dff482019a4c1764
4056 818c74a3291491d3
4057 950eb2d014d8bedb
4058 6107e4b1d48c51bd
4059 8fa1fe6d40421990
4060 a4eb2961b68c91de
4061 21c8f0794642f69d
4062 a9d39dc5e86aecd5
4063 b7ac6e74a517b5c8
4064 3f63c5bc37c5c1e0
4065 1192d74431131602
4066 27b3c1cdd0012c7e
4067 bb7dbafe1f10ab90
4068 62cd7b2990c88270
4069 0c8f263b2ea44862
4070 ec484d2e27022b7d
4071 1e9041fabece89fd
4072 b1bd61e7d3fcca6c
4073 8c1accc7a473c12e
4074 f68990929e2cce73
4075 0735e499673bfcfc
4076 9f2f4cc5a2d89fd9
4077 0beebafffe41da8b
4078 4a88545708ba37d8
4079 e1854239bf7267e5
4080 5d6bf8ec876f1537
4081 41858985b7e87e6b
4082 c7d1f9d2c89a8ae5
4083 605555556c5cfdde
4084 728c06a453ed3c91
4085 d214efd26b244121
4086 758d78c3935364f5
4087 9b222f2192552ad0
4088 c77c5d6ba079de69
4089 9d5a05314351d62e
4090 1d25b6012a8cc15a
4091 e3edc4c9eab2a57c
4092 ae236527d8b6b29c
4093 5524e95b952a0da4
4094 ded92c399d1baa51
4095 6e6c28fd8d43770c
4096 281e1bafba18dfb7
4097 c9fd09ed6d693fba
4098 790518412b0bbd70
4099 c42afa8c702d3b89
4100 b2acb43ca07a8405
4101 4b82afed43960ded
4102 f811691cfe87e35f
4103 b771bf40cad6163c
4104 7a9e7d566eee8d5a
4105 cfbdebb041f389a1
4106 a299e42c33ed09ea
4107 01f54454d78a6677
4108 da24089aebe1a7ef
4109 b0d7638ac01ec38d
4110 f22346260918b58b
4111 1a320afd4a98c173
4112 d2ea6c490996db2f
4113 2f2b8166b263eb2b
4114 470b56327506a942
4115 75860545df8b4841
4116 b3e8c0f9abd87150
4117 e1645de430cb9a8a
4118 6045a739d238f035
4119 582b9639c226dc66
4120 710161c15604c3ef
4121 efcaec0c0dda8ed3
4122 aa9859202e47cdaf
4123 56d2c2b91f7c002e
4124 426307515bcd7172
4125 771efa65f7e6a9fa
4126 8005582366901588
4127 abe977ccd8e8c30a
4128 c26fe705e0f6f7f7
4129 748e29d42d33fdb8
4130 9faa34f6d535cc5c
4131 8ffd216bc523d66a
4132 bf6d6124bc0035ac
4133 59b554afeb167e9b
4134 3306a43da1f8643a
4135 c8caee2865eeee83
4136 d62b6055b04e36ad
4137 78996b621c833196
4138 469f3de48a4f2c33
4139 afc7a6c68b6cdb8f
4140 cdc03f928f99bf69
4141 94f183667b9470c2
4142 f93ab4bc8bf4da55
4143 d23d7acfcb54d496
4144 5000a12ec29f9629
4145 470d65e84bf8b440
4146 ba69f6ce44ccc587
4147 84a303faeeff9b7d
4148 067539f5deaae617
4149 d0864d2991e2eb6d
4150 daa9bf64a4589cc9
4151 617b09a2aef4688d
4152 640b7230d629ac43
4153 a70600ec3626fde2
4154 a5532d76b327f286
4155 2c3615f68c70d87e
4156 f1851ceb71e057fe
4157 d3eff6cf9803314f
4158 5659ba0e8a8b05b3
4159 28c7860bdecfd0e1
4160 ab369af9a3ed4327
4161 1d3359747e7580ef
4162 8ca2cf9d07a3cb0c
4163 a9c36d9ed828c12f
4164 85e5e8989327704f
4165 effeacc1021f90f4
4166 544a5ad5cf51030a
4167 a95a797d23945fef
4168 24e28fa04a4eab2a
4169 9d96d66279620821
4170 cd7a55aac568e521
4171 ed6f67efa4fd30a7
4172 83247e5e8f4a5172
4173 daef5d7b4e89245a
4174 ed877346ac399753
4175 41168df79fa39291
4176 ddc5fd43f22f04eb
4177 3432fffa7ae13361
4178 80915e30f651bdd6
4179 c8ec87fdaabaee21
4180 07d9df955486f43a
4181 935fbc5899244cf1
4182 defc05e72bcf9c30
4183 3f3115567f4df54e
4184 582cf5ae35fc2223
4185 081634c0e51f64b7
4186 103b354826958c48
4187 913dd4c56dd1bbaa
4188 60e69225d9d448a2
4189 ad3da804023db1ba
4190 7805e339b8871b43
4191 229df64352e3b7f3
4192 45ad2f6a106838c7
4193 e11653e983512bd0
4194 1697dd4ba3523e48
4195 8c4d0c5652e69b63
4196 90d03269af764eb9
4197 fba71e1a9ea4a167
4198 75070d0a0c05e938
4199 17686f74d89431fe
4200 7237f46ff31d3e96
4201 db0dfd9e958f5aaf
4202 607c64f3c5fadd3a
4203 b64cc08c94e56d6a
4204 772ae3cc6774fd55
4205 c73c3b16b7544a3e
4206 15370f7438a4be4c
4207 425dadf53382c93d
4208 df930050ef5a7c88
4209 7695560169b642ff
4210 32e35f4079109048
4211 b2514cebde535ed3
4212 0317d6197b0a80f4
4213 94137a96e3bcb650
4214 6cceff3978c6e285
4215 b5715b4a8d4a080d
4216 c3dc2accce5da5e4
4217 f7065eb0cb3b38ce
4218 36dd36c95078b82d
4219 15aaf17916267b30
4220 ada100e443c8c437
4221 0a98ecd97f2cfa14
4222 ae0e31d2ed35c745
4223 b426d7329e946ac8
4224 8ee4a9cfccade4d8
4225 a5bd65524a19a7e3
4226 685003c3bdbb7bbf
4227 d0b0b73466d08b68
4228 4748460d36cf3655
4229 ab1f0834d834aee9
4230 4ef8964217c0c915
4231 a622636d968cb5bc
4232 afbe2bf3e5962b5e
4233 b09388ee5f9ae5e6
4234 11306900d54c6076
4235 c18989e8273e06df
4236 b4f106b840d3514f
4237 37eae126b1c94b60
4238 cde247a9396c9058
4239 da5d368c7861c8b8
4240 7b8387c73358346c
4241 9518c749dfa2fd3a
4242 da5cb521fd4abf84
4243 60b249eacf097d28
4244 c30d5172d61d07e3
4245 9555198f102bae44
4246 2993a9e8d11d5139
4247 2076119796b7d0f0
4248 7ccb0972ed0859d6
4249 29349ec7157941c6
4250 60cb3c7989fa51db
4251 aa565fae98d9d916
4252 6f922ce756847d1e
4253 f33b2cc4a2dd24cf
4254 96bee2fb406a3688
4255 7ec00b1944871b8b
4256 1a3fa8fc4e413864
4257 9698612d9cde6227
4258 381e58fd23b25961
4259 b6427db29cbb3b4b
4260 5838592aae62501f
4261 4b872042ba720d89
4262 84ec7e067356828c
4263 d7e133c60bad58a0
4264 a6ed7b3a63698ab8
4265 36c62a3602d3a788
4266 12e6df72f4be9256
4267 0acecf8a552061d6
4268 495c4fde484265bb
4269 214acd90be612942
4270 a9116fa3c7cfe709
4271 e3d50ed131091744
4272 cd135b5b83780017
4273 e5389019b534c059
4274 8b980197d24a2b37
4275 f8ef600c91a468d3
4276 72ac248067b96b21
4277 87887db63247469b
4278 60c4ec076a6fe5c4
4279 342912b800acd749
4280 c7e98d34bbf3b8be
4281 bb96f54fa69e0053
4282 875ced300c8c90de
4283 4612c230ce3671fc
4284 27b97c773f72f52c
4285 eaf0c1931745ba91
4286 2e37625e83ab4226
4287 161ecdf2048a9b21
4288 24ed2528eb66a299
4289 1b21c95d09c6fdbf
4290 62aa45b9ecb9f989
4291 bc5ee8ce9eec7796
4292 c42da518c69e5029
4293 ec169d43eb134477
4294 d2e4f68108cd05e9
4295 28faa73faf3dfb31
4296 ecf1d18b95674eaf
4297 023c76a1c7fd6164
4298 b6210e4c282bae03
4299 9639016d3f3eecf3
4300 21c88940db81ec51
4301 4cb75e4a6cdd98a4
4302 4f261aeefd6f973d
4303 3f80772bd3174944
4304 950cac57c5581dcb
4305 a0401a01ee9f6b56
4306 b926570eafa29183
4307 a768036118de8a65
4308 d189a7c4b084f497
4309 7c0bbc91891feea1
4310 276d31c56e4a4041
4311 bb03234543ed8861
4312 d060b85b7034c25b
4313 99ff49d766bec7c5
4314 090aa900b0bf01f3
4315 7fe8c41c122248cb
4316 300c41bde6544d64
4317 55bcc19d10203a7d
4318 8e8b096f474cfef7
4319 7f67715786335687
4320 3a4049d3d916a308
4321 066570b031dde201
4322 b1243f62eae88da0
4323 839ca3121e33159b
4324 7154004ae245e9fb
4325 76a4987ce7ca13aa
4326 ae5a26df3f3b8cc9
4327 41578090cf4948ce
4328 cd51e1e9ab758bc3
4329 6f279c24ae69e2ad
4330 9b83f6932fcfd59c
4331 379697c6f0e54804
4332 1c5c6275f854edae
4333 8fa379314b1af86a
4334 78d20e7d6dcdcf53
4335 410691cbb3f174b6
4336 262add7a944ce962
4337 2563c0c8db60fe46
4338 c865279449fd91dc
4339 3d3ba8659ff54c51
4340 7a24a06f293516db
4341 8b3d1d1fa8af4506
4342 4cb5c3a8d078e9a1
4343 00e3e404031e5e7b
4344 ebc65b88f4e9cf9c
4345 f73fd47442b84b79
4346 1660d7dc45550ab0
4347 14ebd1475faabb35
4348 7126f0bb5aabffd1
4349 c7a6cfbfaaa0f06f
4350 a626eaf5c8e9d264
4351 4bb8bb18d856ed6c
4352 6f564417912b240c
4353 5d6c1804af343e43
4354 1a2022116f8e7e27
4355 82c2a2ea44bee171
4356 65e062060bd533f5
4357 bb3b9bcb0eb34c07
4358 f8e258339ff119e4
4359 9013638405ef7e07
4360 3fae31c34cbb0370
4361 0e494740f4142fde
4362 85ff42a1c998662f
4363 8ee4b4740acd066e
4364 f0fe3dd9e5154487
4365 c3d33d5716801b20
4366 ef828f50501261d9
4367 24157c6732346a58
4368 ca253188eea9939d
4369 52b0f9fb02fb618f
4370 9e7b38f1b6356bda
4371 6aa16aa32f2459f1
4372 70063a6e9abc2c84
4373 5c537f27e69e2cab
4374 6d6d7a57243144fb
4375 6dda870c405b42a4
4376 75fce91769df9f00
4377 14e5c22f5c6d96a9
4378 8b473f96b867dc64
4379 aac66780e2a70b1e
4380 c04502d7c83609ce
4381 73febc93e6b0eb05
4382 6dab1aaaa26877b2
4383 7f60e95d4b9bc1b2
4384 2509dd021f4532b5
4385 e9c6557abc24ef15
4386 b23f8ad2fa9fe36f
4387 6493633e688d9204
4388 76b644a69889624f
4389 66c065a9c7732a1c
4390 c16da3ef87a04f67
4391 4836426d370a14e3
4392 8d393cf14cae10c7
4393 4a8e7a2219f2cabf
4394 fe8d8e0a29293146
4395 90077693ea4c7df5
4396 dca2b2c93cc1d2e6
4397 1bc748739bb19f91
4398 95d4df1f35b1bdd9
4399 4dce62866139bd7d
4400 db3e8aaf5c1bbd42
4401 18c2e35457d7710e
4402 f806fec8132d84fd
4403 3d4e052127022d2f
4404 043c37195387eb93
4405 d57ac049ef0f6261
4406 6568359ffced54e9
4407 24e21eabd2ba5275
4408 7f38d62139e115c2
4409 30f82fc1fefad598
4410 5a7a05b6dd83a3a4
4411 4d0bbdbb9fb34bd2
4412 f86351db40a147fa
4413 e7c6333991661f79
4414 21d6f3e75b6fa4ce
4415 16c7fd19b9476107
4416 8cde5d86b5395084
4417 b88029aec3cc9073
4418 99adccd9137baeda
4419 62fd4ecafb749c2b
4420 948c68f24aadd27a
4421 638dc9bdd133ee05
4422 8cc1748343e64272
4423 8ac974c3ad643b49
4424 048d865b51a00d63
4425 274709480836dfef
4426 0a221ee3f715e98d
4427 f16029180f036643
4428 2f759f28f5477bc3
4429 914d6c3bb041df39
4430 7bb41fb011c4cd71
4431 e274f696f25158a9
4432 2e9166bd3722b4aa
4433 85b9b8bebe7b414c
4434 4c4e2ccab0c179f3
4435 dabd036ce41998f9
4436 70cb14c7f0130a90
4437 5884d0560083dcee
4438 fc87fc8e46bb8f73
4439 080b1eb903741920
4440 1615208b216ee180
4441 5acc4119d535bfc7
4442 91a881521eb64617
4443 369d13946c787d03
4444 b380af830610c365
4445 d350689075e854aa
4446 7becc55f4aff8c83
4447 4b7622f8b6d7304a
4448 d1ff2fabe77a7997
4449 7deb8371c65d61d4
4450 9721eb4ad15852f1
4451 aac2f315fb36a5db
4452 71648cc2852c988a
4453 5915c16dff6644fb
4454 6c76991769784a87
4455 d79b4a6349f47384
4456 cfb093937f0838a3
4457 82551157c1a0b426
4458 9d8b6162a268d176
4459 ff61c824227729ae
4460 35bfc6dbdc381925
4461 26328b0c9eb2e8ff
4462 c91055e88e2225bb
4463 a5e1c8e1a4901ec0
4464 c3a13f8aa74a2256
4465 5ee5ab40a5942ef9
4466 c2cb7eb3eabff4ca
4467 6ec3bb772248b642
4468 dfceb4a674d7b8e2
4469 6b3a7a42749d546e
4470 c378f452c794967c
4471 21fd6a6ad4248403
4472 228d369dbc9c1c29
4473 b6d60a81ebbef7dc
4474 b49b15d8785c1cdf
4475 ac92afa60e2b841c
4476 5e7b925100004709
4477 67e79ae05a4239c3
4478 dc205aa92482d770
4479 7b3583109492351c
4480 43e1861a12d5829b
4481 f53666787bd8fce4
4482 4235465584c38a6c
4483 635fda77e2fb33b7
4484 5d9c5726b55e871d
4485 c7465ddca968c33b
4486 9c38b757d61d46b9
4487 c56a62d2cca380ae
4488 8cdda0157da67273
4489 7c4a97ab1fb7ddd5
4490 d56e6ac8236c6937
4491 00ade2396be2f5c7
4492 e549851a445f05f2
4493 720dbf0aa404733c
4494 cdeabf0d9765e899
4495 04ae34d48c6db718
4496 fcf8af43049d6b0b
4497 a1b6d80d6d0d9dbb
4498 1cab7edc8a66f670
4499 0afa69c46e5122a6
4500 bdb18e93aed8f131
4501 31383d74513faa63
4502 c80fd814f8edc07b
4503 2cd17a015d8da640
4504 2592feca5c92a305
4505 c7e46da567237121
4506 5bc96cf0ed03ebb9
4507 55fbc829ee541f1b
4508 fdff4155517036ae
4509 847f97e334ae2669
4510 4efa1826dee1cc77
4511 7f977a7dff354e49
4512 0d3b7f0addae69c5
4513 f2a360a2f256d5d0
4514 ed39e93e4e7f659e
4515 270a28b4c2a2db62
4516 e3f4a1a33d241cfb
4517 593246d8ca019758
4518 26f88da6caca3f64
4519 562cba3d74e9e981
4520 3ce45a6a36fb1f5b
4521 8bc8585012d1a4ee
4522 8f1e740df0f7682a
4523 b84a97c5cd189525
4524 9c88bc7512d070d7
4525 295f543860228dbd
4526 2546ffbf6eece0f7
4527 4ff2643a49275e81
4528 e751d648743f5d06
4529 73d09b27b6acead5
4530 6de7c7a1664b8bff
4531 841508a76f9d8f74
4532 728bbbaa5d2e4df2
4533 9687ca4a4f15a399
4534 31f4b3ff1cc9b931
4535 1c6b3f14d37736fa
4536 89e417485334ea68
4537 2f5072e03ec9b6c2
4538 0ec20e9fb4bf192d
4539 67fd56ab90557761
4540 2743fc2ab4b32a6d
4541 87bc24ed54519a73
4542 142734b3451cc433
4543 d549eccd7687dbce
4544 0a80c04fac01ecb9
4545 da2b74d17a05a5ac
4546 c4516b6fec10fc9a
4547 d00b339e5e63658f
4548 14e129fc0255bb4b
4549 a127bbe095f33a1f
4550 a286d1c9662da58b
4551 f865c8847fbf8eff
4552 cca5384a26ddd363
4553 e3d8cc1645284b28
4554 3a8ffc957909022c
4555 c6876e851eaf9959
4556 e2b97bddf947c6b0
4557 7de43840b2bf6741
4558 0663812bafd22e66
4559 73f118ea66733c24
4560 3a831f2e27b20355
4561 b41274a58414ef47
4562 8b04b9542bca5a65
4563 e3af7e3b9149ac6f
4564 29a840ceb2202cd3
4565 ff115ffa32bdf38a
4566 b55f2e6b42176999
4567 543b745e718e90da
4568 3750f4d59d2a1180
4569 dc51856eb89efbe1
4570 26ebbf5546199109
4571 8650d53c1aaa0a33
4572 e8fb1bdfdbb9ad32
4573 eb663673d060c7e2
4574 0192730440d8c7cb
4575 81ec1865a04c6947
4576 933c1370b992882c
4577 971b3da2802f71eb
4578 aaebb51fc02fa69b
4579 fa4cff3000063741
4580 bccd761e1a0f240d
4581 09cba5f5f3be50ad
4582 16bb0e95709cb458
4583 a40e54ae57168df6
4584 e9d066e27e6a9955
4585 a7af74dd51b8ce79
4586 953f297c96afb821
4587 2f3bd180e807c207
4588 179e67ec83e29ce1
4589 99f635c5dca4c471
4590 053309ffbf08ec21
4591 220d5ccb6d7c5b0a
4592 69dbfafd31e47c2b
4593 6e89e7480035205e
4594 08e9a66636ac9a9d
4595 db749a63de28f11d
4596 3c9569104fc0400f
4597 ee0b8fc4e821815e
4598 84ff76b785dc856b
4599 6f8b7c749da25cfe
4600 4215a87897b1716f
4601 e61c19c7b740cba8
4602 27b1210ba59e0595
4603 7e63bd6c702e3cc6
4604 95f16cc19c0c47be
4605 b415d774d1d20a0a
4606 57673a4daf8d0b79
4607 e546a3857835ff3a
4608 59d8a3c4cfb36048
4609 7100935be953452e
4610 90302717fe2571a4
4611 3ca96ee23210a2a9
4612 6d8662bced1f6e35
4613 b355516e439f9bd3
4614 38f45b5843ee82c5
4615 2b67ccebbb809506
4616 fef14cb89cdfb82a
4617 af9ce2f4b42cd5e1
4618 eee973663d904b47
4619 4f36f58eeb1eaa39
4620 5aafc2c7ff0d57d7
4621 6865299e774bd54e
4622 a3025005af19f3b2
4623 7a260b7d65f8116e
4624 5c9ec8b87df3048f
4625 9626d347487da144
4626 006fd2fcdc94388d
4627 fba3d2addc60be46
4628 ffa3888b19941a95
4629 7462e51c79409c82
4630 fcc7cc933a0648ea
4631 08e924c80df9e3df
4632 6017297c0f3c0277
4633 f994f628ebc93834
4634 7855848c6d68b1aa
4635 cbcefe22e5412a99
4636 66f42f6714488834
4637 78d5506a6b1fe5f3
4638 7dd4af3f69cb696a
4639 566dfa549144ff87
4640 c40b22dc86b00dc9
4641 5376647e9c7b9336
4642 8fd8247e12bb8a53
4643 8b53d0170ec788c2
4644 1dbcca56ca463372
4645 2258c55698174ef7
4646 68dd4089586f8d72
4647 1cd3fe5ccad3c2ac
4648 08404db15932bc86
4649 ba51cfcc7af45dfc
4650 2cf8e2415cc62119
4651 dc164914fec8552b
4652 e4fea64f2728a3e2
4653 fb786a925b66b7cb
4654 a44c157579811f19
4655 7d09cc9c1da5f301
4656 9fcd6e924b1fdd5f
4657 7884693d6ee3f19d
4658 b414dd453715475d
4659 b1412be1a7cb2274
4660 9f186c0d62e04583
4661 9717f91ab6bf7114
4662 8ec33d7c2bc0d703
4663 9a3e7f6f88253072
4664 9e5871ddc43d3a4f
4665 519372ff47d2a3df
4666 f1589979d834746f
4667 204b850a292b0bfd
4668 f9c1d5df7cc347c2
4669 154491744aa291e6
4670 0ce71a2f498f2820
4671 f455ce1e52cf33fd
4672 a9941f77eb4fccae
4673 6ce2609d7c7997d7
4674 cf6e5f7a3510b0b0
4675 3bf92f8a08db7d4d
4676 81e0909b1a6a5667
4677 436638da042953f5
4678 36931ec99f0ca376
4679 995970f0567897ab
4680 a9e34e9b52456846
4681 2e6198cb2e4d9e6e
4682 8c4d98f43d61b59b
4683 56b8addcec553e30
4684 03d355eb5b9bc254
4685 b50c5fb68cdd83f8
4686 ae922c58ece1d109
4687 6279fa446139f4df
4688 c0d82deb93171b6a
4689 38994b7a6d8c9de6
4690 d6d8fa54551fc2a1
4691 e5222b102406d2a6
4692 4b43c46bb1fd5b0e
4693 ff53f33dd1ac10a5
4694 b2147312ea0fa82f
4695 ecc28e0065f8e84b
4696 c7afe781956611ba
4697 87575977a78c6a71
4698 204c75e98616e016
4699 142ed73eb535f43d
4700 6a07546bf27e159a
4701 d79ff2f95b921127
4702 4b056adac40e9f7e
4703 9cd028394d2192d3
4704 dc4c329625724262
4705 bffea306193dee62
4706 971bd0a760817004
4707 1681a7d61442e9a0
4708 88e7eb332a8b2252
4709 9caf64ebd1a66620
4710 667807f8fa9d6ae5
4711 e9b0305fa6c260db
4712 a96f1bd9ed97941c
4713 864af232d939a228
4714 3593ed0e667a8ac4
4715 10da88427be60804
4716 2b11319ded3c1529
4717 6d8eebcb61821c53
4718 80d3239b60d41200
4719 47dacfed084c8979
4720 a920370c9365f7f5
4721 6a6a03cb0fd06cf2
4722 118056769c7503a6
4723 65204b6d5b565ac6
4724 f7bd3401c94bb857
4725 c697e63711f50f32
4726 9830f2d2870ad8d7
4727 9188c1ef6e875fd7
4728 38864113f46449e5
4729 c69ec60b27e52df0
4730 6d0fb1036d2a3855
4731 640cbe391e9ce888
4732 4caa5878ad69757e
4733 282777d0369de109
4734 e8bd4109d05a8dc8
4735 25c5939d7b1b59f1
4736 4753ad7687ba039a
4737 3a29e7246308d429
4738 df7b511115b4e5fa
4739 38f4ce1d0c948298
4740 9de3d828d86d093e
4741 418e7aa0e64a27f3
4742 2694da7a18bc3cdf
4743 478637bf2788d96a
4744 3b74a748e67de9ad
4745 596e66e7bbe2a4c3
4746 9f577a135bbe7af8
4747 4e16f04cbb10d083
4748 72d719482926ea38
4749 09eaa2053fdb48b2
4750 200fd593e7c5272a
4751 c9a1c5346cebfb13
4752 49ff4c1b59feaea0
4753 6c1f2778db93ea81
4754 f3f573164a9d7a0f
4755 22db4f7cb1f4282a
4756 df49ddf0e238515d
4757 6242dd4f50fc498e
4758 6c17e355139268ec
4759 475ed1f57d1b97fb
4760 cf000b464b0326f8
4761 cb9c771fa84e4f5b
4762 a974ce735b5b45bf
4763 445d24efa100174f
4764 8a595d183bb0b446
4765 e5a676815ac078dd
4766 640f2586792693a1
4767 c8d630ed90c92daa
4768 a26f6ee7804c3653
4769 24afc835e846d78b
4770 79a8cc3fed9482fd
4771 20cecec56ff6d23d
4772 c3962e1f84bcda12
4773 8fd0148bcb8f3378
4774 1bf89a5f7bc92396
4775 23a3ac6cf7758773
4776 9233ed8052a694c2
4777 575d1604edf6c405
4778 f1adf8d0959583c9
4779 72f2ccc8f225dc15
4780 9d99faa27e7acedb
4781 552e82cb07b2939e
4782 0e12ed1ba2011193
4783 9928e7ed1ecaab1c
4784 c7642c496f86ce4b
4785 a6c1b3aa0d7ac674
4786 1240e86a499b5675
4787 2ae0346b6c08d401
4788 30b993d0dedfa11a
4789 dd066af51e2dae5d
4790 cff59adff2b8ba89
4791 75a1b2622e29f9b9
4792 fc1a1bb2861a844b
4793 be4c8b859c3f2857
4794 c4f3b5f43f126c87
4795 8c588bfc3b793453
4796 da93e0849f7d543e
4797 c06c0165eb360989
4798 7f64a3247e45e7a0
4799 2aa809f5f4253afe
4800 c51a6e14ade4961f
4801 d8e7b03254c2e67b
4802 e3730181bab41b06
4803 4136c35dae0bfee3
4804 1b1419ec9fee23ed
4805 a2bf836f517d75cd
4806 3a430e36dc0c013b
4807 c4be70c94727beef
4808 b1eccff16cacd92b
4809 3b23c8289cae1958
4810 1cf59863f2705077
4811 c31ccd6fb5c627d8
4812 dbd621bdc0496bf6
4813 5201b29067e6bddc
4814 e2fe8d3b627ae0d4
4815 0609f3a0009a3a29
4816 0b11f9c914e9e6ce
4817 376e9f3b919b66d7
4818 3a67e645ed280305
4819 f25b23e988673cb3
4820 0ef8573f64b16942
4821 6fba9a7980375afa
4822 fcde73e28a38a2ac
4823 ad2ccba8c61b41b1
4824 f44de4881afd934b
4825 4158a7e7695b02da
4826 82c2d621ec276bf5
4827 bf9e488fb1dd7419
4828 ca58fbc9e860c6ad
4829 c3ddb2cee580222b
4830 8836554969d3e26f
4831 56bde1a47200caa2
4832 bea37664fc6f97d3
4833 a1e2a8cfd0c5ffac
4834 cb6fa8e61dd3806a
4835 e4a6accc25bacdc1
4836 7dea9e9c50a2e9e3
4837 1005816d1d332479
4838 3eb46351b3c1f56d
4839 6595ec8f0a058abc
4840 ed849638ef4cb368
4841 6fb8e9c94f0c73cf
4842 72667a1c17785297
4843 147f9b1911b5ae38
4844 d3d02974d8e43859
4845 e8bbc7671a6f9668
4846 8d8c3819696768c9
4847 5db0b89ebaffaa4f
4848 ec7292e0118e0951
4849 b0cab2dc11d2b181
4850 847688cd04b42145
4851 0a2d988979aef5a0
4852 ede5a17202508576
4853 1106636bb95b4c47
4854 a6697ead524b9b80
4855 b316ad662cd75873
4856 221368b10a76964b
4857 c7bca7d0caa19239
4858 4ebc55c921f69166
4859 e9f9ad6621d72f69
4860 a41bc4b6406ebff5
4861 0cf97144a46d60ff
4862 55c5397290140791
4863 4b5d78a6e36f049f
4864 b5fbc4cf9ffc7c18
4865 cefab3162587106e
4866 4f7c93d018f4333e
4867 71f153c2e4d23404
4868 5e14dc50ea26a5c6
4869 d33ee9f9df044b36
4870 29cb4ef879d77827
4871 6894b38fed3e8dbc
4872 9a462509212f1287
4873 9cef8fdd18df1bf5
4874 96e472cee27c25ff
4875 15066690f56a709e
4876 68a1dd5d189c32d4
4877 ea1976c972d88e5c
4878 61b24ff01519fb9c
4879 9e97d5b42b2a455c
4880 a2c23f0e1228ee8a
4881 a127497ea6b42088
4882 4fbe59839a85565f
4883 93d5caa9a65b6538
4884 ebffd2786e390df1
4885 feb56ce4faa6e258
4886 25913566dfa963df
4887 9689b19279201a5a
4888 bc04acce255cee9a
4889 224bbef4da5402fd
4890 a0eec9c23101e87a
4891 4aa023d7bfebb37b
4892 738b6f023da704b8
4893 b9200f8b5f137e11
4894 9378ed82bd8f46cd
4895 f29a0b20f28691db
4896 19abae75f5c179fb
4897 c01f5b814c13ed90
4898 b4cbad2004822f17
4899 950bffa6541ccc3f
4900 4069cc8ae411ad5f
4901 d9afa0135422a614
4902 3f9fd4ccf5a68719
4903 b7f84b7c08804968
4904 7a062881a315c093
4905 5f1c78db0fc4b449
4906 c6ba00bf84fedf9e
4907 be272bd4c3fa166e
4908 bbc00e310679bd41
4909 fc12ff47fdc21e84
4910 d1addc5b99894e8c
4911 0b1f94e930bfa62e
4912 31c8cc8cd530a621
4913 33b065cfb79b2324
4914 f777afd63a773f58
4915 3449bfd5861f5340
4916 915bf98bb9251225
4917 5a8d1a462cb6e028
4918 22d6ab40e5c4c492
4919 eecae51266e76ae1
4920 3c770c8a88ded432
4921 d143b6c7d8615ff9
4922 655a1f6f658c23f2
4923 6d95b00f653ad1de
4924 2b030e2079d2c1c4
4925 3a089acfacb009c3
4926 492fee1a4d0c8854
4927 22406a3f689d3767
4928 6c056e8d641844c1
4929 503edf8730363282
4930 eb5f94d49e857cee
4931 8036907ac654048d
4932 bb4812891ed80c1b
4933 b101b8983d9e572a
4934 aa65dd4b8274e242
4935 2945facc9addf9dc
4936 60ee3b201e907a0e
4937 2b069926dc1250ae
4938 21ffb583e98e3e0c
4939 0aade371d3df6c42
4940 3d24e36936a14b6a
4941 06869e706642dca0
4942 6538a16be0699693
4943 84635d7d4b7d8d75
4944 e304acf3e536c362
4945 a733122d3b1d7c76
4946 09cea26af934d450
4947 6a791a88dd85ff3e
4948 ddcf62956697e377
4949 fbaf60c499c21e7f
4950 8fcf7ee0f7f26576
4951 bff4de3e4d276e5a
4952 aa9990b4b2e05fe5
4953 95331637a6a4b7e2
4954 aef0894867e46cbb
4955 92950157c7dc5a9d
4956 e6b7a0a1a09d0bcf
4957 0ddd643d3af94238
4958 30c778771962e2d0
4959 352bf7becc8fb21a
4960 ef1727b7e73f0d0d
4961 01377b0f7a0554ad
4962 64f514b8ffaebe0c
4963 73ac4d5fdf210b87
4964 e6524ca3c4c57ab2
4965 d70555a080a49083
4966 b3279031c67e02b6
4967 6ca9e2981db0cfdc
4968 07a052afdaf714cd
4969 53b52f0df023c4f7
4970 c546f483297ed74b
4971 d005d12768802016
4972 5ca96fbb28a6a2d5
4973 13b4655026056c45
4974 9c8e24462d7364ba
4975 2e08573256e0e458
4976 1d3c918833e6fa2a
4977 dd0da13a90cb083c
4978 ce450d44ffa42846
4979 a24db95b9b21a2b7
4980 d3913a9e580aa2d6
4981 b4bd28c4f65be360
4982 3c069dd8bed4f63f
4983 d026baba11f699eb
4984 aeccba1449b689dd
4985 1c67189df6425f5e
4986 e2234727d040afc8
4987 b39b7b2629cfe01b
4988 c3b142c1c4eca013
4989 89969500aec1f1c0
4990 755e42212e13bd35
4991 03170af878eb08b6
4992 9b814a4fc4f7b2e3
4993 3db67356f6a905bd
4994 caa72ff63d327a60
4995 23e32a69334455b2
4996 7b695970a11f1f9c
4997 94e8dbd7f6bc9eeb
4998 1cf09f7737b5bb99
4999 3e42423e7bae1d05
5000 503debecec64c285
5001 d2cdf660b2e7471a
5002 790234d74090dbfe
5003 345b39138b90101b
5004 867a7f3215a0d049
5005 9225c845523dbd9c
5006 d46147341a4df290
5007 1081f0d34bb89617
5008 25abab7b92b5b4db
5009 c9e600ec9f44c62c
5010 9c18246dc4af3bf8
5011 ad1589b2439ed477
5012 11724691bc96d120
5013 d0a48bb2bcf98d5d
5014 60561346199d978f
5015 30da162c7215ee9d
5016 3be71d5e738607e4
5017 a5f26eb84fa517d8
5018 41ae1b1b9a4ecf75
5019 c193a4c46affb823
5020 a370cb9b8d72fa77
5021 1ca10888e951547b
5022 3706bbd593358a9f
5023 793a35fad49814a3
5024 1772e27f05256fbe
5025 c0c450034776b359
5026 0fdd9140bae323b3
5027 e1bc9db768459f68
5028 445997a7c843ee78
5029 49a0e9d53baffd25
5030 5631f6b7df22ba12
5031 aabe0ee8365e60ad
5032 a607bc6d85b792f3
5033 9f94512297e05aa8
5034 f9ed5ba0a0bfbebf
5035 cf4d00c2c33d71b7
5036 eeed9dc247597e0a
5037 6d075d9803ddcaab
5038 a8fcda0fcce9d8ee
5039 9834bd1acd34e78b
5040 56f49a8241859395
5041 181186e04e7db9f7
5042 0613df110efd9402
5043 826b3fa63773f770
5044 abfe8926a4670983
5045 dd4d88fd77ebfd75
5046 c87610b32daeb97d
5047 c41de63ee501b5e9
5048 932542e4ddffa2e0
5049 a4e341ee4d89b864
5050 e52570bbd5e89b24
5051 5a7e50e5ab45c989
5052 82fa360e8dd32a63
5053 74fa82aed235f0b3
5054 e3ebab22cd56b69c
5055 ca5293506dd9cad2
5056 ff27edc47d0b702c
5057 3511bcee7dc0b10e
5058 fc2f97943e5b5867
5059 c3e1a6fc4ead3439
5060 e4d1bf9bea68a58c
5061 92075630ca3af5ff
5062 48238a52bac7f01d
5063 4cf8e629a736e3fa
5064 1ed23040a2010969
5065 bfa893066b6ad15e
5066 15603a248a820a80
5067 a4a489898c9ba955
5068 31cf4888aabb276f
5069 6ecd805846bc33d4
5070 5305d22aa35cf90c
5071 32e8445f3b1d9120
5072 317e1d7787fe5279
5073 df36834c099181d8
5074 3660633504725cec
5075 8e73ef7bef4f3ed8
5076 27265aa55c9a1229
5077 f446fcdc7ffe745d
5078 dac1a43662e01da1
5079 432f59c295892419
5080 40cb77f906627196
5081 fdfa28b09a2e63d4
5082 23c8936329cac06f
5083 7bdf5baec5b55335
5084 f5ce826b14fec097
5085 a62998e66e14d9f5
5086 71744678ed46641d
5087 3e31eea76e303d02
5088 86c4dea9123c75de
5089 7ea647a25ffc6214
5090 8ccfb8257faa1a80
5091 8f63aba1bb2611dc
5092 6194a7d7105d7f1a
5093 4845146157b23917
5094 2fa0834bd5a5773d
5095 5e44caeeb160839e
5096 e278a8c1b3fb1e0c
5097 ceda449d799ad808
5098 0fb8079f812e6069
5099 2d576b0e1380491c
5100 3a5913c5633eb95f
5101 6c634c89ecb4b9a8
5102 454e9ebe3b19f955
5103 2931721252f302b7
5104 df4a22bb246b6a61
5105 21216d31906b1772
5106 dfe989e4961683d2
5107 3d9951b5b3f27f53
5108 04396423579118b7
5109 cff231091413cca0
5110 2c542c5254c979da
5111 eb66c1882cb4ff3f
5112 2849e12364c98e19
5113 afd71e45bf90f3b0
5114 042b56496a9406fa
5115 00227f0e6cfc7506
5116 5b130e3fc34cbfc1
5117 72649b4302e77fa3
5118 0d04b8b8d47696a5
5119 0adeb56f57055a39
5120 d2b3d9b3d9706903
5121 8749e5e1d502abec
5122 962d4608e2068a32
5123 a5f0b4de67e37aa4
5124 fe3193e3cf4f99a0
5125 8bf4c469f431af39
5126 740fddb055eeab20
5127 99d3052db23f63de
5128 b0acbb3ed75a697c
5129 5445be38e6f9dd88
5130 65322534f6762a7e
5131 efe96268042285cd
5132 e338531965ed6e3f
5133 1de9743a038063de
5134 84665732416528be
5135 e68011c3b5027846
5136 1afe70a261b526b5
5137 36fa4490febf6516
5138 f9f832d1762e20aa
5139 26889ced115751c7
5140 8c914b74fbfe214c
5141 9fd5bbca06e38048
5142 e0542b6752ae6278
5143 ea1bbbee08756928
5144 e595cd8068f5c4c1
5145 0d1d6602e7d161fa
5146 4f55302a20d64b1a
5147 93e6e6c06ed12c94
5148 c4ee44dc9cb975c2
5149 f7a1b9eeafe06a72
5150 209f04675de8d8ba
5151 2d2a79723623ad57
5152 1feeb66ae2529163
5153 541c25ba598d7d01
5154 981a2d142be27ad4
5155 14a03a4cf042a72c
5156 189229d54b287d32
5157 787481ce775e2236
5158 c0f7801baf40bb53
5159 2fe16cc37d5933fb
5160 d2e1f2123f84d351
5161 d6abd7bbcccee6d4
5162 78715d928422c02d
5163 48e75f8f612aa984
5164 e1db3edeb263e2a9
5165 a6c85215c4aa0e28
5166 4487d0c5a679a178
5167 3c6287e448618876
5168 d2982e069d544530
5169 aa2bdbe67b392d65
5170 5dd4e301df66fcbf
5171 dd17159b9e165284
5172 99c6b0077ac312fc
5173 ac103638a980018e
5174 5ea7d37d94d4b29c
5175 7a6b40c8575c9a21
5176 23ec20152effb154
5177 b19f06e6e92da4e2
5178 ff9ef4eafaf64afa
5179 a89e45a162e07f98
5180 8bc13a9a11656253
5181 a6990744973e6875
5182 243bb8b8d1c2e805
5183 a0013a81a5ff3afa
5184 ff4d56579c097814
5185 3fd1ee3f5ade76ac
5186 4d7cc0e1e2d4958c
5187 c4634961c02086aa
5188 e826a3ad2a7d2097
5189 199e818149365de8
5190 6fa97011fddc7768
5191 e01cc098357dd479
5192 82ae5432b2c59071
5193 058c54c8db283509
5194 95afa7ee0c16f67f
5195 660fc182719ea23d
5196 e6fae5fede0a547b
5197 e1d7d77d1d47944e
5198 ea3fa97ea5ed4ca5
5199 53369cdab7e574a6
5200 781f81652050ab27
5201 96731e66585a4908
5202 495cc3d1de33a6ba
5203 ea1122fa4f82a1c7
5204 94804a54a83a5e6c
5205 0d5faa704e9a1b63
5206 537364614bdb7372
5207 8eebc7dd4b3b2b25
5208 711fe1f83fae5d94
5209 074e25f7fd0e3d2d
5210 1963dc65af02622e
5211 63262250d701e1c8
5212 f48cb9d321fe4c36
5213 d91251859cfa71ce
5214 52a1399fce9ad61b
5215 340847d816226879
5216 018500dad24c3bd5
5217 615cb6099950c6a1
5218 914982296a1c7293
5219 ae77c2e343ee3716
5220 56c54afc132db84e
5221 34d3fdb68961fc1c
5222 20673c7e95049ced
5223 fef2ceeb0d97cb4b
5224 c34f2bc2b0277511
5225 8ae4b0ed776f17c5
5226 77b06873dbd71b12
5227 a5ce2283a615584b
5228 1165993f535c447b
5229 9aa38caa6d62e11c
5230 fcbb3d80d0cf2f11
5231 27eced07628759c0
5232 e0823e0670bb1dd6
5233 9cba96aa02e9679d
5234 4e5c6a5c43595165
5235 8a7c659eec1d2c30
5236 d565081326fc2c72
5237 c68e049658ca7bb3
5238 7ec17f15c3883fe8
5239 941cc251f17cc7c4
5240 df2e2b71550c9949
5241 21da86231480afa7
5242 f351ec6d05f98b9d
5243 88ca9e519ed94724
5244 b83e2abfc6303e47
5245 2a073ac562d87d34
5246 30a94e7985865d7b
5247 ea0d760c563388d3
5248 2993109ee2e2812b
5249 05430ef0b645fea5
5250 6810b2403d18f8bb
5251 2574110ef0249a4a
5252 ad7ece3bde70f46e
5253 309845c846372745
5254 aac00de514c598a7
5255 1e054bfe01c4e2d5
5256 e30cc3b2c4a63ccf
5257 2354c46412143c98
5258 d001b41810ddc97f
5259 d28f1d8f72d3853c
5260 18076f1a85955262
5261 bc325b4866563942
5262 6a8a8fa5f6253181
5263 38243f479ec1e208
5264 224e37763b213662
5265 e196d30b85d012ff
5266 04ce3372c73fef06
5267 141408b0c49c53a2
5268 6deb0e390d9641fa
5269 5a2fbfeee906af2e
5270 c52294920e65836d
5271 fb817f53cfecedba
5272 fddeeb856ac35695
5273 987dc2b2d4271621
5274 3bfce0dde52998d3
5275 b33d10710e6c197e
5276 93b9a75e0da42912
5277 e6577f5eef23dee3
5278 e0c007a9c5dbcd62
5279 15397c676816f195
5280 bdd110a59afa1d82
5281 5232806a80737491
5282 d05a3ab0c7ec27c4
5283 e14de58d2489cfe0
5284 e6890d770b070dab
5285 5ca6b28935a2e47e
5286 edc77b47aeb2dcc0
5287 b78ad47ed162fd93
5288 61567bfcad09686f
5289 5c4983dfb0ae651f
5290 cf9c0ab71ac3b39b
5291 98353d8a36444aed
5292 34fa13402718324c
5293 dfe31090fbc81ac6
5294 a240ddc3630ee31f
5295 85bd5fc2e85c986a
5296 b1f885cc220c25b5
5297 a191a6ef36f51f4c
5298 7133f6868c7b2663
5299 f4b96f76b3249b03
5300 2d23ee40c94f2c00
5301 5c5c63fbc7ff6ef8
5302 818c05fc0ea2eb0f
5303 8921792138b1fb65
5304 290006acdca406e9
5305 f83b3dcd4ae52406
5306 57b7681ac031058f
5307 5afad8f0d7ea0840
5308 5ce9abc5e583604b
5309 8848e0a9c3e30822
5310 2e40e985b16e1e29
5311 325a4f032ca4e087
5312 ea38d1c6492a4da9
5313 2710b38962d2a37d
5314 0cd5906acb4ddfb4
5315 1dd2718922ab85a8
5316 3b856cb5c29e38d5
5317 ec74a7f393e2c8b7
5318 a625b797c4120447
5319 3b4981e949f26e1b
5320 2d4bd679bd6977f4
5321 83eefe2477e8d890
5322 f2eb7608ed0fd8c4
5323 96205590eef22e5f
5324 521ff0e5d472f9b7
5325 fa42031546e95591
5326 e348f098b53496b4
5327 5b7d6f692969e674
5328 1cebc1058a8fe11f
5329 ba725730477f4e90
5330 a1001f21e52d1c6d
5331 745ae60600b2e1a0
5332 ef5d78ad159f5ef9
5333 0e9e7d51b3ebd82f
5334 5a50eba0443ea154
5335 4f89a539b46b90ba
5336 4801ef645aa02861
5337 ddedcc67ba2710fe
5338 fed0f19715904e5c
5339 50c63c21f4e68641
5340 a5057a28e9e8a2d7
5341 77ca5e2231792deb
5342 b956e2ecf2b66382
5343 f0e144a1093a9a79
5344 efe3f2b6871ff2fd
5345 4ec4a822239ae0ee
5346 84f80b11b75d18a1
5347 2fb81176a55a3f98
5348 f2deff315c355c94
5349 3efc5abc12e52be9
5350 7b0cfa0ea2b7ed16
5351 31354b8999293019
5352 773e64943e2d06b5
5353 84daec755b0084bc
5354 377d7a37dfe97915
5355 ea267a0e381d011d
5356 455fdee386bcdb3a
5357 46c9e68b116eb3a0
5358 5e439d0f21af9a0d
5359 3f549698cfc2919b
5360 bfd5d29bf62fbf57
5361 eff3cb4bdb7cd3fb
5362 95d6760b37cfd209
5363 cf7a4e3584abb07f
5364 cde8d4e71073a4b9
5365 1c589981a06b5a84
5366 8d4c61dbd10b6886
5367 b9a35bd7b29c447a
5368 839eaa95d161bc31
5369 c4261c4a192c9e32
5370 40730f27289fe742
5371 fda8cb620bc74157
5372 d644f9275f807d92
5373 8da0697d6c208e4d
5374 e876e8ae9612ff3a
5375 826ec0dae3af57f2
5376 2fe15d413f869ded
5377 8fc4389fa189e85f
5378 c29cbbda06ab72e7
5379 8f6d205ba10a687a
5380 95f652c700245ecb
5381 40ca2dbfe2c67ac9
5382 e3a98f603f59f0e3
5383 60c4e21b55a2b90d
5384 384667d391ac81ec
5385 ec47d86256e35af7
5386 748b50559f5a049f
5387 b02a99ec6a7ce618
5388 0236c17884e415ec
5389 775e21baf22a500d
5390 5b98d391d156aa69
5391 29629a2473a6c5e9
5392 f798f85526430068
5393 31de549e8fd4c53e
5394 f2fa5b2733ca1be2
5395 2203054ea2d401d5
5396 2402fefd9847bfcc
5397 37cf59161c21dc6f
5398 c08f8f5585ae7beb
5399 8b75e1a35a1b880f
5400 f050302b38c0bdb1
5401 927bb9da30fcb460
5402 1ae4a1be7b2bae7f
5403 fe9a30b901674762
5404 fb6578a3c608bd1d
5405 45e32c444dcc8712
5406 0dab2718c929b4ef
5407 2db9a7ffe96f5f52
5408 1f6940f9befd42b7
5409 3327c92bd5b113e5
5410 511db0fd6be64256
5411 898695b7ed6d09e2
5412 de9b9284aea69fd6
5413 bc85e8d6837bf7ac
5414 975a0c68827b6026
5415 f317c97905bac93f
5416 fb155af529135ca8
5417 cbf3d4733c0709de
5418 78b07d6f96109367
5419 e27276bab52672e7
5420 d79a7a6318c54c11
5421 452024f55580c184
5422 f33f9bddb930fb85
5423 ae39ef776ef27161
5424 c4376fe219e06558
5425 6052c6082ba81c70
5426 9962c22681527b95
5427 e0f8acee4de9272b
5428 f500ddea2f0f70dc
5429 cf051980419d9487
5430 5701c94ea63b739a
5431 07d3418694c4d8a7
5432 6a00276bef73da34
5433 80d933261ec2c343
5434 03201878f207ea68
5435 84e6d015ebcdc553
5436 c6e987df86dfd4a5
5437 7d4bc2953ee0ea7d
5438 7ee7ed3a6fb62e64
5439 f56d800ef7e4460c
5440 65ad887b2a99553a
5441 00354369af8c0a87
5442 1391fd78f957c8ba
5443 9f6aa88ff50b86e4
5444 79c960a941d087e6
5445 d4f1574e20287c72
5446 35021be7fb11f2c7
5447 ca6cba2f70bdb041
5448 163c3521db607c6d
5449 938d62176de6bd92
5450 67c1fb45e02c57a5
5451 e5040419ff8f3904
5452 c6969b2cee4a0c3f
5453 bd50b6ae75bedd6d
5454 ad550c84d7cf9eea
5455 4c4d0799a4669de0
5456 89fdd5c46cbeb5c9
5457 a1f7b122f65a0d9d
5458 8c4702b607ab5dd3
5459 88d3996127478d2a
5460 723238ef049e1510
5461 f73689008cfab53f
5462 03f554261800486e
5463 f979ce50030de506
5464 af96e4272584aec8
5465 bcbaf77c24194a81
5466 06e7c4813d428026
5467 1fe24aa9ee692ff3
5468 a365d84876adc9f4
5469 a0a90310b4e5be59
5470 52a5645cf7d7acc8
5471 cef2ccbf06de80ea
5472 db0949ceb8282266
5473 3e6a7059eef5c23d
5474 33df748191ef7e99
5475 a7aa6c392e65eb48
5476 5453cd3ec20e6263
5477 12b0b62711f1ebd1
5478 665e460d74aa1532
5479 3d6fa075ca3d5224
5480 2219421c58b3089c
5481 b6e478cbbd18eb1f
5482 caa428bd4c5be3aa
5483 5d45348ecd851bbd
5484 c04ca250e3b52ee9
5485 a8b432fee608dded
5486 b53d0aecfef34b6e
5487 4417e4f2e57a2838
5488 9917dde6b25fb960
5489 00ee0349ef4fe3b0
5490 5df55c548ae4cb73
5491 ceeecd7810dafb5b
5492 a4161208266c6a4c
5493 91448d5785a248c1
5494 18668e2779188c82
5495 a91cf5269adc4e99
5496 587b1002e77f840a
5497 ed2c24435d98e597
5498 3849969eb9275b90
5499 106e80f10ca0d7f4
5500 4e46dd82c6143acb
5501 0fb3c3629b3f94bf
5502 cfba10b6d6cf59bf
5503 feb2e267cd3d69f9
5504 20a40aac2d5851f0
5505 540921e8c130dd8c
5506 147fd69dda2e3d1b
5507 3581ab78c33e391f
5508 937c78d5d6bca939
5509 38bf5ff959de9457
5510 6237c85bb6adcaa1
5511 2de15802b637bcae
5512 833368d22831efe9
5513 2eb793d706a06b81
5514 5a1548fbc4c2f068
5515 e6b084073ec7baed
5516 877d05e6f9afd89c
5517 9b7ba6cc16c60631
5518 ccd34265b5cdc1d1
5519 f5f7a8b391e7dbea
5520 a0f9bf5234d285de
5521 d0b8ce7c0b82cf66
5522 a911a049e01c13e7
5523 a194252fd547f68c
5524 5cc4c676e35f5861
5525 9efb323dabc454c9
5526 8ae545c2cfc0344d
5527 ee997fd0ec03da4f
5528 69926f0dcb56a858
5529 878fc8922004e6b1
5530 9daa299eb854ec20
5531 4b1951c25f578a07
5532 d588394347caa482
5533 047666a56bc4eec7
5534 1b7c4969cf94da0b
5535 1c1520384bee526a
5536 049889c6cb67649d
5537 483b22a068eae870
5538 0264fcc937f3c831
5539 33925013f6102b53
5540 ac2377486311225b
5541 5589153bf0cae985
5542 480d0fe8a641719c
5543 00a63eca0df70491
5544 d177b7f912f63f67
5545 21828bf1d3dce3b6
5546 f43c3fff44ffe800
5547 d37d62dfb56490cc
5548 8142627e43b0f8b2
5549 afe0f1c815c2a728
5550 7034f7c19774d732
5551 31084a58e19e58ca
5552 03d31578d8c6f3b8
5553 da76882ef166aeb5
5554 7ccb6563856c04d2
5555 336e7b078ba52669
5556 f773eb44b70239f3
5557 0718d5bb7fad54b9
5558 19832f8af8cdfb8a
5559 8fa934d055612281
5560 390ba54676062a29
5561 2116edc6426a38ee
5562 f1703c3bf4c4115d
5563 dcf9cdbed3b66f61
5564 8d0f725e768cfeec
5565 789e909fc5fe01ea
5566 2846a009fca7ae94
5567 20c411d11e88d69b
5568 5fd325beed230417
5569 5d9f44d85eaa6e25
5570 e28b20c83726fe7d
5571 2dab742cc35a84c3
5572 fc8687a2625ddeea
5573 10cfaefd04399a58
5574 5522091f069a952c
5575 20d08f6c59aefb25
5576 49f8e438bb6c968e
5577 9d50f777371f8e19
5578 9dbbefe5115b38b9
5579 ce27f8197f8a3009
5580 b4bc0adeeecb1d34
5581 f4da5b7b72a553fd
5582 e9688401e0506b4d
5583 7b7632a54105f55f
5584 03393cb99e91db10
5585 fe3e54dbaa75f7aa
5586 f595787e2304263d
5587 a3732be5dd1f6982
5588 7fdcd9f74ab386d5
5589 60d78146b30cf425
5590 a1eab1b022537ed0
5591 3b34dde26778565e
5592 815659aad2c6900c
5593 a3320cf6d5ee3588
5594 eb26a7ebb2de016a
5595 3712884c156db8b1
5596 8ade366d62ada380
5597 41f02200bdd21388
5598 5838c3bfa29d30f3
5599 610a5ea9f9995739
5600 dc8d5f57970f0dbf
5601 7a56f72452ebfbd0
5602 8b3b2c108a478c0d
5603 7a4ef85869c75790
5604 3dede4082a34d92c
5605 a41a6ea09e9175e5
5606 9a551f5acc4f7be6
5607 ddbf8d639deb9f2f
5608 94ffc818483c9411
5609 15b187b4e16455f1
5610 081481370ec20383
5611 68efa4a456e42e3c
5612 334ad5763f4901d3
5613 15a7b05de5779935
5614 3546c8628fbe7d66
5615 af501119be51d64f
5616 059c336a20fd2752
5617 0571e9ca344be1ee
5618 8b3567aa07e14594
5619 d5df3ebf482eb1c2
5620 044b0e7c946e4934
5621 e56a82f8e22bc800
5622 b10f31eea2bb8d9c
5623 0f62d34d94d9e0a0
5624 60b4410bbd732229
5625 9612cc18a14ddbbd
5626 8ec5ea89425ffca3
5627 23269a8521e55ea0
5628 dbe2620a7d29a373
5629 0c89be3f0a5ca7cd
5630 f2eef6055270b4ab
5631 2d817dfea785b3c6
5632 ff9b928af301c982
5633 21a633afcf091b2f
5634 8978c1df79acb5a2
5635 0443fdc9b54a340d
5636 acd8e08a4b0e92d9
5637 bcbccc4d56dbbee0
5638 bdf24dae08353f94
5639 0b697d6113a13310
5640 5f1f8d98ccfbf456
5641 08b581d08f219794
5642 2ce82cc01b6fc1dd
5643 548609ee18dd367c
5644 143110725deba534
5645 5b4bdd45390460a0
5646 8c9a5315953e5f79
5647 70d955e31bbd1a70
5648 0bca5c306795d4ab
5649 668b5c98e22b9373
5650 2e207d1ade9961c0
5651 9d51740c9b110c9d
5652 9dbf82e271191e51
5653 ed24f920507159bf
5654 81639135b96f8485
5655 36f36e274d6f24b6
5656 73f33cfc591d1cf5
5657 a033699b8f5be1a9
5658 0ebe55b235e8306f
5659 e977ed0b08122e7f
5660 2b81711bccfa6cf4
5661 e091072869589665
5662 dd826b69340a3e19
5663 ed9b882828e5d190
5664 c3e250119eccca4c
5665 cf7348f9c87148ee
5666 5e4e019da9d8c50c
5667 2a234b374c14383a
5668 0d9c40f513912d27
5669 b9f15eafc19caeda
5670 49066a02a7964086
5671 453c40842afd4902
5672 52ef5c9933eb6601
5673 38410e8f88b8643c
5674 d29eb439f89bd3d5
5675 a057672f1e27d51e
5676 cd762f0c6b9f8561
5677 5d369b02498cadf3
5678 4bd20641718ce596
5679 976a37e700ccf4fb
5680 711b9b4254ad7943
5681 842730cf86c30a7c
5682 d478fcdb18fba77d
5683 0afd49082fe0a632
5684 8ae463cdf32e43f2
5685 1bd3b60bf65454d5
5686 5445c4ea36a5cbb1
5687 1b685dfb19e3eb61
5688 ced0724506b4142a
5689 fdd1af8001d468fe
5690 410df7c2c2e11b88
5691 7708c03386c2bb1d
5692 b3b1beff4d05798a
5693 d6068eee125ebca3
5694 3cb9120e1f7145aa
5695 8a6a320efc5ab43d
5696 e99b040e2d06cb06
5697 8ac7e821a394b5c6
5698 6a8cac9c7399373a
5699 ff9035e1d3d40fa5
5700 d5fb1dfc54b59bc9
5701 a270ddc97ff81f86
5702 61402f58465b368d
5703 4b5d116cdc760d02
5704 d8d868557e8ff038
5705 1a4fac4eb8f7e56c
5706 ecd69d542d18c95c
5707 0f128891acc037bb
5708 7ef39d763420642b
5709 f19fbe2d3a33750b
5710 dc8454663e2e3cfa
5711 c7f3b0781c96e2c1
5712 82b4085ba7ea4ea5
5713 a1d040f6907aa91a
5714 39580adb111df48a
5715 63127ff76c2621cf
5716 8a929a425df6e6d3
5717 20487d1702ff92f0
5718 cb5979b87a36471e
5719 fcfca61b99c14632
5720 fd3ca97b00f2c15d
5721 a726e7fddcb8c39b
5722 4b937b2795912215
5723 e85a3c12f67a8b09
5724 a35b7c58cd313719
5725 752b12386a1c71b4
5726 624d25e7094a6455
5727 0834c552345748e0
5728 4a0ffbc15b740bd9
5729 0350dda381115ad7
5730 f83cdd009e4009fd
5731 ad7088baf27030bf
5732 3a10dfd09fbffcc8
5733 0a0ae411b6776965
5734 19892d6c7aa9b4a0
5735 993273e2589b8170
5736 0b2acc021e462643
5737 07731a62998c91be
5738 a3b4449ec323082d
5739 56f475d009e788ca
5740 1647c76085a9047d
5741 1647e73f1aca066c
5742 c0a7ea7390affd01
5743 35e8a6338569058b
5744 24fa9c59d1e8bdf9
5745 448dc369a14684f9
5746 69693d8305ae129f
5747 70e812e57316fac1
5748 a5b994426260c376
5749 a6881a10ffe8c0cf
5750 6bba30057b2132ce
5751 591cc3ebf01ed41a
5752 23fce0e2aacc539d
5753 2ab065ac64a54989
5754 60d137b3175b5024
5755 556f46e9372951b8
5756 c363fc26c3e92832
5757 91e157b4c8894a24
5758 fa29ab630d013231
5759 2585df454acbfa99
5760 4f64d050589eb9e2
5761 84b483b948c0eb8d
5762 ac62e9002712f68c
5763 2d3a05d2372d5ddc
5764 972eddebb433b328
5765 d75cec254ea32c32
5766 b9ad2d95a3b26151
5767 ca47bfce7b676291
5768 0b2844f6e7353ee4
5769 e4350c116b45f902
5770 f337501b958c735d
5771 c8cbf82b70bd1cba
5772 cdf76d234e77395e
5773 d80be23dbed49cd4
5774 adf7bad76e4310dc
5775 bb3e0ad0a2662249
5776 b6cd00824f3ea6d6
5777 63909b66dddd82ae
5778 b288647a65b4dda0
5779 0a9662b40300898f
5780 b522b8eabe0e524a
5781 d9fd2a614acc0b25
5782 bd49918599423e04
5783 fa59c2ba1c458046
5784 77067001deba1855
5785 175bed896e1282f6
5786 b5ead009f423bd27
5787 82d9c8f320c5b023
5788 00ca2d9508233fca
5789 2d98088d5e10fd2b
5790 683099798727e297
5791 f08c20e1800de32c
5792 34a78f281683bba8
5793 47d1b197468097c7
5794 ba715edf276aed70
5795 cc14143d458825c8
5796 7e9001935e6810b7
5797 88b11540e68799fe
5798 cfd0a73fad556766
5799 d905402cb0dab841
5800 00254411ac3903fd
5801 b629944187d69943
5802 fd7841c1cf597513
5803 c987dffd419a2f77
5804 a0a52631fd3a867f
5805 c52eb8ca39d56595
5806 fbf61d970400b821
5807 6f22099a04248674
5808 6c69cae1507910fc
5809 56b72b07fd0e3455
5810 30f1b1f1fe25fcd5
5811 b92a7e1f705627b7
5812 ec6262842735f810
5813 1305a6cbf8ede496
5814 98e83c356894b08c
5815 1ac6272dedfaa91c
5816 fdd0aa24e0e73d0d
5817 fe2fea5d7af447ff
5818 f8c02650c3614ab5
5819 d87c04a5025cea11
5820 19c5f77989d2b345
5821 aff8cb3146157d02
5822 2eb104b8ce2cb231
5823 a73670b202d9e78f
5824 95bd7c8e3bc4ad4d
5825 f854b4b9d8527597
5826 dafc0d1f8f6cf4c2
5827 9091af1cf21a031b
5828 fba8d3e88df8d753
5829 169447c48f20d176
5830 b68601d24716eb7f
5831 8d9cb83818936e73
5832 758d7bf6d72d8b09
5833 459b05a1677a50e6
5834 2c7dbb824a465dfc
5835 5de446a446d3fcfb
5836 1f80d77864406d2c
5837 18b61a0e8a2717a0
5838 30233cff4d3db782
5839 b4cfbc237ee7bbaf
5840 07350aa86b07e648
5841 f1f8256a42113a27
5842 5282527aee7f95e8
5843 b87a9cb32d42f7c0
5844 49ba89a365d51880
5845 fc5fdebc12d02974
5846 aa6cc2b6a7e6c9b6
5847 eaabee9c984f2fd4
5848 7c5a9cef23533da3
5849 b7d2f737708a3be7
5850 d25e295df3124d35
5851 1fd82a6eb6e8e7c8
5852 424625d5f53bbd10
5853 781a3ff427958f71
5854 9f307a6fb5dea8bf
5855 a152feb32ccd3f9c
5856 d25bd708c6c4522f
5857 4f555ace7eac4bef
5858 7302c2ae1776d060
5859 587047c74fb83fdc
5860 01baefb397c1b01b
5861 2488207316e41674
5862 67669dd1edb332d9
5863 55fb60a1c0175b23
5864 8daefcafbb9c3fcb
5865 edb8422f3c153c56
5866 73a731ae6c7d05ec
5867 57c8c59829e3f402
5868 c57c5230949eef6f
5869 968b672562519e11
5870 20e74c2ffb1e5fab
5871 3d99de47babb569e
5872 a73b34eb371fdfc6
5873 bdd7cf32e00ecbde
5874 956e179e38d64ed4
5875 c5e3c4696f458e83
5876 4c2c09de16389b06
5877 f9d8fb6d478d7965
5878 e3f20bdfcdf005c3
5879 3b474f070f493e25
5880 5f54b81634b7e3d4
5881 e6bf1a1ae98cd615
5882 6140d4375bbea1fe
5883 365644ce92c63dd7
5884 ce3d376b6d13360b
5885 e708b21eaa951e1f
5886 10c22ac514594ead
5887 6af011b472e5b3e1
5888 31efb58c9b2b7c31
5889 cfb180eab08fc4a8
5890 cb6ad58ff27c1134
5891 dbac23ada1d40dd6
5892 e7a31fca7c123369
5893 7f0decc3ea572b4a
5894 f52373de55f41741
5895 68307f2835ce61d0
5896 ff6a691c2ff3157c
5897 71665475f1bc8b2e
5898 bfee4eed7e6404eb
5899 d1d9a2fc9badb77d
5900 3d1b8fa19e6b5e47
5901 5815634cbebec040
5902 d35d6a705c2d6856
5903 f13daa88482a757a
5904 41bb56171f48caf8
5905 6b20f5636bea18d6
5906 1501bb6f80114ad9
5907 2f11b462431bd26a
5908 e7ffbab9a86f32f0
5909 f42ad65b551db791
5910 4853f915e6a5c005
5911 8c5fbc4884ff6265
5912 184f7ab0984e5d76
5913 139f7e6b391257c6
5914 d83dc91c4b04b7de
5915 47dd67081558dfe1
5916 aa2702418820474b
5917 826b9eb93d5ae2af
5918 5c09648b984ec69b
5919 3bba970e51c415b1
5920 1fb1887410ad1930
5921 4dbde558aa037052
5922 e7b661be0bbee9b8
5923 c8db399cd86c9797
5924 d1ce89f8e6bbb0db
5925 b37d60258078aaf9
5926 15ed04ff5477ece5
5927 a88e93e8ea969902
5928 0aeb45a45c98fb9e
5929 6686e7285983d715
5930 ad60bdbebaca402c
5931 47d6e4ae8b52dc12
5932 159813babd1fa7df
5933 4cee4223a5c6dda2
5934 ea6596ced3b4d17b
5935 b00f2bcc11db7368
5936 e9e0410994b9f509
5937 81b82d73adc26e60
5938 8179d2a94bf552e8
5939 9dad1e72f6e97a47
5940 3651556a9cf39c1c
5941 e3fd0c691953d084
5942 bd0587d33eb8fb90
5943 5b620fb4f2ec48ee
5944 0f9708f3c681bd99
5945 07dab1d5fd62ea03
5946 264292f0b484ab00
5947 b5efc5e69e1c858c
5948 5d4b4f0e15723ce4
5949 62716a10b4a1e02f
5950 caec7da410c8b880
5951 8001fc358df8e08a
5952 d844630d3d89cdc7
5953 81a6f0c0b96fa158
5954 f3f102e635a69ac5
5955 48a4a2a6575d9619
5956 45a836ceddcd9c53
5957 e20e00eb7265689b
5958 30416906badf2c42
5959 de124a93f41f7061
5960 fbcefa51e1ed3330
5961 efbacd559d6a38b1
5962 b7ce27e1996c8a44
5963 51f97731f77dd5b5
5964 42e61bccd62625c3
5965 717287e57615b5ee
5966 717b69f3df3ba8e4
5967 9dcd727ad25a1da0
5968 76d63758a0db223b
5969 3c5820b81c3bfa93
5970 60da68b20a77e09f
5971 669b33f799421df1
5972 5fe755fa064537fb
5973 1ba9f4bf24853b4f
5974 85c5beae1f6425c4
5975 c5aeadf0a1d64cdb
5976 4ff6beade2925212
5977 00ea4971f39626ed
5978 d27c71401bfbff25
5979 5f9d623f4d71ca3f
5980 c3705b2112094432
5981 59a87a0fbd063f9e
5982 10a439726aa17d6d
5983 a81e4ca33451f7be
5984 3f88015f216b75ed
5985 fefb1ac7b67e2c76
5986 5de89ed8569ca341
5987 73f151235dc4c759
5988 14fd926fc94a7aca
5989 ca75386bae9c9592
5990 870204dbb05440bb
5991 1099003e085418c0
5992 3bcb50e32845d114
5993 c51e915dfbcc5c9c
5994 031b74e45c788128
5995 41d9dacd02974e09
5996 15a4ef64a54c17ba
5997 b90574a6277ddd00
5998 5c90247284119007
5999 c6f750986d13e1cf
6000 597b1e701e48c0af
6001 0901297e0a7d8016
6002 fa30e587c7a3ff49
6003 717557d206bc8e62
6004 9dcfedba36e15554
6005 35367cd7f89579e7
6006 ad644ef1de4c29e4
6007 186fe61080f20672
6008 117d5409d47d5086
6009 c0d022dadaed4821
6010 c8f5fddf107becf9
6011 a2a5d0fcafb5fdae
6012 ec7c19e792d4854e
6013 174cb0d23d786fdf
6014 732f9bf6604fc9f8
6015 713c2e4e31ac4dbd
6016 8a673b6a4473606d
6017 217c7f2a015fe82c
6018 2e606895799ba92c
6019 494d79831a3cfeae
6020 5c52adb55291eb07
6021 96fe6435b946849b
6022 bb51dcebe3f01a57
6023 769e6799b884a7fb
6024 3d6ee7cf2b7d18ac
6025 63e79d30389543ea
6026 69b81fbc153a0d88
6027 2d6510be899d4ec8
6028 f90c55f4e39c0d77
6029 79d5324902dcb783
6030 dfdea16edcfed5e4
6031 0aadf595cae717a2
6032 5194369b021a24c0
6033 c19b0e86d1c99a21
6034 ecd4fbc8aaf7f907
6035 df805c0c728d1eea
6036 d3de6a2a570b6980
6037 16acc0a76893072d
6038 f5b923620229a7b5
6039 61f3fbf9905030bd
6040 3959b14f27e39a06
6041 935d398196a5efed
6042 f4dfa7ec8226ff7b
6043 67b315bae2718673
6044 97a0c5b02fb5735f
6045 6340c22e5ccd7063
6046 6fffe37ea6f6365f
6047 5bdbff53196f6b4c
6048 290e8bce76d0ebaf
6049 24cadf33a61c7eeb
6050 73f46cb7b8e3afd2
6051 8649e84ec95c8cc2
6052 0a10326a24e2f3f3
6053 1e299fb3548393c1
6054 77a00755791e001f
6055 e20d92545643e8b1
6056 08795eac778debbe
6057 fa8383ffd5638d58
6058 414ebd15c7c9b4ad
6059 b3f799a16bec8ddb
6060 5587c84edfdc5f49
6061 11bedf0d6d014083
6062 c0df749b97212e89
6063 7bfdf46583dfddf2
6064 7d3a207c1d22e466
6065 1c1c6b3f50d24298
6066 f647f959a8b6cd3b
6067 ed94452c84c25360
6068 944cd8897425d79b
6069 f152d947f00791fb
6070 8d854ccad15a0f5b
6071 ff32d20b4b50afe6
6072 dcd5cbb4145ed9c8
6073 9aec5e0d74bf5523
6074 613a7f962b54d602
6075 075e143120a3ff98
6076 ebf39cb499664202
6077 1689b7a4ad2844b0
6078 5fbae22409405552
6079 d6e2249507228931
6080 e36a690d83c212a4
6081 c9218ee9c262b746
6082 69f7db573bf90de6
6083 3c2b84b84b67740e
6084 aaf8fa8dd5a18403
6085 e1c1d3cb7e16789b
6086 890ff5315122f4f3
6087 2d66f1f877e07a47
6088 8e89d712ad4ee1eb
6089 32271edd462f97cd
6090 cda9c88814b02dcc
6091 e70a4522fb52cd0b
6092 289e1aabd3174dc4
6093 ee5db0378440e861
6094 2cbc804e43c45b16
6095 1d1f8dfd030cde15
6096 0f6fb54290f0b5e9
6097 94d8ce8cd1ef5bc7
6098 1ae9d435ebad15d8
6099 9ac13c5236cd32be
6100 8f53704dd7f8e7ae
6101 55c48972850d1a21
6102 b396d01826822122
6103 225027bb439557be
6104 94560ea57646c370
6105 1bcbde9da5da528b
6106 b04e3f2bc93c3b40
6107 5a4b5f9cd2f8aede
6108 eb6da6a27ebffa3e
6109 69bdeeab423549ca
6110 87caf49ea9460fbb
6111 4dca732292093f11
6112 f031fe865ef2cc11
6113 b8090e368364e127
6114 e834607fd8609ef5
6115 68d013d59231316d
6116 8a9367ca19750489
6117 1c9791ba5f0077a2
6118 d2792bb12ad83f9f
6119 6092b1287d0caf69
6120 51e1b525b46a477b
6121 a3c32d3ee919ef91
6122 77ccb26be4b6c6cd
6123 a06b0d01b0e143cc
6124 5391ff565627e6c0
6125 b1ecd28fec2ff845
6126 aa7a0b1d1c0551f4
6127 a3a8375fc7fedefd
6128 5249a8bcc4244d32
6129 ebd9b65f6ec55380
6130 9d5eae93d8219ba2
6131 39f2939a17d4e240
6132 855169e78bc17101
6133 29861aeed022da14
6134 d3eeed7e9de286d4
6135 f581329c7f83e8c2
6136 64a8a0d8af62c4e6
6137 67f59f38a67efc3f
6138 c74c0f675d56f702
6139 5beee5dc475965ba
6140 3f1dbb42b44f67a1
6141 4a51e1f91a01b67f
6142 57e5b10170119a97
6143 d738770fdb4b23d2
6144 d541f4183d8a2072
6145 39dd78e01cae3633
6146 2f7b06ee85ad9960
6147 faa27a7d032340d4
6148 ea66da29699f6c36
6149 2181987a75ef2597
6150 7aec04c5274a3ca7
6151 014f29da2c827382
6152 5e9de35c1fc7dd91
6153 00bf21b7e23c3217
6154 32d4e29076a13175
6155 75c0787172a4daa1
6156 871d408c11212305
6157 fac36b92d3160abb
6158 d4ad6e9d5776ba3c
6159 61a02fe5d8696754
6160 fb1f85b509f04b4c
6161 bcfe08e5f886b766
6162 a7e87110277bbd87
6163 9652dea7b1835e15
6164 2a11e946f75c8a7a
6165 65c9e48907459448
6166 0a5ac60c19de3b70
6167 42f8c1dfa0c33a05
6168 d5a93cc766daf21e
6169 ac0551cd7831aea1
6170 a236378803ce6994
6171 4c5fbc47358dbb13
6172 2ce81de462a517f4
6173 dd2e4b4d127cb640
6174 944ba4d7b35f48f1
6175 d177910d7d98502c
6176 c82068e141f853ad
6177 faea490bf48e3b3d
6178 605ad4b9edfbb71a
6179 e61f0c075462fb62
6180 46c38f1c9a685229
6181 60c0e14cd49d2b1a
6182 92d4e20f3019eda3
6183 d38a9ec0765c392b
6184 f79d019674cebb8b
6185 d29eaa86dcbbc9d4
6186 b218ae7e82472d2c
6187 c6cc7f9909a9c995
6188 2b2f1b595bf28697
6189 218211271ebc0664
6190 fc8f83faf7876036
6191 d81a8041059eb561
6192 1b3998a2fe07649f
6193 93b370cfabf418c8
6194 b56ead54a99b9a03
6195 bcdeb8db7d1a41d1
6196 dbe83e644003bc5e
6197 80faea667e9d39f8
6198 d1f8e0b8cb5c302d
6199 dea0878ec5ec8774
6200 030492a189166664
6201 a205ed6e5ae83dd7
6202 402e50ee4a4078a2
6203 547fc11ec47b777f
6204 e050b2abc4f72fdd
6205 ca532e91cab1e887
6206 b7f9b0830f1963ed
6207 a7935e7abe0839cb
6208 3c8a699589e8d58d
6209 7a8baaa1bfd41406
6210 b41baff4aea81ce8
6211 f225c900ed67b3dc
6212 be05bee810a5b236
6213 3c18eef82dcd90db
6214 88d681634165cd48
6215 e1f563c0666bd743
6216 b2717e40182e6103
6217 05dbe0d27b5d283f
6218 62024cc294552150
6219 b6214afe15b0f63d
6220 6a931b0cb3c5eeb5
6221 13d9973cc2f7eb31
6222 7c2186c725e2db5f
6223 acb3b815aaa60403
6224 dd46d8b03d83fbae
6225 4f9b5ed21e98fbcd
6226 059a5f9be764d643
6227 983b63dcbf14c0f4
6228 da6733f161e796be
6229 c6e85ef09057acbc
6230 507183081c46cab1
6231 33f42f57ac0da69a
6232 ab5b1ed889fcb842
6233 43165ed0d0e552fa
6234 acfdb0c08c5440ac
6235 b99ce89f71fff9bb
6236 5e24b633b7514b3e
6237 b77cc20a85aa59d3
6238 efd7aefc4eeac910
6239 98072bd795e94bbc
6240 31c3c1d1bdf2cf96
6241 772dd90c17460eff
6242 877a0600383291b5
6243 c662f06cb9a33752
6244 033e2609ff67c56e
6245 7e54a9bf423afcfc
6246 cf0c09c8a967dcaf
6247 5a531330ed71c26a
6248 e45f8325b59dcf63
6249 8b94da3ce9c093c4
6250 dc90b80c26c71ba9
6251 b2c7209b8e4d7885
6252 81c89c42b196a473
6253 e610a0b0dc3e6c40
6254 cec7592a2403aaeb
6255 bfee975a6a721eb7
6256 3a64570b223617a0
6257 32f19e53bcd49da2
6258 45781ba8b208a871
6259 633aefb023edf759
6260 94ef8331a55ba503
6261 b2dc0638d0c67108
6262 82d0e6f1babcf659
6263 4750612f113a1982
6264 584ba7b0a21e17ec
6265 a1f89422b94797fc
6266 df9d133cb32b6343
6267 7c3bcf564e8864fd
6268 8b9f441e54cc8563
6269 81dd8cff12cb9756
6270 47171eeb20635d53
6271 1aa2e50b85062da7
6272 981fa7b02732dfc3
6273 0ee5ad1b0fe309b1
6274 d909308656bd38a4
6275 492c32774953cfd5
6276 0c5ff3e305da85b9
6277 ed62a584432bad93
6278 e45a86caa93465c4
6279 7d41f7ebc2796038
6280 bbe02ac49d983668
6281 18cf2e38689cb06a
6282 494747f4ed559253
6283 85cbb347451a2a77
6284 eccd07b0916154b2
6285 8c2344a140a0b4d0
6286 c3df10ac061a3dff
6287 d83a2d2144982c52
6288 033ccc22e8cb3a51
6289 6c08820e5807ba56
6290 c1c5de488521eff6
6291 d2d8f51735c53a4d
6292 203e3773715a63de
6293 6dfd532a82e78fee
6294 9e42fb0ebc1ce74d
6295 d6765d93e9b3787b
6296 71134e35c1dbb33b
6297 36ea5d2cbd2ed3b6
6298 496ed49efff89e71
6299 b1e77d8954b61782
6300 f53adf48b104e02f
6301 9aa40be4535ed41f
6302 9f6af5346d81f319
6303 82d8874ff22f7a1c
6304 7d5031d39a27ec7d
6305 e83bb111c5793a1a
6306 827e97ceaf2fe4ea
6307 e3c364bc9bba50d2
6308 710dc6b0660c1fa2
6309 e00fa3293a6c7bc8
6310 9314fda3e1d58df5
6311 312b5268ee146386
6312 66fedfad55751420
6313 22176eb8bce1721d
6314 4fed51acd9cb7852
6315 a129fabea5857e1d
6316 27fcc04365876283
6317 ab2a04ed3574a326
6318 a5d8c31dc345c7b9
6319 2ea87daed9daebf5
6320 a1a192ea30e2fe81
6321 44aa5c99528e7591
6322 d50fd84988e9d499
6323 bb998d17369ac342
6324 f5d9cf22610e4255
6325 c179fa23b443fe2b
6326 903e8597764fde5f
6327 67302d2ebc6d63d2
6328 ff3425b07ff036b4
6329 0a4538b946703172
6330 e16281e87be8e3f4
6331 75206b4febc4ddc5
6332 ca3d16ae3186f1ec
6333 9a40d063ea4465d6
6334 448c6b61e8448661
6335 e3f43bb3c79bc7ce
6336 d77caad2018145a4
6337 1e3fb8ee1913cb42
6338 a1b01b3021e9d5e3
6339 667cc18548151218
6340 4a8feea2f3e2ed3e
6341 a1d11658949f77e8
6342 23e6dea40b988091
6343 629d4d5147c328c3
6344 7e5c9f6293d93391
6345 8e83611bfdfc006c
6346 738075fe8cc01d9a
6347 4dae186fb1596fd0
6348 6f81cd3c3d3e8ab1
6349 07fc34c17c3f1fda
6350 c163c91f4de870ee
6351 96ee2f94614ef694
6352 a13bf569e33e14c3
6353 c3dab02e7f6ec259
6354 5c1f2aa7f9513089
6355 802dc33723afff23
6356 eede72a30d617b39
6357 adc00502bdbe0844
6358 2006b9eca270f2be
6359 e9e70cbdeea1fbf8
6360 ef02508cf077be9c
6361 27e5210e21b17b48
6362 19cf1cf7dee1a60d
6363 6ab9bde66c28e0a7
6364 c2ec3d0613e8b94c
6365 6b35e6a4b862f446
6366 c984f243f8bb741c
6367 3e992d07b1b66a81
6368 c6e16d66eab9a486
6369 985cd2edb5fc5fb1
6370 0b923cd195aafdf4
6371 3a9ea3894fc5a7f7
6372 811c0a25aba4ce3a
6373 46e8c7bc6f88cbc0
6374 96fffca764534fc2
6375 121b4239f542343f
6376 9eed419edf39159f
6377 8d14ac42e337a990
6378 db274b791c52ac52
6379 cb41de53e3754f95
6380 2ff2ea6d0884f3eb
6381 764064939d610341
6382 b5e04eae2cf5ddf3
6383 a4c6c41f9fdf38e7
6384 e85ba6e8438e0d51
6385 e331a347d4c0f49e
6386 a2d10b7528aeb396
6387 1aa4ca313c269b15
6388 0d1f00bb95f44fbb
6389 5b538fdf6a3b04b9
6390 d97a3ae77c250805
6391 0987dfde34615d30
6392 437761594ecd3b3b
6393 d1822bd6226544f4
6394 0311efdace70620d
6395 acd5fb45d6b36b68
6396 7f84a92b04713410
6397 dcd885f213404066
6398 b21028091df796b8
6399 3330bbb6171b2d30
6400 2bc9aa4b7c354358
6401 cd91da37321c6d74
6402 bae13451ea8eeb2a
6403 42684657904c56af
6404 255049308ca1642e
6405 7fc47e229dfa2871
6406 a3e18696d5125324
6407 7107c169928c4663
6408 de7e7f535061eefc
6409 4084f3f526b7e019
6410 6be27e73b593db09
6411 fa8d3c93b7882bc0
6412 d7ef990b5e5602f5
6413 a918f79177bd8f76
6414 5438442b81fc64ea
6415 7c0786c96c7701f4
6416 6c384e41843eb914
6417 32d789cfba4073a0
6418 e69fca4af518792b
6419 2555323f4f1b3572
6420 f55ff02068e1d127
6421 e48536b026849fa7
6422 b2265a23fe41fa46
6423 7b65bb28c45ca0cb
6424 91eb678a262b0a23
6425 6f82219e3b85c339
6426 17aea84d312f16a8
6427 437b0fcdc04e91de
6428 68a34dc49c2ce521
6429 d60598f4d9989ce1
6430 43ca73e801f7bfa0
6431 bc7a0767f47c6b90
6432 ac46e0873daf4944
6433 382d2113b40c8693
6434 f87e70d2322b2782
6435 ed55a22b57dc7498
6436 e5cf21217de64160
6437 f2bc0ed5addb193e
6438 3ab9ff6c50885818
6439 d43e045a45a9e171
6440 a61c7eef91efa7e2
6441 ac3f60e1cae73adc
6442 0d27804bd114003f
6443 0617f5e6855a7765
6444 afe35210e9fdfe42
6445 8c9705b55b60f19e
6446 f73ad5274f867a18
6447 590e2bce34cacd70
6448 9d6707cfb75f4ba4
6449 52bb0951250bcc2c
6450 36443aa71d650393
6451 b5f9cafe312f5516
6452 0d37ac8a8efe7a47
6453 e86906832060444d
6454 c13b91f2a302ec42
6455 f990406620a77ef7
6456 2ef34b1db62135a4
6457 537d7153f0d87fc6
6458 9bcab0cd7c2bb890
6459 6a6dad90ec366cef
6460 f14f14e03784b032
6461 e173e21a3d134461
6462 28cebb0ea0598839
6463 84e093d18ef7c8a9
6464 535380fbb58917c6
6465 13f620b55e0d40b0
6466 9d7e774d9eaa8f8b
6467 5a000489b4f40107
6468 3e4cc58e0ad7412a
6469 6cdecf6b9d4a7810
6470 184b600b77d7190a
6471 594ff2139993da31
6472 61b36efa759ef410
6473 bb3a071cd6ce01c9
6474 e05c2c5b6ceeee47
6475 bea179546165b8fd
6476 9defebd1635d0e4c
6477 70ef154d709ffbab
6478 04d79f7bc484a802
6479 4c3d7cfba1736031
6480 496d466a4e6a5481
6481 dd2ff1c0e413ecde
6482 284bdcb1413edc15
6483 de3890885a520f6d
6484 f6354110549ebe5b
6485 affa08a300101dfe
6486 b496263867f8237d
6487 97f36cd11a0cfd59
6488 e8b1e0648f5fed35
6489 0a7dc2b9cedc5040
6490 574915e7cfc46349
6491 c049bac7a7604f25
6492 961bc94563c756cb
6493 266b9d8392595c6c
6494 b0d7601d204880ef
6495 231730ab7fd0ab94
6496 c3b72acb3da82bfc
6497 3cedd2a89e953ab7
6498 e3aafc17af37b177
6499 52fba9c640de9043
6500 ea3a63b94fdef642
6501 2a13b3adb4fbb90d
6502 a73f514557303a02
6503 cadb63158b089151
6504 ffdd89a7d5ea3487
6505 98613420414e17a0
6506 bcadbd275d9d633a
6507 4462dbe57d1444f6
6508 c03832f18f9f21ff
6509 5bb71154af4f1ba8
6510 251e68b60a0e01e0
6511 2632b2d0950d4d67
6512 1b5f552acee5d431
6513 d03c2ed6d7e50f14
6514 9493eae1fd611b93
6515 0857911e940703ba
6516 d7dc49aff158eeff
6517 f623386b04caf948
6518 6a885e6d734c17c5
6519 bb9bf80fad72a25c
6520 e06a8855a0f89b41
6521 e3b48495769992d9
6522 0b0f40c055de63be
6523 0c073b8a3fc9b00b
6524 e568b03c35109f04
6525 05713b4f1a2a85b7
6526 bf37874895487d67
6527 c6c5b47af7e8bada
6528 d908e7e18d01989b
6529 2585a966437bbb71
6530 0e061e83cfab6408
6531 10eb654a46c56021
6532 5a1ad75df34145c9
6533 9093f2167695f131
6534 ec5c3b14f9b8a9a0
6535 ac919964c269b3d6
6536 99741cd3011da5cb
6537 a0f4f38629d1d0ae
6538 87b787f65d9451d6
6539 4295a9c257048260
6540 85dc63006ace2c5a
6541 d957f6516b01677c
6542 ac4fb79a95b320fa
6543 0436e1b755c52451
6544 aabcefffc3367e95
6545 9829923ff58ed9a1
6546 62d6d011944dc355
6547 709561a971fab513
6548 1bf3b48ecb6941ce
6549 47ec9ba323d48864
6550 38e745fef2e8f3ff
6551 eee17ad238dd11b8
6552 e2cc541629ae5f2b
6553 ffa37952770b7617
6554 6a9687c2a2b23c55
6555 e08398a435a65e74
6556 5ab5c36cd0aff4b1
6557 56e5d1248cb13be0
6558 0dcc760ca6076f7b
6559 56966da65e923075
6560 47a033b26633f3bf
6561 bc06d1e39abd3b7e
6562 3fe7cdcd297c0555
6563 317cbc0ae62178d6
6564 e1a6a982a79e4d6a
6565 dc8bc03a84496347
6566 cf30a8f9ce9f613c
6567 13054a4a2a75ad4d
6568 932e4c55d1827053
6569 e1dbf7a80c7a2a8b
6570 cd03d9d48d773ec5
6571 3f3c124b694340b1
6572 f5a9ce2b8e4a0b95
6573 fd0563bfac8fa849
6574 94527d265b14a91a
6575 d7731979fa29c7de
6576 8180301c7c189a33
6577 c4e1263c2191812c
6578 e06d356970cec713
6579 8eac5316084e9a61
6580 8a4956ff358c38d4
6581 300e3a38c20733db
6582 6dac219fdd81f1c8
6583 cf3fb933a6b89f46
6584 672ccd883ef4533c
6585 34fc63d183168554
6586 aecd5116eb119747
6587 15e2e19e1827b6a0
6588 03ff280e6a19f671
6589 56391b3ddaa1fbba
6590 cb53081b75f05e79
6591 588123c7408bad1f
6592 1c1ccb7eb1091dfa
6593 bbd45822d7b8a3f4
6594 910015fe970468f5
6595 56cf62a5de275f26
6596 ab2021a7832e69fa
6597 f8771ff6d668bab6
6598 d1ce5f1effccad6d
6599 2eedf459b27b67e4
6600 f97e239130bf9d71
6601 10ef59acabed765c
6602 b6ab093d81cf9ac2
6603 d46fb02af6b2644c
6604 acaf2fa1ec5f8d1a
6605 7443a28adb2afac8
6606 cd5af40d26ee00c3
6607 526b4a23eb4ad053
6608 76b9346a79ee6af4
6609 84e25de42add9abb
6610 6bf4ef325de6f2ea
6611 4bffce09b6d0449c
6612 e63802a89d09ca3a
6613 ce49c5f58ce3f53d
6614 1b6d49f98c5e7568
6615 04f3366ffe9e343b
6616 3d885adddcd6f7d2
6617 28923bc6e7677b32
6618 fa6a327307b4a5f1
6619 9601ef3ef8555774
6620 c32ccb62181a15e6
6621 72372516f2d02420
6622 888162876beebf46
6623 78a3cccac7cd9f2f
6624 988389b05151cd7f
6625 b766624e0ad3c3f6
6626 6f249d26ea2a6bcf
6627 2a57848c7e2eb80f
6628 8149d437f7fc6207
6629 7a3a1249a932e9fe
6630 76355198b35edef8
6631 50f203642d548ea5
6632 e6445aabc2912ccc
6633 112a3f512e9f8233
6634 5d6717ef7625a35f
6635 29cd6d7a24393603
6636 74706301327a45a5
6637 0c09b83652253a09
6638 baefedab68dc29ed
6639 498d8711f45799cc
6640 b5bcba1e1be22e67
6641 1576c04326274e8f
6642 0d143ed5661c3cfa
6643 e889d7363632f691
6644 001b859f5c73349c
6645 a32205be1109e915
6646 0f7890bad5431bc4
6647 080457c10fc5d53c
6648 b98cc9c55b6f32f1
6649 ef4a7859a0b80173
6650 3315f5ae240f52d5
6651 bcef52be402a9470
6652 2831518366d7a098
6653 42092500c93721d2
6654 2d0d73fa1d44d39c
6655 4d9014323d6bcb84
6656 7779e28da44fbb89
6657 f10a0a3e95b42613
6658 3cf7d70a8a81aeca
6659 bbda0f44535c06c0
6660 331f0ab6174f60ee
6661 ed127f0d918f00de
6662 bcef330ee7b2e56c
6663 22bd3a7279e182f7
6664 356ca4ff8113965c
6665 e4dd4e014821ae4a
6666 54bcd190da4b8fb3
6667 8f9774b36320519b
6668 eb74172a674a30b5
6669 436e44b8e7c6ecd2
6670 25366e123cd74379
6671 ae4459085c16e931
6672 17d0b0e079363e2f
6673 1909df4e806eca90
6674 79370168cb82d94c
6675 0dd229be6880ec81
6676 a710c1e07be56222
6677 0d15d85e78ee92ed
6678 fb9dbf140f4d61ee
6679 b7863d61f5d81cf1
6680 30f8d2c9318d7002
6681 06bd7347bc4bedff
6682 c428ee1628d5c8c6
6683 0b455af2cc30c49b
6684 005729b1d3ca6098
6685 12b5f371eb7a4f9f
6686 5aa736456ff03379
6687 dd466c12b31db835
6688 73d1461601786711
6689 8ada404b1060a65a
6690 49f40977fdf83c0e
6691 3758297c03cdb64b
6692 329c6ebd4d53ef7e
6693 3d09a3f6ec260b21
6694 960e5c8a91677a62
6695 79fb9011698bc4a1
6696 37a8256f8b97907b
6697 0f1f4f624f0194ed
6698 18d0ed202f4696cd
6699 ed4024cfc5b287f0
6700 d13ea8800a09b5eb
6701 1d779cb288add15d
6702 23de29d6c7fea101
6703 9d71b387e245e385
6704 fa9750c5b3a71b78
6705 84a8fa19fa74394c
6706 3a9b5c6cb90bfda4
6707 7436288e77bb243e
6708 c922c4f3a2288e2f
6709 a3f96d5d03e17fb9
6710 9ea65262bedc178b
6711 42e2e4945b44ee40
6712 38fc0a106ea41a6e
6713 a429a40e2f584a58
6714 e3c96e37d977fc1b
6715 f3c0af0f8888d266
6716 3cc655854678bef7
6717 205746e4823f8d6a
6718 6186eb5077253180
6719 7540f8cf508188e0
6720 9d54110c0443185d
6721 ed1ece7ba4200768
6722 5ac4fe7489478d15
6723 1e4427e4a200f881
6724 70ee957ac0f73942
6725 0073143d2280d4fd
6726 79bfb5f99926c868
6727 9fd07deae3e35b06
6728 b1d3805ba08c6a52
6729 c5cbcb55c4072fed
6730 c01e32ff29ee78b8
6731 f376bc09d995ac2c
6732 0f6dd695da56e11d
6733 f92cd5c8d3020958
6734 517a810e56b0dadb
6735 fae655e872dc5831
6736 f1597f17f7293f0d
6737 b38ea44cc2b5a9bf
6738 5015e57e325cf189
6739 9290c3b70a8890cf
6740 2f2ea949cf95b732
6741 b47ed476fa6d68d7
6742 1413d4b85ce582c2
6743 49806f0fc8e48e2c
6744 c8aae5233e8dd046
6745 fa5869360e37164a
6746 c9961c415f39a4c1
6747 bac3b94e4d587e9a
6748 a31c202580bcb024
6749 213274a98deda4e6
6750 9e207f29d24b5308
6751 373be0106df9c811
6752 fe44f222f29b942c
6753 c33b3411d0da4001
6754 e57bc8c827f8a7da
6755 e2921afde34a7e92
6756 53d02c172e159830
6757 6cc896a108d57d65
6758 da1d704813b9c837
6759 3bdb2f2d2f5e6a67
6760 e7e3766b3c6a057c
6761 1c37e153f27502b2
6762 03c7246030cb6aed
6763 a03419ea6aca0abe
6764 b14518bca106345d
6765 0c8e8d2a07d0ab92
6766 7139f0288fb55cd1
6767 9d902ebc3032661c
6768 2a1610f0caaa3909
6769 9d47eaa27c52f20e
6770 a0d342f3082d5045
6771 1e9aa43d249595be
6772 72f2b46c3886cac0
6773 aa1a203a15ed7a2c
6774 4069cfc1e16969aa
6775 fdb12795c74c4788
6776 b8140724198a7f15
6777 5b0fe575e1ecd1db
6778 4f40f9c514124aba
6779 f936e7ea28fe021a
6780 62bae3f190cdd98d
6781 4aceaae35ce4819a
6782 5143a29cbc5dfa76
6783 973a929533b8de67
6784 8f9d1abe0adc9ed3
6785 2c6f6e429f8066a1
6786 3b9ccd2445fabd43
6787 6569e451fdd09783
6788 df1985d3e8eef063
6789 2480489be785b4d8
6790 82bc24712138b178
6791 f65c87d67d2de006
6792 e1406517396789f5
6793 1788601764223cc6
6794 f77631e3ab63f9a7
6795 336aa31ff8a2816f
6796 b25e67c4b4d14f53
6797 5a07a383dfb004ff
6798 08ffc75746fbd05c
6799 380ee6f16060e768
6800 9d577e57e4a091e5
6801 7101e0e2dc18bc46
6802 0220d506aaf47af3
6803 eeb6fd9baa7f4fe8
6804 1ee7aefc22ca36a1
6805 491bae348d56108a
6806 0dd1b48137f6cd9f
6807 73c8fae61d2a91a8
6808 299f1124c2be4a57
6809 5c8c960fcd434368
6810 6b3b025bb078ee00
6811 edab14c1f0c003fb
6812 77661c93820b41e6
6813 96c431aa7432b3f5
6814 5a03f35163da9298
6815 3fc256e4fc4b9755
6816 d0d45efd39523270
6817 983a7845067a7777
6818 34d541f90d091fa4
6819 76f53c318a27463c
6820 9ad520ffb265d743
6821 eea7ea30761224b4
6822 05916fbac43269b4
6823 2eead5cb03bdc8f1
6824 d54021bcec14e863
6825 5dfdaa9dddac1c79
6826 d6334213a2dcc85a
6827 92221156f5bc24b3
6828 0c383caba0ddfa2e
6829 37a8a1b35f4180b2
6830 563dd4a40c38a0b3
6831 8c8beb531af713d7
6832 af7f20ac71fe8e6d
6833 2ca8c4e7163315d7
6834 8ceb158ad6de048d
6835 f0a1528bb0eb682d
6836 6aa2ee1b896fbb5d
6837 d34dae895e76b393
6838 d9b3842305eab1cd
6839 8da6a383df141de5
6840 7de5093f83eef947
6841 bb5b7d6b6c926843
6842 9204b6aef882e67f
6843 10b00f1545fad1ad
6844 f5e79187bef9692c
6845 e3de416183db2628
6846 886da2f608f2af76
6847 c54a2cc5973ec6a0
6848 965c0dd4675c24e7
6849 2298276e0e5817ba
6850 df853523092178f7
6851 a90826726c1f5fb1
6852 9da358f168ac8df6
6853 4ddff454ff72a867
6854 21d55e1fa9bde774
6855 166b35272e17d1d3
6856 7146512c78c44af2
6857 56bb73b13d1f5151
6858 964fd1a53e532bab
6859 701e0c5fac4f90f2
6860 db8d0e0cb66f2858
6861 04388d5982fc5fc5
6862 4c61c05e7b03f506
6863 0ef0d6f61a151335
6864 aacc80e4b189ce02
6865 a7cb385e79b4d3e8
6866 c0ba0dc8a3b372ae
6867 c942f3f7af38fa3a
6868 4e0ed8b32801f329
6869 9d6c2939cb284330
6870 a2e629f1d1bdc289
6871 0f3b2b26cde7d622
6872 2430184ccd456b87
6873 fdb6e24c5320a7ae
6874 f0b1048c2cff69cd
6875 e40693801e57b7c6
6876 deeae445a92ecb8d
6877 b14607a246caa616
6878 6dc24187b8be8651
6879 dfec8806d76d2885
6880 19e3bfa3e0542859
6881 6011a8639fbcb8a2
6882 373596b7fe837807
6883 a4673006c48414e7
6884 f62d2d4a29c3546e
6885 0470c422d41b12ed
6886 65b5a844b239e73c
6887 66ba111ad99a6bdd
6888 0bd4a117f102aab2
6889 9a2f620cc39e5143
6890 05431d7a0caa5716
6891 4e929d17a5a20309
6892 aec1f25ff4dd21f5
6893 bb017d23b01f0cee
6894 6b617f06bc798c38
6895 ace110e184666aa5
6896 ed5ea442d537dd7d
6897 2993a4a15bf49c50
6898 384cbf183a8ba01f
6899 1f0aa8dd00f0ecd7
6900 b4dbe36087a677b4
6901 1c6d629a5f9c612a
6902 811184b343218ed7
6903 14076f6913729f32
6904 7cd70321843a6fbc
6905 40474d58c69201e6
6906 3c51e85cd2204e1a
6907 52dd7b19d440c14a
6908 5ff1c5d9c3c3d7bd
6909 eee6e92ecf668fde
6910 9e21e5085482959c
6911 c1e10718b30dee14
6912 33b9abe3e3184015
6913 f2537102358abcb2
6914 051a2dad2da9f79b
6915 6270f3b454c09426
6916 c31d07d484284d0b
6917 2cda2bc9298bd007
6918 de7530c48fa9cbf3
6919 fff19efe2f549f55
6920 2b41b8587424abcf
6921 07305df6344d9e42
6922 b40774334660b700
6923 00e6c406abf511fc
6924 255933db11a54e4f
6925 73632b93306bb4af
6926 922d09cd89fa2236
6927 5689163c2456d5f9
6928 0b0dfd3014ad1b3b
6929 a46d6f0fa89eb0a8
6930 76c486b793dc726d
6931 d603e883c0b17ed2
6932 a37a4137653ea64e
6933 04fbd74e48d17604
6934 a1771235f9437911
6935 0501ccf1d497c0f1
6936 bd4db4e242ed1bae
6937 69a601b76279f8bb
6938 de7684e1238d74d3
6939 bd064833309c862e
6940 2b5fb3e409dd02c7
6941 e9bb2d7c2eb2ab04
6942 0c1c384063839b3d
6943 d74329ee56defbd7
6944 9e8c0589bb59e96e
6945 86a6b6ca0da93862
6946 3d99d97be7499170
6947 4e13c013f71fe1d1
6948 c395ac8f6ef9b2eb
6949 a22c72bee98ebc4e
6950 d82cbf54d49f01cb
6951 e72f86ab25c35380
6952 347e52fb06ed31d8
6953 3955cd9876cb987c
6954 35a9fa9406413813
6955 4ff94bcb1351093a
6956 150e8a0c9ea2bf2a
6957 de9f692dd1cc06fb
6958 0bb7bf272609087a
6959 0c995bac484ea369
6960 90f7967cdee9132a
6961 09847d23c7d2a104
6962 0a0b61a9fc12bd45
6963 fd5b64a23a740698
6964 561714b4b4c73fa0
6965 8b497bee8428c266
6966 7c84de96f98d33ba
6967 e0e3ef58407a28d3
6968 6b29f1983e7ca433
6969 85d33cfeb20d5fcd
6970 6bf85ee5088480e2
6971 ad74936484638df1
6972 e6d6e385e6911791
6973 533f492f47785f93
6974 86f067062748980f
6975 c6f48e7323e172a5
6976 4c5f04890926061c
6977 aaf9db3f6a7adbca
6978 2ef2c61c24c8f4a9
6979 cf690bcac6a4d7b8
6980 30d6a90677899e96
6981 d15e4adf63d3bd05
6982 bfba3c05b0b19f29
6983 c24c3ddc071cbf36
6984 7e24b05de132d087
6985 f38ce1943e75286c
6986 454d22a92c9c171a
6987 fd762f5d72d4ccbb
6988 7e7a7d20a8ac5bc4
6989 3fb9ddb1d28e5565
6990 ec5edad2f4a3b933
6991 5de4c5ee86dcc2eb
6992 848ea8bbcdec1658
6993 3c57ca40f09bad1a
6994 db04bb3626e0f0d3
6995 930ac1e104e995bf
6996 a47346147495a5a5
6997 4ff6508efb187203
6998 19ec5e7ff1404ae0
6999 95897559c2d03ddb
7000 c0db6b0ee5eee49f
7001 bd2d599fb560943e
7002 a0aaf635bb75560f
7003 ede643e3ee95c812
7004 9faa112f27f569fe
7005 54e10a702d2d9e47
7006 bde26d79d896c036
7007 1cfae2b5b4a0efe5
7008 36219857740f4926
7009 1321621a2ee53515
7010 0c2dacc4b12feebb
7011 d8d4a652559e4d81
7012 1f31addab4204d42
7013 6f04b2ed99594f87
7014 c6960a8a7a6d4652
7015 afd6d068a71e3b32
7016 4c14ad1c5097ae94
7017 56842b1d884fee89
7018 0c1653d7021bf96e
7019 9ac524edbcc20152
7020 6bee238c1fbe6c96
7021 9aa045fa1c36615b
7022 3179be131d39f0e5
7023 f52749987d88921b
7024 353c4a09a252586d
7025 dd3b45c31a8dfba7
7026 2144627878598672
7027 f004200bff3e73ea
7028 8988787b9d12f0ff
7029 7dae0b8c9f55324a
7030 e25d09ad1e898316
7031 f33c77f5a07e5ea8
7032 0e85a7ccaa6456d1
7033 a189c04e7ae2f3ca
7034 35df532c780754d5
7035 d9419b0ccd7754c4
7036 22a97f2d353b1f9f
7037 6da8471f839d1851
7038 02301ed5142cdd58
7039 d07896f176f51f42
7040 00836bcf8511a8ec
7041 0905b04ba8a658dc
7042 d371b9f8006e99e3
7043 7c1da3179f25667e
7044 931a21817cecd8dd
7045 7e58768c00b9822b
7046 08390d4632985b6c
7047 f42a6a17dc7d7dda
7048 1d984d35cd18fa4a
7049 57bb5a4db0dc74a6
7050 b8b58b0a54d6b39a
7051 f01cdba37e7e59fd
7052 ff567cb015df911a
7053 0008c45c32c9f773
7054 f9d9cb3c97d3c096
7055 de1f675c9c5ff3af
7056 44ef43959d4dcceb
7057 cb80b6097aae199e
7058 6b09e551d3c02535
7059 e80d2a9ee37cfa8a
7060 78916d49338a7404
7061 3f46e5e071b22623
7062 1ea3944b7dd00c11
7063 f7f1680989c53cd2
7064 9be0c2e51e448874
7065 ea625428e771df49
7066 af1809d29a3a7cc8
7067 5938a1dd036e7799
7068 0b7dd17675bccfdd
7069 8f3aebbaf3321725
7070 acf5b488a86ca5f3
7071 d837b4fdf1f37ba9
7072 6d86e9df86449374
7073 d6d106f3004105bd
7074 49056b2e543df701
7075 c760ec5fe253f545
7076 3b8dc606621791f9
7077 824938060cd4db91
7078 a9a0c82e02c56fb7
7079 f45a433ef9ac7188
7080 5884bf9aeaec3217
7081 f614c2043396e6e2
7082 03ea66a225940d75
7083 464c171d22614936
7084 87b74380f82ea6e8
7085 ed0ebae8b64eab90
7086 606f2def3ae1d8fc
7087 ae2765ffbd0c2e16
7088 33980f9b27610e33
7089 188159b75fefab38
7090 b4c029812a1035bd
7091 c9800901054e21cb
7092 63807e41d6da1460
7093 cdc281cfc47dc772
7094 77b2a15b6019d05c
7095 e5ccf7516dd7ac5f
7096 38e93184958f48f5
7097 a42fd6a1b653b7f1
7098 17b4af0b7f29c83f
7099 e4314b20ced4c375
7100 81204133f3c4230d
7101 4a0f27ae675cf1bd
7102 3d73be9951b76f83
7103 ff6138427fef74a7
7104 45c461770fbaed31
7105 89bf29339bbd9d29
7106 97db4c826ab22a80
7107 7b35eb1304af7907
7108 2510fa16da3b121d
7109 2233bbcab3e3e20a
7110 7d0215e98cc43692
7111 3b847037bec96cae
7112 f7e44432ee6090c0
7113 ad3b4926efb650c4
7114 a70978c4e9145e7d
7115 e8e368d4afd7133d
7116 01b3fb3021216a17
7117 0b49938f980d6294
7118 401bab402d029737
7119 effe683d0e877c07
7120 205c756fa3e2676f
7121 7a5231f7f40fd1b3
7122 a3750312bf05952d
7123 a9e00385fd6a552a
7124 d4ccfd3c71ba30dc
7125 7d3f6e66a36b828b
7126 6f38fe9a4a2be570
7127 1d72bf6210cbad3e
7128 7099a06d4e326767
7129 394ca10b9789764a
7130 3f0a2bbd2fbe30a3
7131 3a77a397edb4a16d
7132 8902691f7974672c
7133 f7644ceadb8c522c
7134 a483a808fcfa5d24
7135 fd9bbb9b5ce08eab
7136 0e9c0614706bc6b6
7137 41beec274e151c97
7138 baeddaf892eab751
7139 6844fcff35d110e6
7140 aefaff3532e28902
7141 2c44f8d1fef74f75
7142 cd3a5544176fe65c
7143 45da26b1ad789826
7144 086dfe3e62d176f3
7145 9932b1e500a9e543
7146 be25559b0753904d
7147 cd0d97ab1f0a4942
7148 2fba434f753c0e6e
7149 6e17d7d75e2d5ed0
7150 c6ae680efdc4e588
7151 784cde7a577221e6
7152 850cb71e90204a53
7153 c10d3b237ca4e0ce
7154 1d6c942014549ad7
7155 e733d36b980c477b
7156 751361706cab82c4
7157 3562f9d7ce29d0e8
7158 8a4f2694c308c6a3
7159 a6bebe9caa02b106
7160 e1c5f3f2ceeb930e
7161 22f0644676239147
7162 4c3c5a30c8425b3c
7163 94217ebb3154f80d
7164 09ebaef2c55f7106
7165 1fdf470d7ed092bf
7166 9498ca04b077ddd6
7167 3dd6de141272ae02
7168 cf74ca48b2b41b4c
7169 5c76bd28ebd8854f
7170 d6647a98a9d4c10b
7171 3086c6a51bd753a7
7172 2421660a68247d75
7173 d27f8d9e8011dcce
7174 d071094339962716
7175 8519ff404606a131
7176 0b6c33ba51d0c63e
7177 ea9e2f75cc4aa61b
7178 6c368fb64e49058d
7179 38a1b13a388689dc
7180 c8285852977ec90b
7181 25256c6a0c13abda
7182 e3d8dfbd5fe8b88f
7183 76a2bbd775cca2da
7184 9d8c2f624a5307de
7185 e3810a15c2ccc2dc
7186 00d62462343206f0
7187 f8071ec880a4340a
7188 1c1ae4be050a7fc0
7189 72247073e61ee23e
7190 7ccb70b3e6f43564
7191 8dccec071b847be7
7192 4a89a5c8f668782d
7193 fad69b1b74672c40
7194 31af596af22b6ada
7195 0a5429af8f3b50f5
7196 c4ebd3c2d91ea16b
7197 22db87513564aedf
7198 832df99a49afde8c
7199 d9f8cb21f59fd429
7200 501dec251143db7c
7201 9722efbdba5106ec
7202 1dfb4ea46035ad9f
7203 10dd5b239c3b62fe
7204 9ad634239f08bc3e
7205 81bf64e36da9be55
7206 5f2ac508eb60ff23
7207 1cab4b2cad624a26
7208 502368d47e72b43c
7209 28acdcadae29840b
7210 fda08a52e113ddfc
7211 2c9803e79faedcf2
7212 62304c8464c35025
7213 5891c5ff33b3e43a
7214 313cb941a5a7f704
7215 dfabb6c7af625ad0
7216 8b93234c6f4f79fa
7217 a664b69a1da992d2
7218 efff1e6eba5fb4d6
7219 d51670581ccb8453
7220 a500822ba466008b
7221 68f9223314e906ca
7222 de3628a769e931ae
7223 59fe47c4e5986a69
7224 f9161c3da8528e6f
7225 b8acfcd02089b60c
7226 05508603b10c8db9
7227 a7820ec4b25afd05
7228 7aebd2a49e2f1e05
7229 f5548feb27db6604
7230 8d6c8bba5a80eba6
7231 f27751e2ff0410fd
7232 077006971b8bf949
7233 431fee7b7cb0c117
7234 8850eb125b164a7a
7235 7947f63908889762
7236 f8619e79869df3cb
7237 b1ddfeae65e1c5f7
7238 68e5988ed312904f
7239 ec0acd5b39264a9a
7240 077aae5afad301f6
7241 ca2eaf5a5d7c7e4b
7242 15d550f1e5b7caec
7243 940ea523cd75c6c3
7244 14cc8154941e1c30
7245 830f413ccadea123
7246 f627cfb30bb16d79
7247 c12643e3ad77b3db
7248 9fe25a2d1cb62f6d
7249 5203f1019cf2281d
7250 c5774daa942689fe
7251 f3e1c427ea7806ea
7252 2e94e3d8c9e2ed3f
7253 7815eb10fd309372
7254 6127b82e1c672dac
7255 a17a45e036e20f60
7256 408dcd6ecdac8266
7257 ba80c62aa1f54ec7
7258 d40b07e0f0162a7f
7259 9c18064d0a26cc2f
7260 b22f9360d0dfabcd
7261 ac2da901a916b25a
7262 e1073c8ac4682bed
7263 7503af878717b2c6
7264 7a5322ad7205d5a1
7265 bab892edd44b73ae
7266 fb084fbcb041edbc
7267 9ed79278337f7566
7268 e8959e2ee68c33ad
7269 f3426e9899f68850
7270 15400ffadb6bcef2
7271 87406c3b0bc77c27
7272 6e26412aa3a08eb5
7273 01642eb4da8ee2d1
7274 1edd111671a003f0
7275 fc97d670fda6b1a8
7276 5267efe609438933
7277 0f5901f1c48f745f
7278 0f842170b325dd21
7279 d3a6082909c2f933
7280 6e87048ace22bd58
7281 924c7924ceb58a83
7282 12eafe6d338de1c7
7283 3e96dbc29060cd80
7284 1af4667ed750986f
7285 107f0b63d26d8b7b
7286 dd90d2a20095066b
7287 427297dd9d8274c8
7288 8b859ddbc84aac8f
7289 9f528ef93a5dfc3f
7290 698d3694168ca2a0
7291 87d5ed90a4462ed7
7292 c0ed694d722b4a58
7293 bbe9dca8049d0b5a
7294 fc4a84a76dce8369
7295 f9033a3c457bd677
7296 68e7665a76d2b439
7297 6137530209d1d88f
7298 58ef4a82ece42c49
7299 8bf26e03b76aa415
7300 2c812b6a2636a42b
7301 2aa861e5c13cf6dc
7302 56b9098a84ab458a
7303 7c17d623230790c5
7304 9bf4a29fa8a98eca
7305 01e3d4dd24c27a84
7306 4b55586d78506a39
7307 01a9a66bc4d88cb3
7308 e70e192f1be4b944
7309 4f1dfd01df2ad808
7310 323ec46857aeebb3
7311 50818362e9b84757
7312 2a73543f170a3df9
7313 a70eacdb6b84f0a8
7314 6e096bb070af2127
7315 0fc6790167afab19
7316 e8f2461de4cfc42d
7317 cb471b5b54a18b12
7318 a9a7938e7fc97de0
7319 496dae0914399dee
7320 73ed7155f3b38964
7321 a8b751e714e1ef0a
7322 6e446331ee3cb984
7323 9a19a092f43dfd1a
7324 f783c79b6fdfa464
7325 ae2e5f0b63b8b186
7326 2114196da4178188
7327 f5d3d739532695c8
7328 0318bb094e9d3d0b
7329 ee157dc4d76e6294
7330 ab57afd8d1ac0e62
7331 f11720884d4f67ee
7332 faf86660ec7f1e5f
7333 96fc8c23d06c2226
7334 6e6058e21c054479
7335 3980fe59d76d2f8b
7336 b73836be9d3febfc
7337 cb02add5812df6c8
7338 94c1c498c5e09b7e
7339 281d6953cbda6125
7340 55e307d10ba1668b
7341 8a09bef16f303f1a
7342 4159c5449f6001ff
7343 6c3cf8fbd4632f85
7344 2c1f1f81d6e9096a
7345 98d4261048934538
7346 ac3ba9965ad65c93
7347 bb1e1e3e5e48f86b
7348 50a0745a487cca75
7349 b8d4860bf4c421ee
7350 7fcd4f264f7a2253
7351 0d9555de153ff148
7352 27dba48edd1faf19
7353 4c48e3e7f27d4c2d
7354 edbec6ad2978f0f1
7355 71bbd89e14cd6a21
7356 df6ece4793b58012
7357 d3eeb6614b244fbf
7358 d8f8a9af7c35d1d0
7359 b3287dbea773639f
7360 ad33a9ca1398accf
7361 eaf4422fc20ddc29
7362 df0230d2e010dff6
7363 aa7040b3fe870c8d
7364 c2886e9b57be0ec4
7365 4559932e7e392e8d
7366 9f2ceb6f712936fa
7367 e9c2897c080f695f
7368 79310eb42ef3a900
7369 675cea5a9a2adec2
7370 e756127a0f74f3d2
7371 2c26527ab3ad8f71
7372 59a7b65c262673ff
7373 c5fa08ab2ee994b4
7374 115d48bce31b72fb
7375 41dc5f682230a566
7376 6c83643dc962566b
7377 eb9083661f49046e
7378 42810095d966bd9f
7379 559768705739d878
7380 8c909dc0e725e8aa
7381 bf30b2a10422dcdf
7382 97072d24353bb661
7383 6fdaee97739fd0e1
7384 b65f9ffa713bb50d
7385 2e614ee741e38593
7386 8b5bc5d77c388589
7387 6dd6ce441e7d45c2
7388 5b7a0e75253e893d
7389 590ff1695009f315
7390 ab2625d7833a4d09
7391 461554d83abf60c7
7392 e7f1e5847b96b507
7393 c325fc6e540858de
7394 21cf27c56c0493b2
7395 1d9e0d9086ea2950
7396 fddfa0de65cf531b
7397 7faa4d429e0d81cb
7398 fadc13cad99ee9b1
7399 938e8394fa26b091
7400 e8c5a02861eca16a
7401 456b5fbc8f46496c
7402 3414e8792c7b6302
7403 63101d1aa8ce522c
7404 2304b3e01f36f3b0
7405 b21feaa605bc9db9
7406 5190d7fedf1a9ade
7407 9dadc8ec30523302
7408 3d7f23ff54e4a976
7409 1a1932057ebfb91e
7410 374483373c036041
7411 abfc3b2ce36c9e88
7412 c49615a01237cfad
7413 ba56ac71342c98a1
7414 1985c7451206cb8e
7415 a3634366e74f9521
7416 a55a55d6e661502c
7417 0daa30a22a957912
7418 b80ec1e53b706869
7419 29a0fb74c3b314b5
7420 83659da97a0c5e41
7421 45623620134f4d3a
7422 f02faa8ebce6a1c4
7423 d10b672b8ec6e7ca
7424 63e322282d182786
7425 4ebb8ad1cdde1c45
7426 7df82239fb06788b
7427 c715d79805ce88a4
7428 4e304ed295043e59
7429 0e824d5f79f0c827
7430 8005f0ff44284923
7431 28042cba3814000e
7432 b93c0d776d502054
7433 d03adf107991a9c2
7434 828f72530678f27f
7435 271b9a400135208d
7436 90a667190bb1deca
7437 1c14ac7612909bfe
7438 04efff3e47fb8790
7439 a2e4eb8f4f6a1a1d
7440 9f37e92499e21102
7441 d53fa8895feb3e53
7442 1669d12b8c4fca42
7443 30d4d544a06d879d
7444 59c2e988e82571b7
7445 571e626929ceb319
7446 551cd3fb2cd93704
7447 39988877a99de5bb
7448 5aea442ed5babb84
7449 641db6b95f18e791
7450 a20831730a499f4f
7451 538e10a0b021c87b
7452 2651a7798e195a53
7453 1209f1e57218a67d
7454 f46c38733a948cb1
7455 d99d629282232431
7456 6df4aff01b406599
7457 5c48d5670145be85
7458 f7d6d3c435a2abd2
7459 1932adeba97b79cb
7460 dbc59d10f1373712
7461 df04aeb2697baea5
7462 975d742d25ce33ea
7463 0f6ac63ccf161963
7464 5ad5c79184bcc5ad
7465 dcc257a8523229c2
7466 596ae519478807e3
7467 8ba678ed78761619
7468 2fd25ffec1c8f3ef
7469 0171878ceecdbb7b
7470 91220d03f1e6b74e
7471 afcf423bef806e2f
7472 00aadf6fafbdf4c4
7473 40d4cb6517b816ab
7474 d096cde75961ffea
7475 e517fb8e19cfc617
7476 95d63521e14d856c
7477 74bffcb59864101f
7478 05450f64ae92471c
7479 cf91e7c3eda727ad
7480 9fa8d9dba6464a0c
7481 ac58f542107fa1c7
7482 a8a809b5becb38b5
7483 fdbba9158dd80282
7484 20ad7ea1165229f6
7485 b567f69c15c07395
7486 c00a5c814fcba8a2
7487 5bf5cdb0f4e521f6
7488 0b132d2ed4ca3455
7489 cf5856af7a946eab
7490 721dee5d0b55e207
7491 ed5e10eaf5814447
7492 b979b53abb2f3c95
7493 48973a44479a55fa
7494 95d7710d27c625a4
7495 c05b43b47f828588
7496 97c05b32357adcfe
7497 43a2fa7ec75ac703
7498 e6e8e8c92f783402
7499 ce170cb797ca7057
7500 e1b85a279bb88dbe
7501 dc692cdba2aa40dc
7502 2cc5c92f4d7b01d1
7503 2517ce7995d3a6ca
7504 adef59515c5e6e1a
7505 be40a1c9fbbba3fb
7506 4d05852810af7878
7507 28cc7efcfd346cb8
7508 9c6ef655562b6aed
7509 140106b00e27dd11
7510 8babd553141823f5
7511 34bbf16b9b798d0d
7512 e0c4cd148d966ea9
7513 ef7d65675a340b23
7514 693f0dcd8c84bec5
7515 8b9a11a66e83d4fb
7516 ce41e8a02e26c9bb
7517 7b7a59fd7b55e2d3
7518 669cadd108dd3f81
7519 901516ad46b0c98a
7520 f09ff7da595a661e
7521 fb21eb74124f7d01
7522 5aaeb4579787e5e2
7523 9328a75fd14e574c
7524 effa94a949625a1c
7525 e4ea81a8ee8958fc
7526 fabe787d03e7314d
7527 4fcc31ea1db43454
7528 b13987a706de499c
7529 16d648c0f8f3ad2b
7530 70b325c12892aa93
7531 a2c21b610a5f6929
7532 748cb365189bc949
7533 bc4881984b824ff2
7534 12276ba1d0fe9a79
7535 362d9aa8f84bd4ac
7536 a9ba9a2037e07117
7537 a76ef19548bdd7da
7538 172177cd92d7c89a
7539 b56ea8939746cb0a
7540 6cbed91c7f030c01
7541 fba54aef4cc95d9e
7542 397254eba9f89bcf
7543 5983121e6371edbb
7544 d15b6984685e959a
7545 fbe9dc53821a5887
7546 232379a52aa02ded
7547 c521141d4533f682
7548 ae64f5d120d94cb8
7549 117f7b2458f1fd0e
7550 f38a8aa6d8f5dd82
7551 85851e53d46f5a7f
7552 fc5451f5fd3d712a
7553 8391eb7437ab55a3
7554 11d206380705d54a
7555 201747c397d431ba
7556 826888160a81dbba
7557 6721f220cf4202ee
7558 d611a31d9c13c858
7559 d7bbd31562d13cc4
7560 1cedfdb4e9c52a9a
7561 fe127eec79734d30
7562 716f3a4e88c98aa0
7563 e26023b4edff9d84
7564 744c4d3dd0114e68
7565 edfc44d4ebc2bb40
7566 9de97c77a4d0d4ef
7567 069866392ac1be51
7568 843b283368914cf2
7569 f3491c54c9f70de0
7570 3b25f3bcfb88c232
7571 583b3644bdfc24ff
7572 ff982a77bf073dc3
7573 307460fad7a9149e
7574 eaea53a2e4cba921
7575 83c6e9e2ed712c08
7576 9d40c34b2d342ad1
7577 c1f5c7beb6b17dcf
7578 540c258617984a0b
7579 6e21ffd68e1598c5
7580 df7401a6e513c3ca
7581 53ab8afea057dd0c
7582 83b902d1e7afe7b2
7583 8bfb167b2015dc0f
7584 9b61829b164af9c2
7585 e228ac1e534d0880
7586 a7de8bca24908f66
7587 5567efc1a81446b3
7588 1bec2c1f6cd57d35
7589 1b645545e5bea1f0
7590 d43c6d3bc38bcfa2
7591 703b73382f962059
7592 0abd52127115d1f7
7593 bb547d98fb838b7f
7594 de1f0ee66dc584b4
7595 5a59bfca90be45ab
7596 fddc0fef28aaf1c6
7597 2293f46087f31f0f
7598 1b376121b820ccf9
7599 1e983440b457f720
7600 dda6737c285b9ba5
7601 60f34b7e879cc9da
7602 512d817c12309f01
7603 1d978a567368ba24
7604 f9260e08100a5d1c
7605 8fa5fbfd89111d36
7606 90d970bc4d57da78
7607 18ed6b57eb217c67
7608 9af3ed1dfb82a110
7609 7890a37c7ad4ccf7
7610 2f9b010054edb3e7
7611 a1bc8c26ac30b2ae
7612 8f5bef2bf405aba7
7613 90c77c70af98ad83
7614 a7abfb0edb9043d5
7615 7adb03dde5a252f4
7616 08826f8b6df50269
7617 0c708bd81dffe067
7618 f8f9f3127d3aefdd
7619 55f1ac4f02a75ba9
7620 d4fe8f7c4e43dbb5
7621 a8b80bc930842ea6
7622 34e03734e883b7f9
7623 6003828057efb5fe
7624 444fa5f857bc785a
7625 444451f74205adbe
7626 184f20f7b46fe84b
7627 f057f64cc59e6af1
7628 2815e41b3b8c31b3
7629 e8713f207f8eab10
7630 5d3452964429207b
7631 a420a0e955bbdd35
7632 502868545a4436d6
7633 f5dd7020bc0f6e0f
7634 3a27eafeb0c6020d
7635 0e07ec4425c916b2
7636 bb0b0c9c1104e642
7637 3290a9d601663629
7638 e1e037f9cc38a867
7639 08bc664052ea6599
7640 2f2d891df99559b1
7641 8486d80a6b17230a
7642 0012a12409b2141b
7643 c35d7de0d9247888
7644 b9285185fc3c47ed
7645 d208105d2e76f845
7646 1f5cc8b57bce1293
7647 b7a3cf0a7e669931
7648 37ce73df77ac0b59
7649 2a13e7e2ff8e6057
7650 0720dc46b35c4c20
7651 c1e8d4882ea13f3f
7652 c7a8f70e2417293f
7653 e1195a996a729e51
7654 3d02bb96c81359b4
7655 77f4f7cee1021d38
7656 b276d13d39304915
7657 f0faa6b561a0c0f5
7658 4d70a8514084220b
7659 c69552ffde1f4b5e
7660 90894e5aaa007811
7661 aae9d9ab11a9932c
7662 82cfac512c34460b
7663 44d03480d7450fe7
7664 c46742473d16f372
7665 85d5798062925816
7666 f5438de242ccb2dc
7667 a857f4e8592ef16a
7668 715beed79182f33f
7669 ff7badcf9ca6f039
7670 39f00259c36979f2
7671 8b0247082b922245
7672 c4feb618393218a3
7673 fe90d5d2c08163ee
7674 85f25fdb7bc8d7b0
7675 3c3d9342bfdb353d
7676 11f9b8f428073758
7677 0a28c608863c85c3
7678 c7a09208fd22d829
7679 3340c89d87266d21
7680 bb805ad640d4295f
7681 9b668f4422263fdf
7682 c430d241222842b4
7683 2f204a422d0d8ae7
7684 cb059bddb8546834
7685 87f3593d6825c52a
7686 6d0713e7dfd970df
7687 a1142489ea271590
7688 e0fe812bcf8fdf0c
7689 58a35a4bc30961b3
7690 94248f80179e6fd1
7691 04ec937e01bc54c4
7692 4607c9bf5e53e680
7693 509831ca67b526b0
7694 e66d33f34366797c
7695 fafa477a12d09d1d
7696 5259e7ec1aec45fa
7697 907c300e01060118
7698 58c1d6fffdc1aa79
7699 b5cc55eb4ce702d2
7700 c0646ac657a5a44b
7701 3e564f948d68ffa6
7702 3ce716879910988c
7703 68682d6e8480ffc0
7704 f329b7aa41d28d73
7705 19f13ebfa7a47668
7706 0d295130e5d1faed
7707 0378de878af3cf17
7708 9b5d048e62551022
7709 9353bb5e8d19a255
7710 4d8dce38ce03131f
7711 efd3a93ceae0fe4d
7712 0150ecc9b317a940
7713 32b7f0f8ad3a4e0a
7714 492a1721054f2db9
7715 2a8d37330668a910
7716 f6a4e8f1f1c78435
7717 78ed700523fd394a
7718 2ca16daf050ce04c
7719 2b49938978f21a86
7720 63c4a2c832d9e598
7721 755390316a33c058
7722 dcae843ae367ae6a
7723 10a552f14b5456c3
7724 d9755e00c4f4132f
7725 eaf0f677c0822862
7726 c2cfa8f4ef97ad9e
7727 7b7b3fca8b76dfd4
7728 04620d5833bbcf9b
7729 136723bfc71168dd
7730 51b971d2e8689559
7731 a95fb6f10afbc1c3
7732 6e4685408a038877
7733 52c6ea6062455454
7734 fbd5a0e42ddb0ac0
7735 77cff9d368703699
7736 b1d3c6a807004231
7737 49e4c61d4b7472af
7738 0c3ad00896b0a2f9
7739 32bbfd6751e3b0ab
7740 59e37aa6c5ef5013
7741 3761e513fadb35f7
7742 9380eabbd88d025a
7743 5e1eac1c742e480d
7744 609225b8807b7847
7745 3af8ab402c6c90e9
7746 4a8ddb723c1b0692
7747 36512b42e2b6d26e
7748 e30d461d07254bd3
7749 ad85675ee7420b11
7750 8226d3c7f05ad578
7751 8a44f85b66a93121
7752 259fc0105e02b38a
7753 337d787c9aacd71e
7754 24cb2dc65c61a0c8
7755 4043d007b0459d40
7756 5137b0e02245192c
7757 c7fc377fd37fb183
7758 3c79044c2c857405
7759 5322cb85750043dd
7760 5e9f41ab49727cb2
7761 f3a2d159864b2d0d
7762 95f74fb1eeaa83e8
7763 ae3efa137a00cf4e
7764 1d9841971f15f745
7765 3cb65301c1a818fe
7766 ef8d0d3005bbd866
7767 5ae73fa0f923b15f
7768 8f8f54953b4d60a0
7769 2f950b18c5adb2ee
7770 0c1bdcfc3cc4529d
7771 8a42536c7769908b
7772 4e24827dbba09109
7773 12e210de06a1aa0a
7774 8dcba0bb1284ae3f
7775 40ba87a1f001444c
7776 7c909c8267b2c252
7777 57d02d590e323909
7778 a1dd1a4d11037a17
7779 22e122f6e67aadad
7780 9a7a9c125670e25d
7781 66d2c564e0db7a8d
7782 24c7a9601c348833
7783 b04f8a3d259eda27
7784 ef89d70a4b37164a
7785 2211a2e7187e412e
7786 666728692173ea70
7787 acdcf5395525f6a2
7788 adba6e45530e7508
7789 4738163832fbfc36
7790 1d5bea764c9e05dc
7791 65aaf2deaad2b2bc
7792 fbdab1df9275bba6
7793 dc8d27758020a8eb
7794 96d6f1e2e8cc2996
7795 08283e279fbc6ace
7796 e9fb508dab0208c5
7797 880afff8b7246b2a
7798 6ee6db60679fb6b9
7799 ca1a31bd7b252858
7800 ab5668b55430f92d
7801 c58defe7b5d7c85a
7802 735ba94675f7991b
7803 bef60dd682338fe8
7804 109270cf9c3773e8
7805 2d18441b2d84860d
7806 00fadef8addc923d
7807 7fad408b893ea499
7808 8d186f8f64b89384
7809 f3ee07e577c7941e
7810 fc8acfa7ec73e204
7811 aa668e56ee3c3e5d
7812 3f338ac7b9363c31
7813 8f235e5624bcddb3
7814 98a7a6f27cacb193
7815 18ff84fe59f6869c
7816 29e232f7d4f02cd5
7817 d3133f71d4bc90c0
7818 187da459ecdb85f4
7819 203e657d68c6b076
7820 54f1423c19809223
7821 39228be15107cb75
7822 c5c6ab06c3a07ccb
7823 228226b904779706
7824 0fad367f19e80389
7825 7ecab5055e76d4a2
7826 faaad4206db69f17
7827 a5d16bafa8ddfda9
7828 a338d5aa7b3596c1
7829 ea2498ff2c8af907
7830 f6ec6c72fc8719ae
7831 670e9d533382e4aa
7832 1dbc277ce0d19f08
7833 11b3d6a2e4d644aa
7834 02b1db2adbe8b04a
7835 8a0580dcf6db2035
7836 85be059d2ec5fc5b
7837 5d2f04016c813f91
7838 1a8d7d4895c82e38
7839 b127d73ddc297e95
7840 63a64a34169af1a8
7841 ac0c62fdfe3bbd50
7842 e6a2c58352c9d4aa
7843 a3329ffc354b4f71
7844 dcdce0b3de10345f
7845 b04b8417b8f59d43
7846 92533a8ebaa0c40b
7847 f8f513d43cedab35
7848 b5d6eda842f284d9
7849 07590d32f9333397
7850 366886d5615e1735
7851 28279a88ce612a4f
7852 01c206833f19f0b5
7853 dc358e016da69f47
7854 99907f60d80a0104
7855 ee278b2a06f54316
7856 773bc34cac7e7819
7857 9c9cb2635c562d0b
7858 f2033971548b1751
7859 acbff061c083fbdf
7860 755138a40b0e38c0
7861 cf6c22c979f9eddf
7862 cf100b4fc6c37da2
7863 5dc30e864075c9a2
7864 22cd5634bc51bf75
7865 47a976d1206f4490
7866 8687ead4b223bdbe
7867 139b608b23faeb68
7868 db19f718347315aa
7869 f48bd20a01b2e892
7870 9f10e2b6ddd29b01
7871 01cbd7735ab360c2
7872 72382a4240922974
7873 82d855d25dccf0c2
7874 43ec943cdc59dd0c
7875 4e1cb864c16bef0b
7876 5668f1d4b9adcf4e
7877 9118d5370d54c7db
7878 230ce6922964322d
7879 7c7d6b16e450ef63
7880 e88a7c901c3d629b
7881 1a46d5cd3bd2baa9
7882 90401d95612725d6
7883 486457c69e9505eb
7884 208a3fe8eae484ba
7885 bcf62aab28fe709f
7886 49e352a6e91c4f14
7887 ceb64927284510dc
7888 5e32aef66688a878
7889 534676628c5e44c0
7890 a7d158b4e6d25a67
7891 64d87915464d1a5c
7892 23ccb4ae8ef8d2ae
7893 45c33d29ecdc03f1
7894 1bfeab0045cc92b9
7895 4eba53e251f1da57
7896 a21c084e3144f658
7897 676ac8cb32202d1d
7898 bc016f4f2a752384
7899 9b5940365a2f1e63
7900 947b63fa4ebec06e
7901 a74c58f41d6a26c1
7902 07fbe194c4d5f30a
7903 7630236b0c9be8a1
7904 f5b3318a7e953405
7905 7626efd74cd04059
7906 3cfdb063a829f5b8
7907 c66a4a6e10eede9f
7908 185c1c723c73363c
7909 2a23a6e0f2606037
7910 12039f502acd3c74
7911 ea8677d591c0c206
7912 ec5666950448c36f
7913 68217cca8f58b974
7914 4dded48bba61827e
7915 cecbc2cf41d0e59c
7916 4f62be0790c69ca4
7917 8ace36abb0ec6461
7918 82ce443decf29ac5
7919 28408fc242f0ddb2
7920 17e7774713095151
7921 c7adc9ecad23d625
7922 14a1f4ce2f66f033
7923 0a6b3eb1fb244b70
7924 6de2c932d5513c8e
7925 b321f53249526642
7926 77da62b50b7f9c74
7927 afd60c3120e3d1d9
7928 362abc0c6ea09746
7929 2765bdc043a608be
7930 b3c65dc7e93c7f9e
7931 bf24ba01414d35bd
7932 7e4e61084745f9b1
7933 9349d6cb70d56e69
7934 1cb0b41970304db4
7935 69152badd505ddb5
7936 1a4a7c3b0a516d49
7937 dc7744b6f34e9d79
7938 a99ed56d9b7bf9da
7939 c017b0a3f03a6014
7940 dbaa61c9f10007f5
7941 4194e14d96dc5ce6
7942 bf9dc6993ddf7a19
7943 7c266b09a85dcc06
7944 bea863996b9b1b76
7945 6bcc2df051719197
7946 98c9990ba0df011a
7947 2f60abba3d5acf84
7948 21f3a5538a5924cd
7949 f6f61203697547f8
7950 67dd6c15f62e5228
7951 ab89132277563dd4
7952 0bf6defe0dccae82
7953 d3f6c8a23c5e8a8d
7954 1a9056e8b71107fd
7955 de72b6572f2e4e83
7956 d1bc3ef25d781924
7957 466fcb75a8486eb2
7958 f96755f07ceb0f40
7959 799cc86ad7b34a84
7960 65596f18aba4b191
7961 5005d364c45da1e6
7962 fdae914f5edd8450
7963 0aede46dabf973a0
7964 ec37c437774ff431
7965 e518b3923cd29422
7966 a3a23404c34fc730
7967 1df0c216a960796d
7968 507bc2ceceace84d
7969 6484ad8d568096fd
7970 43e619f4ac62dcf9
7971 567a0a1c99bcbe9e
7972 ee5201331a1993f7
7973 6100f9ed073b72d2
7974 ee11d24261d86e27
7975 376aa7e6d56af3ca
7976 7fec12ee47c1ffe7
7977 df38f4e9e263cecc
7978 cfa76dad325098eb
7979 12251b4871ff7c1c
7980 565ecb84d266b040
7981 c0f06b1e71bf5bf4
7982 b69ba2c2c20c08ff
7983 f7e31e30619a1971
7984 2c150bd28310dca3
7985 05d1a353ef094f08
7986 5daf19c4c38c39b8
7987 f4600e962f08ad08
7988 04fef17d06412b56
7989 58a9dec48bdc21f3
7990 cb7306b02f202b15
7991 67b4b26174a88c5f
7992 71d3e6f9e32bee8f
7993 ffc854f2330c6944
7994 70aa15ff6edb29f1
7995 a74f73e765dd6226
7996 49dd1d0b39c2e687
7997 b05c6565807e4989
7998 32a37427c8f93fbc
7999 afa53836a9c80ba9
8000 90c29868b8a78b9c
8001 4a1a03c32ee611c0
8002 50fc193c7b5bbc36
8003 1c2aa5d6714b7402
8004 b1e2e2d4b9ee9386
8005 b215443fe4b87d05
8006 59d9ade5b453fe80
8007 872ea79a7b0e9b09
8008 8d6c3f90cd0c1736
8009 853982f2fc99f64a
8010 34e2d866daec548a
8011 ea8a215852b1212f
8012 6300574b8499f794
8013 fb7a56e2216c59b9
8014 5b27df89538d7517
8015 1d1bceae1ec5250c
8016 5e148e0a96f7464c
8017 d053da9d8d920efe
8018 4406100b3bbd2014
8019 4cda3fe4548ad263
8020 e08da3b00cef6637
8021 a22e5ed21f16b0d6
8022 82c14a55410adf15
8023 45d59896b02a5838
8024 989f050de741248a
8025 fa6957dacf733b02
8026 8eda02d826027c15
8027 9f3f97e72fb6be6e
8028 88ff60115f0d1181
8029 ea1754c49444adda
8030 b8e26a3217dfd5cf
8031 1840eec887eb0f8e
8032 1aa76e47bde786ee
8033 ed448609e9b93bab
8034 92e8c3fc1c1fd33c
8035 daafa9ed756b119b
8036 c68c45eb7dc5e248
8037 62e962e2703a5340
8038 eb2d9b27a959aa9a
8039 c35091577b35b510
8040 31e7d515e47002f4
8041 1aadada40d830653
8042 853609cf8d13e844
8043 caea3ba79ca5cc40
8044 5163c050c7ad7808
8045 91ad849af2a2a32b
8046 964ee06593b74a2f
8047 836cf65b445049b7
8048 fb0aa1c5be770d31
8049 d157d962e7506a05
8050 ca6a87a02f8c0f90
8051 795ee3bd6427bef0
8052 68a7a8b0d9a5b3aa
8053 887e6c11558933c4
8054 d17e0dcd7769faf4
8055 47dba1d63cbe9e8a
8056 af24e38094f21163
8057 936f8e4feac473e1
8058 b97aee5d4e8edb9a
8059 85e7d48b7258f783
8060 ed5387e6d8430a35
8061 b9954f7c192ab329
8062 f9cb85350b7ded5a
8063 e4008e8b81dfdac8
8064 8680521160bf2a55
8065 af4fbc1f2f972a32
8066 a0a2be0d9096c10b
8067 2ce9e72c000d3f12
8068 d7935cbc37cfb6ee
8069 244790b999839ece
8070 45ad9503e093db04
8071 49ed6b357e88c084
8072 420ddbcf51fd9600
8073 baa02757b0575fe2
8074 961d2bf5f972cf8d
8075 f2ea727fc0313044
8076 3163b089f5a147da
8077 4b44a079739cb68f
8078 cde8a3f202129da4
8079 e337d9c33e9b8749
8080 02e3324dc97b1210
8081 7391849d124271ed
8082 60a0344254e2a7c6
8083 07bf53e777eb857e
8084 22e645400d04e47f
8085 9aa92dc498e35057
8086 c8650fd126f2d643
8087 caf70d2e14b7639a
8088 13c0ca17b61f9d9b
8089 1cd2807d1691e716
8090 628e2a648724e186
8091 c264ddf6109cd749
8092 f223279be36d21d8
8093 7d4e6913507d775e
8094 653224578277c3e1
8095 ee6f51750384a207
8096 1d4f0a6823b91ca8
8097 4d9bdae239012147
8098 21d62dd62f660a70
8099 b62e9ec34b179de6
8100 e879cdb39efc863f
8101 c2f1d2bda2dab623
8102 ab8a05aeb25cd201
8103 5fe1a01d3173e799
8104 2644926fcce1ecea
8105 f8e703e7e4084ab9
8106 fea152a6a9665177
8107 17061b4851c39252
8108 e5a6797291e01b7b
8109 69da950cdbbf8f31
8110 30171597fafbaaf5
8111 221a569c281c1804
8112 5b8e7790eda7222a
8113 fcdb1f77c9f37d1b
8114 501e6393cef25e70
8115 94dc87f59ad93882
8116 869bbf87da152dfe
8117 beecd2f5d80cb2f2
8118 b66db01ab98eb4ba
8119 6a3688fe7c651a71
8120 1a5c2f544b0f5448
8121 9dc37170a9ccb2d1
8122 28948d4ae516be8e
8123 ecb02f8496c82176
8124 d9df5ecea1832208
8125 fb82ea25f611795e
8126 838a7e9c474d0781
8127 b0c846026d815eb4
8128 35b41094aa75d6d0
8129 13e2efb2170c5db7
8130 0be7f5655b21f15b
8131 d2bed18166dd1bf2
8132 0060aca2cbbebef5
8133 a6f8683c15e82219
8134 7d993518eae6295a
8135 fb69dbb9b3aef512
8136 c0ed848ddd74009c
8137 ccc4817766a82c3e
8138 5a430a1c053a597a
8139 6590a286e26034e8
8140 24a370d29bb01ae6
8141 d10d6ccd46f98183
8142 11728f30c81926eb
8143 789765a838a7cebb
8144 51cb2ba367efb219
8145 f233a83462c64372
8146 a51ad6e7ec1fb456
8147 b652e7b8327d1c53
8148 badc355e11fedbbb
8149 2bfc2ef3e53ac35d
8150 338cca3f9e4d394d
8151 1b0c3bedf46c6edd
8152 ed31ec927acbf332
8153 6e1138c981dc256f
8154 279b29b704ce8685
8155 0681e32d8e819a66
8156 e5e31f0899c2af82
8157 2e1a88dce4122e37
8158 5abefc06978d9519
8159 07677b9bcea7adbc
8160 335130aa002a5dfb
8161 a14f9ded3f5583b1
8162 058645f92f4b3e63
8163 7ddb8a4c6c59d421
8164 899cf2a2751f2ef5
8165 6ff89773d58124c9
8166 f229762913c6c368
8167 3f39b288f9985b1e
8168 a227e807f076a303
8169 71b48b3777dea435
8170 28f799a8821ecba4
8171 8bfe5a1bcc7bd808
8172 79758bcd108e3ef4
8173 7e238b3848d0143a
8174 e8b558852697fe48
8175 d24a2e7418326ef2
8176 c373d9e1195e2d8c
8177 cb9cc639597d7555
8178 8601cf09dade6665
8179 d94e16b557687f83
8180 82c5b6375ee0472a
8181 71b1e9e7bb15fa7a
8182 d523d54c01c489ed
8183 a55866e501d8d68b
8184 f53fbaae03c6dace
8185 71cac064df9a89de
8186 157592b079c11743
8187 e2e1257d95a3aaa2
8188 8f8d73ccc6d6c2e5
8189 dff632838b8ba5cc
8190 4b04441983df8f88
8191 67185458b1aec8b1
8192 f651cc6432646e22
8193 2dd51f1cd8651b1a
8194 c6ff581eb0702791
8195 25d2d24ac1c1b7f8
8196 af5188ce7869f895
8197 ec739edc03e11ec2
8198 0869cb477f11fbb2
8199 6da3980b876bfe58
8200 d8bcbcf389401bd1
8201 411c093e2bee032b
8202 f006e4accdcc7229
8203 d6ec1b6739dd7f6e
8204 f72c38aac9e65a3a
8205 7245025484e3673d
8206 fa90dd6268dca056
8207 f08a0de5fea2212e
8208 652e4eca79740dfc
8209 b9e974119f7ac671
8210 8fc97001b9860a6b
8211 12aa1cd0529d6761
8212 a78a5d0e9e090ec6
8213 3d086689742295ce
8214 f5088686fae2db58
8215 ef9a1dc54389054a
8216 07c86effd0b3a213
8217 3c413022608d057a
8218 0bbd8e3e6b3fefd7
8219 caf3f0f157550e08
8220 f21bbcfbf5502266
8221 c94db7109d384d5b
8222 dc8c813cd25dade4
8223 37d30d8cd59c576e
8224 208ca31aa92a8c12
8225 89bb7a37f9ab87c6
8226 3ffb19ab681ad2fd
8227 984db2dc1aa803af
8228 5ba5e090bc49d4a7
8229 a748f15b17550538
8230 577b0fbe89af4c22
8231 203098d92d9cc402
8232 b039ff758c2ff95b
8233 c6ceb8f841b9b4d1
8234 b5bc83a3c241cd25
8235 b56c8e6cb9bd400d
8236 64d5d36eed993fe4
8237 68916045ea976d4e
8238 7995b82cb6b6ce6f
8239 196fb5c2cde8eb3a
8240 22075fdae14ebd4c
8241 5b968e4a269843b3
8242 0951f29e3bdf8182
8243 5f3cc4fb6802f41a
8244 46fa47dba75d8c81
8245 2ea9b01f6c11cea5
8246 9c14a8d2deb4ce54
8247 44a1ac1d10634708
8248 c09b4652c4eb28e4
8249 e7d163c43e6ed661
8250 3145c31e4b366512
8251 edcacdeee8b4e3a5
8252 40952bb0dbb4f13f
8253 54c846c9071ebe68
8254 bc91df4a022cbb7d
8255 d9d271ee532b8b9b
8256 ab81e0467beeec41
8257 651065dd40c421ee
8258 7862b8dad67a55b6
8259 7a360fa488923348
8260 b481062abacd70cc
8261 12a2d4e90135597a
8262 5500c7c53625115c
8263 ac78e67077aa3687
8264 a0373dd181fef990
8265 0bb8c74802f0cabf
8266 53351e92ce7191dd
8267 4d6a16b00192dd00
8268 0b3574abffb30318
8269 9aa55e655d8bc0ec
8270 3ba2e63ad743d6eb
8271 ef862c6e2822eb37
8272 85c2007b5b951601
8273 fdbfe1b7829ca78c
8274 63e05523aff25bda
8275 0f3d3ce55ba1d2ea
8276 b37dcd35dfb73dde
8277 2dcc8e614dcad7f5
8278 6a2df55f2fcd86d0
8279 1e4f91fcee2805d7
8280 903cd2c14dd3294f
8281 6a915fc8dd29908c
8282 853735a16334a82c
8283 f4513518f2ede48f
8284 bcbf34427581aafc
8285 e86030895cb4f708
8286 ecc3f9dbf6b2d4f0
8287 de4aca5d93ad5ce8
8288 d31440e8867ff0f9
8289 d91fb6f0377243be
8290 f434ead51173eaeb
8291 4091350f81e0ecdf
8292 05f1afe31220b99b
8293 a2cf92651186bb5f
8294 83a9068791748046
8295 f3cf87353a5e7b82
8296 9dc1f04b3afd74c0
8297 314ae0c87b0df857
8298 def26856733b7579
8299 7198f277ebde8108
8300 8e98f1dd8eef1e7f
8301 8d1b79ba4dd6c138
8302 f036c728d6642da5
8303 59d7d49e95f57b5d
8304 831396ffef730e50
8305 98db0119fe1d54c7
8306 ed4ed61eb0c0d4c6
8307 7be20cde857ba730
8308 9a199db7b05443a6
8309 1f8d8e14fd49c95c
8310 05ad89314699ad45
8311 24eb407246ac3eb0
8312 604686aaedfa6b76
8313 f2270a7b8d640329
8314 f1a3094a46c434ad
8315 1c4cc504e98cb633
8316 a30293831ffd4554
8317 8a91ca1c2f2c1018
8318 babd92cb44d5ee17
8319 5ded3edeaa03ffdf
8320 52448386ec04c9ce
8321 92e92512b625de5b
8322 d6c2d151b08c7732
8323 382ed70676352a55
8324 ee8a8c75adfb8166
8325 1d47ca3a6b4bc817
8326 fdde313922cf2374
8327 5372e4e80f0d1309
8328 e7fe118dcd4ae06b
8329 8c19972687e9c302
8330 b81ee97a7226067f
8331 54b22c3d2a521b4a
8332 48ebd96e457703d5
8333 6cdf9843175d0956
8334 18875d19ae962576
8335 7c5f9ee0fa27da4c
8336 d0f0ce3b7537881f
8337 6c5f74b35061bec1
8338 5e4f173f7650c953
8339 83e713868401ef24
8340 81b731e7c3514674
8341 04d12bf304862585
8342 0f95dbf88436efdb
8343 3fadd7ea0a2a8414
8344 8fa431178e9850de
8345 e335a99ae4938849
8346 d947d9840cde2043
8347 c164372b4911dc14
8348 564cc1983c59aa47
8349 6bf3a31f041410d5
8350 d84008558b253ff4
8351 a7636aa0c6bbe63d
8352 d5db73d40851b825
8353 c04b3027f2dfba73
8354 6d883294497c4e49
8355 ce0539bf00c4167b
8356 4251b5c3979b8eb3
8357 5e74befb0e74c6cb
8358 016ae4c09d4e6b9b
8359 f4bbf6b5c7705762
8360 6d6af974bc0de11a
8361 14e0c95500c71e1e
8362 e8538cd5b70e220b
8363 b4e74e3e59b08151
8364 6b68526c52892dc2
8365 e8fb3c45a5fdc519
8366 9d1a4f759da431e2
8367 4737a5750440191c
8368 a7b767d16708e557
8369 bea5db43e132983d
8370 b81136fa0e6c756a
8371 c812ab3efe8f242b
8372 3fd4a187cc5a4d55
8373 a12df250d2cd3e0e
8374 5899349a6035c1ef
8375 ad9c799195d97022
8376 7b06ac5701bd9837
8377 dad6c7efbaec9e49
8378 573411f21619d3b2
8379 43440433c25bb1a8
8380 64e96d35991485af
8381 d9d34b8e2ff3c92e
8382 56586ed7355c237d
8383 c2743fc0ed9545b9
8384 f7e226c1587f77f8
8385 381e3899fdd2bc83
8386 d74a6c387da358b0
8387 8c37ced0340d8a6e
8388 5bd121a6c22508d0
8389 7fbededc69a585a5
8390 4dff8784228187ca
8391 95524b9de36c7889
8392 9e5ce56dfff0ffb3
8393 0cadc48173bed968
8394 ee443834f68108c1
8395 5811c8617a211d83
8396 79cd73d4788524e0
8397 40e42ca4a7662d2c
8398 d31cc406d4f393cd
8399 e4b175766beb7c89
8400 b96ff219ec8e06ce
8401 f95f6d9cec023adb
8402 0dbeea03adde80d8
8403 9d61df9cac36cb1a
8404 0998a0f50d093e06
8405 bdc83e64918cfae3
8406 308e9c2c90ec5266
8407 3c111e87e82e7bb0
8408 c907745009a5211d
8409 d4f12072ea9fec4b
8410 3fd5145f08791bce
8411 0f418ad55d129495
8412 bac7e65333a5bc8a
8413 f3e07eed59c21557
8414 c136aa52d14f01ac
8415 72fa6ad9e21b6410
8416 294cae18856e421e
8417 030a7fd85be27e92
8418 5cec8fcbd20fc198
8419 bee77e5d30e79d96
8420 bb7fc95b97a188c0
8421 31a0276ed6d3c1ed
8422 d2e71a55dac5a352
8423 d9904666e7d59cd4
8424 0461d5e923a47e35
8425 74bb3aff2e9aacb5
8426 cb0b87a118d17805
8427 cb2b5c5e5667d8bd
8428 5e1fd4b8258a5ed3
8429 344e03f25fe46e21
8430 c87c68b269e88d6c
8431 e5b975b69d2cf289
8432 3adf6a83157c35bf
8433 ef269795a1bd328e
8434 4c5a09287375a304
8435 79506eccc85fa3c0
8436 91a472db5f53bbc6
8437 a1f9b264401a7f27
8438 cd3688e7e5658e84
8439 eb75a0db8d5ea9bc
8440 475d85e40ffe9917
8441 d542e35c5a207e80
8442 bead8541f5fcbaba
8443 fb4fa24c7e2c98d2
8444 c87428de6a5a0b93
8445 109d53ce90fd782f
8446 026a07ee8412944b
8447 f47a3e7a6392fe92
8448 d1ee8dd146fac736
8449 19600dee0304042f
8450 2aad7de61bbc64b5
8451 bdf46970dd7e29ba
8452 410afcdc982d1159
8453 cf09ef7bbf306a66
8454 32c973324e423ef7
8455 1ce6048eb156815f
8456 f93e04fa396cda5d
8457 fc5e0a0afbb789ea
8458 c556442485577d84
8459 67677519e9f7ebda
8460 545ddf6894e42d9e
8461 6f644fd17d8cb184
8462 3007a1fdf73ebf54
8463 361f4f17ef0b86d9
8464 887ed3a7ee68e93a
8465 3ea4e792e0bca58e
8466 a991350b6664a388
8467 dcfe16c69e8daebb
8468 25a6779fe760c430
8469 37069fa15731c00b
8470 5f8da6e39f05b673
8471 c73ba5df05b1f1d3
8472 1e474da24f4c7f61
8473 c2ec440bac208126
8474 6d85c6e7a08d1b5c
8475 28a9176ed52b3a78
8476 06b574a6cc01090e
8477 0934e050d4eac8af
8478 601a30e1cba1e78d
8479 3ccc82bc24d6cee3
8480 470d78d7c346d684
8481 db54b216947aa5fd
8482 c2b34e9664cadeb8
8483 a04d741508724bbf
8484 878b7726c73b16bd
8485 87e2860ad286f064
8486 62038829b4c3589d
8487 5dfec53c97bcd2e6
8488 4910d2a3d4bf5aec
8489 81152fb45761a222
8490 2b597b9e75cc034b
8491 45a491babe0f825a
8492 4296366574a42634
8493 6a8b44bd9f601260
8494 cfdc33d71dba5118
8495 0ac701ab8fa6f02a
8496 ecb6a4bbf637d43f
8497 0a9a3e0c93e94e03
8498 1fdabb104136c7eb
8499 a0857b7d00cb78b3
8500 a438f232af90c9c4
8501 753f14dfe4e462eb
8502 a8d63b1e458ed4cf
8503 ff49c9ddb5856057
8504 5bd92f825159b209
8505 76109dae2aa2b7e6
8506 49cb5230e8562d62
8507 fd11fc2f84b32355
8508 ca73adbb1df0761a
8509 4a123a8243615e3f
8510 9677f491d31573f6
8511 664be40e6d0a72bd
8512 a4067f68de70f9a9
8513 822c9d243566f818
8514 6200f80e39416e55
8515 c360c5e7885882fb
8516 3943c31826e8470e
8517 d2ecf3ee67214325
8518 9f115da3b2afdaff
8519 151c20d56516365d
8520 a2ecc4d4d257ce50
8521 755626c87dc201e8
8522 11a173aa265d236c
8523 f0dbda0afc5dc59f
8524 651b268e88bd3731
8525 4e4303318a2d0c08
8526 185e8a836cf0b92e
8527 fadcc04b4220a418
8528 ea096c6de1cdd51d
8529 d62996018f492c8c
8530 6c6840e42bbde01e
8531 8ebb3a0d3c989ef7
8532 b80daa6391d05742
8533 2f66ac767819a56b
8534 85484a7709e0950e
8535 d175516cf7132305
8536 6219fab4881cb07c
8537 61466270fd2dd904
8538 b84d2037f3c7abc0
8539 13ff1c4848df066e
8540 6bfccaaf2150b51e
8541 b9ee655743049556
8542 98b756964b32fcca
8543 d762c2e8e840a497
8544 790faf3a3702a918
8545 e7e1ae839f3199b2
8546 24cc9442a0fe7299
8547 3e4c74b99084243b
8548 fc55c7827b61f148
8549 00c8156a2d485918
8550 cbef494220a41efc
8551 b599a31e4f83d959
8552 6dbf75c7d273cf15
8553 3a884f5961f232a6
8554 ff8f7a5dc5a91766
8555 7c199d1f8392da02
8556 3f0e1649bc5e9838
8557 4692c6c5a3f72eac
8558 34fb1171eee8d07d
8559 8aa2da93495fe1da
8560 27fd0f69999a04aa
8561 4739fdcd0e6f0508
8562 4dabc2e9944a0bb0
8563 32c849058e0d708a
8564 7ad61343ecf4c755
8565 eacf5e19406463da
8566 238a2577ae777dac
8567 6b0da581b6e5e139
8568 54ef1b2c0f15dd77
8569 1e6938f22f119430
8570 04a167d8aa794d88
8571 638eb15a3fb2728f
8572 f8b4e74312319c59
8573 f57209cfdd56899b
8574 4f60fcab5231cf9b
8575 cdee172196f26a0c
8576 1ff70da9712290bc
8577 ac62bbeead0f0bf6
8578 816d2e8f5dcfd42c
8579 6962a9e07ae6f8dd
8580 a4db2c33a7e2834d
8581 98b89fe5a83f8799
8582 8845e8b4465a3bfe
8583 c1850485decec22f
8584 782e7db808dac6e4
8585 21ef43efb14a78df
8586 9862950a1fde211f
8587 6124397a436e6a70
8588 c95e41461c368740
8589 53b01a6116a7dd20
8590 252bb0109fdf627b
8591 6a113ee9e3031c02
8592 ab8b4ad4b8f9eb6a
8593 ba76ca3c7f4ac935
8594 c8beb9502b4c5c3b
8595 2f687a7ef93b122f
8596 540ca0f32c342150
8597 191ad5d5dec5757f
8598 4be28b773b20028b
8599 c57b25a1cdf03f35
8600 5c77c4e280c85b90
8601 91c60795d53916d1
8602 61a60110048c5b76
8603 1a1976ca60017762
8604 39119ab9c04666e9
8605 6663f33c495de121
8606 59cf1863728f8bdb
8607 88f68a125c02c61d
8608 fd6826939c51a8bf
8609 6adc3c5873810bbe
8610 8f8121db54300990
8611 02ee82b8c4deb230
8612 44ad66ed805865d7
8613 ee1ef0ec75081557
8614 208a44cb9a863df3
8615 1f93613250ddaf18
8616 ee4a8c941db015a9
8617 b56c725552b28e04
8618 1cf44b1c8d0e1782
8619 192fb344a3e35e66
8620 e2630530e194f675
8621 492af959650f3583
8622 b6d1a1707dae71f1
8623 aa33cc301fd6436f
8624 015c7e05c40e5655
8625 ee01152e7fc21a0f
8626 ca9cb08c20969cf7
8627 73f39d6d73863bd2
8628 6217d2ae2c6b3eb0
8629 7abe0d528b05b640
8630 dd9b75c06727e7b9
8631 20ff49d641ac4d84
8632 010c17e77ae43ff0
8633 a8c98b21bcb8ba10
8634 c2e99ea2ccd20673
8635 703a28632a3332a4
8636 11dc7654f3f5de3b
8637 753650e2783c421b
8638 c211f6a4c0e60f5f
8639 49ab45f786ef73e8
8640 963ee49a46f3d736
8641 82a0dc1734a75f85
8642 212db1c5e918b86d
8643 0b263c1b7ebb19c4
8644 a565749da331a9fb
8645 2f83ad8c4143fd26
8646 93a7d66c9ad128e6
8647 49eb23fbeb3bca24
8648 72ed94297c826c4b
8649 61d5a8a7e1969cd6
8650 d6fb878765699dcd
8651 0d6f27d5608d79bf
8652 a9250754840e37f3
8653 26ea186b3497f672
8654 5ce131937fa869d8
8655 54793aea6c0d4584
8656 487c74ebb05a3d9d
8657 727859f24e7a9388
8658 236f659a1d91a53c
8659 c826b8c4f8593bef
8660 7f56d55fc477b9ae
8661 e44b5d980dffc76e
8662 ee42369c425ae621
8663 d4d98e02f771f3a9
8664 e7d45ebee991d612
8665 993eaae8c8ba13c6
8666 e6af3e1ab75f2f99
8667 27d65d67813fa954
8668 50b59ffd54c0a80e
8669 f84a7375612b07df
8670 e5fac847af5b823a
8671 3fdad49acfd4a27b
8672 1166861f30261415
8673 d795da53936965e0
8674 0ecc67148a213476
8675 fc3defeb9f8ffc65
8676 d1e2eaf15440de80
8677 74bedbbe3e386e3b
8678 7e54fa9e44ba2e1f
8679 307857f60da56578
8680 3e050ae9976bbf87
8681 a38140cc1b43a068
8682 8aa97db1d192351e
8683 4cc1cdfe4486069d
8684 7a72fd9e456c52f8
8685 dcce83f7a884bdc3
8686 02d76cf529860607
8687 3aa87e22d2b3bc80
8688 ec95c232e427651b
8689 db7cde89053c949c
8690 21b94db609e4c86f
8691 56d81196c04f4504
8692 45a7e7b398d76938
8693 de220560e2f43233
8694 ee9b40c16bf4b6f4
8695 74ad3983af302a28
8696 bfdd5f1f3a1b2bcf
8697 a961efe8c584ef05
8698 996d50a8bbc91af0
8699 16422b9911c4fb71
8700 ce55737754251c9e
8701 92aef2fbaf30d742
8702 1794dffd7717c48d
8703 fb476fdfba627bdf
8704 6709846bedb897cd
8705 5f14d124e954ca20
8706 5ca065ef9dfe1b09
8707 cab228d24555207d
8708 57056d90b80ada7d
8709 c58d12aa94eb59bf
8710 d0212491d06a0283
8711 320b92ac406497de
8712 39646b3cda169287
8713 dd46ed6a470eb10b
8714 a6d4d10bdde673ca
8715 0a5bdb3bc8e0551c
8716 4be0a58fa8b550d9
8717 4a0b55b896f47ac4
8718 90589b2b32341f5c
8719 6e9ab0f6d1da8c40
8720 eba16086b493c2cd
8721 03444fb6a7987457
8722 e1bbc22346f1ee28
8723 5f8c7285f1ffef69
8724 66162e34fe1a16b8
8725 8acc6f82360fee98
8726 65e7a03fe6b0c8a5
8727 eeaa0669f5766557
8728 d0617d41df1c07d6
8729 1eb94bb12c592cf0
8730 6d5a3097b542ab1a
8731 eb00ffcb5f1a96b0
8732 3f6987c043225fe0
8733 bfa96051271f038a
8734 dffa1823d7b3b8ea
8735 9e178df87c2b0977
8736 2dfa515f9d56f43a
8737 c72a5dac42c9d086
8738 8c800dcd68176783
8739 3fa864ee6d105b92
8740 6a342b5b9b53295b
8741 cd58bc391c77240a
8742 e835a187b8f01ad9
8743 881458481c843e6a
8744 6bf2048e6fed6906
8745 a00c09a122c306ba
8746 d0661da013f46a7d
8747 b88c90cf6fd42336
8748 caea1572ef09f4cf
8749 a794e62c83f581a1
8750 146ba57e2f9d201a
8751 6a187bbc1b8ffc70
8752 5936857c947e4707
8753 0a2ea07d50a11731
8754 27bb2ebb7553e200
8755 c403af1092ccce22
8756 e2bbd8b04ae0f5a1
8757 83c8cee25d79d4fc
8758 6b3473e9355ea08f
8759 71553c82a02ef1f7
8760 5733b5829dcc5f6f
8761 7892e9a3aa9ad8ad
8762 81c7b7c1392d2a0f
8763 32ad10bdac985479
8764 bd3382fba3d41da6
8765 5fa6dbcd199715fe
8766 8f4eff210d52cfcd
8767 e99f2112abec341d
8768 20e5fc61877dcb52
8769 4d3b61a92f4caab7
8770 dee86142b3043cff
8771 3c04afe2e252a1cc
8772 60eefb8b12218672
8773 6aef367b5c58127f
8774 b8d67407a7920e11
8775 94018bcf1e607329
8776 be9fdcf7ec1a082e
8777 4d219b962c36b1a7
8778 df818693a2b3adea
8779 ba95a1ccdab7fd4f
8780 e73db179d6c94737
8781 43928a2a2df1b641
8782 156800330d60fed6
8783 a18778ca6a7844be
8784 d865df9df5e1fe44
8785 1e7d269402d3e1c0
8786 86747797693a8bbe
8787 156e6d24d0a65af1
8788 0e63a5941d0f6772
8789 f77100f9e8c54b9d
8790 41950e378cf759f4
8791 b1cba1e4fee64897
8792 1da8b9054586458d
8793 bbddf334600d3194
8794 44f81f5cd3ef16e9
8795 c13e14422a25d93f
8796 d48970b41ec8e771
8797 f34853e5d9d49741
8798 547c30aad606e23a
8799 f25f7ed9f15d2f7c
8800 945500daae52349c
8801 fa76d279015acaa1
8802 5fa3071fb60c2250
8803 f1d6f22b0a97729d
8804 baf24ec05270da02
8805 ffc707903a621bb8
8806 651ad93366bc9601
8807 5431be69c21974e8
8808 26ea8de2354f5197
8809 43b98a918290467f
8810 dae8d60104cd0f00
8811 71392e1e40c39382
8812 7770651d58064f44
8813 d759ffbdaad72201
8814 c46a03dd33fa2cd0
8815 97e6d33c13db3290
8816 91a74835976ce911
8817 10dbbda01fa9983e
8818 89c1933fa6ce19e9
8819 df7d53fc3e1709bd
8820 54bdbe8b6a5a61f5
8821 adad73dd6303fa59
8822 85b9fcdbff533c87
8823 757634e2089674c1
8824 0938050de919391f
8825 1d2c29c9d912c1be
8826 495d3ef45176c8a5
8827 462ef53f05f64845
8828 deaf7aff0c385d26
8829 38eb9474546995cc
8830 06cd1ffb0d2254ce
8831 f2b520c5fbad75ab
8832 3c670de53edba7b6
8833 143a188d827f5d7e
8834 d5b7456830f4ea6e
8835 56ec746e5c5e19ec
8836 2effe6a469aef53f
8837 fa4ae15a9a1afaac
8838 7e5676ead1c99655
8839 9304b92f10330ab5
8840 b486e82e2014abed
8841 f50cb61e56f62b37
8842 bb83f0cbf1c34083
8843 588106ae3ec3d05e
8844 330344c7fd65b3b0
8845 7b1750adb04f9c64
8846 5ca0ebd88901a3e3
8847 bb64c526c28079de
8848 b6159c0ea70fde6e
8849 29e017c52389d836
8850 076f2f46d615ecff
8851 c5a53981e2af2843
8852 d05e60f23720f8cb
8853 04981cca46d9743d
8854 39053208f52b46c2
8855 aa95aa4f0ec02201
8856 79d8acded10db47c
8857 e08b932468431e8e
8858 74502bba5cbee731
8859 2445e57c1c258766
8860 cd16e7c0fbc9e99a
8861 478d578943d374a2
8862 d35d50aca4f5914e
8863 6ebc64df47965cf8
8864 e60876d563fe343f
8865 066765999142f377
8866 f96fc57b9002d994
8867 9cb66bde7282d76a
8868 b0085ae8cd6de0c3
8869 078a7d2b486423c6
8870 476b58a4ef7d4039
8871 6af49af5fdcc0a7d
8872 5ca7404a90e3b11b
8873 ac23112002d92a9c
8874 d8392c1f7cbd56fa
8875 f25d2f5d9528e69b
8876 d48fce27d362a22a
8877 036f57a93a6ef6cb
8878 6872fee888071d12
8879 0cfae55184af263a
8880 77a54587c0789e2f
8881 cf487650f385a18b
8882 5618a568f2a0fa22
8883 61c6b6b77eed234f
8884 a4519e5960524bf0
8885 171d6af04e1c1c6b
8886 b4147d17bd901f52
8887 ffe7f74aab5cde07
8888 bf90462f541c4ee2
8889 336f59d246061b27
8890 99a5a3db80f3ac80
8891 dd7fea40768253d5
8892 d8eb81635d8aa28f
8893 e54971ea1e854b58
8894 b70b56f468df56aa
8895 4d8912e45f849b81
8896 32ebf2fbc25f9fed
8897 d157961da357d57d
8898 386814f2d77ab6fd
8899 f6310cae124a829d
8900 bb23e74e5abacd71
8901 10824bc17db6cd11
8902 c12009d05f410e64
8903 82ef1f3eaf77eafe
8904 339a98330f1d8e1f
8905 faedfefc4ac5c46b
8906 a2a5e10be780795f
8907 ad778e79ca6fe5ca
8908 41459aa2b7b30156
8909 9ab261a63b4d8969
8910 a6baffba21d86c24
8911 cf4261b8ff6331ec
8912 703296caa7de2a5e
8913 21e96d8ed3cb243a
8914 0918ce9c8b386697
8915 04396d9a9e9d595c
8916 5ee8c5fa87c6612f
8917 8dd1944ebc362906
8918 3c93778e70124b66
8919 7e22e085beb2b4e7
8920 a200b49d2526ffe3
8921 8e765c5364be4fe7
8922 29fb394da9f22538
8923 2c96165e99165f3a
8924 41dd1433f35c80d3
8925 e72ddbc3af01015f
8926 fb20a5eeed369a76
8927 ad67a82b3b78d8da
8928 662a97adc0239b76
8929 eeab5281a8187ce4
8930 97882e0a34aacd38
8931 43cc29f8f66eebb8
8932 faa219711da2da54
8933 83e7ef1b90391433
8934 292002d812075240
8935 7c4033521b1d49f4
8936 5ba5b578e3935582
8937 b2d37b22c5983a9c
8938 e9d128037e3954ed
8939 68270107eb46715b
8940 e339ab1bdeb97777
8941 b9730bd7d3a5bb02
8942 1e78b49cf6ec97ff
8943 4fbc0f91bf57ee52
8944 6bd4f4a6db97e283
8945 1d608df5ec2a954e
8946 0814fb368f21280f
8947 c2f2cc4c5ff49bc1
8948 6b179a0fbd238b3e
8949 a2d522a22ece0938
8950 5c40f4f7c5da3e54
8951 7cf87a9ed450ce3f
8952 312e89dc780db2c3
8953 ce99b3f271071153
8954 c85ab5c83f79846c
8955 fbacdaf432a59f83
8956 65925010fd56c22b
8957 5d2af388ceb04e07
8958 f9bf8359aefb4563
8959 48e5e9f43df3ec87
8960 e884ac6277e8b2fd
8961 e2ff270ec63b31e8
8962 f7cac1dd1e627d56
8963 0464bfa5ec11a406
8964 ed2a47c7ab7c3bc7
8965 9d52fa131f8e204d
8966 4a8aaf3370a6cb5f
8967 412971022515b1d7
8968 3d97042fb201d33b
8969 2ac06f1d83d53b50
8970 4ab79db0e080e19f
8971 1685f688ab1bd93d
8972 ff939d70e8bdc3d7
8973 1e6e67cd960efc91
8974 de3d8030dd46b65f
8975 340e00f815c0f30b
8976 29aadb28b34a0808
8977 aa31c1adeb22c6d2
8978 50196a4af28c736c
8979 73414988eba337c7
8980 ddae52cbd7331ff3
8981 4b1d98fbbe9e207a
8982 db768a4cfb489506
8983 d21481524714bf8a
8984 df5c410c2f36240d
8985 11a5bfbb211d77c4
8986 56caf33b8cd98920
8987 3fcd0f340f32761d
8988 7fade7678acc0008
8989 44344a4020b5dbf1
8990 cdaf9c755cd7ad94
8991 1d0746ca5fb28921
8992 651f69ad3ac7d242
8993 b2f94e45ca143ce9
8994 0fe04dad9485fb31
8995 67b52426c1f45d04
8996 d54d904ea24a3a84
8997 5633f43e21767c5d
8998 0bd791654cd15fb8
8999 82c370511270f3a6
9000 3c8b044264692047
9001 a37639dd2c5a54dc
9002 f3aa15651b15f209
9003 46e4f40e7c4bb18f
9004 0e7adf84f4b45f69
9005 34865720cbaa81f5
9006 2180fb41a72966de
9007 4fa9619b049768ee
9008 9cdf3e2c6db4cb47
9009 f97ff2da56717265
9010 c6e89f0ab49204fa
9011 b09dfab602950c78
9012 2d113642ed8f148a
9013 bc3e160fab33ecca
9014 62d126df5b55e36b
9015 245c76af0d689397
9016 2e8dbdc18d32ee63
9017 4a2eac372c4277a6
9018 62b63665b739d42e
9019 fd6215c86aab977f
9020 846902a15b7e1ec0
9021 b0cd153a88162778
9022 18ad6a797479fe66
9023 7007a7adc8b7aa3a
9024 46b39d880d4cf86b
9025 1c5c88c50c453039
9026 1603c8137b197ae2
9027 da914dd93de35c02
9028 a76d6c26b73209df
9029 4afa41371d0a08ae
9030 115c6c461695b0da
9031 88bc1dd7afccef8e
9032 a32371ae6e39c409
9033 fe7c026eaa54af34
9034 d6d8a2674a4eaeab
9035 f01bf84a90cdeb3a
9036 d0e1697e99e1cf9a
9037 0d20ff969e5c34d5
9038 c5fd8f3358bea57f
9039 ec228459f771eb56
9040 760abd351d9bd15c
9041 e9888189f40651d9
9042 1452e5f2860bb9d9
9043 976dbedbb22d30a6
9044 9ea8fe4066cad3ba
9045 53d85ce8ba8a83da
9046 60a524261db514c6
9047 cecf964d86673dac
9048 af1ea08e9611ecd7
9049 a5a8f582ee3f049c
9050 c0e15a824b6a6a1e
9051 4189804116c986a8
9052 23634889a8126dfc
9053 f26f953d532f3aef
9054 881e66dd77a07f95
9055 7f03687b42ee3bcc
9056 56e1c9093c1143fd
9057 851310918bbe57b1
9058 ca7e6972b36b03ee
9059 3cbd7e162c737d6a
9060 dbd68e546bab6361
9061 8196f95e8c982038
9062 563326c143ea354f
9063 2aadeee1b18c9f63
9064 eb9b055aefca1168
9065 e9fdc3566a7c28df
9066 855a5fd7afe9c638
9067 beec7e4a0414b6d0
9068 b8d5bfd9d01b6475
9069 7c674aef3a84df56
9070 94de45680491d90a
9071 5730595f44f346f5
9072 d874e5e0eea0e655
9073 dadde0e6bd7ccf18
9074 f12a9087135d3883
9075 2d048516ca645aed
9076 b7b8aee2a0ce5a72
9077 1d59f6ec719fd6db
9078 b4bfd3ed5eb9ef23
9079 c5cb27b7d00f370a
9080 bd821e91ddc7835f
9081 08eab1967c5b750d
9082 bb36878d9bdec65c
9083 9fc258d768f8e7cf
9084 a5f8a10a1da0a27d
9085 d4f42ba58c62905d
9086 6db52fb8a2dd6a12
9087 88297003743ba4c5
9088 1455c6d87bf2ec8d
9089 2f35d7fc16f2fe95
9090 9b1852f0e431b282
9091 d9a327dc6a900523
9092 82c7c9d8e676a546
9093 dd5c19b02f0719d1
9094 c28be2bd2f892360
9095 9cf44df0d6af2c92
9096 0344dbfae5f5f956
9097 7b304e7738f7a65a
9098 151dc84f7f5bffc0
9099 007a987762a6d845
9100 4ff6be9f72146e09
9101 4a8ef3b37ce3847b
9102 63331b5bb10712c4
9103 56c209e25d13352d
9104 ba39a4ae6015bd44
9105 d16e2b844453a12d
9106 da1a0ffa806a5be1
9107 0a7c8ee8144e4bf6
9108 942ea01f98203e4a
9109 2549b99c7031a2be
9110 15b0696afb2c037c
9111 ebf89968ddbd11c3
9112 8568a33e780aa002
9113 b7859accbfb59ed8
9114 13534f893814ee73
9115 b407896f7f339dcc
9116 9203589663b50902
9117 b4e69929856cdf14
9118 43218cabeb66a911
9119 d109d2d2e4855c28
9120 adac56b997fc76f9
9121 e77999c425885e82
9122 97f1f64fd4a1cc47
9123 b07ac9b7b5665d2b
9124 9ee1ed2706203860
9125 657aa53919bbb4b1
9126 d68e9fe826ef6e2c
9127 e3826e0ed1d5b5d1
9128 e1a8a0f1adefa1db
9129 b2949c7d00f159ea
9130 6a1993f259e4bc21
9131 f47d67c0f20445d5
9132 252f160a773a18b9
9133 2fda4570bc0ce0f0
9134 d6689016e2db0bd3
9135 2a165f95d8b1b8fc
9136 532885e630c494de
9137 4a2d4b4936342f91
9138 0f1d598a9a7e69e4
9139 84999756519258c0
9140 28e883217ac2fc84
9141 2f3fbcf534650539
9142 6321ce56635d9872
9143 698c77c860d83400
9144 f4bbb7ed9c2164de
9145 94da6124a61a39f1
9146 dbc9e0e85c58c325
9147 9c26a1674ac75b73
9148 49a3f5a0c5caf583
9149 b5942d9f03781f7f
9150 a6a477dc2cd099cb
9151 747dea3b6e08a50b
9152 083e852a9d26763c
9153 d23e9e7d8136d3a1
9154 81ddcb308fd9846c
9155 2d5dbbfae816c788
9156 1057cfba53bedaea
9157 4175cd3fdee4e536
9158 8112bfff33dc2927
9159 4ae101e631e47227
9160 f181cafb68717718
9161 84fa0728c3898eba
9162 94bec368aa773c74
9163 e7ac6d59d6adfeb2
9164 a6caab3980de3c96
9165 e8fd6af1b07547fa
9166 c42b9d45272e0c15
9167 441f211aaa9bfff7
9168 30fe4d2510f8f921
9169 a3743375fe274b28
9170 526e4ad979c729ec
9171 95b1c98fd5b132a1
9172 7ef26f43ee8f295d
9173 c0a6e95536580e91
9174 ffe22d19f6ac8ba0
9175 19d3a0276c068bc5
9176 47393e71eb3780df
9177 e73cc2da190cf870
9178 25a26bd7b1f936c0
9179 6ffa5fdfaffdb870
9180 cef000e424a0df45
9181 7bf2efde31a8dd68
9182 2d8ddd883e4b956b
9183 e917bdcc8781fa40
9184 e32f9ed123d66b60
9185 c1cad0de6192e811
9186 6b55ea5cc7079bb3
9187 a538f0a9fe7cd55b
9188 954448091c1d85f5
9189 8ba1e905e795a8ed
9190 236f131baa3a1c7b
9191 d0d92206cf379876
9192 f68e8db80193c8b1
9193 e6311fa211150e65
9194 dd2aaf41d60e9cf3
9195 6a7bc79c43b67674
9196 e694997b78adc8e5
9197 1284902e26ed1626
9198 55ca1db976ceeef8
9199 32ba7b249cd0f679
9200 bfb681ce2e5a899e
9201 21c72ce4ea35b2a9
9202 286bb51351288b94
9203 0c51398b787e6b7b
9204 fd4b5780ee920266
9205 c8d88de29d941398
9206 dc7219363d9c7b5b
9207 238b8ba82e26f15e
9208 a7ede87ce461e2fb
9209 c277caf352d2fb81
9210 1ba38d110ddbd642
9211 e87d52626751554f
9212 3cccc3b9213373dd
9213 2d713f69e8b5c06f
9214 85a152a73223b1c3
9215 15a1d63300226a4f
9216 7256767cfed81f22
9217 d9c9d8ee9912ec7f
9218 8f7e23a9ca3128b0
9219 97e1a189538842ee
9220 9614159f053568bf
9221 8d8ce262427c81b4
9222 a8a1940648094c58
9223 8c31dcc5cfd49581
9224 5d96141494bff4e1
9225 521191c53e5a2ba8
9226 c1c724526bf471b9
9227 dec5aa961fc037cf
9228 3692f57fd8966e46
9229 c0e1b2a3874e3f5c
9230 7c7cf37d078b03c7
9231 fb48d043f9d7fb17
9232 de1107b31b4f12c8
9233 9070abf87ca96525
9234 638faa150507172d
9235 d6790557583203df
9236 84728ef9eeec6783
9237 89c365780613ef77
9238 3a3f6bca041d2127
9239 86351ff644951dd6
9240 9e41709481f46e2d
9241 bb86a3e58cfdda0b
9242 7fa9c06778e630cf
9243 219f75d5ad958289
9244 68961568a9be0d27
9245 61276b377a58b333
9246 35e557e5754d1fa9
9247 d52f9d6f94c8c1d7
9248 654dec4fe08929e4
9249 b410f3d8399b7daa
9250 f77b731c73c2faa7
9251 554a5b459f081858
9252 6da78b0d7ad05fb0
9253 7b16c93d8fb903dc
9254 72cc0a8eb361aa22
9255 15305e266b93617f
9256 e42806bf8a4dbdd1
9257 af5fcf68ec9827b8
9258 06533fe6fb7c5d89
9259 68b4316fb15d9526
9260 bdf096fc1c82d2c5
9261 3121c400cd1467a8
9262 0520ea167ba49e10
9263 344a3a8fd2d201f0
9264 3c5be3a3c3dd257a
9265 cdebb9c44b785bc3
9266 b2983c123dbe07a3
9267 a5d1f058e401ea66
9268 3f8e51eee61bc10d
9269 1c04eed4472e5766
9270 b1cee2a152801ba0
9271 4f0623a4309b002e
9272 104a2d0a9be354c2
9273 864b727c5ccd25e8
9274 a67ed05ce1eda769
9275 f3318beba795ba62
9276 11bb85c58de88ac6
9277 007305439e3414c8
9278 69aa95a0a3af0ed1
9279 63e8775be70e210e
9280 c870467dea44ddc9
9281 e0051e77b43da9e9
9282 2d8f423697668254
9283 1e5c961f0d211ede
9284 113d74a09e459440
9285 6333103f927c49c3
9286 d9f3987dda390fd4
9287 6c158d65d088fa87
9288 4d9d3d6c24ea4c8d
9289 357fc4e7422dfea2
9290 4e430df245a4906e
9291 a20b9bd99ce66bbb
9292 abb2538c7eb18b5f
9293 bc5ce9a22ce07104
9294 22f2b427948ba419
9295 605a3d34b09e5774
9296 918ec5f1f62ea266
9297 6a81fdc237429ca1
9298 a29e85a0928240dd
9299 b269d9918db8376b
9300 45f6c537767f54db
9301 569f1323ea13197f
9302 bef7b39bc36c5e29
9303 8aa66e0d9f324abf
9304 aba17f133c8f629d
9305 48999e76ba78a048
9306 4c3a4c6f078c7e7b
9307 b26b07b3abf86ed8
9308 bf669c0e85356bff
9309 b96437e29960c75a
9310 421f7cf74fa356f7
9311 c76d2ec4e9d7c188
9312 3e169657fd5bb17d
9313 8ea37df482130281
9314 edc9cac94f6e7074
9315 39fb40c7d698cde5
9316 bf529f113d3875c7
9317 85e9d480f6b2cbd9
9318 bbca7e0997386c14
9319 d20d571013196206
9320 d7ba322c2b042e61
9321 a407db4f42b83c5f
9322 746fbaa598341ec7
9323 a17160d446937fc7
9324 6a46e589d52b99ff
9325 0231b9475e5c98a0
9326 46c4ba4159d3909d
9327 44ba122ed11059fc
9328 6551e75a3936e3c2
9329 d14fc4a08e31f9a7
9330 e7a05b736fcb2566
9331 6b79b402bb91cfdc
9332 18156091fa4eb35f
9333 47da8e6f0eaba8de
9334 1e62a2e0249f901a
9335 0c3276aab7c88926
9336 a729b3c33b1fea1f
9337 c853d80e2ed84a3f
9338 6ca9c4f411a0b618
9339 a6848941bb698313
9340 a385bfa2bb06dd10
9341 9c60f93f55d6efb2
9342 c8393ea19830221c
9343 b64ed22e1bf56fa1
9344 c3be6d87835ac076
9345 35d0772740497e65
9346 b042244ec5f35847
9347 f550dbd55516b034
9348 69688da5104ff5cb
9349 a59d14409a14dbf9
9350 05ffc384a22d6cef
9351 0c940d2bdec81d4b
9352 bf6485694aaaa1af
9353 868fb42e5267f941
9354 8b8cf96633e1ba3f
9355 4012f3c815af3bde
9356 d3a348930181885e
9357 6104643e9988b0ef
9358 7c422df6f6a98aed
9359 33f539c5debe3c0d
9360 6cbcfbef5a081b4f
9361 a87a7050da35ede6
9362 9ca17e9437275a3f
9363 51b1821f39b34bf9
9364 033e26fd4e01ef65
9365 f4d8ebd49ac1ac58
9366 4e54f1eabda2bd7c
9367 ab849dae3016349a
9368 1a73a8a340981dba
9369 577e88c81657dce7
9370 998fce0464d0f8a8
9371 d6e9cd43b7302dc5
9372 7d626add8b74633d
9373 e2bf2de8d7d60b52
9374 57d2f032e77b05d3
9375 20c4327205e0705e
9376 609dec11e0004474
9377 5da012fd7d64f8b3
9378 ebdea5c0c77d6afc
9379 514bafbe2c05096e
9380 51a23f667118bb49
9381 8d231033016654dc
9382 4c65d28a97631132
9383 8f4eb69ac1919e67
9384 f4ecaa1602f58b70
9385 558fcde243db2969
9386 1820eeda5685458a
9387 cc7e4ef75a7cf464
9388 bff13fe1f6835fbc
9389 b8cc2a2b64102fca
9390 e9cd538e975bdda3
9391 afe94c79a0f6b0d5
9392 f83f6c91b8cccf38
9393 d52c4f89f432fdd8
9394 7b2021a7e87a8e1e
9395 e05be6337ed8c48a
9396 441dd1148eea43c7
9397 6181466d740f6186
9398 c38b0f7c771b549f
9399 598fa7f8ec316ce0
9400 552fa7dcacf894fc
9401 e579890f0c60034a
9402 3ff022645ef9d769
9403 fa93c00c83f4ee3f
9404 33355c4c9b11ba35
9405 0c983825e0f56ee1
9406 623067d8724b1a44
9407 1f3b7c82a1dddfa1
9408 38cec1ae316c7db6
9409 bcfcad27ab17d424
9410 3b032b36979f010c
9411 2438593c1d2974da
9412 284ff1bc0de97593
9413 4eeb668508f338e6
9414 fa83f5fb3ad4fba2
9415 350ff91186860699
9416 53149178b2ec07da
9417 2bf6da7a658ec938
9418 5be24dbd71530e0a
9419 d936eb0c10a0f757
9420 a5189201caedbd33
9421 0aa702e567afa359
9422 1126917277222ed7
9423 a38af3226412b20a
9424 4def578616e7d640
9425 aed7c08fb856a381
9426 eac4fc5ce62f80bc
9427 3378d82d256c01c2
9428 02b4a0ab1d25af42
9429 0646b4f304fbbb7b
9430 e40680941c59378e
9431 339f055a30a8a662
9432 8a963ccb328edcc6
9433 15074118fc554838
9434 b9ce74921de7cd55
9435 f0b82f285c83f624
9436 ab78de7ed30db72f
9437 506bdff84c0ec86f
9438 ae289cfe80fd63b9
9439 7582ef554db672cf
9440 3754f96ffec6a614
9441 ff940f2a80f82815
9442 c91c6fc111f421ca
9443 0bf5d6177b24a3e8
9444 53e83774dd6003d7
9445 bdeab45f5b4dfb12
9446 e94d0ed8d25b49d9
9447 6bb1a42e73d9baeb
9448 5c04cc44fbc5658f
9449 7d180f7cc48ec58a
9450 bf46d1546d341937
9451 60a6d94ec1ea3ea2
9452 2aee94aad09dedbc
9453 ccd21e70dfbc687f
9454 6e6ea802c2037d4e
9455 0430a0b2170454fb
9456 ca3a03daece784a0
9457 7aa4be349ca543ec
9458 f87cee6aca478c34
9459 220b5381e4d3cfe3
9460 6445762b9282ed4a
9461 920c60d60c363539
9462 5ffdfc829b7ec4fe
9463 a7fa7dbb971828c2
9464 451a232489de732d
9465 134085abeb707b61
9466 929ad4c2b7c0b462
9467 f3cc4a7c34171e4b
9468 9cd6eca05434db04
9469 f2772dcc08be4666
9470 a55b35eadbf34e8c
9471 f1459685052292a5
9472 f60afbc550788ccd
9473 8eca80cc91414d84
9474 3db12d981e3ca9a5
9475 46bfbd0aacca3736
9476 df1daa18cef07a13
9477 ccee653e9957d647
9478 a8faa94bdd866f7f
9479 c817c3267da7b9a4
9480 c0424df4ac7c3faa
9481 1411a882eb27c56c
9482 f9ef86249cd9c6ba
9483 fe3cba3ad9b57d11
9484 11ba0ac605bf3e0e
9485 207ddf1b2df22d3b
9486 4d8e5edff5dae4ae
9487 4a6c3e1aa704c722
9488 608d07724c38a98b
9489 a9a64e8be3516837
9490 96f88e21c8f38c95
9491 2bc7b0eee2bf5892
9492 68123f50c739e3d3
9493 d861ad14d48f62ca
9494 acde355266c5b2d2
9495 0c6c9ef4dc7a7a34
9496 c5c2d7d4d0dadfea
9497 16b9f89b286b1000
9498 970ddddecbbb04c4
9499 6864811083295af3
9500 37c9d2b44c0096ce
9501 7ef3b8143b8f33a3
9502 1cf52e23bf3f5970
9503 805b95279c052a92
9504 f7a8f94ce19e2ac3
9505 f83b03795af28ca0
9506 62a18480c715e5c7
9507 49c6473587631a36
9508 e0a634ab66c74391
9509 72bc473de34f30cc
9510 66bb447869843d85
9511 ad1c964963997893
9512 de50e3514b1c4bbb
9513 3f803b43ff4e3046
9514 90287ee697d2be3f
9515 e214fa1b5aba65f6
9516 8ce3292808ffdbf1
9517 d4e279bdaa5ebc3e
9518 e681637a5ff02dd3
9519 18a4aae5dcfec18b
9520 be5cd4c9be654fe0
9521 ecc39b6880a797de
9522 0f5232a057830aa6
9523 8f889ea023091e16
9524 3e69f90daeb77258
9525 66882f28e436810e
9526 8bb38d4887a13851
9527 958ec9d6808e750b
9528 8a06e0b4ec8fa9a6
9529 77eef3c23a0c3393
9530 73f76034b8a1c54a
9531 b4bc4f8e8eaa7d0c
9532 cff50cb70ddbb026
9533 fb04a3a8420c5bb3
9534 5ff94970031bc77a
9535 9250329c7bd141f1
9536 fafd67251e4b55d9
9537 cecfbe59da254822
9538 471849b2652b75ea
9539 67e7e884789eda3c
9540 fb3d411d6e732cad
9541 0d5f281064048598
9542 e1762fff48cb286b
9543 60731ffeddfcacbf
9544 29fa429e39226ffe
9545 62cc064c71f30233
9546 d7415b3a0489af3d
9547 f243d6fc88d516e2
9548 bad33cee5abb96cb
9549 6ff32d9ee03c5141
9550 7cbb50605d70cdb6
9551 77fbd04abb84e03c
9552 2306e0ad82253739
9553 f8ccb48d1a498a9e
9554 6e72b2d19b1373e1
9555 8329c55a30472841
9556 07a03c077450aafb
9557 77d8a825a44f988d
9558 4a5f9a484290f679
9559 632a9dff0955c075
9560 82170f63fa93178b
9561 c18540594f0fcae7
9562 0ad1c27dde3c853e
9563 188605766d7f2ce3
9564 fe20975f82ad8dde
9565 628e4c79f0eded08
9566 cdb045131f81f086
9567 e11b6cd8682802a7
9568 ffe681d7a18bac2c
9569 0db0edaeecaa9be4
9570 df26a37fe8285803
9571 7a9899ad30dab60a
9572 03bf2a53e9a037da
9573 befa91007451809f
9574 91f80aebb6231adf
9575 fca7bc3bef70180d
9576 cc9a00f736b136c7
9577 181b83446d07b6e1
9578 72787f80b231673f
9579 625432b6bcfa19ac
9580 6e41ef53f2f5b270
9581 0e2b3bd6062857da
9582 210eac0f881087a3
9583 2cd8a04a3d76853c
9584 bc78f44687cba6df
9585 04fe772cffc0f835
9586 9bbccc2be1fec0f5
9587 5720106d731fcd08
9588 bd7bac2ae20e45e3
9589 629a6be85f1b34dc
9590 981b05d2a5ad4ec0
9591 79782ddf39e6d6db
9592 ea4fa98831575abe
9593 603fcd7dd638a4cb
9594 3bc6c4a17dbfdc71
9595 5158470c4f564a44
9596 69262ad5c335e25b
9597 d7564d79a7d6db24
9598 ad3f3e77526ab1c3
9599 77e8f03909f63375
9600 a64a4d3e7b5e369d
9601 38443fbd095f0b47
9602 62d04f7b140d4ec8
9603 0dffefdb0ca1f5d7
9604 c1806b3d0363372b
9605 7e5fe1f5d7705569
9606 168be9a7473862b8
9607 4b1f2ed0d3294e82
9608 d90f82bebabf957e
9609 77f3ce8d50469143
9610 1a613730a4f214ac
9611 2c133b0aedf486b5
9612 e2d9473f1841a141
9613 23fe131c728ad2d4
9614 8d1fd0d6614a632d
9615 24ca804d6f8d51df
9616 6d24d13b943d12cd
9617 228ac0f2d4165e3d
9618 54f79e8573629edf
9619 3648efb738e40496
9620 b03493701e6e390d
9621 8156342cdb86e716
9622 427ec05e7290c132
9623 0d98a08ad07970e3
9624 c099adb34a890e5c
9625 2e00ebce82d21513
9626 e25f77828938bbe8
9627 b3431c1100f40e1c
9628 e647669ca0e7ae88
9629 0e47df1e86b2f930
9630 5bbf77cd4b4325a9
9631 00da0e3923835077
9632 a39a45b04be61151
9633 bafd6f667d64b73e
9634 bd2ca850bf91bd18
9635 b92174f095a906bb
9636 3fb4c07c694a959d
9637 416f3a62b846ee63
9638 bd45bad9cb35fd2d
9639 c3074cc6e641cd3a
9640 e6dc76c1deca3a0d
9641 717c9fe50aed036e
9642 e4d460f136dd1aeb
9643 7fbaf5b239268021
9644 7cdda0c21821e24f
9645 56e54c15cf2ded69
9646 bf5f02595cefac15
9647 da865cea1d300ac9
9648 d255308068c1b9a7
9649 75bc88d82404a1f5
9650 a274b548db369687
9651 a4dffeeacb76ba61
9652 94eec9d67e982f34
9653 a8a6497af011c237
9654 e3456fd43f88678d
9655 9a199991b0989416
9656 7535732bce897b90
9657 8396bc3fbf188d9b
9658 e331298ecaa79709
9659 e8fc261d05bc06c4
9660 a2d2291605c3191c
9661 e4ec1c59a1237e1b
9662 d28108f0deea5316
9663 ae714a038175481e
9664 2cc3ac199c37b783
9665 89f45103d88f6e10
9666 6afa69b78cdc2524
9667 6627058f288e4821
9668 46dce0cfdf5e109a
9669 22d51087041ee4ed
9670 a30e6f89e79601f8
9671 f96d04c30a46f796
9672 184fcf764bd0c4a8
9673 08faf1b17e05431f
9674 98e681c83dcd467c
9675 bac8a8f6189bd980
9676 e08aa98a20dbaac8
9677 530d9268d6ca8673
9678 7cf0745614c8abd2
9679 f4ebc49a52228aa1
9680 1173cec092bcb95b
9681 ee3b6b25290c29fb
9682 c7f632128c99e71a
9683 7596f62ef98c57ab
9684 c36f25e9f5762111
9685 2e7ba1f85e31840f
9686 2716dac23cf740a4
9687 9bc41dcfebe41d18
9688 dacb49e5249c4342
9689 6c33eb3a42f62a9e
9690 f8748b8e5c7b07aa
9691 1f655d6fee0a3d19
9692 aa7d39b0fb643be5
9693 d23fe8d14ab753bd
9694 6dfe5284b1dfd6e3
9695 0cd5556ac3e9c085
9696 062e888d57c7abba
9697 94a95e38684fbc5f
9698 8d25642c8577495b
9699 2bccc25fcdeca9bf
9700 3237a418eef7908f
9701 215683c1e59f695f
9702 9201123c990e7ae2
9703 6a4ee7ea907d762d
9704 532e35a3c54aa2cf
9705 4a46f0779c678779
9706 a8b2a56be95c3958
9707 76761cd7ab10db52
9708 5ab89dbd254fa1a5
9709 6bb1f901f52f2e8b
9710 903237536dcdd079
9711 28e9344058c00d23
9712 a725350260224e39
9713 d45368bbd87aecd0
9714 75b822fd3ed91b55
9715 5df0acfcf304f859
9716 3e3533a6ff7ec6e7
9717 33ec7b4d1b8f7437
9718 647d7ea982ff3511
9719 9afe054734110c27
9720 288a42adfcf8b4f0
9721 22178a038e6563c8
9722 b1440e5a05fe8c0a
9723 3a98beb80aa70abd
9724 c1486ea7ea91eca5
9725 85396d59a07e20e7
9726 5dd22d9acba84a94
9727 10813dea1d54514e
9728 a18d2ff1d00a02a5
9729 dd0ac6bfa9c5d655
9730 8c8cf1f929fdb74e
9731 6607eef49897bef1
9732 2edcaf240bd1e626
9733 0f031ea95cb52e71
9734 44b6962a0e41c9bf
9735 bcabb0f6b3988b3b
9736 f4243757edef4bd8
9737 312453c28f915a26
9738 a9c6f34eab1ef792
9739 61a1651434c3e892
9740 4871ec8a80000097
9741 6bcf57013ae3d43e
9742 7ad50043cc208d59
9743 524fe32ef0e0d156
9744 54a2b5de698a76c5
9745 463785ff7d9ff8a6
9746 3b996511b5106ff5
9747 eb00729b87d92f1c
9748 faccd43a6f5f98d1
9749 fb0f5c77333e0322
9750 651d56663aa2c7e1
9751 360b96d97b24c106
9752 61e58f57dbe91c3b
9753 c5f040499640fe87
9754 0e9eb3d93f9a3463
9755 733d4c1e5218a503
9756 b886528a3ba86f6a
9757 f67bf58fdffe9d02
9758 78441e8ba0fa80dc
9759 f82a650f3167a6e0
9760 a5fef180963bfbd6
9761 756f71364e3b042c
9762 2aff9062c97a5de8
9763 4a656083ecb01115
9764 1bd486315a0876b8
9765 235d37ef3b017079
9766 c4fe42606f9c623f
9767 9e141c6b5115ae80
9768 5595ea0af114287f
9769 7dee8c030b600e74
9770 b5213d846a131041
9771 8fa17d90264c78a0
9772 db9d54f29ea0b791
9773 f0fbb83db089e5fd
9774 2a68174da533b197
9775 3b6a41aeee6e2029
9776 a05e2f6d7ee55986
9777 6c27ec84a57b8e85
9778 b3aef1aa3d72b8ad
9779 e077c5b4e4bc8192
9780 79f87607a5bf3869
9781 e25ec5c7770d1deb
9782 918b62c1f2de69ae
9783 db4d00cd5bb1bd59
9784 4b6034b893a3f9f2
9785 0c07e95aca480694
9786 2eaea334ad3dec45
9787 570bd16df51f22fe
9788 eccf86a04884b9a4
9789 1814ef585a90ff35
9790 ffb533871a63be86
9791 1ed5769651f96839
9792 7a749a2dcc42e389
9793 fae150c91f86bffe
9794 57fa30dd39113438
9795 d2df64b17f7aa316
9796 4f88d106a9a709f7
9797 3624bf98e44bbf15
9798 2af88b4a16ed2924
9799 e095e0888ad7f7a6
9800 74c5489fc9cd0332
9801 4ead38112088de4b
9802 cabcd0093a03ae2c
9803 7aa738772663107c
9804 866aa41903b8ea4d
9805 1bd127991c7702f9
9806 8fec55d8bc72b4c0
9807 bebbfcc261c43771
9808 54597fcc60e252f9
9809 b2dc6c35fa51756d
9810 7fc56c3d5d6e0dc3
9811 102eb9d9078576dd
9812 3f2acfe1f4f84c92
9813 8aa4dc43db378491
9814 22e116e72ab8cee3
9815 63ad9aa6eac6d680
9816 18ef2ba8da3ddc85
9817 56a6e242b25a0904
9818 af5cb9fcdee632fd
9819 12b6bbc41b758b53
9820 db4a88959e6e0238
9821 cd7f2249f7457c3e
9822 fa4d5bd2dbf190c5
9823 334256323461b8d4
9824 30d3343007f98c86
9825 34e128763040e623
9826 ce39c34a50dfacb2
9827 e5c864409e752da7
9828 0268f60b3eba3b18
9829 588b1024a3204bb3
9830 e08a67ef29f44a41
9831 eaca55fa03b3c84f
9832 0eb05f51f79e2eea
9833 1eda19754b60e7c3
9834 5c97a08cb4e07864
9835 d79fe39a0871a07f
9836 b9e8dc2cc2197d9a
9837 0021d6ef02731a23
9838 57412b03a9e1f8bd
9839 e1cb968241b69528
9840 ac9d12a2784b5447
9841 ba2ee3ce1c1d64e9
9842 68d08048fba96053
9843 317a90eda17e7f3a
9844 f6e6ebe6f2419c3c
9845 5825e6ced10198ab
9846 18329dbe15531e0d
9847 98064d684e414b80
9848 f5273b890cb7656f
9849 289a3e12a9131d4e
9850 f03ed6039544f28e
9851 8adcae1892ad01cf
9852 3b8ae956461ee5bd
9853 900a7bca05bdc083
9854 3bef283d219bfd57
9855 c3156caaf15ca058
9856 65e9bf4092e566a1
9857 9a61e95d35c74220
9858 ea4444e933bb93bd
9859 608cc1bc015c2802
9860 38497083ee0d6068
9861 0eae60a45c7016e5
9862 db46cd62f3034c43
9863 1f0961615b62b886
9864 1a4921d4af85ab18
9865 52b3d6573b6c8acf
9866 2c50df2fd9cff343
9867 45f0a7cdb8e3a615
9868 9e6c77c3649fa9c9
9869 a68ef1e4e63d1802
9870 6c57bf64622dbaf7
9871 fdee58dc80d381ee
9872 09f3ac0e913a0d30
9873 c5f80f5701a5d082
9874 16ec9e247d484a4a
9875 c253277fd8974af7
9876 61900821650e2779
9877 47bf14c8e8238e25
9878 5621d2871970269c
9879 fe092ae026404813
9880 563421cbfb284ef8
9881 329ba6167d9fdef4
9882 ebaca0e091fa93a2
9883 8dc817ed78057a98
9884 3b120337c22c34c4
9885 d1c4cd4fadbc3e1d
9886 939c14bc84369772
9887 cb0519cc73328a9c
9888 cb8affbf7cc4ab52
9889 e653af3a54d3c2f6
9890 0e3099aa341027c2
9891 f80d6b7eae83e455
9892 8ebbdd11aeedbf7e
9893 b634b6f7edeffacd
9894 61b40b0b0a5beb77
9895 92ab68ffb925c34c
9896 52ae918652085e7a
9897 81b59ce0349bcab8
9898 35aa18e7cf23a619
9899 09ff2c62d8359800
9900 e22658cea17dc239
9901 1a419c71856460c2
9902 b971d4a17c213a08
9903 b9a1410f18b53a2c
9904 800a3c65327e322f
9905 9a817a3014c0429f
9906 b37264a578f6f832
9907 8b6b2d3184ed3921
9908 ffa55b1947d3f6f9
9909 844647c1aaea733c
9910 0ed5ffc92f2b113f
9911 65180009e9bd8f70
9912 2b191f9fe99174da
9913 35d56654a523a4a6
9914 10a17ce47e79b1fd
9915 39df2127f15f05d1
9916 bca1260ca6bf2e71
9917 88eae55a87ac8901
9918 bb893c4f6ca0a9d0
9919 682f4a3e9cc69377
9920 aedc1253cd195e51
9921 3951e58972a0f8f3
9922 be0b14727ce6aa39
9923 45f5640172f4d058
9924 87d40bdeb167aef8
9925 33af62016ba3151d
9926 36418f7c5394ec88
9927 8b8950479802e404
9928 d61b6a48110f674c
9929 ffa1522b77d74923
9930 a0621396a2ec70cf
9931 96fe60bba272ae4c
9932 c297b5794507cce2
9933 d9afec267a998004
9934 a87552a1b705fd20
9935 b7e43428dc852883
9936 7c0246e025555726
9937 99cc3d3a84cc263f
9938 ca0a4d02f78fb890
9939 8903299a9b2cf2b2
9940 112021faea3b310c
9941 54aab796a650c188
9942 1b15e3c589911cde
9943 7e29d5e16806daf6
9944 200321d047dcc19c
9945 1c80cd24232ad276
9946 0ca78fd923435cab
9947 3faeb26bbe792241
9948 bdd696a70ba1708d
9949 6d8b6672c71d6755
9950 5dc691db59aaf550
9951 1cf40ad85e4fe2aa
9952 174f3abdd41a8c78
9953 dc8e1a9562ade2b1
9954 984ea5ae85af3118
9955 6b366e22199efa80
9956 838ae563542e7bf6
9957 26ae152ca899265a
9958 cf7e8f6d176608c4
9959 f9930266f736f8be
9960 d76b42c548d1bf6b
9961 b98d3dc3ff96ddbd
9962 b36439bab5507c36
9963 5a08b7af4f89efea
9964 7170d3c9a060134d
9965 c95df49140a60d38
9966 a90e50259c7446ee
9967 00b15fa1c3f68c47
9968 208587d3c829400e
9969 6de87cfe943c7fce
9970 0a5955023a5f88ba
9971 be54d800ea44b789
9972 4a831340a102121f
9973 332a68b70740dd1e
9974 4cf0c01a7f8f4ca1
9975 5c9c4d4333e0eb8f
9976 63f988b3795a18a9
9977 bd6055cf785ef41d
9978 8d0c7b6482272382
9979 e5e232a0d4018455
9980 73737487946485e2
9981 e211e16161dd2206
9982 17fb022bd7b9808e
9983 95fc42e4b2a39fca
9984 15c5a860b1a2457d
9985 a8bae4d49c2b3622
9986 668736b42b10c022
9987 d833ede450a58200
9988 a55810829c595756
9989 44dfe29447bf16e0
9990 5d3aa969082d67ea
9991 b82162bb0cae15fe
9992 205a9e5f2e1dd1e8
9993 a79822eaf5a02b04
9994 8c445556e9636c55
9995 4d51b9b4427675b8
9996 b09968818d6d7151
9997 d7bd1239b26f15e6
9998 f3e035274ba1f527
9999 fe89c9be20acb40b
10000 d130bb3e6698d89c
10001 7cc1e17436d997fd
10002 aa627d5d0258ed98
10003 3d71760b1414e6c3
10004 dac1386359ea1853
10005 41dfb98f17fee97f
10006 6e79d294fc39a400
10007 ab27bfa5580e0d64
10008 1f64d530452d7605
10009 e89e73cf62bdd878
10010 c50a387a80911148
10011 ba7eea8f0512137a
10012 b3ecdc9edbe43895
10013 bc699eb165a8ccff
10014 05c678b7d5478417
10015 13a7eaa7f2a953f3
10016 78208348405b9d97
10017 30ab0bad76c66449
10018 ba1456f2b3b3f029
10019 10e5057ac6ee1a7b
10020 dee09d586d3a14dd
10021 3cd97acde8595226
10022 f8ba2c6105eeebf3
10023 4b4ed7f9b3c8ff8a
10024 f016e9bf68de7d27
10025 d5bd57714cd0bf74
10026 6a393081331e300e
10027 e1a4e028deac97a2
10028 e4f318352b63f068
10029 491433a046d7da36
10030 bc5e2e922ddcc0d4
10031 09de527b35109574
10032 221bbf0488a06405
10033 f37835f857885765
10034 aad2e5beffa139c5
10035 c7abf8926076a4bd
10036 42683ebe91528929
10037 af84ac7d30a4b7d9
10038 fc837db97e933113
10039 a09842c9c7e57574
10040 192bf2d62fe54246
10041 787f2242cba34b82
10042 958509f02690671b
10043 1c5f54bd51d3952a
10044 76a4e6b1147aec38
10045 c584e2e50022f99a
10046 d2cb0923c4b81de5
10047 e9e0e2dc673e9961
10048 1884b24fcce45170
10049 9a63cbadec08dc1b
10050 591d86831159cd87
10051 7c3960ebcad62058
10052 c24e467929c7faec
10053 e6a7d3934485de7c
10054 3e832d90b370717e
10055 4a1d0c66bcdd79e7
10056 ba327f0037fce1ac
10057 cf8ab698d667acb7
10058 7c1f34c12e529951
10059 37c15128adaf070e
10060 4b21572faad2b323
10061 0ff979cd2508744b
10062 b4203cbd14f293dc
10063 48cbe16581361dc5
10064 27df54226d02fe4f
10065 e97fa963907c4bea
10066 e7ef4874ac144c8f
10067 afe243f274cd03db
10068 ef14a3e0a8c3121d
10069 94a25c288bf1080a
10070 0d35da917551fa44
10071 3e9607d472d90099
10072 289534d301e18ebc
10073 faee35e2f28123cf
10074 4d41df989641ee4c
10075 068cbc91f1ed575c
10076 7e985504a57fc2e0
10077 614fb318f976175c
10078 78f763a10bd9a22c
10079 85707f589755a576
10080 078cdd2a379bcc5e
10081 5c91988156f2154f
10082 ae59dcfdac8be319
10083 7b79d150b4ebcca1
10084 b8f0d5d0932b0dc9
10085 57faa3249a8605a6
10086 813e9a13415cc3ab
10087 e90c732f356b1006
10088 42b09195eb0d6324
10089 31e9bee173e6d376
10090 856e95a22c93790a
10091 1771b0ee99279718
10092 4d10cb4d0853b494
10093 052e608eb9d4fa05
10094 622c73656978a02d
10095 d62328a56c85a246
10096 82393fbe53c48ce3
10097 fc22e9b70e4e94d8
10098 b39c0215de596010
10099 804ee118cf84eb7f
10100 a6c4f2b144bec14d
10101 ce12b66196b70c47
10102 5f103e8427eb54c1
10103 3868fcdf1c357ef1
10104 208c0ec02948ce63
10105 eaca197788fda56a
10106 7da2a49826457af5
10107 33d2bcaa86d18fcf
10108 bb3599d0d3c7ef31
10109 f750a371b41ef5a2
10110 ab1e062969462a98
10111 cd66d2d4739c83c4
10112 cbd6d251aef8e82d
10113 6364b032bc987c16
10114 d318098424b8d97f
10115 a76724117f3e1ee5
10116 270b33a5980cb096
10117 81d4512b8fb1fefa
10118 1eb713e05d59ae22
10119 e25862debf9ee140
10120 f6ce5293d36a9366
10121 df97aeb305595e8e
10122 b1a3d4fceeffb36a
10123 767d484a1f31e241
10124 b2f0d4c5102a5971
10125 f6c9f7b9c3dc28bf
10126 17eb138f15dd93ad
10127 56ef278a2a33aa68
10128 c275e952ee43eb8b
10129 dde0e17ad984d296
10130 5d7b6529648926e4
10131 6eaaed93ecebc8b9
10132 656570f4cd8154b1
10133 8b1f39950be7768f
10134 d54c47acbec9a271
10135 16a7d9206bd75e65
10136 5307b644ee188884
10137 232588557c90db3e
10138 2c49b01495861a55
10139 432c4596fc397c66
10140 9d517a2e54926f4a
10141 768471e5e1231bb3
10142 5ff0833f5343c381
10143 8f25e5acec5c3bf4
10144 6779043e7da4c2db
10145 d6b0572d5fe903bc
10146 0b5e7da5bb967edd
10147 d5e99ef5fe1b552e
10148 2c7f08ef5f8ebbfd
10149 c0694d22a370a553
10150 d1c177caf695eead
10151 36bb74b740893730
10152 947e2a016c9922c1
10153 92457748461babad
10154 0ec5cffa5ed36b35
10155 ef148960a89f7d2a
10156 ce679cb6396163a4
10157 28c839b4043655be
10158 40ca9de1c27fdc0d
10159 bc3a4b639c2d07be
10160 f58b27c74dc02995
10161 9d286fefb806e50b
10162 6576059101983105
10163 31e7fbf619514471
10164 b812b8b4bc3bb074
10165 c4371bff8ef01f6f
10166 282bf136ddfc48ff
10167 4859b30ce11108e5
10168 8be5b40d39e6bda2
10169 800b68f6421a2b9d
10170 11b0ac29b3a17687
10171 13dfedf062363c60
10172 559f66750633d6e9
10173 3a9a15f69a74b98a
10174 1636e38e7a5a0eb5
10175 9689bae073d6ca4b
10176 09f62ab69b21eb97
10177 90cae83a5e30d9da
10178 4d35498e4e80ea59
10179 27d92da06159276a
10180 e42855a46a662da4
10181 9b195782eef77183
10182 9eab637b7d7b9456
10183 bba73b1018b990a5
10184 f3920a71ad65695a
10185 2a8f2ec0261085bc
10186 8556bb5abd1e781a
10187 04a045e8c464e68a
10188 81387a30bbfabefa
10189 780323a07837ef2d
10190 eb50324acbb27857
10191 648210b12752c3fa
10192 8cfa9d801757a25a
10193 7f6db89011eeead7
10194 d41d02b2dd6061a0
10195 bd6615d6b212f4c0
10196 060d49d6d2114c8e
10197 547c82a6dcbe0c3d
10198 ea4176c0c22527af
10199 6aa06a3ac75896d8
10200 bc55e9d7aef67f2d
10201 38c01bbe2d4a58e0
10202 7dddbea68a9c56ab
10203 0aef2f2425c2ff59
10204 e6c7a96f1bd509ba
10205 40c9a5ea99c965f7
10206 ec7312e4effc4948
10207 d4ba1264870f9f08
10208 1f29ead06d8fa69c
10209 9012a8cfc4007e61
10210 3d148d14044af478
10211 ec917e113d639342
10212 bc637de210c98432
10213 5d77eeb65b39a8f5
10214 3e42649d9be13bd5
10215 806acfcaef08b6ce
10216 1f4cf0a65846c978
10217 5a22c0f8ffbbe821
10218 b6dfd1a1ef46a07f
10219 633d10b0bbdf7f4f
10220 4fd59fb577fb0fc5
10221 83ba69310d1932e9
10222 528881d846e8c226
10223 5ca1585c9cf60fca
10224 9a502d74f810b940
10225 2d8ccc52cdc5190e
10226 45ef138d22608cf4
10227 cdc1c4b90669356c
10228 f6f4fb2c61120e4d
10229 4c4307f804762be8
10230 6b22f49bb2c5c7cf
10231 73edab0e9189ef11
10232 f69b6159244d37fe
10233 77fbd378f319e70a
10234 0bc5ca04b8108c97
10235 1f0ffd6ddba4a6bb
10236 22bb7ba3867d5688
10237 9043319951b20cd1
10238 1b12e4d125c73db6
10239 5bcec08a0ab73679
10240 268496c6dba3f45c
10241 fda2ebc30c157476
10242 318b73e0bd90cd5b
10243 ad073fdf04cf1faa
10244 be165aba61d4fab5
10245 18a4ea1ce029a539
10246 c923c00df6c209b2
10247 d3662c0cdfb02a51
10248 595a8a83aa939052
10249 818a8c8d5e5af128
10250 0ed4fe49768e9f83
10251 a1528cbc65dcd811
10252 1d530c4922799451
10253 28680a9aa5e971db
10254 4208dfc9f7ad5bbf
10255 3d214190fe606d95
10256 ae9a1bb874183b96
10257 1b85fd919ff5f1a2
10258 f9f7d5238d5beaf9
10259 2e8124197626ff41
10260 4ddebc9354eed32f
10261 f24c574bcb8b786d
10262 210e1c1cbac7c772
10263 ffa7652dc1f817f2
10264 966eead3d451dc7b
10265 26ec72dcfb87d640
10266 fa45fd046ebfeba3
10267 bd3477385a40fcac
10268 32f1a7fd9a0c026c
10269 b1cb0b855c7a6a77
10270 3cbc9d14d50ac2a4
10271 0eb311242e326995
10272 a03ff993a19d93e2
10273 d6a34c4d38f9390b
10274 2353bac8efef5423
10275 f40d7d0f67d25b8f
10276 692733d7d0898396
10277 826a1435947e3c7a
10278 a6cdb6e7b8beed45
10279 1903cca13d4f3c9c
10280 c4ac91eafc55fdec
10281 3bfb19db83f6df12
10282 96683f716568ba68
10283 d87a44f0a2cca387
10284 63626b5b1dc3530f
10285 5bab26add325027e
10286 7e85b9a840bcd313
10287 dde0d73a0e322265
10288 90c2e3e9f90db0b0
10289 d49d6205be6bf099
10290 f80105347cd8f69b
10291 83ba6f719bb05e38
10292 c9b8cf8360c5c8da
10293 dc9c71f158060259
10294 ffa7ee5ddf8db9fc
10295 5de0a7fbba2fba05
10296 2162bdec332432b9
10297 caadf272d0993772
10298 c5176338776e4628
10299 25526445d6bb155e
10300 20d1435052ff3019
10301 d9f55f56c5231466
10302 78566f68a624fa88
10303 c13d2cf5ee32c9b5
10304 2e4ae594e63dde93
10305 efb79a6030e5fcc1
10306 244af9fa77d89858
10307 23491fd12908a9f4
10308 585ece92bbf40913
10309 6aa072f169685375
10310 bc5936d78d845b88
10311 65f6add67c32a58e
10312 618072463c679eaf
10313 01d9cda5e90d9d87
10314 77b29348a2d2c809
10315 7f66fc6e3fb65201
10316 4be1e223ccd89ef9
10317 eadad42d91821e4b
10318 f493191c47cd580e
10319 a1ac14055f91cd92
10320 03bc99a2a7d3d1f6
10321 2dc2006ac782a8f2
10322 7546e2a4d6f61804
10323 4d50aa673766456e
10324 4bfea1ec273fc0b5
10325 dcc6b3ca82003b6a
10326 8487526a5b5851d9
10327 ebb0826f5521f904
10328 1982f313e4acd663
10329 786f994dc32953da
10330 f685df57a4080a3c
10331 32bf99edc018c274
10332 046def7a3f3f7e13
10333 45098f5038fa8b86
10334 8d2f2d0342e9217e
10335 f7623b984be2c970
10336 3cf398b2911d98f4
10337 5d7ec75928c81ae9
10338 f604750d5cb41cdd
10339 4938b2f369dc189f
10340 7e0541cd9dbc245a
10341 5566e0c0234961a6
10342 bac51bb194fd6e0c
10343 d0d2de5205adf8a7
10344 beac39afb779e654
10345 91d943c876e3f89d
10346 de252eb02eea4b78
10347 4fb7324c9fda927e
10348 99f0c3bba1fb1fe5
10349 3828bb5080d1ecae
10350 b5c7f267929f4d0c
10351 80a6b93f3b41195c
10352 b0d634b0a73bea62
10353 69b8730a47a94977
10354 9044efa6c047025b
10355 410e1000021905fc
10356 a761ec824d24da3c
10357 da60ac1dcf1caf85
10358 1ecfcb44ce3c9456
10359 81f44f95228c0f92
10360 07cb727680bb99cb
10361 9886666f36d2a879
10362 819345449e4da962
10363 07f3b58ab671f7dd
10364 3512de1fbad576ea
10365 5d86bf5ad6360f0e
10366 55680c7ec8b9e669
10367 fdbaaaf24762679e
10368 c761e5136f88f5de
10369 d0cefe1190c225a8
10370 06c779946d937e58
10371 c64b4ad912062358
10372 c17a8e9a4f976fb3
10373 3ac8d32992f2de7f
10374 eb6e23de9a5facf9
10375 f8becf533fdfe573
10376 2de882e9bdffb1dd
10377 1c22ccac2f5f3e37
10378 dfdffed8c196cc80
10379 02a5f050da010047
10380 638dc382195f3a7d
10381 34f999334e96b53f
10382 dd95caf4d61ee0af
10383 4151f395684a6608
10384 c58a3241b429184a
10385 723bbce224c92909
10386 fa8335ce0a880564
10387 3a83b70796a14a09
10388 58985e4187a93f9f
10389 1ec48a78af9cfaa0
10390 307329bff27684f7
10391 ed3a440abc2666e6
10392 97ad1b22087f46fa
10393 9a60ab5c88335b55
10394 2a345dcb8c77de31
10395 0da461be87d126ab
10396 006e04a7a4a3f750
10397 e7fd4f47875f9ab0
10398 cd9ee4311323762f
10399 3f8b225f49619086
10400 74cbb4f95cfc7e4a
10401 c8c6fcda4ff77219
10402 942b76ddcb5a1a3f
10403 07f3db88013f99fb
10404 b716d2fe99717021
10405 3049cb2fe73314cc
10406 2e7e08d34598f726
10407 ee1da6c006312984
10408 f32867953af56b2e
10409 435f61ba18683cf0
10410 8fa2a6e45ec677d8
10411 7dc76c9b6977d1d5
10412 43eae5676a71a8e6
10413 040bf690210256c8
10414 310ce8f654b6672c
10415 e601686c0e44fd8f
10416 e084f1ca4fde4370
10417 b97baa87ba94305d
10418 f706bf0975039638
10419 e4bdbd3a4dba60ed
10420 05904e3fc050060a
10421 206fa89058a84be5
10422 8cfb79e7253c4d78
10423 cdcab36ed90e3ab9
10424 92bbe0b4f55ad993
10425 c8f5a8a2727af026
10426 f6ca045b4513ba7f
10427 e7e447bbb1d09076
10428 fe80b33a6825b129
10429 7ed2f0517c8129e5
10430 86b603d551714b5d
10431 f221af5df2113d61
10432 8e1dde12ef0e0103
10433 73f1709e450f79eb
10434 2877681c06433bdc
10435 f3a3531752092dfa
10436 9b32b298c8fd26ed
10437 ce985000f97364a1
10438 a4a964742b7df9eb
10439 a1d60e04e9bee79b
10440 b0af68080999835f
10441 95a4424f2ec5fc89
10442 7031ac703f12e24d
10443 c05dcb974a827fe3
10444 3166dcc43cafd36b
10445 babc0aa420ce0ee6
10446 2f676d171fc69c92
10447 15624a3e6849c481
10448 86906ccb52d169dd
10449 2e9c90747a764f31
10450 dc9c3eb6bb824110
10451 4c3aef6304e36b8c
10452 5923f874ff579d62
10453 32414de1476ce85d
10454 aeec08a461930e0c
10455 1866727f870f86c3
10456 41bc6c1e4f4c0ae2
10457 cf108defba005e69
10458 ba16b70422bad805
10459 da5b1cdeec25b3e1
10460 fdf87c0d417449f8
10461 88f10a18c519c4ce
10462 5d756dab831b884b
10463 ac1af3e010cab388
10464 58ab95a22dd950a2
10465 d0f7157933318685
10466 7d3b2191595653ea
10467 24c0872b3fa33808
10468 da435bdd2bdf79e9
10469 c1e50175409e78df
10470 c9a0d35bca4f37d1
10471 0ba45258c72d0191
10472 f2deec83c69b39ca
10473 2829468670ee8ae4
10474 cffff022c93dc555
10475 00117281cc01c24b
10476 526bfb90dd4752d9
10477 4a7e833dc59a8a35
10478 3bc5be16e4f0f499
10479 88237b5a5af9f1f8
10480 50482b55cc87d675
10481 168ed68587a39a76
10482 c7a63653c4a47c6d
10483 3716206e5607f1d6
10484 36b7aa669d91dde7
10485 816f0247c3c96705
10486 1f72aa9ae1a05eeb
10487 a58c24e12e2768f1
10488 4b8e304b1f553e28
10489 a5f2d1c0392617f6
10490 40dff46ebf27a496
10491 456ef8c71c66a373
10492 c49b85d3cd22e739
10493 ee1abad14f9eef3a
10494 f8740c6b340d760e
10495 a1790503be515974
10496 f0e9f8ea9b799d96
10497 9164d06c21ce3450
10498 74361cf2d9773d2f
10499 38d1bdcbd5cc67c5
10500 4b8ff15ecbd76954
10501 ce178f2583515c60
10502 1e54f01cedf0c36c
10503 5cc399667db7f431
10504 b442765008bf5aaf
10505 96239ff30d779716
10506 4eab07b9c148b8bf
10507 0e6d59b2902b64cc
10508 44ee3ae97bf71075
10509 d5bdefcf57bd9115
10510 7f42e77e70c96e2e
10511 4a95f089113c0f87
10512 6e9183e287b5546e
10513 66173984c9332291
10514 0453a5f0e0d2f993
10515 d7901ae25e7bfbca
10516 5fbb9b00d67dfaf3
10517 d5b445cae32312b0
10518 3eefed97345004a4
10519 a1b392e1b471f67d
10520 4a9e74e74a19b875
10521 752d053609dd88b1
10522 dce1a9fafa0e0a04
10523 d3d1d20c5f5819b2
10524 b78be0a53b8539dc
10525 654289b152af7f12
10526 ed7f3c9981095ea6
10527 a694a0f16e8d8de0
10528 2594b524db548d2d
10529 c94b9f1692fb6238
10530 d4668e59670ea2b1
10531 70c61b439a6914b4
10532 04a6ec1efacb22ab
10533 c12ce5dcd73bb794
10534 b66fbfe4e7301e39
10535 68e0f4685f62b863
10536 152c95038b70a1fb
10537 193f93cafb8b4eef
10538 178e52817c4e1375
10539 264435da8cf7e508
10540 d247d66440e110c7
10541 ed26c6c1a4226029
10542 d3659f314a5edd86
10543 5ae85a4cb5851a4e
10544 6b4bd38c83537180
10545 8d60f8b864be5a54
10546 074233165ad7a00d
10547 ef5dbee2ca12e78e
10548 70a7db48edfa65d9
10549 fcfa385f48fd26ed
10550 04d4e939fae0c668
10551 bb4c70742e7ab099
10552 dede738594f1eabd
10553 2ba93644edd372bf
10554 77dcd08dd89a50d3
10555 3d6ae7aaa3ff8fbf
10556 2696586b5a09a205
10557 ed862a3c608dbe3e
10558 16b4ba3cba38bd9a
10559 6e569dcfc7c606ec
10560 4eb6cd414af4af9f
10561 f665cf834f64d448
10562 4581368975b53a83
10563 6c58fd186978b28d
10564 45abffb3f4283d41
10565 64cff5fd8989629f
10566 83d71e7a6eef8bbe
10567 1ba3de7e2a3d5bc2
10568 f7b3f41fcedb5410
10569 05beb6959984c2a3
10570 e77359a153a59cab
10571 45df4b49e59d74a0
10572 b2e75bdbc0548634
10573 92498047f46180ae
10574 6437eac38610780b
10575 983bf548a1ebceff
10576 e1097f391d50f5bd
10577 5f8189304d7d8f12
10578 6ae44772062e237b
10579 95191533233b1263
10580 c5e81aa874105db1
10581 1ab8e059c338424a
10582 8b640c3c4a1bb9c0
10583 06bcbe7cfd69720f
10584 2375cd9f35732bb8
10585 5d69e241f1de0ac8
10586 97c114b6eaf19b81
10587 3e7dadfd4ef2df9a
10588 3181f7bff3832388
10589 edb94b1c537e0abf
10590 d616f0a9e841ef0d
10591 be746cff1eb359b3
10592 85c28f923e9f86d5
10593 630b3d87cc4fc37b
10594 f746614403245b69
10595 123d40c39658dfc0
10596 28b5e9c319a89052
10597 68374f92c9a7a130
10598 dae73a8f79ff899d
10599 76cb530d951cfdf5
10600 f39868c2672a02ef
10601 dda5bf91157ad23d
10602 8b00f8fb7dd824ff
10603 065ddca83fb9a8dd
10604 74f387957fbca95a
10605 57b218b1d2c3fc87
10606 176ea52666dd483e
10607 ca069e084f51a71c
10608 05a96ac13a792e2c
10609 40ebbc3075b19d4d
10610 688f1343121db012
10611 83a45cc64ae1e7c1
10612 d1b9087b13e8a7ad
10613 2e7a8b969075c234
10614 5f25841e1ef5a25d
10615 014432eec247d762
10616 d4b20b608d0a654f
10617 c99bf1477e06b7cc
10618 d4875c79b2c1c71c
10619 af0f029ff47f5f8d
10620 43cba4ee1d70fb36
10621 e5b21370be44f309
10622 27892bb1f7a16a98
10623 65510170528b7fea
10624 e61cc19a51c9945a
10625 4caba10199685795
10626 19dbb4397c074e89
10627 a51fcc4a2d071ded
10628 39aec3c297b1fddf
10629 e1926371a5a77b03
10630 651e9041606ec086
10631 7fc528da0d5ba41b
10632 a01d909c7a345cd7
10633 2ee951c911e54212
10634 0f7ae423647fd3f5
10635 96d5f7f736e7d9e4
10636 e39d63f7f1eb36a1
10637 e02ada202f0b1e5f
10638 8385b2aae79d1f10
10639 6e8ddbfa780780bb
10640 1ffcfea63cd56f52
10641 5fdd8a41161178cf
10642 45ffb71e2b0d1dc6
10643 d640a2d146e4718c
10644 c0f7384660641686
10645 4fa2935a1de182df
10646 75a29630d18aea4a
10647 05e63151ee081dae
10648 a4159e37beef80c9
10649 0f0f92b1771f3df7
10650 c46b73216e138e11
10651 1e2f6441e0bd2f38
10652 609837fb74d8e2b3
10653 e0ff082ddcb6804b
10654 4fba3910ec23ae2c
10655 1fb8e16d046a55ce
10656 4266383a1e28f8c0
10657 333879ac4ae3f44a
10658 3903782e27ed4651
10659 c07928cac4a99372
10660 506a726578ac5729
10661 7937316b6662ca09
10662 03fdc29c507faca9
10663 e3d806b42041c9cb
10664 50a0b849f9eed846
10665 1376f483c5add520
10666 b968300062d4b82f
10667 1ee7808251803b08
10668 319b2cf0056c94a4
10669 6ce8236b38f59fb4
10670 57d07c02418b2f37
10671 323bc756c2245794
10672 616397d3fddb782b
10673 b15b61564561e553
10674 9c8c7f0bed015d33
10675 23392e9f7cf74e79
10676 796ad793dc5e3930
10677 78c82389735dd519
10678 64ccb99c84b183fd
10679 a3b0a7a91c53efd4
10680 f938e7b9b6f23a46
10681 099da89a9457e8c7
10682 841162943dbd3add
10683 47117087e09f7a58
10684 233f4cdb40b3bb58
10685 0c6be6105dbcaf5a
10686 e8cd811f0f0f2ec9
10687 2801c222d1cd6920
10688 642412997e97ad30
10689 282b78d974324fcd
10690 ee7f45cb148b9dc3
10691 0f95ab8a8b5663a9
10692 5d150d3a31500980
10693 ced7e145576ffc9b
10694 fd67c1035d69c3b1
10695 dc01ab751f9e9e71
10696 bdc56680899e6987
10697 37d820ded5c9ef1e
10698 8dd3654ddf5f125a
10699 cb3e8cd27883aeeb
10700 2cb6040142d12485
10701 aed82514862caa68
10702 a46b0ebc5f698d30
10703 c923f416623754c8
10704 9fefa3856503cbf1
10705 d6642a73a3a315cb
10706 28f69ca334af03f7
10707 74c229bcc8e4a84f
10708 118d3401b86a1dce
10709 00d9cd2f1db890d2
10710 f024677b900d8237
10711 07c385f1ac498ea4
10712 b1b9d265ad0330a5
10713 0c9b5104fd877859
10714 8778ed1919480ec8
10715 f337f059b0d0e159
10716 093f4ecc8cdd1a31
10717 987cef2d97aa6d06
10718 57edd0082cb57f80
10719 922be5c6e988bf96
10720 ffb3402b9a59860d
10721 58ba60575fcc8495
10722 18347b19d70f2448
10723 be24d8c06d0e37e7
10724 b23dc02dd1d0cc69
10725 3e3c061415bd5f86
10726 524ead40715f3980
10727 150da1682ee03141
10728 5d8cf792abb6824c
10729 5993e575c1c1a866
10730 32a7b064bf0f922a
10731 77ac259e2f3f7a6e
10732 0551c4c534c8f6e4
10733 a39183a23283ce19
10734 e0577ed54366cd66
10735 b0dc121dc294177b
10736 ab58286aee7c32b6
10737 492884559934fc81
10738 19ba71cfe6ad5679
10739 6175a56e1cfd1b69
10740 3027c978606f50e1
10741 8d3b86b436320489
10742 f74a4856a7bf1041
10743 0e984de1751681c3
10744 27ec1e9d8b5757ce
10745 11c47a28ebb7adde
10746 a7a6fd48ea218db4
10747 9d48f650ea200f08
10748 a1a708ac9c72a204
10749 b7c4c3084db6322b
10750 7958d707a5397865
10751 155f7db57d6510db
10752 416cc6496222dc5b
10753 c4fb0ee8fecced61
10754 4a17f860c6000d3f
10755 fe0f492424de70ff
10756 3b0382537c8d2232
10757 532d21e0a4bcde39
10758 7db14a094f80cbe6
10759 48f883889b635604
10760 8b10b98034cb7ddf
10761 ae4333f3284f187c
10762 749ed860b61bf3d9
10763 cb61c364e79c3ac1
10764 5e672f5d605e9a61
10765 d71d7831221e152a
10766 a18bf436bc85f83a
10767 8a7c3db77645bbb7
10768 afddb256f1928d65
10769 d000830523957449
10770 be379cb836209180
10771 cf5199cf0bd75933
10772 c13418027b9d91f4
10773 16f5fdf7a755818b
10774 111804ec333f1d86
10775 8b1e9bb314ea5faf
10776 c292996a6ead04fb
10777 1339280b6cdb5066
10778 f36afa45336958aa
10779 10992fad6b2edb96
10780 c3cff98e02d2d8e0
10781 2c27753ccff2927a
10782 b262bcba436efffe
10783 d595cd4f03ee825d
10784 06cc420c07ea2c64
10785 b76c8340fd90c4b3
10786 b4370a39d43e71c2
10787 c4e92b9c97212418
10788 942f7fb34aac4483
10789 18b81cfcb3bc846d
10790 ff313e9c4bc8e92a
10791 7d3a541439154c6d
10792 2f5e76d24e06e22c
10793 8880c296cf53375e
10794 5c5b818b08191eca
10795 70c963ab1c16dccc
10796 2e9f60f383c9f052
10797 12fad657d273780a
10798 fade5418bbd6e57f
10799 af4e76685afe703d
10800 f0c996084beb0e1a
10801 b63fceb3a1d7af81
10802 30506a0091e451a7
10803 9bd533588a935d35
10804 650361d089d4cc42
10805 45a1d47c7d0bd4e5
10806 866a9159fe46d44e
10807 815adfbb2d85d02d
10808 0a43e5cc8f0f9717
10809 e4e6fbd4ac1e0717
10810 5b8ff8e072a71b8c
10811 cb18f3d14ad29f8f
10812 23364c1620fa3f3e
10813 39d959fae20a63a9
10814 44c0ee7883b45246
10815 7eb1db03263448be
10816 b26c3a14011986d9
10817 bf6a302f13d58082
10818 72bbbe97f81a81a5
10819 7534df5134d71fca
10820 40983d5224357163
10821 ff594b35014624d9
10822 4a639efc347edff2
10823 531a747df37ab169
10824 fb3f084e0777a742
10825 0a76efea2882dafd
10826 2479787e2bf374fb
10827 a18cc603b8bfc6df
10828 4d029dd420e629d6
10829 c3f75219859c4835
10830 ed1f7f1669bf6379
10831 9e3129e6b2c29eda
10832 ab494996b1919a4b
10833 6c054882da464b30
10834 302599885575b375
10835 2fdb9f9bf9dde77f
10836 df548e0e4a3c62dd
10837 b1cd15a1bb78fd0b
10838 fafb7c062a49f212
10839 fda2eb86e405b5e9
10840 9b1f97bea5f267d8
10841 f01bc36bef5cffa0
10842 fce1201490c64499
10843 9a6426215946ab5f
10844 3a35c3b49d5e6b9a
10845 939c6e5affc62f67
10846 1823e62ef6b3227b
10847 d33759da5b0c8ee0
10848 856892fb83899eb1
10849 8b177b3070e20c28
10850 efea3c0e341e6924
10851 2bb2776abd1773b9
10852 44d113faed7b548e
10853 543a16edf2d78d52
10854 3ea025edf95051a8
10855 003c65963e48965d
10856 5fc50dce24c6fc34
10857 108a86479acbd4ce
10858 5304027aabf376e9
10859 2de6a4cd8df8a6ff
10860 4d57959b0fbe41c2
10861 47fa17aaeadbace1
10862 5a20851afa149565
10863 90445378fc622eb9
10864 1aad2ec1d96fcebd
10865 43e7c37fcdf580dc
10866 cc6979ef2254ca9f
10867 ce22ca6e7099f192
10868 1cbae59652ebaab6
10869 4876d4fb9e21eef8
10870 fda49e4348820185
10871 cedb3caf6c89f712
10872 1b14ed0453d8b41b
10873 cc40d15ad9d164f0
10874 fc94f7fd93d28cc3
10875 597718ba21d704fd
10876 10b6d507e8d94c00
10877 b08a29e000e2cbf2
10878 9c9249e5702c7d4a
10879 ee71369dbe58ef1d
10880 76ca6332c61b8c36
10881 9872e55c2ee5bd78
10882 fde3ebb0a99df974
10883 bb3ba84288bf8377
10884 284206af1d799ae4
10885 4ee2c147a62008eb
10886 96f8f8333f648763
10887 21738c9c3e9a1c95
10888 2419caed1760991a
10889 0ea9ce9346718613
10890 5743e719b6b0fb75
10891 5aed67e2eaa13c8c
10892 e05f672712f99e6e
10893 562acef2158a2359
10894 e7aebe52dfd30676
10895 61631b582ca02770
10896 232524210cc8fe0c
10897 e5b3b207b7d9fe8c
10898 d2f7efb5de5b7fe1
10899 14228e2cc023d5fc
10900 20902fd464afc718
10901 fafd881e2433c3b0
10902 720cd5dab18fb567
10903 65d6c72171f327ae
10904 f4720e6a57c8a7a4
10905 ebedb4d71cbde4b5
10906 81a4307736854309
10907 4411205404832a11
10908 d58e0b538a15110d
10909 46dcaa804498347a
10910 92756185f66e6cec
10911 4ba5e99979b9836b
10912 1bd4937a534e194a
10913 a329747335f670ed
10914 d4c0a12bc771c18b
10915 aa7adc37e5831b2a
10916 d37a49bceb3e8231
10917 747b89b18fbc4d4e
10918 b67d52d276b4a0c8
10919 2cddc922d5105f0e
10920 d34cabde70e4df58
10921 2d72144c36368dc8
10922 3fc4d1a7e6adbff4
10923 97e52176fc4bc9b5
10924 f94e9feccc1848d2
10925 3fcb3e292be86405
10926 183e04361b544ce0
10927 d871bed64151ccf4
10928 31ab1d493ae275a9
10929 966bf562983889ea
10930 945af6170b3183b2
10931 ed0b8507fdb48c9a
10932 82d1c96eb2b1e201
10933 741b76281ed4898c
10934 71017688c4036ddd
10935 0dd59d173b016ad6
10936 025770e077ba2e6e
10937 a019d52653fdebc4
10938 11ee3b88ac34d2bc
10939 29be0a48a7346f7a
10940 ce6d8fbbe022fc43
10941 e2f3fffcf18aaddb
10942 132bc0ca5e933dde
10943 8242c7bbcf90be4c
10944 442bbbe8d97992b8
10945 b1589e6642e22aad
10946 1b1cc7fbaedf6dca
10947 22aba94abc0e34f2
10948 d845c9cf6ad240d9
10949 50d50eba81f5b9df
10950 4f62219aefd62e76
10951 d68b280e08439948
10952 fb7a8af83740c452
10953 7780febad23afa71
10954 c06a8ef55c400388
10955 bfe5383be4d123dd
10956 df186243fd231f10
10957 d63065b8970e4a10
10958 1a238a0a26dfaa1e
10959 fb2fd00aad3d6299
10960 a04406f3fdaa7bf7
10961 eb2cafd51160eb2d
10962 bcb97828798b9556
10963 6282109bc72b5871
10964 7039ff04341e17c7
10965 79fb390be96053e6
10966 c7f46c6ced99b213
10967 14000910d05cbacf
10968 cfd6d8fba5c2df2e
10969 fb3b8d20e59e484f
10970 aa4c023083b5878e
10971 cdb32ab7bf3489a1
10972 2198265a08c3ab15
10973 c6fd223debef37a4
10974 e21f8abd56ba9f21
10975 8a20febfece0a1ee
10976 025d8e42e50e136a
10977 db99a37382bdd6ce
10978 575120e8a7ae2309
10979 288d70b8c0ee0e4c
10980 a3937164a384d35a
10981 cf3a7f97e370fa77
10982 6bba667806d1281f
10983 8339abe437c5137b
10984 3addbf4a3a52315d
10985 26a7650de8b53f7a
10986 eba51d1f47abd357
10987 8fd72425c357276d
10988 3c5098b1174b0d77
10989 962e966a3284307e
10990 81eb81b78263ca90
10991 9f0de1d06795e9e6
10992 cc45142c3c04fa2d
10993 06941b00e0e18e6c
10994 eefbc7030ee18197
10995 9ebe2dac7d8fb9ac
10996 172d72616b18b475
10997 9fc2d44aa5ea3462
10998 94ca6f78f2081b25
10999 28868e20e5d1d812
11000 04650a267314d458
11001 5f9e32b5ef5fda61
11002 40f579f7453ce247
11003 a4eca2078c61d8cc
11004 078ecd36dcd3990c
11005 0224507919eea68c
11006 51321faa46ddf372
11007 129315a30e2bc9b3
11008 df58c06708244cef
11009 89d56acf097273f3
11010 e706a5c02bc65dae
11011 6fca7757532ef02a
11012 0157f325a2aa5ada
11013 d8c2716d905171c0
11014 ab525b67181fa60b
11015 7a1bfcfb4e2efa83
11016 04f392d3af10065c
11017 facc86de26fdc0cc
11018 70f835f2ff83ce87
11019 3dc87faf5f2dcfa2
11020 eb1c318a67930c11
11021 75f3d4f1b59c0f0f
11022 35ebe4d565f83a98
11023 9f40362aa7bd7694
11024 cc93bf2ac01f0bd8
11025 54d7e71cbd4ad2bc
11026 2edc63eb7bd8c82f
11027 eab315010c61d720
11028 90b91ba88f9f3963
11029 07be435639075ec3
11030 18c0320f467cc324
11031 f13633cb5e59af50
11032 941c14804d50b16b
11033 a5d79571e2b48641
11034 cf5d312d37880eef
11035 45bd4d6e530d4d61
11036 39e97b110b27bebe
11037 458afe7a9a2b3f50
11038 7835d386e70d92c2
11039 7c346274775e0e1a
11040 772c934e7b0392b2
11041 61c0223749126884
11042 63e47caf1cb1063b
11043 0a0844e14917bfbb
11044 7b56738257f98f7d
11045 5aaaabf535521cd5
11046 c8b6f8255fe2e02c
11047 db3d1eb224b204ba
11048 7919e52489201090
11049 f08b89c45b994127
11050 dab891dc614bf9ea
11051 9f37f630181db9dd
11052 48e4916eda602cfe
11053 48c8522c15bfab21
11054 88fbee1abe49f477
11055 59d1534ae674a6ae
11056 5e14519614da8478
11057 24c5bedafa9ac020
11058 bb39a1c9da3f7f95
11059 e1085d5c83c8610b
11060 ef8c711a65525e95
11061 696285c465ad39bd
11062 20013e5bb561fb7b
11063 f9d9bffb642337c5
11064 3cb11a65c4a9f4d4
11065 caa6f0df73703ab2
11066 5c1dcc8be79d8cd8
11067 3995054dc350d872
11068 693e7235302a9720
11069 5b4a74c7cde7a70a
11070 69668508bbfcba13
11071 f41576a3df3f89a8
11072 cbaec5659623889f
11073 136d655dc2dd11f1
11074 0d70b5c0bc22aac6
11075 51a2a8b94d3ce00e
11076 1cfd371f265356eb
11077 4ea4f2e19e2fb3c2
11078 669ba060cb936446
11079 6575d924dfeb62a5
11080 462696a94886e7d7
11081 7cf8f956a84c5bee
11082 29e1519416842efb
11083 7580b5ccb04c41a3
11084 b2629b8475adabdf
11085 dff05d96433e7d3c
11086 ef485021bf0e7c05
11087 a6a1ee7d5241b9e9
11088 19921b956ebdc209
11089 99963ca55aeac914
11090 82153cdb5c03631e
11091 7dd9393c1179514c
11092 7cbc54dc8415359c
11093 48eb5e121e20b5d8
11094 1ffa806a7b3ac00e
11095 181ecd4bb7e5fbbe
11096 99df251c8d9a085a
11097 c03ac35692c8ad12
11098 8cab411aeace7ea9
11099 453cc046ab6c75ad
11100 645832aa80946114
11101 72c738cafd967116
11102 00b975c38503a98f
11103 3bef44ce9301ca90
11104 27a539f80b6e0d75
11105 80e8dc4e95834779
11106 6d92d21a16a0cdc6
11107 d1b22155def09c4a
11108 b97e92ff24bbf8ed
11109 a5911ab5eed79761
11110 112030d30379da1e
11111 40169a8e2c94a11b
11112 7717c374f1b19528
11113 93ab4763c5c9f959
11114 219626d5a82b8345
11115 74205e2053d17a9a
11116 cb53851ad16903ef
11117 e60bf6a143c1a4f7
11118 4ec4b5d587573070
11119 ea9a676c1b0e4544
11120 7bede93e06483005
11121 0ab16ee82d884c2b
11122 cb10bd6c0e6601e0
11123 142c2064b6b9d304
11124 b62d7ef99d3daedb
11125 44183e65e16df758
11126 6ca72ba1bc5bdaed
11127 89143d5526d76c99
11128 5616df11a715ceb4
11129 c1f50fefe9bf1f5c
11130 e5d626b9ef59cd72
11131 30955b46f393c212
11132 13f2c45191a2c50b
11133 5ce80edc7f4e8859
11134 60d20f576ff058e4
11135 44404f34bf74c52d
11136 9dd14bb556c886c3
11137 fe1da9a782c648fe
11138 18f45d2c1bf0718c
11139 7c094c10486041f9
11140 e43a8811283ec0f9
11141 2fa084a24e74eae1
11142 d7aeca49b71a539b
11143 d5976fc3c8489344
11144 827726f696f8a297
11145 0921bc9a383d6639
11146 e87e5188913a1010
11147 3d8361ec04e93806
11148 f9b9a3989ffec2e1
11149 cb020fea823fd968
11150 75570150cf4b710c
11151 e5b93af97be5e093
11152 7862f2489f7b3a5d
11153 3d8cb11c68ea7468
11154 e8d45f6e80e66b49
11155 c6d5408ad5453c01
11156 1fff6729b542a418
11157 906c0bb5557416b2
11158 b971835334163a99
11159 f8cd4309b70eca5d
11160 7a495c6c77d249fc
11161 6f8dbaf86bf29211
11162 4200e1a3f998096a
11163 97d691d051419683
11164 ae29d5bb5a0835a9
11165 c37813523b61a829
11166 be9e60d68eb1b4e8
11167 ea490e9471b5df57
11168 0bf34f55df6079ab
11169 673c9f1dac60f276
11170 c3b240a0a020c8ef
11171 5f839b75634c0582
11172 2352511c7bdbb736
11173 b367668ea9a00d1e
11174 0258199772bc9e74
11175 aeeea9afc02c8a66
11176 837c1ab527ac9129
11177 58bf5c3ff158e9a1
11178 beb4e49122c4d404
11179 792b6eb9d1d52dbe
11180 ae4527561b7d9efb
11181 963f0079eec0ccc0
11182 8aa536a98643ccd9
11183 8c47d968bb540ffc
11184 fa89e0ec941d1cf2
11185 9cf428bafa803791
11186 93be76412426ceac
11187 2f186ebcba22109a
11188 dcc30c60cd919aac
11189 71556a13b080c408
11190 cbcde07c087d30ee
11191 e452b16b216439dc
11192 5abeb197029c8fc6
11193 2638f14289721288
11194 c40acbc5dcf02171
11195 f30186c5bb4e75bb
11196 d420e07d40409773
11197 f83a0ed4a66aed3d
11198 abad7d5787707105
11199 14848358f2a8e40b
11200 6a905bc6fbd60d7b
11201 4d9319d4e4a72742
11202 83124bd225ae5798
11203 725867581c46e8c3
11204 a7946b754802eb9c
11205 7f2ba9e5a9e3af96
11206 9e41ed0e602ec411
11207 ab4b06c5f673dfd0
11208 c1329b7c9e059f31
11209 19b141d650278452
11210 ea7052d74cd51b31
11211 522ffc4286e24f5e
11212 6fcf9c3daee4d961
11213 893938cc058e4f6b
11214 02cbf7b08cc55430
11215 83559253a3f04b90
11216 e6824f6b7d6c5a7d
11217 9a7db23cd1872c2c
11218 cdfc79cab5c7658f
11219 7bb350eec2e00600
11220 b3d3e052ba9a21d4
11221 5254f813402884d7
11222 237c1818b9053711
11223 ea317e8fa259f0af
11224 b7d74e339d4a185a
11225 af11df87d4e436e4
11226 ede3f013e06112cc
11227 7e77cd516783a12b
11228 cc2b30572121a138
11229 97346470b1ee1964
11230 92d93b1d6d2449ea
11231 56adb62cfe87eef8
11232 fd53812ac84c9ae2
11233 0b2c710e8c78b4b2
11234 688d086888ed740d
11235 624e4c6fd6b44fce
11236 2733b32bc6bef026
11237 1b14082210363004
11238 7f9e9bde8e562388
11239 aa88e39fe8133b92
11240 744ffaf100921e84
11241 b3ec52a0b568471c
11242 b40e1404e1b06934
11243 c5b937f49069b17c
11244 82cefe53d6bac5f3
11245 3742fd56c2eb4574
11246 7f0ee17af2cd1def
11247 940abaec5adaca23
11248 835ca6c008dddbef
11249 6e8d435545028458
11250 02355a91153a4f22
11251 c1d461a9beb04ef3
11252 2ededaafb1b27769
11253 e8ce86064ac868a2
11254 097e3485689d5314
11255 91e151e154182c29
11256 65618ae95d7d26d5
11257 1ce1663f855d3cf8
11258 a7320e9fc0441416
11259 5e20d8bdde0d4b1f
11260 3038a43739aff23d
11261 e9e307b95cd2492b
11262 a263dd0f7b17d69c
11263 cc597044c45c5eb9
11264 8b8a4c9caa451aea
11265 eca69f7771b1cde7
11266 6336583fe3fe7463
11267 00d365d37a5af8e2
11268 da7736d3fcd3942a
11269 97df865ae19dfb10
11270 c254b62f332076c4
11271 23871189f156da42
11272 24709db4a67a3fa2
11273 dd8c476f790942a3
11274 7b72861124546848
11275 7b797e37a19a441e
11276 b5df93f328566743
11277 814d952852041362
11278 f1381f0c27fd13da
11279 c32b0f9292c8aaae
11280 1e68c56c7f24428e
11281 3cb58a8e5d6a0d83
11282 1f5ee009dff8b32a
11283 44f5d9eecf65f3ac
11284 30af3a12a6722ed9
11285 31dd32ff06e6ccf2
11286 8d54ed5a308e46fd
11287 11b926fe29531347
11288 b3ae09cec0f01a1d
11289 16c4ea1cb4409521
11290 d41ef1a1b2aa903e
11291 c9ce935f8d3cb92a
11292 546a59f53e67a64a
11293 2e8cc7097e987e8c
11294 a964a95bed9a7a76
11295 d903a0120f553687
11296 8b7dda75d1947b0f
11297 e5ce60787b16c0cd
11298 800876e5e21ff923
11299 87e9f76731b30a1a
11300 f01ade710d6c223c
11301 9289d3cce8e3bcf5
11302 34c47bbd84be7828
11303 05497759929b130f
11304 a97a4cc746a894d9
11305 1bb494cbe39c47c2
11306 38a299d50e69140c
11307 6e5acfc5b256eae3
11308 1232796ef431580c
11309 7f6e5f34730abd18
11310 2b24df5731ace776
11311 9e6a89f63751e81f
11312 e255a55150b9ee55
11313 d4cb6d6fcab5c836
11314 43a037fd1bed7d42
11315 fb8eca0b5d253759
11316 3f0af930fb37743b
11317 26207e0600a23f9c
11318 4c96fa69a9706a96
11319 0c87fee0a6ff25d9
11320 a9beea01c6608876
11321 fe0fe1cba4b1ef6f
11322 69ad405f331d2505
11323 a82df5ace13510bd
11324 f80e61dfa6c7b120
11325 7fde9a11e7871af8
11326 2541492e871cac8a
11327 64145dae6b25e2d9
11328 165989bd4dff73f8
11329 f0e57410d6e7dbdb
11330 4529c3822ef5312c
11331 4f378863a2b1a549
11332 01abfa01e81aee95
11333 473d3d169db11d58
11334 f0575c41d48b4d10
11335 e997bbd6e47d9c00
11336 b44b4ee55b897d4a
11337 0e2a1b7673c4ca64
11338 981d8803e25bbf72
11339 87ba978a232a02ca
11340 0ba7bd9fa3bc6dd8
11341 69ce705069fdee8b
11342 0f379b5476b3b592
11343 5324c2525a9c0c99
11344 3224cfd8ae7d63bd
11345 14680b2de1c73fcf
11346 9461f485eac30c27
11347 54e0ec7e78f964e8
11348 67671c074216e7c0
11349 1e72c87aa6dac46d
11350 fbc43cd0c2af1f6f
11351 4a97c6a205ca6cc5
11352 12dc23a6e1f4bf26
11353 32c8821b4b1ea033
11354 e130cc5f687c2a01
11355 9b42975f6c5fd681
11356 84c36bc1f09367bc
11357 71c0f7bfefe6b9ad
11358 b0ff9aaf552e0eac
11359 a4f4b34ee308efc6
11360 360784f536526a8c
11361 07ff367a78c4b855
11362 77adee4c16868fb6
11363 14f12288c0f92fc5
11364 188bf78b387a268b
11365 273d0ecc5fde0167
11366 ee79d4428dd9ea05
11367 4d76966de69878ec
11368 fa0c5f497023ea20
11369 dfeb3359df29ca3b
11370 c9583fe1e32b9689
11371 0517fb5f59a083c3
11372 d54b393666dd9b9d
11373 941548d47a30163f
11374 1441ec195fd6267b
11375 4332b5b39917f25c
11376 cebdfb7238f11016
11377 387cc18413d7cc7a
11378 8ddbfdffc21f8c13
11379 a0062692dbad2b5c
11380 ec505bbc88992acf
11381 3e60ace5bc6fd598
11382 44f6ba9c30b2c93b
11383 4eacb873ded26d35
11384 dec998308ec949b9
11385 f36364ecc78d0b5c
11386 d0bdaeaf017f3fdf
11387 09ebe67d734eb9b6
11388 24ec9e622d6fc084
11389 687586f745c8ccbf
11390 472aa165bb77ae1f
11391 b1f2e7acf0dd7f21
11392 cfd4731b77bd8a49
11393 ee0d5dd9b4793aea
11394 249f9c4b00f71cf8
11395 f220b7c01b738fbe
11396 52acb1ecc5acedd2
11397 6a678a2ff002189b
11398 b9c183d6b00815f8
11399 ff3736744d16fd89
11400 18506233a11cdf60
11401 5b8dfe6a78b1b0a8
11402 b9ed27c3fc6984cf
11403 620ccbc4e835be80
11404 34dd6309923bc6b6
11405 a690cf484c9523d3
11406 19683f5c04110890
11407 faa80f347a925a22
11408 0072086f8e2997c3
11409 52e05b8c4f87b046
11410 c755fbb07853f245
11411 288adbc3d2274448
11412 d9245356ea5ea8cd
11413 3e0c04ae51148df2
11414 74fedbcc28b60800
11415 a7f1bd117fb1e734
11416 1e291fa614d0c585
11417 76da619c83126d94
11418 6efc73eda09ae398
11419 05e8c149b3008312
11420 1c6df922f3a4674d
11421 4827633fb5b6f8ce
11422 7556c34ad43ecfee
11423 921178ffebc107d1
11424 34b15960c3d14a17
11425 491c500e32e84556
11426 59b2203c846886dc
11427 c4e588bc274c92dd
11428 d40d21e7af72a766
11429 62168008691dba05
11430 c62b2aecd9b145a4
11431 470a2b379442fb38
11432 143df6f3fec1776a
11433 5dc65b9c3417ef34
11434 ef2b43785641339c
11435 bfbeb81e9c847028
11436 32c3023aac764b02
11437 0d5dbac20eb9c6b9
11438 a790069339d04b63
11439 558416a980c39a1f
11440 d0207eb2da1642c9
11441 a5db6629582468e9
11442 0962ce77ed027e2d
11443 0164c11e06611f91
11444 f7255f4213a738b4
11445 ad9f23af7a14de01
11446 c11d867121e79f41
11447 cde989399e1f0754
11448 5db3e998778af0a8
11449 b7ac836c8c9c16a0
11450 d54c874ef87de551
11451 d9140a6879d024c7
11452 12ab0f48dcf4e21b
11453 2a83b01d62949434
11454 a560d1114847da06
11455 24dc2e9b4ecaf17a
11456 8b4e4c1a944b0fb8
11457 7df1807ccba0b45b
11458 e1d28739bd358703
11459 5d51923205211eb4
11460 954afb62a5056069
11461 ec9828a89bb37d89
11462 b4a3fb1425000f9b
11463 fdc066c0fbe0b06b
11464 b25f08a1c2a7ff8e
11465 c89cd1d8e74294cd
11466 608ca62c207da16b
11467 0476c6e0321100e4
11468 ff441b7ec45b3cbe
11469 a201b1796935cb44
11470 3131fcfec65c72e7
11471 1b15d7c20fdf4c76
11472 a88b0ea66e81a61a
11473 e0d4b5b4d88435bc
11474 d1879266e2d5d06c
11475 831160860ab61e94
11476 7736b92e2ba0fd0f
11477 d37d671d50612153
11478 f85b493e7af4d7e7
11479 9cbeba6fc3675371
11480 2fd4ede2afb85346
11481 b9e0d50146399375
11482 7daf9f5baad8e7f0
11483 f93611f511d322ce
11484 6874b0400b140cee
11485 568d93307d39f857
11486 ed9b4b921ee5932a
11487 2e9af58581383748
11488 4fb42ac567c47738
11489 f45dcf695eee0b76
11490 fd2614c089932b7d
11491 3442ffc846ec7b81
11492 388d97faa6777053
11493 dbbbc1f221e37ca0
11494 b638ac5b28ba7009
11495 527ef69f54b04a84
11496 d9acc55c20176b8f
11497 ca6a3171ec8408f4
11498 0c489a60faa2057c
11499 17758e6a4dd23ba3
11500 9578bbc2097f49c0
11501 5352fcd7c7011965
11502 1f6bf267e53c7f1d
11503 f060cc94458ca763
11504 a9c28cf07a20d37c
11505 f4dbb3114772a8a3
11506 d9954f026e72ba1e
11507 64c652f340e0e84a
11508 986b6d76db9f7e74
11509 4b6ff7acfda17b99
11510 4e0ba8e6cc5b1c64
11511 5415b9b8918395c2
11512 4b6a40efe41b5d83
11513 d1cd895c7a0341eb
11514 52dba38513b98c10
11515 ae1db33c04156f7f
11516 40bb83788eabf830
11517 e578e41c066b2ce9
11518 f769f5d329db4e9e
11519 a813a8cf56d1a646
11520 1418495df4bfe7e6
11521 ec9943b1346dfa64
11522 64dce6e3463034f3
11523 e084854b4bda23c1
11524 1e10992387094847
11525 7951b16311dd27ea
11526 1d06d42c51ea7e9f
11527 7c3cb2643351d782
11528 ee04b3ef76fbce3c
11529 2c8906e364c69829
11530 c17386df991f1bf6
11531 af56e98657df0a89
11532 85643c02b82587d0
11533 4b777aad1f9aa918
11534 1fa57b5d05d7aaac
11535 ca2cb61a282e0710
11536 92825ffaa0c8fd16
11537 828a29915a285ec1
11538 b73034bd998394c8
11539 f584c3b0cdd91633
11540 0b9310ed209c87b9
11541 b03af254409ba80e
11542 9f9cd974be14a803
11543 fcfe43719837efa6
11544 4ecd14855c94027e
11545 b4d10f5ace531a4e
11546 abd219af894ed9ac
11547 42af9e5c41031e36
11548 51fa3926bba947d3
11549 11360255d68ad60e
11550 d89ead5009e87530
11551 c248ef0e3747fef5
11552 09345af3dc1c0ba0
11553 26df3cbef8af0aac
11554 a964df286728b6ff
11555 c04ed52745e3bf0b
11556 1df374879689adce
11557 f9b1d440a0b6a7c2
11558 5729e6369f12c229
11559 1a2f0075ebf80765
11560 c85f76741c2ba9c3
11561 66f9caa6e85d30d2
11562 4b5bf740765131a5
11563 417f01cdc3082a38
11564 3eb7824c0abb086c
11565 50eb5fc245f081f0
11566 543dce1026a3fd26
11567 f86dd0519920b548
11568 92258c17b52edbcb
11569 5689e7202a6b7540
11570 a7e9ca2bd507a1f2
11571 98de63774ecf7dae
11572 f78df125419c7358
11573 bf53672249d0faaf
11574 170cf3780598a04e
11575 8aefeaf7ca784ab0
11576 09581db5f34a74c2
11577 8b58ada41c50ff73
11578 8b121f7cb0b1cbcf
11579 442ac29ff19269b2
11580 5eb17b8afb7e6cfa
11581 52960f268ddaf150
11582 a112702891b8c47b
11583 568a455ae2e524ce
11584 41486c51fd22a749
11585 0ea117a23da494cd
11586 a4de139ca605c583
11587 98a3e2b78c3668f0
11588 bbae6e667b67d59e
11589 55d0a3922158f990
11590 2815e990f81b1ac6
11591 5c37869319f0f3a5
11592 4dcec1a9fea64180
11593 bfbe304854573348
11594 8098948a2d182cde
11595 2df46de25e2bdadb
11596 c5ff631b1388c50c
11597 811b4939529d1655
11598 50c21925a5d77861
11599 232bdaa0f0967eab
11600 e6c2e606ca885bbf
11601 91bdf4af46fccc76
11602 b156da1a1a0e2f27
11603 7b4efa50e706085a
11604 34841185b44ddc44
11605 0b8b1e152a509731
11606 40ee948ef5ad1d49
11607 7f88e3868d871bdf
11608 6ae328855fee9a4d
11609 5ab2a4f0d1b591b3
11610 6014e3ecaac5aa7d
11611 47018b841ccd0731
11612 aad07f56dfcdd506
11613 906a78bafaebd921
11614 a9963aba4c655b07
11615 5cfcfba5b623ddca
11616 52269c40cc1fd846
11617 264264539490f412
11618 5149499c9036f6aa
11619 93bad3ab9d0fb385
11620 4c86f87f06779a19
11621 70a801d59ec764e0
11622 e10d2e2382f0d24e
11623 dcf710a20a4cf3c4
11624 b8aef0d540bc8a17
11625 2d9781416724d8bb
11626 e1fc115d30101b5b
11627 f558e8e2ba7980ed
11628 18349f047873231b
11629 28b4a4544564822b
11630 db7ec47be771aed7
11631 607c1fbe54b6f450
11632 60be936e0fce20e0
11633 441ffc0603eace79
11634 e52b3a9656c965ba
11635 1fa4b6d867ef5e27
11636 917378aa994869ad
11637 fb8f8310aac6897b
11638 c433b7e809e58a2f
11639 03873fa98fe86149
11640 10f6cc0d6ca07373
11641 88ad52ea120c5196
11642 ff356275a9e0f27a
11643 2537e6d25f3706ef
11644 c84d8985096f2ab0
11645 cd0aa8d4e3f2e191
11646 251ece431dd38d91
11647 4e077671e6a341fc
11648 5c229dcc83303e7d
11649 a83845f7a6c68505
11650 df908b6d2c63ca81
11651 93d87828d6847661
11652 66cb2fcd5ee70f0a
11653 23e1db0ff222fb22
11654 6253d7d1abea284f
11655 dc23ee491ca10dc2
11656 a3fb7016f3f7dfb9
11657 cd2e09159261c068
11658 d99891bd2d3f3663
11659 468fefd863a13686
11660 2db10db3bdb4184a
11661 0516a0f29a11e9aa
11662 dde84baa675418c9
11663 68c8401d861e6667
11664 cf28c00c78363737
11665 c6bb0e6f03a9a855
11666 acbce38c16de342e
11667 bac485e2fb806627
11668 a57012c2b20a9d55
11669 86c0ed482457bb59
11670 481eccc6da186c02
11671 52752ce62740c2cf
11672 44d75ef351e50712
11673 ba9a57e799e6e8ae
11674 c5af3f766db7d715
11675 985a74274d71ac94
11676 bfbebae908f408e5
11677 92906fde5f28dc47
11678 382bf5f5786bdf64
11679 e29938153e166833
11680 94694c3ef37afc13
11681 2da74898656cc34b
11682 4deb57a845d854c5
11683 35b71cb6d5a97b8e
11684 b1aae0132ceaa06a
11685 dd86585e71ed5cb1
11686 1cc1ca82fa78644d
11687 c168025a17b2e424
11688 4a40f4e8e57f91da
11689 1723f8dc6171bef4
11690 4c10357869276b20
11691 7ac578e59bc97200
11692 83b68a0d9f40304c
11693 a2f7630c9fde7f5c
11694 0c488d9c01be44a2
11695 5120f09967c4f257
11696 e5d7be44c00cce38
11697 f73a61568d20e572
11698 bb1c9c980130860b
11699 c1eac64ebc8d3f46
11700 a699cf6b78bfd4d7
11701 cff80a7fa1b28bc2
11702 d23691912297ac14
11703 8c2556c1e53b4563
11704 099564e68dfbd5fc
11705 edf72599fa25a03b
11706 d73c9c3aae8f33d1
11707 a5022e964e75d280
11708 9e315dbd1f6fd41d
11709 95ae3612363d7229
11710 9087ef4e5677c1b3
11711 bd871bfbab02066b
11712 59044cc58d0a75fa
11713 58cc219edd7ee06f
11714 6079bc499bf64186
11715 bb50722fe6ed84f7
11716 267b344a7f0a813d
11717 b26d8e7d16aba020
11718 5840158df1421b61
11719 50a9b76139fb824c
11720 1acc827e374a3260
11721 d87faf2ee29006dc
11722 18736838aa18421e
11723 7c75dec1e9a8328d
11724 8ebbf309b5b76ca5
11725 41593b6a696b2276
11726 dcf8be54950770a9
11727 68ce158a06e639d3
11728 2b09bada37862188
11729 5640d0254aebf314
11730 b7289d0fff4a98b8
11731 d72e5a222f369989
11732 daeb20766c279de9
11733 7ef385aba6a7e3b0
11734 52783c3402b08f00
11735 640937163083fae2
11736 6db4105b322ddcc2
11737 32ff5652761c0494
11738 43c6cd9b241c8ff8
11739 248844636ffab647
11740 4348a84d0e80066a
11741 d15001aec14d2ba3
11742 4fb99d44a422ce9d
11743 1d71837c89a0b1e9
11744 04dce7d264df81e7
11745 1b9971ec01c2b402
11746 06dca227f69639ee
11747 4ac618c1e006cf73
11748 f1fdd56c0f2cb0df
11749 e0defac7064c470c
11750 26bc35259ef75e3b
11751 2959a228317f943d
11752 34a3764594cf407b
11753 47f7d11777c3c004
11754 1c52c114b5bf0a16
11755 328a5741d938d125
11756 c0714de1851b3e44
11757 c4e123e1fcb5d093
11758 b6b3e34e1d65e051
11759 b9fefd0f85c954fd
11760 0909414ef6cc7aba
11761 754514c3e9edc27d
11762 e17d487ccf27b3a7
11763 1500c98deff12063
11764 21f4c56081322773
11765 b0f83630720a87a4
11766 3f832ff257771564
11767 c054c9cf3939139a
11768 aa73e50e21357ea8
11769 3ea32b17b216691a
11770 d5d90ca05707c598
11771 096605110890726a
11772 27667fab7c71ce13
11773 5dfc18f90425031f
11774 019f099628622c26
11775 aedac092cd2c2578
11776 645a67b63225ed38
11777 5a4b162f8826c8c4
11778 ea51b6442cade61e
11779 5123cdcb58645391
11780 5bbd150213d630d6
11781 a0701a504a7184e7
11782 210d603b5b91622d
11783 95ca7fb11a0cc5ed
11784 a3d235ad56ddcc2a
11785 ca3dbdf2ebe058e3
11786 e2d9448fde312a78
11787 62761a956f73add0
11788 9e8030ab71d1df29
11789 b7151cbd3abe23ce
11790 47bc961eabdd024d
11791 91e95a1d87d3385a
11792 c4d5b48e181a91b7
11793 95887520119a156a
11794 a5e10fc6743e8c53
11795 809dde8b7f43190b
11796 5f1eba13386313de
11797 b2e1c99635e0618b
11798 7a4ddfc9d60dec26
11799 d2e5179043b978e1
11800 715c8862cf981cba
11801 317843039578195b
11802 4b56923739cedbd4
11803 6872d37644ea665a
11804 2087d860f9bf1e2b
11805 2280c688ff22b09b
11806 67a08b7669d02cb5
11807 48a0f6936aba8569
11808 607fbca1434ed5a6
11809 df89898636d05ade
11810 a359769af05359f6
11811 3553460a7b0bba78
11812 0902a89d7040fc45
11813 b41a6a96eefb879b
11814 e8a11385d86e3543
11815 03de150c321f213b
11816 5f7ef87844d84a8f
11817 91b31a57c027b11f
11818 5986c63729f8fbee
11819 3bac3741db674fc3
11820 29d74dd7bc9a7ef0
11821 5a6628de10107180
11822 8fe9f6b9280f3961
11823 3314c0960d9af77c
11824 9ad6ba53b0df625d
11825 4ee5e63db348e83c
11826 f7222643141d73cf
11827 5bb29cb777505e22
11828 b442da07a37d316f
11829 f66ebadc96b77b56
11830 351f4d2f89502d43
11831 4b0b2e27105ec55b
11832 d7da85389c322694
11833 b1ae6379771fc14d
11834 1d869db08566e3f3
11835 cb5be2ebd2c318ee
11836 7049441d66c23bb1
11837 9a3ce18b4713f6e6
11838 23a13628f66322ff
11839 3149ea9e9c3532f5
11840 ff9c9eb7aec911ca
11841 dbf060d41b9db102
11842 ee9238b04d15875c
11843 51c6a493a34987b3
11844 f6682bdad54c31d5
11845 d903b04505f07bfa
11846 6556d0c36edcd24d
11847 6fdec46c4fca0497
11848 0393eba8461d6a93
11849 5462c3d4b914dc7a
11850 420d3ef6991d8518
11851 ce5fd94840f211e3
11852 7ff649bf102692af
11853 cec7e1250e9fee3b
11854 9f8794456e5907d6
11855 0b00d8e9e34d00c0
11856 3c06fa93c24064aa
11857 c68e4ef754d214de
11858 601b2f4022f1634a
11859 ec8300963ad94707
11860 77aa56d85f38ac0c
11861 609c1b2f6f348330
11862 4c9ba222ae63f018
11863 d97b4407eada14cf
11864 f777614972c2d4e7
11865 12ed3944d7105764
11866 603064a74debda36
11867 380f9a36ebba9a4d
11868 d3670397587ec320
11869 152faaf2c25f7619
11870 38ce066687e4eb68
11871 fff758f2b637552f
11872 f027455c22327184
11873 992ffdf355b746e8
11874 0e61ceb5fbc07ce0
11875 b6fd79d222488a2e
11876 b0cbd4e3d52d337e
11877 487bc73bd10a8ae6
11878 c242b150ba28f619
11879 f9ab1f7132408873
11880 a35118632f97b907
11881 e3d9456d8c9e5d4a
11882 ed372b07866e1c7b
11883 8a9b1cba02854ce7
11884 72e9096f9f481733
11885 6c5d2d1bdbddaf64
11886 0ad81dd05775e57c
11887 0393c3e6cd77ba3b
11888 c9a4bc5031f54e6e
11889 0025e5c7b77259d0
11890 af4a6a98af29b188
11891 a885c9a19f5ee0d5
11892 bc3f80f0606a2454
11893 9cd88467076a25f9
11894 6d88df10ac66525f
11895 ed121f0b0fdf27f9
11896 314f56889e654349
11897 99acde1485f2ed65
11898 08076a4e90860a1f
11899 3879b5e243717746
11900 8425945192562fde
11901 e0ed9e7812150a43
11902 6be3e7f4ce6d1181
11903 d7c7b4e13ad7c437
11904 8cd9b281d029f735
11905 bf1cd9569f94f149
11906 05f8683eb7210f9d
11907 381e7d3d99edaede
11908 0485a782d7b1a695
11909 3e67020b27611e1a
11910 576d862d3f2a9956
11911 86b807b393b718b0
11912 ccc0bb2a229f1c94
11913 b692412f80c08fad
11914 5f3735405a40695e
11915 dd1fa4b064faa404
11916 e5690f7486e9dd26
11917 60f969021f100709
11918 0e042249e6367996
11919 9a29f54f56498048
11920 da07f231c57587f9
11921 f98f0ae44a0e9fde
11922 9d5669d0ab5a02e2
11923 ced55b682dee2489
11924 4976f8b8a078d239
11925 7257e92b5fa45bfe
11926 865415f930ecb136
11927 fcad60a44adba9b4
11928 097975d6ba100b54
11929 772abe7196d8ca31
11930 661c8e4b7995d4f4
11931 6b31b0113941dd0b
11932 a17815e3189e6f80
11933 f8ef4e3b9e845a30
11934 d5180ad1e68a348a
11935 34e1941d5c335975
11936 bca81a6511e41934
11937 6997edea8699f0a7
11938 f0e70dbfaf609987
11939 7ff90a39eb61380f
11940 74c0bddac8b4379d
11941 d24607d52fe9b39e
11942 09fc0e448b5c4201
11943 de57aabdf3551572
11944 3a6b652837a8059f
11945 46898ee5d4c02cab
11946 3460476b030ddd6d
11947 698517e674a30ee7
11948 b0fad54833086235
11949 4f6e015706e1061a
11950 34d0f2ba9f8ce87f
11951 c94dab1a2a43e935
11952 7a416a52750605fc
11953 179fd734c6e53ab4
11954 6510f1a5bc54f61b
11955 bfd85d0677a30905
11956 b142ddb1a31602f0
11957 ac2b3c61b88a7210
11958 6a6c3245f15de1d7
11959 e2dbc8187c735273
11960 598729638adc8876
11961 70b4811cf1af3686
11962 24246f25e0e55dc3
11963 8f3bd7ca4d7d2ae3
11964 7519c2f2f4a5bb50
11965 28d0ab0ee4d10ae9
11966 1fbf8efb26c2bce1
11967 365250b0fe4ae5e1
11968 479846326bda722b
11969 b187a64b73025644
11970 86272b939b4f1211
11971 df26d1602a74019b
11972 79323c67659691e1
11973 bb1d9ac063d2848c
11974 51d454ddc1b9a1f7
11975 c823ed801c0e7723
11976 dbc8336a3a8c1371
11977 1b19b951d3795f0a
11978 c5180050506c82fd
11979 ac12d00b4e714809
11980 0ed82478d8afe909
11981 beb0efa3c7af0f4c
11982 892d3b5d6b2c23e0
11983 270aab1aac4d4871
11984 5d8ac3ee8c1005c1
11985 512b2f1e3025d087
11986 03e0aad0feb4a035
11987 5698425ceeb75ded
11988 257bbb285047ee14
11989 8541b06b3007b4e1
11990 11b3bc5ff0347e73
11991 24e3579308061051
11992 57c944fcbc74cf50
11993 c280251bfa91f717
11994 a17b6aa52c0f48d3
11995 62c94389ba2cafda
11996 147e2528cedfc47f
11997 2c52fc4e5e1e0435
11998 e449bffffaa5cc36
11999 d3b3ca3837dd3500
12000 fa81cdf18e67c405
12001 3733197634d16c16
12002 c2cf7ee53645238b
12003 58696ea379e606ee
12004 a7a4676eaac5d5e2
12005 eddffe67498307bf
12006 0ffbd4cb47df21de
12007 3933c9e941497827
12008 d67995c04c9bb722
12009 15931fe942188a5f
12010 de42581398721431
12011 af2cd208b0c4082b
12012 a81576f61b4888c1
12013 46d49a27b7440d5c
12014 920981a2d8950ccb
12015 da7ae5fa2dcfc95a
12016 2555118180e09150
12017 1f80861d28bc2f9b
12018 01bd829c4f8ca46b
12019 88bc756250652978
12020 5daf34ffbabb2d20
12021 8cca7031af67d98b
12022 58bc09aeecd9a1eb
12023 54f9dea1fbeb04c4
12024 27eb5cc5efb0e896
12025 511893b957b099e3
12026 eb10a2ba7c1a3143
12027 7f88762d27506464
12028 58f65e15236b6df0
12029 daa26da7955ac25b
12030 d7272b20fdf366df
12031 922bd441c6855467
12032 cc6eccdeba6b3e4d
12033 2b8a9b5d06ffd795
12034 b5f7a9811845acac
12035 1a8a9041f8fac71f
12036 ebd4adbcc6c83fc0
12037 843e89a7b7a871cd
12038 0168b156a1440d73
12039 63eeaceb17658ba5
12040 0eced0a77e26e5f4
12041 6823be74de5773d6
12042 63ac09c8e8fc7e12
12043 e7b2d826c6616b67
12044 942000a110b2c52c
12045 bc8ebdb27c52496b
12046 8bcb0f00b56c7cc4
12047 778f48188eefea56
12048 69f9ac61c4a301d9
12049 aca365a9806a7bde
12050 adb3a7bdca4b7140
12051 31fb0aed2a8f5d96
12052 6a3ffa4271015b73
12053 1e03214c9839bd35
12054 bd1fe8f38097063b
12055 949a8b584dc43ff2
12056 e203dfce6b93233b
12057 c989f0f898f23950
12058 f61f98961e3ad5e5
12059 1bed043310170bd5
12060 646494e102020801
12061 a7c9ef62e5ff7bf2
12062 e7b7b01b2241534a
12063 2f8a027a5ca36189
12064 b3cf348b44c5f46d
12065 1637c6f393caf288
12066 43f0b5afa875d7ea
12067 ddf3655c719fe94b
12068 996ef77c8df5fd3d
12069 2efc6766bee4578a
12070 a284b82a772cbc3f
12071 e671e64316f9b9f8
12072 3fb135a022f3aa1b
12073 25fdbf68dc46c77e
12074 fd40cc5d7c72b249
12075 6b036e4d8b9c356e
12076 30f01cd0c52935e4
12077 6669d0a23b75650b
12078 f5574de463e5c182
12079 fcb2bba29bbf72ea
12080 e4e00c89225bae30
12081 9fa8b978ca4d8f75
12082 a5829f156dcf88d2
12083 faf795cf26b3cf13
12084 8a44270c37f06581
12085 e92744154f5f4499
12086 82d7d271925688cd
12087 ce95c0b1b8e2f6bb
12088 83ffff70344fdceb
12089 466392b973c4dc12
12090 238ceddf2c517216
12091 3f14b97698a8b7a6
12092 3104bb8d14b53eb1
12093 4972f793b744205e
12094 0ca1d06177ffb5dd
12095 0ca4817e446dee1d
12096 e00c833d8d3c41cc
12097 c0c0d72d8a16ffbb
12098 ee44c0c69f29055c
12099 3724b0f7eac2538f
12100 6191381686d2c2d1
12101 01206f39f7248690
12102 df73530b85c886c2
12103 dd449587d320ec12
12104 7ef5f81b459b5dec
12105 036b991cdc1c96ab
12106 81323eb92f14e993
12107 a8c5ad4e35175620
12108 eba8e63c4b33919f
12109 db7f3cc60aaec2d2
12110 869d8bd5329b95a2
12111 065aba894cc7e8d1
12112 598280921f04eba7
12113 f0547e699b1ea053
12114 0df801fbc88e1fd8
12115 c4bdc0e6bd982fcc
12116 41320408255680ad
12117 197301f1598a9c2d
12118 f4f4dfba4df2f7fa
12119 3f4a41c93d04809c
12120 9c3ce363a48c2631
12121 ea40bb8ddfa760f7
12122 c0f84a0d3a88877e
12123 02e5c8abbab5cb67
12124 7b223f2c27fafc7e
12125 cf31f1ce04fd580f
12126 21f2b3717a5aac9c
12127 ea90150887e70ea0
12128 e438bdd7c0e62a55
12129 50a4f2cb6fa877b7
12130 73c1292adc0816d0
12131 1cd7097e158f6d75
12132 78577194d41eb1e7
12133 b04628066d88ea9d
12134 f23a2154fac8f865
12135 6dca18c8ab899197
12136 dfe8ab7715eee8db
12137 a6fda001cebea934
12138 93223365f3454d5f
12139 319d7e93a66cc0f8
12140 67fcafd0a7b0c9a4
12141 5896302a4c94ca69
12142 8d108c0768386c71
12143 218199be5e09df00
12144 6c6dc1becbe4bacc
12145 dfd50e0b4df4463f
12146 9fb9635f3a0b2cd4
12147 bd2d307e4b37d46d
12148 4d18cd7a2c9bcb6b
12149 85efb0caaac1e836
12150 0d2542ad1ed70d5a
12151 45a66b3437f4e3d2
12152 3415f7e4f3dfcc9f
12153 0c33739f21d97c77
12154 a315397e1e18f736
12155 eecf0de628fa2ad7
12156 dd68bb9ea9e26a33
12157 ece14cdcf8dfb79c
12158 351b50e0b451fcff
12159 dbf22086fcaa0029
12160 238c55cdabc38bcd
12161 ab03ea0a47308468
12162 3b418ddcf5bd5fb7
12163 8d16bcd63dcc7c8c
12164 1f92c68d81e099b8
12165 72127a605f79b3f5
12166 0f50c335da962f33
12167 b5391b09444a32e8
12168 6a7cc552e4aaad6e
12169 f644b5d018e527f6
12170 3fdd9aa6c8fc381c
12171 862e516d5ccd7830
12172 9a4dee622af2bef3
12173 6ccd4f388accae09
12174 fbd0121ace93d1a1
12175 8a02f849b6fc20d4
12176 77459a3fd89303ef
12177 df1fe24cdae500a1
12178 3edc0079aa0b3fb7
12179 3374de1be2bb5b93
12180 a73beb75ffbcec0d
12181 64b0910fd9b03374
12182 656964303e0005c9
12183 0670f304cef801fc
12184 5de51f7e58cedb6f
12185 11f934fd861a7043
12186 cddeca81acb20eac
12187 ca7a7f1c9e024072
12188 6d897fd3e83d5e8e
12189 fb74587f96b86d18
12190 bb71c8e077d5e428
12191 cae8af2085ac42d1
12192 16806b6f53644044
12193 8afd7c964d68029f
12194 40afb15d5659301d
12195 3a52c13e98445cc3
12196 d09c4bee737d278a
12197 d6e6f05ea9aeae87
12198 da7ee42493af2dd6
12199 f6981e43b69e1a0b
12200 18ca937e1b1f38f4
12201 b6f7571934907e4c
12202 01186e864843bcf0
12203 a5f41ac84c155c43
12204 9058f5b192402900
12205 5e755d564043d447
12206 c97ce00174203a10
12207 e1df9f7d04dede2d
12208 672b9a9e521143c7
12209 bb3d4acb5ea05a4e
12210 5a1785a376ae5ffd
12211 75c12ec1d9849bf5
12212 76f5617d688443bc
12213 93d8a1d043d0d748
12214 9759558bd2bae72d
12215 e349c6d82367a23a
12216 4f8b42db3287bf72
12217 26deecd25410a9f4
12218 e2611060b43c9ebb
12219 e34de235748774d4
12220 493b73551562def2
12221 2ca4d07c87c64b01
12222 af772a9fe38bf6b1
12223 46c111707bcb451d
12224 0db7ff806b75389d
12225 ccacd722978f825a
12226 2b78855106529dc6
12227 5bb83751d82f89a3
12228 5ded66e07656a1ab
12229 3bab579cf2558351
12230 0c65212404b2fd7c
12231 b4cc27d84e56682c
12232 34a76a3018963ad1
12233 6a6b84b0b0fd1f15
12234 b1818fc6a13bc4a2
12235 855fcbdf4dc178a6
12236 07366e4148ba27e3
12237 23bd13c83eabdd01
12238 713e36778ecac11f
12239 60ea8662889d025b
12240 beb869759d8df55d
12241 835d21486b4e878a
12242 73e82e44873c19a0
12243 575a76b72e6bce73
12244 f482799bc3306222
12245 dc28ae60d080f691
12246 e1610e1eb2a9b2ba
12247 90dcf90c4c28d4fb
12248 7ffe252ab0369487
12249 05e171fbe000b6a4
12250 28e7eb20189abd53
12251 e31638146050cae9
12252 c1cf6192ba3994b3
12253 fa0a17e8ea4c30e4
12254 648b2373bd5dd540
12255 8bf2c85d5015898d
12256 b7b5b639291f0b1b
12257 05f2e14de710d595
12258 8dcc72e6fe484a1e
12259 c35fed41e1f5b004
12260 383ff32d57e54b40
12261 630a5e9b27d99f64
12262 18e9716fd2ff97c9
12263 5b048d23dbd673ef
12264 dc0c98eb2260fca9
12265 2930a08592869628
12266 aaf1c7cb7b85227a
12267 1a35b8d0ed0acbed
12268 a6ce5b0411e8bd34
12269 3798286d8a4c9672
12270 1b2f25d89f4101dc
12271 4b940b5b45b2205e
12272 f7f1ef4d7a6ca196
12273 3c39d0ace647492d
12274 f70fafb8997fa764
12275 83ea4682c337ad88
12276 560c573262ccb71a
12277 be91b2ef39c5af21
12278 ad54bcc2ee8de544
12279 43a7e874c5a0a312
12280 d9435f8fa94dadb0
12281 069b4bfe2028ed0f
12282 3b8bc3ccf742c556
12283 ad628960633769e7
12284 c5cb8764e8cb5f93
12285 041d059ab3fda61f
12286 857329157c721237
12287 0c3aef86f3371199
12288 980a4acec91672f9
12289 e0d0f2b8f2973ec3
12290 e33425ec38093191
12291 e4de4b667a746234
12292 4336fd0c8de5a6d8
12293 d6ba7a806cde3334
12294 d27bd45c47a47489
12295 3033cceef5202e7c
12296 941419fbd5db7cf7
12297 42e840f3675a2994
12298 fe44e30b11ade7e3
12299 f395c3a45dc75688
12300 171d1dd29e0e0ee8
12301 f449f5c5f025818a
12302 824ee3f41f61588f
12303 2f47a4d4627e4829
12304 b2ad227bdc55eae3
12305 89859ecdc063bdf3
12306 57a5893a8dfa8594
12307 13b983073792b959
12308 06acd4712ad079c8
12309 f687bc00d65d3d5c
12310 f46a1993771e00a2
12311 4d56c5a2f7b6c54c
12312 bc7d406b47172546
12313 96645c34c6a33145
12314 69397b7d3dc84d89
12315 8b79a42d0c77312f
12316 d76321980bf00b95
12317 8b14a3f0ec7eae44
12318 5a396e73dae3ebc4
12319 85a787bccb1115c3
12320 2a476d1e28e9a52c
12321 e1430bf84fdaa7a3
12322 931e7af46ad6bbf9
12323 1041a1bf90ce011e
12324 dcce8a577d5dad28
12325 5136a7357408b64c
12326 39cc5b5c4f9014d6
12327 5cbc2b394f0be4c5
12328 e9619fa40cd06b65
12329 5c3495f3c8c31b16
12330 822d91e936f3007c
12331 b5f2e54f4658dd27
12332 9bcd7454a0faeb67
12333 ad2fc88efa845b3f
12334 2c5c3e3ce382df29
12335 ad7b6654fcc3b6f2
12336 a78a12ba157cf819
12337 d94386ee3c146d0f
12338 a68ab535a751ccd5
12339 c5d7bf88dc46ddc9
12340 d475597f88be3bea
12341 997d55a10c620f5c
12342 e32a03feb46c03fe
12343 86f85516d3217296
12344 6be4c11341aad4cb
12345 6280bd97ddea33b7
12346 8740d97978d6f7c4
12347 e4d0f52fc9214103
12348 113cd372faa3a39f
12349 827515ec238c0b7f
12350 b45ed5a0c779c549
12351 82c960d6b6d00323
12352 a4cec73373796c73
12353 17065502ef52ae18
12354 deedefd9d9a4f47d
12355 ae4cc106834f0ac6
12356 d7f46389d266d408
12357 d2f22d9ac0602721
12358 04b21e0ae2afd64f
12359 23de03006dbd440d
12360 9a183431bbece7b2
12361 fb4881c208e5d3ac
12362 62adcedcd4c75ba2
12363 adb1f19321fe52a2
12364 895a18993a911182
12365 41e33bac0eb96291
12366 dcec3092ac722f52
12367 4bce340a1506aae9
12368 3b47410195fd5894
12369 b3dc73be3f97ff80
12370 d6257b68149e9bb2
12371 d25c6542719f2de8
12372 255407f9f4e63f8c
12373 c57586a4cfe46a6b
12374 4b5ccbbb6be477ac
12375 e93f1dcda7b81376
12376 8a894d1e302f33f4
12377 fab77102ff0d096f
12378 4016ba4ecce0170e
12379 77ec0a39be2776dc
12380 0b9c398545c65848
12381 49366f6628aa3846
12382 b3465bf79cdbcca7
12383 e033a55ed98cfd6a
12384 0182d0246684a190
12385 2de8fa18081e7979
12386 d398568ec9675d17
12387 6e69be481968ddca
12388 bac5282d17ed7e74
12389 fd864e9d7f147f79
12390 8dcc37b5fb99e3c7
12391 0cdee653a12871cc
12392 72196ecd1ec599b8
12393 e496e1d90f1f3963
12394 4dd9bf929305ef67
12395 cf72f56c72145927
12396 699ee1ccc968a4df
12397 68aaf28fdfe35e83
12398 ebde8c8c4a1340ae
12399 91e954b73c0d4095
12400 f507c41f98acc0e2
12401 ced03deb831bc493
12402 850a2f9e68c72b4e
12403 7e1d0e98d7eae379
12404 c9f151b70fb2483c
12405 0f3947591a36cee1
12406 9c59ed573508f7bf
12407 eb280efcdd0d6018
12408 3b89994bea816548
12409 9bdc5d317cd1b83e
12410 28b4ddd4cf15dbc0
12411 fae1a3da8cf71157
12412 be2f673c3764c16d
12413 1144dbc98ec1cb27
12414 d9231ed870951f63
12415 16c8b8d6e7c4c95c
12416 1775ae11060b0a8b
12417 ce25644927f85f33
12418 c62096aabaa11de5
12419 636098ddbb76bbdc
12420 48e56d57dadc5451
12421 7b206449548ecee5
12422 aa55eab5e5c5e526
12423 f8693bcca0f6a6c5
12424 f343adda466b8649
12425 2e82860e26e840e6
12426 a4812ec0acb421a2
12427 2c39b45ba15aa5b6
12428 7787403827330b25
12429 bdf36aa74407d21d
12430 e5bc8dbb54078c1c
12431 2373612b5cabefb7
12432 92055945a897555b
12433 c91946011e3b4d39
12434 81542b83d19e26a3
12435 147c8b2f7ea332c4
12436 00c0505c47c24d6c
12437 04a6b7036589b7fa
12438 002db54f6145475d
12439 14def66b03cf477d
12440 63c9e2e1dfe81b7b
12441 5dab4807bb36976b
12442 84b6b1d45eed6d1d
12443 550c34cc08148473
12444 0d9bd957256fd69d
12445 442070ea150cabea
12446 d26e3e69c320ef9b
12447 5e934c027fe725b1
12448 a1ce7734d2f3abf9
12449 43177db5ef4382dc
12450 eb96aebdd3e0b382
12451 9a7070ed97e3d130
12452 ebe5773ce0aa192a
12453 f00a0d1c815f9479
12454 2feb5defc6fce5b5
12455 2fa2f9fa299cd9d2
12456 b2004ab8855788b3
12457 84cb098d2616725c
12458 fe01a95b103a8102
12459 070e96ebf53ff880
12460 5ceb613975056f16
12461 3407f378d559dfc5
12462 4b2b444858b7a365
12463 8d6808ecea3d25a4
12464 127e3cd24854bbc5
12465 63e264c9fabdbd81
12466 5e932639bfcbef10
12467 bb7a1aae8f70fd23
12468 919bdbcc20aba75f
12469 94b647d4cbe20baa
12470 4719521782bbe599
12471 e61a194184923ebc
12472 73757a9f87aaf45d
12473 d430e4314410ff65
12474 3db7a3388985ebc2
12475 0e1ccae6e319d1fc
12476 2a01464481fdc931
12477 42c15e7408d2be4e
12478 3c2a4c937d21321b
12479 cdf5a6d13599843a
12480 a952edec8a2ee19b
12481 9faabbfb3e6916c9
12482 387e404faece9c7e
12483 451ac55c6227fde3
12484 d0bba0f6d80de6da
12485 b8e3aa0dceb9f848
12486 a0ce5377e8829e56
12487 5e1a625301e495d6
12488 897acba970b2e854
12489 be5e2c79dd30ff03
12490 f2a39abf65e14868
12491 55cc7b338ffd49cd
12492 f928526b0716fe9b
12493 81ab7b2e773cc531
12494 fc47cd91e8e6f42b
12495 2880fd475fec0c30
12496 e5ba35ace0eb95c7
12497 00cc5bb93ba6b06a
12498 adacb4fa7570033e
12499 a3f92c8f79f71a2b
12500 4aa488e142c6015a
12501 c8db9c770dcc8466
12502 7b44d6564ce304a8
12503 ce6786f1273506de
12504 c1b8ab87fe7a7b20
12505 c9e2daf2476217f7
12506 936b75434e44b956
12507 56f74f12ac0f8d5b
12508 1306d550c61d51c7
12509 5247715842e6b973
12510 597742575c16fbfe
12511 8adb0fd8cf77b672
12512 6027d76832368da6
12513 afad78bd4e94d1a9
12514 73037cabc9aa7417
12515 1ef5b8f57f9dab0b
12516 3bcbe2de2bc22f47
12517 ac10fe64f1b56347
12518 480e25908f1d3711
12519 89ffa169998ee6cf
12520 3ba4137d70b92479
12521 4174a19f8179228d
12522 02b8eda2eea90aa2
12523 e209d02eaa9f3142
12524 9bb984ba2ce20f41
12525 f14c7c5cbe698743
12526 5f1c03c2dd6e364b
12527 28d6266f1f3587a6
12528 be82c8dd21ef590e
12529 b1e3cccdc5b5bbf9
12530 68b72e6ec8cc50c4
12531 a38acc106c3cf337
12532 c2c109859f6b4a9b
12533 09957e231cda07a6
12534 7daafc15d56038fa
12535 6aeb3d1d9e252f15
12536 768bee1ea767bcf4
12537 906f7aaab6d4230d
12538 0f6c8983023946bd
12539 8f77a5edad4b28fb
12540 7d225c921db91e30
12541 33796f079422b4c6
12542 f8039e7b13659041
12543 ec48b03cfde8d2e4
12544 06593fa661588a14
12545 59d1a9b0c54a8c32
12546 e523433ed853fdd9
12547 91b22167a1074123
12548 477079ea2fe651d1
12549 64e27d726fa70305
12550 47f05c594235fecf
12551 e0a7dbc7c6f4a76a
12552 5874db652a34d234
12553 35a1aa13fd608622
12554 0a7fec0730c85ff4
12555 90baa9a5723d81f2
12556 b82b1300f184c26f
12557 6b2853b7e80b13df
12558 f7cd19dff54dba15
12559 ca2ca50281aaefec
12560 a710832354344fb2
12561 6401a86010abbe07
12562 5b807bfad96adfa7
12563 b60cd59754e51801
12564 90f4343e3fa493c8
12565 fc4b01541e3e4da9
12566 116f769082181bda
12567 17cc00bd4224c7d3
12568 38227eb63d91bca5
12569 aa1c62bc5fffe18f
12570 8c716e8cdb8a30ed
12571 bbf2341a983282c0
12572 50d569e3f8583493
12573 a2fa376f7309dc4e
12574 56488029a70546c4
12575 a3a471cf41e88639
12576 a0c2fb99f7ff9908
12577 cc36ec4433912eee
12578 2e572386c3e98fd6
12579 e6c6ed96bd3836ea
12580 847c3234ae865114
12581 f736c594efc26749
12582 dc237f19dda474c8
12583 8295a68120c51a25
12584 ecb7bc1d233918ec
12585 c4ce73fefd00e0f0
12586 0387e0829665ee01
12587 a9bea532c022fd09
12588 ca620ae268356692
12589 bb8dc569cf75256c
12590 3ae84f9086c447b2
12591 91a2fcf1c7120d68
12592 7d4b7fd783501431
12593 f18a4e800eb7dbd8
12594 0d0a67c3474d7538
12595 125443321eb74d53
12596 4c53f4d2b5c84889
12597 ba087d01e5b0dbe7
12598 c94830354848839c
12599 a46941dc8890040c
12600 5be04452fa825038
12601 6da2d42850cc8e48
12602 d4038220ab8a360c
12603 ccf5525d40b57e2a
12604 9d47404b18c86f61
12605 872a4f7e72c9c309
12606 64617be981903a57
12607 57838087c1e5d479
12608 39e7e6a36b8e4fa9
12609 222b2d3e93027e4d
12610 e6a7f7d9b15cf146
12611 f9b9b175e7c88959
12612 c86246e993f83f3b
12613 22c6b8f7094c51f3
12614 81b21a58cda18606
12615 a603199adb81a91d
12616 7c31654da75f7726
12617 348888ab1fd754e1
12618 36debd3596a0f71d
12619 c46957cead83bd4c
12620 8361bc082d608b3b
12621 395af5fb63fd0d2a
12622 9d1ffa4bea04f10f
12623 7d61473250e129f6
12624 f66edb5c1f8f8d56
12625 a8fd7285c850660a
12626 91e1f59f22b7f5b6
12627 061148c6243681d9
12628 ffc677138d50898a
12629 3063957f0ebf7f6e
12630 6395cbe0e3b76f06
12631 172be7f29d3aa67c
12632 fff0036158960151
12633 a75a17e76864bc40
12634 b496d6d692fa98a8
12635 9d905956c0f71918
12636 a2c4ebf62e7181bd
12637 1abdf617a8ed11c0
12638 b51513bd154c1408
12639 7cdf8c2de20017ec
12640 961581f0283b3dcf
12641 47f12c7ba7e5180a
12642 784d2b8c058f7814
12643 55c8ebdd04958132
12644 7c4c4dd2d19bf91f
12645 3e6ca5b637521226
12646 39d1b1c7d6ad41ef
12647 749c94f1d2c31b54
12648 846d9ab1b2333635
12649 ecf55a0bb21566b0
12650 a0870ff6e9f5b8ee
12651 161c9913ef5d156b
12652 1e6e21ab3040c605
12653 16a0217e395fad97
12654 f72d007677c0f093
12655 0eeaf793d23ec5fb
12656 bd73c3edc29251e4
12657 024931c685f7f52f
12658 3f85b83e44101eb8
12659 86d93b5240a705a1
12660 260b7a7303e48033
12661 2d7f586be60d27a8
12662 0285d0d6dd1afcfa
12663 62d23cccd68689e1
12664 274773c01301d2d6
12665 142c69dc2930bda4
12666 da435ee8d2a2b36c
12667 bc68ba66af6fc397
12668 61316caeb8b5425b
12669 b00a7bd76fcfb468
12670 6e8366fb86c54514
12671 a27565faf31f4105
12672 dc2fbd5f37aa9f6b
12673 4dd7babab97b4f9e
12674 6d80cc3cb26e90f6
12675 213125f086691688
12676 3cb3debea9950a9d
12677 a5233b5125258fa5
12678 8265038d62b93388
12679 d13abd8329d71e30
12680 41632da00393ace1
12681 6d51d851bb5ff458
12682 aaad3cdd6e5cdcef
12683 071d0a9afcad25a5
12684 565ed9ade791a21d
12685 afeda141d1b2f13c
12686 39c6b61f72ad6bec
12687 f013af90d9ac434a
12688 5aedf9d502dd97ff
12689 e3a7fc5ace8c28cf
12690 9d37f7ea4af2ace9
12691 47c50ce7bb5459ac
12692 2310679be9950ac3
12693 f33c030cc2723a5e
12694 503f08f1699b624d
12695 3a6b246c42623072
12696 6f4ee58c6cba8cb2
12697 aa5c5b57197343cc
12698 9a5ace6a0f48433e
12699 b485d73181481d55
12700 9716031d75c92b07
12701 1de22d0c8d0d426f
12702 13f3c4d6c1dd9f54
12703 cc212858edc0dcee
12704 22371ffccd324bd4
12705 1b6406ae31270667
12706 1c1828d225c0964b
12707 d420ff951d9270aa
12708 fc4b90e1a1bd22b5
12709 7b32d59f43d2710d
12710 1d60228ebddf57c3
12711 317f3f98471e9d3f
12712 7a0164e5f0ecee1a
12713 ee0a106da205b70f
12714 d8f00ea7470cafb1
12715 1c3b911391b39106
12716 3e3c5d061e916a33
12717 4970e4952b4dc9d7
12718 3e69323d62a75c11
12719 2ee94798c1e1fce9
12720 89475e266d56aeff
12721 1852b646fd66c31f
12722 5c8a05722c1918ec
12723 4e98aef714259e7b
12724 a0e901580445cc72
12725 4de855438260ac05
12726 9d83a8044b78f189
12727 7c81b99101328945
12728 6a08246c36ec689d
12729 d5a106d813dd1e3e
12730 75ada7c6201f5676
12731 4a78d84e09ea9a81
12732 035850a12bac99d6
12733 d1c84595e8857818
12734 17a5be401b9abc8e
12735 7073104f103ab942
12736 094b116b0ba542ce
12737 df8b19d83a78ced0
12738 012ea8c503c7fb06
12739 f466b21e8b39a584
12740 e48b98d587b856e3
12741 05ad4dc591c6f47f
12742 f7e6a09ba1a8281e
12743 e96786b67a1ee974
12744 6d28a564a027aea1
12745 4d39cc31ebb23775
12746 e9c099dc3086b065
12747 49a04923564c2307
12748 9f64b909f9affc6f
12749 2b55d70ea42f919f
12750 f5fcdb619c96c959
12751 219df01a9e86c2df
12752 897740446fae332a
12753 434942aa3a734ed2
12754 59c825515ab11e0c
12755 a42e7dedd2c8766b
12756 b4f6bc425a04e70f
12757 1ee20e07f1c45d3e
12758 e9f32dfc322c4835
12759 b87784922c094692
12760 f47a8210eb63fdf3
12761 c1555aacda782a0a
12762 e416ac5d79d5fbbb
12763 bba1c015e7e310fc
12764 d3961dd9c1afff28
12765 4100537f519d5f96
12766 255ee75ac53fa409
12767 49bb21b8b1f04eca
12768 ee5ffca3e9e114e1
12769 76ad311db3b0a034
12770 c4c7245078846ddf
12771 068cf372318cf158
12772 3d58f0d3f771efe6
12773 84e9a04cdc7f2b4b
12774 940c6fc955f11994
12775 4d7abfecb93a35c2
12776 63ad785b187cdf28
12777 21702fc401fe8568
12778 f5b22bada90140ef
12779 bfcdcacf9b26c323
12780 1ace1e6b9659246a
12781 072aecc9c07e7ed5
12782 140133477b6b433e
12783 dd1b906418019205
12784 eeeb800f41e968f1
12785 65a562421ee1005e
12786 705b149a9b2ddb23
12787 b4c41d06a23b73a2
12788 70a7e628bf1e0e1f
12789 9da86a73101cfb9a
12790 ee97a5f00463da98
12791 63051bdb09b746e0
12792 1d0866874f078bac
12793 ccc76f13d1695df2
12794 a206e8fe0ebb6bf7
12795 740c3082592705d0
12796 906ecef45c19b420
12797 76d41cbc6ad11c31
12798 507b7cb3ffbce264
12799 d2cfdd310ccc43f9
12800 bc1cb1ef2ccefddc
12801 7e6d78f8dac3f4d8
12802 d98b317d2f80d221
12803 1652d2a1455ab2af
12804 1278fc3101486539
12805 245ca8cda4390080
12806 b8141893b98d566b
12807 8fe6c17c65fd7b39
12808 f1dec46fa58de741
12809 ac525d6d0425a55e
12810 75725b8c4e0abf42
12811 ba28c0e1274b3ff6
12812 3c7fbbf84340d414
12813 af28357bbbc99f8c
12814 c5d6d88a26834dae
12815 a6ef370a16abaa55
12816 f55d2d55e0828fe0
12817 30ec42d9f0141e69
12818 02f87bbc46e6a205
12819 df0168e17e2dc49d
12820 531f1eb6127545ed
12821 e5a508003b5d24f5
12822 a81111115b2b4023
12823 cf77b0f60bdb5c54
12824 362189842d0ad650
12825 adaf15c6eed1e28f
12826 c153f0c4b7a7575d
12827 522957eaddb86967
12828 87467b9079e3381f
12829 c658134eb07ea03b
12830 472b415428a2977c
12831 9e7a00a99e6a7023
12832 78ea6e18c0b0f860
12833 6a91b6f594a2392e
12834 810ff77e0f71018c
12835 5f0ae08a86d50351
12836 deddfad446bdf949
12837 969b9f033b1c5785
12838 4e3b819cbd181fd5
12839 24f1a343e540f4d6
12840 8dbf882005ac92dd
12841 487f4efbfca48ed3
12842 b7478dc910c95ba3
12843 f33d13a3a8d96c54
12844 7724ba58849d5bdd
12845 28b8e4257320be08
12846 9f40596a1d4559e5
12847 263ca853aa4e3092
12848 8c15d6a2bffe7ba0
12849 d0e7734fe6ba4e40
12850 cc0f7cef3b0a5c6f
12851 0c16a96f01e8dcd6
12852 4bc94e4a2f5f8789
12853 3618236daa534ba6
12854 ef047df77faca88b
12855 8a5ac172cb418afb
12856 26838465bc84e8c5
12857 9940e0901751aec8
12858 263542ac1540c9c4
12859 cda649794d74d909
12860 6303dc7d969b4916
12861 d30a8f04a2f40812
12862 1b2f5439468649bf
12863 ad26f44d4a190d1b
12864 557127a00bb79c60
12865 033a7341135332fa
12866 34cac4adb3f9f61e
12867 242cab8ffb1d45d5
12868 0ebc5731feb16a4a
12869 9e358bb245038537
12870 77532648b580c450
12871 d11d06e36b456d91
12872 79d88f5598e21668
12873 de8db8632b13cd3d
12874 d6c2d1bd78da682a
12875 f6d7bc2a8df44bf7
12876 98a45905345ec54a
12877 cddc29b84916e65f
12878 c7fceff3d9953798
12879 728965183346bfa4
12880 597968ee8181d86c
12881 30f2923855d3453e
12882 3ab5d6ef02c1d545
12883 be5b503c74d49682
12884 e74be5119ebbae30
12885 41e6a4f088b07559
12886 90033cc602accb61
12887 492a3ce8b322f9a3
12888 478e177e3b38dec6
12889 c9bac02bb2f8915b
12890 b7fa303d6ad7f629
12891 af6dd3edd4c9b8d3
12892 7c4e22d7967b7e42
12893 9928a2eb4fd6a13e
12894 9ee69dbefd8e5223
12895 cfaf5ab4453cc62d
12896 09bca25213e1c214
12897 be2deb0e915fffd7
12898 37b54e800fb79cb0
12899 a1ff2b93195cf801
12900 0a83bf94585c775a
12901 92a7f82669795243
12902 49e8190d61075cc2
12903 3689e71b862bd6ca
12904 a2365eee5877a7bf
12905 3a9a2be0208b2691
12906 41a087316c98de53
12907 db2956d91a328454
12908 8fd5b1b51d40b270
12909 8459de5f7dd1f60a
12910 fc709741c347cb27
12911 594c88138d2dbfc7
12912 4d02ebbdbbac058d
12913 961dd63945f168d8
12914 0ca89e3721c253c7
12915 9d32623ef7ff625c
12916 d66635ea22b76689
12917 2522b7a5bbb9d6df
12918 23fd8a45c2b897df
12919 a71e004770ca8ff2
12920 23e1860caff6bdc9
12921 7109c890a7b95bea
12922 2eab853cb953a03c
12923 ddc531ff57780173
12924 41dfb78bfbae6906
12925 98e3fbed6a77ac82
12926 0d31307a833c0870
12927 cf156fb122399a66
12928 c69ea3cf88b6b74a
12929 f51f33942723c5fa
12930 0c30a4cc707cd67f
12931 fdc2f33dea5cee5f
12932 5af6229ca45b9d58
12933 baae29b3eac49a44
12934 9ed6301eab95ee40
12935 78da273bab4689cf
12936 16cd9ceb434f0864
12937 ebd786b4354f830c
12938 24c433d2b5526a0a
12939 72daefe622c536dd
12940 7b3104e0476edaea
12941 eaa732130e605c04
12942 fe6988eec96e0c34
12943 b94f0cdfd6d8d9e0
12944 bbfcec48c2604205
12945 5f2af6b2eb008447
12946 f27602f9fc636401
12947 608ef83ed38cc9fd
12948 3e8ed7fe3e3406da
12949 347cbb8a41177506
12950 81b033ceca970ff5
12951 5f02bb7bf384c54c
12952 e3dfc264a3ce219d
12953 a97d0b24798ae0f5
12954 c2ac305933e68ac0
12955 a5b67ed1c6d8a43b
12956 12199ae3012b859a
12957 abdb421c0a8b1770
12958 f6a359d1e3fa383f
12959 9ee5b79d38f7250a
12960 d404b346c68854db
12961 f027e4cbb1df2839
12962 d7ba1904c5b1b381
12963 7b0d0d9b75c935b2
12964 0d5b3558b26fd299
12965 42eb0d4b3f981026
12966 9b35e6ab1afd5f1b
12967 f52c29d3ed133ae1
12968 ebaf9a9518228258
12969 4f310daa40b62a96
12970 c3554fefb0eeac2e
12971 d68d55f8ee53127c
12972 f7142050de4b4985
12973 210e587065c259d9
12974 694c6d817ebfe86f
12975 5f6cfc0e3f2adeb6
12976 78aac43371e6aa56
12977 1ecbd415951537a2
12978 cc42c3c5f739b0ff
12979 48556f557264e02c
12980 35ae0c2a302cc621
12981 1e9bcce053726075
12982 7a2f6011afa3397c
12983 7dcb3c5a0eb685d8
12984 bad00bdf04514e8c
12985 5ea895c0340021d7
12986 33c0874c2772c998
12987 e2f336d40812bcda
12988 7b4329b184059d69
12989 9db8b7409a8b7fb1
12990 9e7def99d005f8a0
12991 42048e2ee0320548
12992 94fa2d4a64f4c163
12993 c72445422126a493
12994 5fd96aca73e4bc9b
12995 eb12ce225fdf2dbd
12996 359709c0254b760e
12997 68651c3c21b2b0ed
12998 c510d84a45ff3e67
12999 0c94841b9798d029
13000 c8042eaf1dab2af4
13001 80533464263177d1
13002 52058649bd02a356
13003 c59e7ba080404fd3
13004 c146f58bd873886e
13005 fa7e8cc9bb668365
13006 9d76eb4713fdba8b
13007 967dc52e4c5bea53
13008 ef49f1cdf8ace762
13009 75554ae571d68794
13010 44c7a408741538da
13011 5e1171d05828cba2
13012 4d925eb75cce61c6
13013 9fe0c44d661d9fec
13014 3e07f4eda6d31291
13015 ab906d2d81942387
13016 3085f528cab46431
13017 ebe57c122927a565
13018 da395da5c6154bc5
13019 c32916c150aedb34
13020 b8c21dd91496da3b
13021 db80ada971868753
13022 b0c7579fe10534e0
13023 41d7fd35f8a62c16
13024 dd5d481f9fc8f4fe
13025 ec0c05df374a8486
13026 7468f73f93949daf
13027 ca69529fc979fc6a
13028 c83463c4bcbf4fd0
13029 9783b39d7b836c30
13030 e01f0f292f89540f
13031 27b01b5ca74ca064
13032 23bab18c4ca4295b
13033 fe16ef749ec39492
13034 b3380a88013a760b
13035 c679417c3154ef12
13036 3e6c55046c3f8c50
13037 aac4afb5e9e23993
13038 c1a185d81076267c
13039 cbe4685c43daf9b8
13040 39396c0b2d66dbee
13041 3d2008d8166a6f90
13042 a3f91f54b5420522
13043 d657898c8f9f2dbe
13044 9a862daa46aaf17f
13045 806f100a8f69b1f7
13046 896a4ec5f01077d6
13047 61904125b694d8ea
13048 63277187f480d970
13049 f3eb80e1002fc701
13050 846e8ef8fcb5d268
13051 d6dbece6af2f68a7
13052 07137207e96865d0
13053 029f981fd65dc9a3
13054 0823a87c8650ec71
13055 ae10bfad6233cdef
13056 582c4d6c0e4331ea
13057 92081d92d8813b77
13058 32d612dac6b13302
13059 c7f5131566721b60
13060 2f600e9cba257367
13061 3d5d463f32590cd7
13062 e5928b0b9c005ad7
13063 f978ae6757163c82
13064 e1686664e452156b
13065 cb1a13e49031f1ab
13066 0fc38347bb728d28
13067 aa803ba8e6a459c4
13068 dabd7d8bf7211736
13069 80ba107ae3f9a793
13070 7854263454200215
13071 005c410c148f1e4d
13072 164add242812c0a4
13073 7a39aa67050c50b9
13074 6ec85067f3eaa337
13075 ace84bfacaf9d1fc
13076 77ef35c53f871afd
13077 5c73541135d4edba
13078 72910030f6b00c62
13079 6a7adeda75948180
13080 010e29b0ccc3cce1
13081 9e48c786bd06bcf2
13082 0abb4487689e30aa
13083 7331f10c0e1dc398
13084 ea108b032e968a12
13085 438c76a6b4462f42
13086 9a0d5b41c351eb56
13087 78622f59834ca4c7
13088 7289421443d3d4d5
13089 fff9aa3c0cf5d3fa
13090 ba4ad966d7edb982
13091 609b9b54165aacc0
13092 17f4172a5869bd1b
13093 15c13f592fb7a58e
13094 7b38fd18b10d3cda
13095 6c4574a4ba2b99a8
13096 99ca2e55836ca3b6
13097 221c4e8580ad71cd
13098 11c65f68f930b36d
13099 80779d075a6e0609
13100 87acceee9bde1a25
13101 6c84c3816c9206c2
13102 2e86fa8447478808
13103 099d266dded8be64
13104 9742fde09b880694
13105 2074eefc9e43a30a
13106 c18b7ad16d08a85e
13107 551b4faf5873fd4d
13108 fbea75b0aa8ce94b
13109 e7256fab57caa6cd
13110 4125e81637b934ee
13111 f39fba38fa955a64
13112 9e787ede44bb02ac
13113 447347248514e32e
13114 9c4b5a4d4413e5b1
13115 5182ae6a50834793
13116 1e97b121535c1e5a
13117 9cdec5340b918827
13118 461afc5c0a41068e
13119 26678f5a155c929e
13120 8e4c04eb322cb98b
13121 91b8c89ff318496e
13122 208a24031f4115c3
13123 3d50d587a03dce12
13124 d7c95096b397d746
13125 6876a77d95f64086
13126 c8272d4efc9a73e4
13127 6bf31dc41a23df0a
13128 98f4cd7dd2adb214
13129 a39b79912b3441c5
13130 85bdad21dec932c1
13131 4d6fd6f16bcdc067
13132 0557136fefeb0892
13133 4acd44a9e6eb4409
13134 dcdb9c1ebad47fdd
13135 e8011046d53a8b5a
13136 f8b298d83492433b
13137 02d0403007e5f144
13138 e01bce0e8dd2f916
13139 4cf9156aadaa263f
13140 05c0f7f7e21d232c
13141 82cfedb4a95999f9
13142 9826bd0f8429460d
13143 44f9fbb25bc47fef
13144 dbd98e0e928e62f9
13145 d0b436c5561c9f19
13146 a7f66141cebf0048
13147 071effe0a67e3d5e
13148 97d31c6eaa473cd9
13149 5adb1fd5668fdd64
13150 300385a3e1b54787
13151 c0f8086ccf6b0060
13152 1eeed5669e59eacb
13153 b93698f3fb7267a3
13154 5d4b491491ea7ffe
13155 3a844eb35bf26d31
13156 abad1b96e1ae0339
13157 03983da4f8e35881
13158 a893a82f6dadfde7
13159 2e62971499f4b432
13160 0403b4974f2d9a6f
13161 de3490a848cfde22
13162 a2dbc33fa7f3b272
13163 4afaa820f803f335
13164 69dc92764d7d2997
13165 e1cf1ffba560c49a
13166 2eb36a523ade24ac
13167 e97ba1606bbec136
13168 266d3e585e3da76d
13169 75e1bcd3ad5034fa
13170 5049c308c4d2b883
13171 106e12e98563ea0a
13172 c80a5a285f8435d0
13173 86a3310c3cd77a76
13174 8ecfa0d81db22c75
13175 4737d8d6c9550418
13176 571dfe3c5a097a59
13177 05a58a656a8501d9
13178 3a3a918d6568f527
13179 863e18bcc99622da
13180 47758ed68942a4fb
13181 c3341557895a4dc8
13182 f650cfff9f975dd1
13183 fd22b7d67343b82f
13184 3c71fa3435128b0f
13185 7ac62e84cd951c27
13186 78d8780296746fdb
13187 d80ef47157400f84
13188 2cb3d863b3af1fc7
13189 933d556ea612b947
13190 5e0d4de28e7dec89
13191 3b37a5a83eb18506
13192 0f6958c75c5c0d1d
13193 31d0d8a672cbe24b
13194 774817ab263e02c9
13195 69ab0ec9a34ea84a
13196 e150246bc19bc1cb
13197 c7481b8683a5b3f4
13198 69483ec79088991f
13199 862dc35f727fa8a4
13200 d72e4774a9486681
13201 77ac53b7abf745d1
13202 70831f1c75b68dfe
13203 d33838dd515ebd43
13204 eae5447e079b6081
13205 a4c8fcd258ea30d8
13206 9fe9ba8fc2a74cc1
13207 314ce7c54a8e10be
13208 7d918e57eb4dd86f
13209 3907029585e892af
13210 d1f386ecce7ea1ba
13211 82d7b9ada59bca2e
13212 9226cbdb3c9bbafd
13213 39d07bd645803a0f
13214 6cc974fcc134490c
13215 7de9195103e1325b
13216 d7f5669c5dbdb0b1
13217 33b6c0c978afeb69
13218 b68fc573c8499898
13219 d2aae8f05e017a75
13220 46e509715457919f
13221 b7fef85de457c0ac
13222 aa58566b36786b0e
13223 0b8fa779643c781d
13224 2cbdd2acb68751c2
13225 535878417f6e50f5
13226 584cb891c500d596
13227 d7181e9552038375
13228 d772a7af6f3be885
13229 c22418fb9bfa2198
13230 bebf6ee0ececdf49
13231 3b5d108c310b04d9
13232 17f6c93d1c9b7f89
13233 96be1b10275d6781
13234 accd0fa4003dc2d1
13235 72e8522c937d93ae
13236 6c35a8ad0d5cfc22
13237 5206ecfb4bd34eb7
13238 02a896993d914f01
13239 56e4fffd65207303
13240 00bac8940f14e4e6
13241 0d9c993a7511f090
13242 d4d2554a37529e77
13243 c135c66484117e3d
13244 59dc3f4054620f65
13245 cfa9300cea5db07e
13246 79da5b9186137ff8
13247 945ca60211ea53ac
13248 659ca31f6124cf22
13249 cd9328740bb4c8c2
13250 c877d43c58fce3eb
13251 0172baa09061c314
13252 5ca29762919bc309
13253 0ae4431536a45fb4
13254 b4e718f85d2c7e18
13255 2d334fb7ac39112c
13256 9752ba36413bcf20
13257 9588f1b20f17e4eb
13258 7502fa1865c6a29c
13259 4fa15fa74b7eed0a
13260 7edcae59e34c554e
13261 5bd981cde35e4f17
13262 80fa41b4a5e4376b
13263 7f5d50f0680e5806
13264 b9739408d868bc92
13265 650fcdde96a9ffe4
13266 dc37f89463306d8a
13267 933c49b3268a8f90
13268 21d85f7fb7466e0b
13269 38037fe39cee3236
13270 6354b5e626a38f0c
13271 84569419cb0b250a
13272 9666e7eca087a271
13273 65c5f9105d9fa49f
13274 f3ff5c9db3873bdf
13275 9447d84f667e8604
13276 e6c922474ef67450
13277 9bab209f7c050647
13278 9025018ef2f06d2d
13279 bab477d80966f3b6
13280 49cfd6d761315a48
13281 97def3aa5d9760dc
13282 5111b2933ed81493
13283 ba90269054131fee
13284 7c4fcaac1b8310a0
13285 8d2302d7dc849329
13286 0624321d5cfa43f2
13287 1c2e60e9a6da2959
13288 90f5e046aaf6b7bc
13289 1c39f4a1b27ce1db
13290 59641f24baef9b23
13291 95172fcfdc079f9d
13292 82c0c685cc218653
13293 a34478136d556172
13294 51525062bbd705c6
13295 ddfa3466193a393a
13296 5210a534c6d6cdd1
13297 9bd564c7a17f33c6
13298 97a8d417080c5fee
13299 807b4b8d535b3e50
13300 ea677a73923e58eb
13301 393a7f5b25512357
13302 6aacfbdcbb4d5fd0
13303 f6aa282459fc8b23
13304 7d7de487008bcfba
13305 484a82a9b509033d
13306 4f3732f4871cb93e
13307 0524d02c5defe52d
13308 b263849caf2c1093
13309 a44e2d065aa0eff2
13310 905cef3546e662c2
13311 6e7f66c89964a66d
13312 edc84baaaec7b640
13313 3da1f1eed8f5e39c
13314 fdaf75bbe72bf113
13315 a6ee77f37e47c5b7
13316 1d098aa760d50655
13317 d23e15c4185d2bea
13318 800f9701fb41fe8f
13319 5f535512c79a39e7
13320 d31df2f986e1dd9d
13321 bd6bddfef70d4cc2
13322 0def8af331297fc2
13323 94050b52d08c2360
13324 d1946ce0ae530902
13325 bd4b79e457c1547c
13326 2de8b7ff47228779
13327 0b69962c73e53de3
13328 7d927c7b184408d9
13329 6d0d9bbd65c430af
13330 d44357e67e1f79e5
13331 1c771ba4c17ab587
13332 45c211f1348da9ed
13333 953a0b9a30a9b956
13334 a84fc422789f5e4a
13335 7475284bd463df0a
13336 550aeb24e565f8a8
13337 e7e3742910c527cf
13338 7cbe35089570de5d
13339 74eb554ffe0aca7d
13340 be634bb5dd6fd126
13341 3c26eb74c8cb87d7
13342 3a8ddf13c6d5a20e
13343 33ef9adca271b2e4
13344 675e6c6d89c8c066
13345 c5ad1c1f279748ef
13346 e8bbd598d2284cc1
13347 d400f3f73fee15f9
13348 388f6a4276fed002
13349 02ef80a683267146
13350 7edb70e4dff4396b
13351 632d83b2e9e49b69
13352 529fdb8c7478cbb3
13353 1651fabc6f45049e
13354 13639ea541794ee9
13355 3155492360eab57a
13356 e1ca9c114fcf639d
13357 3fa5d84e51697ab7
13358 1f8cd03614bc5cd0
13359 4d9328e01f11e9c5
13360 9d72970d41f9e931
13361 4464dbdcfe69ef1c
13362 08f9f3895b6ba348
13363 aef001a5f5809265
13364 a4ec34f0063f36d4
13365 40e777b164c92495
13366 23969437c5a23ba2
13367 a3c3bef9faa6d7b5
13368 bd69b1699cd8fb11
13369 748bc52aa61b4c79
13370 1f6809fb4d4dab98
13371 411eef505b47da8e
13372 fc36c295daf812bd
13373 47e50836b41e7b11
13374 e1b2b67f15c990ff
13375 a12de038fe69fa5f
13376 9755410363bb7448
13377 c8f1cb650a453260
13378 48b7cb9a42abc32d
13379 c2a917544689eb9d
13380 c1a2163c2be96b45
13381 915de9d95306824a
13382 f95f51ca0f10f8b1
13383 32a2581e86606088
13384 886d29fc9e656ed1
13385 d4937d59a8d71e5b
13386 73498b82e1b83ec6
13387 8479de9cbb167bc1
13388 ee9c1f9d18333fa1
13389 d5e9811ce2e49487
13390 ec546ea812ad01ef
13391 f0e1f9c147cef503
13392 653f3bab600cd4c1
13393 6ac73307e2717162
13394 d0438ecb65608166
13395 7c82c6f10e2c53ea
13396 8b156de6ce1a5e8e
13397 a89e82334a2202b2
13398 f6009496903547cd
13399 9a3ddab3cd54ce20
13400 4e3dca6bdc50d0b6
13401 135ae9204c0d59ec
13402 35f7f182164db3b2
13403 312c205afd71f710
13404 e71ffd908e82e27c
13405 872ba7c621d9551b
13406 8f11d548e900984d
13407 4caf2711e25db818
13408 ac0f397a5533d658
13409 db71060915734fa2
13410 dbdc0786dba60eb8
13411 279f2e0a8d0004a8
13412 98237d37031eb8ad
13413 ba32e9f6ba76af6b
13414 3dd636a9d12e9203
13415 c2d163ef7fceb6db
13416 d441dc65b5bf232d
13417 5d3e4ef536b6e1cd
13418 6df10854afc986d8
13419 68c2ce51c3523965
13420 0e49c7c197163f58
13421 c2b5d7ba613abe48
13422 4e1473c9fe9f14c6
13423 17c885b1cab4f447
13424 82c7d1c3951488d0
13425 80c3e6204c91f94e
13426 928551dde7aab2e1
13427 ff9c577038a9c80a
13428 03f9439f0cfc68bc
13429 141545b34ae22e06
13430 319bf1f0b21662a2
13431 ded7e0d5cbf147be
13432 9e53a672623f89fb
13433 48629dfc69ea4c40
13434 e8e50503de4f227e
13435 08c669ffcdb150be
13436 0bcbfba17d295f0c
13437 e18b025c6a812df3
13438 dee20a12a844c6dc
13439 9d5a9051753e5b0f
13440 5bf5875c33373383
13441 ed595a80fd72ffea
13442 6dafb5b4939bc6bf
13443 5e6bfc08fe41516a
13444 412842e0b6145412
13445 b6e03f24a88dbbd6
13446 77042e3cd41798c4
13447 9d11e1fc7a95f27a
13448 8f135ee228f306b5
13449 ae385d191578cd22
13450 f024225a6911f527
13451 419151e2cb63e1e5
13452 e79b04bacddec06b
13453 dd66d663e04f28a8
13454 63f6bca4a45ea944
13455 37f7ea431d39823a
13456 8b9247d2d2e50da1
13457 93e19e26fee2755e
13458 e69f6d9aafda67b2
13459 c1a8f353fc555eaa
13460 00dbd3dd94ae18f8
13461 79e0e99ba1cde92a
13462 9f47e21de30206a0
13463 93a7642849113af9
13464 2ce874cbd9cf8c7a
13465 59434fa58e5be4e1
13466 32de8a0c60032328
13467 6612cfa38c990603
13468 9765fca4077fb0c2
13469 ae69b4120907710f
13470 b0879fb06e790431
13471 6f2662072afa13b3
13472 b7aaa7e945e28a25
13473 f5d89fd83c494440
13474 3f988f55f0c779cc
13475 13782f43cf05eaaa
13476 b9c3096c619535f9
13477 af1cd4c43ac6b690
13478 5d579f67bcb299d1
13479 3a32243289b45f7d
13480 1f3d67c87708a062
13481 29138f1025b3bc6a
13482 b6ad978992c6e5f5
13483 5567f48c0535a5c3
13484 4082c46727c917ef
13485 ea78fdb750ab5e71
13486 337ada0f4cfcaacf
13487 129940e7f790fe61
13488 9dae222a10794c3e
13489 9932bbe9126e022b
13490 50ab2b87913f7355
13491 bc16aa500c0df079
13492 4208aa3658fe62b3
13493 0d487d9e32e48399
13494 84c8ecbd576b36c1
13495 c8b5199d0b7cd09d
13496 f52ef9be3b0e74ae
13497 cd2bea23473f5027
13498 a8f968519405546a
13499 f0b1752caebf53d5
13500 6fd015f6b7de7185
13501 d26b471b01ce241c
13502 de7443b831824b76
13503 634c0f8c5a1af46e
13504 b81f296d3aba5ee3
13505 433f86b08db8e36c
13506 452b2e0c7019125b
13507 2fe1f1b314026b0f
13508 93b70776bd6f4a4a
13509 b1d4a1dd3ae5217c
13510 2c9721abf983c6cb
13511 ec70da397bec8e28
13512 46a463a0f7ca785d
13513 60f7f5e6985d0ed8
13514 334d971f402c32a9
13515 44fb3cb56dbc684a
13516 17c39806ae4193bc
13517 e2f79b02ddaf24a6
13518 5ecd36446be9f473
13519 4f30f38ee9304c6d
13520 e420029ca3388098
13521 2a5da59916e7d51c
13522 4efe85966269ecfc
13523 97d48681b29b4f7d
13524 45ebacdb5a94caf5
13525 39ed24bc36fd99b3
13526 2272368caf2b6526
13527 8a98d23837069223
13528 c008c1b125bb7da3
13529 a71d1744b8b45086
13530 98625a170bca31a1
13531 a21f7fc02606304e
13532 c9ca6b94097a2e87
13533 48f7dcff30adca95
13534 f9ca49b294df0bec
13535 8a2f6836bec650bd
13536 742ddc22b613b7f5
13537 330901d36e7965d9
13538 1f9b55d1c44e86bd
13539 74bca5e772358113
13540 d109c42ca4a69cd9
13541 e18f4c46f8d5ab04
13542 af9ed7540132241b
13543 76369dd6f129baa8
13544 a6876ab9dbe64a7a
13545 af509f81ca6ff6f0
13546 9536bb8463f8cfb9
13547 beb7ff099de4212e
13548 7874cae115ebaaae
13549 a38ec3c539abe00a
13550 c2f0a7e212a03b70
13551 b23b645be81abf75
13552 751f3e31d09b695e
13553 bc735fc77b35be96
13554 88816aedeb95f8f7
13555 2d928932d80499a4
13556 b59757254058953c
13557 7327a678b436f1f8
13558 e2da3bf70629a136
13559 63a2f86e1bbdb713
13560 38263e13cb66300a
13561 dcca64723c695e22
13562 e8629786a3696570
13563 c5db3d3aafd9b0e2
13564 fc203126007f334a
13565 8acdbfa4b95d01f9
13566 9126d63920b78ec4
13567 1e90160c7281767e
13568 d73b7dba6b11ced5
13569 832824277012aa9a
13570 e310d9696c40d037
13571 0583d69cc1d1ac9c
13572 f4f885e7d512333d
13573 37d498f0065dea8f
13574 e2a29815c2de00e2
13575 5e7724dd79daf00a
13576 11daf959ff89348b
13577 72cefb7f9b3f1f23
13578 b10441a6f4b4d537
13579 ee4f1335079a3afe
13580 ddd508e266c04837
13581 bd9fa85367f6096c
13582 050e7de1dfbc577b
13583 507481a169be038f
13584 92aa6dad7e4b2afb
13585 bc3d994c9b9a55e4
13586 edda3089a7e19356
13587 c822b4096634367c
13588 5860908db8265528
13589 b867fade8fa4b815
13590 524fa73e21d70bfd
13591 6cb08c5c8bba8e1e
13592 7cc781b4b90a1b48
13593 c3df3761fe8e07ec
13594 068c31823aecc62b
13595 007fd675c64182a9
13596 6dded7ecc7d3c20a
13597 eb91780d7ce35cbc
13598 f466729e58c4c4ad
13599 2b87758f4e24f6d9
13600 1011b5bec54e8197
13601 6bfcaba99d3c8bf4
13602 054d16c68b0d90e3
13603 91d4304ef964c79b
13604 85cb94d6aa6a2f03
13605 eb8907ece25f8f53
13606 e9c3e54536a85094
13607 d6d4e5a3618cb447
13608 4d5a0a42843e9124
13609 fe3fe1c403e3fdf5
13610 8009c19c7c8a3e5b
13611 6268ee1b51438870
13612 d14a761a7930938c
13613 cef46db1f74a9519
13614 f38de95b57bfb5c4
13615 e2c551b27958e6f0
13616 f825e2519051bd76
13617 30d2b2532143ddc6
13618 b28a001018fe471b
13619 bf8ba4f4beff9031
13620 6604e778c45e28fa
13621 21221078fce0793b
13622 052b3c4f5f94caa7
13623 ed326c0c124f3e2a
13624 37455fe7e2fb559d
13625 0670db3f3509d4db
13626 8bc96adedec896b4
13627 b324ee1270b7a3fd
13628 5461057e2cc5c8be
13629 f7b43c0f57bd19bb
13630 65871705ad999d55
13631 37913d5bfa98f959
13632 747b3c66204e3b45
13633 26b417ad262c7a4b
13634 df4c71451524221d
13635 68989aeb771bf631
13636 21b0eb65e17b504f
13637 48854cfb79aa0871
13638 d6e667750ec5034a
13639 11b4f095b16cb17d
13640 207496b0374d5cda
13641 1f3b4924c8d670ac
13642 964e4d1acb8cec8e
13643 96b115a7b1dc5305
13644 263e1dd0cf9ad3f9
13645 e79813a33fc8511e
13646 349542661a41020f
13647 2ab8ed3fea66df83
13648 5225243b90512c46
13649 a93707b318709d23
13650 d5353da420c803dc
13651 3a0dfaf398b45abb
13652 2f0a0492037a8f7f
13653 594dab4f4fa2e056
13654 caf0b00f86d2c2bf
13655 1ccf3707b4f793f6
13656 ed47d5e06461061d
13657 de830adf2ce19c17
13658 53bca8d03cb6b862
13659 e2553756c86cd1af
13660 5f8854c9360799b6
13661 0e05918f4632c145
13662 aa2ceef673d15d3f
13663 f36a910afc2840cb
13664 2ce950a0a78e5abe
13665 4c30c6a3114c2f3b
13666 247a32bda6a85b22
13667 b561e807479e76c7
13668 93657f09ae19bd64
13669 99d1a307dc4cdc72
13670 75118789c09cf415
13671 df8facd365a9021e
13672 d9bbe94a55aae31a
13673 703e45e8980b013c
13674 e5df72580c32aeda
13675 bb7162c94ae14db6
13676 e9fe5ae7363d1597
13677 d29474af1836f975
13678 93aa58dcf0855fc7
13679 d2276cf312ca69c0
13680 bfce24ffea7ba633
13681 eaf851fdf178a755
13682 113a1a6bd788a1f2
13683 57c886b88c058358
13684 bd760d7fa1bb0806
13685 765140ad88cfa9a0
13686 acc91dd64cf2faff
13687 7b041f23e8962d8f
13688 f46405f18db7e188
13689 b539a42381007514
13690 9110888a40236207
13691 c93fe2abc924a3c1
13692 5891af4fe0b58031
13693 559d7e3d92e5e888
13694 0e948b69dda308f1
13695 99f9fb231f2711d0
13696 c2e872dd6c7c844a
13697 06fe32b20dbe3711
13698 8e4ae554f5a9deb9
13699 a452968d6641e503
13700 880502a33f3af7b6
13701 5f6f348e6f8791bc
13702 f84eb684f458513f
13703 1e0e68f97e8316be
13704 bfe82364d804ac5f
13705 ca208650973b1e68
13706 fb9739bb7e8ac712
13707 717b1352c9bf2547
13708 9ed2026df0a74b60
13709 e017e938458253d1
13710 0be96a09c5379e78
13711 9b43acec0b9147ff
13712 3904564bd4c8c8ce
13713 e8f484dcdc3b3f4d
13714 d17d43f751f13a3d
13715 1f1b597795888b12
13716 f7aac5e680d15c51
13717 8d030f19dba3f0c6
13718 16429ab8261f1137
13719 10bd064f9d5ed2e5
13720 feb829b8911a05f7
13721 50134080666267e3
13722 238437e0595340ef
13723 48c22bc777dc1196
13724 2b09598c7ce537bd
13725 f1531ae1d11db88b
13726 eb1bd83b5efb1349
13727 2438c2f1778aa9d3
13728 751fe2f9f7bb50e7
13729 3025a5c806dda412
13730 5504bb0193b49be4
13731 ce3a4dc9d07ae2a1
13732 fb9f321b77cdf0f1
13733 c7fef3caeff74e5c
13734 77849901e5e31bc1
13735 e7143d00d931e49a
13736 32ab32be975087af
13737 86b9cea9b0488893
13738 3312167f8c1cd288
13739 bae5bffc08b1ff54
13740 c6cbfb46dace252b
13741 e6c4ac5211084d57
13742 22b4e13c65ea39b5
13743 45ad7e009018dc58
13744 cef19bc32915a48e
13745 94bcca44354923aa
13746 be9392ee13c79767
13747 81083bfd0a2b0399
13748 97077b7e0944e7ed
13749 bae023cda848525c
13750 7c83f8171f832730
13751 fc5994d8601b4e28
13752 ce6c5745ebce6323
13753 c56462792ba007a2
13754 c12253ee23622b0c
13755 f56baf7fdc134dc5
13756 b236583b6511c654
13757 ff055dde32ac1017
13758 788db2232f06d8b4
13759 a963e1e83638e976
13760 e6cdd9bfe557db27
13761 dd7984f8edc76b93
13762 7ecfe5dc9ff051db
13763 cc70ea7bf38ac39d
13764 888a40466eed601e
13765 80dc948606ad5072
13766 9876f7009a77303c
13767 08d4e85f8c094aa0
13768 81f6553f5770f831
13769 21bba794b73ef6fb
13770 3190cb516c022bd3
13771 9b1afe544caa523b
13772 5521917f06381c24
13773 1064b093a267c7d6
13774 550f0504b3819988
13775 01e3afaf7c0d12c6
13776 0b857d083a65c745
13777 cd984c06ca8bcdd8
13778 4dbb6235d269e336
13779 6ec80e113f6dc810
13780 40ef764a88a0db5d
13781 b40909c4c0278279
13782 75bdb0f59a3616df
13783 e8b30a7d0381e34d
13784 8bbb5cbf4eb95f85
13785 3d8ce5d96f98b313
13786 25578ca6e371a633
13787 f5bbeea784c865d4
13788 0d502c2f22161636
13789 52ec7906d672af7f
13790 1de9ba6fafc53175
13791 0f4098a2db6073ca
13792 77d211e4983acfd2
13793 ff22590a2d03a5b3
13794 08affa950fb3641e
13795 c3576b4148582c27
13796 8c034c6a20f42e76
13797 b6010eec04940678
13798 a0cd9bf51004a7cf
13799 1be40c525dc7705b
13800 842088ef0e6c9e65
13801 62b079238b7a4484
13802 8fcdd77f5943b11f
13803 011507f3fe867891
13804 4ffa8da57634e149
13805 f6135b9eebb889a1
13806 7fe78ea2fd02f1c1
13807 ff954f9e2573d505
13808 097dee957c816b72
13809 08c1fd97fc21d0a2
13810 6017d8772f1bd098
13811 4c111cffd311f233
13812 ac6fa96b78740db0
13813 7b2612ebe1e209c2
13814 4b565a40521e5a89
13815 89a1379e89537b8c
13816 f0d688d56395d4d2
13817 3884349877ef61f4
13818 afdba39c170873be
13819 d0a9b69a7af99f7a
13820 d2a45988495dd553
13821 44a70fe9d704e269
13822 29ea3a8f41a28e07
13823 21c715000c700237
13824 78cf4042790f393e
13825 7837f373ac211ed4
13826 102bfbc4e14f6661
13827 592f407f48ccea3c
13828 45f048fa4a72ba6c
13829 85b97e8ec1791eeb
13830 590b52afdacabed8
13831 a3280670ce770574
13832 8dbceeeb700f1f13
13833 7d4fe8393e7f6da5
13834 e9008292ee358978
13835 a0ff8bde766d3678
13836 1fd41ddf7602ce6e
13837 f0aa7d0eeb30adeb
13838 053535d10c887ed2
13839 918a376772e517c6
13840 41bdce5a3e3c10b2
13841 c41aeaacdd876d02
13842 75d3dc682a7f64de
13843 81ef55f8c8da34ec
13844 b028fbbde9345ad2
13845 39a6efce0ef7d9bf
13846 666093addd44b439
13847 393b787e12148170
13848 04fb6ed032d6a079
13849 dc574a8381700df3
13850 ec6c87549dbce9c5
13851 e5db5c0c68f9cfa6
13852 380de22352d47a94
13853 7540208d7f1cca78
13854 deca12c135e632c9
13855 33d2d87920952de0
13856 3c49e0107d6072b8
13857 77a3eb76161c73da
13858 572b8b4b25d4bce0
13859 120ea87de5e15b73
13860 452eb1fb7303466f
13861 71827b890c8a18b1
13862 c77d15aa76eccd02
13863 63f8c2591770a86e
13864 0822d239833a142a
13865 dbc88db845f4c442
13866 af867bc2b16f7b6e
13867 28ff71f6a9aedd93
13868 e88f7a693823d662
13869 506fe4e122d0d9b0
13870 2072e80c31adc8c3
13871 c039b4261a2e49c5
13872 6b88d0b410f07c26
13873 8021804f7151c1ea
13874 6cc37d5fde18e118
13875 ccec4cb7f4bccf22
13876 1fb4c0768085d78f
13877 95b364c405d931d0
13878 29ea45ebd1fcc76f
13879 f8d298ed7e70cc04
13880 439b18a3b9999364
13881 25028ab6e9d18f5f
13882 d1632a583062177f
13883 b0cdb6969e834ed2
13884 3b78285997e02dff
13885 a91cc015000827b6
13886 a38b79c0e204a024
13887 37c2feefa9fba984
13888 90e432de45c1bcb0
13889 1a829c8ee0c7c291
13890 c6a95f38f7057728
13891 8e47d94c64f433fb
13892 556f884714636a9b
13893 0c60bcce4b1a1820
13894 db8382265965b5bf
13895 b5057cee53164b69
13896 cffca510ba3bab8f
13897 66458bace79af0a8
13898 b39eb75fbc80f72a
13899 4ca5d434663bd2fa
13900 f30ea1cf4670b0ad
13901 20d994b6247dec55
13902 133845ac6cb6f62c
13903 3f7d1286c51efc7e
13904 a6390ff1d8a078b2
13905 dcd942b21a7cd793
13906 4f8a0ad55c57650e
13907 166f80d10fd44e2b
13908 15fafac128830e41
13909 e60552c2a8cae830
13910 28ab8bb0ab328617
13911 4f30f7ef51f6aab6
13912 a61f9a2df9dc3a9e
13913 d1dc1bb91cb8f87d
13914 3410c67ec15b22a3
13915 f313c53a2b1d873b
13916 6408bbe7cf0852de
13917 f99cd48f2e58b966
13918 19cbe34a556e36bc
13919 e36e693fe22dca75
13920 bdf2953d712dffcf
13921 41fc0ead7a79bce1
13922 4c38162c085ba0ee
13923 28fa4cac4cc2bd93
13924 c582537231b9dece
13925 f56558ea6d6b83f8
13926 85cb9ea15885efd2
13927 2dfd34619904a260
13928 dfc474c215c25280
13929 4ce3da114a967fcf
13930 8cd841b93fb6a1ec
13931 27901adf2f2a7810
13932 25a16d81450e8629
13933 34a5d9305b9a4b05
13934 37cd647278c866a3
13935 8d1ce6401d6b4f35
13936 a4dff788c23f6505
13937 41c88adf4658759a
13938 35b7ebf6a24a3a7e
13939 62c4cca9d09b0bda
13940 048cdf820c4fc8a4
13941 45209a7bf2d284d2
13942 01019f89c9970347
13943 b13140eb2d7cb7d9
13944 db25c0d778102d83
13945 892906d04a88d17e
13946 85df811735b5b5a8
13947 5cba89763e41d720
13948 5dd163ccb75f2cf3
13949 57c6627e5882b3bd
13950 a04589e4b529329c
13951 508681ca15f7749b
13952 48ba599b251edfcd
13953 3cf2bc3f439d1031
13954 10ea1924116d3efd
13955 ba04a542a4c4b3ab
13956 5e8ef0496a65e1c8
13957 95b94ba576ed189c
13958 cb13e84f9081d98a
13959 45cc1088899a4097
13960 75d7820f595166cd
13961 b7995b9a765e1743
13962 40e77a4ea9119ee8
13963 09b1310e54d04757
13964 00065757b6b13837
13965 52a94b90d745b2ba
13966 bf64ef6bf448b8f6
13967 10ddaec8e7961c6f
13968 9a28ad1383575839
13969 4eeb9994fc49ed71
13970 67a0586b70afae1a
13971 5061ff615b99f8de
13972 ad78c734ea3b941d
13973 a8be4d852dee4c99
13974 52059fb2fe011aac
13975 70d7bf51ea3cf794
13976 74cc5a4ece2b44ed
13977 057a99448c59f114
13978 6a310aed5765cdea
13979 23371fb6988e1305
13980 5a2a6827ceb3f600
13981 1a7170415ea1359d
13982 ca6f2acee18ed9ae
13983 803a5b236583b410
13984 321a7fad02994715
13985 0190a660235cd44e
13986 3cd89e5be569d614
13987 1c9dd3e83eca84f5
13988 d837e22b88f6946e
13989 22be8c060bf30daa
13990 d2db0134f2311fab
13991 90846f8fbc795a06
13992 a981971ebb3bba49
13993 bd31c585f2dbb4b0
13994 da2fde8f2b0e73bc
13995 484a31b7b78bfe17
13996 2a595b729a370a78
13997 d9a7bf61219b9b4d
13998 7eecfef3e0b819fe
13999 45db0660d5c462be
14000 282d1fe289addb41
14001 19309a094cc9d004
14002 fb6a21e99a876f70
14003 eb3b69959938237f
14004 482546de413cd984
14005 4ec5ef7683b13ea9
14006 5a971e5567c9ffce
14007 db95e00905d0b3d6
14008 b178baee259be407
14009 dbdb814ecdcce598
14010 e31f1bcdd28d1a8b
14011 15bbcb347bf15e94
14012 6b406a8d97674c56
14013 7d88974e9bc14943
14014 8b4a7e9141782ce6
14015 42606d9bab501674
14016 75cecd85b7dc2b27
14017 ecb7fa63420ac1f0
14018 6ccc37c3562218ef
14019 7ece3fe540cc31fe
14020 db6af5a49aea812e
14021 96e0e326f3def122
14022 46f85f7791d366f9
14023 6d6d8ffc28f7bc8d
14024 1b31fc1339f7f6e3
14025 081318c41b481325
14026 5b753f470db6cf3d
14027 44e17027d4b81741
14028 88a0029f4a086147
14029 713ce4f87742abba
14030 39cff276eddd4a3e
14031 7899d0c0262e4bc7
14032 125d38586fa84d69
14033 cadbe8c21aba7f06
14034 da56d0dd56ffc57b
14035 05d94534f6e41614
14036 e1e0d7a38e5922d2
14037 ddd36aabbd083269
14038 6c658dc20f4adebe
14039 473fe0970c16b65d
14040 279a1a98d66d7518
14041 f3dc9e5285540a4b
14042 4f2d9d09a2665643
14043 e1839c4e74c54afc
14044 93d3847df8b0632a
14045 29d994a04108e9c1
14046 90373e056f195b3c
14047 50a1d90ed6a07c07
14048 ab3078f8ddb827c6
14049 2decdfcde12b2b08
14050 0eb967b3ccf60373
14051 42626d1332d53741
14052 ba4aea3d79398ff6
14053 89786bd7c85c332f
14054 d2560be895789fec
14055 f6d691c49c08706a
14056 c1ea5caae05adf53
14057 87af09ebe18845f6
14058 fd57d1e38880d925
14059 d5a5b78e7371f299
14060 abe1d10ce86e3632
14061 152d4ffc34faa704
14062 3889a5039da936fa
14063 99ec61b718612aa3
14064 5413077ab4892886
14065 0c62be700911e5c2
14066 fd1b2c768675a8ef
14067 1fb61ed60eec4dbd
14068 1c6a59a7259b7ada
14069 9dff61c9e47e7afb
14070 02c41c3ae20b5517
14071 0ba049f9c9678a4f
14072 34d938c094f7ba4d
14073 7b71c17aeb2038b7
14074 384f5ffa786f9139
14075 2909320a16161a5c
14076 93d3e56d30d41373
14077 d4370bad9e23cba7
14078 923b2442fa9dc170
14079 fb0f5ea23b2fdef6
14080 deafa38d99b6d254
14081 eb8ff44667610f0d
14082 bc9f6a09220d6f84
14083 9c3ed011eee61960
14084 57fdd76b4c2b00c4
14085 b117e7af9301c9d2
14086 6b792615a9a935a2
14087 c6ba787c93cf02f1
14088 fcf6fd5b43079a14
14089 fb83ed5fdd3007c7
14090 8d5947fc3b16e9fb
14091 fe67b6ad7c555e9d
14092 4d759afed251c811
14093 af6e09ded7e207a0
14094 90fc79be7c2eee62
14095 8ef22f0285c7705a
14096 a0f076f49f44ef39
14097 ff5fcd738be47c58
14098 7711e3cd2e67705a
14099 6515562db9f94aeb
14100 8dcc4330b39f570e
14101 030f748cdec02ddf
14102 76b9f5061b5e8953
14103 7a558f7c464b9102
14104 ec5325d9da2a3a57
14105 8aa53277172ad5aa
14106 d8059ea237ec34b0
14107 791b054be7af1d01
14108 8966006aa4b99acb
14109 fd49df0a0e3fe47a
14110 5f6d95606685fbfd
14111 1e1f0659d34283b0
14112 3d681ba9e143feb2
14113 ee6e1d4d5ddb4d4f
14114 d0ba22d7d9fb2177
14115 441dfa6d7323e102
14116 1dcb16c916ad6ec1
14117 f129da626926f764
14118 27623241f6d42858
14119 2add368b9203ca0d
14120 7854416595e4ca96
14121 32d17bb0799f1c2b
14122 e49b0fd43b17d379
14123 a0673e5e8175013c
14124 13d35423342ccdbd
14125 5ca61f5ec857fc00
14126 11a8d0a364ffc708
14127 a1677148709b59a5
14128 cb007d53740cc33b
14129 90e440f4aeccca16
14130 ea05d07c936260bb
14131 b9a2c067a361ec06
14132 2183a04c0443af85
14133 7bd72d7de94d4168
14134 80dc471f305e7120
14135 350b3a7987e697fd
14136 00f99efb60e36e86
14137 fad4cfa23f2777c3
14138 d19cccf03a00ecd5
14139 97d06b58963401d0
14140 b62f6c1e86527285
14141 9b3008a1c71ea2a0
14142 d85014edabf32558
14143 1c8a4a8fa254147d
14144 bf07c72b7134d49e
14145 13aa561e7b6c6f6b
14146 c9deacbaf7c7b735
14147 5a023e425fa63810
14148 1691c2c252ef1221
14149 872a0ccbf7d31ba5
14150 7c0f8b44437580c2
14151 4132546391a7cd3e
14152 75734ed9d76b167a
14153 7b07257170f0ea87
14154 04bde9432d3fc171
14155 2bbaf201b1ce4e4c
14156 a120a2daf9940e7d
14157 bcc237e192633058
14158 440b74385e6419a0
14159 f7ed9414ead88b85
14160 d9f83aad011bf2ab
14161 6e96342ac2f499de
14162 4f136f912ec9388b
14163 a7f570ed1531f23e
14164 88bc29d0b59d56a5
14165 add9cca248d3a4c0
14166 b9079ea57c356ff8
14167 6a5c930510643b1d
14168 522bde55bec53669
14169 a6cdcc40620a2faf
14170 72a5194578609e2e
14171 277b072681d6db7b
14172 9b0ae1b4c2d661a7
14173 40e0cf9f8cf2349a
14174 1e1cfe184d02ec4d
14175 415ab39ddc7be598
14176 f0df6acdee0c7828
14177 2681e38ab9abfc8d
14178 14e172d3847737dc
14179 f2052193c4d00301
14180 15ab8987a272046a
14181 e1786dfc614d4637
14182 9a8fcc33d31bb235
14183 91ba779b31d9d710
14184 9bf7b30df6334f30
14185 6a883131be0e440c
14186 e7a0a665a40ec805
14187 2f45e21d7bc68fd9
14188 26041d177fe45ce4
14189 ac034d591985687c
14190 0e690e1128121dd6
14191 c2810c72a9d8654e
14192 66d6ef3dd5487455
14193 3152b28cb8270cad
14194 2acc77895d2cd2a1
14195 4fe8e53ce46aa435
14196 ad16b1dbb902dac4
14197 fa3ce000e96c1b8c
14198 6ee2d5cc8b6a5773
14199 277e254f7bc0a9cb
14200 53b137fc620692e3
14201 eb5df6f3fc2eec77
14202 2a85e453882a7629
14203 b8045838a1e94ebd
14204 3b727fa06e5a945c
14205 f81efa939f4ffe24
14206 9cf2d53ce31d0f96
14207 818ac7d22785422e
14208 b6c54a398631aef5
14209 c5dee7c83c16578d
14210 9c7a4f61ad99d3b1
14211 770c2ffb7396e2b4
14212 cbcf9f825a1f6395
14213 4ac906457f68b9ec
14214 4eeaf2e9bd4d3f9e
14215 ce760ff2b2cef9ce
14216 f5c33abdceda858f
14217 5da102fb46b202ab
14218 892f3662797b0a68
14219 6ae1ea0e23478b48
14220 7d0536ff7fa35e36
14221 27d1980d9718ac26
14222 6fff6d8530077103
14223 71cb8ebf6b9ac817
14224 761b6b125e8bfdb4
14225 cb46045aa1ef4628
14226 ff6fd20816a87dbc
14227 38daba4a2d87ba0c
14228 871e8846f5a14fb5
14229 2b6130518b70a319
14230 c3bfa8ed7b8b6b4a
14231 128a5d22c48d1896
14232 cdbeddb7d2f8e496
14233 f435cc2213b216b6
14234 882cc119c7411b34
14235 b5eee9988aab2844
14236 b75ad255079e3e6d
14237 7635fae005ce6341
14238 88e26622dcc2f54e
14239 4d54fd01158571ba
14240 c33f57d1dfea1b6a
14241 dcd934d8b5682ada
14242 fa0822479e330c3b
14243 d63f8b3d212d63f7
14244 a774e0851f53e505
14245 18aef8763c5d1ce9
14246 f59666e4759c4320
14247 db9b36f3cab3e450
14248 113b1b00c34e68ea
14249 79e60347263e8cb7
14250 9131ae2163e4a8a8
14251 76533835e01900cd
14252 53a4c5c3dbd74ef7
14253 4804e4b3deb0422a
14254 20d43f41e1f3c266
14255 f9edc802d6711073
14256 10456410fc86bd40
14257 63a14d18a710b425
14258 a0a5ac4cf0010dcd
14259 1b916eb97bafb5a8
14260 b92c34ed24c2df9b
14261 be3bf4018b14d6ee
14262 50194065b1ef8e4c
14263 a268e24fdeaa7911
14264 4b84300cc67cbc44
14265 10f9af3f69b91469
14266 0b713e3c787b0e15
14267 d66621c140ffed30
14268 f886b8d41181fdee
14269 4d837fa4c9c5479b
14270 9562ebd0e816e7a2
14271 35fa81dc889ba2af
14272 2be107caab1b123c
14273 ef0f77f74c986690
14274 9aae20adc5311e64
14275 d8d4ee0e891eebb8
14276 cf8f2495133401ab
14277 634ab83769144e3e
14278 b2ce7df2ae8b497c
14279 949f41f92b80cd01
14280 b4534262c3c6b3b4
14281 982412e10fde9522
14282 9fd02f6bc8dd963a
14283 a0523be0d4625407
14284 b67e084bfb732abc
14285 3eb3791fb62d7ec1
14286 2d2dcf1d958da30b
14287 4285a91c4c20d59e
14288 da27676fba164b1b
14289 6589489a89af382e
14290 4d6015e3afd46d09
14291 244c0435c9779064
14292 52da3a2f3a130458
14293 27df1566875e09dd
14294 65c073d04c312f5f
14295 8209e2f36ca8e2b2
14296 bfa7265ab3fbd45f
14297 24e9694e894dfbb2
14298 846d5105fc3e90ea
14299 26f0e0b7e816e077
14300 3add4c89a56cd31d
14301 803285ed731a6a98
14302 312b06747dc46c39
14303 ed009491648e8e94
14304 2441b4c2ab7065f7
14305 3ee1750c19d5a56a
14306 896082270f8ead32
14307 741ce4918d73bbdf
14308 e940910ac4e33a31
14309 adc9086a15dd4fac
14310 3d10b5a6ee0b0905
14311 ba0229475d291b20
14312 d016a545c59fdf48
14313 b0dbc61f44ce754d
14314 ab29eb537ac2125a
14315 6509dc2ac21368a7
14316 cd5a04036ca1adfb
14317 7555573e3fc28d8e
14318 016b68b020b61bf7
14319 cd5f5c0f9ca17f6a
14320 b1e5add8dd13d179
14321 4523025e3b86c9d4
14322 df81c0a198fd97e2
14323 4bfb91c642d6400f
14324 9343de2e9efb7f93
14325 cceb30762817a346
14326 78e6b91445399e31
14327 8e8c40b6a58164ac
14328 51a3a0db4e9ed814
14329 9f1e5aa17ef7f2b9
14330 99a5f678e69bbe6e
14331 7c03f3c75917485b
14332 317a7a524ad75a3d
14333 12900d2fdc3fe938
14334 93728f63f01e62ad
14335 02b29b6070125e81
14336 9cd3158c185a0505
14337 bc209f559c4792c1
14338 dd55926e298bfe1b
14339 1a0afffdd81a322e
14340 f65bc21811668a5f
14341 d5471a98463dcab2
14342 b3f2dd9e011093a5
14343 d26d89ef6c1d22c0
14344 9e45532a84496004
14345 47ada78e0136cda9
14346 8bad08fde8aff35e
14347 26d03bd0f0c565cb
14348 29e7ee849a8e64ed
14349 d6f5b4090a263068
14350 549cc5f43d7528fd
14351 aff9b0d73c495af8
14352 2c579a02b21fb76c
14353 5aa8d936024542f1
14354 24e85b012ba09ff6
14355 5f6e361e4a50dfc3
14356 4a5adfa86db45385
14357 3e192e6fe66f00a0
14358 ac9023da34447191
14359 d9e68c550218f70c
14360 b523be35c210589f
14361 ebd9e08df8412af2
14362 a5a4e8167b5a4c2a
14363 e6a129509a193fb7
14364 bd9819327d2ccc49
14365 42b3e34ddfc5bca4
14366 6d0bb3d8ef899fcd
14367 7c1fb3c3271dcec8
14368 0fda28f34201825c
14369 405c0efeac467477
14370 935d0be3ee409972
14371 e363e99dd4907d72
14372 601e5320da99b21c
14373 dd108f04d4f4231c
14374 a92a2ba35e560ef8
14375 1bceac67124178f8
14376 b2e3b22d72f5c9af
14377 2a4ba214f49d4eaf
14378 4206bc6b9e873926
14379 18d347a16b433226
14380 0e847592a3440ef8
14381 d2497b0e73bfdcf8
14382 29e8943e78563ae3
14383 d1907e619f413ae3
14384 c004eda77145ddaf
14385 9f604e3033d53440
14386 b1c6544ca32f8572
14387 b2d4966e10c941bf
14388 82b88c60354b5e04
14389 93170a13cd63c8e4
14390 f5b18dd5e5e7d126
14391 541d95177a58891f
14392 c8ac7da36da04e72
14393 c7003c88aa880f72
14394 312151cafbe9510a
14395 fda2da79a4c975c5
14396 7081eff2f2541cd8
14397 40da3df7e3481151
14398 572ca3a0f1dc17ed
14399 eee28fd3040c7922
14400 8187d32a632a9789
14401 e97db91189dd9bbc
14402 217908c64bb220d8
14403 ee8cf2466cbd38db
14404 c059e955e9657614
14405 d3776897e34499d2
14406 458e7546b1668cc8
14407 ab1b27ce5176b95f
14408 8d6cac2a5f67e02f
14409 c17f45366b71fb3b
14410 2e6fba34b441341a
14411 3a4720549c4cbee0
14412 6cce97edfa794d50
14413 5ed26721df4512c5
14414 be0da651e3d7351d
14415 365c90a2dd881e08
14416 09c6847c75bebcbb
14417 8e496fae2a2ba90e
14418 36c6e954d47bfae4
14419 f6e8399d76ff67a9
14420 6eee939df96d1e78
14421 1c0fa3de77a3624d
14422 0eb04dcfe660a955
14423 6f576cc368e56a20
14424 a6545db1518faae3
14425 e2338c579cb3ac76
14426 53f2096ed0ff2f0c
14427 dd50c51e82b9ec71
14428 562cacaf43ddc7dc
14429 623b71571c0e8981
14430 57a6704583eaffce
14431 595c9b9d82721a7b
14432 96fa25572dd1e1a7
14433 d517fc31ed41b14a
14434 51524e6e4eb22e88
14435 0ddbda4c0e4a989d
14436 07ca30c0b8104388
14437 f46d9c80e569f19d
14438 a8f9e2417ec2b445
14439 22eda5cf89d3b3d0
14440 7387b2666ee0720a
14441 efbc8fa835653b67
14442 0042df8017e18e1e
14443 d4008b830ab3f549
14444 eef30857172de8a2
14445 038d17ef7e225c2f
14446 0afddf4740d50baf
14447 ff11e1a449fc3f22
14448 87d60ae6189b0920
14449 8bcaeedac3856075
14450 d1d32050bb65b4d8
14451 0951157fd60c7584
14452 2ec2e58357d5fa7c
14453 27a9b720c00f8fe9
14454 6858e9e5aa7e4b26
14455 1e996deeb1f2d78b
14456 332fe5bcb24de217
14457 361d20d728256da2
14458 3ad5bea30b26f8af
14459 c07711d070d0ef06
14460 6bad94fffd1adfd5
14461 95b02e7bb5caa169
14462 dcbc4b4de4678eab
14463 3594f3fc206dcdb6
14464 9af6daa5b69ff0a2
14465 1f0f0f3ab727c187
14466 452351110a519980
14467 f878e42b6149bb6c
14468 24a0620acf3551e4
14469 bd9c0d6c9b223f99
14470 a9f11c2502eea66e
14471 0fd27856418abb6b
14472 cc89e5fe1d242cc9
14473 2af6af855e1c29d4
14474 5c70b14a47df53d5
14475 98ab019ade4e1c55
14476 4f11cb7aac22a8d1
14477 ff6d272bf3084b8c
14478 b0947d3b056e8c32
14479 c926f6a873e6d76f
14480 3bba908fa86adeba
14481 5333298209877fd7
14482 e9e2dcec0e206d48
14483 1e64a0643bc708dd
14484 325dda2230f8ac79
14485 0d1cff89c7ccd5b4
14486 2eb999698f7ce2db
14487 b930582eb45ad4ae
14488 60cd8f1e15b0b204
14489 338fa222c2d460c9
14490 93654cf8cc4a5510
14491 262da11fa1783b65
14492 e1ab3068e7cb79a1
14493 751d142c8510991c
14494 419248d380b303a3
14495 898595a615421436
14496 0710ff57e5f2a70c
14497 45ea915a56722251
14498 57a0025075e3302c
14499 86495fdedc798d71
14500 476bb5beb756f002
14501 6ec745307b8e85bf
14502 39faaf1b398b663f
14503 00198512ab92c382
14504 2462de7c19929858
14505 b39d4c6b975781ad
14506 5e40a1d2c12e4e20
14507 11fa76f3224c0775
14508 002b071299d52bf1
14509 fdd3b549f9d6e8ac
14510 5605abd3f49f0206
14511 b8b10010cdeb81f3
14512 b4be71a81d1ce69a
14513 3a99df0d3f27ccb7
14514 05b6d6ba58f4ece8
14515 6b303200433e09fd
14516 0a9ac6f8e8fcd499
14517 3560ba5fefb7b6d4
14518 5b0b1e097f21f8ea
14519 66904be35a343f47
14520 0dbd4cfc211260de
14521 ac4d1dbb039554d2
14522 a9abb753f2b7ce8e
14523 1fe760491593d582
14524 f5a5e3f193b966c1
14525 4d9222bff0fe7fbc
14526 880451b310161b3c
14527 c393024029b2d441
14528 64538e5ed9c5e400
14529 219028616087bed5
14530 9869b48c4e8b28aa
14531 229aefedc871a507
14532 adc1665cbb1aa7e9
14533 9db379c2a563e324
14534 18c9c53c0acfd2a4
14535 87d708da9e67a969
14536 25520fed2d738bf2
14537 6eb93af15f1b6a2f
14538 edd0eed9c39cc3db
14539 53b3f9675ae639ae
14540 2e905585f1fb82cd
14541 d343e086e75b5e78
14542 2edb7162d61703a6
14543 112edf23da3efb13
14544 5c9f1e7fd1ca5fd6
14545 ffab8391a7ec6ac3
14546 28d1f4cebc3f9743
14547 33f05da2b17b5a56
14548 f41904c4c4f9fa0c
14549 b137cde5c1ea9251
14550 2c4f8f8753a62400
14551 d1c0231f863a84d5
14552 6c07bb8dbd461c7e
14553 1765bd06bdf052ab
14554 70371f7bdf8e7d2b
14555 b5b38af55288d2fe
14556 4566dad8b945d7bd
14557 e004f0d4025b19a8
14558 708c3b6db2f086d6
14559 31e4e7ac2a2dd1c3
14560 f4e9e27dd41770a6
14561 f4c8847b1209c013
14562 aea51da0ab8c6093
14563 a4738ae4815e1a26
14564 d44225d307ec32c5
14565 c16e8c6be7568570
14566 0c71f4821a35127e
14567 d05250f7cef1c3ab
14568 281272580a0b2cd2
14569 65f7bdeb89d7228f
14570 c55493379b97cd60
14571 ad021446b97bea35
14572 3f3a43e6fd67bbb1
14573 a229920b3ee19b6c
14574 7a45536e8a9a1b12
14575 ae7a1503613a8dcf
14576 e3996bf7383f5176
14577 568d12d20c9768e3
14578 2daff3175a3c3c63
14579 0169bc7dba56b076
14580 d7c2004bc03a1100
14581 0db4bccf149231d5
14582 36989b5c2fb37060
14583 90171951378c269c
14584 6cabdeba80882f4f
14585 946f0985021795cb
14586 b62ec280a4b88f4b
14587 20115bc133c62d9e
14588 c834e7ba97e395a4
14589 c973d45ecd2dac69
14590 0a0e133e9ae1817c
14591 517ec2a654124081
14592 37fc6707e5280f11
14593 37cf2f27e6105acc
14594 59a84ad171fb39b3
14595 a43bfca04364c6c6
14596 ad11de56b4c44062
14597 c867953522f49f1f
14598 29e0fd79750f8eba
14599 b9d836709bf301d7
14600 96b28fef8e04ed94
14601 703522b13bdbe159
14602 10d907034e24c41b
14603 78c2b01af5dab3ee
14604 489a387ec4aec90a
14605 3308fad1e4216267
14606 8be78052db3ffa38
14607 f410d567e80a5e8d
14608 7f8641a384487ddd
14609 95f905aac06a1c48
14610 8f7c8ea8486104d7
14611 ada44287498e6eba
14612 72ad029f265dd0a0
14613 5d14ed1c0d060bf5
14614 df828a7e2e5552b4
14615 d2f8f6df44844879
14616 487601a9e5cc1d65
14617 fba7d3bd0ca8d510
14618 5273e21ed43d1656
14619 b71e1ee938212e43
14620 2397ee2551d76236
14621 f29cfaf7de7398a3
14622 f2d60c7fe88a281c
14623 61829834685024a1
14624 2d77f588bb45ac6d
14625 0a4e30b3a47aaf18
14626 67fdbac327dafe07
14627 501bcc1dcbc63baa
14628 48cf17fcde047e90
14629 7e1a969e34c7b4e5
14630 52cd918d3918ab84
14631 f5b6e45ed3821649
14632 1da9507cf1a6e275
14633 98a62115923f0a20
14634 0de960c9ba7c7f4f
14635 b593f2a076d46c92
14636 0f1d4a702b351538
14637 e02818b6a73fe08d
14638 b5931d8282bcf298
14639 cd157963aef552ed
14640 18803569b55f2836
14641 e7e1f5e7051716a3
14642 491efa30c7d68c23
14643 f35cfc1821024eb6
14644 ff273cd5a2f72bec
14645 37aadc0b2c1d7c28
14646 779c935eb863ebc5
14647 3265c9e4966f9499
14648 b4e2cb2bd36dca05
14649 0dca38d8a3da23b0
14650 2573329d529beea2
14651 bc3738fd5783605f
14652 bc380afd985fac16
14653 39e058d07ba0cc03
14654 12fb722ba5344bbc
14655 ed70f8b738f70dc1
14656 5497f5bd4e86dd0d
14657 3fd2efceda95a1b8
14658 d4a2f1e14ffad5ee
14659 77c63938811ea21b
14660 c7bfa8bdc23c30a2
14661 74e2cc8c35b9b05f
14662 98d26b8a6f066b6b
14663 4eab29d8c4f1623e
14664 fc77bd0c2b143f95
14665 660831e39315f1c0
14666 b45fdc693f030840
14667 c44ec5eddbd46615
14668 bf1a5c9fde69f5b4
14669 34a197af5fa2e879
14670 586f7f444a466026
14671 ba953a45dc65c293
14672 e23616910c082d1d
14673 e2d3a1183c0e4688
14674 222a1c1dbe832908
14675 7fb8b1b51282e59d
14676 6e7c55e29b68f6ee
14677 e1ec01d54def7a1b
14678 cf5acd31bc21576f
14679 f6ed063b1675ae32
14680 f9a45610bc92e5a9
14681 06fee6a59b28bee4
14682 c555ab40118c9ac2
14683 653788a45758607f
14684 b320e991ffb8055a
14685 3dd1e4c3ae742977
14686 6c2c391e83b006f7
14687 fa3cdc5fb1a8fcda
14688 90e0e20d021a01a0
14689 43fa5edfc1a405f5
14690 d24e7efabcb365ec
14691 b36ff22a17bda731
14692 290028e0d6c242c2
14693 ba26cd14518d657f
14694 83482d72c86970ff
14695 442c40ad2eb5f442
14696 0f026d64d0456659
14697 ebed5f3218f41894
14698 fe41fcce63156db2
14699 61af1bc9bb5509ef
14700 6acb65cd36332f6a
14701 88bae2c2ef6f63c7
14702 2393899476483947
14703 73fe90392c55cbea
14704 a9a98c334fd6ac61
14705 4b12e7882c5a46dc
14706 86d85d5ee7aa1a7a
14707 588280e13b69bcee
14708 f32266c7d3485c37
14709 1613c616e35fa6fb
14710 c6fe6270e724a114
14711 88bdc0c488154473
14712 7184c1588d521e69
14713 a84867c4506046b8
14714 ecb1e3446f1df2ca
14715 69c3d5be3dc62267
14716 cf758dabeca1048a
14717 3cbb3ddf33881427
14718 c33ddf395afb6e4f
14719 0cbc03054ba98312
14720 4c8db02a10945198
14721 981ebcf89fa601ed
14722 10bdf3cb8a749e64
14723 29b4e4dbbaa9cc89
14724 925fc7155b9e3972
14725 cc51a6bc970598af
14726 fecd222b3baa4147
14727 a0f7476d2105a32a
14728 33abb803b4a2596b
14729 c9e43839dbc74a3e
14730 628990e458d3c9e7
14731 2e0c7bcb91872d07
14732 ed00dcc25f15bd88
14733 beaa8ad812d85962
14734 c8cc046fe53eaf17
14735 5156aebd8bd7634c
14736 ad2a62986c706bc5
14737 97333a35827ca70a
14738 65032633bb3ef359
14739 064496f2528a41cc
14740 7ea3982b91b31e1b
14741 ab436476fe0229d9
14742 ef3769e8aa56474b
14743 1ad3bb20218f31ac
14744 e03024622b627c26
14745 91f226197d3f5fe5
14746 102bade5be7c0460
14747 9fa2abddf0ba5c0f
14748 096269e014e1b681
14749 9763410bad3b06d2
14750 67f734f30df3601f
14751 e2659b3b4c9204f0
14752 cbd656c3b8190110
14753 1476857e30827bd3
14754 d51610cc6bd32f04
14755 402b9cdb791d8ca3
14756 98a3aaa5bd928849
14757 d926f0387b1f130d
14758 8ea71cd94b8fa6a5
14759 b2c6d3648b0c71d8
14760 3c42bddcb833172f
14761 365a175af3d38ecc
14762 b2baaa2539972309
14763 4e768a8430b9d56e
14764 75385cb33ea78c60
14765 4460684be6c0c263
14766 cecae97351f24246
14767 f3d2809190382321
14768 76b0af31f9c18f85
14769 38662ef753e92a1b
14770 e17e5bcf941e8c64
14771 3d316aba392312f6
14772 b3856a4e1fc959e8
14773 f932ac5aab3609eb
14774 50267d67dc25e2de
14775 9aa8709c65b97279
14776 2c6af651cc8cedfd
14777 ecd4cc3a59be3166
14778 7b21ac33b718fd75
14779 0bf595a70345cd3a
14780 8a8c45af3b136ebf
14781 64ab4666ddb21574
14782 8fb9227065bcafd2
14783 647553b51143048d
14784 6b0f0f305378d039
14785 15c7ed48bc62219a
14786 e9842fa264480c01
14787 a91e1c173c265426
14788 2d902b1123b79cd8
14789 194c7bd3a9d0105b
14790 4275fb5542259b53
14791 fd746e77302c5db4
14792 6c6ba43aa26affdf
14793 84ece6781cc793ac
14794 4b575f376f451a29
14795 4fa77694a396c78e
14796 8e65e970ad730580
14797 92e7916119ab9483
14798 f06d4db09dd60e2f
14799 46ccf293c1aaeb80
14800 0c0063f119975e03
14801 16eb8a3e6f32bd88
14802 8f1a4b5b37316bb2
14803 9100f68897e03ced
14804 5530bd9ffb5b4b08
14805 672c44754c015d0b
14806 9bef542999f13705
14807 2b5fdec481d2b44a
14808 44ad18f940268fb1
14809 1800f033b4d094f2
14810 d4b30a0b685d2767
14811 3cff414d0a968138
14812 b06f8450c88afcb0
14813 3b79bc3e448d0233
14814 dd184415921189ad
14815 f7df0fc152b04372
14816 7eab057f504ada87
14817 3ddd34b319df48f4
14818 d198faf342c5dfc6
14819 1df23194e2d674a1
14820 ba6957eff4ff8304
14821 6d58a92a7cbca78f
14822 74a4b5ed3faba773
14823 a645ea90c540ab54
14824 693dc144ec4abd7b
14825 a89d211c83ea7da0
14826 4a1e2986ea9f57ae
14827 b95118fd8b638b49
14828 0899dce3eab94b5d
14829 6bca94105319dcae
14830 18131b9099f6b491
14831 4283b0bf661cff6b
14832 3613111e73771856
14833 7d262b75ad5f4528
14834 dc5987cbafb6f636
14835 cfde7e1192868151
14836 8deb40f4f3784474
14837 01e74c7beeb473bf
14838 e2f7d7e4de813383
14839 f8e2900b8a5de1a4
14840 8b12f8d67e85482b
14841 0fd0412ba67ff1d0
14842 c78cd5280bf6ee5e
14843 2c34f70f6c51a6f9
14844 0dcdd1553f116a8c
14845 e5be769811c81597
14846 7e15d410b80f205b
14847 7b1db13ba15f3c7c
14848 a35a55d4d3355867
14849 f787eacfd83d7954
14850 8ab917686aa536c1
14851 6314e7d475a3ace6
14852 2cf3adb19733f998
14853 3b5f8c41a533611b
14854 6e390e2f393c1c47
14855 c81a6da242072d98
14856 0991bb4bf661329b
14857 3b5ded19ba74dfc0
14858 ab940252cae0f6ce
14859 e8dcfe015e4c7169
14860 1d3638713f088491
14861 668178326e9c0b2a
14862 1d16dd559312e4f1
14863 08ed44f5b2ba9056
14864 2ad460b032aefec3
14865 02740d8ea5b0b448
14866 a252d807c789ccd6
14867 7dab2487cb8a6171
14868 e0dcb2c9da35c345
14869 9fe945b46fa8fad6
14870 f5cfe9c33d8f33c5
14871 a59318b8cb305d0a
14872 43873a55269567b0
14873 af12747fbbb6550b
14874 00b32e14f6542f7e
14875 e8fc44c2e9aff219
14876 1830aa0147212f1f
14877 24d94abcf8516254
14878 5b5dfcd0640fb09f
14879 a1565f058f161970
14880 76b945c10360a7f5
14881 a5daec262f17ea3e
14882 d9e7e18abbaaf286
14883 d69bcc2bdcae3a61
14884 2440e2163fd39567
14885 f69dc486507aebdc
14886 af231ad69b0b2779
14887 d27cf42cbfdcb4de
14888 68a81a08406ae85c
14889 d28404638f775f8f
14890 4cfcb3d70ed6d63a
14891 dc8ade37f8b2b475
14892 9b0c1a69b490b231
14893 1c4c6fdb36c3e75f
14894 b53de19c30ce7988
14895 ee8c30e4bf911b22
14896 edbb03c39ec5a504
14897 a8ae61c3d8573597
14898 b7bec0f51770296b
14899 5b590fbfa49c1b8c
14900 1822d83e5ec7f9a3
14901 0d167956885444a0
14902 a170c7f0c8012e65
14903 c5bd8c442e9b312a
14904 5a92e4038538978c
14905 4d9597cbe986eabf
14906 5cdb65096e5c00ea
14907 b180e98d2d926c25
14908 1ceb5032ab08a2c1
14909 7ee4e3a852ff11da
14910 d9fdf65e5d1c1a8d
14911 fe651ef7eebe93d2
14912 ef99c896c7dee374
14913 def70836786e5507
14914 47479546c01de902
14915 b86f7d406c85befd
14916 8b7fb25f6da3e579
14917 d9af88c6d8798012
14918 a79b10b5366473d9
14919 1ee52fe35ef0103e
14920 ec734f611565535b
14921 8e0d36f1d0237b80
14922 a4f7fd5d5903178e
14923 7369bebd740eb129
14924 0eb169867c3bb1bd
14925 4fa473ee242aab8e
14926 f237e863b51c343d
14927 c4c28cb24caf4a42
14928 91fe75387ef84824
14929 7378b7d9351597b7
14930 667d6e5aeefc628f
14931 0fdcf61f877146e0
14932 fbf20f4d2eda7503
14933 e2367537d1835200
14934 fcdbe3fcf9147685
14935 c104283b582b30ca
14936 ced5a7c4a444902c
14937 0765afa5188ad45f
14938 5f131934f0df8bb3
14939 de22e088a8f82494
14940 0ed50b6153f1e0df
14941 6e6178cf2f7d8c14
14942 e9a5675d0938c056
14943 71caa4095ec46ff1
14944 a5517c81147baa94
14945 f7331389bc7f35a7
14946 25ceb4bdf63a8ca1
14947 fbd5f98d64fc70c6
14948 d5ff83b6613047f5
14949 74de632005106946
14950 a6b3104b4bcf2ff3
14951 4eb24e67e936b6d4
14952 433b13f5bbf20f1c
14953 604226cdc8980b4f
14954 b152f990c975fb49
14955 2f1ce5d45b75dfcb
14956 01f2cc6d6e7e3876
14957 6df0d540cdcbeb68
14958 bacc15d56c6d3762
14959 626667568103a2dd
14960 7af1e050ab660838
14961 72b0fa3452371093
14962 664ca86ca097d9af
14963 1360895c14744500
14964 179b4339b448d9d7
14965 6df1f6cd6f0c63cc
14966 893edc79122f406a
14967 8d725a64764fa2a5
14968 e961a0bc1a80b4d1
14969 f2210da293fed812
14970 6913c05ee0f24135
14971 24bbad83b8a13ffa
14972 5172aa7bc13ea8ff
14973 f2a8a03b0b5b2bb4
14974 e4c1aae4bd957412
14975 e022918f95b3a4cd
14976 63d34d89030cfae8
14977 7d52a4ab99264883
14978 f5e8fac54710babf
14979 e1d3ab26080ac510
14980 0fa7265a55b10e47
14981 214cfeaf04dec93c
14982 48c633f5690d48da
14983 105a8a27458d7615
14984 481a25cdf1a3d480
14985 a68bb095813c595b
14986 0370c975e2944097
14987 9f08861f7135e168
14988 9525cf8768aaa6cb
14989 17f9af3b911488c8
14990 add05b7e864bd0fd
14991 ea6c86aaaccf2402
14992 7a7d21373df3a6e4
14993 982857e37aae4677
14994 5c0ec7003342064b
14995 3ae07268ee4de0ec
14996 bbe79a509f4591f7
14997 d7dc3d92e049666c
14998 e2e61c717170740a
14999 8e5280b53fc11dc5
15000 00995cd90798fc5d
15001 6db4aa1d2f5d9cc6
15002 dc4923e0b7ac6e95
15003 c0ace66d98c4f65a
15004 dfd88f77d5b45b9f
15005 cdbee200c9a85bd4
15006 db23c34ce4f23132
15007 e913038c724cb16d
15008 3e8dfa9ba4afa099
15009 2b4665eeb44a0f7a
15010 52c78b76bad8ae61
15011 485ec1c40e73e986
15012 979a78ce3c1510c4
15013 fee9e71c0e8fc54f
15014 f2908adf5c92b57a
15015 e73c57ddca4e79b5
15016 8597df62f828d9bb
15017 87e909443c365385
15018 e87f038b6481fa6e
15019 6c9a6d5a9cdd9d84
15020 4bde9fed468defb1
15021 4d4443bdae2c53ca
15022 537c79768c54c022
15023 936c856624ba439d
15024 72ebdc7184768de3
15025 68f6f6292f450468
15026 9b40983f8322185d
15027 8323b73e9753d4e2
15028 e4bc54836ea7f9e8
15029 8c45c4f2f8bd03eb
15030 580354f1bbacdcde
15031 a1935718b80bec79
15032 2f61e2d55dfc77fd
15033 a5eb1e7cdd848766
15034 ed46a739f0ddc6b9
15035 af1f4924b562f41e
15036 080dd81b5cbc9190
15037 432ebd74f13f4e93
15038 db69b0c1823d5b3f
15039 b6cf6a676d467a90
15040 8bc8d6aaf232b827
15041 85c14a9c9af5ca14
15042 ddac2e8437d5a101
15043 120c217e4ef2be26
15044 fceff355be393ed8
15045 0e178ec7a4c0bf5b
15046 ec1df4e891094d4e
15047 b968777899cd2ce9
15048 e5d3b3299d48e14d
15049 d3f05e01c4395736
15050 388ab35e1698c729
15051 e586924cccc6fb8e
15052 bba0ac0a45f6a980
15053 0f3a7cf39250cd83
15054 990f5c1f5345e9e6
15055 8f9d7fd9a1a8b4c1
15056 188ce130507ca425
15057 7b80109047e7e0ee
15058 5e0fefb20aa7f53d
15059 b0c566bbd7276d42
15060 4d3d6f298d9f2ab7
15061 38778c8ce0d2be2c
15062 04e5f8d5a53200ca
15063 eaa4ea30bf08fd85
15064 413955fc199e1db1
15065 559b0913c26eb3f2
15066 219a4753e40e76d9
15067 5226cb8603ccd93e
15068 aaa48a31a0b0bab0
15069 47cc991207b43033
15070 6bfa6a20a78f653b
15071 2c1a33f1aee539dc
15072 75325eeb05a74187
15073 08872729993b66f4
15074 b70cd51356bc1121
15075 ac3f0a04b96a7c46
15076 e63e2d1a4e8147f8
15077 5cb7404d35ef09fb
15078 c80836e24cc85a27
15079 b31c72dfeb4134f5
15080 c20914619fd0cafe
15081 4c78e3651029fda0
15082 d11f8b5b29135dfa
15083 a094563d95fabf35
15084 f76a77931f969420
15085 6b059ab38ec55e23
15086 1bc94558dee19add
15087 87551e17c2c4ec62
15088 7c83d392d1a37549
15089 593eedb91e1603ea
15090 c2996f86ee49b12f
15091 819dc8ef73955b80
15092 148afd02994e0ba8
15093 67100062f1126dab
15094 9b5a88c8b6b092a5
15095 3a8af62fc035146a
15096 402a70e95fbfa10f
15097 18d237e6857085dc
15098 8bcf9cd6c7f50e5e
15099 56eefaba1a43c0f9
15100 fa67427e96cb448c
15101 0fe8ac1ef75fc797
15102 6e2aa6990a32125b
15103 113536c9f2f0e27c
15104 dc8c6d4bad6eded3
15105 8099aebde9c15818
15106 122bf3bf94715466
15107 5ce4e75336d9c741
15108 2058cc515d657a95
15109 9322fc9a0d93e966
15110 b5fd5704c3c88699
15111 fcd41e84970786fe
15112 870f699959b9079b
15113 3c5efe81567931c0
15114 309e42badfdfb8ce
15115 5288860567875869
15116 e7ae5214960c52fc
15117 d9fbe6a9df11ac07
15118 394ce566b470c7eb
15119 807b995e9cd0810c
15120 a68ef0ccc30febc3
15121 d69dc614b3627848
15122 d654f167d5ee40d6
15123 f2ff3f5fdb258a71
15124 3503d8f399c20014
15125 95e310ae54bb17df
15126 9a3bb64ef04d43a3
15127 849b7b820b0199c4
15128 9df409795f60736f
15129 cb34722efa35f1bc
15130 66aa0591d2161b99
15131 5761f14918f11bfe
15132 eb1364171cef9870
15133 8a42f8e3922b51f3
15134 ff3ce813f2c24e9f
15135 f9b133042c870c70
15136 d97461cac5c5c073
15137 71ea0e0ef3d27838
15138 7c33b40fa3bd2886
15139 9cd2ab407029e061
15140 a409adeb7593b1d9
15141 d1404d454dd381b7
15142 c2f8728822343cb4
15143 504a4ed1f5fcf7de
15144 bcafdc8f6a4ddd3b
15145 2d5dc72df2b77f60
15146 988481b9a7f2ba6e
15147 c93704752eabdf09
15148 9d11851a937fe91d
15149 2832d73883c1086e
15150 d5b5af0d394de79d
15151 f8edac33584c9b22
15152 75fb3a6b00e3d2f8
15153 a62d290b3e254153
15154 0cd49f911f1f1cf6
15155 310031ae4f001e11
15156 aba7637e2da05c17
15157 408f7eab175e350c
15158 18a8ba39ca94d797
15159 b198d5518647a968
15160 d3abe6fe39ca687d
15161 79dc14ffcd5f0ce6
15162 802297bb4e8b3e1e
15163 6f6b19b68e8e70b9
15164 34ef0918adc8573f
15165 4c44390e3a485ef4
15166 6ee2f60c2c7da521
15167 67f67b41a3e5f646
15168 46677612eb608374
15169 6b1b8fb27204cf07
15170 5526230f46059b02
15171 7d56ae7a22e240fd
15172 817741b8ea2e2f79
15173 7dc19bec2e0bc612
15174 d9e011e2c1e420d5
15175 0941d184008b949a
15176 399d5b31678528fc
15177 c58cfcd9ac2d58af
15178 3dffbe311ea1d103
15179 cc7bf0533f370624
15180 07ca2c4fb9186e8b
15181 388f3c74204ff388
15182 2945dd698d5fb53d
15183 1cc127a398805c42
15184 3c5deb0f4a5af224
15185 c59d400c06cdb6b7
15186 c89fd4afeba16232
15187 a4237a55b1c5256d
15188 4286ae3246a5da09
15189 519c5a4336e9d0a2
15190 3d32dce6ccf04385
15191 2feac0375fb554ca
15192 d0315dec5f18642c
15193 5df099cfd4e1355f
15194 2f36ad5fe7db410a
15195 9e5c2edb591776c5
15196 7ce23b08ac5df061
15197 a4b770945a22aafa
15198 85ceb3d0a2e3e101
15199 c99abf3a04fc3b26
15200 86dcd30507900b33
15201 4c94782c4f1cddf8
15202 c483469ee38e4c46
15203 9d63d3fe7f47799c
15204 e4c0ee47de1735f8
15205 0e8146b2de995b46
15206 f9bae8abb1c28475
15207 2facce19a931863a
15208 a7a28571cee1151c
15209 02ce21ed93d0894f
15210 d12ff5231e0508f7
15211 69ff5079d942adc8
15212 d1fc7b0be9d0dd6b
15213 dd8f857b2a53ec68
15214 999c4dc04d5e745d
15215 8d919fa08548aae2
15216 c64b4f1494bee9c4
15217 8d87fe6999b68357
15218 70818f561a78312b
15219 f90673c4a99dc54c
15220 531065811b53bfd7
15221 dc3b7207840078cc
15222 636ff20653cbbb9e
15223 211a8944354f8339
15224 54207ec28fd3434c
15225 a91f86d683bcc07f
15226 e8d3f6c0ee1638f9
15227 2b9ef7326170275e
15228 70ca712904b5b8cd
15229 4cdfb51d6bb20fde
15230 232c8a19a3eb98db
15231 85d0e32b0425dbfc
15232 b945b99eeaa1ac34
15233 f4a21f3482cd00c7
15234 75f759dafc5c7741
15235 c0bba43c3e685866
15236 25ee0f00199752f3
15237 2c06bf6c71df9270
15238 41e9ecc1052568da
15239 0ea7acd3f704a015
15240 c7510fb25a53b680
15241 e4c5447cc145835b
15242 3e1f800c4dd37297
15243 39cc9043cefeff68
15244 e43c50cf114773ef
15245 d3b1edb6650bd264
15246 703b77f50e0f4a82
15247 11bb60bd83e1be7d
15248 fd9244b64bd5d5e9
15249 642eda3513b2ca0a
15250 9ccde398721103fd
15251 aa9cff0091dad302
15252 a4c5c246cb8fb2f7
15253 fc541eae2743206c
15254 4dac87190d77460a
15255 960178a46d94ecc5
15256 6ed154584d260130
15257 0b0525fc2ae6288b
15258 6de914e1da7d7527
15259 3acd25945bf1b8f8
15260 0cdba9d19bf2309f
15261 c0e6581bc1523fd4
15262 63c67f69ddfbf532
15263 d60e34379747166d
15264 6258d5043c762188
15265 67238f370ff756f6
15266 53d99880b71fd5ca
15267 b13b7a22b06153b0
15268 a1408cbcf6ce6d53
15269 9eb5b0ee6ad3bf50
15270 4014237992a4e235
15271 01e7081011c3b8fa
15272 7bbf5b187d68bbdc
15273 cafac3f679ddf40f
15274 5123ca08080ebc63
15275 67f965a1f49a7784
15276 dc39542ec44f378f
15277 492251d0c768f304
15278 977d209383c8ee22
15279 3f4e803bb30ca99d
15280 0236edc5c6ff1e85
15281 f792a64e92844dce
15282 9ba7f1fd3076ef5d
15283 4d7f1e20c873f2e2
15284 759607d649df9697
15285 f4ba059cec16728c
15286 03fffecb7802162a
15287 ddebb4e78be51a65
15288 b55b062ff9b98691
15289 18118b256ed7e2d2
15290 f95a41db9f1584b9
15291 60268eb7e962751e
15292 7859c8a63e42e64c
15293 10913a13bbc44b57
15294 19e9b7e901ee38d2
15295 5432c95c1bc51f8d
15296 c4c47845af73fc13
15297 f67041eb3412ad58
15298 1f90ece8dcfed35b
15299 439e6a9ffc78447c
15300 9511776080e798f9
15301 c483b0721088ee92
15302 763ff753b634d69a
15303 8bc0bd296a275ad5
15304 19ef70e22dc216db
15305 b9c543d34f22aa00
15306 1d5d7be55f463a85
15307 d1731d3d81352aca
15308 ef3bdcd9b692c980
15309 e464f0821b72bf83
15310 39bfefb478d47be6
15311 80ca048f2ab5e6c1
15312 60de0f58b69dde25
15313 027f10cc19b7ceee
15314 8a3327713f7a4831
15315 163347871ceb5496
15316 5c08b48b4a4a1208
15317 f8b07e7c78f2960b
15318 9bb66303e8120137
15319 684353a6bc65af08
15320 bff2776800455c2f
15321 ac61831cc978a17c
15322 e87d81c72ed933d9
15323 6c949fbf34c32b3e
15324 666f939e20b7bcb0
15325 539ae0d17968b733
15326 44f9deb48d1515d6
15327 fd06fbb2052fd4e4
15328 4862f732af4a1560
15329 63946f14d0a72ffe
15330 97bbd7c837579621
15331 bc0ebab070da1046
15332 23ddc837c3badbf8
15333 05cca6b2554e62fb
15334 b7220ef9a45a496e
15335 eeb832ff69beb409
15336 40511fd93579dd6d
15337 27db5695409d8156
15338 6351e85f2bf06e65
15339 d7213151bba7d22a
15340 6d1578dab265904f
15341 2a576941315977c4
15342 0c74641b26b6bae2
15343 acaf97a686f6d35d
15344 c2c23bdd9b5b3b49
15345 53ba2fec22d28eea
15346 c95e95efb52862d1
15347 a12aac49ed1446b6
15348 bd48a4fdcc99d1a8
15349 fda94adfdfd59bab
15350 30b34ca24675ae83
15351 0d8bf6699486d1a4
15352 5b2989682821c00f
15353 3344eb5d390253dc
15354 f372fe0b67257379
15355 a55a660738806ade
15356 9f9efe4bc58c6350
15357 2b424d811a743953
15358 6267cf2c294ba8ff
15359 66f2de66f5f89950
15360 6cc15cb192dd94d3
15361 903ed1e7c26b0918
15362 a6b7896f44f741c2
15363 fa041a12f3b504bd
15364 a0d841ca8f17ea98
15365 32a330d45e99941b
15366 6323aa33fbf9f815
15367 39a8a74b526a05da
15368 f2917f02c09db141
15369 5823b6bdc737de02
15370 4f7e7f7bfd8cbc17
15371 06447adea4ce5be8
15372 b0b78a3d5a420540
15373 157d76f76102fb43
15374 b5e396112f00ee7d
15375 7ab397c946777e82
15376 332ce17a04e4bf77
15377 e0a254e8fb00a0e4
15378 529d7a6e467b60d6
15379 f6313bcbbdb7b471
15380 b0fc19ac637b7214
15381 2440c986b551f9df
15382 2532e0d9ecd37da3
15383 f452da26c9c927c4
15384 887f92fd046f614b
15385 7553065f36a9bbf0
15386 60b5d0ef21c10a7e
15387 c8472f5af10b0f19
15388 f3821b52c05c99ed
15389 1672b0a64e3f9285
15390 30dadffcb7e022c5
15391 cfb99b42432d600f
15392 74a603a850037aca
15393 c1e4e6693b95c0b1
15394 f793bd98aa04278b
15395 a27966d454251cec
15396 e0d512a191704d81
15397 4deb54d60f3895d2
15398 9478333318674dfa
15399 b5794b95d0eab8d5
15400 51ef2e4fcafaf302
15401 f6c4aa64a65d5f09
15402 8cdd8cd1af571db3
15403 3ad4dffe805ca814
15404 928ec6330a5a0d59
15405 958f27535cbcacbd
15406 cc81bd4188d1a1e5
15407 e385088f89e2532a
15408 01eac32e8509e931
15409 78a1d11641db5dc7
15410 ec57c54dd0268259
15411 5d90d1caa9998276
15412 081209940444deb5
15413 f04e7b345128714a
15414 3e85d557a21e6caa
15415 1b0119b340e25f01
15416 bcbd4a6878d9770e
15417 8a8d3ed392dd9869
15418 f677dda82dc7293f
15419 b4900a0bcb9bedc4
15420 c8d394e141f3ec28
15421 ec9cadd9a6339aef
15422 29c87eea544a6548
15423 57b54f71685e3e0b
15424 4b49a3787a3e1ffe
15425 0c3e385aad162499
15426 82361fba6fbcdcf0
15427 41d1245b10cced4b
15428 eb9078139020322b
15429 19eae17fd054b974
15430 1e424394a8baa503
15431 020ab4575c385680
15432 2655eff70156dffa
15433 83e1637ad5a80945
15434 852bd58d9b571288
15435 d3b87fb65fbdeef3
15436 5b84cfc76b8fc285
15437 65588b7bfb3f293a
15438 c3fd54eb64bfe65d
15439 73a85aa21ae49d76
15440 9349f47a9571e37b
15441 3a694808c49fba44
15442 27eeba0788c896f0
15443 7ceb3307c02ac0eb
15444 e6c3070e2c2fa3ed
15445 6470fd0611ba8ea2
15446 1e6bf1d8510a1b57
15447 bd7d2210e2d27e3c
15448 f1b5642f124b3e2e
15449 39c4a4cd898a9289
15450 191d7c881d9da884
15451 dd29af0172daf7ba
15452 6f78eabe9a1cea0a
15453 62b1068f033b9a88
15454 6a59883d5ee1798b
15455 ec894079761cd1c8
15456 c836775aef3132e6
15457 0b99e0b6aa65f481
15458 6e1ce361c5500fa1
15459 e1f80395e711f29a
15460 03af65f4fadf49e1
15461 3d6e2565e3b3b846
15462 dc34f983a8d67433
15463 68b34f86b34ae230
15464 b4d591e23f4098be
15465 04a6a01b2d2c0859
15466 05787a2d49066b74
15467 932b3860bbfba9a7
15468 21a6c916f15e4c3f
15469 460b8fcaa0d3f758
15470 7fe56f312a42be1b
15471 8761386596b5bd98
15472 6d801c0a0da997b6
15473 0b052d3dca74ad91
15474 6f23305e5a193e8c
15475 818e38139547a03f
15476 75f955eb33c19fa7
15477 25c168082abb1540
15478 0ca87276a17f41b7
15479 ec472377e415149c
15480 f865b67c6a571701
15481 56379e79badb0466
15482 fdf5311af8530048
15483 80a17fca5794eb23
15484 cc4c46ca24586b03
15485 3c88c25fc76c17cc
15486 e0a2d114d6c4846b
15487 15bcbdb5b64bb728
15488 0f862e445e3cb586
15489 9b61f0b923f76b21
15490 34121ced8bea39f5
15491 1bfa7152778c26f6
15492 27b494247d728441
15493 5e4e246bae46fda6
15494 6e9c7a09efe9eb93
15495 8f4059bb464a0410
15496 9c7695f701113d5e
15497 0f359522eb9c07f9
15498 5ee38aedc70d36d9
15499 092dbb306c166b52
15500 b7f3b18d842f2a45
15501 e4f2d352d255cefa
15502 e1a9f62e432de5e0
15503 d50083d977fd1363
15504 e956d043c88e3956
15505 8e78b22d243fc131
15506 8583e9b37cb8c25f
15507 81432890e45c4b6c
15508 bd640cf7abf82d0b
15509 7574847237ddbcd4
15510 b0b768a5c18866e1
15511 bf97adc5d4771fe2
15512 bfb618eed122572e
15513 6aa463c963346134
15514 ea47edb489979a8a
15515 4825ee12c3a205d4
15516 10d12807bec0bf39
15517 fe15256ca6867c1e
15518 9bb2841a1282fecc
15519 7456f04cbe78ca38
15520 aa43454974464865
15521 6c4a97b34a77393a
15522 f89e9c93d2339ca2
15523 1144bdc3fae7ed71
15524 7a402f864e8abbda
15525 99ee4b3aef306005
15526 0a78f218659eb66b
15527 624e77b171c2a520
15528 2f5fcdbaa1294a80
15529 1d66f2fa6dce3307
15530 3a7b0eace34cff6c
15531 6d9fa893156d84d7
15532 abf4030c10b49092
15533 80d7d5aa99197dfd
15534 8b7871b74b4430b3
15535 9ea0209a88d2a868
15536 c937268ba9cd1af5
15537 04c78fb2eebb90ca
15538 9678b2cd3d531c52
15539 39ed820f54bc92a1
15540 2da2b617eb728a0a
15541 cb924d765245e935
15542 f3b59927bbc9131b
15543 bc30f7732d6b71d0
15544 8177b645afe746bd
15545 8facf1a942afa052
15546 0688d41fd105c6ca
15547 c79d8ce93328f8f9
15548 27fa271910e30ece
15549 f14eef8d9bfd57e9
15550 5a01a14759b70544
15551 32d1fa10e22e2a37
15552 972a322128eaa9c1
15553 ff846ac9eb32ba26
15554 1ec0d95348bf4f46
15555 e7c7b3363dd9119d
15556 07cc31199f07a47a
15557 80a309c2106f22a5
15558 ecebb230a9bfd7cb
15559 3ae38cd1d3643600
15560 2d49935a1f5cb83c
15561 0db05908e8730bf3
15562 0ab68a402874f30c
15563 d385254305ce8877
15564 43c9379c366b93b2
15565 f72a9ab8c6d5769d
15566 f186f5ad7e686993
15567 d2acc1d7c60627c8
15568 7f4cb71ccbb716e8
15569 ed2ce8ad502f3d2f
15570 4ef3c3f8506a4aa0
15571 92eb020e7fe31b23
15572 0a29cfc0c8d00b29
15573 be40b65e09b26e0e
15574 9c8e6f041a0429fb
15575 a7c4256f808a812d
15576 0d10d7c2696689db
15577 f87995b24aabfc81
15578 efc8d501798903fe
15579 f09634958933ebd5
15580 b00e77cdd36313d0
15581 17746b32ef63c717
15582 001b6ec52b8e97c3
15583 e95f3bcd06e1df78
15584 d04cf5a531e37efe
15585 697628f8891782d9
15586 3178da862cb0f2d4
15587 c91fab0ff0c809df
15588 666519ccc540d95d
15589 1988c0c9bfd35072
15590 d950b59f9dac56b7
15591 d10da3bffb7d3ec4
15592 630faca77a9a21dc
15593 be73d1150f297f93
15594 6833c996f2911388
15595 aa3c93ccf2cfbe8b
15596 d54f638506eabc65
15597 df9b79a06f96493a
15598 875b228d1196291a
15599 db683c722afe16f1
15600 fb4f5551dc87bee2
15601 359bc9dea4421c4d
15602 f4b97afb30aca0c0
15603 cdda682c1d043343
15604 34fd832e4de2b90d
15605 981ea027f3c673a2
15606 7e8758cb50bf0487
15607 d93304dd1901f554
15608 e3221c99de34654c
15609 baa11c5d0c16f083
15610 be4c727b0f5844f8
15611 23ff344bccea9b7b
15612 4b8f9c3dddaba455
15613 7037d227d75f1c2a
15614 5f3bb753a2ff9e0f
15615 62d5c97b9e8290dc
15616 69ddf8bf3b3913c4
15617 d32a535e0bb2f0bb
15618 f812905a401d74f4
15619 fb21f0d426db857f
15620 72144d7a6dbd5bba
15621 dcf3402fb7233fe5
15622 0c66afb9cbcdcd0b
15623 eb602d2d2a60d940
15624 66ffe0e2a8d317e0
15625 5f3e932402cf8567
15626 a7414de4f89bb628
15627 60e4426da3531a2b
15628 cec5faa7755a75c5
15629 292f802ffd26309a
15630 b62e27bc9698ba0e
15631 17bb96e89f87a01d
15632 82ae4e2c5a7f1082
15633 166e9246e46d25ed
15634 f847e97c82319be0
15635 7695a001b051b863
15636 c2029e402099fced
15637 3e0fb504bf9434b7
15638 af8419fd7f04114f
15639 4e951de25dce1719
15640 333c6be9bd975626
15641 b45752ae39c436c1
15642 7ea8d383e27efd2b
15643 70a25f6661033228
15644 025f343cd66a4b35
15645 cffff3be31c4ec0a
15646 721aefb43d05faa4
15647 a6887021184e9d17
15648 021d476da24f2318
15649 a718969e97218b5f
15650 25e93b5453c96322
15651 2a11bcaecaf168f1
15652 772530235fba1c9d
15653 0ccf38e016b66eb2
15654 32e8cf070fde2fdc
15655 a967a843d62e390f
15656 ede886ff350c972a
15657 d30e88a668207355
15658 ae09594e49a9f127
15659 0dcc30449ea4eb7c
15660 bf84ae599e3bca21
15661 597bfc5ad3d04686
15662 106cfd40c6f0faae
15663 a61e92e8d522a53d
15664 6c01d29ff6002cee
15665 a3ddc18d9b733a09
15666 8d66d3b9060c825f
15667 88c2c7a21f5398b4
15668 8ade2c716e626754
15669 ad68af004e114cbb
15670 0a268a4a35f0e3e8
15671 4d126f0ad7908973
15672 cdacbf5c3ffae8c6
15673 7cd483100b0cbd61
15674 9c8e1054a4b3de67
15675 521f2f52b967749c
15676 0eac1946081bcfb1
15677 3c3f70a886331dd6
15678 d81a12582e85949e
15679 7e88b07fc0a6276d
15680 9bf45557df3143de
15681 47ba0dcb1dfceb79
15682 18ed8a01a1750b4f
15683 e9acd6b1a0e377a4
15684 7e9e5ffb04696419
15685 5a6d20b4920a82fe
15686 30affbc936da1f76
15687 354fc034667efae5
15688 a5f42062b2e4f54a
15689 8928320026cb72b5
15690 2d7b3d9455f545a8
15691 2fe89b0fb451ab2b
15692 2a81b5be79911605
15693 42ac5ba12ff9aa1a
15694 f3c78c0df74a07ba
15695 1e4c9144133eed11
15696 1f170b5764438fce
15697 0b7b9d866b186829
15698 93cc2d56950ceabf
15699 d2609b5660573fb9
15700 f5c37cd32aad2795
15701 289caed42f838f4f
15702 30d912eb2c837908
15703 a4e77ba6c0276993
15704 5a85ee18c8eda4e6
15705 c6e9c9aac13c8381
15706 7a9d83a6609d4f47
15707 5df8f8e7162df0fc
15708 fb1729e008ec835c
15709 22f02ac2a81a4d63
15710 802bc069b4d7b574
15711 e26d6551e6a46327
15712 4157bc7f2bf808a5
15713 bbb0421da0cd043a
15714 f5a1fd13acd5a4af
15715 0241ba15ba51d604
15716 e9ba479e81ecbeda
15717 294765a8844a51c5
15718 517171c4defbe752
15719 ce2a06c124a33ec9
15720 d51dc5b0720fb40c
15721 8fb8a5fc9e2a3c13
15722 cb9ce583bedff677
15723 4adfcb18802ca1ec
15724 8853e24ea3784252
15725 cdb1f5b04449b8bd
15726 8024c535ade2cfd0
15727 f3bd6df4c4063f1b
15728 f3569de5b78c02d1
15729 6b2627e7f313e076
15730 66d9d812101c93c3
15731 443e15bb9deb7340
15732 19e5a2c2964ddb38
15733 cfd5fd36d5f7d76f
15734 92699f139c60b87c
15735 2a086ccda5d6642f
15736 4d2a4684bdec0619
15737 c5995221e0cc88fe
15738 d9c54870d628691e
15739 4761e6dd4ca07eb5
15740 4207eabebebdcbce
15741 ea34c3f17ef50f29
15742 aff202401df34a94
15743 395f5ec07c82a3c7
15744 cd64ec85add08101
15745 7304ea48a5eeb866
15746 07c427f23d322713
15747 b22e0312167b3350
15748 8bb758bf62e21c28
15749 a4c488fc69df905f
15750 09a4ac698fec166c
15751 f35a44d4fca20d1f
15752 003de91c48f58249
15753 298d64606409ddee
15754 3bcd8e4dac60089b
15755 ce5d75e38d605598
15756 9fe0f5af5e39d7e0
15757 02b4124bb9d9ea37
15758 d9c6d47bc574f570
15759 5bbc7855621020bb
15760 550cf510c5e58a0e
15761 0c4e5dfbdd99806c
15762 dce73fcc1ed0b9da
15763 6a34a9430e385854
15764 f8230fc7712044b4
15765 aa6b318588a69e9b
15766 2eed49dba17f8d9c
15767 cd538ebbc0f51b4f
15768 c8bc7692b1c6cf79
15769 856ee601aa5719de
15770 4145704136295f2a
15771 1ee4eaa8e1debe99
15772 c99a8b529bea59ee
15773 980d0cff6e481f49
15774 c79e3bcb5fe288b4
15775 3cf889ed12d2c867
15776 3dd4cdeb9ecc8361
15777 0b555792e7368bc6
15778 f79223dda0994026
15779 21ae146e74523ffd
15780 e6ae93ba9a01061a
15781 a811abf325db2305
15782 f5a193e683b6bcc7
15783 78fcf3ff6ee3ff94
15784 e295f690110d7829
15785 3e5e4bab5d2ad9ce
15786 11b795bd37155388
15787 1320eb24e07a0d8b
15788 5918d05b0383e87a
15789 ccff7e5ac9db5fc6
15790 717d49c49ec96d2b
15791 457584e408f9ca28
15792 9f43d25f182f4ab0
15793 67c2fb135fe07587
15794 0d7aa69449ebb105
15795 00422194e652ca66
15796 70c780b55cac57f3
15797 9f975f5f47023aec
15798 3eba96feacd150da
15799 5923efeb9826fdf9
15800 6ec8ad94488a78fc
15801 a1844e297212f903
15802 5fd6ae3268a33767
15803 47b5e5ce0cae9834
15804 9e189564753906e0
15805 b112f2e5ca85ce37
15806 020e2a2a4223b735
15807 02463e3854d65103
15808 1207aaa73a1fc25a
15809 1965a5dcd2c6b7f5
15810 aefbc7b5bf0be0bd
15811 87d5da866ca4a0d5
15812 fd54b3965283aed0
15813 cc6b25c3b02789b9
15814 d348b13e412ff789
15815 298bd56403185bc3
15816 990a25c518597db1
15817 3d73713e23f94887
15818 dd0750bb22b6774c
15819 80f3158e9a1871e2
15820 156739817593bc1e
15821 4eaadcd9a49d2670
15822 f6e4655fa819b749
15823 49205d248ebba96e
15824 a2acb65a90ff8d34
15825 8e6b0fe419efde27
15826 659900484351645d
15827 bea6121240e71d31
15828 66d3a8bf29e4e49f
15829 62123eb92859f6ff
15830 d22010e2100d5a8b
15831 2aef06b834a639cb
15832 91f8a318b01ef1bc
15833 5324db052fe7fba8
15834 e4509e796b4a7611
15835 0e8df6843d6f9375
15836 ada865648425b333
15837 487d2a00d1782c3b
15838 473a69f11d00ac30
15839 7aa5f448081d517b
15840 d985d215b8441a8c
15841 2e75d0b448db1c66
15842 0589cedebe5697a2
15843 40f2c5791cbcfdd8
15844 375a5eec89bcf146
15845 3bf37beb0e6741f8
15846 79f3e6feacb8b1c2
15847 97e14a276e7deaa9
15848 1cb39d11343bc144
15849 44c1438b1d25cdb8
15850 f98371e81ff1f9ea
15851 c9db6cc386bf65d2
15852 92bf984d0c385f11
15853 f85043d2b9ae7dd6
15854 5b6eb95956abfb90
15855 f241a50c8eba348e
15856 f71a8a4debae2fcf
15857 c13b4426d89c8ee5
15858 88385a75493e10b5
15859 d5a69a8984aa700f
15860 0bf94e8501146392
15861 6c35cdfd6c0abbfe
15862 62b4ef7065e6ed7f
15863 d167cf5b5a249473
15864 0fff85640b9adb9c
15865 9599ca11eeeb4164
15866 dadddcfcd75d99e0
15867 43c3d888e7435b13
15868 74b8f98157961cfe
15869 92742086dcbfcb80
15870 014af7d7d8574bde
15871 5c5a7809bc955e4c
15872 a3ae9fc78821948f
15873 a24af4421368671d
15874 3f3752e66e05ac76
15875 9d57cb8643ead22e
15876 c1cf89b04c461c29
15877 02d418f32045128d
15878 6cca7d794724f05c
15879 31ce1f91903168b0
15880 00749bd56191c5ce
15881 2228605b416d300d
15882 fb2ae52d40abc1cf
15883 1b7aba0ee002d2a9
15884 c588c8d6f96cf154
15885 6a2bf2fcec7235e3
15886 24cdeec1739b82c5
15887 afdc3621e481844e
15888 ce70a8feaae7233e
15889 d15de61ff629df52
15890 fb1d0e42cbaba600
15891 44697813f5e4c588
15892 8f7bf6edc1f978ef
15893 3b0d601de5cf901b
15894 fe7c0f3d82b74f3f
15895 f6f1254abe58e0b0
15896 99b6a62c8343aea3
15897 58efef19e8567bf1
15898 bfee9165f4c79025
15899 01f4cc9dff20bc17
15900 1f0e36daaaa9af11
15901 f19be3a37dea8977
15902 dd3cf0b5de198905
15903 64bc1e52a4fd4fde
15904 29b6639476d0938b
15905 7677edfd596a7297
15906 f37b5ad07710b91d
15907 4766d044fb33b465
15908 bd03dbc99aae687a
15909 27207fce5d010f25
15910 8e5615bc053337ae
15911 e6182dc38ee82a84
15912 829ed586af52f9bc
15913 bbbff72faa5b1fbe
15914 483d6f8eade57cdc
15915 1a687d49584814fa
15916 67deddf2b99e2f9c
15917 f36f3ba9576286e0
15918 fa00243378617931
15919 7a41507402f19fe5
15920 6dbb56168e80ee43
15921 ea92ce42b346008b
15922 f6e847563c7d4ea4
15923 ce6be73d4cd64fe3
15924 b07984268d475bc9
15925 4917fe057356fbdf
15926 bb2de76df446f3b2
15927 f1fbd980dda6c5c0
15928 f39b20a13a00b9c4
15929 ec8877082820a62e
15930 50e46fde23214c9f
15931 8a39125a1846a37b
15932 d0923741118abd5e
15933 228681405dca8aca
15934 b339292fcfbc2899
15935 7941b53fecbf5b91
15936 3c5f6de15cc33839
15937 c1333676b677625a
15938 a88c9140bb2e1b6b
15939 e75338ea4697dcf5
15940 c10bfa2d4ae0090f
15941 587f5a794e691e4d
15942 cbe2d48f45354b72
15943 d0874a2ad35cf428
15944 dc512afb7314f277
15945 d6765eddf9ee454f
15946 68303b823f19698c
15947 0226b59213df9595
15948 8f58486417ea6c58
15949 003beae64b1f9679
15950 0f1d1fcf0912a683
15951 4984db63b319b0d2
15952 3f71bdc9373f3705
15953 c0e93ecd868a25bb
15954 01a9554b680845a2
15955 ae7036de445d9208
15956 d3adfdb005a042e2
15957 a340c5c185dbaf7c
15958 bc6507979cf4a0b0
15959 9d2e94ca7f1da63b
15960 c8011db44d8c3725
15961 2410e5904d09a895
15962 456825fef17c29fe
15963 fb8ec0822df9ef62
15964 2129951b26d4120a
15965 4eab026322a22155
15966 efdc445e9f77ae92
15967 e97b46f77ea83309
15968 f6eac263254b107b
15969 63fe919de0c3cb67
15970 807eb2a91ef37d9b
15971 edb9711968efb18f
15972 6cbaf6c8e36010d3
15973 551f64c6a168c5f9
15974 4b680d83cb673622
15975 51932e7373d97040
15976 826e128283f0a42c
15977 c0ceffce903d9d9a
15978 0e188899e0223c73
15979 cae690b048923516
15980 695d788569dee9b3
15981 77b1900910c09e83
15982 562fa3d477b2de81
15983 90add968994ed05e
15984 4144ffb1a67a3178
15985 21d43cf0e7836c36
15986 09f91b5a51cf42bc
15987 0d54cd7413a8d934
15988 dd149819bf20eeb1
15989 696d08c382c904b1
15990 ce558f527b63b8e8
15991 c43967ab025c5b40
15992 37a148939dae57e9
15993 6e88ad1421ec2672
15994 e626eb75c3d951ba
15995 b808ba5f84611246
15996 aea4c2d54fe8a575
15997 a70687895d07a4d1
15998 3268317f6e9b6a17
15999 6dde5693fbaeaa13
16000 9014a09115771e1a
16001 27597855afec49af
16002 651daf044f925434
16003 113a807430489387
16004 4ece66c46397715e
16005 ea9a7e75947dbe5f
16006 2afd0d4d37b941a6
16007 d0bd7890795d901d
16008 563b45e646096ae0
16009 073049119df3f50d
16010 20b06edb914c736e
16011 25f260283e62a507
16012 17c2e84b6c08ecad
16013 b7e24e9af50aefa3
16014 aeb6f08f23b1314e
16015 af9c7af0b76e6ff5
16016 4f1a269dbbba01a6
16017 a3dc95c5cdd0a1a4
16018 879c1e65ee36139f
16019 83be2e6a50ec3e3d
16020 821a330ab7288627
16021 44c59ac7b332602f
16022 d2fe1fca3fe4a03d
16023 df3a65de8daffa33
16024 4028aad6bd1f0951
16025 9905c04179f3c5cc
16026 3c538b7124700a92
16027 c9c6324f63c39ece
16028 906461d4b11fda55
16029 982d267620151972
16030 e005fba738b13d7c
16031 7a1bec32b1eba511
16032 07238e4c8c9ae091
16033 5c99e40bbb06ab6e
16034 6074fcd414c2a176
16035 b2751cb3c5863cae
16036 31b10132e7d9371b
16037 feb27af40ab9fa46
16038 073887641130fa86
16039 7f4a01c78d4014d0
16040 e87c445dd12feb8b
16041 a92864df823d1fa6
16042 105367a4cc504671
16043 902b6160ab37a961
16044 607d4fad8f78d68d
16045 324c29b8be23093b
16046 aec29912c30ec76a
16047 70a4ce6d0d038a4a
16048 d6e7f62d99d32a6c
16049 1d90ad2f22bab565
16050 e52654a9d408c502
16051 2e19dca1f9136967
16052 15ad3e5050879bb3
16053 ed3c61f1a120e896
16054 d01f32f097ea77b6
16055 7bd4fa50c4803ba2
16056 6b6ed60e05f36335
16057 b97daa00e2e7e055
16058 6b7347da3fea8d10
16059 62c7e2028026e03c
16060 bee3125f426d5c45
16061 6f7127e3bace9321
16062 142cd74df0f88f96
16063 26928a97d3484fc3
16064 cf0e035fbfb03558
16065 c9d53b2c6e1c9006
16066 359c9675f2b2186b
16067 29bf306451064e0b
16068 285868e8482d716b
16069 2e3aee06f00a11ab
16070 3900457ee5a6f49e
16071 723fd2b62ac4db91
16072 32cef0150082d55a
16073 dffa0fbf6322e4c0
16074 2c48a9bb7e473246
16075 6f54fdcc1a73414a
16076 f544106f8f31111b
16077 bb1e1cedfb1a1a43
16078 55bea34aa1ec7eae
16079 3bff9e872d61d4c1
16080 8c425e1bd5dc8275
16081 76c0cc4d294712d8
16082 03190efb0e144ba1
16083 2afc72d2449ace87
16084 ee0f47daa9715fdc
16085 8e3ff9dfc2d242d3
16086 f8e78d2b3852b907
16087 7a338dcd8dd805bf
16088 f769c64aaf7d2458
16089 7e10448d83165673
16090 7d8d302b5be437bf
16091 b5e85fade409774a
16092 52cecc3b6dabd33b
16093 936a645aa0bd8458
16094 a8749bd1d817071a
16095 8a484371bc550ee0
16096 aebac203245235e5
16097 54ff5773a19ffea6
16098 0846c8480951d6c5
16099 c89bff69471714cc
16100 609df4632b09b66b
16101 db4fa47c0e6c4960
16102 e3e864eaccbfbe4c
16103 1301c6c727235776
16104 7354d93c544d2a56
16105 161abe94fba2e716
16106 897f673a2f97b707
16107 a970ed6ec311f6de
16108 36f127999ed5c9ea
16109 7dc53f61acec5d21
16110 3539632f179202a6
16111 8570b4478cf6b346
16112 1d82d86cfa35561f
16113 13ef3d1a8ccd7664
16114 5e7366248a974faf
16115 d65b792ad11c42ee
16116 6ac762158adf3eae
16117 2f87f893c0f4026e
16118 6347dbf68c0a6edd
16119 4e0c70c67ca3b6bf
16120 0322c035983f46c0
16121 f103282e962ae270
16122 c996d46b88aa6b60
16123 1a5459e8eb4d7f4e
16124 417f7380429f49b8
16125 75628b2d10872d7f
16126 76bc41765fbb2e1b
16127 1fd261dc50c757d1
16128 997ea58c4c36c03c
16129 a81b663e75504bc3
16130 7024e3f0d052ce78
16131 20b1bc22d7b4d5cc
16132 1779bf837bad9722
16133 d7379fdd19919a77
16134 cc3866733ff55421
16135 8f0591bcf0f837bb
16136 54410b0feafd8e26
16137 797a74e11fc6acd0
16138 e6efc3196c843c1b
16139 9f966c9808dc799d
16140 7ac17ccf3843c776
16141 62b8f5d545a66f33
16142 53720496d1ccbbf1
16143 45dc1ad5080a5929
16144 9035df4184b4a6d8
16145 bd84b83223e09cb2
16146 1235ed2a7f4cb69b
16147 bcae638a60065752
16148 08b0dc7f2ac4f1a2
16149 f011aee55b137123
16150 c7d40d42d2623393
16151 1290554085bc4625
16152 2d9033d84607eedb
16153 20e088186d3ff629
16154 7368bc9befe4d121
16155 a202f08ec73784fa
16156 0ceffbbd671bfd30
16157 0733965f6488c251
16158 dafffdbc6fe91021
16159 4e557092ea3504a2
16160 f1a49e11d97cf65b
16161 ef4ecf1b1abad4b2
16162 6494a49a6e10e336
16163 11b3576c2ec6f9d8
16164 92619b413365ad76
16165 4431cdec32e2cc83
16166 caace8acb824e40c
16167 7b1dd88003a0cb6d
16168 8c07ce67fefafefb
16169 b59e873348c5db2e
16170 f3bb79f48830affc
16171 6cab012bd122c423
16172 b3b96499f4c93cfc
16173 6b2e1e34bb026885
16174 8f41a6a2ec3a2c81
16175 3b370224195a183d
16176 18d3981d24664d11
16177 32e74d7ac4e98578
16178 2b70679f7877f755
16179 3f26e5d6db0cbfd0
16180 0354f4943d3b72fc
16181 98beeb285b155f4b
16182 2ba912df19fe4e31
16183 df05924f05c50c43
16184 1db63a1114601781
16185 5479abe8f43e28cf
16186 66596a58dff9c38f
16187 b47bcf2350d323dc
16188 55fc8aa5da8bcc92
16189 f6bcb6d0b58f0606
16190 7feeafa05ea6d293
16191 08cc3ef6d8876cb3
16192 e9456df9a050d955
16193 3ce1457a04eb0ed4
16194 608369ca0f3ce47c
16195 8378eb78bca7506d
16196 22c71b0ee3ba9693
16197 ce75048757c3a0b2
16198 f47ea6fc25ddab13
16199 d0defc9b6ab6dafe
16200 cfabe42b672ab8ac
16201 10bf5292d7640434
16202 dfa03f4bdb7ded59
16203 f534a577ed9167f5
16204 6321e914a058c64b
16205 6fe79196e99c00ef
16206 00529a3f500b76a2
16207 ac496b80cf9addc2
16208 c8aae26eef228522
16209 f5efb80678424b1e
16210 700bfd726a2f154c
16211 e22ec5fb76ba6510
16212 75f4b8272d4bbaeb
16213 cd4110317f4664dc
16214 a3c16df87ed4d645
16215 587ebb8baf7a650b
16216 11749669342e366a
16217 c0621dbea22e482a
16218 1ba8331fa9d53fc7
16219 8b04cd02dc4e98a9
16220 dc8076a3c2286d3c
16221 902df27b81001c96
16222 b3e6b669428c327e
16223 0b530f2c16436d8f
16224 b666aa50ed748727
16225 56b5699d57f86a0a
16226 b41d1423a050f9d4
16227 28f4ff49982e473e
16228 b9f96e02dbc9d83e
16229 7cf143da77f5973f
16230 75d98bcbbc18bb1f
16231 fb080d4c3bf736b2
16232 5f3f520ec3ac0a5b
16233 8bd33453d1ed8475
16234 11afff5a8ef2228f
16235 a189dd90f2d2292a
16236 e1461d5045b7495c
16237 db4657005cc6b3c9
16238 60a4cbf0c7ce7769
16239 be6904e9fface46f
16240 db0c4fd480088cd4
16241 0da8a9c1babfeb55
16242 89107d568d164e5c
16243 1bd6a87bca9c3ad9
16244 e9339df5252453ac
16245 1a84fa159274fa66
16246 fdfe510fd41eeb4e
16247 475421310666c6df
16248 141419128c2ab7bb
16249 0ffc2ce46c28effe
16250 62edc9534ea295ff
16251 63316cfeca69f819
16252 3b7ddb7beccfecdb
16253 222d906901c59cde
16254 fc5357b2a70d7251
16255 9080cc8419f880c4
16256 8a7137b2cb5e9fcb
16257 2a43046c3048019c
16258 b97f6a28e168920e
16259 ebcf57f9291e04ba
16260 456bba6cb6de2141
16261 a4b1b5dc8fc88d74
16262 e639da05f27294e2
16263 5a159cc951d8f31f
16264 b24f6b5492e2f70e
16265 2cfac11e41c984cb
16266 c553dc14db1e574b
16267 6175620aaed26a8e
16268 a09245b81ff5f198
16269 304de32f422326a5
16270 63bd19c71e5f15c4
16271 b3a4a1ecc95eceb1
16272 af6b0b75beb5acc1
16273 b657273138df4f64
16274 a7e3eff4685a53c3
16275 639de76103c46846
16276 ecb720dd27518bc2
16277 8fcf38e403da957f
16278 7e4bd1ecf9892486
16279 3ee8fc1e2e0249b3
16280 d0955abb6ed3e470
16281 0e29cf5c4873e81d
16282 10a3bc6081bcebbb
16283 ba632ba5920efefe
16284 35da7586404b731a
16285 a7a29769ac0638c7
16286 2e1302af9fc17290
16287 fa427792506a41bd
16288 84262ed36115dbcd
16289 ce6ee99c8cef82a0
16290 a623934953259137
16291 c5c28d91ad5bfc4a
16292 8da6870c15cc9074
16293 b2d95c065b314aa1
16294 31deae9d7cf30aea
16295 d113888a63f616e7
16296 e8e06a99435acec7
16297 66a002160fc866ca
16298 825bcf65228996c4
16299 4e39986a706ee5b1
16300 72848cd2664aef70
16301 9da649311a4bcb1d
16302 d0bc5040ab2dadc2
16303 61b0f9d74f842b7f
16304 33a0ca3a93b276cf
16305 f01ecd99f4ad62d2
16306 efc10325e8e28745
16307 e0c1bc3dff78ceb8
16308 e8d7b26f2e876502
16309 7e4f07cd66e6eabf
16310 1673cc0db747efba
16311 90d77b5061abf2b7
16312 675729e83d500737
16313 98e755330594333a
16314 d124b2a7787a2e7d
16315 839ef276fbe98150
16316 d37867be904ba28a
16317 0cddb21d2d4bf187
16318 1ecf44456dc4c8b6
16319 8e03286673c878f2
16320 3703f13232a4e289
16321 d873f2b1f93290f5
16322 79a6bdc3bfc6d219
16323 21a13df1708237ac
16324 b7f93a9dd240cd56
16325 27b00218c90f7513
16326 e759d33032475c7a
16327 4e6845938bb35147
16328 269c0773d034eaa7
16329 a5a82d21ba3ca8aa
16330 f1f25ca2d7570588
16331 182308eef40ed695
16332 0d8c7c131500a1d0
16333 7b80b13f3c5a8fa2
16334 2a7525bed3c4c850
16335 a825fb1dca8d879b
16336 43f93f2f51b664dd
16337 3b6d75cb9bf1dafa
16338 f0cb74bc46828fed
16339 1b3933f3cf18517e
16340 0c8723dd601b41fd
16341 46c72a8d6b6577b6
16342 a5601453fbc43f5b
16343 0ee4f764b7df2927
16344 7c060f8357cf54f6
16345 92f3eaab752996c5
16346 331ec0f69f7f043b
16347 e58ff8df724971fb
16348 66319549d12b61e0
16349 d0eeace7e65e26f3
16350 e04bce43bdb1deaf
16351 e17e9e9639cd6034
16352 84eaadc9b514063a
16353 dae79f36db9b0dfd
16354 fd7572b52efff21b
16355 9fddb1260c846dc3
16356 2fe31f8bd3e72e22
16357 632e1807857dffa2
16358 ec7d77be7587c247
16359 27e565b6f35e4414
16360 b3ddf386827c77f7
16361 6a9c737775992807
16362 16b38febf45a1813
16363 5fa83167eb1a6c17
16364 431d49c12b4bd8f4
16365 7f13babe9e61163b
16366 ab56801a13b9c15f
16367 3b460784fdec742f
16368 56950da1bed3b7e3
16369 fbe62517d49afb6c
16370 ef6d486163ffaaef
16371 59562e643de5d09e
16372 ffa4940f3062f10e
16373 223ace874416ac6d
16374 7885659efcb8c45f
16375 4cc95973bd3acb77
16376 2d040e78c4530bfa
16377 e5ed13858140681c
16378 d7a94c53418a2258
16379 f15ecef82d01dac1
16380 9c1eac282332e71c
16381 6a8538924912984d
16382 6fca7ccb8635c3e3
16383 057c8f65b5d12f52
16384 3661bfb4af4573b7
16385 610fffdb2b582e88
16386 884e126807b4393a
16387 0bd47981ee079d2c
16388 36c2877faa9cd153
16389 45a453b66370b332
16390 d8f28f8ca836243f
16391 dfd6fbcdc5824308
16392 8de231b16905dbd3
16393 497031e65269c9d0
16394 cb8ae203195796d4
16395 0b70af2a2ffa87c4
16396 d354b88685fa3207
16397 2c848d6ccadcbba7
16398 57275199e4dd8083
16399 2c7a9c56aec812c0
16400 8f7a17cd2182bf38
16401 f28478e2333a0c79
16402 82b8ba55a7d7b26a
16403 b724116ab00c1cfb
16404 c1d18f990d78846d
16405 b4fdb7fef3de3206
16406 2b2bfc1585ffcb5a
16407 5c6d2927441721d2
16408 5e190405b078abc0
16409 02361ea3cab977b7
16410 45a33db475f21352
16411 b2918638701eb411
16412 7cb37dde8413bbb2
16413 16b7211f806c2d75
16414 4f73dedcb7b7d644
16415 629be97c1cccf2d7
16416 befc3654c61d6dd9
16417 7e7058f2a179f79f
16418 606e4730d60c929c
16419 7241c8df5a122249
16420 eac6ed11e10e2b0b
16421 2ce90634f3e61abe
16422 29f723cd2b94a662
16423 845c571a4dd7587b
16424 b04bdbf24a835605
16425 c0aefb22df504314
16426 f7a26ca212755847
16427 98862c6369270988
16428 79a8dbac990f7524
16429 12173dc59580543f
16430 257d4902619cac18
16431 3b075c33f73babe7
16432 fe083511479d4eb1
16433 1c823bfdf07bca40
16434 5a836058ab3ac59b
16435 0441df484158a6d2
16436 776cc1ee75b616f4
16437 0e72f7a7a4e4fb31
16438 2af66403eccd4c89
16439 5190136130fcd344
16440 54bc17ea4338f9a5
16441 d66e58508b939036
16442 db5644f8016637e1
16443 3763ac9310b429a5
16444 fdabe23de51ed757
16445 61a8ca3ca65b9772
16446 8ce036bd5a97c355
16447 1116d81cbb7db306
16448 c9feffa386399314
16449 753e98dd0a30aef1
16450 72068b45f2ecf2be
16451 f61bd392669624e3
16452 88843d37b18248b3
16453 74864130dc76bf54
16454 805b1eddbe3b1a17
16455 2ecf2149d85d7236
16456 527d406629efccc2
16457 6bc012a471203c1b
16458 ab0ad0a12c067956
16459 45dcccbd4b55a94f
16460 d99d46f351430ed6
16461 c2c2885193fe5e0b
16462 76920101e84f9f5f
16463 059c8aa91ed62552
16464 a2ff2ff8884eff3a
16465 ff0c0578712e3f3f
16466 ac776c1b78072d26
16467 ca837b41b5a21f7b
16468 fe5aa90acb5a510d
16469 d1688adb4da9a8a4
16470 bd747f1db94720f6
16471 f301b3262dd1676f
16472 40ca68033080277e
16473 5826899ffb2f6b07
16474 1c770ffb39db687a
16475 b5af921dcdbaa153
16476 22e44c9fe4f1b6a0
16477 171fe886362651c2
16478 62b87b4a32e5d210
16479 9b188200af350070
16480 dcbf9512fd2217dc
16481 dd96c2d9804a61aa
16482 8d0490e9965a6f44
16483 a0c975ff3c7bc9c2
16484 ac74f1f169437a41
16485 dddabee001335a43
16486 f79ed70fbaa17287
16487 955987cfa814c3b7
16488 c51fa602476fba4b
16489 ba4e36699b7d50ee
16490 e0b69360216a13e9
16491 9220c3e9f366c955
16492 cef27de22aa3c6c3
16493 8d81efdae09cead1
16494 9e32d9008bfdadef
16495 289cc53527813d2e
16496 6ee24b3875718034
16497 7425d0f2f748827f
16498 b3e583c685be4a78
16499 00ba6ad19c293ef3
16500 21f4d42a831664a2
16501 88a22953c2371a2d
16502 62af45dd411ca73d
16503 d6723cc4085cbbc5
16504 76fa4fd5ee628033
16505 aab024f07ac32c19
16506 04b377f11370d014
16507 f060a5143558cd0a
16508 c3b59d668fe94097
16509 5d94a6da94173048
16510 6ac7b2ea2ca6437f
16511 29fad03db029fd87
16512 eda5be455f836aa2
16513 df10d4c8b3c65adb
16514 6fd076a7361ccf62
16515 190d7053c5469c45
16516 aeb3dd5f24c38aab
16517 bcdad5ce1a2fcab8
16518 62322b8294950148
16519 c90258f23a367a93
16520 d901f5ccb64f4f87
16521 85c14089afe4979e
16522 8d2542185d6fb290
16523 dbe6f102534967df
16524 a812fd19dfe77e1a
16525 f62a33dbfdcfa76d
16526 c28f172e36217549
16527 ab0590404ed52440
16528 40deaf53dc106f8f
16529 c546ac739148f5bc
16530 51b3608dc4afbfe5
16531 6ff4614a750ff592
16532 db29a56d106af286
16533 addc22f800ddd6b9
16534 b2f8279575444e29
16535 360be160974f6a06
16536 59275e8f15b5199b
16537 caf313f1ea2d3348
16538 f3ba0ed5c27edd52
16539 2507dd15cbcc002d
16540 1c5fbe6d77143963
16541 3199f8750dc2aa44
16542 1d5d2214d67e104f
16543 a0b640a8d4108670
16544 b6978bb387eb3c07
16545 3bccd9365b6998e0
16546 f05dda02518ba3f6
16547 0eab77b5a96c3927
16548 738efb0bb9e04153
16549 e52b18bcf5eafdb4
16550 d8c39818c9307109
16551 915abfa3b6815d82
16552 605471e7e57c21e5
16553 ea9aac9defcdd8ac
16554 f887b9bc15321a4c
16555 fd994c1df6ac4213
16556 d632e688506bbfcf
16557 2e052c5353d10d11
16558 44bc2cdd5e8b1c82
16559 8dd2e0345ef80237
16560 92f11ff4ba2162a1
16561 16eab1ee05c4237a
16562 45720387678ce07c
16563 6b35a5ab45f99a57
16564 0a44aa60dc8b7d9b
16565 7efd6f71aa94e244
16566 6a4f7bf1b672cd65
16567 3002a79f409945f1
16568 f210c4748c4c7a3b
16569 96e465a48d0badcf
16570 2d6ae478e5b6bc72
16571 bae317175cde135b
16572 c0e4229a5351281f
16573 160099d03bfcb34a
16574 cd07f94463a50429
16575 783428914fdb0502
16576 56d364993b63aa56
16577 b089582ae2015e39
16578 5965754fd7b5c0b7
16579 fd0d64a6d906f220
16580 9a0c6aa97365a9ed
16581 a3af59a44f47ff62
16582 ac218274debf9bed
16583 1d70f2d97112250e
16584 471fbc41e0ab0320
16585 5601797b474bf2fa
16586 a85ecc797a89fe79
16587 235291b83c579717
16588 e9e74e28f5995694
16589 c588ac2759c280e8
16590 8df12f95fa9fdfaf
16591 87c98f2d330d1ca5
16592 e524a25359b0f20f
16593 ef8333c44cd802d9
16594 07dbca3415dd325a
16595 936ddcae205136fd
16596 1818b944a8c370cf
16597 fe9e533d192d6598
16598 e93adbd3e3738111
16599 622f456db36f6dc2
16600 51baee88a8bdf06c
16601 85bb5c899f8dbd7e
16602 d739c2eeefb496a4
16603 f2671d00e7338da1
16604 aac4fb9b85c9c5cf
16605 6f61498716f3d617
16606 898bb2a24b2081a2
16607 9474f8c90b2a98af
16608 34dc0a5eaaf400c3
16609 ccbed1784687b83f
16610 371756a14fcebd50
16611 3fff3acae9a806c0
16612 ec252e041398fd81
16613 1c83a4d8bc4f999c
16614 8bf4c73228bb6169
16615 2e2c3a45ea8b7bfb
16616 15394f764161b0d7
16617 4588085d9b2f517b
16618 d572d4c5cbe8ce67
16619 72f6eacca27329ca
16620 618032f2bee2d03a
16621 3abbf444aa12b421
16622 d29938d6ec838d22
16623 abeab4ebe2e42f5f
16624 18c37a7801c95e6f
16625 049ea5655f41d80c
16626 1ebcc6e227136074
16627 235a5b6b2d75fae6
16628 ff8c54b827e20167
16629 32d964817d527b45
16630 9c8aa81a9269cce7
16631 56f37c188385ea93
16632 7797466fd7547905
16633 95dd366f5c50608d
16634 84bd75721ac235b5
16635 e1d461d9e206987a
16636 b56f779ca087ec77
16637 5b73e2ba48bef1be
16638 4f4e214b4eab2092
16639 92a591208911576b
16640 f6c1d79bb5e0471c
16641 4eb03dc48bb05b6b
16642 0a5fb73335363cb1
16643 6ebd9bcb94dbd1cc
16644 b97d5ca35dc74571
16645 33fe98426eb4acfc
16646 0ee956bdfa4f3ea4
16647 030bffb218eca429
16648 b4ef0390ad70e1ef
16649 f11405380629593b
16650 ec24c549bee26dda
16651 7248864a3861e397
16652 605aa10070689a83
16653 da928b90004d0959
16654 7c9dbb7508c12201
16655 e8ff9f41bdc84057
16656 f0b6b737bedeedf4
16657 a74d11a93c73a88a
16658 1ca4bef443af19f3
16659 7dd21937a8401706
16660 4149f4bf6aa4f5b3
16661 0ff0488702d24946
16662 8f4fda358d97644e
16663 ac7adb53fac1fb7b
16664 45de9aeb17b43528
16665 54266f1a8a7cf4dd
16666 329f84cb1999e143
16667 931aca1a284420d5
16668 23e774bd64b5077b
16669 48a38b4f710c63fe
16670 2e1f5334085acb49
16671 98b71138d2e18744
16672 5c863c1f4be1e575
16673 54c0a929ee4a81bc
16674 ab79e5b2eaca8daf
16675 1683f35bf392ba42
16676 7874c10ad62a4923
16677 e6d3838b5ed08cbe
16678 02b93fb78b450815
16679 c66d412dcdd99b18
16680 2fad3173075dd997
16681 e1e86c7f7f2e9fbe
16682 f6d5dfe25ef2f42f
16683 702c15b133e22a8b
16684 346d6db72cf961a3
16685 b3975ad5766f38c6
16686 ed453b109eb6550e
16687 2d948a35e27d3f03
16688 f9e99f0850db00c2
16689 a7a5fdb234df3b48
16690 9150d53fbea53d3d
16691 593c9171707080d9
16692 2dd10c2c2d36b911
16693 6e03b4a9c55d4bb5
16694 861eb1b47df4f472
16695 7a305eb2a7c56e17
16696 093fd431c741a9a3
16697 06778f7f6c27948e
16698 f13fc8d3f6d9954b
16699 ad346fcf86b77ee6
16700 3c4aacfdfb7aef45
16701 0215b67a9f80fa90
16702 1e0650a5ab21b6a5
16703 f37eb1e29ea0adba
16704 fb99387a9be1fc76
16705 0b43607f78b53a1a
16706 4aff2ce6dfdc5955
16707 57852e67999737e8
16708 701eafd36eb11e00
16709 7c509b07f103d7d5
16710 0645d740222d321a
16711 f70fc8f552239dc7
16712 ae0b2459fe66bfcd
16713 38faf7ecdadfd1a5
16714 a9599b882bced015
16715 6073f6701fed673b
16716 18aa88868282e88f
16717 26abcac27c8ee8c7
16718 a78d10414a9016c9
16719 1272db9c7a5966d0
16720 b800029549578979
16721 ce89255d8579ca50
16722 7fb44197dd0b5be4
16723 cff015aad03b66dc
16724 883a41239f905820
16725 cd15a4a07eae00bd
16726 eb3aa25fea2d5c3a
16727 6666844519dda182
16728 5b30d8f0458bfac8
16729 c1f00a39e1bdded5
16730 9edc831edc97bfd8
16731 1c27e5d927576487
16732 eda22627ecdc5f5c
16733 283f00aa96a30ec1
16734 d7edd0a4a38285e1
16735 f74bc7035e41c164
16736 a1fac52e3524f826
16737 d4d4bd2754416a8b
16738 d3e3e3ddb0e3f9c6
16739 e0b1a7e71f2fd6fc
16740 2861dba62a231ad2
16741 d87485274646853e
16742 a1fd5fe2987b6cb1
16743 a008745a96b58cc8
16744 2a3121594fc3348e
16745 bb1f3db96a4c223f
16746 e9de6a264657e138
16747 55fca072639869fd
16748 ad51161dba0ba69b
16749 09a64656fabbad4b
16750 0428aa98c4460c0c
16751 2f9226b65d038ec9
16752 eda180d915aad73c
16753 6f3232769b2ca358
16754 a4d5f4c3b35454f1
16755 7754b45283704e05
16756 0929c1b1f5aa102f
16757 e5eaae035864f8aa
16758 399fa9724e6b87fe
16759 727b5906a10ca3e3
16760 853d78bbd4e23e80
16761 e4d6e18647bc653d
16762 38e572f2ace53173
16763 ca4bb00acaae5438
16764 e2663caefd5b5189
16765 8563adc7cdaa7d46
16766 53d3dda0c6091af4
16767 ab3ee8fbd95dff2f
16768 46faf468b653ee0c
16769 a9ffaedec8eb6093
16770 b4e3a7aa89579a82
16771 f5abb3c7fb82cf39
16772 86aa41dc8aa6a1d2
16773 e68c577cdc632a33
16774 cece50a630692152
16775 f364f70f7005dd33
16776 4bf753c73dd13c76
16777 4c61dfeb9a33249f
16778 a00a6e583ea89545
16779 bebb152d258863ec
16780 c3f616d7abbfc799
16781 3df8e5f4aed138c8
16782 ea274813e38e65d8
16783 bb4b6195c3195e79
16784 2a0157b1a3fbe9a2
16785 b1d0916fb49af3e9
16786 e98d640b5d3b10e7
16787 9962089c383078a0
16788 2564f25933007c08
16789 3dfc4a8fd5e94f33
16790 18a3b54d27a86fb8
16791 69670f427abf82df
16792 1d8dd652c6bc75ca
16793 ac37131d655b4131
16794 723fd4ca5aed5e34
16795 01fd5a094f21a8a1
16796 9b2f4e30e6b1c6ff
16797 1b8f4ee81ec11400
16798 75395f8454947ab4
16799 c7763b1ec6d635a7
16800 65274d5e1d4a0890
16801 edfc4f4ed5900a67
16802 91cf7d57c4a683fd
16803 fe74f1c384c4705e
16804 e7accbbe8245fad7
16805 477d2b70dc04a798
16806 cae33899e5d8e0ec
16807 96124e2c82634a9f
16808 94ebcb381f19841c
16809 c9616c6e5e7e5fbb
16810 ff12851882de7142
16811 ce1506b4923b85a1
16812 20fc855ef5fb23f3
16813 dd998c055ff4577c
16814 9fdb0e694f24d5f8
16815 beb05cab3b1f8652
16816 3f80af454137f619
16817 9c11a27ddfd39b37
16818 304a6dfe6eeecb0d
16819 372ef9358b4fd9ee
16820 3be6cd219c4b7076
16821 cde009ddf4c38831
16822 0379bf1b795318a2
16823 1df33b10562bdd81
16824 f0446ab77e848878
16825 b2e715f8900830af
16826 6d5de958b50ebd75
16827 632c8566ff6fa636
16828 c35c2ba325d9a35a
16829 7ae8ef59469eeb1d
16830 5e46783fe30399c6
16831 a71f462a2184fec5
16832 dafaa18ee154e883
16833 1aa56b345ddb8a84
16834 2791a2059034db1d
16835 54e907d5830380fe
16836 4995698817a67b94
16837 69bf726672e31b2b
16838 ff52bf5dbc94fbb0
16839 2743c3444dcc3813
16840 1caf06d2eb29dc22
16841 9988c4e6b75fb0dd
16842 e90a0ecec3cfa7c5
16843 681f47c5875aa9c6
16844 5f8979e236fe25cc
16845 a63949a7ba34a663
16846 243b9448812850ca
16847 c2aa4019b6665289
16848 f3c4af658a77a04f
16849 8de90d5a97fdc598
16850 e7c05c0866a33e09
16851 1110130523597f4a
16852 057dab90a2ae8d16
16853 507b3c0a52d7dc51
16854 f402e6f08f5f5c0e
16855 1071bb732dcf2e2d
16856 44d6d62fdb4d76d7
16857 b0cb9b11a65f2b00
16858 18fd218b06875364
16859 4fa96e3fb6e573d7
16860 976e781217bcccbe
16861 f2ab97629f76f3bb
16862 d2275078850469ac
16863 76e18ce6e9f2829f
16864 bd0d8889e304b009
16865 8e3ee7403bd18da6
16866 fb8c739cabab1077
16867 812678e826a30f04
16868 d03a1bec2e78048c
16869 dc4a60450e9fba93
16870 bcf839e33b7d2734
16871 2d63eb6a39602967
16872 c0da44cefc579501
16873 23411cdb3f9b83de
16874 05857aed2d8fe0cf
16875 da86ea3eb7ab67bc
16876 8226fe82693e5434
16877 8447f38f1d4d95b2
16878 b2d926ad444d8221
16879 cd6e4a12b8c2d44b
16880 5447d6046a2bde72
16881 29b6569d9ba5afad
16882 d838e9d62df2b095
16883 3faea37a9e2add26
16884 b0c6c76ab7c6c95a
16885 bda8c58bc2c757a5
16886 979d2c5f693768a6
16887 6910916237a8c36d
16888 91c9878e656ceb47
16889 1e6eb793affa8330
16890 25984f2231c5fcb8
16891 da0165a7c738ab1b
16892 2a6271ae76bb53a8
16893 1f54f6cdef83c9e7
16894 c9a46bc8c1331dce
16895 fc8161b313d32775
16896 0d1cccb03ace6b5f
16897 b9107b52cf225108
16898 9c333e4d3e1de95c
16899 7475424bb9db869f
16900 1a103b7fe54261f4
16901 25dbd05ec346faab
16902 5b1368207c73e48d
16903 c1a2d70ea751da46
16904 e5a588c30be0b697
16905 4f873f399bbfffc0
16906 07bfbf520674f92a
16907 498b2b2a7ca7d081
16908 2640acbcfe0614c2
16909 1553030ee7c1dacd
16910 5a4f9dbec9a4aa04
16911 f4084ce4730fb967
16912 a23e136b296ad36f
16913 ae747e5788e435d8
16914 70d9c9f8e4200dd2
16915 282ba1edbac51fc9
16916 10b8723a212a2240
16917 e802a626585116df
16918 6ccd57b96368b349
16919 b465e0132f744c52
16920 ca8ea7768bb5af2b
16921 de9055fc93717c1c
16922 6e4377ec7b02a8d8
16923 38b456aa9a7b7c3b
16924 1ce5064ac1eba02c
16925 93b6f6809bdac783
16926 e065e2997810e721
16927 3061a8fe16ed5eca
16928 a470944411d93416
16929 130f8f5d7230bf61
16930 1f34acf06294827e
16931 626e506af75927e5
16932 64e9dd5a88f3b014
16933 c657ba5d0d3424cb
16934 8012bb6a91ab6f99
16935 b7500322ba1244a2
16936 5f2d3959ec1a621b
16937 7b9d0c4f6f15dc0c
16938 b15e57531b4852a8
16939 6179fbbe40210612
16940 6326347f2fdf051d
16941 e3676ba3b3f86793
16942 ace681178d02c531
16943 5ed391ace9a7415a
16944 ed4d1602e4d0c943
16945 d65213d78b2972d4
16946 8170e551ec3966f0
16947 8e83ee606e7a5813
16948 4764f7f591298020
16949 09a2ac9a4bdc3d3f
16950 513a54ebf8aa5ce6
16951 91381c803c08d9ad
16952 5e491f022cf77907
16953 50fb2635f15834f0
16954 7895785db99d9f64
16955 a31f0966b7c359c7
16956 7f5bf9bbb163674c
16957 c37fc4f9e2913fa3
16958 9f10da72309ae641
16959 4c59076628dbdeea
16960 56a37c2a8b9e76c2
16961 1ccaded3e4613c35
16962 749415245d675f9a
16963 9c910dd3b3461738
16964 eaa2a9b432a4e011
16965 2d0a3f370fa0bb7e
16966 b5b69d296d7e1060
16967 050854e3c773a648
16968 9f89518fc204dbb3
16969 ed94ca346d77a514
16970 0b6fbf7e95d5641f
16971 8006a2043c7cda6c
16972 25cad8b7d83abfc6
16973 0a92c6ebdf8f2c09
16974 906cb6ea98a8e5f1
16975 59ce5cfecf4ce6a7
16976 0573cb93fa7d7869
16977 cbf5c6cce3129d3e
16978 40ca7cf3fd895395
16979 c2dd04da910c3356
16980 b7800b08e8c37adf
16981 128d4b2ccdacb2e8
16982 5f98ea1b4bad6ffc
16983 912703e8d4d11fc0
16984 8b32be91933bf271
16985 a14934f41c9d6c6e
16986 f18ed86869d686af
16987 debee3ef32b92c3c
16988 da4d01d0c3df7c6e
16989 513c4a14c60f2221
16990 90ef321b49f2b9d8
16991 8b51b38c345ccbab
16992 8df2d8b8301c6e8b
16993 d0c1006a2bdf4a2c
16994 d6f9125c99fa82ab
16995 69c1378f68fc02d8
16996 cb75313e3153f11e
16997 28112323205be7d1
16998 61254208831b8d19
16999 88975ba936368caa
17000 fe146b95353e730d
17001 7b829c2be64c9eeb
17002 6879bba0efd6d9ba
17003 f654fce0245f2b70
17004 ba4f35f09a1c0656
17005 88ddcbddfbb9dd19
17006 c24521f0a6bdaab0
17007 66a7c8c2e61bfa23
17008 2017eaddf5b07f43
17009 dc891c11aef70224
17010 e50021b970e4cb03
17011 feb8588e7693d410
17012 ac702223c0995676
17013 408b525f2d9f3bf9
17014 d7ac8410fa3ecc10
17015 5c53b1622741b103
17016 aaa3238106739aa3
17017 6846ef713e1540a4
17018 3c6edce3d768bae7
17019 cf906dd108ee3f54
17020 3b520a5c2ca1b835
17021 b9aeb4fdc10fadca
17022 006a09224807a9ca
17023 edb4111d49029601
17024 40b875b3a9dac836
17025 09a0ca51f43cf702
17026 84d82e3ea19c674d
17027 f92a04268a021f72
17028 20620d45bc60379c
17029 2ed94087304c390f
17030 c326d51082370ccb
17031 63e039fa0a9a8d1c
17032 3efff7984bce10e4
17033 52f4708ae774c83e
17034 0358a1757d6f57d2
17035 3d662486364c2a6d
17036 390672a7cd2cf067
17037 7978c9a04543929c
17038 b018b3d5d996eef8
17039 06d9c6867530ddff
17040 ca1961c8579675eb
17041 0ebc72aaff9708d3
17042 9cd1686e02bb048d
17043 5950d4892aa9e72e
17044 a764c387867665cf
17045 32bec17c8b99fd40
17046 a4a7dc62b9ec91d3
17047 152e606e38fa2c41
17048 dcfcee734d71f17e
17049 029651a6e72c3621
17050 88822ba31e1c426c
17051 93f4d49371e888d8
17052 8bd575d1831b8fdb
17053 1d0ba7ea4d2c9358
17054 838adaf7eb6b885e
17055 a2df2181031009c1
17056 dae2b308c743062d
17057 a5e785de904f03fb
17058 2fe071473b11c67d
17059 84141c3025ebefea
17060 f2a6d20366fccdc3
17061 d5b2fc11723377c0
17062 265b9bde5194070f
17063 9f741d9717f4ffaa
17064 c78a9c7993573959
17065 51c8c9b2b40510bb
17066 a7d67f2c75ab57e9
17067 a8ce401422b79172
17068 cf8a4aa0353c4bb6
17069 2961e247cfffa644
17070 de256f5327894ede
17071 c177bc7d12a657cd
17072 193b90e6255c05c8
17073 0c9ebe455f10a277
17074 371d573c74710d71
17075 572ea83525e19b32
17076 91cce1d2341cb66f
17077 00b8ca3368e58940
17078 4b690abc1093b907
17079 9640b19007c2db5b
17080 c713d30ecdf430c0
17081 9982010bbdadef73
17082 774ba78296d6941d
17083 87d98fee82718a1a
17084 2f0ffb55f2b19a1f
17085 d590b95cff3fbca4
17086 f328bc056de82c4c
17087 afcdc4e82096aafb
17088 9d79df2c03a808b4
17089 b94e047c3cea051f
17090 c39802e2ce36ffe2
17091 d4c3d65c96403fbd
17092 3becc9f5246ca83b
17093 d19ce19e7ef08e90
17094 e61e5591b9b375c8
17095 09d1f3744273813f
17096 4a5adfc5e5a235d8
17097 3ed52991dfe070bb
17098 77880635dd7c4035
17099 6ba03bfe97084262
17100 1036d22c2e682346
17101 6677efbbf5b1fae5
17102 ef46088587691192
17103 868497f03017a6cd
17104 959b962c90032c80
17105 8d8940beb80abd0b
17106 d067327a9ca4d5d5
17107 6ae34f4741452fa2
17108 c06b22195df8cf82
17109 7d9466646fbf12e1
17110 7097703f5bb61cbe
17111 ff302a672b5b3541
17112 926c6355d1d4a293
17113 f366c30411b5b210
17114 146a67cc6ae469a5
17115 14aaa4abc88ed7b2
17116 8cf82f85676d1574
17117 da55fb410617b817
17118 b4781e38a086ef1a
17119 f62a3e81b8ab8eba
17120 1b22685d10674c00
17121 6944056636be64bf
17122 5cb380f5c0ee00d3
17123 3c27607c73bd6430
17124 5c4644f1a4da0aae
17125 b529725326e04408
17126 ba62b430f9e1cc69
17127 648453bc264cde33
17128 f03d94d90b216128
17129 6f53101a9eb63f02
17130 6d2fb1d85c292aeb
17131 de09a3c94f6f5148
17132 347dfd0a9f0f39a8
17133 d2b376cfde2dd997
17134 b4569fe485cd1dd0
17135 22687b342207a1d8
17136 6a8410e645560f15
17137 d499b8e909381582
17138 17f11e1deb274a4a
17139 68a7439ab2fa76f9
17140 8437f0dfcb91f53e
17141 869c857b90ca9b2c
17142 b71fac0efe6099d4
17143 e418d445fa032f77
17144 ef8faa6a37685db1
17145 a65982e6f73f7cb6
17146 a5f186733ceb7c40
17147 b51926949b77e95c
17148 9e388b9469f46774
17149 8435ee55aad2e4cb
17150 d959ee1deef6fd3c
17151 ac1adec986e3b8ea
17152 8a86f3b1478d1ef5
17153 dd678bf0c6849c22
17154 8e305e82c33c7f8b
17155 50e106f0c39a1568
17156 5c772596663c81ef
17157 d62053b22826b087
17158 f9e7d1beeb031094
17159 bba05c6e36ea5637
17160 4dba838c25fcbd66
17161 984dbc2966fc13b1
17162 c4f3364a9c1310cf
17163 74e2c444e7a58add
17164 50c97e6f39a7a6b0
17165 97d74ca1fb2e0407
17166 5947e56eee4806bc
17167 abb6f0fe4bfd9ddf
17168 07415d781a421a49
17169 364392afd892ed1e
17170 41261c3138f8665a
17171 2f8804cc340d74c9
17172 d3e932c7460275b5
17173 9c6199276cf4fa05
17174 8357a279a2c849b4
17175 58302391797856d7
17176 9d0e74bf2e441b91
17177 9de2cee061d95db6
17178 07ed6bdf724319b6
17179 58c8d5d2767fc3ad
17180 a591f3e3c464e36e
17181 071cc012eecc2ca1
17182 2964230ea6e8f533
17183 41b8d67494c6fd28
17184 b1ce78961dc74e1d
17185 9e8fbd0370ce248a
17186 b823243ace3bbb54
17187 57e537637796dbb2
17188 24865cf8bb0f0da1
17189 530bdead70db8db2
17190 39f1f7525bb3b196
17191 b6d44fd71cdb1b23
17192 cb63e9c441ddd2d8
17193 af6613f092aa8615
17194 d80cf4b6a8a39daa
17195 fc5986863217528b
17196 037758c5e20d5529
17197 cee6487aa572247a
17198 9e5b5f5cb7ab4fda
17199 5473c54f49b23152
17200 a20095db5a1cc3d8
17201 4a279cc0c47c8bef
17202 86823e9745cb556c
17203 dc721b549dcec725
17204 b8aa144bf3bf6ee1
17205 d674d4a4ab20fb0c
17206 99f3aa6dcd3d6d99
17207 93f4797e1222589b
17208 437166ab90cc0aef
17209 a3129ada9834769f
17210 38a51000ed46ef5a
17211 84119194def98f86
17212 4a6303fc585e7ae7
17213 20b0796b8f291111
17214 a021a0e9075dab03
17215 deb7236592303716
17216 25170450c693dc9a
17217 45b01d38090877c0
17218 f3dfd148335ceb03
17219 1e9a579301fb29db
17220 b9b2924fa18845d8
17221 800fa0265614bfc4
17222 cd53425cebea95f6
17223 e66548957b2f08ae
17224 9b0a6b450f238049
17225 2960028dc1fe89ce
17226 0adf49d9ab43d25a
17227 5f79e612f24157a9
17228 f77ccf95d293cece
17229 ad288a845e8978e1
17230 af6e9b44f4ffbe6c
17231 a222ae5f84bcfc17
17232 6191ad49ffab6c6d
17233 86ad94c8bbf1f4d2
17234 c3e10c931cfc9c56
17235 16394ceed3e615c5
17236 12214c3100f77252
17237 d9ac40cb72335675
17238 48a8c72510a2f3ff
17239 3085aec8d2b159d4
17240 94c7b698cdd33d6c
17241 2312ebfc7b92e203
17242 2938192dfd66072c
17243 5fb1a05c5cf0c0d7
17244 09cf983c36aa27d2
17245 94ac4585748ce35d
17246 3a6571cebc7ec687
17247 e2edfbf0bd8ed31c
17248 427fb41ea65a30d8
17249 644cc6adb3863de2
17250 a7dd704b6e243f7d
17251 3d2068e37c1b5afb
17252 e65750e9d193254d
17253 5ed4bbfd11422d1a
17254 d581cafd5682512f
17255 3720fef75ce5db44
17256 88a6ae7da2ba87b6
17257 2d1bd35bb7aeb6d1
17258 4da08218fdb70fe2
17259 1ddf1d65b4f6934f
17260 9524a20c987cece5
17261 1a3f7e2e547fc56b
17262 c1346dc2416043be
17263 fa49657f842ad1af
17264 a971f648997f4331
17265 9e73303e93892d59
17266 0a28531299ea2b67
17267 2a031d4aa17eba2b
17268 d6e7c80db37a7684
17269 6a38bf74325f6ab2
17270 d46a615aac5c1818
17271 4cde2e3f4a377f0f
17272 85e975d8296f2c29
17273 4eca7407b4b87bde
17274 0f70bd2f430839ea
17275 c2bcc9102b5fa06a
17276 e010c8ff8aa3cf1e
17277 df424ee20b72ec13
17278 10f266fc8a3fd0a8
17279 4d1cc9cdf84cba49
17280 1ae6d756861e85a8
17281 d6da7dfdb71a4acc
17282 5bcb1d8eae716d82
17283 13060224fd347ef6
17284 0892ad286ced7b38
17285 a57bb400a2a61572
17286 76a4a0e7d682b619
17287 dd38db0f06a32162
17288 df432acc4a2db63e
17289 b9cfcf1d5ffffbb6
17290 f0961b17a2703a32
17291 b0f6bf1748a4ce0b
17292 05f0193de955d2be
17293 27a574a4c5514af5
17294 dbf41d7cf70c7106
17295 c593dfffd198fd42
17296 d340d66bd7456b33
17297 a612a63de3d41ede
17298 7d161cd11af07a5f
17299 a410b279b9bcea46
17300 062ca28f2b5ecb6e
17301 383bf2088fa9e90e
17302 56f9e04908b940f0
17303 c4fd264bcc167c73
17304 48ab27ba4074dd3a
17305 d1508ffab31c9bf6
17306 eb03807e3ca9d8ca
17307 50e5b3fbac8b1a67
17308 998d91c577cd03d2
17309 27719f14f32dcc17
17310 64a242b9ae51d89b
17311 7c78505cecbd974f
17312 2e527cd5e3de4c56
17313 2f35d7ff448e1c4a
17314 30be35df64c08e7f
17315 b02b6de0265fdf3b
17316 a23cb04a9e3d9d6f
17317 200b1a40ba3ba79f
17318 57924cbf00098d2f
17319 15c8314122d9c85b
17320 938833e7f8f386ce
17321 4d307bdab65776bb
17322 f32f42a94e1bb357
17323 ecef9f898073c8b6
17324 03afefd4090d16b6
17325 d90d38bce4e7dad1
17326 3d84bbd486f27b14
17327 61200172b1d60d49
17328 167d64c1611b452c
17329 74ecb0200b4c6867
17330 05304452b72532c0
17331 5a5f506c45497d2f
17332 c1a743a1534422d0
17333 3ee5ca33097ab96f
17334 c17ddd5322223945
17335 b7e4cd26085d65a8
17336 184a126be55420d3
17337 0019a6ffafc4ec40
17338 953e3edafc797ed7
17339 d988b01fe868033b
17340 8a68f57be9d84bd3
17341 47140a0d835808d6
17342 92ef3367d4b38b9c
17343 6ccb3bfc2e17d65c
17344 fb135df9c73f0466
17345 f0f4f898f983eed6
17346 9a52819492ed044f
17347 d36ecf7f0721103c
17348 eed3c5b81330c158
17349 132021a9a53d08ad
17350 58269b171753fb54
17351 954be9cecfd2844b
17352 433e4ce94875c403
17353 de4f8f8f488196fc
17354 7c2207e0b684aff4
17355 d727c57fee7f9609
17356 c0f72c2947e6f29e
17357 9afcb1947965981d
17358 4a576fad11710f3f
17359 52e90d6333771305
17360 2b31ec618a04974f
17361 fb2bf91150af4ab9
17362 230c1cbe1d64ff5d
17363 2c302abc54602bdd
17364 3ce9e7aeb96768b6
17365 25648031eba3cd90
17366 029e8dcdb6bcd61a
17367 5a26c63c1edb2e5e
17368 61839a5be3ddfa32
17369 51c801b9418088d4
17370 d649c74f1688f77a
17371 879be5aa203210da
17372 c20969dd94238e59
17373 50a3e0528c5faf5a
17374 c9984c0eb368fda6
17375 0aae755a4f070a13
17376 28c691d5991591ab
17377 1d2f8929f1b8668f
17378 fa27e445aced9022
17379 9a055cf774b8623e
17380 86e4d177922b21da
17381 bf1ba3a4ed175780
17382 4170f27790915d73
17383 63ff86d656f0f758
17384 01a28d8e4431b4f9
17385 e63bbd7e37a2dea9
17386 c81b052d9901b98a
17387 a6b12d452c638206
17388 86006d10bbeadef6
17389 c5b10a2fea6fe235
17390 ee85ca80d7cb1bba
17391 a263ae9a11f44ea1
17392 8d276c9e96dff8b1
17393 ede0083b9d64a524
17394 b5c22429d2ae69f0
17395 f802b5b29838ec84
17396 1aa3bfeb45bac34f
17397 d66870a64780bfdc
17398 1b283f10fa359ea5
17399 81ea5de91b622c34
17400 0256237de15a85f1
17401 594fbbd69f13b819
17402 e829d78641debdfb
17403 003b90ecc26fd556
17404 954db3b9c097252c
17405 5c2b59b41abd1816
17406 810a975c669ae5ef
17407 f7a085ca5660bbaa
17408 93a461761cc216b4
17409 5529b92599fcf72e
17410 bf706915608b9e91
17411 6252ad55ee9748a5
17412 d59abd7a880fd711
17413 c076584b6ef35ebb
17414 a3c0160dbe25063c
17415 9c42b6a6da7af3ea
17416 bb4306f53040029e
17417 534ee41daa232bf1
17418 02b10176f1442f20
17419 a0bfa814a4880570
17420 cc4169d8a1be058a
17421 2cc42eed03569f24
17422 d13a8da8f0ef8100
17423 9bc85749f82d7e9c
17424 48f1a77d6231df6c
17425 cf3145b8e7f7778f
17426 369ff44c8c188b7b
17427 ae3bff84c970ce7d
17428 0604961b23f0f5a6
17429 b47227f5edf5b511
17430 533c1096946d5db6
17431 bbe03d13aaed9815
17432 ebc6c9c3df3e2a85
17433 443920bb1aaf5036
17434 f587f7fa15fdd7df
17435 4334a5778d3e3cf1
17436 9e85f4b4e4398ffe
17437 431e43db457d420c
17438 89621a5e883cf237
17439 d564209e423d362f
17440 69282d016cbbb78a
17441 13265f1ff5ecdad0
17442 43eb277f3d8547d1
17443 a6baa1aa747968d2
17444 16e6be14016bb30b
17445 42480e9b0cb5505e
17446 2131d77095f34570
17447 2a9e6d26c6e8fe87
17448 c170759c380800d5
17449 2867796d00a2b2dd
17450 17bcada0fa363f3e
17451 f8c2a35bc0061c74
17452 40d64d3bf7be0ec6
17453 797f957c9ff3e070
17454 3e6aa27763e91680
17455 456afc73ea313458
17456 1c9e67ae2612070e
17457 7f3cbf79d1226edc
17458 de5dd3bc2b286d3b
17459 f8fd35ad36e136ab
17460 7d10d4e68dcd44e1
17461 22cde276285a9bbb
17462 ca2bbb958f1cafc5
17463 d70af587166691c6
17464 6b1aadd060c17944
17465 fd8ff02005475eff
17466 928738ad7442824f
17467 fe7be6cf1b968f30
17468 b926f11992f31dd8
17469 987347dc9ad3714e
17470 d975a5030cd550d5
17471 8c8b52b48ebc64d2
17472 a947851552dba16f
17473 80125ff5516ad3a2
17474 79af6efc28407c23
17475 27d2b914749edbc6
17476 c83d8d82bd745ec9
17477 8460b7b7c2697098
17478 09866581a14d32f5
17479 edffa4613d52135f
17480 a2f534c09e42c3f3
17481 3273733a3cae3311
17482 20b3ddf2bb012948
17483 33331ae955ff82e2
17484 33cbbf6477701343
17485 e34fde89c2367877
17486 c5e84e299dd43c5c
17487 1252a77b4f143501
17488 dbfb27f4b437dc76
17489 48bd372c616f0b87
17490 018404f2a4443627
17491 bb6b4e132207c05e
17492 f559061f4ada5e0d
17493 490643cee08e3660
17494 87d34c1657ffd56d
17495 ee99f5281afdaf67
17496 0b03319fba091eca
17497 85962aff5c49400f
17498 8104fbf6f5639259
17499 f923d33b34abfc2b
17500 e2d98cc9de0739fd
17501 1ca9588367eb5143
17502 3ca7025f19ccaa0b
17503 f3f0d1940cf9f11b
17504 7328acce262091e4
17505 ffd43bff030929c7
17506 07b6ee2069a6b759
17507 cdbddbfb04305742
17508 e274ef5c64f179f0
17509 84ff7a6218eeac05
17510 02f25b075f8be735
17511 938b9e1ee00fda80
17512 10bf5cee6d0e6fde
17513 2aa7306961bf3fcf
17514 49a6eb507ff632a2
17515 9c517921c7ab48b6
17516 20adefb6c71e7874
17517 69a30dc46825ad37
17518 19826ce8f9c372a0
17519 cbc32f3b1016113e
17520 f2c92c6c94d5f842
17521 25923330e8048618
17522 39f8f4732c5e350d
17523 e3ffa76f230b605b
17524 457f0703f115dd2f
17525 d40a4f137d8b94fc
17526 bb8c884226a33f84
17527 e7de8bc3782b65fc
17528 511afc235371759b
17529 1b5ce43f151a884f
17530 bdf19f4ee9f3ab56
17531 9e611e0d381095cb
17532 59a8ed6401d34a3a
17533 2d8920d9387984bd
17534 a1f33180bcdf9520
17535 1f305bde3d9bfcbe
17536 1932fa826f894e66
17537 452b4fc83dbfa1db
17538 3334ef83af5a83e5
17539 8103720a2cecea6c
17540 5afebd5dc69df38d
17541 3516b049f83de4bc
17542 071facaed8afd678
17543 a9bfb6ae249fb61d
17544 793fd756ee258483
17545 58caffe6b5f616d6
17546 26b52895c44f7083
17547 6909ffc49b47bd2e
17548 79371465ace8fe50
17549 c90e72d80322aad5
17550 29e84bebe81adba4
17551 c2cd70d81991e489
17552 80b301599369054d
17553 a8cd8bb3b8e5ef1c
17554 b7ce2076245d5007
17555 b88b0dc51142c2d2
17556 9e903c76a75bb510
17557 1895ecff9b51f385
17558 daaf9ea429fa62dd
17559 2aaf2fa25d452e39
17560 29dad0488d45df96
17561 96466fd49fc9e63a
17562 dc594f3a4f75871f
17563 66d505e365e6019a
17564 4e98968350d195a0
17565 b7d704fd0a8c1f65
17566 c36a872072d186bc
17567 977dfa619d4d5dd1
17568 66ea6ba446357f75
17569 17ca07c6a6309264
17570 545584028f1e959f
17571 306714e19ac5ee4a
17572 e16a293b78d31db8
17573 aed56deea5e67d3d
17574 00d550fbb3563b7c
17575 daf3e81b1f92a691
17576 bea5f0c3a1e0a865
17577 7cf8fa773d742784
17578 c8345d4d8dbc82b3
17579 0388c0498f5806de
17580 39393e3e11de62db
17581 1fbd86a4c7a39986
17582 b12d758fb8fd36a8
17583 4a1d3b871ee989cd
17584 bbcd395ee7c72af9
17585 2ab1de751356eed0
17586 df07e2980ad82b47
17587 615c8fb7ac4933d2
17588 fcabcf4d18402520
17589 62ba3c4701cc2235
17590 156de6ad2bb814f9
17591 a7211f36d0e8fcb0
17592 c6441794766358cf
17593 a639e474d4e8f6c4
17594 3e9eab409fb4e4cd
17595 fe122e2acde2f06a
17596 7adf5c4bff3d7884
17597 a6dd7e33a1d4eecb
17598 a7b01b2043be8bbf
17599 03a3d309e7c83140
17600 669db7978e19283f
17601 1b00ea7ce7d5e71c
17602 773d5b7969a1e736
17603 e2450ac363ba0ea5
17604 cdca1ffd6623523b
17605 1407dc7abc2eaec2
17606 0aeb008bb215a9ba
17607 22cbf6956ee683d3
17608 8bdfcb13b2e31472
17609 02fd8d3cac2fe08b
17610 ca3f708183ed2010
17611 d6b76b60e8db7041
17612 d572b142e64b7983
17613 2d5f75688b3f47ea
17614 12176f346d2b0a72
17615 d16cdf6a9722fbba
17616 f63498a2855fe163
17617 517efacced2bc2fc
17618 d263466c8263d00a
17619 f1e350eb011e7e9d
17620 cc925e358b8294a8
17621 a681fb758044c7c6
17622 ac4f749f42f64056
17623 57f298cd701bee08
17624 5f56e0ecddf95a9f
17625 094aa8c9401de538
17626 2c800eee586a4df7
17627 e7a1d9bbd1da23de
17628 6ae4be088d46d234
17629 57712de4e5ded715
17630 d6d040c31b79288c
17631 7ac9b0c80774ee0d
17632 3c2e0a0e4b1665da
17633 6f06d939a94cbceb
17634 3941e625da7124fe
17635 ac6203394f0aa997
17636 51bd71db68774240
17637 f6ad51da4c70ac61
17638 8f10611bb9c0f0ef
17639 d3a3e6c2ac743416
17640 d56ac04723c07d3f
17641 8832227471a543a6
17642 f52374b3f372d1b6
17643 3fac3d947e065a8f
17644 db500d28658b46e8
17645 5e1175bdc23a1529
17646 857f9fe657eb2bf7
17647 3403a5b99f20b5de
17648 28afa5714a7aeb13
17649 35e399c413ca17da
17650 6c980853fc22bde1
17651 027404bee4bdefc0
17652 28a94fac45baabbc
17653 962bc0eb615dcf3d
17654 cfccffba7fc92b6b
17655 9eb5205f91c16692
17656 3c98332f61effe4f
17657 0e6d20c4c731ed76
17658 ac5863bd7bda2a66
17659 9f3d6f84e8d0b8ff
17660 7e59da6e0c140079
17661 3e65e8dfea32bbf8
17662 de42367085da5b99
17663 b6b99e8d3e860298
17664 81480ecbad41afd7
17665 1d78e338faa3613e
17666 9ddc92b01c92701e
17667 2e12a532cfbb3837
17668 93f165ec75bee7f5
17669 11f75a7d4e699e14
17670 e27a41ae8a526db5
17671 db107ba703787fd4
17672 0fa025e19748ee24
17673 44c67bd522006045
17674 9dec131a104a8e56
17675 b0364f082fa4de2f
17676 e5714b8ee37beae3
17677 0e966b2f56bf872a
17678 42ff8734f0ec8da3
17679 315c2e678675966a
17680 5350d7d874ef950d
17681 27f3714dacf233cc
17682 aeb9292f0117e38e
17683 1890ba7e24cb70ea
17684 d73b0dfb9a2bd516
17685 ff669fe5b25a8e32
17686 795f34d2dfdb8971
17687 aeecf3c728a8be90
17688 e87bc5edb1b70478
17689 494a81ae6670ea79
17690 8f74f7ceb32ee0ea
17691 a65a91490edfb9a3
17692 2a4222834fad6259
17693 80dbeaa213718cd8
17694 a5d82bab3d07b3ed
17695 3c9f6726e5aa78ac
17696 0b638c75077ddbd0
17697 d2b1c932c0c434b1
17698 32caeadc69a425bf
17699 32bb5a585a1a6226
17700 f3f91ecd59cae18f
17701 9972eac56e523236
17702 74600f6c4efbbd15
17703 eff5346b71884634
17704 b36f0af5a28e18e8
17705 9b389b036c8f1ea9
17706 b805dae70becd01a
17707 de214fd2866801d3
17708 b2a439259452a909
17709 d10a7717e341f2c8
17710 93402d462ef5ec3d
17711 4299907515c0433c
17712 1ff93a6ec6db3ec0
17713 db107ec277efd5e1
17714 dbc75f60639a8002
17715 1ef48087d0931b9b
17716 8291197828e64871
17717 8adcce8e4343d490
17718 f29b1bb55d0ab211
17719 aa746f8cba877130
17720 fc0d7a6025accd8f
17721 769d50a093dbee36
17722 141a17dfc031a6a6
17723 112f4c3bc86c523f
17724 0999096fb9bf9b8d
17725 b6c07edcae5dcccc
17726 1756a89b7353b0cd
17727 e5c9fd630d0bfe0c
17728 23815bffb95af470
17729 b4b7fed488633651
17730 4a0ed89264f6a06b
17731 8909d420d28a2392
17732 523c6501191a5a2f
17733 4fb988c9f679c9d6
17734 4a95b84fcc0ae875
17735 5c0917549ef83914
17736 a92290162456b088
17737 ed63026e1bda7ec9
17738 dcc3417eefa4afe7
17739 76fc94899e72740e
17740 048406653d94bb23
17741 63fc2cf51b863a6a
17742 6f105d248a8da29e
17743 2b1f1b204682ae37
17744 a97f50b17ae312e0
17745 3ad05089c6d5ab1e
17746 1a6e7e9c4b806acb
17747 bd217a7745e234d1
17748 6f1f89639dee19fe
17749 d15c3face51af8fd
17750 d5007adad27724c4
17751 cdc114a43d23ae4b
17752 a9372967ed891957
17753 f4c16aad1d5bb558
17754 743a25f54f4f55ee
17755 4ec849f9d30895b9
17756 e48d680c2612b838
17757 392b34da76e8bf83
17758 271e7a28dcde9975
17759 71ad0639c9e61c56
17760 00d0f4a9c63ab9c3
17761 c84a0712d55822a4
17762 7ebc5a6f750a3d40
17763 9a124f9d1ba472ef
17764 ba2d07ad2db2f6f4
17765 266d525b8914bcbf
17766 b5b7bd2f4734b46d
17767 1b742c6df112e7ce
17768 de3e3a50568aa44a
17769 85c6ae5c0c4575d1
17770 36b572eaecafc49a
17771 ae8dfea28e9768f0
17772 31458dce92553d2b
17773 1ccdbe0ebc4843f6
17774 88893d0f83208a72
17775 e5bfd4479949ee67
17776 9aae10b3c7019704
17777 215df65cc7e8f481
17778 5686bec86b26d4ab
17779 62011357aaa06196
17780 8210651c0f325b83
17781 5e74f4026c897bae
17782 d89a5baa423ae72a
17783 881900d41e81440f
17784 692c9ce761b79c3c
17785 a08615e8b01ca639
17786 e906c9ae8f95fdb3
17787 73507cf665ed465e
17788 c35933b37097d99f
17789 0ccd8385bf4d18d2
17790 e94105b5fd1ce32d
17791 287435b608319c20
17792 52074946e7b2e5c8
17793 182869aa7a70d21d
17794 f6244dac78c3962f
17795 e17d33401dbd85a2
17796 8ba8dee7db4d0cf3
17797 04d6a5ea3583a6fe
17798 5f22e59cfacca71a
17799 7798a345f491df1f
17800 123125bebdbda6bd
17801 14cdc69b3d0338a0
17802 c7d5a72efb76861d
17803 cc8311927d901350
17804 73c7ccbd91cacb8b
17805 c009c2858d289ad6
17806 537bff9be84da592
17807 42f4fc542e340e12
17808 caf034b8963c006c
17809 79662b0ec07560dc
17810 725d49379d31fc31
17811 8c163e6811e4154c
17812 221a622109904c38
17813 00b44c30fde2767d
17814 3da27822b512af4a
17815 48695bf44e6f652f
17816 7df5983da5cc4907
17817 229bcc8d6d83d49a
17818 8f290b8fc139c847
17819 ba474b484fb6265a
17820 7a8672a5e9703381
17821 7bc36e342c78ab7c
17822 ce21342510e14469
17823 ba7b72c6256404ca
17824 e579fd0cc4c0ced4
17825 a79dd23a46e8b277
17826 80b26a8a9c9f9be6
17827 6d9715275cff29c9
17828 ffc94f66ed208cb7
17829 698ca5ecb860d868
17830 259bc677bcd45e9d
17831 2107d7909163aea6
17832 ad50b64f14f4640a
17833 ceda285664901691
17834 94770ee48c48ffaa
17835 6f78c61d6e3a2e75
17836 ab033da157f71a0f
17837 38f6e5e99c318ba0
17838 6c970a925fe51f1c
17839 e89461424f2239db
17840 3946a7e0dcf59120
17841 34d0140c18db60c3
17842 d5951ca46cec6c12
17843 bd1ef6c3cec2074d
17844 256fe1f912f3afe7
17845 c6d637541ffb3b78
17846 e5a984cf8f25c74d
17847 c04519e4ea12fcf6
17848 8e5b075cf1e98bba
17849 016b39b17953b7c1
17850 0443ef22eca1b83a
17851 de6f8909b6ae4c85
17852 fc983f796e3188bf
17853 3054939365c7da30
17854 091262f8508454f5
17855 581c39b5c518516e
17856 19231a29e8998ac2
17857 94339019c7571000
17858 1eea39b1686219cd
17859 704c9c0bcea47484
17860 b24cc840c4a0c393
17861 16da158f527d85c2
17862 7eb87075b73e928a
17863 6c91e83c0f89831b
17864 0536d1f06a19e911
17865 a91707c3e0d4e486
17866 f7f1cfd0c9cc5b45
17867 be22ce7c8d063aa7
17868 64aed1c7a9fed1e5
17869 2960c3dbe55d1bdc
17870 868eb713d993912f
17871 74920800da5340e3
17872 1dc4de7cfdd6cb32
17873 31d75ddc722eb783
17874 8562b7257bbf428c
17875 932ab33fb63246e5
17876 77dd02aa62bca765
17877 b95c9e3dfda42dcb
17878 5918b135a0468409
17879 e714d4452029d800
17880 697532a9fef53291
17881 7f60a67ea522bae8
17882 a2a895e0d13612ec
17883 26376ab1577e9f15
17884 75db9285fb429692
17885 1db90b210179089a
17886 a10c9b8df1f1749f
17887 b650533b2486e3e7
17888 a5612b034a75e531
17889 d60ada053c3c34eb
17890 35fcbc1747f2a431
17891 c659de2e63c5b6fd
17892 d9b7875765fbea08
17893 0e529679883fe240
17894 6ff19530f5a13247
17895 18c166ff9f4fed2a
17896 3784207a02d45b5d
17897 b7869211ad913dc8
17898 6ee37b3fa3064ce4
17899 c816fff602dc6c19
17900 2ae108d379e5b9b6
17901 4401841bf30b5da2
17902 4c4b2ae216b597aa
17903 2f625617d84bf185
17904 947f4dfa3ccd0463
17905 1826da9322c80814
17906 be75cb731d0c5256
17907 12c9218a787eb0e1
17908 7e3667f1e9804416
17909 b3d5fd6d70ab3191
17910 9f094785ab107f7a
17911 0c8e738671b999a1
17912 de2baf7285ee303d
17913 11c84fc8e01ae692
17914 17fdb32620d95604
17915 425a77d241ebff91
17916 c52404665db6c82e
17917 dda9d49250a03873
17918 62b805e1524773f9
17919 4a839ac43c50cb44
17920 02765a705f03fcc9
17921 a9b4363f3afc9b38
17922 04b4f799faa45730
17923 396f98769ae7ba28
17924 f1cd4ba1ff93f322
17925 17d86e679cc0619f
17926 21226743f1654151
17927 a0fe1777d6220c64
17928 6c93d791d5290e31
17929 1e50a54262ab8a44
17930 4253a5dcadec61c7
17931 cebf190988fe0a82
17932 9c206b381b2b029f
17933 6d45e571ae4509b3
17934 f4083502550fadb5
17935 34d8a532944eb4fd
17936 61d7ba55c6c26ddd
17937 7eefad67a99565a0
17938 d85714fd7bf5ee00
17939 97f1679adb74ab58
17940 9cde4b57f3853913
17941 30c8b0b05a82616b
17942 59d5a96a78dd505f
17943 eaec43d2a791a4d3
17944 725d707ddb93aad5
17945 d5ff1a14586b16d9
17946 83d97a47d903139d
17947 7885b11a8a800f10
17948 cc94553980db763a
17949 299d3f988813c047
17950 80cbd37166d9f5b2
17951 835943ba83fad91f
17952 d8cc3b4bb8b753f3
17953 8a24647cdb2eca58
17954 0f05455ba75eb079
17955 3fe94cff7153d324
17956 bf6e8b10f9318688
17957 471b0afeaade558d
17958 4069de8fd2030dc0
17959 bff9a349b10e3545
17960 208e5fdae15ae76a
17961 3dfddf6388a55d2f
17962 72d93894941b86c1
17963 4ce0f3354726c2ec
17964 1014eb86720e8f40
17965 153a59597d7142c5
17966 b7a3e72a381175d6
17967 41272eef1717286b
17968 c49a5494dde90b63
17969 82e949cc66d69f0e
17970 efa0683f31328ded
17971 30f75374119013e8
17972 e2105d2aede0f7c6
17973 c9aaa117b191711b
17974 cb64da51ebdd6d72
17975 e067069d63a0feb7
17976 b9aa9a6e88af0f0b
17977 5a47106dc36efaf6
17978 3cda08a72d7d3afc
17979 411384b66acec711
17980 d4081bccc95de7c4
17981 2c88b5f8710ba419
17982 6ae85636060d5b4a
17983 eb19d26e1b1ca182
17984 dc1ec0dacfd76cd7
17985 8fc304cf8e8684ca
17986 a3a038ee7faf4a20
17987 1a8d7ce5b4d3962b
17988 e07ec673ee50847d
17989 c5264af38540c2ae
17990 9742913c23c7a737
17991 d90fd51c40e6080f
17992 5d58d423af1ffa16
17993 0dae7205d3aade5e
17994 194c94836b284b01
17995 e4992c7f2ad4d821
17996 dbf21d51a16a73fa
17997 ed5e0f37f7ce095d
17998 3ceedc4f72416162
17999 c71fd43478070000
18000 c029bafde6996415
18001 279b04c7f206171a
18002 0adc0997d04400ce
18003 fd5e2b393265d2ca
18004 70dc180f93ef9bd8
18005 699ecf5acdee8988
18006 fdc0c340639a9f0a
18007 fc0be32aec2af40f
18008 1d7e56da54978389
18009 5e61c9339fc7908a
18010 4e7710d6ef1ae8a2
18011 c24a2ea9cf46f451
18012 cd9ee2f6ea32f5ac
18013 e514076132d71491
18014 272bd9ca0ca8ed4a
18015 580627c4a830ad57
18016 af58550dc892bef7
18017 9cd5308413a848ca
18018 87161e9309b8e8fb
18019 c5b7d56d5ca6bc0e
18020 8d62479c38123e03
18021 5ba77e8744d524d6
18022 914ed88fa52b7de6
18023 618f379e90500d13
18024 bff06fab84762314
18025 47280b7a6d89fae9
18026 3e41203cb761cd9d
18027 47d88c3b058fdb8e
18028 b04e3ef0b9db037d
18029 d44d9059746abad4
18030 6317e76ff7762ba5
18031 f66ab9444c740930
18032 d0da670982fabfb6
18033 a6d3fde398603c2c
18034 016932258cea9894
18035 e9c1fce092e90103
18036 333946fd1f8877db
18037 6e4b3a273ce979fe
18038 2a6da648fffc5e52
18039 394a1700d5e60eff
18040 fd2ee7500d3057a8
18041 ccf0254a8234f555
18042 234c9feec38f9027
18043 978d0503bc9cd722
18044 98a239e1641bfacb
18045 7d92bf6e1fb2cc16
18046 a4d00530b0a3b166
18047 8710362f441b4a5b
18048 e9992c878e38a9dd
18049 bcfb786df2e06170
18050 9c9d62d837973a35
18051 bdc4cc0296b55b69
18052 3452251fbf0737a3
18053 9c003d60953404ce
18054 5a797ee4826a882e
18055 24894f985032220a
18056 460314d3e523bf29
18057 e9d82bdc3e3795dd
18058 275fb67cfc939d6f
18059 c08869b4b86381d2
18060 ce8b978236c1300b
18061 9c501b6a13a24eb6
18062 49f852caf3ffcfa6
18063 6437d5741073a4bb
18064 bc71a87b3e6fcbb0
18065 993bf9504b11d3b5
18066 a1c28792232b3456
18067 0eeb41a411ecc9b2
18068 64dc100f76744b27
18069 392ee49801624b62
18070 ddad0608ddec21ad
18071 8c8362338a938360
18072 2c0eb9e1d59130fc
18073 31d53bd36de13189
18074 9be165835bc71be3
18075 c950a4e307ecc38e
18076 9235c6dd431b8873
18077 9739fd887b95b21e
18078 0005bf1dd11a5a9e
18079 5cc61c27abc91b73
18080 e05a0f010736ebf1
18081 b08c1b2e5d410844
18082 b0d62ed3083a0e8d
18083 1b647c66f3d0fc09
18084 d1ddea95a3047dfa
18085 db71ba274e2ea1f7
18086 d31a2aea0c01cf77
18087 0b61cca1769b4c7a
18088 b384c0cba0c7e344
18089 d3bac55f5bd51299
18090 8e25f2010dab8848
18091 6ca85d337142e015
18092 c5effe97047201d5
18093 e21daa3edc155700
18094 0a7f73b6fbe7f447
18095 7678186589c8c98a
18096 14cbaeee2701107e
18097 7c78827d887ef8eb
18098 42220a68ae30908a
18099 34aaa079d2b77f2e
18100 238f342ad56c7c35
18101 9e5f540f0787a0e8
18102 d4cb0260b7fb8b26
18103 6ddffc36f911c2bb
18104 1162a6c8c9fd62df
18105 65a3ade0982a13da
18106 5df21124f832298d
18107 2561fd7cd38d05c0
18108 1010b28393e59458
18109 db6a2c65312dda25
18110 5a8efedde7fb5872
18111 1ac36541e634a377
18112 39974adf0b0adf89
18113 1e542ffcc2cb547c
18114 e4d1e1a123cf6b09
18115 9dd4b0d341db57d5
18116 bf1a0a01f13aac71
18117 cbc513df764c285d
18118 f5b871fc695f64e7
18119 7e1be7fa90eefea3
18120 38e88e8060af581a
18121 24a4690ac1c87797
18122 ce3adaf6740562d8
18123 d193d8326adf596d
18124 43c5146c8bad7ee9
18125 e6bff547bf4261d4
18126 35b940fb1d7b54c3
18127 1a6a64ab43dfd036
18128 eb8937fc78a6e338
18129 0216adb8217bc14d
18130 514657ed08261878
18131 b60225c9fc78b70c
18132 fd857853715bd340
18133 70b1dd8d0e729f0d
18134 50fd156814a7626a
18135 389c1223fec5eb2f
18136 8ef61ea176825701
18137 8400c3a0996ec494
18138 ff7c63d471c8be8d
18139 d39c8f021c510fc0
18140 e04e7fa52bcf3e33
18141 6124929b0fbfd45e
18142 81f5221f7da669de
18143 f93da5625f1b42b3
18144 ed773cc685696cfd
18145 54650e90fc938ff0
18146 a3e7ef2116342321
18147 3b004fd8581a8ad5
18148 536ec0e39aa48929
18149 be69b5ecccdac83c
18150 bdb6effc001cd86a
18151 be2eb6d60ab0dea7
18152 6dc151d68e1419d2
18153 29f0568564993fef
18154 d448d4219b5c98e8
18155 f936c373a7ac6abd
18156 2396fa7df9879b51
18157 1660054a16f58b5c
18158 73f97d35a6194fd6
18159 e96839e209c33fe3
18160 edfd5f532f305c66
18161 f4bdd34af48bdbb3
18162 52ccaec96548f6e7
18163 fb6abe8a1af62963
18164 18ba61fe0c7f0c20
18165 b71cd13296df08a5
18166 79265c45d32f26a5
18167 060ee7e2e8ec23d8
18168 5ca2bdd6fed7974d
18169 237d7afc60038c80
18170 08da9128e4f00957
18171 1dd0301a7dd3889a
18172 606caf221811f118
18173 1a142d32a36d97e5
18174 dc8e550f8cf12c9d
18175 1b0f3f03133fca90
18176 56359f0051acbc33
18177 68ac9192184e425e
18178 506a00c1908d919a
18179 df86703aba6c6b97
18180 f1b339c7616bdd0c
18181 b46e1afb5b11f1d8
18182 8f008176117b8aea
18183 2ee8ac6e1576a227
18184 1b64dc2436c26e56
18185 3c8f7d81dbfb95e3
18186 ca97e66fdde6968b
18187 bb5623b17342889e
18188 c0bffa842f945b70
18189 38960c683ba82bc5
18190 9e3c7e246d012c60
18191 0e5b92ea6a576a35
18192 92357caa0cd6411e
18193 ce3e55d778e2da0b
18194 6119f7bfd5638ae3
18195 b143a4faaca1788f
18196 e3d05d97312447c4
18197 a6f698e494653ff1
18198 d6737928f173a18b
18199 34c49f29d447994e
18200 1623672e8119ee77
18201 85ccd32f1b103cf2
18202 f43c38423d00aa42
18203 3ed6f7c92ecb013f
18204 44e9bfa02a5ff42c
18205 3b96fedad6203ff9
18206 7091bf73bde447d3
18207 278ed44c17a092fe
18208 71ece77d2a58464b
18209 ea3c32e45db599f6
18210 effd59777a008d89
18211 7a73e9cc02a4cfdd
18212 8f94690403fbce71
18213 dedba008e7bf417c
18214 f96e3f702c06d6de
18215 31daeb85dee15bcb
18216 636f2f50908b2196
18217 de9523387dbb63a3
18218 3b7d21d868c0b44b
18219 f2e6c8f34c09325e
18220 2e9ab19b01ead1cc
18221 17d4ef3195729701
18222 c393354d782048c8
18223 50d714e65a57059d
18224 076a0d59df14ef26
18225 0c75251a8401d1f3
18226 0b984921dd51a88b
18227 361aa5f63309bfcf
18228 95cf532d49ab1409
18229 261141d71ad81bd4
18230 873768738b44718d
18231 380cd79d3861c998
18232 e9a9ed65f5ff7ca0
18233 af7f1cda308158ed
18234 7028c3982f4f6baa
18235 679b1f4ee35ddb6f
18236 9bc33405ffdf0753
18237 ae77a948b62c35fe
18238 2b51a2cd90324c77
18239 3995a033feb1d372
18240 872ddb508caa14e9
18241 7790cecb305564cd
18242 c26b6d48c65bde93
18243 8032dda083f1ff26
18244 2caadaa4c2edcfa2
18245 492cfd90d61aa37f
18246 7386098ee1cdc400
18247 29a6cedabd1b598d
18248 6f4233377d364bf5
18249 be24aa4deda2c620
18250 9dccf52498d9b99f
18251 eb052e17f13c6542
18252 7d20ec60a14c9984
18253 4c80de8a00c121d9
18254 625881d44904795c
18255 afa88ee7f2e1a451
18256 ba683ee4f40cd085
18257 f9a44d5e786ed230
18258 2590c58661e839a2
18259 c41f42430f1a6d4e
18260 60ac371aacb6d47f
18261 e62127fae49c2afa
18262 701bd07d20b6b575
18263 74395cee3c64ea28
18264 d579a92519073e1c
18265 80d643b8553226a9
18266 8320cc8077886f4e
18267 d15b4c00d7e987a3
18268 734be3261e610675
18269 e34ead122cd49c28
18270 b46fceab4c77744d
18271 0a22d2b36491aa80
18272 47e74a825aae3bf4
18273 27f6949b450101e1
18274 83f95636960af596
18275 153fdcab68e300b2
18276 66b12b4212b78284
18277 c03b142d122ec8d9
18278 279511434b59b5c0
18279 3858478fa6e0d315
18280 26efa8cfa28d3276
18281 0488d9123277d37b
18282 41bdea81d8620343
18283 2c0dadbc3294de3e
18284 6374f0ff64cfc5b8
18285 1abfdd89c05d3b4d
18286 92e32f43d2a48f44
18287 827a4c52a8a9e699
18288 35c8ff4f6fcc41d5
18289 db3fdfc217c0cc80
18290 dc3038a47b28fd5e
18291 2216a8fa9a488952
18292 23773d0594cd9887
18293 e544b1a1846fcb42
18294 2570a57691209f1d
18295 53e10ba494a79490
18296 d33609a1e0342374
18297 d2eda894e483b861
18298 99bce6f2e6b96753
18299 e23a9e4c0066407e
18300 701f55db5e93d893
18301 4d4a88a60925ddbe
18302 cb236c0be4ce7e12
18303 0dec712d4871ccce
18304 887d791b7ac7e585
18305 2ebed6c608819c29
18306 364c748d7640fa11
18307 7f5432e21a86da45
18308 f28417e31d03db80
18309 1931fe71e46e1655
18310 2d09835c872b710a
18311 200db363593e7c6f
18312 5562440e92099035
18313 e716bcfbf5396e38
18314 8a532882a3d9a098
18315 08c7a1e18ef8dde5
18316 b0616e7e11b17ab6
18317 b643d95664fe8243
18318 0c51351b06ea3e87
18319 2b5bc596f0a02fca
18320 583a5f85a28f8d71
18321 c04d89a3d884a27c
18322 10dfef946ef66dfe
18323 f5e35fb8c6c37332
18324 761cf0387e90164b
18325 5a9edd4837178a76
18326 32162d0a68c728a6
18327 57565a5778021e3b
18328 07041a97a7ad9e65
18329 77d54590a70ddde0
18330 21d49aa4d4aabda5
18331 d7be3f060230e9d8
18332 83d3ff07cc3782f3
18333 3ba1dae3d80aa39e
18334 b8473272bdbf090e
18335 25af0be666317f63
18336 44b06db675c59510
18337 a98d38e9b0a2569d
18338 b17e75110f54ea87
18339 2a1a55940b8a8c93
18340 0ae84667e0ae34a2
18341 2287e96ccacdc87f
18342 8edd4e428eb70e4f
18343 e4251ba207cad232
18344 cfffb274c4de94b9
18345 ea931e771607f864
18346 5b637753813eee76
18347 5039f1a9618dff03
18348 a2dcb1d76f2409e6
18349 76c0d859229a3d33
18350 a7853af429d4a0d4
18351 be75013d7b813ae9
18352 6901032c7b7713a5
18353 ff27186c6dfd7450
18354 71e73c7afa49408a
18355 4a2bb5c6a383492e
18356 154cf4e247bf9a0b
18357 9d23b629f26500b6
18358 03a2be4a5dcbec26
18359 3454d63f3e7bb0bb
18360 5e419bb7ae33f241
18361 490c53ba9964ebd4
18362 2fcbcf13e465760d
18363 79a9313cfed8b628
18364 ba83628a8c12abab
18365 167e936e60b05797
18366 531ed37ab6b609e7
18367 5a27c33ab470c63b
18368 14001f7329a69e1d
18369 69a5185ce715ba10
18370 1173776dd08a5e01
18371 bcdb4bac7b00d47d
18372 a311ed7f87f2df4d
18373 3315f47e049c8eb8
18374 7d36c3243de683cf
18375 db0e12e7c10af3b2
18376 826813ec3dec758e
18377 1cd4223ffb7ca0fb
18378 e17524bda5e50b8a
18379 926cd072515aff47
18380 5e1d6ed08ae2476c
18381 3770d390a39ae5a1
18382 ce0785205f6f41c7
18383 32f8a2a61e13780a
18384 c986bac6b4e50cfe
18385 4857a5e77278bd6b
18386 c9b8f894000663c4
18387 ba0dbaf9816dc318
18388 aeceb18a57ea9a40
18389 4c8d897a31aa780d
18390 03abe26a3223796a
18391 f854845da60aa62f
18392 f2c44c7ecd485b01
18393 f5e4ada13b60f01c
18394 e801c8d3e677e369
18395 9dca0dc05354aa5c
18396 d65def6e4bdb07e0
18397 03ec31beff56542d
18398 bf2daea0cf384407
18399 c37aae96b7ab2542
18400 f1870f44c9d86db3
18401 d1451fcd36e4135e
18402 c118ce79eb0f5e21
18403 a0071e4d258d9a55
18404 164a9977995cf4b9
18405 c9d094013356f264
18406 c2bf4fa6fadc580b
18407 9166f67e3191601e
18408 41cdcfe68f7d9530
18409 3df6a1e3857d3f05
18410 b529ccec48b68df0
18411 c900d39c19a48fcd
18412 960f28f7aa435089
18413 b241a036c230e0f4
18414 9d0433321b6d707b
18415 f9e25e2555fe070e
18416 6d0ff4b301d9ee60
18417 e4f725bb8d6f66b5
18418 bdbcd3b80ab486dc
18419 6ceab0b530c6d770
18420 ebd59f5e940766cb
18421 32851a57ff32b376
18422 ae3d28748cb275e6
18423 ec4841ec44ba1a7b
18424 677b910b9fd37ba5
18425 6a4ac77b442f28d8
18426 0bb251bfff50d829
18427 64a8c675e8c2a2bd
18428 9fab17b49b9d9589
18429 966dcbe77ea818e5
18430 81d56f903b3fa8fb
18431 ffe05a6c20fb8166
18432 7d47275f0095d84b
18433 ef515549de6cc0f6
18434 d685339aa6e28c49
18435 677dc2a462df6f1d
18436 f7b3566ecb9d79b1
18437 a3b5173bdba8d63c
18438 60aa046a42deaf1e
18439 f9e2e43776ca430b
18440 d46a52d36fad3b2e
18441 b4240f39fdf5711b
18442 b86a14a4706fcf6f
18443 0d665118c95b63d2
18444 9fe412255d1f4389
18445 6914b36f0719b50c
18446 7113f4a9f40ae81c
18447 d88b4b0d4312a111
18448 016b01be90e422fc
18449 5a48cd212d4b4cf1
18450 275a09fe73f37cfe
18451 110e0a3f693f694a
18452 149d2ca176f12290
18453 ad055d8c7f315a1d
18454 a4fa4a1a858ee745
18455 0ca907a0b04ea8f8
18456 30292c3b1d853f3b
18457 8c1762d1b5a4f1a6
18458 85fdfb8df1f58fe2
18459 1885096128d7c8a7
18460 03c53165ff3ed564
18461 e578dbefc6059891
18462 2d7dc63c47ed74bb
18463 ffba56cc02ae3e26
18464 9b50a295ae66aea7
18465 2ebb2ccd28265ee2
18466 b66418ab2501cbda
18467 61f1ff2ca67bc686
18468 c3f2eb0d14e198a0
18469 11ff6b6176dc8475
18470 f49e3bece0e94e60
18471 86b3465d41fc7835
18472 873a4ee5f4c4f716
18473 fb4e54d6e3909fa3
18474 dbff9f7eb1e12acb
18475 9e233c5dd82fc226
18476 a943930e02307db5
18477 d232a993c0c078d8
18478 0ed270aa631dfdba
18479 36440ee433ca6db7
18480 e8fc59d8346a6a2e
18481 c974cad1cc92499b
18482 eec749e0c6b3a11b
18483 3bdb1ac904a4ad4f
18484 66bf64275108b39c
18485 1ee9ab5f8ef04529
18486 253b68bcb52f218b
18487 da91624df7fdbf36
18488 b1a0963c7e90c723
18489 7f85c1eb2fab2047
18490 246ee5e07d759c50
18491 9cb93de7c39dd634
18492 bbee0629002b12b8
18493 afc976f51dd9964d
18494 540daf744f5ab277
18495 84b663fd74ee2372
18496 65480827c225869f
18497 b9816e20ccee4b9a
18498 30fd9887a9479de2
18499 541a2af73365f34e
18500 24e15d4ba78f912c
18501 ea7f6955e31479e1
18502 af790936f111a360
18503 c0c37907e1cd1435
18504 3a02f25bd619d916
18505 8e08a99ef586c023
18506 0390b1bf003007cb
18507 bb77f360c32af2e6
18508 4015de3d02737c40
18509 e0be51de647c0d15
18510 f2cce44c9d3151ec
18511 c2c2206af5c1aea1
18512 92c395d287d52379
18513 850b61e81f797c24
18514 a92a0a6e8d068f8b
18515 dc42fe82018a0a3b
18516 0f75e2ab80de0335
18517 ffe90033bc69ebaa
18518 73d248221fc28b87
18519 b8bdd87fe8284722
18520 defea0bafb0cd311
18521 5899827321446a14
18522 c9b058e13302fd06
18523 e8c61c090bf62e6b
18524 86a52d1cf8537247
18525 2377b0ea49e9d6e2
18526 d393238355567d8d
18527 310758776369a4e0
18528 da79bc08cdfcbf08
18529 0b2a8513da6f1e75
18530 4b2a540df658cbea
18531 4fce12a4e836c18f
18532 9aa9d43b6928f542
18533 b8a4c04a8ee9bb07
18534 10519f9e9e9e82fe
18535 437f913dc30ccc32
18536 88a2c0350d2ea9c9
18537 b17adc711238f0e9
18538 1f0a770035da454e
18539 78b6673ac0a12c40
18540 9eb8d1cbda0d4d65
18541 7d83d5570a4b3aa4
18542 8ca1d019cb1b0497
18543 46303fc5902a1cdd
18544 76d9bdd7d9a1197b
18545 219e899fdb74a0eb
18546 3f441fd6489d8868
18547 cbaca38ef4c38850
18548 df0271bf7a72d8b1
18549 2e505c6697645b58
18550 8fb590bdef5fb3e2
18551 d6a6f5e8c8510088
18552 33e1f1ad12101c0a
18553 74121243cbf19cf7
18554 38de7b48120167d8
18555 2b4423cab7b38e53
18556 3ba34f55d4484235
18557 8b890e5acae8a235
18558 756f6bcc2f08848a
18559 4a24a77e92c8f1a3
18560 c1a9fd70fca5d475
18561 c699bbf25d0da3f7
18562 aa6293d242b7311f
18563 03cfc2ee7b2e6b47
18564 a2d44cd31acd4f18
18565 2f5e72f3c6066cfb
18566 8b13a41ff3b1de74
18567 19c1517a61f002f4
18568 e5287f99708c81e8
18569 42cd03c31bf11f54
18570 a76afad601b8d8e5
18571 5797a1cc9f091c3f
18572 99a2980741ef437c
18573 7346dfe2e872aa8e
18574 478ebf63249e2d8e
18575 ea578289d1321ee2
18576 304de0fe21815f7d
18577 7d2b9458f904aa0b
18578 be323b7b26776522
18579 02f159f1ae7da5d6
18580 b7e6b1700e2ec5f4
18581 c5faecbea1095081
18582 ebd42ab7614dfeae
18583 d959e4a9aa5be7ad
18584 5de46adce931b0fd
18585 3aee7659c6a7e6c0
18586 27b9804270af11a9
18587 35e9285617e5a382
18588 f07623d73adca9aa
18589 de5b8181787bdc56
18590 8de45833ce79b675
18591 cd5913b921b30e33
18592 28934489e9972c4c
18593 32d430b591e6f37d
18594 f248bbbc850975a3
18595 4b270b171c476966
18596 4022a4e7def9582e
18597 2ce084ff77186a63
18598 0531e8804f62702d
18599 532b73eab6adb5d4
18600 8c7969a59d5796d6
18601 766e626ae21c5cd7
18602 77749be911f07b7c
18603 022ffd23bc745c5a
18604 b5ef09d4a8848fbf
18605 e98f5c160b72598f
18606 c94b5a68ef9d1915
18607 ac74f5d9b4bfb00c
18608 c33eb027849eb4a2
18609 b40af841cf2f8891
18610 33cb9f850393eaf9
18611 cffb2aac20f46f52
18612 7398f798594d6997
18613 fe59ed50df03a70c
18614 42724fa30a6f3938
18615 400d52007064ad21
18616 cb04ac679f34f5a9
18617 2d993d14b7bbc24a
18618 361e89e172f5e835
18619 1016d1ec91a2561b
18620 dec7d5f0cfa9b884
18621 c13709b0b8a77487
18622 32b97f06e1d1dcb0
18623 dbb52f5ef652adf2
18624 c5db1c6d758708d6
18625 57fe527ac18d7f6b
18626 c41ea8d3516d0252
18627 5f17bc7d9f225d86
18628 39015dcc99c0be2f
18629 fab4eec761ef58e2
18630 766122e69307f4f6
18631 1fd64ddf429ef6d1
18632 4825f0d0c69cba52
18633 15e913b5d4177664
18634 ba1079897416b548
18635 502608b3b17f93b5
18636 8889b3806265d33c
18637 8739269dfb1a4685
18638 d26842d1e2784f08
18639 49d331e8275d9768
18640 a22ffe57d580bf5c
18641 d611795a65e377db
18642 0ae270e2b2eb5e56
18643 f9fe7b673d6c698f
18644 87f68d444a76f822
18645 a2b6d11cf4e5235f
18646 36f9c5ed803a4f58
18647 318fd064f908f5f7
18648 a3a6c2ff9fea5e3e
18649 4bb68b1f574cee0f
18650 2a915ddded5b0cd6
18651 61b6312f5c620f3b
18652 e403f2b1277b798e
18653 37bdd6b94a48c5ec
18654 10184675ff8459cf
18655 4f2dfeeb34b4a23c
18656 bb83e04fe436d004
18657 a7ce74b679a1f292
18658 029c99ebaaaee47d
18659 896a706c2dc57e4a
18660 62d565a253ae14ca
18661 52163ea0e2a4b4bd
18662 a5a09753934c6ebf
18663 40817bb255c6cac1
18664 025c2c2beb37d0bb
18665 71932092ab1c52d2
18666 dcd34c3e02eb682f
18667 f9484844d72b3b33
18668 0b3fe6927330d34f
18669 02327d6b19457912
18670 180a42b1d795ede1
18671 8d7829379dc3c510
18672 4835343e7324f78d
18673 c253d1de43a33837
18674 95bf5227c2193276
18675 05c3e8b4bfa68fb3
18676 7e4ec606701dd981
18677 5f00d50293152baf
18678 3358a8d969d0e54b
18679 c6b60ef5de75cd8e
18680 96b231f10f076ed7
18681 4be478b262446abe
18682 089c4e8eb9069371
18683 e0ecd15ebc412a65
18684 3fe29f16ef3e7f53
18685 30331e2a58144456
18686 8e9e1fef83e6f9bb
18687 82c19b230f0cd0a6
18688 457f92673fc51cc4
18689 cd40534234cc9a3c
18690 81627638fe201e62
18691 e11ffd5f9092a0d4
18692 742345f3fda98407
18693 a0e2c5393d2f73bd
18694 b32c32383785555f
18695 7a6c64e877818c36
18696 3aebdcc2491f314a
18697 df8f17dcf561b924
18698 a0a046b8a1b3c8a0
18699 ea77c4d50f22f18a
18700 40a01efd044f08ae
18701 2c8905674fc9c52a
18702 51eb8af4a75f8c7f
18703 4777f199a4e36d6f
18704 781e8b7610af2ce9
18705 b8ab1287d72709f4
18706 cbab739abb6cca13
18707 15457fc5f0192026
18708 3cd6de0864543d94
18709 4c45b85140b62cb1
18710 942f4189540f6f7c
18711 f4f99dc42a09d23f
18712 5aa7ef5cbce986ff
18713 30812fb2cd62f6a2
18714 c060e83e2081aebc
18715 1d5e19cf4be7999e
18716 2c2d64c934f10edd
18717 46ff53fed92ab16c
18718 2d8278679180534e
18719 f9303cd912bf313c
18720 fd5f21181aae9b66
18721 8c0ae72467c02244
18722 4974fac4f9fd5490
18723 d3431b305a99b300
18724 dd878e2f39b10225
18725 c070b4445de92ed6
18726 43e0a9733235f05e
18727 b8b0b52d5a11c977
18728 3684ef9e2ea21be1
18729 f6efffc93db98f35
18730 5b0574471c644df2
18731 ce3f836de16c318d
18732 91aa555fb0bf141d
18733 f8bd894b1ab4efc3
18734 79c2b421762f358e
18735 0814987667cf0c24
18736 fd15c7300d7aa13b
18737 4a2f8e24cb2195d0
18738 f725661eb5c14e06
18739 954ef8959de0ae54
18740 be7c31827fb0a891
18741 2dbccbbbb8e4193e
18742 a76f0224f3f1a3fe
18743 cb0e0cee701b9a01
18744 ff994ee8aa03bf68
18745 5aca303269f517b7
18746 e1398447a0985aeb
18747 bca9a515677ac498
18748 0aeebad4906858a2
18749 b628046ec729de68
18750 d34f67109efa8fe3
18751 a57ac94c9e1bd327
18752 dee433a948a1cabc
18753 058309da7ebbeba4
18754 f71daa3578a6db76
18755 24b959fe01c74c7c
18756 1b80c76a8ae3c864
18757 a0a5f520178d678c
18758 835958ade8bad25f
18759 cdbf87439234cb45
18760 7d7631df26b960ca
18761 23f1ec9eab2c5ed4
18762 54c4deffc09bd1f2
18763 7632e53a4b9e41a6
18764 0c23eafdf381a98e
18765 a00d5cdbbe6093fe
18766 92544c5a73be641b
18767 31cc0b7d2e3a319b
18768 a61e091536b32611
18769 9e11900a4de272f1
18770 b42cc18b9c894a6d
18771 a9e2dd4d3393db82
18772 b7099f4677145c08
18773 b023988affb2b3ed
18774 0db2dec63d5e0281
18775 6365a153b8b8d618
18776 a5ae122d47a50afa
18777 bd596cf9921c037c
18778 581bc5f70f28fdda
18779 c311144c8ee0c823
18780 7c7964f4f54fabd8
18781 abd10857f7d616b0
18782 080721d63c153bce
18783 7a29edc5e483a609
18784 768019e6e009d605
18785 ad4df04a082ecae6
18786 ff35a158c9939f73
18787 28b8425e4998e4d9
18788 05515d4945c145d9
18789 e5599eceef90614a
18790 4c272f5467f3f347
18791 0a2241e123d3f991
18792 3058cbcea7959af1
18793 2231d8972420d1ca
18794 1df5a9c3eaeddc26
18795 a1f85fa6d3ec1c9a
18796 6a9d42481438f488
18797 1fda17d3662434c8
18798 15a432655a2f9eca
18799 ba25679be8a567bd
18800 ba1aaf54504ddca7
18801 fd1f785cc90b0627
18802 17b314be21ddfc10
18803 f9d30af7d4508c36
18804 eed2179bdb89a6f0
18805 d8de00121d53be3e
18806 c10e1f1d4b355ec9
18807 6ac8fd1ae75afeab
18808 762adfe8c869b10a
18809 01df7c64c0f58de2
18810 0a84f37798779029
18811 84b0c48ae84fb681
18812 1c3307698352eb66
18813 9434f70a4c7fcf47
18814 cbe98286efb8f07a
18815 b80eb3198daeeb94
18816 b783326771d0153b
18817 22dc8f5581254110
18818 10a4a856d4629f87
18819 5dbf462a1c21e29b
18820 abe7eb0af16ef0fe
18821 f42a721683f0a2ea
18822 138ec39ee5088781
18823 49cea313f4deb31a
18824 f9023b18793df4f4
18825 93ef657fda626310
18826 72f4a9c5cee461f1
18827 d055d2a30ede8742
18828 a4dbc816a5c93616
18829 34c9b1f09a9378d8
18830 d835cfdb9507d7de
18831 48cbf92d4f3825e3
18832 85e224aae8a1324e
18833 e94748034da4c637
18834 6cd9eb9fe4ce98b0
18835 045c2debd1208a15
18836 2118fcab66e12c16
18837 3fb6704d4bf925dc
18838 18e9311edd607ed3
18839 fedb097c4e764bd2
18840 018c242ec0990ba2
18841 656df95356ed6a14
18842 f683ba4310c080b6
18843 d803851e7a8b4dd7
18844 a6d78c61c3401f88
18845 9391f881069735d7
18846 6f6b59cb3f91d4e9
18847 54f5234c9da82c99
18848 d0f586966b1f3e12
18849 ec9ac4bdbfc4ff15
18850 94864df5ffbb2b93
18851 a8b417564416516c
18852 e4771892042d32c6
18853 155e9ca2c0f52caf
18854 8991b8ae0db677fa
18855 d93cb9d629d82067
18856 b90a5560cd53c0b6
18857 c6579415a294e2e8
18858 fae80cf4adeabbf6
18859 dcfc051000c4e32e
18860 d8eee7f563a3ceed
18861 83dedb4e31db53b4
18862 4ad736329c06080d
18863 63449b223df86aa4
18864 def6240fcc4f9ec5
18865 aa6bc58566c5db22
18866 ad30b3cc5be45fee
18867 24c1bbe56f1db9a4
18868 54cd4ca9bc5699a1
18869 a130ab809fb0d5b0
18870 658259060452ce51
18871 26c401b8b601c858
18872 c8e04ca28466b6ca
18873 13413b44104dbdcb
18874 3c582953ced5363d
18875 e6ea460f79a511a9
18876 bb26dea26f3f98c2
18877 ebdf5c82438a3290
18878 a7d6258030866b5e
18879 77204631ab422063
18880 d9ad6e7929185f7e
18881 d20b371c1a91a49d
18882 713c94cda4b515d7
18883 1aa24c63e6c843dd
18884 4ae5c259513508cc
18885 bf34add48ca57bf3
18886 f8cf8b2935dcd1e9
18887 52b1a469aea1baa9
18888 001a1756ac6adf3e
18889 a2ae1b7afc621839
18890 963fa08739d4ddac
18891 ba6cdf3386f9ff82
18892 b2b6aeb079319f1c
18893 96375ae08ae8d40c
18894 c0ab0805b85365c2
18895 1f93ece0605505e2
18896 396826f31a2ebe1a
18897 be2168bed2fd432f
18898 989c23f4e0c0a9ce
18899 803c8ea514d0fee2
18900 be7f3f10b06e3388
18901 2cf3e2ac2edfe85a
18902 cb363364332e9442
18903 655ca48ffaa7dd8c
18904 7b4caacd59839a90
18905 4aa79d5c94c38876
18906 64008916731ef321
18907 1d4de4a0ff25a3d4
18908 da70c066fd26d822
18909 c89523705f72a59a
18910 ca9adc363c9b6775
18911 3bbb2207161941af
18912 f1bbf93b66ae77e0
18913 6d3c693c01c41969
18914 ee42b2d250594150
18915 38e51a467def5d28
18916 7051176717eab510
18917 88527a3c585f94f4
18918 f8e0b83ea3891577
18919 a3947a7ff8e84543
18920 9512498e414352ce
18921 86b714e9e5d9fadb
18922 cdac42e20e4ed73e
18923 759d69b7e647b5bb
18924 60c3dafb5a2e6b4e
18925 34d21de04c5b4a3d
18926 650616244bd17bac
18927 37b2910eee576520
18928 0effea25a7cf0ac7
18929 21bfee2d43bae4b3
18930 294173190535f5c8
18931 9bd6d79129e202d2
18932 86c402e186525312
18933 8843f10bfbfedfcf
18934 2da72348ffd96a00
18935 b655175e8100bf2c
18936 ee5a2d45dfdfab68
18937 b1e427ed454871b2
18938 b8304a12348d650a
18939 90e4634269f85f4d
18940 63cb1fa8fd6fdb87
18941 5ce78fea9f9a6212
18942 4167c78ab3bffe7d
18943 f884f6200ea8a69a
18944 523c771403c6188d
18945 a464e2dc0929ef73
18946 c606ed7b150f7a19
18947 76468d83a42ff780
18948 1fb870e913c11d08
18949 7b1e4f56e1437cc6
18950 3e963c529c8f893b
18951 cc45ea24c78263be
18952 0e5badc617c56848
18953 7c87cc35d7a4a236
18954 2d065ddf23ec03c7
18955 a33854beab7a1aa8
18956 4ff0fb8abbe4b759
18957 6f2594c59bb0905b
18958 1602b27041137d13
18959 17ddc482a9bdda4b
18960 e61ca719bab65f1b
18961 f94bc6088e4b1198
18962 be5a375e9a87eda1
18963 0c0b623384194173
18964 a42d2636ad493d9e
18965 6098bed6c94d9b29
18966 b266daf7ac5e73c8
18967 50e2ce1a675be771
18968 7006f987b3a452c7
18969 218bbc0f0a5aa69d
18970 fd7a6dd2dfe3c087
18971 8000ce3cf13c700c
18972 fab7f9eaa73dc5a5
18973 83e266b4e1f1d5a5
18974 2b8f65480d68b6d6
18975 e07a64c553f830c2
18976 d419cbcfa5bceb13
18977 ec04a6d94156bac3
18978 e3c9e5601e7d09ba
18979 8615c1c303126a5c
18980 24cf96a0795bdf0d
18981 7c657536bf90f39f
18982 e48714fce0a8892b
18983 0a26165ad947c635
18984 4136e7a48f0bef56
18985 4259f4523024f6e0
18986 237b6dbcc3494fd5
18987 c5f4a3331087f115
18988 dbbe87556f49bdfa
18989 c7acc7c6ff123569
18990 f43628b3501700af
18991 cd53a7181478538d
18992 09701d8f34cc43e4
18993 fbcd8c227610ec1c
18994 8039f39618fb679a
18995 8c67fc5faddfb9b6
18996 c8d610a35dc51b21
18997 7a21e00b043b9c28
18998 a1b0a6486ac3726e
18999 8f244626aa4016da
19000 6d1219a0323e803a
19001 227bce826741242c
19002 7e1424e29903f8dd
19003 2af0499cb61251e7
19004 838bb400eb035efa
19005 73458361d93cebb7
19006 b568febd64203b39
19007 472d1f7da7f6dc73
19008 f7322460faf3a84d
19009 c6bdef9c93595af0
19010 192efba019e612ba
19011 7a56c6b70e30331a
19012 8047dfa0f84395d9
19013 1d1c8e0bd75d0192
19014 718f061661d3c67e
19015 4cc22f88e61ea764
19016 f4f313dc124ecc3f
19017 f59e0fc82a9b00f6
19018 7bd88ac862b8522b
19019 291438ce5a23dea6
19020 70b2c05888e3995a
19021 01e77a0610045a5b
19022 2e5a24a8f88e2080
19023 e7e4fd6b3a6ee01c
19024 17dbe53e24c7e7dd
19025 9d853bee49f3ae1d
19026 ba71ef40f5b411bb
19027 8b8489e3e684dec8
19028 3957013e8792e753
19029 78193bbe8cf897a7
19030 8b29a4f23f536bee
19031 7285d8b21e759803
19032 e676d6f8a93dca89
19033 2ca836cecb830b76
19034 4ae35824adb78e1f
19035 33b20e6495912aa6
19036 8fd92b6483b787b9
19037 d2f1e01c6db743d8
19038 e6c369d6124a4287
19039 d45ec7b00ab83497
19040 33fc95e8a6cdac38
19041 f9307db3932321d3
19042 47e0acd20accc384
19043 02e86e2aaf38280e
19044 ba6cb49769c6bc78
19045 416a236711ae7c39
19046 1644aeed318aa173
19047 0f0c7a6d80b54084
19048 3ccfa5c4618ad870
19049 15efe6f3565eb460
19050 9d8adc607ce6f730
19051 fe0de83ea768b08f
19052 ef4579c9f2304366
19053 0e92a0c8390894d3
19054 d5072ee09ca36f8a
19055 92a22a0762547244
19056 5d95f3472f3ef8d2
19057 e81495e4c723efed
19058 829f36ae7aa762d8
19059 214290bee95e6f9d
19060 6f34e281c8b69839
19061 7dc66042085c36cd
19062 c23c57483cf4aa28
19063 93bbb61985ee4690
19064 f5de31e67a02e185
19065 4711dbaa5dec12e2
19066 e6dd962dc0c94a7b
19067 49993ecf77e9d704
19068 6f4ee0405ee686dd
19069 d8577306331d2e95
19070 731908a1067be03d
19071 b9b4751c8cfbf04b
19072 2a11cd740bea14d3
19073 5e7ebac20345d49b
19074 f4ba80f57472cbd4
19075 9a19c72cf6ab3b77
19076 9ce4243f4c0ba238
19077 8f259794602ef8cc
19078 d4b9d8c7a70a8264
19079 1916b111e4116040
19080 32d6feeb235cdfdb
19081 cfcb625f48698d63
19082 c567ed12aab50158
19083 019224566f73d75a
19084 d141695741ca6b83
19085 c8d6e398edf5e7eb
19086 2ba6222316519acd
19087 26d34d40dec4a362
19088 89905a982bcbbe6b
19089 acef84b82c60cdef
19090 5841f8d6411c656d
19091 84ff1e88d299f4ad
19092 b3c96a4a6d0cdc0f
19093 60164513b5f1f4ca
19094 4efaa9fbca677e37
19095 a284e037661d53a1
19096 31ffd62de70c1d10
19097 f86c92854365cf77
19098 de50f9a5327f10cd
19099 29bdb9a70adadde9
19100 920ff112b42fdfec
19101 376dacbe55b2a28d
19102 75afe50ab3c96ee2
19103 27adf6d0a884b5bc
19104 106381581de6d078
19105 6d35b22059c8db8e
19106 6c625cea421f151d
19107 b13f386d44cc57ea
19108 5c61a2f35750d214
19109 d8b62c4a49aa0306
19110 81bd757a76a33161
19111 4dccfe63a031de99
19112 734259ff61fff573
19113 4a6b6ab96f00394a
19114 84fd635dd81fb618
19115 47a110e8e5be3308
19116 2a514ef210ae35ef
19117 b1b6903580d73c91
19118 58e745cbdbab0ab8
19119 1c49d1e5f6980573
19120 dc8b687cbcccd71c
19121 de7a54d121fc1ef7
19122 dcf226666638c299
19123 ec69b8239bc372a0
19124 76d9cf474e3e30a4
19125 a546c24404501aa9
19126 ef8d51a202aaa4a5
19127 a2d310d74c3f0b7c
19128 02ba15236173e72f
19129 fcb7c5251dd90728
19130 2a25cc93e529cda3
19131 46770e28e587d480
19132 36a6d23418ec0d02
19133 20c3caf5fc406370
19134 bfb65f570c5e6ac8
19135 9155a8ba086a90a4
19136 0e228b58b17f7219
19137 ae3faf2e87059635
19138 496509a2bac8ae3a
19139 8f402d6d5e1cda98
19140 330d80d26dbc2ee0
19141 d8cf82dafd06b321
19142 f5ec7113ac38a079
19143 ac609722a4c20fed
19144 16838b9e89658508
19145 a8c262ac9ee28094
19146 8653711604403e92
19147 b399172191976502
19148 25c42e319a9c6642
19149 b484651689346479
19150 104926ae916f360c
19151 442e3b0f9a08037b
19152 a861b85252067179
19153 3c009267a81c35e4
19154 93ceaa94f2707ced
19155 369b61694e8c9574
19156 2b2d9a9644770b52
19157 b2441ebe062e154f
19158 7556876e695a397f
19159 48054c06d426eb25
19160 bfee16ebbb8de971
19161 67ef5bf832571c24
19162 3202584e9cdd03be
19163 a9e56a82ffbf5561
19164 ef7ad3fcff15f1d9
19165 bf256df836230a6f
19166 e501b3cf99ca9fb8
19167 3f02bb814747703d
19168 c9783851642e4a01
19169 962fa7ae9d3bff22
19170 a04b4f4b5952c873
19171 d4398a45be1c9041
19172 f066ce2e017ae3e8
19173 8c6298580a4ce437
19174 a230a85ecc4f9a7d
19175 2bc80d1d1b44072e
19176 ed1190e872bb1027
19177 3f39e668210511bc
19178 98045bd62b91ee96
19179 ee5fcd203b580f75
19180 be5a525f9e68d864
19181 201de7ac4aebb657
19182 a04152b770af5849
19183 6f876f41a6478025
19184 7491a86a785422e2
19185 b51ac6e78e2324b9
19186 50b8ab89f05ec2a3
19187 00b4f8a1166afbe8
19188 299a693e111dba7a
19189 cab30bff63e1613b
19190 d3e458bef413f48a
19191 4a8a855aa51b40de
19192 f4e109384ddba106
19193 d2af9b6d6c010fc4
19194 285ce062fbe87f08
19195 b8f3ebd923af1fd4
19196 988b20988c7ba37d
19197 89d38876e0545e34
19198 d25a308253671124
19199 14f3b036fe4c3c31
19200 543a0414108d2eda
19201 9394dd99a3d3ffff
19202 9efe8383f1d27125
19203 171a2887beb6b5bd
19204 fa74c7735f2a9ec0
19205 98faa98b584ad3a2
19206 2b1d292363c366e2
19207 120b0ed2054fc31c
19208 c39abd7687482da0
19209 d43596be0e22af67
19210 f46c897fa67f475e
19211 17ead421bf57a61b
19212 b1e459c6f237324e
19213 690141f943e1649b
19214 1533ae0ecb515d42
19215 7b6ad2889b0e9447
19216 aadf02c1b1ba0c11
19217 a622da3b6b5f436e
19218 322d14da60b63ed7
19219 9f431ea3a702227c
19220 a28408ada4fb8170
19221 264034603435ff63
19222 d85315ad3a521e1f
19223 08e5ff378b7d3499
19224 dce84cc78a2f9318
19225 6387d0627db00807
19226 ebf65fe293124f0f
19227 d4a5748ab380cd0d
19228 3af2759b478b9dcf
19229 87a79fc44c9946a9
19230 ac3580867db92d39
19231 fdb8f2f2289f9f1e
19232 81fec8bf9c3a321d
19233 59f3126cf8587013
19234 706a7c8932bccf18
19235 5de09f66664ee0fb
19236 c3300568f63c062a
19237 cf76a210283fbf91
19238 656be4ff75f5fe6f
19239 9b4ac5fd34bebd4b
19240 a769fafaeec5515a
19241 8d931b772459c036
19242 80538bb4a7bf4551
19243 fc9a606b050b4255
19244 101c28e75ed10573
19245 452fe608747267eb
19246 cd330c709f9bde39
19247 730512b497dad50c
19248 0b7ac138a7cbd28a
19249 ea7ce8450cc74e5c
19250 2e242ec321217e8c
19251 ebd272dd71c4fe9a
19252 e87c5fc727bec420
19253 c4c6384468d09dfd
19254 c636c42d5a10d3ec
19255 a1c79ed5523f0eda
19256 658be4ce3f6146dc
19257 5ba2257e32329c11
19258 c24130dd059c4992
19259 aabec214998add12
19260 c9b5ea20079bac47
19261 d02b66d3e403f826
19262 e25f209a6c34d048
19263 ffc8a03c0c153a23
19264 c7824ee4e330a6bf
19265 cccb4588e4dc363f
19266 2881d6cb309b24c1
19267 00c831110c0a60cc
19268 3b1572e7135b168d
19269 442b698044dad280
19270 9d3705503b1d43aa
19271 bb7a85375d75f85f
19272 cb2d783b620505eb
19273 fcfbbdd96eedaa68
19274 98e182f80cac2aa3
19275 9edfd82beae38c50
19276 d78a18c9f6a57243
19277 cb548561f9a5d684
19278 2e01f4c53fc605d6
19279 3135fb0896c957a2
19280 236957b042046765
19281 68516be679970900
19282 7ef2a9fead45052a
19283 da75ac00837b36ae
19284 834d6ba4e58c2a78
19285 8aa0ef1acdf671d9
19286 9d992915c2b9a83b
19287 3df1ebb3df17eff5
19288 69aed64a964835b9
19289 34aeb3473b4a8702
19290 f0f3c8b6372ed7cc
19291 ee9ce27f5e9e8d7c
19292 532f4512135d683c
19293 8deca5794ba12457
19294 176492e0fc33eaac
19295 c304940440e744dc
19296 bc073765e98e597d
19297 4bc2878262405967
19298 e749580499199fae
19299 40c3e60b804f644a
19300 473fe743c960c8f6
19301 89563897aa1b5074
19302 6095945e11b5fbef
19303 30329b7f3bbe6e77
19304 657d1a73dfd10126
19305 53a3ab2ed9e60178
19306 b50933aaa27c422b
19307 9ec05218cf263285
19308 b42b176776d8c996
19309 dae6d4392b699bf5
19310 49f9efe4d91fe035
19311 36b5757c17056bc9
19312 bb4c993004f847bb
19313 b0d80722ee8d816c
19314 2f616109b1ec09d9
19315 55ca8cbaeca3efcc
19316 0689a63b232458c2
19317 c2c218a7318b6a03
19318 d60a8c01fcb81b29
19319 ffc200ea9bdd6469
19320 3330d1d294b8ce91
19321 6dbef931f42c9e9f
19322 b23a9297f29dd340
19323 8033d0cc06391673
19324 28fbc6229a8075b5
19325 ed6bbfc6054f1dac
19326 765d2207af51402c
19327 a2f9df4427baeddf
19328 b1c95a5a0beb03f3
19329 24c0a04bfe7d665a
19330 210daba0d45faaa9
19331 65848abb7d0da56a
19332 3e90e4e35601be5f
19333 d0c9ded7cb1bc548
19334 e902416a21dd801a
19335 3bfb3401b1d86f3d
19336 d739cb4cb3288654
19337 d58820854bb2b83e
19338 6716c70ea2532e19
19339 5295c35d3ebede63
19340 8dee0782fb57b1af
19341 9d5ca7714f7bc8af
19342 b19b7cac09c6eb49
19343 a9ced610d6342abd
19344 f8eb7296cebf2dd4
19345 a8001d000e5e67da
19346 2e51dbdda9b1b77e
19347 b8809ab8d668010b
19348 5a65211cc11deb62
19349 45fb246169a324d6
19350 d9bfc84baba8dd1d
19351 44b02dfa24d7aa64
19352 94e46d78cda10144
19353 e002974450d0d1a5
19354 05c6ad11ed19376e
19355 e9df40cbed669a7f
19356 548ccf4ed46f2627
19357 f159e9ae727e5673
19358 62fc3886e64e148a
19359 bc113675b477166e
19360 d210a81c3b286895
19361 87ef366828d4cd60
19362 2710035369fcc6be
19363 85179bbc1119874f
19364 3bb795a271848c17
19365 1ef2b335e0109152
19366 d1c3d882f387b1dd
19367 2f52282099521ab4
19368 ba154aa74e4f8670
19369 c9d208756fe7aa29
19370 ba1c47c8c9d106b6
19371 0fc00a45f7a715ef
19372 7d3b54ab9a4f4405
19373 01a75de0bf009218
19374 fadf4ca4affd3102
19375 a916c032c3eead5f
19376 670a5c5efe11819c
19377 47427ec2558038fd
19378 3dcf2db668fd17a7
19379 05cd1f92453563aa
19380 c4bc74315cd1b514
19381 d07ebeacaac0f30e
19382 950750a89812dcfd
19383 75d92c917dbed094
19384 700dee40663d01d7
19385 5fbb20069b2335ac
19386 c4799a029981f060
19387 a32c3d02f98d9ca4
19388 e07265865456164e
19389 bff06ea3c93eb4b2
19390 5e8426859e99536f
19391 e3cd81c321b6d6b4
19392 b24c6f21488932da
19393 834c7db2890787b1
19394 d68eda53dcd0daea
19395 bba4459a7ec73067
19396 1ed9a4d7b99636ad
19397 bc92f693cb453cc1
19398 451adf0b16458377
19399 b5c585f9ecc08a93
19400 225266ccf4c264a9
19401 22d62b3fa5385292
19402 33a4828698f5b5b1
19403 8c50edf279b10dc9
19404 469988faf01465ae
19405 fe4771be184fd429
19406 9df90a844c3b4ae1
19407 dfd8bfc248d7d5e1
19408 6f94ddc59c0b815a
19409 c882c6a492d3d65d
19410 778f43fb03e27fa1
19411 b0dff5a647dcfbd1
19412 f632c0776829982d
19413 d8f74b3154c01c00
19414 8be3d755bb9f7d18
19415 9fd8ece7aa95277f
19416 c0f69ca7edea70fd
19417 3eb9e39bc4eadfab
19418 924ba5ac422b8f88
19419 ed599e86f1670a13
19420 df51f4fa5c7d70eb
19421 ec161c5d9ce30c5c
19422 224d6d5db33297ac
19423 2999a6b4a81a4817
19424 8c058ed6990b371d
19425 9c863b47dd541a53
19426 fe9e4d3e4720fcf4
19427 85a3312e3b315734
19428 2b3df4e1318dfa2b
19429 1cfe90cd57a0ed4b
19430 357af8ee799bb011
19431 99815d791e54da1e
19432 9128f2f10b2f4195
19433 ac8caaa33e4c43a3
19434 6b6ae0f26ead0692
19435 1fc5fbc8b1452f78
19436 5178b4645daa543a
19437 72c26c601197cc7d
19438 fafebaaec11c3a6c
19439 4410f4721d188dc6
19440 69c95e34b95369c3
19441 11669aecd2ee06ce
19442 42d2351af0a72b81
19443 f324a2502f0166e1
19444 2a97fd89ff9054ec
19445 af5370593b67d6fd
19446 da38f07853f1f89e
19447 10eb3f85f3d21b66
19448 9226bb87a89f8c1b
19449 8674a5858189ba30
19450 af1949d6472b7832
19451 bbcba9f66b650cae
19452 a4cbb3f6b52373ec
19453 129f05a41f703aa3
19454 bc298ffb333dac74
19455 1dd99ac44968079f
19456 e770cdb2af4f5e9e
19457 9890b09c05788483
19458 6bb1079c7187d7fe
19459 be7e4b634027dc3c
19460 9ca9627e2e24c9f7
19461 843fe90ae99e8f30
19462 ba76a0a7904c9c0b
19463 01ee74fd79ab9a87
19464 db1b37ad8d256b9e
19465 005d01673b9474de
19466 d4ad021b1ff35096
19467 36599b881e45d8a1
19468 9e378739170100ac
19469 56c22e3e68a7f935
19470 b60dc77c1038c7df
19471 3714e8ec550d7352
19472 916bae8a95bda2ad
19473 bd1ec5363208fe41
19474 ff87f0db14539823
19475 e6e305e2f79d1131
19476 7b52c16f63e8c314
19477 d6528486a3fe19f7
19478 dd9f6199867cc332
19479 a5baf8d138cdd6eb
19480 b16d23a6517babce
19481 0f303bda0433b031
19482 6785e185bc61b379
19483 86fa93da25c0945e
19484 1aeb6e11ca87de0c
19485 23911508a0bd335a
19486 5300df3689d43bf1
19487 c0ab1d32bc094092
19488 632d4cd050aabb53
19489 ca74957457af4585
19490 b758a839a696bfa3
19491 13785078d4dd39a0
19492 f639e1159ec31cd5
19493 56a6d674289c8719
19494 05d30119e1810137
19495 192688b9ef4d0ada
19496 161814a10444f10d
19497 4ed04367acc54044
19498 2eae994d94ee3fbc
19499 23c4f711d66dabec
19500 4bd4e8467e33ac31
19501 c82acab86621ae35
19502 df641f242e45478f
19503 04bcee73877073b7
19504 c14658fe4ee6640f
19505 bbe535ee703cb089
19506 820ce87ca3126aea
19507 876344cb53d45e18
19508 08d8ac4d9db5d896
19509 a959a56fa4a9af19
19510 d7f8116429a93073
19511 be90d874c6799c6d
19512 39cb8b4be178e980
19513 c54a24d7c86b791c
19514 375dce21cbceea83
19515 ddae3b112c43f2af
19516 252fdbcd97de25e2
19517 732fad237f9efb59
19518 78cd1652ca3df7e8
19519 456a664a838401c9
19520 84449ea37f8d5482
19521 70717026b1a8fc77
19522 4b1dd50e02c65124
19523 ececf71c4977f976
19524 962287fcfd3cd452
19525 db47157e4716cf25
19526 cbbb70ee6a0f15a4
19527 173a1132f51b3e29
19528 348ad6645e87be8b
19529 c5fc66b8e127d6b0
19530 6896cf60fba06753
19531 8cff23a0e375ad82
19532 abe2fd7bacc0417d
19533 178db746c15c2473
19534 53d97b0cb6bc131e
19535 a4c38c615d505d94
19536 62ea523a4554e001
19537 6b279e4edb173d64
19538 323cb300304e6114
19539 9d05091b19ec950e
19540 c80de3b012e02873
19541 38b8bc0c53a57f75
19542 fd195be36e3ee085
19543 e4b425bb9c988d5e
19544 243dc9f52a870bf0
19545 1e6a0887f9a84c6f
19546 23f2f45a754a5ad7
19547 d2c955c7c7e5952c
19548 15f691e9c33cc3ba
19549 476a36cd0b78c1c3
19550 8d671bfc2616d9d9
19551 de4db222ddc2621f
19552 bbaf2a7f8e5c9c9e
19553 4fdbdee049d94de2
19554 18cbf8fb47e303d7
19555 4dcb5b42c81117b3
19556 f12c6aee2061cd27
19557 3848bf830c3fad4c
19558 ea86d5e3d9c694ad
19559 397887224645c8d7
19560 03cdacc88612c222
19561 81e2cb2653079301
19562 961fd175594a0a87
19563 9d50fb2d58b8d5b3
19564 301caaac609dd47b
19565 cbc11d49eed7cf73
19566 2cd0532576dde4cc
19567 ddfc8d9450931a8c
19568 86110c828c3630c8
19569 16a5d5f42e1f73a8
19570 9357d81923675b6b
19571 1aa1d42e57ba51bb
19572 60e98febc71061ce
19573 2bc7c7819f9631d4
19574 5c070a306b45c6ca
19575 e9d4f7d96c430527
19576 23283a7ebd51d6cf
19577 de25bea8b4151b62
19578 93b8dbc1ef27ad67
19579 6c0c1c52e4a39dda
19580 87437d24d5903810
19581 95314b6350c7a609
19582 b2c9babfa374b258
19583 583c4ddef78d6029
19584 e87052447f5fc709
19585 6765c839e8a01b1f
19586 5d8f6debdae7c544
19587 e38e1629300c2e29
19588 0da1f8435e9f816c
19589 f030148a0076c31d
19590 9e1d515282c46778
19591 9b5e640ef87c928a
19592 327c8c7cfd36e63e
19593 c9b4dc0829d02629
19594 99f02e442a9e345f
19595 e2c89f036d7623e5
19596 6b171ffda2672742
19597 f0e9cd48ddfeabb2
19598 faaeaa1c9f9dd736
19599 3560e44b5c11d4c6
19600 2502eddfe1ad5f6c
19601 4576b3618a744c80
19602 ba7a322858e33751
19603 6a486925787b941c
19604 e84b02b322fd8db8
19605 ca14ed35ff0a83f7
19606 edb4550dd99e0104
19607 3171016dda6bbafa
19608 0ccda06918fea59b
19609 75483c5356dd64cb
19610 7b43b9ef8757a042
19611 a16c148b152f3ed0
19612 553cbc2f2f7c1933
19613 f69b28c6e40be615
19614 452dd66fea676691
19615 aebbd45fd1d22ea6
19616 eaa80aa266ad5106
19617 ea90b8a381fe046e
19618 d741af0b8653025f
19619 6e14da9fafac46f5
19620 4d8e5fcbe03c1def
19621 f16224e1cf5b1863
19622 81e3ac5cdae5b440
19623 b43f804ae173ab5d
19624 578cc2434e66b8f1
19625 6b6766e0652b9153
19626 923f24ede82ba8d9
19627 324c32c4d6a99743
19628 e8ba1b5ad1619318
19629 3a695a236d80e3fd
19630 faa0c69861387eb7
19631 5fc959ae47376fcd
19632 06fcac375be75302
19633 c05b027a8647d781
19634 36807fc0e5b0bb38
19635 5c0196516323c887
19636 ee77a12db6f4c3f1
19637 cbe6d04d8ae1b53a
19638 0a0c0ab768bfaaa1
19639 2986195d108007d6
19640 44f25b38c5b3d739
19641 879430cb0e2b7e42
19642 95b260eb752a09ee
19643 c7597ce0740f6989
19644 51b47b0d774f64ef
19645 5d4ae57ebc3f4064
19646 1773bbd386ceb980
19647 b4fb6810cbbf50fa
19648 6cc40b72f69185db
19649 28716f26efdf9275
19650 f6d1b946c35289f6
19651 7d53c87e4d5750c7
19652 ecd07108eb695c40
19653 6ee683ce984745ec
19654 ed7152d8ae0fecbf
19655 d706e3c2fb9566ca
19656 11a7f53f0f1d8209
19657 44a1bd9d1a5a1972
19658 f5704aa7f86c2a68
19659 e1307376ad415fd8
19660 cebfccd8ff7d1c7c
19661 72011389e1bca1aa
19662 3da6bdc7f6add194
19663 81e7dbf06c07bec9
19664 ef379a98ebb41228
19665 87e94323b191abda
19666 5a8231de2e3ab3e5
19667 7217fe90705e9640
19668 042a21bbd6db8825
19669 cd71fca05a2c1b6e
19670 99539c41679ed3cb
19671 df14b91afcaa0b15
19672 07171a9dcbd42927
19673 4abaa79b00174005
19674 b435d51ee275f59c
19675 286c2f4e445a715f
19676 b552e7e1ccb4994c
19677 a6c73b49306c6d3e
19678 bbabbe0c8a800e11
19679 d9b07d378c238b3c
19680 f7e8523670549850
19681 9a7e95647e50543e
19682 c2e369d53f3447c8
19683 8b02f097e3b6f5be
19684 3f957656a75dd4c6
19685 e355f8d7ee106b99
19686 40cd4c9cbbfdd58b
19687 7666d39a2a40f16c
19688 8211e36ea67b5105
19689 436b192d4756846a
19690 963db5bff4624897
19691 033706bebfa0d603
19692 54702ae191cb1199
19693 fa0c4708021220dd
19694 053ce8b3fdafcfd6
19695 a41cee2366f45658
19696 0a7b25273ad25cf9
19697 d9f15129ed71e219
19698 1d87ea7d2b1bc508
19699 fb167f43c9a04a66
19700 1513ae1acb3e5e6f
19701 969dc7c23df19eec
19702 225f8f26b94ef424
19703 eaf66c02a3abd9bf
19704 23ca7277c04189f4
19705 4c0bd88a2cf711ca
19706 782b6b5092f42176
19707 33354d21310a6cca
19708 e7c6cd6f87a81636
19709 14273f800f0432ea
19710 e6378bb8f3a4481c
19711 d858730599d1fcb2
19712 6e1026079ed714da
19713 c09035ca28f60cdf
19714 ba3599e6b3b2ea91
19715 1f3aedc374384ac3
19716 633290e951ae1a8b
19717 69543dc805981477
19718 afe78b0e5231b4e1
19719 b59307ee3e4dffaf
19720 2770fbf21de7b0a6
19721 f3cdd0e74127e33a
19722 e1a822a0d413040b
19723 34def8a76e1a3258
19724 554d7b4273344545
19725 c83f40b9eedf6d74
19726 f1e91a9bb5a31dbc
19727 74f5d0178c850ea1
19728 d877d8e7128421b2
19729 22d588b68e56bf4a
19730 759afd16072f2a65
19731 b4f9e55cad3652b1
19732 fc1c1461d31cea1e
19733 b7ca34a67d51d916
19734 5e03a35c3ef344f7
19735 bbac3c68a371b93d
19736 bf363258fed85946
19737 52ffda3b6e746289
19738 04d531a29a8fdc31
19739 88a8f3ef83ce0a70
19740 f1c74fa1f9a6a63f
19741 2da2263385979f93
19742 40e2114f9dc1d43a
19743 2c0ffcae2ae6e16d
19744 c3bef38aedb21fa0
19745 7ca8fd5b05668433
19746 ea166c53be2addb9
19747 523f0c1b40d3d14a
19748 2368e8f2e40d4b0b
19749 f283403c463a7321
19750 5d233fa852cb41b9
19751 72b88450a228f420
19752 577f2504af43c7b4
19753 7f83131eb7628795
19754 6262e00fa7f87011
19755 3dbbe2ac2175c246
19756 b3ce07195a4e5505
19757 d55dc0e25ad0d2f0
19758 7fc4400edad6df93
19759 7c714335d353bd0e
19760 279962d4ad13c828
19761 690b2c45c6f63add
19762 18d1f216200726f4
19763 750ec5a69ceafbf9
19764 19410016b75b4bd2
19765 2febc80be9028527
19766 8db514b03168195b
19767 24180e761f8fb866
19768 5560cf179ec443ec
19769 92d49831a97d7491
19770 ed88d7c0c0d31e08
19771 c207daae9dfdbdbd
19772 fc7d68990b062fa1
19773 64a78d031beffa6b
19774 95030fa4d8321ed4
19775 b6c2d995f1f228d9
19776 0bdc696232a4cb59
19777 0521c108172a474b
19778 9669a6c19251bb20
19779 18b24d7fbb99340d
19780 b5a54d09499b7524
19781 ecca5a4e36a24958
19782 2104dc0975fd0bc6
19783 465dce180f52a79c
19784 f17013273bd83c19
19785 26d03a69f6a07242
19786 eafac3e8c838e4ab
19787 74e9fb7c71dd175c
19788 875f32c59fa358ee
19789 80a37ab3c63db175
19790 85229fd420aa664c
19791 69cfe4c4a03bff3a
19792 d5abbd6a4d850266
19793 2568d6dbddc99b14
19794 9f262d9aab04a66f
19795 a87ecea22ffc37c8
19796 c149878455f2f256
19797 4f1b6a1b9d8c6f1d
19798 97835dd7367c8141
19799 027720914282fcfe
19800 1675556c8f1b580d
19801 4181661db3ae6446
19802 de71b907eabf0cf7
19803 2bb0b790e33c5970
19804 5cc9067c598862be
19805 7ae39af5ceb6cdc5
19806 dbf36ade37b3b0dc
19807 7ecb6c6814cd4a23
19808 39401ebf3d52adb7
19809 8acb0e524c506204
19810 13ab67006a9421ff
19811 42bd275f18da8998
19812 d20fe8ad0733a3e6
19813 5e57e4c257412aad
19814 d4acd1b3840f1814
19815 71f9aabac588422f
19816 4301bff119324abb
19817 210ddb05413164b8
19818 3e8ec5ec8a52bfdb
19819 ecbb78bc53a6192c
19820 175836afd0753e3d
19821 22b1a4f75caaab96
19822 7ce1a3016f26e5d4
19823 78bc94fc935f2842
19824 350ec1e3ad3686b6
19825 6e899e795cd00d55
19826 b2ad9cad053d3c7e
19827 284737e70b6fa959
19828 99a834d3f6e4f0a3
19829 795c3223af746528
19830 410cc09068825ef0
19831 9ba7a1545822fa76
19832 d541909f2d667995
19833 b4a8c523b1ddc416
19834 a7669512e525a87f
19835 1c43ce95a80f56a0
19836 1489f4e1caf4d092
19837 a19a98b35e266361
19838 863fb16d357174bd
19839 4e3c0197a3868aff
19840 01f677e1266314d4
19841 8892398fb9588427
19842 6a10156faa8eef49
19843 46705991b338f53e
19844 c699c664aaa739bf
19845 55b9438c9091e4cc
19846 bcc22df6f64aecce
19847 6d935a494994f594
19848 d7f227eb49175d0f
19849 77d3a6208745df1c
19850 001e173705165095
19851 39822389e7eadc72
19852 3588980d7b15c45a
19853 1fe1ef3b5da44cb8
19854 a51fed1b86cb8872
19855 9b745b913a74b58c
19856 06eab8041217353d
19857 1bafe03fc7a35326
19858 a19df51dbd30a5a0
19859 0a8ebf4172a029d7
19860 455b992472d1c7a6
19861 997ba6011364e2bd
19862 01845ec6a88e0341
19863 f15125bc1446c90e
19864 bbc113a8624afb19
19865 fdf842e7b66d8be2
19866 d1bf093d9cd66b28
19867 3965f180e4836b7f
19868 469bfc8e6262d6bb
19869 4b8031dda0c713a8
19870 9283515f02bd3ca7
19871 40309fb15b47cfc8
19872 04849126f6940071
19873 264b6a3949fa78ba
19874 c5e0e15c1a750550
19875 144a7d7573a2c447
19876 d77f6b1a64cbe3f6
19877 04906934f0e3fd0d
19878 59e4d33ee5d14eb1
19879 df7e58909746cefe
19880 0010d24055022d49
19881 3cc20fc096352a92
19882 73534d4e9d5cb718
19883 2a298f39013e196f
19884 855007f6637ac0ee
19885 726112a533a22e65
19886 919b30aeffa6de89
19887 b387f0acdb36cef6
19888 f61d8e3d38c7239d
19889 2912a7531499fa86
19890 01e54aa02c7a72df
19891 6b3fc1546a263208
19892 a6fe1c0f76c7dec2
19893 d0c394235e576ef9
19894 7beaea159f308b25
19895 1feedca3ab0e95ea
19896 4bd359e6ad851d79
19897 fc66a9f17e760d42
19898 a99f54220f16df88
19899 f3ffee447fa3175f
19900 ccbd931257adef77
19901 08a1369746cb94e4
19902 c07ac2451d64bb87
19903 aef7d21e579bd528
19904 acbf868c2144bfd1
19905 37d97ab0169dbb1a
19906 93b299c61ee90bb0
19907 778ad20f83bcb4a7
19908 fcec20f7f83cc203
19909 18f0282f2cf35530
19910 6103d54e08cfea8b
19911 351a7954cf462fd4
19912 63e146dc0dd4b2e2
19913 d98259bd98c8ab19
19914 e88fa4d6417cb4f8
19915 6100903dd13b0f26
19916 9de9f1d4bdd7d494
19917 3e8c03eb5753fc1e
19918 31a37f53bcec81bd
19919 9d50220b6c7aef22
19920 fdd8d360c0ec2fbb
19921 1de1284733c030a8
19922 51492d2fc43ad5e0
19923 07197791d65d5417
19924 652b5e3919e435ad
19925 d81d45e6897c5096
19926 70c34086b73e488f
19927 6df6f05e6260d770
19928 5dccb0d70f5bad16
19929 6c85780d8feef52d
19930 f0e533cb32be2d94
19931 83bc2cf2188269c3
19932 a1f78aac2f2d8757
19933 7a14eba891f8f8c4
19934 684f7f26d277a2b3
19935 cd89b0663f4410bc
19936 761b65a27d1c5e7e
19937 370946ad49587ef5
19938 ceb97e75b67b9e89
19939 7b32cd720943a8fe
19940 e221d2312b7417e1
19941 6968af276a72c26a
19942 61c2f274fbf92ceb
19943 d3f809033515e334
19944 cd604f6f859be806
19945 35f514fc08feb31d
19946 cc53a06716524b24
19947 9c5b40076d2802d3
19948 0c7784d97da0e047
19949 5b4fb8d013e477f4
19950 319ced2d97802fe3
19951 d174897998fc252c
19952 c9f2bcee1cce6f6e
19953 317bbd6d36c28fe5
19954 2901a3348e350b7c
19955 af04d09681ebf4ab
19956 9a67e5fd02539fdf
19957 4669542eed14daec
19958 4c6374243ebfcc6f
19959 b4e870d7a6bb7f50
19960 abd9856beb3477b9
19961 cc43255d23ed1682
19962 ad43f9f7e7842bc8
19963 b47f76f756bf109f
19964 96844b5d9c9b535b
19965 d834112f9a783b48
19966 aeea9eef84470393
19967 76f1c2c2607c1f9c
19968 c70318c9c6b3ffde
19969 679fb5384db26555
19970 250995aa0cf1f63d
19971 b9bb3c657213139a
19972 7753da45d08dcb41
19973 51a0a0e13b4204ca
19974 36fe39e2b48b8fcb
19975 bd6a7267d5d39414
19976 754626b4a91b4466
19977 bdeffe9d734b101c
19978 6bca3595ec6d83b8
19979 e3ea581f4366a3e6
19980 c5c5c20aa545a6d5
19981 b502531d7f25a45e
19982 9b70a44cf7b207e0
19983 c69f121bb98295cf
19984 01435dda628a6cce
19985 89026d46dd3a38c5
19986 5bc21f888773267f
19987 f2e192f749204e28
19988 ca88c721ff636cf3
19989 79393f95f695fda0
19990 1da55d9a6c0eb6c1
19991 c299f29989b3c98e
19992 e83afcbb6ef15c56
19993 1ad4017aae47586d
19994 3735064531652cd7
19995 42b945ad4389f7a0
19996 8682c03ca710d029
19997 2f2402008a13f072
19998 147241ae377b4a8c
19999 7772aa3db3a51123
20000 3b64bffcd70688aa
20001 869165b5e8131521
20002 072d38c9dd0d2e9d
20003 e07c0cd5e11c0c7a
20004 bef65a6934a7a95d
20005 dc20f6c5f36b6346
20006 2f8f456f1b91a074
20007 bbba4b41e52a4fab
20008 67db4fc1bd4ed56f
20009 aa36dcf6227c1bfc
20010 b48e856afbdde993
20011 ab3913bb416687e4
20012 942ac917d5dc37b5
20013 bf4e5185f93bdd3e
20014 8f7eb6e2c26ff17c
20015 8dd394489465c153
20016 5496b38a3b88337a
20017 25668e17da446831
20018 62d4dd4bf231808d
20019 35dae866009112aa
20020 d816b0be6c7bb64d
20021 6fb3e258c87f6936
20022 141605ac282f66a4
20023 b8ec937b0303971b
20024 a37f33c34a2c7e52
20025 eb73df3d30f7ba09
20026 a23cb628a2aabbe5
20027 133fa1b017e30502
20028 f758228ed4563189
20029 5d60583fc0de8fd2
20030 b4f1895c67582cd3
20031 4031cdf45271fcdc
20032 ee657c4a43bc401e
20033 89b2f9f6d3894795
20034 0efa7eca54621da9
20035 b51cf635581e3c9e
20036 95d2152793fa3b3d
20037 280de05fda390626
20038 427bf7a771e27bd4
20039 8e043324efc6521a
20040 18e3d51d7fef6cea
20041 449fae1a9604a970
20042 c395e5d96dbcbc73
20043 b832823358b84ec4
20044 dcc803e14d55b215
20045 9004c741c721b19e
20046 5ad7aeb8f57eed5c
20047 42ff22dcb08815b3
20048 5faba514effd7a17
20049 d3cd58b4f43c9084
20050 49e612c88c4cc8bf
20051 cb6ea0776d864968
20052 2fe3e473f8e252e6
20053 d6ef73d9fdeffbfd
20054 2a39b0ba93f52404
20055 41b415e52b929ffb
20056 166b433767de31d9
20057 9b478d68bac8b9a2
20058 8dda515b3f63fbc1
20059 30c3967e7eca0d16
20060 0250f42e4b2994d7
20061 295c5bafabff8d44
20062 8edeea004d4fe5cc
20063 d801b6b85d76cb63
20064 a1eb473e93c24f31
20065 73e9b1dd7455a97a
20066 aab0392a096e5c1b
20067 852a9517a90ee8ec
20068 c134d0966cad49d2
20069 fa899e70c69ba089
20070 777379f4dfa0c588
20071 f7d857c2aa36cdb7
20072 b4add73106860fa3
20073 78dbb4667923a250
20074 e8cc6fc5eab99387
20075 1523fc9f2b8d1790
20076 d55eca8c90555ffa
20077 ba65c157ecf205b1
20078 0659827edcdf409d
20079 682312abea9c7602
20080 2360237098a257dd
20081 41fa8c32ca63b2c6
20082 6e27ae62a0358a9f
20083 3bb7028af42a625a
20084 5e000f9561fc83be
20085 6951c9659accf6b5
20086 7321c21a32f8936c
20087 70ec470ebf9c30d3
20088 0b429ae85037c2ab
20089 88854ef184354ae8
20090 622d37db12b72603
20091 6df8f67b634a5934
20092 51cf834434f5f256
20093 1cdf0d6a8a03081d
20094 be75af5bcc1809c4
20095 810ca524058cac4b
20096 07d50527a2f41673
20097 ae220cf8fe6a0d70
20098 383097b73e78e5af
20099 5b47bdd1640c77b8
20100 44aa90f2eaa49dce
20101 4e3ec35d347de1bc
20102 02e5ad7d3ab9063e
20103 67f00e166d468f31
20104 3311df3d611c8a28
20105 ba24f92371550136
20106 6e8ff09bbd3e5aa8
20107 9918d07a96d45f95
20108 8ee3ed7c50c54269
20109 2c0b2104c2edd10b
20110 99b9c05f89131321
20111 07c66f58cb4db49c
20112 693930f75e963b2f
20113 0a28fe604d997320
20114 0bae51993497a9be
20115 096380f2d40b9d7e
20116 63d06339b975d580
20117 6dc409be2d60de65
20118 cc3276448256f18f
20119 def0dc67c16b090c
20120 377108522177af01
20121 8c9ee90e9233bd4f
20122 9cc7243f5e15889d
20123 69e8d4014cea9c49
20124 2f75759749c430f2
20125 33df4216025914a7
20126 6b3276fc9518f533
20127 31252d30383db93e
20128 f24fc75a9af17a8b
20129 e4f8515ec4e617f6
20130 1fa8f0ce415a0fd1
20131 86f74091807a1b54
20132 8603a98381cfd2fa
20133 bf3cebf22373044f
20134 5c448779b3772793
20135 14845a162dd5079e
20136 3560b157052b04ad
20137 afecf6cdcc6b28af
20138 6e6bd63489183e8f
20139 f31be641494b8682
20140 2cfff68230cc6791
20141 f852650b9fd6888c
20142 575504d147b1019a
20143 63076ca04002f187
20144 f4f66c5dfabf7d86
20145 50f75e4ecc95e7f3
20146 dbe62383074d1167
20147 8c49a95b74fc397a
20148 030cb2d551ef8bd0
20149 224cbd62c5df0bf5
20150 7aa39ad4119232b0
20151 923e6b443a082755
20152 5c72ba2a6fc4491e
20153 2cff9d743559a66b
20154 e8397c408ebc9b0f
20155 490fcae4602c2b02
20156 48bb41f36ae40a31
20157 857f99c8bc5f8d2c
20158 300ab1d2d1fe833a
20159 d1b7cfa72c849f27
20160 1ca955808815d846
20161 d5057a66ced31ab3
20162 76abcbad68ee9ed7
20163 4ddf6126ac5944eb
20164 d91648797fe76ec8
20165 bd9d1ddaf65d0e74
20166 b0b5a14c09ab7122
20167 546d66d45d969aaf
20168 8736d967336e79d2
20169 4772c66fc01f8bdf
20170 3b4b8592f23a2a00
20171 e143f439a97dd065
20172 ac9c183a76eb7c25
20173 0e53acc0413f2cc0
20174 ce2c4d99a75c203e
20175 c19172c2c8cad88b
20176 9e75578698e9f7b6
20177 6ef529cf3c0b5263
20178 08276a34f841bbc7
20179 42674ce330d6a3da
20180 16e39eba1450a6a4
20181 e2a0036cb8e020e9
20182 97fb594962390bd0
20183 d3d628c88e1d9af5
20184 6c8e21efae6fb9fe
20185 f9df30e84933144b
20186 21acbd3a549d876f
20187 620eba554e4198e2
20188 b0c2520147e2a108
20189 43f95b435306516d
20190 ab3e3147b9ff4aa4
20191 fe7b3fe8a072cee9
20192 46ec8f0a2016ec0d
20193 e4b3edcd0a81b3a8
20194 f8b045f31dc196b7
20195 464a30eef929a8ca
20196 74207fe47a560b0a
20197 3e92968a0bae12f7
20198 8e7986aec0ecb3c6
20199 023d9e6f88304f33
20200 6af0738c569d7650
20201 8bab677ca0578a75
20202 48f680bbf46a151f
20203 2d8aa0b0ffafab12
20204 4e6d5d21a0d7a152
20205 640a0bdbc5ebeb5f
20206 8fc2a3b222d10948
20207 b82cb1472ba1fead
20208 49bfec6a362c9d19
20209 2fcd82ca5b637dd4
20210 0d326e8f7fe18293
20211 a4b3d247033514a6
20212 3364a59c7b972084
20213 893d194f7523e349
20214 1b3af66c250608fc
20215 a647b09cd6685841
20216 03b8503a5cd61d01
20217 1f59efe65155babc
20218 21d1ff262f87ccfa
20219 bde7b7a1e1e661e7
20220 d9338ed128fb1cbe
20221 abab564f7a96f30b
20222 8327f26b8e75d844
20223 b0c09a1aee05c109
20224 e5b99348561b9f49
20225 8709d61559504f35
20226 56edf8ddc1921a1a
20227 fbe48cce109b93f6
20228 01e7f346e3bacc54
20229 f739109ab2be2819
20230 3cf45c6928228a13
20231 69936fc9d954f1de
20232 0bb98b59b112999e
20233 ff50555a940412d3
20234 1bfeea3281c5f034
20235 be85ce63a93af7f1
20236 6f8b5a5f39fbbf63
20237 a148a8afd236c32e
20238 d8f7e849ab0402e7
20239 557ecc90997a2372
20240 5154634d6a00f699
20241 f78c7c0bd43dd49c
20242 2d8b9631f7f80fc8
20243 791e68e02fdda965
20244 960bd42f1f86307f
20245 2a7feb1252b6e1ea
20246 f43dc57a92d54263
20247 502e0f0841d9b02e
20248 631772eb9a6dc6ee
20249 a4a5e45844405623
20250 84939f7818140a01
20251 63342a8b44fc83c4
20252 2324e660bc1a7471
20253 6180976e26b228b4
20254 3f21b61c27f0bebb
20255 7c1fec4e99c63ca6
20256 5b9acacad23c5066
20257 7352fe9aee91d57b
20258 529dd2035c28d64d
20259 c4f0df89b6d09670
20260 dc002f0e7a42dd35
20261 c5eefba4cbcb2d98
20262 9a087238d727d980
20263 45de2325b6671cdd
20264 4631a7167260de3e
20265 69e7c43b4bbfa173
20266 739af75331fcd14f
20267 80eed53c98ad1f7a
20268 941f062f51ec2837
20269 f892d151077c76c2
20270 818ae4f18045cb55
20271 9f49d633328510b8
20272 3bcb0a1785f4bdb6
20273 71727be0eb2e130b
20274 07e97eb40b4cc067
20275 c26ddc471bfdaef2
20276 af84bd247b185119
20277 be45d184a81e431c
20278 14310824e79351f4
20279 9983cfc29b8d4ab1
20280 fd209b908d3d915a
20281 9cae7878849d0d2f
20282 acc80bc220780d21
20283 62d85e996afa2264
20284 31d296b90577a3fd
20285 121771f072710c20
20286 bebc1f0b2ace5bcc
20287 d88b55a067d921a0
20288 119fa1d1d3a0a03a
20289 8d8b5f0fc38394be
20290 6635edcf1621923b
20291 7ee90fe9aa4f8626
20292 169c94d4ddd3f855
20293 eafb60da61846db8
20294 f92d593b696a90c4
20295 24b274515c891901
20296 0374c53d893a7a8a
20297 8bc90f068e9d0c9f
20298 9e5c7fc91c401c91
20299 f5a1f59df2b4e0d4
20300 e54a237cd4d6c3cd
20301 e15602f72166a5f0
20302 83705dbd18acc89c
20303 c7ee0f27cefefa99
20304 95dd0789dcea1f42
20305 2ceff91cb5ba35b7
20306 05806166dc0b81a9
20307 aa9b81ba59eeecac
20308 dad0dd78715e3a79
20309 da9abc139e338e7c
20310 cb89deccf9570f23
20311 ef97c762ba0620ee
20312 6fd46a316e60bc2e
20313 bd65159d5e3bca63
20314 a068c882e4240f25
20315 fa9c8f1e8a38e188
20316 21656a66e0fa359d
20317 ec51e417236e0340
20318 febd5837dd97f2ec
20319 8a623a588189a0e9
20320 14936fb273ff6907
20321 99fa7cf4cca88f12
20322 31dd47f3b122691b
20323 cf803d1d662da506
20324 a84341b1ff10aef5
20325 ef1c10cdaa194758
20326 7901e063bed1da64
20327 e13711957c9c6121
20328 057ed299e3e1925b
20329 3d437f5f83528c46
20330 856f361e146fd60f
20331 cc72e5a1c630133a
20332 8a1ffba9e0851aee
20333 33ce4c0995bea923
20334 3eba96cef09ce83c
20335 964266ea0b9d6f39
20336 30f05b2ea1a369f9
20337 22add74d220a75fc
20338 6441a232801ac47d
20339 cfa430c5c4b2a7a0
20340 ca51c497032a1b9b
20341 9384fce3e4b8cc86
20342 1099ad658756ea34
20343 d1f17a9d2bf1c1f1
20344 deabfbda85be42b1
20345 2fcfd563184636f4
20346 bee9c8bbe10e7da3
20347 ca4166ef82eb856e
20348 6fc5df6d0bfd82ca
20349 d1411e9c43d1b206
20350 0eb28cb352c96099
20351 6856ef063bdda765
20352 df35d85b167fef27
20353 75b66b7e3dcfc0b2
20354 125632b03331cfb7
20355 76039692b10e7142
20356 1a0f7eb96e109782
20357 9190e1e7fea202f7
20358 ea0ca94be75e01a9
20359 80e784bd2a4a17ac
20360 820a27515dc6762d
20361 888aa7260c65fbd0
20362 33efa06cb22e8daf
20363 74f50654cc8018da
20364 74cdf2194e61c49a
20365 3da6e9b33eb4f16f
20366 dd39b955a366f738
20367 cd7844654c52a7d5
20368 249f81e6757221d7
20369 080cc0b8efce2fe2
20370 e8309fae9ff83cc7
20371 d1efdbb47f3fc0d2
20372 aaa208d52263a692
20373 05707c60c1205e87
20374 cbb82295671c8850
20375 57f25386a4f5ddad
20376 9d17cfe85a4641af
20377 f94954112d15759a
20378 61b640863d400ab3
20379 0b91149914c82d8e
20380 5aa7c0a9df1f165d
20381 21b32f28e6130230
20382 cdcecdfca83e0d6c
20383 1e450a90ca111fe9
20384 3c1627a59101cb83
20385 4ea8b00428583f9e
20386 0d9bce1b67cb0ad7
20387 c4cab99dabcfa422
20388 209ad75deebd41e2
20389 f4a64acc50af3e97
20390 a00ff09930b603fd
20391 9c7d37f8aaa289d0
20392 34ea742f49fbef4d
20393 d15c6b9a9ba8f4e0
20394 e182b336a6eea9cf
20395 1e0a854c5632353a
20396 d988341e2d83ebfa
20397 c6614071523f508f
20398 dc4b3a2c129154b1
20399 889d1799bbbb5234
20400 a4607e9336b6bab9
20401 c4c6cd33bbe5b53c
20402 bef99b61b0b54aac
20403 51b11fc12266a429
20404 b1a4d51bba6e66b2
20405 9c2816bc4d61bd67
20406 6a507311fa915133
20407 e986658e5d93620e
20408 0a7360b90821a8db
20409 9b165cb4f2af79b6
20410 1ab876f0979e5461
20411 4bec6ab17efc9c75
20412 4a70f9d4027d2bab
20413 fd12477ed9bb2cdf
20414 05c20e8f98ec1c2b
20415 9947cb92b64da506
20416 e00a1a54b25b1235
20417 a43d39fd02ec48e8
20418 5270fcbe73cd6cc8
20419 4cb05dcf0c31de95
20420 781a65447aa0e8d6
20421 91fdcd71bd6226fb
20422 5d16733e6c8b151d
20423 bf11923ff08d45f0
20424 afa2a346c830a981
20425 8dbfbe237ac57304
20426 9a735de230ca6260
20427 f612260ddec3c8cd
20428 dd364ca8c0190957
20429 6d1b743cfabdbba2
20430 ac50f548cd736de7
20431 fac8b69c6d00d432
20432 83029a3046d49759
20433 4fbb86392868d9dc
20434 711532cc076b6e58
20435 0ddea94da117a665
20436 230861b48b9eb9c6
20437 d454ab4d9e69fdeb
20438 b29004ba6db0e68d
20439 5610a6f7cf79cc20
20440 6f9e089e0d17f391
20441 c4e387c5d0b7b114
20442 db16893024bca630
20443 8919b7ff52138a5d
20444 6faa4baf1172f2be
20445 abcdf3e04fb770a3
20446 e323a47a86632125
20447 0e72b76bbcba8518
20448 54f194231f12bc15
20449 d5b14cf07db26148
20450 bec7ef8cda84af97
20451 445210a62832ebe2
20452 b3fc8e17eaf69022
20453 4d415e3c06a0d2d7
20454 5d66cb072f188bc9
20455 3683d9916a4f614c
20456 f41b95c72c3c3521
20457 98f2f9bfbf0370a4
20458 e318c81f3107d200
20459 1513a091b14ab2ed
20460 8c53913f765216f3
20461 f98c4f619e38f0ce
20462 a57031157586fac7
20463 4afada67473b7812
20464 c8ee00cc73c86e79
20465 53452bf1fb0044fc
20466 ad57449387831078
20467 3a557536b18d5805
20468 1174e71ead73999f
20469 eb0b31ff9cae0f4a
20470 b4c75a6428902af3
20471 3692186aeb95cece
20472 a4f461cb49c1d25a
20473 13f25dbe15e1795e
20474 ea4eb7fa26504a89
20475 2ad66960c3aab8fd
20476 200fda61755e2fbd
20477 c00c652c0932e890
20478 ffd6295b0a650ce1
20479 431f2e0a55cc3064
20480 b5817348e4e48667
20481 53722688eb9672b2
20482 4c54a0528dc65808
20483 76dcca4ed4fd88d5
20484 2a7f977620e6d695
20485 9e170328f8b5f1c8
20486 722e8faf644dfccf
20487 c24ad6fe664f863a
20488 5fa3260dca08179e
20489 e543c728e9fb1083
20490 0e78c3f625746574
20491 05f478a0bf06f9f1
20492 884c8ef12d74bd13
20493 593d5556084d8c6e
20494 f5df623d68baa07b
20495 a7bdb42d82deca56
20496 1eef8da946484016
20497 be99b44b2373693b
20498 bb0ac820886d1f1d
20499 5195d192db21979e
20500 b0aefd2743b1f5cc
20501 8cdda2b8d9773681
20502 4504638451beba56
20503 15132caa5a609303
20504 c0c13e2be770e35f
20505 5f209b3c94f77dc2
20506 79d28ea7ef77fefd
20507 85bfaf18a0ef4698
20508 be988556a1459316
20509 276205b36071dfc3
20510 abd2ec6053a97fee
20511 f45579d820a3197b
20512 55d0c59acc97e707
20513 31dbbdcd8d47602a
20514 72e494b92f9998b5
20515 4f95e5f0f9ff182f
20516 93647a33a746b3f1
20517 4cb360e63949a9f4
20518 751b307db012e1a4
20519 499a10bd0666d9e0
20520 f9d12cd97e91cfb3
20521 7b823525d3e1f21d
20522 5c621ee97b105812
20523 1d6adc412ad4e573
20524 f75d2f5ff896cfb3
20525 9b11ea76afb37460
20526 53ef323d4d35c592
20527 63d4f764dec9a0ef
20528 c109184603782685
20529 7712b8d5c6917940
20530 21b370fe7bfd1c94
20531 459a6573e28ec8e9
20532 83e61aa7d9c2fb5a
20533 44741309ddb68469
20534 247b6bc9682e84ac
20535 40713cfbe145d876
20536 b0a41e425ce93c68
20537 846a70eac53e6d16
20538 922b7e92cb3e23fc
20539 f86d0661948c4633
20540 79b0a6a88beebe7c
20541 b3ef7035f187f1af
20542 4651a2e6fb49c9d1
20543 186695f2a7767076
20544 0423349a7a9e06db
20545 de9f10662d25d618
20546 c5b36839607aca82
20547 a7f690eba8b4e403
20548 8a0abe749e57582e
20549 e0896a93f21aaa31
20550 e2221661922671ea
20551 12d8d1d986b16f85
20552 fa3d2108d79db7f1
20553 42c13d7adbf77b3d
20554 27d5ec6e8a7e5f0b
20555 4352ed930b85fc36
20556 73ec04d74b19f830
20557 a6c1c9900e57bd27
20558 18c610c38b138519
20559 f4574accbc28be02
20560 614e47b4cbfb01a3
20561 a16e22e740bc4194
20562 7154759112395bec
20563 60520a93e15aa557
20564 7054941104e79920
20565 a338cdb188cfc39f
20566 f571c0f1d6abe525
20567 bb0ace076e77c1c6
20568 66d17798f8a812de
20569 adca20feee8b5c61
20570 7e1cb64ec48dfcf6
20571 dae6478f8b307df0
20572 7db39042df9805f8
20573 e5fb9b130a93ed57
20574 eda4e5c4ec41d16d
20575 ee6cb423b820970e
20576 74ca15f6f29e0f0b
20577 c520e728fee6599c
20578 8231df0651490554
20579 6c4a2c076483d8a7
20580 33cd044d918ec660
20581 2151de9b2c43213f
20582 845e869d97a627c5
20583 073ce3bf0080fe06
20584 df60820df332a48b
20585 6eea8fc678ad6394
20586 3105c3d528baa9b1
20587 82b1be4783833217
20588 5a69c1e6ab0b45d4
20589 040092ca2b22eaa3
20590 0e524b2966f44cd6
20591 5ea49eb9c02a5c85
20592 2f5387925e74bf9f
20593 d966592bfbe127e0
20594 1b06c5e11f024b28
20595 67f04b86dbd6944b
20596 b058118efe1a01e8
20597 5a7cd83e5706ae0a
20598 335a84dbbaccc588
20599 3256c2965a46571e
20600 5328792c77d2f4fa
20601 8d1d07026c9c6d9d
20602 5b5e4fba27d9f78e
20603 b4fb1d91a62b2ff0
20604 a7490e7cd2d3ad55
20605 ce19fecb22a0e85a
20606 61b83bcfdb174230
20607 58309ee67af3eb0b
20608 791ed0c1829969d3
20609 cfa9b7ad9749e67c
20610 a6ea6f420f3d0e87
20611 28e3470066f7b3a4
20612 cf9c66077099ba5a
20613 1b96f325f66895d5
20614 89cb8b8abc3758d0
20615 f1d37afbc979c37b
20616 181805efec811981
20617 10d74bdd38e33296
20618 4c7b448229f0e8f5
20619 a37494385a4576cb
20620 cf67c00d966e1b3e
20621 bdac6f37e09581a1
20622 1a75f9dd9d3c93b5
20623 2314142f23b908a6
20624 8b71d2657848ed7c
20625 f67c2de1d017528b
20626 6285658dfd59062e
20627 110ac5442a849c75
20628 4ac99fbbdcd88fe3
20629 15c37af5b2c76814
20630 e6f8052f76961541
20631 8725f64e00d36eea
20632 07b04e7415759352
20633 db7e1e74c3392d95
20634 529adb3c4b1d841a
20635 e1ceb75e0100e324
20636 b1e49aa0b4993a4e
20637 056191ac43d4d561
20638 3febb01697670181
20639 0e0c31466d1adfba
20640 017a7f098d9173a5
20641 95f7d523b3679aaa
20642 ee87db827c183b57
20643 4330ddce00d698bc
20644 a37c710016d00946
20645 35e20062a67e1c71
20646 f03f10bd1011169c
20647 7d1c18094bebe68f
20648 b220cf2423d90fef
20649 2d3a2e782446e558
20650 c3c6a4d8f1b4fd97
20651 e2cf7b19d6b49529
20652 1f5269cea12ba1eb
20653 7d40d55a988587dc
20654 60150ff1803882d9
20655 7c16d38355e03fa2
20656 717bdcf53b52fb1a
20657 af69333a6f1177bd
20658 3b8639084f0083ae
20659 7a14d6658bdde0c8
20660 2efc161011d645ed
20661 a381871d98b948e7
20662 321e4baa0eeeb70d
20663 640ef3a2b89d53de
20664 4cb5a2fb8abef7be
20665 aea7c84832bcda21
20666 7c24c7af68eb1792
20667 eb794713833129a4
20668 5fdf8ea87d261a66
20669 a8c74f6aca3f50b9
20670 706c3ccf3c4a86d5
20671 425224ae49574f36
20672 15c96479bf747a9d
20673 da568df1ee497da2
20674 10d6d3876ae59f27
20675 422ebc734e73ab8c
20676 b6713d05afd2798e
20677 bbba01efde62cab9
20678 4bf88d39d71ad3f1
20679 76820c519447b79a
20680 ee441893dba442c9
20681 0bf745de615825de
20682 00a2c59fbc4cbd98
20683 d22b8bd4db327d7e
20684 e8431e447b1c01cb
20685 482fcfafc8e2de34
20686 aba509180e16539e
20687 49a3dd7a6bc0da9d
20688 1d981be92c04906e
20689 3020cfbd7b1c3ed1
20690 b15f8232a9e3675c
20691 b417b5b951ae2b8f
20692 43041204ea9df123
20693 af0ef42843cd7e54
20694 79bb24f14ff35056
20695 3f24619957850755
20696 f03e524fac0c2258
20697 1ed523eeb8be75d7
20698 8a57fb7862c8c941
20699 10d2ffe3b040e2af
20700 0f5d6e716f10f1f2
20701 3afb13081e1868ad
20702 98c719d0ef84d315
20703 82f649c8370f7876
20704 e1c299a007696b99
20705 90d954e306600dee
20706 c1451019af89ebcc
20707 ba497dc039744b67
20708 9cfd799585ae1e3f
20709 ca91ea73c7f8b2a8
20710 985b2a2c32c571b7
20711 5265ca52f2591214
20712 84f92af839e38ae1
20713 9338c80e68f64df6
20714 73610e017c57ac44
20715 2e28a60b6b8cc052
20716 096536be42d5d357
20717 e264ba5c688409d8
20718 164bda2f4f184740
20719 774db270edf10d03
20720 76ff04eef8c15934
20721 7cc1584a5239fefe
20722 845d7f4df2c528fc
20723 d6ce2721d2631462
20724 172eb48b0854a51f
20725 5b42cf3b52543960
20726 0a73b369bd731c38
20727 1f83ac0451b750e3
20728 da0bff2419a97c30
20729 b2839a60635b126f
20730 d37a0a1375b6b99a
20731 602624089c20ca2c
20732 2cfde83885f62d4e
20733 1a93455231081079
20734 b5caab77d8e3b659
20735 5c6c38fa7418b5a2
20736 285b72ad77213519
20737 10b3ee5f1ce866ee
20738 ae99af8c145cb80c
20739 bde02cd79bd713a7
20740 62f345b9e4f497f3
20741 3059e9d9eb925d1c
20742 ae3a536ca68cecaf
20743 64bf58fb2890863c
20744 da05d4ca1e0ccb09
20745 e077a5bdce707b9e
20746 9e7714e07ec76dec
20747 28f97489212e2212
20748 d318b00063d48eea
20749 36245b8c53e896c5
20750 c0c2828d2b8a8ff6
20751 4609557e6194755d
20752 306986c269cb767b
20753 084cb9a9b6f4946c
20754 9780fc6c0f2e3871
20755 56c94c96eb0e7812
20756 2a337811edfa5bc8
20757 f74d1bb137120e07
20758 76f3405e00bb651c
20759 4f93c7279073722f
20760 fe342f70609aef32
20761 d58fa660c0a383f5
20762 a88320f2485f35e1
20763 6b3dcfbe4ce6e58f
20764 9729d85a6ee8b63d
20765 4e28259ebe2606c2
20766 73d8e8f298482807
20767 ae65bd8a301c0d0c
20768 e50504355a429b8a
20769 5ae89b88a9986385
20770 61d9ae61fc5abe90
20771 9b58a0cb1aa74983
20772 147b0b9ab963cd0b
20773 1565931139dd24f4
20774 33aeada217dcc9e3
20775 ec9e1e6fc9ec3fe8
20776 a4366a89f2541a7a
20777 3be76a8b72c184f5
20778 a1e10564b4f4aa8d
20779 0b69853d4a8014ab
20780 68b8f204944dea4c
20781 83cd793611f65cdb
20782 c56d066495d6e74e
20783 221ddc0fdb177758
20784 2978107adb427252
20785 8cf5c9fd95211d80
20786 ada21008124195c5
20787 ddb98592b4d9b4fe
20788 dd35bb51cdce218e
20789 195425600daafdf1
20790 80e0c4431efed686
20791 e3b6a8d27bf887c5
20792 f964e2db4c71d957
20793 1f0cfe0b05717f58
20794 d4da2cc91ee149ad
20795 5fd870bf566f5b73
20796 bd19aa6de0b0075b
20797 c56edaacdb8e0384
20798 23b3f50bf82c4447
20799 8a735ad898bb0094
20800 60bdf82fa4bb6979
20801 fdf4a3d824accec6
20802 0edb99fc8f136e44
20803 8bf666aaa1db7687
20804 df8dce5cc47469e7
20805 97878be78669d0f0
20806 64faece0a77acf3b
20807 3140c10325d98b90
20808 a605384fd76556ca
20809 fd5f861e9d382dc5
20810 26d6d44d619067d9
20811 062565414d2238b7
20812 f12e9fd761175234
20813 c2b3953771fa8403
20814 c8c67427787cdd66
20815 0a10c8095647f475
20816 03221b5f1bda3277
20817 34ed13e274b78af8
20818 d50e87d196c78cd8
20819 06bb6dbedc31d4fb
20820 d9e81fb6474b3788
20821 a230647b6bb0ba47
20822 cd6310ebd9a371e1
20823 f9b448762da84f0a
20824 8322bcbec9a664df
20825 8985f04a61e94220
20826 67ca639809e8ba02
20827 1a4f4b47809c7e94
20828 67ff456537c926ef
20829 5ec36f6e9daeeb58
20830 d7e45d50cbf7eeb5
20831 771a0a3ce59ed9be
20832 85000e26d3bcb3ca
20833 c4e85f439bea941d
20834 b6ed01260628b917
20835 3247fe25286f2434
20836 64c02bcb12dea129
20837 e6cb682acb8fcbbe
20838 6fe1dc5138144490
20839 6fe0f4553357c23b
20840 ffcd76caa739cffe
20841 983c8426bb75a169
20842 2318266319739db9
20843 f3afd33bcec15697
20844 990d25604c4ddc00
20845 3d48917b877f3b52
20846 24a6e18e971816e0
20847 14383850f51c7226
20848 8b751ee300613a86
20849 9c39ff0892953db1
20850 bb725ce5f1cbd5c6
20851 1acf3b6b12fead6d
20852 2b48ba011bf5b868
20853 9b446831146d28a7
20854 b3d550b275c4c1bd
20855 9afd76973ca5458e
20856 216f9f2205fdb20b
20857 c45917cef3e0b3fc
20858 00b9f203348d951c
20859 46c44c64480ad092
20860 61d26afb6c6307fd
20861 fb550dc786226d82
20862 f6cfd9ad61952ef8
20863 a10d1f3fa557b543
20864 42a8437111b4c086
20865 68d6d09a37431231
20866 a41007a93b01a981
20867 d5344099465407b2
20868 bf199d61f4cf52d9
20869 0c8d08f8c34630ae
20870 61317866b80e8c4b
20871 6f6f5ade74c2e860
20872 9b5bee80abeea19a
20873 4e8503178e348695
20874 7e34ad8ceb5a0df5
20875 71029e3fe91cc5cb
20876 1d2b094705b83240
20877 76b5468a2eaeaeff
20878 ec31fa468b4d2fb5
20879 a2ff82d8e0f8a8a6
20880 f30c8cd98544b95a
20881 57e74c92c614d7fd
20882 b32d2cea1ef425ae
20883 f7f47aa57988503d
20884 f75084b136d39ba0
20885 b420aab3663907df
20886 6bb30043a142b985
20887 fbe26ca766e61346
20888 27640390bf02a69e
20889 92dd40bd7ddff681
20890 788440c6939742b2
20891 289eddb06b13cb0c
20892 aca5fa8b6d524e52
20893 cda653c55e75fe8d
20894 d1fc06d563727478
20895 214e88bf7d92f4c3
20896 169694b70aa20fb1
20897 50ed8c83f6175486
20898 7013d1ccb77d9655
20899 a2a024b1093b473e
20900 b99ac51112bc99d3
20901 b76e9b45a68465fc
20902 8d45406dab45db50
20903 5e24dd488c98d4fb
20904 a006c2719d338d41
20905 c3315713d4a7ef56
20906 c0ecce2cb31e77b3
20907 0370180cff951ba0
20908 8bfbc3d83527ace6
20909 63ca066f389bd4dc
20910 82b298a4b29fd9d9
20911 a9273550470be3a2
20912 e7b31f7b3d55d81a
20913 93ed096798f79aa5
20914 1b351093bea9c61a
20915 1dbf221b4eece639
20916 828a54dbc2c143ab
20917 bda18acf46ed569c
20918 956ea005e5a01fec
20919 756d3ea8fb1fd03f
20920 b06400ad66dc0f98
20921 a49845fda5faa197
20922 cf42600d3e8e9b92
20923 a3fe2dbf4a96d324
20924 3d22ca8384f84df6
20925 16fb2d21080e4b61
20926 5af7436c1b47db44
20927 5192561e7a15c557
20928 e4c8fc023347ebf7
20929 62499586573d3b80
20930 3389b05fa240a3cf
20931 faa3b5f180ce5e1c
20932 56bdcfb1888fd8e6
20933 321c10a024771d91
20934 8b84d5d427cc7f04
20935 0547e19fbcec2627
20936 fd7622d15a27e577
20937 1aa8a5effd1d8b80
20938 7aafd0c4aaa7ba8b
20939 76fd1dd3b5747f05
20940 614f9c42d08e8e80
20941 b57a6e95aef8903f
20942 03d74fe6327dd2f5
20943 72eed11c35b1bce6
20944 ce6bbac2d3df9f06
20945 5e2dbf8ddbf788a9
20946 9bb05215de7d7a9a
20947 cacca424b1492631
20948 69d9ec78f15ca923
20949 2ca55c8ed61a8a54
20950 0c1d3f60a048a950
20951 2710f3616ca3ab8b
20952 4c37382f4c5bbeb0
20953 3a784288e1fc1cef
20954 74a4688c9adeacda
20955 491c65094a60992c
20956 d54dca5468210c0e
20957 e2222dcfc9f66eb9
20958 fe3a39af052b89d9
20959 dd3d0eba5c252822
20960 a3ffd37d2a74e051
20961 c28b442eca52f726
20962 83788f2350146de0
20963 84dff20e7d237593
20964 760a6765c66d96e6
20965 9eb800dafa1046a9
20966 300c1f95dacdd7a3
20967 9e668fed5c0ef5a8
20968 06ec42a1c6e48b6b
20969 83ca49883ad23099
20970 9c10a6fde06b10bc
20971 dbf3a10d2834f62f
20972 02d4b614530541fb
20973 7068bc615aea1eec
20974 ca7c2df763e92c7e
20975 bfb6c6d6f1ad9e7d
20976 32f0529141148e00
20977 8615ded5d62eebbf
20978 91fe3bb5c87071c9
20979 013c58710397012a
20980 31a8f265e5910377
20981 4dd7da3284676878
20982 ab6159e4528c0710
20983 90ea92e8ba225b4b
20984 b40fcbe28703aa84
20985 a21d81280440ea93
20986 2b2b04a37cbec201
20987 99316e987bc3f1ef
20988 d1728225fe14a34f
20989 991694fabb7956b8
20990 e6475c8bd9713f67
20991 0a4eabda6e577734
20992 fb5105f5628b2a99
20993 bd38558624710aee
20994 892b2ff72dc4a08c
20995 6a84b002a494f6ef
20996 e55834d19cc5463a
20997 aa3af71e4927592d
20998 6cd7877bc9428de5
20999 9bfc87f9bc686a56
21000 e3c2443d6f4934f1
21001 cca1080d145f64c6
21002 aa0ab0f3179052fc
21003 d4f6a559a99da592
21004 ff3ef86e18eacc4f
21005 14ddf9d1baa28e10
21006 c611d47fe6cdf3c0
21007 181eb11aec72f70b
21008 645d4ea2601ad368
21009 42ce31d5929047a7
21010 f18f2f9bca301f72
21011 737e2b1e8ac05251
21012 fbb9f6a49467dec3
21013 9cc71304323c91fc
21014 43081b32b1fe891c
21015 1c23fab9a158542f
21016 d43bf2691804d29c
21017 c6675896cc5a37ab
21018 0703de3616d9b969
21019 537817d062a6c837
21020 0d3489ebb81c1fa3
21021 4f0cd6af2078468c
21022 fde29d2297a13567
21023 91e3bdff6e0c7a34
21024 7947990316181bd9
21025 88defa8f73880dae
21026 fbe51eda7efae68c
21027 68e574d0cc5a83ef
21028 54f8734934b59c4f
21029 21058136c7391d38
21030 5036bf014b48d173
21031 956d9443d589b98d
21032 351f4265a70bb6a3
21033 ae15effe4c513591
21034 7218a15b668630ac
21035 834d5de30bc16066
21036 2efc36610ad56b8e
21037 6f5a1d4012f17b83
21038 4d4fb7040e8006ac
21039 2027fee0d686d4a7
21040 a0ad63f90318e342
21041 356668d72907d945
21042 70f6316ce54fafed
21043 88e2f5de3530246e
21044 ee62a260ff19bcbc
21045 5b284d8c03ebf60b
21046 67a6ee26f3e9e506
21047 acbd419df77c4f0d
21048 6c90d68e5330685b
21049 3b3ae879dd8ba68c
21050 c874fd72fcbf0e11
21051 a9a20c0a93671d0a
21052 3be03c33fd2e0531
21053 0296b4023c9deece
21054 3a09c6e15b70caa5
21055 bd44a2fee6565073
21056 dfe97cb0b7b939c8
21057 691465181cffa328
21058 dded1128eb27dbd1
21059 2b875f4b336e9d75
21060 5be42b673ecf44d6
21061 3d290b3d955f83bd
21062 436ac7611b927f08
21063 15e80b0821e11e66
21064 85dc3340c4ae047c
21065 aee92064848a5d63
21066 ee258c40a8a8577c
21067 6affeee9dab50244
21068 d3e59a02436e8011
21069 59392177f9419264
21070 ccddd624075c9750
21071 ac953e436f8385be
21072 0654a807e2b90530
21073 bf25e08ca50ff050
21074 450185b8f1d3b891
21075 94cc768f12ab3870
21076 ae10b5bf3336a29a
21077 a8303b83caf0713a
21078 3d0dab3abef4db8f
21079 c7635ba0c37e5538
21080 378d756dbaabfe6c
21081 3f77960a2ed2c4a7
21082 16c70e1051c9f185
21083 15f99a761b1154b2
21084 1b20615f5ceaa588
21085 4681832767039f70
21086 a09cb625b31c72f7
21087 370f32b2de9aa075
21088 0067dc501a18c8bb
21089 72e947adb7a73424
21090 844fa0dbd9941a78
21091 2158586b9d886d28
21092 6d345ab2b915a5ed
21093 ddc50e074d438c5a
21094 aee9809c6a7107a9
21095 57419ac33cfa643b
21096 11e5ba78d653a607
21097 2da8a653ab093ca9
21098 b94cc56a677b4399
21099 c580bcffd8095312
21100 8ae9cbba6bc7b8a5
21101 39ba1f37b02f9db4
21102 834111485a168ffa
21103 681493e212a16758
21104 65478b4e0f6ad63e
21105 a3bfb4cde5992092
21106 df21f7da045087be
21107 2afdfd3b53d377e2
21108 5021fb78df041fb3
21109 de783f26f808abfe
21110 07bfc92c45da94f4
21111 dffafb70f7c69a6c
21112 2542b342e37a1d3d
21113 91eed68ab48e851b
21114 01954b7c11314cc2
21115 5084a33505ba9b09
21116 a58f7fb185351f0c
21117 dc35919d569f9037
21118 98451a4d9fd892b6
21119 929252d45eab514e
21120 d365d3eb07b969b9
21121 cc60d9d2b6c82c4a
21122 54d5939d2bdd3a44
21123 5095d59d617fadda
21124 1fc80b9ddfd2b0e1
21125 1289565f8263abd5
21126 7e117b67ad5e0688
21127 1c3914d0d171b34e
21128 429114346c595deb
21129 12828ab59ab47903
21130 217fe222c15b9f83
21131 50b3569653875c5d
21132 ad9290da7b3e4f08
21133 6f56966963155cb2
21134 5325bef574f20c58
21135 9e90804f65cdec75
21136 6cbed91dcdb26e94
21137 71daa0f60985c1d9
21138 6582ebfb582b02eb
21139 d18d03b3bf97fca9
21140 23f5e92aa9a1042d
21141 cf08635d96d0b386
21142 8fc24c47f7288ced
21143 767de6402a6933e9
21144 6fb8f48393f3f603
21145 138dbbfc1d23922f
21146 099bebb52a360103
21147 56eeb04f6aeb768d
21148 46d1d7bb29e1b73b
21149 ca3f9acff5f28764
21150 7e7fa81586fbcc0f
21151 ab4665b3cea7ab44
21152 1dfc9ed2999ea94f
21153 ddca4f4f3b3d101b
21154 bc4f6737a2fafb8d
21155 b572df44d77989b7
21156 2c7a82f53a28f8f1
21157 df5497c6582e3e66
21158 ca9314aade201e4f
21159 fa20ffff16159da9
21160 051856d46013ab12
21161 a360c34fbb2c81d2
21162 d96e98ec8df2a046
21163 92da84c1f3587d86
21164 99ebf277e43ce72b
21165 6e9d8d40ffc79c62
21166 473764935cbf21b3
21167 6ea6a57d61677a33
21168 d6d36ef4c6d64530
21169 53cfa538e0823a75
21170 8120eaf931bd03f7
21171 e77198591c6ac9e9
21172 08c0ceee040b82f2
21173 694d73cf96c4b761
21174 d9629dc62b08b45d
21175 65768c38b39144a7
21176 4d5a1b248ec17774
21177 5010afe4eb23a997
21178 1f2939188bb76fb1
21179 d488972bb1abfb4b
21180 e0b7666670b5f586
21181 67e7a963c8a37a5f
21182 2afa9595cd32547e
21183 0082fb99ee693a4e
21184 21d2951806dd270c
21185 3b8acd5149cdd453
21186 cb8f397b0ff8d2df
21187 285fda345621985d
21188 759a9cdea93fe65d
21189 90a305a06ee8e7f8
21190 f2495d9f44503189
21191 1d5a5dd0c360b100
21192 3e1b338914b74ab3
21193 d0b55416addb18f7
21194 4726fbe5f2c5fa41
21195 9bd6ee048c04957c
21196 a4a6d806040652e8
21197 c3fafa117affaf7e
21198 82ddd50a09901ebb
21199 5cb6e45d1024aaf9
21200 17b026e9e419d2dd
21201 a80e694386f28199
21202 e700c269366c7052
21203 6a354a5a2bc661c2
21204 e914b246afde19ca
21205 69f6143aa1723649
21206 125eb72092a5e22f
21207 17ae21887a9e7213
21208 cb742a6b4d881f08
21209 22921c8b01280e86
21210 91aa6fdfdda82478
21211 a5003cd94c9a1b09
21212 c9f297bf9de779c8
21213 e06918723d8ee220
21214 ee4168c0b459eba3
21215 1c0979dbcc4b90ba
21216 2fdaa3ad6dba35e6
21217 0f5269fbac5e83c7
21218 fee066ad40aec0fa
21219 6ca7b6bae1a5c398
21220 d6064745e78c1cb5
21221 d91923c729396363
21222 45e91bd04ce338b6
21223 37f223f71184d300
21224 99ca791f0a84bf34
21225 9beee1182668e7ae
21226 c850d6fa40a94971
21227 7551db172174baf0
21228 900ac879d5dd9117
21229 258f87b4a2d2c859
21230 2a540aa0ad5f1e0e
21231 5d578816b4224cef
21232 417ec80e5a67e929
21233 5740b97ef976167c
21234 d86355970462abb0
21235 7eb5ff215371d153
21236 191451ca52791cfb
21237 5249cd53211f564e
21238 1ec32decfcedd84b
21239 59f6f47ecd0633ca
21240 4714016095b92bc1
21241 25c0ddd04b8ea505
21242 d70de0a05b467fdd
21243 d7d0995ddbf1b305
21244 56a19cab2a134459
21245 2461068f89122720
21246 e4fe1c9e0db1a7ea
21247 fe61b3310e846901
21248 92f4e92a7fcfa635
21249 794aaaad2992bf8d
21250 29d0c15d18ee995f
21251 a9b9cb53ef6591a9
21252 b6c3a75e22742472
21253 01f4ce58e0e48604
21254 e139f8225e3446f2
21255 967288a62e5c5c3a
21256 e9934ad59112ca69
21257 86d3161322d56691
21258 6a1b47dbd391b635
21259 3c11b0a0b2b1970a
21260 79437bb8e45ce2d2
21261 6ccc90c7ea9016e8
21262 06383d3442dff6b5
21263 ee684f2ffab11128
21264 eea5966250207a99
21265 167280513e2471a0
21266 e277f6b1f3adcc30
21267 76858bf47299fa29
21268 449ade351fd328a7
21269 517bd901fb63b190
21270 947cb5af5aae08e9
21271 945ce435d3fbd97e
21272 3ceb03d2437e3007
21273 208d515dcb2dc96c
21274 0e0aa9604612ce55
21275 5b60a2db27dc08ff
21276 64fcdb7785d4ada7
21277 197d3c108a99a710
21278 c07446e1996c33e4
21279 2b09d378b8234209
21280 4614f95129507ec8
21281 bd1c372c90877757
21282 892f815e642929d7
21283 646a40d7ac0222b9
21284 2dbd7a8b0eb991d6
21285 60eb1dc1311d5d5a
21286 652975776da5f994
21287 2739af87d6722561
21288 2d862ddfe1597929
21289 4799fba2291f6300
21290 c8bf04a1dbe987d8
21291 8b7db851afa9a121
21292 e69f2fbbadcbd0d5
21293 ca47a50712e8b868
21294 ee5f3e7c9010f3fb
21295 cd870a9372b19082
21296 c1e552d5c18bf057
21297 9733ac36041448e6
21298 d7ef74a09661f1ef
21299 b543c6677d3918fa
21300 8fa875517a9df8f3
21301 de60fd5a8bd616d0
21302 39a3f553418f9a7d
21303 78158666698c6495
21304 680fe085c04125c7
21305 58b9a6d55438c096
21306 91994bb9f0f1b2cb
21307 ddc00a83326f69c1
21308 6d8fad1375c6d61b
21309 502ea917519c822f
21310 6d03fbab461e2469
21311 bc8ed8876d8b7b2f
21312 7599d917a1b440bf
21313 faecd2e661173d5f
21314 b5682da8834de9b8
21315 da124cbfd2384441
21316 256cf9aba973fe02
21317 c14d62ed262f8636
21318 2ce2ded81295d2e9
21319 4bc1c469350fa443
21320 d3cdc24654eeb117
21321 12091a991318a394
21322 4d9666bcd4b0672f
21323 67dc2cd59791a0a5
21324 6051fd5cc661226b
21325 b279375dcae0f2bb
21326 266ed342cc97e4db
21327 ca4c2586336e166c
21328 693ad960fbac9404
21329 48df90d3fbb9ed0a
21330 d7362a0ea765a193
21331 e8cac39375b75712
21332 90fbacc645c7b566
21333 a50b4dede038bb7f
21334 07277ba68e593447
21335 77ce7ba11e7d93f7
21336 216122e692e638dc
21337 74cba9a175969cbc
21338 d33662a994b41f93
21339 b239fd3356ecfbce
21340 579dceeb7d1d15da
21341 4822f92b3e027ffc
21342 72c2f4c4ba611ba3
21343 99ed6c4a5d2e401e
21344 97d57cefb891fed5
21345 990e951880779994
21346 48dfd7cb6fef009f
21347 d5489cf4cfe32f26
21348 a3c804bf6d9ecbfc
21349 cc0f06a3f4bceba5
21350 7d093ec11e46723a
21351 e54b0e06bd7155d9
21352 7e02da16bfe1c1e7
21353 c7285beb8d4202d0
21354 29b9cb4d78a6898e
21355 545579b04ee1cc9a
21356 d93acbd79965ad6e
21357 4a751d2dd553d7f9
21358 ec60bdafe18a3534
21359 92e5b4a12330d292
21360 09508a185d242257
21361 e7aa3adda8ed7f60
21362 cd18e9c4daa4904d
21363 b8304cd6db9ce79a
21364 b79efa45d03c3004
21365 6d0bba72bfe42607
21366 bb31a2057d84b74b
21367 ce1c01e063aa7b44
21368 344babfb6384ad5b
21369 87864a9bee33c65e
21370 9385b858ab3743c4
21371 3c2d174c93033ab7
21372 034ca4e0e9d0a66b
21373 99dbb0bd6931983d
21374 20126d4f44bc1ba0
21375 d848b4b629131ba1
21376 3f675382fb42aca0
21377 686e9e2656c0208c
21378 e19b5b9e2307405b
21379 b3055615e8db09f0
21380 2e115940af7fcfdd
21381 a36a44d52d1324a4
21382 4ce4ecebebf3d761
21383 94dc901daa1c7d89
21384 73a51716606ed675
21385 66a0ede77321fe79
21386 e70a783c66ec151e
21387 ce476e332a8241ef
21388 f3188c47553f451b
21389 b4b0bcda18a63f3a
21390 2dc899881af9e655
21391 3ba10adaf7cc0c00
21392 f49d3e305fba4b0a
21393 7bab9650f246f9c8
21394 bcb913f55730d40a
21395 ccbe5adf8614ce40
21396 169175d1f0978782
21397 4ecdb0d3c1ac6554
21398 3a59dd1e96cfc2ed
21399 d02b1d45d048ed4b
21400 47bcfc79bfd9daee
21401 0ddfdbae12b7c059
21402 3da3b75686a1f4b2
21403 246f97582fa91517
21404 65fa0f69481149e3
21405 c572bb4e1440b554
21406 fea5fac5eb041c34
21407 c551397a83aaf9dc
21408 ea7c30db8bda9c7e
21409 eb2b4069217dff97
21410 928bd5c4e72db971
21411 fb9a481fa7da29b2
21412 6d39d8c513f27c27
21413 402405a0c62665c7
21414 caccc4267db0f735
21415 b96ea6e5124d277b
21416 165c3151ef54fb94
21417 459b1ccdc1517d47
21418 2313e51e5c97971d
21419 a95a3e6b08987059
21420 08fe82402884bac0
21421 05901a744b3ffba4
21422 d6aa225bc28016e2
21423 661a9a601f8ebcab
21424 e5cbd16f597a7d8c
21425 5e6d86dc51e87fe5
21426 2b6e4a77d197a43f
21427 d98229f2262cb864
21428 aa202cce7311b1b7
21429 00874b2ce9c221e2
21430 8805c8617749eca1
21431 ceaa5d2a8680702e
21432 bbc730b03e15ced0
21433 9aa8c0eee146f380
21434 3b8adef97c88f5e1
21435 b16b186570609270
21436 8a8a9f9e722c9b2e
21437 a53646f363025316
21438 b4ad3e13c4b9d797
21439 178aa837aff90ba7
21440 a7cc0a10bb9a4fc9
21441 ddb4695d177e958b
21442 db2dc65784685743
21443 a85afa13eed72988
21444 299ab28d038063ae
21445 62eab3f6c00ac041
21446 d65d0813ba2619f4
21447 ebee90181fc3fa93
21448 036d135796e8a9a4
21449 65d39771f2c4dc66
21450 02835d45d5edadb0
21451 ff7397d873d28e84
21452 bf6ffe38e3ec5250
21453 edb865499f9420fe
21454 e8c0d4c7b8e1c229
21455 41674fefba58755c
21456 53bc836441eb151e
21457 5396236570cbb12d
21458 c65f2b16ac30f862
21459 b49400369e943136
21460 5b8e20b18383d7c1
21461 931df1c09b46ca7b
21462 07e7c194bd7eac6d
21463 63e2ecb240e8f5e1
21464 b92c34ff359df106
21465 144432f4c335de23
21466 caba2ef3949206b7
21467 9e6bc0123bf361c5
21468 653f5577ad27aadd
21469 2be0a87ae2131ca4
21470 78ce52b9eddb7867
21471 7cc41a5ec2524326
21472 9207a17fbcf32529
21473 6e6b0b1e83cb7166
21474 d1dd8a231fa8fef1
21475 6d91d952ae590d7f
21476 78231ee76723e6db
21477 2c9616ad5e42ac68
21478 35f3cebd0d6749cc
21479 55561becea92f68d
21480 1c4e85b73f0c1b1e
21481 79ff15fb79b10bdc
21482 5fa79d4c98cfe93c
21483 47eb655f342bc5e1
21484 c9cd9593add0253a
21485 cb48719725cf75b6
21486 f72fdefbee9fb50d
21487 7dbe4eada55d99b6
21488 d138e2b934ac1a6f
21489 340c9b0238511e81
21490 e8e71ec84d243d20
21491 6429725198b8c100
21492 ad00392c0ef2f018
21493 3d56322d7674a63c
21494 1ac78ef866150113
21495 4110979c38c0540a
21496 8272fdffdeabb04f
21497 7c1bc0849c5ebbe9
21498 06bf3875320e6d88
21499 8f9a3b036b11d74e
21500 fc1f129d25249e73
21501 4e2be3de4f583879
21502 b0c12569cb2f1c3c
21503 7e7985d3f4ea5f7f
21504 80fa177838a0db47
21505 88f4aed55e381fdf
21506 0d5d3e5c1157a6d3
21507 744d3d3b05b8f021
21508 0ddb2048fc2adefd
21509 c041eff57e96ebd0
21510 8d5a994d8d0f30a5
21511 10c3f5e3a087e287
21512 f913c43ef3f4d447
21513 e9fb0f4f4fc0cd62
21514 7e54afbea0089fe5
21515 d511e22a6b7689b8
21516 3deadf9c3cca722f
21517 5f1c86a47fb4d37e
21518 3b447a47ced760ae
21519 e176393a29829ff4
21520 a9e5518a35731bbb
21521 ecc218bc40daf083
21522 a19fc4a4661826ed
21523 010511f942570943
21524 eb0feee2d522c487
21525 fa3bcaea002d0c4c
21526 d44ae55480ec169b
21527 4d8c007818755356
21528 9c3a54acb1f4cf4a
21529 c3c463dd613443bc
21530 d3758e4f073c616d
21531 085ed1be7e3f923d
21532 7c0287bdf5c3a4be
21533 74222029ba92a318
21534 75bbfe5deca0a9f2
21535 dcd167922cde59d6
21536 fb093bb045603bf5
21537 50e3f74cc2366ad7
21538 535ba9ee8f319788
21539 de6fd4c71c4946a2
21540 e67fc75693c66cb6
21541 a7ff987d08ab4c1e
21542 90e4effe935ae3e5
21543 e02070efab963811
21544 80115ec194c121e6
21545 ed6348427721f12c
21546 2ac3dd6f0ba52397
21547 d7aa620b52e69d60
21548 960b8de76d244c74
21549 18b10c8291e21b86
21550 107749f54f6c2444
21551 551b737ca1c5bf55
21552 0cfb6e8cb4b0d571
21553 b73bdb4da48922e1
21554 76a7828f3b9435a4
21555 68ce3a3573f6f733
21556 9538d8ff350431f5
21557 d63f53752246c133
21558 39874712be25a1c7
21559 3004af10ef59e5b1
21560 e5cbf5db4802e9f7
21561 13b17c265280031c
21562 c24ee9b4aaeb399c
21563 715aeaf5a9ea2441
21564 148787a4d92d891c
21565 11b810b598078f64
21566 31c55e43390d0a01
21567 797da1a6bce158df
21568 a395d502af663e59
21569 7b1bf5523051ef39
21570 a5e61a3a7bf82322
21571 56c96bcdb4d43cb6
21572 80807fe88a3b193a
21573 77c15caac7739651
21574 a489e7e3d14a987c
21575 32eccbdaa2e8cbad
21576 73a91650dec93eee
21577 1bb620817cd88b55
21578 885b8b3788630bda
21579 a26b4a7ccc5dd662
21580 a1f7ec659cc65afb
21581 b7380b54854fdf53
21582 45675563323c919b
21583 15fe4174de25a950
21584 5f0adca9930283fc
21585 5a230b25a5bbaae1
21586 65b44a65f9be59d6
21587 9b6b3247ff4052dc
21588 bbd765809187cf53
21589 26f52030e252001d
21590 c424064a6a947bd3
21591 a1811df4b8a62d1c
21592 efecca95567777b7
21593 8adf25c2739b93fa
21594 a24303ca166277c2
21595 bb5297070e601ddc
21596 6c5c8b6a19675173
21597 cd1b26ee87a1e023
21598 7bd20f2798ab2179
21599 3f0a158b9aaa149f
21600 76c76c27464b37a5
21601 e25adbe5f3672e6c
21602 f2ee3a511c279044
21603 56f45311c5c8d145
21604 3f512e9fb5b24e48
21605 51fd401b0a5f10da
21606 ea869dc6021293c5
21607 00d59c6e42f5fabd
21608 8860ea1160b93f4a
21609 07090ff482f533b6
21610 c7128589bcd9f318
21611 1d1ea5fe10e47ed1
21612 f60d094a3aaa1e34
21613 7288189ba5d85293
21614 3c6f55cd7b8a0593
21615 da63830544b07e1f
21616 d177ce111b29a1a4
21617 b177836372adb58d
21618 fa6157c692b04fc2
21619 accd8c09d73779c9
21620 77d9a1ea4a49bd7e
21621 4d921b2fe84441b5
21622 36dd2bb4b9d65478
21623 fb0a51655f449882
21624 0181dfcc86619974
21625 1d9c25e404527dea
21626 0159ec7c15de4a25
21627 a735425639e50a15
21628 61f9cd757d53350d
21629 2cc1bceca4e75c71
21630 ad9fc7d3f124c405
21631 0f2211d66f1b2642
21632 f0bdae8f58e54bc3
21633 7e11895ab1651847
21634 85df0747ca9acd5a
21635 97ad3bc9e4bce856
21636 875a664a3b053f51
21637 52dadd3b98c5f416
21638 c04b0f8ec0de6fef
21639 a124dea493fa8600
21640 8928572269c7dd75
21641 72fc99b48a39db70
21642 3547074b95c1d479
21643 b4512276fa19a77e
21644 cd55bd3347222fa3
21645 28347e986bf0c708
21646 01103287ae5e0be0
21647 034b44524733ed42
21648 b9a1776aaf45d4a5
21649 e6edb6f63b1bd237
21650 b94bcec261d6e38c
21651 22054147298fffa0
21652 b839973e423f4961
21653 4f6ed2e9c17462bd
21654 c4da2779af4ab229
21655 ec7f458e32eb6906
21656 6c26f36832c244f6
21657 c2f0f27aaf4ab7ac
21658 f9c03dac776d5811
21659 227a8a8730d2c8dd
21660 7ba0b8e31b3475cd
21661 7fb4f703099f4b87
21662 2e0e925f33095ee5
21663 7dcd5d714dbe86b1
21664 fe62da1e1c43f007
21665 1ad4352a886de5ce
21666 942f6543cc422ee5
21667 771e507f34c4939c
21668 25b8cde4fd318a02
21669 9ac38a72993b5f3d
21670 1dcea2f64aded91e
21671 0e886db2ee378e00
21672 d9e491b3ff531c34
21673 13980b3953720329
21674 599e8b7e25672eab
21675 7f28e75d4b417115
21676 65bbd21b704db405
21677 435b6c573961e7d1
21678 f1ae41b0be22ba46
21679 0e34e42494d3e4fb
21680 392d506ebfa1655b
21681 a4cb8d1547b81fa1
21682 9bcd24dadaeaf90a
21683 2b8ae4d76d03610d
21684 001d321f0bf22fd3
21685 9164314528570ec3
21686 f1e90141bcf1c425
21687 606f406cb1dbd782
21688 ae0e4aeb3bdb8fd8
21689 66ab06f6c7ce4143
21690 a580a501b8d76671
21691 c044d1d215fcbf92
21692 196f499002b1a46a
21693 4aa960074bcfe679
21694 b1ed6a9b1200ad49
21695 71472534a680fae1
21696 b82e7eac64e6310d
21697 5fb4e2b4c8460dff
21698 02a6ebe6548bf306
21699 6df62cb85b2f07a3
21700 3a53ad65870c2849
21701 d105c544a4931019
21702 06c22cff9482b0b8
21703 84d886afc527a742
21704 31787d17829b341b
21705 46f6f22829128db1
21706 57f5b24890469693
21707 464fc262b9a576dd
21708 86a45b086ad60eb2
21709 8842a38883f570b3
21710 01f54278bb1fd1eb
21711 6ba8fec8d871dbbf
21712 e8e70ca2cba602f2
21713 49e95848263acf44
21714 3b3a39025d136d01
21715 e492ea8033fadbec
21716 2d08182488e1e704
21717 49ffcc2b9dfca1a5
21718 b4deff08b3f1e0fa
21719 416d3e1be2e9f110
21720 076bdd12a0da3868
21721 0572a09e0f19eee3
21722 9ac7f09297729bf4
21723 c4f734f5fc108141
21724 fb63e070173eda79
21725 b4fda168d73a0074
21726 4a196540b5f77c47
21727 bfe5f3a88afee0dd
21728 d910ecfbe22cf22b
21729 f0f2f90f1d14193d
21730 54946d85f841bb7a
21731 a2d45a85c29aecc8
21732 5438f9d6eb3a1fd2
21733 35db677ee3664c29
21734 279162c111e50377
21735 5518b03b8d22ac97
21736 b6f7f05fe51579fb
21737 691207fbca4f6290
21738 010c3d2b99648b67
21739 46d1e40195eaab56
21740 92c525f909553f2f
21741 f7c10c5917225bef
21742 18c607662e0d6558
21743 c0eb3ca82784d824
21744 c60177d6eef66ee5
21745 a8530fb7df34739e
21746 4dc5e583e35faaae
21747 388f0d5f18db7c31
21748 8223ca1009c2790d
21749 9730758af669428e
21750 b2641b9b28c5a36b
21751 b5949c79f21ea225
21752 87b79cc97e2673ef
21753 9ba2ebc7c4794b48
21754 b32b381cd2db4033
21755 80a31e36eb741e41
21756 1dac4699b32f6f11
21757 e24c2eb718306055
21758 878d9e5f50f321d0
21759 673dd24ac2143e9e
21760 40b5bf9945c6e0c5
21761 19f8217c8db7ca1f
21762 83d27fcb7d8bd2a6
21763 95e90c3255249751
21764 cc66a56fbb6b8272
21765 fa22b6853c1fc929
21766 27eb013652eaff42
21767 de9ccf7fd4a523d3
21768 591f64bdd437faba
21769 4726e80b3aeb36f7
21770 07d6cb5c7753269f
21771 01b891c37d95bb1e
21772 bb5c1cc09e18f53f
21773 f600366c9b64c33d
21774 95cdfba819d548f4
21775 93e99e4eaa4619ab
21776 127cfe25ff848e5b
21777 54fa7dd7ab5b0703
21778 b28b02c4ff103d98
21779 cbd656ddcf00164b
21780 aede5eee6d406d07
21781 69425e8002cecc7e
21782 5decc6d686dc6372
21783 26a6cdd66787c702
21784 806d249476b4bf72
21785 f2cfb4f78f7cca27
21786 e325f5c867a7087a
21787 cf9e256c13ae9a24
21788 da84e62e7740f50a
21789 054a7f4f4239b070
21790 b61295f08fadd35d
21791 030fd33b2d71b782
21792 3b27e47420d63ae7
21793 58c318b3bbafd995
21794 02ceb16295ce204e
21795 1867999a1e13debf
21796 f02d0e7b981c653c
21797 5783b28a3c140984
21798 25a267392da132b3
21799 c58822a270d049ad
21800 8c8a6bebb9243173
21801 405493c214965d72
21802 a3edc672ae88fcdf
21803 7d3157aa055d8ce8
21804 ceeb9ff902bb0bff
21805 59bb47b3f54f34ab
21806 cb38584e0a57fedd
21807 72aab368f6afbf35
21808 9d95461402266369
21809 1128e3e7c5d54543
21810 7c22c6ba3688f359
21811 a70ab8e2b671a104
21812 b446631da509f84a
21813 a9e11c1803676828
21814 7ab8c4ba82da37fa
21815 5caf9f3116fa05da
21816 fb8dd4878a8a791d
21817 ea4ff73fd267a6c1
21818 1bef9befafa06e41
21819 68a59e4080a71446
21820 5b81f9ef9bf6565d
21821 cca4678dd76f6fbc
21822 e8849237a3b79462
21823 39276f5f05dc6c85
21824 6134aee23a272a2e
21825 c6d1cd7c3befb74b
21826 aa97923b00fa9932
21827 72156227e4fb275b
21828 18eeb215c7839eea
21829 f5e3f1089e509fe9
21830 874ec769f6b92fc9
21831 02831db3534f6b76
21832 c4c716f9b847c7e1
21833 852bc3c44c193cb6
21834 dc0b811c8946792f
21835 0a90fef550f0526e
21836 47ad4af662da68c5
21837 20e59e757119b5b2
21838 dd5379439eec6bb2
21839 0dfeb6b40a284085
21840 2c0e3db665ec1861
21841 3e793c6bf49aa3b8
21842 436404a6fa12227f
21843 4e89e090a80103bd
21844 f6299539ac61026e
21845 89d236229bf80272
21846 10a3625019ae0f75
21847 41867fb4b23c1967
21848 79c44c5293e680ee
21849 fa99b8829e7f6a88
21850 b7562324a3d63bb3
21851 80a7edd41a1322ef
21852 97b068eba20095b0
21853 21824ed521f47465
21854 9d72ec3064b4006a
21855 c7f4506f5bc0a918
21856 6b44f901185c68ef
21857 cc4db4e1f8497ff8
21858 da959d04c2d0724d
21859 73a89254e292c454
21860 47f675ddf5447a8f
21861 6fbbebec91ec9437
21862 41669b04cf560045
21863 0c29347541fe0371
21864 dbf638095644056c
21865 ec450666e9f99266
21866 5633673844466680
21867 94be524abd278298
21868 7fab555ce27a7297
21869 938b396dc0a1d688
21870 263e8720e02abac7
21871 9332bef6bd26893d
21872 fdbdcd99a96eb44c
21873 8d42b3fe92b073d2
21874 ea28219bd06a587d
21875 4d516db93155493e
21876 f4a9e559bf7698a4
21877 299e0a6f7ae45ba0
21878 5952879738c015c6
21879 b996c19d6898840b
21880 aa78ce21fbffaeda
21881 b2424d3649a48dd0
21882 4458b6f81e1dfd8e
21883 5ece8736173a19b9
21884 c2ac3eb0c1ca01c9
21885 0a1cb50fe4babb67
21886 fd5c16e950898988
21887 f38cca582a5f91b4
21888 eb66af187162cbb3
21889 1c502e47e785b207
21890 777ddd2e3bea94cc
21891 1b49eefc1fd40d79
21892 b4d81b04a444e247
21893 652070270f523c60
21894 2bc697430042d6f3
21895 8a1941ca952a857f
21896 d066a3ad6dcf5188
21897 ba9fe246c70d27ea
21898 a0b7bad5d078bc36
21899 c7080fd366f963ea
21900 128c6c3304a61c25
21901 9fb3507ed9588260
21902 8cb79817717aa0bf
21903 e187b0c704941e45
21904 cf5c803a58b5151f
21905 de6bd0948232abbe
21906 23aaa9e5969a3765
21907 3a40e8291be3de07
21908 b136d590c2fed74f
21909 c1d8247ae19ac467
21910 31fb42a2d215a9c9
21911 afc9f1402c67fa00
21912 a4e33ab184877a73
21913 a99493eb56614a96
21914 b30e9aed3c133056
21915 ae9735992190f42d
21916 114067a8b2286779
21917 b4c0034d06957db2
21918 7826f06717144565
21919 ac9712b363295f4f
21920 cd415fb2a7be33ce
21921 2a42b1d5d54a9951
21922 499675154a445c41
21923 5e65731f582c24a6
21924 1fd6c58f1fe6d934
21925 aaebd9fa8bf9faea
21926 972968bb67b79f67
21927 777207ff0d0c8584
21928 f1674e73bc580ea9
21929 4426dfc15aadc5b2
21930 b708a470aef1ebac
21931 1ce6e8ae1a2b0e2a
21932 33e70c6b912f746a
21933 ebcf4669aba880ab
21934 6be89902c06c1187
21935 3c8866fbc0e6683a
21936 41b65fcc3e0011dc
21937 11b39e76896bf107
21938 e04315cfe1b2caf6
21939 d845f2e5aec609f9
21940 7ca3b5ab5b68e326
21941 448499d5b0f3639e
21942 accb58840a099bb4
21943 fb507c2d9f4ee26f
21944 2218870d65702bde
21945 ccbead687d1ffd6a
21946 2aef73914f8ab172
21947 280d4c136a3c7cd3
21948 51ba430dfd960829
21949 910fdaa690246695
21950 781e0ade377a8de1
21951 c46e61b31c062941
21952 a524c3cbaa13481f
21953 edca07893acdbd7f
21954 b4e9d64cbe09671a
21955 21b095ddd382ebb2
21956 a24885c57db515cf
21957 e2801ffcfac5cd05
21958 8ac62b1fc653410d
21959 e1aaa641d96c4fc3
21960 d5dc7910b42f1ad3
21961 6b91748306c66c8b
21962 3b3219e65b932e5a
21963 2bdfb9742e9d9123
21964 9ad416eeb5641bd0
21965 186e028ae9d0b198
21966 e9787b992ca60dba
21967 0710e8ea2c7c57a9
21968 b1f6dfa7484e0625
21969 f4b6e2be70fd9ad5
21970 9f3befbf5b8ae6f3
21971 00469df4edeae21a
21972 0f9725b563d8b138
21973 210b8d30d5791fd2
21974 1623041f78d40a7e
21975 36ce4381dcc33639
21976 f4b1966ae2faae0f
21977 7806db1e26f80e42
21978 85feb115bcd748c9
21979 ea181ed077a1c65c
21980 b4534ca92baaa067
21981 886bb0001ac57060
21982 5e05504faf9f219e
21983 0c41c226b161fe88
21984 22a8aed5e24cadd7
21985 acde2d67bfede622
21986 19560c2fc3540606
21987 ddb2c7c2b1ae24dc
21988 c599a1f278113f68
21989 1e5c6fb11af634ee
21990 37cfeb67d0c303a6
21991 3e7a4cb3130bce7d
21992 e4f8602ca8d8bdf4
21993 3895598bab03a04c
21994 af0fd27e72041ce6
21995 8728209346fcf114
21996 7b6a974de565ac7e
21997 8a15cde840fdbd67
21998 dbefa02c1fdbc329
21999 b81ea1e5d530f691
22000 c6075b4db5fa69e8
22001 36998c5386e378a3
22002 60f6a02a96221d49
22003 86f80be0c2c879f4
22004 6c3329b436f9a8ad
22005 9fe3722a857526b2
22006 be5c88b1367dd9dd
22007 ad8a8e8a49797a13
22008 aa10b07dab011cb3
22009 dde969646988ff10
22010 02c1eeb63b8c88a0
22011 e74f3f0903cf9b4f
22012 e4ef579842403e89
22013 5c96f713bc263626
22014 679dbfd7b3412ed8
22015 14c7510e9fd26dc7
22016 720b6e0c7db1ea73
22017 d789a6da700343bb
22018 f0e13147a0ffad07
22019 d990dd2b59a1acd5
22020 d758e667bffa9f28
22021 3d84ac73c9e0284f
22022 e6c58c972d335416
22023 a7fcbac2777a79ff
22024 86069fdefcf63133
22025 05204d8d9893529b
22026 e59fda21bd0d2f9d
22027 34de8b222d2c6e0a
22028 bda7910ebbdb1a9d
22029 c56aebd1792e63e4
22030 edfb761c4b7418e5
22031 e20c03bc99a1a013
22032 c6e47c706f21b554
22033 5dc11b13059465eb
22034 e14a34d62b7194c5
22035 1e20017ae0ba0ec2
22036 9d09274e88108899
22037 97ea5ad902acc18f
22038 e7c5f6ed4e048676
22039 c3dd08791ac5f8ec
22040 d371dc5bb5db2199
22041 4c4b4c322031aea8
22042 3f79fae136945b90
22043 093916a84632a2b4
22044 21dda2dd14007522
22045 04f384ff0554a27a
22046 f08538263a6a3325
22047 d4cbf72d0d6f3cb5
22048 8ec87fdc6f62f54d
22049 0d133758783d32a4
22050 a019c24e1658d840
22051 8a40bd9e583df0c3
22052 dfb3c87e655e77bb
22053 2fcdb08deaa967ff
22054 d031c38373bd5ade
22055 9f2786399186bcf4
22056 037b90cb376ad50f
22057 253feb1f867797ab
22058 728302df9de8f3bd
22059 85d9a4be5eb79bf0
22060 a75b8895b009c681
22061 334531fdb58fb4a2
22062 41489ff5c52f7758
22063 fa444df29d8afad6
22064 4af29339c5574ed9
22065 afc3400456ae489c
22066 688879ffb0eac41c
22067 2aa5dc58d8800df3
22068 06e08d8b2fd14694
22069 c89230e934be9a97
22070 affafffce1565d0d
22071 85dcf7f759f85ebd
22072 3341f7b189c66008
22073 a18116d6fde09433
22074 39079b800085bd87
22075 8f88e05192e89061
22076 3e47d9fd7c7d2019
22077 665cc2cd6fa14930
22078 2478160d9630f758
22079 8684a402df85a848
22080 4ba939b149fe2260
22081 44de778a63b06c65
22082 8ac546209c06eb8c
22083 dd38df4fde69a309
22084 74e1512ef24f7351
22085 f7b6c33f3c3ed44b
22086 1a42983bb26141a9
22087 bea637a6a38e9fcb
22088 e91f42dd4f688b7b
22089 7e5b48f5a3825e5c
22090 920b3fa1c3e66ab3
22091 09c4ed96258d0e46
22092 aee1a91c89c1af38
22093 d9ce9d59fd40bce4
22094 13290d78efa7678f
22095 3b3e5c1aa09e1a6d
22096 891ae8313a470750
22097 be802e135cf2a64a
22098 07226e37b6961eb5
22099 1f90ec829417f32e
22100 c70ae8c39f046cc9
22101 e1b18e422c1477df
22102 75fa84ef1306b723
22103 db436903d0625ca8
22104 f5e666a1d258c2fd
22105 2af61584ac88eb02
22106 b8963c6bd915a840
22107 eda3791bc9c7bd5a
22108 38554e722dbd53e7
22109 81f145f58eccaea5
22110 6798495115348d7b
22111 de9c70545d629cd4
22112 6b35b3b0d06c3d31
22113 c0d403b2899c1a43
22114 876b16006feed8db
22115 d6ca17fc53bdc2bd
22116 c48dc19fcff4a39f
22117 f4fd644466c76913
22118 894c84e6ffafa524
22119 12a4fa7a21f20641
22120 fbabd598ea9aad40
22121 40dc07d6c437bd21
22122 2e2220879ecd7283
22123 6e0a8f8b8a63a240
22124 600aa11a652e0365
22125 848524838ee0904e
22126 d3d81a4976be1e4b
22127 1b5ed881d2e61799
22128 4ca23650f7369e0f
22129 85d343f99aa9f9a9
22130 f54477861e6cd932
22131 fc75ca3167c5b044
22132 ecb58a3c5107ac71
22133 c67b81220e3dd2a7
22134 592b4a195e67f986
22135 08e1b88edce9dc16
22136 d2c502a3431171aa
22137 970b5d11818b579a
22138 6777acc3ce895e4f
22139 226fa5bf36f3b4ce
22140 4635299e2ba89d67
22141 c30435ff203c0673
22142 813433948ab38c73
22143 dde60601ab2c8384
22144 6a840dbd4805e2de
22145 e60d7074deb7e3da
22146 ee6730c61444164a
22147 278f9727925dd195
22148 c0a2708f05910238
22149 3b5178c430d0de54
22150 6051cab815e1ed36
22151 58666c65b19f0216
22152 b6a0c21f6347fe5e
22153 a8dfdb927146d411
22154 661388b9877b9ab8
22155 9d13e6ab5881beee
22156 a04be1b7aa5fde77
22157 ccf8d6ec3cc4af51
22158 31f4be6c3661c02e
22159 ae4b3976a5278f92
22160 efaa2126e4fd2214
22161 80a697bc4e075bba
22162 1c1f42760de52df7
22163 0deb0edd448c5eb7
22164 dbac13aacb58c13a
22165 ea72a57be16e331d
22166 310ca602dbf51524
22167 e565c52b455ba66e
22168 4a14c8eb3463107f
22169 c8a3b80c4513f3e2
22170 0a1c412dd5d888a4
22171 05445c6bf13d335a
22172 f7b8c36a0543f4d5
22173 607776a1d931b2ad
22174 3e58b4f38a4f8584
22175 e6f366a259e26b19
22176 3855e89789879469
22177 94782bb1d815d034
22178 bf2616cdc8aaceb2
22179 1ac1c604e3512153
22180 8e12aa85d79efe34
22181 508d16c10433971d
22182 4db7d8e3915a0248
22183 5d2cf1a7a1a51392
22184 e784af5ce9db43f8
22185 d845ef57261d1659
22186 263a001f22a78a5d
22187 75b79e635f595b0e
22188 7c5939bb83f5b531
22189 852ca908f2a8a77c
22190 beb0d00e19168926
22191 08a4d1c5159325ab
22192 29bce2ffd672978e
22193 93cbf898ce3d7918
22194 68a07a8c7e741204
22195 4b744c78d6f5ced9
22196 e4462fa5aa8330be
22197 0c407be81d11b24a
22198 f68d0af2d6cfdb45
22199 ccd9f5ecea055284
22200 29fcf135e715700b
22201 d8111ffe5e4d80e1
22202 95b8c4b87f795f08
22203 f273ba0194f01e6b
22204 7749aac31ec4aa09
22205 3fc5747587b57ebf
22206 4e1759eb493d78ee
22207 d1308f6e641cb678
22208 6fbe8a76e7a9cb82
22209 c1318ccc1a950ad9
22210 dd0bc51e546c7b07
22211 00d7fb3a60ceb084
22212 7be39c69b13b30b6
22213 5afdaf17291deb34
22214 cb64ae479a476fed
22215 054f457d98f9e52b
22216 8688055c6996fbaa
22217 0194f0fcf3a95f7d
22218 fa08dbda637be0eb
22219 3fe9dbe302764d0d
22220 531d29504f96c1ac
22221 676ed4312b10d890
22222 771430d21465d37c
22223 81b4e9eebb51974a
22224 594dc3bd2e353c44
22225 ee8fcf4e692122d0
22226 5d493fdcae41d4a7
22227 6a26a3667befb35c
22228 41e94866f19401d5
22229 20403cc16ed6b003
22230 716fec8821d2425f
22231 fd816eb323044079
22232 04b07ddd5adf2822
22233 ffa590d75876eba6
22234 9264949ea986433d
22235 f0c90d4b82c4fe35
22236 78d32b044a347b3e
22237 e558a5a5096809ba
22238 f67954d3a235d238
22239 57351d7d73fe13b0
22240 3650ba3b8f447636
22241 01c881112beca0b9
22242 fb27c06eef701019
22243 76472625be85c6b9
22244 80d74df04731682a
22245 374f4b0028cbe9a7
22246 951fb8de672c65c4
22247 9f839c4c74d7a480
22248 6f665073df3838bc
22249 6c6afba320647070
22250 ab08486ce7e358a4
22251 443dc59822be7595
22252 68d8aed3e0910c22
22253 e2ca3e5e608c37a3
22254 7faae0aba349cc2d
22255 4b1935148644b911
22256 5438de15922806bb
22257 b5fcf002c6837da4
22258 65098e76e79506c5
22259 186f984ac59a76ce
22260 0b1b84a23f0c3623
22261 32a962db8797ef2d
22262 3cad51674179d038
22263 4809c482ccf0ad4c
22264 f6d0ba11858c3e1d
22265 23db086ec7f01f69
22266 7d55247db284786c
22267 55a3b39fa4990f36
22268 5f3e85a40247c387
22269 c9b7d20fdcf1337c
22270 06152608ff180aba
22271 bd93ddf789df9d8d
22272 ea3224c5c8671fec
22273 d430b1f0707f72bb
22274 b23b6594d90e9cb0
22275 0db7cab2bfd52ea0
22276 89075a368b528053
22277 6939d3b6dfd79e02
22278 bb7d6b68be6c6799
22279 b25926d66f3a699c
22280 1d9ce629f2bf4b56
22281 348e210d1a94b923
22282 12b62d68670ffa76
22283 dc6212f008b95043
22284 4e9c746430e9f620
22285 fcb9c35afab80abd
22286 645d93e41118cb11
22287 4f0b02daaa4f5464
22288 bcacd6eed0cce91a
22289 5e2f42ecf4a0eed7
22290 eb2205a98b2502aa
22291 6d45523390bfe667
22292 6db29e8bebdece13
22293 bdc69fd4f7a92cc1
22294 0d0524bb9537c14e
22295 dbfa49dfeb38e0aa
22296 bf79617d5e3f47de
22297 7996cffa97076890
22298 024a5344bad0604c
22299 21903b5782975582
22300 8241dd8feb4a5907
22301 7bfbb163f5efc023
22302 e3bc8c991d03ac0a
22303 45edb8b1f1732e02
22304 7fe8b52be5a826b3
22305 55e0d92576ba5518
22306 2a6d7dceba1e2745
22307 b53c1e9d893b6a1a
22308 94e05100b51487a0
22309 b14af5be43e379bb
22310 e3f074ffbbc9da3e
22311 ba242df0347185c9
22312 08a101069bbc7de1
22313 4a1bbfd202996faa
22314 ad360af95fd6f2b9
22315 dd20d8fec45fb4d6
22316 e2b2857a2f370798
22317 c3aeefd1a72bd133
22318 20201536328fa093
22319 d59b479d57b1eb24
22320 c9fd7b35a871c507
22321 cb0b1ed53231605c
22322 1834eabdcb25eea1
22323 5564cd4aa496e77e
22324 0bc3ef736f36e1f0
22325 e5bbad6664aef68b
22326 eda6bdbfb871488e
22327 b61184560681c059
22328 8208ceb429125ad1
22329 208ace6a90806f5a
22330 c28210bb43c60fe9
22331 88b7a57a554e9306
22332 0f58f24e9e935228
22333 d911b2b0933f44e6
22334 d5884fa9b74d4e5b
22335 6be95c1c065eae1b
22336 46b8cd489e6a893f
22337 7ec1a891a57b571c
22338 e0297f174761db9f
22339 7ff9164e21c5dae8
22340 cc0973c0118544d5
22341 bc0e852fd4b08dc6
22342 b93fb699f72faed0
22343 76f06ba10c464afa
22344 a54cc8244b19c5d6
22345 1dfb43905ec3221d
22346 93a7c80f9c312c5e
22347 50d876cb36a45279
22348 6613f13bfceec897
22349 968be8144804d89c
22350 60ca29699c86bf44
22351 f104c82c95f54b52
22352 a4747dd957d55a99
22353 41017103cb8d37c2
22354 ef560501e8aee3af
22355 9b726929ef8192b8
22356 cbc170137221dec6
22357 932006ba8b0cd67d
22358 19394b8ba443e0d1
22359 25f4d7f9a9b9d583
22360 a4ffd2e9cfeb2120
22361 c3b05b5de69accab
22362 46a1f7b856b89059
22363 4bf768e79b492296
22364 2a25ad2610bb48c3
22365 a0eb17f1fb5f1958
22366 c226b2b172079d06
22367 982c1cbf1caa27a8
22368 f8c8c35731516fbb
22369 f5994c0f9d303a30
22370 cd56b014b3c92ff5
22371 c2f3adecc28ee49a
22372 a6043f0f47d2b662
22373 edf4fcb98cfd5ac9
22374 4902e9815bdb98a7
22375 0dd59dccd2b1a420
22376 6e0a2ad06ca0e83d
22377 9a0d24cf1f4635a6
22378 58d4dd3d5a49f5cc
22379 09844b1d4d85ab03
22380 94b0b28197bab626
22381 16abdf69032dddbd
22382 bfe4514431de81b9
22383 5a56ba36b75321ae
22384 c0705440bed4ed11
22385 021c8286d91fd64a
22386 47d2ea3f25c4aa14
22387 05c60aa0f7248aeb
22388 9a3a12eaa22e9c7f
22389 9146ed86eb3ea9d4
22390 c5d5133f734abbb3
22391 921345e4b5dd8654
22392 5c9c5805105b2729
22393 6a52a9916a1e52c2
22394 fc9b8d3310e46abc
22395 c4ed04e555e46b1e
22396 d7c9a925a4f99503
22397 6cec62e24d6a2b4d
22398 af1f0667562dc329
22399 ac6d94c74bfc875e
22400 37f7618f94731cc1
22401 edbe59e89ee3b3fa
22402 9ea48dc5bfc29a04
22403 8d1f590411ab885b
22404 16ddec5ad43028ee
22405 77c0402286c287e5
22406 16aaae6140fb16c1
22407 f82c3a0850705f16
22408 153656948a8b3add
22409 4b652c5b7b489646
22410 fa709be1a895bccb
22411 7773da3fd9de3cf4
22412 fc81dd225877ebaa
22413 235442050c1e9e71
22414 96968867cad74e45
22415 f6322cb28a57d672
22416 7fdc82fd4fd090f1
22417 0c1ec719c11e322a
22418 d96a09b5cfa3dc74
22419 7adc6bd786992f4b
22420 9857f0b903c6bde3
22421 e02203b7224f32f8
22422 6469830bdffcbbd3
22423 ae98b39bdb8a73f4
22424 520557a5b1dacb09
22425 f9f8e304d0b98aa2
22426 d0c31063a66f8b1c
22427 6893ad45a9fc2053
22428 fe1ee124a8c29827
22429 e802d6b95362cf5c
22430 c51e5428b77c738f
22431 9f9aac3bba050f68
22432 73ccb40bbd35eaaa
22433 d46bb0187f27f471
22434 9bae1af25cdefee4
22435 601c6140ebbce7bb
22436 e96969e20e81d8b5
22437 22896e1350fe16be
22438 4e84ebe8eef6209d
22439 cde89065e11ef0ca
22440 5ad3d8f9421d9aff
22441 c2ab509fa8e53a54
22442 dec4734db0e6318c
22443 d4bcea2d2a33ecc3
22444 af81c4a6d5a326cd
22445 65f886ddc85b29f6
22446 8dbfe884e65bdfdb
22447 76023224ef8b2a3c
22448 400862457f863676
22449 2413bebadb78b44d
22450 5dda8999fbb37488
22451 394d9322e4746b07
22452 59d2736bc2af9c43
22453 242c83865b216858
22454 c80faef42e1a0057
22455 aef2a49a34128010
22456 842f14b69953d29e
22457 d6e04be200f89c08
22458 d6fe2291debefdfc
22459 aac688580f9808de
22460 1117a37e590b32b9
22461 c97a4eff30e249d2
22462 c43a24c4680a846f
22463 ea0487cc474d0e48
22464 0e0cbb9a69d6e9a6
22465 2a43c45b281e103d
22466 abb6e83a2ac79398
22467 21fb8341afa95297
22468 7f0ba3fd997de333
22469 d7a96876bd589548
22470 656249b4de8f64c7
22471 817c2d2dd9f1e2c0
22472 575c8a43491449ce
22473 c7b8f7b09019a545
22474 e0ba500ab4080f70
22475 e36d47f848ec864f
22476 ac0ead8575d4b58b
22477 03c033ca4151c4c0
22478 ad1fa1812ad79e7b
22479 db1ab08f5b88e8dc
22480 d3c75fe063e9beb1
22481 72dadc28305700ea
22482 8ec30f0d28836b34
22483 e67f11a57e1c270b
22484 8d0c651acf0b041f
22485 6f438988df54fe74
22486 5ceb531894bb2f37
22487 4ab08093f852b770
22488 6612e9ed7df312fe
22489 92f1bc12ebd05ef5
22490 934e28de7c31749d
22491 ecf3870fedebf962
22492 78e8a19bdd6372d9
22493 a1f3a8f6d14e9472
22494 eade93680fb62d4f
22495 8b55d684eb6de828
22496 7bd5bcfb07c1f286
22497 3f6c6f8a15051c1d
22498 d0e27ab9534e9109
22499 adaf1a878c8df246
22500 bd268a4d0fa14a75
22501 e96f8a2e4562017e
22502 5c2dcca14a5f34ec
22503 f7c27b61ac992b9b
22504 23f41e6b51de21ae
22505 54928697729afca5
22506 b74b3dc89ce909eb
22507 0b58e606dd4a5914
22508 8f5bd4dffc726f57
22509 cf310a6a67fd180c
22510 e91a53e66c9ed739
22511 155f4123df7cee2e
22512 1b6afb788aee8936
22513 db449eb5937b7c0d
22514 570fab7bbaa4ea03
22515 b53682f4ca65f9cc
22516 b7e477852ae70c01
22517 28b26ee9c575373a
22518 94ccef19fe445c20
22519 594bd44c348a113a
22520 2c3d45ed8c868097
22521 617835be6a411279
22522 5982f508b2d6eefd
22523 1fc10d4adfd27742
22524 4eb6216e6e2c47fd
22525 7b94c2e0b66bc066
22526 73e3d4c586ab4708
22527 0d142a64a627cfaf
22528 3b3102035431169b
22529 391b50dafd908210
22530 396106a46bd908d7
22531 9696e43390ccecd8
22532 6c457d77d443f055
22533 1564e69475f13ade
22534 e9cd20ca12801350
22535 73971d1137451177
22536 e9e4d8544de632a2
22537 4e580db508230f09
22538 b9fefb33e07f47ed
22539 3f7e525a29c1c9b2
22540 de9c8d86a2c1daed
22541 d0c4c4891fed8196
22542 afa3e88685bbf7f8
22543 4015f72f823f689f
22544 b9da911b718f375a
22545 19cd5d96e5bd6b21
22546 6f58b607eed72485
22547 c65f790bbc1152aa
22548 632f58912533e4a1
22549 d84b51da5f6a44da
22550 7fa002ce64cb4cf7
22551 88564a1e4fdb8430
22552 4e0d05a56d83a3be
22553 905ab34575e515b5
22554 5ae89c8ab38ce861
22555 e3c6ecb8abc344fe
22556 40b23ee0ddb86c5d
22557 d28619bb468635c6
22558 499657f881075968
22559 52eb01272cde688f
22560 d539abd9a8176ce7
22561 468f0deef1e63a1c
22562 2d51e61728c2dcf7
22563 ae638a028afc8878
22564 3cd7c60bb197ec35
22565 a54d5e3cca25353e
22566 809fcf8f94ff4cb0
22567 61110cf470ea6357
22568 e99ad23e6b957083
22569 3bacfa2347166e98
22570 3abe46c4457d7dab
22571 e2e5aba00e38a4d4
22572 0dda84d09c4836e6
22573 6cf2a3000e82ad7d
22574 4555a2de51062058
22575 f69d98dc3392c1ff
22576 88b6ccb37e102851
22577 2367c78a7c631c8a
22578 e5e1c118e3bb81b9
22579 4586b8930121b636
22580 167902733a5e0bc3
22581 5fb58c708f2bd09d
22582 203340203551488d
22583 49e8a64929bd7347
22584 e678148d7cd76469
22585 4620ec491d4ec102
22586 3d4ffbc883ff52bf
22587 075fe166fc6548a0
22588 27fb29ec722ca2ba
22589 dc96107be470af81
22590 b415a98601f4fa94
22591 852c41e2bd1e4583
22592 5ab3103d53df26c7
22593 0ffefca07890e97c
22594 32eb3ffd804fc233
22595 9e7521dd6e25e07c
22596 a5f712b26c11c382
22597 4a9babed3cbe56e9
22598 d7188ccacd953c7d
22599 056ea18c3e9fc52a
22600 a44681dd2e04e99d
22601 3773a8f3c60d9f06
22602 c88f89cfd1d53b0b
22603 600e9b6bc81fb942
22604 def9277451ae009a
22605 9de806d0b1f6b95d
22606 5948d47657d0b438
22607 a984ce4101b8509f
22608 29fa2014ffde9277
22609 80cb36399fe4a2ec
22610 4c8db7098ff37c2f
22611 0094133efac0b790
22612 b97eab1c8e1ef2de
22613 56e22e811fc69c75
22614 42b497b295805a40
22615 dcf52218daf7b967
22616 934926b663be520f
22617 1ae7d79c8b695624
22618 ab4a480ced01c9f3
22619 0ce8e800a610783c
22620 b34d2c303cc54786
22621 6d9eaf7da4748d1d
22622 7485858cf15cf623
22623 b43b6cc2904cbdf1
22624 9e27527a00253634
22625 d8e474a46b224cde
22626 4b2fb7cacfca7ec8
22627 3982283f2669e6fe
22628 a2ff8a4bd581622e
22629 c21e61cfd1ab16c0
22630 ab5044694b4b85f6
22631 46fb2b2bd51c407b
22632 f6e03d51df4399e0
22633 3e21255ad6aa0e8b
22634 545f92f41efec3f9
22635 d207ecc0ea71e9e6
22636 d748fe6dd74c9236
22637 6fb979a7ddd7ed1b
22638 94817b2efa615369
22639 56efce3ec1472024
22640 06c388f7c329ac21
22641 be3a98dec21c691c
22642 0c6da3709d88ef0c
22643 6382f24bcbcd4308
22644 081c8696f0fbe3e7
22645 25e698c4845e4ed3
22646 da8b40465cb47447
22647 ca17efdab834ae92
22648 44748c3a36b1361f
22649 d35c61e226ef310a
22650 fd275f17fa420736
22651 2ff8065ff7f348bb
22652 b16439d589b337fe
22653 999bd4c64a122733
22654 18a54690d3253bbf
22655 d968cd189613c69a
22656 8f2ab70cc996744d
22657 4854f584a7f4d248
22658 fddbe1afde5d8190
22659 43db42313e214635
22660 1fc5a055152efc42
22661 e161884982faf727
22662 5964d0c285067b11
22663 9eb1985699b0db6c
22664 77b07b8fbefb1811
22665 829b7f7dd3f3626c
22666 d7819876ee9f33b8
22667 a85ea0b99e83d87d
22668 a2cdd5a4ac99dd47
22669 68849dc7486d1862
22670 d7275f214098b2eb
22671 1b3be455f4a703a6
22672 954b6cc143338f69
22673 2b254fe5c463bf24
22674 4e31004b40466400
22675 f67bc64aa7386fa5
22676 27015348a5b92ad2
22677 635195a24627d137
22678 2204709bc7835e41
22679 86e5c34898d1679c
22680 d45d8b9035810541
22681 05a2abdc805db09c
22682 329c11212a4aab28
22683 bcd0fed3991be6ad
22684 c75e1a45ee4d0aca
22685 4c3927b6042f81ef
22686 0beaebac2a458899
22687 e265eb7d36bdfe94
22688 daf713be5282c42d
22689 4a7a099e9b9eb9a8
22690 80203757cc0ab5eb
22691 000547488a7b8aa6
22692 d198ace45d8a0326
22693 a64d0b346963156b
22694 ce2a22858d50145d
22695 01f09cb92a475e98
22696 b7bbcc8393854ab1
22697 1d455c38e369b18c
22698 a387bafa0647cad8
22699 cb1816b74d969f9d
22700 e9f88dd4bfde735b
22701 3ecf7c9eefe5abd6
22702 ff9a5f2d03d540cb
22703 e21c5f230bf81706
22704 04bb03635693f909
22705 9b3903f908dd024d
22706 5ab88e95c43dcea1
22707 e4841e7d700d56c5
22708 28e3e5339c5b1f4f
22709 c43bbd5a6ce2a7aa
22710 5f5d049901d421a7
22711 0ea2f9069d9eb7c2
22712 bd8d17300e7e489e
22713 acf208d42f7c4803
22714 1dcc234824a3a8c8
22715 31018df9d1e987cd
22716 4bfbbd2fa9a8173d
22717 78e362bb72447878
22718 0f651ffb39a45135
22719 f0f44b366914a490
22720 7578dc82189a81ff
22721 055ebaa8d3cab0da
22722 1904dd54015e25d0
22723 2d834f4990285c75
22724 70bb3c15f34f07f5
22725 78e07965131b4750
22726 b9cb99c6c0231cd3
22727 235493c601cc7d2e
22728 58030925b5ca4f5a
22729 bef20f5894ce787f
22730 e8de77be7967f8fc
22731 ec37e56cf4f12b21
22732 127431fdb81a0cfb
22733 b3904c48793a4d76
22734 06a761c1f6d11caf
22735 502d39c79f486a8a
22736 1df6239b840a0862
22737 2f160e79058cb247
22738 93a6f6980ceec5c1
22739 5bdcda042c08e21c
22740 62b9f3a61f6be671
22741 7e834e8268a8944c
22742 3219581308fb17c7
22743 318b0370a90944e2
22744 99aa12e13c8b920a
22745 95ed9a14a23ac32f
22746 86c74dee8eafeecc
22747 f10f239a303d94f1
22748 a2cf62baccfa7f2b
22749 af23a8c898b815e6
22750 dbbff5fee72cbe9f
22751 1856ba2ec40ffafa
22752 a31fe1484da04b12
22753 d09f97a4aaa9a077
22754 0c01832757b0dd64
22755 5cb23f31ee4988a9
22756 c93dacae33a60363
22757 f7544bfe586097fe
22758 9ffde00c41595a33
22759 1c89f49e31a45f8e
22760 834c3ea89b0e61f1
22761 d434d5404e4c71cc
22762 19fed95ba65ba518
22763 94caa236f52928dd
22764 c2a257a0fafe96a7
22765 600965fdd539ddc2
22766 6dc78fb58574ec4f
22767 f95eb24e97093b9b
22768 455e0c1185553d93
22769 c0bccaa9388cbb67
22770 c7cf30ddaa7d148d
22771 d8e15d8da95b9088
22772 b08a226acea4bbd1
22773 d4370905f18f482c
22774 90a11d44e06679e7
22775 3cbe530708824502
22776 e1b79691ebb2dc2a
22777 263045d51963f7cf
22778 17fc2c3a9bfd8d09
22779 4f9db403dba85b44
22780 5273337502021e7d
22781 090cd102af3a20b8
22782 61c514560f77f048
22783 776d331c25929e4d
22784 3732831d9307ddb2
22785 868bfdbbadee4517
22786 28ec9e9714cc974b
22787 1cab1d89844a6786
22788 38889c80ad12c2ff
22789 46c1edd6f60853da
22790 3cc0be414a112291
22791 94b6b686649413ec
22792 3d370153a9722e9a
22793 740009ed35ae63bf
22794 5226a9129413eb03
22795 cfa40961bd28f69e
22796 2a9667ef3e3c9419
22797 f26c9569706b2114
22798 b1bcc83e37f56c9c
22799 c3e7b09152b0b041
22800 7a05bb73b796d7a6
22801 7b4ff97d9787c7eb
22802 e038b8f1d8337dad
22803 c7ad1e58207f3328
22804 7fd31fab975011a5
22805 edd7f7f8c2bb3700
22806 c0423f740c666224
22807 cf92aa8a582ccb69
22808 355e7607411518fb
22809 fc19368b4a617476
22810 ebd717f5f901cf37
22811 f247ad2c0677fad2
22812 e7a63d197940f09d
22813 4fe72518e8b5e4d8
22814 ee131969e3a88b8c
22815 3caf26965a301db1
22816 d0ab9160357fbb36
22817 995557d0bc9f4bbb
22818 65e97c475542a89d
22819 b9a18cfed7c777d8
22820 45f34f344d617855
22821 34806bcda96f4b30
22822 f7210b0b741e9894
22823 ca0b5a7a37a3cf99
22824 257760f478d865ce
22825 1020c40da2a49673
22826 b0773d06dd6fb255
22827 5cf8a2a016efa530
22828 a9e364e32bb76e79
22829 965fd871e6461105
22830 2710a87d53285b56
22831 675c7a41758f2aea
22832 95ca6b9dd19d46c2
22833 5238703e1d0bffa7
22834 f25eb205e2e540a1
22835 3e51a62d2154927c
22836 4a271bf62a91ffc5
22837 964052e4c21dcd20
22838 87b0c716ba88a844
22839 200ad14aae36f209
22840 874b6c2715eae927
22841 331fcebce341df42
22842 b7355b5eff384797
22843 de07de93de53ce32
22844 0922af8fa6af90bd
22845 b973bc8cfdf768f8
22846 1f994ff281643bac
22847 c7b323ebccf2e551
22848 095dab435b55b383
22849 4a7280764f02951e
22850 d28801c6aedf5c8b
22851 9b85f88245fd07c6
22852 3ce0e0c11cf24282
22853 8413eb833edca767
22854 79d556c734467f34
22855 54e6fa9894ac4139
22856 e62a11db9fb31fd1
22857 857aad835f7ef82c
22858 616e61ac0ae9fef9
22859 8b66d6fd478c55f4
22860 c45d868c266d2e7b
22861 acc3cdc6bb9687f6
22862 07a35157904ecadc
22863 f865271784f0d681
22864 191411642c04af29
22865 f1dad84c703309e4
22866 6de97e4724babf9f
22867 c467ffb142a0eafa
22868 5427804fef73e576
22869 3fd5bfc5cdb807fb
22870 480e2db12cc2c570
22871 0f471614e69ae595
22872 18952f64b99d1147
22873 caa747110cdb7162
22874 275ce6211c68ec33
22875 295e61c79cb6e78e
22876 c688f5771df41cfe
22877 9236bce05e639663
22878 19661a372206b455
22879 9331af35af0f0630
22880 9a1954b662adf36d
22881 b0d4710ba6279fe8
22882 ffea84caaa4feeab
22883 cedef163b76fdc66
22884 3e165640ffd676e6
22885 cca5de534023f52b
22886 a3c391ef6c684c40
22887 bff0397d69c1dfe5
22888 d6d914da29706c77
22889 8cf26a5fe530d612
22890 9481a9d26911eae3
22891 927389182a399277
22892 639a7805c83db8a7
22893 e07a3c17801c4e53
22894 bec520b7bbd6eaf8
22895 08610aac3eb0cdbd
22896 2c1704ae760c21cf
22897 50dfef2508212e2a
22898 decb9accfa36bbff
22899 8af3a20c4a76c3da
22900 d8933beacf705805
22901 da229ca82e8f6960
22902 d383e6ade9964984
22903 a9ca6e0dab3a7f49
22904 c094fd08560ad5db
22905 ab8608ea60063f56
22906 5fdffaecdc136fd3
22907 e403ba388f3b072e
22908 7313c875d95e809e
22909 063e7046b899cd03
22910 ed6d5cacf3adb4f9
22911 891cc6a8256c39f4
22912 f8c8a0ba8437834d
22913 0c7785b879628c48
22914 cd4f136448157bcb
22915 ed6101f1a96fe906
22916 148ce2bb6b6a8d86
22917 76bf6cedede3ef4b
22918 5024f6d26c7304bd
22919 9d8d3ac32fe44df8
22920 72fe0cfeb2ac9a11
22921 fdf4bb71c815e76c
22922 e78893770a8f093c
22923 435afadef7036861
22924 5a9dbf1abe9cca4e
22925 c402665cee7d04f3
22926 dd71efef9db65b6f
22927 b11aa36dd9b2a24a
22928 dbae439c91a22133
22929 d88c87a2eb13ef8e
22930 eb268e7dcc48c22d
22931 7c24ffb33b073ea8
22932 cd1ed3f7c027abb6
22933 b4fa67ac158b673b
22934 b6cf1283b38b8187
22935 87d45b0cb3b2afa2
22936 80c64a24662d2cd5
22937 09559372bd71feb0
22938 f79be101f3b68b28
22939 66838ae103a67cad
22940 d738d7e439d040ca
22941 eaadbe0e924dcfef
22942 a36cea6be706c699
22943 9120b843b679c094
22944 6abc0a92413ce399
22945 ce1324a4c9813b94
22946 365e2cc077077630
22947 e2a949ca28350555
22948 cdbd5ee14c9a9a9f
22949 de1d27f4d5b7cdfa
22950 f7975494f963c773
22951 e43b6a0cb6302fce
22952 24f9261e9538f7b1
22953 1fe62c396da0f6d5
22954 306b249946e25559
22955 f3f247365578c39d
22956 1d3b3f668bd0ef1a
22957 1d1e48175d694b3f
22958 93dc880b2cdc8709
22959 4f8a63d6dbb02544
22960 80c499ca70430609
22961 e66ffa7fe059c244
22962 9057951526ab5f20
22963 c77e1f6aa2e9ecc5
22964 7db6ad0ba5649232
22965 cc6018cd05e82797
22966 501f6c8fb5e92ee1
22967 077483a8d517c4bc
22968 2949b90caaa27fb5
22969 bfd51fe576d98c10
22970 dbe898327a827713
22971 c9f5e6d53197096e
22972 9a2883a5dc83e6de
22973 9b8eba9a5a08f743
22974 9b6ee2bdff730335
22975 11cb08dfb0d13390
22976 1fecf066a391d939
22977 ebe43993297fb534
22978 b89e765507c3ffd0
22979 656a6c44ec9f3e75
22980 aa0702dd13fe7dc3
22981 0f996016ccc0925e
22982 083d5e6e21a3dbd3
22983 8da41851ca3af72e
22984 2fa72aea06046051
22985 3336d7a39f01efac
22986 b734c1b3745c04f8
22987 4e7ba411f4bed9bd
22988 af970537d2b7eb07
22989 8d2c1110c3539f22
22990 200b14b1295586af
22991 30d1e7dfc3b8bb8a
22992 022e8a0be336a0e6
22993 d63730e1b9ef1d2b
22994 e4163e946c099840
22995 1a7436645d87d0e5
22996 097126e7336b5265
22997 7e9089ba80880dc0
22998 a33d31b8a55253ad
22999 bbd0784500ac0e28
23000 4162d5299e82abc7
23001 6a2c0dc010a618e2
23002 9395622f1b6d5a68
23003 38f6f73a8dac34ed
23004 b4af4cc786d1e65d
23005 489b68aede295498
23006 4deb46b6dac3fe7b
23007 cd48639606d883f6
23008 488d688f49c7ab12
23009 9a2fd45d759fee77
23010 7a2838ff9877a364
23011 c802f75c430fdea9
23012 d64bac25da3da963
23013 b4c27f304730e1fe
23014 d317c319977a18f7
23015 7b9e883a7f35a363
23016 4e7ad5655c92bb6b
23017 405d6b4a6337b21f
23018 e7d64fa36489f299
23019 eb5ec07ff153f394
23020 fbd5e8fa6f0b96b9
23021 d3f57218b27eadb4
23022 2663662c2d83614f
23023 5fe1288531b5ceaa
23024 81de0d464d801082
23025 982c31a294839f67
23026 990012c4ac1ac334
23027 0fb701881d5af439
23028 53c8f58f7d364553
23029 593909233894a6ae
23030 bfd70c92b60a7ae7
23031 b39f43d5660f2102
23032 9bddd5896c50082a
23033 6e3b85d649e190cf
23034 7721d4c443f0c1ac
23035 83fb4ffa2b5f5951
23036 6db487125f3b814b
23037 ec9284d47f6a5f86
23038 fa8f808f57dc28db
23039 015c61efb7cbc056
23040 acfd20c54420f379
23041 7f0358ee63d6c074
23042 55806b0057490810
23043 2d46d71918cc59b5
23044 26ac5accc8b1ccff
23045 a174a56c51c30ada
23046 fe30f2826db3db97
23047 72ddb0b995b51e32
23048 41aac434f112809a
23049 b252a29d10c03dbf
23050 ef9d9938fd60b735
23051 cc29f31f65bfc890
23052 9893a7b8d8173319
23053 9812e6e77445eb14
23054 e6548ee9df0b98ef
23055 94d8349d7618c0ca
23056 a8695b8a90afbba2
23057 c313ef0d6e484f87
23058 1c030167f021f381
23059 189f05e478eacfdc
23060 726cda206685e3a5
23061 2542a3d6a45e3800
23062 de304580b9f50cb0
23063 fae7cc8897b836d5
23064 9b0012dbda72bc4a
23065 00e3c3dcda6ea36f
23066 f8990692912abcf3
23067 9942a0e8805ef04e
23068 cc8d90dda5e3ed77
23069 0639a4dfea1f3212
23070 fe22848e3a3c4419
23071 04ce26a50e195514
23072 ae7c7aebbfb9ee52
23073 5ab584fc719b77b7
23074 aedde71b084b2a6b
23075 1b34267400d54c26
23076 976d5a682a9392c1
23077 11952dfe193ebddd
23078 8450597265be365d
23079 4ec3d2904c491a99
23080 2c3974261ec943ce
23081 f6a794890f151473
23082 4d58009cf6703855
23083 023612475f6aff30
23084 c44f8d642ae808cd
23085 b7f127bda03803c8
23086 7fe68a95acd7e5bc
23087 8970039a9172a5e1
23088 5816fd1c218b7bd3
23089 62f1e964f0f0b42e
23090 867e87568ebdf13f
23091 547b6dfaac9d7f1a
23092 9e6cc1b6eab050c5
23093 5912760f6150a320
23094 3c819d2bffb81e44
23095 d19625f12285c509
23096 57d8b00f63a8781e
23097 6ec18b7c2a2ee783
23098 15068faeb34268c5
23099 4af45fa391d20220
23100 d6dd81676cd4e1bd
23101 90e6ef615a3174f8
23102 e7a51ed8de4927ac
23103 71a4727429ea9a51
23104 490bc44ee144b196
23105 50ddef9d9cbcd21b
23106 16fc588e35d9e3bd
23107 f53492f2af768ef8
23108 eb1070fc228f7021
23109 9c90586a338f8bfc
23110 9e790194069f9ed7
23111 ba50e6db7460a372
23112 a0f32a90f478dfda
23113 6ac31977f13d5dff
23114 54d9363d796fb0f9
23115 126b988b2e1024f4
23116 c4e632b40b45baed
23117 11f294c05d8fe868
23118 1baa8d98e44644dc
23119 ebe009a2ee9f1881
23120 3dc418fe014a2c2f
23121 98f191510c65490a
23122 db99b99b602a7a9f
23123 516b2330351154fa
23124 dab61d1ae9e707e5
23125 23556ff7208a0040
23126 64d1b47172b1cf64
23127 94338a2fb45334a9
23128 924dbb69546c07bb
23129 1a53826cd9ba7036
23130 e79d45ed028b9633
23131 f422eb3da58fac8e
23132 38de17fefce71c0a
23133 dc05faed6e452b2f
23134 f8f1f325e6474acc
23135 ec6344fb7e7ec9f1
23136 0fcec91806616b59
23137 8221b501d8b46b54
23138 7c7f205d807ed131
23139 b438d0362f304295
23140 bafa340af31d626a
23141 1139b803afa7047e
23142 2553f209bdd169d4
23143 bcbce271809d91d9
23144 39911b78acbbc771
23145 11473502fd67e84c
23146 31aaf8768a37fbc7
23147 88dbcf7e2296a4e2
23148 bead365ffb9e2fae
23149 995df46b2002bf53
23150 0a07aa54d2f6e8f8
23151 97fa53484768e3bd
23152 54325c84a61c7fcf
23153 7e2c080b6b12502a
23154 b23a0e2eb9d5971b
23155 26450d7a974ea296
23156 e1965283e607e716
23157 7b1709b81e10079b
23158 9157285cf9ad7bcd
23159 a13e1af32364bbc8
23160 ba4ab90cf9b9b2f5
23161 e48acbb1759f3350
23162 11edfc81387118d3
23163 dc37716734d51d2e
23164 793fdc144079de9e
23165 16af5fedb4dec003
23166 cb95d28a6f98bcc8
23167 01da3973bc09a2cd
23168 fe86f577ce5046bf
23169 745744b14b1d619a
23170 39ede33a38aca4cb
23171 ded438a8cd11b506
23172 2df034d9f47a1986
23173 5b595c12e42aa04b
23174 7e2f0aac365e4120
23175 22bf5f01bbb28bc5
23176 1a4ce10a7e9c1717
23177 a16adceaf06c03b2
23178 906a64480272b5a7
23179 146f1a236fb06ac2
23180 a6a5f04a1971e92d
23181 6548e70488b47da8
23182 a8fb5af587bf8e1c
23183 91e16ab76cce0ec1
23184 df4d710fe76bc333
23185 c9fb92496e943a8e
23186 25a53f1e58d678bb
23187 871d281ef4e01536
23188 5483068393dca5b6
23189 fbf8f3eeaa72013b
23190 2f915151f42ce941
23191 ecf094b49732979c
23192 dfea16e3f61cebd5
23193 8876e54473e518b0
23194 8765327bebaec173
23195 fb402b445a6cc3ce
23196 f15cb0420a36253e
23197 35227ad5d41221a3
23198 e26ad77aafd98515
23199 50548494608b2ef0
23200 35f90e8b3a5d0d99
23201 69c60dd5272b821d
23202 db89447ae09ccde5
23203 16b1080802ddf2e9
23204 b170d9296c2ea426
23205 426ce7ff7761506b
23206 727606c670d4bdb7
23207 69e2c4eff7efc452
23208 23229983ec0db82b
23209 9f9d79e00d4211e6
23210 bdd73b79eaa39cd5
23211 65984f6eb9beb2b0
23212 d11e52a24da286ee
23213 6e6ceb81aa877393
23214 91d788c18a06280f
23215 fc37a7d11a68446a
23216 52a5b4c74b32e5fd
23217 5daadb3ede17ce38
23218 10da6ee11a3e3f20
23219 d824086d96c4d2c5
23220 1314725356880832
23221 20c732e47a30dd97
23222 f7ff19b66ef1fce1
23223 b19b830386eb26bc
23224 a85f331e076209e1
23225 aaf83d7b2e36ddbc
23226 16554277e6282bc8
23227 50083b4ecf8bd4cd
23228 a82387f60a2c6797
23229 87660486fbfd5732
23230 5315c936d9fad71b
23231 c04b90c733001396
23232 6a7beda9f44cda39
23233 3e25e732d5ecb334
23234 e76d04ffa63965d0
23235 d7702b73d0b33575
23236 111be2c211b54102
23237 c423c6c27ca771e7
23238 aa48de016d730651
23239 3d0dd3d52e811eac
23240 52caa6dbe9576d51
23241 778ab0d11c386bac
23242 e86e799dec2b00f8
23243 ac6a635c6adc52bd
23244 1f19ad9537d188fa
23245 abecc7985cd45a9f
23246 9a69758db10cdea9
23247 8455c869e7a48164
23248 76490d1ce99716dd
23249 9cbf4eea43ade918
23250 b834a97a5e474cfb
23251 e12eb35b0450d876
23252 658f3fbbd720cef6
23253 62bc36126e1ada7b
23254 7233da0c2367fdad
23255 1104256f80ad2528
23256 5beb1ac245390c81
23257 bf1b0f50ffbca8dc
23258 1ee187b609d2e468
23259 ba194b58e655b6ed
23260 d15768acca32362b
23261 9a405e0837eec5e6
23262 540048bdefd1957b
23263 4323558dd65075b7
23264 6a0fe790422d2798
23265 00fd41a6542884d4
23266 b6a78bf7bca87170
23267 41d716262b3c8395
23268 db0c31384a5f915f
23269 38347140eb5ba3ba
23270 27c7139bc64d52f7
23271 641176be53926d92
23272 15931491a9305a0e
23273 e17b1624392663b3
23274 c31ee9a9f6b76e18
23275 dcd5a19ea58ff7dd
23276 3d4ccfba1785f08d
23277 ee04c38331644f88
23278 5aaa6371c8812f45
23279 9de7d19951d4cfa0
23280 294d1aea7decc54f
23281 e8e5e54f38bea2aa
23282 6b2ab3b0983f2166
23283 2c47b38b27c4915c
23284 0110149bcf4e53c0
23285 a6c496a1217bd3d5
23286 c144782fb8529e36
23287 d1349711baf2e61b
23288 8efaf05b7c73883b
23289 dae772c4f2702a56
23290 47da660438f4c565
23291 d19f4bc7b0dcbdd0
23292 9a0f792b0627b34e
23293 06200b83437387f3
23294 7cc77bd53c6cf0ba
23295 8d2b4bf4b2d3078f
23296 d115bd697ba834e3
23297 4d31b93789e40b7e
23298 c8a396640bc22423
23299 c9b434e16846d7be
23300 bf3cbf3a3d85a0d3
23301 f1d5e76ff99ff086
23302 dd2d0935db4859b0
23303 38236e8da0c8fc2a
23304 0365612461d5bf2a
23305 82b49f8076618cb6
23306 796e1c59872f2c01
23307 a5df8ebebad69a14
23308 a8ade54f95373cbe
23309 62894e2dd906dce3
23310 769d085316ec9de2
23311 df5a6f20b82cec87
23312 f0e0325625cc29a3
23313 28b1a4b6865fea7e
23314 5e4de11bc7645179
23315 7c8279beaf3c774c
23316 2cce28523d53fcce
23317 ef692f9deec540b3
23318 43a36d4b1ddc8c56
23319 17c424f87abac224
23320 9cdf91c6d14b9a77
23321 d62821cdf95e1a6a
23322 d000cdefe8f93b82
23323 386ce0bc012ae84f
23324 7ef91e3f54ddf6bd
23325 e0fb45c3620c63c1
23326 a62ff0bb990b046c
23327 55d5c411e4420c00
23328 5c7470ae6c5345e4
23329 1cef0c09c62715e9
23330 fdc7fb2df46278fb
23331 240576d133f0bc0e
23332 83f27b27759f190f
23333 e7d2b6a78250a242
23334 84ba79de583be69d
23335 7fe36b66083c2d08
23336 cd5418ff42a8a8ac
23337 0b70ede1f812c8d1
23338 1a28d0884804d117
23339 c14ee6e75a78840a
23340 c8e46aa1d3017a03
23341 84d228eb2b0b8416
23342 961b88cb57f68a92
23343 67a24ee6e213009f
23344 319f6bd8164d97f4
23345 add6360b1558e339
23346 58c09fce5d1af851
23347 95e7f0602d01922c
23348 87c8a7f1f43ec095
23349 84eba3d7ce237f80
23350 ed21c820fedc91b7
23351 f6091744f4a6acaa
23352 433a3d83c28e057c
23353 7f7979d4a003b121
23354 a46d7c403f640569
23355 e4ffb1e5b37f6164
23356 72c4bb28af5ce557
23357 18eee3381f925f4a
23358 2e14ba5340bb6ba6
23359 f9a127b338d6b493
23360 aaf5bda2db4563e0
23361 8b0e25cb76fbc675
23362 2cd58b9f8352765b
23363 4b475ab129bd41ee
23364 827ad9604ab2938b
23365 8cce4506d3e5081e
23366 37b8827a52f79a0e
23367 68a44e092b0ef5fb
23368 85591b3aaf6ec159
23369 91c9a4c685bab294
23370 38aa4225ed7f30ad
23371 629b85e225d79fd8
23372 dd8cfdbe85718b23
23373 37eb9b215779a4b6
23374 d2214cbb42182d36
23375 e82bf7e3aa3bada3
23376 edab0d823fb355f0
23377 3b3ab62298e3a005
23378 c8df8d1446c2d06b
23379 5ed8cbde552a8dfe
23380 3f0fec88b753627b
23381 4d6dc2328775b68e
23382 4a2b9c33c5117b9e
23383 e6a7d8eee642f40b
23384 da8ed02aa13c7b68
23385 f3c4f9cf7ac2a8fd
23386 5669441ebfe8d783
23387 f48710dc84cf2f57
23388 9f4f57980e015c1e
23389 074b793813c4adea
23390 c670e5977a0a50e5
23391 abcad415afa4e050
23392 8030c38d4de735a4
23393 6adcb2591604d7a9
23394 13e89a4dcb17839f
23395 97cd092367ff0692
23396 ce2a7710d9cce8ab
23397 678bd858cc97823e
23398 5b38a30c2238a7ae
23399 0d0d9512bbad071b
23400 6537fcea1cec4fed
23401 44f52db227c2c418
23402 5049cc5cf8bdea8d
23403 5fe5026102316cb8
23404 27ba8e3225090603
23405 98b43e29e379cc16
23406 b08ba7cb8145d196
23407 1d90685f53942e83
23408 d53f9eef29ff8fd1
23409 cc64de465f41092c
23410 206be12abe717451
23411 f685eb9aa86a36ac
23412 16b8fac43ffc13f3
23413 a58271436885584e
23414 088c1a717a3933b1
23415 1d3c0d7a3f5b5844
23416 bb10a5cf9e1d2a98
23417 df269c07726f09f5
23418 1317b0447da1d118
23419 d85cc16b6ec74d75
23420 f04de1235a3fa556
23421 e83bcadf8d0028db
23422 c71d464367615489
23423 2e03ae6107c0fc9c
23424 70cf76f21147a2e0
23425 abba86c46e5b0d9d
23426 15e39e56b7972bfa
23427 7a3806db2f01e27f
23428 ef786855b29ab8c7
23429 0480be3439118a62
23430 107aeddcb9bc1a95
23431 2757f1e32370d438
23432 b30f110e04991482
23433 01f301a10ab55767
23434 77c6c30d584b94d6
23435 f25eb13176007b5b
23436 0775d0bce803773f
23437 c42abb03260d71ba
23438 401715a76deb0cf4
23439 5e3e5612e333eca1
23440 5b6d8b1bf1f71ee4
23441 d22d8f822861a051
23442 1926fee2e83b39be
23443 a44dd77ee6c0b623
23444 dbba908a3f52a177
23445 dee6fe7c58074dd2
23446 4644f73db8f0d2c5
23447 297e9c0c056d8528
23448 ed5aa1c086db5672
23449 05ab008790070936
23450 9aec21319f220487
23451 fbcd3f951987c62b
23452 f807ec58f7a9c26f
23453 d5962cb9373f396a
23454 2f02b3f240c8304d
23455 9cb2f415143dd250
23456 37b88d4af7c5c7fa
23457 6c33194792326d7f
23458 731f22e96a19f3da
23459 b409b64b0592c55f
23460 f635a4b7e5f74504
23461 407aab265934da71
23462 115c160ec7b28e01
23463 c39de5aad57fca54
23464 3dc07b85f5317436
23465 effe5cdb7425c13b
23466 2cff1da21e446bb6
23467 5c4a0522bfadd0bb
23468 766377f080ef589f
23469 627248c575521f1a
23470 100f0b54d5053da0
23471 66f58647a377575d
23472 59bc8108b197f544
23473 d1a7a0d386869eb1
23474 0735bd1b673e449e
23475 fe43a3d62738fd03
23476 9bdd79d6c1158e57
23477 333a304b782064b2
23478 401eada5eb1f79fc
23479 bfe7e109af9679e9
23480 3acd83b5a73518d8
23481 7c03adacfbdd3c35
23482 97a6fa091dda0599
23483 cfb94d9175d395ec
23484 36540b71569943cf
23485 0a705dbad360724a
23486 7e794ac41c11b02a
23487 096030719ba5a82f
23488 4b4aabf4c88b3aae
23489 bd432c49e16a6953
23490 b33240cf97402c54
23491 1fe889180b378301
23492 7479035288869c07
23493 f40e4ed51b761fa2
23494 24e5cc869adcd392
23495 b48868a04724bf37
23496 0aa9f5e9c128069c
23497 97087d4371466589
23498 260e9f30f14bf66d
23499 f052b7ab14473ff0
23500 7c2088b8cb10e32b
23501 04449be640a5d026
23502 dc33385ccbe32b40
23503 342cd07f376ebe7d
23504 63feb839a234cb70
23505 b7b2344d55ef42ed
23506 af273a7e35441a45
23507 8589bbd6845603a8
23508 03ae079cacadfbfa
23509 790d0bae58fdb67f
23510 55dea298a2096c56
23511 5378c73c05168f2a
23512 bcd280166416c409
23513 0083a1e969b99595
23514 44458934ba05c85d
23515 7cbe224c8be9aca0
23516 31bd039dc9a3c45b
23517 827c11e0c968d8d6
23518 e857ed83130c9830
23519 aee6d655380828ad
23520 aeeb4706e753d700
23521 a0d2d683308dab3d
23522 6ff6290799ae9df5
23523 6ccc42e807be5798
23524 88e20bfb4cc4e183
23525 53ca9db38f710c1e
23526 0c9fa436184668f8
23527 60a045d175071155
23528 7c2bef8629e1c07c
23529 2f68ba0f2a676a69
23530 7bb9cf7add6ac2f6
23531 a8e69a2e2e76cafb
23532 9faf6ab26e1063df
23533 82631f94ad91f45a
23534 c89ffcef7ea4e994
23535 d614f642afde0041
23536 e703e81d97a322d0
23537 e716a699de27cccd
23538 b1c096aa423fec25
23539 132477d2131bf608
23540 cb4035fba2400cee
23541 5678a95daf877693
23542 626fa5255f7c1eb6
23543 16147e3283bc8bbb
23544 3d54e5cbf4535618
23545 45599ebde716b275
23546 7317a908b9b14abd
23547 67dcd47affe9d680
23548 d0c8360a80dd6102
23549 c6829301ab10b9e7
23550 408658181488b56a
23551 467527b6bb220c6f
23552 597314dca2598b7f
23553 a41896f1dc8610fa
23554 d4d4d0792fb55d55
23555 f1cc14cb9bebc8f8
23556 cc281c4501e8b7a4
23557 ade3bcfc201e5211
23558 120ec3e2837d3c4c
23559 355a973ecc74b0f9
23560 d19817eb474ef542
23561 2c48006a735a3a67
23562 426764464f9f5ead
23563 1db5c97498f60a60
23564 5a02d8d3ad999fcc
23565 4429024be0895879
23566 385466073ff6fc2e
23567 a8bd299f819d4fc3
23568 13075bd23756126b
23569 d7f7effc949ee456
23570 fefb54e5faa04311
23571 a2f76a07818fa1e4
23572 6b3d23822cf7ee0e
23573 f13e9e54c843358a
23574 6fcc637ccec06cfb
23575 4cb85df758ed6fc7
23576 c86c8b3b92cef383
23577 e0cb11589f340eee
23578 e147dd74367963c8
23579 0df53b273b021455
23580 a3ce8775141e20f8
23581 b047913a02ff5385
23582 bb4ba9ffa463890a
23583 56db8df4beaff1cf
23584 4e94b03a1829081b
23585 6879e2ed14821346
23586 c67f842dd1c022c1
23587 32e880432aeaadd4
23588 922c6c4fc9c13fbe
23589 73fce29ef32611d3
23590 583f75a5eec47a32
23591 b5180aabc913fc97
23592 917d64edcf14eaf3
23593 e57d70e11d6c88de
23594 606fdbd00f96c069
23595 161f33cadf17fb7c
23596 7d424507e584fea6
23597 5666d0c7ee2b707b
23598 db3f27da2ee98e0e
23599 3908422e882ad223
23600 c7b24e6f8a7430c0
23601 390a98eb9bbe4f8d
23602 0aa22e54f2c529a5
23603 af6c888cfb688798
23604 e4e1b36a9d2fcb1a
23605 eac840928187a05f
23606 5e27d5d98882ef02
23607 429aa2edf54fe727
23608 751c17e849066d63
23609 20237b3fffeca94e
23610 5875fbc6f219d18c
23611 c4610251d6821339
23612 d715dd2cc6267b58
23613 a02e181e2adf7465
23614 6e34c93c66d8abea
23615 42068f09eb0231af
23616 04b7d190b90d907b
23617 563cbda8ad84cea6
23618 88ee7c4bf1cac5d0
23619 e83079091f4f6b9d
23620 c85b7cfcb1c086e4
23621 6a027864b1b41d11
23622 cf02affa0a7cabd5
23623 a7766fdc82c91d48
23624 048d974dc362fed3
23625 b5726677c597a6be
23626 95b48dd41073a216
23627 70882a4b0de41f2b
23628 9e4749119f8d4992
23629 dd44911438e8a377
23630 054dbb743d4ac070
23631 0b959610013505bd
23632 79ae3b82c189eaab
23633 0a51b099c2104596
23634 1c13e556e9e2633e
23635 c80b5acf2b5271ba
23636 99d33fa29d32f1b9
23637 3f769831ff3d805d
23638 3f1b97597189a091
23639 6e4970cd49c63a64
23640 160bcf9046e98cb7
23641 8f580b0a5a6f66d2
23642 0abbd1c3942846ac
23643 612bcc7e6875d9d9
23644 eb65732b6cd1329c
23645 4e091c538b08d509
23646 934bfdb56c2c9f69
23647 17222167c0dd0a7c
23648 2297ccc96113be8e
23649 85119e5edd626da3
23650 eeb87f1f15c9df9a
23651 9fabe34d353381df
23652 21cb43a5d9d7e5c4
23653 9c73488a19295f71
23654 c203bc6757bfc6c1
23655 7e41486f5a4f99d4
23656 d594886d7022daa7
23657 e05baa9dc9577382
23658 f08ac42e14cf565c
23659 3c0443e14d5175c9
23660 38060f954ee5ec6c
23661 613ae29d493c5899
23662 4e8b8452e2f13d19
23663 d0595123f23863ec
23664 7d4571919542314f
23665 300ad6551b92918a
23666 4a2a2497b140d5a4
23667 70826023286180d1
23668 4567f50288aad7f0
23669 bde07ed3fcb9303d
23670 3423a9ae98c7de42
23671 3d3f5047c2323f67
23672 4117fdbad76cd9a3
23673 a01f34582bb16d8e
23674 45bb4f93a761cbe8
23675 6c8873fce8abd075
23676 31a99601dd3a84fc
23677 97964f0a4e353de9
23678 abff4163a6236cc9
23679 d68fa06bee268d5c
23680 6dc8f26ebb95755a
23681 22eff6e2f017a86d
23682 d89d198182d4e873
23683 37cc5305262a9486
23684 754a8afe71c806e5
23685 2b2ccf7841004a10
23686 7417b897637ded64
23687 d49cde64dd1bddf9
23688 b7a93fa19b220d47
23689 b284724f4e32094a
23690 17bacb18e1fc1007
23691 05ed36ac083b2d0a
23692 2b88ca179375fbae
23693 4eeef54711ddcc1b
23694 89b405fad84a92dc
23695 025e4d04adccaaf1
23696 9478efc5a1dd5971
23697 8f80f039802258f2
23698 9993cab36886a70f
23699 9a7632457ce0ed63
23700 6e47baaaf57d1f7d
23701 da91bcaf152cb791
23702 40211ba71922ef43
23703 fe4cd5cb35217efd
23704 749635201e37a306
23705 08541abb24aad8df
23706 8cee844a11e3198a
23707 973f3786859c9c87
23708 e1ddcfbca4caf8ce
23709 27b8260b338122bc
23710 4b0b1d70dd38c8ae
23711 32c231ef6024bed0
23712 c314de1670bb7c5f
23713 d63b28b813074005
23714 392aa4ed2ac314a9
23715 9f8cfcfb147148ab
23716 ca112a82f5882e0e
23717 613718a8ab20913c
23718 9e6570d857a70e43
23719 e0a0b57621b0e494
23720 ee702131172f09be
23721 8e6466c2c3a9a6e6
23722 c00103394f3c566e
23723 a579d578af18b58e
23724 038e15df75175c55
23725 a6673a87271a36f5
23726 e3c4b396cd9de1d9
23727 495fb4f92aa80c29
23728 3ee3e359e3534600
23729 6ef978b751ce8944
23730 ce2c47613654e6ee
23731 26fb14fa5189712e
23732 485d2d9599938372
23733 b812b4dbcb7e76d4
23734 ee23e5fc8d9c5f7e
23735 e19d336c509469c8
23736 43f5c8fbbf2ce3df
23737 ea4b50dd11bafc55
23738 684e7701200f7215
23739 af6af19209414df0
23740 fcd7d061e67613af
23741 c07f47422b31f593
23742 16a8f5a420fff010
23743 8b1d4aa155459adc
23744 2434826a59182f79
23745 389f85f8c2f97ed1
23746 f2a2eed682665fd8
23747 208e6f0b0449975a
23748 078a55181e978b2f
23749 a4b2f117760d0925
23750 1d6198237f0fb4fe
23751 b0088c36f3ec7e80
23752 ae9dd44e28cf00c0
23753 f0ef085b9d317291
23754 e63ef4ad4d2856c9
23755 a784d6bd73c96161
23756 30950618719145c2
23757 c830e3c3ee0f2a8a
23758 9e5b1e1c7fce76c7
23759 d40847651180605a
23760 9344786ce6e755bb
23761 b89708e1e0432a74
23762 3d3038f8b7eb68dd
23763 fe2465b55a39b333
23764 da7ea5a787c812cd
23765 50ee844d99d15f2f
23766 bd83ffde6950a402
23767 a36aba84854ecfbf
23768 e6348a0db2df9625
23769 73c607647a55c2cd
23770 f03240a7cba97171
23771 a7e8fbc4b2e54b21
23772 e0d5f3686494faa8
23773 9a70334577207ad4
23774 01676af901a135dc
23775 408985c8362c6dd6
23776 2ebfd0b9207777a4
23777 35b645264d8ca7e2
23778 44063c015a67254b
23779 3a3ac8acff8069ad
23780 dfcbd826569cfbcf
23781 316e41934b8b01d2
23782 331b5100ba7d0a97
23783 01eb5c3b0fa31f4b
23784 0109f15897b269f1
23785 c638cabf26060179
23786 6b3337e366a074c6
23787 d3fe967ba847ef56
23788 8ee1fa6d6a7a6c34
23789 28c7fd93b1eb4826
23790 9393fbbed5264f72
23791 a0b035033fd74130
23792 b2218c1e54091836
23793 98ba0eff7679e360
23794 3c97c656988e587d
23795 f0e137f71f1ca554
23796 dc7172834f537dff
23797 76c2ffb652a27e4b
23798 e9e0a37d03d9cb0a
23799 6549011208f00352
23800 bba1ed4151114830
23801 e5e2f8600ac41cb4
23802 7ae32a94471dd5f8
23803 a73f1bca2a82e46e
23804 39fe122d95c584e4
23805 3bd9c98222a2c0ee
23806 89f9c6060d80dee1
23807 205e5629a5ff3abf
23808 41607c8743512eff
23809 75916bf815dd2fde
23810 8e4f8ba749ee95b6
23811 5c6833b8324df35e
23812 ab6105deb22029fd
23813 08b73f171f30c425
23814 3e7285dee63cf718
23815 ff84266f3bb0ffbc
23816 cce53300bd121dc5
23817 f05fbbe68e265f0b
23818 a7f51ba371841136
23819 f735f8cc0c439888
23820 0fde0cf27ad7f683
23821 5551d53df57bc9c8
23822 43a63d22a0368ec0
23823 19dc50ef8f950d0c
23824 3f1d3386db6a81a4
23825 0560016a6d2f5e98
23826 d5081e792137fe43
23827 5caf73de71becc47
23828 c0cc0cf0fb2c08aa
23829 974f8626ec5b7aa2
23830 9c51bdda03efeb53
23831 cf9b4911b94421e9
23832 210465b5acaf5070
23833 72a8e1bd8430d3ea
23834 258a413b05e62044
23835 f7f43644eb5e4e02
23836 142b1d4fb5c15f4f
23837 7f6465d1504f7ede
23838 851ae88cb893e194
23839 5eb086e18cd2f3f0
23840 83e0d49b2cd4e92c
23841 78343512e114fd58
23842 829bab65188e85c9
23843 713b4b105fd96be9
23844 0229142203b8017b
23845 9a51fa9522f47ef6
23846 d617c2d423f4e854
23847 ad4de806803ef04e
23848 89ef65cbc869f863
23849 2f82422456fdd819
23850 095a2799e97ad353
23851 78b4ec0db9e7e912
23852 69fc90612e7e5234
23853 ee34ebb9144b5584
23854 8eb68023d3aad8b6
23855 a15bb955984b72da
23856 7c765d62da041799
23857 3954c41dc973b47d
23858 7ee860c50fbb6a63
23859 5169b2710e8e1f9d
23860 e3c157a4e576d728
23861 7bd4daddb252fcf4
23862 7b3397f9c0ae5c0c
23863 3e59236c710e95f0
23864 1137152d9745c867
23865 00067f6b1e75d72c
23866 1adb9287392e4eb6
23867 1e606c30e0948b4c
23868 3648c6269d63b26f
23869 fcf164454be91925
23870 6f701d5d9ed991cd
23871 94bf88c053cb9153
23872 4da06b207f82e7f5
23873 0bf0c42da70ba9c9
23874 b0d7e3f665456d95
23875 fb596c278828eb61
23876 20b51fd965a67aff
23877 4ba0e15ac3ed8ddd
23878 3e3b1fb26f5d15ad
23879 893794f2086d4fe0
23880 3da85907a1e4ab50
23881 11500faedd5acef8
23882 06cfe87cba43f743
23883 06175b046b7f90f5
23884 6d055f201e21ed30
23885 0ddde36275ff4c4f
23886 0d7413f82b38076a
23887 6862bb5c4e436d26
23888 8689ecbbcf27b885
23889 1ef0204fb44cf225
23890 0bf2c5f2bfe04548
23891 1463b33a0db76220
23892 a9120311344485ae
23893 e0205a7388c6e6cb
23894 8bfc6fc57cd1ab42
23895 f935c70a98367280
23896 255637e7539c763c
23897 af61a2c880500fca
23898 0926f99cdfdd047a
23899 a824b3816714ed3f
23900 e083002b3d101d46
23901 e21697b8cfee52c8
23902 e77b4937e86d26d7
23903 bf0f47c0d5ef07d8
23904 908021e77303f0b4
23905 9674df93c83a43bf
23906 229661e315c5972e
23907 c27582d560ff4ded
23908 9762c97fbbe5744c
23909 4805e9940d8674fc
23910 0741e6b222999a86
23911 de24e0e5c1af3c84
23912 cc3f4fb23c647cb7
23913 8cd2b9c2d1ecf6df
23914 cb63d307227600dc
23915 f3f29cfdcd05fc3e
23916 4838e6053c9ec22c
23917 6420145af776e141
23918 64eeb0dd3a39adbb
23919 96aba1f212b94cf5
23920 774e6a15a9df121d
23921 74a1debae8d6b67b
23922 fb83d2546a6d2d49
23923 dae5707a7068ae3d
23924 765ca234d7384776
23925 a8ab3e46184ac6f9
23926 229e91d9c96f835d
23927 aa25304daec81fb1
23928 f3a73611abafa91c
23929 a092eeb7b2f59360
23930 4050f6bb9e0dc52b
23931 c50a3591b0e36ac9
23932 2777036c422f995f
23933 058fb2d193b96e70
23934 1acd7dc986b402fe
23935 1b07113b14d7c42a
23936 67dd2fbf57b741be
23937 f51ac2b1df82034f
23938 99650c3d07a1255c
23939 beab6b54c11112b3
23940 aaf6beb19704aad9
23941 b3b40c88739c82f4
23942 d52de9b13762092a
23943 574f3919c279bed4
23944 c44d1fe5bbd9dac9
23945 1e1a72fde34f0f26
23946 4a7530098dc4f126
23947 1c104e20cabb73af
23948 54cb86039a121599
23949 0b5e8aaf1736149d
23950 8d64909db463eca9
23951 89554ff30f9c57bd
23952 0e2826476895a63a
23953 7f7685cc888a5ae1
23954 5f473ea4533a79e8
23955 230bd61421289ed4
23956 8886b481be5bece7
23957 11a82018b26f1920
23958 81701d5a74774579
23959 03a018d62fab23bb
23960 9497b1594cb88766
23961 1e3490e569fdf8f4
23962 2a68ade7f1d0e2e2
23963 4f039c21fa86651b
23964 08cfa984d50cb36d
23965 2d602c17feac8eaf
23966 3d393ed30dd363a3
23967 794ab67a8fe439a6
23968 4e7fe8a32858219b
23969 30b31b73842abd7e
23970 d9004780f1496fe8
23971 dc81cf0edce33eda
23972 d019c7b0344fcfc6
23973 69f3711875266f1e
23974 1346afb33a6970af
23975 c262eee1f7e0bb7b
23976 cbefd4d472723f22
23977 7cd6fa24f4b58e7f
23978 e4f0720dc42eeaea
23979 e5997d2edc135225
23980 8e5b3a40a16a1011
23981 bf6fe64c8668e763
23982 5f340c6e79709815
23983 7f8634d0f75d74df
23984 14fd18d37e218729
23985 11368d2e7920cba0
23986 f55392e18979fa6b
23987 9f97a6fa79b56b4a
23988 83411a42a111002f
23989 d5b490f31fef2722
23990 7c876df0b7691951
23991 f14003c12ecbb3bb
23992 78a9a9024aef9703
23993 754ba62fa929a46e
23994 2717a04d61ba6617
23995 c3189f1230d6e59c
23996 40d5c76ac12b9f55
23997 285bf5ca765dfb41
23998 eab76114b5134018
23999 36251daaf4f00258
24000 cd2487c1465674a3
24001 2f4562b47ede6fcd
24002 a001fac6e63f7cd6
24003 d86caf21840bc5ad
24004 24586144a460fb22
24005 8d2b44286f2ee988
24006 56261dace092ed4b
24007 99cf6bd31c9518dc
24008 99baea1567a2ec84
24009 c47b9aaace84aa37
24010 07d5a1e7e821ad4d
24011 ca63bd0ea0b4e179
24012 eb189c379e750148
24013 89b4031a8bf72e92
24014 1d776b29a1e85bf6
24015 4880e28d01b1f174
24016 9f4beb4de5266117
24017 614a1d507bcf850d
24018 f20c24122d328d0c
24019 e04b2bdf35bc293f
24020 e747476085438609
24021 b0c26b66f1029aa9
24022 19534b9bea6d6425
24023 1bffb0188ae8312c
24024 928923f9d239b979
24025 1decbdc8d4dc21dc
24026 67e910f7527ef04e
24027 e83781c52e090b20
24028 909fe760df558708
24029 7764c9ace4d03fee
24030 b222f70121e9bbd1
24031 8e1a370962328640
24032 d70697af12b7f884
24033 98d44b49043cc23b
24034 a3cae2e6b8e6da86
24035 a39913a491df45a5
24036 b56204a59bc5047e
24037 02fa28ce976217e4
24038 a4c605b06eaabaa3
24039 fe556cd6782a2a9a
24040 7f420052f8a8f82d
24041 bc4378fdc54c0726
24042 94c0c8a89bf170ac
24043 77c8a7edfbeff994
24044 0ee35e315935e976
24045 ca01405936649259
24046 ccbade7a6d22f9d8
24047 3189286efc8fe4ee
24048 299703f4f8ca9aab
24049 604912ea59dc9b06
24050 31735064cf520ddb
24051 3cd522d5bc5d837e
24052 9cbddaa7072feb4c
24053 dc4c193181ed78eb
24054 907b468e945f076d
24055 c888554bb301eaf9
24056 4b965ec6a39f5073
24057 f4f7f1be36f21276
24058 a0b191b7ddb984e0
24059 11fa6f5a6a0fc7ff
24060 0a9cedd03e86c612
24061 6f5f656b2e1836d5
24062 b88576e7f7c27999
24063 ea3227a9df3a70ed
24064 c1554791341a445c
24065 6d82e767fb4a4f4c
24066 2bda28325a41b1c2
24067 14a9326539375c7e
24068 23dcfbb4fffd4fc7
24069 b1ac89049228b32b
24070 a3330610dcc1cef4
24071 06f3e3086506e4ca
24072 84ad9cb28de197f7
24073 ad9997721eca72f3
24074 c7b5b3a9d57af773
24075 000fae63c335969a
24076 e38b789e84d89400
24077 65f3a2b7b63e61c3
24078 a3da8bf7aa5c6760
24079 9a434f0cf2dc4b2e
24080 b9d9aa63efab2863
24081 74243fda7ca7403a
24082 9cf0eba665e8a745
24083 5471a247a28a944d
24084 d1c018cf1afa5c79
24085 eae590c4ace22dd5
24086 e5cf6038468ae649
24087 d29b607b1d8bd619
24088 c50c82e3746d8923
24089 02489bff32d3e26e
24090 fd093347a4bb1e36
24091 011e2426f16ac9ea
24092 5c27a54219e375a8
24093 9059ce986f625904
24094 3bd292fb403ef365
24095 6e510883c6cc298b
24096 45fa3c616b7169c9
24097 17a550838236d057
24098 53facd79a018d8f8
24099 22bc6266a773b2c6
24100 81c5dcd9dd1c0203
24101 b8bb702ec82f2f19
24102 8afd2fba979f3adb
24103 d2130fe5e07f9d09
24104 47353c3912e38e49
24105 ae4870776ef1c797
24106 5af85257f1e25d0b
24107 786e39fac1be0961
24108 b8da78347eb91b0e
24109 eb0cd1145e3b8317
24110 43281cbbc0fbc8ea
24111 31312342158172a8
24112 693991da6615ef59
24113 4de9fa88b25eac58
24114 218f3bad69ce780a
24115 ee37b6fb4140d55b
24116 5426ab749b057c69
24117 366d4cd04a3ee80b
24118 67bd81511aeb4f28
24119 488e72b1761b9f45
24120 17a4fe428d83fbe3
24121 de1f32d4a5e74572
24122 78de60034c2fbd52
24123 dfa175b295e9dff4
24124 cb366f154fe8320e
24125 6dea5cc368e87d03
24126 5dd120cdccde84cd
24127 59cf7312740b28b4
24128 c75ea4bf81d61aae
24129 97be665aaae98538
24130 8cc8a0ef30e499fd
24131 b7511f649cb84399
24132 cc42bb9c9f8812ae
24133 d5dde3f3eb2b0f6a
24134 c9c3d51117df9aa5
24135 d30cd1ed5eec8b57
24136 a3bb87da2dc6afa5
24137 672ecabe18b15b1c
24138 dc3e4f22b0f05643
24139 b58f7e4ea6ff77c2
24140 c5f40c1f5d11acb5
24141 9487135ee45deb57
24142 8acaedfcc91bb85a
24143 0b6a534cd2050abf
24144 10b32749347740ee
24145 4a1d40330d6b975f
24146 4c88fd7f52362c66
24147 f94b98582ed0e5b8
24148 0e198b504e1dcaa8
24149 71593c3cebbb514d
24150 9eca0ed4a1f5a2d1
24151 3ec008ba5af73d68
24152 2e2298de7da4a3de
24153 c9ee19d8388c14e8
24154 81b6efded251c8fd
24155 9a747d66aa1182d5
24156 5802193b97ea639d
24157 a96e902d7df6b8fc
24158 2de722c9acd8575f
24159 a35c7f2ff7243510
24160 1309d1b0c729b1d5
24161 91f9ee9f65b32bce
24162 3dc0dc4aa856c528
24163 c6eb81fe17dff56f
24164 11bc598e06142523
24165 713171ccdb581230
24166 331587d129ad4aab
24167 1cf4ef4234636da4
24168 c220ca3ed12535f2
24169 6952a31368a63839
24170 cdef7aeac3fee9d1
24171 53dc25903fa3c13e
24172 9daa7f2a64d73d75
24173 be0027238c3ada6e
24174 bb2eb545df80d463
24175 7e712ea511e02bfc
24176 88070206ec0380da
24177 9d35b95d270cb661
24178 eec139ea5839982d
24179 b798d2780dd7a4f2
24180 9b68b93caf02df51
24181 45d981014f598fca
24182 882c5549adfcfd98
24183 f988b30bd6dad7a7
24184 678b7a156c82eef2
24185 5b8331529ac0a139
24186 665acb1bfb06fec7
24187 e6b24e1a4d4933b6
24188 0c650683a47c5045
24189 849e8ccfa907bbbe
24190 c53ee67a4186ff4b
24191 b06e478ac1a31c44
24192 0517f130a70a36c8
24193 afbca67a6602bcce
24194 faa38837c81e6a14
24195 df24fe94865fa46e
24196 0721f42e0ea77823
24197 3d1affc7c7c12430
24198 104d2d639dfcb1ee
24199 e6171384a39ac6e9
24200 1b55d4821ad9753c
24201 02a54dfef9e9017f
24202 a8f74e3ca849aedf
24203 1b4ec021c7b0bbc8
24204 bdfd5463b0287f87
24205 31d35c75615debc4
24206 8f415ba738f272a6
24207 e40b32e0a9245a81
24208 1c102ea9dc8e1229
24209 4bd7314ba328f322
24210 88ae0b47c28f44fd
24211 498c523db9cbd022
24212 d0c877f92bc44a3f
24213 1bd9e6a123e30bfc
24214 e1dfed7b61982aae
24215 f178b09ea7f18ea9
24216 fd48627c455f4c1c
24217 9a7694bab3e5975f
24218 3df9dc86261c163f
24219 2d759f1dc79716a8
24220 e596b5e4f9cf6fb7
24221 39c239b2f5664334
24222 53fdd7b6928b3216
24223 e57304d0ab249fb1
24224 b8dc634bd4719444
24225 5c276a2e673dc087
24226 738305b877eeda80
24227 c042ab7e8eb5ac5e
24228 17c95bc66939668f
24229 762f84e00e5bf30a
24230 ac96f9d6af885051
24231 b6db814271c3c3cf
24232 79bcb2d2be5de77b
24233 908ba9d4d5c810e6
24234 a7f0e93caffc2a80
24235 17e0a3f9a05b155e
24236 071533dd3a37d6e4
24237 8f427eec09490b89
24238 b2ccf00840955d85
24239 dd8ece29ceb45d78
24240 d24a3ff7dda66379
24241 d824c5a4bf80a1b0
24242 286c1ef02586f4cd
24243 55d9b5181d272de5
24244 bf6703a04b08c732
24245 f4a289fb3120dd95
24246 9a574a9437e7207d
24247 1de9bc8162d99a60
24248 a4555ad00212cdc9
24249 452daab9133afd74
24250 0a2e9bcaf24c7f9a
24251 15dafff20eb7126c
24252 d2a3d9767af9e030
24253 0a66a534d02167b3
24254 22dac59d407d7f6b
24255 b1f6f6d728c5d8f7
24256 db01745fe3531364
24257 da84d67d838ac660
24258 a6587e51e8a41d4d
24259 4ce23b3062b597c2
24260 7d78463c4072a5d6
24261 2dc4f87247cfe3eb
24262 c3df258e374f360d
24263 84bcd05e3d3f3ef0
24264 6612ca86f41c67be
24265 f602efe073863aa6
24266 1ac3b3459354f7d5
24267 87cb6d32990cc9b0
24268 b6d7c5c542d14de7
24269 abc42ddbcd343122
24270 b533696ffde6722c
24271 87fa7b4e7dcc0c35
24272 82d66e1d3f7f048d
24273 d4e4652e5d5bd616
24274 c77ea0c88ada8be4
24275 5d0a71b286d8d9d1
24276 43fa51c8062d27d6
24277 b3e87cba6a76326b
24278 a1631e15c00fe379
24279 13b3aa78d3cb92a6
24280 8353277a72f6d646
24281 eb56a78e362181c3
24282 80f22488331d383a
24283 10b0b55d910658c7
24284 ad5017e04e715c5f
24285 d1631262df34ec2f
24286 f67a33cd3ee5a034
24287 c22245dbdbeaa091
24288 b01e45eddf8470a4
24289 af8dc79889a2b629
24290 1c01617b62a9a293
24291 80978318cec463dc
24292 b91db1d16e05d074
24293 91b386aab03f9299
24294 b10516f03b4a7130
24295 c86b59344cef6011
24296 1ab7b0b64e631bb9
24297 2df50b3b7fe7ad23
24298 a159a1cca281d30e
24299 454d89c6cabaaa8d
24300 a7b19351ef56193d
24301 23a7cee2e6232aba
24302 415363f177296cee
24303 ef702e4651f57341
24304 746066df41ec1963
24305 42076055630a9cf3
24306 c42b921a07f47a76
24307 4c6062d07096baeb
24308 e80bcb9b13fab1f7
24309 09a27c5c86b6cf66
24310 7d938f849c026e91
24311 30a4cbe41ca746e8
24312 4b30b68faa2c447f
24313 37a5b9f31aec2d55
24314 453c1486ddc212b8
24315 ab86b1c69c27b2ed
24316 c15f62891f9d79eb
24317 09161b9a0519db83
24318 a9af60450536285b
24319 14677b9e71e2f3e1
24320 f712dbd9693b0664
24321 d1ae096b9ca3be23
24322 fd737572cf1c0c07
24323 31503313a27f3c68
24324 47aa26baf4b7ca9b
24325 f6eec3944aa15cf0
24326 c6fe1c9e23a0ea4e
24327 9af57ae40ae9ef83
24328 b82e4588ac46950c
24329 7a5b07e97a68eb15
24330 39da053ee710fb90
24331 1c2574486ff55269
24332 c3f3ea2400cbec65
24333 73dbfbfcf94ba566
24334 1c62899bb7e39bde
24335 4430d8679fbbec19
24336 6014d454758b5588
24337 57b66855003cac25
24338 bc81405a774f96c2
24339 8a407e73dd4861a5
24340 9b02dfb456ea7ea2
24341 d26816c9430a87a9
24342 611ae1181f6c4e11
24343 a35cc86435a1c500
24344 a3048e7ec2675483
24345 8022cfec498ff7f4
24346 b8ef0320460ab504
24347 4644a4870a402b37
24348 e8ad4234f19d1b97
24349 c836d89b22af27f6
24350 aff0660706d8b579
24351 7f5f8f47757e048e
24352 872ec630c3f055d7
24353 fce460306447bc2a
24354 7f4f1eeec143ac50
24355 0760fe55d4ac0017
24356 8e8b48f47ca56302
24357 e7458ee606c059cb
24358 e7f5156f7b13e263
24359 ab7f532ba7bf5fd8
24360 04e8ef63e369f163
24361 e01024d69ecdc956
24362 ebe0573951b2411c
24363 50d890fc63292917
24364 c15222b845af3f06
24365 9b43b0defc9b3869
24366 375aac00ef224dc1
24367 b638c35d80e81688
24368 8a689c85641bb993
24369 56d650b831ff23df
24370 51e82de21a7138a1
24371 dfdc0f9bc922065e
24372 0c996b8bb72bbb81
24373 9936d746f2527a2f
24374 0c3de8d1f77e0f04
24375 34eefcadd83fa805
24376 857560beee115c5d
24377 9b6c0260298fd286
24378 7aa5583d71c7df1f
24379 3afac4a1dba4f7a1
24380 336b5c2bcc08e184
24381 58ff796bfa37c73b
24382 96b35fe0428de968
24383 5a81b3195bc7325f
24384 fbfa8513926e241f
24385 b24abf827e789168
24386 76e30d5a4711c67d
24387 a491818bf3044de8
24388 aab3f541026ea928
24389 c9d05dfeeba236d2
24390 82fcd9841421d803
24391 b03c01602a91d63f
24392 046d76b494195403
24393 a16b4ca437e500aa
24394 6278956ce0ed1c49
24395 54515e331bf21c70
24396 ad757e302c4b7f33
24397 57663d8350fdcb03
24398 1c669d58ff12d396
24399 a67de7eb50c02040
24400 a83c124b0eae25b3
24401 312cd1f3eef74f03
24402 aea60c4cc2be6899
24403 272a2069ffa6b4c0
24404 a42acaa2f4f64b73
24405 6867e19d8248a126
24406 53cad2425152028f
24407 b6659e1d0b3e6b2d
24408 001475e175aa8199
24409 1cc5452b462874c7
24410 5e5c0e0cd6400634
24411 9a824ee7e467a129
24412 6b0e6244393df45f
24413 917f03bc14257289
24414 6d9aca10d6a47cca
24415 73d4c50f3ff0805f
24416 57e146778c9373fb
24417 1e8e9ddd09d65112
24418 254b59d20758b8c0
24419 1091638a2d0bb821
24420 09d715f9b823f85a
24421 f464db132a3fdadf
24422 568965b900913da4
24423 10b54e73e0328259
24424 a49460defdb8f01d
24425 595fa9515b130676
24426 60521a92b5af4605
24427 defdfafe2b5b76b4
24428 4430bc912d8cdad2
24429 775c97f286e9d56d
24430 f18e30a53c4c623c
24431 a28323952310f499
24432 a81e7b5b95d57259
24433 a5a79d60b4756c6a
24434 e9be63233829774d
24435 58a4f4e589848434
24436 712d7fd7c159900a
24437 ff19266edd675c3d
24438 5f8a65e9233d8564
24439 e4a64542e1f25449
24440 43315122149a3af8
24441 07eda751eb8f5424
24442 9c71c3e950a07cd0
24443 d4b1c182c3475f6e
24444 1f31915ddd90ca24
24445 cb9bf4031e7dd680
24446 528fdba50088cb83
24447 3e04ce9b31afb56f
24448 267e6b98292ed863
24449 1f586824b8915734
24450 4ea51ea9bb555eef
24451 50d06f2dab9a385a
24452 6b4e8d75ca0f50b1
24453 1c4abcdc5ff844af
24454 ba1f0a4861e27d14
24455 f960d38431a6df9b
24456 d5f17ebfe722192b
24457 cbdf8dc5d4d08a74
24458 f7f4c438442a8ac2
24459 a8eb6c2b3127b41f
24460 bd2327aa3b82bd20
24461 7377300ec8927281
24462 70aa57330e391117
24463 887eab68d6429fca
24464 a6691982fd669bbb
24465 4cd7d2771aa3727a
24466 555f6146a18d3090
24467 6520d1653163a991
24468 3cefc6e993cdb048
24469 e588b6b4cdd0053b
24470 c9981a3092bf1c2c
24471 a117f5ed5be91417
24472 c58d49455c9923a5
24473 eaec9e5326b3d022
24474 95ae206736a46296
24475 6993c70f7dce2559
24476 9f93aeabbd18a53e
24477 e0e43f4d29792c3b
24478 deb621b4d5c0f9c6
24479 f8f039a68f2fc645
24480 ff8c46ba6cf0f8a7
24481 0de53220a41bb9c9
24482 d044b44a85c027fc
24483 3df70708683d1a5d
24484 f1ea6d1b1cf274c5
24485 a35be6f48c04d578
24486 51c39e13380d4e45
24487 dd70fe725a5ce136
24488 292e71f4f580d25c
24489 d9e7dddd68c08147
24490 14444af80efb1046
24491 b55045a4e0379761
24492 a251a03b02cfebea
24493 887b22b912760958
24494 425597305ce8cc6d
24495 0213b769ddbf987c
24496 504b3863a3b123a9
24497 9117aa3203505eea
24498 fed65036a287e21b
24499 bde0406927751760
24500 8e7c3dddb0b068ef
24501 e30a25095e74b450
24502 bbf3868516ed50db
24503 1ef8ae9a1ededc60
24504 32f21ad7ac6312c4
24505 f3b034479085e556
24506 79f111ab2894ff36
24507 40d5633d8d1d854b
24508 2a7071f987993af7
24509 4f48071cb93fd910
24510 62f35fd09aab93b4
24511 608edad2fd8af42d
24512 b827248bb50af31f
24513 d856e774d430e0d1
24514 3fa5fcfce250db43
24515 318464d4013b47ef
24516 648c850f2ea87458
24517 22087493deade1c4
24518 2108110e12b2abe4
24519 53a6beadb7455f6f
24520 3f55e6d5f8006788
24521 46009b264af19687
24522 7fcc1b26bae0be4e
24523 db8affecd9c352cc
24524 a4163fd43c771471
24525 218fb5818647f84a
24526 89e459bca9129d71
24527 9cb4a0f57f580a3a
24528 7a4498ca23745914
24529 66bbf86f10ef4789
24530 b1132786e3ffc952
24531 7aa47c44bb4aa401
24532 f7fedd84131ce0b3
24533 426ff13292ecaf6c
24534 94bfa8b2b12c5e67
24535 3ae2b2c2253f800c
24536 a4cdb9fa6d30d506
24537 553526266a1069a9
24538 f8b9a6dfe43a13a2
24539 cdf38ad8dc7c04d1
24540 70b8fcf060c631ec
24541 219d2950fbfd770b
24542 bf21784be9a2ea82
24543 e3b17ee65205abfd
24544 4d6c782ec76595e3
24545 3eaa49ad2b328c03
24546 d021fd5ac80f3f25
24547 daecffddb2e6fde2
24548 ee7c015a56f9a33f
24549 34332e2eb65079f4
24550 4fa1a9dfbe8119be
24551 c46e05208d6e85ca
24552 59189b6ef1a90e2a
24553 dfed7ca358d921c1
24554 0b66a4abebbae55a
24555 f2926a2b6ac375fd
24556 b294636d7a82bac3
24557 13cf12860871c138
24558 af770da35f6ed240
24559 d1bb7121da403017
24560 1a04409a66e730fb
24561 13ae11ff181f2a33
24562 620140d10f746f26
24563 fd2c048b42d173d9
24564 f29334b0c98e78e7
24565 9aaf4853876f402c
24566 bf43ad7af1685065
24567 3482e0572334e062
24568 e64bfd9738e64b42
24569 36167cee21e30711
24570 5c3ef8e1ecdf7a7a
24571 b86894cffb03b06a
24572 66b9e47d89bed3fc
24573 c2bdaaf16bddeca6
24574 0b3f7bf46ae3ce7f
24575 5960ba3da17cb5ac
24576 200561925bf79845
24577 5ebdf9183821b8e1
24578 40289a4f54b0e9ce
24579 c9d0d765684ce0b9
24580 0047a281efed0754
24581 4cbd13ab401d7a18
24582 b4a5991fecc20615
24583 db65a20718da8052
24584 3f999774315a708a
24585 1c84fcc43cef0621
24586 560034d8b10dc396
24587 0e822da307985099
24588 769ff755d46abd17
24589 1ed70bda3f9dad9c
24590 62457a34b507fed8
24591 9e0d129ff523d4cf
24592 827b267cafa7c678
24593 ab0ff7141bc44e03
24594 803dbbf29425b726
24595 b821bc2559958e9a
24596 8fb3e8284ef633ae
24597 65e055436d87fa21
24598 83d7038da3e0a648
24599 13abf0b782eb8eaf
24600 ac906233fd2809c8
24601 09e3db47bc010dd3
24602 8dd34896e48da1d9
24603 cef81c5ee38e6a3e
24604 13b2ea57d2bf26ab
24605 fb48359fa6b45598
24606 9024b1ded0648c3f
24607 d6b045789e0d53bd
24608 8b3f62b9f28d96ad
24609 fa8e7ac794463a0e
24610 851f73d6a0f094b6
24611 bfc4e4c87263dacd
24612 dfab0e92964e8711
24613 555027184a8c7616
24614 431702c5aea7aab8
24615 ebc9dc5b1a7b0658
24616 0549f49e222747f4
24617 0c03895ee579125f
24618 f9c7b5d3a3775a75
24619 7ee0ac00c0898d3a
24620 86a85d053a0e248e
24621 537725ae00409749
24622 61f23f8c125ebbbd
24623 b07b8cf57fb7cb96
24624 6ae38eab7ebfa7e7
24625 89eb76eed8270fb7
24626 013945d97a604631
24627 d626abd9c7fe80f0
24628 3d1d84512d6b8950
24629 7b9b4557b4b4d95e
24630 1f8aeaa066e8b9cd
24631 69b0da411fc63442
24632 cebcb4cae02c0f7c
24633 fb91932ce3811476
24634 5dbdd50d150f2545
24635 dc3399cfda8329f1
24636 3fadbb8183d60af0
24637 31fd48e420fb5533
24638 6459dc9f6f847887
24639 3fda9fa17a9b946e
24640 5d955a8b01710201
24641 dd26d5280102ac14
24642 62fe6a77e64dfaf3
24643 5028927c68f321b9
24644 0cca7a5663fa1050
24645 00e4472ab3a8ba3f
24646 817669378a59fb0f
24647 c96a872b62c5d2de
24648 ba61d1f11735eacd
24649 54f51607a29bbe5c
24650 32d4c12b28f0eb4d
24651 b6dcb4c945fb35ac
24652 d9db973e4e373ea2
24653 f6d37d9e7bc9d053
24654 55e62b9953ebca5b
24655 222de3246136e092
24656 9d790ff2f1098803
24657 99c378356bec8f9a
24658 42dfd0bede91ca1a
24659 9282c5e82b8bae83
24660 5c180fbff3d97935
24661 6575da095e2bd36c
24662 09e18d7e6b3caf59
24663 870fd24cc27d6ca0
24664 a0dc092144f8d40b
24665 ef9e15fef9196461
24666 c8b9cee7a9ad83b3
24667 a4b9e94626119d59
24668 38bac8abf763bd35
24669 f35f86fefce35948
24670 f751fd403b006c1f
24671 73b4c141a762317a
24672 770f58c661f2cc74
24673 068f4fd2115384a1
24674 ec5188fa2fd0cb44
24675 769e7243687ac489
24676 3dd929ba41232c23
24677 85a7ae5684bdeeb6
24678 cb624a037882c55f
24679 e048f79a754e2122
24680 bc64bb67d7fb6efd
24681 ed011bc2f4c921d0
24682 4138b837cb3beec6
24683 7a09c95c0b16ea73
24684 3f2d4d5552d8f1fb
24685 ebc76770fd0d718e
24686 f6b8ca3d1647d625
24687 b43e15c56298cdc3
24688 5e4bf96790e97419
24689 e8c6e46eb57ed346
24690 59513dfb723175d1
24691 9f18e0f033ec92f5
24692 08ad65f2fcd8f287
24693 9bb0028899747776
24694 ff79f5e631355957
24695 6d51521c6274a5c6
24696 ce62a9123ff7b2d2
24697 6e638473a3cb2723
24698 7ee6108d3202fed5
24699 29b1da55880c8d54
24700 e9f023cb5910fc61
24701 e5f55a483aa98a20
24702 423b0a36c685ad9f
24703 853544b6b0d140ee
24704 f0815c52a722318a
24705 4e1d965ddca34c9b
24706 6adad6affe476564
24707 5dd3e5b819e2ab65
24708 5aaf1da36c566cb7
24709 0406bc938b94e2a6
24710 c8dcd1d037eee967
24711 4c56f7d0c7382656
24712 bce38e8458099c02
24713 0dcec0ef05358d93
24714 37f1109e30d0cc4c
24715 7f3875fde00b366d
24716 8d5ebd016f4b565f
24717 00ff38f9483601ae
24718 6adc60f41c37f473
24719 3de0a68cff1dc562
24720 cd4ba2b1906d1201
24721 70276e94a8a7cc40
24722 a65685a02c3d5528
24723 f4a715ac9555b409
24724 aa8ad4d7ccc6b31b
24725 9162bd92a0794b0a
24726 a3ad53367a5a71f7
24727 77098e6130bdc5e6
24728 52caba63b3280f72
24729 5f65358eeb59cbc3
24730 5e3f2b76daf14c39
24731 36dfb39e8245c998
24732 1d0d117df22fa241
24733 32605e2ca6b82c00
24734 6c0f1a60f3ad9d3f
24735 d2c6d1f5031ed38e
24736 5d08c651000a3aaa
24737 e97215c34e853b3b
24738 6f4f54f84c0bd6cd
24739 df3d5cb3682ec1ac
24740 8e9f4eb6513c8e75
24741 6991151b34bfb374
24742 fd9a7490ac3013a0
24743 465512130c614be1
24744 573b7552c351daa2
24745 772ffac8700db9b3
24746 624dcc151678d5bb
24747 64cb7bf5478d33aa
24748 f774cedc4c8a3b43
24749 e22b47f2912d77f2
24750 de5a4c93cf90998d
24751 c2d3bf1d6565e1e9
24752 d5d8b39cdf494b37
24753 fd3235ecd33e6319
24754 c804864748751b0f
24755 1c197dca3384a8a0
24756 a4eca545c4b94e43
24757 0dabac3952d3d132
24758 936c10ff8511c78a
24759 aaec79b3cf637d5b
24760 47027485e5965678
24761 b959c157b41a88f9
24762 05c21d449bff831b
24763 f133cc54310bb1aa
24764 ac9db88ede5a2edf
24765 81d428876d55868e
24766 0bc507f3ea5d1022
24767 35979a53597a9993
24768 da3689f4b90efbf5
24769 4de908e28da8bdd4
24770 e5a32abb53758a15
24771 7a2038e213995294
24772 918d0b0ed2ae1847
24773 1f9fd397a4ee7ed6
24774 7e077f45f68fc7da
24775 361e29413c5e6f45
24776 ed825be5313b4b8e
24777 eee2f10981eb3587
24778 2f54c9702c21ed31
24779 421b2f29bf15c640
24780 0563050b0bf76ed5
24781 9ddf1f1242516384
24782 b2c747e2711186cc
24783 4ee75a4b68bbd4bd
24784 3d52c6bbe1964a46
24785 50ed5b99fae6c23f
24786 6d3a3eef65167089
24787 7a72a604fcc26238
24788 408598e3fc08f511
24789 34b2074432cafe20
24790 773a0165048a74ef
24791 30bbc72104542676
24792 d24b2c1a11393902
24793 5e9ae091b5fbc75b
24794 075fb7a1911f525d
24795 384af4b050942aec
24796 6be603a0c92134c5
24797 fe18b5df07f94734
24798 8b2f9d19aa639a9c
24799 94274f1f83b09e0d
24800 1cc3db34d92e781b
24801 ad4d45ecc64dbcc2
24802 44172f081ff79837
24803 f03e3aa14fc1ee3e
24804 95221347dce3fddd
24805 ff50bac97d00b96c
24806 c33be8b4e22fb0a4
24807 ee2841e5d5121475
24808 d5967aa356adac8f
24809 4318a421d5c4ec96
24810 8cf154a337d25203
24811 c6cf97ca150552ea
24812 e24beabe4ed1637a
24813 267563149e48c62e
24814 921287e66a68ece1
24815 7d46c3f246ffa95d
24816 32c67f4fbae79659
24817 aeeb52e27256ed48
24818 150a3b0fc3bdda75
24819 f21dbbe784aa07a4
24820 9ed75967a961e6df
24821 37ea6f389d2531e6
24822 d7db37d419b28cb4
24823 cd4d265030966845
24824 e5822eda80a281b1
24825 1be3b12023e9dec0
24826 ba4111b1dcbe13cf
24827 3cdaab15ae168ed6
24828 8013c67428e87db6
24829 b67779a7b644c0af
24830 45522da1faf82a70
24831 6e91cf9462371f61
24832 26446647e47d4abb
24833 a77697b38413f562
24834 3e3b4e41fb20e00b
24835 bb1f9634e95aa472
24836 ea2ba0abeeae247e
24837 df3226f72731a577
24838 126087d55cdfc231
24839 8727d7e111152c40
24840 9960f66e4ff5589d
24841 544ac1f2e921512c
24842 4e281c1c82b15923
24843 2f3452d9a19d2a0a
24844 1a08be616da3e246
24845 97571ba47b9c4ebf
24846 36f3d052adbfe300
24847 ae59a45c3bc0a4f1
24848 067207f2d12bbccb
24849 820422ab07aab532
24850 e650849753936a7b
24851 a8a8095187bfcfa2
24852 680fdfc6258def0e
24853 0d3383604c26fd07
24854 96f77748844306f8
24855 0537df955c102fed
24856 95235ee8c2acdcba
24857 e1063741d019217b
24858 ced2357bb6ab057e
24859 0390e8d486e19eef
24860 e3e91441f08c7303
24861 9b710acf9f290419
24862 c174f17be3aff25d
24863 5bf2986c5e038d9c
24864 1068073c1761306a
24865 feafbe9079a0ddab
24866 ca77fd9f8edc0cd6
24867 c2de14a89ce833ee
24868 f25c4b6800d17d6b
24869 b432cf6e1aa49a2a
24870 099e5571111724a4
24871 0f126e10c9ddb585
24872 182ef28b090aec6c
24873 2cebe14bf15fabad
24874 7aaf28aa6a2ed9da
24875 689b3fef3abb4416
24876 4758fee50f591dad
24877 36a5671c8937552e
24878 41f33757afe2116c
24879 4c1198e09a0c75ad
24880 7f7f55a77d35d0ac
24881 b4be00255a9d3f6d
24882 88a0c668e8542065
24883 649d7f3e8c98a684
24884 b151c3d9c0ed408f
24885 0b6a4aadf082051e
24886 24fcb2384829b2da
24887 fae2bfe0f031aa9b
24888 53953f4e43a978ba
24889 f9ea78ebbfc8f07b
24890 38c828909f52f5ec
24891 d0b55bfe3509b02d
24892 8e84a4d9e48c025f
24893 538831ee51a924ae
24894 8ca7880c97df6602
24895 bc96aa97f604bd43
24896 69ee65d91a61aee8
24897 e155497cc57a5659
24898 8ddf9ea897fa6f39
24899 3ce6059c92239e48
24900 b0130a02321d45b3
24901 d36d355a04c33972
24902 3d41170d856e74a8
24903 c681fd36ba539319
24904 81d79d129ea477e4
24905 da41810f34e4dbc5
24906 7834bf94452c68f9
24907 023009de96df8908
24908 f4b9273ad82e1d96
24909 e6a653b917c60b07
24910 c37c72739563e29e
24911 9d35cdf8fb40710f
24912 1d01ca345ad5dfa4
24913 2ee3817c15be6085
24914 48efb9545131b619
24915 57853a56fa43304e
24916 cad9a0deab91719d
24917 3c1762fa0b395ac3
24918 8c0a17dc0bbf2e12
24919 1aba460a5dcbe58b
24920 294a9e207c7de0d2
24921 342ee02b1fb6590b
24922 3575d6301431e847
24923 f3d9968074bfd5c6
24924 8ac81ef541acda89
24925 2fde8a92ba4cd437
24926 3dbaad1b78602224
24927 ea9d98ad54f48424
24928 a99f61c5f1b01cf1
24929 98140abb4021f824
24930 bb063f4a7d48b77f
24931 1fd91abf1a05d7a2
24932 4c4e225483ea7f72
24933 2e664fe594fe0b0c
24934 fb65c107df73fe4d
24935 c0c4319ba3364958
24936 6ab52e54e1df7931
24937 1c759e0378b247c5
24938 0467860d7c58051d
24939 5042de15fc6f9518
24940 55c9457e1b6ab2e7
24941 50e186368447a086
24942 984250b0b79cd6db
24943 fa078b46602be442
24944 74cf38f28960d41e
24945 13d24dd3c08e7e3c
24946 fa01537a77475cd0
24947 4f39d70ca9ed2409
24948 7c2326710a2ae5c7
24949 22aca6b627ee95a7
24950 85b70f75259426ab
24951 759b0e1427d5d1b6
24952 e71542626b510dea
24953 870a39a603103137
24954 a46e27d64ddcff44
24955 6effbcb474620d92
24956 2a252eb380438ad5
24957 4f26e7cd934a3d00
24958 77c11b6e2265f285
24959 a09bb75d3d113e90
24960 bfca3ce72a30adf3
24961 ce03df92e34ff536
24962 ff813c0256255a5d
24963 d74d82bc0e2676c1
24964 aa1925af57e5936d
24965 8d6f475e12699c24
24966 d49248a173f0f0f3
24967 05b448e2c105aa42
24968 7739991be09691d2
24969 3d7d4abf808fbdfb
24970 4f223a4a29af9814
24971 364ffb107ab42a82
24972 c774776f11f0266b
24973 3dcfe422bcc1a052
24974 c9eee08a1dbe1a27
24975 e6ec6ea255274346
24976 2ddd5ba66c3d1e26
24977 e5754b37c672a157
24978 b6749d02a2b5648d
24979 dddc6a9d332a1094
24980 502cfbe41ef1cbad
24981 554a531a6eb69f24
24982 fa2dd17399066f3f
24983 aa118528f0f914ce
24984 efb182fe3cb7f21e
24985 aed6451e82e3a64f
24986 fc2690e4c8ac583c
24987 b3482a09cb1c6d75
24988 1d4b5273715b9093
24989 b533c6d7dd9e5e8a
24990 a319d23755fb9a6f
24991 1aaad95dc2f41ade
24992 ece8928758048afe
24993 1e88c8863efc0e8f
24994 a1efd64768793644
24995 3ad37c5ccf2bb0ed
24996 df5e174e58c2b97b
24997 93ce5d472d1628a2
24998 b53419d760e1b6e3
24999 d24dd6635650eadf
25000 74067d69b01f7430
25001 463dd46668b4a494
25002 52ad127bb65e2738
25003 3272244d1d814179
25004 7224e5272377dde7
25005 b0a38d6dece334c6
25006 9c453a438545df3f
25007 52f2898cb1a9dc0e
25008 2c70bc1af5dc4fee
25009 d327e592d078fe7f
25010 5a223107bdeb7cc9
25011 56d3c127cfcfc2c2
25012 066449bf08cc6280
25013 6378dc0cbd10d356
25014 6116b34970746d01
25015 5f7504500f8306a0
25016 8e6ca42edd53f920
25017 61b6fdd4e4828681
25018 32ccec4a7e0677cb
25019 84ab312b240c436a
25020 3c2a101998a4aecb
25021 704cff7a820da92b
25022 dac3b07c74f0e336
25023 6ac8dd9949e35337
25024 f008bd09fc0f5df4
25025 a11c20a692021a75
25026 daa097afbf745db1
25027 d828718d88efa990
25028 d4fa19dbd5d7b40a
25029 04e42924878235e4
25030 d75acc4f49b4bbf3
25031 cc1d7de391afc052
25032 2a805347e7495980
25033 c34c0e5900f89ee1
25034 1afd7bc695a5d8ec
25035 2f2fa45d05697428
25036 54257d2932ed865b
25037 1108a84627cacc3a
25038 8b310c32fe5ef53a
25039 aee3f62675e2e570
25040 bdf5699fd1c1fc4c
25041 a2cb069f42abe32d
25042 264e2920d4f6b04f
25043 c80e379b3d84c02e
25044 1d399f459a6c524a
25045 9fa5e08c9fa1d3be
25046 9df05a407b1a87d2
25047 9b53a708ed26fa73
25048 007e3bfa10b81b75
25049 ec1d3184c5b4ae6f
25050 77a58e4fd2e87331
25051 f83e72ea7b835210
25052 32f71b13300c1d93
25053 a947ac71e7d74af2
25054 decb81686b85972e
25055 980bae0894eb9e4f
25056 29e144e675c5c991
25057 47fdb6ca23724431
25058 b3731f8aa3bc6f03
25059 34051b0157eb74e2
25060 efe8473bf4f18ae7
25061 568947aad935b053
25062 a0e66029ce4d45ef
25063 1d049f85710574fb
25064 52d8737fe5af7e78
25065 4106ba0a9aacae92
25066 bf785686ea690377
25067 3fe367bbe3a7e376
25068 a9b9f77f45784cd7
25069 b6235b627912e7d6
25070 d046a6a715598661
25071 3bd2493b49d539d4
25072 e42bf74d6790f8c0
25073 54d79b1b3a4f2015
25074 5117c2690a0acd27
25075 88bf85fcf04db9fa
25076 5bb238374327bd2f
25077 ec5e064c64f2cee2
25078 09b669f38e025532
25079 90fce6d811daaf7f
25080 246286cf2133b545
25081 0029ebb01d43fef0
25082 9a120d14b7b4a400
25083 7d4a6af0168a3564
25084 820b61621274ff99
25085 65f9daff46afaae3
25086 8d86f8a19cbcf739
25087 50a6f1dd4163a705
25088 0b436e6139a6bfc5
25089 6b246d44cfa6d4f7
25090 b5e956d80c1fcb8a
25091 c25dea31d7f3fa5d
25092 efeb1e90d7fa61e2
25093 c64ef33492cc0868
25094 ec5723abbe3fa82f
25095 369b161b8e9956a1
25096 9f1e5b5683e6cedf
25097 0d6c33bfaae2de31
25098 c264e115450bf6a6
25099 cedc16e20882dbac
25100 6b397c9a0bb55a9a
25101 707c04e117811207
25102 905e6036e0179a56
25103 97fd0a162e01857d
25104 b956dbd2da7f4156
25105 bcdef147702a9b57
25106 b4eb9aef5acb17cd
25107 0ce3b26f469fd2a0
25108 bfda348662c4e0e6
25109 9967ea4e07f8f23a
25110 83e31e6918b5e3d4
25111 e5f810beed5bf992
25112 59748fcf82981243
25113 64a7c7d6604ec656
25114 208d14d6bb4edf00
25115 8466f58a509cf7b9
25116 ff97da41af107ec2
25117 1fe493af677bff6d
25118 4252be9e2391434f
25119 dfbaafbc014ad2ca
25120 d72d3f6b38d9f3df
25121 7553d575a683bb1a
25122 1b7a52ddb6f5c87d
25123 596f83cde88943a1
25124 28f58bafb7472919
25125 74f140e68b7d92c5
25126 d89b52ab00844be2
25127 f413a52be0157207
25128 1aed6df1d95f6719
25129 3f0337effac067b4
25130 16401f55c15999e5
25131 52dc4d870147a6c0
25132 2343ca12f3e6e558
25133 ad868e374cfd2add
25134 2ae7bc61fabd6402
25135 2ea13910ed065227
25136 f7b993946ce0f109
25137 142cedb371dea824
25138 534a26525d3b6f79
25139 cc5523aa67078f14
25140 c0c5f8d8cff7244f
25141 00c9a5b2997f56ca
25142 f60cbbd6ed212aee
25143 7e767264dd066e43
25144 6f3ce239e3bd9c65
25145 753e7f0976552540
25146 2575d77d32375a35
25147 b5fe98399e8a3410
25148 e705380489bdbf48
25149 5f032037c7d46a8d
25150 da22e0ad7ef618ab
25151 5700466a54ce34a6
25152 8c36b0e4cdd56909
25153 4a7ffde4281f0f8b
25154 cfc6cde5ece26539
25155 3420549aa8eb0659
25156 fb7925592b10ae97
25157 2691a482415b1406
25158 068478ca3b6fa87b
25159 b0a0674c13d306fd
25160 57589147cb23f963
25161 ac883c74f393f6db
25162 9100bfbdbb39ee9e
25163 53fcc24e46cde0ac
25164 0970d52538524767
25165 9a1ce9efca5d7328
25166 c2499e58e30f8028
25167 28c5434eafee7e5a
25168 5e648788d0c47994
25169 74e6bf464295beff
25170 176a19f99a47362a
25171 e602cdb6b02b2c44
25172 4602abde91349dcc
25173 32fd0703b5e4bf0f
25174 2336b48f361aeea0
25175 9d4697d6e4e3ace6
25176 65c60324ccdb3dc2
25177 0b099155fc3036d7
25178 5b4a1d99cefd687a
25179 bea7bc388216003d
25180 96eccc2739d5a906
25181 c494280d10b5e43b
25182 82d958ef3e5bdb9a
25183 5072bc1050715f18
25184 fe449b30be510c4f
25185 43362d16d3c5ab9c
25186 f8389ac29466f60c
25187 cbbe0fefc47446fe
25188 f1984cf7d79425c3
25189 0282f960858f36c7
25190 51ab6b788b957498
25191 e7fac4f3a9dd21c7
25192 14b19a582570aab2
25193 6e85bcb433c5e032
25194 113358c2ce4e9bd5
25195 883c8b4fe37b5864
25196 6399b32002d61d0b
25197 5d40de99d72e24bf
25198 5c48b1992f50b676
25199 2cc5bd803a564040
25200 2a58c1cff276b91f
25201 6c0a8c80899bcdd9
25202 ac82691da279b08f
25203 5753ae846cf314fa
25204 7a6547e8897193b3
25205 197f8d0b736854bc
25206 6c4d37d9781b5728
25207 327859fd510e8965
25208 97b5de77a711ca1f
25209 d6576b7d5ed3d880
25210 10d2cbd346eed5d8
25211 82eeb5de6f2b6b7d
25212 1da5edbc220ca4da
25213 3a391f9614e99229
25214 3044aa8ed2d0b859
25215 326f3bdefac38d8e
25216 db82af6706f111f9
25217 9b6c0132f89af761
25218 2bc344268fd30f19
25219 fd0bf7a8661ebbdf
25220 e80d54e4e4f1563b
25221 bae1e3e59329c008
25222 b341cef032ba5d49
25223 2b80615f5cd14802
25224 8922f3ecd10e28f5
25225 1ddfad3de861c967
25226 f411516f7240a3ef
25227 512be2a20ea674ba
25228 9b028679bb48eb12
25229 c07f43ec0a0a3565
25230 6126af15c91e5658
25231 12de32613218e120
25232 8a6502a1216acccf
25233 7ad061443bff6fab
25234 ad5bb2e643e302ca
25235 8dccbab7bcbf4cd1
25236 a4dd5baebc969252
25237 1f50ed5e3eeee4d6
25238 c60200ccb6c44158
25239 c6690b2e547c683a
25240 9bcdd7876a2f6d49
25241 594ee53d3d90899c
25242 2c2a8b1d832e254c
25243 57cd78709f794b5f
25244 bc3d4a10bde8a70f
25245 9d616f842cecd713
25246 e3bb9af7b8dc9544
25247 10386e797542662e
25248 38552543c2116198
25249 77053a5e2d26f6e2
25250 a51daa667a000d31
25251 2ea881bc4bd1773a
25252 7da374afb4b4ca81
25253 11cf397bbc2418f5
25254 0d85e12da0cb9e15
25255 891988dfc60baa52
25256 5a76b58b6c475d61
25257 f687f4c152531c2e
25258 2c3c3b096c18b2b9
25259 786ce56bed24b296
25260 649419bac4b081fc
25261 8b732e18c299e732
25262 84910a76e9197a98
25263 5f7b8add9070b3b6
25264 c2816087b3edb415
25265 e03b3423f0e96c89
25266 c1239d4c5407e86f
25267 150fdcb501a3430a
25268 b3bdade02094ae73
25269 b3468e8db248cab5
25270 9e68ad57479f8cc7
25271 4b677a9223c7926d
25272 a9719279f14d1eca
25273 49bdf5cf6bd61ba7
25274 34037c3150903f35
25275 c857da95a4bfa400
25276 3f06d8d1af4df052
25277 b82d0cd85850932f
25278 3f27030bb313a78d
25279 276f19df78717d1d
25280 3994c203cc4bcd95
25281 6f1c8376592c2c18
25282 3018e75e1a75d924
25283 7a735b181b513fc9
25284 598e5111b169472f
25285 72265c92949dd2ec
25286 4e235fec19dec077
25287 76ead00146f69ac7
25288 a8a979d7618560e8
25289 374128cee28af85c
25290 bc08bb91eb1ba792
25291 5d5672b5c025bbfd
25292 993a9cdc37502aa6
25293 5eded17b2a0dd88b
25294 f5190ab04cae80a3
25295 1c1c1298bcec83e0
25296 a62cd902f3a5b9b2
25297 d34043bee6601937
25298 a57b7af9f6b9c164
25299 c5f01115be542a75
25300 064158ec90bf91ee
25301 050a2a85bee4152f
25302 ce946e3bff9feeba
25303 4dbb1785bf35b875
25304 5195da577b4705ad
25305 de35d7dd00d90ce0
25306 26a596abf50569e1
25307 688dc855e4802270
25308 3ddbd65bcb329830
25309 d3b0121a8131f4d2
25310 eebe0fbf4da21689
25311 40260332c8f66c60
25312 b3c244ed00ce3ea5
25313 ea579064157f021d
25314 0f9f5e2b690b0dc0
25315 0ce75158086afb5c
25316 87a6ff6133a6874c
25317 c816144ab31703f3
25318 abb008add75d9937
25319 e3bf586ea2d17adb
25320 a8ced70bad89cfb9
25321 27e8b2445d3291bf
25322 407c5534eb1133b1
25323 ffd60ca836b210b4
25324 85ad40e706c2243d
25325 65ea6a92775178ee
25326 316bac7547522fae
25327 d07a0c4d7b712873
25328 a43259d0ffaf10e5
25329 e899a507a4ce38df
25330 65ed1700f2d40a22
25331 5628dce4e644f40f
25332 91c1488c35bceed7
25333 523d567302905862
25334 002d68cc274d2943
25335 7897a9ef54e4d16d
25336 25b0d551f24f50f6
25337 2698235426801a26
25338 74a1b1cf67a842ce
25339 51273c3c7e3e9c2e
25340 9e2257f4855e3fdb
25341 4cdea667f87d5f16
25342 7275ab59731a1591
25343 f1a922a98101c89f
25344 0d8146878557ac19
25345 d35268bc89ff6339
25346 d1ef08654b9b7d5e
25347 618bd96fda975f4e
25348 cd7b2083ad8c74d8
25349 33b0036d609f5295
25350 25befc772004b927
25351 d72a2998b9a3074d
25352 ebb871b9a4208a0a
25353 775f018354cb0fd6
25354 abb124ad34722a0d
25355 a1cafd10ab917544
25356 db727ff00bae4735
25357 b98c8a644c5368db
25358 859b67fb6a821073
25359 0e10ee1b03ab0dc0
25360 23e7a83f66033e5e
25361 059307a2c6b432dc
25362 9eb0700c51c03d1c
25363 07f18569c111d37b
25364 a4320111a151765c
25365 067d980460d3fbac
25366 a64ad4bf54baf68a
25367 283b35afcffbc66c
25368 9a94208e1caabe88
25369 1d162508afb31b4b
25370 3da01b4842757830
25371 d8dd3e96c9f06473
25372 3f91cd0ba9656e86
25373 35eda4249aa3af5b
25374 6f5a68a632e2d20d
25375 2acca4692ee8cad9
25376 f581c8f7f6517f74
25377 4d64c33a44c76503
25378 f566262431fc0535
25379 c4950b3df713cb9d
25380 a3cc7c6f6569920c
25381 cab33fba81e81d2a
25382 92f1749f400bdc26
25383 6e8506ed267ecc54
25384 434eb68c0a52fdc2
25385 65ead90c039a9745
25386 ae9106968a979c7c
25387 3c1ffe4cb0c68a4e
25388 dc3973c3fc3ce1f7
25389 c6efd4953e49f7e6
25390 fb57aec821c0bc46
25391 fad47cb138cdf9ad
25392 017e22404e25d9e3
25393 3872876a0fb147af
25394 bba38268fbacfbeb
25395 5662f519058c9ae4
25396 3cd8eeb1368e9bd3
25397 8f151eafe1269298
25398 468d7277247f46b6
25399 0448477758d0f17d
25400 3b44b93cd3f6ec10
25401 5e63b5608cef3324
25402 a9b37e1b8a53f31d
25403 f02a3973da0a8e29
25404 377122d241eb1bc7
25405 f4c3c6545b81385e
25406 827cb521ef4ab3a3
25407 947fb6437031d81f
25408 0d65fb263639dfde
25409 c0b5819f9e18b822
25410 8c12df4e89c2323f
25411 3e1514c7c3e3067b
25412 4eb242a52a6363ae
25413 93aa94bd1092d5d3
25414 b6bd12b60dbc8e69
25415 0027565226fcfbea
25416 adb52b4dff424ebd
25417 f38920bfb4bf27a1
25418 6c1d606c28501d98
25419 b1a738c45123e3db
25420 1aa8b0903a381d1b
25421 278340276a93c94d
25422 8c42d9136545be4e
25423 c0f87839eab62581
25424 1b0c6a19814d5855
25425 c960947bf52ec3eb
25426 2f92a549b0fbaaba
25427 db6e66fd7cb2996f
25428 c420bcc2d2be5f9e
25429 2fe2e653feda0b49
25430 3277418c3098223d
25431 dee56def2d60320d
25432 279ebaa53b951142
25433 feb7f559f7188f2a
25434 9ee4cef2d1bbc587
25435 4c912e086a617d0b
25436 37aba56cb3c71f75
25437 7c02cbe6fe0c4974
25438 34e0d80254d7a548
25439 3b036b6b450f49c9
25440 b941cb1dad2a42f6
25441 c698d1a5d4ce9223
25442 1c94bc8cb7bfa315
25443 acc4eeb994331ce4
25444 6f2cff2c231fd8f5
25445 ada2db0d6a35cd0c
25446 b59e03fed650ecfe
25447 7ca6721820ebd153
25448 ba306e5f7e546150
25449 9916db9ea2805279
25450 f7a4c9c095ae8004
25451 9f6c2951337cec35
25452 a8cdd56adf18f47d
25453 115bddf92f9ae29c
25454 f0656c67b0dee93e
25455 5e9377db786bccfb
25456 8fd243de91485eca
25457 f1f78a78ace57bb7
25458 d4e56d2a67347ad9
25459 d3ed32eef1f797e0
25460 f12cec6fe30c4019
25461 863e3fbd409aa888
25462 37ee8aa40eebab0c
25463 d4c06528287b1895
25464 4573e7b2c12f3dee
25465 a98c458caf77483b
25466 37f8713b08762ee1
25467 ab373462a3b42610
25468 886b97ef96d27458
25469 eb55d27a1d1d5c31
25470 e7183ffa3675fdd2
25471 8dee2245b6eec05f
25472 7a8e7769cc1e0a06
25473 104f3ae493cc144b
25474 1c91ff792536b361
25475 5ac30dbd49273198
25476 fef48541557d1d41
25477 1c19de27595f4e18
25478 0045c5db58d978fc
25479 13ba519e6cf8379d
25480 b88f062b210a6cf6
25481 84a65d0f78a8d823
25482 6e5b166972714239
25483 5ac1024c3a917b58
25484 bc8e4be353960051
25485 41df4dfb774df7e0
25486 258f026fde6b77e6
25487 895e5963f4dfe703
25488 170bc7bb267422e6
25489 0742d0d6cd3812ef
25490 63d11834bb5931cc
25491 b489531f17e9b45d
25492 b671ae30917c05f1
25493 3a965dcc76a0774c
25494 91cfc380daa81f56
25495 3c4cd0b7839b701e
25496 a00a91c726b33d63
25497 8ccc12af1b094b68
25498 433af69324fa91f2
25499 0cba24f273d0316d
25500 2407c4f009271a21
25501 c95f8f56108e731a
25502 c2c7b38fdbf9f079
25503 82095ff24c6e742e
25504 bf83e0f1443254d3
25505 8517357fc7008460
25506 694f26922701ed7a
25507 62c79eb0ca8b1e25
25508 feefc4846a671434
25509 c453ea9a9b1ba029
25510 b2f89abbb0827494
25511 ee85cf6d221e62e1
25512 2c12b2c49da9c48d
25513 5dbf673064a7f0ac
25514 426dd394a0a5b94f
25515 e9730a91dda37e26
25516 e25c06d106eb0c7a
25517 fecc4ebc78719e6f
25518 dd5584565dc9b70a
25519 8813ff059f3d0676
25520 5b6e8e23b2e410b7
25521 8070c89f7066ce00
25522 6878b4dd0080062c
25523 d6619145c5a2b1a7
25524 4407d7edd8672d1d
25525 c09bd9c0b0fbfcc2
25526 61db3dd2aa0677e3
25527 2ab170ce0478f969
25528 5a1f2ea96cd22ddb
25529 3aa10e6f6492ebdc
25530 779240871a78dd95
25531 a47ca387393aecd6
25532 cf21a6b62d322cbe
25533 ef6e6470ebc7adb1
25534 24fa40b437661eb6
25535 1935317a0a01cff5
25536 7320661717bd7f23
25537 765b921210482104
25538 624ed577f4090ca4
25539 1359772e599e1f2f
25540 65cae96eb9b84880
25541 9e067e9c854b3a7f
25542 7447c8a315797f2e
25543 cced1e98236438cd
25544 d7eaa23eecb78f8b
25545 f0f9cb3e99afee8c
25546 f07e5981d6fc77a5
25547 9aa0c1d060f0a8a6
25548 95569ab0dd894cae
25549 d442ed7124cfd2a1
25550 d7d728c552f3f0a6
25551 5121f7e4ebfcdca5
25552 464f4632bc36ce93
25553 b3b82c879d0d1974
25554 8faeafff8161954d
25555 742faeda915f9aae
25556 ab414456a3c4c1a6
25557 d1f2823ccb814b78
25558 dc7d9d6aac664623
25559 aefe405f4a560a09
25560 b91d38e4586668f8
25561 96df7d56c718279f
25562 ed31a04fd07f2541
25563 4173d2909fe8e482
25564 cfeecb3f862aff22
25565 ec6e870a20d6e4ed
25566 f4c664efea797e16
25567 c453ef00cd22fad5
25568 30f4b835c8bf27c3
25569 b34c09d09c24c2a4
25570 ffd6f07bec736950
25571 09fef5aa8258eb4b
25572 cb40ccf0c4c66da0
25573 47394e4de61e2b9f
25574 3665a49501b2a28e
25575 4464437aec4934ad
25576 0a4434f2ffbc122b
25577 d999badc0f8b80ac
25578 3261d4d0cdc9718c
25579 f5bd06d4e0c5a677
25580 f173796c9a0547c4
25581 e7734e6cccb71e3b
25582 49e9cd0352daf009
25583 8cca5006e3844fca
25584 33e18533a96e1e33
25585 149b231c51ece414
25586 aa9f67f09688b3c2
25587 66ff7c2dfaa02301
25588 4c198a4d3597cdfa
25589 b144303759d40dc5
25590 3a3a98cb4dde64b4
25591 20bb13d2cfa735ff
25592 c4fd4f797ed6ea1b
25593 1f6f5cecc1b6479c
25594 62c10afb75d1faba
25595 85ac4a20148c13f9
25596 fa027f9192956bc8
25597 ceadd063796fa827
25598 fb6ab50d8d6af8ad
25599 7f5a8f5066f35c0e
25600 55a4d5689f2ef0df
25601 33b1beb1f45076b8
25602 315414851966fdb0
25603 31b732505494ffab
25604 617f11d2fd492f2c
25605 db0e7ba004000f43
25606 683e50159ee46f55
25607 7b3863ea7d978e96
25608 78ecc4911f1d7536
25609 6ce2ca73799c28b1
25610 ebb3eaf98a37ddbe
25611 086fdfb32d8fa39d
25612 afbbdb7d5145ab24
25613 6cd8311d65343e1b
25614 3eb8548bebb0885d
25615 f6b8fe0a0126f57e
25616 22f784bbb450042f
25617 a32f11ac3d04e008
25618 bed274867cc4afe0
25619 20e5119176219ba2
25620 ad1f2ce0acb3fc7d
25621 bb3d56b517a280b3
25622 2be95bdf2d418a05
25623 77798e4cda1c8b86
25624 2606d2d5c0eb6717
25625 bf786247e658b030
25626 f39a0bb1bff35a38
25627 c93be63620b0d3b3
25628 09513bcd531a1de8
25629 826e669218e1e447
25630 5c1060cb6761e2d6
25631 bf449a9ba4a67a95
25632 cefc7185b722f183
25633 1148cf93477188e4
25634 ef5b9495fbba75c4
25635 4ddf396125c2f64f
25636 b642e2aeb4eae98c
25637 c8b645f408ff92a3
25638 b0f973751b6e94f7
25639 b8312a3320c6511d
25640 3ba665149b544883
25641 84fd01196782830e
25642 dc32e6f44c53e093
25643 0dc12eb7bbc0ec06
25644 ad4390e462883d09
25645 5a7248b5a16eaf54
25646 8aefb5e107ce74f4
25647 2355c6c5ee7acd15
25648 cd420c3b152222e7
25649 4d24ce2090b8c87a
25650 2fdbdd4ead1473c7
25651 7ff397e15f090322
25652 e92c3e4cf7d691e2
25653 cf83ad3425712863
25654 8168272186bd5bec
25655 d509131b6e0001ad
25656 620dd0aa75dd363d
25657 17006e1a6d620e30
25658 2a4ccbb6275c0c5d
25659 8b8fa84f24f9c0f0
25660 45d8fcf3037122ff
25661 e6092f5411882892
25662 3fa0586892377364
25663 c33d357c968c8325
25664 7aa14f829c17d83c
25665 35100c62dfb2277b
25666 d90988c10ed24ee2
25667 6433b8321e621121
25668 850adcee1eaf3c1b
25669 44f65b50d877b434
25670 dfaae1cb56d55dcd
25671 ccc4ffbba8842f9e
25672 b830fb6c2981779e
25673 f75af70a738fbe99
25674 355cbc4368d3a63e
25675 a92dac2092c20c0d
25676 b1f7328ec30ba873
25677 168454270afeabcc
25678 9fb52ea3910674c4
25679 6303bd43ede5ba3f
25680 5fd6723cbf5a3080
25681 83da24e171c3e49e
25682 43e5668386a43897
25683 aa6253f571526645
25684 ae48b52738b475cb
25685 649c2f92db8f44c4
25686 e060130a4df8fb3d
25687 7d200452da894e8e
25688 4ab7da34c6e6454e
25689 b29c42a7112971a9
25690 9afcf8e90683f4ae
25691 162eee92bb8563bd
25692 e5d55d4e6878d563
25693 5bf9b51d8635c21c
25694 bf6a6124c3e8cb15
25695 769dc0c45413b7e6
25696 2248124658e66626
25697 7357ffa4519ed3e1
25698 36cbc50c99efd3c2
25699 9eb23f2a09656a81
25700 0dfe44d27b0ccaf0
25701 323b13a7b48349ef
25702 13c194e5e7fbf4f9
25703 1c435f05ed76beda
25704 fb256d33d4d7e902
25705 bea49620623de755
25706 0327d00ca3af6bde
25707 439117e0e1bfd42d
25708 9543dd7f7b051453
25709 354fa6594c1b6c2c
25710 0e75bd9c18fabbc0
25711 a528339fd949be6b
25712 6ae95ac69d4d16a0
25713 4ed2c5f0e49a9107
25714 678dde52100b5ad6
25715 7c15fa9a1f8f41da
25716 b98322f471a6823e
25717 7444c08ed74a4a77
25718 68d67dba7dc897e9
25719 a737c3d4b939efdc
25720 2639c27ad48f589d
25721 66e9774f314c2a70
25722 326c943294c6ea64
25723 1f47f4edf0ce5ef5
25724 032943931a141716
25725 7c4c423909328c6f
25726 734642ee6f80e85b
25727 db5c0cb23238d616
25728 19afb94f98461e37
25729 fdcd6724d6b65e6a
25730 96f746e21a8a0d71
25731 41d96b8deda7a414
25732 f0459f2ecb53f12e
25733 655ad668fbc40387
25734 d889f0704bb91823
25735 454863352bb89e5e
25736 93c2d735ee9ddb29
25737 33af42232b0aca24
25738 9186ffbf304d0750
25739 9c0a37ae5a8bc9c9
25740 caea54f06350cbba
25741 03974987699c220b
25742 1f8f8b3667c22a35
25743 6c0c98467511d6a1
25744 3f7b84a8bed3b74c
25745 136c732327b6b818
25746 1e255e6917345c48
25747 5aea15c11b0deb21
25748 07bcd5aa93b7377b
25749 a8993f4d8571a636
25750 976c928495c8cc66
25751 b6bf249371195a39
25752 4879d094ee8c7f18
25753 bc6e82316df85037
25754 45c4e48e4d7b9da9
25755 55cd1ddb7a2ba9d2
25756 d2bc0b8126d0556b
25757 e7720713a5ffb1bc
25758 8508892c984574c6
25759 b486c42be1482613
25760 14f520c0b7d549ef
25761 a6ee277f69984e36
25762 6b5d11df4547dc69
25763 07f3ae1036a017cf
25764 ebefd00a3f56f426
25765 a070d6e5a9c264a5
25766 9f9196197c82648d
25767 d920efbaa872d632
25768 f796db0600dfd569
25769 5fe56dfaa56eaaea
25770 f5689f7493fa0f7c
25771 a89a0a621a8e6c67
25772 935a609de9095d69
25773 46b447d4fadb0a9e
25774 f2e881e3336488aa
25775 05c7aa0ae6bb9c79
25776 b09565c97c4b8486
25777 cbc5bd354cd654f9
25778 dbb313c62d73c5aa
25779 27436b2fdbffbd84
25780 28c38de08f6b93ad
25781 54fda25cc2c6946d
25782 5966fcc078d5e8ad
25783 7f8c4b774d5a5263
25784 96c1719ad0d56ad7
25785 c808be303a5b9e43
25786 7774a2bbfba25970
25787 9e32ecc0b6f52714
25788 3d5b8471d210fa5c
25789 4c0e5c4a3c812413
25790 0b255f6b913e0a10
25791 0913e291f506a7eb
25792 c24d21eb7010e105
25793 95abcb32d54a3c7a
25794 ae262d54f5517e7a
25795 e4215c4a64d25bbb
25796 1177b48c347ec6d3
25797 9139d5fb5a57046f
25798 db6ee183e7e4af7a
25799 627c2551ed16c18b
25800 d16805e877e1f648
25801 24303e10aeed5826
25802 e93abcce83dd8aa4
25803 6f514fa38853d941
25804 845e2df18117ffed
25805 c4c798745a8741e8
25806 990d69266cba26af
25807 86268b8bae25ea7b
25808 ac51c94ebe376c0d
25809 36cdeccc5513c37a
25810 a47fecaf3307f9ff
25811 09d22a7713904a4c
25812 79a25dd366778f2c
25813 a75e171cdf360bdb
25814 b1bc65dd55d543e4
25815 31e92188141bd927
25816 acb328c51dd8d9b0
25817 8ce978bc448c6512
25818 379cd8abfadc30ce
25819 c18df0fe1ab5071d
25820 e9d15da925d8216e
25821 e4caa6758ff623c9
25822 ddf4508ff231f944
25823 3009fa69f669810f
25824 e1f45a39faf78858
25825 19742ef16b011e0a
25826 b4f3edf7904af2ff
25827 11febdd799996334
25828 2289aa4bb87f63d5
25829 60ffe8c6db5732a7
25830 fdfcdc33c018020c
25831 2ae2b60a538f2377
25832 9eeaa7118d01c980
25833 bccfcfea8385a162
25834 7ca75b64276b8292
25835 944aeaa58ce26dfc
25836 07e26a5fa171166d
25837 70da89198b23812f
25838 66419f00d7c3fdd9
25839 837a36edaa86953a
25840 4da00897ea81a667
25841 4a050f5066a0db30
25842 1a16c3825ddecd6e
25843 a6a6fb1063f57a8d
25844 b4ccb5aa183be341
25845 de1bf55974d52186
25846 ed83ccada5f877c7
25847 4b2271ef34bbe49e
25848 91238527d34bcdcc
25849 c973bec1e8a8effb
25850 6954cf2deeaec74f
25851 25347129db997fb4
25852 d7670dfcca4f5daf
25853 ceb50e666e0e4610
25854 b881571c62f37615
25855 c5749b7eb70ce876
25856 a88c071cc1bac2d4
25857 e51b2aa2c0201163
25858 48406255d60c0d43
25859 80561dc35a22da58
25860 fe869620a9d5d3db
25861 9f2793da7a029064
25862 eb100eee4db4bcda
25863 5524d9ca846f9d39
25864 2fa7be7cfb511c9c
25865 d22b179854877fcb
25866 d531a88b3b42c591
25867 0c083bcd065d6dd7
25868 75c7bfb1552760f4
25869 a9849b16a3aa116e
25870 a670ac93607f460b
25871 f78b54e9f0cf6520
25872 74fcd3ad90db5564
25873 8d732174e590dfb3
25874 52bcf16743bcc769
25875 e93f4b05314a41ca
25876 8c2fd77944c4c2e2
25877 230945bd10c6b40c
25878 89bcc7cd4413abfe
25879 ec2eca6c9515a188
25880 c6a798b1cec994ef
25881 f9baf9b6aebb048c
25882 a60527d08534c82a
25883 51c65d224a60a929
25884 58252e79d12fd51f
25885 3f04deb217519bbd
25886 429614fe4500f533
25887 330b9d1bf6ec8b54
25888 91bbc8ed18887f80
25889 7ab6a75357275a02
25890 a1ce1e7771df60fb
25891 983e52c220bc7b56
25892 2ba9cc1f5e95abfc
25893 e06fe127b9d34215
25894 e69181cb98fe8675
25895 a44dc54082827cfe
25896 d44e9c0955272bee
25897 f18cd07a2b553521
25898 8934ea8f2db7c65c
25899 5b302001a62c9f3c
25900 bb37686bb827f277
25901 a3165e9184f91d82
25902 6a4a739a19ca6856
25903 cf90cbee82938edf
25904 7239407c52ff49c8
25905 6beaa84bcd292a0f
25906 0d38c48b30ab5857
25907 689d6c0340688c04
25908 40ba2ee1d45a96e3
25909 4634728bc067a2fc
25910 9ce4138818e2dfa9
25911 bf80e55533a51805
25912 aaa1d95e4cd3178b
25913 b24ca0617b14359c
25914 c1da790871b1857c
25915 191a24b559e778df
25916 54cb4b595af42e18
25917 ce5fe5263b349dd7
25918 35665d4ec8d08fb9
25919 ff9f5281b92c9d4a
25920 a2dd30525337f2d0
25921 b9959ce4c025c2b9
25922 71f7218471ff232a
25923 f28e923120d24c33
25924 7c0c8c626749b69e
25925 fb14d89c91f9aa59
25926 f77a1513c64a7ca4
25927 876e5e704302bebf
25928 d72a00ea36ccaa91
25929 69621113427ab6f8
25930 dbeb220ad1ad3993
25931 ac9e5175d6989779
25932 0f219dfb4c4e7fa3
25933 198f18f46f7934fc
25934 5d5a75d0542d1329
25935 cde17e56a00f33d6
25936 9f5bf1bf13615300
25937 032c3e6f0f60576b
25938 41036d3450893f28
25939 f8e7a04fa18646c7
25940 e8a7c30b48162eca
25941 a1ed1736cc6f23d1
25942 6209f545ef2a8ce9
25943 cc5464781dcda096
25944 abfe5e5f8865af1d
25945 8b7f6e58a1eefa63
25946 5172c7c15eb31aee
25947 178657bf057a31e1
25948 d1ff91078a2e19e3
25949 e5a3fcafbded8268
25950 1aff356a1bb2a22d
25951 6927182837e0786a
25952 dae2c75449aff6de
25953 37669d43a430c2ed
25954 5a7a912c00913062
25955 eb2356b15890e565
25956 4fa5d98291bad90b
25957 b1fcd31f8ad32aa8
25958 c65910188ce8f0b4
25959 dcacbbc0f0fa224e
25960 c67675836ef9dcbc
25961 8379e742c41c289f
25962 77b8b35f58f6cfb2
25963 f1ee25d2e57c6725
25964 ba721795ba4bd3cb
25965 262e23f0f4f3f118
25966 ed347e200b9c387d
25967 052055e602791ee2
25968 e4492d9a88eac08e
25969 e873b407203c60a5
25970 547d2daaf9363e1a
25971 be7866987f97591d
25972 d7500e420dadcfc3
25973 4b2f84fe832988c8
25974 d706fe8166318b5d
25975 51a5a2a6c9a1af5a
25976 5f265a6c087f4bdb
25977 ca82495d8a4f2fe8
25978 02e12e5800737cdb
25979 cc2592170f48b8f4
25980 f0ae545913df9401
25981 f185babb9891288a
25982 55e3b596f9a9b884
25983 d7943f160eb23333
25984 c8eabf27fd0e417f
25985 94abaef00c3d811c
25986 6998ee278dfd3057
25987 98f9734d7fded950
25988 3a0d50d231e633d6
25989 d77c95feecc2354d
25990 1727a72aafa855b5
25991 af6ff34227933507
25992 131a6878b967f471
25993 630ff45c632d931f
25994 73a54d42210db9f2
25995 465977d19069fb75
25996 7e23057829fe585b
25997 56cb8e7b5e6fa958
25998 266cf10f5db5e52c
25999 7aa09b74144dde9b
26000 e9866efbbf927ed8
26001 bd4fd16783a92683
26002 bf83884d54e94c81
26003 081b28e83a4b9dce
26004 d62a320bf8fb0583
26005 5cb8a5c703820d40
26006 9e33f71b43a36216
26007 1acf0351c6254649
26008 fde00c6a3771f8bf
26009 7f94fdf568f67b74
26010 ddc5d398d10b42e9
26011 4b1980119eb72e7e
26012 0cf888fac2148a26
26013 ac88ee8d96e3cd45
26014 a8ba17516483675b
26015 47abb0adac2fa91c
26016 725d4da163cd51b9
26017 7e8679e270a9b3ba
26018 aa872623e0f9b790
26019 ea5c50929ca7ca1f
26020 dc304777df5a0882
26021 a9845ed1162b8659
26022 7ae1c848c23d5fb5
26023 62f485ac5a8ba2ea
26024 47aff01bb8601d10
26025 2fabd27399256b5b
26026 6005f17578e11c75
26027 a02727cb28bf0bf2
26028 202d037583484aee
26029 6c76df2e1606a1b5
26030 9c0e8890064d0e3a
26031 ef07e766668c05bd
26032 67b074e3811c7a58
26033 03c13a04f9bcc503
26034 816ca5f299426b5d
26035 d1bed7a17a7d425a
26036 5ef10583e7de3557
26037 2e589dff3bbf374c
26038 75df8f49ec2ac508
26039 212b7cc416afe69f
26040 bc832da0958c6f95
26041 162dcc9f17689a36
26042 58b0414ed9fe0d08
26043 edf6a9be17c48b6f
26044 c92d623772862602
26045 b06e0af1bd6f73e9
26046 3c05fe6502e02065
26047 51a01226812ad0ca
26048 caaf6d35216b6c09
26049 8afdf18b0097a022
26050 0ccaa7cbd1d0bc6f
26051 28926e8d47c12d30
26052 63e3ffdd35e943b6
26053 3d30a3bb9e991f58
26054 e117066db3dacbc4
26055 ce81e63d6ea63cfe
26056 94cd3816b8a73af8
26057 e3da8c63758e69fb
26058 32ccef9d325c283d
26059 3b7fd816ad41dcba
26060 0c1b30e51be670f2
26061 09d6d1d30bbd02e1
26062 4796e7d7407aea12
26063 dcce0fbf59b84f05
26064 2112a26890452a98
26065 90fdfe8124517143
26066 c615ee7420f50b9d
26067 4d0880f7bcb0d8f2
26068 1d6407f33f9d2eee
26069 9587ff15f51ea3b5
26070 02d858a1f19761ae
26071 bb703965379ef789
26072 2cbf762fa4a9a65e
26073 6c391a4d9e5ffe4d
26074 07ee147d084bab48
26075 952ff94162ff172f
26076 34acd72d87375819
26077 23ab56a6bdf2c6fa
26078 744005859f6a3299
26079 38858cc24fc747ae
26080 7397d2880e19bd13
26081 4176224236405fa0
26082 db550144020bd918
26083 12c16782a301ac7f
26084 975d397c791acd29
26085 64ebfa90be255de2
26086 40990f530a45bc8f
26087 cfb6aee7d45e0228
26088 4404ebf46a1ebeaf
26089 0664605a8efa5b64
26090 bdb4e00b70b617c1
26091 eb15f385b13da78e
26092 4e878dd971f540da
26093 41835f09f72d8ff1
26094 62bc0387c8451886
26095 7a35274592373201
26096 fb4701482643b0af
26097 1ac9365cb8c06fec
26098 d184dd1ce193d818
26099 0e5523a3981772b7
26100 603c3f7c5d154000
26101 6f8eee43eefac6fb
26102 33f9a923b877af56
26103 0976ac08e7b10389
26104 9e848560f33bee12
26105 dffbdd07c5dfb159
26106 e30764b24a50c4dc
26107 bb3b42f35a0d2c83
26108 5fab7d26b1890027
26109 9071419b847d3bac
26110 a80149800367db1b
26111 666a23158c4f57b4
26112 8a457c5970b3f5ba
26113 4bc50bf78a9d0001
26114 271bbbf3cb66e394
26115 3834e4daef604fc6
26116 e02a49602e18ee92
26117 2942444d255fd4ac
26118 67b214cb924dc0c7
26119 7d1805dce637ebc0
26120 c3eb6c79db7822f0
26121 69f8e5a6c6161423
26122 e87d7c860857fb05
26123 f5314f5778874b42
26124 871baddfcf3816f6
26125 ac73a218716b3f15
26126 40041fa3eaf63f8e
26127 29e934ed18fd3369
26128 671aa2502f26d09f
26129 794150473adf2354
26130 925c4de2aa782bfc
26131 79060dc1487ef743
26132 28a7e8095f8217a0
26133 f446c9700b7e9bdb
26134 f6354400654505f6
26135 a26aa194e95dab29
26136 5f9b9dc76f7ea272
26137 7974563e664a4eb9
26138 62b0627dc05a3b25
26139 8fbbe8d9747c185a
26140 211f5b26188a2ba1
26141 b33d6554b08c5302
26142 d06d36a87e9312b8
26143 5098ce5c14c2d89f
26144 decf37fd7f740582
26145 4576f3b37d2029e9
26146 27118463c82b243f
26147 bc0ea3e2fa210058
26148 d98c9ffa2b5165eb
26149 8a6410bce9fcb970
26150 5a177ac309e00155
26151 2a6d8b5193b67f02
26152 191cca5bf087d36f
26153 dbcd34bd62f94524
26154 a0daa554a6ccb14a
26155 51bd12d5ec000d0d
26156 77b369ac6ffaab08
26157 e90036d45b435743
26158 2938b06b49555ac1
26159 323b8f64fd64688e
26160 266b81c34a36dac3
26161 990e49752461ef60
26162 19a365e0cf5d06e4
26163 d1332a5e9a058e73
26164 940e697b19db27fc
26165 418bbdf112ff055f
26166 922498c25bdc51a9
26167 bd9de3be7f801a76
26168 2b85f660b8092047
26169 0524f02004469b14
26170 65dfde12dddcc5e3
26171 f4917d729ad8dfbc
26172 850c256cefb290f9
26173 476a51ce87084f5a
26174 d552a7a690c2aa0c
26175 83d556a469455d73
26176 a9c6fb420e47efb6
26177 e2fb78189ba34fa0
26178 a292155ac172aa4c
26179 ccd2150f7d0c7d2e
26180 854fa6e90760d1b1
26181 a4d56f70e0d1b1d2
26182 ccf20c30a5a1f2ec
26183 0ce8b381e4f7ff63
26184 92ee2d4da04a590b
26185 8d6b7cbc5ac62000
26186 a19c51177703d3e4
26187 3a4634663c926973
26188 1830476bcfe1b100
26189 3f9e637855f8384b
26190 fd769c5c5d75ea86
26191 96e20384f7e7f379
26192 6d1612ddeccc3caf
26193 71ca4f6ff7caa814
26194 c081b99ddcd74620
26195 62a26ed0f6740cdf
26196 1e86e4f3503c8794
26197 583b221a9ea5a8c7
26198 1495e7f178374fb1
26199 e558efc4da41f37e
26200 fc4affa606d7c683
26201 c7fd7b2324ef0d40
26202 0b01146ef7bc7c23
26203 6117c93fb46fc6fc
26204 770e9fc033073ee1
26205 7599d639dfdf4fc2
26206 3c66dcd5f3bb3b94
26207 abc123f2644e2083
26208 bea5853c8417100f
26209 334335442543f64c
26210 d35c091142600a07
26211 0b2094dbbc79e790
26212 5e6570122721e57a
26213 d96888d3845fe311
26214 a4a53d1cbc3797d4
26215 20306ea95acf2243
26216 32b720b2d3202c50
26217 e6efc2744b78411b
26218 4316cae05893a2d8
26219 f9d04f2a9410d8f7
26220 6bf48afe794740aa
26221 7fee7cf94514e519
26222 6fd140b2e48d6a49
26223 78ccefdfddb0fe16
26224 2c3e75a320b15ec0
26225 bbe86a3614552c43
26226 ccb81622924b48ce
26227 6fdae146ba8f1c51
26228 74a08a85d93df2d3
26229 2e720b13acef1928
26230 e7d3a66d64eb9dbd
26231 40faec28d779f372
26232 5e0d7bd9538ad0d3
26233 45c56f0f858d18c0
26234 3197f51b7a04648f
26235 5616b654ae9fe228
26236 134d71262096078e
26237 faee80e2ec5e8e0d
26238 04cfc828f032b0a1
26239 4ff9dfe59917b37b
26240 3675764e0814c2fc
26241 b44552e645544b3a
26242 c2c64ff94a8338d7
26243 e9039e29263bb7d0
26244 d23fd0f87ce34b56
26245 e152f427b2764c4d
26246 d39887c6af424848
26247 ffec88b6146f52af
26248 c6762e6b27b037ae
26249 be478f7d19a8872d
26250 c2fa8fa2126df6f2
26251 0ba511d4ec7c7375
26252 008e4c45b2d6a45b
26253 3aa90c9cd2558358
26254 5422d8cbbeac68fd
26255 6e3fcac4c39296fa
26256 63277e71d46ac29e
26257 49bfa68f3a9d866d
26258 245fa2f681946fc6
26259 6c21cc0a890f37b9
26260 2638ee7cfa94f51c
26261 7c0d894bdb75065f
26262 b2e933165bd283a9
26263 695cd0f3902f4e4e
26264 a13bd7257f3e16c7
26265 0c193fc6ac829594
26266 f90b67f6f45d864f
26267 1638526d991e1ce8
26268 5d25d09f7a976b4e
26269 dfcfda516d6049bd
26270 9882445a3681d375
26271 a0cf2010b3920faa
26272 342b32401c8922a9
26273 b17c572ed2dfa7ba
26274 681be59bd84e06d7
26275 da543b9233f863d0
26276 9a95de46068727d6
26277 d1b286458aadbf4d
26278 1224c1fb71a1a421
26279 58f492813b79e696
26280 1cf6915b27c21990
26281 c8db9ff732e8f45b
26282 f27ffa5d85170b29
26283 f5fa2a10190734f6
26284 a51c5f61cc405edb
26285 7fa8cdfd593e16d8
26286 fa6869dffbf4b556
26287 fa2c83cf22579989
26288 4f7ce29c11f720da
26289 13c81a8258350ce1
26290 3299083a14181114
26291 e1c1f1c37ba66f73
26292 6f9867c38bfecdab
26293 f3f88ead5ae68d98
26294 9477c2384cb8fd6e
26295 dcf0eb35d80775a1
26296 da81648db47ed331
26297 b15597e94ae76b2a
26298 787658c4537778e0
26299 d1fdf0d65b4e9be7
26300 2366d5b3eece513a
26301 905a797d566583e4
26302 6d0ffb66aa26c918
26303 ab798f78048ece52
26304 706331271fc3e2ad
26305 06532bfacad2d9f6
26306 b26211a2ed5033f0
26307 3c60dd8f28facaf7
26308 507ea924c9346223
26309 cda66dca93e85238
26310 f0add70a560b8467
26311 b0e731ef712eee60
26312 834b2fcfcb7a3d98
26313 dea3edf2f482999b
26314 b0a94efab98a48b5
26315 085a4245d27e1b32
26316 345866f3af70c5df
26317 385634505dfe22d4
26318 3cd5d8fab9b89cd0
26319 e766f04a7f86a417
26320 5a7729f86faf5498
26321 01e40e5e905c6b43
26322 7f3e771f2dd66d9d
26323 796d90a0444b149a
26324 155b9655dc67e957
26325 0f89fb0d5c72444c
26326 08eccd5499dd30c8
26327 3f3c3606632105e7
26328 0c2ab5f8c6b52649
26329 ae22514647e081c2
26330 3872b282cc69d9ef
26331 f3d6ef20cebfb088
26332 f4f02c8f5dfbc6ee
26333 6e20092ffec5aedd
26334 30bb47b112c971b1
26335 cbc47edbe534aaa6
26336 f4002e675b9f5add
26337 480af88240930b76
26338 28a27c19a69a3b98
26339 471eae2ee4d422ff
26340 042f5f9c339de7a7
26341 b9029677e4ce60d4
26342 300c3585d826071f
26343 1b5a54f9c7d16988
26344 696f25494379bc08
26345 73235f8f80ec2a0b
26346 d2b08145c1d4f7e5
26347 a98a1806aea076da
26348 1abddf96764a7c56
26349 819adaf90e92e61d
26350 adcb0956ff5b8096
26351 c53a904a016dc521
26352 9f6885543a668923
26353 5a0184aa5ffaed78
26354 caec9ed8147ca49d
26355 4fe5761162c3149a
26356 78617df3b3db3b34
26357 81f5eae3d6c6bdbf
26358 956f10e562ed6cf4
26359 ca43f7f54999ef03
26360 3767ea9ee5c1e1db
26361 3922c53915d82c20
26362 f233d123b9eb12c8
26363 68b489b6b06412fa
26364 1bace3bc37b1902c
26365 484cdb6a9d2b27fa
26366 e5db38a41f048717
26367 a56913d5e9bf2d10
26368 4ea02b3e0913d8e2
26369 3ca2e09f50c9be01
26370 1df302242f99f6bc
26371 b43724be16fe3be3
26372 27b5fc42180983a7
26373 bbae0d14ee111df4
26374 ee91680b3879e913
26375 fb2be8c01c32b6f4
26376 5a00b897f64e47ef
26377 2a7d80e2969bdb4c
26378 0b05d90f31a8b378
26379 cc4c15053136436f
26380 f2765cb5c6b56ac8
26381 61c9fd38da179683
26382 1f5ca5386922cd0e
26383 ba019623f32ee141
26384 ba96c47b3ac77857
26385 34e45c88ba049654
26386 6198faa92472ff39
26387 b91ccf141b3c2946
26388 886625d00a20921a
26389 99ca0368ccaadc09
26390 b05cc0b7faab83ce
26391 cb1b67b797e05811
26392 b292a477ef854f7a
26393 f95f54a723423e31
26394 567d817190d6f3f4
26395 10fcedf47c868a43
26396 b1ad43c19f6f6167
26397 06ae2a803cc2d6ec
26398 7483a0ee1c66c7d7
26399 6a68e80bdea97b50
26400 cc9d5f5aae73866d
26401 d7aac0924080e72e
26402 e8ead700d152fe08
26403 5ac7c309ec28736f
26404 91b831a9f2b2349b
26405 1caf3a853abfeef0
26406 112cee7af27a35e3
26407 4254c53a0edd0584
26408 58a5e473eea7e533
26409 12ea619a3f7548fa
26410 50c8b6f9130c5d20
26411 9abfeaf358d953df
26412 1fceff79f39934c0
26413 1c6861f161678cfb
26414 05c0c69bad680636
26415 b362460eb987bbe9
26416 259097dcf6dcca2f
26417 7478f86d02bc3ca4
26418 3894bc166898030c
26419 50862a9c709fcfbb
26420 0eaa67b74dffa424
26421 6b6b39eba4bf2297
26422 f0c1c2668d45db9d
26423 b25e21f5d91c86da
26424 0e9f971a9de5d617
26425 d8ebbd7f2d50ab8e
26426 eb54ba579d4d9a60
26427 e5bace0c5701453a
26428 32ef5052d48af9c8
26429 7a9e318442353d04
26430 fb5dd15ab0a19160
26431 f7fd45d399d3a8fa
26432 12666a6a0bcc05b5
26433 26ba7e354f4155b2
26434 8af9393e25683258
26435 c3198b7af21fc99b
26436 0b0fc3db37e90c39
26437 c4916cccb5dfc378
26438 914c7e9e7b9b490e
26439 ef59fb72e3332330
26440 413ca0d114b3477a
26441 f1ff492ead50f592
26442 a76d7c8730605612
26443 1d977df7ed1b9428
26444 b18c019ba4466df2
26445 eeaf1d76d4f92711
26446 927180eb2f0cf6a3
26447 8cb8a1bddefc3a03
26448 5aac10202529332b
26449 3bb502eaaccad58b
26450 aeb1998767d316ff
26451 d098d428a8cdec6a
26452 cff3b5899a93cac7
26453 698fd984aafad23b
26454 7490ebde5a6d457a
26455 3c9da4c427407010
26456 cd0f2099d0aa6e0c
26457 60fe7a8f0136e35b
26458 a8323ecdbd7cf288
26459 0f91173a26b44af4
26460 2be10d123f10988a
26461 f24eb963e2a91b46
26462 1ab22905e693b812
26463 dc620de457be974c
26464 e711ece18311d6a3
26465 e1d5c9ed628462c2
26466 17891fa08619f7f4
26467 0f09564880c61b74
26468 a13db45d505e7e07
26469 9319f9234efa2536
26470 19aafead6137d417
26471 475d2e4a42820880
26472 77ed6f94e806b3db
26473 1cbc452f21fb39c3
26474 c5120687c8577670
26475 edc92f40e1a4267a
26476 c5bb412d7a42b621
26477 60f8686e5a6f2a5a
26478 18530a7452491fcc
26479 30d13ae38a9f1828
26480 d37be8796ae6835a
26481 db6478aa4964cd90
26482 18e9b70ec3dbf218
26483 980321c77b02cc36
26484 9b8c2e2faf6a9962
26485 5a03d7d13be2c0fd
26486 6dd7c34a2e020720
26487 41e2ad83d5cb1d72
26488 1bbed6123ea51e88
26489 e4307a0e3c2de987
26490 80944b195276a8d7
26491 ee3d3aed17caeb20
26492 282949946ec03457
26493 78ae1dde0ef2b25e
26494 7d6b5f01758dab82
26495 90a86c5cdfa7f854
26496 80aa751cb58f99ac
26497 5f2ac44e1c1df1ec
26498 a49b91118bcc40f3
26499 c5568506f1d14008
26500 21c88e909e61e27c
26501 d99a2c7554f2c118
26502 a3c1a2a3e961e0c8
26503 b637ca439815e7e4
26504 603e6a0b29ce95d3
26505 d6051a44b75ad0ac
26506 fd6b88d17eccf4cc
26507 6032ef6dfdca9563
26508 5d48b4ea1d4f1179
26509 1603416aaeed11ec
26510 71ebcc3b2493a2f2
26511 6f51f071728dad55
26512 e16de75854be4912
26513 879f67ae8ce54e6b
26514 5ce0af396fca481b
26515 5e67961b7c943caf
26516 0f62ff8a6e79cc3b
26517 94e9b603bb10e6ec
26518 00b430d9bab3f6af
26519 da1932a0055f3e79
26520 3faffb82490c301d
26521 74b4fcd511f15dfc
26522 0d3c7d3fa362745f
26523 6ce2b194d4fbf91f
26524 6c5d884e568dc605
26525 a263635dff7b9d32
26526 af5271df7246a43d
26527 b43467f882c31fe0
26528 528429560d999a72
26529 a8bbfbc60c82a61f
26530 91a3d978b0a2bf9d
26531 92c89ada64b81f46
26532 593b2673805341de
26533 63f8ef560b6a6185
26534 e58fa4d1c7bf295a
26535 50162cadc1f43a7e
26536 2bdd89cd1dd60080
26537 aae4cec90151c3df
26538 6b7b9fc119efc9f8
26539 f669b8a543dba8ef
26540 f78aeab6de0a69e6
26541 68deb15e44234f9a
26542 2d0130af91ee63ed
26543 4bf86c59424e36a7
26544 f8c2fc24efdda834
26545 05ec9eaffd90d4eb
26546 db0a282ff8e8d371
26547 b87b15450d3ad0d7
26548 cf57f6869af5e708
26549 a25eafc15f5a7d62
26550 7193d8c41f9cf809
26551 1e9afa11475db81c
26552 103e35024f6cfc1b
26553 665c3a1403f3fb0f
26554 2bec6f9dd1adcb6b
26555 d57262feac04995f
26556 4b9621d4e0a608a0
26557 550d9d711ac683fa
26558 c7e905813042eb81
26559 4c34c64b7cc267a9
26560 896c0affad1bd91d
26561 67b96b943f8d984b
26562 28dc7d66644775ce
26563 5c2b52cdb71a0bff
26564 8c3e698c59def92b
26565 3656aebe05b4f4c1
26566 c0007be2cd057883
26567 84fdf32482bded35
26568 0ffac82eda4fee88
26569 bd5f145752249cd9
26570 f0a486dfdf239c5e
26571 934c83ea10056d5a
26572 24a211bd2f7af8f0
26573 e383d2204278cd0c
26574 620331da5aa058ab
26575 8f2de820037172fb
26576 af71c6e0375d3562
26577 1872439381271670
26578 7f8039c986215d00
26579 801d23bff9aaecb7
26580 3dd2eda03743befa
26581 0119ba2c9c8672c7
26582 fea9e921f0da6a17
26583 615515893865bc63
26584 92f386150e96f432
26585 f722356a9ddf685a
26586 d47c2a4870e26c94
26587 2438abac093f3fb2
26588 bed6aaab8c07f366
26589 ec9d1b14c45f58b2
26590 df5eb3fafb837dab
26591 9a1cc5e50e1fad13
26592 746fa050cc97aabd
26593 cfd52d56a62b3385
26594 59de2dd2fc10202e
26595 4bff0c7490fbf329
26596 81a2ef16dff2a6fd
26597 323cfaf31ef20071
26598 5e179884bfda528e
26599 fdf19a586a28643d
26600 ddd561d350fe7313
26601 757802fde26f1bb7
26602 b37359332db99457
26603 2eca8de5a0aa87e9
26604 8201e531ba32f83e
26605 30aff282c8d0fe45
26606 7e38a867a3c1f5af
26607 41045cf9c67488c2
26608 b50af401422af6fc
26609 db095192e574ac44
26610 02494fe2a4a25439
26611 e67725c3d3ae61c2
26612 24cf3c96af474ca2
26613 1635457bc6cba138
26614 13f97404ee7dd450
26615 c14d0c13a7552716
26616 4729c6bef741e01a
26617 d9eabf8cf0c85da3
26618 1259d63d68a672cb
26619 8bf0c8028660e7f3
26620 a2989fd804991afa
26621 cc772a0b1d0711a8
26622 84ee8855ca662d4e
26623 642a72b035663eb3
26624 efda0368edff7f73
26625 a24aa9c921af5690
26626 ad06f9f974dc9c88
26627 86a55a36f33bc433
26628 361e74fdd956a1cb
26629 75434fcfd4917e0c
26630 b555cad57b95bee1
26631 8ae3ca8c5025a0e6
26632 e5cd1ed23df8e31a
26633 a23b9f2457e89e47
26634 c29beeae765ad537
26635 7218a0f605d7d749
26636 f6a90ec1e6348539
26637 39a579a12df4db45
26638 8164539d7eaf5e97
26639 d83ea6a81978a712
26640 8f186ac166b36365
26641 11dffb0ffc8fbc28
26642 ebc6d89ad873b697
26643 0fd6c39f1fa57fa8
26644 c97e80d95c6a84a8
26645 8171a328ba0c7a77
26646 0e50a74268659605
26647 35a60fbee26a962e
26648 19ecdcd9f387ecc0
26649 e2ca7990f8aebccd
26650 dc051dc97d102964
26651 bcd6461344b43f67
26652 ca54c7faac967efb
26653 f71d3babe7ccd503
26654 1d29abcff7580ab7
26655 34a7edd1270d0d7c
26656 cf900a9e27c801db
26657 11ef81e286b09aa7
26658 b7e4812bc0647fbc
26659 691fe6a61077f7a1
26660 720b8f2d21d7e6af
26661 983d79cf1faeed3b
26662 01d1b4629663027a
26663 2396997e0c2bdd16
26664 ca69580757061876
26665 70f81c286eb62848
26666 4b409a16b5c69ddc
26667 793e229f42fd1a6b
26668 afbc4ec94bbf8346
26669 09123e1ec9551373
26670 fc26df7ccee31e5e
26671 f8e5e317784b0dad
26672 b1708959128d92e4
26673 f92a57ecf2131676
26674 213e7e96571b5278
26675 e6841c4b52fcbf01
26676 dc5900bcb48e0454
26677 ed3f7115f1e032e5
26678 4d8b17649d8194a3
26679 b3ea95d68fe48794
26680 dc3dfe9d00da8465
26681 504ff9e9cd963c6f
26682 a71e82292ce46c06
26683 86bf3eb448bf0ad3
26684 d22ff762a10e9552
26685 b2c2338ac6d904e5
26686 449ef63145cfd08d
26687 5479a8a31d5865a7
26688 21b1dae2b5f9f443
26689 fdda47cf77ae9e8f
26690 32d8f4c231339c44
26691 520568301709cb2e
26692 0c8ee15cd4cb4c73
26693 7dcf26d6865a05df
26694 d6e47ce1a5888756
26695 5114e39fdc2bed88
26696 96985f73e9cb000e
26697 c84a93d1f60cede2
26698 5a3173b5c5a44e3f
26699 11b75c2f8bda242b
26700 bfbf73e776af3bf3
26701 99c5570ceead8289
26702 a2ff574eea32e89f
26703 cb4e5e54aaabd3c1
26704 c99f0073263cc206
26705 d90827e12dd9594e
26706 cb5990fe0e005787
26707 fd8f7432de2ef645
26708 efcd6fa1846d45cc
26709 f56eb38b567f3608
26710 bef662242fb0859a
26711 8a5ba7972df81929
26712 fd5def0ae31e1a40
26713 b39fec3e7534d1ce
26714 78cbd50cadf2d640
26715 7d1102b7757217a0
26716 1dc82e12e0cf0bad
26717 ca00c82dea61614e
26718 1935ad376f9f6bab
26719 de54afaa79fb20cf
26720 4f1ae4d533a27a7d
26721 8f6d191fabfd896a
26722 42da59bf4468d642
26723 c29ab618c781bf96
26724 f895b7bfd42b3711
26725 d202768ea03a4adb
26726 eb64d3d1ad8ca732
26727 cf6f21be1a5a7f99
26728 3ab5750eccd919b6
26729 b83b5e0f62169c11
26730 9cef6f279653871f
26731 09a328423d8a85ff
26732 6a10cbc327541721
26733 3f25e977b47541cf
26734 de485667146366ca
26735 9d6ab0ea5bc292a1
26736 b00c3032ffefbf81
26737 b46ac372b82c147f
26738 25a930bcb7512951
26739 42ca7a4e34a96a78
26740 3316125a15ee06da
26741 61a902349f6cedc9
26742 caad8b1fad3442a5
26743 dadcb0e3a53610e7
26744 a571368c6913b7fb
26745 7b5d1487e7dce983
26746 d7b71848a4651ead
26747 27e175e8c602b777
26748 0bab68ffc43996e2
26749 abdeb3c380c73a1a
26750 63fd08de4b87aea5
26751 9e52cdefe6af93b7
26752 8239f0ae8b219008
26753 a1cb1956c33c4ac5
26754 4e8eb8ccf5ecf3bb
26755 23f8b18ccb53df5c
26756 5949cac3fc52d7d6
26757 e657df31c618799f
26758 af931723fb8b17e6
26759 6965784910af98f6
26760 0446115cdc9e90b8
26761 8796e44138a2b958
26762 3a234b6da7209bc9
26763 65f472d9184a3736
26764 169d5e138fca0594
26765 9bc5d0608c84c771
26766 075664af73eb8914
26767 7173fb705fc981b5
26768 1dc7eba18bb2ac73
26769 87bebbdb2e061b7b
26770 7fa087208fd22be0
26771 b77e01d486faa375
26772 3aea073158d57bb4
26773 851ad856c83b11ee
26774 a07c11ce24af26ed
26775 617e7b334a89b5d4
26776 8ebde736d89a7f98
26777 5c95182cc963e366
26778 76c45721b4aa1dd9
26779 02ff55e7a1c46706
26780 e777acc83c2e8861
26781 efb71d972ab939c8
26782 25297ad158711e13
26783 d31bbc7a9ba0c609
26784 a8a14c62c386c18a
26785 2ac3b63b0042aeed
26786 1530c3385686c9cc
26787 b7d2ad97611bfdef
26788 05d6714af42ab466
26789 fca97b56ed36248b
26790 a6e3f26a078005ac
26791 47b79d5379fbf460
26792 e9fc21e806ea5639
26793 b63c085ac5472799
26794 7d9a3239e02bb9d0
26795 008824f3fa0fe20d
26796 6aa51687eb245141
26797 15adc25b19454404
26798 902263cd10fd1161
26799 2fa58cc8f3abd1b7
26800 e21daa29a054d039
26801 da0e98d6fd9e4dfc
26802 de5eaa53d8c194fc
26803 3ec94b7865f35c21
26804 c4aca56b4014a440
26805 e4a5d9eb27bb9517
26806 e9ae435f0511532c
26807 5dbfe859077f4f1c
26808 8866ff3ae7102b4b
26809 fbd00d3b2cf95394
26810 183ed93dd4e36b2c
26811 1674ae6d42148788
26812 fab6c8885c9e5d8c
26813 ee1449b5a3496993
26814 53f5f79b752b4b5c
26815 e6ef8ab7bf3874a1
26816 4c94c6f15cadf30e
26817 9c8d7765c6521c94
26818 216ea7da1fad4aee
26819 01e6c095ffc17b92
26820 cae1070abe3e0ef1
26821 fd69284ac374fa83
26822 4b3ec9c4fcedb976
26823 0b3ce84824c04b50
26824 c6a939cbcbbb5422
26825 95b0ec213170f503
26826 970bd709a8b16856
26827 5d22f48b66159553
26828 cd8c15b49782ec3f
26829 ee93bda19c501819
26830 72f04c3938766ca6
26831 e09071329bb943fc
26832 247fa235eda4a22a
26833 31dc5d2e20eb1390
26834 3edd7f059c82b56c
26835 7b039e22e536ad95
26836 80fc4f8d8216b5b5
26837 f04eb87d4a5720c8
26838 96215dedd83552cb
26839 52ff39a6ef7c687c
26840 b3a23746c25081b7
26841 914d15a7f9b848fb
26842 9426efbf3c65ab41
26843 5260385585f61766
26844 15bb32a97980618c
26845 e2145955aac855f2
26846 9054e8fc5d24dba0
26847 6d3fdd37b7015d0d
26848 d464d74247da026a
26849 b33c81cc404722bd
26850 342a2a8a255296e2
26851 5ea39d1a3bab002b
26852 8d09a8a327ad5d55
26853 daff067bc9cfbf4c
26854 8a47d70173699a20
26855 9bf78db092eb795b
26856 cede7aafedceef40
26857 876b3904bad55b89
26858 e1e6f6608da8a71e
26859 0c5f8d8875adc649
26860 7a3380625785dab8
26861 1e6753000ef6f649
26862 9da148c840d3b1fb
26863 8c28a2426378d3ae
26864 372020bd45b03ad4
26865 2e10b0ec47fc0bf5
26866 f60aecba06daceb5
26867 ffc68341437707c7
26868 fa9baaf91f910325
26869 3a325eda01f7b12f
26870 8ad9c74eef687605
26871 cde10c222168d141
26872 815129193335f38b
26873 ba1afc938f10abd1
26874 83e99448c0648684
26875 4df7bb616992ee1d
26876 20c11e5970119744
26877 be5677009b2bf7eb
26878 b4e0a6abfd99661f
26879 7b139049fc66c335
26880 333331c19531926f
26881 d0d430773fb7e422
26882 62567fe7982ff110
26883 52c18ec70e24aac8
26884 488dc66d8eb99c44
26885 b93d7ffcc4a2b07a
26886 7d07474c3db3aea7
26887 f4485cd395a18531
26888 4406e6e13ccc45e9
26889 3fadd9455efb8099
26890 692a6e202067f926
26891 2e06143d2f94e793
26892 5158f58bc4c43f91
26893 b1b133020a76c6c3
26894 4f00271c85942fb0
26895 703a0f0d2f6b96ab
26896 15a1bcf9e3d55b03
26897 a1addd9116ada071
26898 921612e21150dec4
26899 a9ba03e0a5cc64ff
26900 e68aa064067f94b1
26901 e3eefc9d5c23bca5
26902 3139301ff82a6a6d
26903 e7caaafa62115ccc
26904 de436a0151854502
26905 e97eb8a2750ba5df
26906 22dd7290b59d109e
26907 64ac3db4fb2c3c2e
26908 5dc2fb46fc68912d
26909 e2bb26a263c27982
26910 863881fa5a2b3af9
26911 08e5b1953ff2e1d3
26912 80204e2cbee44845
26913 e3abfe697058bba3
26914 62e204d3c4b949a7
26915 eb076b72a61431ba
26916 7357c6747cb27737
26917 0d7b7322bb683b80
26918 bc67881e17e8528d
26919 5559a069fe19406d
26920 9eee1fe4c818b8b5
26921 0e6311a273352e0f
26922 0ae2bfc343a00929
26923 42f5fa295cdae749
26924 5a0b118b6d6c600f
26925 f0daa91248767459
26926 5646546c226be551
26927 5c8ead25d089c987
26928 9c4e5abacccf2c29
26929 0d8c565237f864a4
26930 d33820c4d658c6a7
26931 55a0cabbe0a9346f
26932 df6a6546af1e216d
26933 559d57c4074a55bf
26934 9c3b479ac7cc8155
26935 9a7d84ae9d567ede
26936 d3bb29b69c67432d
26937 17f96144e443cbc1
26938 4441e339e5b00a9f
26939 04811fb62791d0b5
26940 36b82dd11ad70604
26941 73ecbd6acc529229
26942 d1b80eb1f5df1a1a
26943 fb5b10d7e7a8665a
26944 7d753d827a991319
26945 cb6769925c43f8c6
26946 b81b9f2317dcb4d3
26947 f96bf72a2b62b928
26948 12498ca29e08b567
26949 65aed5c70f56a5af
26950 0a39ebe6bd2a0006
26951 47efa3d6533a7cd4
26952 ef80aa4b940cc557
26953 40f9b61b83a17cbc
26954 2e33640e456cfd84
26955 38c8a89897b6d06e
26956 326385266f12c642
26957 cab77fc0ef0d991b
26958 3991ab553b094d58
26959 bd1ab763cbce9d72
26960 a2161f5e03eb3b8e
26961 e764edf2fd724155
26962 2c665ca65af703c8
26963 21edb87e899d24af
26964 e35e1b05a889561a
26965 04ad3e80ed58ba60
26966 5fb99a63ee7741b5
26967 cf32d644d0ba2379
26968 c1e118ab2dc82db1
26969 3bf0a890cc53fe81
26970 75b7b70d7a25fd15
26971 a448da29baded78f
26972 3d87d08d961b544b
26973 ccb9f58e81d5e109
26974 abc66074d58d328b
26975 c4b29230e4bdf4db
26976 dfb13254c1bc2e4d
26977 b87e05ccd7ba6f8c
26978 049641b7c0cf583b
26979 3fee6bf1f46e508a
26980 d7d4e92846749a29
26981 8012012fb3b20959
26982 4deab75080b295cb
26983 c97a9271ab709e81
26984 2b65577b5af3550c
26985 cea7c39eacb0e4e1
26986 2a0f34e6a7833e9d
26987 a9d8329d903962e5
26988 8eed9f15e9d32bfe
26989 8f8b324cb214fc1d
26990 4461e8ebf534712c
26991 834fa04435912883
26992 e2c25125c1d33b5a
26993 b76e167055b08d66
26994 94e55689191cf470
26995 014cdbe0c7b56d89
26996 64841a07bfaac802
26997 7c75ba5afc764832
26998 7a4a0cf4cb4d2c82
26999 3385b408a5907864
27000 f40aa351f3180193
27001 62c46359b98311f0
27002 84f7d6359683f15d
27003 7b242e151188931c
27004 856637cb9e0c9767
27005 89f301472665d8be
27006 da1598757f83102c
27007 db262d30d22d54e2
27008 3cba862b05a2f924
27009 4c89b045d9299e72
27010 1f82dc7d14e10971
27011 5cb30679837249d5
27012 67c0490fedfd3d7b
27013 20064c767c46a589
27014 21f962f9ffce0302
27015 ea0ff75c0f5fc9c9
27016 c2eba7add610d392
27017 4183386087d68c18
27018 9b98a430a3b39589
27019 ad2d0b28dff949a8
27020 1ba94b4b66819f7a
27021 2df90b219442ca01
27022 51fa608042b216b1
27023 150bd3a632738a15
27024 f19312119face41b
27025 21ac06771f5f85cb
27026 cf32b9aa95088e34
27027 08c009a7d8b4f530
27028 6cadb99d0ad827f4
27029 0a277fee381d81d3
27030 2d0d4ab4a9d47b09
27031 c0f7fa8ea4c21aaf
27032 ee0aae496e9c1f62
27033 f6c47e8a37451243
27034 f2a24d0bec5f5105
27035 58b375801c3bbbb6
27036 853121f6e68740f4
27037 07561cfc14577b19
27038 1af2d8f50f132ac4
27039 a0992439145b7450
27040 207ac726c0a8a6f5
27041 4f522dde802ae3e8
27042 9721fb84657576d7
27043 9dfd3c2ae816defa
27044 7103ec259e7e0a20
27045 e65e778d49f5ff7d
27046 2dc20cc01a33b7b5
27047 810b0cc5bf7e8cbc
27048 2355e284c4e0c02d
27049 ac0fd743fe514bd6
27050 2bb2be6f70f97132
27051 1bca4404ce3e91ff
27052 dbfc4c70e95c944f
27053 a5415c5a9a2a6243
27054 c8620d5dc9fbd88f
27055 97aa1508dbb15165
27056 d8947f27d26db3ab
27057 8bc7758a17578668
27058 faa1fa01dc721819
27059 ef759063c330b182
27060 d089b92eb50ff231
27061 7038c22890f409c4
27062 6e78938ab9bc882f
27063 d7d0e1eaa7e7c7e0
27064 8258feb16fa8218a
27065 3ade029bc2d32abb
27066 0427bd4a037ad6c8
27067 d7a6e1dc769c034e
27068 b126c3f8f491d0c1
27069 25a311e6f02c066b
27070 d453b9d9f883301e
27071 5a0fbd194021309d
27072 bc0c66c212d0f703
27073 12213a080d53d0c9
27074 860a756da21c5e9c
27075 206a30f7a3fb50d6
27076 f898de79b2f4b5a4
27077 47a11bc9bc18485a
27078 e12166c929b1535d
27079 c3b38a72f7cff0db
27080 bc530ac136e98ba1
27081 83ac11c617a8dbc3
27082 d920bdd1ded8a997
27083 f35a17d85ea3c4fb
27084 a94eb9eb37759636
27085 7dd7f4a2608257e3
27086 544fc0e455db4e11
27087 ef3245dee36b0a57
27088 b3b8bd484b33d52e
27089 044e2b5b5d1dab2b
27090 adf81799a50346aa
27091 30c02fbc9055ceb8
27092 b36fdfab5c886305
27093 fc6445ca925699a4
27094 addf2f9c6693fec1
27095 d4db2605fdcf8a05
27096 ec6df79e7ff85f55
27097 494d8f57c37a6578
27098 5f4675475e50eec2
27099 6aedd29b00fbf460
27100 6acc0587a479fe60
27101 30ff3455cdef4628
27102 3886817532e3bffe
27103 bf8e7d7f32fd2ee1
27104 82dc896d444b254c
27105 ce5b8f0445b91bd4
27106 f7a2e56dc14c0598
27107 ba08c49a9a76f4c1
27108 c93cfca3f273a43e
27109 ee4dfd7cac604760
27110 4f2e6d8df82b5312
27111 1c9770c4d5d0f597
27112 843512e4a83eb158
27113 239c0939ea89ddd8
27114 af353ace40570b53
27115 725e110076d6677f
27116 182104e6e20437d0
27117 9995dbd4275dcc73
27118 c58ece34e86b11f7
27119 342a2bc973b70156
27120 8d670f6116a4bacc
27121 cf4a352679d10034
27122 af4f685036d39073
27123 1e3831f2c06cf0c6
27124 7e1e66ef667b28b9
27125 c1866437aaa2cbd9
27126 9a68d884f718f023
27127 564e72743594fdbb
27128 2f739d8e9549dadf
27129 21888100b0a4ea35
27130 e633d6c29d35eaa4
27131 1d2103b1646eb76b
27132 ce322b6e63db01b0
27133 0e87f503fc129511
27134 911a6c5be3b621b7
27135 6e5aa2ca68de5c1e
27136 2b7d35694cb1ae0a
27137 7287559991da0509
27138 72d1fda992ea86ff
27139 98bd62d05b6a8d2f
27140 4fbc6048292ef646
27141 305adb2177b3231d
27142 c5907e55a8dc5d71
27143 928f5553c03f7ec4
27144 085e1078d879fae3
27145 b5df6190d4c42442
27146 d86df2822cabb425
27147 72d73aa005eed8f6
27148 2c50962277c4085b
27149 80b87c213af8c0d6
27150 aa5973b25882dba6
27151 7684e4d8977cbe5a
27152 34f7142e70349117
27153 0ab5a7050e0c7a86
27154 47cd3c342b019ae3
27155 3496da8b7ec1a981
27156 2febe0af49c581a1
27157 d28ced5f2fda5939
27158 69225ddcb0f028e5
27159 b67567849bcbe157
27160 3cd345a070e3f984
27161 5093db9e228dc4d4
27162 b4b06b562f5c59ed
27163 d83a868682848b2e
27164 57b817cbd8965aee
27165 02c3158d6081ff55
27166 6cd39451684932a4
27167 ec21bbc273e45a9f
27168 c66ed6d29dc4b6bd
27169 6eb54a82734fe110
27170 df33abcd5d257029
27171 ef0f1e555a7000b5
27172 34c0273fcfcd6281
27173 d7e7dc1c1655b64f
27174 322a22bf3f016f4f
27175 98c3e78891adb3c0
27176 76b3b8b650457e22
27177 94c49c4e3a85d71e
27178 700680e9ca2934ff
27179 550ff513b5bc6188
27180 32884a7b6fee1e5e
27181 d32eca769e42bde5
27182 2c9493aac15280ce
27183 83d230236aed3fc7
27184 f68ef2496ce0f671
27185 b2e373ee1420f0da
27186 6564001d7a605204
27187 4ced749695e85fa6
27188 7a33106751f05d28
27189 5a4d2150efeab675
27190 037c63be6bc0be7c
27191 c3a152a91d02ac0e
27192 65c45bc96f4f9216
27193 7ab8396ecf3a37c1
27194 d0e04b282dce4b01
27195 0f866e71f4cc2582
27196 af897c5e62517607
27197 d872d537f87b1893
27198 d5a9670b3589fac8
27199 1bf4c73dca5aa4d7
27200 e06d985f4263405a
27201 b89c1893d9f4c547
27202 b564e7cfdc6fa4f1
27203 3a02e36836d1ffc8
27204 cfa20c3cf7100dc7
27205 c5e335badaf827a8
27206 ca67c3afde58362e
27207 966bb77f95eb71fa
27208 6990e76a1c732c3f
27209 0c4728ea2e4b69fd
27210 c383ef0cbcec3bf2
27211 b89c633ad16e184c
27212 2764ada77c43af00
27213 841d21ccc6dfce3c
27214 aeaaec1c6fdf74ba
27215 f7b2de6d4f258553
27216 12495cb67a17bd96
27217 d6686158e8a95721
27218 2095c17ef159ab16
27219 b1b439eb53599042
27220 8e58ed93b6b162ca
27221 b8b11ecb7c8afa86
27222 546b3a637045b7f9
27223 b8b59c1d7af8812f
27224 bbf43c47416de137
27225 ecfa2b7158eb69a3
27226 d79340b5833fcc31
27227 f1e223e47cef2d39
27228 46b82e1c56ce215d
27229 e681dc2c1a5b6f7b
27230 d0e69704b6f7b7b6
27231 08cb932e3a3343b9
27232 40b0fd1494bc175b
27233 cd861833b0faf82d
27234 8a2c6c577eeca939
27235 e5eb9e04106b483d
27236 38bbc65cd3521172
27237 039dad494bd84c5e
27238 617f94e6b39eefdf
27239 b7abc9e93ce140b5
27240 3efdf3f530ba47c7
27241 0f9aeda0ff32ed4e
27242 0845ebd46df0fb86
27243 ec8e46eba6849fdc
27244 2df16189c65d70de
27245 884bf052436b4063
27246 b96f41e9aa519271
27247 048c84d2be731ab3
27248 8d28d102695ea6b0
27249 318428831fd5071d
27250 69711b40f830e86b
27251 b4867ea0df8f4d2e
27252 9de18f2c2dd93b69
27253 e01e23d8be3af332
27254 31ad53cdd5ae64c5
27255 b3a054dffaf98636
27256 947a7b690aadb50b
27257 a6ed2023a5fbe832
27258 1d8e3a39f5cc4d54
27259 310df1036f50021e
27260 214c0e17fb040b56
27261 9415dcc0e9aea76d
27262 8f9db7fbef72bc19
27263 69a2df41804c0f00
27264 8a0b98a493a7f156
27265 6bad4e182faf2735
27266 5efd06dfdbda0999
27267 9f6e91844ecadca0
27268 60069fb48163f01b
27269 6d2eab8842aadfa0
27270 533d0775c0f90736
27271 6a77186cf8bfbce4
27272 f4944b02dd56668b
27273 1c14ed331b31d4fb
27274 fd362470b52a1d9f
27275 a13e95079cfc1f1d
27276 94fb9bb5dcb8a5a0
27277 6b1325cca8f202fc
27278 32b3c701cd40cb44
27279 07f3edfcaf94495a
27280 144a052a8ded9070
27281 54da249b863753a2
27282 a75f51f425a9bb0a
27283 a375d452141d03db
27284 78862305253acd43
27285 b67729c86a13d83c
27286 ad0f2b69dc616955
27287 3e213259aac6cc14
27288 25463fbc3c04cd02
27289 1d29679ef7048cb7
27290 83b3cd6bacae939a
27291 6586e126bcd3be71
27292 518783839696dae8
27293 e6a221e310d2818a
27294 43d4cc7616b9a108
27295 d36003bf7418f520
27296 ca62270cb0b4f0c6
27297 73ea098ca665131f
27298 38469fafb6a04a60
27299 1febae2b9d0a2ed1
27300 a072c25a69922ea5
27301 80e66e3d49be7061
27302 ff3f7c44804e2ada
27303 08aa61a7aa8b58cb
27304 e638fbf3a7a2ed5a
27305 b0d48c6d1e6cb83d
27306 19f23c15015defd4
27307 dbc964c935675823
27308 3d5a8b3669a4b386
27309 8730a3c40e8a7230
27310 173b08ada6e4b9f4
27311 f9237b01e27edacd
27312 8eaeb43061a5dc7e
27313 c0fcd6335de3a989
27314 81f89ce7dfb7c2f9
27315 08a625e1d3f359de
27316 15cc97c0e5314ce6
27317 cd852989cca962f8
27318 2445370138e8fefc
27319 82f478b617fbccfb
27320 f0698e6ef129096a
27321 ec7464ccc4afd18e
27322 4fa0827ee2191a21
27323 7a0d2e6d6e52bf8c
27324 259f53922a5c0deb
27325 6f728c7cc0a05147
27326 46647e693da85814
27327 a71381fca5b184bb
27328 d1f0b3c3683221e1
27329 58ebe7c77bba45ea
27330 cd06242a96c3a71a
27331 0bb89ba4779c8856
27332 290c41baa1cefc46
27333 8929a151e0cc5c79
27334 e256300f91815699
27335 95f8114776aee838
27336 a42fd20c686c0437
27337 f5267332fe6ccfa4
27338 26b2a79a2dcf617c
27339 9ec8d9756eb5fb7b
27340 da88d8aae6c6878a
27341 b5cc3e37aa691e87
27342 072a3261a5729ef7
27343 2dd94bce58a78c30
27344 ea6eea316b49e7e6
27345 fd347efb7c8b0c1e
27346 e883702fba44f527
27347 848e2aad4ba3e6d4
27348 183a9b22c777f794
27349 df7318683b6d42e7
27350 dde14b366ae99977
27351 cbaf5589f57d11c6
27352 1e007428f78dc8bc
27353 17ddf1a424076ddd
27354 9d72f53f337611a4
27355 e0721edb208de6c6
27356 5ccd7a59e4789439
27357 dd7f58bbfbdfbc5f
27358 bc66f6c35ea1123c
27359 8656ef8834fd0692
27360 bac08f26d776cd75
27361 554b268a5e410017
27362 12ee18035a71524c
27363 800073087a9e3712
27364 7d27f7443ce919dc
27365 443621896e90c9c0
27366 eb09d96f8eb6cb73
27367 5c370b2e5ee8669d
27368 4ebd85f72069d57f
27369 31485cc8b3a9c101
27370 8339317778d4b7f0
27371 c357e6703a995b2c
27372 20ff868504a84370
27373 27f19c14dde0abbb
27374 e16e9457fc574e36
27375 95ea8cd32d40938e
27376 7d038c9ef0c5d1df
27377 bb914c09c021cd8d
27378 8493b1b47239c318
27379 5b16c3501f0d94bf
27380 2007135cc113a179
27381 197b8090789accef
27382 27b2b59b14920bc5
27383 2c4ec3d053d52989
27384 353a1605b0a0efdc
27385 88c522a485dd3810
27386 d34aef93163c35ce
27387 3d8d235c90bd9daa
27388 d745005ff307fdb9
27389 9d0472eed98e30ad
27390 4b53517a666d7a04
27391 6e70e490294dff73
27392 8b044fbc6408312c
27393 1731d68d850c125c
27394 72a480b980436876
27395 71085000d912c95e
27396 ef26c11a5fb35df7
27397 baeaa1e6db43eb68
27398 7e10a4ad2ef60401
27399 96ccae6d165f44cf
27400 e0ba7fd98d4678c1
27401 d8b894861e64d8e8
27402 d184d499f6127ca4
27403 4f875d16cab3c4ed
27404 3af92b353bc31814
27405 e385ad7b5bd0e1e4
27406 e3b380d30c63fedd
27407 96ee097b8a484769
27408 ecee099108a992c8
27409 88713f9f6c61cd97
27410 d00314d45fd56286
27411 838392279572bbaf
27412 81981a58093d989a
27413 7060c637a7b136c0
27414 b31606af0c4f940a
27415 62d38f2343cc7da3
27416 92a1d47eb4ec4bc3
27417 8df67fa85d0ce969
27418 eb1b0d1a9a504d66
27419 dc427d59c00d288f
27420 ced19b0626799cf4
27421 2e586ed70bdd7210
27422 c0aa904e4d92c2ab
27423 fd2f9b60fb506326
27424 9b1804d8647fc8b4
27425 c065e0e94ff723ac
27426 3a25ad501f621209
27427 2d1bde96872aa6c4
27428 a8536ca6257b7c6c
27429 08ddbc3f738d1c09
27430 9534a7c894cf9132
27431 0fd43526437171ce
27432 b935e4b9bbb42e97
27433 ca692938242aac12
27434 997883a004e041f1
27435 44261b6f57e031e4
27436 e44e65860cf2a4d6
27437 12fa724d18afcaf2
27438 594e89b9a6134d01
27439 2eda77b8464a0659
27440 937f4b8b429011d5
27441 c261e89ce1391d8e
27442 4ba12a43896815b5
27443 9f9631557bbf4442
27444 34feb51b4f721062
27445 dfa40556f525f184
27446 5b1cf65179b27139
27447 01543f2170f76e70
27448 4c68dda027a6f93e
27449 f756fb8edb77c2db
27450 b8c40db8e7d9f8b1
27451 46d0882ba04eebe8
27452 ae5ed53373404ec2
27453 2cf61b0b006582c4
27454 121038bb40513e4a
27455 3b932a600cac598a
27456 69dbff692e0bce03
27457 d28d347fda429da3
27458 8f44cf22cb5d9f28
27459 3767ee992be1b614
27460 1bb8d04897613cd9
27461 17670c1221c62c30
27462 21cc865f65762531
27463 bd825cf50f47b161
27464 b1e2064e1ca82f70
27465 f01598ff1192900f
27466 94a9c8bc49bd5a02
27467 09d21f0134af1aaf
27468 61ec6330d2b6a1bc
27469 c2fa949b5d0b8dca
27470 1c919a3c820094cf
27471 9d15fc76d6aff909
27472 6c1e2d0805fd5bc6
27473 46d20c4bf66f9946
27474 85e09687dc5d4788
27475 f0382102bf885823
27476 77689f4715b82fcf
27477 8dccd248af5a7c56
27478 6d407d91fb47c790
27479 e949d56ad9da08fc
27480 d7d0f6c0c42249c2
27481 e4afde843cdbe653
27482 525e65ee9ecd6d9d
27483 f8649fd430f4fb12
27484 e875c5752bc095c0
27485 67f41aaab74212be
27486 17b12dbfa59a64b3
27487 e276c0420f69223c
27488 49ced92a69a1d774
27489 ca412f26634fc786
27490 4c905ad86852a98c
27491 58c34831f2b2b0e2
27492 8e2c4f5c1da24bd4
27493 227c94d3ebe6b512
27494 9f9daceed4a9a8cb
27495 6a8de738226093d9
27496 2a49a8a8b49d1cfd
27497 b58f71085de1ab2d
27498 eafc79629bbaee0a
27499 b50c698dd1a7e5a0
27500 f6b9d57549ec0ab9
27501 c7b52e86cfc93311
27502 92894c4352a4f1c1
27503 e247e32de249e631
27504 4dd7e8d2dbcf1fe2
27505 69db99752a8db854
27506 8655602458a3737f
27507 c6aee0b793dd2858
27508 ab1712b9ea0ba1ce
27509 36b8ecd1ca696aad
27510 f42482802c1d5f45
27511 5f1b56cefe8ec3c9
27512 c5084b664012627f
27513 76393284b395bab7
27514 5ce050bd7211746c
27515 ec9f054eadb64a79
27516 e466482347940cd5
27517 49add34f4bd577af
27518 780706fa15d74067
27519 051f29d9ab934a71
27520 29dcd7d8180207eb
27521 82b3bcabac6e2062
27522 6515939c1c514a35
27523 f2e95ffcb5a6a9d7
27524 24d3988d4425f5cf
27525 cc2e3ac077369b9e
27526 e0c0a72d5d236ab0
27527 24562ceb67a45fa0
27528 f56715fddd7584fc
27529 2c91553d77bc3034
27530 93e656f3f7a12d7a
27531 8bfaddc431f618d6
27532 8309b061cd0a8275
27533 59b2ef029b88928f
27534 2b54e4a71c5c0275
27535 d4f0729c4c430679
27536 8a028da56392039d
27537 a3a8b2e2ba1d0abf
27538 0c7f823af4d0778e
27539 a846d769079adc8d
27540 cd0f09960ff009f1
27541 880b219a47380674
27542 06392fc2575a41ee
27543 630629041d7e00bc
27544 2be9bd7d3c18d684
27545 8839a9d263b61d15
27546 137d959028068884
27547 7aff037890a1c7ac
27548 9b78c2f5e808baec
27549 9de66b6c7de1a619
27550 964929beb579034a
27551 288e8a17ff28e342
27552 0027ec266eace3fb
27553 f2f9f6b60daeedc8
27554 2efc0bcc03c30081
27555 ba71c0a6b4c20196
27556 4adffd3db47d5400
27557 e9e9a6741c57dce7
27558 3e2055b7b7ad2781
27559 e24ae6e7ee68f411
27560 8aeebe6f80f647f1
27561 b8c0d7af8b5a49a9
27562 f2668459ef10430d
27563 13c116e53ab55eef
27564 7e16943769692cd5
27565 7cc55e339c87746f
27566 ed10066e9eb7e62d
27567 957bd779b5bdbcdf
27568 b97c8a5235120ef9
27569 6e95830cbe3ecd67
27570 77293c7e94655ac8
27571 dbf4d974418fdb18
27572 a6202739ef018b21
27573 a8f072a54f3ca120
27574 00d7c993a0c03469
27575 a3ce99dfb570422b
27576 747c71a66361036f
27577 2f313df7beaa247f
27578 c357231d779af56f
27579 0fd02030124796c9
27580 57b0a60071a1fbec
27581 08453bd045f1d70b
27582 56cd856779c1456d
27583 f835103dc25153c4
27584 9b19a7a9c147916a
27585 869d2820916604e2
27586 9ed544358ed37b06
27587 5196cef2d4264bc4
27588 3cb09b4c14bb0870
27589 a5f82b9a5275cd8b
27590 6c2e2fcc8fa7e5b1
27591 a23ed5fb725dccc6
27592 692c06217bad4e1f
27593 0e6f4af59fc732db
27594 e988244ff6ecfa57
27595 8e92fa2d8ea33b6e
27596 59d7b20ed6632bdd
27597 4e035bda6aca9cff
27598 35116548187d8f24
27599 96f84138908c0519
27600 1aba6396fc2af06f
27601 43fff92ae6937d16
27602 7025fb8a7923326e
27603 550b34be23839192
27604 0e0d3b23f4ff9c95
27605 b4e7c1460dafdf55
27606 ecce5f316970f011
27607 e32b08c0b30fe27d
27608 5e6e3a672da28517
27609 a43a645bd6e195a9
27610 d139638c186d9fe9
27611 c019a758a68edb3d
27612 a5f0602cd8fa131b
27613 33d084684830dd0c
27614 3012ef34b9da7bd3
27615 65e8d49a92211e5a
27616 b4f7953e030ceb08
27617 6ad55743743fa4a9
27618 292ae407b2546798
27619 bb9f0bf6699945e4
27620 310bdc6910fa1b2b
27621 9b6ccdc5682ee710
27622 4e6311fb9a4e2f7b
27623 5f2df9a98c01740f
27624 b61e84bd0f052b9e
27625 c38b35a0a165152b
27626 6335275a06ca29d9
27627 ebd11345595cc308
27628 0bedc7f33127edeb
27629 eaf795dc3f8cb265
27630 4cdc3fb52dd7840e
27631 b1abd607c83ad1f0
27632 f26342d2b77b761d
27633 f026a3e5dfe00658
27634 517c12edd98b705a
27635 ec8d0e152eb32cee
27636 85adf76492541f35
27637 76ace7ca667a4c72
27638 b81809b93e6cb560
27639 2028e091e7dfa3d5
27640 77697ec670dfa76f
27641 1285fb1d92db6cf1
27642 576de0e01082126c
27643 72a6f894b8773545
27644 10a6c0be1f0ee8b8
27645 58b90ed67841cf5b
27646 f3cab46396f5bb66
27647 0091a59ab5b25852
27648 73253794e56078cf
27649 1b37812dba0cad2e
27650 adc000ee7446b52a
27651 c961fd6631b5f9fa
27652 02e9d7621d1facd4
27653 2527a7272ced747b
27654 712b21645cf662da
27655 700998fe9c6180a9
27656 24a81c93a1e50c15
27657 6bf7c8aaa13fc262
27658 f88922175d1325f5
27659 14c9e468c0839706
27660 d8806fda3c2269f7
27661 2cd09e2e7ec677e0
27662 de63095af195c0de
27663 5d8b8c1eedd2d525
27664 374713c7cf33c2c9
27665 c4f82de9352fa21f
27666 e6eb3c7bfc24b967
27667 36a3d96f841b973d
27668 e75b68860e35bb93
27669 5151ed185f3f84bc
27670 a711490b8a56a413
27671 f9be303a2d8d0196
27672 7493c0ba0dd4fdc9
27673 3168092683e08168
27674 944586e8c456fc50
27675 4cd8050e44bcc3a8
27676 e6b946bbd287c5d1
27677 a5c9548a1cd48767
27678 4781ca4c51fd4975
27679 d2be92c652549d20
27680 f2e973518acd6701
27681 3c67c412cc7c354c
27682 be27325ae9114d7c
27683 4bbd585969740e71
27684 7af532c1e1f0aefa
27685 b24489d0a19f725f
27686 57791c6cc74e4533
27687 81df41f080fcf91e
27688 f80e21e148c9730f
27689 eb614f3de893386a
27690 83437b7ca95a6bb5
27691 23da1a088c3dd660
27692 d5764ea803d340f2
27693 9004893b18fdb077
27694 0e8310e7c8b07edb
27695 af6baa3fde1c1ee6
27696 6c6d245a0e0ee03d
27697 d7854d4bae86e908
27698 a3c7e63fb3302de0
27699 e6af12922b35e735
27700 784ba3d821fe66be
27701 067603915a40a553
27702 e0ef0b159a6ea8e9
27703 38f19c9cf0e25334
27704 3cf3b89b82c8d479
27705 bf77f163773e3c84
27706 02978089a8d64bf8
27707 5c0349c33fd6826d
27708 4c1d4202984be2bf
27709 d9331bdfba32d8ca
27710 bb4b263f4815db9f
27711 69eef8b74f5a592a
27712 ab5f05d7bcf9b189
27713 1b2220577d62b584
27714 44f74d6c26d5385c
27715 cd5bc7a1aeb5b7e1
27716 28cb5c4d2f3f3c33
27717 e413069ae6c218b6
27718 1fc3ee66482ffad4
27719 8a467254551b0d51
27720 023628fafec8c9f8
27721 4219691f547e08f5
27722 bb7844cc336667fd
27723 8c186b2436d95f40
27724 2ac889a68c11e052
27725 bdcdcb43a4248d07
27726 82d221aff6d4a89d
27727 862079f9456b3901
27728 194554d3f749ffdc
27729 36ad06ebe97de320
27730 b1dce2f091c9d297
27731 f9ed05f15d6aeee2
27732 2bee0bb890707e93
27733 66cc53c09ad4131e
27734 18be6958b0164fc4
27735 211d398f4d0f1f19
27736 92be241d0d53924c
27737 f87e4c84320f0f41
27738 5f693d2a35919169
27739 9ac614e5ebcf44d4
27740 e8f291b579e171eb
27741 1c0b3d9682edeb66
27742 76b072b96e3a97a7
27743 f19b689ae966a512
27744 d69dd8266238ea21
27745 1e0544d6c7b5715c
27746 cdcc36068ae86054
27747 bc31614506f782b9
27748 8ff310b70b0807df
27749 99864cd7010e96aa
27750 44247ca14cfd1093
27751 c22db30322d5ff2e
27752 bb8ccb902717db9e
27753 bd4142d8fa636ec3
27754 a884967958d68ddc
27755 0413b778ed4e7da1
27756 c85339bdf0deac1d
27757 f84b45314b0ad9b8
27758 52c80fb1c5681eb9
27759 ada9384607aa7f54
27760 bedffbc1adcbcecf
27761 7a782c4476861c5a
27762 42e6a924ca6a4ac4
27763 d29319a748e37da9
27764 5c3f54062a4f3375
27765 c352559445317b10
27766 43138e572838fc5f
27767 f69f6480dfb3742a
27768 353f41b8d3c6d8ca
27769 1076a411de214dff
27770 b1501bff435b6d60
27771 2a3f2beeb6e95a85
27772 bfb467f07c061b0b
27773 e855e0bd10fb4106
27774 c5fe4b8388f0b2bb
27775 d5714f4ec7153ff6
27776 db89c712f7324792
27777 06d34d25e28be427
27778 28fdf56f4bcb7df5
27779 b1383c315230c490
27780 de8cc0b09c078721
27781 41ed25449a69a05c
27782 922d9889cd7068b3
27783 303adaaba239034e
27784 d130766ed4c5e13a
27785 db97749d13efaf2f
27786 f43de672431dfbd0
27787 9eda1f5c2b5e5235
27788 87f9fd66bffe5afb
27789 31e02365156fc1ef
27790 064b0066b2b1ff8a
27791 595dd5abf6ac0ac6
27792 07169506f2a6f0c2
27793 7edb0be32fcdf157
27794 216c1786d263e9c8
27795 67a2eaf2ca9a09ed
27796 ae6c301908926013
27797 00630bcf0ed083ae
27798 89c30420d337e23f
27799 c8fa8bd9a934700a
27800 0f5d3f8d396508e9
27801 70a5bee140f16504
27802 dbb3bc9d592bbcac
27803 05b7ee5eac4de271
27804 1e41a46975a253f7
27805 54715976ee372962
27806 92ac6727c97a255b
27807 7ec097feb8557396
27808 f41389d5966deeb2
27809 812281b770d006c7
27810 63b2be7de20a19b1
27811 427fefb332ae51ec
27812 c5ebdf258b47ce01
27813 97e9fdd5aba02e3c
27814 933c8511728b9c53
27815 9dc4227119a9faee
27816 1600894bf89b145a
27817 1557a93ee79967cf
27818 011c927091e7285d
27819 e14d34cdff1c74f8
27820 c011cd1ad18d9ddd
27821 59d5b9c63ed6e978
27822 8500eb6715fecf5c
27823 c70ec366efa4ea21
27824 000a9d1f380df162
27825 4a0ecf57b89d55f7
27826 be0135856cc4e61f
27827 af742a782dbeceea
27828 60d7cb6434fe89ef
27829 a84bcb204f7fcefa
27830 89f3518e5e017745
27831 dd23a7f1556e8720
27832 480489d972686e8a
27833 c1fe0e9dd86f64bf
27834 773b4a4d8d1fa797
27835 b8ea9493c8f0c302
27836 e4661c210161ad79
27837 38b13250a2c8c514
27838 e3755159caf24860
27839 89845eb6ed871185
27840 06ad2c6105bd5a46
27841 cb49cc4db928e74b
27842 c0f46a9ac54a0f51
27843 9f20ea637180630c
27844 80448d8851d52f85
27845 da5d0584f076b260
27846 163d7981b4412f48
27847 2ddd37a46e30396d
27848 ad7fd0703d2a050b
27849 7b72a731b248c806
27850 903535a9614b435b
27851 ade8db2b836f6bf7
27852 71e596fb1e0e918c
27853 cc1026ef8db8b698
27854 3e54388ff07f2e50
27855 f2f3f7fd00416ab5
27856 b3be5e1c2a9adaf6
27857 20879214becd3cbb
27858 69bea6ebb6323ec1
27859 4b5242d56bf970fc
27860 e4fac1b05c792fd5
27861 4e8e2d3fcc7c4870
27862 f3347e5171c8f6b8
27863 9ac4fe09009ac21d
27864 7b8afdac5588d06e
27865 e05aa42c17a3b0d3
27866 06a8e49013fc61f9
27867 7d93e69ad6842694
27868 8805607d769d0d59
27869 dbb70818f899fa74
27870 f66859187fac7c1b
27871 b2d5e38494db2056
27872 b10225ccd8614d72
27873 ce8584f0a5c7d587
27874 2baeded397a19d55
27875 a35a92519a8e03f0
27876 82c5b39f4a2b5f25
27877 31f3ec8ea3edc700
27878 32f06930ded9c8e8
27879 3d3c782ee6e6f88d
27880 eafd3688dbf88a77
27881 d8ff95116234eee2
27882 2a3ed579ea19f03b
27883 2647c1b961028176
27884 f84b6f03a9a3f69d
27885 dd1db8c8b1ea8738
27886 e4d34eb115186bf0
27887 a57c27373964af55
27888 e951842695cf7d93
27889 5e324083bf73cf2e
27890 15c8cef505a5dadf
27891 c026b610c0ca7eaa
27892 be35cf5eafe7e352
27893 93dd2debe04708e7
27894 ace46482ac07ead8
27895 e802a7fb78ec613d
27896 8e8ccb65316dc2c9
27897 f9e7793f1d104fe4
27898 d6fea77b3304502d
27899 a428284575cb2108
27900 76046e76c15da88b
27901 b8e661573c17d386
27902 554fd0c16e0c65a0
27903 5376a10a4610d8c5
27904 2b64bb4e6e339ec1
27905 8fd33261921cccfc
27906 854d3ccfb7928113
27907 a7d6e408a33bf5ae
27908 4f2a1a93652a89f6
27909 025c6943aa5517bb
27910 bbcd7aaeffff8ba4
27911 869e5f513bf64e89
27912 05e7fcc4a675e097
27913 8d9edb74d082b463
27914 66ea90f4147e560e
27915 285cc7f59ddc7792
27916 43b2e4a48de736fe
27917 3c65c48b7bd27fa3
27918 c4c86dfa6586bad9
27919 78e326f7075692f4
27920 52db390651350dd5
27921 811f71380b2bb370
27922 33e1f640f4ae5cff
27923 96545db6fcef5dca
27924 46741136774e92e6
27925 a5012f21cbf9096b
27926 07158f132ad40154
27927 f84523ed87375cb9
27928 0bff6c416155e587
27929 939bb45659180d72
27930 786b28b3d46522f7
27931 391567e02c0ed262
27932 869f5bcff63c95ee
27933 b3cd2e7f921e9553
27934 5de908e64adff3ec
27935 56d8f8627fdf36b1
27936 cc8161925a967f5f
27937 e3b408607fbcca2a
27938 2681afdb330111f3
27939 d1f1559ec5c3c08e
27940 76f31e1810c522e5
27941 2d77a5710c784dc0
27942 0b6564d51e3298a8
27943 1189787927d9c94d
27944 bca8d1e4a5f4ca6b
27945 9a47e1f49c054ee6
27946 d28b96a2c1645bc7
27947 57af3e5bff7117b2
27948 4761701d2b68169e
27949 59d64b7204b974c3
27950 8780e26fe7bd208d
27951 3d6cd16a014847e8
27952 8723470f1de7f1b5
27953 1a0733512b952450
27954 df572e3d82bd849f
27955 f4d57db0139a426a
27956 67875351a7c77f86
27957 92873291d7e94d8b
27958 974c09d3cbec9501
27959 c3123b7246ccc13c
27960 461c30d6f6354189
27961 92b196bb301ca7a4
27962 ccba9255b6ecca20
27963 47b66a18f2fb3645
27964 dfeadfe90cbb3c0e
27965 c553330a86148973
27966 1698b162c3cf7cfb
27967 c13e4fa789fd5036
27968 4448ef883e848d63
27969 09d011b22ce810be
27970 6697d39af7fd5a51
27971 ba3367ced1c4a80c
27972 463718ce04e471b6
27973 8e365f5b5f2c6a7b
27974 997780f0ef5957f3
27975 92c07dc173c743a7
27976 a63add63555779d2
27977 c166d12dd4f05a00
27978 f72e2625ffdf4f04
27979 e2995ad237906d29
27980 528e09870e27ad7a
27981 68e8175bd62895af
27982 21a9df38920da8f1
27983 05a8d2fe0d08100c
27984 3d9a667c18ca4ee1
27985 1d976696d250f33c
27986 1a06f9e26337a5bc
27987 f7759900ea3e8361
27988 4403a73edf1b3d1b
27989 69ec7e6108a6ec16
27990 d5ace8a67d4c19b7
27991 1333484c9b906d82
27992 a94c63f142a8f639
27993 6d4c757f4f709eab
27994 60a33f837e421c2b
27995 adb82c03aaa01bd6
27996 4cbbf2b04ba7a78c
27997 9bfc28fabcfdc640
27998 99a87f9088a498d7
27999 3cc13867d2fc7d47
28000 11a9886f305a2102
28001 ff954203204e8f21
28002 a074b689c6e1869c
28003 adf9ec26def47257
28004 3531b58cfbd49296
28005 bece4d8cd8caccfb
28006 b1e504e72e3f4e3d
28007 fff2a80bda5b23a7
28008 0c03321e5bbd5e8d
28009 9ad69abdc4c0a9fc
28010 c2b1247799bb302d
28011 bd1eb757e5598eba
28012 852b5b9919fd7c52
28013 045e981cc53208a5
28014 cedeb49f207e3b12
28015 b31e7d3e74e49190
28016 14c6c64901830fbe
28017 04650ebfabb79a31
28018 e360faf68cf317eb
28019 7ef95da87c441420
28020 b38d41e2f4c343fc
28021 46476e25f2f54a9b
28022 0396abca185b855c
28023 87613be269683057
28024 191cad0a103726e6
28025 9ace9aaf3cbcfdf9
28026 a604003f43a5e3c3
28027 394d722bd68335d0
28028 5e8c03417fac7bb0
28029 1d3ff87a4baf7baf
28030 36add9326f3f1947
28031 0b80220b5022e014
28032 fc6fc5bef2cf5f22
28033 d084a661c01b1f65
28034 a5a1cb35bd3a1abc
28035 9a4bd6ce1e865827
28036 d1d4c5a289acd055
28037 a49ef0e572814b53
28038 5c066e201043cc8c
28039 7aae8031d5702146
28040 22ba9115691a9b1f
28041 1af6c26a89de3fa0
28042 339d8c703fd08f64
28043 31feb3212a3f664f
28044 2d12af9438db576d
28045 4fb1fb3d6286ab0a
28046 1daa4ae65b9d9ba3
28047 769dfa0520d9e278
28048 53d7eed9891dd39e
28049 f5aa89ae94c7d191
28050 fe0a6b3a2d13ec20
28051 d5d41e99059e8bc3
28052 6046d8a56669615b
28053 eaee255ae99e291c
28054 5ac401627ccbfb2f
28055 52dcf6d6f8cb799c
28056 6308f1c098402176
28057 8d1db15355b43849
28058 7741885058d88f69
28059 d76d56c7972cf9a2
28060 9f8be3eb81266569
28061 9988228c579bbd96
28062 1350e9a283360257
28063 ed64f93c014cdc64
28064 291b5abaeab0dc6e
28065 baf8f9cbedaefa61
28066 bf41bb36d5439f50
28067 e5b4b707d71ec733
28068 a8507b720f38866b
28069 5b6da7f71618e92c
28070 1e68fdd1edb6143f
28071 14aa405d712789ac
28072 436aabb6eaa0ca06
28073 7bbd63de789af3d9
28074 1aa0b415e089c108
28075 b4f54a14f926fbeb
28076 6d4c28cdf5ac7db3
28077 607d381558edca74
28078 c8bdfb94b84e7503
28079 abba297d6107e3d8
28080 4bddbcf80ba54a49
28081 3857b26b03474676
28082 13ce791508df749c
28083 15aae513bcdca487
28084 6ebe1b90a4d9f1e7
28085 b506ceacc62f2bc8
28086 912aea7bc458294f
28087 f6cca0a2a2d322bc
28088 be3d454160d6cb56
28089 6ce4bb97bd4acb29
28090 f69260f2f1396d35
28091 5f406f6159dd36c6
28092 c131b95163344349
28093 cb3053084dae8c76
28094 414806182353fa77
28095 4c595819f6686184
28096 58f8df5ca43d72ce
28097 eb75b4ec442b6bc1
28098 b9267f2117dd9d61
28099 85c1a0222a3105fb
28100 37dde04b03ae2744
28101 f5724f7ad2cd8d02
28102 21ab43fc6b60c294
28103 92e927da60a76ec7
28104 2df6533de83b4366
28105 f6bc15906d6af339
28106 854f860f854df30b
28107 1eb2366434a82aa8
28108 1030bfc944bb9c2f
28109 b2170aced4fea130
28110 5dc81f7647b32ee9
28111 c5b67cb48ab9cb8a
28112 27bf8af86a514f9e
28113 1f3aa8fed762d691
28114 bb0ecf6637cb5d13
28115 5d6cb1a3afb53230
28116 ea006e84dc73bbc1
28117 7deee033f993e54e
28118 b1da26200f52d608
28119 b48e15f7d87f7db3
28120 530c19180c714d3a
28121 7d6c41cd3d40e51d
28122 a2aa04b4d5c16815
28123 fe5a14ed16fa83f9
28124 ed1b40436748ffa2
28125 b925b1d9ae220705
28126 3a77f8ff6ea92faf
28127 e68d3e216c7bad34
28128 2ef0426bf5732954
28129 cc3ead5917e87af3
28130 1c11811b81828da8
28131 1a39914787de0f43
28132 2c10f45861abbc3a
28133 9fc2066f441f7cfd
28134 acfe354a1b45e317
28135 155ac8d0c5bf9cdc
28136 6484f6f94989af75
28137 78af61108726be12
28138 67d896ff533474ba
28139 2f9f57c23e7330a9
28140 b959a51c544f9e12
28141 f2785f0183f7ac75
28142 7dd9d8568382605f
28143 3c57232eff345364
28144 0052dcf37ce14dfd
28145 f37426f57dd8543a
28146 4a3fe0e6acfadc92
28147 871f47cdb542bd61
28148 695ae889e39a72de
28149 020e84bec0461d11
28150 68e613e259d67600
28151 d2765e3ae605a863
28152 70e3a4c67b21acc9
28153 8895847f30bb55f6
28154 d03b56e143b81f16
28155 f9accb06dc5b151d
28156 2dd198c5063ce382
28157 53ba3d7d3d43b3e5
28158 939969787441cf4f
28159 0a8e8c9fad3aca54
28160 b8e479f8b5c520b8
28161 0aa5bd7db5fa2806
28162 af1552b2a8b4c5e9
28163 2639c3ea23dc6163
28164 db3131cd95c0c41a
28165 7a19d779d9abb05d
28166 360d514295651fb7
28167 1b00e5f126b8a1fc
28168 17ee72b04b2d77dc
28169 b854c18cb6c63d7b
28170 4fc265160f403374
28171 3abff3ccf849cfc7
28172 46e39ec08ba2b811
28173 9e750f75df608cde
28174 3261bc521d8de67f
28175 ac27e702910f5d04
28176 339d70b7c4fe8436
28177 d67b8065f726ab09
28178 62193feff366314e
28179 e626a1bad22bc495
28180 e9862197cb728824
28181 c0648a693317bcc3
28182 de8a16335cf1f0a7
28183 bd14531039a3d66c
28184 d1e5990f2a3c768e
28185 46c22184670bcd41
28186 9257e27ab5dd8ed0
28187 3432d3f4232becab
28188 e9d88f4fdda7b75d
28189 a5b1b8d929c8cf1a
28190 4c85de502326e123
28191 ef56281545ba12c0
28192 9c6ce6e78eed3818
28193 c18bfa4e52cc8337
28194 22119f6567a9f5fc
28195 29ba140a5ab6874f
28196 20e49616920b65e5
28197 4708343b51616982
28198 af08c02a6ed102a2
28199 7137c3867c2f6a79
28200 ecfae2b666169b0a
28201 53df36469c5cd94d
28202 3312f27b37d6da54
28203 1db8360644a911a7
28204 17811cefc782b78d
28205 03ee3827d135b84a
28206 dc2b46b9ec0792f3
28207 963d66b683535590
28208 7b7adcf0d2428908
28209 36a2124154c54927
28210 673f5c51dc3c4d6c
28211 09be4246281a577f
28212 0927ef8123e492d5
28213 05c76e5ddaedbbf2
28214 d87ac21f6640551b
28215 4bbe3897fb852c98
28216 0dec888076407e40
28217 b6b185b8c361c5ff
28218 9d92427dc677fdf0
28219 78c203742e6bff4b
28220 ffb48b0b2647ec42
28221 0fe1c0029b05cda5
28222 939b6de99f29438f
28223 4c44ef89966505bd
28224 7fb3055f287fb235
28225 f00733d709828093
28226 b541df1aa95950dc
28227 d91434de778d75af
28228 638b63cf29f5ef05
28229 23ec9e4bae6fefa2
28230 d92b27965f43711e
28231 ec3fd62870504a9d
28232 49515152a185c32a
28233 4463147929a0246d
28234 5bb5d09422da6434
28235 14bf559fe490c387
28236 5e44d407f163e9ad
28237 618d77178380946a
28238 65eb6266f82bc34a
28239 1578f95814b6de41
28240 90a3097b5395dcf6
28241 0620180c802920c9
28242 ccca9a0f338db8af
28243 8df711910914ecdc
28244 e03d28b777706b75
28245 903c91b47bcc9112
28246 92bdb38a845971a0
28247 f161e4640721dc03
28248 d3343212c882d68c
28249 e4846a2dc40aeeeb
28250 1595e66e5f642a8a
28251 6c5ffbd31680c279
28252 a95db89e7f0fed9d
28253 84ac510b2f6d965a
28254 ed9fbc3c8956a958
28255 f23e21df983da2db
28256 b6cb5f223e818b72
28257 e914b63bf297fc55
28258 2d74e33c16c7f2d3
28259 b2e6aab3fce88578
28260 ad2265c30de7aba9
28261 408eb9ce260aa4d6
28262 3a9270b00d28637e
28263 1f832c920e5a73fd
28264 960bd34e777408fe
28265 6321d22522da02b1
28266 2b03bd6677da1bfb
28267 0ca9dc8635f2cf20
28268 49308c28cdc45740
28269 7ac6708958daa3ff
28270 3772aa06b5770d5c
28271 596d1ef7fa5e9f57
28272 651658ad233d0e56
28273 b425e406e9316929
28274 66bb45b7c246f273
28275 274ec0dbe1625a38
28276 80ce078c15bbcd39
28277 a968e046bcb8db66
28278 ccc20113363fd42e
28279 a7887adbad56ac6d
28280 863d9ab63b0af7ae
28281 c125e4bd945dee21
28282 d9e68a48281f32bb
28283 54c76dd6156bf2c0
28284 da29c82236262801
28285 e10fcdfdc82585c7
28286 3c5b86c310e05657
28287 c691009a726948e5
28288 b5aaaa5eaf991192
28289 c9322a01c647f5b5
28290 27c1fbe658aec55c
28291 28e6c61e7e37abaf
28292 17d17737d5eed745
28293 fbd60d586a8043a2
28294 a702bfb73f4b7902
28295 34e110a8a975a9d9
28296 82e5f0f72440a89e
28297 cb16cfdf3ea06c91
28298 8512ff5b01272deb
28299 ecad99acad3fc0b0
28300 530097b2d984ec0c
28301 d91024d96d91087b
28302 2a3e5fb38d39527c
28303 64dda546ed985f77
28304 05f1b89c12bdb5b6
28305 7e6c8cc9447b9d89
28306 f4fd72d6bfa74393
28307 1eedcc0a8e0edfd8
28308 2b45ebcbd0cc5938
28309 d07a6954c9743e47
28310 243ae7619f72d050
28311 ef5ffb658b3a47b3
28312 f784ab52664f6565
28313 aaef195002ff9042
28314 d620bba9b2c642db
28315 38826adb0188d4e0
28316 fcf06b705924a9a2
28317 fcf8ac23ca99d145
28318 d5c904a87084edba
28319 1307bc617c66a931
28320 a8de71cde46b7528
28321 e32349013d3894b7
28322 e987c5d8385f11c3
28323 624edcfb251dfec8
28324 37c126e236b25d7a
28325 c8257eddb8333a3d
28326 4ad241b1037111e4
28327 f72a1abc3c376edf
28328 7835223f84019919
28329 6a4175c9a74d20c6
28330 2d1654cfd5f0c867
28331 16e29e666f0b6314
28332 98000e24ed45836c
28333 62453ff2284c535b
28334 a729f86bd85c13d8
28335 4d9d5604bb10a0db
28336 683a08eef42a1f01
28337 da22f193f188d20e
28338 7367f9ed2c7811ae
28339 61776cd2bde88ab5
28340 67c2d35c73d3625e
28341 0e5afdbb3d7efa51
28342 e85934fa8f8f90b0
28343 c19d2badf07db893
28344 e7d627b9c6ff5889
28345 ab6458c42a4524b6
28346 6efa9e1849277637
28347 435b039b013a6d15
28348 214f24ea75a87125
28349 d157c99bc43527cb
28350 63569a207fcdaf88
28351 0ebc244ba581ea4b
28352 fdadc14e77ee1d31
28353 c082dd5a341b4bbe
28354 1dfc6d740cbfd2df
28355 28fde7969fdeda4c
28356 6f8af347273068f4
28357 a5cd0e7f0fb96a03
28358 208a1400c9e49d84
28359 8bd31c5e39fb1eff
28360 bffa6bf302027a5e
28361 7a90019aeaec3251
28362 9e7f03c1e6fc702b
28363 ff6d970ccd6bf1f0
28364 69061876bcb16d50
28365 3a175bea0d3ce01f
28366 38258c56157aee38
28367 8f1ddd7bae4cd9bb
28368 ca4c63b8fab75f21
28369 143353eb25235aae
28370 0e4fb86442b6c132
28371 2f755c89593b2941
28372 3ee6463893e78a7e
28373 2fc31c81113d6cf1
28374 0e4481f772446010
28375 c43c0b5311058773
28376 53b4d848d88da429
28377 98cb1a2ddea8da56
28378 324fb8f963786fb6
28379 f10778e827f1f3bd
28380 5cf6f73e3245a362
28381 3c963dec13d8a205
28382 b9787465f3c05553
28383 bfd9d75193b26470
28384 b28446d4608790d1
28385 6f09227c3d0e27de
28386 4026d07fd5ab4dfc
28387 ffc60f6097a4884f
28388 f9259027266deb28
28389 56d5fee559024cb7
28390 b777928192880fbe
28391 d370a3d05fa0c97d
28392 318a86bddf87e83b
28393 6168af851883db87
28394 ce5df015646435e1
28395 1753805b04a5322a
28396 6ad8f3f4dffc6f93
28397 8f92640ec0fb9744
28398 30976713b6c1cb7e
28399 098d1bb604d17215
28400 7f6b0abde395ef54
28401 0674bde7a5e3bd63
28402 1f86e007a3e1b147
28403 a358ec4ce72c7dbc
28404 82b11e1a7aab4b9f
28405 0d3faa7387086750
28406 99573883e14a0296
28407 cf088b6a67299fad
28408 b4d5e6a8c8eb9236
28409 4e47ab198271fc00
28410 58a7a0def3d78303
28411 31ae3bbfc111fcc0
28412 a6a2396efbdf7390
28413 96b830d8e4f5b447
28414 b88bb09f8c3a7dd6
28415 d0dec00c954f2a7e
28416 4c6558814248f883
28417 f79f976e92b82eca
28418 f18954a67caec670
28419 5ff971451d14a2c4
28420 8774b657a66ac773
28421 93456eb06af1d086
28422 d3a58483bffdb04c
28423 d7cd2d569ab2d86d
28424 310abb9ceed8d598
28425 f8a3d6f121e46a51
28426 d8ddd0eae1052037
28427 e5e62947c28eb9de
28428 7f0b01eb0fdc09e3
28429 1ea328a0638e40da
28430 2cd5879d7f3e5475
28431 14d5a16b0568c686
28432 ff8ad717f5097ad2
28433 dc16260239e47c3b
28434 a754ced17660099d
28435 ce4b877bd1f111b4
28436 ae19e990eefa2d5d
28437 752a6d3eaf111774
28438 8b1a89fb42cf6aec
28439 aab6c04aaa9b0e15
28440 664f5f0ddbbbaf2d
28441 87d937f70e154526
28442 d52a34cb6857b82f
28443 c432bd6a3ec9ec38
28444 3dd96b1ddfbd735b
28445 c08041ff06888962
28446 56e75bd0d74476a1
28447 312a919bc3d755e8
28448 0610b47894fd45a4
28449 3b55c5a9c03359d2
28450 15f4c44f43f66e77
28451 68764f0cea6b04b6
28452 c505c5b0f56ee7ea
28453 801cf2151ef7798f
28454 39b1259552302b7c
28455 ad6156bea4315d35
28456 3c373a12efc7399d
28457 f74436eeb0e0b6d4
28458 f86a5bb369bf1c39
28459 87f83f9a5382eb60
28460 73a2c737ac8bfa47
28461 2d5fcdcfce185f46
28462 a4a9537b7bc5555c
28463 3a64a74bc55d11d5
28464 dbaaab828d0d61c0
28465 1fbecf7d8d9cdf5c
28466 035b6aedd060f907
28467 56f109e6badedb8e
28468 d8020a56c384a502
28469 155a7dedf392a3c3
28470 5a9ba408a85ce568
28471 4b8f3995cb04adb4
28472 b438b3059c0c25c6
28473 24df758e8720856a
28474 5d907cc3a029d073
28475 1bc6d6d0c9d3739a
28476 a1a8feb9d45f6e4a
28477 f3608129eed4ba23
28478 6a8769ec898188cd
28479 09026941f16d9f69
28480 02b5f492edcfd669
28481 77b7e18f6233c170
28482 ef6d1dc1a59f4aa3
28483 f65b3c18fb5c1e7a
28484 4d3c99be2d785e2a
28485 09d5ef345fdd78b3
28486 c9262c4b4fbb4c78
28487 5e0ac711cf3ac5f9
28488 96aa3975f91ed8b3
28489 82385a3d04467912
28490 22ee32529eab919b
28491 9524b092ed791422
28492 44283d9543cc05a2
28493 efbc518afa76f503
28494 f303a1b1ada5b4b8
28495 8c9a4dc063c2ca91
28496 7b5450618bdc2716
28497 0d2a8f05cfc0c69f
28498 92f447be8fd95fda
28499 a8a6e241fdc05f0b
28500 044a8e74cb4aa16c
28501 fa7740eff467afb5
28502 d7f2fe6bf4822b41
28503 98395182499f3968
28504 25e22d289f2a601a
28505 ece2e0ea7f045dbb
28506 fffb0fd374d91bbe
28507 929076c1a962486f
28508 0740c5aa05b280ef
28509 21eaffa120a171be
28510 72db76f11fb5deac
28511 938e5767bdc2f96d
28512 3f70fd5a9fa6b829
28513 38c252b8ada8a230
28514 0c0caa8113294823
28515 66325ce38ecccd4a
28516 c041f541ff51509a
28517 bd41468319adcb73
28518 63f23a4a65923775
28519 83cd700f101328fc
28520 81135bb07cc0e235
28521 a69acf18be1033bc
28522 9e15e884b378980c
28523 587f5ff1f7138685
28524 9a80898b73ae0be2
28525 e6a583462764815b
28526 b5f23ab777a7e4ef
28527 fb788fa06a6a1d16
28528 39d90128c7ac5aca
28529 987679caad3ec643
28530 3c70af7e246e5098
28531 4852bafef6ddd8d9
28532 513d80845d18c47f
28533 f9c93890df1cd8f3
28534 f7043521c26ea68f
28535 3e353baa43ba8343
28536 9ef6c654b5b050fc
28537 a12748d1a7ee26c5
28538 414f243095c757dd
28539 8372a830878a2214
28540 f055e6eb07fba56b
28541 16ea3aacaabee692
28542 4693ff830f0ae76c
28543 227c8cff593e6a2d
28544 99b5eda455620c7d
28545 48f29dcbbaa71584
28546 87b89f70077ff2d8
28547 b9c908499322d0b1
28548 ad1511821708831b
28549 6401164a7229e2a2
28550 7f2f40f8b158b53b
28551 ddae997cf7dc5fc2
28552 993284783baa04b5
28553 795320fde1e5043c
28554 4a495919f0f25d60
28555 e330ca319e2d94d9
28556 0db90afe8995e966
28557 a745ca230b4daabf
28558 e51a5df9402a2649
28559 1924aad5f0c2bb68
28560 cd28e793bcd307f8
28561 38023f430de41f39
28562 7683c0a36c968b15
28563 3bef1df83f793854
28564 e802bbb280b0100b
28565 e87cec76a77b3be2
28566 855fdf6f4509913c
28567 65e256b038b2500d
28568 2f6f839e687ca0ac
28569 6bd0be0546601d1d
28570 72c9eb6081c0a3c6
28571 5560ecc679822a0f
28572 c0553867b551348f
28573 d8834cde326fd906
28574 05fbd9069df81b58
28575 8272eaaf28540f99
28576 bc4ab0c777c1b905
28577 f098221feb9d0fa4
28578 411936d8f425f850
28579 5e323d32acd3c2c9
28580 89b6f7184363b10f
28581 965feb8c86dbc3b6
28582 59e78ca4e1b39d33
28583 23e5e5f43dda6dea
28584 8d2d3115bec3df75
28585 d12a84734de959fc
28586 77ae149105599a20
28587 679635f9a55ff3a1
28588 daf200c26add976b
28589 051c3b534c9ac932
28590 c81c58ac69d01d07
28591 7c045b3ed87654d6
28592 e3c577d6dc958887
28593 4a7ba5fc3df806b6
28594 63c50f13a7156d55
28595 e990e6e6717cf4a9
28596 07a4408987afeed9
28597 5abc83929de1ea05
28598 6b55fd0ce136bc18
28599 dfe30fd3974b8bd9
28600 afc2c3c0a2fa1a6e
28601 ca5b087d1eb3fa37
28602 2f1412788b96bb75
28603 5acf06426ce6f034
28604 2f030e670c6fbec4
28605 fe6c098923db85fd
28606 abb67ae340ff8cb6
28607 c8f5706538c60f87
28608 40ecd6e7da314aee
28609 cd9dba7cfa6f5f6f
28610 ddc20c379be6d5fc
28611 c03f9d8e5cd02475
28612 ac20c1fec7d2a977
28613 8e07f9e6e1f3bd66
28614 5f6e1c80eb84cccf
28615 f87d95bdc260753e
28616 9d0d2d393cf6c38e
28617 a7fb24674fbb0997
28618 c0bc6c2f1ba0e5a9
28619 3eb56172d1dd47b0
28620 52c80ec457be24d5
28621 a6b0d32ed7fa20f4
28622 3e5d24247e5814af
28623 118cd3c59a97a4d6
28624 4a2aa1e997b10aab
28625 552b27d037bafe7a
28626 e40eb98d178e4f71
28627 41f98920559fd7d0
28628 084a3bbe65ea1d3a
28629 ee23ec28b540686b
28630 af72795b0db5142a
28631 ba66b3793a22109b
28632 b9a63001599e0b73
28633 a5d49325f83fa3c2
28634 ae7ac2dec476f709
28635 c428f6146542dd88
28636 3db15c264fca9492
28637 b4a47fa9aaa7b9eb
28638 4f387ec72fe0a34e
28639 a7d3c7715cc020bf
28640 3ea4e7022cb7425d
28641 f7fde4f798da187c
28642 9a3e2dcf3f4b58e8
28643 b9326c506d399801
28644 5e097ac3670f72a3
28645 cbb110d0b27c3682
28646 8f9b5e507bfe6717
28647 828d3d2d1d065a86
28648 1c7760ff39a04c5e
28649 773a99d56dc73ccf
28650 aa6664ab4d44e485
28651 ff511fa8025898b4
28652 e2a34698da2451b5
28653 71b717286ad57ed4
28654 06f19c5f6fa0444f
28655 a67ad061dba53876
28656 7b7700ba8a3aef8b
28657 06f8b788f23365bf
28658 b329d59676870cf9
28659 6ea2142e8fd3cfed
28660 a3401907bc79910c
28661 d2ddb9872b2a154d
28662 622eff0978777b7d
28663 27e3e2039aafa5fc
28664 d89f7cad4fd8635b
28665 9c082c1790b98dda
28666 94de16fe4f4601d6
28667 5a95f32f6929ec27
28668 e478944755fd0f5e
28669 201394e6889cb6e7
28670 1a107605aca7d5cc
28671 6c33360d942e5fc5
28672 a091e35d0d7d3b2e
28673 92539f6da09c142f
28674 94d0590e01fb242b
28675 1ceea53551f5cff2
28676 40d2d10225cf7bfd
28677 b9deb1f37e0169fc
28678 cc0a846ea24ca934
28679 5c9e8197b6dd602d
28680 fa22a226c716c752
28681 84899ec0e9f968e3
28682 6f1c1d694a55879d
28683 6f5b6ea9a75aaaa4
28684 79f1ca17215c9221
28685 53467d0b30f6c6c0
28686 d17a5911f074041c
28687 3914ff5c90996a15
28688 ece02e1498990fb2
28689 e4a789f3315ac0e3
28690 e389bdfc1eb13e52
28691 1051f1299c728d03
28692 b00daf52c30bdc64
28693 ea68fb77c14d2665
28694 0041f6ce2db11da9
28695 906edda44e419128
28696 568937be44ccdf9f
28697 06c014e83ee7272e
28698 00a45bc0bfad0288
28699 d634ba09e1e6ee99
28700 f4bfb59292815a6c
28701 75efc66e406a172d
28702 6379a2036b44bf09
28703 e61228a32ef96658
28704 1f0dad179edc7b5a
28705 18dbac420a01b833
28706 705d5819a27c116d
28707 307886015f962574
28708 96bf37f8b2a3d575
28709 a2bb6ad0ca648fc4
28710 a638e17d0d79ff4f
28711 6e40b79d0823fe76
28712 328f478ce450210e
28713 1a39ab1d29b6540f
28714 25e5d647a8661c61
28715 7e36752776d57f48
28716 dba83f4411c2faf9
28717 d86447d0ada4c1c8
28718 aa417217a26e5704
28719 6a6141fd30341f10
28720 cabe05b71a9f18fb
28721 7f861ca66d835e07
28722 536460f7ee996cd2
28723 ff7f7f1e86d7a583
28724 1cfbb99bff62094c
28725 7082244e9559f60d
28726 95120e3d489a42f1
28727 362f21a00f6e3b18
28728 a838c17ee60b2f4a
28729 31e3011e8d1ce42b
28730 eeb1bb53c2d5dcee
28731 bffb7ecd227bb2ef
28732 6df1142be83ba483
28733 41bdd9bade640bea
28734 4f91bc15b0eeaa51
28735 d4f05d7bf00fbd38
28736 3b3efc9a1a63cf3d
28737 5b9ca138df12cec4
28738 a711dba506ae7c89
28739 f61f6a887e8c6d90
28740 c3218c59d86df1a7
28741 3d1e4725e58ff10e
28742 9ad3c7e91134c19c
28743 a1769ad0e8497e95
28744 462295aa1561865d
28745 cd5de1d75d8f9dfc
28746 eed7de56db4fd5d7
28747 a7e0f9fd15f1a34e
28748 7b9775a96ce58632
28749 14c7f6885ec7ec63
28750 54c265153bc2d998
28751 dccdeae7dd891909
28752 70d3c3233c3a0d4e
28753 81086c3048266787
28754 ee203a5a33fc0006
28755 286b5ec48b28ec97
28756 6c0cd4f452972cc7
28757 befcf9fe35f0625e
28758 ad6b6abaf8305580
28759 0a37b83b92084079
28760 a3a5954633c27e44
28761 ffdec869d4d8e345
28762 6a4238e98a65a13e
28763 db34e7bb5dc90fef
28764 5436175287915f6f
28765 eb9df546ab2e8ebe
28766 c1ceba5a2a1da4cd
28767 68517c0a9f90608c
28768 ae0492895a7001b3
28769 a6b2347e4ba21eda
28770 efb4581f90947c23
28771 48fa896d77f5bf4a
28772 09d7c8fc994e6d9a
28773 6c94314a22fd5273
28774 aed41ca5ea64b038
28775 1aef269471332991
28776 a55b71afb68beee3
28777 89ba22119c69640a
28778 bc3b3b2832f9e3ff
28779 1b225199e1eb7ea6
28780 9fb068bffd6b4341
28781 6b03009f20063ced
28782 9f13c41345580561
28783 38ac988179bd478d
28784 ff947cca782ac832
28785 cf2bb0757f286663
28786 78ab7c9c07ddfdc6
28787 ee80eab6cdab4d57
28788 6c79bf4da07ebd87
28789 40ffd1dd2dea2fae
28790 2042e391dae8d56c
28791 1ca7c27118bd8b2d
28792 44779739f7634d0c
28793 8056f25a443dd8c5
28794 3cae52978681cd7e
28795 c8c8aa5e6a5b9e2f
28796 499889c21cd6e1af
28797 e1e1f57f6d81c17e
28798 01be2f7e3841f890
28799 ccf8062dad95cf31
28800 c6f2a16b9480dcfd
28801 aa1308a0079a2b84
28802 f3678737de8b2274
28803 b610eaea9776826d
28804 2dcfeb087db15d1a
28805 4995e8285aa7aef3
28806 c522504f5725297f
28807 6e7174f17419ae26
28808 1b11ba3dc93c4f3f
28809 5e28986f0a4be8e6
28810 8f268887a110734d
28811 5ac28adc36c97ea4
28812 407d67eafd0ac0ca
28813 efcd86dbd9839a13
28814 fcbec93347c3a4c7
28815 7b068211fa0e392e
28816 5e9515bf80aede34
28817 c17432884b717a65
28818 51498db74cea821d
28819 bfb1f63a98d6841c
28820 d6e32576f61cf1e3
28821 1f124ad3fa9827da
28822 3f88465763bbdf94
28823 3a97b13d06424d55
28824 9b7f9f4a1884b8a0
28825 8a5047accdc25119
28826 12ff01691cdf70bd
28827 b36837479b67073c
28828 de299164f50b3a16
28829 d165624c9c9fe6af
28830 b5ce4e99d6e9152e
28831 9d137e0d239a079f
28832 d111c01d5dbe56e5
28833 a2acd2b648516804
28834 f20813e1b8e04a58
28835 8cbe1f1b9ed7b031
28836 afc6bac818ebbc2e
28837 8e9d7aac390f4347
28838 d3840f4d2ca46ff1
28839 9797d172555118a0
28840 127187035698de75
28841 2f1c0003b0e56bfc
28842 449c8cc5d828a620
28843 f410f8b6966cb494
28844 84f3527af0bd676b
28845 94d6e94d4326d57f
28846 feaf78aa956d03c9
28847 6e1c4191bf96ced0
28848 3caf73c7a63cd22c
28849 25b90b40550770ed
28850 a0113d66d294a666
28851 32d8efb30c1f61f7
28852 99db1971e92a11a7
28853 0a761c1fb4d956ce
28854 1bb96fa0013ccb30
28855 8692572560ab6f51
28856 00e415f55af12570
28857 4199ce572ffe96d9
28858 22b00477ba9f48f5
28859 fdbe7ff2e81079b4
28860 07839a5f93a899ba
28861 080ecec35fdc7a93
28862 3464c2836f045d46
28863 8941c3083b45ed27
28864 37d1a444193eda55
28865 ced89268fdf9a134
28866 1169f96589254dc8
28867 3114e5272ae361a9
28868 84fc1b99a2b6b383
28869 7357abf24141612a
28870 30315cc537d446bf
28871 8cade4e5007fdd5e
28872 c42fcbd7abe8a032
28873 3956064411a3ec6b
28874 4a678286908f9220
28875 91dbe621e3f1b499
28876 5c2ea9d600194d19
28877 83c3e5b7d6e0bd20
28878 63a419b80b6ca2cd
28879 67c2264ec4343254
28880 e2470d8c48086a16
28881 7c59922fd43280e7
28882 a5580a5809e32d55
28883 8dbfb2f650ebef14
28884 2404bd41f6b90a84
28885 1fe1b8d99d626305
28886 a680c1ae55964bbe
28887 4c40a49ea7b1326f
28888 d3173b8fe47eef3b
28889 79095c51e58266c2
28890 59834d4dff813301
28891 80b0c5d6f7888760
28892 1b88314d5abeff3a
28893 9d28b83eb0cf1973
28894 0488c5234f9f43b2
28895 39b74f4a92853c4b
28896 6fa5c4afe4d1f56e
28897 49881856f651b007
28898 760f395537b92829
28899 6c2d5236335f4d78
28900 9e83607aa32122fd
28901 e9eac283a424d0bc
28902 6f7f408c8e573597
28903 cc5e78c8a0d501fe
28904 7ab9277e40fb0876
28905 b5c076c0d2643cfa
28906 af68eb3798f6e591
28907 019c23c34cd0f54d
28908 217a77ce7cd90697
28909 3df83032ae69d0fe
28910 0995ff1645f14e27
28911 5d47f52bea673ede
28912 879a2754cb1ecdd3
28913 6efd509d93488ea2
28914 2c0d0757c0789bf9
28915 24e0a4fb8d2676d0
28916 6eb7a21b0923f37a
28917 fa5faf65f541c3ab
28918 a70e74a756e6713e
28919 85dc369abde42a6f
28920 bcc597270e391660
28921 2b1dd5b1683f2101
28922 5f037084790b50a5
28923 530191a731e189a4
28924 90b2e4b8ad09784e
28925 76ec368e04c9d567
28926 cf89c5dc4fd10c02
28927 50fcfbc2e7434a9b
28928 bb57ed33b1ef23ea
28929 8c53d5fe971db71d
28930 dab376cd62e89b5d
28931 615de4323f069184
28932 e0726a62e31db129
28933 f2e4caed4ec08140
28934 c6c6b472625e52db
28935 d4b65a9cfd4fd042
28936 92225c901c11df3a
28937 7a6c3f36d80cb133
28938 d944d57a8d1c6191
28939 4146e62f17aa9c28
28940 93105137b6656bad
28941 75c847f3bded98d4
28942 076d32701b391de4
28943 041dfe22d811603d
28944 00b1b7544c8f5dc2
28945 8a2cbeea50a8fc64
28946 fec08481060ee2b8
28947 8fe386491b639411
28948 82262da106a3a6b5
28949 0042222362bf63d1
28950 e19836a677342d15
28951 21f2bdb5d2ecc641
28952 03e04b5c81d53f00
28953 f15b4dc6e79310f5
28954 b497f3b514d299ad
28955 7de3be145e142974
28956 67558de883e31e26
28957 ca357f529b03fdcf
28958 1604f07ef1960069
28959 4c65965bd6a696a0
28960 94eceb72e54e234b
28961 0d9ab136df47bd33
28962 2f34ace5ee5f1107
28963 90173d464cb00807
28964 d67a410a4a739638
28965 e755addc7d273195
28966 a7ec0a632f3033dd
28967 eb04ddbd8beea340
28968 357216dbf7108731
28969 2e7c65624e305ede
28970 a14c3e2b3844e28d
28971 8f212dd634afc494
28972 6b51aece777cb4bf
28973 7c0695f3b530c864
28974 fca5d89c9bb71cf8
28975 9e5e2f382c592237
28976 4ec33553545e3cb5
28977 07e0510ce88d56cd
28978 cb67c3fb416c5613
28979 11b18a8a3110e9f0
28980 477dc053134f2356
28981 ce8400ffe4ccfbbf
28982 36e35b6602ae7b37
28983 d186b361774b8dc6
28984 a8408d3630daea88
28985 4d18a9d3206787e8
28986 33d659a425663db6
28987 3b6a0d04756c9a70
28988 d501bc7bebf26d3d
28989 7bac74fb573ebb9c
28990 fb1819fd887a4d8b
28991 0733331272957c82
28992 0635efaaee6782d3
28993 1acf65a9337aa9dc
28994 5cad8b0db276ee66
28995 384d095854468b6a
28996 2b62d9f42185e815
28997 82226839af1f2935
28998 fd01369152027d28
28999 b3cd0d208f5b2bdb
29000 a899c54626158061
29001 be9207d11cc568f2
29002 2847f6a71685d8ab
29003 5fb9836f7a155295
29004 cd709dc65c0076f4
29005 26ddbaf533f333b5
29006 3a1ba2a044af54cb
29007 5a5defd469106dda
29008 cf9744df4b249854
29009 be67fd8a5e156aaf
29010 1676f6621c9c0f5f
29011 13f55116c351ad2a
29012 3b8f9631757c7175
29013 89589e8261b1a53d
29014 2d8d7d84c8771922
29015 7ba315f2a9339fd7
29016 4455e8005486d198
29017 2510efff9eabe1ff
29018 a18399fc3c0e6477
29019 cb52cda81951c357
29020 d39d0197bab9a227
29021 d59fefe935422b79
29022 8e5c2908103f512f
29023 363130ffc3dbe166
29024 c10e0ede6dfdabdd
29025 a7005ae69ed06456
29026 7e0fb5876d78c5c8
29027 a574fd0ac847a183
29028 a8a8bef2f995199d
29029 58993d04af83ea1b
29030 9ab70fd527ac868a
29031 37beb7bea00ec97b
29032 33d5bda01a633167
29033 1408d047268ee03f
29034 1ff02fbc94b24a80
29035 9d70d25055412aab
29036 8594b89171f57768
29037 50cd6b3f9ded0fc9
29038 e1032fa9ab154ca2
29039 33ccb9f99e65c39e
29040 8b9274b1d352fee4
29041 6cbaa1857c22ee2d
29042 45cc6ab2c30638e0
29043 609675c027658007
29044 d1e1043a52a1c122
29045 76d751bbb0cd4578
29046 e533cc39babac9c1
29047 9ade7726bb369753
29048 f64f2de607af53de
29049 d7669f958ead2881
29050 15d60652ef8cb985
29051 281be5ac10feafd1
29052 bb70777edb9e1b37
29053 41cf8d8bfc988ec6
29054 7d7be2add784c99e
29055 25eccb6c72c5a7a4
29056 58b0939e52bf5f4c
29057 9b5beaa3745aa072
29058 ca31a4e41149947c
29059 612bdf32fc0eeb85
29060 513dcf89669eb4f7
29061 8e15c76a241db54f
29062 17f58cf19facc938
29063 36b27cb48eb4fba2
29064 c1f6f679583d75a0
29065 5af8613fed56cd83
29066 f1edeebdfaca574e
29067 f88b5de0801aa899
29068 45d4c07d166a77d7
29069 2a69fdd712eb5d93
29070 6c6b95309b7522be
29071 87911ea041caa940
29072 23ca45edf964be16
29073 b3d766c6f53d0635
29074 2feb351de1dcba25
29075 9f62d3c6a7ebe285
29076 ac30ce3d75da5d4a
29077 2c3603bb2dec5240
29078 d278f39b4d25f316
29079 5668f7cb547499c6
29080 25e67714556a5eb4
29081 d3bf0ad52a3b43e8
29082 8e5bf46fd94f588b
29083 aa6ac292349c0f2a
29084 fac072df579aa269
29085 048ba1cc97c08efa
29086 58638a11c10a2007
29087 eac382febb7c4aae
29088 20659e024cb69607
29089 028852466b1a0f8c
29090 a1ab6e0c4d598bcb
29091 964d0847e67e4aef
29092 e33f9b94a7804f06
29093 7c6930f83c3adc54
29094 65ea131be0518584
29095 5a60edb276920404
29096 c3c16a16e2eee6e3
29097 51c1ce14f6f63fc5
29098 c49b841295b46a73
29099 b87017acdbace210
29100 7a470ea77f513a48
29101 41b5a064fa974402
29102 3680c3cfc171d168
29103 59fbd04db68353dd
29104 114a8b1898defa50
29105 ac37d657340ab2b2
29106 f8ab346064facd3b
29107 6b4ad7211a0e3908
29108 9dd94e857770ebf5
29109 2e2d663ec3fd7eb5
29110 1a553cf6b26a1ebe
29111 4afa956100107020
29112 3ff777789984a38f
29113 4cb5e711a4aea514
29114 48f2f6fed1d2502f
29115 25c2d41d168ee33d
29116 c1791449ed92a19b
29117 3fb9db29b7bdee0d
29118 9e060d207428ac56
29119 8e5966b08d7eb3b5
29120 0dcab8a23b503561
29121 9eac610ce3d9cd8b
29122 762c1464229334bd
29123 0501c423d19663e5
29124 09b5a69f67cbe7fe
29125 53c2b2721556ab53
29126 ce0dc6be15e1e6cd
29127 5aabad8c555d129b
29128 e82675e4f5a22a8d
29129 5ce347ae7ebc92c4
29130 505dcc5bfee09b02
29131 0871a602dc660b31
29132 b7b315ab523f8d82
29133 348323e6277733f9
29134 9512b07e3f063f4d
29135 94b16944b357d8fd
29136 b776d7aa618715ea
29137 d3987d26dbc9fe70
29138 06c98c2b5bd3b960
29139 d8907f8ed5dc9a21
29140 08f12155d4a289b5
29141 84f41b7df1ca4e64
29142 ab7e14d09d94c144
29143 20743e3fad570d9a
29144 d18c6ad4ac535da4
29145 66c73e4fc7232651
29146 6df91e7feb62e854
29147 a1f6a4c97987f068
29148 acce86664638a1d7
29149 da5b99541c70408a
29150 13f9c6c799a506e8
29151 c26663e31e5d3a91
29152 1ba0b77a9399b212
29153 d5a45361bbb3f23a
29154 e87038a2c8b5a95e
29155 74316688cb182c60
29156 50e8d5ea33ec13f4
29157 d037e6efe2f64b5d
29158 bba8e3e0e26dcb74
29159 e37e3f9a14c6438f
29160 09a16c4483155405
29161 9ab22738a29c53c2
29162 3766ebcc004dc3e9
29163 0d02252f823a927f
29164 a42f1c5043814500
29165 755a84acca2b1ebe
29166 fb16177ab1665a12
29167 14323f1567f7f92c
29168 322829782f06f154
29169 3dcb2d053a555618
29170 803dbc5bc5c7d93f
29171 4f701fdd5a60687e
29172 5c92f8b3ff09fc30
29173 d9201a3f239f7bf6
29174 233f7957eaff3b64
29175 c2312080b1696593
29176 d659f03a773d9d4b
29177 0f9d7ab7ed8332a8
29178 eb1d7de52129d9a2
29179 499e27b55b29645d
29180 a7369f978d7c5cfe
29181 36f7177c6afd41d2
29182 edc429541af4f362
29183 bb58a4676e56b8aa
29184 7c25ba4ebbd6f4d6
29185 a7d792a198d3cd47
29186 de97ebd1c35287d7
29187 ae35a0cd84841bfc
29188 9372efc84f83e92e
29189 3e53644c97ca0a9b
29190 0d98380410004f3e
29191 5c92d0bd3fc1b554
29192 d68eab1cbcf0105d
29193 14bae7016898d732
29194 fff0af520a37b34a
29195 5412fc8d2ebb7732
29196 946b7af0da282e56
29197 89dca6b77a4efb51
29198 69e07e9514dbc980
29199 66522a077c8f4378
29200 53965934e8fe46a9
29201 0fff1a7baf52de03
29202 8e4c672d59e81e58
29203 b8151e1d605e6bcd
29204 c136135781de9b3c
29205 cb47d5432a20b4a7
29206 6137192616b81ab9
29207 cf7c785546083dca
29208 9dec7b8079e2b6a6
29209 13a2be663201c631
29210 b8bd73b317c0af98
29211 6c724c5c60b9efdf
29212 a431d9ddf4e95ad9
29213 5af7034e6450ba53
29214 4a4314152981531e
29215 6df69ee1ac1a2273
29216 6681bbd4baf24ce6
29217 c93928f47a6ab5e0
29218 838067952a7bcfe0
29219 788ae7a7548fc691
29220 823165c3f8d24c2d
29221 7037a4accf960f10
29222 ce52802f4d9d8665
29223 ef69c3629a8ba799
29224 01ed2f77dccd6cd3
29225 50a51326f6beac65
29226 e06b2291e1457c77
29227 7ddc9f3606f17c3a
29228 16aba50f453d94a8
29229 17d38b36bb32d874
29230 28c0748571cf9a0f
29231 5a27791f3696f824
29232 eaa73d3475ab279c
29233 8d4f1172ca4a9869
29234 b66e1e8b96ea5d2f
29235 d70d8c0ddf5f441d
29236 5ab5ae45b96d16fe
29237 d998f9be39b642b9
29238 0f5f5dec9a6d299e
29239 c5c7307af918b8ea
29240 0378391b1a119836
29241 be6a3423d918e738
29242 393b41bac384d0f5
29243 e6903975271eb48b
29244 4e0b711ffec0466a
29245 15d2104107a7b678
29246 f7bde5e4c5c867c2
29247 159827a018a6bd56
29248 272cc3c7241d3f88
29249 ddadc439ad4111ca
29250 c4dde2a442083c08
29251 73c7315076e0c2d7
29252 34eccb658caec6f3
29253 1f7b81a805c1064f
29254 e053207f85062403
29255 d4cfbe379b8eec48
29256 cdb6d4dac21a68eb
29257 d23ea7d32f2babf1
29258 e2fb0f0c51ef69af
29259 32874e8b3515a89f
29260 70d5f650ff5add7d
29261 51e2a8610822670d
29262 c565a398e6fa1264
29263 c1d84d4e25bdb2be
29264 6e2b8c95532db34e
29265 e2c05fd1092a68b9
29266 d934ad53f0a97b9b
29267 088d777a1a718408
29268 da847b68b397aa9b
29269 3466afc9fe2120d3
29270 b6df01a202ce4b47
29271 6c3336baadf26248
29272 678c06680492bb05
29273 95dde66d5e780e22
29274 78736e521de175f9
29275 a27f9774a320899d
29276 6bf329611c250b53
29277 b0fc5c6d7feafae6
29278 4c21290467481b04
29279 c9c9ba9685cc8ff7
29280 768abb7c53db2566
29281 02a22db9b3ad3dd0
29282 52896992a02ec34f
29283 eb38dee267888acf
29284 f6b7839874b35668
29285 ad218c14ff62783d
29286 d71cca4b77565ccb
29287 c094a1738bb06024
29288 94049d3f93a7b379
29289 a5ba075881692a1f
29290 3ddf493ebd10caef
29291 6c7c62dd84e5d252
29292 cab672da6cd366f6
29293 1a601953f4bd9f5d
29294 c22657eed9c77672
29295 21c1f0321a58463f
29296 06fa4cb0bec00b00
29297 c411d16fd9622456
29298 a87a617494f1e772
29299 d0871c35167722fe
29300 92fff11de2891255
29301 2cb388d2f27263c9
29302 41deb6ca3375300a
29303 f878327fa05e8396
29304 c1a1afbd832c17a5
29305 919e126023644af7
29306 38a93391e732bafe
29307 75f92f8dd633cb0e
29308 e3428909ee6f5055
29309 82d2d58358b8c68c
29310 46c350091e9f0c06
29311 b9525c412f1fa193
29312 2d43a18568c5aab6
29313 f76eddf1864c0c27
29314 b1dd8bba338f31d6
29315 b4f4551cc5b3677d
29316 c53f3a19ab05d3f2
29317 aca73550dda0f201
29318 acab5887bee756d4
29319 cc4571857c2b2a0d
29320 c5b6da4f26ef810b
29321 fe6ccfeec1d99b2f
29322 ec57acd4d59201ef
29323 4b3e7742f2056a50
29324 2024c9770d20ed33
29325 c8be2d16601b96fb
29326 45b825cbbcd584e1
29327 ce5763942cdc2632
29328 48abfd8e9bc76ee7
29329 00df67e1d0c50d93
29330 ce139399edc01684
29331 ee1c8d55b4ad9f7f
29332 42a20ce39ec8c3e7
29333 56c16ce1c48e037f
29334 120e6d8ff7e4a483
29335 3be485873cd601eb
29336 93ab873f8c291e99
29337 920145920ad68c68
29338 53a42e2a0342bfb0
29339 cc7f992f4689c5ac
29340 728c70c4b45b075e
29341 6726169e5ffcaaaf
29342 572d81d54cc478ae
29343 61f0dc1495ae9863
29344 01918343e1d4bbdf
29345 c0410868e824be50
29346 4ac805099f83aab1
29347 6451ce3c45e098e0
29348 093b2f5f54d7bd41
29349 cc395ba28c897f46
29350 f70c6e6f4e4a0e3c
29351 a2e720b6dc200914
29352 ec856c99dcbd3957
29353 bd387f5d669dc613
29354 2c69b3fde2a63afa
29355 215a96afc5f51199
29356 1d801d05810069ce
29357 397163c6c4c95e1f
29358 c1a1cbd2605a180c
29359 be44dfa3553fc06c
29360 a2ae1a401a718289
29361 90d1b0ecb72a1636
29362 c6661999f37d8076
29363 e228d75bb6394c35
29364 c480898b6b8254b6
29365 60411f68004af736
29366 df91bb0aec4bf737
29367 a950e9cb5a8a257b
29368 1af6b263dd940851
29369 3810455552fd7b00
29370 1ffaec148c6e2e88
29371 2cdc6a5dc51cb3d7
29372 d4539a74794e5897
29373 c7f10fdcad161216
29374 add8a3851ee4a048
29375 308eb857f8e4cbd8
29376 c9e088fcb8c9eb15
29377 c4410a049c3147c8
29378 cbacfd3dde8c17ba
29379 efff2ebb2acfd3a7
29380 19c2763a7bbe5dd4
29381 6af62198a4531203
29382 58705713832547f1
29383 aa0023c61addc660
29384 dc8b469d744f2a83
29385 e1fa985f25ad084e
29386 6443329fb4233fe2
29387 85c1eb3ae46709b9
29388 5ffd1f83158bada7
29389 56b1baaaefaf55e6
29390 f1adc730e14a1f7f
29391 d7e8ad8cc6a8070a
29392 58152da86e0bbe8e
29393 f8314e6952116bae
29394 f3f9eaeaae8441fd
29395 794d36ce19d668ce
29396 738d3c0a48d4f1db
29397 74bc95a596f336b5
29398 988e0e2f458424c1
29399 cb484ebd4fc9e3c7
29400 ca29a332e6859095
29401 ab3fe33520707f4f
29402 d1c0f788109a5dd5
29403 9352069d3b96ff9d
29404 f177abec9b24f572
29405 fa650b715f796b6b
29406 759b1bfd9194e1f7
29407 9e7f320455731b5d
29408 92a05baa07681e73
29409 5ce4f4bf6359507f
29410 a155941090bc1721
29411 22ddfa6da88b4f29
29412 60d5fb535b3ee528
29413 dd581c0e34a939cc
29414 bdd63dd05f07b7d2
29415 8774a7f2fc2ab617
29416 634d4f7cb00f2fdc
29417 ce97b477dfd0d124
29418 d7a1f557c13858f7
29419 ee240df96c057c0e
29420 acc8ef7c9a0a8e73
29421 f616660dde9fd175
29422 02f0cf168a7204af
29423 b5e747cc8075d6c8
29424 7178771ad437161a
29425 0f38eedc9354b509
29426 c6b46088a0a227f1
29427 4c1a8acf2a174b9b
29428 16f7c684a4955ab1
29429 b6483bfc883bb826
29430 ce520b1ec70f4b9f
29431 75c1b3b0394bf8d2
29432 1d781bb386f9a15b
29433 c3c37c1bbe0af732
29434 731bf4cc3c487412
29435 c573dbd714abb25d
29436 0239135e5afec49c
29437 607937bc8894fcf2
29438 29eb2cc89bcecfcb
29439 e4d7719d29724a6a
29440 a35838297cd4b8b3
29441 263b3cc2b1512e20
29442 1b4889cd8b2aa065
29443 24bc3441ed5fb682
29444 3bb48fb3cef9b440
29445 acc9b8c270615f4c
29446 9ec95ed4f543f84d
29447 cbc15ac740b9562c
29448 5039ee1fb03e22f5
29449 fd5e3da8f599ffbc
29450 fd87917f6eb33567
29451 d97c8b9b8825738b
29452 f517ad6c77825460
29453 96d2be0787993e1d
29454 70c153ec169a0b86
29455 e05580028afc5e66
29456 bc6dd56f75a28252
29457 785348d0e97abe0e
29458 a5b4a77316d8a42d
29459 2d230bb76d289b66
29460 c8bbaadbc69140e1
29461 561b30d38d3c8bc1
29462 f48775181ae39e66
29463 c78ef71be587c8b2
29464 8db10ae6fc11c814
29465 9c916d37fc9c5d99
29466 14b94e742aec6b0c
29467 9b5ec13429d3f66f
29468 3e74653e10defb55
29469 61498303c2d49208
29470 61143726a6bfc74b
29471 04e7846f60196bb2
29472 f1b74fcdb0a8b338
29473 73b7c2da82fcf34b
29474 1879a31e8835209f
29475 1d011bf9da651d85
29476 3f4b76a4a0e5de00
29477 f7136b72020db2b5
29478 aad11e430c50395e
29479 74bf3a26c659b18f
29480 498f027f43d766f2
29481 33bea627b8e99c85
29482 cfea0c5b69e8caf4
29483 eb74d2dc05449ccc
29484 80088fb8145052e6
29485 a8cb7c49d702a5a7
29486 0d4f59cc382cd349
29487 6a59b83c9c27ff2d
29488 4c15ecd7f82fc156
29489 2978f9c7f87db8ef
29490 2c960013823ccba8
29491 4966207b3e43bd7f
29492 5d9108d4eaf0e543
29493 d8a1ab91a5706991
29494 697dca5bf1749fd6
29495 619239a6e5edc7a6
29496 c386fde3961a0146
29497 d0f022838217a920
29498 15537c3816bc3b3f
29499 30f0f20981f1742a
29500 fe86fb4f80931d1a
29501 d729d6b4d1a40d7f
29502 bb2ec7a7e3bba6fa
29503 0218ffd3419d8a28
29504 57349b9052b89109
29505 3d2d350ed685b9fb
29506 cfc16dd3e451a63c
29507 61282a46edfa0757
29508 f04f6feb633ffa07
29509 f1b37c6964e17bc2
29510 dc0384fb60fc2a07
29511 a82fc405fc8c1f80
29512 cec7b743432d1e12
29513 cd5e14605b02204c
29514 a36a6fa4caea9419
29515 5dbeb9939c48ac02
29516 c2e2685a0f8ac426
29517 dbb4108b208dbc1e
29518 215c6bc9d1b2ead2
29519 cc42706453ae9c66
29520 1b07f1feb654cbea
29521 7bb212ccd87a6dae
29522 19d282cfe18572ed
29523 6236d2bce7a07006
29524 92eaba0c734aedf9
29525 c228ea143aa6e45c
29526 3189d6e19cb62faf
29527 7b7ceb2914eca58e
29528 001bd3a440a7d7a8
29529 155ffadb71df1590
29530 a02ff1148091ae5d
29531 52e974e524c37b68
29532 a140bc3ca54c97ed
29533 44c0cb8d92e799e5
29534 2c2528bc80beba8d
29535 72866d45e8b0576b
29536 e4627e82fd8a6fba
29537 cfa15120c78f48ab
29538 c0a0e98e6eca0083
29539 e23e29353e7f8f9f
29540 2de01c848da2212c
29541 1f0bb177e89e018b
29542 58a7d93949cac76a
29543 b291294e39e8550e
29544 18770fbc65dfdb6c
29545 b52f49c3cd96adc0
29546 fbaf39a3d03a9c62
29547 d75ac5a4ba10f378
29548 0afc9b4ad1e51282
29549 b7960ebfb2151468
29550 52671fa9e1a58386
29551 8cfc0cda1d521833
29552 8ce6cd3cad51e84c
29553 7118d46974a9d9ae
29554 1e789bccf18db5a1
29555 ddea2ea9dfc986b5
29556 deb49093e96dc82b
29557 868b3b9b2be97b64
29558 0c4de470cade9fb0
29559 d6a966aacc0f0f9e
29560 1663b00265b42666
29561 1932d0dfa4a5f4bc
29562 bc2ad0f05370d0a2
29563 e5ec732bb8856385
29564 589e1a2dd03f4dab
29565 38a334d7492b60cc
29566 92a7ba50b7c0a3c6
29567 c0f41a9691847a6b
29568 374cfcb55cbe10e3
29569 0d57cd2f05755c5f
29570 dedebd21f6e6a1a8
29571 9542b0e6a99332cd
29572 acd0c4aac1b44662
29573 2e1b0d3056168eea
29574 1a4ad63f4a629c4f
29575 7eb258e27941de0e
29576 546ce1cdf34de925
29577 66a59fb1478af2c0
29578 9924069b5c0e8118
29579 007c75a77f49aa36
29580 3980d548f0e0609b
29581 fdb330a2017dcd33
29582 066f7f590186a1e4
29583 62520cbaade38378
29584 b8b7a8771f77ebce
29585 c357ae2942701f9e
29586 c543f58ea1961a2c
29587 b2114414a3a0c4f0
29588 49f49441e71e4715
29589 72d080523358fcf1
29590 231d6a0e5bbdb89a
29591 70eaa7858f723bdf
29592 98dc99631e971dde
29593 a34055c24a1a9906
29594 8f971f3aba880bb3
29595 f5ddb6d705fa3862
29596 32a70bce8e97bfef
29597 d2721ac08a772721
29598 8719ac10825563c4
29599 aca518b62220033f
29600 d57ec975c8596d48
29601 eb5fe299605c0bf2
29602 1ae66b38e138da41
29603 37efa2fc24d9e215
29604 83e5e3c756822e58
29605 f987afe21e0b908e
29606 fb402eceb36f1367
29607 7837364a690c4ade
29608 ebe3de5e317cb272
29609 98c7a0336d010625
29610 5bb0ca08420ffc08
29611 ca79ec92be93b500
29612 4d163b9849a32c97
29613 197f84c8df46d97e
29614 f792298b5b1f6f5c
29615 b24543fc9371a233
29616 aeddfa22fdd17228
29617 71bd9e62c1882cb9
29618 94774d2b69275fd5
29619 58c722a736401a3f
29620 ba01936f326c2276
29621 8cc6b0e325a57968
29622 7b0f35eaba51125f
29623 ad8d684157cd76d7
29624 5222ba89a86b7e95
29625 aaa4efa922cebc6a
29626 a23942ca68fafd76
29627 5dc91f8664ca9b1b
29628 7b00963d4eb70a00
29629 9c0426c2bb4b3463
29630 97512a72ee80142c
29631 55f3a0fe6e58b96b
29632 b91c6eda64a7ce9e
29633 60a2b1a1e4fb79a4
29634 49e48c17f0182f5e
29635 6a06028630879094
29636 31961261e178f179
29637 e5463a463ebacabf
29638 9199a2ab6d69a49f
29639 8dd2c0085082d5e9
29640 f4f2c2f56eb9043f
29641 8b304feeec432090
29642 c9af38e8519840c6
29643 766c0522a69d9cd4
29644 38ad8bf85d27106b
29645 1c9dc1e8d6b3b331
29646 29564694c64f0887
29647 5d7eafc7ec59d438
29648 b99aceaf0221be33
29649 ec0eb368b6f8d029
29650 727f3eec86513dae
29651 826f0ffc8633f35d
29652 38466c247f239b83
29653 ce3266453f0229be
29654 a1fe5985dfd14739
29655 37b055fe57bbae33
29656 7ff9eabda19a25a8
29657 57a980bc837eaabf
29658 2ebad947bd72b734
29659 6aa4b9571b8a51db
29660 69f98b8cf1c4dcef
29661 455cfac4a9e3cea8
29662 1529d77e316ce1f5
29663 535a0426fff3cecd
29664 f6ae260417c3c0a3
29665 60287f6ad26fcc01
29666 4bb7c2cf5bd22d08
29667 5b37ffa870404ba1
29668 6fc2a268cfa3f80f
29669 911186eddc0e635a
29670 e9ba3b987316b6e2
29671 c1dc16ce602bba1b
29672 80d1213d29790923
29673 5cb52c98b5d5f9fb
29674 d2b1e17027738fb2
29675 cbb75ab11eb5755c
29676 5c1c4e04635ed901
29677 d4715fb761d54454
29678 7d009cfce6de1f9d
29679 3604e1974fb2811c
29680 6852d35f86bab32c
29681 45c673c48886f778
29682 8347636069037537
29683 4307896d90f51553
29684 1bc71f5a3b1b19eb
29685 99818173c9f1e5bc
29686 e4b5877d6cf693ae
29687 f9a39a9ded686a89
29688 1c4ab0de596f3ef3
29689 e234ece2084d4cde
29690 1264e13173ab50d6
29691 11764af5f693f8ac
29692 5bfaf86c984efced
29693 78c58e31746e4295
29694 7abd0716bcaa2826
29695 8dc2380754cc7a5d
29696 f1a36dbe130f1f30
29697 34e60b4f95ec1f4e
29698 a4c70bd678573eb5
29699 58943e16cdf4267b
29700 1c99f91ddd0c9cf3
29701 89594605921ba8cc
29702 212f94d3a1453a54
29703 a066aeb97f53f8bc
29704 84f74506ab38148e
29705 a408875b3f9aa973
29706 c131e193d2d219f5
29707 2eea67b39df03186
29708 f1d87a9fd6425ee4
29709 17e38585863fcf12
29710 8198c15069056e97
29711 04d960294c34233b
29712 fac48b705f4a6c7d
29713 b58fb02f45301085
29714 cbd8fdf893a08486
29715 1f9426c76036e25d
29716 b1ca90ffdfaf0dc1
29717 a69cfa396b8e09e6
29718 130c2ff4d4695ff5
29719 c6301bb0a727a7b5
29720 4c768cf48d1c8fe9
29721 1b23ecd9eccc934c
29722 b972c8ee2985e0a2
29723 fa3ba180feb24160
29724 ec913f1882e95c20
29725 aeb1cd610df5da0b
29726 1529ff754bac46d2
29727 8dc3cf2402d636be
29728 f593f962e629fe32
29729 154618b4243c426a
29730 c828c525ff58b03c
29731 38e5dda199fffdeb
29732 9412d62ce19c7138
29733 df497e9c2a6f5b6e
29734 5973201374024c95
29735 d651ace508eb1f3f
29736 1f57de71849468ff
29737 09b1a2ab1bc5cfe2
29738 5c8a019bfb407547
29739 c9ec9884ca4163ac
29740 172c3e866e7544d8
29741 8e3e169a69c2c3f6
29742 c91ea4d9be9ad0b4
29743 8b3b30cb7ae6cb98
29744 4bf24d23ab92bb0b
29745 304244124ae87a70
29746 fd944a2a010f427e
29747 55b977e188b089a5
29748 7a63d4f96f688019
29749 1a19310acd0ab683
29750 0ae99dc883e87918
29751 1fc0d675ef0732b6
29752 cdaf8edceb069159
29753 eea6297cfa9acc26
29754 515fe5abb4f14d7a
29755 c56b12171c482253
29756 2df8bb495b54a2e8
29757 8b8b416093d41595
29758 3b7d94a79acf021e
29759 bf9f12b7cec6ada2
29760 5ed370993d120143
29761 c11531e313769125
29762 8813bfe3a1f02713
29763 664a1fe8ba717f5c
29764 4e9f5248a194917a
29765 59aa9c28f693ef65
29766 0a5e9edc2b5588e7
29767 0cd02568f9bde78b
29768 4c03015ef679bc40
29769 f37afbb9539b189b
29770 be7aba8aaf66a99c
29771 29c3e6c544885061
29772 bf462c9bed833b0a
29773 52c5ca1641b316af
29774 61fc8aab7f21b979
29775 26fa57f9c8ef2db4
29776 520c4b6ad93770f9
29777 1728fb859fbf42dd
29778 4707810b324924f2
29779 3dcdbd186ebb8577
29780 b18d2a48159a950e
29781 19aa8b530798c0d4
29782 731bb1e38422fd23
29783 99b5c420f46cca83
29784 814311a7c61ea288
29785 f72b1f92c281be03
29786 06a591f624a36568
29787 bf211ed5aecd65d7
29788 36ab1a74a990e885
29789 3abf2f5b830c5048
29790 f6adc57266d5d163
29791 48bf0869d506902e
29792 e01a041c8c0ec4f6
29793 1e43e2caa59faf69
29794 0fd8a147e207046a
29795 a7e9a83c8f51c4cf
29796 26df505b2e48cce7
29797 673df30629ae7140
29798 812f78454cc933c8
29799 3b81579863d668d2
29800 4c9769398b878038
29801 ba730678a08d4967
29802 092ddddfdcbc51e8
29803 fcb69586cec00e01
29804 5c325d849b7d1c87
29805 9aeeb0256010d6af
29806 606a15a7e2f94fa7
29807 c43dca1c2c87812c
29808 a3741b67e975b150
29809 b1820bce6a84496f
29810 3192513b8d8613ee
29811 3e3d3855c0cd2c87
29812 19f29d3127d65ece
29813 82185eb08ce90787
29814 ffecfd6f2e9fd014
29815 615581f0c4af4e03
29816 e5f15dbe1549133c
29817 3be6c27be0f88bac
29818 59f37fac7dd5b447
29819 d369a73e072e8987
29820 17f9f936587057b1
29821 d83df5886351a8c1
29822 085e2994bfd84d59
29823 720054f79f2ad68f
29824 2c1859f1cc0a7b37
29825 5854ace450cb96be
29826 65b50fe2923c051c
29827 893ca68a066f569d
29828 63390794034c8424
29829 483a7275faac2a65
29830 2473579385d6b64e
29831 c6c15c210a6ffcc7
29832 4dc8cd8ed8140e5e
29833 eaac0d2413c8d9ae
29834 168219db09e74aab
29835 d52f1f0d58285ab2
29836 38c58076fa96428d
29837 19ca1ee89eb79194
29838 06e48e1e210e8d90
29839 bc9c0aecbcfae9ba
29840 3968d9278e0b8630
29841 93901a98c8193e79
29842 3f8a65cd9249982e
29843 4b1cced52083a9ff
29844 967eea7b3fdcf381
29845 82ee10694da28b48
29846 213edc8f78bb5de0
29847 38cf304cf9e1ce77
29848 3c5784aa97c87335
29849 760a80bd26bded69
29850 a009e733a43d79a3
29851 026d1bb37254bfec
29852 2363715b2fca59b5
29853 4bb596dea8c774cd
29854 f39d4f623bd06000
29855 3523f4d9b48b38dc
29856 322a8c91799440ff
29857 6d911f03e8dbeb81
29858 0b6274fcf649645b
29859 be5099082bb1e7ad
29860 45a51d37995974d3
29861 1d45c8d35bc1fef0
29862 0b5f97d28a25f3a9
29863 b7d6793c825549df
29864 b3f5ecf76afe8b5e
29865 9baedea0f85e50dd
29866 42da767004250d32
29867 2405e6fbb1ef33dc
29868 8d0a02edaeb16ae2
29869 52c3768658e73de4
29870 56f8145404d28145
29871 bc5ec27ba6b165cb
29872 198f49b15208956b
29873 b6f509ed6c2f716e
29874 531ea34c43c894e9
29875 4a9acd73f342890b
29876 bd5e0bf3f22594a4
29877 cce78cfe36ab1d04
29878 4945f3a51dfb92f8
29879 22aa53cb5d502980
29880 62d37a5090e95228
29881 dec8f7218f458acd
29882 1f9a44b6976f618b
29883 506e455136ec2ba3
29884 5c652fca8d985a39
29885 9dba8395d776e0e6
29886 11cd7f4676e73d24
29887 27e91e4f2efddae6
29888 62d6b38638899946
29889 af736c309ff9b5da
29890 eda131be1663d02d
29891 28d6dcf5122383db
29892 1ef6ea5f6ce53f78
29893 fc61adb774684392
29894 8726f269b9e377df
29895 5a0f6ae5d255406a
29896 87945b7834310dc2
29897 117d1eb6b7407eff
29898 82ebe8317fde802f
29899 a65b65afdd12b24f
29900 43629795d29d2227
29901 cde66aa6a89c2bf0
29902 1c7216e2e9bda380
29903 d1d822fa1c86078f
29904 f2c3f86178d9644c
29905 ce184c98b87908c4
29906 af5140ee6f43ed90
29907 6a9553e35b698947
29908 e0cc1f77a4a9d8ab
29909 d02f88ad3d11032e
29910 5ec21b715dec1250
29911 6f9839bc910ddb18
29912 56db542f39536f66
29913 fb7a78dc48724755
29914 eea19f0f18095f09
29915 04e307d913facb23
29916 40acdfc36e2d8c4b
29917 86ed3cbaf4dbde5d
29918 ea14b6745b03ab57
29919 f360faddc55c826d
29920 ab8efab79dbf02f6
29921 816b8c3155bc6afd
29922 e6483ac97174cdac
29923 ded4fd29dd7d9dec
29924 55f3f0471b0ba3b5
29925 a26dad370bffdce4
29926 dde82fa4745ad5b4
29927 652cb80a030f942f
29928 4563b4bd23604566
29929 85ef65493d5b155d
29930 b46c706a1e596d94
29931 89302f00f020f629
29932 d22115e0cfc994e3
29933 810bbbf1ea6edc6e
29934 c7a71d2b6e2c27ca
29935 31bf8f3b32901f0c
29936 0942be27d8dbb457
29937 1854a111d549e96a
29938 44eec3a354dc2c01
29939 c8743c093b629b88
29940 5bc31667b46b94b7
29941 7cee8a44b6424481
29942 02b2bc6b923371a0
29943 df689227825911c5
29944 e4517c263de367c7
29945 3871daa66490c01b
29946 f9e73ca8c83af4fe
29947 e40495c75241ce96
29948 5b4837164bfe7420
29949 bc631768db324f24
29950 2fba5d314bd61db6
29951 dc71e106c3906713
29952 cf833b628722ccf4
29953 a8a19c240389b8cd
29954 809606dc0dfd0552
29955 315996487984a647
29956 861047cb89eb6e43
29957 b9067d1f372fc8f5
29958 358fc2f134b969e5
29959 0e64ce96bce61aa4
29960 f105f588f880384a
29961 02c3309536cbe889
29962 9091f011d550a918
29963 50cdddca7ab80e21
29964 b2f5e5339711f2df
29965 9e4750f1a01c5e09
29966 dbdc36bf8f238d3c
29967 08ec3f2126441d20
29968 eac6113ac024266e
29969 0090b745137e8c61
29970 85bf2281c644324b
29971 15db9065397e3965
29972 1db62fe30ae4ea73
29973 80ec7e3db3de3ae0
29974 53bad701a16d4357
29975 cdae861cf66706b4
29976 f8dffffa2ca9760b
29977 850812e535182108
29978 3c62298ef21baec5
29979 311f3a21be94a856
29980 c73f4c51550b43fc
29981 da77fe507a2ff9aa
29982 5d0bd63fd8a344cf
29983 3945f3469c0c1253
29984 76419e3796712651
29985 674a87cb04880ed7
29986 d89978d82fea45e4
29987 4e1278eea97a382b
29988 22d8cedef629a3f3
29989 e1bbc75eace94846
29990 62c380737dffc68a
29991 b5c83837d8d17d5a
29992 34e23df1b481e823
29993 977d40ca3d27c9ef
29994 9b57272d8b795f15
29995 a3089854d547a9ca
29996 8095419aae56f1c7
29997 a2b3faf76552f60f
29998 eff507696fed2bce
29999 3be5ad64ffc00083
30000 4e47f5f1da5841e9
30001 b3953d91ce9f47d4
30002 1f53fa3225dd2291
30003 ea8ba121dc7fe1bb
30004 85134eae987e293f
30005 28d78e40b9207be6
30006 2a6c7c609d439c6d
30007 d72686d5d6a403b5
30008 9e1d5cafc537c239
30009 c6083f1a6606f3d2
30010 a288304b563af73d
30011 166fb4e004b6bbab
30012 659fdd4613961490
30013 6966e91c78636a23
30014 67bfc04fdfd75064
30015 2446e1a4c6d91d62
30016 3fe9c7e9ff140407
30017 5f390c5638af98e3
30018 f62ec2817ba9231e
30019 618e9169a0d700fd
30020 be4d41ab042d8af6
30021 a56c231ae3833cd2
30022 372a8c35cb4aed39
30023 56b814a3c89d219f
30024 798f2b3abe710ad6
30025 eb14754db169b353
30026 063802f739013da0
30027 87423d7eebb38df9
30028 d96206c7b9b59d7c
30029 b3acfb2fe7e56ffc
30030 6edcd5389a064d6d
30031 538f33653fcfb11f
30032 1c388bfb65cf2611
30033 0352566e961800e9
30034 6b0096210e3b3f93
30035 c546e1b97fae5bf6
30036 be5ed8b8ac102f6b
30037 033398a965b415b6
30038 18a229a893bf92fe
30039 fcc47795392a2159
30040 89404ecbb2f07867
30041 18acfa7ceae44ed0
30042 f858ccd2d531f2f1
30043 8ee3dbef3822cd56
30044 280df92c7d4a16df
30045 3fbaf5c94ffe39e6
30046 1717eb5021237fc1
30047 6f76e4eec22ce71e
30048 72a00cbedbd53765
30049 93b1a0cdee273567
30050 0a19703438911db9
30051 9724a2a46ebd4fbe
30052 14cc8a1817da1864
30053 e9971adda29d9856
30054 9f370a50ec88e0fe
30055 6b465f4202f1d67f
30056 10a36ddcd217ea0f
30057 dc9e2fb1e0627522
30058 eca36dc38fffb22e
30059 a1d9c11b11dc74f1
30060 004d7701200633f6
30061 890b4784f6217cdb
30062 ba5beb180a5368d4
30063 ee4c72650909890f
30064 32d99362126e460d
30065 ce0a76abaa22b9da
30066 23a07d0243cde472
30067 a08f7c98293007f4
30068 c150ddec14408d92
30069 93f735d5f73f704d
30070 43c39b2e8a6d0951
30071 d730775796bbf95f
30072 685f4ed4e1a5b310
30073 89569caaf527aa89
30074 54b28dfcf720e093
30075 678b7c24d75ae839
30076 646b82e0325b742c
30077 b4c291b3b10ca110
30078 cb316e3599b99913
30079 3c8eeeb0d9f10007
30080 72ba98d80db3195c
30081 eba4dd27af37c69b
30082 6f1b323d80ed784b
30083 e0fc9a5d27b89841
30084 62e8325cc0263a7b
30085 ae8a36334398860f
30086 b7993f8adc61e3af
30087 6b03c2a5b2645456
30088 d425829e471f2859
30089 74534cf37119d4bf
30090 608e727409d59925
30091 1761f64d387ff0fe
30092 66b5b68f7c6b94a3
30093 e40b9dd5c548f996
30094 758d55323cc985a1
30095 acc91ed3aa522c29
30096 edbcce3fb2295131
30097 fad841c6f1ea8e01
30098 949097d8e795b5e6
30099 85e8968d5f9ea700
30100 1d5678d5efee2ad0
30101 a60e3c0bac5448ed
30102 874bffdfcc74d566
30103 a8ed3544cf893b45
30104 a20adb003040a25b
30105 0c69863d04b1fd5c
30106 7d9d5f3eb8ea1591
30107 522303edbefe3aae
30108 17b623dfee4b981b
30109 d975eb464a187d63
30110 8a7bf4da48969980
30111 30c86fe262017247
30112 eacdfb5d6aca7011
30113 f5666c3c7a83bdec
30114 7ddcd6fb314c5199
30115 652c181c2db78eff
30116 266fd2c0d369197d
30117 fffee567d2ea6e5c
30118 b3031d49e056b2cb
30119 765979117697d4ce
30120 3e0a3024eb517d80
30121 9172330f9fee3e96
30122 753a72bbfd42cc53
30123 0576026ccbeb4f85
30124 5c88ac988b999716
30125 dda3065560068726
30126 80f5ad55ea1d63a7
30127 775bd0c91365bdb5
30128 5603ca5f5fd81e43
30129 108e8bf3303b2181
30130 6221405241943843
30131 ae36a7a8947a389e
30132 7bf784f0ccaadbc9
30133 e97c98d03c5c5788
30134 4c504a427ef373e8
30135 c8540b2d69aea7b7
30136 112d2086cb49853c
30137 4527a0f11ab5c41a
30138 21fe7cc259067313
30139 404576caf4781a80
30140 39a34fc5242d3b11
30141 a27503e839b3a91b
30142 4dfb3abc6986beb0
30143 fe0c5b6fcb87ae24
30144 2226b4030e38e94a
30145 fde20d2682eb5e0f
30146 581bd733a67501cf
30147 3e3765c2eea93dc6
30148 248dace2d266cece
30149 a14162b278befb15
30150 1fd61605f49ec778
30151 488cbee50e88d1f1
30152 4dcf8ebeddedfa8f
30153 9b65ab54b755db6d
30154 e2fbe1b13f8e2ff3
30155 5dae6b4ad298f46d
30156 87b700c764c0dee2
30157 7f1d6127080faf2d
30158 c0ceb323cac06107
30159 cdcd384bfd526391
30160 256ccfed2cebb40a
30161 c547b0d3ab43bfe4
30162 30474f7f5b2ebb31
30163 5844bfb05735d1cb
30164 63369666f9da430f
30165 5e017dff1c7a4e47
30166 f72053f767b11172
30167 c08c7192c5d233ae
30168 30fb451dd4652894
30169 f622c5ec78fefce1
30170 bd3adc9626ed5823
30171 2e41bb3f3cc53bc7
30172 8495e8bf5ff058c1
30173 93692b70d9d9d7ee
30174 61683583f2a4017b
30175 423e04a893525e68
30176 55aa1c7ec09b5208
30177 95f0b7dfa1bf972f
30178 4301b16447f1d0e8
30179 6cafa0cc1e486963
30180 cdcf436b78aadef6
30181 4d536cbe2f9a0669
30182 1e8ee07c5fd3161f
30183 74e22415039d97e4
30184 49786eade6e6f28c
30185 987f80e2fab5b143
30186 8d80ac83e7466f0b
30187 6e47e0eefdf1f478
30188 61df9066327c0496
30189 98aea06dd94e75cd
30190 ee9c09728f38306e
30191 a124afde893c40d3
30192 c4f99ac4ee3edd08
30193 34172036d876f365
30194 f272761277eaa13d
30195 f63273c7e8e85d50
30196 6fbb95d85d9718cf
30197 58127b77d575e659
30198 ece3c780f186816b
30199 30e4a9a381f9955e
30200 06d0cb361fc715ab
30201 19b647dc5566aa9e
30202 c8a88367ca87da4a
30203 2842cfab599c13c7
30204 4f9cbc31d8d3651c
30205 263fe87efb51cff1
30206 8155ca70c35f3371
30207 fa26a4f5aae25755
30208 93e16a71d12d37b8
30209 502fc200aa77225c
30210 8c0539dbe5349ccb
30211 60f6e906fe7c6f3e
30212 f1baa30296185374
30213 55ccbe5bae4d6669
30214 751fdb8810afdfe9
30215 31bc51088249d4f4
30216 3f0fa9bb5f7a1447
30217 7f2083c3c8f28aca
30218 39412eba1a3180ee
30219 12d419c824deaf3b
30220 d2ec8a27fcf3ca00
30221 ad4efc14596fdc55
30222 9ccc268f30fd8a0f
30223 e4b55de8d013ff52
30224 2e5096824afb9a33
30225 00bebe1dcff16f26
30226 202d21c5bee147a6
30227 b149217cf44d6eb3
30228 4b133a1858da51e3
30229 6880106b633593f6
30230 92c406fdaddfc15f
30231 2bb89dac78d75102
30232 80ddb5baaab20c91
30233 272c4759aafce7cc
30234 72c785a1639c9e94
30235 564843b321983ab9
30236 65924e810173b3bb
30237 7cf9038cbd893426
30238 df503ec48c27dfd8
30239 555f65d9d5847005
30240 3b38be2801d43198
30241 6ed8308ae4807dc5
30242 16fa8ff3fcaa2add
30243 06bc6db09b784db0
30244 8d1f149b624b4cc6
30245 da959915c42d202b
30246 58c33674c4f47925
30247 4f0e12d0b1ddfd88
30248 691209527a0fc181
30249 7b641de1ddaff644
30250 b5b2ccdc78d7c813
30251 7faee230683a80ae
30252 a5e57b3455cd02ab
30253 e67de3de2d7692ae
30254 7aa52d51827a1bb0
30255 1f68eab71cdb36f5
30256 f6bb2f303997d30c
30257 8f08d16032bb4dd1
30258 267f1fa69bd8a3c9
30259 6271ccefa0871924
30260 421575f0ec85ba6f
30261 ef32ada4cf646a52
30262 e4e9b52e7506304f
30263 23155acf90f3af32
30264 7a178e43495464f9
30265 d7d666b4edd1b684
30266 547e3b4901fc84cc
30267 ee9b21b658bd8be1
30268 f86e7a19810e151b
30269 4dc48a6708a02c47
30270 4335d7f3df13f312
30271 71bf1ee4a343aa16
30272 ac2459c577f0271e
30273 fa28935dc47c052b
30274 a2795462d70e94a4
30275 49ada278f73a9f99
30276 35be002e19ed2c55
30277 a6e18a762a948540
30278 b283b7909c53473d
30279 cd5cd2b19aae4d08
30280 999d5f9d264efceb
30281 09225111e6309ade
30282 0eb06c7c6801537c
30283 43264c988fbadc91
30284 0a14f0792747915d
30285 c31d4807d32f5c28
30286 af8ba09112d10287
30287 eae0f6bb69f2fe4a
30288 00eefb0a76f1f9e2
30289 bf3718516f767eff
30290 43e7ce249a16e050
30291 5cca0b0f9e002265
30292 9880ac6fab9aa44f
30293 1b5e6da7c8a93932
30294 37963e66361d7abb
30295 bce52200930779ee
30296 21ad37b004007e1a
30297 20cba6229cf7edd7
30298 c6b6ceb3fb58ec61
30299 28ebb68236094a4c
30300 00a2b402aca280c1
30301 de8b1a84782b81ac
30302 3ddddd3e1b34bd63
30303 5d0f607b32e83276
30304 07669f0700ea8692
30305 4264258f6971c4af
30306 c70c1ef629524560
30307 a9e0587192ae5775
30308 cef0df77c7befa1f
30309 36f0154d360f5002
30310 cdcfaa3dc2affbcb
30311 260c2408485d5bbe
30312 573bddfa0dc2188a
30313 4855d1293f9044c7
30314 f0898f816d1a2ff8
30315 786a992aa4e673ad
30316 5878ef0258f172c7
30317 d114d620f7cf658a
30318 75f70877d09b2ba7
30319 087e7af5c1d3d26a
30320 97c9ac15161bb431
30321 e5d5ef4d351eaa9c
30322 4ce2761cee082a34
30323 528db2a813957ae9
30324 fc8ae77f20a3de83
30325 29422fa23ecce316
30326 f74677ebe11f721b
30327 35b8758aa4359ece
30328 bd8df9ecfa44893a
30329 423bd378ec166a77
30330 9ad8016492df1d05
30331 8809ecf2453c3f39
30332 80fbcf14b4deedb8
30333 c9b46d4ce168d4cc
30334 484fa5b383e572c3
30335 cda71acbc6465756
30336 fb55a31735064632
30337 0c951eb91362e54f
30338 9c7db0c1162b02f9
30339 bfa8e05392e44384
30340 6c56b40c21730d95
30341 22fc319d0ef82180
30342 f58778c4c0eeb5ac
30343 4f6c22064f676cc1
30344 e1ee14f981708a2a
30345 0f0cc4418c55f967
30346 1056e4ea04a59e7f
30347 cb4b93dcb60bf262
30348 a4b9e7e8f59b4fcb
30349 decf1e7fbc172ebe
30350 5a027a6e95f3b491
30351 4dc82dbe16401e7c
30352 ed4b17f16fd147a2
30353 6eab67d1523802bf
30354 03f72d0563e9b427
30355 35f9937607c3b2ea
30356 83d396c6555ad739
30357 926a04dc45a06dc4
30358 5e02b2a76262eed8
30359 5684af07b01d118d
30360 cbe4a6749ad9e8e6
30361 f51bf76ebe3a91d3
30362 07dc37590f729ce5
30363 0b4a02d92ad107d0
30364 f13cc193742a062d
30365 4fda583a4f2a9878
30366 7f75eb15093c1cb0
30367 278d53b1b48f4bc5
30368 47c840266195c1cf
30369 1e32b4f331f18fb2
30370 e3c1d1e2db507f43
30371 13b2534d3767b9d6
30372 c9dcd6bda171b6f5
30373 510f26e80e685ae0
30374 417a471906d49248
30375 ee4a47724c94397d
30376 23aa0dcb4560fcf6
30377 e6cb336397d7c1e3
30378 86ed8d433dc6c775
30379 be825e27ba46d460
30380 c662f0cc28b8f47d
30381 42025f442babbe48
30382 4854bd2825c156e0
30383 cad562a346ab72f5
30384 bc77e118dae463ce
30385 8bf13380f9655b1b
30386 0305aa2d988b35fd
30387 1befe734932cf5c8
30388 cb9e1a3fa8a34cd9
30389 48730c27414c5fe4
30390 6c76bf1d6ae2865b
30391 6236c4bb55e9a20e
30392 33c5605639f752fa
30393 dcab6e1c6d8fd336
30394 187e33c01f456300
30395 4625a8cff007c6ec
30396 8d36e7838538e90d
30397 b57552d42cc34f58
30398 4e50af39fdda6bd0
30399 554ca4b5bcfce3e5
30400 d93717e087b53b83
30401 1b2e4b1053cebb16
30402 68cae1b411395d63
30403 c34c113eab905376
30404 ffab428d41e0dad5
30405 cb8f42fc89fef2c0
30406 392875605592d168
30407 7e0ccf968528b69d
30408 90be6228b7f9fcc7
30409 20398f162dec158a
30410 580b3405750725bf
30411 c8cff3c4b83d87a2
30412 ad2568fb1c1e2cf2
30413 441b212ce193500f
30414 8b08ac600e472d80
30415 7e4ff60c8bf2f895
30416 5f7471359b041751
30417 505c62b55f88f33c
30418 c5049ff4046a0029
30419 521c4f74d9e46a74
30420 b72ba7e31fedfdcf
30421 4ec8c3a47a3eebb2
30422 ed5e61f9d6fe1718
30423 4a5ee60f44eaa6cd
30424 38fa0db02e477c59
30425 4ff43a0113658f64
30426 003428095e7388db
30427 aca3700a0d220e8e
30428 f027b712b8a7f0ce
30429 2b7e458f8f88771b
30430 24eecd4569e738f4
30431 ea73f3897d26bda9
30432 b8767d70bd07a963
30433 5fb705514f50bd76
30434 321b63100c84b977
30435 3abfe2e345cab43a
30436 ce79209c1adc90c6
30437 3b153317448b8bb3
30438 0438460ab3c34a1d
30439 c1e80c84c016afe8
30440 92015dae2ac2fe55
30441 3ae11166917a5640
30442 ab688a732a72471f
30443 907762a235484402
30444 c0a0cbaac2388fbe
30445 91c11935c00f9ccb
30446 d204c3cd220a9f84
30447 628a1f525ac9a1f9
30448 e66c3daee3aef2b3
30449 c09615de7691f3c6
30450 f5e70d266a36a5c7
30451 f03afc85ce72b08a
30452 91a7087fe64e0e76
30453 0539a64d6efb5963
30454 01df0e7e9973f25c
30455 cd469908d188ad60
30456 d0f36a0b787ff692
30457 9bb80437e21812ce
30458 bccc8e8d49e5f8fb
30459 d528f0e39d27242e
30460 1168973ba4521e4d
30461 de2753f2c72f4198
30462 040e4f828fd41190
30463 8eaf384b5aefb9a5
30464 1dc4afd10aa3556f
30465 f267e272ab1b8252
30466 06bc65c968b482d7
30467 3fce91508d54831a
30468 b8b2b1981ace92e6
30469 03f9f8ad3cae20d3
30470 785591486fc66cc9
30471 ebef39250e30fc14
30472 5e4fae1e47e896f5
30473 d8b89498a6553fe0
30474 950c60eda146deff
30475 685ec8d0c3f6fde2
30476 4b03d7f25778b05e
30477 d340ac6a89605b6b
30478 27cfa8077203a235
30479 2a27061f39638c20
30480 005fb6fd5814c791
30481 0f4a21eadd0d937c
30482 4f296e6107e4b390
30483 bf46076d736fb8a5
30484 6e997b7304f0ff16
30485 ccf9fe15c6665083
30486 7fbf1ddccd3c827b
30487 f639ff581f50cdae
30488 765f8d50fa060e77
30489 e06bdc86b4e4ce3a
30490 921d1f050fc365e5
30491 3eba7b0937d9b4d0
30492 352926ad38e9ab8e
30493 245d49cd1788e4db
30494 76298679c3e10a23
30495 5371eba9fe9be336
30496 7285479f12c52e97
30497 4c0487a3bbae5ac8
30498 ec35644792b4d5ac
30499 1c2a8a88e2420281
30500 6702c3b680e1877a
30501 122250b0335f1617
30502 b780d1426db6e73d
30503 8b3b5daab975f948
30504 325391c193f42509
30505 0efaac3d4e3544d4
30506 6b16653c89b6b654
30507 92d9d6275e501089
30508 b0706470623130e7
30509 b7d7c7b6b985cd4a
30510 f6a94d9ac12d087f
30511 50edfb8dc25b9922
30512 34ecc21eec7ca211
30513 620f080b8de30f0b
30514 18af515c7625ab8b
30515 01f12484245bc0ce
30516 c9ca3cf7f1463070
30517 fd287f59bdf11c5d
30518 7550c5bb88724aba
30519 743d348de0fdfa63
30520 fe5d39ae1bf10664
30521 90abc3bc85543f47
30522 3716ec47ad50a5fa
30523 caa2a40f4f7ef091
30524 42fc5a692309f304
30525 d259bdaeb39dad61
30526 52d1cf6f0fb14d5b
30527 2b37d7ae84f32081
30528 dea4f63cc02375d0
30529 7399220a53749323
30530 6ab061206b3f88c6
30531 dfc7eb0fc44c61f9
30532 3846f5ec45aa3ef7
30533 25a08b1fe7fc9e54
30534 f8e3f9daa84d8a74
30535 200e99563a16ca6b
30536 bdd0d138947b0f8c
30537 d96634992f5dcdc7
30538 08257889408edea9
30539 c68b8a5b3d0aa236
30540 b96a82c75ad8df12
30541 7a4353080a84b751
30542 9d9471ceedf147de
30543 2706a1738413a4f6
30544 d33bdb0d5f4ccf8b
30545 f2cc5fc713c77f67
30546 f444e8eeac417629
30547 8d8827e9c1f98406
30548 522eec1a0dc92d12
30549 fdc70cfba4384b09
30550 2380f8a6a675719a
30551 d9aaf196b03d37bd
30552 1bc19a8312950157
30553 ac8d076e66786ab4
30554 1c5aac5797ae9f91
30555 a01543de6d524c1e
30556 ddf9850efe33c608
30557 e7492eb80a25651b
30558 740cc40ae8249370
30559 19d321e3df698c57
30560 f09d2d25237a9452
30561 c31c1d9f75c9d731
30562 7da99521e0dbad29
30563 c4e8e6793b2f8a56
30564 c07a63ab285decb0
30565 1d17acd544ee9343
30566 1aa5568cb09908c6
30567 87084ffe1c1c4ed9
30568 6a79ea3cf185c88b
30569 f48f1e1ff8774510
30570 609bcde76cc83b65
30571 e0d50e1cb886d802
30572 c232d5ebbd9b60a6
30573 a3ba3d891ac19ea5
30574 85da277aeb407f52
30575 19facbc4d3b9d4f5
30576 03ca6982a5ceda23
30577 99a0cd1b22be9c08
30578 c130341c96252894
30579 c19738fe33779e1e
30580 7c60322d65887431
30581 e442521e951d41ff
30582 b02338edcb9f00fa
30583 9b6e27706d85241d
30584 06bb4543f238481b
30585 1f1b473643144ce0
30586 fda69aba36c3bb95
30587 15abadee61dcac72
30588 fa28804eda836556
30589 ed6fc35cf58ca355
30590 ff90cdd1d3fa6222
30591 55d9f4ff33fe3105
30592 bc5b6e3d85532a73
30593 6294c54b9c279a18
30594 130b00563a31ad5d
30595 6694fb45e1461e3a
30596 9c632260c372261e
30597 d6a29d0128780f1d
30598 de90911a03cfa8e6
30599 3fe2ab51362497f9
30600 d66bfc820941a16c
30601 14c92cc8fab4f89f
30602 a7d0f499f9d68d41
30603 13a528b359ef1ece
30604 6a87d8e04704603a
30605 08f4dcba6e4099d1
30606 592aec6635ff5b32
30607 4c4911bdc3295555
30608 a73c96ba8dbb2a43
30609 70c5a2ab1e2e82a8
30610 e1ef458209911e70
30611 6894df177bb2dd57
30612 a290c3bf1a3e25d4
30613 9bae3c5a34a8f91f
30614 ea3c50c9d8df725a
30615 017b278c93e6af7d
30616 bf6afa7fa87debbb
30617 03c6933a9d0f7400
30618 6a3bbcbb082e808c
30619 1d4688ddaab48443
30620 35cb46e367778dc8
30621 87cbddd709bb07db
30622 1ef511423e52dd49
30623 79cf7a8d279909f6
30624 29c2da365d868b13
30625 068b0ea82d211e38
30626 ca9ce8d9c15adb8e
30627 0791bcc58bfbae01
30628 aa93d7276f403b42
30629 374b9a14637d28b9
30630 1808bb7e364ca77c
30631 37ca8061aa22b533
30632 2e601252cd3e6dcb
30633 4e1aab6b82055f50
30634 fe45bdf2d7e0c8b6
30635 37ae13b813929a09
30636 f75e81491b2c931c
30637 22f7cbfe8e4cb267
30638 57001516d876ef6d
30639 55ef8134c089fd8a
30640 b93f2231da6af5af
30641 a8620ec6edda5ce1
30642 20dc28e466995e2d
30643 fb6839571ba0a2b7
30644 a01d1926c1ec4a80
30645 8a5ce21a4490d393
30646 d74f5ff4cace6fe5
30647 85094bf1d8cefa82
30648 8e9e16c95725bfd6
30649 a7eb53ee1e04cbad
30650 d0399876d81d6cea
30651 45b3cdc922047acd
30652 b0735ba25ce36128
30653 48420447693fcf3b
30654 c889be26e413c4fd
30655 8b6c0d3fe6b23fda
30656 5d58adb89475ea1f
30657 b98e4ed783f1741c
30658 eea18f7f7c4ae780
30659 fb73069b6a6390a7
30660 c981bdcf0dbbe4d0
30661 9230814d822e39e3
30662 c94f177bdf82b135
30663 732374a1ef0dac92
30664 17dc65f6bb894f67
30665 525f0c9842b4f5c4
30666 6a56cb8398187b28
30667 82539ab99f2954cf
30668 7541e46b46a43abc
30669 7bb7407e3c4d9707
30670 29a828eecd03cff2
30671 3be4421ba6d20f15
30672 f9471b5d7ab5a683
30673 9812436047ac30e8
30674 552fe0598b42e234
30675 7af7bc0109a5ffeb
30676 49c1ab47f6470160
30677 9d389d22eee0fdf3
30678 e710b98a356f0a85
30679 ff909cd678a1efa2
30680 cd0219807b86986a
30681 bd875d5d41b36dc9
30682 e01601d33c65448a
30683 460ca9777503bb6d
30684 643ce1d3d714a188
30685 3b9852dfa44c859b
30686 238e0b9eab6c279d
30687 81bec8ed9d01c77a
30688 141d4f57590f150e
30689 75fae174d9d148e5
30690 a71502ea6740f04e
30691 8e7f802c9a945bc1
30692 1f63efcb7322ccb3
30693 2e5009a36a750f20
30694 0339174796050ad5
30695 c0ba0df056663ab2
30696 54e5df083d893c0c
30697 c7d7d31d74be2b3f
30698 7096286507ce65fc
30699 0a9453c90369dbb3
30700 d21f4c164a708e26
30701 ea99be223cc17125
30702 285d849eb95d89ad
30703 338c8fdbb428a49f
30704 34197429da9753c9
30705 1dfef0093052a467
30706 3a483d6a2c541212
30707 b097cb712677c2b5
30708 ae2d3c920cf08b2f
30709 6253846f16d788e4
30710 7d3b62c223b06c61
30711 2cbc02360c9f9d6e
30712 6939a788c5e35bca
30713 b02f6c286d7615a9
30714 18b66c1b9755fe86
30715 e9fcd3d24b5c6d99
30716 723023d406766387
30717 f76d2ad4127b393c
30718 7266559f1162c4d0
30719 fb4e171cb668ebb7
30720 5ea8dd40acc6b170
30721 e16fc809f0d866db
30722 c9c8a2ff07ce352e
30723 dfdb11b6350e1021
30724 119ac7b285bcfa3f
30725 72126c0bdfa1a674
30726 9fed3258d7ce2c51
30727 0b89ef4002c431de
30728 a99b9603f3a7847a
30729 4b2c64b323c51699
30730 7656d7492d96dfd6
30731 5f9bb707450730a9
30732 07629d85ef311217
30733 347d789e7d95d20c
30734 396a5405a01dc7d9
30735 dad28cb8ce2556c6
30736 1ab5416dc8dfeda2
30737 edb4bbc193920d81
30738 fb29c0166bedb932
30739 146d7f3ece48d955
30740 7637203bfc96ce20
30741 866bc8794b5f2bb3
30742 c5eed994a7b501c5
30743 14fd50df59f116e2
30744 dd4ae72983cdbf76
30745 2a16e76891bc7a4d
30746 f6893886e4e75ae6
30747 d56634d7a695b3f9
30748 ef23663ed4c4b7a7
30749 2db3efd3e1c2275c
30750 35290001011be734
30751 9b9119c48a5165eb
30752 bdf498268f67b010
30753 4a725cbd2d9c9f7b
30754 6b09dd533b8ebd0e
30755 376e9a389ff76281
30756 a9f37b3cc1adf65f
30757 f98e14ebc24bb414
30758 cb501ab7266bd988
30759 a12ad673ef1b372f
30760 8201427c0aca9dcc
30761 f70dd95be04d45ff
30762 3a21cf2c09925825
30763 e050d09961a42ac2
30764 51fa86edffa511b7
30765 df59424bd3f64469
30766 9c8e257cda0771ff
30767 39e454541bf13335
30768 dddce501cf6308be
30769 d5105b97fedc4a55
30770 2dc54cdb97921a50
30771 4b1130fc7d07b137
30772 1643f8d780285c6f
30773 d5e3f09267ed4d24
30774 0e585997c6e3ce3a
30775 1edef127ac829d5d
30776 f102833a2af4ba98
30777 31cb82837f4788c3
30778 58eb7080a98bb3f1
30779 bf91fa7091499efe
30780 9d31c946ddb7d58b
30781 98894dd9d11b57f8
30782 3e39f136383cf194
30783 4c205ea5acd355cb
30784 bfcedae1f313a484
30785 5d1602b8be741f37
30786 70776c2be56d6209
30787 782af5c15c130cb6
30788 71870706ee4d4222
30789 1e61487b7c47bb19
30790 dc9191732c874026
30791 bcc050672ca29f39
30792 17e37e3db076e1ac
30793 0f828dfd0a19c0df
30794 d5c203023b117101
30795 2abbfcf90a981b8e
30796 51a2d6e42fac887b
30797 c4c78af85c003f68
30798 fa680bcb299bb984
30799 242c853c9e9a1abb
30800 ee988e71aefcc894
30801 78c7a9bfa3193907
30802 e07aa6fc2b796919
30803 656908f120295506
30804 7e2b93c37d5afe03
30805 6cb1ffeead4e0370
30806 e3622d2bbb1cf88c
30807 e0f186d326f44643
30808 eef3cbd1a060abb8
30809 d128f25262fa47e3
30810 f0cb960105019ba6
30811 e4cb24415ab5b8b9
30812 156880d1b59100e7
30813 1579f92a04dec89c
30814 5bcd9ed994f6d570
30815 09372931f8467f57
30816 7cc03601499c3a64
30817 a635e22a8cbb9297
30818 d52addc999b07729
30819 fc4c7a60ec161c56
30820 796617b11db9433e
30821 9e2ec9d430d557bd
30822 3c0cdf6b3a22cbc6
30823 cbd4528dae1738d9
30824 ff8f2926401a688c
30825 505015e1aed62abf
30826 8a1e544a0d32c6a1
30827 05c2bbad9024810b
30828 c9ac7f1e78e1bcbf
30829 c195e536171ccef1
30830 aa392477f2964952
30831 4db904d1949eb9f5
30832 dd07d364d35d276f
30833 e2c4c64de4f3f5ac
30834 2df82ff84b485eb9
30835 5c327c6f897998a6
30836 82a4e1a618a4f1c0
30837 6bbe468ee5b269d3
30838 028e987b279d7738
30839 3268853d21e053df
30840 b43f1da836039a4a
30841 1b255bc6d2d1a529
30842 9022758f6f6bff31
30843 6b358bf450b7893e
30844 9e9daedb0bca5468
30845 d3dd7d9acc157e7b
30846 47909a82bf2bd20e
30847 db38782fa0670181
30848 4d018d9a45048a73
30849 98d7950585063818
30850 655680e67c5b1b5d
30851 295c91ddc7858c3a
30852 6de4959f6881341e
30853 cd741ccacbc8391d
30854 8c0f77d500caad4a
30855 5c6c626d94b6532d
30856 85ad2915aa7be5ab
30857 df5137bfcf7df0b0
30858 0c6abe2015e321dc
30859 8a536b4507260513
30860 0de0e7c7d18b03fc
30861 fff21d7932e0e347
30862 31d4fde471355c32
30863 de24dfc5efa56355
30864 d536fbd38d3ed843
30865 bbd8a05e3ad655a8
30866 7e2871d945728dcd
30867 0588148a399591ea
30868 7b9e87001a557d8e
30869 e10391671283388d
30870 19de55fa459dd35a
30871 a06f7001b00d5b7d
30872 43695fe21c49a7bb
30873 44d22df3b57e4d00
30874 c0d1c83961541df5
30875 df8e854cd132f852
30876 7ca9cf1368b289b6
30877 e38baeb43c5b3eb5
30878 66064dbaa4b1422e
30879 a1881af4e98e4e21
30880 49b3d96e5c2b5624
30881 89164014f1411c57
30882 f1653f0b5781af69
30883 89a83d4da4e94596
30884 51b1c0d4a2c08542
30885 96677fbbefc57bb9
30886 6f44002019eb03aa
30887 3766612de348828d
30888 b658ce33555d77cb
30889 99c6f64bf5703d15
30890 c7ffb20c184daa25
30891 13c621106492de6f
30892 919933e626f79a1c
30893 99fab9ac7c042467
30894 53a5714eb53a7512
30895 8a45e0d82cb97fb5
30896 1ef73c7f0592ec63
30897 42f0e560a0af0448
30898 5e7baf99029689d4
30899 3049a6136c34d10b
30900 286c145bc3c3a480
30901 beb3d63a8d712493
30902 c0b6f32f0128a421
30903 6b66e129314b392e
30904 0c13b62b724feb5b
30905 f31d418a27811320
30906 949a407f5e3c14c6
30907 84dd4093a258fdd9
30908 3235272171811cca
30909 342cbec91a008321
30910 d15246b6ace1c514
30911 2ea8ff43bdce704b
30912 e7e210fb4afe09b3
30913 557ca673ad8b6158
30914 d2d5f1799f1ccf6e
30915 a749cf7456c23e61
30916 fe0965c3d2629e64
30917 ddb7b27c9f4e2aaf
30918 4fc03e7f85d39135
30919 a455db6c9c4bd292
30920 432d7a043d3f2d67
30921 9910d0ba7c2233c4
30922 e4b2700184a3d128
30923 3b8be555e30236cf
30924 c5ee2d2764ca2ab8
30925 74e7a0c965ce564b
30926 1254da7535064f0d
30927 19d05990d918a02a
30928 40ee653abd18af9e
30929 ff891d6e02613b35
30930 76ae481b6b206f72
30931 db72bf9aa29d5895
30932 9749b5a97e704660
30933 9604ee90f8978bf3
30934 5cadfec467351885
30935 9816f22157c882a2
30936 792f9b284e6587d7
30937 d7aa82758112cb34
30938 db6ce58a7bdce898
30939 5c0d1327cd55693f
30940 d7351f79776be688
30941 6630d2e92034919b
30942 dca9fa4a1b04539d
30943 c60cb4bfaba9087a
30944 e2935c6c93a889ff
30945 2844cae808cf55fc
30946 ab514cb0b6624060
30947 f2c5c2b19f101e87
30948 3fec4f73c8e1ad84
30949 05b78cde3ef1ff4f
30950 d4a8a474e05a5f6a
30951 4926e09e5dd98930
30952 e6a6343a353cf8ae
30953 f8e5c7fd11b37890
30954 3e68ab4b21d717fc
30955 6df9ee2c561a32b3
30956 90d865b6ce93c698
30957 4dfa3ed6013ea42b
30958 21a2c76458841bad
30959 937ace31dfc377ca
30960 0dd17203a950cac2
30961 cac01cc3ba638021
30962 57f690df6f02a912
30963 411d16eb8d83c4b5
30964 3f2c87feb769cf40
30965 176991d195c74853
30966 1a5be4a01a25ed25
30967 c66452b684638ec2
30968 56eab99bc0f1b116
30969 b5c05a69f8d77bed
30970 5f8c6d0e7e3f1886
30971 efe590d7dcd86699
30972 b196c815bf9cd74b
30973 f41f4d0807281eb8
30974 0298044ec707573d
30975 797b0ec3ec64461a
30976 a2210905a9d863c4
30977 1d951de5f52eec77
30978 53516d1e3c744404
30979 7b3d5f5535f51e3b
30980 9f0112767a35cd9e
30981 2dbefa05c3803b9d
30982 50f190673c0c8375
30983 65bcab6e8cdb31d2
30984 eeaafe931fd32fec
30985 0622dae7f826701f
30986 501483b35db9c75a
30987 dd2f7af09f41367d
30988 af7f97651994f217
30989 f8bea0ab0d40a00c
30990 7fab77da270fa5d9
30991 b7d05bfc805764c6
30992 25892606edfa73a2
30993 a9846555d52a3f81
30994 fed3c44fe26b127e
30995 a8a48159c9354c71
30996 87ca4405460011cf
30997 0a22c94e03f68804
30998 8d4ab52390d0a698
30999 c59f2698904b643f
31000 2e0b2683880ad7f8
31001 9e67de744f307923
31002 1045a2e62b3bc3e6
31003 b88da6bf28ad31f9
31004 b3c0bc38daa26da7
31005 9a060e3353d4a65c
31006 4ec3b67830b00bc9
31007 3be453ec7daa4876
31008 570f101874a95892
31009 efbf5d1c46fe1d71
31010 9c3ecb4723ea7e0e
31011 298a7c42ef010e81
31012 9f7d143d2640225f
31013 e2cb7b97e49471e1
31014 b7c7bb2920db797c
31015 66098a4bc3e3ebbe
31016 7757fe40c12af6da
31017 c69f1b6ad7c598f9
31018 c09065ae2ff2a5fa
31019 6b136ea4ea05721d
31020 5b9af34cb4957658
31021 e0e8c3b3d8dcf0eb
31022 040a255ba249b6ed
31023 81ef5d87f5e1dc0a
31024 f02b298bffe7dabe
31025 06ba7640f37c5d55
31026 fb929f8597beb45e
31027 02bc7f76f81e51d1
31028 da534175b6a79e6f
31029 82f0f4f44a099724
31030 837124b4014195ac
31031 da41b5285e7cb363
31032 696c935009e9c998
31033 7808d5967f6bc2c3
31034 ab64cf16e285ab46
31035 d63e0efe261a8759
31036 f64b9d099ca1e2c7
31037 d56da1aa3ca85a7c
31038 7ad80ede26e2e410
31039 e9775afcfec302f7
31040 1d75682d3c1ade84
31041 eaa173bf174c2037
31042 11495dc6a763681d
31043 27dfc1b2e7e0c4fa
31044 0bcfd03bd7b6fa7f
31045 eb5628563329deb4
31046 e2cd0ad830fe198a
31047 c28f94037ed08c6d
31048 159bd9cde9dd4106
31049 5a3bd5bc06e0631d
31050 869d0a1c12920ba8
31051 f08db7f71d261a4f
31052 628572620f5e3257
31053 6a68f96760ae094c
31054 7c2cf4cfdd451972
31055 593c4e501fcdf195
31056 229bfa9d328b7560
31057 7a268db578a9924b
31058 9e058749ce804919
31059 547df6519efac306
31060 9e2617367f8efc03
31061 626560bad4273170
31062 f7aa6dbe4e58168c
31063 7cbbfd210cfe0043
31064 ed7509ccd73a61bc
31065 545dd5864addbeaf
31066 02377ffcad004691
31067 e58ab36e3dce9d1e
31068 d6e93febcd61e3aa
31069 08b47c9f9a50bb01
31070 fc266230826f1d6e
31071 9635605740955961
31072 5a9a4d22316b0764
31073 65c90b1d4a714897
31074 c3057ed16ca46d29
31075 495a75034cde20a3
31076 16b0b1f01c22f8be
31077 790d02cc7fd0f3a0
31078 2b2a168030c2f6bc
31079 d1526f74a0728973
31080 cc16342bda7f3d8c
31081 b5aa815d8b1926bf
31082 8c15b81984d942a1
31083 2e0dc87915dbd1ae
31084 58bef961ad9c9bdb
31085 8bef9e0339d730c8
31086 9b4ae347f6838164
31087 4ceaea6bbd3d761b
31088 1cf1e44ec056bb80
31089 9b7505bb9d92fbeb
31090 860233ba5f90871e
31091 d185bff98f521191
31092 bf03d706cbe99baf
31093 1c0b03fa27016c64
31094 6576e392ae22e938
31095 5828a7658c2b1adf
31096 3bd05d00af293e9c
31097 54bafc02471f470f
31098 c674df1bd69fc131
31099 7cac7a658ea39b3e
31100 93c9ce7120b5e456
31101 41a36459453bd355
31102 c85911de3e24410e
31103 df99ae8738a7f381
31104 afc8a4e49606c644
31105 d7585dfccfb1c1f7
31106 278936c97d526e49
31107 4304656de08addf6
31108 6f2f62f625d57d62
31109 8a6dc0e57da54059
31110 f97e9abb3b56bf4a
31111 6fdefff655228c2d
31112 fe5a7d591ba46e27
31113 8a4c0096c1b8d884
31114 a8b76d7b4cfd3a41
31115 80cee3201cb1e5ce
31116 70701dc7c154c7f8
31117 bc023cb062dded8b
31118 ac37c4dc0d894900
31119 a68cafa063f97d27
31120 02f0b4a1e3910022
31121 04425024a9170901
31122 a5c3a13d35e26459
31123 831c2f79c5039346
31124 95ddc7b1252123a0
31125 f902e37380ef7433
31126 ca8fb551465f53d6
31127 b051d369ff9427a9
31128 2ebfcbb98d7b07bb
31129 915c3f379b5a8b00
31130 549dfbb2bf9f13f5
31131 6ea1e323880b6e52
31132 7c3d8dc2f61927b6
31133 a65d0f2661c420b5
31134 ccc697646385e502
31135 b041cfc588da7465
31136 be011aeb2cd21613
31137 24ce210cbb1d68ed
31138 edc7418ea7323501
31139 50ecba369e22511b
31140 54d9169ec136b3c4
31141 e2789185dc0f428f
31142 15716eb920e8c4aa
31143 5967e606cfb1f88d
31144 5da76b4031992dcb
31145 d05535838f3fac50
31146 7afbfa0edd2023a5
31147 a28a73d6e5c32242
31148 3877b53bf592a666
31149 0d984d84c8b9f965
31150 2b74032922f6ae12
31151 2c6fabd987c7abb5
31152 c4f65cd18f16d863
31153 22af032c6c379948
31154 ee9693168bd180ad
31155 e126dc8710a7ccca
31156 5c95bca6fe2b446e
31157 b54b9005926035ed
31158 b4f9812f633f82f6
31159 8625ace8d63f9f49
31160 2b4badc38b0e665c
31161 fef115d4570ea8cf
31162 67c9a73217cf8571
31163 2b60d46b0b0f237e
31164 2ace8c69964666ca
31165 964559048fd77221
31166 04d6e7e32e701ce2
31167 bdba586cf5cb6bc5
31168 c0c596108947dbb3
31169 ba3fa85c24ece358
31170 3bad9995b81a2e80
31171 1c75bfaa352880a7
31172 2d175aa82daf3564
31173 78f628e18fc664af
31174 60266e75ba96a90a
31175 e808a3b237d50da3
31176 994649626ec6360e
31177 4ab672b3a51ecd4d
31178 f230af5a246db735
31179 06b7ee811c3de692
31180 f9f3c731115988d1
31181 b7ed6833ae122492
31182 0a4a811fdde706f4
31183 22b502f9650957eb
31184 b89c5258f86b9216
31185 d96dfb10495da755
31186 71d351ad5c018ddf
31187 6a726f0db027dd78
31188 e2f9a256affce273
31189 32ef21bbe203bb78
31190 bb1e788e72f3f7fd
31191 8de6baac4aad296d
31192 8479dedb65c43a09
31193 baf11beedd6457ea
31194 a520397edef36cd8
31195 fd627a600b1c1a56
31196 097ec00757b68794
31197 6ff921d52cd31c57
31198 d26e7d415c156af8
31199 5792c9cc0caa677e
31200 90c00d76fd8062cb
31201 3757f67be1637951
31202 ba60bb3280cee769
31203 691b0ed71036ce6a
31204 8849329603496d71
31205 372317cf031e700e
31206 d4a9aa058516ea50
31207 12ac5064514a1f8b
31208 82f3b5e6b8a95eeb
31209 781e0ddff1a22754
31210 d80b0fae2b77d40f
31211 bc3adc24caf88964
31212 b7b0251315f2baf6
31213 22d287975f862379
31214 ef048c1b373e4cff
31215 17a98c04b1e51034
31216 df1a7e1c7809b071
31217 8a73be13e8d2842e
31218 2ede939b90cef736
31219 d607c067f4938f65
31220 d841067260b197de
31221 9e02b1cc83144f71
31222 d9d6a3a802a03e67
31223 dbb25a037641055c
31224 00b4c88414975979
31225 3de33ab25088c2f6
31226 a04340ab4325de2e
31227 be3487e1621ed5fd
31228 d79bb6e5d6cdcdca
31229 c0578d2c6cdb39dd
31230 241d6af46c3a7368
31231 ffe65ef7a74064db
31232 c489bfbf24f0b3a5
31233 a7cd5b07f55b1c52
31234 df97b76a404498f2
31235 57cc7fdb8ae61579
31236 3fdf048e4fb7213e
31237 4082664fc8fa0f41
31238 b40b84a65b61f657
31239 2f51511b5875994c
31240 ffbe82bfaed8ffd0
31241 e9ecc01404bd903f
31242 df6d67356317b730
31243 9da7d02ae864b74b
31244 e925052d8c434046
31245 a90984c7c50c0dc9
31246 d28cdff39443470f
31247 4a6ce38c71f462c4
31248 b8c12fc9a37dfc64
31249 52a7616bbb98dc93
31250 6348e0444074203c
31251 5b2b3303247b508f
31252 c29e4b00b6746d5d
31253 b84b75132db0864a
31254 ccfcc1d42d074b47
31255 e9fe3a26cb054fbc
31256 9a93a390b9538642
31257 3ee00ce1c64db055
31258 a7b0f05dfc7826da
31259 94c747947cb8d721
31260 7bf0583208c589cc
31261 04ef12e63a7a8556
31262 5998d47fc41db832
31263 271c683ac63cd1f4
31264 cd7eb2a4bc03980a
31265 b89f2cbae9499e1d
31266 903287b68260cd28
31267 84ffe548179e1ea3
31268 585ba2b37717f1b9
31269 b1f398e8353eaa36
31270 921a99aed121a9cb
31271 4d39509385ca30d8
31272 cd9d879f04701970
31273 238b0fba0ef4665f
31274 4f454e9c83d07b94
31275 477e0ba176dd80e7
31276 7ed346d7fe7ca8f1
31277 f8caeb41c25023ae
31278 58283149e87d9d0e
31279 b843bd10b7d83e95
31280 ce33163169158506
31281 3bd1b626f9969089
31282 f1f61ae0d22076dc
31283 15b7e238f75f7b2f
31284 1311ec4d3c2fefa9
31285 d4904de011a73926
31286 b567ad325b8317db
31287 a7fd3e8a37ba3c68
31288 0376ba2a0cae8380
31289 cc4b28e25b94182f
31290 c80ac07f0eb84364
31291 9f78e17458bd2b77
31292 10be91914d093ba1
31293 037604230b9c91de
31294 d0fedbae223bf513
31295 2617c7d7f82cb700
31296 ea12fc7e7faf7468
31297 7b69b2c2a7e5dcb7
31298 1eaa1406047d54c8
31299 9e03df8d2c047bc3
31300 ff604d6c1375fd3e
31301 7695317e77cd1f41
31302 0c126301a5c83cd7
31303 f747f9ece578df4c
31304 d5c92d5e56b3206c
31305 dfb4f289957a6354
31306 171471f2e4f7b2fb
31307 36927985b2fabc18
31308 035baf66f7ba9436
31309 7e28974533ad9d59
31310 357f307f2489e98d
31311 2a2d7c5f57779f1e
31312 50872deb2ead3721
31313 99aea96f1878193e
31314 3389708b53b543d3
31315 34e036a8ef4e38b0
31316 6cdc7ae03272ea9e
31317 a2e4ac100a81af01
31318 f015b4c7efb616a1
31319 6e4881e1ae85381a
31320 d6ce0222e7c3f385
31321 cd5b71068a078f72
31322 550ca101fccd66c8
31323 563c4371a87fc3de
31324 0e6e995c0c9d177b
31325 087e36fc101e8ea9
31326 71ae794ac98222d7
31327 fa3c6ce926b0f174
31328 a3fc8f08021a2a9b
31329 1a92764b335ba64c
31330 5faa2b93a7777371
31331 ab8a2e0157f06ba2
31332 07cf00e54e6eceee
31333 12ee09c5ef235411
31334 f70d9a23145f90cf
31335 0df02dacafed030c
31336 733695d783bbd6e9
31337 30ffdd8efd5ce146
31338 2b89cda05b135f94
31339 aa3a1264e627d27f
31340 68b25d67d7df58e2
31341 970bc5b4fc337d35
31342 b6cf33b8d61274ed
31343 8c8970b2e4ff2a7e
31344 da5c912e4c716bed
31345 2a8ebcb6466352da
31346 d3b6648cf71e173c
31347 d8ef63d9e35b5687
31348 2f0c2e3f0a236f67
31349 eaa5a2899e02b598
31350 daf1aa0fd4c2e6ab
31351 628c25953be4a4b0
31352 1850635a66b3ac65
31353 c308744d15bc5b52
31354 754fdefbd9a44fa4
31355 ab718b3cd040390f
31356 2b68fb77a21d8912
31357 5d5b2ba633562d25
31358 72d8bc2b6f11011d
31359 e69331e6e917f92e
31360 4e7b58e961d7661d
31361 75de043cd115930a
31362 29a3d2652ffb754c
31363 95e179861c959817
31364 1a835577edf9607a
31365 511f439188c36e0d
31366 388b10a8f61c78d5
31367 8d57d1a70b625b46
31368 0c82b3d630cf8789
31369 3690a60f539382e6
31370 6612b22ceefc0fbb
31371 d3c2d35e55c82fd8
31372 734e9f7cfeef04f6
31373 1852d10a9ec53419
31374 a86d4701337340f9
31375 d869fb12e11ed712
31376 92b260d258ae554d
31377 ba484885fb56e8ba
31378 b45453d74fc66fdc
31379 e642c464cd608327
31380 bea05dd8d9d1946b
31381 579ec209338e0e5c
31382 2d024f61e6cb9fcb
31383 ab477c6ad3bb4850
31384 5ef0a5a52c73e845
31385 4b78860f2e3b11c7
31386 8defcf2e821be7c1
31387 54311c4ffbf2bcaf
31388 dab14fe9f895d64f
31389 c6e1a85517d05b60
31390 f1c282e1814a4f97
31391 bdabfdc9bf74f934
31392 d78f3271cf7d9c36
31393 93c65a1427764a59
31394 5417cba2826ecd6c
31395 8e53e127e89cc6b7
31396 e4b7abeebbf92a49
31397 de98373f30b7f2a6
31398 e8f493a90edcaef1
31399 e530dede87e772aa
31400 a6c5a6372c0da48f
31401 450ae2625dcb6ea0
31402 f7f2321dc5065954
31403 37fcde458ba3453f
31404 3187c926fa8f0121
31405 564b9736aee7af3e
31406 397a3bf1b09d59d3
31407 5f1f9c1233212618
31408 9bfc1a4c640597d2
31409 5722020b1f655ce5
31410 a2af74867df73460
31411 198db0046cd84aa3
31412 335fd719a381364b
31413 3c83b4f5a9e43a3c
31414 499281766f75b07f
31415 c9f189483917d33c
31416 ea10c9ce647006da
31417 397c2e164db87bed
31418 a5970b45e7ad894d
31419 01058595704f9246
31420 ea9b4c083866c27d
31421 452f8eadc4b8e46a
31422 44d1e43e89d351f7
31423 ba8cd9952b2a1f94
31424 75cb3259c5b0f3a2
31425 9799a4fa4a8281f5
31426 75020670cd7dbc10
31427 5d6264354685ce93
31428 12039c28327c0a7b
31429 19ac70652249dfac
31430 2d2a56c5066d78ef
31431 bfdff3a6faef8aac
31432 ff0a71c90680452a
31433 bc8d502f179e173d
31434 a561f57e9d7adcd8
31435 d5b552b5fcb397bb
31436 7e759944cc82fb53
31437 a286a02820c46d84
31438 83d42b1af6780973
31439 08c66da8c51118b8
31440 b8b69513633d660d
31441 acdeebe75876177a
31442 218ae1f3bc38559c
31443 13e13470ef8ddde7
31444 9c1a7dacaf700d07
31445 5f73ce46cc0b9b38
31446 053de4eb83795b5f
31447 821098bd7f556321
31448 38d345e31836e8e7
31449 97a013d47b450c8d
31450 8e84fe5898bd4159
31451 177cd176243526aa
31452 0ff76162d9d7fc1d
31453 2303720a864b720a
31454 1a1331ad26cae107
31455 fac0d0ae087e0f24
31456 2e8f2fed47f25442
31457 73e515594203f055
31458 91cbf03b91b60c75
31459 1fff81b3096c414e
31460 49eaa67b7f61e989
31461 cb17540c5bf62fe6
31462 7a38363019ae1154
31463 59430728be40d8b7
31464 f31e3cd87e6116ca
31465 9706589d7eeb5cdd
31466 ae627d3c13af001b
31467 8686178b14e4c678
31468 3499d38baa63bc2f
31469 907ad6889ed54970
31470 f2fe6d09b2d3052d
31471 17af6e9400df02fe
31472 989a009977aeaad2
31473 0f2a37bac501bca5
31474 bdfff536bdd5a4f3
31475 0af0b7194adf4190
31476 913a58feada8e605
31477 b0ce797ae4397eb2
31478 d9ecc6f17ee7b1b8
31479 a9cef0c80145c433
31480 ee6a264fdb238eae
31481 f7fb05a4b0291b91
31482 6027b60ca0effd79
31483 7daf21a3261b0c0a
31484 2058e4bcb5b47bd1
31485 59b0e0a8c2defdee
31486 4408386af1441060
31487 1aa6a8fd3589105b
31488 a1e1565bfbcec1bb
31489 47c90e9d55745cbc
31490 d59caa5662e5bb07
31491 51c3e097b465dc1c
31492 acf5ae10d45f9869
31493 18c821bbf32ae3c6
31494 680dfe0eb5819608
31495 afabecd2326ced03
31496 75a7cb0ac12bd81e
31497 f04baa349cce31c1
31498 a5df316295d9fc69
31499 1a1001adf193f4fa
31500 223d5511ca91d201
31501 e91078d0cbb3545e
31502 d38af3094491d470
31503 c294696cf704c56b
31504 e983aa1ab7c17486
31505 d167932dd2313029
31506 c80473f75d751801
31507 c276f4f56ad34c72
31508 33ede408a9eab825
31509 62a64e5a322106cf
31510 a5bda83a45b59d1a
31511 c45a1b8a679ca16c
31512 654b328f1f55627a
31513 77422889d3f47b0d
31514 4119d23205a999ad
31515 bb5093acf5275b66
31516 6e2f13ab195b2a31
31517 14d069e6e33f46ce
31518 e78ba7a24b083f00
31519 8c9c8a673f0e257b
31520 1caa5d37663e6bc7
31521 d683be4293d19588
31522 baf27a2e6e11cea7
31523 b3e70b5b407eea3c
31524 ee2c1d3b42455249
31525 180b3b86e0d8c4a6
31526 1983efc8bf116128
31527 0fbd18300dddafa3
31528 949de753386c9943
31529 67fd3ff2dfc90fa4
31530 8ef73e55145f06db
31531 df3c815bf6032e38
31532 2245782e0ead45a2
31533 d7104411656e07b5
31534 4c1221c2ee233b10
31535 030256f375340f8b
31536 5a475aad5638c7ed
31537 e16cbe4015d7205a
31538 7357509fb4edd485
31539 f2830a7166126d5e
31540 5a635c95942602cb
31541 7329feb53d1e0c4c
31542 f62ba7c9eaaaf078
31543 ea5450946ef748f3
31544 dbfdce5d826fd8a5
31545 a9d05bfa02b896d2
31546 190af643ace7592f
31547 4007d9cc1a328764
31548 900fc4b1fbc2bfe6
31549 91a93b7bb018b589
31550 277f9c1623238b8c
31551 88f130fc621a01cf
31552 ba9fd16f53576827
31553 f19de68727c37f68
31554 95ed70817bade4e3
31555 471e915a0da5c240
31556 63527c378f47a90e
31557 e20f2c649c5a7e71
31558 57facc9c1586f4d1
31559 a248f48fd61be10a
31560 5725c037b49597c9
31561 730ad9325c8ec226
31562 2981ddc04111f0bb
31563 4179fbbdfadc0918
31564 4d3f2b10a1c42176
31565 601af6b322286199
31566 c94431978c4c63fc
31567 ae2ac72e24dd50bf
31568 6d34b03d6b25dd17
31569 99fc626325c31e18
31570 5ab61ad53c917f13
31571 55811bdf496949ed
31572 219e02ce148ff793
31573 86c089ebe149ff41
31574 836afc3d0fc587d6
31575 5ecea917878ab7ae
31576 67e5b65058972bb2
31577 f054c70dacc5fc05
31578 b786239bc4287d22
31579 d0cd59a93f7d1bf9
31580 522712aa875217fc
31581 d0145f485a30357b
31582 6325cc18bdd0ee81
31583 bcc08cdf3b886732
31584 3fc303d0bf92fb7e
31585 5eb663ec3ba1e141
31586 2e16ffc8efe95f86
31587 4f69f68f96f2bf15
31588 27b7326d5d36e257
31589 a1ac4bce479aa658
31590 263cdc84337678df
31591 275dc76eaa8ee91c
31592 21cb07e5b38e6b0b
31593 f804f0878471e33d
31594 5cd99e49d0307c9d
31595 f8935a79668bf882
31596 d9bb0d9db2ad0f2b
31597 5c9c673820b326a3
31598 171e1c50d6414f73
31599 e67cafa1722fce7e
31600 0aac514bb1b7ae41
31601 2b0308a6dcd5af1b
31602 e601905b2466aca6
31603 d4ef1e7344443720
31604 cc6b9fdb75f3a04a
31605 0840b60b823f4b30
31606 b16cb0cb569cba35
31607 79a1c9cc17a5b83b
31608 a66593439a5a023f
31609 c8b8160aada4ead9
31610 933c4ea3a4236797
31611 3afddbcfabe651ed
31612 64e7ce7051960b83
31613 27f2baadc3796d07
31614 badd0b013f6216b0
31615 13f1613359e7c050
31616 4ea2baec50370430
31617 43bd2cc0aa825030
31618 efcc73c83b84f693
31619 90b42ef23580d3ff
31620 b0e08c4e5286f3f7
31621 4b2fbdbf485128a3
31622 c13370f8f9fca0e6
31623 7a69ee8685b45a52
31624 7117fab90ba9b05c
31625 6658371d11a67c5b
31626 5ef66389a9b6d7e2
31627 12a86ee4b05a8c9c
31628 8297b25ef6a1c477
31629 047ef4caad54d899
31630 57abc2dd0e43a151
31631 a98f54722e1ff007
31632 deb914435bf0e992
31633 4ac862af08c4a750
31634 4fd1aaaf6ef7f787
31635 40d1e3bd72d96ed6
31636 c5cb83640b13c83a
31637 e38698a5e00b997e
31638 238bf0115be2e68b
31639 3cac4e6ef7cf9120
31640 922090659f03aed4
31641 08a85aa24413490a
31642 71f01f209947093f
31643 f2f6176bf16ed175
31644 4cc29a17c93f7e77
31645 6c1a6afad9ddd021
31646 f9b3cdb0852a9051
31647 5904dec16d4ed9cd
31648 e1a464fb3973b9bf
31649 eb3a65a1f0bcf80f
31650 4e727dac31d915df
31651 fc57fe452ba8aee7
31652 5245d34bb4eaf804
31653 23e703da190d76fb
31654 eb96eff07b2daa78
31655 02864fd687852c52
31656 b1602122092ccdf2
31657 4204306d2ee1d0e8
31658 63198d1fbb7f09e1
31659 5ce1faa8537038cf
31660 f538cf8a18b39c97
31661 4124c568e0a48e03
31662 34801e86bf02069d
31663 f4d72b4ffc70660d
31664 33586dc1cbb52a59
31665 5a39aa941f01b581
31666 e9b4c2c56be322d6
31667 c924057fdcc94f69
31668 f58e75726b008096
31669 4c98b95640644a04
31670 fbac38fd614605e0
31671 53a77748384a6f4a
31672 06c11e4a184cd4c3
31673 57ef4db737ecab3d
31674 af429935d52e2008
31675 fe253c4de77d1b74
31676 5c574b70af61352f
31677 e41d6ea438355ea7
31678 c6fe855664b34d31
31679 76d321d9319eb1ad
31680 7eb28c4a1d19b299
31681 e737f0bd5bfe59ba
31682 01e3626475239a75
31683 6dbef7da502ad7e3
31684 6ad83cc23f80ebbe
31685 c9390fbc4561d75c
31686 77bace951acfe476
31687 e15e9c5a99351ac8
31688 0e94b5918ec89046
31689 74efbebdf473aaad
31690 7b8532192edcc129
31691 93efa1764ab0e6cd
31692 3b0fdf43bc287254
31693 8935b4bf0ed8bbc8
31694 59cccbabc7297052
31695 dc1da81fee7e0f54
31696 5361b56f96a9a489
31697 0aa1a373cdbb3e62
31698 17d5dcb5edda87fd
31699 ad120f41c3eb90db
31700 1ab84e1f989a031f
31701 953253d8e8ab56a9
31702 78c032041ba247a0
31703 3786c7008d3f3f18
31704 810cc9782b9c9f3b
31705 45df2349214e6ee7
31706 5883be9f042ab24f
31707 0aa99a690e0c3e13
31708 b51ba6a9b59451b2
31709 1f3a6cc408ec6cc9
31710 e0adac94e77c89f9
31711 1c9cb339830388d7
31712 146a04300f1a5a9e
31713 d6b526bd71a2e0a4
31714 a64422cfdf695a1a
31715 c5df967066715d4c
31716 25259b719e479b58
31717 2db11a30a2e0a15c
31718 debc02d2e8d8c08a
31719 cd1bf9d795d61c7a
31720 8e208f5758e5eece
31721 5e5ff3b656342dd6
31722 bcca2b5891bca6a1
31723 280d0ddb2c8b1ebe
31724 cb12f5682e211161
31725 0f226fbf660bffeb
31726 db3289e86b31292f
31727 6da7fbfdeffe047d
31728 e993ace2044c2bc8
31729 6e41f5c78d51698e
31730 997f4edd53fee5fa
31731 b5dceea1361f2756
31732 43bf7fdc808995cc
31733 6ba73419e4b0119c
31734 6bcfbf3eff1cc0ac
31735 25c5bd70185b7464
31736 9ebf59e82f78b227
31737 2c1460064ad76ed6
31738 ff397b7da4bdc6ca
31739 a79239c0091c4650
31740 af0fa46588232e60
31741 4759ee514fb771ea
31742 31b9b63e2315c67b
31743 a9e869255e233c05
31744 9acc074c5e5e20f4
31745 c557db2ef7b829ef
31746 f6793cc0ca6954dc
31747 5adc51e9692e004c
31748 78efe9c0ed3c9ab6
31749 468540252bc74ffa
31750 aaa6037e23353fc2
31751 bc0e33a6f5a9fb79
31752 22cda567ff053606
31753 23e61e551f920dd5
31754 89740b1a45ce4dae
31755 cb1d38c39c080caa
31756 14f2b7183c17998a
31757 bdcf7b75322c28cb
31758 12355e791e5d96ef
31759 e3ea5411014c8320
31760 ca5ef6085f09987a
31761 69504c3bf1428aa4
31762 45fae0874e59cf6f
31763 660c4f5d60179e31
31764 76d8c4fd311c1d19
31765 1a29bdb49ec5fb78
31766 f742c9c82ebb7687
31767 106a64bf63a85857
31768 a8e9754c74f07cba
31769 15e58038f06728d5
31770 f31f939e1fcebcd5
31771 e2a336013966c83b
31772 32aba48a1532396a
31773 d79dedf858316b0e
31774 16f3cbf95974bddd
31775 9b743a431824c421
31776 70e0bc928cd370de
31777 839f19a9cf906fba
31778 f99cc0743637e6c9
31779 216d3332ba0e4392
31780 e251efa1ebd51c58
31781 978bb893bba24078
31782 53dc3fff842ba25f
31783 1b39dd3c8d650aaf
31784 ad596a04d51a7dcb
31785 d90b29814f015a8f
31786 69a218e8577246db
31787 afe8225a9a8b4e1e
31788 1f7a42ebd5ccd732
31789 8d260b6d711cb961
31790 608df4d9fe7e89c7
31791 f94f65a1ef90402e
31792 b66cf7e7ae2f45c0
31793 3938deb6a255c14b
31794 16d666c21ab2c070
31795 cdbcdedbc0bfc11c
31796 acd5e9f66f209fa9
31797 291bdd3476646595
31798 e534d701587baba9
31799 f448d9ad92a1b633
31800 b7d99cd4a960f969
31801 5e26ead94ee76d46
31802 d17d432ee423ce24
31803 d6c8a4fc68f096f2
31804 1719c7ce84e7d938
31805 460e220a0a157eee
31806 3664b08a43f1b9dd
31807 de6d452448e0f8c1
31808 95d3bbb577b667ba
31809 fe249d3e74a2d138
31810 155b960b10ae0c13
31811 c986326d981fa3fe
31812 b7ce5afaf34072af
31813 dd472e6c8419bef3
31814 06245d9b76a9bb51
31815 36cd79ca6dc07092
31816 e24b86fbc0352009
31817 4bf69d66a8d5d0c4
31818 2bd0a957a9366451
31819 c433b28ef327021f
31820 6d4a88ea5d60d0a3
31821 e2e0486e50bbdf8a
31822 c2b37b0315f63957
31823 fab7b5d6f2e7a09a
31824 4c3d9c2d91b72717
31825 1799adc3d7706ef1
31826 867eb8f20ce130ae
31827 96cd287b984245cb
31828 a2811508ff959064
31829 d969f30f95f492c4
31830 13cedd72476f1991
31831 9fac572f7951698b
31832 a8c3a86c15fa4425
31833 7383538228a6c889
31834 5084f6742289e5b2
31835 c8839ac9a9d20997
31836 82ee5a8811c2ebfa
31837 70138abf3aa651e7
31838 8742731e0f20d004
31839 7f0aaf333df903a9
31840 074b13fc5d87892f
31841 411b3bafd910d85b
31842 7ab2b9f39bee075f
31843 78a9565d1b569f4b
31844 e76cb96af9413790
31845 ec28e37a305f6d94
31846 3fdb896f26d1258f
31847 69d12acd18f97b4f
31848 4269a30ef03c5ae2
31849 01900347163081f7
31850 748000332d86ea42
31851 e3044417b6a3a43c
31852 164e0da3713d3ca9
31853 872e7882d88e2b29
31854 d0912b56146221ab
31855 caa78e8fd7516aeb
31856 39779492c537233b
31857 c6fa6f148af2e101
31858 0ecdb91093b2f599
31859 352f2dfe3ddfd45a
31860 d8a7d974e694a073
31861 6696ee6bb102d517
31862 e525e8f153128a79
31863 3de2f4ba00b1d7a1
31864 ada9a8d127941c4e
31865 8d1145dc7ee8860d
31866 58f196b7aafa040f
31867 dae46634d5f10f92
31868 39b3529d2fc11365
31869 8aff8cf712782897
31870 84c0316611d6a763
31871 99845048b5a7d7e8
31872 e7a43f39304ef6f9
31873 a2b79ffc50bbbd09
31874 25fd638d79822b63
31875 87469967ab0d516c
31876 ac26720fa3177539
31877 c2f299824e5d1c04
31878 3bd7f8505a58e318
31879 f165ff27879bd97f
31880 f29d968b7b3e9bc8
31881 94585c7092baa753
31882 e667a9c25a68f14d
31883 43eb4526333a48af
31884 d2ae9e330857c551
31885 314a681a5395637c
31886 7d8733d2c3543ae2
31887 6b7755d0032e0d61
31888 b61e7cf39d1e95c4
31889 a7ba4f301d3c9e0a
31890 3fb6918c524e388a
31891 bb7c042aa643e1be
31892 a3c5bfcec9e7e233
31893 4b051538879ddd1e
31894 915d70762c865587
31895 c7eef849492f848c
31896 7037df6f98aee777
31897 8c4cfcd634c7fa77
31898 bffd683cffa5af96
31899 580734a3fabf1af5
31900 bd5530c330375ba3
31901 ff8d975e64e9c1be
31902 46a4dafcac2abd81
31903 ddaf0953df47dfc5
31904 ec6b07ac9ac19b1f
31905 56fb439bcf115935
31906 fc5b65aba6399668
31907 aff5df77ff4b9f64
31908 48155b9abea35963
31909 0ce856c1957a3bc1
31910 3de34a1d0157af7d
31911 6813da645d11b63a
31912 2f2f2f1dd7d3e2b1
31913 6f3716ceb67da4d3
31914 daf0f54d76e95080
31915 3b0f6795b8d79a83
31916 f67d379f231c1c16
31917 c3bd256bd509f4fa
31918 21064515a8c576ae
31919 94dc89a9ae1e5c66
31920 dfd66384e289305a
31921 762b4ee36f46b25d
31922 d1ce898ef57934ac
31923 c2ff06028266a1be
31924 05d197ed7fb2cef7
31925 211f00a7b2df7ca1
31926 d7929543c7cfbd57
31927 c1aaa7feb843159a
31928 f025a8f624b2c3e3
31929 866b9f41c6cccea7
31930 e4d2d76e668de9e1
31931 68d4d1df562e0c4b
31932 f725388f2f6535f1
31933 eeec0fe76fc4f1e4
31934 313cceb8df2877b6
31935 e49937ca0dc2dfff
31936 ca355c80b92429e1
31937 420be1f651a15dcb
31938 87ca79a1321b9243
31939 48ad3f0ef530c071
31940 a267796b1a6aee26
31941 db25740bc79292b9
31942 6836dbad77e4a06e
31943 61df84d5bf66109a
31944 c7ad5a979e87a2cb
31945 f9facf3929860a55
31946 3b9bc2b957bd8d05
31947 5b23bbfecd305dd0
31948 413a9638f133fb65
31949 957a0607927af6c7
31950 83bdf0620537fd9c
31951 140d95b4f2499ea5
31952 fcf94b0132c12301
31953 56673350d1f38168
31954 a03711afba922c33
31955 e6335d7578b77526
31956 7ecf72e6a98dd241
31957 1134e4266a791e06
31958 8a99c77229cefa30
31959 088d6ad5ae5c6611
31960 7926e0d07235c7f9
31961 c31c5dcbbb4690d5
31962 eba57fd22fe4f211
31963 6221e06b3feabcc8
31964 15a3a1371074b89c
31965 47552be735828f39
31966 a402e2d66dbbb279
31967 299d11e7b8eb4676
31968 0a408291929273d4
31969 030cbcd26bcb767e
31970 d6fa1500bc8da449
31971 af9bbd5f486e2b67
31972 327950eb27928ba0
31973 c07277fb4f5cbc87
31974 485006eeed91d0f0
31975 65e2d2550ba30558
31976 261f284c8babbc3f
31977 f609ab0cd798fee7
31978 5835b66c99544d56
31979 2b64f8f813ef4a5b
31980 04422861cd0522bd
31981 b19059fcb923f59d
31982 485f302583a758e0
31983 dfad7994c8771394
31984 0a28b7d61cec95bb
31985 b1cb0fd26492d4b6
31986 789ee79776bac3fa
31987 503a150753d3fab6
31988 ffb45192addc1cb9
31989 7f3ffbad202a15cd
31990 351a46d83e185169
31991 3ff24b5a4593c971
31992 981c5208f655886c
31993 da28f04cd046be20
31994 c84c8082ee1f628a
31995 4c56ff0349790bd6
31996 c7d6cd53524682e9
31997 b869a070639d123d
31998 1bd87a2a13baca25
31999 a1c878c686bc683e
32000 8b650ddfe0ad4a90
32001 09bca5c3b6aa429e
32002 0dd11737523457fc
32003 c5757e9cadac21e7
32004 bdefe4b58ed128b4
32005 51f102865dac555f
32006 a51063ce8b204984
32007 88b380785e4ef023
32008 72b6ff2adaea2051
32009 495fe2295ff91ab0
32010 cee1e2ebd446129b
32011 9e0b8c51e830ce5e
32012 4c43848e52a7f205
32013 e1d64ec8b5113a4b
32014 8b6b1cb7a1d076da
32015 6604666d23f0b2d7
32016 b7efe0d74cb0db0e
32017 ed39b88752e24d7b
32018 e8ece48c0e5a3227
32019 650f664528e25a61
32020 a2d8bbd6d097562e
32021 1c0d916e13c916cb
32022 75e825e97b6bacc6
32023 cd1050a4d78ba1d3
32024 5d7060e30476c9da
32025 9c7bc9adb49f00d8
32026 77bc57b1a9c108c2
32027 c1975402c578cbef
32028 7738da375e6367bb
32029 e609936cf0e8774e
32030 fa745401c7a0e35b
32031 44aedee9dd72bddd
32032 8221a3e70a0ef441
32033 46a615632effa040
32034 29de9dae08055b05
32035 5085cca7cd9090e8
32036 b82d08128fb58945
32037 b59ec31508206c0b
32038 f71f2830a60264ed
32039 619e7b327a7f03d4
32040 1068bb983d69eab2
32041 c49c855b2eb4d0af
32042 2f4fae02bf4c97e3
32043 d7ef3bcd0cd941c5
32044 dbe5029db880f0de
32045 e57f79a57a75af7b
32046 91061cdcf2490f2a
32047 94506a929ae113e7
32048 8a1e3b066026404a
32049 3ca4fa075f7856a7
32050 f28d61cb2433a168
32051 3cb7a6a406e02345
32052 e052cd857bb1a316
32053 8e0d0446f002cb93
32054 b1e76b5e754fd6fb
32055 33934c711fb37cfe
32056 a8d7141658ee9815
32057 84312126e2623438
32058 b59ddd231de68b8a
32059 a9cf9f24e2987657
32060 ff90d8b9ce85b8ae
32061 a920edb71aa34f2b
32062 3ee992b76f1b2103
32063 f1d3d44702def3c6
32064 7b93a9603743e7ed
32065 c30eaee034d1ee20
32066 2406fc9f3c9242d2
32067 8f68c7f350c42656
32068 0dfea318993144b3
32069 e05e0bac95a57fc7
32070 c653627db7277830
32071 4a8fb67e0063237d
32072 f8e12666a586a8d9
32073 bc4df91eb85406ac
32074 3f59785e58fbbb46
32075 0b1bf11cfb355583
32076 2dd75beecb4fab1e
32077 355fddc86005644b
32078 c75a3fb67d62b603
32079 b5c816e323f165c6
32080 b8489484a152b6ca
32081 75c6aa76b8562e27
32082 5358702cf914c2ce
32083 1464b327d81fb14b
32084 1e245481ffdcfac8
32085 88dd16044c64a5a5
32086 83916f6a3f2e5df9
32087 0d7cf4bcc2e2afcc
32088 d0e13846e5fc3c56
32089 b57de23f405ff7d3
32090 3bc19b5227ec5b12
32091 0221b81cebeaeaaf
32092 6a2c272e18847c03
32093 b90a70d39c881cc6
32094 d4cb0dac0f7801e1
32095 c9873d748dff5db4
32096 c5e372a560ae9844
32097 e24513ec0b3691f1
32098 954494d5ccdb9eb8
32099 97c50142aa25c095
32100 df120b91abd27bfe
32101 2234c0747987b3fb
32102 b2d8cdb3c5afc509
32103 b2620eb4621a009c
32104 0e37795ef8fcfb9c
32105 f5d35ac46bd77009
32106 0f54424f311617d6
32107 a116ac35093c9be3
32108 8bc76d2ea6b315f7
32109 8ff7b8a04026181a
32110 b9d036aa757f3c0d
32111 d5a42b8489fe29f0
32112 1bb4677c249b76ba
32113 28da0094bfd0eb47
32114 0f6e45a44a61f9ba
32115 3048ed6fa6110f17
32116 1d861f62a6a2856f
32117 cc9f3332ad202b52
32118 e4ab42f35a8f0134
32119 419ebd9468fdc7be
32120 9e3ef5d4391126a2
32121 0f80fbfb34a49b25
32122 a688162f88a98cec
32123 e50000dfff341593
32124 fae3d0e3c5dbee66
32125 445b32f9f68b5319
32126 611ef68580ea9870
32127 baed1b53b85cae53
32128 f4aad2f2f189f570
32129 7243a5ef6b792375
32130 32f22e2e135cecc2
32131 857654e29b41db64
32132 f8364ff920d63a52
32133 fe47e5ed9abfcd22
32134 598d2b196afec94b
32135 43e9a57e44851214
32136 5807ac8c723ada55
32137 c1019b018c4778d2
32138 48cc83fb39b8da1f
32139 b4fe0c81479e7294
32140 6fc008f14508465d
32141 c60fde2aaae5a661
32142 5fe1efd6b854ee77
32143 4e6b5a1f2c401ca3
32144 0b8160c338a8b4d4
32145 4c5455a0d096a437
32146 db92cba08f6e268a
32147 3b46312cfa0c54ca
32148 6534f6d863ee1004
32149 439c9394538f552c
32150 1e14f54bf3a47ac0
32151 656332aaa094a487
32152 721c7cbc2d819bce
32153 7c0b3ed9133552ba
32154 c948141c2b95fbeb
32155 3b4468cb2345eba4
32156 fdc60a07cf6a4dee
32157 33f47271e1111c8f
32158 004ee4edf4f3959e
32159 9e9a528df3cef63d
32160 fd97cdb89faf4de6
32161 b8eb3735249de312
32162 e5e310a8e7a84bd4
32163 d3e37d9bc0b6fcf6
32164 404d07947899cddf
32165 2e18688702306f26
32166 948adfea46a0a302
32167 a439edb3b360e8ce
32168 32eacdf21a78a4c5
32169 4898e40b5c94b2bd
32170 2e5b1ed0d0b930b8
32171 8bbdf54579ce60a7
32172 95b86cd623ca8e2d
32173 7fc373fee18b80fb
32174 cb14f85932958aa1
32175 3e45e54dbcab2c98
32176 87603d799fe574dd
32177 88745be99983c0de
32178 6155c681b28d8f3d
32179 26e7c3d5f1cd5e92
32180 33339400f1ccc763
32181 65856ce97128f587
32182 c665f86ba8f4fc23
32183 964cce9abb468c3b
32184 5f49ebc46ed2d2d6
32185 fe378d0d95612491
32186 5955d0e781902d7f
32187 e201b7e7c6be4f66
32188 b6fb8009eb9b05ca
32189 02b59d84b02d801b
32190 4a3c44e479582633
32191 ce576a11ad138f65
32192 c40dc0523e1b8fba
32193 c8db726ff2cc2f87
32194 ef6aa37d4183540b
32195 2e764060e2ff7de0
32196 2c0c2824f914d65b
32197 802025a5fb3454dc
32198 00d800b39a5f964d
32199 1dd8ff906fac4a7e
32200 655908724fed6889
32201 16b8d3a33f5315b2
32202 72ca45c01a2dac90
32203 886d729709632646
32204 7f1c801d6c756b97
32205 d7352e47dfc39e22
32206 31835b50214f8f29
32207 abe29afa0a26d7d4
32208 cc2114f9d2ee2443
32209 540b187ebba3cf8a
32210 3ed354a59ef4def7
32211 06ee19c4f953ffe6
32212 e81aabd8da12fec6
32213 68c35c61824f42f5
32214 cafe6f4aa5dd40d7
32215 968b11bb54c9eef8
32216 31863d49fe0873b5
32217 02928f516230a566
32218 ff887f6779559d6a
32219 f192d919e744641b
32220 40787360de63d56b
32221 c7f0e80aa78e2ba2
32222 465eca444c8be0dd
32223 b125f6fb3ea747e0
32224 56e53745c6d10aad
32225 6ef0953e67d81a08
32226 ce525ba1919af51c
32227 714e94901e15f72b
32228 36efa0dad77878c5
32229 c985f54f46a0c6c4
32230 bfbe1086bee9e8c3
32231 125880020f417303
32232 42219f276a117fdf
32233 c421c30ad87c2360
32234 7650119f2fd21f0f
32235 e59025e895ae638a
32236 9a17e5cd63e9d734
32237 e5e7d9ace129bf21
32238 cae6c9c89a714418
32239 86bb68b53e5d01e7
32240 89136310f13a0dd8
32241 e23a5f68ffceea91
32242 e475f04b91361b31
32243 5c43e180c02753f8
32244 1cc98737dbc66b10
32245 0772ab552e999929
32246 376788c401dc13c8
32247 624a345be55558fd
32248 74804fbcc05bc739
32249 02f86a7e9a5a49cc
32250 565b864f7336e32d
32251 988ac4daaa002488
32252 1787c66442b18516
32253 ee3a2ef37d3a4202
32254 98fc0fea27027c49
32255 3719064af73e906d
32256 b1b3953174fc74cd
32257 8ed566a46a448c24
32258 7924723491b74bda
32259 1497a4f322ec2d13
32260 7991acd3ab53c7d4
32261 ad6fe195235f9875
32262 bb72950e3ef87a29
32263 dfe74262ead573f3
32264 44b07f9b2a5bcbfb
32265 1762953260698c8f
32266 9c0fd69f2247d031
32267 e51282d6d1c5f04f
32268 dcdf262b247968b7
32269 0576bc6e1cd00371
32270 631513ac212098a8
32271 af5aa902322f6682
32272 33e2631a4fb2294a
32273 c3c9c0c823ad11fe
32274 a12a6a39e9155070
32275 678ecdb59631ef75
32276 86d56a6e7530f087
32277 15423ba45dde5a8b
32278 d7e498a918819cae
32279 115f9da52fa21714
32280 38283998bb6c54d9
32281 7a8ded4479e1bef0
32282 c828282bd324edc9
32283 fed5677096f235c6
32284 cc22e52edc290e07
32285 82fbcd992b62837c
32286 204a75706490c28b
32287 638d174eb0da5590
32288 4e0e7cfa1cb238fe
32289 eb508df3920d68c2
32290 f366959782caa4bb
32291 8a90658a895102ac
32292 daf7407f9912bf84
32293 871e79f058a18443
32294 f888c5375daef09b
32295 9d66653f2919ac6c
32296 a3eec09972bba45e
32297 415acf2f5d4d01f2
32298 5e1301903322ff16
32299 f63e091c572cfd2f
32300 18fb309402ea1b2f
32301 6ef1c08be60125f8
32302 38bb1a43b693af6d
32303 afe901d5a701087a
32304 89515f85fc9fffbb
32305 b81e2f358f277ffc
32306 1a429220620b4559
32307 661d69e488fa43a8
32308 b4590dd991b93337
32309 bd1df8d59b3cbf68
32310 980face4d2cccf01
32311 5eda6e0e78d6097e
32312 5ca6bcd66abef1de
32313 68f2f5a167b03aaf
32314 f110e7015d89e671
32315 d2d62ae1a19c09bf
32316 a2927c330b653942
32317 5ca0a88f303e7324
32318 31657669704ee258
32319 971041e24d96eb73
32320 02dcf7ec12a04d1a
32321 16a23b48dfb3cb3d
32322 4f562bfe9346c2b3
32323 8552ca91712d1360
32324 bbd0ce19a3b5f0bf
32325 bf83d742dc9a71d8
32326 de988cbb98e11918
32327 f28db8a345757d87
32328 92d096761e87cf8b
32329 204b608ee5722b4c
32330 92fefce8d16489c5
32331 3badc364e0e06e8e
32332 8f667a09dae83097
32333 0cd26cfa1e73ce36
32334 456034eff18d20f8
32335 c91fef6c74a4f197
32336 a952cf834f2da138
32337 103d4f7c924113db
32338 7f961b2de7303ede
32339 3c7b462ae4f05a37
32340 b1ab8c5f00dca839
32341 3a7eb10577e6a2da
32342 bc6965f0a1ab8122
32343 3212468d71e908bc
32344 678fadbb9b11b6b1
32345 d604730c8f0715fc
32346 546beb91191c55d3
32347 8125c814d7ec0bcc
32348 d5cc230c70054bf1
32349 553bd40e647da622
32350 cddf475d7e090ae9
32351 de7bb957c664f002
32352 ebec51801bf929a4
32353 0d7f3ac2513c20b1
32354 ce3e6f1e49bb3a19
32355 88988c47509de390
32356 c1ce0f34825658ef
32357 b7afe9553b8a4d56
32358 d74a295c3536f008
32359 179efc34a2495eed
32360 58d04f8880b40b2d
32361 773efd72420fa256
32362 03928880fcadf05f
32363 b23c4ea9a49b4ef0
32364 7879f505282ae677
32365 af405b49f3cce210
32366 d0920926a4fbf698
32367 27ae50533ea1e5c3
32368 8f1da525be7ab5b5
32369 e17f6a845e41e526
32370 3e3ce15fa4f3f31d
32371 8bc16136b7941933
32372 ac1604a48f5e3983
32373 6666324fb99a2015
32374 ed1149311ac445fb
32375 173c0d5d9cb1d753
32376 fe5ec37ca8f45a29
32377 1a2c8dffdabec3f6
32378 0245563e57ee23d5
32379 5038dd1ab11575ba
32380 b86d554bec437005
32381 8d63040060d8acd6
32382 e6a4af57866810cc
32383 77b4cecd57ab1f63
32384 6091f23c92b68f8f
32385 f64c54fb9a4cdec0
32386 ce1b1969b3e09802
32387 3e844cb1856d38f8
32388 3a20c34e63466466
32389 7af42de8e6729553
32390 3f2fea126ba47b6c
32391 fbd693b0aeda0b68
32392 3b009d3a9d091536
32393 1bd653730a31f2e3
32394 142d80742238d042
32395 630d81afc28f08d2
32396 3fe5dc4c7da4a2cf
32397 06265609143c19a3
32398 078d726bb09e2801
32399 e77de35b126c9aac
32400 656e12dec24ed3cb
32401 4442b09afb29e381
32402 2c9db7c33db5d702
32403 ebd255c954a01cb6
32404 aef8e553d3a3f650
32405 e5c434b513d7bcbd
32406 ed70ca745e48f6e3
32407 94d432f89421950c
32408 a35a951dd5c10e39
32409 92c69d3ed29052fc
32410 975e525fdb038de6
32411 b2862ad75427b64d
32412 b26e59bebaab4421
32413 cc0dc8ce965fb86b
32414 422a5c9caed50a70
32415 ea77464fda1e34f7
32416 de451ff0e1348520
32417 2cb8c93987e707d5
32418 4db87cb83c7ddcd0
32419 d8a284ccb49c61d8
32420 bbe6782ca0eededf
32421 fc12a6dd88dfe8d4
32422 e46cb0d5fee8e3f6
32423 d024233bcbe888ef
32424 37a5aa648bf8e14d
32425 947c25db4b7f2614
32426 90eca99aac3db4f5
32427 45b77aa8da4725e6
32428 e02e87e3565d23ba
32429 13f912133efbb95f
32430 0b0ecba7148dcb79
32431 52dd2e758998bea4
32432 1e2043f57395bc25
32433 440c2d68c073b930
32434 3e65b4fd24ec28fb
32435 4c3ef976927acd87
32436 67a519d291272d5b
32437 b9b34f8bb67d676e
32438 d70fc4629da374bf
32439 19c91b9fa3a89604
32440 12a81adba3f7689d
32441 d70743fa0b1374ba
32442 23f576054fd37206
32443 11ed47e8708b9f18
32444 cb2822ebf52494bc
32445 346ad98809c70481
32446 60fcdbeb278dbb01
32447 79a1f966b1a187bc
32448 f951cffc02942005
32449 5de16af11cdc6eb0
32450 f8b7f4e5e83c59cf
32451 91b3de22b924a242
32452 66d3d143ccfafbfc
32453 ee771aac6e3c518a
32454 e3b8b6e79c962205
32455 509c9df2c416b3f0
32456 fe06b283564258db
32457 4962fb07d9e7138e
32458 a03d56daa1708cc7
32459 fe2f15f67486fabe
32460 aa9c8f7fbc95d130
32461 5baec7336155875d
32462 cab872f1c2ca3fdb
32463 4980c4896a12f166
32464 a89cdfb97a4dd540
32465 25beb5e72410a51d
32466 dcd7398d541c64d8
32467 7ba0fea3c8c482f1
32468 bbc98e0bdbcbd95b
32469 8065365e0824229f
32470 933d536a66bbdb8d
32471 2c473d511c75c780
32472 67cfbf2c0b185203
32473 a4f992cfe56ee3de
32474 d24108902d493125
32475 a4db9eb281629077
32476 427d05c9a9e6f2ec
32477 0bf8e769ce292cc9
32478 81232c40777e0627
32479 71f5364a7808d252
32480 fded43a44628f80f
32481 5d7075c92ff2c5aa
32482 f8db302612470a2a
32483 2a40e550d4d1ad8f
32484 4cdd03effc7d8cc4
32485 fb135c0be2cbf031
32486 4b36f806c5cbcdaf
32487 43666d9cb130d452
32488 74fd9f05643fdeb4
32489 e6a178bafd592dcf
32490 210c0cb67dd3b514
32491 8c4daed2dfa529d0
32492 ffca3cd85323f894
32493 5d0220be906cf6d1
32494 7af3e36f3cf1dd27
32495 593e82b552e1c4e2
32496 06187e42d7f9335b
32497 ee7cdfa5546e0c1e
32498 1bcd44dff3eeccf6
32499 7ae8423a703016e2
32500 9bded6f02c088a29
32501 95cfb444b3670f06
32502 a9da938d71d321db
32503 0ed4c854fde2cfbe
32504 cf10a39eec670951
32505 df36af6840d5f378
32506 6e4983d96070f638
32507 6c3b2e7bbcd6b971
32508 b30c736fc2aef664
32509 736800ead9afed1c
32510 ef6ef3eab5328f01
32511 1e6035b3d73a63d4
32512 57be37fd82b2bf34
32513 019d5c71144780a4
32514 dce1c895706a782f
32515 dc51e5dad4ac2ea2
32516 0e5c576aba5e2e66
32517 a3dead14169d7429
32518 90db8bfc45b50483
32519 ccf41aa89aeefb06
32520 9811e10410dc537a
32521 a3231e98d720ce9f
32522 e5a2c550c0c696dd
32523 eceab68b2e0954e0
32524 fce10d547c41991c
32525 53326967708229ae
32526 0ebf7f91d7739cac
32527 4d490d117a13fd58
32528 dca46193330c560f
32529 3804dd431f005146
32530 269857dfc400af21
32531 b968981bc4c48ca0
32532 c3c256e20395e630
32533 29514f2cae956151
32534 5e74c13f31227082
32535 98d67c2f74bdb2f2
32536 6169bca019aa09b7
32537 1050a050a9517a3a
32538 6ac317f0133a86f8
32539 1906b8cff882e0d9
32540 0602bcb3b99df89e
32541 7b1e1a1fa36eb7ef
32542 8293cb52529d882e
32543 fd726f5fc6647acf
32544 f1db6d407245da1d
32545 4725aa6dab7636b4
32546 b299eeefc2a4ee4d
32547 4e7a41ff25f85f5c
32548 99ae411dd36c6078
32549 8a48c2e7a81ff62f
32550 539b86a6fc1e5640
32551 df778eceb275b0ab
32552 e2a1ee9c8a951341
32553 4983f08e03253106
32554 bd8dfaf3702afebf
32555 b0fa853bb15d2284
32556 2dfdef4404004380
32557 657d848083737797
32558 b9612c1302a584a3
32559 92b728ed132dc4b2
32560 8c5d4d5ef9da0880
32561 fa5f779360ce50dd
32562 116d23510ae340e3
32563 dc1212e0c4c57a43
32564 2ef63d2219ccc383
32565 fbbbc620e85732fb
32566 1499aaef55fdea44
32567 3ff819f838813111
32568 0548b8bdb6a41ca7
32569 c838ec638711fe12
32570 7d56751cdf91e2ce
32571 a04e88ef01c7bce1
32572 7b382572e344d22e
32573 c15f997343a0a015
32574 6ec0ff838d4e9280
32575 a825404b66e4be77
32576 51a673b65eb113a1
32577 58dca0aa213d148a
32578 00419b8d729b232a
32579 8d6a9a58994cb88d
32580 a64ce546d4b0625d
32581 c3a6d5a613ae4568
32582 171089a611e69009
32583 6e5765f19b492e1a
32584 1d2b18829bda554b
32585 aedd3c83eb048e8c
32586 2ed12d1bc27ccef6
32587 f30a3d1aa16cc175
32588 30d2771e8a864f4e
32589 eadaf077b7899ee9
32590 35c23d04fef28148
32591 f38f32e00479c75b
32592 6ef5a3fae2765723
32593 01146d20dd13a804
32594 732a8ff5ee95817e
32595 424380f82581481d
32596 f2c3c459ee5711fc
32597 8cc39433ca1a90c3
32598 8c565ba05be717ad
32599 aa96237b0a4393ce
32600 15b6c76aee2d5ba7
32601 963743e185d78d70
32602 34e4906a280cb884
32603 95b3ffcc647aeb67
32604 f176e11e2c8f6ca0
32605 6e4850561828b93f
32606 7165c24d3b1e4305
32607 b0ae1328dc2d3c86
32608 a4352f2b4736a14a
32609 cf56f4cd5b780755
32610 00b97874352ffe12
32611 528a6f19e7eb16a1
32612 b53abe89f452ae28
32613 3f42e9fe83967ac7
32614 f3d4afe2a7fc51bd
32615 0e1a558dfacd411e
32616 7e953d9ffe24c637
32617 4529940e4e9af880
32618 66ecc875c96ce514
32619 4af56dbfccca3ff7
32620 162d574c29fd7190
32621 f5d25a06e208d22f
32622 c2b85f0b5da3ab95
32623 d1565542752ed996
32624 ac3062a0b6d9f73f
32625 34dc85171d421551
32626 5be0dd91dc212f0d
32627 39df05748af1ec7f
32628 80fe408f88e311dc
32629 91c9560e1d9c4ea3
32630 2982dbf0d548e03a
32631 d39ff12462eee4c9
32632 875b96d774d4607b
32633 328228d8b0f2fdfc
32634 4671f6e4ab99f6d8
32635 7e9533b47c187d2b
32636 5815ab06f938da80
32637 c12a987cdcc6b29f
32638 527335ff858c1e25
32639 6938bb3b9e653da6
32640 c927cbccf2d40b3e
32641 ef689e761cd7e421
32642 ae680e44dc23d072
32643 4f5cbd0eaaf62381
32644 2df1f005d671fe88
32645 75219c4096373ca7
32646 858a750644fc54d7
32647 20945b10fc53b43a
32648 69d9ca37cc49fbc8
32649 a0acf31496f17c6f
32650 eda1f681e34e6424
32651 f09aafc41e4587c7
32652 3aa313a5f7ae27c5
32653 bb51fdab720224e2
32654 b5ecd7ed167d150b
32655 61d54d45af8c5b18
32656 79dde7d5ff8b9b4e
32657 169d6a06d8767341
32658 6beb1b7764942f2a
32659 d7c3b23b332e1479
32660 85f3b7e9654b8038
32661 16b54db405ae6587
32662 f2696fca900a1ef3
32663 def069d713c28640
32664 7971dac2736ce9d6
32665 bf144e2699e9b6c9
32666 1107b37ac9ba2290
32667 aa02aae0f3065193
32668 a0ae77d1b8e13bb7
32669 2d5d7ef49a448540
32670 89f4bad36fb40fc1
32671 2dbb3e93bcfc6b8a
32672 4fa99bcf6d581006
32673 01e3b720a9459c01
32674 854f3cd831b641f6
32675 844909a4cce80b2d
32676 0a12f9ad19941007
32677 145baa67d2b7eb28
32678 eac3d348a707aefc
32679 104defddc04ac03f
32680 f90e617cfe1c61e0
32681 bd6f2d9ca5c991a7
32682 88bd4c98d696478e
32683 2aab404defc9a705
32684 d8aba794cbc3220f
32685 3831e58c8b9ade90
32686 93019de6c352f051
32687 e3c816d4bd4050db
32688 2225490e3cf1b21f
32689 eac371a77d615791
32690 4418770c19be22e6
32691 2e3273317733229d
32692 d013a048c870e717
32693 06a801f6aeb11778
32694 40138022200bd329
32695 4010cf8265fe1c12
32696 292af9a3bc5af8ee
32697 a425e8b93b1d2469
32698 148c9b191dd7b7b2
32699 85a482e26b3d2749
32700 9d7eb8261a767120
32701 286fc9133804485f
32702 0ee56cb7f97a6135
32703 3cd662e4eca30d3e
32704 f94d9185ffd4c792
32705 96321d8b3d88fea5
32706 9844ea3d6b49d556
32707 42481e1c73d1ea8d
32708 08b585151df2a667
32709 d677ac65b6c98f88
32710 721f97bc1a44baa0
32711 174154292e87d183
32712 0ded126c48a41480
32713 b4a699d7d66e0dc7
32714 e6a126df0e5d846e
32715 d962db748b0e6fe5
32716 8c3f4685ede7e66f
32717 0a6f6482c4e814f0
32718 d08e960c635b58a4
32719 582a3e5369d1b507
32720 92db44618302784c
32721 9782968adf8e280b
32722 390fb25b933b73ad
32723 c5726327a690d376
32724 e999ce54ee60cbf7
32725 a46a75ea04e30ed8
32726 5f6348694d188382
32727 35f67dca6d5e3219
32728 5df57d3a3f3a654a
32729 9b52dd7afc4dce3d
32730 961dab76d7c33594
32731 5c70e58313204e77
32732 311f57d16a33fbbf
32733 3095ff65b3bc3b00
32734 33bb9169469dcfba
32735 8a0eeb40e8210771
32736 0b4a6da2d55f4708
32737 2b8d974c5ccddeef
32738 bbe95544f16df799
32739 450984840432ba02
32740 bcfb288ecefdf7cb
32741 b355f2b077f5f124
32742 a7500d1be3a06e00
32743 ec8409f5f028c063
32744 bc0ee782e61d0314
32745 1306a890ad546b53
32746 3f7364fdec35eac1
32747 9effbd540787168a
32748 35187bef14bbad76
32749 7ad11bb0e3573525
32750 62ba1fdbd496496a
32751 29a3c36faaea4ae0
32752 344421a9fa19e019
32753 2886dd661b80652d
32754 9a00e9325b02f780
32755 f69b3f4f82594623
32756 187079254b7d6d3a
32757 8bb5e9225dc9573d
32758 6226687106ab3a5d
32759 e6623d71c0c7f9c6
32760 b3fd277c0bf41c5c
32761 4b614e7d3f59521a
32762 5e980ec1d16c327c
32763 5881064f14e373f7
32764 2ff0d1c357142836
32765 f85f88c842ab65a1
32766 c5976835d4a88f49
32767 8f53ec082ae44f72
32768 0c1a2ae5e7411541
32769 51042c8c15fde031
32770 211db86512096587
32771 76aebae742ba1234
32772 0b51c21a48102e32
32773 f880136f9b2af765
32774 3138b2d32f58b385
32775 46e8acd8d19bbc6e
32776 c8d58a677a7f96e5
32777 28ac9afbd5e3535a
32778 2e90aa95dd1e65fc
32779 d80fdf7bd74df18f
32780 73cb76eaad579d43
32781 9b3e2fb199fb4a9c
32782 5f3366b9492c9a2f
32783 bce8b039416587a4
32784 62f21b6048573945
32785 fc10b73f594b753a
32786 4e222958ed64eb8c
32787 0df08d777f782197
32788 322ffa0342678c77
32789 5bfa216364dd7888
32790 052a79dbf08e5d43
32791 2da94fe36200e008
32792 ea5924876636c2ca
32793 8e833221daff3d55
32794 e9897c134b4956e4
32795 90ef1ee5de0e21f7
32796 03754b1f04f79811
32797 518fbeb77e6a39c6
32798 4b8a562f94bd901d
32799 08da7f16c44160f6
32800 e0b08c0a6bf04fdf
32801 58aab1d18315d138
32802 50b36af7dc7682e4
32803 5b75f714347f1a77
32804 6b3698a5d6ad2f01
32805 dbb4588996ffd466
32806 49641e9c1581ef27
32807 91b7a304f458ebec
32808 314453bbb2e69160
32809 32b0248fdb25b433
32810 bf6dfbb7c3fda8f9
32811 c63fca22c83ee64c
32812 32c3c5c0f23d5e5c
32813 5c6352d724f97132
32814 b0902dd65591d76d
32815 e921a6793dafa8c6
32816 9f66a558d75b7e14
32817 de23bae26d1320eb
32818 6c16a2595ec141f8
32819 5344aa5ade552bbe
32820 555cec6cc61cd65c
32821 b1d67d176aa3f78b
32822 13be676b4fcde53e
32823 0385f09d410d34b5
32824 acc3ea2ceba3d8fb
32825 20bea29624a2dab4
32826 fd7114b0f550ae0e
32827 d8b637893042ea0e
32828 5c00997395ec7056
32829 48e56e9f5982c055
32830 75076ea8107324a6
32831 0d9dff7a1b8d5d41
32832 557d991404846dfa
32833 fe6d5c2532ebd584
32834 d57297b6ad8e9f75
32835 298c85c95f4fb492
32836 d749a1027d9ed37e
32837 9f8f4d98f0d811c2
32838 d7b0bcfdc40f66ee
32839 65cbb01cc6e1fc7d
32840 452264e1b84797fc
32841 0d4dc5bd0418b263
32842 4569b81b99e6888c
32843 d5b5398fd1b60756
32844 acb9ef86d497576e
32845 e0ebbe87c5670749
32846 c79978ed78fa72e6
32847 ae4af9770ce9c0a5
32848 dd628d60ffb7e6fc
32849 ea30d57e1a9f976c
32850 295c8caa6309c058
32851 017c51361398ba37
32852 4405ac61cfeadfd0
32853 b3fd7af2dfc0844b
32854 1778d01bd6ba9dfe
32855 8988b80a65c7e838
32856 77ef50354eb7b3b7
32857 79138b0968096994
32858 bd7cf37ca7224258
32859 fd976f729ce6bf37
32860 c55c36c5eafd5854
32861 54d700fdcfc1f8cf
32862 9659f6b590951ba1
32863 ee85ec8912f1cb7e
32864 dd3062cfb7ff39bc
32865 e6486e2244d457ac
32866 54fba780d8d598b6
32867 2707d96bc64f4b95
32868 382a3433a26f9ece
32869 d35a47530ff8d0d9
32870 b270b7213c9769c0
32871 f08163accdd5129b
32872 51c0caa9757d48d3
32873 efaeed110f54e68d
32874 31e514552c64076b
32875 cb831469f6173c7d
32876 b73f780236c0944c
32877 b25581bb3111a45b
32878 60da1647efd6c675
32879 76bb8fbe2c49ba8e
32880 dd872d36c48ad0a7
32881 d9484d7b54a7ff90
32882 7fb2d90ec14283fc
32883 70b31cf398146eb7
32884 32e0afc29931dbd8
32885 cc6765c5011ede87
32886 ed31c1c57d1e2ac5
32887 1dddb648fe6dcc76
32888 50d29f7903e8279a
32889 2652005c32d6facd
32890 5ba29ba07b7b48da
32891 934f325010ea9069
32892 2359a410f50cfa38
32893 7c7e53d576e210f7
32894 726747d7a115fe95
32895 ddc1182ec720f396
32896 3d8d84a7dc0ca49f
32897 f79133dfe7fa2c98
32898 8b553c8746161774
32899 e6bee5b2d03c9807
32900 f47b36ee7e961f28
32901 c2955f85ce127937
32902 a850a3195891d195
32903 fd1ff3b7081015fe
32904 f7dbf3a9f7a02401
32905 51838e269591cb71
32906 a44709ecf3b37b1e
32907 71588db0b7d45c05
32908 73f08b5df56df856
32909 cf042f7ebc4e2bf1
32910 afe16741447adfc8
32911 d3c8f9e4a3d6625b
32912 05b8f3bc18aaac9d
32913 7b2a38b109c773f2
32914 2fb9e4ce6f1c3e0b
32915 5424592bf508890d
32916 49aa692087a15566
32917 7f4f52c709d8a051
32918 ac2c70ed0275c167
32919 7c1a5d5f4e380824
32920 690453277c71b528
32921 8cdbf44d8bf9e350
32922 0ebd9f194b90fffc
32923 50468f4d103a0757
32924 1c88844ee6b499b6
32925 9018a20a1f13cff1
32926 93353186c96f6037
32927 462d3f8872a14d0d
32928 61431609ba0ac558
32929 48dc3fcdc37ab0bf
32930 772224fd84faee34
32931 d6ea03ffc9a9994f
32932 9878df8ca727fb8a
32933 0a83d0dcf806feba
32934 a67f9cf094e76893
32935 b76b7ddbb915b391
32936 4f1b37c1e70b8c67
32937 f121e32ae3de9e54
32938 225edd69b997a456
32939 3f91988fe3e5c9dd
32940 6a8521af63ab3244
32941 208137edd18a22eb
32942 3715d9738ab9a0cc
32943 299386ba412bd5c4
32944 9742d764cbfb8ed2
32945 5dd7eb68833a437d
32946 0b47f8a05b30681c
32947 b927f586e5dd02a7
32948 09e1b295ade7d6bd
32949 4b30c83cc0a2515b
32950 701535ffad2c4f17
32951 0e1cae6ba25037dc
32952 17d9baf46bef387c
32953 5f450f7d99bce7ab
32954 708a8b773a00046c
32955 8ac521d43973f9b7
32956 84458a6061bcf3a9
32957 68443a40996d5f3e
32958 b707413d5cb25175
32959 85433c7af01b63b5
32960 89e1e12450baa7e2
32961 3f007da16498a4cd
32962 ef27522d961579cc
32963 bde6e1fd380bfc27
32964 903373ce7ba68efd
32965 0bc66f23d0c14d3a
32966 0b9ddb6ad8143e8f
32967 038bd99fbaa70ebc
32968 e3df05628cb116d8
32969 14c1696f5f39ffb7
32970 cfafcff257b61828
32971 a633a61cfef9bd3b
32972 b6e98f7bf2e39365
32973 f988a2f9ae557902
32974 6c50fdebb88ce7c7
32975 68720ee1eda3a31d
32976 a308766b409351b8
32977 328413d9f49b6e49
32978 e69c0db562af0731
32979 0b68d2990772a094
32980 1b3056d08f70f724
32981 b6fb2c1882285891
32982 3d56e4cf2259d2b8
32983 7992b45678f06e53
32984 b1407f41ca9f94d9
32985 707b79abed8e209d
32986 6531a329271a77c9
32987 f1368fd6e56fb6d2
32988 85b431d75d0ad80b
32989 392168e35d5edcaa
32990 0e156443ac04e3f5
32991 0d35bb1126b11538
32992 6da8d86d7b23a470
32993 cd252d59af30fdb6
32994 a914a069ec5c4843
32995 8bf1a992a1dc2a8b
32996 104b84f8a6b2366f
32997 00d3d82cd4505a86
32998 75bb1f4c1b8aa6f6
32999 455560dfebfa8821
33000 13243be1533a28b6
33001 d8b80e5cf41d4d1b
33002 f27707f4e1129d98
33003 56d2afdd432ff16e
33004 a71955f4adb03bb0
33005 eadd80328b581700
33006 4c21262d8fef7f0a
33007 d4bbc1750e5385ba
33008 adfb19e90b09d1c9
33009 1b031f07f7abbd69
33010 34b05b3c2c50f89e
33011 37468b6ff063dbbd
33012 f1047a2800140345
33013 b645a37912e9535a
33014 1f67cb61391b7c30
33015 17b6cd06a0c74d1b
33016 20f66e8949fb56fe
33017 c00196f1805feaf9
33018 6d86bb7127059d77
33019 979c81c4c9782454
33020 7205dcb05ec892e9
33021 befbfb34fcead7e6
33022 a0c18ca46798e892
33023 0ee2b22f746ece69
33024 2db7b55a27a3db4a
33025 61300de2394ca92d
33026 a940d7412f5b086f
33027 30321d8b565d6fd4
33028 a52afb5eb6e60c80
33029 863d8c088205db67
33030 2c73ab4299b54d4c
33031 ed628d82b6c7fda7
33032 530506f321955fd2
33033 f4d08c474fc506f5
33034 7df6fa52b95d71c7
33035 d7ce31ecb0c2af64
33036 1fe3bb84173cd499
33037 0018b42aed45f4d6
33038 952f94ba41ddaac2
33039 6da6f20b9ff657b9
33040 3d9151856061b37a
33041 fa53e2ef4e34ca5d
33042 709d2e1209a624bf
33043 5d115413e0686904
33044 3be34752fc208e81
33045 5505b7c1c566323c
33046 21210fd304be1fbf
33047 91c7e934b9d27a3d
33048 6f4941bc13faa4c3
33049 2520f7a06c4dbbf6
33050 f9ae94edd36d1083
33051 e4eba3c050578aff
33052 1d0cf401d6ee6296
33053 87ed686a4f23ab6a
33054 f6acf256c728d123
33055 722dfdfbc244e5dd
33056 b8a9aea5f38b7ea5
33057 f3c825c4249cae7e
33058 82ae346a7248135e
33059 cee6745b634daf28
33060 866bd02d01c36223
33061 4cecd6877ee77112
33062 97cf5354164a11e7
33063 344f37cf053f437a
33064 891bb83bff666a54
33065 123eef674ee1ff89
33066 343b7b87fa195915
33067 87c281989ad3ff31
33068 2bf6f6bfcacdf186
33069 f38ea914573fd1ee
33070 35deed5a0be96b59
33071 766bb44c0cd18e13
33072 40e32adbc5cf0f43
33073 d1157ff103e79dec
33074 aeba487c6fdead1d
33075 b17ed46d3df37db1
33076 08716c07e2de2b2c
33077 2132cee4ec190e39
33078 a22a184a9af2ce49
33079 5802b9f6e0490242
33080 ce674d56080f0c09
33081 14a86034d16395dd
33082 9f3942a33285e694
33083 366d7bbb1c94555d
33084 a5ac0b54f5387a8d
33085 96da6de9f44cded4
33086 9d193588c766564c
33087 f7876ace4b8347f8
33088 c78d7b3ff4c4d0da
33089 e1287ee23c268c6d
33090 287c8f9308a33361
33091 3e41ad1509f46229
33092 980e2aec4050fa6e
33093 8073f5fe68a6fa2b
33094 b1b45a0322ca6b9f
33095 0305b956beaecbca
33096 6a76a6de4cbb040c
33097 e49dd0f0d6b0648d
33098 5f06dc6aa75f6caf
33099 b76f1cd31023f0c6
33100 e40a90cef90d2161
33101 c80450a916a360e9
33102 1311172496b549e2
33103 36470e28d4f2efd6
33104 6b318043ececb74c
33105 4166b39e3cd10a18
33106 66a838b2ecb31d47
33107 5cfb541f9ee524d6
33108 18d33e95a69a40c0
33109 9c00a85b011c9565
33110 7fbe6101fa50d1d3
33111 92266f615b049320
33112 672861016189a44d
33113 a6b59fb48d53e794
33114 1659b5f94599f203
33115 e748d7b0cceb76d4
33116 48ac1e49775a62b2
33117 86846d7349d95551
33118 4af67e7dee30aacd
33119 a3d726dc0a0de66e
33120 2f5d01a955898507
33121 5c1354859892afc3
33122 0cbab6021fe176ff
33123 63794e72f196ebed
33124 6e2398deb22e058c
33125 339a1abd3dbe5abc
33126 05ce3d9ca23e29fa
33127 86f7faeb2c0d162b
33128 3978162f5ea6d3b3
33129 0d560332be23330f
33130 feb3765d73c67e0e
33131 9ee440120a9c5292
33132 d346520ed5aa23b6
33133 aa6fb2bf87885529
33134 3273642260f13e84
33135 c75bd4da049fbe2d
33136 d3926facad084761
33137 1ac3f05166e1853a
33138 6b06dfdc1a788337
33139 ade71abe15f10104
33140 3270925daac82765
33141 fe4ecc350ce5c5b4
33142 65f6cb82b479b3e8
33143 811c16cb4607fa77
33144 1d48cda8f2d38ae8
33145 c6252d269635366e
33146 ce121da296a4d861
33147 7ceb4818446d621b
33148 3b4ebfbeeb617c2e
33149 b372603384c12de6
33150 f4d2d16d6c1e08e1
33151 719ec2597f1a588b
33152 2652564303d90195
33153 cff0713c81558f75
33154 0c5030d7f9e71e54
33155 f32966a2b7d41e42
33156 c3d86cfdecc32c04
33157 ec031fc8f6d99050
33158 956e5005167e002f
33159 e3f303a89217e461
33160 8c27763d342a5418
33161 bedb0eeb39e846ac
33162 e716d08d23fa9f97
33163 07f05e17e9ebaa1f
33164 c7c11eb0e795d12f
33165 48b50e180b0163fb
33166 b34bb17f13c3bc99
33167 43ca137b954b4183
33168 cdf0a9380925b2ef
33169 37eb50c3fe321ff4
33170 f77502f574a61797
33171 8a91ec289a5f663b
33172 dff8fdbcd6cb51f3
33173 53753ccb91985bff
33174 cb2c2cbc6b4add49
33175 3a051af7c6d948c6
33176 3e543c0459317077
33177 359c26787129ca4c
33178 7d0cb06029a37d56
33179 82152a5f0db65627
33180 d0f8d1d8e52ebf39
33181 66cc87f1eb985af5
33182 43ace461d4d60b7a
33183 ed21a3bc1037689c
33184 08f0620274abe773
33185 3275e5540952312b
33186 0c9ffe02feee8167
33187 0f22b85b2d143acb
33188 e3d019c31729b8fa
33189 1cadd54b01f0d92b
33190 8658a0ff607d55ee
33191 54136d4d87ed0d28
33192 a76e12bb6403499a
33193 b939b630a3fd45d3
33194 423c00478fa5db3b
33195 a2f5605d93ab5fc5
33196 7d3dd3c38e2e1f48
33197 85bdbe34369e2e80
33198 2f041c1ac0757916
33199 dc899ebef7d60778
33200 71b1253e502f8f50
33201 a1daab155e1bad86
33202 f6250115652b542b
33203 0b764090bee175cc
33204 6e252b59a76685cc
33205 9352204101b6dd04
33206 e049a3b2307730df
33207 077c502766b02065
33208 0d9f43e71a879e38
33209 dd597f100a1f18bc
33210 76197bf3aebe6e2d
33211 db2b06b6d9f81bf2
33212 55432f34d32902ed
33213 36288a192e95cbdf
33214 8f78eebb5cf636b1
33215 8e4b7698f486fb96
33216 a262d7be732271d0
33217 cf69b7b092ef717f
33218 a9be42eb101e9236
33219 0318860550e7b0f9
33220 34f9862b1caa9094
33221 87ee88efbe243627
33222 0c8db0be15f74ef0
33223 f128467c88350eaf
33224 cf11e84757d4b6e9
33225 9f342565b519d2e5
33226 ca83b6bc717b66a0
33227 837193fe744e937e
33228 f330ab0df8cdd313
33229 ec50c1bfc3542cac
33230 b08e9106be0d9ab8
33231 96924b20bf3155f1
33232 189ead9014ddc208
33233 dd33e888134bf5ef
33234 a597358dad479ad0
33235 5ae403d9707f43ec
33236 67c682ee39b86549
33237 378a0361b93a9c0f
33238 17f000c8e9502602
33239 e39b3adb8606e854
33240 6b744f577501a466
33241 e44012fc213c4972
33242 155f1ce4c8bc2af7
33243 1d6a3203cca70039
33244 2d012b1ef25a2034
33245 74fdd36a6d1425a9
33246 6fe5f7faba816461
33247 6b13f3542b609f9a
33248 3df684c181ecd38e
33249 fa13d2c931efdb11
33250 a2c809561acc393d
33251 5447ef6504d7f86a
33252 12fc1a901afac56a
33253 4fb24cdc533b9799
33254 5e8493d15aa2e473
33255 d78c0b5ce0ed8491
33256 886b026e3e81c45b
33257 34a884abda8aaad8
33258 df856bafe3c2a146
33259 cc81beda6ac65727
33260 d421c61074eb26ad
33261 57cf338aa914608c
33262 a78508286f0319c4
33263 04774fbfd81f58b1
33264 7849151d08aba8e6
33265 d274f7bddca93d38
33266 bda4e0f093e905ce
33267 0f4cfe51df196f70
33268 dbf8a55fa2cf242f
33269 42775165e4cc2071
33270 00c4643bd22938bb
33271 576ca09c867d17eb
33272 b48d8819cfd5d375
33273 ce2c3f6e5ae925cc
33274 38531aa1655ac64a
33275 354308b43bae24cf
33276 6a09fa869b7f2952
33277 7d374c4740ce986f
33278 2e67d0d22240bf49
33279 bd8bc423d4df5d50
33280 02925dd851106e14
33281 dfabbeb614554b4a
33282 8e509585ce9fc844
33283 c1d5cfc3515e1458
33284 885326983d22cf8b
33285 a7c66ad53e96dafc
33286 46751a184dee0f57
33287 ebd18e2b8ac8642d
33288 4bab984d1c1fbe1c
33289 b9a71c34bff9d4f0
33290 3ee3bfca19b52573
33291 75939a1e9a9be1b4
33292 83a99850ab25b532
33293 0c92dbdbf49fdd95
33294 236e17002ec671d6
33295 59f302f01a0cef6b
33296 17582cef8e9d456b
33297 414b8f5c93eabe16
33298 63f102bccd04fe6c
33299 2e53375d7e10f1fd
33300 15d727b59d9a7f3d
33301 366a9fcaf6fd8ae1
33302 42bbdfcc25754af4
33303 d75a20fb7f0e715b
33304 c25fcbb0555eec59
33305 98708e9775c48997
33306 a685a08da02ddd55
33307 57d89461d6cd16ea
33308 9123884f4fbef510
33309 2bf4c1432e4e5e77
33310 a20fad981fd3df29
33311 695296b288b4e852
33312 9f33642cf75a6b95
33313 2451dcaccd4046ad
33314 6b3906e5b5eda2a0
33315 1bd563dc7172d52c
33316 9a284d8fc73a18f3
33317 111f138ac2661dfe
33318 53ac8b1ab1e8a799
33319 1a1173486b1569ce
33320 2e3de74094b86ff9
33321 5a1538919fed4c73
33322 2d2abe0adfd743af
33323 28506c7a7861b38a
33324 02749c1b2be5a916
33325 7d460b5efc60d003
33326 10f2f4c480b63e9b
33327 ef80045bc0b0da12
33328 1d2867dfcd153bc9
33329 8081f1be3f87f394
33330 8905fd32f978d18d
33331 a761e067fa22e860
33332 1144e116dcffd0b2
33333 b01fa3d958801d7f
33334 40efdf71036bb627
33335 096de3f07c109866
33336 2a20535667902d35
33337 d457323bf186d720
33338 4ae85c6f5a101e1e
33339 d0dfab2ea6d316db
33340 37002c965ed04d53
33341 6684d50162885ad2
33342 c78af43cf4397191
33343 00b9cf3f135b2af4
33344 8dfeaf66a41f14ad
33345 52be2fb1bb09a7e8
33346 a75dd55953e614ee
33347 b0673bfcc98a62cb
33348 3f84463b741b69ef
33349 1a704005434d24ae
33350 afd082328515624d
33351 5d6197bb4e8d6738
33352 1a99531e17d9636e
33353 24a8074edd22503b
33354 e597fb3a2f58cf66
33355 95d422deb340d643
33356 896b8e808f1d9e85
33357 51b3eab8dbbf7ab8
33358 46224f5a57a1c88f
33359 3743161743f9693e
33360 1415f4c4cce1f633
33361 fed86b6edc855512
33362 de13312cb0bd7b56
33363 3ae8fece27bb6433
33364 89069a9c24390f6d
33365 079b4aa431a46e10
33366 1e357da7bf971fa9
33367 b4da48a3a24c761c
33368 6a7c25f98033eb22
33369 12e74e9c607b4622
33370 b7f23d9680363dab
33371 00073545ebbbb30f
33372 6bd0a3f0e106db93
33373 3ae1140ce2756f52
33374 13d18139a841ef0d
33375 b6a625e8ba697478
33376 78f2ac5c6bcd8fc2
33377 845822698eb4ca3f
33378 b6e8030420f6776f
33379 2fcf15a3eb0a2014
33380 c50cc9d34370db27
33381 44ce4d90c5e77cb8
33382 d16c644eeb510011
33383 4b6c13c5ae7ae312
33384 20dafb2d8b708610
33385 31d92510a70c0b7b
33386 fc39395aaec21c46
33387 ae80f0ea539bc741
33388 9c7254b42cca9fc1
33389 0bb1e9e1d561e546
33390 3d6ff07a1a94c21e
33391 fc7701a807335817
33392 cc839b19284fc63b
33393 6eb191f9316861d2
33394 6c1b792af8bf8371
33395 4701fa300aefd5a0
33396 fb5b0ae188c4a156
33397 4a8446ed0ed6008f
33398 7b2da3b3cd0c7952
33399 c990a510bb32fe3b
33400 f3ecaf6f4fe39874
33401 dc6023deb563c56c
33402 017cb79beebdbfca
33403 008c9a3ea21af739
33404 3bd31f0e24be16d5
33405 87a17e8dff0a39f6
33406 6137291fac08a129
33407 095b553b9018e6ce
33408 2e172c1c43b645f8
33409 f3af207b5c56bd17
33410 5c3b13752a1ddacf
33411 fd2070081f3711c8
33412 cb7dc417ec24bdf6
33413 43094d782c0aa3df
33414 d5cb6dbb314435a4
33415 5e10c02810de9e55
33416 7ee729a8e355976d
33417 a0c64a1476705b3c
33418 8bbc3f3ab3a0d022
33419 f0ab6c0a181e25db
33420 d36fb39caafa1547
33421 b7a6029452c3ab0e
33422 9561ffd8ad2b91ea
33423 86939f2fa8e1ba63
33424 f8efb5f7e6c589c4
33425 8d2db46686152b25
33426 342fcccb49602e25
33427 9ac8dbf1a4a6e644
33428 f2f5608ed31f29e9
33429 48a3e3505f619e78
33430 867baa62ec99b1a3
33431 07ddd654b9d9186f
33432 60525c59f5541371
33433 b77cc65b484c051d
33434 2e483d6ee23880ad
33435 a59fc20f092a30ac
33436 c69a1afd1f712203
33437 911fec8d1c9b1d8a
33438 60e2ba5d4cbecb26
33439 439b6a78dfc1c7df
33440 0ca337d573fb5418
33441 1d0227a723038c09
33442 bfd553b8dc2a62a7
33443 c1dfba4615a3b56e
33444 e67e8ddd7f6447bf
33445 8f4b32f22fa60b86
33446 93480d1d7118a3be
33447 12db77a18340aa77
33448 63339022ba054bed
33449 6b8252094b9fb4ec
33450 dd308d5fdc782a09
33451 34abdd629bb1cd18
33452 fc6e5aa637cf9e27
33453 bff98ac00fbd67ee
33454 57fa7b23c86448d6
33455 92faf398e1447e8f
33456 05ecb986905f6008
33457 bf23736b5dfc3a79
33458 3b629aa4491c7c37
33459 f48135f45d747c7e
33460 380df8bb53c44ccf
33461 0c68bb070a372916
33462 daf6332fad3850ae
33463 06b5b33ffa79f667
33464 b1e624471155a430
33465 c189cebfc3266f21
33466 cc0a679c32acce4f
33467 d48ab3fe4ebe6d96
33468 088ce9264edd5423
33469 15d14a1da97a9baa
33470 e167554ff20cd6f9
33471 9b796355ccaf8808
33472 26c2843d2f3b7154
33473 b9a07c564fda1ab5
33474 9e6716336c836dc3
33475 2e8eac7f347d81ca
33476 1daeae0f9e12579f
33477 ecc715f77c8b9266
33478 f0e569a108a5bf5e
33479 3642666a3c850d17
33480 8dc6b30715c16d09
33481 d96bb3238ed7bc18
33482 100684ee3d3ceb29
33483 e18df40780d52638
33484 c033eb551cbcba07
33485 5842eda29549ba4e
33486 08875e9bdfc85ef6
33487 00a5599bb192f1af
33488 67db5fe2e51757c5
33489 df135bac4c0f62e4
33490 2977830c2bfebb65
33491 19333020202db984
33492 ac25af2bb515d5b4
33493 c320c0a1e9e8dc90
33494 a54648367b372a1b
33495 066b3578824f0907
33496 d4ef11c00d89863b
33497 98cc427863d79422
33498 6ba385c133259b4b
33499 65c0e5658c324432
33500 c94bb7e640bd2565
33501 2976efb45b054184
33502 c9de5acda551fa66
33503 e70ff9c6374c579f
33504 f2e26d032f7fcd63
33505 c535d977a3238c6a
33506 682abe868b904841
33507 42602c7066b825d0
33508 cbfa2c164ec30f08
33509 1e169f32d55df9f9
33510 ba320a67b548fb82
33511 2b3dc6157a9db09b
33512 5869ebe049123d69
33513 57f7a32d20cd8878
33514 94bedbff85527fbd
33515 5c5077edb101c3bc
33516 c263476292d84140
33517 4e0fb16dae2fb2f1
33518 ce52892c17ad306f
33519 648afa759833c9b6
33520 bfb53fd43acdbc47
33521 251d1dfb4f06458e
33522 1183c57693042b45
33523 e536c2c95c12b964
33524 8f08ef95816d8fb8
33525 66d3cd690f8172a9
33526 04bf2d7b98392272
33527 a56b13282d14970b
33528 a096c040a924cdb9
33529 a8f2b897e24a5cc8
33530 77b5336dc86919cd
33531 258754103b42ebea
33532 ae4f5cfced7b8fff
33533 bf71d89d8db549e4
33534 235a0f11055b160d
33535 f6f753214f3b6bc2
33536 5410ce35ec19f5aa
33537 81a6ac7478085715
33538 ac04a9d1503be9a6
33539 dc7f1735d243b5dd
33540 f245acd73ba551e0
33541 033be15860b36a67
33542 b4543eb470d65729
33543 dceef00436c4f8fe
33544 fb329dcb9d70360e
33545 5990b5d11795d421
33546 7c310cfb1c38e75a
33547 35e6ef99afdcc6a1
33548 80fffed48f93db0f
33549 4c0b00bf4766c6d4
33550 f3f1d8f755178e68
33551 80b12d42169885e3
33552 26a50a82e710d438
33553 eaf000891393219f
33554 5ab8af0508aaeaf2
33555 6d42d667fe5f42c4
33556 d8173a96f1be5c42
33557 21733fe07a727ef5
33558 02d5efd482a37e6f
33559 e9fe961e149aa02a
33560 6067e0f606c1d11b
33561 c1bd59aa32f4b91e
33562 129bfdc6eabe3126
33563 b73ff4ea6a8da85b
33564 6c7850c6585f0960
33565 6e5138e25f30ce3d
33566 cbc6ff6472592c71
33567 df85677708960094
33568 a50693c7b8cdff95
33569 9db3c3d793f101a0
33570 ee49e48fa175687f
33571 e8b8c84c3bd9495a
33572 7e4812e01d68c238
33573 e66d387c556f85e5
33574 d4ee3f4ce5e1b029
33575 1eaab7ee9386886c
33576 b07ad07b2624509f
33577 67cbf83e7ab2a7ba
33578 f5904f5490aedd6a
33579 8d8e90b7da3a8ce7
33580 d1e7d6163153fbfc
33581 727ae2e256186ff1
33582 0a74c6690b9a01c3
33583 8b5e7fcefb72be06
33584 9fb32f8cb7e99253
33585 4eac03e318a6f326
33586 29f6321723321d52
33587 ac0c544fb87f9baf
33588 a722066b8b34f369
33589 9ed0a0008f9e795c
33590 145549e297e1c2bd
33591 0f49c7e808dd0668
33592 6ab5839b58849a7b
33593 944edd02b6b9f5be
33594 fe0025de1e7c721a
33595 98388eb3e4270137
33596 1246f8b9a996b8ec
33597 0391b3cb05638761
33598 82bad6838b306133
33599 80a3a8cc0ce49a76
33600 6709cce12e3463a3
33601 bda6f5f1db9c0a16
33602 8d89e4a005fb5d42
33603 8d13b27ebcc4aeff
33604 054d8acd39728b94
33605 bed457653d6bba19
33606 15c64e7adb5bcc1b
33607 4a6b26a97b4081ee
33608 07caa9d07e0914ac
33609 39f676c35284ae03
33610 e73b79cbb861039e
33611 9fe2f7d8d6c217d5
33612 bdc1a8b3f5d1d30b
33613 bb5c413aefba4750
33614 2880eebbda952408
33615 a16e85a100a67843
33616 14070067612e38b0
33617 bd040839d86d0dda
33618 679a0bde49792fbc
33619 11f09f1e0238cc9e
33620 570f49aacc898982
33621 0794ff542d4fd4e5
33622 5355b90b59558f1e
33623 6d5de2507403cfbd
33624 1f079bac1096dd28
33625 278ef66f51a41f27
33626 0d9a497837656f81
33627 4045571c2b04ae66
33628 4f15b223309e28a6
33629 f9532a6158758ca1
33630 427d19b9bd45da42
33631 1c828f8252955171
33632 98a3fc308921013b
33633 df5e624e9b4d39e8
33634 0facab91d8cf3369
33635 fa90bddf5408cf8e
33636 6fd3fe5de7330b24
33637 a0680d56a1ecfb6b
33638 537cd79bcd749920
33639 98084e9f212d7e2b
33640 060fc5ae9009c48e
33641 2195cdcf8d312259
33642 2b76be93ea3eb211
33643 da8f59add484d11f
33644 7e19ed5943979aff
33645 17b0f47cf721626e
33646 dd0a622153975ac5
33647 50dc1c46f4d5430c
33648 e6ba15ca2fe573d4
33649 6267279789b7aecd
33650 e6d55b0a06502d76
33651 168787895ac4d7e1
33652 c4befce4e77a9361
33653 0d5aea7baa2e234b
33654 aceb2f8435a3ccc4
33655 6e1097546f3c219c
33656 be0cad0a96b48b25
33657 653df44b6fd74914
33658 2508bb8d5c984ce6
33659 72df8de93197e227
33660 b1890796054eb392
33661 0431248f58998d33
33662 dddbe35fa21c35a4
33663 7e6d0dfb4afa6f76
33664 9eecd3f04121a512
33665 ff0ced624b0b7603
33666 2a8c0698346cd640
33667 5fb9c3a4a3f366e9
33668 41898eee9a6863df
33669 d97eb817e4c0f5be
33670 099bc78af455e25f
33671 b02bb2681bd6257b
33672 bfebb628d5f5f216
33673 a8f377d6059a80e2
33674 cf196866ec3aee1a
33675 cf6d27fb9b71fc08
33676 b1a8b7e9cb95b453
33677 8412bdc3d1a3c097
33678 82f8fc1bfe43f8a9
33679 4b5c5ca18bbcc57c
33680 90c8a5be5e5edf3c
33681 3a062c65fb27c738
33682 a6ddd8cfbec78fa8
33683 19217ee22746533d
33684 39423212eab165db
33685 d04191c7a87fc086
33686 8b5208781f43fb9b
33687 dbef896d91d11cd3
33688 54d8db56c286235d
33689 4a61465dd0c8eeba
33690 fdf42d9ed309a27b
33691 a50e0ff7cf95168c
33692 58deb1948d88e82b
33693 c6f3ec17ca662ebc
33694 0226bced207e3372
33695 a425cab779ef4101
33696 aa25e98a1e5389a3
33697 a99d2302228711dc
33698 9522d172ce2f0cf5
33699 258bc7e1b1282e92
33700 68372124c73afec1
33701 9e97e093f0785fc4
33702 77821d5f552f80a0
33703 6d345ba15f90f8c5
33704 df4f763054643d5a
33705 8e5b9a16ad762f4f
33706 cd78a59073056eef
33707 5623bea20bd1fa1e
33708 bc2e8ff49c64ebbb
33709 985d69f068d3335b
33710 fbcb76efd7bd4b65
33711 726e5f342d7e06b8
33712 d1e77fb801b25d5e
33713 f9dd1abb945d8a8b
33714 e21187e7c648801b
33715 474e7f08b142d7ee
33716 4ef3ec8d09777959
33717 876d98f3d5d0807d
33718 76a04b3c329e5bb8
33719 9c12185cec157a65
33720 ef8481e989cfe51a
33721 dff530fefa3e824a
33722 5b8dc40d40ac4dd1
33723 c736efd23d4fd084
33724 9559903c03434705
33725 8910aae95e176c59
33726 55afebd3003a04f0
33727 3eba72ab04297d70
33728 9b7332c777dbc677
33729 3be09a738b48e2c7
33730 4410a0472ab734d7
33731 7b59d7b6ba6780ab
33732 f44a0d0c963cf294
33733 e85592b1bd546151
33734 7c82c9f33f507585
33735 ff1a29be5632af88
33736 3d540571436534e7
33737 3076f82db308239a
33738 eeb42e5d00792c94
33739 1775bd85792eca3b
33740 3e4552dff914f85c
33741 718c6aa64abc67f8
33742 c115cdedaea50dc0
33743 f87aedad891b73e4
33744 64753f70cb8251f3
33745 cae3ee9227f7fd9e
33746 32373d73c41f3cd4
33747 311f02a35707a429
33748 b9ff537a7e564350
33749 4900152289fefcb5
33750 5b77d5e0fce80916
33751 660c723825a43a6b
33752 09088eec320c1e37
33753 4a26e3f6f37d1f82
33754 89d89d11a10d16a8
33755 0e5b9c09d69f844d
33756 a240873387d1f50c
33757 10fb4f925b9f4f61
33758 c3d3c34fa4791f89
33759 a6b479bf9e83bfb4
33760 b8f4d0607d93dd4e
33761 c327c0a3d8fdad23
33762 04a83faf20a7b856
33763 fc102896f0caaa2b
33764 987e2fbc8baabc34
33765 1fcd710a1b150f89
33766 2f22cf34acaf8ae1
33767 aafb65c252e5628c
33768 d5b1178c0454e9fa
33769 9a41f459325f97da
33770 5bd15ffdaa727292
33771 caa3bc6034df846f
33772 f9b844f539d193f2
33773 ff66d6a579951241
33774 38f1ce5cb5904c1e
33775 921c4beee9265895
33776 f0f61e49caa5eb2d
33777 5a0a2f95dd07c29d
33778 2d52ca68851edb89
33779 8362973aca2076d4
33780 293d4c2a146c7957
33781 67b8300ec8ca95ba
33782 3d3748c4ef7226f9
33783 3eb9b29e39591fb6
33784 82ad79b1916908e4
33785 381f73632545b0a6
33786 c4be836abe353737
33787 344a9fe532183888
33788 16429c4905de99b4
33789 1a012eeabcb02170
33790 377c6fb80576c4cb
33791 6863b125c8f7f333
33792 36a8b8844a96ec5a
33793 cb7ae03caf056d23
33794 e2cd84bbd6944b8c
33795 20e9f677b6f8ee9f
33796 a93330b2a3044545
33797 b41bc1d5294d39f2
33798 c72453b0f0ff6500
33799 5dc4451dc600aa85
33800 8f9a429e5627d97c
33801 cf49a8d3bb0fd541
33802 a1a041e9a49c3db2
33803 df77fd8f001ec4d6
33804 8ff124742ba9af25
33805 a8c4d9ffca017081
33806 5c42c387098d0afa
33807 8bfb3243258ad157
33808 8fdeeabb0fb8dda9
33809 73c3a3ac821edb14
33810 dcb50b147e440eb9
33811 f09ad3cfb374cfa4
33812 7b85a7aeed9dcd24
33813 612851d4f728c653
33814 d0d9bedaabc3effa
33815 0fca77d9d3007df3
33816 1ef2ab05b3f425ff
33817 ccb40094729abbf2
33818 9e004e0fc87b63ab
33819 7af10007110cd889
33820 4e39f37f20a2de1e
33821 706eb7ace7a041a9
33822 96ae1f9773ac800e
33823 ef85f1d2b035dc9b
33824 8003e29a781179cd
33825 242dc248120f3ea8
33826 01b4e286ec6f3015
33827 37347b762e8682d8
33828 0713615004bdcc74
33829 f9da89f6df3f3091
33830 5039c487d0d6374f
33831 afa207748f51437a
33832 9b9487610e1fb9ff
33833 81fe359c992a996a
33834 e5496b7d0263abd5
33835 e03dde9c88726998
33836 ce47d56fdb00f184
33837 c086c4e09642d490
33838 c924d534f6fc2183
33839 7d76087df5cd08ae
33840 abc47b885653273b
33841 b9f0c50c9120f2e6
33842 c69fd142d5173cfa
33843 a50dae5da9af0eef
33844 364d3ed658adbbcc
33845 06b938ffbafe6081
33846 db7e6b6276020c11
33847 b7d6c9471998bf94
33848 715e90cfdbed7129
33849 84ea815bf340802c
33850 85721ca8fdfbbd23
33851 fd7f4e4114f96536
33852 ad26b12538526c5d
33853 6a15da14c42619f1
33854 4143ae5248f588a1
33855 8ea4d4705a206744
33856 a1c95ad4c46a402f
33857 89e603878e2c1cda
33858 8600fae0c0b49de6
33859 ca3a59d96c7c34bb
33860 f349392bb1470b28
33861 2e2b14f3c8919085
33862 daa639f608ef3f77
33863 74def15eca3de482
33864 32c21c5383e3c4db
33865 46976372ac1c83cf
33866 b65ace1db6475edf
33867 60fdc6ff9198fc7b
33868 1658a24aa2d31925
33869 c58e1300b018cde1
33870 ac8c930ebb477184
33871 2ccda27a33fd0279
33872 f720dba24784f982
33873 8eda3af8c4ac185f
33874 460d04825211544f
33875 1c9126a635669e32
33876 b98f92a12f1f1a19
33877 cac3223c93b5070c
33878 5f0f80beabe7befe
33879 bfa664fcb5bb9ddb
33880 9705b75e7420d7e2
33881 1a4a23c6d8d8b8bf
33882 437c4d9ff8446aa7
33883 e1a6ac4c71415a6a
33884 ebd1fca655f54249
33885 fb33aa96412f2c95
33886 ddfb98b2f11d805f
33887 ea1af5d63cfb53ca
33888 50301860599e52ff
33889 16b04b05092155ea
33890 96fc368119e6a03d
33891 1cbdf2e595d7a0c0
33892 1a976fe7e806553c
33893 5bc110aa33e2bdd9
33894 318eb6cd26f9ec53
33895 56ce7d232912a0fe
33896 e4d2aaa4c7c6f35b
33897 2ea0a35390b93306
33898 06faa63af608f86e
33899 08e6dcb0a76cbc43
33900 c1b1e6cf31819969
33901 a362a94f62d36d35
33902 021ddabb79613d9c
33903 8e17ea4f8c8cfbe9
33904 f79180221240c0f2
33905 ead5e4f03b3b2f0f
33906 005c6e8706d6b0bf
33907 58c8ecff5be277e2
33908 b0ee5bba35158b2c
33909 8f255f98471ee081
33910 df92851f3f281e58
33911 99743d0ff9d5fc8d
33912 cfcd49065ab8dff5
33913 e81f9f347e575640
33914 d72fc25de39a1be7
33915 d6fb1c416618072a
33916 44d3575885856fee
33917 98b320365ef2c1e2
33918 f3bd3d6768e3e2eb
33919 cd31172d58a451d6
33920 a6297d6bf9af354d
33921 b34c721b6f3f1910
33922 95bb2285bdbec526
33923 e777c1e3c99d9cfb
33924 e7e8135403cdedcf
33925 9b5ad7776a6516fa
33926 e4d3047d5e066285
33927 a74dfa6b6e2c9389
33928 3fbe38ffe1447499
33929 0bed78fb6fadbb5d
33930 c55a0fc548071882
33931 c9cbefa6092462f7
33932 fa76dc9f5efb1a91
33933 64b3692200e8bbf5
33934 b371ab6b930a4df8
33935 6a71defceca59675
33936 0d2395b1f8671039
33937 f454c6fbb3963344
33938 249e1b8d1b799e96
33939 5bdd08fc687f69f3
33940 549e1c4229f96392
33941 9b63f428132f8c2f
33942 e0e626738b233ac0
33943 a776a4c61b074b75
33944 b20e91a0ea45f501
33945 1dbd82f5db70faac
33946 3ce4ab5e223b24d3
33947 55624600967fb0f6
33948 c6ddce5b3510b2a0
33949 9dbe7942c0de0974
33950 f4cf2b65eb9753c1
33951 6a014e383d5beb7c
33952 616ad4379fe4ecb0
33953 00ca966949866bed
33954 b66dd15c211773c2
33955 e1b7f04738266537
33956 82593cb079d65f19
33957 5dca6a2c62d05794
33958 16dde87c4c43ec05
33959 99aedd437e71bea8
33960 2c43f7e69d847d23
33961 e8cf065e9f9a874e
33962 aeb442a0b45987f6
33963 3b99e6006628898b
33964 168b755ac76c1aed
33965 cd45229f73b7c6a1
33966 aae7f9c8eb63bd40
33967 888d702f4431d7f5
33968 e218ea6d7ecd6f39
33969 6fad040164372944
33970 8568389729fd3f9a
33971 ef35ec352b3a3117
33972 e86e0eeba36be3fa
33973 3662f26ba2bb0af7
33974 32590520fc875310
33975 b1cacb6cce4a90c5
33976 9a0decb56ff549f9
33977 819792e062e24904
33978 e9f4cae864586ea6
33979 daf53655de5f3103
33980 2bf3ef983f9f714e
33981 3850b3ced6b34d02
33982 668952f1740ac646
33983 158b35a93189909b
33984 7f0e3b1ae6321840
33985 71363be62441d885
33986 686cd06fee257a65
33987 90db86b38ca56088
33988 62f57eed6d2c2465
33989 8136e3a7203900a9
33990 073367ea6b067efe
33991 e1b33552ec9e1a6a
33992 512367a2b08d9888
33993 a37160fed5dbffe5
33994 df8e1db79faffb35
33995 0ee4283ed8a84d98
33996 f37efd6de46412eb
33997 dbad13d6257e645f
33998 068a1023f06ec10b
33999 7c06409f079283ae
34000 9d05f7a87cd82c25
34001 87dfcefb6f4bcef0
34002 17f9d9091939e2da
34003 e36c8fb437a04ad7
34004 4fbeb94976a12616
34005 32cfc9b67388e5f3
34006 66ea0ad6d776bd13
34007 57d96b54998fb4b6
34008 ec2b01f067021210
34009 9520901ddbdbd545
34010 ed712790371d3030
34011 d959b41b52d1a7e5
34012 cb1f84850e115826
34013 8a9af1330c3d2482
34014 4c43658c3c12b9aa
34015 3c1a27cd874ef2f7
34016 33900a6677e210e4
34017 ff958442353144a9
34018 707eabb1b463de53
34019 1f12955c8ea4f3fe
34020 0f79e7274708c467
34021 56ee640e4e830bf2
34022 c30a8ad4c208d13a
34023 d6712299de957c8f
34024 a3563f7e88663594
34025 50197e8d63e43971
34026 92595466a5ba0cab
34027 8406d750d25f6996
34028 f402d70c4c9985cb
34029 239441854bcfd6bf
34030 1b1e93c3809f8520
34031 dab5217f0ae040d5
34032 14b40c4079467499
34033 35458baa85c0181c
34034 d9b0f346cd2cd6f6
34035 3bd709f97ef94bd3
34036 f4d7db3ed7b0402e
34037 98465f522680318b
34038 cfcaecebdf01c74b
34039 3818df29490d54ee
34040 1b67216808b6c96c
34041 0f430617e6f15ac1
34042 90e0ce7889c543a8
34043 c3d3ad33034b189d
34044 4a98b2c50e566a96
34045 98c32e7842788542
34046 542c2392935b1a7a
34047 033899c3a7097acf
34048 3b5a26ea36effed1
34049 1b3ba28997010e74
34050 c29fac19a138ea5d
34051 89681a4bc455a219
34052 ddd3615d0be27311
34053 32f67b980647916d
34054 347bb5b5f9f81712
34055 053f39d559dfa487
34056 ef613926471beef3
34057 bdf7918bb9e67a9e
34058 f56c04e5e455b4df
34059 004637183324edca
34060 a92c5dd52cf63449
34061 edf1418f700237ad
34062 e6085e89a95d476b
34063 e698761f3334990e
34064 7a8fac1552843fca
34065 143bd57cba8a9b87
34066 659a9228411522b0
34067 67f3bdb16dab6a1d
34068 78d47e7b8465d5f5
34069 1eba02b07f4c1c78
34070 5167f93356a4a3cf
34071 8a4bd5499feefbb2
34072 35005a5aa2b17764
34073 ab6df307ff626c59
34074 16be4ae21eab1dd4
34075 232b05f0730d65c9
34076 dff5ff675a66e195
34077 6f8fcd5f154d2351
34078 d64f35ca95ca1f4b
34079 e3989ad6b7a93b36
34080 75940a7ebedde61f
34081 86b93b7479008c8a
34082 a3fbde1752807425
34083 991d17fac3cad048
34084 22ba9f4d23f1e044
34085 96a713e1e0a68fa1
34086 caa65b0b75084e16
34087 b359efb6c531c02b
34088 e0a33c4c65b11ac5
34089 ab66055dee93fa68
34090 18c3d445420f3e4d
34091 93ddfebf7bd65e10
34092 e82e8f1d9b75de1c
34093 38c90a56328f7fa8
34094 a4a9122cda172cf7
34095 da91fbd8e6ff6c7a
34096 f7c8448b91480c1c
34097 7b5463373f4f07e9
34098 fdd479795144cbf8
34099 c0c64b1c85c7eb25
34100 58217d2ee65cc6ee
34101 060b99956c196353
34102 cf0ddf94b56f1223
34103 809991683fed2c46
34104 3bba4d088c4b9270
34105 a066da3a6de540a5
34106 d4e8998449ab3e6c
34107 11de4c934e6f20c1
34108 7de41a6eacd03ab5
34109 e2272832a405c971
34110 4acc9f908877081f
34111 d7d4b0b0c7a56e0a
34112 ed442ba2dcf60a7f
34113 524aecc477ed3a53
34114 1bc0e30c680d15dc
34115 1f034938ab68c3d8
34116 1d6b54f435ee8714
34117 3e7c5f6aa8a062f1
34118 12597b390b6481d3
34119 7ee16b75c636c2fe
34120 b4ecb9812de4352b
34121 c19bb0db44459416
34122 726698ba078dcd7a
34123 19f792ea7251b94f
34124 740809ecdba94184
34125 de059a2133bb30f8
34126 9c763052606b4820
34127 65b9b7f077c77fd5
34128 5e28eb3528b6b108
34129 628ec14c1cce3c7d
34130 382ff56799900452
34131 ddd0c9d86288326f
34132 e43fdcea70a7756d
34133 8a7736a5aa461c38
34134 d09cd8bb445b5218
34135 d4d853226e6db24d
34136 07a2483f01914dde
34137 7a3353eb533f60bb
34138 abe26805667d79a7
34139 b974d3f89f76cc6a
34140 8ebfd8e42bbda049
34141 04abfc81cb032d95
34142 f22b489de228985f
34143 3bd38c62fb1aeeca
34144 26cfcc5474da4023
34145 dc56223edefa41ce
34146 42ec6175e1a63d26
34147 ddb400c114172ffb
34148 f6922c0e5c520105
34149 18cf555ead5074d0
34150 d572d098788ce7cd
34151 542d539fafcfcd10
34152 63d9ae8a330f71d3
34153 de04b9e10b45d77e
34154 621a21cb8ddfd04e
34155 8b625c437c2faa23
34156 3550537ff31e2dd0
34157 74635fe8433b2264
34158 4a462e5c486f75e6
34159 7ca64f61582a5a43
34160 4f0d8f877765918a
34161 7ae2ee5200653847
34162 ab199f7ebe785ce7
34163 c4dfe7fb7ee67caa
34164 25f306495e8fdc19
34165 5f8982a53add4224
34166 bd7e5b3256ad17be
34167 0e98f92a23cdac9b
34168 f3ba9916213a065e
34169 9189968404ae4d3b
34170 4135dee1bb8e36c4
34171 772b5d2a27f2c2b9
34172 6d74829db49853f5
34173 977403b32f53db31
34174 73604ccf5d4c01eb
34175 811cdbe45fc3b1cf
34176 ac572d507a2782d2
34177 0448d0852c3b6b8e
34178 71d9ae9e93872926
34179 c94f3d63615c4d73
34180 acb93eec23b7b6c9
34181 f91a4cc3269ad2ec
34182 161785a6c453109d
34183 3775de17be5c5120
34184 e75b1b0b456fecf3
34185 fb93a205dbe3259e
34186 9e70ebb6cc6d1636
34187 9b9caf96636c444b
34188 d8ba868b559769f5
34189 cb984d74786dfa09
34190 8df415f784af68a8
34191 d0fc064aba8fa49d
34192 01fac0a6a9b1808d
34193 a667f48e7f448f58
34194 d3ea951ff6cb77ff
34195 cdda70f67cfce222
34196 8635db78cb724bd6
34197 478205f05d68f6eb
34198 79f3de1f527cdafa
34199 c4d08d64f2adcdf7
34200 62d2b79137ff77f4
34201 e1e9885f606f3669
34202 92b120212ed6381f
34203 9fc93f3678c637c2
34204 034e30cd7f1f5f46
34205 a6fccf682fba0efa
34206 f76c2014f67b3dad
34207 5606dbbf0b237970
34208 23f3edee23b22a78
34209 b1b9e7b8c7001715
34210 d4153709311e384a
34211 4dc82271b4a616df
34212 9952b170e449e0c9
34213 9af893aeb9ba2794
34214 20807cfeb501c779
34215 c527d799702c93dc
34216 2b884b8fa8358b20
34217 70497f0c8b55bf9d
34218 0d6023793736507f
34219 6d31e2acbbbb4e6a
34220 3b031ffdf215a5ab
34221 cd6843e6d485f1df
34222 37eddfd2f34a2940
34223 d594cbbbe5fd3975
34224 2188badc665a5539
34225 fec4fb70f1efc944
34226 16be03d13d5c7ecb
34227 09946e8da47791ee
34228 d3cd44818871b698
34229 911bafa3a7bd28cd
34230 a2801b04f2a06cb8
34231 3bc56549d7c8d345
34232 304ea07989de3679
34233 e56f4f6416c60384
34234 cbe243ac31245e4b
34235 5190525543aa50ee
34236 1bd5dcf04ad74b28
34237 67b6f2eeb1feb5bd
34238 38009fcf0a20a864
34239 971ae70e8602d160
34240 37f1c8c720ed981b
34241 6ee7c82a7e49b9c6
34242 17bb72440413695e
34243 d016bac9edd573b3
34244 0afdd66883f23f05
34245 e0c8fb8c5d7e18a8
34246 e3a78b9cebf35d39
34247 88b3b09362ff569c
34248 e97219ef38aaa8a0
34249 f1402cc1f81d6a1d
34250 cfb421cdf8608b0b
34251 d4c8be3dffa4b176
34252 84db20db2cc79feb
34253 99920e6088ba0a5f
34254 6305d3b5c2484380
34255 fd67311ebc260535
34256 adda3193716f2279
34257 ec5538d06e706e84
34258 8739e322e3f5d0be
34259 b01cdf3dfc68989b
34260 f2f60bc6d7b3cb96
34261 8d56260f3660b9ab
34262 a5a3ae3cda316caf
34263 dd06ae9b513f1c0a
34264 1278cb8bd9bba439
34265 cd700feb66821644
34266 b4caf13f34da8f94
34267 14bea88426cd1e89
34268 7094aaacf47e20e4
34269 85a96f0c7daddba0
34270 267422923220f5bf
34271 4859dd8b6fa03caa
34272 56b1a553e9c22480
34273 05e37b50884f2ffd
34274 f5061ab7e261311d
34275 49f24b2bcfa7bf20
34276 df0cb78593b693f3
34277 0437c3dffd98989e
34278 77db3e1a23063c3a
34279 2ece38dd9fd54817
34280 2bd9ae027135c894
34281 cd793eced8aa9071
34282 16a22949af479c73
34283 fcc5b91771d0b01e
34284 2f68cc9cc3abd83f
34285 b8b26fab067ef8b3
34286 1ab8de19be0f7213
34287 bf8ca57e47931736
34288 7a6a3f0cb064dde8
34289 1d30aaf1059d955d
34290 c7c035fdc0696110
34291 adb9abb49c3a3b45
34292 1ef1bb07f34a1796
34293 4da92254f83b38eb
34294 acaf82d93ff724fb
34295 dcf30e03851a1c9e
34296 c57e19c554005645
34297 53976de9596f6110
34298 1d527f8c906ec112
34299 e8e1f9e9eaf94f1e
34300 3c2acbaf7f75a15f
34301 6247c89abbde0a0e
34302 c15a17519d3b7620
34303 1b693d91b97bab63
34304 8fe2c8e68249e600
34305 235b00874db3ffdd
34306 a1127bdcc2251d53
34307 36d633ce62686b2e
34308 89a643bc5722605f
34309 2eae4b6f733cca2a
34310 035c0bf5762df1a5
34311 fb73727a6c6aa568
34312 b252ec70cfca888c
34313 fa7097683e5cb279
34314 0cdbfa4d30d0c7df
34315 d817f9642e4ba1aa
34316 faac8a6a9364dce3
34317 95663a9f45d5ea3e
34318 2f263fdbae08d7a1
34319 bcbdcf8492140b44
34320 6ba987078b564eea
34321 9f0b49e290a5ee1a
34322 ce781273bb61e73c
34323 017cb71ae2c2f9e4
34324 02d0bb33f39e480e
34325 4fc0856b1ba8b52c
34326 a38c4293f3c41138
34327 9a3f62ad419376e9
34328 0a1d8227e8f687bb
34329 4dc15f04483e0811
34330 542f2465fb9e31ca
34331 0b4d396a1dafee76
34332 a022b0862f44ffcb
34333 9a65e8e5986a492c
34334 935bcbfbd37d4c88
34335 1cdf0a39849c1241
34336 ab52ef0cbe52422a
34337 b25aeb49794f89ce
34338 f665ade881cbb9ed
34339 03ed1f0774091ad4
34340 4824650b6b3f2d7d
34341 a6b829c454a01810
34342 e4b67d0a2b9307b5
34343 909f3395e52c638c
34344 a020fabbe0712351
34345 857d64211d912ac1
34346 651c0b02501380de
34347 89647d2649dc5a6e
34348 17bc80cc705e5d6b
34349 13adf2cb8728349c
34350 b6193c3343709306
34351 207f47aa64dfe897
34352 4d5c76c5d1a24ea4
34353 c97038804484d527
34354 799fdbca55bff462
34355 e0302b7ce70005db
34356 2b2c04c780dfac89
34357 71b34a34c01b04cb
34358 d1b8ebd93ee108e6
34359 b31789d651bad94e
34360 3fc427931c90583d
34361 7940a359db053567
34362 175762fb360c9667
34363 18bbffd065403e2e
34364 6afc160337d8b9dc
34365 7357e0694424f051
34366 cc89d7b838c27f6d
34367 ccaa05b8829d68e1
34368 787cfa5a9a225106
34369 c90764c5be3da8cd
34370 87440196672e2b5b
34371 067827cb5b0f0e75
34372 6e5aa0fe67959653
34373 5dd015972ca51477
34374 66bb02f39a7019b2
34375 f7d97fed75b8b3fc
34376 3867aaf7b975ac74
34377 6ee1db2cd0a5c02e
34378 4a269765c5763f7b
34379 0e9acfee99578c2e
34380 996c513dd0943ae4
34381 b8817733c77ced28
34382 49e0f9795da4ba2d
34383 9536f4188474b1f1
34384 ce5df66c1a0dd6cd
34385 5e367c3b4a1441fd
34386 5f734a6c07ca7883
34387 44e07b59445a3fd4
34388 997d9d40da2bdd69
34389 338f3276971925ec
34390 c88c315b269c210d
34391 949cc0e81913dd38
34392 774564918cc90b8d
34393 20be40b5b5cdbc64
34394 484ceb9e3248eb9f
34395 5e1d4769b0e9606a
34396 f88ee1c6eb5b3ac1
34397 708ec215ed66eccc
34398 f715e08bff5a7ccd
34399 6d0be5eecd97feba
34400 12747e0f2d5c36cd
34401 1e2609e2ac3308a4
34402 b685f4938d8ae9eb
34403 cfbf7ecdd3b8a7a6
34404 f97bb05171ab7d72
34405 734c26b4f31cd2b5
34406 0922abfa077f35aa
34407 79f0989327805e60
34408 2e2315f820cb8b77
34409 e813cad7ecf1f3fe
34410 47bcac8b40c018eb
34411 4fc19b5b4092c2ef
34412 9b06efea248e9a3c
34413 4827d3dffdc1ee6f
34414 bfff2e0791162c65
34415 676b87f47e9dd76a
34416 ee5a48e5eba9d386
34417 66f25f89c7d3de89
34418 898dabcbcd93bc07
34419 a4067fceb0e6c22f
34420 a9b891a7ea3eda6b
34421 a38c9455b8f02dd2
34422 22f2b84af4b2e38b
34423 0f7134eaf206090b
34424 c1659d2168b89456
34425 c82b8f97df82fc0f
34426 8edd8a0d87fa35e9
34427 bf2229a7e5d3d95f
34428 51ccd1579fd18c1d
34429 81eb9c725e73d0a0
34430 c04df0b0a4a238f1
34431 3050352bbccf3bbc
34432 6416d969fb1f7ee3
34433 e7efb89ec97a18ca
34434 83a09b7d1391eea0
34435 00edb90408b4989e
34436 1d2ffdbbf4106e7b
34437 1f29c3450082234f
34438 9807f1bc45d3223d
34439 835897056219fe68
34440 1e246d01f5123850
34441 3e0f4aa06627975f
34442 6ffbde5a5cc9dd38
34443 34726a65ff8caf6e
34444 35240b15fd23031f
34445 1728f9a9bd6d2356
34446 69f7cbb536b79e56
34447 3157ba180ca52b37
34448 4761ee0cefdb6299
34449 39184d22435f0c50
34450 40f7a7d9c64cac4e
34451 3f624a2a564f196d
34452 41bdbd198edc94aa
34453 9dc6bf7fdfd58d22
34454 ccf2f463d09f807c
34455 275dd8b53c8495e1
34456 a327777798c6b10a
34457 4a5fc9061f858a83
34458 0fc3d187e39c865f
34459 e38893f77b44882a
34460 ea13a462c8ecc2a0
34461 00979b4dd676766d
34462 03966c42f73916b4
34463 5f7d7e059419c8ed
34464 37d519dbfb63dc58
34465 1c09e88a947a1f48
34466 ef68ca96965603d5
34467 10e9b2374790bb87
34468 c51476ab97350db9
34469 e8ff8805b115faa8
34470 3193e2a0475367b4
34471 d9e7d0dccae1f993
34472 25c84f48baf0e299
34473 2ef500bb8743295c
34474 e4e18c8d97f5ac7f
34475 9bdec2dc1ee6ae0b
34476 400bb0f5a9e3d5ff
34477 db094692c2b3621c
34478 54695aa522241bf4
34479 e5eb53afae20b84d
34480 efd2a3213bb752be
34481 7799d87243dc2042
34482 b76bf0ca8a0bf3dc
34483 0f5bc56bfd15d899
34484 7fee4835ae2c8f29
34485 36929f3176fac8d4
34486 7ef711917ddd8a38
34487 6c2a50f5f5cc1024
34488 04c55110ecd49966
34489 41321dbf7fe4addc
34490 b29cbff804287616
34491 f081a16fbddb1d99
34492 9c7e916969185ec7
34493 25f59780b031b16b
34494 2831a2ead7ee23da
34495 0b991eecbad34117
34496 38a1de86418efd77
34497 aad578e39ec20d82
34498 62731ec1e6c91751
34499 2bfd8c32284c6c29
34500 4d7bb1d61f973ff2
34501 ad2695144613437b
34502 55c41bc70ae0bba4
34503 f7bd417776c2d40b
34504 053be172fffd7684
34505 1178114c6bd88001
34506 7a5132ced493d9d2
34507 f4ef1dc7fe030592
34508 0b7370b91a004d7e
34509 a62f1c93c3c9af25
34510 dbeb40050235d572
34511 ad30e6478580bedd
34512 b96560b182deae5f
34513 a1890d38e1ccf163
34514 6f1e588291cd80fa
34515 5b98f0fd6f5851e8
34516 a4921b6b3fa70f6e
34517 48be24363172ef77
34518 7e70b028b8283b79
34519 f4326f26f314d8d8
34520 afddb663f7498008
34521 74f2d077097eefae
34522 05b964f5f6092dfd
34523 8d3e096a56d32a87
34524 166271e04ac89e2a
34525 96756f8f2e81825b
34526 9d4103a6a5564f3c
34527 48ff1785489c002a
34528 f0ba9ee10461fdf7
34529 bf73d37fd4a77b69
34530 8ebcf9c26368aced
34531 3bb0632f9ab41ad5
34532 6d21bb232cc68ec1
34533 1187a86ea430e840
34534 03e5ecd01259e36b
34535 39d43b64433206c9
34536 06e9776f52eea0b3
34537 f7ff3ca30479e540
34538 b34d970b1568dd60
34539 0c37e4a7421e2be4
34540 04d8d1877503be7f
34541 8432dd80457b8977
34542 a360d44c774a08aa
34543 0ab5296661dd8457
34544 899d9b2d60983b5e
34545 9fa58511fc7dad35
34546 630a1bc36c9f6c84
34547 81e2a33f10686070
34548 c92031bafed74826
34549 da8e180a1ce176c0
34550 d13a60caf7ce0872
34551 10d5e61639209e0a
34552 3bf9b50d094c8109
34553 e8515b64c2190ed1
34554 0f39eee0f1b61f63
34555 9e4bc86ddd20349b
34556 4c3dbc10061d89c4
34557 7592391460a1ada3
34558 347d94dfa2316ccf
34559 ba5c685070a30054
34560 f15150bdab82a409
34561 44de435ce78c832c
34562 964038db07c7f5c9
34563 39b17feb359130c7
34564 3e427f2aa267e7cd
34565 8528ea2f8c0ebd8e
34566 873c7a609fca1612
34567 38a6425b42954fde
34568 2e03b908d27e194a
34569 d2b29efa787aff2a
34570 ad8bbeabb077f4ac
34571 546fabe27422c534
34572 32a7e2e50b0a5938
34573 96e3f50ab2d2fa8d
34574 92acc8064d117bf0
34575 3580531d48842151
34576 c3585f53ac91ea27
34577 7d862b715b4834e2
34578 955ca8561633c5ed
34579 237706269c6efbb8
34580 d84790cce365c463
34581 36ba94832dcadb9a
34582 574653ee2bfa70c8
34583 1cc442d1e736db79
34584 7f1b6fd75ee5c84c
34585 2a2d9a71d034c6d9
34586 601ddbd815076c85
34587 a68d86a79ddb7990
34588 41dfc59120f6adbf
34589 7123b09d00364f3c
34590 32edb61c8cc4fd92
34591 ece5bc0ba52c04a5
34592 beb54197d84792fd
34593 11f78f447af5dcf2
34594 28be7aef242bba05
34595 6451e7cbf610e420
34596 479bdfb2f8e1d752
34597 11bfb7d17ea0b872
34598 5a79fd00463eaf1e
34599 630aca872424a0e6
34600 fa95df8aab3e0cd0
34601 56f38db920910c46
34602 95b760f074ae71fa
34603 f2d77b507cd4567f
34604 bc1181fa0e240443
34605 88c8bb49776b06e4
34606 3ac432d90775089f
34607 a686f5949b678250
34608 5ab7c9c19d822e2b
34609 5222bf4184a5481f
34610 79b29c14f63c0965
34611 4441054a6da04141
34612 b4752fc21e726b2f
34613 10f3fd0718041f0d
34614 1a35b0c653dce4ba
34615 c5551823cddf41a3
34616 a00285d41b64d00b
34617 eab8a22e34c83b2f
34618 64c87d1317be14c4
34619 16229c4b9226a119
34620 6c2e69d41fa43e8e
34621 917382182167bd57
34622 e702701ca8530859
34623 9ccfe65e685842e0
34624 5f7b335d67fc75cc
34625 90c7ab1e4095ffad
34626 fe5fd19cc6a6369b
34627 a8bbee0e927463e2
34628 27aa68543ad82889
34629 c65c807644857aaf
34630 49966a612a1b9879
34631 2bcb3313a2518e0b
34632 aa2e36e69f4a8351
34633 b70eaebaefb2a0ab
34634 2109bc4b452ef44a
34635 9942c67eaddddf61
34636 910364e34904b61f
34637 c21de52284b0907a
34638 468e75e5adfe9504
34639 6c5aa1b825ea4fa9
34640 91a3f4537d531ef4
34641 7658645798c78c55
34642 55e4a6d608516bae
34643 afbc2574d86dae53
34644 298ae393980f5dcf
34645 f9a397c7e7c9b942
34646 1e65f96d4bd3cdf2
34647 1ee11e65ec893254
34648 491c8ddd34dd1c2d
34649 537b0b31ef044772
34650 1ae47e700b2eeaac
34651 0cf866f6496a3da4
34652 343e40bfede12e69
34653 bd812c156e2f2f27
34654 59fbbd9269a246e3
34655 443a310bbb382ccc
34656 dbeed32169cd69be
34657 fc3bae857b643b86
34658 62516464b843bdb9
34659 5ed5430e93019f50
34660 cb23a53e46fd6572
34661 23271f555b1caf4f
34662 d0258f08de3ed403
34663 cddd30b9aaa49ed6
34664 aaffe5e1f2f4ab44
34665 1b5f03640255c265
34666 d5d64099948d27f3
34667 e8c3c10b8dbcdf2c
34668 e09721c13c1710aa
34669 8bd496843407e52d
34670 f276933b27584279
34671 36247b61ef7dcb2c
34672 50189af947f37510
34673 d71346486cee869c
34674 f448e1702d285483
34675 24f14ded2273356b
34676 3cff45ab16df7047
34677 e60d942ec44be4e1
34678 01f298a464d4ac76
34679 58b8b76efa447f76
34680 cfbc5ed66ffde73e
34681 83e789e8d0ed6801
34682 1c6b607a6fa6650d
34683 43ba8fbbf821af89
34684 f478d0493e8e7e77
34685 5f3bdd997ba03a90
34686 2ba68a1ca518a4a7
34687 1f98169257817800
34688 29973fd7c471f6e2
34689 85656a7b78792b40
34690 b9cb5621bc7388dd
34691 73fba82d03148cc5
34692 4f7ccdbc8c993566
34693 0f47cd2f074ffe3f
34694 7a5408e0473f7b7b
34695 ac731ff56b25151b
34696 66187a94d2a1cde2
34697 eeaede921ddb2d6c
34698 e0d9d51a2085010e
34699 6b3eb2c48de3051a
34700 469d37b32877a175
34701 2dc84433f70318fd
34702 88922368122a3e72
34703 96f5029e5c0310c6
34704 d55efab9c5a5c1b4
34705 0ef300a80176b0f9
34706 7e6ada09c6c89aaf
34707 fc6fde1b79c4225d
34708 0d7f0919daaffd41
34709 d0b529e0d5eb1ab7
34710 820afe4255a70d47
34711 0eaa19efca470373
34712 b49e2f55305a0856
34713 97e210fde9ed9dfd
34714 94a2416069ddf5f8
34715 142ee17582a2890b
34716 f904ad824207603e
34717 0ed51beb01f95e89
34718 5d7ee878b2f70024
34719 0f2a76930fee1e7c
34720 ea0dd77af90b59de
34721 488cf17ea5a5c818
34722 4b66a1fbb5a9e797
34723 ce79417edbb5fa55
34724 37f50c070af573f4
34725 fc4f27110bf3aa3a
34726 a242353d00364731
34727 b7401b96f610b9d6
34728 053fd1d3b59b2de8
34729 30cfcd8201fafa29
34730 106ca0203267b7c4
34731 89932eb631030eb6
34732 e7ddea6148a10dd4
34733 0566f49914ba703c
34734 d618f6e5084a24de
34735 c5c733d9d794798c
34736 4602bca3af9a2bb6
34737 b7e11e7db8549051
34738 e4d5203de63cebef
34739 9e828f9b7e9d2fe4
34740 1212992c64e87a05
34741 b6ec26f2c70d099a
34742 7f5451508e0237ca
34743 ff2923fa4e314ce3
34744 f26adef3d07a8d40
34745 ac42fa34a5b8052b
34746 d0bbd857b672fdca
34747 e1bc5c9a686109d4
34748 c57483dfbf4328f3
34749 c375a660dba44a2c
34750 98f2afc9c6740b39
34751 32f483953b96ae3a
34752 d8eb9cc583167403
34753 7a64143fc2061bfc
34754 6e3b9e171667d264
34755 118de801f7d6a552
34756 a9751acea22c4346
34757 39fe5ad0dda9e194
34758 8e6a70752b295497
34759 c4d2acd8732de1d7
34760 73da4228d4a0994a
34761 a6f74a1012b1a85e
34762 5447502d9de034d4
34763 5382e00ee696d7c1
34764 a95709e653bfa568
34765 cb0663723ee92532
34766 351bae5f6a791b63
34767 8c6392698071634e
34768 8540d75ae8c1c7cd
34769 dfafd2b161f871fe
34770 e3b8948bb166cd3d
34771 61e11cf10c6b8099
34772 c27e0189e406eac9
34773 e6090add3443e6cb
34774 b5a38f3aa8aa0448
34775 8d943ebe3d183a4a
34776 cf3dda10a1e9e126
34777 57119629cf0da66a
34778 4acb16a6c1232e2b
34779 adf61a665019f88b
34780 689bc4f65966c619
34781 9bd34d21c1108f05
34782 1d501795341cdc11
34783 8b3823bd512b0ca1
34784 f4cdac6626603b6a
34785 e4b52e8fe5ef7376
34786 1d05642977eb699a
34787 e392d01b5fd12e58
34788 85694db57de12be9
34789 3b8ca55e8e11364a
34790 36710d480cb7f01a
34791 8cd99397fada78ea
34792 ff9102f916e1684b
34793 14fe3861a5d52ff2
34794 22311f9cba22ee2c
34795 4f366625c192564d
34796 d4d375b0ee0e619d
34797 4cada4d39df9dc17
34798 7ada1e87a5fcf2ca
34799 049b3c19d642ab72
34800 14c27a320463440b
34801 4d1510662898857d
34802 b047e4410a14dcc4
34803 456beb26e224b275
34804 cc1ad3b456e795d3
34805 91e302cd91e1005a
34806 1dc4baf45fd23ed3
34807 a0e7bd6fea8af36f
34808 836d8f870216b684
34809 56f226f26f98c370
34810 2ef5a8ce1f34a7cf
34811 6e2704014a5d57e0
34812 a03ea5be067455e7
34813 ab2cd356ff6caeef
34814 6ddc37c9e058a7cb
34815 64f19e4bf466135b
34816 9ea4505dad93f5a7
34817 7d857064f26a1815
34818 a9dc4da8c44073aa
34819 e609220dd7a2893c
34820 47e1a9a681ab9c61
34821 364d561a99337204
34822 d6d21af109e4a62c
34823 e62d51d8cf0ffa9b
34824 44fbaefde3b8ffa0
34825 f3627b22c129349a
34826 005e5a29a69ebeeb
34827 1951c69275bb5035
34828 40ae55305d5069cc
34829 19c4c28393ceec6c
34830 4f6c962a04df0fc0
34831 fdd94c92a85c077f
34832 c570e0ab15c380b2
34833 73282d814ab2a019
34834 a11eaa90be2fa825
34835 ae6061ef46ed2d8e
34836 6ec318cd71ff21db
34837 bd1cdaa3715a5412
34838 f7b019946b914075
34839 c18175f3ba61925b
34840 1cded5ea403119c6
34841 0c914fabda2b080b
34842 9c900dc309078723
34843 aff9369fdce08a55
34844 92cb853a94bb8e9d
34845 eda6c750ccdd50a9
34846 7a2472455c0e3b51
34847 b90c806e40c0e615
34848 9a95151d657401b6
34849 70b51e36454f15d3
34850 f2af5f18bec8e389
34851 1aa56019230f1ca9
34852 52458dbd010fd194
34853 3a1768a5eedfde2a
34854 f615097a2318cee0
34855 f92560e42b45930e
34856 1ce4d016e2528808
34857 6afd4ebfc521f838
34858 48ee291102eddb8c
34859 c31e55b1b358942a
34860 672cd6a6ccd16731
34861 72c8bdf37bdcbdaa
34862 54752d00b987cef2
34863 7fe0cb6555242eeb
34864 3c4bb615aa1c3cfa
34865 308df114c1e87aae
34866 aaeb34c3ed66b2ac
34867 4c3a2a838c19e726
34868 3b235aa9c6d7f985
34869 d207cdbed07f2872
34870 bdd9385b1461d79b
34871 901661f70656a473
34872 768368907cc80ab6
34873 b45214237c0de2f1
34874 84ec612d7215c8a4
34875 8aacf5fc1b78828c
34876 b313b10c54ffd7df
34877 e3c3ccd29b73fd5d
34878 b6301c7392c2525b
34879 9cbffbd574fdb121
34880 f40fa438c28c18c5
34881 f65d81d3dc543ff5
34882 426ce391c2bac126
34883 d78d159bb304dd0d
34884 5544ed833ecc7b35
34885 8d3a45986bd8dac2
34886 b3ff940bd5760b4b
34887 83cca43efe0519fd
34888 29dac8b27751d581
34889 25ed42b6a5b43882
34890 75644edc74056ced
34891 e53291d894d69164
34892 9acde6531fb42dc4
34893 7729e73e681592ce
34894 4645c6bd4eb85313
34895 ea7e80cdb1c0f9ef
34896 317017b015663f78
34897 e5e2da5223c8cdbf
34898 1280d25d7b0f54b5
34899 7accafc8466991d9
34900 4e3c596344e1cd15
34901 eda779433cd8c174
34902 f5299f709a522e15
34903 3bfec8f1e5cff4b2
34904 5b46452ea7a2ef27
34905 c9c9932cb1703d3f
34906 85f5ee500ae4e107
34907 7053406430a163cb
34908 fdb3bfc761fbf716
34909 006142d9720b9b39
34910 0482859b5a01506e
34911 44053e7d7daeb08e
34912 66e74b762287304f
34913 660f716fc687c4e2
34914 b86f8cb7b82f7890
34915 7e337a732a5e149f
34916 dd8e49a62097cf09
34917 2427e07004403a9c
34918 8b2ae446fe2da794
34919 e191f1f916009a43
34920 0fc338091173b493
34921 97b41f2cbf471d6e
34922 48188c83c4a177d9
34923 ddfcdd1a01793a77
34924 18a662c266502b5c
34925 09ef24e6a7ba20e5
34926 0d7d173e45191f71
34927 92391de1528009f7
34928 f1029b93b0c9efa6
34929 469be520821c65d0
34930 9b3e1a1225b3b056
34931 fdb3a4687193b77a
34932 412a1b0a7e4fe938
34933 2b806d4cf76863e4
34934 3079b35ee13e006f
34935 305c7e137409abf1
34936 54796e96734674c8
34937 2aff0057b13dd1bb
34938 a75801ffb4cd952b
34939 c9a85b0729f7d99e
34940 c17d98d6b51c3f13
34941 b7b79ca96eb291d3
34942 1de38d364669c70c
34943 f5a280fbf5862dea
34944 9e56a01a0352fb06
34945 2e6b8fb75dbff4d1
34946 e610d062d9ce4eaf
34947 e7cb09f0eb61b735
34948 a4bcedfbe3ecf191
34949 dce160361c333a08
34950 039eb6bdcd6203b7
34951 f825335e058a64ec
34952 87962ad40f78f108
34953 3c44dc28d83ccd6f
34954 a16f7ae73df44695
34955 463607bbde920541
34956 2b0879f4bc83401a
34957 26628ce64b983404
34958 ca191d0e6dcb0ba3
34959 0cb1b6d513e46cd3
34960 e5be55790283d6a4
34961 e532034853cb3467
34962 133a95fe13d770fd
34963 41f6ce93796e403c
34964 02bb2b48bad5a3ed
34965 e0e17f3c88a1bb3f
34966 e719886834be9313
34967 9b355af8a3ecf84d
34968 1b05677628c36795
34969 de88416f0543b506
34970 64bc96499b16782e
34971 99b36f0f5cfc70db
34972 384191df607ddf82
34973 a71c28b9e102c891
34974 f40860826cb70985
34975 b861d79caf722105
34976 536adb9de989aadd
34977 e97ec5221ed3513b
34978 174fa4d828f68754
34979 b35a6fdcf8058c5c
34980 fd18a4f7823909c4
34981 8c02ecd60e3e6416
34982 85dd8d9972dbaa31
34983 a7440d74ba1d2ee0
34984 e2889c1f680d43c2
34985 91d08bf2d64601b4
34986 1e0f2e4394ab0d1f
34987 acfe7ce4fe38162e
34988 c2c806d29908d8a3
34989 6976509cbcf5a804
34990 8c2810d7c0abf708
34991 ec53bf3c705a4c14
34992 2dbab944b6655550
34993 026fffbdd16a3b54
34994 edd58aa469dd5882
34995 c39141ca45ad14cf
34996 ca4f3f2c13142692
34997 ce23c3aee537dd20
34998 bf93f5ec04bebe3b
34999 3d6d84eea4b3522c
35000 37c2875ad5c545eb
35001 74977328aec2f59f
35002 26f59dfdeae2c954
35003 abb31721816f3b5c
35004 b70e962ec32ddb47
35005 51509da8f90c1a55
35006 e3ccfece8c38c32e
35007 2ae0c7bb62d6ae6a
35008 382ec3a4176c3a5e
35009 9c419e1369ad3156
35010 15256b7eadd16249
35011 8f04710fe29ae1cd
35012 1d4d9fc47dbdf216
35013 77331a5f0539199d
35014 c101a78b13b9728e
35015 55f3443d387ad3cf
35016 aaf6fd3ca20d7790
35017 56df067817867326
35018 9b87d3beca955c9d
35019 cef91228a3d02beb
35020 3471b9ba5c94aca1
35021 0bc2e5280a17e972
35022 aba4626d272c2912
35023 a1b48f61f064c88e
35024 271a2c1ff07ee44e
35025 8967f5f93b08f2b2
35026 dc3593d77855d3a4
35027 bfb66274284dfeb9
35028 cbfa287c15b90440
35029 2832a4f3beaf45d6
35030 c3d63419e7e11e79
35031 d9a4b11d9d0e44a1
35032 e5e2317bd363df90
35033 3f10229d76eb7163
35034 b73d3ccfbb1d43a9
35035 d33a0222001a749b
35036 a5b48ac46666da82
35037 0858bfc57e52104e
35038 26122e4d277b980f
35039 e36593160cfc1c3f
35040 dcc42d99b343b15a
35041 2191370bac52e22d
35042 9c5d4be4738637d7
35043 624ec0a382309489
35044 40a2a9e8d98d8835
35045 f8b4e25a49250991
35046 781f59e57509a24d
35047 bd608c720b26e7f8
35048 3f24dea189c70cd0
35049 899101f44e3da9b0
35050 db7d22fd248c42a5
35051 1d85c58bd2e054ac
35052 3bc37e37e0e0a964
35053 42b5fc892a4706ec
35054 2a2e84fdce1a8d97
35055 3607f02123c2c734
35056 77ef4745ab2dde13
35057 8336543045f560b5
35058 9cd84705cde1e6c7
35059 967f8a0cc4bc65b1
35060 0e4cb65f60c582ea
35061 1ef01660e84263b2
35062 2ef1ab46b44b7c38
35063 4b75c6ce6d54d14d
35064 703fff737a3ac683
35065 6cf3f28bb58c913b
35066 38dfead2fb05db18
35067 9681c7ee29600d5c
35068 585bf5ad6bec2215
35069 a2cb2f1fee8f39f6
35070 c2cbe730c77ee582
35071 e77ec38de1d3a2e5
35072 b69b49fea7bb8a54
35073 be0f847a54d69e78
35074 e3e3df0f420c7cea
35075 7117c972ba970efb
35076 2b53aa1c73a72c9a
35077 94b2955308c5b017
35078 099cdc050ca3e098
35079 35e129fb6136425e
35080 c64aefeee0a75b54
35081 dec5f0655217cdcf
35082 0b2651007df33147
35083 12ef5f9433a19648
35084 e6e9c21a7f2ae5c5
35085 ed87affecf523120
35086 c69702ece2b473cf
35087 776c8b33e8a6452f
35088 8fe1a67bcc8d5c8c
35089 f46efbef8709fd62
35090 212897da79bc5921
35091 bf40e851911dd7d0
35092 682d3c8b9aae6e0a
35093 b787cb148020c892
35094 fae03e32fe3dbb84
35095 c3d35d7a7ed3a443
35096 86b2219be30589a1
35097 5d4a79e4c1bc85a7
35098 bab16c79ef48c572
35099 19eeb1848eebe457
35100 070d55ceafab7d5a
35101 e0e1dfe3e767304d
35102 a476663968674d3b
35103 22a63d5b1511c5e9
35104 175f92c0eb267f22
35105 7bfe914ad0731ed6
35106 7eb8a1df76ab823a
35107 41c598cdac114110
35108 d3054b593976fc17
35109 0c6bc5f6abe80615
35110 89461c1b9b5a7a4a
35111 5dc2751efa33ea07
35112 294bdf4cc99e0b5c
35113 2723c8ded918b24c
35114 c74e0a229c4a95dc
35115 c5b5c189f739cdc5
35116 7c1ffc0527abb458
35117 4f1ce04680cd87ff
35118 b228d2c3a25fdb3f
35119 64af7693b50e655e
35120 f25d0886cadf19c1
35121 0c4bfb9c6bca25e4
35122 2538b7eedf61c30e
35123 75b6eb5e673084d7
35124 1bdddbfa375c579d
35125 59b5c869782d8c33
35126 3b829c5a1757bc10
35127 9128e2eb6194011b
35128 cd2390ffc03cc2d6
35129 05eb42d5f598bd83
35130 9c7af8344e652a8e
35131 9d41c1d211d9ad5d
35132 b6116bf457d01762
35133 73cdbd744045a703
35134 fe03f6ba4aee3a32
35135 2e26e5fa2b5be9c6
35136 845b27cc005ca9c6
35137 c7951243014c2c59
35138 0589d12a04aee9ea
35139 59a5f2a4bf8c6dc9
35140 bbdae09a43988aaf
35141 f8f0e3e63ae5c6af
35142 d14f0488dbb1a4c3
35143 1796c354bae00d4c
35144 da3f75b082a034ab
35145 bd2dd0cc7fe0d500
35146 c3ba4ac06add3cc6
35147 c9f81d2c5a0d13e9
35148 2ea6064472b9b081
35149 065c44bd4eaa65e2
35150 3bd90928e09b35f7
35151 21b4fdda33244172
35152 069aea6e9f56e7ce
35153 96ee0c72a14de0bb
35154 b48b4f7eb8861781
35155 306eab45a57e9fc4
35156 0cdcfc44c15b5132
35157 52c20e0eec5269b3
35158 86f7eb7ce372d230
35159 5bab73086f42023b
35160 890e90c725e6b7fa
35161 77c6f79582fc3b7f
35162 7b1e02655bc7806e
35163 220d4918382c393d
35164 74d2d94dbc1e1057
35165 6829e1ce3ee3a5dd
35166 74439633c51b9b43
35167 cf04cab20fe8d531
35168 83db2a88758fddcb
35169 f9c6a7536e6d4609
35170 55692821bfc5a9ad
35171 2b7d6a2e45913124
35172 69e25db98a268a9c
35173 a3ca3ac432884775
35174 18e1a6232c2e1780
35175 c755b7116908a154
35176 fbb75c3b757727fd
35177 7d459523068d8438
35178 a65b420f20799c05
35179 d3e2def028d697e5
35180 13b781e9fdb6770b
35181 243ddf107769821e
35182 2e36d9a451c3ef6e
35183 a46884f1a32bf87c
35184 30e9ac480a8e6bb7
35185 894ae929bdea0fe9
35186 a9a8385d69bf4ef6
35187 637af81fa6cdd6d3
35188 4100ee4529e54edd
35189 5960c9ed2e470781
35190 8173d98ad1ba6bcc
35191 f6a83a12a8ef3bb1
35192 d194ced76d7f57f8
35193 f4ef35ae09907d11
35194 8953dad97c19d452
35195 d3ed3bbeac5df242
35196 68a2a07322f64915
35197 f1d66e07fcf66b61
35198 fd63bed19c0dcc15
35199 42b8363ccd7113f9
35200 86861a3e46f47c61
35201 b4ab2307f53992e0
35202 03c966be18c1b45b
35203 4bd6f33686277cd3
35204 63bccff22dab302f
35205 12e5c4ff23dfd289
35206 41642b992b522cd9
35207 14b3d667b97525b5
35208 d689f7b8daa0ce62
35209 c27e0e8ec0ae0511
35210 fb1ca5f8e3e987d8
35211 0f278caf7fe6c2d4
35212 27920724beaf9423
35213 21b61dfc88a60754
35214 f2948e2427ec4d38
35215 440596a6d77cf40b
35216 3b228b0bf915353a
35217 65797995979b285f
35218 576f770a50a2d536
35219 d548a107e442c2fc
35220 3faea52356e9dd2e
35221 124f566ae87b5094
35222 8c031ae8dfdeccaf
35223 e09b4dd38e32374a
35224 1d1188551cd8f6de
35225 e10849c9576cd782
35226 f03df25fde610a0a
35227 74aba164cfe158d9
35228 a58941c914d99126
35229 ddf5697c3aee059f
35230 e301b11ba3c895f0
35231 b880cd735043d30c
35232 6915c0585d3779f4
35233 e1a4937b5294e04d
35234 d491cc5c0fd1d992
35235 6e2b2a8d7032e4f5
35236 ec0a07845b690ab1
35237 9af49818242ea6e7
35238 b12682b2353ba94d
35239 fb3bb2560d58a48e
35240 3c6ad61f5b6c4ba8
35241 956445cbf7574fb1
35242 bdf32530d20100fa
35243 31800348f26fefef
35244 658d30c552915ead
35245 c26cb4c9e060f7e7
35246 2ce4bf38b1dffbd3
35247 4b5d564db058c260
35248 ab960e6c8101518b
35249 b069f57170461c36
35250 7894a5ac7a3c805c
35251 8448cb043874b7b3
35252 decd2fb72369baf9
35253 fb644bee1b4f0b09
35254 59123f5884f88214
35255 fbd169c1c7efb78c
35256 b76d90475f07eb68
35257 d93eea85a0ff53b6
35258 9b474f9fd0d8a689
35259 08e8d9e69142982a
35260 e7823d1637de00b1
35261 89a6c6f162361d0d
35262 47ad776ceb539af3
35263 dff4e8b42562099d
35264 aaedc79a8557bf30
35265 23766fc6b9bbc520
35266 7aa2b64a3cc91597
35267 a7f2ed341b54c230
35268 0e2dd4003c3c3de4
35269 ca7e9a5516cfa99f
35270 4bf4042a30e26331
35271 090e15fe8f9a7869
35272 83482a60e8524353
35273 c3bf08c1e189f6e7
35274 556eb00d1e32f170
35275 9f41d98b2f489c0f
35276 af6b338f4591da77
35277 b428ca7c08d1dad1
35278 81791a0d34bc6a48
35279 2a71b63c5debd499
35280 ccd5b98b226c9b3b
35281 3c167aa164577e9c
35282 93183c99522f1294
35283 096497b8b158d3d7
35284 d8a787bfcffa6cda
35285 97cea0d2cc9a9c80
35286 6fb240397d1973db
35287 dbe845c55dcafc3c
35288 c6a0c01352bb387e
35289 6d1786e47c3a36c9
35290 bc927ebdb4bb3bb6
35291 92c470ed59a23935
35292 8795f507643e1914
35293 f0a9b59fb26e6972
35294 19978660767d161f
35295 0a7f4eba427fc6d1
35296 cc5130194eb2d64f
35297 43f1315a0d3684f8
35298 d29528d46d05ff35
35299 55d40ca06df6a5c4
35300 0728658cb2d9ef40
35301 722166ca17deae98
35302 82774a9b8530ebd2
35303 daf5ed52ebe63fd6
35304 3fc03e5ec5b050aa
35305 5db1659ce2fb704a
35306 d43bffb882443a55
35307 724ff19afbf7a3db
35308 e6e938ae73a2e005
35309 99dec071b0a2589c
35310 f8946ece5a2fcf64
35311 93a94fcb4574c277
35312 37a60bd7150adfa9
35313 1c340eec84b28656
35314 88c1cd54b1ffe94f
35315 ba36877f9c1b4dcc
35316 a0337cd1c603e14b
35317 1ccb91fd9f8d97e0
35318 e0cf9015b2b1247a
35319 f06ef901708e9e76
35320 0695051c12318763
35321 bf0c6f065e8590c4
35322 3477bca4a8fab5f9
35323 27cfb6ce5d542e8c
35324 ed5eee6560ab7f98
35325 378678da2b55816b
35326 db02ed379d030389
35327 6dcae8f4cb186f0c
35328 4f1c79d423842090
35329 a3e2a0d4bcab3d4c
35330 c3c2cd457a7521e1
35331 4bcef8cbca3e5a85
35332 b01111918beaa998
35333 536ca7b8b0f8b25e
35334 d759b4ccca431e6e
35335 435d5a1894d53477
35336 9914ff5b91df3649
35337 12389f1f8621edf1
35338 52c7cd457a48caa0
35339 d2a5cb8de64d1007
35340 9556dac7316631de
35341 c7a9dc7514e1d1e7
35342 cf8b8b525d0c84a7
35343 f94ccc087c912131
35344 245dfcc0eba8794e
35345 df01c7334944467d
35346 e3041d755bec0f24
35347 943135ba91f4b888
35348 5a4f8c01965a83cd
35349 0f6130cfb3e25a18
35350 4e7df4ea125dc665
35351 753fe309bb91164c
35352 18a1eb002607ede3
35353 8d868285b72c230a
35354 a3350c2ab4467567
35355 678d08f292cb4b16
35356 bd33b64f0cf541cc
35357 edac091015025f4a
35358 3e4c155a2034f2ac
35359 87d3f86bffd316fd
35360 e1b54ef3c97bb51a
35361 1a36831008e96c08
35362 9e0880cbf1efd4ea
35363 2b018c84428dc283
35364 d5b45febf845967b
35365 85434ce7ce4320a8
35366 0b7358afcf6ffbec
35367 54b1319e7884885c
35368 95e8f969f49bf709
35369 83ac28c4d14d642a
35370 442ac6d1ac21e202
35371 d5315648056eae7c
35372 d8331f6311fc463a
35373 d57fc21a00df7c14
35374 06c14e3145237435
35375 24dd2ea18c0edaaa
35376 bda1e7181abace1c
35377 b308d6a29711afec
35378 2bade735b89edd5a
35379 1d1283b654a1ecac
35380 a624af49b22fa76a
35381 354e6faf2883e3c6
35382 27be97ae03e0891c
35383 bb1e5ecd34daac3d
35384 ff410f3cabc6b8f2
35385 b014e0a9c2391aef
35386 15d12c98120f039a
35387 7a95e3025ad99fd5
35388 a75eb0e24e0004bc
35389 633e2ad7275a8e00
35390 07f512bb067693ab
35391 95f4d98fe2699082
35392 a986653b695e997b
35393 e1ec22cc02beb633
35394 f2b4451ea06bdc1e
35395 595097e07d2a667e
35396 d80c678e08fd53f2
35397 3ab7db36dbf16ae7
35398 85f5de7364f55419
35399 dbac5a98d13a5219
35400 06692fe5e784f128
35401 9918ca2f4cfa9e63
35402 31bd01fb9a2db9a4
35403 a18a0dec5e6d9dcc
35404 29a07f01b3cb9640
35405 4a8b9a53c19459b4
35406 4be366c4bde28193
35407 f8110435287ab07d
35408 a79384a3a15d968e
35409 fb4cc42ba120c996
35410 8554d3bd303c5462
35411 5b8d726435be6694
35412 0949e68648ae324b
35413 1d0fd8f9d20a01e5
35414 f1d9f7301c7f0e6a
35415 3c7c1d0cb5e980ec
35416 1ea0c9c310c87c79
35417 28976c2fb1018ee7
35418 285ff747044c8962
35419 afd086421c345974
35420 11bf41e9cd94273e
35421 f025f4af8d325a35
35422 c80c5ce3d24c2087
35423 b69eb606943db67d
35424 7d8f1e1738155a5d
35425 028779643a29d47b
35426 d34d047a4ff2910c
35427 8462d0286ea182ce
35428 0dacebb4e580a3c0
35429 093d63b2afecb954
35430 37f0972e8c339eb1
35431 5f93c0ef5dec7803
35432 779537b31f540bd7
35433 23d0349b3bef716c
35434 b7ab357203e56064
35435 0a92ab1017609efb
35436 b1c232a14f993ecb
35437 7f2f5dd830041410
35438 152bbf2e1a64ce96
35439 88c8eeb1396f0492
35440 256ad896a11dc05d
35441 45d82a1fd8c6dee7
35442 2e340de0d85b6af0
35443 465a9747aa6193bf
35444 b892d9d51b222dd2
35445 3e9464fc643377fe
35446 897c7035cef83fcd
35447 58bc45a4899c3994
35448 c70b33dfeac783e9
35449 df1931bfd9ed925d
35450 bd6fa49e63ea19a3
35451 e0d3bc64c11ad9db
35452 d6275549971f1454
35453 02ee36ddf7f97264
35454 4ecd18a541cf0fb4
35455 50e3550a33ae42a5
35456 0df411911b699846
35457 2b3748069577d6ee
35458 a3e51380fb2bfb6f
35459 5a7bc2b24a7b5a0b
35460 bc3b4eaa85323746
35461 8b2aa7ad6da2b662
35462 745133ac6f33c057
35463 c0f7c83ab85a162b
35464 67df84f024159e95
35465 7144eafe61c1ce5d
35466 e12884fa21abd9f1
35467 de2c2a01f7ac4d99
35468 df30efeb112b41b9
35469 6d168ff8038ae8f5
35470 8c8504265f58f6a5
35471 6ff2e953eb301f4a
35472 6812466ee275794a
35473 b65781daaec4dfdf
35474 580aa392499db91b
35475 27b2d66d13259dcd
35476 99f1964ea9dcf7cf
35477 a06ad3e1bade0ebc
35478 a77d0c54f4f8511e
35479 d7c3b8a257ca2b8a
35480 bcdaefe3330e4bba
35481 11bbb94f1d29d52f
35482 8a71051b3de2a4e8
35483 39269ecc9f4ca2bd
35484 ac491078efb21556
35485 7e093d3fdb5b745d
35486 b10ac06eaba17ce0
35487 d80ba125ac500527
35488 d380c9dc936ffd67
35489 497c0aef17d7020f
35490 ff6f0cf20bdb07a6
35491 c6fe2e135dee3a16
35492 cf8d8bf1215e88ce
35493 d6da40ca773cb158
35494 1c2d8ee847c51c12
35495 4ca4bb283a63111e
35496 825e52a822b0ece0
35497 023a0a5a65dfd534
35498 b28c41e1ffe696b3
35499 e6c5aeb626674807
35500 fb813e54fcabf069
35501 22f1adc6709aac58
35502 7b33446d77299cb2
35503 6bbc6e47b8bebeee
35504 554c77e83885cab9
35505 a09a4498ff9e8425
35506 e92f49d46c1973ec
35507 d598ca7ca1084317
35508 7e5e155b8ec81370
35509 9da852495e434fc7
35510 45eb8b285f2fa198
35511 ec0952961c673f8d
35512 046cb8000dace99d
35513 18cbc588371f7a3f
35514 ccf187c42dd8d1bd
35515 7a76af7a16a32e79
35516 ddaa6cb0061bcb5e
35517 5b3edd6587e2e882
35518 66f99034d6922722
35519 c9e2ed9f25d2a742
35520 9e29454db592b8e8
35521 d706f35831903383
35522 1b834053a42bff02
35523 b11c5f2066b51a45
35524 8ef9ad4e28c54ca4
35525 c0f9bafe02487aeb
35526 f020eabbd0156fd4
35527 5b5de18f72e49ceb
35528 4c36ae3728da7f7c
35529 241720bf71da2ddf
35530 4d8cb69f2c56f0fd
35531 7d4f97b389fb4e33
35532 643a5100290fe24d
35533 995bf7ea889dba97
35534 cc9432340a91fa0d
35535 902ba21fb8e2d9d8
35536 367d5af6b90fd9b3
35537 3d7754dc319dee36
35538 90118e64e5e37633
35539 80e3a1570225ac7a
35540 6144e9eb238d3a78
35541 4c5957626a2f0c5d
35542 1d83210682700c79
35543 1aa1ed9c37dd6ae2
35544 f10f449e83f9e4fc
35545 79e1f71cfc70d4fd
35546 13f447fdaf5c15e5
35547 d18ecd42502e2ff4
35548 57eaacaebe94e7ea
35549 168b401ac1718753
35550 144bc67375e03d5a
35551 7913381e46b9c503
35552 fe6598469d8c33a4
35553 dbd54cfcaa5c0f55
35554 7c99d75fbdaa87cd
35555 f9a03afc03d6123c
35556 d555314006633c33
35557 f37c6554ee007dca
35558 8ccef17dbaf5fea8
35559 0b3bf8e8dc0e375e
35560 333456c646d52593
35561 a8bb21455be3fcda
35562 268702ea48f56a12
35563 62282748765f89b4
35564 d099417ab1febfec
35565 fd08c2d17cfe8b10
35566 12ee5ff4cd1c1770
35567 8800a7ce816b5cdc
35568 8a67dd2dcd422225
35569 84c5b723bb87dd17
35570 e15fce4ea77b3b59
35571 fe602e31b17b9e42
35572 2cc5a726293818d0
35573 244159d2dc15ec17
35574 9c460416b8f0a21f
35575 b6e4478811de2dcc
35576 62425c1d06a0a197
35577 bb2df21c66f5a728
35578 f6f70c51b9a69cda
35579 bde041068d057711
35580 d8e283e3ef2abfa5
35581 82f18fefe00b9fea
35582 4b25fbfcb465bd41
35583 4dfdf1e943d9f7ca
35584 32587ff192d05dcf
35585 a550b76429ed9e40
35586 4dd4582e770a3032
35587 34899d78729ea3c9
35588 3a7e82d2b6e28851
35589 e8dab8d7aaa6170e
35590 ddd6ea004494e4ad
35591 a24be0c9243ac0e6
35592 8ac07e8f808776b0
35593 0dc9f095bbb7f84f
35594 660f92b0b911504a
35595 ff28cf4949caefc1
35596 3b698db62aac72fb
35597 3ebc1fb5419d53ec
35598 3853763e33073137
35599 44cd06b156719904
35600 7da52b7342e8a371
35601 bd087801a42bacef
35602 96f756377e5c748b
35603 dd8b0ca56314929d
35604 998642ee51067f6b
35605 5c2303316c84d9fc
35606 51d45ec8b3758b81
35607 8143f941439b600a
35608 bb9c02568995d420
35609 2d901e5d9e42675a
35610 f1450ad377dd5ee7
35611 3b315d3e11b69e9c
35612 c1c39fcbd5ec3224
35613 2cea20e665078133
35614 f3b8cf88c869a1a0
35615 5afceae3122a5a7b
35616 e3254245b12d0a25
35617 90ea20dfa2293e1f
35618 a70688f55534627f
35619 725407f7e7b4f114
35620 08f5448e5a4829a7
35621 d4db910c2c3e6268
35622 15755160935efd25
35623 be8399b2660e3826
35624 5fef936ebf0d2ce0
35625 876852ce620a12be
35626 fd01a5c5c50babe3
35627 060758974c0e86a0
35628 71b020357f9b5428
35629 00ed237363cd0f8f
35630 187aaeec0aa0e884
35631 8f13615840bc85b7
35632 9749de446034cea1
35633 90bcd29c372412ff
35634 4572bef049a40422
35635 22f40c978004e359
35636 6a22410ea90ef4b1
35637 b01eb1f5d832e89e
35638 096ff5182c97ad79
35639 1ac9bf45d01fa6c2
35640 f55c819623270e07
35641 d29e7314b2542318
35642 dba722e40aee3d86
35643 e4ae596fb66560bd
35644 be15bd443096a41d
35645 7e9aa5fcdee6f8c2
35646 c2bd24790dfda455
35647 9e03da7312ae0dbe
35648 df7a5e1af6548ac0
35649 5db68cb2f183624f
35650 143569061f789dab
35651 04f8fdeb3f2fb4e8
35652 a5ade2aac7f51ec7
35653 72b152aa25d4dc50
35654 4a83916ee6e94c5d
35655 3d458ce700e90426
35656 f631c4f66eb9b7f8
35657 694fe85cc749b287
35658 3b7dad2a5bb190a7
35659 7f631d6ffba77a84
35660 b3a8cf55f0cde12b
35661 c95d53211941cabc
35662 45f238ed69cc7ffe
35663 933733c9090e5658
35664 f1bfb1abb3a1fac5
35665 df970983266b7e9f
35666 09fc6c6b3626d789
35667 8c2445adc4c08bd2
35668 5d524ae312585ce5
35669 993e5fc4aa22cf6a
35670 7b1dd63f8d4a9def
35671 51a986c9a80d49ac
35672 31af8f4835f7e588
35673 e398b30bf4c0b5d7
35674 1b024a47567dcf31
35675 5b13c8d3d99caa7a
35676 ab1829454427523f
35677 408e5234c27d0628
35678 1fc97b9c2666b782
35679 df539a5c13708739
35680 45bf84ae90424c9c
35681 a6e079355c1ef253
35682 7d7712660ccba0cb
35683 d52abcafdf53ca88
35684 dc7fc2fd6e0bff43
35685 9c81ed0bf2d67b54
35686 e0d7b85c2b3b5c1a
35687 7bd8999a02746e51
35688 eca4b24f35360cf1
35689 51c3a8138911be56
35690 c2f1a83469d21ad5
35691 10c3658853abb13e
35692 1ac377ce7ee6b58b
35693 bc2e31e2e6dc569c
35694 9d84f9fe9d5fd192
35695 002d744bbb66f149
35696 3b5abfbeeda28e8c
35697 9aa81ac0432dcf43
35698 7382d415bbfeb8fb
35699 d2ffc11155090f38
35700 4cdee650870ac653
35701 d3ec465ba67892a4
35702 678a76501a5bf06a
35703 16af98355793eae1
35704 1161b85482502a54
35705 73fb561d7077862b
35706 c6de332913b86a33
35707 4d7731af35a29b30
35708 20a90c075fbf1d9f
35709 6bdf9cac14027b88
35710 e5c9e80ef49eb795
35711 99501cbb8870d8fe
35712 d143f8c905b77c00
35713 f7d1424e0cbdf18f
35714 42346c37d9f49fef
35715 45eed3880fed24ac
35716 b1efc48146523123
35717 b2802708528557b4
35718 e52819afc633213a
35719 68093e7c80e25ef1
35720 defdeeb1bd5c25e5
35721 ed6817f0e05282c2
35722 5fe8023dc7a2afb5
35723 f2f9ce8385b8809e
35724 d8cd36890961166b
35725 de46487d30171609
35726 05b86dda81cca05f
35727 9c70692c3f2722e9
35728 7dbed3ffbca7bd09
35729 1771ad06750aa24e
35730 3958ceeda4fb1549
35731 422f4a9eda527792
35732 0b57cc5943cc1a60
35733 6d675206e20257d7
35734 3e424e16a4debf8a
35735 94431f0574d34601
35736 612b2c0e1ff958a7
35737 bf26aef908c594b8
35738 46934fa966b7fd37
35739 c4855535e9d61bd4
35740 bfb077153ebe27e9
35741 d7495b098af39696
35742 ea273eafb79154c2
35743 57431feae2badd79
35744 ad27a9979268b20f
35745 6e07f9fd4d202680
35746 97a4de3f4dcc626d
35747 b229809657381136
35748 9193ea968b3f44ec
35749 abfb33d39990be9b
35750 531a76c4dd437cd6
35751 eef283717953940d
35752 c656315affa25c85
35753 08227c01f69bc1e2
35754 30a3350348950441
35755 5413fb323fb498ca
35756 80c8322ded06b9c4
35757 64cab0fc2999b073
35758 5d9702f12fcbc153
35759 13228fb20071aad0
35760 2f5c4da15f56a21b
35761 5fdf79b7153e6bb4
35762 6094504394fc67a9
35763 f8504a89296ac572
35764 6bdcb46a5c72f3bc
35765 a13c757c0ac6122b
35766 3c0c4006a8cb0ac6
35767 ffa69bd4c1f28dfd
35768 d0d540b91e617335
35769 2371455405e284d2
35770 753350a023ea4251
35771 10b23caffed6621a
35772 52371572bbc4fb54
35773 4ce1faa193fd2443
35774 839ade83b01de20e
35775 7c2b7ace484e4de5
35776 aedefb6e820f21ed
35777 b693885eeeed6daa
35778 510a70a56442274d
35779 d4220fbf5eb8ce16
35780 0413e7a0e04b0563
35781 0d93eb478b00f6f4
35782 c8b07271da01e87a
35783 a2ba4557f156c131
35784 e6fdfabeeb0f4211
35785 47aa469e291c75f6
35786 93de98337364b5a1
35787 a484b5fab95c8e27
35788 831b604a1149a541
35789 cb93ab141d47d013
35790 7adb78dee3c01357
35791 9960a97934b1e774
35792 8aa521150b0c487b
35793 137fd4889d4da294
35794 01238bfc779e8a09
35795 e024b51eee79ff52
35796 52b10a9788a25c5c
35797 70acbfff92096e4b
35798 702828b0e9a6c96b
35799 06d57f63b27fc6a8
35800 70bf6d3f3574fd67
35801 66a8e4c9f1f4aef8
35802 04d41ac70edc090a
35803 5f6b5f8946ba6481
35804 2aad74959e509174
35805 74f6d85091d5e2e3
35806 5c5fd1fc010995b5
35807 bb09b48ecb11269e
35808 9a9f3df90109be59
35809 4ad26650d1c4805e
35810 18e7dfe25e2a2a4b
35811 4c6ee205530d2308
35812 bc5e80ccc4b6832c
35813 fc21c1096b3b06db
35814 7f90b4fd13729ebd
35815 424b6a8dd82d9386
35816 15c28b8a185801b3
35817 4945c1592e7ee42c
35818 bc579441ad4e45f6
35819 11d92aef5018ee2d
35820 a21a8e4f3d27b0f8
35821 006d486df3a2954f
35822 4add039fdbae86f7
35823 66bee1cecb525094
35824 3046827223989edf
35825 1be2bf6946489150
35826 d0db661c56ce1e8e
35827 da440733591ebc65
35828 cf269f142937cfc5
35829 889ee6a82e7fd84a
35830 7882c968b0004eb9
35831 368bed045b363d02
35832 b843f165546947c7
35833 3990454d4c0b63d8
35834 4e59fe7c540ec646
35835 fb77cd7395803f7d
35836 4a01ec08270f9be8
35837 5ab08642333171ff
35838 80f7e6d50c8e1027
35839 6b8b4336fd39f404
35840 dbf070f7dddb8d2f
35841 10c90afd0883fca0
35842 a5fd268c24bb815e
35843 fde5024f519b2275
35844 e996f9f434ce5cf0
35845 14945980ec05d667
35846 125b715a4a8763bf
35847 973399548457cbfc
35848 9e14d360fef80b13
35849 d8b3777b808d4771
35850 0e3311ee6dd5e9c4
35851 0770258d0668cf6a
35852 18af21ba8f9c0ca4
35853 a7e0d26133431a53
35854 fb162ee483de3373
35855 3749c11731cb9870
35856 31a5c9680064813f
35857 3d5bd37bb36b3130
35858 c7f1a1118f7a86ae
35859 fce48676b2ba1405
35860 71e8a579ed061911
35861 d6789adcf1eae6fe
35862 950b96b699281719
35863 58bc6f5348861be2
35864 c30acc5553d255a7
35865 abadecbc537c2838
35866 47b2b91d9b7ae966
35867 b391527466c1369d
35868 16a1d2457012b73d
35869 f5f57c10e8a7e140
35870 24380d14a2b04e0d
35871 727f07aea892293e
35872 cf5224088ea8eeec
35873 6ed9a07932e2db23
35874 27f6f12763ed57de
35875 ac67939cc70548e5
35876 eb4da6798abde553
35877 6f7c79e95a6c31c4
35878 99ae196dcc99b1df
35879 0e5f5940d8bb90ac
35880 a7c6c26445452009
35881 8ea208c06611683e
35882 916ac905c886f096
35883 f055ebb764c1eefd
35884 8e316dc57041467b
35885 53da4a9c707d416c
35886 19cc1a217e33ec26
35887 1e36a10852fe715d
35888 a15564673b33053f
35889 58c9773aec1d1905
35890 ed65251b1e249065
35891 cbcac635fb4d1123
35892 dafb5d3eb4e6a24e
35893 09265535585d94b9
35894 b538c92347a7fd34
35895 25a0e58870b0d80a
35896 3cff9c633cf29e72
35897 209b8e456eb90aeb
35898 37784dfbf7314d1f
35899 128e5f51fd19e094
35900 bc20874446a376c4
35901 48049177fbaf7098
35902 779b09ce12515021
35903 e5f960761f3614e0
35904 36c42aa5d32878f4
35905 af13b32afff8d633
35906 e259d85cc2e95e80
35907 76a873079c6a728a
35908 9e0c314722c3421d
35909 ad3fa1aac6a4b531
35910 3d05aa6de5705834
35911 a78f8b5c90d4a920
35912 fdf2fa82e169d2f0
35913 bd07cf081b86ec24
35914 30ba67b9aa64a5ff
35915 678a13f0da4ff616
35916 255dee10ca712e40
35917 df8d6da02227c039
35918 01c8d4c9530d9560
35919 66a1fd884cfe2759
35920 05d449140fe8c6d6
35921 70710a0db60ad3bf
35922 df6208f5e1b2be53
35923 e1832e54e56bb7dd
35924 6bfc2318eba8456b
35925 44cb84ea786aca3a
35926 612aac8288292373
35927 7ae395fdc40edac2
35928 d5507284a2bc9fe2
35929 3b478fd607024a13
35930 aa9c85a096c56c2d
35931 12e95cb1313f4a7c
35932 b643b2f08db29e39
35933 af4c8aeb719b0ce8
35934 21af9318b9f7e74b
35935 c573e3d9d3d3cc9a
35936 5289c2d5dd5d9fca
35937 49e28541e255c77b
35938 405040ac4fd9a7f9
35939 e47c7a6943339da8
35940 195779c907d3f155
35941 0b6bdc4a3e2af9a4
35942 fe4872776e303834
35943 5c5750e92e26de65
35944 2211a5a81f661c82
35945 9ff3cc2b3f258333
35946 ea2db0fec13fe6d7
35947 2534bce9530af6e6
35948 497d79070eb9af23
35949 3b1da161cae7d3f2
35950 3976787f37d688b9
35951 dcfde17d2ebb0a68
35952 0091db6a5023a79a
35953 c704903391784b4b
35954 daba97df9db8c6df
35955 85a9093df450ff8e
35956 f3ccbc1a9b6c4eb1
35957 4b3507be89252500
35958 e64ee9972c18de08
35959 f354411dfcc21859
35960 c3dd7f4d8e1bdba6
35961 f8ddae50e1d7a197
35962 31fbb9d66cab049d
35963 59b817f5ed8de2ec
35964 795fa156d686d16d
35965 442147e5bcab0ebc
35966 3cfeb52d378907c0
35967 1401eca7f9308b71
35968 6685a388611df887
35969 189d8f07a6527a56
35970 9c9aea3f3d8d2353
35971 c08091947ae30722
35972 f4ab1e6838a64575
35973 fd8b07f4deb84009
35974 97438aee16750355
35975 2b2c2b816ff61729
35976 75d462fbfcae7196
35977 c052c7cdea515bc7
35978 2eedd55e88b6948d
35979 9dd6ff6c8d291bdc
35980 7340b2886147277d
35981 be8b3dbf4b3ea3cc
35982 52b51f076beca150
35983 17e4aad2452403c1
35984 e5236c0d5e709fde
35985 ca6fe065614c50ef
35986 2fc6d32cec2343f5
35987 34d49a1f56684344
35988 cad40e3aa3a34b91
35989 7de427ff1152a460
35990 9521b5d05f27f543
35991 f4de24065f3a1812
35992 c3f19f883a72bc32
35993 c36a714f6d40f663
35994 d890fee5cbd788a1
35995 c480777f723d5730
35996 49be04880ff9560d
35997 150b41fb0c08215c
35998 e869f4947e13c620
35999 b6261e32fc9a4751
36000 b4b99d3708752c23
36001 9144b820e52e6ef2
36002 19ac1c4cbe97ea33
36003 3bbff422fc5e2182
36004 6a3223c28b1cf555
36005 fd0cfd963b08d0a4
36006 7f693658297560f8
36007 bc7b7241755e3a49
36008 02984a65a605705f
36009 61830cb4c1c9ea0e
36010 c4c6e9a360887a57
36011 27e7d5f5799d0766
36012 7efe4b0d7973277a
36013 37710d94d22749ab
36014 fa4a9308cd12dff0
36015 570848687cf38e61
36016 116afde3b9124276
36017 85f25d0def4cefdf
36018 281f8c884e12ca7e
36019 7bc76fb76d01e007
36020 6513eba8607778f0
36021 8d401700aac50329
36022 42d1d02d7d3f9e97
36023 c1ddb1da8884b44e
36024 a220134a5e0506ae
36025 c249e27637444e77
36026 f5c40d4f8e69b364
36027 77eb4a0dff0bfafd
36028 86781ce50ce41839
36029 fede2baa16352400
36030 5a04947c7fefe923
36031 67e7589833c7adba
36032 ed5bd387d761f9cc
36033 cc171377cebf7de5
36034 1ca4d2b60fc0c890
36035 4066f67f22e5a374
36036 9fbb4e39ff9dc43c
36037 695f3e2ac8c9f2c8
36038 81020239f1defdca
36039 3cf5729d9e7f02b3
36040 31f65d8e4715473a
36041 0f51211a71ec8ba3
36042 1b10dbd613dc2aa8
36043 2d3ff8483a1549c1
36044 5fb1480f552c1769
36045 bad95b80108f8130
36046 67134fcacdca96f3
36047 1c9b5d6a3a19990a
36048 4f9ada2faaebfd1c
36049 b9789e70a257ee35
36050 6d59514eac92df40
36051 d888798832211f79
36052 223275dea4eb3551
36053 b24c60c505419178
36054 06606d4fc137a62b
36055 c330c4668caea542
36056 429f4f4ee5e286b4
36057 53a0ca6f989d404d
36058 40c1ffb229c2c584
36059 57f2f72ca236439d
36060 bde4482002e1488a
36061 1b923603657c2273
36062 24d92b14e5fd849f
36063 42846bfaf2a72a36
36064 1f1c035bdcf981f8
36065 742129609dca58d1
36066 a1506fc985a6aa70
36067 8002f63d91e059a9
36068 17421e37ff894681
36069 81eb4f3299375668
36070 4e2f48d5f81adbf6
36071 185dab4371d5025f
36072 2fd4e3d33479e85a
36073 505c797ae24965c3
36074 f3c00f3f6bd30508
36075 82113f53a0d433a1
36076 54a305e1644fab09
36077 d6e78a2195bb8a50
36078 4c27926d9968f692
36079 7a2f0155f827fffb
36080 0976ae0c33771d36
36081 f394b44a7451409f
36082 f71ac746cbc7afaf
36083 f4a0f4a815d27206
36084 bd8426f592f89df1
36085 a5c414bb95c76698
36086 0aaf2c28b864f92c
36087 4c71c33d3daa91c5
36088 a8ee2e423eb738f0
36089 3984d1a265c8c929
36090 2a5804401dc16f7a
36091 fe1121589a68b2e3
36092 e3db82bccf67f279
36093 cae6f6c0705c6840
36094 5cd8b92483576344
36095 08f5cab532b0b05d
36096 99d006f2fd59ede2
36097 51345bffea2d2b46
36098 c1fe8ecbf93898c6
36099 4b3dc97f0648053a
36100 1efba48e2c9b9aa5
36101 73bb223c8124548c
36102 05073e10293ad196
36103 910387df87ca1cff
36104 03c7a76e767b7e9e
36105 cc98a8cbb2613e27
36106 42d07aadd0cfb40b
36107 9a50c52b00b05422
36108 cec4430b4193becc
36109 d60627a188de53e5
36110 7b7636e8bfd6a2c8
36111 d6028df0f60c7861
36112 d5b36d87d0166f16
36113 cd68c3321dcd5d7f
36114 a3aa86dea3f3ca13
36115 6f325bce18e167aa
36116 daa9dcedab6b36f5
36117 8bf2a425066eb8dc
36118 5a57cf31dd0660a6
36119 16287c612e30cb4f
36120 16234616cf2b5b4e
36121 889f67eae9e1e797
36122 6176a37d73aab8bb
36123 2a55bedb534fce52
36124 5b80c037c7f3a40d
36125 97c0230b6eff6a74
36126 b7f74a1faa6b5d1e
36127 c606dcdfbed48ca7
36128 cf3ee76905262182
36129 698edf2b84ab556b
36130 d060440a6427bd30
36131 04096f46c8f04d69
36132 f2ed9ddacfc5ddc1
36133 84d75230086fc5a8
36134 94aacd9cbae75e2a
36135 79d67c55a6c63b93
36136 ab60f70036dad3fe
36137 6f81e0a228805887
36138 31d864e17b9939ab
36139 e8b73277833de8c2
36140 501ffe66779efcf8
36141 8e41d2734e5356d1
36142 5ca66d4b68079568
36143 686df5fe497fed81
36144 1516a5836a86e7f6
36145 9604ff10e0d7845f
36146 79d0abab8cf5cab3
36147 50fb75978a82c6ca
36148 3d1926a863bd7e54
36149 fefcbdc949dcc3ed
36150 85152569f5ac0dec
36151 738c22c8c9571b85
36152 4fdfa4cb422200a1
36153 2aa2026d2c28e808
36154 1f4ee4c5a083b95b
36155 73faa81ca83842f2
36156 8ece5d1a38af042a
36157 bd58f716e94af993
36158 1e2f1823d1a0b0e2
36159 26a004ed6d40d42e
36160 11868699c27411f9
36161 8af8bb9cc1046465
36162 9ed8f95dda6404e3
36163 995215800c858efa
36164 1b026ac3034e0e82
36165 a4f2d68719ee036b
36166 62b462f4d3569af0
36167 8813afc388519c69
36168 5da4f74c9b2e8395
36169 08522f583d4f3dec
36170 3c6651672d5b5b27
36171 b6b8cdc05b02f6ce
36172 1916c803b6385c98
36173 9e3950e46c6c2bb1
36174 6908f2b2b2e39b04
36175 6a371d545a22e00d
36176 29cb83c4c1d420dd
36177 7380a2515a96a7d4
36178 d6445376d5e0871e
36179 d5f1a56471a66fb7
36180 34b3ae5504dd36b6
36181 01d18351719d89cf
36182 7574f68d4a30f0bc
36183 b674b3f72cee5665
36184 5031e0a13661dc45
36185 74387700fa3be11c
36186 05457f887125a3f7
36187 72a9ae169cbb335e
36188 678bb71c9260ae68
36189 c7e35b7e6324ab41
36190 0c0f1b162a9ef2f4
36191 d3ad7c674892287d
36192 3762627238eaf0cd
36193 b4f4ae329e8ac4c4
36194 671ff7052f4af44f
36195 20300501345b5c36
36196 9149b5655d414d20
36197 8b407f94d19b5619
36198 5fd2ff76a5d92490
36199 f363f04fc3fbfd89
36200 be6159a9530ac6be
36201 546d26e04200e4d7
36202 676dafbe9620a22b
36203 074a5159b1250842
36204 ed66e3460f044a9c
36205 f8c8730dc69d4ec5
36206 16cdb39286a97ee4
36207 3fadb919d95f2eed
36208 6aabd41af80e1d7d
36209 2a0136c17a8f25f4
36210 100da2c1a8667ca2
36211 274bdad839d14f0b
36212 07c3a0d6b7032cd6
36213 b849b11bbab208ef
36214 93247a99a53f121c
36215 a74b4f9d1dfb1145
36216 ad9dd837182d2165
36217 7b949249606e94bc
36218 961f6556ba5f96c6
36219 19d41904937b071f
36220 5df3937975a267aa
36221 f07d194bbd0a7036
36222 b26b73d42187ec7e
36223 fbc8ef0a6e81027a
36224 8de1adcf527683ed
36225 3c0f945746b419e4
36226 beb25e6a2be3b450
36227 b1ab4021b920d349
36228 6b5b04b3c9ffa674
36229 5edef1804449f4fd
36230 9f5dd614b4c90456
36231 c2b11ba040326d6f
36232 c2a4aeb2967eead5
36233 4926c27f2716002c
36234 abf3fc37abd933a8
36235 1b4d7a051e9f5481
36236 18f21522cb50477e
36237 213b8c9df1c5be97
36238 6692d533f4f5439f
36239 ecd4c07f1c0c7046
36240 cf58374464e459c9
36241 9dcbae4f2102f6d0
36242 93dc194c2c1d7ac2
36243 a04e980a8bf1eeab
36244 69c2fa2876c57572
36245 4c4ef257239ab05b
36246 86a876c0e29fa647
36247 90cb0cad638eab6e
36248 2afc454500eecd10
36249 cfd1794677e3ab09
36250 77c2e5ab481b8ad4
36251 20ceded4f87df2dd
36252 c1209ffb0f39990a
36253 b64b303090780cb3
36254 5b4bde94df6a2ecf
36255 88afad63dba63db6
36256 0501216fb0c82ed9
36257 d7f9d1695a35ade0
36258 69bccf3aa3259812
36259 d6f34b80c3dd84fb
36260 cededed2d8d35422
36261 208efa57e769cf8b
36262 5a19b5a3da465e77
36263 726ec70f9dcbd3de
36264 cdba0ebe74b5e091
36265 b3f0cf8665053278
36266 cb4313aed100f12a
36267 2b7316124dbdabd3
36268 795dd959565baa9e
36269 0890696bce1bd637
36270 d2cf72f1d4e416a4
36271 5616e5c3228a4dad
36272 c8f06345ba7fb6bd
36273 5b85c66f5966b534
36274 71fab92b7b18a87e
36275 f5938ae3a07f8897
36276 9893a0e97bbec752
36277 3f4c932815c37b3b
36278 a5d06489dc9babe7
36279 eb47d504828c1d8e
36280 52cfe714f1109be4
36281 3e2dca7c5ce2a6ed
36282 42af8cef49f54874
36283 b06d64be9cea44d8
36284 c065915b4713718f
36285 673321f4471cc791
36286 dd53de52b52323ea
36287 937c043aa2e4b54b
36288 d44ddd79d1e826b1
36289 afdbe597c7f43ad0
36290 870e59ba4d64d3a9
36291 dbc42db49268b8c8
36292 60fd057242dc8fe0
36293 5972ec9f97362181
36294 55704fabbe4ba132
36295 e7a3155365be3533
36296 77c8527c2674a24f
36297 1ae24ee48c5a1fbe
36298 13867b843a0931c7
36299 20cf6586aaaae756
36300 58374c7567299c01
36301 277d4d2acb2cc20f
36302 4718be85ceab6c0d
36303 a8a9ea6bb6df7544
36304 5c09d0450cc01b95
36305 ee80caeaf2cb49d9
36306 f5390704ac344632
36307 75e63743cfb43224
36308 d0673fd390a527bb
36309 16921e2a4ac5bc3e
36310 56e81f8074b7c987
36311 eb01a465d8028a44
36312 515f342c937ed411
36313 135093ae934c4094
36314 48f406cb314d1937
36315 cf37043b720f401e
36316 f2d00779f1368210
36317 08754bab5c9287bd
36318 bd4d1cdcb72e76b5
36319 7a4400209eda7786
36320 9d3814971f0fda31
36321 cd81b583fbb1d896
36322 a179cbaecc072057
36323 42d84c4eec9e9874
36324 dbef2bbff84df038
36325 cc790842142a9d5f
36326 434a36ddd639e0a6
36327 d26ce2055f0acd55
36328 3aae1e33bdc8c5b5
36329 c493b7570b60b8c2
36330 31797356f706b761
36331 d75985ddb53be472
36332 55d65272b926c7c0
36333 178a0d4f6dcaf239
36334 3848ff31f8cf1d02
36335 47bb1d102645a715
36336 9b901a24d9b25ce7
36337 e19ecb45bd8eb410
36338 ac4b6c012a9affcf
36339 d5c031faf2c5287b
36340 13cf3bd0ef3e95fa
36341 229b591780ee3c8b
36342 acedb094ee9c8c0e
36343 fb35d0f73e783239
36344 08dcf5d1aa0cfafd
36345 38aad80bffa2b41f
36346 4f7af30c2faf3080
36347 387d33210372a50e
36348 80bb23c938aa2e0c
36349 fd9d77a1cb22cdf7
36350 9cf66adc74d631ef
36351 38766be6992ec4c0
36352 36caeb86ff9e2f8b
36353 82813977bd7e2360
36354 935a493dbd198571
36355 2f4e4c04bdeb67ae
36356 c5b1aa34b73caafc
36357 6d6f61739ee3110e
36358 5ef6d16284b98d43
36359 be9f3af430bc9444
36360 d1947b288f6e8827
36361 00b6be13397cef64
36362 8e608c71bb1ce452
36363 a37c70adc64c8f55
36364 0c8c30f782e1af64
36365 e1c81695b43c1367
36366 80ee33788a6c7e1d
36367 3ed15db8d317e87a
36368 c876d44c28325ff9
36369 4e6ec82e9e3676ca
36370 10ca3ccb4a64fcab
36371 fd83c934235d86b4
36372 32e6a910bad4d4b5
36373 0f360234b5a31f97
36374 f2b297eb06c2139d
36375 7ebb42911d89bb7a
36376 74a216089c5ac15b
36377 ab6c3435a67956e0
36378 a98ede2dbb5d12be
36379 f25e0bf605830161
36380 77d2f7719cffe4f0
36381 54e275379ec16bf3
36382 0a364a2dcd2d8347
36383 96df8c99beecb3f8
36384 02e4a5bd79a89a17
36385 866aff2e05ec5e44
36386 71b844b28f75b79e
36387 c8fb2e7dd88c7341
36388 239529faa0e12e4d
36389 84fc330e20c43f0f
36390 a818b39e885f5d80
36391 bb8c6482227ac4b7
36392 b65c3f3cfc4812de
36393 9acd4476c734d475
36394 ba032a6850a9c697
36395 e5e1ef1a96190ce0
36396 288a9266be989911
36397 17e29b0eef367302
36398 b1e767c432bfaa1e
36399 9882193a66e99a89
36400 a84663a51e5a238e
36401 913551e1697cf4f5
36402 ea6b70c66e16d62f
36403 07fac9f5fc01fbd8
36404 c33cba423a0e5a01
36405 a1239ab7d937e423
36406 08f98f2c999a594f
36407 e41e53eab4165d31
36408 1332c907e3c167aa
36409 8f5e3cd5bc173370
36410 099e85652b89e579
36411 aeb9ea04702887d6
36412 8beb36229a38c334
36413 91f59144d0fa303f
36414 ab7612483c1d5fa3
36415 1cb0c256d313e604
36416 b45928fc10836417
36417 1439c7e7ffb56244
36418 9ea9aeae98ee7286
36419 4e3b637dd54e07e9
36420 a265a330e90d5da1
36421 24e39e183c19bdfb
36422 ad62d23295a81b08
36423 76685b5502a74387
36424 5a56d8725838c8ae
36425 31dd92fcd37daa25
36426 5ff879856ca0b947
36427 f8ac97db6d5d6dd0
36428 266850a4258bb494
36429 edc4587470ee838f
36430 4591fd62692e4ba4
36431 8d1dc2445e3d56bb
36432 c04922976e496395
36433 61d1bab3d4b5c52e
36434 e98bb45bf0fce86f
36435 a92cb45f0aaef198
36436 0e9323e435e1699a
36437 2dab84485a7ee9d0
36438 d78e4151fdaf01db
36439 1d59fd62be567c1c
36440 934ce1bd2483ce6d
36441 83dafb3f1765f786
36442 9568d815bcc4d6fe
36443 2c39fd3e009efda1
36444 38e5cee8480a326b
36445 8889b9063e336848
36446 b4bca23aa3c2db81
36447 5e1aebfd8a8aa65e
36448 2d4ae43315f231d0
36449 33ff224cd9b9e81b
36450 fb3406365fcaa5fa
36451 00f2918deacddd1d
36452 ad058ebb51c05189
36453 360f4b051c8d86bb
36454 5d5f8348487f4274
36455 256e399a31d66043
36456 f71b965b685cd959
36457 e5725290bb1ef68a
36458 bf843934b4b5995e
36459 eb6d4c05b8decdc9
36460 74729fda0b17bcee
36461 4f6815e24d7148bd
36462 ca4ac30a4bd21f3c
36463 ac4587ef176e6a13
36464 ed9a240d9357d361
36465 4dfa99816ab5aab2
36466 e8b08f147d4542bb
36467 cb21168cb90c81a4
36468 3fbed12d07807588
36469 b889fb1af003cb1b
36470 f130ba709fedb894
36471 3002374db3df4382
36472 0635559efbaa5df0
36473 f807e22a64e9938b
36474 30a745052c18f87a
36475 1740f45dafb9559d
36476 7529c28acf498d51
36477 3de9e6dedc2f2602
36478 e992805341afd381
36479 c5277a552cc6cf5e
36480 6bc44f01e2dfd6af
36481 30224d7fd5e7560c
36482 d97c4f8e3b978a0e
36483 80b6431704fe6bf1
36484 f686b38bc25a2cd5
36485 ad7d921473105f0f
36486 9f2d65fdc53c1bec
36487 8d313c494d60b503
36488 97e9d44684821c99
36489 fc531dc67ca4d2ca
36490 5acb9cc538b66db2
36491 1fa819bbb1be938d
36492 e6c717c951f8a456
36493 60c74313db6d55c5
36494 566d49b01bea506c
36495 793b0b86451f8003
36496 3caa8c7e3fbe12c9
36497 335c1c498d38bbea
36498 58afc74e93847b6e
36499 ccaaefe45a929b19
36500 22553077ba67f9ba
36501 fb19e7fd2ad7ecb0
36502 21edd8eae94f70c6
36503 e39e9f5311f0a0a9
36504 61415eb1a58736a0
36505 3e8033dc7152e9c3
36506 b3f1e60527042001
36507 d533bc1d5eddcd5e
36508 c6a79a47b3184c4d
36509 4058e03602396cd6
36510 7addc33b16a78d9f
36511 b7aeb1dac642a6b0
36512 4ff71719e87759c8
36513 486ccfd0ef72a0a3
36514 8c9933fa71fc75f1
36515 25307597620e5d0e
36516 2619213e57b572a7
36517 bccf0d2b3d59bfdd
36518 e046ad749fa7e05b
36519 b568b18421249344
36520 8bbea02e61c7e995
36521 33c9a9e89e7569fe
36522 a7627d61380d4fb2
36523 8d422c9c3cbd0c0d
36524 6030f6b714eb22e2
36525 75e341dfdd765099
36526 18bc42aacbf53083
36527 c2c924ab849cd9ec
36528 739435b62df6b700
36529 18c3c9cde0e2095b
36530 d36187118f99b21c
36531 f61fb454a7f2b292
36532 4c6fd6147008c56b
36533 59bd4be2a6094070
36534 241541c145e5241a
36535 a56a363085f5f005
36536 18b25b96a2b3fdf4
36537 ffe9427039790ebf
36538 d244aba18753487b
36539 19f5966ee1920ebc
36540 34e4376ccfdcb863
36541 05090f73d5a61760
36542 58c1236a7d0da59a
36543 2f397753fc3edc3d
36544 431302c46265c9b4
36545 af962592733e7307
36546 af936a4870b73a33
36547 a169b68b116fc114
36548 504520ab0b7ed107
36549 ee9fd24700cf7c7d
36550 6575d4c8ff2817cc
36551 3aae745aad9765e3
36552 2cfd493524b46d79
36553 afde07aadc653a82
36554 f9ad9aa4790ce7be
36555 7a9b47b6da677429
36556 c64d0025ed8768fa
36557 51c317e734017691
36558 48b53e023cfe088b
36559 02fee89c056740f4
36560 fece42d17afffc3c
36561 d88b7cd43ed5df9f
36562 10831c625c29ecb4
36563 abae5e0ebae164cb
36564 843c919e8247b102
36565 4028add92b3f8870
36566 926c1db6d0d9160a
36567 095d5ed040373e2d
36568 17c327afd57a2aa1
36569 68601fc2d5bf34d2
36570 95ec1582ec2ae019
36571 5d7a0dc0d6bf8af6
36572 505c5296a85a7ad8
36573 3d6baa2480fd753b
36574 91472f3091d1f482
36575 7778599e22dfb1c5
36576 e91bc86025f33c5f
36577 9218928efe3e14fc
36578 94459fe49910aaf7
36579 82c3601ff85f04e8
36580 f764812c91161381
36581 b4859cb742a6cc53
36582 61fd7f7c61e555bb
36583 0b9b311a3f8d51a4
36584 d99cdd35925470d6
36585 155dbb9617eb891d
36586 07f31f033a6962ec
36587 863fb8d7b937fc7b
36588 a1e42f0e6cebdd0d
36589 58e476745dd74b56
36590 fb52d9665391192f
36591 b2fb44aaccdb3ed8
36592 6240b4b7c6a3f664
36593 61071e3fa29cec46
36594 017e3bc58c2ba2a1
36595 c68b15cf671b7f87
36596 c33e5c30a156fb0d
36597 420df1fb03880177
36598 7def75f4e480223b
36599 ce381fd64641c8fc
36600 67a96d3b3067df6b
36601 f17b5c4de0aa6c90
36602 63248cca4ad1d201
36603 78a4c6cdb7a37e5e
36604 27ac98ea430e1f1c
36605 40d92d0c7d38a047
36606 f2b81c754b0039e6
36607 8ca9dac81d698e49
36608 04735995027b8b25
36609 6b7c8c8c2afaa29e
36610 aa36e85e09dffec9
36611 2c2ce00792eacc66
36612 2d316c05aa22a974
36613 ba641959d8410026
36614 a0f5eb38063bf517
36615 3404fc533348c0e0
36616 1a19c144cc65043c
36617 f8ff42765e030d87
36618 33a1addbb23f0d34
36619 0fe29939aea91803
36620 15f3a51c03efbeba
36621 dc7be8f8efc6f0b9
36622 286ee3a1cca75ff3
36623 9d4e105f3598d39c
36624 e3ba002cf0861ca0
36625 287d73a02d4e157b
36626 2eb620607afc78e8
36627 84a2fbd68a9c58bf
36628 5e960a09015a2ced
36629 d0b0bf88c963e017
36630 a77c0a129ca3c84f
36631 cae4694c08dd16e0
36632 0bccb9df1bf62d4b
36633 a668a198e8c3bb70
36634 04918e65893baa79
36635 dc01bbd7a417eb6e
36636 ceb4949f25a3016c
36637 f45510df6e7baf57
36638 fbe792cb91996da3
36639 14fed8d327ff2984
36640 521ff1cb8062d587
36641 34b4c541a8a1f034
36642 2e0df5a15d895e12
36643 4b299169482cd455
36644 a6d4cae4dd0f527c
36645 bd570f5dc54d70d6
36646 eab34bbeaa4ed50c
36647 a02d1063a3c33e23
36648 3ab6a9aac55d3458
36649 ae13127a4cc3c853
36650 4f90e0f92072988a
36651 09cd38de73132aa5
36652 8427cd8f224fd385
36653 c78f135a20e81616
36654 8fd008f42ce50764
36655 845ff245048affc2
36656 770da40d627b05eb
36657 22e7372568584ce9
36658 9465071fdb83f82f
36659 051191ef3afeead8
36660 716ba219f013b401
36661 642150f5217fc623
36662 e4429be8e047544f
36663 c89d68000dfa9660
36664 b0cadeeb7a4cdd3f
36665 fb1640f4e417cbac
36666 3c8481231d72c1fe
36667 9e7526ad805662a1
36668 e262d4c4600e7c6d
36669 e0b1f62c5aea8036
36670 ceed611b2726ab39
36671 ce7692306141e216
36672 9e14eacfa074a7ff
36673 0247bf03ade7d71c
36674 2d4d2f9843d835e6
36675 46c751250cd2c5c9
36676 0df6fd68364d7838
36677 6afa6a1f4a172cda
36678 40b8cf3875f53386
36679 00c699b32970af71
36680 1a1ea0a1bf913856
36681 7c58602e3e97b29d
36682 361255ec3b1a950f
36683 243ee144510990b8
36684 bcfda41e03d44a11
36685 d664b0ce4f98cd7a
36686 d686953dde0b5fde
36687 be5112ac226f5549
36688 3e432ba023a0918a
36689 121c64b2062c91e9
36690 00228698e91f18e0
36691 e9bcbb8af8ad1b97
36692 f2e397e81e4b8ead
36693 3564801cea103cd7
36694 52ba68c15954bddb
36695 79f77ccba3f1221c
36696 11c3e6c6dac8d0bf
36697 3faace2bf1dadc6c
36698 a039a3ea716637fe
36699 5875503d79058579
36700 dd6c319fbfb93fc1
36701 8a46e5874b2d67da
36702 e0451cf4fbfcc169
36703 d8d051ef3f5fd886
36704 4db968f76f1f985f
36705 bfa57db7d778b3fc
36706 8479309b2207810e
36707 9f515f1d3da6fa71
36708 84d8a56c97750dbd
36709 62fe3cf89de1a957
36710 f6ff5c44b2bfc084
36711 742d49655d2f9d1b
36712 81a17f938abdcaad
36713 19578818df85db46
36714 1402c16394d3ce47
36715 d433d0c33e5eebd0
36716 9d594b86174f8822
36717 fc96081a0234f7e0
36718 187ae10a0e6f129b
36719 802b7d2076424b15
36720 f26a696de68ebe14
36721 232b22a4d8a0f187
36722 09a6124cb7e373c7
36723 b26fcb14e6f813d0
36724 463cbad6d96450d2
36725 0d00402b3c851008
36726 c7d1520ea6387a19
36727 7bf2667bd2d0e7f6
36728 6b2c7db5e436a5c8
36729 84c26d51f33a7513
36730 95c1ce028119b6c2
36731 d19cf91f5a184c05
36732 f3d1eb92b84a23c1
36733 dcafae5a0b200702
36734 41134691b908eb95
36735 a57d6db8a8572852
36736 5bd7e519bcc13710
36737 ab04b636909cda5b
36738 ff2c8fb46ac1fa17
36739 f288ed6493120008
36740 243e7b9ce1437ee7
36741 269d29932ada411d
36742 7ca3dcbc9f97edec
36743 5e6547cbbe031683
36744 16b981c5e8ebee99
36745 3a6ed538b72899ca
36746 36b2d1f55a4ef013
36747 3c26ca08047e99bc
36748 145f2c6a7ca30820
36749 bf6e4035fe4834d3
36750 ce6065192bdc90c4
36751 4022ef609aad9b83
36752 20b520bf296a4d49
36753 d3a1aea1e2d8e76a
36754 7efd18f6aaab1e33
36755 c6e82a3df9d087dc
36756 a20f3e07efc5a170
36757 51fea377466649f2
36758 d4c7f0cc818695a9
36759 3dc97bf39f8d58c6
36760 c583a486b839c567
36761 261746b0e66e0924
36762 fdcf95da5387a096
36763 e85e9c29d5ea7339
36764 4fef9990b321eded
36765 7ab6b0e4d42b834e
36766 4b33164b74f55a55
36767 30b16c334cef5212
36768 9229c2f3d1aaca90
36769 0d418ad5723765db
36770 50e0edd427a66493
36771 8001fe6f779f88f4
36772 3f2b39cc5a1823a7
36773 2f15b1e8e8248fdd
36774 0c7c8cfc0d08d06c
36775 48b82e34c3decd83
36776 637e1550f3036c19
36777 259196f8f4c96a4a
36778 155f23a8e5086366
36779 e8d3537735615e68
36780 cd8917f7e0bd001b
36781 b923768ac75e2c71
36782 f821b74b1abe5ccf
36783 6307a4671578d7a0
36784 46f3da0bd1959509
36785 455b3895e840fb2a
36786 167d2e06ec8ccf50
36787 0d9e46e45e245fc7
36788 41c7d16b747bcb4c
36789 290a9eccc2db7866
36790 d08b3d18c44508ef
36791 fa0590a70a456e00
36792 58f044a6a9b4bb60
36793 abad56429b756b1b
36794 693d46578b59b6d9
36795 b455a25c739bd836
36796 b31e651dfc185a3f
36797 d52eb672f0de7b34
36798 61954de038f68d9a
36799 780398f6016fc8f5
36800 0573aa7987be02b4
36801 cdebf15cc7b06b07
36802 b3ded230d2ed245b
36803 bdc860bb1915a19c
36804 0592805d80f8315b
36805 caac4d5c65068259
36806 02b74410b6cef913
36807 e943a39b6f49203c
36808 b24654e62fa41c78
36809 1a49e4f4d5e967f3
36810 508162371b24cc0c
36811 a40a0a105992ee23
36812 91b8a36dbbe02a22
36813 09f9314b672d3471
36814 86719b2ce5d142db
36815 e54697dc7a27c144
36816 a9841fc6e56616c5
36817 7508e1a662217f1e
36818 fef537efeb4ff84a
36819 47eb309b9e3c1565
36820 0bb3cea3ebc18632
36821 cd0fc552ed279bac
36822 87fb7294c8cfefb4
36823 54f669d4f86818e1
36824 4d240d120c21e688
36825 437c7dc7b48bca5b
36826 1523c38e2ea1087b
36827 07ec445935f2bc3c
36828 6b0528c8b4adcbdb
36829 073ffb52b1284790
36830 8b64b3e45ca802e9
36831 e3124e96a7374d06
36832 4972cb1491a2166c
36833 e4ce4fe5c35d0fd7
36834 5a9b8e45cfe01a0f
36835 378611f72cbfcee0
36836 f7b6c96f615f5957
36837 c893e119f49a3c34
36838 bd28cb8b99600e81
36839 57b4f270b31d6a5e
36840 710cce7835e1bc0a
36841 efaf9b35aedcda9d
36842 f687ca561c08080f
36843 1b6e5f63a9da7f96
36844 1e39f3087bda1e66
36845 aeac0ba3c55b849e
36846 416e76923d5cf6b8
36847 33616cc7ab3674cb
36848 adba93a95f2d7b37
36849 d9e95a1322ed3235
36850 ea2a7d93100dba6a
36851 688816a550457be4
36852 8ccce573375a2687
36853 2ecb35755519e0f5
36854 aa93f0b182037f59
36855 9ce8fd6c739cd808
36856 0b3f782ac1363765
36857 10e5ec3ef391f963
36858 dce5e32208c17d7c
36859 1f927ed7015e78c3
36860 f3cbd9280d609dfe
36861 c5b83036db121cbc
36862 0ab9efa27747a293
36863 d2cf5323c8bd46b0
36864 bffe3dc240d9b66e
36865 123dc5a0b9f5ef73
36866 49aeffb8298ad794
36867 5ddb9d0ddd9a89c9
36868 f2516e76446cdb01
36869 137bf6afe27aa118
36870 5aa186c1365f839f
36871 ab3032882714f537
36872 f245495ab4d7a58b
36873 5480385983a9f7b2
36874 b7bdb506635453b5
36875 236181a8a829eaa4
36876 ec48dcfd15ec1ac0
36877 d7c32e8aabef979a
36878 d052e5bc91bd6ea0
36879 5bd56cdf140a3692
36880 008df8daed39bd21
36881 cb1ae234f88e51af
36882 fb226e0d776d101b
36883 004a837bd6c525de
36884 4206ffe44bcdfe4e
36885 2f3bd21dd9c24d6a
36886 f7719117133486ba
36887 c95e01b5b0b8e7c0
36888 c4bb893c7fbf8e1a
36889 86193b1adca57635
36890 19f3ebf9d7cfd4ce
36891 5b0a07a6dfc263b3
36892 7125848d02f121ab
36893 d7b6128029f08d82
36894 319a56d338574180
36895 d31b1d99db7d8902
36896 c9e0d3f5938675ed
36897 5649cc8f8331ac41
36898 2215539c2dc2be0f
36899 fd29ac73036a3862
36900 0a6647224bf395c7
36901 e92e8114333f378d
36902 ca59472425c76819
36903 f44978a524c56f11
36904 43901b6f02898fcc
36905 528d79ac57feedd3
36906 32f5a57c3dfa71b1
36907 ac8789de1ff4020b
36908 747dae08d7f1587d
36909 0815385b785b434e
36910 73bb2a6b9a5fff14
36911 35245e519648b753
36912 389c008262b84136
36913 5368afe55fab194d
36914 b32d044b88a17594
36915 fb158b9a9dc9b28e
36916 0a46335ffe7c6e26
36917 c0ef3db2a78c5666
36918 7b75fea4f8dc37fd
36919 c92715c05c5840de
36920 514fde11168ab5f1
36921 e9a4bb734bed3e9c
36922 d6ffc9767eca356e
36923 3b3023b06f8e4f82
36924 8c1078235ee06621
36925 2d6564af31872d06
36926 2576229c342e05c2
36927 afc18e0d36a2cf26
36928 dd62c75cf963083d
36929 47156d69d679570b
36930 517605de611deac7
36931 f32b6c175cbb5b1f
36932 d56163c67ddf3ff3
36933 ba8d51b6bffa9e31
36934 6ec9654e23e12417
36935 ed02aff33d08b472
36936 f207a3c1bbcd6805
36937 3b8b90a1e1c24bfc
36938 77c51fc3461d35ad
36939 80911660f7847e63
36940 b6efa23ac4953ed0
36941 9314cb3d94a838ae
36942 6460b1d21e143d0c
36943 1da05b715a65bb6b
36944 1bfd6b24a648a1c5
36945 68d84719741dcfa1
36946 0d030ca5fa175bd8
36947 0076e3b21574be8d
36948 70c4907c82d4212f
36949 18c550bd032bf68a
36950 2013345018d1cf28
36951 e56a1228745ee38f
36952 98413d426ea17527
36953 bd50700db9cd1fb0
36954 6291b56d40699f7a
36955 e7cf9255926e09b5
36956 bed5860e4730c12a
36957 fa82e39e4e051b40
36958 04e64be9115d5ee5
36959 531f0c1e2b5f3e92
36960 d08e19ade044c5b4
36961 b5c489cd7c899264
36962 a37f1663e248e4e7
36963 c18c30902aff3815
36964 848046ea178a745b
36965 8d2b6f89b8662a02
36966 4a465a085640167d
36967 1c77350de3b0d6d0
36968 c95d37d45517eee0
36969 0fa886d48a624e54
36970 63a9eab9f3094f32
36971 30c81b4dcf5f85ad
36972 51dac84290f3a40d
36973 a87289db75cf3980
36974 960a062da42b1bd3
36975 7a5e26d2172ceca5
36976 fdb3b37d1db89751
36977 71607166e3065bcc
36978 a829956f4692f4ec
36979 917e17226ff3825c
36980 6810b65727b510fc
36981 3b2a9174c7ff1b4d
36982 f9f4908c27ac365e
36983 8c65d8bc50351484
36984 6ef281b1f3503c22
36985 c3b69f44c6ac3934
36986 c0aa2ff6a6731a98
36987 73c6454cb9a392e5
36988 05d8e8cf599d31d2
36989 3d6f05dd8ad37bc7
36990 d190e0183fc555b4
36991 b02cd2cf51c1fe8c
36992 061fce22273701c1
36993 643c0d0bd72190b0
36994 05202491c29e20e4
36995 e4708311abc3e192
36996 14b764dc3a0ec111
36997 c31639ba6ca6ee47
36998 665e193ea0b42ff3
36999 e381ae56e044950d
37000 f4b6f0bb839f2477
37001 610b689e729d7b4c
37002 f8426b6f18e86826
37003 91f2d5d0721034b0
37004 d0306953d4a0e532
37005 def7349a4d26a9b3
37006 ead105275706f046
37007 6da03990d2998fd2
37008 53c4675d4ea6f781
37009 f9499281bc4a1689
37010 3639db1ec17c57d4
37011 71725d32b81039c9
37012 e35b462cc3b96333
37013 f0f74d3fbece49c0
37014 4af4dd72d3846bd8
37015 bcb7c21803f1cf1c
37016 052b5cfc66da2542
37017 66191d1d767440ac
37018 8373d95a8ad2e1fd
37019 dda4990b0c18defb
37020 ca3a34005aadf2b6
37021 e62395d779155f36
37022 79e19069a0496641
37023 8ebe1c614a5db656
37024 16d58626a7bce96d
37025 72b66c092673fb7b
37026 06e64b2b856ffda7
37027 252189b44e5572e7
37028 db98692963610160
37029 5bf53e5ece14de8c
37030 895651c59923bdf6
37031 59c609d483c29ba4
37032 840d98e5587a110c
37033 7d28e9c63b6ab872
37034 006c4dab2ae324de
37035 b9678e001c7d64c0
37036 4b7526f813362a25
37037 943798e659a754c9
37038 c9901d124d704159
37039 414d688926ce5cd4
37040 603c162cc8f99e0c
37041 60ec86806bf26439
37042 25ac803e97c3a7fe
37043 4745255ae6238f93
37044 29f743c3dd536a0c
37045 a5d8dc20588a2fe8
37046 ca72d97af8b739b9
37047 bc4867495488a5af
37048 fbc0f25624d4fe4d
37049 9aba1bf020e68844
37050 60becdadb43b326f
37051 42a8abf8b4377639
37052 8afb080a86fa0aaa
37053 c6e636b858cd4a6c
37054 5f63496081ff776f
37055 7f7af0325dac60ff
37056 f1e6962ab2856833
37057 a6c2f99fcc2beca0
37058 685851517a64cc0a
37059 bd671fa3a5548867
37060 e658d7b61976a48f
37061 ae5564b691576fe7
37062 a5d0accb1bfb81b6
37063 27f6db16cbeb99b6
37064 6e66ced655fd2257
37065 a4114d2d9f282d2d
37066 3185fc3eeee7ea6b
37067 c5989b77d42a5457
37068 50fbcb155045b94d
37069 b01161b923b8b6e8
37070 793edf2465266b16
37071 9e93154f6b992a17
37072 5a6fed02fc506136
37073 641fc9d28f63eddb
37074 2b7406588f9fa7a3
37075 714031e09a5e4d43
37076 b2e08e7cc16f7fbf
37077 333c529e3b3a10ad
37078 ebf6a693ce3d3101
37079 83513d85c5954cb6
37080 59e5187a21cf5eec
37081 a87e1113245239f1
37082 557cf311ce9ed0b5
37083 1ade8b133c18305c
37084 3fde8b8d6ec33459
37085 1897184a453fbf7c
37086 7a97526eab1c61a8
37087 b229b2455d101796
37088 6811031693dbefec
37089 71b7db988dec0010
37090 fba7f680404b10e9
37091 ef66493ad065d7b2
37092 49e41157b265e4f9
37093 3213e2226ef8d970
37094 97831961df769327
37095 1a79b7af55e5db8a
37096 7c3fa6863ca6a996
37097 842fb3242a5f5d7e
37098 e380d304121183a7
37099 d6be5de75e648d34
37100 297a0a5279bb3a61
37101 4d26b2cb62a1e5cf
37102 415c153ba8434a15
37103 dab517c3979c833f
37104 5d298ec2e81b7d99
37105 afef6945b97aad70
37106 d38fc20f48684c3f
37107 d9583f722341e99a
37108 599dd5c82f817110
37109 bb274a5e4d4befab
37110 43ac568bb79fe8c4
37111 2cb1bafd4bb7f524
37112 62095858dd29d233
37113 59b8f03a8bc506c8
37114 a279cdd5125eaf5a
37115 2672949218ff3a01
37116 6a5db3170d983250
37117 2f16715cccee617e
37118 3d382341d4cd9dfe
37119 5f912064a900fe1f
37120 ed8c7b84b1bb2340
37121 fbb111599a6c0727
37122 2be0a13edb292f2e
37123 aba02b2caa4d76e1
37124 632dd6e7ac0f0897
37125 d406f8ab7b5b1db1
37126 fd30dc415eed2849
37127 d3a3f84fb1bf8222
37128 2970bf33a7d5d563
37129 83da267f0e418da6
37130 6762f9b39eed776d
37131 e5fbb657c26983f5
37132 8000a773ff302ff2
37133 f271d80f6422a48c
37134 66bb8f22f9f77f0d
37135 e4e49dabb7e28964
37136 b34c641f8bed5ce4
37137 daf1583efbc448a0
37138 d2129cd7cdaca56a
37139 4d3eb21115ab8065
37140 f43b933585bd80ba
37141 7a0990ed6f3ffce7
37142 edbf6d8a135e42ef
37143 27d4f502e45d8d65
37144 d2275e01535ca2c0
37145 db7636e584487468
37146 cd0f7dba6b00df4c
37147 625ce16de1f102fe
37148 4bd88b57f32812fc
37149 a15d2e9bcd6cbdd6
37150 01d01a2d6f25e8fb
37151 bc716644024e3363
37152 c3c6ef86bff06144
37153 d7b2cec2987c8800
37154 e41f57a6cb8d2a5a
37155 b2d11803275e810e
37156 a2e429bca07b618a
37157 536a08029c2f1b0d
37158 8bf0aceecad6dd7f
37159 9b82a5aa0e25f905
37160 1404d313a26267bf
37161 8aedf8a05a5531f8
37162 408c4734e31193ab
37163 4d93881ee15af172
37164 2b0564f007c69a9f
37165 94b9989b32fb921f
37166 7d2bd25e0793e670
37167 fb74f76aacf1b784
37168 0de562d74694bce4
37169 a4267f8c48e05520
37170 d49cbbb92a0d7b11
37171 87cca9d2d8f43bea
37172 b0fbc107008f6ce7
37173 bd205c56793ee4fa
37174 2cd5e2f39440c306
37175 83eb80f6e97538b6
37176 ee83a771ba6c5d6f
37177 054e6c74284cec53
37178 ca927b3f47b6606a
37179 a105449b2868e378
37180 32e9bf9058525653
37181 6b11fa3cc034948b
37182 bf1387f3721086cd
37183 58dc099fcbbf9dec
37184 8d17be25c5885ad8
37185 4e740dd777112792
37186 05d2359317e342cb
37187 c5549ceb3128b093
37188 eac21d25105045ce
37189 ba86bf0b5eb3b0f5
37190 c731822610386f9e
37191 89f6ec70eb3c36b4
37192 11595813858418da
37193 44a5135323b86ab3
37194 8a1580cbe4b723ea
37195 f46297284a6ad24c
37196 2f49e0fbd7961c3c
37197 c51ddda703ae4726
37198 e0a3a620652487bf
37199 f6bdb0f2e3ae0809
37200 36648e6a907a600e
37201 357d7d25a5486503
37202 3ac6c434957f2145
37203 61f54aea47096b34
37204 3215591c2458795e
37205 9ec1226874d1136a
37206 8978663944fcd213
37207 686d29754a7a73bb
37208 bc4bab75da9e08f2
37209 7763a41ad8345c04
37210 12ccf1e203ee79cb
37211 e073abda9492f5d2
37212 c78231aecb115c8a
37213 141998ec14d279e6
37214 fca2c7757521ee09
37215 7ecde87b32604786
37216 53096ac8c56fabde
37217 d9ae2fcc2251625f
37218 2a5a7cafedb15e22
37219 7ec4210b941a21eb
37220 6d6c9dc0ff8f02bd
37221 7c9d8627d7fbe96e
37222 b6c909ab3365cb10
37223 3a06aabd4ebcaf86
37224 b647eb8eccf0647c
37225 bb24b6adb7384a53
37226 0deb3523e7863ac2
37227 14bfe8184565cc85
37228 d41fd4525d635c93
37229 c612189d9ce5f517
37230 f31f638c8c29fd4e
37231 be29d21c894d61ea
37232 029960060655153c
37233 f4f032e11cabf511
37234 41f4d698af9c5260
37235 0187b66ef1e4b3ea
37236 cf6dc5fdf24b1cb6
37237 2232f75acf0819bd
37238 ea1e29c95105e362
37239 60431f303bb074a6
37240 4cec799aa9f1db41
37241 e1744a85f44f2f2d
37242 f24c5eac0f47db8b
37243 97b5c551147b22c1
37244 b6521d20a3d1184a
37245 f663892b8d25f18e
37246 6e65bae956634ee2
37247 c1941b5d6c922759
37248 c99dfd67bc32bccf
37249 0c5e537278530cae
37250 7a278f6ecfbd47ab
37251 90fa623e8ed83fb7
37252 8db3270dd881136c
37253 701913cf6eba4708
37254 d7ca3d0f65bec62a
37255 73c1366956a093af
37256 f2f2a9335044393d
37257 1dce3315f6ab8a27
37258 e58eb0c0aed7abee
37259 95797a3eb8024f61
37260 ecb0b4bd7e7083a3
37261 e4efea8e30366a72
37262 30e4204c8878479d
37263 8804e280267468ab
37264 e83abec2a24937e1
37265 3963f5cbdefd40ad
37266 00c3ccc4c4c2feb9
37267 cfd96abbcc9ba4b5
37268 9fe1c2af5b3ac8ee
37269 b34e0a067f265e28
37270 5e53d1f41f0f853d
37271 9f5efa0ec6e35ed7
37272 f345990bd293598b
37273 5d1c1dd972af2b2b
37274 c1a253f8486bd682
37275 4d796af6af1c7cb6
37276 e1858b6f4c49c4ca
37277 3fda0dab0d8bcd34
37278 413f00f2dfd1db6f
37279 912874dbba624c31
37280 381349fa94888707
37281 1a648e6a65ae41a1
37282 250905bef7aaba3b
37283 49d56d7049a5e600
37284 a1a172446221f930
37285 3a2568ab97c4c2f4
37286 8df512e393eac501
37287 4f62057c45991c79
37288 22a9d6c05f4ef74f
37289 31241dbd36002a9f
37290 c8f1fc53e9634c2f
37291 d88adaccb1ff9519
37292 c450e1f2752b2516
37293 d71e972f977e2766
37294 218b6a3a1d2916b3
37295 8530c17b60c5190a
37296 0f9d28c7b8f3653e
37297 03b82d0cb309bd2a
37298 5b1472bf152f37a2
37299 d34eec9560b54120
37300 c20f7c17d6d5379e
37301 4f2acf453e4be506
37302 8a058f08aebc6742
37303 2bb56e6630d0006e
37304 bcaf0c303016fc87
37305 a94dd3b55a561d25
37306 e41f70a9646926c0
37307 233de860a3e4a676
37308 cd568f8321770bff
37309 ed2e6b5b8dcf7f3e
37310 37a3d03bddab7691
37311 c3807baad1bd069e
37312 1855042a2fac7df4
37313 865dd9c7982a79b9
37314 ca7b0104c9b0f79e
37315 df3cee28ae492c55
37316 01411fbd596bf57f
37317 6ba92eb42fd21373
37318 1a42ee415aa6f279
37319 4e31cf8d9436fa40
37320 f0be3ca85b92e3d2
37321 6ee063b2dc92eab2
37322 d92616446e7504b1
37323 8ab16b8eed94a940
37324 930109df7bae2c66
37325 80236e7a168e7a9a
37326 9b3f1d529f599309
37327 732e537245173dd1
37328 1e370d23cb1c3359
37329 a6ecde34aed9c8d5
37330 8d47aa7ab23ec197
37331 29d859a8e6bc7081
37332 51c83e42fb2e5909
37333 e3c13aaf7922e53d
37334 2307adfe63bcfb37
37335 be26371b06c49a98
37336 6badba5fac6ffe20
37337 2b6762b07b8644c9
37338 d46656cdba1e9590
37339 3b2278801d998996
37340 786e13688fccf546
37341 377c56d2b7eb24f7
37342 d9c7358e077592cb
37343 dbe4baf590d5880b
37344 94ca64baa0d9fe00
37345 c417fdee361be0ed
37346 5c6bdcf1dcde4476
37347 fb81c447af0b9d90
37348 7aa986b2a23d1b2a
37349 421886938ab962e8
37350 5443058dae0bf1f4
37351 91e5e5c3a6346ca0
37352 6613b259b7d2ca5c
37353 7dec9d65a82e8268
37354 b9020274dddab57d
37355 1ff710e185c505c8
37356 ed308327804b9065
37357 2c4e6caf2ca5a753
37358 3a8b5d3db726f34d
37359 8fcc5328028f59fd
37360 85c8dbea61345ce5
37361 8d692d9b48f546e0
37362 06abf4a5ea499717
37363 1d70e36f15859961
37364 d5a405a77adf8374
37365 cfbf6d4fc68c4785
37366 dca07740afdb4c88
37367 271b6c031d712c46
37368 0d05ad1eb44aae8e
37369 d731de4a477cd605
37370 70900362c434c019
37371 4197b47850b9ffe7
37372 731e20d5b29405ed
37373 d40cb07c9ef48a3c
37374 6094986bad7e8d35
37375 c87b16e50b0ab860
37376 1a9a46692a8a5818
37377 b80d7b094554c7ae
37378 e94c1df03baa7a8e
37379 8ece5dbe4370e912
37380 5d160cf7b41cc68b
37381 f9ae560307457872
37382 c06bf89d50184dc4
37383 ee33e41e2ca2faeb
37384 ebdab549008d644a
37385 4922dec945a0817a
37386 bcf6aafbae1499df
37387 9d1884d3f9d92214
37388 49040243fd116bf4
37389 402f4b94c235fef7
37390 95eced07aa94dc53
37391 064cf96fafff853a
37392 30b1a9d8c0dfe673
37393 c2490aa2c4169317
37394 c09009b25bd16d53
37395 6f01d1cfe1d293bd
37396 dbd47b1f8669ef94
37397 60dd6f87c952a544
37398 f323ad94d942c5a2
37399 9e01266c1c9bf97a
37400 aaeb95c3fdbf2f74
37401 673a609fc1c01e89
37402 72af59a7154a207c
37403 4293caf61774b3ac
37404 2290e177e92dccbc
37405 a651ee7d27fe012b
37406 b0f535f67550458f
37407 9ba6e0225c6dce40
37408 ceda2862eb442dd3
37409 4aa9b50101903ae4
37410 68b613bd27765904
37411 7c894d78b49ddb62
37412 a65d620444b1d103
37413 bce7a63aab6c5ae4
37414 0edfcdc37c3106c6
37415 70a25cfbde7809a3
37416 74383f094e9a1625
37417 93ef63d4846799ee
37418 483f4f4b47ed49ed
37419 3b3d24192198a9b1
37420 d4069ed9b1538025
37421 c5e774df7389d32e
37422 e164bb7fb387502c
37423 d568afa7faa6817d
37424 a5286b390487d885
37425 efc5bb2175348745
37426 136577dedcc28346
37427 62410c7a05437393
37428 61cf28cab5a5d8e9
37429 7c51c703f4925724
37430 5c5990f4c11d089c
37431 71fd7cf1f0d2d2dc
37432 c35af87aae4ca792
37433 b82a16853dd8ac84
37434 ed4f0ca08add6952
37435 7149fc15ae895452
37436 d71299320bf95b61
37437 c489505c3b76470a
37438 eb498ba278216a37
37439 ddf3bdc75ef1d129
37440 57b9d5f2b3ad7904
37441 b8709c3ba80e33ce
37442 0b2e9aa4bc39c766
37443 e26214686fa1a641
37444 c3f971095b90718b
37445 545f739bfde6a059
37446 4674d451c05344dd
37447 d5b1b8bab3c84169
37448 03da2c6615a575af
37449 bcde74007c08ba4f
37450 de90dde18d87d4ae
37451 599e9159b1126b80
37452 ef0acc65c300b904
37453 fca72264cfa92cdf
37454 2cfa5b2a6751984f
37455 cf47cd3a1e6d4eda
37456 5820e764b90853ab
37457 bafc03553c6b15ab
37458 415f30e6895035ef
37459 2718b936b0c43ba1
37460 41e0c9f5d2e50989
37461 2c3be5cd2670f44b
37462 749133d482b93e54
37463 0addaf46c3a99d6a
37464 b84bd928fa18bb55
37465 a767858184ad028d
37466 a6bd4cd2d1634179
37467 2ccbbdefe212043e
37468 bc8174cc869b56a0
37469 fb4a78a42f83898c
37470 30ac86b0aac8718e
37471 1b97f209baf98c72
37472 8239991cceb807a0
37473 fc03c1cee43318ff
37474 9bbc54d12c4153fc
37475 219ee8e2bd530ca0
37476 9ce3f92aac43addc
37477 73ea7241d3bf88d3
37478 cabf8461668ec384
37479 dceaaeefcc3e1717
37480 3a8b6334028e6ad7
37481 2467964b2638da21
37482 25ee063358767824
37483 79478b23781de513
37484 9407bfa54dcacee9
37485 775049006d4807e2
37486 c25631e698d60002
37487 768b92cff3775fcf
37488 d01033bd9db0602a
37489 19be455b04f72eae
37490 5dc7e27c28a195b1
37491 03f69416e2dff92c
37492 3166b921cfc9475b
37493 ece62e351e16b48a
37494 5031eec18f47c38b
37495 fe451f4b866eccc4
37496 c66dbe55a7ebd243
37497 4285377069173d7e
37498 8f79d259ee0d4115
37499 74a08de36f1c50c7
37500 c47f293ee9d9adac
37501 1148e1b77f900af7
37502 13b75c2a92e4c208
37503 713b3fcb07b19cb5
37504 8f28ef132fe7c8ca
37505 8eb346f0421f0b20
37506 b74807561e4056f1
37507 f2939df1361024bb
37508 00fe08e071968982
37509 d43ac2f5b34837ac
37510 b6b00fc72cfd5c79
37511 c71f7a3cf08ce81f
37512 12bb0526f26b3b3e
37513 8a495fcb5ffbae9c
37514 99654fb33b5d6566
37515 ad75a6f015d5f96d
37516 63dda0c6793de22c
37517 c56dd8f23427b05a
37518 a1fa6624d7e0cdb7
37519 1b40e1018b13ecca
37520 c9bb47f6bc67c0e3
37521 1e9bde72403ee53b
37522 b94c41489446a9d3
37523 ae51d9f6273184fa
37524 8c0db40824bf9961
37525 adbb4baee780c119
37526 ce094c6b69b2c64e
37527 ec9d541acec24b4c
37528 a28ab59d5342b99d
37529 707ed6e6ab1492a0
37530 ff8e6a4d5044b00a
37531 b6f38928485762ae
37532 af69b646c58c983b
37533 dedf1675e7f05e30
37534 0ee906b746a2fc07
37535 c5be797de57c0973
37536 bb63181deb438791
37537 5076dbba424150d4
37538 73205baaddd30cef
37539 5b21b8683622b655
37540 2601bedf0c02647c
37541 f4bb5ff950925984
37542 aa16bba5bf9dc7f3
37543 f6b12276c0bfea6f
37544 5e643d0950d15275
37545 1af95082b7148c3d
37546 cca119c668ea8151
37547 81aea589d8bfb45e
37548 71ce698b3c97188b
37549 eef2b75b46a248c0
37550 c990da46ed746f6e
37551 98cf8f10d3d0fb27
37552 27f0bf3fa8956f03
37553 b7b91bf40d32a188
37554 da10bcc51848b7d4
37555 005bebb6ce5c7363
37556 f823893ad949acd7
37557 5155f5b64eeeaba0
37558 e34c8fdc31f64102
37559 c9255471a28f483d
37560 d9c6397ab10cd8e7
37561 d0d79008d6ce90a0
37562 3a4703613ef901c8
37563 f460a4be72e7df91
37564 a23254c6dd6090bc
37565 e99a35363bb6db1f
37566 db1839c5922f8488
37567 c25f8924c26d992d
37568 8f9813bd1929e079
37569 e5c9ab5b7452c1e9
37570 4db25db827c0a94f
37571 493887789dbf4135
37572 6f91b98acce04b54
37573 f957471c44906300
37574 e741c0c337e2a72c
37575 ceb7fc89c623a5c6
37576 0bc7028e8fcd60c2
37577 853dfb1421ff3131
37578 a640b1cba017cfa4
37579 25524e3ed1bf72e3
37580 e80d54e4c7f0ed2d
37581 0594110904bd1fb0
37582 345d55f9eff60690
37583 1d0f4396eaaaa33d
37584 6421b617951d0684
37585 58b9665ce8423196
37586 ad0eb5e40827adec
37587 602cced09e3c3f87
37588 d2a36f4e40f66edd
37589 2fcf60702eefe722
37590 25a061107dfadfa2
37591 0843302b96f11584
37592 48fe9ab05d2a58d9
37593 a807859f8bc748f9
37594 63f10068b3a1e5f4
37595 33f472e20643c92a
37596 0afb6f774141227a
37597 22bbb61f03c9b85a
37598 5fcf2b535be90558
37599 96e0bff272b752e3
37600 36b654d621489758
37601 d3ee30d9c7eae53c
37602 e6a35bbb464c83b2
37603 2b0a5c56658a23f8
37604 56ae080696e9a6d0
37605 319943da38f572ac
37606 97de705079ef316a
37607 57a9b00322a7a2bf
37608 f0660c05aa0cfc5e
37609 cf15367c847f900a
37610 d185157c0b1e4959
37611 6c0017d5cf8c89a7
37612 53bcb95f6f17fdb5
37613 6147532fdef951ee
37614 957d345a0c2bcb06
37615 a48304195db6eeec
37616 a2cce80165d78ecf
37617 1378aa2ae4df7fae
37618 0c5a2c97166aed04
37619 30c35e68d31aca9a
37620 5ba7853c0a7f06e1
37621 60ab0d859ed52868
37622 b06be8db2d60df8c
37623 cf3d49f818086c1e
37624 934d88f6506e273d
37625 68438e2452049e6a
37626 bceac52fd997a963
37627 f197d1b061b75852
37628 a5a07898121b86d2
37629 ece9d66c570ea6f4
37630 3df5889a3f7d4556
37631 0f801dea8a7c5912
37632 cd76902a112f46c2
37633 d758746f5ce81173
37634 91150855cd2b6d52
37635 903cc0f3e5d1441f
37636 87dc651e4ae9d0a0
37637 329b6715d569f310
37638 0c8bd0644bbb38db
37639 afb7b6777188a478
37640 2c7661316db32207
37641 0890f4d1ededdf31
37642 6bf7b4d2b02dc2d6
37643 883f874ab9e2fd49
37644 f6db77a8f31093f4
37645 5de65852f7aade38
37646 82b1f6b070043516
37647 ae3cb936ccf806bc
37648 1060b7e1a68138e5
37649 3f8a69308b75bf1f
37650 132b866486f476b0
37651 ccfdf5273fa12014
37652 c7be80757748149e
37653 a14024dc10d8f504
37654 16846731a54614b8
37655 be8ae1d1552eafc4
37656 44cea21421b75863
37657 12b4fa07bdda149d
37658 a618b581194a8b89
37659 71515d6a25b9fbe0
37660 aab6be6ca1e01a91
37661 79853e3f985ee1ed
37662 3a499c4d40e0229f
37663 dbd2e0d43d88b31a
37664 64cd1d0a57269307
37665 303ba8f2a8dac375
37666 4f3951dafd7922cf
37667 728f3998173fd341
37668 94a49d487f117bd9
37669 4b506ebe89873368
37670 400ade8a1d70598c
37671 f137339f5d892b3e
37672 cbfc7e167763ee59
37673 c44543015b551b08
37674 efcbe9560fec756c
37675 8f9582bd31d43569
37676 af7fcfd07aeed8cc
37677 13af090e6ce436c6
37678 271e39373df1d38c
37679 1b3b252a03418936
37680 9c4e772a91c667ec
37681 9080769e0efb7bc5
37682 52cce7da95af5cc4
37683 7db5609a908f1473
37684 b3e941b3a99e383c
37685 4c418ddd5f9fc22e
37686 7e8f2825b405ec40
37687 2c7bc10a529e741f
37688 bedf96460f012ecf
37689 6ef2a171eae1ef8e
37690 eeae7f5e2bd0180e
37691 c39a64dcab95bf14
37692 fb8039eb56a3cfbd
37693 2d7a9778de515d8a
37694 b6075b265f90a579
37695 fce494a9a06b881e
37696 407147e43d6d8f4f
37697 994f19df7a5839a4
37698 02df21724a272551
37699 7f8d30d7b57ea93a
37700 0fdd7660bcb70b74
37701 a7fb839e6ba1d854
37702 09e4f61de3eb50d8
37703 7125b4ea9290a848
37704 251a65182f421092
37705 1b364d9666b7d9eb
37706 4cedff9358760814
37707 18921e22cfd83065
37708 f466233d480cbf9c
37709 c570f6cddcd9fc57
37710 b983a576c33871f5
37711 617333f05b29a1e2
37712 865e8e8e9544cf3d
37713 1f73c58551b24a76
37714 697669cbe7bc6f2e
37715 c663c0261bc2e86c
37716 e8db2058b8664f30
37717 1512379fa27d57a3
37718 e32e6d2c5cdcda55
37719 be6d4731fd448c56
37720 3c6a4c718089a9c9
37721 78dece7e0b10be4d
37722 11107055b574ac5a
37723 ced3397af22af892
37724 b19a1a009adbf938
37725 c3453ade7da4e6df
37726 15ed3745faa638e6
37727 c91d35e2cb742cc4
37728 f989580538b397ff
37729 e1dfbb31f247fd49
37730 0ee5ed7975299ec1
37731 a714e50991d6752b
37732 8c72727c8351f2bc
37733 e8d1a553d7004b46
37734 963f9b6f978b81be
37735 6bf0545062813bac
37736 d258a9cf66fb6735
37737 aefccf6d47ab1538
37738 32fce45778ac2632
37739 57b5699044540727
37740 9d1ed38d00c7da1b
37741 3598ea478ab48b72
37742 de18b1a8c2eac633
37743 223ebb3429dd906d
37744 ed0c36364b63f632
37745 9b6b841e74b69d0e
37746 4b21a22a1e189316
37747 33b2d8ce4c87146e
37748 8cfcad6a2e566c1d
37749 796d9c59ebbd420e
37750 dfd572ba9f63d046
37751 601024411094f701
37752 59b2c6d9f4eaa973
37753 e0a9722f21033b31
37754 4cb2477fbee5445a
37755 3d8f32da89454ed0
37756 c769386c0ba673ef
37757 37a2580cdda5df1d
37758 b70343d6fba69a1d
37759 d3f513646c3b329a
37760 eeba696378190009
37761 c4f2efb72464626c
37762 e703bb5af034b4ff
37763 e4dd95b2ab885636
37764 3ff985b6fe8154a3
37765 8a1781ba5d7ef491
37766 e8325c73e80849de
37767 60646b4486c71374
37768 0237140867a1b72e
37769 146e159ca08f86a4
37770 3f5bdbeda48847e3
37771 a6b2a54c5f13bb7b
37772 c2d64f329059c627
37773 1897be1d83155cd5
37774 a3d5e475e8bc90de
37775 3dd1a5ef5a7d603f
37776 aea7ea43daff9924
37777 061b99478a6f5e06
37778 751b692d6094cb62
37779 4d511ae415987925
37780 d7930bf62dc36350
37781 311c6ff83c36a1ed
37782 c35ca7cca38d9730
37783 754f36800b1bbe0f
37784 eb296d414cf5dfe1
37785 227c9ea87f6294e4
37786 330de293fc587fcc
37787 3c40d1037dff5273
37788 8b8eb36b6cb6c865
37789 8efb0d7a9d97fcf4
37790 464d8f9f2a2804b7
37791 1f26fd30c50f9f2b
37792 d2a8870adcf29ef5
37793 52150e8de9f5543d
37794 5e1344c3db29a6ae
37795 f81916719d6b65ac
37796 5b7f1ec90b6a0fe9
37797 bfb24fa681b4c727
37798 cb049376a5caf4a2
37799 43b66507076d5174
37800 6b18eb21ccb930a6
37801 32412c078bf256c6
37802 c2120162f169a835
37803 021a77bf04ea05a1
37804 fd60a97c114dbd0c
37805 6fbc38bd253e346d
37806 73adb4d38ce16b95
37807 50a7406ddd1275b8
37808 c28a37aca5ade0dc
37809 2bf35a2e5dd0dcb0
37810 b95a3bfd157b70d8
37811 c6e2490de66bec0c
37812 16a4c3b5bc9ed1a7
37813 89245f5248001fe8
37814 f6519b0b370387e1
37815 7e68445364cc282f
37816 d48c9990fdd00196
37817 d35567638da04c3d
37818 6ce537e9b4a5a0db
37819 c939d65e28363150
37820 682a6de70d3d4298
37821 0b74b515930982a3
37822 7319c5b7832a52fc
37823 0672654100cb16a3
37824 3445927fc06f4919
37825 f39da3d212117e8a
37826 c0602ab351baf77e
37827 6a7ade6b211a72f1
37828 02fc5aab4f56acca
37829 8e7be2ac8d3f8e5e
37830 1ef7906fa535d55e
37831 66e929362478c16d
37832 d80dbcd2270d1e30
37833 5acafb0d74d8b589
37834 7d8a4f5876b49ee2
37835 47fcd8fd1d39bef7
37836 02648ad605dfb0d1
37837 5ee03b3cd7f73ea6
37838 eac4949898bfcf3d
37839 8fc5ebca0f89049d
37840 298681f174375b98
37841 2dd69086f76f0fc7
37842 dedaa1b0d3c79b47
37843 ee70500efcaf8c7c
37844 3d6cdf94a432222a
37845 ba07cb38e49071b5
37846 2d1e5fe58bf9aba2
37847 b3d1cfde1c57cd6c
37848 f727e412528fd371
37849 f32338e69b6bddd7
37850 f3434dae0d3c4b48
37851 103512c18ed10d56
37852 78638ee7cf3ab40b
37853 912dd06d075b905f
37854 c149fa9c49b24e65
37855 a0c6b733c923b385
37856 5fb5f7977bb0f336
37857 0f5405705e51f100
37858 9aa2f95dcaa2da29
37859 d162ad3bda477cce
37860 998c2820f7d4f0ec
37861 71d865012b5f8170
37862 776a4a94499f4b64
37863 2438335344381e55
37864 43449b583c0e2119
37865 53dd16f825cef170
37866 36f60ac47151783b
37867 7d2e962866e6e625
37868 dc50bf63cd2facfe
37869 d2a8318cac57888c
37870 32fdb4d9efec7543
37871 e48691281b451d91
37872 c55ada5009a85281
37873 c66d9a68fa233c8b
37874 58b81de18cef8076
37875 fdcf81b25f1e3f15
37876 06e3f805c128c953
37877 d9eccec6cd0dea51
37878 488f1c4a021cf072
37879 fb8046fca9cbda12
37880 7377546015a2b0c5
37881 e6c7c710a43e6cf9
37882 9e53200b6923d690
37883 3e326cf270bfa4e4
37884 2d388c8003dc92c5
37885 086689ae2d878823
37886 b4f3b42602a46e6f
37887 be867d4aa7183a48
37888 ac065ef9ece303e0
37889 990401e2ee661602
37890 6b04018dc838d908
37891 50eece645da16ec3
37892 8c6b72a298ffb8bc
37893 3e3a8fcf358fbaf4
37894 959b70260f0efbd5
37895 fede9737c1ff214a
37896 aa04800e5de0216b
37897 ab7d99122626b713
37898 925a64c04913a34d
37899 60137f0060fbc033
37900 c30c0731a2cac051
37901 9c2b906dc70ae33b
37902 b376aee79ad3b1ae
37903 48bca94808792e5b
37904 f1f7c6cc7c2d65a3
37905 bd5b3d992f01521b
37906 cb3c8b36f187df9e
37907 e0030a026ed007c2
37908 d775229eac6306bd
37909 247b023fb300b709
37910 72bb7066ac223023
37911 4cc18ae9d3f812bd
37912 579c0c12b3f2aaad
37913 ca407915e85feac9
37914 6a1523de3ff91373
37915 c29c7c8160b148e5
37916 69bf9ab7aa24a9cc
37917 8df29cd445d2c150
37918 a2955adc7bf10f22
37919 c8b714ccc69d9ee4
37920 7b019018d3f139c2
37921 663bbf44a8e4b363
37922 452cb4d4baf96f54
37923 1e6986a7342e3308
37924 c4ad1a6ca0d407a5
37925 aaaafee5d221519d
37926 29ad90e22359364d
37927 54bcb8660a3bed8a
37928 7552d06645f22d53
37929 7e37098d07ee8dad
37930 2628c001009c52da
37931 60e6e31927e8fedc
37932 9d52f4d21af25a98
37933 d090f031314d0097
37934 1ba7fdfe40c46d7b
37935 31f06bdd5d610e60
37936 7a72a86765d93b86
37937 093181fa67e8c29c
37938 516a10dc32b61c9d
37939 6497d17d2dac798d
37940 f860031492f9f40e
37941 d8a33fe25d9eeca8
37942 276acf228994eebe
37943 55125b1e003a9515
37944 0ca87245e137846d
37945 ff7a9ac79d10a621
37946 69f93f61a76ca28d
37947 f83909a11c14694e
37948 97041ef54ec56dd2
37949 fc57da480445e9c0
37950 3ce7d1ebed1a2c3d
37951 777f9fd7f9a8feb9
37952 d3c82fb896714392
37953 e43cdc43cb2750ce
37954 41272e6fea0eabc4
37955 3fe714657fba92a6
37956 89b6c92ea66c875d
37957 24a10ec1fa61df25
37958 5c3beb9fdfdcecc1
37959 9a8bb09ed74acde6
37960 1c1260558a4cb3f3
37961 dac9f7c2d330fc18
37962 a5d33a8f88d985ec
37963 67d3ca9b3bbcebf0
37964 b3d5e2d8416b60c6
37965 a9665c38e2a1978a
37966 c4beb8a2c4981aa5
37967 f35383c6bbe1af0c
37968 184df7a6d02ae92b
37969 84399ab7413e4d24
37970 def288d369010b57
37971 21d5f4fff31d9d0f
37972 3562c61e98d11e06
37973 e1befe42dd0445c0
37974 ebf965defa087b91
37975 98b39fabd4f8c4fd
37976 83204ec93cc1d68f
37977 64d64d6c3b545888
37978 1788b4f3697bc488
37979 e877494db1208e37
37980 3d8c5ac22e741501
37981 07b650c2bee5c540
37982 321ac1455b67ba66
37983 2c74bb74b2de339f
37984 fcd30f040bf4fa25
37985 0c7a68b89207a75d
37986 d2cb600fdbb72329
37987 e84a9aba479058a4
37988 033dfca9908a2f18
37989 c43b24c1232bcfdf
37990 aa2459ec29c6e181
37991 56811e0e4c1806f2
37992 a22df8ed98af4378
37993 3ddc2e3275aea7bf
37994 76f4134963c49923
37995 d45fb08437a9e043
37996 916ca1d7c780fd1b
37997 ee6fc1aea47a8cdd
37998 c4b4083d78441479
37999 8f3a10f194b4fe1b
38000 f40de84d63e65d21
38001 6917bd77df71006a
38002 b9e73f827b494027
38003 a65c61683a2de761
38004 2c212d025f40728d
38005 488835aa5b860be9
38006 8de5aa73993a6c9f
38007 945866df59ba5597
38008 9c24fa726d69c3d1
38009 e11e38d13af2a52f
38010 d1b12a46f22ea631
38011 208f3fa00a89c68c
38012 d37149f2142f6c48
38013 17737f44794977c6
38014 b933b9359f308ff2
38015 a7f6920e76ffbed2
38016 9870d962e17abac7
38017 af8cca7b3f3bf860
38018 4c84dfe062864bc2
38019 5affa7c8e0f93e97
38020 73468b288f98187c
38021 15bfd174262a1d5f
38022 574b214edd44e0fa
38023 8f30783a26812a61
38024 e911218a817fa075
38025 d3855a7d62207692
38026 f7de0f0bbf605dc8
38027 cdca7f85b837fce4
38028 a2072dc7507544b5
38029 7175d2d6ad55ca79
38030 fffd84f334808c9f
38031 d7297611a2e8a714
38032 22f7f3042e8d7603
38033 741d2177a716a48c
38034 d8865658f08738a4
38035 e54d3a10cefedde8
38036 3877bef365ef7c8b
38037 8aee55f22398c324
38038 638ffbe36f2cc024
38039 e6299a330325f88c
38040 1fb9d04147f93e38
38041 e5fe93c65bbe3e6e
38042 d71419bdc3e7b5c2
38043 f57fbaa32e34c985
38044 02c0211d6556cf03
38045 716cbf88b8ad6a3d
38046 e0ac7a12fdc0a32b
38047 ffe08cc4d92aa5d5
38048 72a86df6cf4340ec
38049 a0dbf4d45663b412
38050 3ca07c19eee80d77
38051 c41874c0757c8638
38052 af6dbc3ebeabc82f
38053 ad0362b40ebe74f5
38054 6cb1891160d13b26
38055 b08e3e7a1188031d
38056 647f31a094c3eb58
38057 1ba5fbe884e38a13
38058 688f2215e268fcff
38059 8ec462ac5d450f12
38060 d217d22625f1b5d9
38061 1dd6f8fd51f7a6a6
38062 1c62b4d89335708e
38063 829f782b981451e6
38064 c84fff2b554a6948
38065 d30e7ed29632f0bd
38066 a6938530867b56e5
38067 170f2e7e2539e960
38068 23953db222d3ca6e
38069 6abd4a4a55024833
38070 09fe094ae4913f32
38071 3c86a997177573b7
38072 25434e8a6217de40
38073 b2ad311629a8b945
38074 155ddaf7e3be275d
38075 0d92f20160f75bb8
38076 608aaabb3e492827
38077 2b2d4cf416a264a2
38078 ae1df97fc49ac7c8
38079 af0d3a8fdb08d3ca
38080 9168b8712c71c8df
38081 04189c92abd72173
38082 139c4cfb1f1041cb
38083 162ff9f94ae608e0
38084 99d90979c8307e09
38085 ddc924973364b864
38086 77386783482b9c64
38087 08740cea73245ff8
38088 b44ca952d5181d48
38089 045e690013bac904
38090 a429fe20ed1688f2
38091 dd21e06116d85119
38092 6830791b19bf252b
38093 827209b83290b854
38094 7877fbcecc97fd9c
38095 d9075307dd945627
38096 48a642be8c3c8fd4
38097 0d82d058f4e4de43
38098 e9e3bc5e73026471
38099 5bce9fde8b4fe24a
38100 50d865203676c6ee
38101 f6dfec54864491a1
38102 281c7db28c8cfeda
38103 59ad0a5b8a4f8041
38104 998a5659e164ccac
38105 62f1fa8d83c159bb
38106 581910d469a42ca9
38107 253faf81b6b00c42
38108 26ef51cf237a068a
38109 c4c11b19fdf93b35
38110 0e3e858c7dac6456
38111 f1c200deb9ef610d
38112 0ccfe1c7559b104b
38113 74b890c3d84dafec
38114 ccf20d9ffff96b01
38115 ea062c00274db49a
38116 52f5a63442f80318
38117 49518afe8f145047
38118 45c2ca0d3418bd74
38119 7829c10460fe5ddf
38120 ecaa7d78cbd8b3aa
38121 cd55fb6fd4589a87
38122 e575c55a5465984f
38123 d847010c122e3cdc
38124 e0c6770cce088a2e
38125 d5a15b6e96d90f69
38126 602d5af24dbdc23c
38127 ffafafdf44e9322f
38128 edff6bbb10e2f9a1
38129 864cca2ff009b153
38130 1c8e248ea2bed886
38131 525e68582b51562d
38132 d23609eb137d5541
38133 9dd0edef8f1a1fc6
38134 75729e140fd2837d
38135 bc4adec746be6ad6
38136 c26ebc79604ec084
38137 8b9e3d88ff82c572
38138 6da7b53abb7f289e
38139 b028e9e0e66aa9d5
38140 ab4329ccb2b25dfe
38141 d59357e79abfe3e9
38142 d62ad0ce8502d79c
38143 985e0fc673b423ba
38144 e8e54fc6bd853070
38145 f01b8862b0cb597f
38146 cdf17bfdff675e1a
38147 1732d2d8a1edf431
38148 d2e7c7b1d02f5985
38149 19e2421d580bdbda
38150 68e9cc1679e92221
38151 7fe29a1d2252068a
38152 9864607731c60630
38153 22be286e22ca55ee
38154 85285f74f42a171b
38155 2664b76f4d401c90
38156 d5ea6471a551ea94
38157 4de2f6e19c169edb
38158 40244f7442e22e2c
38159 35d4ead495bc2237
38160 85be8ef453b19252
38161 7e951c546e6ee2b5
38162 31b194736951baff
38163 d698916b171285b4
38164 8689d2193ecef200
38165 ee94abb011efcb0f
38166 14d956baf4d21048
38167 bea3c7652d0c8e53
38168 a91e899e44cb2399
38169 a6df663db972e8be
38170 e5203dd019b7f656
38171 d6fc32bfa9d3cfed
38172 eba4a3d8bbf4572a
38173 1493bc00f02fb745
38174 7a07a0f59b2ba250
38175 2de90830d2fa09db
38176 794864c271f26511
38177 fb9bad82f4d5f096
38178 3430d964029394c2
38179 3f5cb209fc8e9199
38180 108c7c1b61d498ae
38181 d7ece689e0ca6dc1
38182 81858cff6e5732f7
38183 4ed8c5e01e9ebdec
38184 aeeab9d336fafc29
38185 942283d3bc8c2b0e
38186 16b57d1cb36ea5e4
38187 0a57a3e2dbef862f
38188 ac760fe1ba95e9e8
38189 d14c2a52ab3beff7
38190 bf2f60c727e62882
38191 1441e03d50744b59
38192 48bba1e5954689a1
38193 26d48a252d51dba6
38194 179636fc3cf9a1ac
38195 df0ecbfbc4df8db7
38196 315e73e2af812ed2
38197 1a234af336fb256d
38198 1271b0e6ea882a1b
38199 c7a971d96e51de90
38200 89f8a23b770b8205
38201 a69ab11441cf3672
38202 cb933f01e97a9c36
38203 70a352412483c0cd
38204 4bda37d4741f2146
38205 7f9a8a020a6dd274
38206 e59ad0ed423a0626
38207 ef71b0bce83cdd88
38208 69dde45592d18f5c
38209 7fba92201768a2db
38210 a58bf037fed5ebf0
38211 fcb77738783a3bfb
38212 57327e4bad02cb0e
38213 f3904a674fb9a2a1
38214 ed77a07eef50d0eb
38215 de63493245e48ea0
38216 0fedd03555601fb5
38217 fd9aa68d89b10822
38218 51008ae5b783a4a6
38219 e74f7bb9631c993d
38220 72ca930848718596
38221 80615e9249067d29
38222 16f1053531dde7e3
38223 45af312fc9c7c618
38224 9efe4c3318bb3efd
38225 9fea754d8275df4a
38226 f0a522e5e00a0d0e
38227 dfd0aa95cdb3fda5
38228 f9fe6ad53b09aaf2
38229 263880f69074478d
38230 6f387185495d4488
38231 694f8aa1b3640293
38232 398603418ff0e059
38233 3556f20dcd21387e
38234 e5038a3ab098c94a
38235 c4d0bcf5cbf6d561
38236 16791533829052a6
38237 eec3cbd962e97639
38238 760a5641adaa8bb3
38239 bc335785057237a8
38240 7d7fb989a7b8a900
38241 a92a4954515caaf7
38242 e945fd96f922b810
38243 ae1997b97418949b
38244 bf2b9962db683cee
38245 19e01bf39a5dea01
38246 5164b96519de048b
38247 ac48f2d130aa81c0
38248 e20c9cfa61309d74
38249 72191a5073f76c33
38250 f3073c42c2504ba4
38251 874f6b5c894239ef
38252 008a54e518fdf1d9
38253 13e1e817d640dbc6
38254 eef5351e58de4103
38255 646b00ca30d0d4b8
38256 c462994c1afb5cf2
38257 b4c64db06db84755
38258 a6fa6feaf7295432
38259 7ef7671b7dd0f8c9
38260 fb47086bae68655c
38261 6d1cc607e1a58123
38262 3be06661fd27dcdb
38263 c970bd78ccdcc250
38264 dacbfbbf90dfa2ba
38265 eeb4231bf7cb351d
38266 28b0a5905e3afdf8
38267 7a5fb0b844469d66
38268 2f83be0806bb71d0
38269 31bede43591f149a
38270 220ad2bb706d6a2f
38271 2144da9b98662de4
38272 ed19c473d1109de0
38273 7ebe96bd98ac1857
38274 7c8fcd9253b46d3c
38275 4e7b8c23ea59c107
38276 9a8b638b47e6c98d
38277 9dcdee63e59206f2
38278 fc5eaf8e63803326
38279 29bcbbfe544e56bd
38280 d6c0e9777d9f0a46
38281 1c2e46192d63a9d1
38282 03d89e9602819e84
38283 60efdee2f36ea94f
38284 d6d7b784fe7def85
38285 d3a80aeec4f8e56a
38286 453aa0888269009f
38287 f9d7e707987c1754
38288 26d357bef9f01bd0
38289 fc39ded5d222b807
38290 52b7f1b32b9d4c4c
38291 ed18e050bcb1b157
38292 f147dc5ca379be9d
38293 66516d303c57d642
38294 61086a5efd828f47
38295 6b8b257fcd81d97c
38296 ff8520cedeb443b8
38297 229f268dccc3d24f
38298 135682faa3590a18
38299 a9f3a54d9d710ee3
38300 103fedee445b4be6
38301 d806b86ff7698f79
38302 fc977264cee89273
38303 e8aa65f65d1b0a68
38304 a9eaa8ffefe7d77c
38305 2b2e6763f309d4fb
38306 2f127c7a1301819c
38307 97158a1e8678dee7
38308 24a1691133e7ebad
38309 d982ee76b7a2a712
38310 d3688430dab726fa
38311 a99b5de1cf84fb51
38312 3548ce098e2bf466
38313 06167fd149adf671
38314 2c7248152220fd64
38315 fa4ebb62cd951aaf
38316 69cee6aa8443d425
38317 f793ca674c07c90a
38318 d3cd13383379b33e
38319 20451050ffe522d5
38320 2281a372cbad31b2
38321 bd93fe558f78a295
38322 f52dbf4a40f110a3
38323 dd86c6bb85acecd8
38324 c7258a9171e004bd
38325 640d8ac5a4bf07e2
38326 4757c1e9f47efd28
38327 35e6bf402fbd5f33
38328 ae20b795908679a4
38329 397e8fe667b38bc6
38330 ce0280233b2cfa2b
38331 64a07f45102bd04d
38332 f7e121616568a575
38333 8220759d41fc225a
38334 73d9aeef409f19b0
38335 da75ceb908a2bdbb
38336 53176d33defc6ece
38337 20b100dff6dacf99
38338 56ed35f99b4d2daf
38339 a932c3a69e1a6464
38340 122e5c2a9e8371f1
38341 e839b66b8ec0f81e
38342 f41e60a3f177545a
38343 9f7ef24a39c35931
38344 0181f74a2ea4310a
38345 99aea31628735fad
38346 21d72b4604eee8e7
38347 53ae35aab33a9f9c
38348 7860911f0e6b40c8
38349 bac7ad494c0d7a57
38350 0dffa58609ca42ec
38351 65624fbf230a8ff7
38352 c0a380a5cafa6712
38353 79c0b36bf30b7a75
38354 c96cef1bcd58683f
38355 f300dcae65b172f4
38356 ded6375a5f8679e1
38357 d19ec1ad7e53544e
38358 da16d578930f180a
38359 0c8b70c23713dd21
38360 6527dd873924ed5a
38361 9c4d9dec0aa809bd
38362 6202be11c0d22337
38363 459ffa2200b9fe2c
38364 beba9581bd4a8869
38365 7ecd42d6eae97bd6
38366 5943a25c580db112
38367 d3934e825c9a2ea9
38368 2100adc15bbb4dee
38369 32b8a85c090ac239
38370 e2fce1c7c8867bdc
38371 8b4eefedf7214327
38372 a891898b9551186d
38373 6e9699df2b4b5cd2
38374 0720c94140b182c6
38375 9c0ce7087629465d
38376 2b746a50dcc6f96a
38377 c089bd8e797e9b8d
38378 3003bf6218729107
38379 5b8f5ef8409a013c
38380 dc0783bf585a5534
38381 06ea03ab67819afb
38382 93a69803cdf95d0c
38383 9d2004ba811acb17
38384 ec5046aec724b1f2
38385 4e57a6a194c81fd5
38386 28741bd0faf3ee5f
38387 58146918f239cd14
38388 389a639fe264a020
38389 cb527269859173fd
38390 57b1c50278c1d474
38391 b2e5d3b38c10cfc2
38392 09350c9a4aa7965c
38393 8d711cc26ac4edae
38394 e6e7b8ccab312b53
38395 601cd9019acd2708
38396 bc0b1c76f4924f82
38397 1639c6e4b67d4b9d
38398 ad10110e1558857e
38399 ffa6d29c0d226495
38400 0886a08bb7ca2df0
38401 51620e897a6e4147
38402 e603d62d4876e26b
38403 2c6d233d6618e120
38404 2770284cf77c8b0a
38405 2bfccc5b277be4e5
38406 cc3eefc52ea895ef
38407 88887b2e4a5f8ba4
38408 fe77a245a6da276a
38409 6efd8561bb922ed4
38410 5cccbf15a2d615cc
38411 9e194d3faced7ea6
38412 779bfc382d421657
38413 26e1c5e291dd5e05
38414 891211b529a59fb0
38415 c90b63e5e6719602
38416 496bf7f40e100b9a
38417 e9953919e949686f
38418 6b69a0d5317443ab
38419 6eacbb70ac97dc18
38420 ac801f31510b9040
38421 d19785303a5129c7
38422 436932ff7e54d118
38423 c9b3606aa87e2abd
38424 6d0ea801d925783d
38425 fa52f1c19e5f8498
38426 3b71358a7be8d98f
38427 1f70ef59d5cba40a
38428 6a9d37d6ac851d28
38429 3e7a101919ffc84d
38430 aa5d31f957a13a40
38431 20d245ab1f92f045
38432 1d93a2b54ac437c5
38433 c91624ea40fc2ec0
38434 8082b93115abf497
38435 4ea4dd454e790692
38436 3f1417a0cfd754b7
38437 af0dc216a4fc6f82
38438 8e39d51e2e186d8e
38439 ed3e714d26a824e3
38440 e5549e8294c22320
38441 5ec6176518321775
38442 0b7e34dfcf2d3cfd
38443 dc09da3d520e8ea8
38444 f96973268d83647a
38445 037d4681ca6ed94f
38446 11f81893e224013a
38447 ebd537e7ead6da0f
38448 d8f7d6f86df76803
38449 f2f51d7f4af0795e
38450 6b0c53bb23b43c3c
38451 a39daff13653a971
38452 892b8b2e1750b5f8
38453 8281796c36d03e64
38454 09f2e9a76bc71dbb
38455 d364f28f8dc6e637
38456 bf9d9d081d814b9b
38457 4cb513aaef7331b6
38458 08dd5dc18152f978
38459 d1f373744b0cf30d
38460 c1cf3f2ac7358f9c
38461 0db9e5164c9b9e51
38462 eb59ce2ce0124abd
38463 326ec31337af3f68
38464 fbdf1f56c22fb0b3
38465 4e5df60790b5b00e
38466 aa6dc7a2cc3df316
38467 66dcf24f2106407b
38468 98c6db03dfd10742
38469 e138f2d2c8859777
38470 28c0a64265324838
38471 5e47db82623e99cd
38472 7c4c625f1a6e62cb
38473 2ed0e39fc9480526
38474 4065ea5cfd66a8de
38475 52b5e1dc96093783
38476 25ad75a752f94fb0
38477 1df4d2588c554285
38478 7683d5c31bf18aa1
38479 cf5e75a3041c02ec
38480 d5d6f5b9b10fa37f
38481 a2737e47546cdcaa
38482 39db88be0234ce9c
38483 626779d084b75e51
38484 ee062756094b7d94
38485 112c9fd14e2bf089
38486 cef670a0cd7dd099
38487 2db97b41ea8147e4
38488 3edb5487649276f6
38489 8b1f83ea1f6599db
38490 1ebadbd9f4c3fe32
38491 67c63684c499b7e7
38492 7c12b27c7e68fb3c
38493 751ad0c8fcf70c71
38494 8cd56008962ddad1
38495 12aff2b44048e01c
38496 1779bfc634048bcf
38497 0dbf0c3135b973fa
38498 286e8f53a327fc6c
38499 1045c3b1c1325121
38500 2a25e31cb1d22404
38501 c066e3a955054839
38502 1a9db258846ed2c9
38503 aa22716c234451d4
38504 aedd29863cf53fd7
38505 417ea86be96ae822
38506 8a491d7408addcc4
38507 eb38f21ad78a31f9
38508 0472e06d560dea50
38509 dca9ca0c05b199a5
38510 c2887aa92e12287a
38511 6bbef2cf3f05644f
38512 92fc1ec131fcb6c3
38513 4c783822769c5d1e
38514 b0c84a7dd9bf0f20
38515 fb5fcf9961ede8ec
38516 8356d9ceb7877d75
38517 c22b6c0d255f06a9
38518 f1692a5921944879
38519 967f8d13792ab144
38520 c1a72aab42756c9a
38521 349ea41e4cd1106f
38522 d09fc042ec0f9b52
38523 6da6da575e35c187
38524 528098ac25ed3edc
38525 54d9445e74dc4791
38526 57afb8c3a05e24b1
38527 4ea4226d6733f27c
38528 082ae3fc77cb41ee
38529 20c1b05180bb9693
38530 b84bb3d5d3fa0356
38531 eae219c5c7afabbb
38532 3730ba43b943996b
38533 076e270dbc4ac8c6
38534 93fb7c89ec12caa9
38535 f590975fad9f1bb4
38536 d74b77bad4f2a400
38537 fd9ca31fee5666d5
38538 e633ce500ca81ca8
38539 8442d4f52f850bfd
38540 b240169b8c4a16d6
38541 d4386dc6f37a5f3b
38542 f112b938fe03cf61
38543 1c54d20de518e3ac
38544 8186a288f96b0568
38545 2fe95e8432328dbd
38546 8a8a7b45ff50368a
38547 637e5d99bea2965f
38548 4a3ddaa125b65d47
38549 96517cab063df712
38550 dbbc2ad44b207175
38551 f0bc4c66d1d51c20
38552 67848c02005afbfa
38553 81b6d17504d7c4cf
38554 c55fabb6dc55f4ce
38555 458b410b667bd373
38556 fbd9b8b4961a0cff
38557 e5461fef7cb29a2a
38558 bf7effc1ce1a6fbc
38559 4d2621d4d0b5c2f1
38560 a2ca0110cadac994
38561 0d2a2d87967f1f89
38562 3005f8242c0d2576
38563 40bcc2969a40445b
38564 7db2b98a4cf4bb77
38565 7f41a84de42b0b42
38566 c791731a8ab98805
38567 b539b88d5a246530
38568 4f5c1ce6609fda0a
38569 12f6a2b45dacccdf
38570 b4c69297dfdeb53e
38571 2b444005b1b0bf63
38572 4d07c95c5f6fa0af
38573 4ceb53402061e8da
38574 2957489540c9c42d
38575 2f56e73e7da61a18
38576 af10118b183fa722
38577 c3cdd3a4b5f37326
38578 0fc317c2649aa7fb
38579 ef632a3779eddaff
38580 9947fb519e1149f4
38581 d42f22a0741163e9
38582 a11b0d6f29ecd639
38583 7ffe81e0b8209404
38584 76e01881675a0bd6
38585 d9836c214610e13b
38586 9bfb6db8cf2a5a6e
38587 8fc659770fa0f313
38588 0471f68b1a4ce15f
38589 a16546173c29208a
38590 67557d28c8d5dc40
38591 2e3f0275c8225915
38592 bb8b622d3cb802b4
38593 5a08dd582d1c2ba9
38594 1ae7a437e2d2cf96
38595 2df80f43c849e7fb
38596 f5a3785f87591457
38597 0f9fea29b6f5e6a2
38598 eab247a9ee479ed4
38599 823a8a546815ecc9
38600 c70f1924c25b6140
38601 74e836eb0252c815
38602 9f38c188ec242091
38603 dd4fa53a373e7ddc
38604 1f2ff8ca93a50d0f
38605 05fb41e307b0fe3a
38606 182ce4cbecda505a
38607 ef281fbc4668492f
38608 5f872dc5afdefb1e
38609 670ce558335fb9c3
38610 ad9e656a39f28d1c
38611 80efaa155f1205d1
38612 a8646f9f45946d07
38613 d1169e1572155cd2
38614 7f22a8a715b6c322
38615 bf3a1fcceeeea2d7
38616 8ed54cec15ac67cc
38617 d2fe6f535fb26901
38618 48db945dc3fd22cd
38619 c555df61cb3f4338
38620 2ecba4a92c05b623
38621 35b8fd3aeec06afe
38622 c365a7b10dacbea0
38623 574fbcf100785bf5
38624 6d07b2b863f97bd8
38625 c4f87eb6aaaa56ed
38626 2a8b104e15078f25
38627 2486e514e76879d0
38628 997a1ec9fd5cc4e2
38629 4734d2896e421297
38630 f2cb004803383bee
38631 4e42ab25589d4793
38632 c5d9f577cdc782e0
38633 730a26bb8a173735
38634 3e01159cfecf513d
38635 9bd2ef07f72c93e8
38636 a9a600b559a5eb33
38637 eea816a35b60bf8e
38638 1342b35a4df6c3b0
38639 25ab696d7cddca34
38640 8029448f96a984a1
38641 a4a617f57d5ab51d
38642 64ea416190f22c55
38643 29a15b2f2acd2c80
38644 121980bdbd5f201b
38645 673157e6b7012236
38646 531eeff70ece2968
38647 3f29f4fa3e6de3bd
38648 21dcec78277d6e6c
38649 8409047469146d21
38650 f7e5bed97a50b2ae
38651 2ff0db042fc72553
38652 880b5d1692f9111f
38653 89cde8f3ec7ef84a
38654 4ed1a03f45493a1c
38655 94a83fc2e209cfd1
38656 394c79069cd155f8
38657 f29285b67971558d
38658 2d985e65516ffc05
38659 fd46bde906162630
38660 76aa918fa3a8051e
38661 51e7cdfca1a935c3
38662 206d25b16efd670e
38663 967514872e5c09b3
38664 e152074a32677980
38665 60fce9c5e6adcb55
38666 f080e79fef187b1d
38667 c6ea37db9b507648
38668 9e52b84c0e51b5da
38669 f6eb91b118c64aaf
38670 62a085c9c54df19a
38671 7ab6986cc8ab476f
38672 638419595f65413f
38673 678b873f0814906a
38674 c3338ebabdcab835
38675 c7f0db949c2278e0
38676 c23242d122d76c54
38677 106fa70935611e49
38678 54288b6c9c7c8a04
38679 36893a60eee77139
38680 1d004257e620777a
38681 ced5cfe1be59874f
38682 92062cd192c23c8d
38683 d4e5c1736b1158f8
38684 c22fbf89b8f295fc
38685 92c287a26ab5ce31
38686 174292533656cbc6
38687 7b7f5b9ea4b2946b
38688 8c5ad81b56780153
38689 9adc1f7781fed0ae
38690 9d4abb990f8c3de9
38691 c3d5de19889426f4
38692 c3912c9d4314d5fe
38693 f2639c092cfbeb23
38694 45b34ee03cb798d2
38695 0f4f87b42b892507
38696 b9ca719743f11a6b
38697 b7a7ead0ccb55cc6
38698 571e8f915f2989c8
38699 2a412da08e413b9d
38700 99283d9a3ee03590
38701 9a74a80239c7d69c
38702 8966a337e9d61723
38703 3b757d325284d30f
38704 d81f80d353128a03
38705 61170b57ba94a65e
38706 c2a586340ca6d479
38707 5be4b55126fd2844
38708 7c198abd15a3f28e
38709 c19d834830973133
38710 f8eb067d4736e702
38711 14aa3cc4c8838f37
38712 6031605e51f9e79b
38713 7d40eb8c59c76cb6
38714 842d054b26dbf381
38715 2cbb45e47e724f4c
38716 5bd556b19eb2bd46
38717 4aa824065ba9aeeb
38718 83514c4e168cd666
38719 8f320bf086ff850b
38720 376e9f114b918d38
38721 086b367c768c06cd
38722 c9dd6cfb55d2e1c5
38723 59e70972396470f0
38724 4f97fb7e60d0b542
38725 a7b65c982ddda877
38726 a854df068b2942f2
38727 34f0fcf4975074a7
38728 c89469e17691c0cb
38729 2c6755b8ac3b7326
38730 83b8431dbd4d3464
38731 5408169a8a6ff419
38732 315fb05a211090b0
38733 f01248e17c2c8085
38734 6b8e56b8f05081da
38735 9fa7c0d56e2f73af
38736 992fbf110b462863
38737 b64203846cf1f23e
38738 b723771475b0bd80
38739 52de21f64b709e55
38740 9af777979597f394
38741 0d422eaee46b9389
38742 1a7108a2703b9435
38743 4ddc66d6342437e0
38744 17f9ee9c6b06fcfb
38745 cb63ab2538451f96
38746 2d280a47f536338e
38747 c8ecf8d86ff2b633
38748 d5c2eee9dd6eae4a
38749 41e3e3a9c315641f
38750 662518868cf55220
38751 af0654130fcb2675
38752 62be39cec47e2e13
38753 a8307dacf7b4fd6e
38754 b9924811e5743d36
38755 647c19f473c2cb1b
38756 7656e280bea05e68
38757 d5ca028e924585bd
38758 d53d92d33d7c32c9
38759 60f61ee18ee32bd4
38760 47a17132549819d7
38761 ca964b8ca8856a22
38762 bdf7672fd76fbec4
38763 5c594180bfd0b760
38764 693fbefb5625db5d
38765 fd407753f7b51061
38766 ce1bae3c451eb481
38767 9a4bb197fc80104c
38768 f8fa6283b0a355be
38769 e877e4f89c93ace3
38770 d28dae87ea2bbb6a
38771 f02cf6d0ba27883f
38772 96557b84071d9db4
38773 1bdf7bfed232d1a9
38774 05503ee301be9a79
38775 62626dc6b03aee44
38776 6909de4d1da79d27
38777 640a0f9906775a72
38778 7d6ab6e9c818f354
38779 fd53bdbc7fae8949
38780 4ed4633db599c5dc
38781 eac8e577ee19b391
38782 5ca7558cb2abd0b1
38783 19a99cc750afe57c
38784 f3edecec70163c2f
38785 250913e10e6fe35a
38786 af085bf2c40a96cc
38787 53da2f9ab6e6a701
38788 809d500860515f08
38789 803c90c85663eddd
38790 124709076f1ac732
38791 d8bfb605f4d910e7
38792 9b64254561a3888b
38793 8a6f55a31e63ede6
38794 daa7ac95be0fbaa8
38795 80692cc560c830fd
38796 0334ee5953c0544c
38797 27d60bc05dbeb081
38798 a6840c9171ef6561
38799 14adb21a65fdf9ac
38800 1bc21a0b1f1256c2
38801 4f744b335caba2f7
38802 d173d29a9c6bfb8a
38803 4ba0d54226b8745f
38804 91d4f898c1c80ad4
38805 e726dfa9353cddc9
38806 9fc221a0044f1a59
38807 910fcbbcb34792a4
38808 748470f3b15795b6
38809 9167f27fbccf419b
38810 ed522c70b0ef0ace
38811 02e729e8b15cc273
38812 b062ad5620ee0ce3
38813 be4aab58ee6aa5be
38814 073a38076331c491
38815 5cc91fbc3cf14edc
38816 d43a5933fa35de98
38817 ae4af8f4250ddead
38818 0462b972674c5ef0
38819 f9d520e3679fecc5
38820 a26d516309b86c7e
38821 a63e723854cdf8a3
38822 9c53e2e3abb23889
38823 60180daf4942f194
38824 5d1ea64a716e70a0
38825 918fac788f4d6634
38826 d9c60a50bd76d313
38827 96b2e85242fecb77
38828 fa6381c7764280af
38829 e6ea76da8fe1f2da
38830 df4ca8c53708ee2d
38831 df4afc6483d90c18
38832 7890e99ac1583122
38833 fbdf0e41e2b07ed7
38834 273421c9a211c126
38835 ebf2f24ccb5ebacb
38836 2f719b70ddd868a7
38837 4e3f0650f2ce3ef2
38838 91c1800aa634bb24
38839 1af1f96b329525d9
38840 16e4f5cca098dbac
38841 95af9a09e23ef261
38842 63289361483da96e
38843 b8388c58a1865d13
38844 42a3718f73b0bb5f
38845 410fa1add4b5358a
38846 155f089f47b7933d
38847 4934e2eaf84ebde8
38848 6b74bf698b723172
38849 9e76dc8217f64b27
38850 090bd660f2694a96
38851 9dac621d300e73fb
38852 ea346303ec6fd057
38853 6bb2a3fb47c795a2
38854 848ab4be6d504d65
38855 78f514daab0ed010
38856 55767fcf65bb726a
38857 a8ce945024f15e3f
38858 b7cf26aa06ed9a62
38859 e22bd2a9091af517
38860 7f0aa8a65421f18c
38861 04c5ae54309213c1
38862 42d9941c78b2de21
38863 54821b55455ee16c
38864 67462828ea88991e
38865 6a63b6ebdb211ac3
38866 296a947d9256d0c6
38867 d7f5e16c6f79866b
38868 d51728ed6bf35b07
38869 f4b9530a9c4032d2
38870 501310fdcce1ba08
38871 64df281f08b731dd
38872 466e9dc7ee4d14cc
38873 a6f9ac504744df01
38874 6442ec15a3c2200e
38875 d48c40812bba93b3
38876 df94e5befced75bf
38877 f0c7a8e96f6401ea
38878 77b234c242dac67c
38879 055acda26b9a6ab1
38880 71b6a4dda270b9d8
38881 a1533e8109938ded
38882 06c2daa0267ec6a9
38883 1896c49d618e3ab4
38884 56ba88db90cdc437
38885 483bf43b71232802
38886 a21dc32e357ffc92
38887 86db2b0ce23d8c26
38888 0279b6cba8ac350f
38889 ce38f3f464fdf5cb
38890 e9ebbeaa86914744
38891 6c8449791f45e179
38892 6a6c807de0fd286f
38893 2063fb32d5dea79a
38894 536f2caf6006e5fa
38895 fa035bd8714cb8cf
38896 f17ad14a43519b64
38897 5aa1fa71df9aab19
38898 34f06e9c82d30c55
38899 9f3c23e4510f3e80
38900 3fb9429715115a1b
38901 cd77f70d85073436
38902 b8a48223f2766b68
38903 aa7fa74bc31189bd
38904 0d43ff7aa170f990
38905 46b65dc43d358ae5
38906 dc23a208009aa52d
38907 6973c9dac5e53f18
38908 bb9a2ee5210a406a
38909 345f4c6dd9e2613f
38910 c4958ebd372427a6
38911 0402c6923407b24b
38912 21c1eb9a649004f8
38913 d9dc4edf90483f8d
38914 145d25ab1d642e05
38915 ce3d239efc000b30
38916 b01d8ac15d9aafeb
38917 99ec14c825b3cf46
38918 bb4da95628f9ab78
38919 48d81a4ea5d7c10d
38920 e3fffe81458c4080
38921 75e1818e06d08755
38922 005c36d0469b271d
38923 1da2889f35140148
38924 e7b21f8229303a13
38925 93b89cbfc265f96e
38926 8f9ed72a99f43310
38927 03b6168cde452e65
38928 2a17c8004bcdaa84
38929 27b2ef18399e5cb9
38930 61732853c0dd3106
38931 124d2d5bfa89fcab
38932 80eab3ad9a07cdc7
38933 5662c04701aa6c92
38934 671af7afd22b8004
38935 3b847f03c9735a39
38936 e26f02aa45efb930
38937 355fbec37c439b05
38938 a069e7fad6b2aa8d
38939 aa8411b669649ef8
38940 98339d4c76eeb5e6
38941 23eb473618246b8b
38942 df51c63d3819b0c6
38943 a6f84c9bd843026b
38944 984111dd1ae75018
38945 eed852dbefe51f2d
38946 7c77a77402ad06e5
38947 ff6151a8442c1f90
38948 a066ae9d5557caa2
38949 997e4fd601c6080e
38950 23c24760ff9fd48b
38951 5144b8855d976307
38952 cf44339daa247297
38953 19fe9ab4f98694e2
38954 e3204c4b51f7cffd
38955 1b4fca34ea572ba8
38956 3bc72f2cff20316c
38957 67b43d72a5ce3e21
38958 05cfac9ac576feac
38959 c1a9cbb7c75deb61
38960 da869a525db578a2
38961 2c24bd647d0bf757
38962 838f23ba58325115
38963 1d8dda7ce526b740
38964 3b09652e4ff33274
38965 aacb20510d821769
38966 31ead972eff35c7e
38967 f665219ed6c904a3
38968 032902130a31c79b
38969 23a6be6a227056b6
38970 fca1fe466dda6d81
38971 1f6937a4eeedc94c
38972 51e7f8bab9c9d746
38973 38cbc2e4d13c34eb
38974 705d356f31d5a3ea
38975 1b1f7df5cf37b9bf
38976 48efa7dcbd7d41b3
38977 1aa0b93ab752d30e
38978 6dec47a9d86f8910
38979 2f1e66f10b248d65
38980 131b5e604fa8ec48
38981 0377586a2d40761d
38982 59ffe86f4889ddf2
38983 8cdf9e97c4e136a7
38984 28bed6462f3da2cb
38985 c957060e71670826
38986 4e6a8171148c7e11
38987 abfbd4bd6c7f9f5c
38988 3b0ae93b8fe7aa16
38989 48be875f708b477b
38990 910618c7bedebcda
38991 fe3f9491bca81faf
38992 10747b6cb4d7a463
38993 d1292367fa2db13e
38994 2d451b0d3560e5d9
38995 851ed279d56b9a24
38996 023da5ad7198e6ee
38997 8287133767db2593
38998 e225cecccaa6821e
38999 465276be2e2961c3
39000 986cba85ebafc370
39001 909682091b673f45
39002 bacd92289aeaf74d
39003 f9adb0ba099ce4b8
39004 a38db3910429f44a
39005 874fccb7faa2b51f
39006 c3fd9a0c4d091b8a
39007 66d8ede37bf4985f
39008 ec09ff7bb3d62c13
39009 b40ed7cfe49c0b6e
39010 9544409f27c2a96c
39011 d287093235bf7558
39012 631225c7f881dc89
39013 7931771d22d66cbd
39014 92e7eb3a48810612
39015 d477374e414f4c47
39016 829f8b750db7882b
39017 6c68c796218d9f86
39018 a9982bcdbbaca388
39019 b0f28d05f91eb25d
39020 a72a8ad36f5e35ac
39021 902a2fc600755661
39022 b7cf74f4a19c7aed
39023 04016194662934d8
39024 7b3a292bf8ca1dc3
39025 46452ba23cc4a21e
39026 ccb00e125fc5bde6
39027 c88d66fe72d2e88b
39028 26a1632fa43b4bd2
39029 94c8a323899e8907
39030 b1eb8e48ad5210e8
39031 cad50427021c443d
39032 88994eceba4f255b
39033 58465ae673f8b976
39034 260ebefb30a8812e
39035 dd8979996d5336d3
39036 cf0e2a1b411929a0
39037 9be00222fde697f5
39038 83be1823b33530b1
39039 7bbbd0e7a5e4d77c
39040 187e8347eeb61e2f
39041 3d2a181e278a9d5a
39042 3cb82a98c37b88cc
39043 e0c4cdc69053cd01
39044 d91e27d7fbb544a4
39045 6f6d566875e1be59
39046 97539160badc43a9
39047 54814f7013318eb4
39048 46956d8b20fb38c6
39049 27cb56b60610b96b
39050 f229177e3cea44a2
39051 3c5b0474d234d357
39052 9ab20f7f3e9cff4c
39053 912e47e1a9b0a281
39054 ea224607f4950f61
39055 91efe98eb178a2ac
39056 133b9e27e6355bbf
39057 4a1525fb19da1cea
39058 6eacf5fd1f56825c
39059 bcf49f47370fec11
39060 6ad371bf34fc05d4
39061 9ba53af5b6fd29c9
39062 0a88495f1812b659
39063 f1e802780dade5a4
39064 afa5e335e038b907
39065 e04cb6972099a8d2
39066 68e1451baae5c434
39067 1429f9568ba4f329
39068 def4987e5f240e4a
39069 35163b97deb63a48
39070 2c40b222f32897ff
39071 70046be7c01111ba
39072 c31e31d8eefb16fa
39073 b2ebb683afa8f10e
39074 c3ba08630270bedc
39075 681fe56c1ee81338
39076 dd44d08b5bb7e1d1
39077 e39784aba4dcf21c
39078 f66baf786d04c250
39079 cabc5c81922e96d5
39080 13d45fcf977c9b2f
39081 ec7cebfd9fcfac2a
39082 5dfcbe790377dbdf
39083 469804f876a5c89a
39084 963c5ef6c0c9b36e
39085 7b7aca40135e9813
39086 1a37f2a7fd3d997f
39087 781b881cb87a19ae
39088 83737a6494112049
39089 5829ea4657784e9b
39090 7a60cca9225c6998
39091 4045c0e7cf44008c
39092 3a18552e271e5b5c
39093 519ebd0caabfb209
39094 247b70d90d37b002
39095 8ae3276d6738c487
39096 fb07e6bdec676fb3
39097 ddfea203041ac98e
39098 cab4e443835dd45b
39099 30e903dee0ba3636
39100 474f1f555c98d531
39101 7eb4b4c43b5660a4
39102 a697db7443d825c2
39103 bd42de23ac162247
39104 ce0b5692a98ad7c3
39105 039b44dd6937a1a1
39106 014339adfcea6ab2
39107 3673b780d28173cf
39108 7bd4c0e9c3c0f82f
39109 73fd9730664c5a12
39110 aa0867510da3c631
39111 94086b9453f4c8bc
39112 b6c19c031d6781ca
39113 a61f24d566ea0c47
39114 e609ee7aeb207586
39115 fc15596cda9e6903
39116 c80787e523de15a7
39117 3989475114e35d2a
39118 a5388692c80efdb0
39119 ade4e96684beeb85
39120 767edcf7b9302980
39121 b3af927a98b52315
39122 0f23792af4d9abae
39123 c498d93a86db9e8b
39124 150912c6224dc6cf
39125 506e539bc24b43b2
39126 5efcaaa93f6edb31
39127 62619d8bfe4d5cbc
39128 14f6bce4c69ab46a
39129 6dbaaa827b4e29e7
39130 11623f96b7431fd6
39131 843c988d20fb2ad3
39132 c42ff2637fc0f9b7
39133 21f21cc390b1dafa
39134 3838177174570299
39135 15b5d434f1805f2d
39136 038882bb6ed1f673
39137 838422fc22122a0f
39138 e837963e315d76e2
39139 e661886cdcd2c1bf
39140 39affbc0730af270
39141 2d80598e5e81c245
39142 05faa192c61fe405
39143 ec5ce3606eb7f730
39144 d09e7bb2d79cf25e
39145 db1543280dcc5b3b
39146 623221a7d2dd8966
39147 20980b93f6d70fe3
39148 5fd7c2c8e83faa87
39149 10a4b8560a91ed0a
39150 a6353c2544abb174
39151 4192b5c1f1c1d329
39152 0792a0b830418aa0
39153 41564afb601fb635
39154 287871350e56640e
39155 e2f5bf72a10bbc6b
39156 df64a8079e9a6baf
39157 781ec592a7e4c292
39158 6ec2264b2695d548
39159 e8901929b2b4ebfd
39160 4e1b0dea490a7774
39161 415aa10cd6bbef29
39162 3fb6d6fd2d86f90d
39163 b5bc71cc7fc88118
39164 58c7c777d93ce897
39165 7fc36d7cc366d65a
39166 f8de8f983a35389a
39167 a749853da2343ad7
39168 9ee82dd628a8e5a6
39169 7e20c227dfe91123
39170 914d985f0a5f4800
39171 233787be3d982595
39172 d7b1163cd11a78ff
39173 cee832bb631aca22
39174 9af5df6dece78162
39175 1e02e652a765463f
39176 a17b5d250faf2a38
39177 a7cac81b1cadf42d
39178 255f1e6b5a11dd39
39179 608b4eed72702144
39180 15791e67b4e3a2f3
39181 efc28eb95116d076
39182 4acf4417c46bb454
39183 42e7df2054c40209
39184 c01634320cdeaa4c
39185 72ff8eafcfa58dc1
39186 d1f69c4e30337ec1
39187 536e9398213d9acc
39188 6709c3f190ddca7a
39189 fe1165dc65d433b7
39190 cefbf76eaef3318e
39191 de9d8bb264c2ffeb
39192 9ca46ef6258c7814
39193 130c5736bc574249
39194 05da1de4050f0d09
39195 2064bdd900d7bed4
39196 534e07c92db91ce3
39197 aae9e3b7c0b11487
39198 ab76bd4bc50712da
39199 5b3a20cbe140d4b6
39200 67162ab8b985c0a3
39201 35c853044826053e
39202 641147240822c9fe
39203 ac0773baf36a1e63
39204 48a954ef0ea053b4
39205 f0ed87ba6b283fc1
39206 53ec20e74062c933
39207 9af3960ed4b8144e
39208 5db6ed36de0d8ff7
39209 e095830e14d8d4b2
39210 b3d271e29eb87b89
39211 6f8065be67ae101c
39212 3f0ba56d532d1948
39213 81a951dc9b452975
39214 72bcca354717c09f
39215 754be9a3c87fed5a
39216 a9f3ae8685810fd3
39217 e9da94b195814fee
39218 576f59f1140764ae
39219 6eac1c6788516693
39220 4fd44790bb093571
39221 cfcf69f303e84ee4
39222 72d539ffcc5121a1
39223 64fcf28083e55f94
39224 3bdd219ab2df1bab
39225 06b52c8eaee2c546
39226 10aba21c22fb6406
39227 0750e4c78b5e0f6b
39228 18b10d63dfe8bfad
39229 8a4761e590c17840
39230 7d413e045efb6ba5
39231 7f441e2378d8b4b8
39232 9f693c244d492960
39233 527aa8a0bbc11a4d
39234 8ecc3eecbe5a221e
39235 d57a5328703bac03
39236 39acd00a311ac25f
39237 bea9abbd99c8b31a
39238 c535d54916888e57
39239 120429c7d4eb5b12
39240 62f764b305049745
39241 2a1159e587c9d558
39242 d2d257969e93aab6
39243 4f7b4cfb5797f11b
39244 fa54b669733f2d37
39245 e7a1053823085ef2
39246 699da684e32188c9
39247 ec639914cb155f5c
39248 e84941b1353fd214
39249 ac9ff5d2a8655521
39250 116153599fa6efda
39251 9dc9cdc65c40a91f
39252 e5cb73a5da53b511
39253 dfacce6868de0604
39254 c571c3a94dcdcf0d
39255 22f0c8330a072820
39256 5b112b0c4e6e006c
39257 83aa8dc4f7090e19
39258 ae0133befea4dcb3
39259 e60f6c7beb60544f
39260 ee1acbf2017b646a
39261 02203e685bfd6c86
39262 4d4d7389f5b3b445
39263 bb19c2ca42f25e58
39264 c8e185eb9bfc1344
39265 1f85793a14bc4651
39266 ca01fb0446f7002a
39267 aaa73d9674d7edaf
39268 1762e5b4bc5856e1
39269 d2b33cbc6563aed4
39270 bd478dad43b87b3d
39271 0e37bc6228387e10
39272 8082f9d267e3d81c
39273 b4af95d430629389
39274 574d750e59a7d262
39275 c05ccd16dca63267
39276 2f01445bb3b5cef9
39277 890f4fc6bb1cee4c
39278 91b1f55dd6b77729
39279 26a34496f0f5a93c
39280 8e1fe8a2fc291d93
39281 eb9c55f6c2be86ae
39282 ac16542f89fd0fee
39283 f10254ef19224bd3
39284 43e0d9e9c8d66f25
39285 615c1112a7c57d38
39286 d253fb65a71d662d
39287 51b8414b9c7814c0
39288 305b65a7f26d4d8c
39289 59413a7663375739
39290 a1c6085f13d8c8d7
39291 f9bf3e03f69db392
39292 26b300be4ef8fbcb
39293 3c6c8d3f5762a266
39294 a25458e05e323265
39295 89657cd2229e3278
39296 e7debfdb1e0b53e4
39297 65ae8b5c236b8371
39298 e21d695bae381f3b
39299 54f8bf3a079000d6
39300 a10630037af2bf1f
39301 6bb4f0e247e132da
39302 5975cfffcb73e00e
39303 a531d240ae5009f3
39304 7c9c61dee90a293c
39305 ef91ab37ba7d4329
39306 92e9026577751169
39307 cbccf1b9a3474e7c
39308 96ef36f238ae473d
39309 673f53b4f38e8d10
39310 8d4603245fc59d0b
39311 5b9a3239b04ac9a6
39312 7de6918ed2f5d654
39313 827fbef0d3892261
39314 ac4cf22158df3fa1
39315 64881ff27c265d94
39316 1a88ad4b39a07ad3
39317 4a3fdf1e812eb1ee
39318 1532283c9c621c8a
39319 2f176f2f8691798f
39320 1d39680ddc1ec908
39321 895f4ebbf40c4c5c
39322 754c4ea334953c9e
39323 ad0f503b8731cbb2
39324 c32f16d2c6275e27
39325 b797d5b36c28a622
39326 19a733bcb9e66fe2
39327 791bbbf2003babe7
39328 ea7d0c6b1db31fa9
39329 6cbb402c686f56bc
39330 21b14a5ec6a6359d
39331 7b493225d8db32f0
39332 e08768c1204d453f
39333 9d216d9c328bc4fa
39334 d886311337a86bba
39335 89d1d4599726fcff
39336 3ff61ef5fd1d6b18
39337 ed8ee248f1a65a05
39338 628b9fd21a0ccac7
39339 199946e691bff6c2
39340 925588016692ed97
39341 0c01d0870e33e152
39342 bef5aa50ead96512
39343 5eb7aa2eb3bdea57
39344 b4617b78610b76d0
39345 929fc093aefa29fd
39346 c3c3fc54d43dbb5f
39347 50ade2dba64f825a
39348 fc94d5339d1a1863
39349 f2f5eb23fbf1a1ce
39350 603baa96a7d1bfad
39351 05ad5d86708c58b0
39352 32422b34c176880c
39353 7cf43d54b8aff679
39354 2290d7bf2b7d4743
39355 0e3bc0becf1b68ae
39356 1f10e9150776f587
39357 91f974d9bb9f6842
39358 8eef31c063480d02
39359 524067469d331147
39360 494cf011e273aead
39361 94a47742658cd3b0
39362 1c9fae6166da6a7d
39363 379685dc57b9b640
39364 5f06cccb0163b75f
39365 c865783fc8fb4d5a
39366 68a10ae3293abf1a
39367 714663aa0608d41f
39368 edd4f5be57c74611
39369 80ebc8b973be9184
39370 ed99c7168bdc8f69
39371 3fc1426e0946793c
39372 2936dbede6b5910c
39373 7575eb05573bec79
39374 6065b6b1240b4572
39375 900ba316a9900df7
39376 d5fb374ba09a58a3
39377 e966b2a8c7a02d0e
39378 e3e6291a5770521b
39379 e93745e4e1a5dc66
39380 12a13e6f13f10851
39381 93574bc657760cc4
39382 23ff1ed0591b38ca
39383 a1dd595a250fa576
39384 8db23e9f420da8a2
39385 5e55c86bdb56a1a6
39386 71a8047decc5c9e5
39387 dc7a764e139948c8
39388 5802e107c6474ce8
39389 e9f73731d6e3b705
39390 4338983205d2ff96
39391 18f2c1f1d9291ccb
39392 f9818c4b8ebd29cd
39393 23436cf43bd66ad0
39394 9a114a8d06e92151
39395 91073531fd2b8ac4
39396 2b8ad260a13784c0
39397 2775d893f4fbd4fd
39398 14e4949028ad0c77
39399 b772af782791a0f2
39400 2b44ffe4f1beb937
39401 5c70e89c35cd3db2
39402 64e7929fe676d589
39403 3d88ec0dfdf6175c
39404 5c22e97e0b18d518
39405 004eb7198d99bb75
39406 a6643ee4eb4481a6
39407 7b2d8aa4d01e285b
39408 0ebeab36793aeadd
39409 2dd297f727c86f20
39410 7bafd03a4b736601
39411 53e294010d5bcd74
39412 6a93cb32202760b0
39413 949535048be097ad
39414 6d15cac0e380473e
39415 03553377bd541c53
39416 cae08309d3455535
39417 4d6843922ddaa8d8
39418 8b780016cf09f845
39419 d4c0b06cbfc39528
39420 93e1f9fc90b34447
39421 3407e7554b705f02
39422 f93a2ec163db2842
39423 f1622037319fa187
39424 552105330a552949
39425 59bac11b64e39c1c
39426 3a01ac8d0a8f90f1
39427 95166ce20f979664
39428 384aebe1e68d9660
39429 6b6b2603477e8e1d
39430 41424b27ca91c8c3
39431 2e6ec5c049ece52e
39432 6ae379b23c1c2497
39433 149dceb2cacbf392
39434 ca58ed5307b93e29
39435 ffbf37dfdc28bffc
39436 5d516b67c1700238
39437 21ef1a8d8a6c8695
39438 6a7e3a224c00d6ff
39439 1a3a6cddfafb80fa
39440 6014cb3ef711f463
39441 91f1560a176c58ce
39442 9f13346f78e14dda
39443 18c4bcf8b3a27ddf
39444 274a9c4dcccdb050
39445 1dbe87d11656a27c
39446 012684983445b554
39447 00b8f18276753690
39448 720758148ad629e1
39449 eab504cd98f52d54
39450 54182e506b3c9477
39451 28a2a526298cc8f2
39452 fdb085fcb6050528
39453 a2aae20001c28a45
39454 8b4a968b1a9ec685
39455 01eaece096e7e368
39456 0d40f02f6158855f
39457 f8d61708a2f9095a
39458 2ab8ea9564b7a8be
39459 8325ac9cc0300ad3
39460 a0b9784598344534
39461 2124986db8d00cc1
39462 0ebbc0e42cbb0263
39463 0425d29a6ce577ce
39464 46b5602075b0dd8b
39465 d5480624e575a456
39466 1017288c11c52216
39467 02387b7586154efd
39468 36771078e2991554
39469 c926c05dcf4254d9
39470 a43fcc9908011470
39471 f134af19c1a07a45
39472 2ca2157ac8197c5a
39473 7de219ef92073ec7
39474 4daba49cb4657b5b
39475 43f46b87cda2fe7e
39476 995bb3c449c22d99
39477 c93a0b1e0d382214
39478 b21766b95b2deb8a
39479 086d670f97aa75b7
39480 0b5e0be02b6167b2
39481 529f06077526b55f
39482 5dd3302080a890a3
39483 2a80a632db1c37b9
39484 019db305f3aea22e
39485 5060b3491faf4d83
39486 c30a233039641654
39487 6cf06e1fb895f648
39488 1fb0887535eb3a9d
39489 36fa6b92bd59501f
39490 1953af595a71139b
39491 5bb4c0730c875c62
39492 1bde46e861996604
39493 b52ab59bbc53e055
39494 8c501e3bd26b400e
39495 bf90b17c34642e94
39496 37d6769317db5d0c
39497 1bcf91fd6971f9ae
39498 bc5d3907d35b196b
39499 fd01fe5b7d33ce31
39500 d1c369df29aa74ce
39501 c540c345f3223df0
39502 cd22cdeccc368e8c
39503 fd87f592e3b0c5c2
39504 87cf7f55b2b21e2c
39505 33713e4c2472d9eb
39506 f2a89000f7d5cddc
39507 0f0ada46c04282f9
39508 8e75c8fb4c37f07c
39509 a8a7ec234639ea0d
39510 2deaa28c8be4939f
39511 baff748886f6cae3
39512 4d344925ee941ee4
39513 7cdc13c26e9c29a0
39514 fea92022f43f923c
39515 2a38280dd815cd40
39516 5fc86b039629fd07
39517 3374b014b01a33cb
39518 1dff1b7463a90a5a
39519 65547c215b6cbfbc
39520 7f5e05e342a59886
39521 cdcbaa729ffefba8
39522 e715a61298fdf80b
39523 b010288b8fed2021
39524 0ba9c32537117504
39525 1afbc9a211195a7d
39526 0f45687992feca2a
39527 72bf89fbde45bb9a
39528 0609bc8dccfe2dc1
39529 90f70399530c6861
39530 3ecea24b9dcebb75
39531 f312d1b6572c3245
39532 c59409877a5b48db
39533 bedbd0d8c66479cd
39534 956ff466b307d789
39535 f8a2023aa178df7f
39536 615637dde65b976a
39537 6e352ff47f37fd64
39538 f73bf8e7a2550067
39539 bd29fc0984891bf2
39540 53f1ee1a18749d04
39541 e7578d0eac62cba8
39542 f11e00bb9b9030e8
39543 e39188a00bbe810c
39544 204b297afdec94f7
39545 0f3159d0cc7129f3
39546 46ac8cd30c222b9c
39547 6762460ded830aae
39548 526bdc2940c3d055
39549 ea2d50d50c09ebc3
39550 965773208fbbdf43
39551 6bd3dcd834adb295
39552 d27a0f6489d11d88
39553 0b18f7483654b025
39554 f7d85c5d9e1dfa11
39555 234caef68d242081
39556 a97b0a3138b86d20
39557 173c03deb6496d54
39558 fb80c79823ecc786
39559 af9fd5ba494d6316
39560 01e8f6e238f16da5
39561 561dfe18567daf57
39562 6c91a80a8ebc4782
39563 008bdc5bc3077010
39564 4ced1e85968d85f3
39565 859a64d281ed174d
39566 cec494575151329d
39567 207a4cc5925446b0
39568 45ca604eb296f783
39569 89df1046e997246e
39570 ed6d2877270cbe73
39571 a2de6e64da5e745a
39572 5d4d302f06f855a8
39573 139dfbbaf6aafcc4
39574 52e573bb39a4b0f7
39575 0a205cc551ddf5f9
39576 7b07aeffe3bc4604
39577 8218b3de2f4deb42
39578 eb4f6b9247f5aff1
39579 0d05a6eaaf8516bb
39580 c4955989528538cb
39581 d5c119f2d9b87602
39582 c346063b4cf4b14a
39583 159a716ea4e080da
39584 39cf1b9a6ee428ae
39585 b7216cc4e51bbf8e
39586 d5cc230b56cee949
39587 f9f45b965e889af1
39588 2f4fc0bd8082c768
39589 8d18d378d0373bf6
39590 61b6c745ce7faa4c
39591 75ef54f6cba6cdde
39592 1e9fc30392c30355
39593 74f02512ca3ad37b
39594 33ee1417e8cb24ce
39595 1833c6984e456bdb
39596 37cc9dc4aa08c71b
39597 e33c8d2dd172c4e7
39598 98fb5b605abb5d4c
39599 6c5cc1dc2e71f460
39600 c13cedcd0bfb0b14
39601 7dd0128e8501c7b8
39602 a65023ba08ee3746
39603 2741412c4322e704
39604 c308fa10e1eb1890
39605 59ac1ecf627a1b42
39606 11f326b4a3e0e1a7
39607 44645e1653a531cd
39608 e5343a8a57698d86
39609 198ca47d0a9dcacf
39610 456166096b114bc9
39611 62037227e1063ef9
39612 46f92f5f43aaca39
39613 3db3d08c4d197ae1
39614 6011b75b48c2e8ca
39615 0086b347618e34a2
39616 e94361453667ab95
39617 491a94064700bae3
39618 3818aed9d5171ca8
39619 395321a8d686800a
39620 dc5f0881ef94598a
39621 afb35850944cced8
39622 b29623b793afe0a5
39623 593582ccd62337f4
39624 6f4b25c0644cec80
39625 a21f92fd5ae5bbdc
39626 ca4616e523f6de1d
39627 4dc32aeb9d843485
39628 db6bb868e5c25bf7
39629 1001ddcf04c2676b
39630 7239a6509383f4ce
39631 248b1b91bf52acd7
39632 b00d21a69c93257a
39633 bddb5c6bd878c1cd
39634 693a7e76f8d5270a
39635 3b7f53bee4566f30
39636 74825fba3734cc24
39637 a73459f8e755b175
39638 3eaac2bb64424271
39639 6ee47b0e270d1aa1
39640 cc1a40bbf0e2ccd8
39641 110dde04ee2d084c
39642 ba3f1eb5b0690dc2
39643 2aa824eb99e5184a
39644 e8093d019bfbd5f1
39645 cde5a226fa78c713
39646 dbf31abc977d216f
39647 c75797567a62758b
39648 32423c0c0fbef156
39649 199f13274073ca82
39650 2c85118a0be8aa6c
39651 9305ea43fe08bad3
39652 cc6791e3664a5ef6
39653 e1188726303181a8
39654 83714aea90196f8a
39655 27c8299ae707a1d8
39656 c04bcbc62e085685
39657 872a94f34ad518f7
39658 275a0c7c595399a4
39659 40537aa173c79920
39660 a80ee2827c66f1a4
39661 739e52ac286fd1a8
39662 1d13ebe2465ec2d2
39663 c7431cadb01f6008
39664 11f057255d15fdb5
39665 00b0fc753ceee124
39666 23c41ac3321ddd80
39667 2c3c684ef062b194
39668 d914983c98d1001f
39669 8bca75847439315c
39670 f97344cc1aa9ae14
39671 175f58a6d2731252
39672 5863b9668928bdac
39673 86939095d6ce3588
39674 ddbb3a1015b8042a
39675 92378bd88820905e
39676 d64e44ff492e4225
39677 3466f301f41175cd
39678 accae2266cbfe36c
39679 ce083932e8aa4cd1
39680 ce701c4e18b20e76
39681 7321777ac9e27364
39682 191d936d69f9e46b
39683 b9509e0e40f05c49
39684 5dda4234e6a4d6cb
39685 cc43480829236766
39686 392744b888cc76cd
39687 ffadb7c2bdc0a4eb
39688 3c4de1ee50f11506
39689 cbb5bc0f1e163a09
39690 afe636874de1190f
39691 d815ef9842245d30
39692 6f8b3363bae589fd
39693 a807e7da4e246beb
39694 a9f3ca00d4c0a3b8
39695 ef4a0a215908df79
39696 0effb94f195532fe
39697 fba0c45ad72fbf98
39698 1156a5237066798c
39699 5cf9fb940a50dc30
39700 fdf565b9a4576694
39701 f968f3d0f745985e
39702 98a2caf04467ef47
39703 6fc856d4a1988f4e
39704 bb8cfb5a028bd9fa
39705 815564e4958fcea4
39706 fc5d2694fcffd89e
39707 542c9064127892b4
39708 bec08a2cd0ab7384
39709 7abd45ea58a00d70
39710 8b1bab7a0d9bde1c
39711 5fae27487d60c36f
39712 56fc9b8cc87adc4a
39713 b268232be3c44882
39714 2244835b1952ad2a
39715 13410aa5c0039ca2
39716 7d4393e9d438bd08
39717 3d330c8c2ef12fb6
39718 1745f34287d72969
39719 eae47a78287cad9e
39720 f7cd65c9733e1455
39721 6a414cde70058b79
39722 b425c273823b806a
39723 3715aea30754497b
39724 52b5523b2d45d311
39725 7943a5ef555c53ee
39726 69cf4a9b10766a89
39727 9f26be16c8ed8090
39728 9aff291a0800dbe3
39729 ae931a046bb7524d
39730 0ce22cecd99edd00
39731 18c8302c7f48eb6e
39732 213ca7024381f6fa
39733 5aa4d975a86ee48a
39734 fd6e31214307bfa1
39735 da7a77ca955771f9
39736 999503d97eaa5be5
39737 52d1543d95cdac51
39738 7b4e8568a94ec24a
39739 cd9d27bf267e2e75
39740 f06ba39e870d2695
39741 9cb6cf26fd1babd1
39742 31a95262a97a8531
39743 8b125656dafa0552
39744 e38f7a35fb0e0e36
39745 4c4eea264dde4a74
39746 72afa1b4e1e7fbfb
39747 4764ab963a7fc681
39748 50d7232a722f1200
39749 ca81c2f989f1cd81
39750 2cb190e94db20171
39751 74b4b4fc8cf59c4f
39752 114c7dcb48a43d18
39753 c9e0d8c1986608b9
39754 74f93596da06661e
39755 fd82ab46c8ba0d0e
39756 962dd153c7eec372
39757 810fa0bae4774d01
39758 3a5a32bdf249d9ab
39759 3da97fc7b0fd1bdb
39760 deaf32c9861f8e64
39761 f7f4d27b07c845f4
39762 2df853cac1f3eeb9
39763 3ff8d1f3079fc070
39764 c722939a2ff02503
39765 6d92b02ca5422964
39766 14fb068a4f1b40b9
39767 6612abac7d57f1ff
39768 07e456e9fde3e1da
39769 f3566618838814ac
39770 82a66e544cff6461
39771 942e2339c814ac34
39772 92976278d94777ac
39773 49e72f0019dbc6a1
39774 7025aa0bad5308d2
39775 c11c23b643b0459f
39776 b66bb4f8f4a65e0e
39777 fd0a31a3f7aff878
39778 b38935f1a6d69a1a
39779 32f63ced2fd589ff
39780 91c7bb39d2567b7d
39781 0d1b6900e32d1c1e
39782 0d814ca4da461a92
39783 ccf588d0b62b8fd2
39784 2e227d310c05108e
39785 90434a2f96a6a3be
39786 5da69e58e531fbb4
39787 b04500f23137b8d6
39788 af37cc081d2d8918
39789 89435f13afe4e8f3
39790 0a769228c16fbc51
39791 81132faedbe97017
39792 0d74d4a2e0088223
39793 a8a54b99ca3bd0c5
39794 42380ecb49c33e60
39795 34692416832527ee
39796 87640ba55e333e95
39797 55a2ea08089b3e6d
39798 d0cbdd87167b397d
39799 26dfcd9a987e1edf
39800 67ebc1f815e398cb
39801 e3ee0b3647c413e1
39802 4f3764106e17e006
39803 2b0294bcba5c303c
39804 06ae531c69b9c260
39805 83359721ea84959f
39806 7fb359199d346d55
39807 acde3912a6882f49
39808 ab224fcfd8f9f7ed
39809 61870e0672679358
39810 779348c93c076f90
39811 ee78fff4031640cd
39812 03cf48cfede6098c
39813 45fa01da8f35e192
39814 8a9fb02b154c3c9f
39815 a5c067371ccace8d
39816 0ed264ab307e317c
39817 e56061cde4e0583c
39818 5539871b83977947
39819 c582aa85dd8029a5
39820 41fafcaefdf1a2da
39821 2a2cadb0fafaa725
39822 caecc88630a9a69d
39823 fff6b6c9f511bd7f
39824 5494df10db5b7a1a
39825 1c565d60ce9de9a7
39826 4ac7d41ee3ce2f92
39827 c29acb77384f8e59
39828 e2e5c8d04a7c541d
39829 2023512cce499a89
39830 5ac2028805b2c215
39831 b0c76612d1f05c9a
39832 65842001e521cfb3
39833 9725928792b5bec5
39834 3159f83dfd5b4d56
39835 dff7f9eecd9d4547
39836 35aa391c79b03153
39837 4ff1652277856812
39838 a8776ad7d22ba1a3
39839 3ec6437c672fdb8c
39840 8f2a68dd9c600d25
39841 731a1749d28a4945
39842 2ec85a5e38c06bfc
39843 51c175b579284221
39844 2f1c98386202cf29
39845 6f6fe192f4f5d5ca
39846 e919b7dac579c65d
39847 f6473257f313548a
39848 dac7e0e380ab5ca4
39849 9f48c9c396d3f29c
39850 d14dece32045c52a
39851 d6ea738adcaf089a
39852 459572c97f4805e5
39853 71d0a23041167e09
39854 e2643fc2498fd1ad
39855 0b8e490c7c7d089c
39856 dbe457915e31cc16
39857 0d47bcf6fe5d081d
39858 63c9834b96a90bd5
39859 21d59876b5ecd179
39860 e21cb09a340d1628
39861 e760db49383db1b9
39862 5d45b758293ea4e8
39863 e951473dd724cd73
39864 3edfae40a4272fe1
39865 a6fdaa256bf7fe1b
39866 05a5cbc9503abe17
39867 626042b552baf01a
39868 c002337b09b502f8
39869 b88835d16f68474c
39870 023d578b2e74616c
39871 80104036dd59d0d4
39872 8b1180ce3996fcb8
39873 6e4a3fae01909a44
39874 d65ce29cc058817b
39875 313ee4f33a8318ca
39876 20630b7cc5984d86
39877 8248f94548eb219e
39878 a04543e5c88541a4
39879 02864250d4fdd4b1
39880 8ccdcf1865705dd1
39881 39ff12dd650848c6
39882 da00e14e919fe55b
39883 84dbfea2f1a782e5
39884 fb980f18669a6cc7
39885 62d65503152da301
39886 1094e7da969af1e2
39887 ddb0ad4d3f808894
39888 8b2374c2bed3a0e9
39889 2beb0afe9685d29b
39890 1307d4476150fbf1
39891 125231adf8c126db
39892 a9bd123550c1a404
39893 d9b729fb605cea66
39894 35acc9e619f3c3ff
39895 48367c03fb9e443e
39896 74e391d18788f02d
39897 c805bed2c0a9db17
39898 8b6d3e4ec1c6fd94
39899 dbcfa285376a58ed
39900 21b06f500cc1c31d
39901 e1e3432dddb4dc94
39902 eee5af36fbc0aa0e
39903 2bc8f26611ba817c
39904 ebce9083ece7b8c9
39905 64da5838fd8cb554
39906 f06a6c3fdaf57987
39907 4ed378fa715d9496
39908 8ad8e4c903fbbbe9
39909 cc51b47e2b558487
39910 ca4b17c0d68444ba
39911 bedf2ea05cf8af3b
39912 285e7b16bc82ae0e
39913 c9e88a0b8467b27f
39914 b846c0823464bba3
39915 3f7a9aca7641536d
39916 98fc518950f1bae6
39917 c7cd2114a67e03af
39918 b54708b85a116c8a
39919 c03c0c89d6c6507b
39920 8679afbbcf1ddef3
39921 492d45de4f00570d
39922 0ed62dc00a16c9ae
39923 3c2a567d00b94bdf
39924 ebcf3fd2cc6bb28d
39925 1ce515e4585e75a4
39926 97b86f211d48b8be
39927 0bde5230b136000c
39928 aeb23ad16fa71bfc
39929 7fbd83aacc7055dd
39930 a54e0323dd16de69
39931 a306f70696dcc190
39932 506541e61d6d26ce
39933 f3e3846e8b7113c4
39934 5a18b3f783d08bc1
39935 917450d7e24f83ac
39936 e55a96cf36b01465
39937 ff758df1b3000c5c
39938 3c23dd49ee329313
39939 7fa952e83465d93d
39940 c80032af07698b00
39941 73cf1c29e242765d
39942 827e8d898f691cb1
39943 2c272263f45a5d81
39944 80e818d7ae5d763f
39945 35ef0a133cd7e220
39946 3d4a3e19f3e62ec5
39947 ca406bf958fb5dbe
39948 6edd87d122be8bd4
39949 a170c6b1515edf83
39950 eacde215bbfda336
39951 f1e0beeb7f07807d
39952 264ecba62c679bd1
39953 0bc32e57d5a1fb16
39954 e13d95d93a9fd4d1
39955 040dbd8a1e35ac3a
39956 786552906467dc7c
39957 7053cf0bfa8a192b
39958 5f0d8931b73f1cf7
39959 a086d62be49a3584
39960 6cf78f5204d98313
39961 21cff89909e4b59c
39962 9718fe5ce8a07869
39963 6797f905eb1fdcf2
39964 83446d379878ee74
39965 81d2e2be19dd51c3
39966 56a551cd5f352ff6
39967 b7d51a16521e933d
39968 c837392fad9e1841
39969 a1d574f0f7e864c6
39970 2796195a99f93771
39971 1fe36dd5d6328a5a
39972 11d8059fef28623c
39973 ea1a9fe355802fa1
39974 64d172eefd86ce44
39975 47bc51456b8cd7b7
39976 868037ab565d7a2f
39977 e83060353b56a410
39978 086f99ce2ac7f963
39979 4b8ee37a64b46b60
39980 1edead1c1bdbff55
39981 82ad0358814edd1a
39982 64f82cb341097ca0
39983 7800142489c131a3
39984 99f43f32a7ded943
39985 c714a05569203dcc
39986 5eee52233c5b4ab7
39987 534144916e3e3144
39988 7286a8fd3f87369e
39989 8dd5b1d7b4ce9cd1
39990 087bd0d26b284405
39991 c11eccf8c3a467fe
39992 a56d1095f5294c35
39993 a873b806d726ff32
39994 333685abbb3dd29f
39995 5b6186d6fac6298c
39996 bb0b8032c79ef416
39997 e54317620ea9f5c9
39998 55b0eebd2881dc29
39999 52fede6e87a41fb2
40000 94abfd2655e24335
40001 ddd9d712684bcf32
40002 f9e48aeb3469a133
40003 cd6c623b9fe528f0
40004 7a0bb17b3c0e81a9
40005 a3780e832c923fe6
40006 4f649f5c09d11697
40007 0335a48aaa618e24
40008 bb63711c0769f01d
40009 6ce336fba353ba3a
40010 4f7791fbdc9d4d1b
40011 6f7d62b266ff6718
40012 3fe2d918c72e8b76
40013 7e3661cb113ffe78
40014 4866461bc1ff2ce3
40015 7d09f53c298bb6fe
40016 94f534e73222fc31
40017 e3de2a3b3175f8bf
40018 5f22742bacdbae2c
40019 15c63c10d6219bb1
40020 0f67f6f49f2825b6
40021 3ce1a5b4339dc34c
40022 e5c10e548db66c54
40023 35b2db7d1c40c029
40024 0cc994954df2524a
40025 d1731d3f39ff8207
40026 0125d809152fcd0f
40027 73be76701af4581a
40028 5cf187fc2a33fb81
40029 d7c595b94e852111
40030 602bc914739bacb2
40031 0780381d25703705
40032 bd13ab35639be912
40033 e760292127386b8b
40034 0ed43a5df9b9e347
40035 ad47999788bf9e86
40036 cb361114524e48aa
40037 a72b4d8734a662fc
40038 a035d2fe00c7f75f
40039 9df9fbc66dac2acc
40040 7e45a703acc40348
40041 95ff16e91554d539
40042 1597f1cb20824041
40043 41d42b9f2d446350
40044 24fee6fad95a3e6b
40045 2c0e985165749814
40046 2c7433d500d2c298
40047 9995d3a7f3aea0a9
40048 3157a2b880eec89a
40049 437c0acd72fcb18b
40050 f79e90e952c6b87e
40051 19bec75bdd8dac96
40052 4199fedec183a8f1
40053 19841081ec6f9984
40054 ca44a4e61d05cc28
40055 0d21124f4a888ef1
40056 0d48f3ad5edeef57
40057 9b5189069a017d4a
40058 fc2e1feaba76a00f
40059 cbe0847373dfabbc
40060 c0b87ca4d90d3014
40061 6700434e83cef071
40062 dec056735dfdca79
40063 08a5b8a856002da8
40064 822ce58410b09ce7
40065 cf724e07355a6968
40066 7aa083c43b661ab2
40067 da665854bf94a2af
40068 096251ce40979f6a
40069 1f83890c4f52d037
40070 a7e7e330779a0df0
40071 7a07c469ebdfd9f0
40072 2786510fa82c82e3
40073 11de53d62e3d86f6
40074 3bb6ce75b923d88e
40075 0894b11f838d4f87
40076 229b8b5decaee213
40077 fe1e00d5c8d3073c
40078 8c9115ac9889fbe3
40079 e93275472378a59e
40080 0c255049631cac9b
40081 e61e4f672d5ca886
40082 80890bbd4e96ab33
40083 e72596d2ad8c60c5
40084 6d2331bbe03d0b6a
40085 e1186e05d8ed9581
40086 ef1f64258d1ae4cd
40087 eb12a81156d8caea
40088 c67a120b1008289d
40089 d6b3c95efbd352f2
40090 9e5aecabc066a0c1
40091 6ade48ae219c5fd9
40092 769fc6b23eb92706
40093 c99b944cddc7194b
40094 6f3697d3a81e1aac
40095 dc18f702d1478429
40096 b31c29485a59ba1f
40097 13e9f2e461058a12
40098 3131892aadd9ed7b
40099 14f0ff8dca5d0871
40100 da79784fbb212518
40101 a571c7f84e46630d
40102 2e8493c87a0d9348
40103 a33cc46666e11a35
40104 77b3993adf2b13c8
40105 7eacf10e81266fc3
40106 ecb71d1ba57a5954
40107 5559ac0b6bd040f3
40108 3c5fd6092f4625c8
40109 c7c80c6be0ea5a87
40110 7975779d2ae85fe8
40111 04e9cd27fdb2f933
40112 3ec5ad9ba8752a2e
40113 26324fc2d7b175f3
40114 2a2569ba268d0eae
40115 9395a2eb44256253
40116 d6ed41785c430092
40117 9c686ad75cda8357
40118 edd78cc9ad94bfbe
40119 637a0a374f53df6d
40120 03b1e61be63f270e
40121 154d7086b5924689
40122 e408954efe6349a4
40123 328a792c27c82f81
40124 f90a2e9fba918b51
40125 aefe01f835316796
40126 ae39221236a88e15
40127 32fde007a214d6ee
40128 7f678cb8623bde7f
40129 46366df5e8c6b842
40130 743be58755c76a23
40131 644448f52ba4cb54
40132 26ec5df65eb96533
40133 ea51e74320c7cea8
40134 dd9a45f6ce4f3515
40135 172eb17d5c617888
40136 544e70281888ed1d
40137 4acae3625a2adcca
40138 d693ed380433d687
40139 9572f07c6d58a83a
40140 ee83e35f025584b3
40141 256b91c83ca4a1e4
40142 4f1b2bc26fe9af8d
40143 4015d883ed554ae8
40144 8c5aefdd9b57ee99
40145 2ac89113ace4783a
40146 02fc7eec6494c323
40147 571f1e5ed2baa166
40148 b5fd21cf6c9672c3
40149 b581295be5df21d0
40150 2873256c40e76a45
40151 7864303f5e1f99a2
40152 84e0379cf24330ff
40153 4fbee967d3628daa
40154 0fa95e4957a1ab6f
40155 df60ce63c210666b
40156 e23a2fc36a9b6001
40157 e3731029831dbfee
40158 9a4e24b3fd4c34de
40159 342282cf090a57f8
40160 9cddecb04cda48ce
40161 49d89ca863ca4dd3
40162 4eb02ddb7f7a160d
40163 81ceb21261bb99e6
40164 10acf1b155060954
40165 a35e384d19cda7bb
40166 59a2facbd506b333
40167 a4ac2a3c3fa5c05d
40168 39b700a806a1787c
40169 589150e787c2722b
40170 eb2512078990c19f
40171 b40c3528de69d158
40172 b1e62b0ab3290942
40173 c2b380ae487ecc13
40174 1cb2105752d199e2
40175 f009d77acfe59914
40176 054ebd769a912cef
40177 dc39f6b41bb5e55b
40178 a2b3af7a8efb45d0
40179 188deb9131b077d5
40180 d3cbcb322e7b555a
40181 83241860d5c39cbf
40182 f1fc5921390f300f
40183 8ca8c0db2169dc2f
40184 723833101a695ce0
40185 26483a4ede3fbf92
40186 ffe48f23ed3eb261
40187 e9e67f4a33ca12c5
40188 89d593bfb6ec8dbe
40189 d51ae2d48130f543
40190 578b936c05b37edf
40191 06db0dcb8c58db92
40192 097698f8560a59af
40193 5bb99f158ac65e5d
40194 ee0c9386e1b1df0a
40195 338685d6475f80c4
40196 0b056a2a22bc9c87
40197 524c183be0091bfa
40198 1670517bbea9ace9
40199 65cdeb9c85779a0b
40200 bb5b05d2371cf256
40201 0844e92aa37825a3
40202 f75b9a918d1b7f04
40203 3fba1a89c2284195
40204 d63f204f9fa9ded2
40205 aec40f195c947067
40206 f01e40e7afdf9f2a
40207 fac8688dc8ad0dbf
40208 a3a8cb7c6832d218
40209 608e891515a4b4b5
40210 fab66b4d3615c8ee
40211 8164ea9573035fb5
40212 caef870a91b99252
40213 204d197e8688632f
40214 e0613bd7782b2544
40215 dc08fd041dfbc353
40216 13c69832a6163e58
40217 70f0d5c340cac72d
40218 5d607c8e03ac6062
40219 34349009bf045501
40220 ffe070fa98737fd2
40221 12130efa3a3542df
40222 4751a7d90d7ca4e0
40223 4fd363330445c9af
40224 8f8d34f320f4ba34
40225 e2ea4df3e5740ae9
40226 f4c102078be6c74c
40227 995f24c48ac44c71
40228 7a1f11bf0d3c2bd2
40229 bc83dbb944122509
40230 76209ace9bd2c6be
40231 16f688b4aaa148a2
40232 921799bf32a45737
40233 69d17c6624023e9b
40234 0f634af52a137f84
40235 2409cf3ebae1a2c3
40236 2969df2e1f6b2559
40237 30db1c30ea2932b8
40238 e95a91971a21acb1
40239 f4cbdbe6e728623f
40240 50135c4972d2c9a8
40241 d455c0bc8f9cc757
40242 4cfe1e934547a4ec
40243 3ace9748b75938a3
40244 591c9f736128429c
40245 0a221f395ea749c5
40246 19df17d37f1e11d4
40247 d8e5811fed51eaa5
40248 38f18bb1b74bbea8
40249 744cc57ae314f849
40250 3160afb99ed0acc4
40251 52a99cdaf5382a4d
40252 409ff52c3c37dbec
40253 03d50eb804571865
40254 1021a38c9ecc85be
40255 2131e60fc8ac926d
40256 1454b7eaf32da51a
40257 4b1635df89131c39
40258 6b88f98e2dc41882
40259 73c242c5e6c92c85
40260 4cdc2d019c8cbee2
40261 8f1b747ad120845d
40262 b8218ec82a4491fe
40263 082b40131a0a5fdb
40264 82e9e419a0ef4cc1
40265 cf92f26a8582e6ba
40266 604d91c75832316c
40267 7e75b0a7710d6382
40268 85f4da707f36ff96
40269 284893c14426dc03
40270 c09829626a24de61
40271 4cf3216f73881284
40272 e80d0297906b65b2
40273 59dd755fff5d2f39
40274 33f950b925b1db36
40275 17cdd7059b730fbd
40276 2edc78c3c6eb9ef6
40277 422b86648dba8501
40278 0a935aef09952f76
40279 9aea9a8bb88fe924
40280 26430bf7ade1296e
40281 8a36e2249b2f061f
40282 ad9748b3262f6f36
40283 3cceb60988fc9e95
40284 e6b87ebb23a12481
40285 8b460043005df612
40286 ac04b374c4b383a3
40287 56bfd183ad921a6c
40288 cf2ecec44af4d464
40289 60cdba87d845d9be
40290 cabe177519ec7082
40291 d0ea02fbd2363a05
40292 5abd1b018d0b5aa4
40293 22896572997414ed
40294 e516ea0b52e72697
40295 1f2adc7ed8d8af70
40296 a4b0358f9a532578
40297 11b89279f3852909
40298 78622a2d709276e0
40299 8df246db65e8aeb2
40300 4da9706df415b6e9
40301 b9be3282c994caed
40302 54d5715a25d86ef4
40303 42e639a9f53ddbe0
40304 b94fa5afe6ee416b
40305 57a8662199c05378
40306 89d61ffdc658a6ca
40307 a2a447cdcbb269cd
40308 4a5fe61385e8d7ae
40309 0703cebb01de7bfc
40310 79153a1f75d9040d
40311 854eeb2fc1645d56
40312 1dc40a071fc02d8e
40313 d12d9ba089098fcd
40314 1af007bfe135f476
40315 8b3755b4861a344b
40316 0a60dac6fa37c49e
40317 15423594574a2795
40318 9d943949f59c22f0
40319 392a5460dc1e04e7
40320 5675c58fddbad388
40321 2df7a43f322f0c4b
40322 80cc4f99e6a659a2
40323 46be1b275518db85
40324 fd07c158e5504484
40325 e30c36a872ce1707
40326 b61b28cc8ef4eb6e
40327 01d9c1911b6baa09
40328 e47077ba6ca0e7f9
40329 a8599807ab2a18a6
40330 5fd5667cbe201d4f
40331 f91d04db35c70077
40332 9d783982c96d6045
40333 2b325f191fd6bac2
40334 e129e33cc0452ec4
40335 a7130b7c355b447f
40336 8bb025987bcf4521
40337 75942571dd62cb85
40338 0bad53c6606b83bc
40339 728b41ce4c84cfb7
40340 48d6c174dbb9d51e
40341 da1500cca4ae8119
40342 2301f0f0acf095a0
40343 afc789b6aa1e666b
40344 5c4a097211974622
40345 5dc1675742f21d75
40346 30a252f38e6d65db
40347 622025100dea8403
40348 22f5d3ac2885f172
40349 8d92d545356c24dd
40350 bdd4ae3e87af792c
40351 8e1c27f7f83b93c2
40352 64e28b79ab498e07
40353 6b809762a51bd6dd
40354 d7f0571d8dd2caa4
40355 42f76b5542cbf58f
40356 8fde510fa8288d76
40357 95488892f0f8f82e
40358 bc2bcc4fea9366a7
40359 a0981af79c0d8fe9
40360 4d4e6635141b8844
40361 39b6b8fd4aae7b57
40362 c0d9a83adef6d433
40363 37935c395e255ddf
40364 4889aa168f3efa9e
40365 57dd7a967985b139
40366 a5de2249059228d8
40367 cb6583999e6054cc
40368 2f8efa3b4d2bc216
40369 a35d5b83c967ed51
40370 fe7371be71371820
40371 859beab54c61218b
40372 56c09670b10bb9ea
40373 43847a7ff3fadc75
40374 dd920d32ce49ae44
40375 92c64c1e20b63d2f
40376 1bf015952a4a3cee
40377 5f9317fc5d6c2aa9
40378 68f918e93084ea48
40379 f10342619eda8bb3
40380 77404f42c630f53a
40381 6b267cec4a69baee
40382 560b08499bd8d7b9
40383 11538f7872c54c96
40384 4c2d17117dad5e12
40385 538bb7799012156d
40386 8213c0ec494b03f4
40387 d43a1a112cee305f
40388 3f343db8cc05fe36
40389 0ae660434b3c0711
40390 e36277e43ae23c48
40391 10056af9bb97516b
40392 6283b2534d2b69ab
40393 52fb156a3b84e9f9
40394 338bcb3c16d648af
40395 24f7c6610bee58b4
40396 4f547bbd2c99ac60
40397 4fe91b3c712298db
40398 bbf5fc413527b9ee
40399 eb6c0e1d550e6709
40400 7c81e385f00f7f34
40401 b00eb99a2e6d4c7c
40402 f562cf9fc8040b14
40403 18b2b94934a622ef
40404 a7aa6a8de5419abe
40405 5d6b897b108e4391
40406 f4a80b1443d6f87d
40407 43457548da603b82
40408 2ed0ab773d9fc88b
40409 3393ee75893423a0
40410 b3338148a352a4fb
40411 d04fcc43be5c8fa3
40412 cbd3beb222ac58c2
40413 e85a73fbaaa41f4e
40414 dd09cc5b3092d177
40415 db612b44f8e911c4
40416 a72a1093b5f6638d
40417 14b8105a15389c02
40418 610a7566731561c0
40419 4a38b7246fdf1002
40420 14334cf456c6118e
40421 1d7ff490d8ecb9b2
40422 64a52fa88bde1ac7
40423 937434cbab582f60
40424 136f4e95cc7c7975
40425 27e62a949cfde5a0
40426 f976a205ecac0175
40427 b67ad29ebb0a2144
40428 fdf36bcb569420f4
40429 0a5dcc9be9ebf1be
40430 d6066bf4f2c974d7
40431 b2592c4ee5403d84
40432 ac799150498461f1
40433 5cbbda0dcdcaaba0
40434 ce5a6d8a4f0e241d
40435 476f2a752b93747c
40436 8d4110379e618d89
40437 437fccff11963358
40438 8d66e95dc18a50b5
40439 cc9ee6d20d4bf9b4
40440 32a2b49245269c51
40441 6cb790c46d93f968
40442 780eb1b9a3c60267
40443 00e3795070260fce
40444 6d530587eefdada5
40445 6436b0efe936de9c
40446 079089604979008b
40447 51309f8c44e341f2
40448 0fc7ede2044b2409
40449 b81ea9f5356f3e20
40450 363e192a60103fdf
40451 52e99377f307bcd5
40452 b20435212a8b0204
40453 965287fbcebbdd06
40454 b9c0f970c9ae6d37
40455 f63cda19da0898ea
40456 9c7fb5e99d407fe3
40457 a13960f4d023b47e
40458 824c4b73b139462f
40459 5d595ccc3d4871c2
40460 829efc8a9822f40b
40461 3f4723b2e06d0fa6
40462 a52961b965ec6f17
40463 2f1fb81e895bab1a
40464 ea21b845c5b1dcfd
40465 e9dd3e3ce2fd47f0
40466 21c2d914e4cd062b
40467 2ace877e657f062e
40468 eb95d13ed245eb11
40469 98248c39f0a59524
40470 4b962538534f050f
40471 9a0a9e820d5efa52
40472 319b185ce74845b5
40473 6195a7403ec38ed3
40474 334ffd4ab0ccdca6
40475 1ba5a9b882456dfc
40476 88f48a9d460b2a6f
40477 a33543c1a75571be
40478 58fca5c91d844b99
40479 ba04cbc17b2e1568
40480 e333a1eae4d91ecb
40481 0c13402625765c2a
40482 294910e1e8927ba5
40483 dc6440b5289773d4
40484 0ee2fe10c1a36647
40485 93ca946a21018096
40486 b86280845c2ba111
40487 459ca240bb653be0
40488 cdcc11ca8ec2fae3
40489 b16a2e04fa3554a2
40490 0daf46b082c1c11d
40491 51177a5d64ea7b4c
40492 8e7ee367d06807df
40493 3ca7dea3292670ae
40494 9005642fefd72609
40495 667efa82b0f9a258
40496 7eacf63d2209197b
40497 ef435ad5949e615a
40498 9b78cf350f724a15
40499 f03aaf60191b9284
40500 a7ddb2e4ec432a37
40501 f6dcc4929ac58f86
40502 e73c53319b0c3501
40503 72a839b2d3566290
40504 933ac11483fca6d3
40505 f39ec2f5af12cd52
40506 a93f075021ba460d
40507 e8d15aa46cc25e3c
40508 45951a1cc2a4740f
40509 8e98dce821e1315e
40510 0932f9e14db5b2b9
40511 965df2c5577f6b08
40512 9bd5ad25d7f2cceb
40513 1aa7fab54301444a
40514 1d1b878df6a3c1c5
40515 04e7420ecfe74174
40516 3323acba43ada867
40517 cab37cf27d0b4a36
40518 d20f70b20f389b31
40519 41ef1a99b3b93800
40520 1fbd2475c2ed9b03
40521 5e34c692f4640342
40522 4baa3d616da9b8bd
40523 b13c657a673d3f6c
40524 6fa066ae94ccc1ff
40525 316ef6c83d6379ce
40526 3037214b938eada9
40527 9fdbff7932fa91f8
40528 872c67c6c690b91b
40529 711c27b26c691b7a
40530 a26d6ed3b0991e35
40531 6751daba33032424
40532 20cbb5da3daa9557
40533 9120d5479d942d26
40534 829d48a0534d6021
40535 03a02b9c3c8609b0
40536 6935df22c50959f3
40537 aaff67d286006cf2
40538 b1cf25da895df7ad
40539 ac0dae120b3e4fb2
40540 88d7dde28a661d93
40541 4e96acedeb3f83e4
40542 87bb2bbe5fb4f273
40543 db598eda8c762ad2
40544 bacf3bbea20d9061
40545 009985845c8cb590
40546 356da015df6e52df
40547 65f7bc4b485b9dce
40548 c58374a95ffa911d
40549 8ef27d208970cacc
40550 4158e7a7bda1f07b
40551 1ae4647a0747531a
40552 c52e9cb4d9641349
40553 eaad88b2d45abb58
40554 b737803c48535227
40555 e29456acfecba096
40556 5b4c1b91358b1325
40557 6f05caf03903fc74
40558 dd7e7dac633c2a63
40559 0b5f44b0fdc004c2
40560 84f5597c8e92ed51
40561 f29b8b8ff431b4c2
40562 5c187d465da00a9d
40563 5c0d5edf1fb3df0c
40564 62e7cd04e1109eaf
40565 9b59b2391438caa6
40566 54ca0a356a0827d9
40567 ee9ea2ed48933a48
40568 4e2f751ce0532ecb
40569 f025cf89bf13ad32
40570 6f1540e85c1d51a5
40571 a705806d1a9fead4
40572 240471383868a717
40573 ca4405ce9f53b6ae
40574 578438faf47d25a1
40575 c23a48e010fcb050
40576 95bdf2886b0bf313
40577 a25181b1c3bed55a
40578 5e0e03cdd879914d
40579 94b4bb0751f7a03c
40580 39c5d7e1a6d2db9f
40581 0210a7051646dc56
40582 b04ac1a465563d49
40583 e4618e23f95b7878
40584 a09d54fdaa34b7fb
40585 652b07d4ba2642e2
40586 5f85c04477497a15
40587 1bcc3ad935523dc4
40588 348fbcde789d0c87
40589 9b6b5a908b07ae5e
40590 dc06784b6c511691
40591 768e1b37dbc2f280
40592 5ecf467bb5c1c503
40593 2e29c4332b66000a
40594 a794f3dd9620107d
40595 3569733393c9846c
40596 456540f95d26840f
40597 606902c3af34c706
40598 6d513ebb0edf98b9
40599 bab6d9b2976ad0a8
40600 2f05a999df3334ab
40601 f8ee902dfcc36912
40602 c8c64b7122967005
40603 8a8dc48ceb1b99b4
40604 cf5ce13896a139f7
40605 e6bea99db424b50e
40606 46777abb63e7ef81
40607 e16753926f8abcb0
40608 156d0dbbcf6f2673
40609 102a300d6d4de63a
40610 22887831941df4ad
40611 79e77bdafd84b31c
40612 530d7f47bc72c17f
40613 da5b41e29677f636
40614 996f6ddeadca6aa9
40615 8a813afbfcab8cd8
40616 d5a35868e73dd8db
40617 758217a834fd94c2
40618 e7444f21ba2d3175
40619 6e483b1f188ce924
40620 a22788d7077e4767
END 40620
