1 b9d103fd6854a325
2 b9d103fd6854a325
3 b9d103fd6854a325
4 b9d103fd6854a325
5 b9d103fd6854a325
6 b9d103fd6854a325
7 b9d103fd6854a325
8 b9d103fd6854a325
9 b9d103fd6854a325
10 b9d103fd6854a325
11 b9d103fd6854a325
12 b9d103fd6854a325
13 a23408d287fe4c32
14 b9d103fd6854a325
15 b9d103fd6854a325
16 532e03fd6854a325
17 b9d103fd6854a325
18 206bf4cc87271b98
19 b9d103fd6854a325
20 b9d103fd6854a325
21 b9d103fd6854a325
22 b9d103fd6854a325
23 b9d103fd6854a325
24 b9d103fd6854a325
25 b9d103fd6854a325
26 b9d103fd6854a325
27 b9d103fd6854a325
28 b9d103fd6854a325
29 b9d103fd6854a325
30 b9d103fd6854a325
31 b9d103fd6854a325
32 b9d103fd6854a325
33 b9d103fd6854a325
34 b9d103fd6854a325
35 b9d103fd6854a325
36 b9d103fd6854a325
37 b9d103fd6854a325
38 b9d103fd6854a325
39 b9d103fd6854a325
40 b9d103fd6854a325
41 b9d103fd6854a325
42 b9d103fd6854a325
43 b9d103fd6854a325
44 b9d103fd6854a325
45 b9d103fd6854a325
46 b9d103fd6854a325
47 b9d103fd6854a325
48 b9d103fd6854a325
49 b9d103fd6854a325
50 b9d103fd6854a325
51 b9d103fd6854a325
52 b9d103fd6854a325
53 b9d103fd6854a325
54 b9d103fd6854a325
55 b9d103fd6854a325
56 b9d103fd6854a325
57 b9d103fd6854a325
58 b9d103fd6854a325
59 b9d103fd6854a325
60 b9d103fd6854a325
61 b9d103fd6854a325
62 b9d103fd6854a325
63 b9d103fd6854a325
64 b9d103fd6854a325
65 b9d103fd6854a325
66 b9d103fd6854a325
67 b9d103fd6854a325
68 b9d103fd6854a325
69 b9d103fd6854a325
70 b9d103fd6854a325
71 b9d103fd6854a325
72 b9d103fd6854a325
73 b9d103fd6854a325
74 638981f5a8e59349
75 086042b8387bac83
76 7a3a349315f8b09d
77 e21a3cd5bf96b178
78 6822c24cb996b178
79 467065255b96b178
80 4cf857f40796b178
81 241a3cd5bf96b178
82 6822c24cb996b178
83 4cf857f40796b178
84 4cf857f40796b178
85 6822c24cb996b178
86 b7e532a45f96b178
87 4cf857f40796b178
88 4cf857f40796b178
89 6822c24cb996b178
90 467065255b96b178
91 4cf857f40796b178
92 42dec6bc948e0bfb
93 2b7f22143fc7a486
94 099d1a0c2df318e0
95 662fadba3450ff1b
96 8d5d54b7c738e75b
97 d89d4aa64041166d
98 58a1f32ddddf3572
99 87809ff686ce4c3c
100 59aef05e3f685a95
101 9404e866f4732edc
102 dcc0c0f6ccf6efc3
103 0495a29f4543ba0a
104 f52a0f92464f6691
105 63946be77c434588
106 e44839b8a02ae00f
107 a518e72c8f1e2256
108 e2fae533bfdd853d
109 b8848a2c5e604b84
110 f31a87635b3e880b
111 3541056fdcf49b52
112 ac2698998df24d39
113 df836db0d4fa07d0
114 fb3688dd00bb04b7
115 dac950b77102cafe
116 79509318d1280785
117 3ef8f027b7ca1ecc
118 60d8ec0adf62b2b3
119 60735b33bb9344fa
120 2c1c81e7cf311a81
121 214f03164e1c3278
122 9a4bfd2114fc6eff
123 06e6cf05894d6e46
124 e94873c32ca1042d
125 07a55767cde1da74
126 3b3fb29286d8923b
127 06db8f383f0b5882
128 a9328eab1dd91e69
129 95bee39a459f6e00
130 d2f292b5db14dbe7
131 c56777d934a5702e
132 d7d8be652ea7d3b5
133 f39805f0ab9699fc
134 643f25d9a67881e3
135 23d1bdf1de282d2a
136 6011f944e81043b1
137 017a48b1d60ad7a8
138 0cd40e7d6f29332f
139 a58f9ea01b166d76
140 2dfc8e341c23a35d
141 6d165207731dbea4
142 084251c0b69d852b
143 1bb13b274beae772
144 6ccb5faf390efc59
145 11f86b0fc2aa80f0
146 970477b5773876d7
147 42062218b612781e
148 cd3a7ea3e688eca5
149 9f0ccd58d56e28ec
150 665a2591df6e5bd3
151 f459ce71b6fd401a
152 2d1de722c9c4d2a1
153 84fc23da7069f798
154 6b545f1ba1596c1f
155 e892d4aa8d4afa66
156 56812b2b3342114d
157 1b52509758d09194
158 79adeb7e6ddcd05b
159 6be6066eb3211da2
160 d9f4510452f9f989
161 887ebef01d8a7620
162 0e0bcf3f4246ef07
163 c45f061140724f4e
164 181b20c13f4665d5
165 64813b3c2ebeb31c
166 85accbb239fe2903
167 d27f1c0e431abf4a
168 d0c9c8940dfa9cd1
169 96251a57fd59cec8
170 12b15bc893b5e54f
171 b2fa2472a9aba696
172 b2f1520a6d27ee7d
173 67cc6759216742c4
174 aa085f5b14e3704b
175 c4fe8f2cccc5e492
176 367cd73d5e376879
177 9b2a5c9f69344610
178 77408e091f3e01f7
179 37c509649db9443e
180 f9ee2ddb6ff691c5
181 33675fad5a89260c
182 9a6258f3096a97f3
183 2a8b69644adf0f3a
184 e0737b80c81a5dc1
185 648a57ce2c5769b8
186 1b70b63815a7153f
187 2408fd38c4ac6986
188 81869e1ebecf296d
189 4f6db557eb048eb4
190 d111f47eb8b11b7b
191 5d2d955dad05afc2
192 f90c4d2ccfdd50a9
193 b0f3ed3d7b341d40
194 702bfdd2abf7c727
195 1a1d7aeb516bce6e
196 eaf5e30a66831cf5
197 74912847bbf5c33c
198 7a8f530b73dc0623
199 fdf43fa554227a6a
200 8b57c191ab42d6f1
201 d1bf38fa7866c1e8
202 5a1d34e13645306f
203 968dbf7db49358b6
204 db1dadbcd4c1359d
205 fef918ad50c0a9e4
206 2e9270add554a86b
207 ccd66c918b8e3db2
208 73faa3df39016599
209 60a826a2a630d830
210 24c7be835603c717
211 4d90d5a0923b8f5e
212 5db711b22134fde5
213 b2ccbc13b3fd032c
214 926959211d7b7913
215 ea9279dac58e5b5a
216 67222a69ac69dce1
217 acd739b701a5a2d8
218 9b47c2e96dba315f
219 875468cfd17d52a6
220 c4cf01e7bf2c0e8d
221 a8004e43b28d8ad4
222 bf29ee16f849749b
223 d41742c775bfe8e2
224 534f94305601dec9
225 57e7cc6f25738460
226 35a04ac5cb93d247
227 033ac0751ede988e
228 3643fb4e5a57f415
229 f2f4d7744e0c0e5c
230 e31c25d293054643
231 c65769bbe0883f8a
232 cd956a0182cdb411
233 3e914abbb8119a08
234 08b501ba5b03298f
235 68b7ae3a77180fd6
236 282560a8aff1c7bd
237 d94373e22051a704
238 d00222afceb91b8b
239 3594ebc50125c9d2
240 14f9cd533025beb9
241 2c2e58c59b5f4350
242 2287df2086165937
243 effca735eb0de87e
244 5679d48628a6ff05
245 fda2d80ae5e6494c
246 c25a67366ec77233
247 74eea4761494587a
248 e8afd61ab0299501
249 8a8d202af8af67f8
250 576023c75adc2e7f
251 8e8243ab80d5bec6
252 cd4fafbef982a5ad
253 b144bd2629c46bf4
254 61137cc632f8e6bb
255 ceab4bd2d9e5e202
256 a8e2fb1f2453abe9
257 ecdc0450be8bac80
258 c0d2918812412567
259 8e24488aef374fae
260 4dcba5900e176635
261 77277ca95229157c
262 0358c40f783eed63
263 65f68c03b8eed1aa
264 be5421eb26196131
265 74a6be48a72be528
266 533593f4aa38a7af
267 bd84c6282f3066f6
268 13d9b7c9c2c450dd
269 c695bcc636083924
270 8521f5644f9ce0ab
271 bc95cd3ffe48a6f2
272 4756463c43e638d9
273 6b9d121cf9c65c70
274 c569f3ccb87ef857
275 7cb89ec210b9689e
276 5580a8c5a8f8d425
277 419fc5903d5c0e6c
278 78c27bcd20462146
279 beffbf5a1cf226b4
280 12e2e4cdde915b96
281 891d43ded984b12a
282 008425faabebcd5d
283 7dd04be9ef0b57a4
284 b26181d91be6bd2f
285 55a5f7dfbe172476
286 e8f91eabb4247979
287 0a6778a6acfed010
288 ef0fd8d82c6ffa4b
289 1ac81991657eaa92
290 5569e3cbab073bc5
291 9b9b888a85ace50c
292 0a5fb98776ba87f7
293 4111cceb67b90e3e
294 78d2d76a566c34c1
295 8f44400f37570eb8
296 6e507d69017461f3
297 9efda1aa6417d93a
298 885b3ff6e0bbe26d
299 16f08ef9ea46a8b4
300 1af16c91ea200f2f
301 aeee1e5fbb0aaa97
302 4e8ece9a1f577e68
303 3b6e890139818971
304 142cf6b29017d7ea
305 8e205af439ea08a3
306 a35bc75190d079d4
307 d6f330e11f9f8e18
308 a1439b3f6c74f9a8
309 59698c2a43d2c6b1
310 1f0bd1b1d62e1bc0
311 b556c7ce9a5d3b29
312 ec719a79a0f57c42
313 34c30a7cd67d6ffb
314 660da00b6caab0bc
315 a30f34d4692a9475
316 7132026c0b638cee
317 f76b08373ec0fba7
318 36c91d0d8cad9738
319 b3140f5800470741
320 2880aa7a3f50ffba
321 2e5a2958792e9073
322 4d02647e725af034
323 342a16e6beb5f7ed
324 113b56bc0b627906
325 65da2865162625bf
326 53bce32e6235ad90
327 29ebb798bb4c8ef9
328 1c69783e004eb812
329 bd7bdf20f04da0cb
330 2a3dce834734988c
331 46797075a8610445
332 b26ad6729bcee4be
333 dd2188c998dd7177
334 6675d7bb06362348
335 10bf798a3df67151
336 72f43ce0053bddca
337 a6b2ed5cac32aa83
338 1185dcd10ea71244
339 c718dbbcd4d77dfd
340 f1f9aeb4761f3b16
341 03702fc8361103cf
342 f992823dbf071ea0
343 e55ab0bf93b0a209
344 7d1e473eee34a822
345 ec25932cc6ea42db
346 71608e759d250b9c
347 842935f4d48a7755
348 52074f35cc0eb8ce
349 d1cc24138fde4f87
350 b75b55aee5880b98
351 dd0bacafb0de6ba1
352 febe12ea4698f01a
353 eedbaacc8d9064d3
354 7cd805beb5cab394
355 50d75cbe1e15054d
356 d13fcc6a09fb7e66
357 509db5509d46111f
358 8b2841f1e25bb2f0
359 d2567271a34e3059
360 4c5d9bcf0cf91b72
361 6f6681c58abbbe2b
362 d7ca12755dc9a5ec
363 87663cace53f1ea5
364 9b50a08d22f68c1e
365 d24933bc557baad7
366 765c90ce8e1e3ba8
367 5c94cfbd7d6bb5b1
368 65caee1b177f912a
369 74d30520625ad5e3
370 550cac267ac6d2a4
371 a23c0fa36987945d
372 5d6317d2472f9f76
373 5797be9ae4bab72f
374 ef74ec899214d200
375 ed74d935494cbf69
376 494594408fb21582
377 117f7f95ff01863b
378 deac7f499dfacbfc
379 0d22181b8b0f37b5
380 908b52e7dcd5f42e
381 89d4cfa8d1be0de7
382 16d482d9eab55f78
383 3a96fe5d66500e81
384 4f633073f0ba05fa
385 f8c424512c172fb3
386 231b89f7b83dee74
387 51394ad5e626762d
388 a15edf934cb4d246
389 15b655ec5516d2ff
390 0edc03d89b6634d0
391 4623bdf35c995e39
392 70f1bdf4e285ff52
393 ecb9937fc518050b
394 7ec5dc945f9052cc
395 e40c00cd612f6b85
396 9e59539e6512acfe
397 37ee26c9e2bd18b7
398 b3f67fb5b4df8988
399 65c3bf285480e391
400 ad8f462b20b4770a
401 7577ae798a4203c3
402 580d73ed81787d84
403 febd8abfb259993d
404 67f9b7a5cd498656
405 d9b112855842120f
406 299ae467eb1c7fe0
407 c3a45d763af6d049
408 0a4ca0076b153e62
409 1bd20c1f54dc981b
410 cbaa6f6d4deb72dc
411 edbb2a9064ceac95
412 caa0609d73b5660e
413 ab9d69243a91bac7
414 088c7d087c5cd4d8
415 21eee9eabac7f0e1
416 4eea799f781c6f5a
417 0839450b0454eb13
418 2431579afc230ed4
419 0983ad79d555ef8d
420 c1a42206dd374546
421 a6f7ea37ed81d648
422 7094df56b2398b87
423 42c128eab3ecd4ce
424 751663e9ced9ae55
425 4e9efa11d22bf79c
426 db64bfa7f1aa643b
427 d04577bc71640c00
428 82c150686d6ed970
429 4f9e485049ab69d9
430 b1ebb192e89f1ae8
431 9318bd9f679116f1
432 796b2422e984406a
433 f780fe01218df723
434 e8a06f158c0e5ae4
435 7529c5a21196559d
436 7e0910fb062838b6
437 5067b9b27409266f
438 89449fb625901240
439 84eb2e078c4790a9
440 f7b1f998b929efc2
441 df45ed7aca95a17b
442 f6089927dfb5283c
443 33007c942a1dcdf5
444 fe3d7c4305d3ee6e
445 39b5ec974bb8a727
446 de3f2c0b189c0eb8
447 1a5c5eb1cfd26ac1
448 2c7a2a788a7c2f3a
449 03cec127e2c1d7f3
450 553d90424101fbb4
451 3839844ede0ce26d
452 5d1bbb757ffe9a86
453 c9a804d7d61c353f
454 f0dd6c35e21f0610
455 019e895cf1397979
456 b2975f8797728592
457 19f89c1b2e8a904b
458 b8d38dc56e251b0c
459 b6821984ea9efac5
460 7d0f12d41359768b
461 4aa41723134f21db
462 00322e02340033f3
463 5c3adb9d34b82330
464 2d816062c2fa9eb9
465 8b1be46226533d28
466 351befaa3323a880
467 6d2644bb62340e57
468 f1c4e8a66c57c2a9
469 7e471213b8d8c0d0
470 0762df19bceeae59
471 eb988384c2951d5b
472 51c278ea9d6ae177
473 9867fb6981bd5d17
474 b747b5733651060c
475 4696ae58572d6c26
476 3ea1dbfcb4d468d7
477 a932d90fdd4071fc
478 b19a23cbf861ec3e
479 10ca3d02a080a6aa
480 c6fc3d61233280d1
481 e77d269113101c9b
482 058bfae8b286a88d
483 9d3573238da58fd3
484 68089e0ab6079ac2
485 0eb55173494fb8f3
486 9629deb274f61f46
487 b63d1f4aa537ba9b
488 af061ef0f5c4125a
489 59a925c6ec554b3b
490 0ac9c14fbe22ca76
491 9b7063036389b9c3
492 1608cedbdaf80fb2
493 639e649b874d1563
494 7c46c413c0014856
495 e4f841ec09c6eedb
496 221ac6ea277579fa
497 4c3d5dad0ec2b9b8
498 725f0b336c055ed2
499 3566b4ca18a3137c
500 db1bd0b10f871834
501 1c29ad16cff80ef6
502 9cddb6f308659494
503 f893cccaad77198c
504 5cae4cbd192d0b0e
505 25ce0607d927609c
506 0b1a91ad2756c7fc
507 8a1e31e47bd69bfe
508 c56c301a24a6bb2c
509 2e48537a5051a887
510 4f6a33b7fb84c060
511 2434afdd06b32d60
512 454abf4c699b0759
513 8787f0b1e24bc1e0
514 ab42235c0f12b80d
515 9c3eb5d98d18f538
516 45910e976d155cb1
517 25bf87e093c72c08
518 94ba5f0c0e8f0bad
519 769d0ffab9b7d340
520 99d604cd80f31719
521 99be5a657edc2c60
522 f62f9c5801d01a2d
523 a343e40c13f18108
524 60484eec8f19df21
525 471780f4ffee47d8
526 961f5d479b8c3d4d
527 b3ea5ed92931f740
528 44ff4375e3212fd9
529 82f5f7c92fee9040
530 3e0eb04a61c5e6ed
531 c95958c30b2808d8
532 ec8422c0e90f9a11
533 16eb6236e3a617bb
534 a4c6ee56193a5f43
535 84c00c461931d70c
536 a892f89d07c433a4
537 76e2566251397126
538 e295f433fc327fe4
539 21373a310a23e8dc
540 4a4f1c6b2116d33e
541 428aca063ecc869c
542 365ae0888d1d339c
543 f0cef78f3a13386e
544 3666b05a1132213c
545 77cb605d01f90827
546 171ff57550ff1240
547 922b8255ea0b73d0
548 ace9c4388dbd8939
549 4101d5b8ef02b460
550 632c579010fdf82d
551 81a8e2f5b19616b8
552 44d1e287d6ff5de1
553 52961760846bdef8
554 466fda678a01fa1d
555 eedee117eb7f95b0
556 2d240531e447ef59
557 3d1719d36abdec80
558 9dd8449221ae8a0d
559 bff9a87f03540b28
560 93c8be422f8c05d1
561 98d0b535de6127a8
562 f0edae7c7ceaa3bd
563 c66b66af0196d770
564 bcc257ceffc11999
565 2185b24f8fcef720
566 7a48ff3503d438ed
567 daab5afbffaf8e38
568 c9cbfa4af38aa9c1
569 dcc5238aac04c27b
570 8d78cc6e1a22e3e3
571 cf2930f1f79017fc
572 5663bea3ba564b34
573 6ac776d1f2ed8226
574 9ea1bf2e0b3e2184
575 f916b55a6e3fcc3c
576 fb4c270c66141aae
577 282e41570a1e84bc
578 da1469462cb7d95c
579 8a7d724e092ee20e
580 ee1de2700896db9c
581 e64505c4e5be8bb7
582 c96521b68f932df0
583 87e14301cdd86730
584 cdc8d781a2b63409
585 b57889e92b97c370
586 f4a7b06b0307ab3d
587 3aafc1d8fd734a88
588 c6fea18a6244caa1
589 f97156d43a2d2058
590 7c73d5e295cd215d
591 d75c077aa8729930
592 9c1b149e1acd45c9
593 1106129fabf86210
594 f19388d949841a1d
595 30bdbec0e3567298
596 7b66bc255760f391
597 d42499605a2b37c8
598 86ea40b424ba33dd
599 1a94ec4c568e2a70
600 7e63babcfe099be9
601 561c26f0bd2acf70
602 8121f964d3363cbd
603 5c4a0123595d16c8
604 da845efb71ba1be1
605 516c1c181c76f0eb
606 1ec15476c27211c3
607 2984d2e3fe004f8c
608 cd808604c45acd04
609 e8ddab368b270daf
610 24452f89fe9b7690
611 f8f3b64e4eda1362
612 69617b86c19ec889
613 f1bad74cafe5af71
614 dd7ef2ad890663df
615 b50a65362c2fefd6
616 32cbd1d1ff3e64a4
617 70de2f4b386ed524
618 842a851b99016bfc
619 710dcb00186328f4
620 bb07d3dafa409dfe
621 2e646b941d8264e2
622 b88a7e5d4f52722f
623 f69e9339d1697144
624 01b1e9a1e7b0b4c3
625 7f2ca462a7b56c30
626 f6af416ca24630b7
627 93baa42fef3a7b24
628 404dfff5e77c7483
629 8c95874e1fbea308
630 2e39db319eaed37f
631 6272e28f232558d4
632 9ca9019f7d0ac5c3
633 a7089e90ce03bda0
634 cd5991d19ff70037
635 4176ca836c4d5074
636 d5edbd6385d5cbc3
637 8c48f569ddbc3108
638 563448a38bcb1b2f
639 cfafb08ccf05ff84
640 1bd594da967ac763
641 75e6dfe47c368233
642 2262e169b80a5195
643 089db1401dcd9dc4
644 71dd2781fda05baa
645 62ca2b8b087c802e
646 78ac1f6c7eb493ee
647 262032381f3b4d30
648 47f3fa47f4d02a58
649 edf143147edeff58
650 ae80077ea421d0a2
651 ecd026db1904e98a
652 95ffff1311d2719e
653 c8696c7afa16f7cf
654 70793a4f0dc846ca
655 8b4b57977cb0d72c
656 d1c0c869a862189b
657 26276163b1361698
658 21cfab1eaecd4e47
659 1810bdc04bcc229c
660 f95d87036196bdeb
661 bdc1bc833066fc10
662 1707c56eb5069c5f
663 447a8023ad64256c
664 992708f926a5fcab
665 a0904c1e26cd6618
666 8ec567cd529f71c7
667 f1d61d129d20fbfc
668 4c1df47de973f25b
669 254ed9343eb13080
670 1fd3f4220a088acf
671 5b3a86dc4aa311ac
672 ea77b7179e3cba3b
673 a7bfb36bb901e618
674 f8d6e6cc29770727
675 ed422d573eb3bafc
676 fb55b135814361ab
677 edd7b133f3b6ce83
678 dbff43480165977d
679 151ebbb72d7125ec
680 c6681e2792d7a172
681 bc10b37bafcaabee
682 195747cac62394d6
683 1b6f4addfb4541a8
684 846975812a9fd350
685 7d0966f9b26b63a8
686 89ae2bcae89e9e9a
687 2c51b8fa5004be32
688 779af18c2dbdfb76
689 58a13e280ecdb94f
690 705e6e8f9688c0e2
691 0fa2307d6964e3b4
692 05fb7ab51dcbd2d3
693 9baaf0de479bd598
694 e5c269affdd53bef
695 47453cfc82b7f4d4
696 545682e0e25ba0c3
697 01c1007741929de0
698 84ecd80879fbaee7
699 975eb7f9c03ae6e4
700 f4eb920caca89793
701 fa7299693ffeee18
702 a34c790f5997667f
703 0adc421a7a4d0e44
704 2b900b53798fc7a3
705 e464c44e064877f0
706 9db09315b79e6b47
707 22f82e9bbde57e94
708 aec1dbd6cc0ea9d3
709 aaae3a6069440b78
710 afe1e32156ff972f
711 55604382ea729db4
712 0d2d781af68383e3
713 caa33ceb2b45ef43
714 a18b38d291d4eaa5
715 a0942b9b334f98c4
716 e83da587bb8540fa
717 000ecb021ee3fcde
718 84c795da3a6fdb8e
719 a67ee8ae0f043060
720 2d8cadf47d00a0b8
721 165ad54658262108
722 1c9e695a1e25e892
723 8e2cea1a6bda3bca
724 57aeddce6817ee6e
725 db99a4431cca677f
726 b26b491c3867d88a
727 774036af5be17a3c
728 d95018732a923e5b
729 c2b35d99fb328348
730 87132b8f91ca8d97
731 8365e177d62799dc
732 c35d326f92f8a21b
733 a880b938709cfe60
734 baeb2d00338aa8df
735 f48f82cc1d33ca1c
736 ef07798f402949cb
737 9f061fe1b1a57b28
738 ca236e88d2295277
739 5967ff6bdbe2c43c
740 5a83fa1c8556e7eb
741 8f5821f1463ded30
742 d92955438047bd0f
743 7d7f39e236ae609c
744 5101e491c63198fb
745 c36f7ec711d19ce8
746 b13be3226796c617
747 20dd284a264686bc
748 440072153b1c4312
749 1cb15f1b524e635a
750 f17283307cbab59a
751 c10e262a46c8925e
752 b6621c56b083a636
753 8bdd215acabc6103
754 f9107f933cb65f85
755 98244e3385651bb9
756 a4a719c2822409b5
757 0a53f39cb469e346
758 638f95b065f5d976
759 902857d3c7f6b410
760 f0a8097544411c05
761 092af8c39fbc5c39
762 35b5d20acfd56335
763 d68f9d4c168a7449
764 7adf46c63bb93e08
765 be72e2ef5957415d
766 71f6fbf4637eef28
767 dcebad40db4d4111
768 398dfec733d12e38
769 dc0ef9256a5c9e9d
770 1c4df4332332d1e8
771 256cc7a0d168fca9
772 b20031ec53f4c898
773 af07e49fe03db23d
774 0b01c3ed96033c18
775 73e69183a7a988e1
776 fc28abb9dd615668
777 a2a003b99ca2e75d
778 b8e6a0030e44d918
779 52229488ee9a8d29
780 803bb8fe063646a8
781 8d6a22650f04f1bd
782 bef95006b381b408
783 7ec4b12fda97ecb1
784 0b5b63a01c1bf7f8
785 39e138db4c520c06
786 db71ce5b44ad8da2
787 49121151365a55a9
788 29b3fe8bfba2b139
789 220c3e1894277cb3
790 9bf09e860fa48c11
791 fbbfa9fc6e49f3e5
792 c9d73d0566125bb3
793 c09decc25a3261c5
794 efaa09123c99d805
795 a2ecf0fce524fe4f
796 76d7bf280e20f75d
797 beeee2fcaf992a12
798 51cfbf7d9b60fd55
799 717ac501e2f68af9
800 f4b1ee1c9022a9e4
801 5772922f6bedebf2
802 a1180bc261f9dbab
803 761bc733d2a12351
804 051f1ed87aa1dc9a
805 c8ca4e0c2d036a2c
806 98966807d1e5b796
807 18783a60f76f8324
808 a4ee94ac87179be2
809 0f5507f953e780fc
810 d1b04053cc4d52e6
811 3d5f24a0ad9088d4
812 a2d6475c4e35130a
813 d9a34dc70e7ebb4c
814 a1713e49d3387856
815 c86646413516d7af
816 3a2d9db826a0138a
817 e57fc4b079ce1884
818 50ac63ee120eb19a
819 f6ac3bfbc704cc49
820 189caf504578a77b
821 4e14311fc2cd23b1
822 480db3367ceeaefd
823 cc5f07819cd12777
824 b233fe2ffd0e75e6
825 08bcd239513f09d3
826 e6940907ca181163
827 c2fb269b5bd887f7
828 04038023f3f7918c
829 cabce01b133cc71d
830 97bc459876e3304d
831 b43b9a2d86e099d0
832 e8585e4c253d5ee6
833 23afc9c6e1b3ef4d
834 a4710559a634b962
835 0a936561a00af183
836 207b1b263284f320
837 709fcd438f68fee9
838 6fc61161ef135dbe
839 685758c2ee0471df
840 8667d13815ed47bc
841 4f471afd24f79755
842 f50e591477de94ca
843 a9dd1f02a382accb
844 d5e581ab959e6608
845 89db17b331204d11
846 26b2ba378444fe66
847 69f9b3c832c0fe07
848 f087fac6e7b2aae4
849 f58ae24b498606bd
850 867c390e861e30d2
851 28336d2554f3a533
852 8da5033c6077cc10
853 53dfd7dc48997219
854 d82fc47c40c6f23c
855 72273db8a3d3490f
856 e0ea24c1cd5ace3e
857 28f88f97185b7b45
858 443a28eb6c1d693b
859 cb264512e89ccc39
860 0fbb8a05b5970e33
861 fc12e7a8b07da8d3
862 e3d4e8d753d6dd42
863 6061168c362ea55d
864 8bab51d9be205e00
865 ac91b5100bd6e3df
866 b4bf32982fe78ee3
867 38845e6614fd97bb
868 ff22b1a56fec37dd
869 7b1c3e66d809dd81
870 2c8c20ff489d9924
871 97d1a8f1a0f7f9fd
872 e650a033f7ac1ea6
873 8345edb82ad04db5
874 37757196936bae19
875 923ef4c62e45a4eb
876 bd6644b766981368
877 59be20688b395732
878 04abe2133c63eac6
879 311736ea1239e501
880 3ee7e74819692c7a
881 6daea9e4d7b15f3b
882 bfc91e28bdd6f81b
883 7b61c95f52fe39d3
884 cd910df4c46386b0
885 c6e134e307886739
886 7c3e87f5769f7f4e
887 417f96aa1df48f2f
888 a11760bb20823c4c
889 df63be04e8abed74
890 52b699802406012d
891 86573b776c430153
892 a2525bc546066e8e
893 7451170940896a2e
894 78cb700e44fcb31b
895 09b2975c9adb7b8e
896 111034136225bdde
897 e8700bb04f8d0e64
898 6b7211dcc3fbcdf2
899 a661237ff6fc4590
900 166a114a71ab528f
901 35c127a95b4cbb2c
902 570bfd19543e6db2
903 2443717257414e2d
904 5802566695e7f9fd
905 97d892efb1d68ddd
906 9560dd7c97b9da94
907 cbeffc1bb76494b9
908 f97bd8f077f5c345
909 be913b6d75a99708
910 b29923c33e52ebe9
911 a86cbf40697fb436
912 d3a308f3db08eb94
913 bf1840375350e243
914 81f1b440463c1355
915 78ba6a01e421b54e
916 8e11c45a8f1cbb39
917 b4dcfd9ffaddd35b
918 09b149c502c574ef
919 e427a4279eae452f
920 21d0391a9b643f9f
921 08d1e9827d5f8072
922 de75f96038997d3a
923 0e5ea5f50d237a01
924 132449990f854cea
925 e76619d3091eda48
926 d8b6c8bf036ef705
927 f314b1ef49a20fa9
928 ebd16f9e3f5decbb
929 72cd411f709b849a
930 b4a6938f5c5b47e3
931 a1e5a282e4a40f4c
932 84f468d81beb1ed1
933 63dab9a6d9a8067b
934 d6d05304ec650a48
935 8e109e51428dba89
936 f5b5515904cb0ca4
937 fb3b2352d4b017d5
938 525d20598a074d10
939 61e8e4cca408245b
940 1a5ffaf363264266
941 6d9b74f0362f3685
942 4a12064d48c95b4d
943 8ba9cef6462c19db
944 3f38f22f6c02f84d
945 c97389dbf2160ae4
946 d110924915822da1
947 da401e9b7067fb15
948 d00bc59efddf0f1c
949 83e81e9abb7c0bd4
950 5d4a447d650b82c2
951 1ee08361c83fcb91
952 fd6d5916b8e26ad9
953 956178a7a63cf5a6
954 0ae28c723b0bb161
955 fccf6e1f2c3c750b
956 053226c8970e9bdf
957 794c59e7a7fc1f82
958 4ecf473eca990554
959 4654219f419c0cd0
960 62deb4bfe3b9d06e
961 0f31e3d3f60bad5e
962 e74c9d7335244f63
963 bd8d7248a45329e8
964 2ac98186f2a422a4
965 de756d0dd2e9eae5
966 e8c460c46add5f65
967 7edbbe80f19fa51f
968 cb8846548ba6c448
969 3d6e4492b448a871
970 7faaea02902d3efe
971 59203858f5a3e4ed
972 8712d466b450b397
973 2cfd6b332cf276ad
974 9ba28bdfe3a35956
975 4ae166628866c53a
976 9965cb1b5996113e
977 7ebb82be87cee662
978 1f49984ae935258b
979 d39a819ec453ec01
980 62181dbb1a7de8dd
981 c2af51d67b3226bd
982 595fbf303d32f81d
983 cc24fc214837e3b6
984 38748986cbc0c6dd
985 cd6367e3632e089b
986 fc82c6b1456a98ab
987 ea68ad1ba035c6d2
988 6213f3664a22e62b
989 92792b29c172e1fe
990 cbf5917d41790fea
991 d758ccd1a414c3f2
992 58979d23cdcd57e0
993 eb61b6bb85823773
994 2be291373eeb1ff7
995 82539fc34f0a8637
996 31a480de95bd5974
997 af17912b958e46b1
998 4d61fb3494085ad1
999 f9c8a930c54285a3
1000 5390beec703c9763
1001 47ff26c0c8119cc1
1002 540735a30d2d332b
1003 4a914651830781c3
1004 d80399d7a1b69383
1005 0d00498f269f0b08
1006 578e33c3066bbfce
1007 0363cf294c9b25ac
1008 d3c61d914b427df5
1009 9e096dd751952650
1010 6301001179078d0e
1011 7c69092c0e9a2157
1012 04e0c0539d19bd0b
1013 5800ce03b9907877
1014 d170ed9120a99e88
1015 94e61b36c55085c4
1016 a2abd7e95e296c2d
1017 49f3800e3989f6ce
1018 d4992250506705cc
1019 b7cceffd8da75056
1020 1ab19e1a3e826d13
1021 1b6e6a05247c85cd
1022 091fcfa4b479b741
1023 edf880f3b57201c9
1024 e91f2fd8be4d299a
1025 38dca732d716ac44
1026 ac42d24aeb9ce30b
1027 b85b04ba7f52cc95
1028 9333265368b256a9
1029 3280b179d43b59a0
1030 56384f011edecd35
1031 cad0004c2349e371
1032 b8fec62ab3123158
1033 072d47e28b17a4e8
1034 35a5fed12be3f4c6
1035 0fb4e1bfd0308b85
1036 d6470168e6cfef2d
1037 a733ea4e917f12ca
1038 d75c1fce7429ee95
1039 8cf58a1b720acdff
1040 94e46525ad468c7b
1041 143a1ccb93344746
1042 c9e04655c9d471cd
1043 258b357d850d085c
1044 e93b598c8a6dcc54
1045 fdb022f2d2d1d17f
1046 f28c4ee83d911042
1047 67b7e9943a2c7614
1048 da376c550ae5ae0d
1049 2320ec95aad19c94
1050 0a8c3d1ff9e52764
1051 26b143119863efd1
1052 52961df56d2358b5
1053 7f943f06bf0bdc64
1054 dd04f7559e0e8892
1055 84ac82643fbcec51
1056 41147a96d8ed8deb
1057 a99afc0933e90291
1058 1849a65fa9c4894a
1059 163e0645c538aad6
1060 9db9892db1c65e12
1061 9ab1ef847c2bf33e
1062 1b421d08c97854bf
1063 ad2bc955f975b115
1064 ef73f69e669091c9
1065 89581efa79a907f1
1066 0e6b1db15b8144b9
1067 a63ce089c023e812
1068 8cf06bebdf4d2579
1069 b7d0e7598ad411bf
1070 e75f94f1f3995007
1071 aa96af50274842ee
1072 26c3b40cf28c621f
1073 70ff0b44a3f3a6fa
1074 7e84924bf4bc9376
1075 894847e85a933dce
1076 2ffd1cb926f1ef7c
1077 83763fcde1ead9bf
1078 d49a8362826c1733
1079 afec54f376e227db
1080 12f081c562814e68
1081 5522f6bf47181d3d
1082 21a66d04182b6855
1083 3e39330f8ea2a147
1084 ee77baa9dd827fd7
1085 d804038e912bbb95
1086 9f88979a8b55460f
1087 48f6745f4dff6687
1088 7903ebd9f1fc3037
1089 d330becb8ed716dc
1090 d34aaa1f616fe762
1091 db5a8fefbd984260
1092 f28518249f3a8409
1093 86f3b4ab5317a454
1094 79575bac727a8c62
1095 32d532527b77622b
1096 5197856b008edc67
1097 e03cec86576840fb
1098 7fae3ade8b65d44c
1099 1e7ff36c1c6551e0
1100 1d372e93f2276413
1101 9e41e66eacf11186
1102 d6ade3000d3f37db
1103 c883820534067fb4
1104 c02a0a8164712c81
1105 4d94e5d24bf899f2
1106 44bb19c529a62811
1107 63d1f431514d3d70
1108 e82ba46f4530b5f3
1109 772f6b00230d56b7
1110 5785eb5b1832ee9e
1111 2e126f1238f0b306
1112 7b7b16c5d653cd88
1113 4cbfa9f213e94148
1114 861360fe580b78da
1115 e2bf1e1fa448accd
1116 94def786a0342e6d
1117 465c0edc981b9c0a
1118 5264d2668ebbed8b
1119 4cfeddb2b4f07ee8
1120 e7f881150683e61f
1121 4f2488428b6a0f6f
1122 6e735961d7d69258
1123 b88ba16104735046
1124 69974cf588a1217e
1125 d7b216c40bb9acc9
1126 f87d8e7524c14a39
1127 181c83a69f527f84
1128 dddd9b581708d136
1129 b0c09ef42fcfe38f
1130 bb6717dbcf6789c0
1131 84a0e1f88314977f
1132 6b955ba92a8aa66d
1133 f55e02cdff7d7661
1134 4908ababe93a907d
1135 3fba1029ee3623da
1136 57ad5008253074dc
1137 f46a66c2891ef0c7
1138 ab6dfd1b66aad937
1139 fa37d9d6292bbb91
1140 d3130c64c52bdc50
1141 85b4ace0efb9beb1
1142 8574a8793710e1d5
1143 337e198844312700
1144 91edf1570243cf24
1145 4ed5a8ea47d5fa56
1146 32ec1d1ed90210af
1147 ae2f5e7297d1f7c9
1148 84bd112d6cb8999e
1149 1e478c6902cc9811
1150 b54d369903c9daa5
1151 b6308e918e47d6d9
1152 c6d60f35a83991c4
1153 c28fb887a3a22244
1154 5801008ae553bc1e
1155 7dbf81bdf4d0c11f
1156 b55256e83fe17649
1157 fdc72693650a91a0
1158 9f000e57453cd993
1159 506a42e1cd2bc0cc
1160 02240a16e09fd582
1161 622e2c12dc1e62c3
1162 9806a0a5e25c8a2f
1163 c67536b534b53ffa
1164 935cbc2ebfc22f9c
1165 4e852f3fb09a1a28
1166 01136b22157c7f74
1167 3fda58063cc45a53
1168 013b7d93be23ea87
1169 34c1cf8d1c2720d7
1170 19a64f71f5d266cc
1171 508ea2c5f78e3db0
1172 f6eea38e2fe3e45a
1173 bbabff60197c20a3
1174 86375e6991eb8d8f
1175 2649f5b4fe62fad7
1176 38b768abd7900954
1177 bba2c6dbb9d867d3
1178 1557054b4f68d01d
1179 632954d06a115c34
1180 c8d219ce762233b0
1181 d107eb496a147cfe
1182 4065a93726f89961
1183 c9b11f2175c842fa
1184 a31560c497d717f4
1185 4a8d887cbd55731d
1186 1a5f4910636ba9cf
1187 ec7e908ac0b7ae8d
1188 f7e299d377839aaa
1189 af7cb91f541df98e
1190 33828d6ba63f7420
1191 8f05ef6432e76dd2
1192 d15e6345e7b36db6
1193 24d480aa71461d9e
1194 85618ed91dfbdffc
1195 2615b97657e62f59
1196 64516b597fdf3ad1
1197 7e1227cd5dfd5162
1198 1fff1af5b05f7e63
1199 14a7f692888bf3e1
1200 d827ae78cf370fb7
1201 b894285637a203ef
1202 28e390806cb9fd81
1203 fdf978b8914c39a8
1204 652f929b3bfadef2
1205 b13e4b5bb38826b6
1206 db20c6b3b301b7dd
1207 8dc2db65dc5fc4b1
1208 6fc2a0703d5fb5d3
1209 2b518743509c5fdb
1210 25f6871845906444
1211 80c0daa88eec31a4
1212 592466b7a6ead6eb
1213 eda4645af4d08ca7
1214 d102992de8a0fedc
1215 f4a5adea9c147de5
1216 9ee1828e9aeaf045
1217 cbab83a705f18c9d
1218 8cf4cf2c1f796e3a
1219 258401d599324170
1220 3e8a2d991f9df555
1221 7a0f6f4655a6d596
1222 5d0ae228fe70a2b3
1223 4febde664d3aa75f
1224 47537a89aab311dd
1225 4764ceb1f9391b89
1226 bef7db2927bb7b6d
1227 e1685e588a2dcd74
1228 49d2da843d38bd08
1229 af60ae354fdf0178
1230 e113c9cda1e5d714
1231 55783238402d6225
1232 f74a27dba72f4f7a
1233 e27d21b429071110
1234 ca3193fa5e37dbe5
1235 662745aa8f5e922d
1236 6bc6f8b261115981
1237 a5f542ea8a798d46
1238 a209f1bc25c3172a
1239 ee4e4ce1148af7fc
1240 10306e116481ac7e
1241 7a0208e3eef1643c
1242 c3517b5f39cef716
1243 cc56b2f58fda2b2f
1244 d7cdd8097784f494
1245 ff1f7be6c1290df5
1246 c4e96ef4a069febf
1247 aabb5091d33d583e
1248 9bcf64a23c33f802
1249 27c87a661459eca4
1250 78d5e165252f4065
1251 6a642140bb709d6a
1252 e180e322a11a37f3
1253 93eca39a4e73624e
1254 6f150789becaf1d2
1255 b02e16d4a8d9d698
1256 d80cd1736e123db0
1257 4146ac0dffb2db59
1258 77c3671406686de8
1259 931878d60e0c2839
1260 7d2f3b84b41559a0
1261 24e2b162a2f3692f
1262 72fc9a5aee26268b
1263 63c8ff9700745127
1264 dd3505b705a059a4
1265 b901137252a342b8
1266 df95b7308dae7ee2
1267 f6c1a04f67eea963
1268 d443a26f8e86f3b0
1269 1b1d5016b47bdc49
1270 45dfa484d8dec3f3
1271 14711a1c3137c081
1272 254182690697ed76
1273 c10f566043e676b2
1274 59302649a9818d64
1275 e2b4cc74145ddfae
1276 b584189aa4e1e5ca
1277 bb84a5fd611e5c6b
1278 97174e3466487776
1279 d598c28361079c67
1280 9e59d340e12e0d54
1281 39eb6b5d806767f7
1282 e5d485145f240b2e
1283 a193015d5e71fac9
1284 f63167d3ae832184
1285 cf2648f16efaadf2
1286 433a9b2cde9eacca
1287 c2c91d8917580ad3
1288 9bf3d5fd0f5b4628
1289 74dc497ef12f2d1c
1290 5409871b41b5c8c4
1291 7a96615061433e42
1292 957db46df50ac147
1293 9541c648ffe9a545
1294 af04972011109952
1295 6c627dfe08e42428
1296 cc5236df7d0ca537
1297 bc22dfe3ce11f0fb
1298 ae27f07fcb7286f5
1299 8c49876f76e73d91
1300 80912558fd322995
1301 7ebfebfb73886978
1302 add29ee0ac864987
1303 193ba1b126f7bafe
1304 1bc2842186a5d751
1305 a134604416d967e9
1306 8ca0969e2d05207b
1307 1e967419cbe844a5
1308 12cae36ca0a56747
1309 9405542d2316c69c
1310 7bc5d795fbcae45f
1311 59f664b5cdc7ff92
1312 bd2432355a3bc134
1313 3ef7f3f5258bcc5e
1314 7670bdf0f7866a03
1315 88a6f9acbb014925
1316 e5f47e2cf09afaab
1317 b6a53a2d04cd5c65
1318 d91bf0db303a2c9a
1319 e0d9b592e8b01ca1
1320 4326a4a22696e154
1321 ddb823a63a77be0b
1322 e00c748333634c82
1323 519890f55d31c0bf
1324 82126d2a89c92d80
1325 65478cd58a053d05
1326 7e8615142599a3a5
1327 5c533d50c2379246
1328 e21944f6fe281072
1329 52e1d7cf01e96579
1330 93b4435e02c5621d
1331 2bab529c8ed2f7a7
1332 858b12785f3d0d17
1333 28a6327b1fee3deb
1334 143f42208bf61d84
1335 5667fa94287dac0a
1336 eab3eef4443a392f
1337 1740d78326a60bd8
1338 c4d7d7f697487a3a
1339 6f8af7b2831ef5ec
1340 49ec4a6a611a576b
1341 8828ea1ca166450d
1342 7d5c8298735f70d6
1343 9e0a2b47906cd297
1344 4fa2a3c9effe8b33
1345 8c97481a8ca3ac37
1346 b708d702777a051d
1347 35a897d0ed0f4dea
1348 033a07fc38890250
1349 49ce5a4c9d34b8ba
1350 ce95e7f1fe28c54e
1351 5f48090001cf10b5
1352 f014288fd01edd08
1353 73005a5b4ffaa4c7
1354 f22dc5927729a772
1355 53d4faec043e72d7
1356 0c366632f7f431b5
1357 848486bc1dcc5af9
1358 95d185228f061d97
1359 2efe588a35278da2
1360 dbbbe206baea0666
1361 90eef6dda37d61b4
1362 5cb5e4effbaae0a1
1363 fd08807cdd551651
1364 833770269cedd708
1365 1951003853f7edc3
1366 4214fdac03e85c5d
1367 c86fdafe5bd31225
1368 b4626c6c1f76e836
1369 a2d42c32b9cc8bc7
1370 d949abfca13dbab0
1371 09578a51f47759a7
1372 17eaadacfbe04ef4
1373 5d03c7ae9dc2f122
1374 10edbc6a89924a4b
1375 84a425db13d95ce4
1376 9c681a1b7367d2cd
1377 28c880ab8aa0bc6c
1378 dab7eb28071b1b95
1379 0bb143440ad64606
1380 f1716106ebf002cc
1381 e534db07584f2c02
1382 5dcd6c997247a6dc
1383 9d246c6c8e38106a
1384 043d08ce7bb8e6be
1385 bf45018353ede623
1386 75e2b7c93ebb6ee8
1387 6816780b9cb2776a
1388 3c1de2d224b38758
1389 d2c5447f9de9c6ff
1390 3f530b3ee6ea025f
1391 f0772bd2316e18c1
1392 880b3761ca57013c
1393 050ffd5af9324ec8
1394 1df5937bb1bd68c1
1395 d259f19f1cf9f819
1396 f60d285e125bac64
1397 440fb2ab789c9dcd
1398 feeccc7f91ffbd88
1399 4fae20d4784851a1
1400 45476892dab35bb6
1401 ccbedf9d5f98c740
1402 3ab695bc8d35244b
1403 597099a554ba0de0
1404 9e804fae635ebb9d
1405 ff76fcd03d59fb82
1406 c74d13cc106574e6
1407 83ae2f8e9c7a3cfc
1408 3bbaf0b58892116f
1409 578113c0b78c6a98
1410 f41b1ea08df0727c
1411 8d202298a879d6d7
1412 8a0b05dc7a445a31
1413 5b40fa8da2d1147e
1414 6ae6c6acb0abcb83
1415 e6a7fd01a6a46c50
1416 7be25decda1d7d75
1417 a93841777d156af6
1418 8a424a682fa481f1
1419 af9c7cc4266dd234
1420 1197346f43d68a87
1421 601f151ae422f4d8
1422 525d0179e725a201
1423 d1520413860b74ee
1424 bc257ab979f22769
1425 bb37e0f2e65b2470
1426 7f38ad2988c7dc74
1427 e5235412227e7512
1428 2e41240c5736f4f2
1429 f952d5dc788935a9
1430 1df19d0f0226fabe
1431 ed847dd81bd835d9
1432 7ec536af1ff9dbf4
1433 54d3719dd7f35665
1434 f2cbbf7a3109426e
1435 2eba6728d6ca863b
1436 217302d887d7f93e
1437 95321be6a9689334
1438 0f2556be6551b3b5
1439 091b9be7e20c4e8c
1440 5ca64f78de271afd
1441 ede22a0b82498b60
1442 6f504908b6c53d56
1443 2e03ff380e6d3595
1444 598112c0bfb85334
1445 1161b4a663d85ebf
1446 f959e01715fafde6
1447 c77197771cdc1c6d
1448 01f41dace900d995
1449 0f202c6d4b5d1053
1450 a1f08cc1690a8c32
1451 49637bcf19251cfd
1452 e28e36d104abb760
1453 a6dc66e9d9777197
1454 d4e4d62a445808dc
1455 bb57042e6765f815
1456 fd760f0cf020b534
1457 0501960ae3bd877b
1458 57d97602dcabafae
1459 f1b7d4b3bc12b125
1460 6a29b3b3ac0bf056
1461 66b21229a7c57f83
1462 47f2e9acf26894d8
1463 ee7a60aa4e591c8b
1464 54ee94ec2fcc08b4
1465 e282db0bc25f42c3
1466 ad9d7aca8ab46938
1467 d52c4cc5652dd507
1468 47f93156cc3f05ba
1469 20895996ab770575
1470 77a8e835cc813ca8
1471 36090133c43405a3
1472 ee615776b774f214
1473 9ea9aea2eef9af53
1474 3d33cddf1ff8dd41
1475 3bed605517c380b2
1476 a7cf42eda4f5527f
1477 89ccc1c920ba0d64
1478 33247c4e7651fa03
1479 9807d86811def256
1480 6f904a65e602a5f1
1481 6b46e908560ca469
1482 5cea9fe7580a0702
1483 5762a3a2a55c163e
1484 0a22637b210479f9
1485 f0324c3c38acaf85
1486 07eadcd8eb72d09f
1487 d6b8e532df7b26e0
1488 ef6f3dc75541c959
1489 04b63ee0b0ebd125
1490 f8907627e222ecb5
1491 51321ae76bef7291
1492 dae2717baba5ebd7
1493 7e0fec710799b2bd
1494 6a6605be002c8c4c
1495 1256ee6ee40fc79b
1496 089f0dc93babf9d4
1497 b543d4cd40064d73
1498 bb8789656b4f894d
1499 6bfe7bdef7dd9d1b
1500 ef9ce11279897340
1501 e697c78f94cf06c8
1502 aa86136572c13f97
1503 a6e90fca74bca800
1504 47cebe55078c7631
1505 b1e7bcbaabd8a5a2
1506 5ec70ba8cf354d8b
1507 5fa962c31f648360
1508 0e40f13ed12a62fb
1509 9eeae26fef9d2bf7
1510 52cbde28c7ce8046
1511 8e7db1b03ed5b752
1512 485a4969f3bbb504
1513 cef82e4ab0a0447b
1514 77021870e3cba4d8
1515 596ca6b0c3b37dbc
1516 f8028bafd1a46b25
1517 3bc498408b341fea
1518 4a4f65553f145ad7
1519 99123b7083e3131d
1520 34a0bee64d5c95ff
1521 f9752fff14ae253d
1522 ac3239f94e939d74
1523 cae430c2124ca85f
1524 e15c24a317973b3e
1525 195a34bf15afac7f
1526 92f70ec9cc1ad073
1527 f63d7cff9f123fd9
1528 f1e3cd8d5bac7137
1529 bfe9a28cf61c22af
1530 6718d40fa53effe1
1531 14d8bcb9ffcb4883
1532 349188c4952ce3e3
1533 e6decb6efcd64a54
1534 4bdc8020c7972cb2
1535 eed86388657a0b46
1536 f34553b87369889f
1537 142e638538395c2a
1538 138a51a1d9f3f16a
1539 c6e419f10d37a950
1540 4c7352c33ea0ae99
1541 af011861a7befdf6
1542 1c288f290f6d4b2b
1543 4de71e69e40ba41a
1544 d00a27cb018ac085
1545 3ffab4fd2d715d4a
1546 d29ea9628b7f3beb
1547 1efa29661d846af2
1548 49b887df85c52329
1549 d1f20886235abcb4
1550 d9d22c7cbc5e9ff3
1551 951a2b073902abfe
1552 8104bb913f3d7543
1553 240469f4f115dd78
1554 daf15d02eb0baabd
1555 17560d029fb6fa5f
1556 4dcde9a2fb9a4488
1557 971adf864699f4d1
1558 39af51193ad54e2f
1559 4a95b7864f731778
1560 81dd6d783ea8a02d
1561 738208bf96d53b78
1562 3ba711d0e8040e86
1563 6c1bd7a21773fd88
1564 23f416d899ea2a55
1565 a622bbbb98f86ebe
1566 1843a961d6091643
1567 e41b9f5ed9567aee
1568 e3c7546a2da8b0fc
1569 f606746192418377
1570 c7bbd77244b9ea02
1571 79e972d3f37cf78d
1572 ab51430ede872e84
1573 da37175588a4317d
1574 96ad5e5b4ff7958f
1575 6b35cbacbc3ba038
1576 16b7a714e6d1030d
1577 d8d50692d6fc5c8a
1578 eae55dcf3be9ebbb
1579 96e27b16c9d38e4e
1580 23e3be010cbc5dde
1581 7208d6ea61afbb40
1582 60e936a894ec5976
1583 d2febec98d7ef99a
1584 8def33d66e8c232c
1585 54a69580940dcf0a
1586 bf6aae530dc2ef37
1587 07b80a528df6572a
1588 713bc5162413db13
1589 3a0226e117d0ca34
1590 25533e1dbb425118
1591 183d1a6d5e0f2d4d
1592 8b5b951d53498dca
1593 9c9e818bb973bb58
1594 a75624361dae58a4
1595 e01962c8953c641c
1596 ae9e41b39f3893a3
1597 88dc564418cd9f47
1598 0a1a82da34929b98
1599 9e178e4a783a3d3a
1600 70abcbed800cbbda
1601 292a8f8ad3467d94
1602 4ce36e04c1edfb89
1603 03c06701b23f1ca0
1604 5f1189f8f2581676
1605 f5e43867ace1d319
1606 6b9d44216fe1cab8
1607 7ad6ea30931482e7
1608 00b72ab3ee3fcd8a
1609 a11282be6c71f54f
1610 776b9150b07c914b
1611 427fdd81816e32b3
1612 f380ae0d67e0ae76
1613 9ec7b03ec0a1d7d5
1614 d13ccf4ab6157c28
1615 72c172a3c22f28ee
1616 d260218e2cd34d1f
1617 f59b6e46b4cb7a8b
1618 306c0de61afafcce
1619 075818b24181f521
1620 51d2f32eb969c49c
1621 80f0aa465682d889
1622 36ca9011cb906632
1623 60f23e104ee2fb62
1624 ae0b3af78b199faf
1625 2d47a948c45b69ec
1626 fa3139c0ded96041
1627 12d9ed48ca0383cb
1628 7b1e0fc92ce7b20c
1629 b76c2ef4351f0234
1630 01b36696ec71e0c8
1631 731e01c5a202125f
1632 e34e1f4e2d784357
1633 b93f80277838360f
1634 0122b761a7dc46a4
1635 a6eb4238cad4063a
1636 3539438d6dab0e60
1637 dbeba90a14db1493
1638 585c252ef726af22
1639 202efc9555c29183
1640 26eee549e319689b
1641 11c857313714ceb0
1642 c3581a003fc972b1
1643 03b05fda9a4f3172
1644 2515fb1bfce9c703
1645 0d32a0cf4b7b6e99
1646 0232b6717eca1082
1647 786ea6180695e911
1648 347610e742842e80
1649 c7b1f42322edac87
1650 537632ab2456a726
1651 bd7e13298b8f1ffb
1652 a08b292dcbaddc13
1653 1f4517b412129ff9
1654 c5a9caeb758b90e5
1655 ba31b6846c9c7768
1656 0a0ab021f333f489
1657 4ba7a418411aeb2a
1658 7e2a16c29e9854be
1659 d6c6cefcf0892306
1660 a3b56cf2e1a689ce
1661 e9c11932769debf1
1662 3f3129df2767f755
1663 e924d3715d13f113
1664 fd5284ceac5b3483
1665 5449503c48fb31d1
1666 f6702f3ea2f329d8
1667 89ed954066ce6d82
1668 98b26638ade72d9f
1669 9fd4f610170f518a
1670 926e8d4b79bbac03
1671 9ad8eaaf8d642890
1672 9182d7ce617af535
1673 b6e4916ff66e70ce
1674 a884b4806c51b663
1675 0a55a1109a5b9339
1676 3c813fd35ecd489a
1677 76e2a33eee928f69
1678 a2ce34259bf7229c
1679 8177f048216c21bb
1680 9e38fd8b17bfdc66
1681 89a6c4ef0db9eb04
1682 7e061d9f643e0a61
1683 0087645b82bd1710
1684 47312488079656dd
1685 88cb367e05706f66
1686 146f26804cc4644b
1687 09c8c003af711456
1688 a37949c80d54a298
1689 94f416db5473fcc1
1690 00327c0ec4fb9d2e
1691 f842ecdc8144f55b
1692 0a8ad40dc14711ea
1693 64af14e05eb88d5e
1694 9b96bb8feeaedd8a
1695 8709f1dcdfaedc32
1696 f5e24188410d4dc8
1697 54b64e77ac78e618
1698 60414c9397603616
1699 088730da5ffe507a
1700 1430e26b77f5e4e6
1701 55357d92aaf3955f
1702 0acf29267ac1ba0b
1703 36cf95fc0771334f
1704 0626d418272a43b6
1705 0c2834f650905341
1706 1bca635b9b300241
1707 59476dfe3a336042
1708 c4e08bba2e3d3506
1709 eb6c9b03fd510f77
1710 c847a2ab7d8fa626
1711 ab3144599a4918c5
1712 985ecd8814e7570e
1713 1bd1c4e3ad0769d1
1714 235dd8ccdff37d64
1715 c15c4fb4387a4079
1716 b3b799613c3319a9
1717 e4bc1e6c3a81eeaa
1718 0b4492486b7b8de9
1719 61b348e5929f1552
1720 189da2adaef0dfb7
1721 2e23ea8a0405173e
1722 2ba1bb32357ae46d
1723 60793fd87897497b
1724 e86a5f2aac50377f
1725 4b9f661afa952e40
1726 c1f48669484a6f2e
1727 b53bdbd44d941cc2
1728 bb997b44a4843a57
1729 3f1e83b21e0e71ac
1730 8fb93553e412686c
1731 5dc3422f2eb8b295
1732 3b9289c67f94cb3c
1733 ce422f4aac149291
1734 8cad4068a16f6796
1735 5212dded1ab7fb33
1736 b0bab76efe003a42
1737 3827064f83f9dab3
1738 325d8e2109bf0f29
1739 f587efe72a10fb58
1740 7b7b7c1f2a388cbf
1741 da7e19c8b54d2a1d
1742 cbd5ac24fad416ab
1743 74206bca937cda24
1744 52b820f3d2985fed
1745 06287e7ef4c3bb47
1746 75d385e3e19b82d2
1747 ea395de8e31b2609
1748 5898f84b52eba63a
1749 0e5e5736ed31c1b3
1750 0a5357f00ddb3ce2
1751 29e13e487d2b8b33
1752 47718e11dd6f2d8b
1753 7a03198dbab746b5
1754 80dbcc1c929be4cd
1755 8512e5064900649a
1756 fbb4ce5fc9f3668d
1757 4b014122f94da10c
1758 95aa7f685bb90595
1759 a083d8f88b55810e
1760 0eea4f8b67a68c99
1761 411f454bbd900d1c
1762 3180eee8c2c57221
1763 a3f6a999b3cf2b4d
1764 72ba0236493a6fe3
1765 49cd5c12b55c1d2b
1766 f50c0ba03d15820b
1767 59f0a69260b4d708
1768 4d64b8e962c4e1c3
1769 1311b6f1a213fdea
1770 f3b1b7f942e1d5ca
1771 370df88c62730c79
1772 120c53bcd545194b
1773 2a2bf876f12961da
1774 b6f75c36ea285cff
1775 09e264e67306f2f1
1776 f73bb663c610d2f3
1777 f23dd8a205ac0d18
1778 d4a2b6d933ed10eb
1779 6d8b375930ab5d52
1780 f3b4c93f4a49164e
1781 1c6fb2ff58b9256a
1782 549273b071dfc259
1783 0975fad39312dbce
1784 e19b29e876a5f34e
1785 aee69fbd147f329a
1786 af4bc4f24572a38f
1787 414eb53e502d87f5
1788 4ab41f67785f177a
1789 314583c3b91bfc11
1790 66b749e05132f3f2
1791 bf9040b7bffba2d9
1792 618e4893c5bf9630
1793 892ce7352ec65d5a
1794 6d9304380db2978c
1795 51b2a27a1273405e
1796 6f363fb8d23c5b25
1797 4dcb19859953c90e
1798 bfc83aaa8ccc805f
1799 928742d28e692cf6
1800 7620847cdae5dadb
1801 4c254b0bbaa1aa5e
1802 b592bc97fc1bfc14
1803 0f247590bf145510
1804 9d5cbd5b917417c0
1805 a2a79fe6b3473f85
1806 096cd74086966d98
1807 aa198dfac2a91f4b
1808 f7b298c6624fbda4
1809 2e003de4b7fd26bf
1810 26e5b5f43dfec95d
1811 47881a45b863005f
1812 cad72d8fb474cf16
1813 bf8710e96ed4154b
1814 da3532d38d91389e
1815 fb03034bf45b5493
1816 d5da668a519dbda2
1817 f1d1d865aafbc9e1
1818 80ede4525b06d928
1819 e26aa83d7f098a5b
1820 8eb712da80ca9ca4
1821 1b44f0f434eb2b57
1822 ecd1b1d8aec7e0ba
1823 cf457c5af7782120
1824 9cb312082fe9413f
1825 754361fa70f875a0
1826 efd466adb1224b47
1827 a7570e651de5ae0a
1828 9d6e90e30e42fcfe
1829 9a51a83b2e248fcf
1830 580ba039851d16e7
1831 1a08e1945c7c72c4
1832 ed4179ace1362f7f
1833 edd99503d7bf80b8
1834 ed985d905193654d
1835 382085883b5ddb90
1836 c4061c438c4ea7b7
1837 0b8299514753ee04
1838 7e18580f5191c1af
1839 bd120ee3954687dc
1840 696241d8936305ee
1841 9c64c0b2cf2111f0
1842 67aeb9b812fda115
1843 098ed65647ba85bc
1844 29625f84900307c7
1845 0a60922c449e5bae
1846 e88c35aa329162bb
1847 6fb2299926e5acea
1848 ad9c349ebd76117f
1849 29e81e1c9d6699b9
1850 961b83d1b46b542f
1851 d0401de28a294e14
1852 fb41d53555ad83d2
1853 0cab42abd8e6c3a0
1854 b454a7869bef2bf3
1855 234aea3fa6f54884
1856 e514e4c192791117
1857 87c428cef72018e2
1858 70a1e09d4cad9b45
1859 86f281ea3a748824
1860 42ea14704ab52ab0
1861 32576434ff19cfab
1862 c4079bf7b6c4ee15
1863 5851313d4a65386a
1864 e42001df9d9f194b
1865 5b56e2e6df6f373d
1866 9de66f9fef59632f
1867 91d744a232d8be64
1868 16179f5a253a6cfa
1869 0f69d9bcf92ea60b
1870 7a8ccd5bbf6ef589
1871 a34ae511a721b063
1872 4526fb7d2689f1e8
1873 ab4941dc34dfe908
1874 37b22b0caf2652f3
1875 b2c860b02164b941
1876 4d8a5922e614e210
1877 e27740524a3a5aff
1878 8427363676e0e1da
1879 0201ecccf95e2611
1880 772d3aa196c9e6ea
1881 946af49f4708731f
1882 736fb7d41996abf2
1883 e542714e887d82d9
1884 1d452535fe7379ec
1885 058fd12fd61c0c3b
1886 14a956b356f77398
1887 b378762ae09b93b5
1888 dafd03705a4e0608
1889 9a8f07645315bc8f
1890 2ab41ec060cb60ca
1891 c1982e2ae8330c59
1892 52336c21d0570bd6
1893 0b72a496c561d3bf
1894 336f8702e58d1a8b
1895 a1b1ba4681cc14f1
1896 23fea7270324160c
1897 64f5f2a5b7ac481e
1898 0bdafbc5a6787ac7
1899 f8b4751d96be94dc
1900 73d9b4b9c0d8b154
1901 014182674ae13bf3
1902 20ed52db2678504f
1903 3a9b0271d97e19f8
1904 a9e68bfe5d167837
1905 2518be5c5565ba01
1906 fbfa19df4bef8a14
1907 7747741e344b305b
1908 74d4f425f0b4d392
1909 2a89e6054de32949
1910 a446843140917bde
1911 c2ee22255e34f9ff
1912 46984932e75faa37
1913 8d5c03d79ab7e414
1914 b7eca56f8f675a35
1915 bd8d17061ef4919a
1916 c4e34b8bc2a5447d
1917 8f66208ecc11245b
1918 e392b2b4797ff0db
1919 22c2a0d64ef44a9c
1920 8d9a78cd6e46810d
1921 df089a10ec5d0826
1922 bc7f05d2b6d2554d
1923 6e151b4880d8d5aa
1924 149641dc904d9a3b
1925 4c7f3f945b570288
1926 e3082db90284ed21
1927 efc698b3666d96e4
1928 05cbbb3db87c76e1
1929 f1895901fd00ce64
1930 cae092c80c91ac36
1931 7319b5c6612948b9
1932 69e213bcf0cf5f59
1933 e7c8b5f16afcd3be
1934 26bf9baa69b073b0
1935 a598dcefa42359a2
1936 0bc9097c343ee995
1937 5f48078f7847267a
1938 128484d412a06740
1939 d4ee079dcdf2f7a4
1940 eff437e574073b5f
1941 ecd66a57f9f85fb2
1942 0679a418a5559889
1943 3c13a27426fb5dba
1944 6e0635399fcaebcf
1945 4787b8b126ac07e0
1946 41fa2f0788615b9b
1947 3712985dfa3ec467
1948 156bf4853ebddffd
1949 5deae9ffc747e452
1950 6c22bb603ccf2707
1951 7414538d42a345d4
1952 5a57a8cb75ef8d9c
1953 d6d0c153e42bf11f
1954 166c2163bfbdd18e
1955 86fe8f7812feb6e5
1956 758c67ad5adb6938
1957 e27b908e22d1a40b
1958 53f1b803e71f78ec
1959 373d0e54cf90de9e
1960 3fc7b5808728050d
1961 dad355b8c235748a
1962 aa3377ce5fa16094
1963 24abf7e7031c9feb
1964 34af29aa317114c9
1965 0041ea1304820e43
1966 0aa89daa4a1c4f61
1967 0d111fbd46b1d92b
1968 a59391ad3d741a1d
1969 611619d6c52493c3
1970 f6a20aaee2ed3d83
1971 7683cad8c3cc8439
1972 521f9abce0fd7723
1973 d5c5ea5d52cfb04a
1974 93a1570e43e8fac2
1975 c521bba8535cec1a
1976 a09f4b3efd5ba2dc
1977 108d7f62e77bad78
1978 dc0f71926355c976
1979 fbb7a9367a1ab64c
1980 a718e56a970b058e
1981 9b0e07bc6024a91d
1982 3172c0dad3b8300b
1983 06f6176eaef526b5
1984 625ba0d8c39846ed
1985 19021d2756d2aca1
1986 41d43562a361d97c
1987 ece677f6a2eb90ba
1988 b75e772d200d77f2
1989 ab2a8c58df7603dc
1990 059bd28b41f6d346
1991 87fd308f87c86092
1992 d45f28a9b87591d5
1993 3ece4d86afba30aa
1994 0377e48696c4d687
1995 298a858a2c2b294e
1996 2ddbf2f36494eb1a
1997 33e192ffbb481ca1
1998 04e23efe97cca0eb
1999 78f12d06619cad6d
2000 5ed1b091054eb779
2001 a04ff9ce2f74c449
2002 d275cd28160493c4
2003 697f15802a5bd7c7
2004 fc6b69786dd0b0eb
2005 79e41bfe363b8763
2006 4f4b3dedd4f688db
2007 c2df036b33cb4adf
2008 7777148ff54df2bc
2009 f56de154b6124587
2010 aa2d21141d703d56
2011 3bea17f3974eb3fd
2012 96a42d353586b4b7
2013 a0001d83c92f3c31
2014 7372d11f094b31c4
2015 acbca60dfc5ec378
2016 a40d8ea9e7375b88
2017 cc1efe53713ea24f
2018 8d799f206e530302
2019 fc23324fb82efa55
2020 f40ec5826556a820
2021 68de9b1c517b62ca
2022 c40e9f796ed33404
2023 c547fa0443578d1b
2024 82a4d0030cccccf8
2025 ec68dcdcea401154
2026 93eae9f1029b11cc
2027 68fc8a982cd5d32b
2028 c20fcfde615584de
2029 1e6c7a428a4ba8d5
2030 66b3b74be04d343e
2031 123a3f4d8486b2db
2032 591a501f19369188
2033 899de271863d214b
2034 b79e9c6bc376441f
2035 9a759b38a8f3f421
2036 012f58ea377d1ff6
2037 96968840b62152bf
2038 7b0ccffb8b7f403a
2039 fc4f02ee92cdeb6e
2040 7792cb471e2aef99
2041 a490cc810438a990
2042 79f760237fa266a6
2043 64918c37095accbf
2044 9b101dd2f9c7e94a
2045 bde88c098ebfdd68
2046 8b7b85a28911c378
2047 981e71256346c302
2048 63945877b7698541
2049 67edd4b13d3e024d
2050 b58713704bb247ea
2051 405d01ddbd9cea91
2052 cde9a61cdeef87b4
2053 ce0a1a645f7f66a3
2054 93a0aa70daa7ec94
2055 77e09494802a5f1a
2056 87c8ad467186c8a2
2057 55830b2ff64a16f3
2058 c237d8c9cc70eaf3
2059 03c0d7a31902c25b
2060 0fab1789056ffd19
2061 096faad5ad6e322c
2062 4dae92dcda7edd68
2063 2091ec049b5b1233
2064 a3995be422b91274
2065 7dc252805ce11fb9
2066 feca330859002f22
2067 8e9b5fb57bf1bc3c
2068 e5b144535fb6f791
2069 31495c49dd55d18e
2070 6bba701913815f61
2071 5c58315161e42d8b
2072 ca5209443b12062a
2073 c406439239fbda52
2074 b9783e14be89c4a8
2075 d84f68cf90bb30a8
2076 5b08474b2411c630
2077 2ba49af83cfffa62
2078 b453edac76412516
2079 4f8ac2bf6347d72d
2080 e4f26522a52669e3
2081 cc0999e6361ae719
2082 3f3df58599889d9f
2083 fad9ae6feae13181
2084 2682008a60935bce
2085 49ab30e770858e3a
2086 802d6842775da4aa
2087 0c0bf0d1caad3a7b
2088 84122d688690c233
2089 896d427b761da2df
2090 e90d533312313e2f
2091 f23f2443c1f5b8a9
2092 6519f6c0e74665f7
2093 3e2437a653ac966d
2094 64420d45d42fc290
2095 8490529055f0a300
2096 2a1de66dc8cdaecd
2097 0bc9d067aa27ddbf
2098 1acc9592acb817f6
2099 f1f4662a4e5dc0e3
2100 30ac1f5ddf1c7710
2101 25cc3d3a17fa2cc7
2102 f49b7d422f3c9168
2103 ac29226dcdc6dd98
2104 62097ad337b48c56
2105 ceef361f3d2bea3a
2106 7c6f021597411e34
2107 a76dca055aad3c16
2108 8af0d12a1e18c1d8
2109 2e3b04cec8686b6a
2110 b334647c06370abe
2111 f82781448d28b68a
2112 cda03c5519868e1d
2113 5f7848128c290792
2114 fb8cea4b7d4db8d3
2115 add270429c860cd3
2116 37708a95124311f2
2117 8eb52778e7fc9de6
2118 0b91f2d74472e187
2119 66ca3de55cff6cb6
2120 fd7b818145918fa7
2121 a492a1673a3a679e
2122 45b39d6e5bdb40f3
2123 d72d98f031c1614b
2124 7a80f2ae29b5aede
2125 be05cb4a1cdaf590
2126 26d2216dbcaf02eb
2127 80fbb9546db198ff
2128 80b876762bcfb322
2129 d80cc48b2e1cb814
2130 7ad5f049bb2ba41b
2131 0b56dfca88445d26
2132 ce267a358d93853d
2133 3d8a2edbeb87cec0
2134 43395285191bb737
2135 96b571dec20eca12
2136 761a1a531a3f61f9
2137 d35415cd64c08e6c
2138 2b580a7987cefd13
2139 aa33ba36f6041a7e
2140 e7c962d7eba7bb7d
2141 79bac677be86ae60
2142 6d15e6384ec6c7bc
2143 3f92e8fbaacf13e2
2144 d65d33d0c83e6caa
2145 a837bb447e412544
2146 f2a618343aed5e9b
2147 c5eaf84d62fad8f6
2148 9e109032e8cdc28e
2149 dd6d7d217f501218
2150 e7f4aa3d487b000f
2151 65b7182a9043653a
2152 37a6856230e72389
2153 92553e2e1e63d7e7
2154 5c75b7270b0058c3
2155 0bc40df34187dbce
2156 f28c8382d67248ed
2157 4abc63413b1fe1f0
2158 2842a9def7e4ea37
2159 5a0d45ca01249812
2160 7dc337e2723e6191
2161 cee76b66264f357f
2162 0b6edd65950f18cb
2163 7acaf5062e84af06
2164 85de572e04b53b95
2165 d926173962097da8
2166 1dd0c405eeaec9e4
2167 4eb00244538791ea
2168 2cf901712458c779
2169 1e15574d760d008c
2170 a23f41cc41106ff3
2171 ad9aeae42f5cb915
2172 d52e000fff6089dd
2173 e630f0bd185f2f00
2174 57e7edc7728ba4a7
2175 d245e94657b09182
2176 412742f72cf509ca
2177 a9ae3aa186a9b1e4
2178 b8a057cafe5f997b
2179 c589709e74934d96
2180 710244643b0602c5
2181 25aa973c99e98f63
2182 9dfac7f1145d766f
2183 09577f410cd89f5a
2184 5c3a2ce4799d4d69
2185 ce2816d641db71bc
2186 182a4b1593c31f58
2187 56584400e9999e6e
2188 7a5c624e7e9bb5cd
2189 002b6b3e8b340890
2190 3bd8768f7efc1197
2191 3f0a95a340f1f459
2192 8774f76c08bd6471
2193 e22a43eb20580254
2194 14206dbadf4eb0ab
2195 e4ca8c504486bd26
2196 8d022df76d7c7575
2197 695563803b26d148
2198 b4c01ffc11e5501f
2199 cefbfd7460a223d1
2200 d5a6b38a992b02d9
2201 49db8551af4d32ac
2202 483d85e5ef9c51d3
2203 71d803698d77d83e
2204 d61eac29553984b6
2205 09f694b12ff52aa0
2206 f532d2b1fa10b087
2207 4e3a84b694f5a2a2
2208 4899904ab8a89361
2209 0a5fea533c32692f
2210 2b2092d35eb1f35b
2211 f93e178433aa9c36
2212 a47413bcc1c43c25
2213 c7dd6db25c301e58
2214 23b31a710670d2d4
2215 1621b8fc3d43fafa
2216 e376c17188d55d49
2217 c9f5c03df9f2b25c
2218 6f5d1cfd41961883
2219 9d954d60573202c5
2220 d528fce7400f06ad
2221 a5644e90ca06d130
2222 0f5301d70a5e99f7
2223 192d076b4595fd52
2224 ff072e0bed04f83a
2225 597b3932c4aef874
2226 fedc433f3a188a8b
2227 e7e1356b565f3246
2228 67da161540f8e455
2229 ede42e0c888db3e8
2230 1332932dbdc34fff
2231 7ecb58dd5bc3fdaa
2232 1a25172b020f3092
2233 cc0d9f6a228ac6cc
2234 da587bd39a4334b3
2235 c32fb355cc567ade
2236 7d33bfcf7a48829d
2237 2a805d9e54a582ab
2238 68f307736f05b667
2239 ed63b2332e949842
2240 975e8649396d6141
2241 54964727f6f0d5a4
2242 abe156c8530f79a0
2243 310c85f5566e82d6
2244 9a4f819a18c77e85
2245 1ad9fafbffbd5df8
2246 17bc34831cb7502f
2247 7f3fd516c5e9dac1
2248 cef602b7c0d3fd29
2249 b37fa86c35ba727c
2250 3b79704046824ae3
2251 3b73f033a997752e
2252 63c607d0821208a6
2253 ba4f276e88f261d0
2254 a9f52d3265ccd857
2255 96b0b1c66ab43172
2256 73bce75099ca1331
2257 c703492119cade5f
2258 b97be9742e8e046b
2259 2d88a946628ad466
2260 3b4ebc7745abfc35
2261 c6aba34ef38a8c88
2262 36e390a46227f5df
2263 10060f09c1d482ca
2264 8a0d13690135c799
2265 5da64840285c7397
2266 df03ec894103bfe8
2267 183a92a4e3946bf5
2268 bbc858c69816a68f
2269 64dea2aaaae59d82
2270 680d938c9942f93d
2271 f3f9c7860f2b2c98
2272 78f66d668bad80f3
2273 fd1e31099048e0cd
2274 cda1057dea99927a
2275 fb0bdb52ad19a777
2276 8d3f0afbc6990bcc
2277 807f5bc4a868963a
2278 c03f80564bc35c8d
2279 26f5c0814e737eb8
2280 b49a59d84330a7a3
2281 b1627e9f413033a6
2282 628b06725ad83218
2283 40886349e413647e
2284 461e5fb91d236578
2285 3982c3f57956626c
2286 b295e31c03c91b48
2287 2ffedb0d2f240d98
2288 922a9ca9eb54d9ae
2289 7214c0cdf8b20eba
2290 5585f7110d383029
2291 ab830dc1a23a845a
2292 2d4721d916cbdea9
2293 a3aa258a01c0e486
2294 bb6f7b97edae2524
2295 6ab8433e336577ef
2296 659e00190019a914
2297 a8b74e29373acf35
2298 0e455912ad0b107b
2299 1f253c07f3bd64f4
2300 39b4f614ba183f93
2301 617150196ba0b975
2302 144321efeb99e916
2303 c1cb8c093757ae87
2304 3ba94fb48ef85aa5
2305 2b83e19bf8fba97f
2306 1495220972aa62bd
2307 228dae7ca2a2440b
2308 196c8806a536856d
2309 22e945766c340d1d
2310 b8f0d6dc0e65d42f
2311 5e561d327e03a5b1
2312 5c26b28e1c1dd7ee
2313 7faf28db45d9d0c5
2314 1c38af10e03b07d9
2315 96b0b0d3d2244d60
2316 baa5beed7ded428d
2317 9fcb1be228371202
2318 a0c2709561bb4a6c
2319 0f484e87daa36b11
2320 f57b526b6bf69ca8
2321 c5edf01d5294aa6e
2322 6d9b202ab2eb8fcf
2323 62bbd78345acfcf4
2324 7b8b432d04d15aae
2325 8a61ad7c0a9f237f
2326 1ad2c26bbcddbeac
2327 4c4420d0a297c815
2328 d82830b5a203a5a2
2329 6f4b616b158064e3
2330 c275b3ef3552c47f
2331 beb749e5ec60313e
2332 4bc9f6e0441d9391
2333 994f2d0eb88a9491
2334 6c4c5f0f55c5ed14
2335 53f299e08725f04d
2336 709ebe68b2ee81dc
2337 020a26db313e5769
2338 f7e4fa0e3164d9eb
2339 6699957299d2bc5a
2340 229e7f96e3aa4713
2341 d8785b42c0448143
2342 59a2252de790e5cb
2343 a48cb92baab5e932
2344 7fbd789af61e82a4
2345 a475a64f546235c5
2346 c9cdbb8a3970bc30
2347 b76d7e0c6eab1e9f
2348 4d783b7b9d85276d
2349 7341ac10847591a6
2350 0b3c9f373335bdd4
2351 5874452171e67b81
2352 a7866d6dd48f625e
2353 842d98410a6cc083
2354 d7f7725fc6f397cc
2355 23a9e6fe8df269d6
2356 d417588267085f9d
2357 fce9b98d424e5d2c
2358 e2f6eba286c632cb
2359 742c5279ac40dcca
2360 bb415133511286ee
2361 d40f6ffed61768bb
2362 cba0ac8d0cf3d46a
2363 13bd0444501f2ab7
2364 60004544c27dc355
2365 9b81bca1119e5c55
2366 efd1d24a1836e8f1
2367 4f4b32ebfb4c9215
2368 11903c3309f7e6cc
2369 cad5ed8448f230c7
2370 43963b65da377a35
2371 62cedcad301a18c1
2372 2c65aa5a6f2289b4
2373 f63bb7fd8530fc04
2374 d99e0bae17b2aac1
2375 294549de1848ed98
2376 dad06989d4cd9961
2377 dd7398718a54c539
2378 996d5841f20d0643
2379 c7656ab54bba6657
2380 3442afba0decdad8
2381 8b85a7ef83ef32ae
2382 650d0541fa05c19e
2383 514ceea43e17659c
2384 c300cb8fedec735f
2385 7ccbf694917235d6
2386 4b99aba1ba4be218
2387 f65de09b5028e997
2388 993eb531b30bf32d
2389 34532e8482a3b83b
2390 e1639d1b7c91a9e5
2391 c8186a9c801ac1c1
2392 48d3021d92ab0c71
2393 1e82f2fd94c5a9f0
2394 79ac028bee5eff68
2395 725df40ce5bbd8cc
2396 7c81b700ca317949
2397 c7d50e2ce0175e0c
2398 48665b6638958f68
2399 48edac3d25a8412f
2400 f1039b1bfb0473b0
2401 5279a2636b523ed9
2402 784b3bed5759614d
2403 16a4a3c11c72b0d0
2404 99d6f1360707d3bb
2405 a57b7c04e6071440
2406 b962cb021a0583b4
2407 958e5ed656863174
2408 9d84dbf979b6cffd
2409 f70856cd6b7633a2
2410 e09e5930f9ccfd0e
2411 eb3d42eb26f33a43
2412 3395e2bfa3447fb9
2413 18ffe727cff7e2d8
2414 92160f2e82c1a6e1
2415 368c69e82abaf3b8
2416 57a0f4949e9a5903
2417 84ff1d5cfeed7025
2418 cd18f5962d66dc1c
2419 6c3e652cc940d7bc
2420 ba9fdf236ffd3411
2421 716c46aebd303ccb
2422 476615179c14534c
2423 ec0a737037060e6f
2424 e902a4a0ec354a44
2425 cf9bae8870bb07bf
2426 a687b5c5d8645bf9
2427 94bd95553e753c60
2428 d1f41c552d6b2d3d
2429 6405b4f20c740a80
2430 1bc4577e33388838
2431 553f6269da556f96
2432 3ad224aa0acdf611
2433 52b6fb8e04ec76c9
2434 b73e352d4ea3c316
2435 ee1e01f1fbcd2429
2436 4446c3d7a3887cce
2437 6811a58bef5488cd
2438 9a5cb6b99a67c7e1
2439 a2486d0d0d20ab37
2440 829b9208d21bb3db
2441 daf9a48cceb24a79
2442 c6089101169c7eff
2443 a7bab7fbb48c1241
2444 163be5be09cfd0eb
2445 803f85cf6caa76fe
2446 e133da407726c82d
2447 a42112c5ae1b5f22
2448 f2aed78d5437127a
2449 4f63b9abab30349c
2450 ae823439f052e4ee
2451 a8ad465a7b1336e2
2452 845b82d03e771d00
2453 40252441691332e8
2454 985897b08672b381
2455 95a0f28918113a83
2456 d12aeca79c5cd354
2457 5c4b875517bc72d3
2458 71d87eb2b94aed2f
2459 773b6bf96453196b
2460 37842c50b7a56bca
2461 cb691d75e29e7314
2462 4fcc02a5db2802d4
2463 b4754fd1cc0486ca
2464 9fbb99c8cf888274
2465 41a02738cd2f048e
2466 96f556bf4c651de6
2467 d10fcd76df42628f
2468 bfa2b646ce4f2828
2469 5d845002f7273d31
2470 3089e88aceac8b64
2471 a1741c20490d2d55
2472 aa62515c3bf8bd6c
2473 a5baf5658a54d9a0
2474 e0b21df721f6b95f
2475 6563c377f25fc15e
2476 3c34cd07a5ffe299
2477 10d184338e37f6aa
2478 5aa36d062ecee07d
2479 1025d16626c243c1
2480 d5bf804f50334127
2481 99e5cb7a0ab9910e
2482 96668b6fd98af00a
2483 7cf3deff03381697
2484 19b491667d78bc18
2485 629e2440b255d0b4
2486 73f5d6707246cb88
2487 25de0220c746bf13
2488 c97de6213ab274ca
2489 51622f2903070d0e
2490 305de42359180fc7
2491 cf0a83f163420128
2492 1530b00b9ab28805
2493 27618f980b07cb78
2494 0c59572cee97b152
2495 65274e4797e465cb
2496 798971f44fb4521d
2497 7b09394840ae42c0
2498 2c0083ceeb4833e2
2499 73fc5ca9ae032f0f
2500 450d0798cc741af9
2501 4d4641c915ce8260
2502 773be500cc8cdc9a
2503 73f90c25391d072e
2504 6b8cfb4d958cf0bc
2505 1777e0397deb1e7e
2506 b1d7a5d4fa281aad
2507 933bb82af3f7bbcd
2508 fec21a0422a55761
2509 24cf4b1df922e2b3
2510 918f922cd337db02
2511 b1dfefb9f37ae61e
2512 be79e596f98739c1
2513 1833610ab3e53460
2514 82c3ac3f11c75e6d
2515 83dcbe1fbc622b56
2516 1bfccbc4e70685a1
2517 4a14f0d1f1e6ee94
2518 b33163f4400a48a4
2519 31535cd9584a5c44
2520 b723215b93d6a46f
2521 759ee4c4975ac44c
2522 99df6ff6b1586492
2523 4e7c7bf7f1caf1cc
2524 2a3a74f87ff75ea4
2525 701432e3abad611e
2526 878fa57103caf345
2527 8b4e157bc3f17c88
2528 8301a73d2f8b18ed
2529 f29488862c479acb
2530 484be7e6cf2a118b
2531 cc8dac98d74e0813
2532 f6de136819d56055
2533 01ceb15fc4306bd4
2534 ef6ad4e78e44543d
2535 10a5084ed68fd39b
2536 2a2010c1eeeb7fdb
2537 8755529ad101db25
2538 705aa33a89147e92
2539 e0c7f1226ee25464
2540 e509ec6ceb175a17
2541 09986d5f1ce6a994
2542 4525123e97cd8dbd
2543 41bdddc4d5d0a923
2544 5fc790ec7de36150
2545 84901ba565ca00cb
2546 f81167fbed1273bb
2547 2e679c9ca7aad21a
2548 d1c4b75b872ca1ca
2549 d4b2444ed6d5b81f
2550 53f37003013bd9ec
2551 64d4ed687a9d7734
2552 f68aee4603fdc0d9
2553 ec0a9157b92ab0b9
2554 30f9ebd4efd7c852
2555 fd4478a7b764c1bc
2556 5d1a8f244b262cad
2557 c199417801149731
2558 4ee7c1057835c234
2559 4d603b47bd6ffdb5
2560 66a1153ed02af2c1
2561 62690b8aa8bc080d
2562 a74e3f780fcdc977
2563 bea389be3dce904a
2564 5c8c2b96fd1cef04
2565 563370e0138f492c
2566 69bf9665b1cc7f3d
2567 e0863564edf5043d
2568 859f7bf80dcb788d
2569 b9b8303b0170f478
2570 9e5d1b0a96972a7a
2571 25680dbf3fbd4541
2572 96151ab40317da6c
2573 645f2135ecbf63f0
2574 1909e3760255e408
2575 4ca9264bdd3b3728
2576 7a6e7ad5d64825e1
2577 e8db4b01ed09b532
2578 b1bc1519df134ba5
2579 b70ff2cc104bfbc1
2580 b44644dfa0651921
2581 0f9364ad34939b60
2582 2e9d2bb12cd4fe12
2583 a0d6be4805d9c9d8
2584 0ac00f844ca61f2d
2585 574b952095fcec80
2586 900d5f077304b1ff
2587 00db7905c37e7d1e
2588 d0992c7710a99d58
2589 773714bf0f145475
2590 a33c3a274f50147d
2591 23c9be60614d55cb
2592 ba9b45b271b844bd
2593 6d7107700b98d393
2594 e7f89fa5567c6af6
2595 9aeaa20a3ba12bc4
2596 9fd93827c860ce7c
2597 cb875d099bb82ec8
2598 2bdc48332e9ba99e
2599 9ae390aaf5b8dc0b
2600 0d6e172c024808f9
2601 ad99e61daa89eed9
2602 83103a321d7f89e9
2603 ac67c72547f4c40a
2604 334934213527b0a7
2605 f9a60454024e5e38
2606 dda1a0fa86ee6b2d
2607 c4459ee1cf949ded
2608 36a240c4d10d792b
2609 d655b770b4838a63
2610 5514847fd90f7be6
2611 906d25bc52d9d2b0
2612 34f10891eaf860cb
2613 b9f08b2074816ac7
2614 619e9d778d9c638b
2615 c8052548d611c09f
2616 4a10694a47c6ef29
2617 55417ad109b5bf13
2618 39667cfc32452a6c
2619 b31733d2d4f42ae2
2620 60f620d4df802a64
2621 b5505cc204eafaed
2622 b79f782f6c76e083
2623 0e0aa578c26b38a4
2624 142299715ebbc42e
2625 e2f311def4c5c819
2626 6abe6f7099f8d18c
2627 1d6c3042a1491601
2628 9e765f070b711433
2629 04f43bf075c2e996
2630 f650b326d7b3a0d6
2631 2c9afdf4dbb3a1e5
2632 62403c7bf8e40f49
2633 fdb26c7a50546bd7
2634 93e4a419e3837278
2635 9443165a7b5ced9d
2636 9a1bdfd0b6ab9a8f
2637 e280ee12bd668133
2638 21ff86743cbe8cb3
2639 27485d1f4a0b0d28
2640 5625e55dfbcd606f
2641 1ddf381529248e8c
2642 a7168662db07ea51
2643 f5e582cdf20e06c4
2644 d0ff5c8b2ba8c2b5
2645 da0410a055e17224
2646 acc2ff8c297d23b6
2647 ba0d941169e8da16
2648 73cae37fb349321a
2649 cf74f780b0130ef8
2650 bcf9f00866777d4e
2651 f254bd36828f419b
2652 5e5c9ed536a6abd1
2653 5c7e0bf5bf30e3b7
2654 f0aecae637ea63f9
2655 d6b8928203ca3ca3
2656 0d4a2c1c6e1ad33b
2657 3688ec68693601f5
2658 a7278ffa460bc3fd
2659 888aef35c123bd0a
2660 c7a99dd62e3da4ab
2661 8e9058ef53a42939
2662 9212123773d7f7a2
2663 0d19e4adef8dd493
2664 256febff576647cd
2665 b0e6000ad30bceec
2666 bccdce2e48e55f03
2667 8d445d9b898b70c0
2668 0656bfc9bcbc6190
2669 f3af9622356f599a
2670 30e6fae9f365d44e
2671 6351ef9ea4ce16c9
2672 b7c5c8273817e6d8
2673 2a91e1917349381a
2674 b5f01af7813668ff
2675 d5222b9de834c151
2676 d5c3fb5858eed4bc
2677 8237f3a79e01fded
2678 65ff3004647d0257
2679 3de1b54aa22523e5
2680 5bd38fbc332c772f
2681 db341f3a6bbde0b7
2682 993042274afd48f3
2683 5d7f980bb9e1db2b
2684 3890071bc6d181f3
2685 c71f1d280a314588
2686 750accfeeae193ba
2687 6c4e4db503ee0ddc
2688 959e0a51e57440ae
2689 d55823a40a51c609
2690 19d13b55dd395724
2691 41b3dddbc5741f10
2692 401b897c37de5c0a
2693 d167eeb95276dcf3
2694 704cc54e502f45df
2695 3a455b1607ae5716
2696 de22234089102fd8
2697 d06914d736a9e6f2
2698 78d07728113d3915
2699 fd8f2028af33f675
2700 61b49a5a753f57b3
2701 8a74fd65b65026f5
2702 7d3c69e53f8974c0
2703 510e38d50b89f93d
2704 341ec0f4df3befbe
2705 ec241c948a5f0eff
2706 45a5af3d025a6721
2707 c0b2837f85183263
2708 9fdaa732ee74cb25
2709 5b231fd80ac91740
2710 d79facab0121a55a
2711 2845bad76a28ac47
2712 4edd8e7ed3389959
2713 a3e56c5474ef949c
2714 dec7dba77149e777
2715 cb505de38734ca93
2716 e4c2becf8a7e353b
2717 2e3f0ab95078ffa1
2718 1e85687a865835cd
2719 37e3547670291225
2720 db31c870526186e3
2721 9c082bf2c81a1a19
2722 505d1914bbc7497d
2723 c7d55f3f6188d808
2724 226c5a4fcaaca540
2725 f70b112c17867d53
2726 0ace8c164f603103
2727 b374e4969e8098c5
2728 dbefb47bb649257d
2729 ba1634225e049cdd
2730 8e781940b4f4f3c0
2731 7904123a57c33669
2732 fc78410f347a0093
2733 80346908db25fee4
2734 c1e7e673dc7a9920
2735 562b9cd88979d576
2736 421771034e3ecbcf
2737 3da09896717fe44b
2738 dfcd3957fc68cd5f
2739 cbc0ed85a6831b70
2740 6dded13283ea6b13
2741 0ead63e88fde2f25
2742 b88fe6b823ebc7c3
2743 1f9a5f524b765767
2744 e31a71087dd94eac
2745 2fc1285f79f15256
2746 10c063bfe997b9e1
2747 c493513957cc440a
2748 8771eccc375cde7e
2749 3b5b0654aaeefa62
2750 05b71f4f14b545f3
2751 bfb2cbcadf3fbbfd
2752 85feebaf39b966ee
2753 f9a62bcfc02a28af
2754 ab72eb911d4f45e5
2755 ded055e4a21b6b86
2756 59fb1f1edd5b3478
2757 6c984064282a4a9c
2758 36d5e028d7123700
2759 52a4c88e2d6409b0
2760 067477c54586bc41
2761 c45491f7c83a6a98
2762 9e3fc4a9fad21816
2763 6bc35ac0520530a7
2764 6805d9c52806b74e
2765 fdf6bd2113d64be2
2766 7565929d48d5fa43
2767 1bcf4c357a8e6522
2768 357c4fa56a4704ac
2769 e147a7ea7e6b1b3b
2770 a15c2d5e73bd1024
2771 56a6b5aec345bfe1
2772 4e750a80bf8c4848
2773 95d3b3512d40be51
2774 3d44900565db1152
2775 d1356d9838ecaea4
2776 0b691dc258342d8d
2777 2b0cbede8df83458
2778 536a118ea8aa3227
2779 856f83f3bdde9aa5
2780 bdcb48ed5d063ef0
2781 bed4e891ebca9a3e
2782 7937169acf6fa808
2783 16daf4510f69a562
2784 b01f01c325c15c92
2785 c2917c51a979e6f3
2786 7ebd7e2d5ecbe6fa
2787 5f06e0f74c54015b
2788 fea13d2e2fce53a9
2789 c1acf46bd8da7fef
2790 aa27d37229e4055e
2791 f402e0f3df101391
2792 b948d4e87cb12169
2793 c8756e58205d4871
2794 f11839b69fd2d32c
2795 90d7b59df96f78ee
2796 bd820155c16c7679
2797 2be1f188f635e9dd
2798 455dad8b5258ce45
2799 c51dbb0725396cdd
2800 290622c80af5734f
2801 3fb345f318fe041e
2802 6fc3f564d9a32495
2803 1a302cc8f34fcf2c
2804 dd5ac6bbc4e134e2
2805 2b33b32ff039092d
2806 e622c575a7f42afb
2807 7bfc096b9debb384
2808 7acfe20458b02f67
2809 814b3f0190fd429e
2810 197e5a1247ac8c79
2811 fb88b2f2f360426e
2812 afa88fc752e382d0
2813 1bdd9e7316c2bd33
2814 b8675fc8bf9a1668
2815 312cb3eb4bb80411
2816 4633b6113044fdac
2817 f523302864a13594
2818 05671eb0806a1b58
2819 fd6b2f3e0831695f
2820 8ce11a07fef11b3d
2821 a359c8e6226a09c9
2822 b879c3786544e7cf
2823 fa31512af13abac6
2824 48f5de2bfbf036f2
2825 383b0101c7ca4749
2826 24e14e587abfac42
2827 81d86845cec87c61
2828 f55be60a1cc22491
2829 f73ea23c39efe0d7
2830 2cd0af0d4fd7a4ac
2831 3cc4efb93f3ab418
2832 31803dc1bcbeded0
2833 e08cac2ef013b6e6
2834 830ed9e838c12bbc
2835 04ad1154d12e0710
2836 7d4fad0853c0af6a
2837 ee0f572fdfc80b86
2838 668ceb901ff2d58a
2839 412ce72f178c233c
2840 760ba2232a0768e6
2841 899b1a9b92d1dce4
2842 42577ed78db45d8e
2843 07a2bb8f6a6e97d5
2844 aa2b4959f26059c1
2845 3433c84cc5890a3f
2846 3f8a0727c4136885
2847 f7b64ffd71b94b81
2848 6dc1b07d3856bde3
2849 6f64adbecaa6516c
2850 7f2ddc26dfae8d6a
2851 92b351a28039e346
2852 81d632092f03e8c9
2853 547cd254a8432b10
2854 6b2cf40fbd295fe2
2855 0486a3d904ca6706
2856 2e85de103d74db53
2857 729a9901a0cd28a0
2858 f833e761c578a6eb
2859 57733fcedf64dcfd
2860 f75e3ee62a554944
2861 4b6e64adc96f40bc
2862 a74a49e573d1f196
2863 bee19448e6c1aef0
2864 14ea71a32c1f7197
2865 77f232fa0f61240f
2866 14246d2a5b751177
2867 26aee4ebd52fb5bc
2868 eddb470958e9a1c8
2869 cf9e426d296df9a3
2870 8c652a4e0e82b7eb
2871 711f81626f0b2d42
2872 1340b22fea66b46b
2873 b0860d3ef0c51797
2874 a18bbf8eac5dddeb
2875 1604901b7d9f2378
2876 a87c92c4525dacae
2877 48707b5e4e9a0132
2878 0a1cccc419b2f29c
2879 f252d2d6b5386a66
2880 9b2f1dd0fb7438ea
2881 7fd7df8c0aa9d87a
2882 a7f64f118f771e53
2883 37207393d03c5151
2884 34b178058bdbb475
2885 929bf671d929c027
2886 ee906f2abb904f14
2887 0d5606b4ef147d76
2888 8dc6559bf0b5a9e9
2889 9a141726f9322bc2
2890 b98c0b3069b2c2a2
2891 08433674bf3056a9
2892 b0276ed5c9eb0db6
2893 609d89c928e9c34a
2894 7130cbba8720e003
2895 4dde7f7a73b1fc13
2896 f8b842a111e80624
2897 b375eae8ce9e1da1
2898 1cf3f1947a75bbe9
2899 dbc9294cd8c9d6a0
2900 cc3a6c51076f8969
2901 5892f7db78dca1e6
2902 4281e1f32c8a9adb
2903 3c7aafb86697b3f3
2904 4b6be40b1124ee33
2905 a9edffe0dcb3d866
2906 c1bfce5d048b217b
2907 b9a9d88f44ba9fdd
2908 f38d126424214914
2909 77767fc8f29ecc1b
2910 ae95601d83878515
2911 c2846ff5284a699e
2912 8264177760db455a
2913 99e58079ef245cb5
2914 a2cfd48791fc33e9
2915 bb52f94c2d6b4974
2916 012a39ff07db7069
2917 2fd653ec3e72d6ce
2918 f7b2f22039ee1a17
2919 2f215c2b0be57b1c
2920 1cc377f579907d78
2921 3df9b421fdb577a6
2922 90af93c479968bd0
2923 da2460f6b31ca011
2924 78cae4b1043a23df
2925 bfecf56e94d6e4d5
2926 391dc5792f34696f
2927 94e8eb7e3e115221
2928 4472dc2cf391b7b2
2929 caf6fcc857af2c03
2930 639ffe66403456fb
2931 01962246ed2f60ed
2932 056041392944f5f1
2933 1e6b51d79b7b030c
2934 08c8bc1f31f52da4
2935 e8a94a8476c6c1cc
2936 592073f67711d237
2937 21208d99a359bd1c
2938 16b58effc756651a
2939 912a8c13b46892f9
2940 4fb159d3bc39ace7
2941 74bd018833a89817
2942 686f5dd80aa6efc9
2943 78260ad7940d7de8
2944 866dd6c3b4fd8837
2945 421972452aeb07dd
2946 a438724cc4d69625
2947 b7afb07a1a14bb71
2948 6c167250af8e4c6f
2949 b4e48fa70ab97f8f
2950 e4b1bd09eedb22eb
2951 219df995e909eb23
2952 5507f9d67e0736e3
2953 473d1e91da82f9ca
2954 f9b304b3cc0ea54e
2955 f2ae8fa00a5f677d
2956 90edf8ce9937315c
2957 7c166d85992ca2e1
2958 9c7c183e9d5a2722
2959 3e83925ff800e9c7
2960 6df5004b302f6330
2961 33d1479b31916517
2962 3ee1ad87a2bdea46
2963 2180c6ca5871620d
2964 6b75fbeb123eadda
2965 b743862fbf50b73f
2966 dc47a538ed633857
2967 e2d1c4936cb296c8
2968 c70e47ebb4664c0b
2969 c70a31dbd3cc4281
2970 dd594e5d0b3a5c40
2971 109667a7e7a08abf
2972 e4e9a3b5d174d540
2973 8659309bf38580ee
2974 b920555cbafa4846
2975 29d8668286c83174
2976 dba85b5153334290
2977 91113b2e76b252d4
2978 0410f8c60f7dc9c2
2979 c9d56d239acb14ea
2980 1e023a96d1c67ef0
2981 86cc05bbf9a983b5
2982 b2f1a5aa0407ea8c
2983 288112c6cf071e2c
2984 d25d53e3ff251c42
2985 1b12f06b684694e4
2986 8f79dd7880199e61
2987 8db3a2f02d2991ed
2988 8474571e3258a288
2989 7b82c3bc6e895208
2990 6541b10c9f32ce68
2991 4c963b50856d75be
2992 35ffca4e961735f6
2993 82e07aee3ad073f8
2994 6e041aec4f311a3a
2995 f0f4bfa17af885e2
2996 606904d94073aa3d
2997 64e396a1e8a4ac4a
2998 82141a5ef82db288
2999 5500986c7398c2b1
3000 0a96f61d60ed0ee8
3001 05e32ad7169566d4
3002 c43fc3956afd85ad
3003 ef952762778fff61
3004 ae3b20ebf7a20054
3005 64ab865d752d86a1
3006 9a5f3859c98897c3
3007 899b144e3dbdf573
3008 34ed6f91ef5631d5
3009 c2cd4b4fc2c0cd1f
3010 cbb158735a09a04e
3011 d23b90a23c90f8db
3012 81c7e741c38b69bb
3013 8d5de8cdfa9384e1
3014 5029589721ebd7c0
3015 56752eae539ced7b
3016 da1c54d24edcff9f
3017 6813e87f3424a0f0
3018 720f0d59b8231804
3019 eb99d9888e08543a
3020 d7a2bc3fae611cf1
3021 bdd2603e9c72e0dc
3022 6a9c2465a20082ff
3023 6d7acc3cd7fd0ab0
3024 a6e5db7df3fcd983
3025 2013795b56168a43
3026 67aef639a60ba1ee
3027 4e3084208f26a874
3028 4989f3e1a730ab5a
3029 14cf6a448a3d5b2d
3030 39f3cdb29ac93d52
3031 bbf3309beb1afb7e
3032 8ce9ec1648a87866
3033 7284eaa6bd31eb23
3034 74907730d0b29f30
3035 7b74629b35b26859
3036 e649d1fba54ce939
3037 506ff81685b0ab1e
3038 f9b5ba1a13bce79b
3039 5e0eaa44cca9395d
3040 c282cca81f738735
3041 c88391a30b071f2b
3042 6d1f219d570ed251
3043 6fde39902e87fc9e
3044 d3d9cb9f3339ec24
3045 428bab09d9925919
3046 d7a258994aaefaad
3047 c91203e6d97b8d4f
3048 f5e2c8402d037b19
3049 1c183247b61abf7f
3050 1b8137ea9cb68123
3051 3354f8e1f34a477f
3052 e649be39765033ca
3053 e874acc61dfffe32
3054 6a72ca4666ad0858
3055 619f194dfb6293c7
3056 bf4f239b5bc35026
3057 83b418fbd6a5c2fc
3058 b1fe8f34f873a835
3059 26be27f7a3a1aa14
3060 d803efbce1eabf3c
3061 048a3db1ecf3fdf5
3062 79b08ced72523b18
3063 e69a66749a677c30
3064 ec78a542e3c61f1e
3065 6f413dcc4857d6b6
3066 509ab3e40bcd2361
3067 e5c288d64a5e4f52
3068 028b821ce2f6c01a
3069 35927b9a4c079a18
3070 e44bb987bb5f30c3
3071 d8e78b2be7e39311
3072 0ec5fc4ecf424398
3073 a4bf15f698797360
3074 df4432b00d518e39
3075 3067575f5a355823
3076 b42eba96d1e1feb8
3077 b6053335e544db07
3078 9eaaf41c72e3752e
3079 9af78923db258690
3080 8402b8d990ab83fe
3081 517a858684ebc2b7
3082 22d148dadee28926
3083 d6ea6c37c7bf333a
3084 8afe5e48d25b4587
3085 b21f52fad7b9d079
3086 221801d51109c5bd
3087 d45af9b2e1a67626
3088 2d626341ff3780eb
3089 cf005a1e0ab962ff
3090 551073c1e53555e6
3091 9c9300e129c13b51
3092 17cc0fab7cf4eb5c
3093 f41bfc6c53dc4ee5
3094 d9ed89668900462c
3095 d891cad76caa97f9
3096 afad75a783459c2e
3097 a527f094e0bd1615
3098 ffa1cb093b311de8
3099 72325c7414423094
3100 c10405dc12327f60
3101 d794e343e7584444
3102 f982414774d12f38
3103 f31fb921ada3e044
3104 d76af1f031b9b2da
3105 e074a8c2e651fbb4
3106 94da59abd84980c0
3107 c5220fc421841753
3108 d09f90baf7b7af83
3109 78574a839a9c779b
3110 1769da25b72ca556
3111 6880cc594b117fea
3112 1ec0e36bd03575df
3113 37578ba7537c8a45
3114 d6832f2469c9d6e9
3115 07088d8a9e120e6e
3116 514351f310498af9
3117 b57411e32c1d670b
3118 fead202e52550a1e
3119 feb8e2cdae75378a
3120 d517e3b0957eedb4
3121 bf1bc892ae06e7d0
3122 b6c37bf89c79e785
3123 72cccd84df352e94
3124 18cec17640b38360
3125 ad04d11d89748add
3126 879c4710657fca58
3127 51bfd8a5b163d426
3128 4dce8b0d920251ed
3129 19abcc2f0bedecc9
3130 0ea106c60160a12a
3131 f7503a5be114edbb
3132 747ef058ba5cd1d9
3133 6171679f7a8155cb
3134 1ddfe262c394ed52
3135 3426a9885af1d932
3136 7724d2cbd048468d
3137 4bc15b16060b7811
3138 57e004979559975f
3139 30cac19da8772157
3140 14d276ba1e656a1e
3141 eede4843f626ce65
3142 7aad206459c59b94
3143 75bf8e9a07b434bd
3144 af0bef7a12278622
3145 4906f47b8cb2f669
3146 96ca8788384e3a23
3147 4bb5d22a6ba6b96d
3148 a2217f3c9214cbf8
3149 79e9e0d1b0e79985
3150 b24ca574777d1dd2
3151 317a2f8088ba532a
3152 bf25fb080fd4dd50
3153 f6cc3045393a593d
3154 013198c946c04394
3155 b6e375fe932bc03e
3156 6339f6ad4ef5da00
3157 d3edca9dd28d5379
3158 2771fe33640d72ca
3159 f2dfb7894bd6972b
3160 adc84276576e22a3
3161 9443cecdb7e502a1
3162 0762d8a5c2f963e4
3163 621e9637ebed8a95
3164 e4e0dd53b19e7230
3165 f4019cce21d732de
3166 f4d654d77eba1a73
3167 611ac6419596ba6b
3168 edc787231f0c4e03
3169 0df3b42b401d09f6
3170 c66798808728805e
3171 c2661a459bb79e17
3172 589de950fc37a0a1
3173 ace90e5142d1f690
3174 096ca57c1dbc677a
3175 474effe229d617bb
3176 ffdc57fc51dc6054
3177 ca3c30262bbeab56
3178 854bf398657f5e88
3179 7f1e94a6ceb04f71
PROBE 3179 D0=00000000 D1=0000000c A0=00ff2ffa A6=00ff8800 RET 00ff02dc
3180 2966f7cd38bf59cd
3181 049e6dd1fe9185e3
3182 557d5a9d4bfbb918
3183 d403731cb4358c05
3184 a82700976da9f315
3185 8b6abf75608481a5
3186 0653dd6ed031a1cf
3187 4b63d5d028ea3a8b
3188 7995fbb276e402e2
3189 6a0b6afa7c092147
3190 53eb0ccb283f60e4
3191 fde25982f92c6cf3
3192 af0d2bb30996a483
3193 118c2c83f9dc9d12
3194 eee911d135ec0140
3195 eaf4c304615bc440
3196 82204048b84b665a
3197 3f2156c56d845a3e
3198 9e646f289fae7b41
3199 cc7c0e381a6014d0
3200 f54921650f084c54
3201 d13b88fafd59f1e4
3202 c18afcc0643906d4
3203 05b9e7b75d7d3185
3204 dd76883ba859c39d
3205 f9cf890f6ea00561
3206 862982592e9de80d
3207 3cb7c31d7b6b55f0
3208 a08c55f7ef86c45b
3209 e5eeaf977a4c7086
3210 c9277b94430dfea0
3211 a497c2515cf5dfbc
3212 e61335a028c2c3a6
3213 7a2b3b7d689bb5c6
3214 cdbad35761f7ab58
3215 571bc058090f901a
3216 aba1b72547dccbb0
3217 6857b10df8f7d726
3218 e9a0cd303f98007a
3219 addee45c2ddd7b61
3220 72c8bd12dd5c6804
3221 c672eda90612790c
3222 51decb3049e8c27c
3223 4efa4b7ed1ee8ce8
3224 968e495f8c43f746
3225 ba2ed79e45e9afbf
3226 7d20d9ee52808505
3227 1b1a182f58d8db83
3228 78676c59b90f30d1
3229 4c5f7680f44ea94b
3230 1e0e6b18e11c12b5
3231 ef7e0148c1a31794
3232 8df8cd38916b2448
3233 6ce905be9b668193
3234 e1b3dfd4b45f24a0
3235 dcf810379ca78f6e
3236 563859547baa6179
3237 f3cb72f9382e624f
3238 da82ed5023295c85
3239 72dc693fd868cb95
3240 ec3916102dc84faa
3241 991a63a962053aa8
3242 91e898189e801db7
3243 f5ebe77c5ca7fdad
3244 107afbc610f17362
3245 aa704c08e5ef6f8f
3246 152769a8ea6b1f4d
3247 268cb62c3bb433db
3248 bd123c0b7973fb79
3249 d49e3f1e4c263671
3250 d57928d5235498d3
3251 6ab775ec1f046434
3252 6e831a6b38decfb2
3253 524849a1871d18ae
3254 7ffc5c77691b6435
3255 4a379145b0a57769
3256 ff882c73eda2dbeb
3257 4631e386d553417d
3258 8ca01cae71efa889
3259 c00e3d84615e0897
3260 cbf93fa49ec770af
3261 edfbf41ede2aa7ea
3262 7c836e1bed8111cc
3263 e72f02bc00068fe7
3264 4ca3ebedbe8bf620
3265 9c68c479576bd112
3266 566a9fda9b69a1cb
3267 5da0b7721e967c5d
3268 60c91ed8e4c1da2f
3269 f686be1fcb03a660
3270 f91874964d6bd3db
3271 572fb3851ff4c541
3272 63cb69627acbf068
3273 d673862ab1571de8
3274 e521fe00899829b0
3275 ab98448339a37262
3276 025b8c90fc3a3967
3277 8da74f20562c5869
3278 5bf54ac99ea31668
3279 a475cf608881865f
3280 ee04c230b9bb2123
3281 e66f4e7929eb0f38
3282 2f725dbc1b28245b
3283 cf9ba04c7e7c1208
3284 7dd239e2071c89d1
3285 7367da303b34ffad
3286 0ac8214a829cce33
3287 3b51c3501ae1985a
3288 4a4bff70da38691f
3289 7f6f9a0e0595168c
3290 8f659f5c033fdf14
3291 dc04d22cb3bea241
3292 ab96b3b0f2b9711b
3293 2966934718975f79
3294 53e6e343410b1e0c
3295 3b6ad12d2c697a7f
3296 d4adff0a9a72d4ea
3297 2e5934f44252f1f5
3298 ca7cff0e198d9b79
3299 f80b0979665e5ea2
3300 4d75677dce525a09
3301 14ebfbb1aa4d25bc
3302 3415f0eff981a04a
3303 9f65338fa8160622
3304 8c89182662fa3364
3305 5e4d17aae1f09a62
3306 fec1286ce189beaf
3307 04333382d438fa83
3308 1c9ad2bcd29c16a0
3309 d1e012d3d5eba569
3310 dc55e3e72578925f
3311 0e8a3220cc749414
3312 9f445e10b3bd4db9
3313 92a83c9d0bd2a966
3314 1e1667d9a98b37f2
3315 3ac43ffa203835f9
3316 344de3d54f9a83a0
3317 eb5831e88ab52252
3318 db4fa7777dc1e0ed
3319 60c02ebbf85a41e3
3320 a1a4c0507f0f8831
3321 2949aa7e3183f43c
3322 85ec7a815da1ea9b
3323 c942cc9cd7dacc4e
3324 b22d27554433802b
3325 c3a00ed1219fc6fe
3326 978921c9510ced10
3327 5eed38dfacf6ab04
3328 64c6e3698f1b46e1
3329 218f2397d5f73786
3330 80a4d366cffaa0ca
3331 8eb8720fbfaeb9e5
3332 7f7c72338eebbc86
3333 68e0d851f8159c54
3334 109d8c88167bbf21
3335 ced8390114c0e785
3336 bb96b5f5e9599436
3337 67d68e3a624cb872
3338 633cf7b712097254
3339 757249f0b83a931e
3340 3a5fb8e0944ba24a
3341 52629f64daf93dbb
3342 8ea5edb31d1f6e96
3343 89faf6f739e4813f
3344 7fafb72e814d44d4
3345 176ab02bf032dd16
3346 ff8e04857fde682b
3347 64433fa8e4032757
3348 c5570233ef0deebe
3349 11863b43c92bd03b
3350 8c3d0aa8d672b80c
3351 e216067fccbc4f18
3352 d6f68eb11f5a9acd
3353 625be774c3b09e80
3354 57bed13a7054c31b
3355 5cf9a001d0059a8e
3356 b10a318d9516eb53
3357 48252c6dc9ed0635
3358 67159ba7e08fdaeb
3359 97d179e5587d2b5c
3360 2d1426e9e168dffd
3361 8c81a6bc5dc7a1a8
3362 5595c1b3771238be
3363 a94c29ada1be3a78
3364 bf3457577ab19735
3365 1cf6121bbeb4fa60
3366 de50766aee3380ee
3367 5ea7af338d30a8fe
3368 cbe54d0fbb66cc1d
3369 3d5ec32885da4c20
3370 a23d1a549291e8c7
3371 23922eb1e6a80044
3372 ecf4bcf52a7966c6
3373 9af804b926ef9f2a
3374 e8e4d7d920f2875b
3375 e878f44772929234
3376 34fdfef16392cf1e
3377 d1776cd2d7798089
3378 b3e37c346e878a8d
3379 3f80a0e16b35ac21
3380 8d8d0882de184cbe
3381 b39c778a716ee9a1
3382 a80750115be9a8a9
3383 f8a34a6d19f575ff
3384 007079359bc70235
3385 1478f3b9e074cce0
3386 c17529bee66f978a
3387 8fdfda4516f8bcc7
3388 77edf385a667942c
3389 7ff6f6f3959fa5b0
3390 3a28144e982cadce
3391 dd19d441ffe4e8e2
3392 333259d8c0efa040
3393 e4b8406342dc2e26
3394 f902105578738f66
3395 c1422fb96c285dd8
3396 4c06f8a7bac3d7b8
3397 5112c0fda0016b69
3398 64e691be4c8c1438
3399 17c2a09ace77dcbf
3400 44031783da16042a
3401 5af0a3481efc10e8
3402 a836d45a07f84ad4
3403 3c6e813315f5b121
3404 b1830b530095c922
3405 427a6d36997af18c
3406 92eb5c090d1186d5
3407 e11dae0420da5efb
3408 60dddd0dab1e0a8d
3409 e49f74186a516d1d
3410 6fc862074a6406bf
3411 6844a2e123f57636
3412 ab7f232bfbe18bab
3413 22732dc33545e386
3414 5072ca2087020a17
3415 c1282a6dede63fa8
3416 d7f2264afc3536d5
3417 610ef444f16012fc
3418 0c76b0823e00a01e
3419 6962156c46bb9281
3420 2eff7d1885dcabb8
3421 d4fed5edcb0ab019
3422 ce3ddc1d12dc8776
3423 0a1ef73cb1b60cb6
3424 41612505cb20ef06
3425 c29ed18aa6aef4b1
3426 04215f4d24e86333
3427 06428a45ed75f45c
3428 177fc53d963a10d0
3429 2ef0c450debc7d41
3430 7711529e9f05f1ab
3431 7d218740e472d305
3432 c4f5182248d648c1
3433 230e50a6ad85279e
3434 14420dac17aea203
3435 1be24d5b93c5ecef
3436 2bff7c817b2a3154
3437 7db2496de36e57a4
3438 345b643bf8b2d0b3
3439 5865551d96209cf0
3440 db3b188b761e2271
3441 e613ff8569894ff8
3442 735b499a61a22775
3443 94113ade7ba2b7bb
3444 aceb59c1bc962c79
3445 167715ac81aeade5
3446 4a93b24d825efb8b
3447 7dde943207060d85
3448 d30134b634d8b6ae
3449 2ce6008fde87fb3e
3450 08502d1406fc8b74
3451 778607d5f7ca5195
3452 b1192f0d4882c142
3453 220f749422befe61
3454 2147e7171e4f2f15
3455 e2e427b5978c5f9a
3456 3a2d0dbd585a8e29
3457 b5852c326f71e8ad
3458 74c9c63fe2dc045b
3459 9e04409293ee5024
3460 ce8d461d3c93ec55
3461 e69914db5c4ce804
3462 a20cfdc1f17b8b00
3463 50602e23dcda8fca
3464 d949582cd7bd5ded
3465 a44a1adca1e18202
3466 9281ade7cace46f8
3467 55dbc5357782d8e3
3468 2cb829745822e8dc
3469 fb043a2dd4dd60d9
3470 47276e470ca2898f
3471 c28035916cf0afbd
3472 f17d111cca73c252
3473 6753b38814ae2b00
3474 dd39f12cb5dc3a69
3475 75a96857c28a95e1
3476 1aa2e83d38b11f27
3477 d4511339d40fa44d
3478 9adee4aa563cb473
3479 e8a8b85d9eeda6a2
3480 9f6521b51aea8e95
3481 d687f9d4c6032844
3482 b53dd2dbff702356
3483 24f018d13ae937cc
3484 9cc455968e22989a
3485 05105ae4f63c0401
3486 f270abee10576f19
3487 9d9f9be90050dd2e
3488 9edd0ae6b1967612
3489 37e34c01a64a0d77
3490 90bc1a5779c50acb
3491 cae988e20472fe4c
3492 d20c9f877641e07b
3493 5cc20aae072ac061
3494 6ef5d015d9f52195
3495 5fb39829e55b02cb
3496 631e44aa96d81d15
3497 d4b084fb9c84c0b7
3498 0040136389894fa8
3499 ea6d535127eb20cc
3500 d768eb280b76698c
3501 1edb7e0d6711b05a
3502 4f2b370f402d38a0
3503 8f548c98349352f4
3504 a45b7aed58f0ec68
3505 a587105a4d489f50
3506 3110f3d84f8a96c4
3507 ce9016f40d9264ac
3508 8fc19e317d9bc914
3509 eabdcf506fd70063
3510 9d4fc225f33c1c73
3511 3af35c8b609641f5
3512 84f33049c45395dd
3513 3abae895cad52382
3514 3cd137ce80c6c0ed
3515 10dbeeeadb7cee95
3516 31a89d44c4f9e614
3517 5c5daa4f3efc0f69
3518 4e6d708f494f0509
3519 ce6e24b40e4961c0
3520 6d5364f7bcadfcc6
3521 8d65e1b45046f802
3522 f3ae02358911900b
3523 b2444efaf3b9421d
3524 27d8a38a76bfb3f0
3525 f7368238ce50e370
3526 b99cb0f7e706c3c9
3527 626a2a7b2401d073
3528 43c69f3026cdde55
3529 2e78559177c3861c
3530 6360fcd811ef5328
3531 2da3b33492b434f2
3532 5cce1da26c052bd9
3533 78bd3b8cd26230e6
3534 3b7ce90239e603c9
3535 674465bb09e16260
3536 a558cc968820bbd8
3537 38868ac298bb70ee
3538 556937a718b42fd9
3539 0aab842c805e99ce
3540 008cf4b238bc7648
3541 ecd969ed595ba442
3542 96c84bd85228d339
3543 3f14437fe5f0f882
3544 8cab7821fde8017c
3545 fafd356506eb16a0
3546 baafd3bf510c3be4
3547 c2d13d45a9254337
3548 1eb553205ce67b91
3549 99f38144ca2f3f0f
3550 f397b1b8222eaaea
3551 4b0e827f2863a720
3552 08deb8be5fb3575c
3553 6f306a7d8b97cc87
3554 343d9873ebfb69b6
3555 772ffe7263daf86e
3556 70b5ad88a89df4b2
3557 a07bcfe59ab71836
3558 5ca9601ff82d1d1e
3559 cbb1a03dcb76b43a
3560 d33dc0fcec20ad80
3561 18e4da963dbce207
3562 9b13339a9a11d5ee
3563 5dc8b19b8e8a4916
3564 3802e4c719950c36
3565 61e084fefcdb3dc7
3566 e5ea03bd027c5dce
3567 f9fa14f5858c595f
3568 8031c5b2762f2c59
3569 f00a55967940fa77
3570 b1d74c47d1777ea2
3571 01757a25180d6512
3572 80980e512eba8149
3573 a8fa3c2a0b4976ca
3574 e3eb2ba7b4357985
3575 1f6e725803c75171
3576 aa9f2ac14deaf167
3577 f671abb67df5c499
3578 8092823bc2af00e3
3579 5a28e91123fc442f
3580 ab86cf5444788c79
3581 624240b36cb0b379
3582 c3e4b349de98f170
3583 0cf1d4a3dabeada3
3584 f5d4324256615598
3585 e356ec78ddc38498
3586 1f4b51cdee82aa5f
3587 6c2eacf9b0edbb18
3588 1fa9b011be7a0a29
3589 c966a949aec1351f
3590 d1720faba47c9562
3591 37da7fedfaeec7ed
3592 0c079a62a94e3f01
3593 44bdd5e033f1fa5a
3594 4e1f93623a53bdc9
3595 cee2ecdaa698c923
3596 e642675bfc988ab1
3597 c21b3acd0be14dd4
3598 539e72cbe2bac4b5
3599 ca4b28c6f03655cb
3600 af3a071dc2f1d59c
3601 b3763e185e88f8de
3602 4cd552d591b17913
3603 6df793757844a861
3604 27f8636997d99507
3605 04e5e5645b581bca
3606 d0df6d8107843cc4
3607 65779b6781638138
3608 78f129fd623a7a72
3609 9c7edb18fb23c657
3610 c0666792ad5331b7
3611 737792db4ad0a611
3612 a5edf42a86f28f62
3613 a317b8e37bc27521
3614 fc8d112c748d5187
3615 103cca973be151d6
3616 8c3add2f76c63565
3617 f68ab840563719e0
3618 a02b9095e62b1db9
3619 e06bbe557f04b449
3620 58cffd2fd12ded1d
3621 ee724dda034be214
3622 21634c5e30af5b49
3623 17d7d9d6c20166d5
3624 52dcd845171d0979
3625 c0677684c6124ef6
3626 6d56ec54d0efbad7
3627 f36a4f117f92ca24
3628 2dde930b7db095b5
3629 972b372294e32391
3630 b1c5cdfca600dafb
3631 bd9f055c1921d6ed
3632 08fb6c957803bf2c
3633 021996db955a1836
3634 17a4c20311f48288
3635 5f9ea89693f02f2b
3636 d367c618993b482f
3637 323a28aeaf4562ab
3638 6f3dc3f2bfaa3d32
3639 6121c5fe93455b1f
3640 addb1a7738243254
3641 e589a0de78696a23
3642 a94ef78b97971c7d
3643 5c5cf23fef572b25
3644 a3666889e4a14f5e
3645 1ee85632d592921e
3646 28486eafc1de99dc
3647 b0c9580c809f9c2b
3648 7e0928e26e0e5465
3649 94146eb9e5ff66ea
3650 f0f41483455c6ab6
3651 89a8674a0deeb2fb
3652 24d4dcbdba8521c2
3653 5bb9889c946b1877
3654 0aa52e416a67dbc6
3655 53052b7100095f59
3656 8000ce3d7cde77d1
3657 c9f3111fbd232329
3658 25f3e8c56b4eaa58
3659 ce83c45584233aa9
3660 07ef94597817cd89
3661 c1d08b7839321cbd
3662 516042d83ff4d540
3663 5e987099229f2b3f
3664 7d0c6b5c2db486b6
3665 205d3d4ff06eb23b
3666 a03cb4e468c419e4
3667 809953ac587650ca
3668 95f1c359f2744ebd
3669 873152d40883428b
3670 7e33d6aef84ac5a3
3671 d1e33d02fd944d69
3672 91d616127b775b06
3673 8515a2af1c9e1bef
3674 9b401815f3d58ae5
3675 3fc9964b5aef607f
3676 5491cf15c35c7a80
3677 7ebb0ee0897d513b
3678 5adfe1d4153bc524
3679 61157d94c2b43bff
3680 9892e1f6fcd69358
3681 4c8f97da74114855
3682 b928b4096353633b
3683 688e540ab74dd0ba
3684 0c9aec3515e3857b
3685 0885c417c1e791c3
3686 a7d088423bfc5d92
3687 bca6b5402ec9410e
3688 c0a58d347233106b
3689 c20dc3599198bc90
3690 cd199cf203defd5d
3691 91c9958433303ef0
3692 53c0493f42d9a1d6
3693 516ca481a8face93
3694 eb6c49488e56e74c
3695 091277e980f143c1
3696 c52a6b01ff3706b1
3697 50640262134051d0
3698 a47f5f9b20767327
3699 b0f9363583481b6c
3700 26575675a8e66e12
3701 a56a5ef9e343a8e3
3702 382c48b8c048a914
3703 abb5cc07c005953c
3704 2408aa9151943e89
3705 4b9b3b8d216d5a08
3706 c52856ad5cf1c243
3707 f5a32100a40de4d0
3708 19a5c3b9f4b25f7a
3709 364053532068ffaf
3710 195b03ce3c93723d
3711 c9013630558249fa
3712 2e329c02c8659f89
3713 54c21d6c74ecdfcf
3714 4a244501ac1e13e9
3715 0e8e99a265b2f7a3
3716 61a848505d38148c
3717 05afee3e32c800fc
3718 6732c20798aea4b3
3719 c5f7b2b82d878fbe
3720 877c44868b2ec934
3721 86e412a2a1c98c7f
3722 ce53e72f0b4df45d
3723 50714dc8cd888e87
3724 008acea333a54716
3725 a1863ddc7f601ad2
3726 a2133d5fea68bbea
3727 64e4bec44e7484a1
3728 e12734720e258959
3729 70be512f64434666
3730 0026e9b48108ff20
3731 4a17eb5ba0133c04
3732 219ffd1f7a414549
3733 39fce94d94528982
3734 92c1000ddc769279
3735 cd4d624fa8987a4d
3736 43ee81885123c58d
3737 6e38e4f0a601dcfa
3738 5f0d7514045ac2c8
3739 6b507237b1c257a9
3740 5b78f134c7a4bf09
3741 843c59c008d8cecc
3742 47a5c08ce5f2c368
3743 31a94766d150c7c8
3744 3bf03eedb60dff4c
3745 ec9e06dfb195e8dc
3746 edb37d1790082486
3747 0aaa258c48e4e4e4
3748 f8330f931bb2a998
3749 d6833a125bd237a0
3750 958977f5b8daad54
3751 75a4bc5c5f979215
3752 0a48e31c92a01722
3753 5330dbc7d093e9b6
3754 e28f396b183c4b47
3755 5ca556b856500334
3756 1f454b4e8e5f7e13
3757 62751a4f50bf1590
3758 16ae1ac8169c45c4
3759 917acb21e6df5acb
3760 369b373717e9de37
3761 ea18bcfdc15cb12e
3762 aeb670a069fbd93c
3763 36b2d0a0605fc415
3764 91a90bc8523c9f16
3765 dda0e1b6992e656e
3766 d6f33225e96dce3e
3767 fe2c5769834d0475
3768 c5d18b82ada8740d
3769 5f8a9b64692716a1
3770 35814d9bd65f4bf8
3771 f069746978ce7a1e
3772 fb0f1522252c1391
3773 6cfd59ec23f4ec9d
3774 058f250799a46c1f
3775 fd08f2d49f9e9108
3776 51e3647375daae4f
3777 05ea183962b9fc80
3778 5cf3ba553006c78d
3779 b7abd38579fdc842
3780 29c017f8d9057c08
3781 3156f423f8c7457d
3782 5a0e06511c8f94e6
3783 7e69959e45f49e8d
3784 1a73c27d5f950374
3785 c06df206cdc90486
3786 021e547d35f6db48
3787 90b27a49665b88dc
3788 0bdda50eae6d3081
3789 0ab5edb57958dc97
3790 3c0c9ee4333cd351
3791 a2246571439b5c6d
3792 f02694ef807261c1
3793 7b66280fc194327e
3794 dc601e406ed89e82
3795 57f1f5c03ac63509
3796 4f62aa047fd02b1c
3797 23abf3e140d3fcf6
3798 9a1b18fc6d0f6dd5
3799 ac09900d3d05ee82
3800 60e215c825f49dce
3801 3f68710e4801baff
3802 043fe276cbef974e
3803 ed0b8dd6c14d065b
3804 33cf7c0ba08e1e1f
3805 5a9665273a7c31c6
3806 9b480296c29f81a2
3807 d46e3f5c9ba90f91
3808 b3237d2d519b8d11
3809 3f081b301320275e
3810 8d73a8700a6878af
3811 535fbd5b192bad4d
3812 aaa7c08995b9b6fc
3813 44eba99546cc7eef
3814 f0dc55e85eb6f1b9
3815 692c9b04cdfb9b46
3816 8feaf093849dbe69
3817 672861fb7d98b010
3818 22d6373fb6d595bc
3819 457fc99e5b270380
3820 87f8a0c1218e5c43
3821 d0649daebbe226af
3822 b75ad7d856db60fa
3823 7365dbdf75cd44e2
3824 0055d58c272e7e11
3825 f9aaec568a3e6d67
3826 60540f7222620e8d
3827 d6537af6af7dd8ea
3828 c0e6a09b947833e1
3829 4cfc64bd375c71f2
3830 ebdb9fe24d661f76
3831 915884995ff8073e
3832 ef0730f9c729eac7
3833 f5822789566eb824
3834 ef5addc6c742b221
3835 5d1c83022475e3a8
3836 708418de1046ef7b
3837 011b56f3a761f39a
3838 1a17b56397237044
3839 12345c87af35b688
3840 1d01b1e7c9b78802
3841 721abb441c3ebfac
3842 efbd8514308b1e38
3843 658a8bfd3cc80ee2
3844 8a2b7cec61144518
3845 f193b1accc654874
3846 bfe506474c4000b3
3847 5fb2e690bb80b654
3848 f0ade8b9a502f501
3849 127ff3d9968c346d
3850 f61c8ac645c3115e
3851 d43fa1c02d2cfd53
3852 b1967d313e8f69f9
3853 87b14ec714cf296d
3854 781880b83e5a43b2
3855 ded391cda7370111
3856 b52f5872c7ad7aeb
3857 333eeccf17f19abe
3858 0929209cc5d91939
3859 3cd5ed99d4f1af68
3860 62fb73c4c8791e11
3861 95a8120a6c3fe95f
3862 614b99539efd8883
3863 336d4cc870e90559
3864 1126d7b576d01358
3865 8e58af5aa92082f3
3866 b2635d84a9755f39
3867 c30374f0cb79f0ed
3868 bffb5fec88cff9a9
3869 de59a40ae225e2cc
3870 83032b3b5a4f684f
3871 14ddc590077c7a0e
3872 53d7c18fae3c7e90
3873 b5a909954db296c5
3874 9aef947cdbe94ba4
3875 f596c36a1dd53716
3876 18def61fe3a23ba3
3877 e035006e8b21cbcd
3878 03530547fe32ec04
3879 e834fb498478675e
3880 ec65e74d884aef92
3881 0782f6cb289c19c1
3882 3cd1dd696183e22c
3883 c48b95256c6d88ec
3884 df06ce6503b3787b
3885 82546f4d0bbedad6
3886 1766b0ff0c1a89ef
3887 b8e2feac5aa6fd04
3888 51b9a72000d6cb95
3889 c5daf7bb1392b7af
3890 c05f8c3355ff5523
3891 a26be5b0f2bf8567
3892 d8c6d29ef46169dc
3893 0fe2ff10c9450747
3894 b17c8d9825f3d3f0
3895 4f4f13b5eba7e933
3896 fe4e4c682be4d669
3897 cd3bae9828e8270e
3898 4b89e7303a11bd6c
3899 ef93f9134d6fb770
3900 fe2418374256f143
3901 a05af111bc5e8372
3902 a24fbdd4373f4d8d
3903 583fa154766660c2
3904 138fdb54c43b5d31
3905 323b1cf784373109
3906 8087e43c89caec5d
3907 52855ede3a55da67
3908 7c56703979738e97
3909 8070c6bb0a3938a7
3910 e9d16e03ca6b1722
3911 b3722b7dd6393b40
3912 002dbf520648ed20
3913 ace8764f4550f744
3914 d5c1ebe5602edd69
3915 7fd67cd53225d96d
3916 7e7587350203e903
3917 6f5a221112c54be0
3918 dcb5f7a260b9900e
3919 e760086132fb4529
3920 8daf3559f5598a8b
3921 f37b205512d29cf5
3922 5707826013d9b5cc
3923 3d562efffb338215
3924 be135f978772167e
3925 61e1996e67de593e
3926 32f77f16e4ebdf5f
3927 8e57db241242ef44
3928 6db0f95fff66f36a
3929 8fdd0c8bcfdfdb36
3930 ae33d90fd515606e
3931 b0ce9e83139f6c80
3932 b5b7c8f26c32b6ed
3933 36bb7e7575d9215b
3934 8963744d8fc14a10
3935 ccc10da2c4c84069
3936 74cffcf8c2bb4f45
3937 306133605e8867ad
3938 b8e77df25e265ae2
3939 8a8fe4aee42555b4
3940 bc0b59727c8bcd19
3941 837bde8ba4f3b083
3942 7b98039fab0dc4c6
3943 2914e669aaad5d98
3944 f3fd676ba34720a0
3945 29e08170ed2a0d43
3946 1b2cd5ac7ea6f919
3947 81d5d03b7e6aab4d
3948 2160374f32b9b8bf
3949 f3ddd78825b1f299
3950 ece55237b61726af
3951 c41fae5398e90b12
3952 26ce03fbf81a9222
3953 187eeafc50558137
3954 8137038a96bef89d
3955 a7f17758822d2d28
3956 abcef5f8608fcbcf
3957 34afa71da62c4a39
3958 c9fe610eff2d8ca9
3959 bee1ed81e331d666
3960 726491cc8eac9bb1
3961 17226ae544768c5d
3962 14f57ed64ad8ba6c
3963 519bf55583d54759
3964 15d224a43bb80323
3965 0eb8691deda1a18a
3966 e552355cfebac8db
3967 a328ee8063160a8c
3968 3565bbf25041af10
3969 4819fc27b5e2287b
3970 eeada6bd2d2fdb84
3971 9204323852ae6641
3972 9451b9b40372e1fb
3973 b54960a3defb0758
3974 aa07e11aea25ab92
3975 00100de18bdaa975
3976 40195d4971a28bf1
3977 cda1245d540ea360
3978 e22f954460f2576f
3979 7670ee718e1b838e
3980 3a48ff242966b562
3981 4a58a7fbce6d0732
3982 ed07909a65db01b5
3983 acf77ad120e28eb8
3984 90472f4393b76c7d
3985 9ea1f1e201a81c6d
3986 414a6d2bfc337594
3987 ebd4ad6688040cf4
3988 2862880020ef61a2
3989 fd527ddb293a0cac
3990 5b7acd182bdf7271
3991 0682b75990436314
3992 e70eda3457453025
3993 b3964eff8e21d9fa
3994 40b904e349aca939
3995 a46e0c49fffb4abe
3996 6c857441870d95b8
3997 dad62e9927074444
3998 34ff8a3e26b8023e
3999 4cbc117ed95f3c69
4000 fa31e89c9886130b
4001 8056bc54ea499cb9
4002 dce59c464dbe57ff
4003 a8c10ddbfc519d95
4004 d3aef78703683c60
4005 452fe7e8a8e7d281
4006 43441564412a17c1
4007 1f3551e07cf759ba
4008 8dcfb9171ff4eb6a
4009 7521ac3739d583a3
4010 2fa9dddf942e1415
4011 87c3b00f0a1548f4
4012 a61fad47f4b1f1a6
4013 15f67a5b1fd3db54
4014 9f77b8c731496622
4015 1e720db1c2f87860
4016 0b3093dc60e3b4a3
4017 104293f1b2b98dab
4018 7629b003d2218b0a
4019 ed72674e920693a1
4020 ae0da471d3ce0202
4021 77a5a3c26436c031
4022 4d03ca766ba3faa0
4023 9e67ac94889ed12e
4024 a2c5aa636ac03c59
4025 ce03f24d9e6cbb94
4026 a596c27c367d0506
4027 1a78832da86882c3
4028 db29e1e728ccf1c8
4029 b842bf89bba8e2d5
4030 e629707e2103385d
4031 7d10202bf6c51f20
4032 4f496b56f28c3cec
4033 6fc4a2da98fd14d2
4034 397f8fa756875212
4035 4f840dd2994f5492
4036 58ca99c405e3c847
4037 ee21cd1f14cf3005
4038 9ca2fa8fb0a3c47f
4039 434127281f4f7894
4040 ed141df2f1e00885
4041 a9dd5596eb96922c
4042 c0962c6f4f78949c
4043 9dd0dc86d1ea81fc
4044 21ab2c9d5205ac7c
4045 c688999aa3278fdc
4046 f4da24735d601bd0
4047 a591ad6945c1b562
4048 a8520e4385ce5a75
4049 89477e0798430661
4050 40be2be6f8549a4b
4051 7c06a035bd5a30df
4052 ae7acc5d1eac995d
4053 1710d7d043e78a77
4054 9f2e2e36f5f77d2e
4055 35e5070c7a71fffd
4056 a3c603834fa5bb06
4057 af5c1412421214b1
4058 3ae28c8583be81ee
4059 e82ae49cb8be0011
4060 00e07ccaf10b0070
4061 284ed7cf5cf176a7
4062 1726211108dc6081
4063 fcc9fae1b0eb50a3
4064 088f6a76b07fdb60
4065 74528aff6a7b3db5
4066 0ecd15674bef112d
4067 7df737cf19cd43c0
4068 19132375de561f51
4069 fe34d6da4be326e3
4070 07f03f6815c54f4f
4071 e46d63a282b60886
4072 c44da2c50457a677
4073 5ab3cf208de3debd
4074 1c63e5d094929b63
4075 6541a45e27771753
4076 e94dbce8196b64b3
4077 06388c9a7e17f842
4078 87008ca05fdec212
4079 cf3bac3be6587f41
4080 987ae4e8c08e837e
4081 9accf940920cd163
4082 27779b170569d134
4083 db6f05b1dd228a0a
4084 886887baa08aec0b
4085 553511274313d15c
4086 c2eab947c8f51346
4087 dfc10c150b1f7e25
4088 a395034bc9e71b20
4089 69827e0637d09679
4090 53754a7a73f2c056
4091 9288bbb79096853a
4092 f31e7a0cc91c08e4
4093 ed315822c7b705fe
4094 9e8afd2dafca5d8a
4095 e322df7dd4e27d38
4096 c1041db2bd4a4a03
4097 97a03050539600af
4098 9f2d22141f4c1f04
4099 d16221cdddc09c2d
4100 0c8c925e2b2b1da1
4101 cf27ebf4400a584d
4102 785cdc372f475c84
4103 e1f88bb5c221c135
4104 ed8c85f61de7a62a
4105 b83868376392db2a
4106 d35b224f3166f35b
4107 19409218a7c6e928
4108 7553c9e921193fff
4109 3982d55682b8d8fb
4110 d668842631729525
4111 488152d0414f1a81
4112 75ede0bc425beb6f
4113 6ec042671276e6f7
4114 c2a0a77fdc77dba2
4115 aaf9def27cbfe578
4116 a171832b6b8fc32a
4117 c5bb982d76dc372d
4118 3775e2df9a088901
4119 01f923afd538bb8e
4120 b8a96de327e0299d
4121 72c8e6afdd920f23
4122 ff82fe72b63fd38f
4123 45b014334c668f57
4124 978b017765a67cdd
4125 ab7f9cf36f66d613
4126 3dd08623e84730ef
4127 fc2d74d59173d277
4128 f32d7d448e0df9e8
4129 b11c248664dd145f
4130 6e519c038d1fc12a
4131 c8b7689298db1c0b
4132 2f5409a88e084b22
4133 09a717e1a20770a9
4134 d89489969bec9ac6
4135 b01dd24829fc06fd
4136 450495b22bada990
4137 97f37b6755ae39d7
4138 bc083f1d13d81e73
4139 84e5f8f6215ab263
4140 425d99035ade426c
4141 1eff26627c127d4a
4142 f279eeb6e71bb6f0
4143 5894f6ea030891f5
4144 4a265b666a167eb9
4145 15bcc8ef933724fc
4146 e4410ed48eebcf23
4147 7e7f92cec8a5c147
4148 17bfe067b19c257f
4149 8dc9446c2f00dc2d
4150 12f66bf3eed07180
4151 8be78b0db29ccacb
4152 9c8b931a1706eebe
4153 522324cb777be151
4154 9554c5ce3fca2fe0
4155 bbacf44b784c8134
4156 d315c8cbc254a94d
4157 db7eb32abd66252a
4158 4456780188689710
4159 30d129648a38b9a7
4160 899ed708f07d6829
4161 e637116a767cb282
4162 c21aaf40565d56cd
4163 fc228cd44a9a8072
4164 7b7bf0f6970e0063
4165 cdbabedd2c7610c6
4166 b87d3689bfa12652
4167 3a9b6f58d124608c
4168 07f8317fe6d210f6
4169 8ded7e17c95166e5
4170 8ab75e4a77fb0567
4171 996c18d3fb38e79b
4172 6c05453610b4081b
4173 2c1cf4416d767990
4174 da26afa7a6ddc75d
4175 f4f88e46c81fe992
4176 128b543cd2c2554c
4177 625ef404285365f0
4178 fc0bd715e8b27aa5
4179 7610a80f23aba373
4180 045acf4a8b5f4ce6
4181 d89562fa6bbcaf56
4182 6d1546af92965813
4183 4d8d0694620a8eb0
4184 573aa6f8b9b00560
4185 71d093964b9c3d19
4186 30d79b4b82c210d6
4187 204f791ef7d123c0
4188 7e3d0e2872856ef4
4189 15afb7f2d5fadbd8
4190 34ccb545f4b93727
4191 2af5aa7804e4089b
4192 c0d952834b7eea0e
4193 7087dcec22ba5f26
4194 b91d300c6f604322
4195 a9440c56a2fa24ea
4196 16b2b7c8d6dc4866
4197 cfd17c4679f30463
4198 c732af9edfb23e2c
4199 182174932ef1562a
4200 e128754aafe6cd13
4201 cf68677012c5c60b
4202 58b0b395073dc768
4203 4eda109b920f72d1
4204 dce09b46e17b8ec7
4205 c665209d579fc7fa
4206 9c69ab749756f971
4207 ba481e9f5a3363cc
4208 12463a8970c9f8cc
4209 f3d4852d7e408525
4210 afe56dd45e233072
4211 917684540a2af45e
4212 fae747d1cd021c9f
4213 d4c23cadbf1c9edc
4214 18889e28766de79d
4215 a9d9403a7ae607dd
4216 5413c90709f8aaba
4217 d238026ad5597b6d
4218 1c4798f568099b05
4219 4cccf86cf1f3503b
4220 1393e89d24e5c714
4221 b0555e7d376aeb19
4222 f8050c745d1e48d0
4223 86db35777eda18b1
4224 031d34305f3a1be8
4225 fa5ce5d7cbe800d6
4226 cff8270b10f6ca81
4227 1b9442304ae08b2f
4228 03ae10716a12fc5c
4229 93223457f4f04b2b
4230 387a978aad3076b3
4231 6e2766357c315e60
4232 1f72c7d02ecddd07
4233 68d712b7c7c8a0d2
4234 38bfcbc87cf7780d
4235 aa5a1d436f7b2d5a
4236 955d93b7420ae38e
4237 c970e7c0ddfcb2c5
4238 e3fc27e68d1d15e4
4239 64368e26b41432d9
4240 4fad8fbce4bcfeb1
4241 b20d2ce05f30d213
4242 6cc5f6f029a2b45d
4243 80aa45ffaa5180f9
4244 d3f7ba863e8e25b2
4245 22091cf6237bec32
4246 354757a20ec2f0aa
4247 9fc7c2afa6ef62a1
4248 3bb7118c80c98464
4249 b7a516ccb56ee280
4250 3ecd440b1ed57604
4251 a39b9048e8a6af28
4252 5fd3d585393431f4
4253 5566fd9167642ead
4254 54adff92363dc3ca
4255 cf893d1baf4080d8
4256 68cd17b2a584b8df
4257 09dac578d9e414c6
4258 93551ca75b333242
4259 958d84192cbf319e
4260 7ded3f8e0c993810
4261 284676d2c3268201
4262 4fe635d26640f32f
4263 c1eb5316a0fe0d10
4264 e8932f8d3424aaa1
4265 921d79c797dec640
4266 f2a8ac00226c8d8c
4267 0563f12a61278fa7
4268 fec48bb8411be86a
4269 2d03c7c981f2d0a9
4270 5fc2847325463cae
4271 9fbf6af532a32bda
4272 ca4974921e38fb62
4273 7e52d6b37af12684
4274 ffea55b2c61cfb7c
4275 6d0738de0bfbd975
4276 c0c11c2bf84a4c74
4277 72daf2f76ec2a723
4278 a120222aaa7c0783
4279 0cc4259e5d8669f9
4280 51e44c11da0d45d1
4281 0bc6c597c704c67c
4282 416bfd38073b9b65
4283 224ec298c104481c
4284 3f3213dfabbb47bd
4285 55898617d7ad323f
4286 f8464268a0a926f1
4287 6fe127f801b15ba2
4288 9305b9df09e4412d
4289 d4e2ac41e4feceae
4290 503624833c6f4f8f
4291 9fc220d33b65e080
4292 3b4ca759a59cd3e2
4293 9071c46993cfb4de
4294 3ffd08a4689e04d2
4295 4d4d8867fbf316c2
4296 69f77a8ccff8fd07
4297 ef2f4e2f024cac89
4298 4bea6d6408dd6146
4299 61ab27433bd92b0c
4300 23c6a900b04d65f4
4301 bbd3ed94e6f67a70
4302 815817d4863bf493
4303 a56f20a5be5bb252
4304 cb6b90d42cf98671
4305 d7596e3fc808b1c9
4306 879000fc28736bd0
4307 65e822a75cf20072
4308 2a01ee70e41bc990
4309 3e6aff072488a440
4310 88ba231173587a9c
4311 fd5be3ac08022cb7
4312 3e8468c1c45191cf
4313 8d67f81512f89ad0
4314 d126a094e32822ef
4315 ad0fc67a9dd7a7d2
4316 3d057c6061bdd544
4317 9e7ee1e08326a6cf
4318 32482ab267f05743
4319 3d49f35c20616ba1
4320 2e154f9d27d6d3ae
4321 4de3feb229b12e54
4322 331b847620b15c24
4323 39e981e9453ba4d3
4324 ee50ed6a070cd73a
4325 aad4f27ce0d05704
4326 be2c134b3c97667a
4327 01c432ac11940daa
4328 dc3c305805d57164
4329 3c67c1c1bc413243
4330 6d4cf5907468d0d7
4331 fd0f83aaaedc8b80
4332 d20c54bc9848386a
4333 07edfb0db16d9fef
4334 a4d462488ba5641c
4335 441d91b34f7d1b8a
4336 ad8f41dd5fb3007b
4337 69a9e104723ca533
4338 4687cdf224edda00
4339 8bd53933d002240e
4340 ab621ae0ddfcd12d
4341 ab320a4fbe47f2d1
4342 96d317b154ace176
4343 f3d398fe570dac33
4344 a544ac09eab0952d
4345 5fe9e87c8d945849
4346 f974dd5f21e2e250
4347 cb6fe3deaaf41fa1
4348 999d4a0f57c9dc3e
4349 4919a345e991ecdf
4350 2405c344c461bce2
4351 d1d984eb87caf966
4352 21299651e4755816
4353 5e5b3407590ccc6a
4354 eb1791b99bb618c4
4355 8d5a3f18eac783c0
4356 c7edfb92d1df7c70
4357 b3a35c7ae8628a80
4358 8937ec387e2ff39c
4359 95f1b8546bcb3aa6
4360 488d4f892a82bb44
4361 40dca926f9dc89f0
4362 bd4713c411d919ab
4363 5f6483971e11d7d2
4364 9c6dc8e512d9eb50
4365 c0f040c14aebb1fa
4366 6facbaac14baeb3b
4367 7d481ad0e0220634
4368 a8c001b5fae76fe0
4369 ca1d16b9dbb7686e
4370 7d29971e2902c362
4371 b0c6f91d19a0f3e5
4372 4ae23605454bbef3
4373 5c2b8dadeb73fcb6
4374 9848bc56329619f9
4375 5a733db8c190a4d9
4376 0e15cd5eaaea7dbe
4377 4961742782ed8ebe
4378 a583e7ec1c008859
4379 0904a65ca03a0a3d
4380 6e9530e6ad41db6b
4381 e757de580d2b89fc
4382 1c0c52a2d4bcb8c8
4383 7162df83d1cd0096
4384 61c7e488155c20fc
4385 a1630533a8f8bb0e
4386 0ab690f4f195c4f1
4387 e6ed2a0f1f03f751
4388 48bf1844c001c8e8
4389 2243d7dc5a67c118
4390 978f2c86de2ddd02
4391 dff49e30785f0dd1
4392 d050faa2ff64497d
4393 c6d3c63009513120
4394 c81c8399ab2d079f
4395 7fb785d13f8a1241
4396 1327f46cd680d3db
4397 d64155ad3e67d5eb
4398 0bf89c36d4d7d98f
4399 d3e2aa5d95d568cd
4400 408bbb7b214daf06
4401 75c8214b83531584
4402 f74f919872149050
4403 516f50aa86843a15
4404 d1f22989c0700e9e
4405 cfaf4d6a54cd7f5f
4406 59ac35f2fc70be68
4407 7c7f75d1b68e05bb
4408 1927b665004f70c0
4409 dde878ad5d30fefc
4410 719ab31353b273cf
4411 0a4dbdcd302c6574
4412 ace03dd7e5518358
4413 6cea4736ab3e4a52
4414 e84f070d41a4bdfc
4415 354d4e804692cf41
4416 399c0d74ff09b972
4417 c002eb6b28097c2c
4418 fe46fc59aef95f31
4419 31d331cddefffe00
4420 7e4e99466ad85266
4421 f8aa6a908aa740fb
4422 0c9faee0f5bfe630
4423 0a530ef255fb5b2a
4424 356a8265972232e1
4425 948b53e4ed441772
4426 7005b5076defe127
4427 6498f8247afe4629
4428 cfd9ae7dedf1f1fd
4429 60605fc6d99d57be
4430 13b2a2832231d9b5
4431 3265bed13bd717cb
4432 abbe3a5de1e64ac1
4433 e45b8e4621a9c464
4434 3844f3b0f03ee5bf
4435 b6ddfae379eed576
4436 abb36dbffb48fcb7
4437 2374ed102947755c
4438 31feac7de4da5979
4439 a7b473f71ab47879
4440 43d2c36219061aa0
4441 93ab679ef0bfc676
4442 4bbe32e594b45fdb
4443 a8a136f4dbe95e1d
4444 7d7a48a69890f8ea
4445 b6d7410bf25f87dc
4446 0ec294c67b81438f
4447 329726e5b19dc6e9
4448 2a2bd2d7b142915a
4449 9c13888d942e2e64
4450 4fcbb58c44765e22
4451 c068db0bd2b2da5e
4452 3b8764aa43434f42
4453 26f3db671bdd7bd5
4454 83a28b158100611b
4455 5e7679c62e32f0b9
4456 e027423ace20194c
4457 c54b5ba7eb717c69
4458 36353c8944380257
4459 7b70d40e3fded09d
4460 8ef9b4a3ea73d0a3
4461 fa3ff3c0e3134fb4
4462 985e7db9d539ec33
4463 66a196515ff00b5c
4464 dce217620bf33457
4465 761e1ad32ccae0d4
4466 94656a7f726424e3
4467 3be6b10a44016a6c
4468 c104844ee21029b4
4469 259bd731b1ede0c6
4470 c02d8f932c92a093
4471 00778fd301a0048e
4472 b7a3ad988c096178
4473 1bccc31d60f8ef5a
4474 c9ef4adefa110960
4475 507ef53598119084
4476 dd36a3027b7b0f3f
4477 4d37e1743281d4ce
4478 b31549df8e6712d7
4479 ba487340a754b3f9
4480 440da5b2cfa75fb4
4481 ed7975b0163aa8ba
4482 bd869442001c260e
4483 874e11e52b3a83a1
4484 d2b3b1557c73bddb
4485 607f53d3666d31aa
4486 388e274adffe4014
4487 781850f08354eab8
4488 073f97e69fe5c6c3
4489 d258fd0437514d03
4490 013d0f189b733f6d
4491 09d24063ffac6928
4492 531804783dd7257b
4493 c04c68c4d61cd252
4494 63264714be2ad3f6
4495 14ec600f9b1a7359
4496 b050fe7ccbe79580
4497 4379ad5f3bb465f9
4498 fec4878297999fbd
4499 8ddc853b1c50f157
4500 e7dc5854c1a499ba
4501 da893e0fb2404c10
4502 386e4fe6ac39f0f9
4503 8fd59a8cffbfc4cb
4504 53b930a7e3b3423a
4505 ff51bdcd71cdf36c
4506 01467e7a29a64bc5
4507 163f09d2a6b18575
4508 ba1fe68c8c3b3d78
4509 1f72e4d4c7d2c60d
4510 ba689ca7e1b0d1ec
4511 10aa0cef4de9a7dc
4512 dfce4eca649d13e2
4513 2de60bdc6e0b6f8f
4514 00a173ac385d76d7
4515 4fc460423778f9f3
4516 7a6f864b2c710a58
4517 3b39843242994186
4518 f60e3da02db04f27
4519 e989a3242db83961
4520 6f0486d2071c308c
4521 0667d86a25202d96
4522 dcf4a4f23e8f613e
4523 f192763370053406
4524 ca46cd4b737885bf
4525 b0772f9c584b03d6
4526 4f41dda99e803edc
4527 7cdca4d7fca8e7bd
4528 42be6a125babba8a
4529 3fd57be052bec214
4530 ff691622d0c5c31c
4531 0928398cb8f2738f
4532 3ca264396c5f9f10
4533 ff996f5828fcdb1b
4534 ba9a8f032d5a94a2
4535 00f63ed7f1a70fd4
4536 c0e550cdde5dbfb7
4537 66ef1cd5bb4d38f6
4538 0e9827a4d89ef68a
4539 96ee6ff8f05d12c9
4540 335eddd7f7e807dc
4541 6754d38cd20bd26a
4542 56f3569c5c04d7f9
4543 37812eeac5b12b94
4544 2caf39194ba69782
4545 b72781b0a3c09539
4546 dfe495a2c7d5470b
4547 c5ef75f189bf3ed8
4548 118509bd4ecb1b92
4549 163e104d10eedef3
4550 2d55f1c6575160cd
4551 cbd2d224a948c18a
4552 c27f5870d7fee98c
4553 5d9cdf49c75d8a54
4554 e8d83c24dfe189c0
4555 23b43f70a3bfa444
4556 a145f8ec9bec23a6
4557 34d06c49aa253990
4558 3a7cbf84696abf2d
4559 68b04c96f909a632
4560 eddff73e1dbbee94
4561 d7b32f15d66e258f
4562 2befd909cb9d23f9
4563 b40d18ca03f76a22
4564 6b240114592b7f38
4565 c6c5ab1061305f1f
4566 5f6aa5905e739137
4567 4aea343ecd938e85
4568 380789a9cbf86e43
4569 a28e401e36bf8ab9
4570 994ebc55aae3b943
4571 3809441a7bb00adc
4572 44d0ca5d8390b3b2
4573 33625370a0c23a48
4574 39982dbbdf1217ae
4575 2e5f4708d0aa3845
4576 be89f92dd3ada103
4577 1e55a5af99a95d0d
4578 fe6e33ea7c86b738
4579 b4ad13ee12756a37
4580 b22426639c3a21ec
4581 7e1075642876b305
4582 77b9176b49f2529d
4583 42dda105bc9025bc
4584 627c66a540f0a22f
4585 1f9f84404f145f11
4586 a5b591e58d1519d0
4587 43cbb8e7156d1cb3
4588 cdcd740de49b0f7f
4589 f03d850766855e3c
4590 7f7146787044e416
4591 17cc6579962cd52c
4592 35e67f19826afcdb
4593 66e4a6d9cd792921
4594 1c6e0393f0e6659e
4595 782609b68eead2f7
4596 bcd44f85ffbaa734
4597 ed9788b7fbce5d8a
4598 f94eaa36a45a6834
4599 6a90e06a024c3c6e
4600 640c2d5b1b3028a6
4601 42f5e838616de196
4602 6cdfa781cc03f329
4603 d3190951f177697b
4604 159949c5b5336659
4605 c464b264dfa9ea8e
4606 e164ac10d5a1053c
4607 a97706cc34cd3d56
4608 97fac176ff9fe1b4
4609 e37f64f482f01376
4610 6d6ccfc2fa62f1aa
4611 5a60da49341cb8c9
4612 b4ccd99ef15f61b8
4613 d179c8663edb7d24
4614 b5d8e3261c402461
4615 51a3bf13f99facc8
4616 5ce1e6a4606b8b0d
4617 9ddd273db026a0e1
4618 812bde21e45e9315
4619 ee20a0911f7a855a
4620 a63c982f977a7269
4621 1847336dd28e6bc0
4622 03a9748c1505b3fc
4623 d8e81add307770c4
4624 5014a49e1a935051
4625 4ce546479248eca7
4626 5e307050f131db03
4627 ef094335632246e7
4628 fbc7bf48d8df8b53
4629 1b607acf46e59ebe
4630 fdcf4102780f3eec
4631 1e85dfd8215f7595
4632 1a0e40fe89839665
4633 89301fee2c8dd52d
4634 6e4a46f147c5b9d9
4635 e2b3da0ed269262f
4636 de5585779b46c6bd
4637 48355f4afe9aaa6c
4638 23f0f3948b57b4aa
4639 ca86806a39db31c3
4640 154fc9cc01fc41eb
4641 a1888db43909a4db
4642 bde9a524ee427f74
4643 432698c5b77ce364
4644 53c506d3379ea768
4645 2bb45084d31875d2
4646 ee9c814ef8e995bd
4647 4864637899feeda8
4648 b628e2bec7baa594
4649 29805702c75de843
4650 eea04a68312ef055
4651 0c3a5221726cd9fb
4652 5c8cc42f6fa8f3c3
4653 599c074060e6c73b
4654 75bb61b3f2c9ed2b
4655 efeaf1b031501e8c
4656 91f4689e9ab97df5
4657 74297d21300e0484
4658 a1b54cfaf1306c23
4659 01a23988eaf7e4bb
4660 f4458fdb773a4084
4661 03c794ddb3d9105f
4662 4407be72e29789cb
4663 271f5073da7619a4
4664 628760d7b7723244
4665 c7023aa622ae989a
4666 0b1f2c471a61274a
4667 fe91d6068df0e97d
4668 e9e8f12e84d9d9fb
4669 eb2e6233a49354c9
4670 ae18136357c10471
4671 756172ae039df296
4672 9f650a6706c03638
4673 69a9e720f9921a39
4674 e887d22889072718
4675 f458fea186975a40
4676 da9c469958ad3c78
4677 2f5d2d60876a86ed
4678 94bf70c921b8f847
4679 5a0d1f09c37827dc
4680 eb5e4a0731c901b3
4681 1556c58cbfee2f1f
4682 2e90ca4a262b0d5d
4683 c509666b30b52ffc
4684 d24e85adcf300cd9
4685 812303b013ba6e3f
4686 a27f3385fd718323
4687 9cf53a5bd1abd2a7
4688 30055e26cb2ca0df
4689 83ff2c4721ac4fc0
4690 e6fd3b0ef1290279
4691 6ba97577e0bb137a
4692 adbad32d23c88b24
4693 d09fa129b4b1baa8
4694 247b0613f86f89ba
4695 f34394694cdd1b9c
4696 2561f7397dbccffa
4697 92bd9862714f4e19
4698 4b5ddee0991cc23f
4699 2ac4794c904ddb15
4700 fc05572547ba2da3
4701 e7f9d7d1657fc71b
4702 ef16682dc0ccc0d6
4703 aac0d607b2a8fe3c
4704 78cf1d4c78df88bd
4705 f64c4db99fc21680
4706 e0e341abf2b4c0f5
4707 cdb6c2fe0bfda100
4708 4c1e616a1d444666
4709 64dc33b9b137a603
4710 3408893ee511e6c6
4711 546d46c8f0ccae63
4712 5e6f3dcef40a180b
4713 80856ab0a2b01717
4714 58e0d3c81d9e6c6d
4715 e776cb26ca8d190f
4716 d1f5dfee95d4a959
4717 9aa4995ec8e444db
4718 56e1d77293bea913
4719 68ac4681919d645e
4720 2fd527ef5f262333
END 4720
