1 b9d103fd6854a325
2 b9d103fd6854a325
3 b9d103fd6854a325
4 b9d103fd6854a325
5 b9d103fd6854a325
6 b9d103fd6854a325
7 b9d103fd6854a325
8 b9d103fd6854a325
9 b9d103fd6854a325
10 b9d103fd6854a325
11 b9d103fd6854a325
12 b9d103fd6854a325
13 a23408d287fe4c32
14 b9d103fd6854a325
15 b9d103fd6854a325
16 532e03fd6854a325
17 b9d103fd6854a325
18 206bf4cc87271b98
19 b9d103fd6854a325
20 b9d103fd6854a325
21 b9d103fd6854a325
22 b9d103fd6854a325
23 b9d103fd6854a325
24 b9d103fd6854a325
25 b9d103fd6854a325
26 b9d103fd6854a325
27 b9d103fd6854a325
28 b9d103fd6854a325
29 b9d103fd6854a325
30 b9d103fd6854a325
31 b9d103fd6854a325
32 b9d103fd6854a325
33 b9d103fd6854a325
34 b9d103fd6854a325
35 b9d103fd6854a325
36 b9d103fd6854a325
37 b9d103fd6854a325
38 b9d103fd6854a325
39 b9d103fd6854a325
40 b9d103fd6854a325
41 b9d103fd6854a325
42 b9d103fd6854a325
43 b9d103fd6854a325
44 b9d103fd6854a325
45 b9d103fd6854a325
46 b9d103fd6854a325
47 b9d103fd6854a325
48 b9d103fd6854a325
49 b9d103fd6854a325
50 b9d103fd6854a325
51 b9d103fd6854a325
52 b9d103fd6854a325
53 b9d103fd6854a325
54 b9d103fd6854a325
55 b9d103fd6854a325
56 b9d103fd6854a325
57 b9d103fd6854a325
58 b9d103fd6854a325
59 b9d103fd6854a325
60 b9d103fd6854a325
61 b9d103fd6854a325
62 b9d103fd6854a325
63 b9d103fd6854a325
64 b9d103fd6854a325
65 b9d103fd6854a325
66 b9d103fd6854a325
67 b9d103fd6854a325
68 b9d103fd6854a325
69 b9d103fd6854a325
70 b9d103fd6854a325
71 b9d103fd6854a325
72 b9d103fd6854a325
73 b9d103fd6854a325
74 638981f5a8e59349
75 086042b8387bac83
76 7a3a349315f8b09d
77 e21a3cd5bf96b178
78 6822c24cb996b178
79 467065255b96b178
80 4cf857f40796b178
81 241a3cd5bf96b178
82 6822c24cb996b178
83 4cf857f40796b178
84 4cf857f40796b178
85 6822c24cb996b178
86 b7e532a45f96b178
87 4cf857f40796b178
88 4cf857f40796b178
89 6822c24cb996b178
90 467065255b96b178
91 4cf857f40796b178
92 42dec6bc948e0bfb
93 2b7f22143fc7a486
94 099d1a0c2df318e0
95 662fadba3450ff1b
96 8d5d54b7c738e75b
97 d89d4aa64041166d
98 58a1f32ddddf3572
99 87809ff686ce4c3c
100 59aef05e3f685a95
101 9404e866f4732edc
102 dcc0c0f6ccf6efc3
103 0495a29f4543ba0a
104 f52a0f92464f6691
105 63946be77c434588
106 e44839b8a02ae00f
107 a518e72c8f1e2256
108 e2fae533bfdd853d
109 b8848a2c5e604b84
110 f31a87635b3e880b
111 3541056fdcf49b52
112 ac2698998df24d39
113 df836db0d4fa07d0
114 fb3688dd00bb04b7
115 dac950b77102cafe
116 79509318d1280785
117 3ef8f027b7ca1ecc
118 60d8ec0adf62b2b3
119 60735b33bb9344fa
120 2c1c81e7cf311a81
121 214f03164e1c3278
122 9a4bfd2114fc6eff
123 06e6cf05894d6e46
124 e94873c32ca1042d
125 07a55767cde1da74
126 3b3fb29286d8923b
127 06db8f383f0b5882
128 a9328eab1dd91e69
129 95bee39a459f6e00
130 d2f292b5db14dbe7
131 c56777d934a5702e
132 d7d8be652ea7d3b5
133 f39805f0ab9699fc
134 643f25d9a67881e3
135 23d1bdf1de282d2a
136 6011f944e81043b1
137 017a48b1d60ad7a8
138 0cd40e7d6f29332f
139 a58f9ea01b166d76
140 2dfc8e341c23a35d
141 6d165207731dbea4
142 084251c0b69d852b
143 1bb13b274beae772
144 6ccb5faf390efc59
145 11f86b0fc2aa80f0
146 970477b5773876d7
147 42062218b612781e
148 cd3a7ea3e688eca5
149 9f0ccd58d56e28ec
150 665a2591df6e5bd3
151 f459ce71b6fd401a
152 2d1de722c9c4d2a1
153 84fc23da7069f798
154 6b545f1ba1596c1f
155 e892d4aa8d4afa66
156 56812b2b3342114d
157 1b52509758d09194
158 79adeb7e6ddcd05b
159 6be6066eb3211da2
160 d9f4510452f9f989
161 887ebef01d8a7620
162 0e0bcf3f4246ef07
163 c45f061140724f4e
164 181b20c13f4665d5
165 64813b3c2ebeb31c
166 85accbb239fe2903
167 d27f1c0e431abf4a
168 d0c9c8940dfa9cd1
169 96251a57fd59cec8
170 12b15bc893b5e54f
171 b2fa2472a9aba696
172 b2f1520a6d27ee7d
173 67cc6759216742c4
174 aa085f5b14e3704b
175 c4fe8f2cccc5e492
176 367cd73d5e376879
177 9b2a5c9f69344610
178 77408e091f3e01f7
179 37c509649db9443e
180 f9ee2ddb6ff691c5
181 33675fad5a89260c
182 9a6258f3096a97f3
183 2a8b69644adf0f3a
184 e0737b80c81a5dc1
185 648a57ce2c5769b8
186 1b70b63815a7153f
187 2408fd38c4ac6986
188 81869e1ebecf296d
189 4f6db557eb048eb4
190 d111f47eb8b11b7b
191 5d2d955dad05afc2
192 f90c4d2ccfdd50a9
193 b0f3ed3d7b341d40
194 702bfdd2abf7c727
195 1a1d7aeb516bce6e
196 eaf5e30a66831cf5
197 74912847bbf5c33c
198 7a8f530b73dc0623
199 fdf43fa554227a6a
200 8b57c191ab42d6f1
201 d1bf38fa7866c1e8
202 5a1d34e13645306f
203 968dbf7db49358b6
204 db1dadbcd4c1359d
205 fef918ad50c0a9e4
206 2e9270add554a86b
207 ccd66c918b8e3db2
208 73faa3df39016599
209 60a826a2a630d830
210 24c7be835603c717
211 4d90d5a0923b8f5e
212 5db711b22134fde5
213 b2ccbc13b3fd032c
214 926959211d7b7913
215 ea9279dac58e5b5a
216 67222a69ac69dce1
217 acd739b701a5a2d8
218 9b47c2e96dba315f
219 875468cfd17d52a6
220 c4cf01e7bf2c0e8d
221 a8004e43b28d8ad4
222 bf29ee16f849749b
223 d41742c775bfe8e2
224 534f94305601dec9
225 57e7cc6f25738460
226 35a04ac5cb93d247
227 033ac0751ede988e
228 3643fb4e5a57f415
229 f2f4d7744e0c0e5c
230 e31c25d293054643
231 c65769bbe0883f8a
232 cd956a0182cdb411
233 3e914abbb8119a08
234 08b501ba5b03298f
235 68b7ae3a77180fd6
236 282560a8aff1c7bd
237 d94373e22051a704
238 d00222afceb91b8b
239 3594ebc50125c9d2
240 14f9cd533025beb9
241 2c2e58c59b5f4350
242 2287df2086165937
243 effca735eb0de87e
244 5679d48628a6ff05
245 fda2d80ae5e6494c
246 c25a67366ec77233
247 74eea4761494587a
248 e8afd61ab0299501
249 8a8d202af8af67f8
250 576023c75adc2e7f
251 8e8243ab80d5bec6
252 cd4fafbef982a5ad
253 b144bd2629c46bf4
254 61137cc632f8e6bb
255 ceab4bd2d9e5e202
256 a8e2fb1f2453abe9
257 ecdc0450be8bac80
258 c0d2918812412567
259 8e24488aef374fae
260 4dcba5900e176635
261 77277ca95229157c
262 0358c40f783eed63
263 65f68c03b8eed1aa
264 be5421eb26196131
265 74a6be48a72be528
266 533593f4aa38a7af
267 bd84c6282f3066f6
268 13d9b7c9c2c450dd
269 c695bcc636083924
270 8521f5644f9ce0ab
271 bc95cd3ffe48a6f2
272 4756463c43e638d9
273 6b9d121cf9c65c70
274 c569f3ccb87ef857
275 7cb89ec210b9689e
276 5580a8c5a8f8d425
277 419fc5903d5c0e6c
278 78c27bcd20462146
279 beffbf5a1cf226b4
280 12e2e4cdde915b96
281 891d43ded984b12a
282 008425faabebcd5d
283 7dd04be9ef0b57a4
284 b26181d91be6bd2f
285 55a5f7dfbe172476
286 e8f91eabb4247979
287 0a6778a6acfed010
288 ef0fd8d82c6ffa4b
289 1ac81991657eaa92
290 5569e3cbab073bc5
291 9b9b888a85ace50c
292 0a5fb98776ba87f7
293 4111cceb67b90e3e
294 78d2d76a566c34c1
295 8f44400f37570eb8
296 6e507d69017461f3
297 9efda1aa6417d93a
298 885b3ff6e0bbe26d
299 16f08ef9ea46a8b4
300 1af16c91ea200f2f
301 aeee1e5fbb0aaa97
302 4e8ece9a1f577e68
303 3b6e890139818971
304 142cf6b29017d7ea
305 8e205af439ea08a3
306 a35bc75190d079d4
307 d6f330e11f9f8e18
308 a1439b3f6c74f9a8
309 59698c2a43d2c6b1
310 1f0bd1b1d62e1bc0
311 b556c7ce9a5d3b29
312 ec719a79a0f57c42
313 34c30a7cd67d6ffb
314 660da00b6caab0bc
315 a30f34d4692a9475
316 7132026c0b638cee
317 f76b08373ec0fba7
318 36c91d0d8cad9738
319 b3140f5800470741
320 2880aa7a3f50ffba
321 2e5a2958792e9073
322 4d02647e725af034
323 342a16e6beb5f7ed
324 113b56bc0b627906
325 65da2865162625bf
326 53bce32e6235ad90
327 29ebb798bb4c8ef9
328 1c69783e004eb812
329 bd7bdf20f04da0cb
330 2a3dce834734988c
331 46797075a8610445
332 b26ad6729bcee4be
333 dd2188c998dd7177
334 6675d7bb06362348
335 10bf798a3df67151
336 72f43ce0053bddca
337 a6b2ed5cac32aa83
338 1185dcd10ea71244
339 c718dbbcd4d77dfd
340 f1f9aeb4761f3b16
341 03702fc8361103cf
342 f992823dbf071ea0
343 e55ab0bf93b0a209
344 7d1e473eee34a822
345 ec25932cc6ea42db
346 71608e759d250b9c
347 842935f4d48a7755
348 52074f35cc0eb8ce
349 d1cc24138fde4f87
350 b75b55aee5880b98
351 dd0bacafb0de6ba1
352 febe12ea4698f01a
353 eedbaacc8d9064d3
354 7cd805beb5cab394
355 50d75cbe1e15054d
356 d13fcc6a09fb7e66
357 509db5509d46111f
358 8b2841f1e25bb2f0
359 d2567271a34e3059
360 4c5d9bcf0cf91b72
361 6f6681c58abbbe2b
362 d7ca12755dc9a5ec
363 87663cace53f1ea5
364 9b50a08d22f68c1e
365 d24933bc557baad7
366 765c90ce8e1e3ba8
367 5c94cfbd7d6bb5b1
368 65caee1b177f912a
369 74d30520625ad5e3
370 550cac267ac6d2a4
371 a23c0fa36987945d
372 5d6317d2472f9f76
373 5797be9ae4bab72f
374 ef74ec899214d200
375 ed74d935494cbf69
376 494594408fb21582
377 117f7f95ff01863b
378 deac7f499dfacbfc
379 0d22181b8b0f37b5
380 908b52e7dcd5f42e
381 89d4cfa8d1be0de7
382 16d482d9eab55f78
383 3a96fe5d66500e81
384 4f633073f0ba05fa
385 f8c424512c172fb3
386 231b89f7b83dee74
387 51394ad5e626762d
388 a15edf934cb4d246
389 15b655ec5516d2ff
390 0edc03d89b6634d0
391 4623bdf35c995e39
392 70f1bdf4e285ff52
393 ecb9937fc518050b
394 7ec5dc945f9052cc
395 e40c00cd612f6b85
396 9e59539e6512acfe
397 37ee26c9e2bd18b7
398 b3f67fb5b4df8988
399 65c3bf285480e391
400 ad8f462b20b4770a
401 7577ae798a4203c3
402 580d73ed81787d84
403 febd8abfb259993d
404 67f9b7a5cd498656
405 d9b112855842120f
406 299ae467eb1c7fe0
407 c3a45d763af6d049
408 0a4ca0076b153e62
409 1bd20c1f54dc981b
410 cbaa6f6d4deb72dc
411 edbb2a9064ceac95
412 caa0609d73b5660e
413 ab9d69243a91bac7
414 088c7d087c5cd4d8
415 21eee9eabac7f0e1
416 4eea799f781c6f5a
417 0839450b0454eb13
418 2431579afc230ed4
419 0983ad79d555ef8d
420 c1a42206dd374546
421 a6f7ea37ed81d648
422 7094df56b2398b87
423 42c128eab3ecd4ce
424 751663e9ced9ae55
425 4e9efa11d22bf79c
426 db64bfa7f1aa643b
427 d04577bc71640c00
428 82c150686d6ed970
429 4f9e485049ab69d9
430 b1ebb192e89f1ae8
431 9318bd9f679116f1
432 796b2422e984406a
433 f780fe01218df723
434 e8a06f158c0e5ae4
435 7529c5a21196559d
436 7e0910fb062838b6
437 5067b9b27409266f
438 89449fb625901240
439 84eb2e078c4790a9
440 f7b1f998b929efc2
441 df45ed7aca95a17b
442 f6089927dfb5283c
443 33007c942a1dcdf5
444 fe3d7c4305d3ee6e
445 39b5ec974bb8a727
446 de3f2c0b189c0eb8
447 1a5c5eb1cfd26ac1
448 2c7a2a788a7c2f3a
449 03cec127e2c1d7f3
450 553d90424101fbb4
451 3839844ede0ce26d
452 5d1bbb757ffe9a86
453 c9a804d7d61c353f
454 f0dd6c35e21f0610
455 019e895cf1397979
456 b2975f8797728592
457 19f89c1b2e8a904b
458 b8d38dc56e251b0c
459 b6821984ea9efac5
460 7d0f12d41359768b
461 4aa41723134f21db
462 00322e02340033f3
463 5c3adb9d34b82330
464 2d816062c2fa9eb9
465 8b1be46226533d28
466 351befaa3323a880
467 6d2644bb62340e57
468 f1c4e8a66c57c2a9
469 7e471213b8d8c0d0
470 0762df19bceeae59
471 eb988384c2951d5b
472 51c278ea9d6ae177
473 9867fb6981bd5d17
474 b747b5733651060c
475 4696ae58572d6c26
476 3ea1dbfcb4d468d7
477 a932d90fdd4071fc
478 b19a23cbf861ec3e
479 10ca3d02a080a6aa
480 c6fc3d61233280d1
481 e77d269113101c9b
482 058bfae8b286a88d
483 9d3573238da58fd3
484 68089e0ab6079ac2
485 0eb55173494fb8f3
486 9629deb274f61f46
487 b63d1f4aa537ba9b
488 af061ef0f5c4125a
489 59a925c6ec554b3b
490 0ac9c14fbe22ca76
491 9b7063036389b9c3
492 1608cedbdaf80fb2
493 639e649b874d1563
494 7c46c413c0014856
495 e4f841ec09c6eedb
496 221ac6ea277579fa
497 4c3d5dad0ec2b9b8
498 725f0b336c055ed2
499 3566b4ca18a3137c
500 db1bd0b10f871834
501 1c29ad16cff80ef6
502 9cddb6f308659494
503 f893cccaad77198c
504 5cae4cbd192d0b0e
505 25ce0607d927609c
506 0b1a91ad2756c7fc
507 8a1e31e47bd69bfe
508 c56c301a24a6bb2c
509 2e48537a5051a887
510 4f6a33b7fb84c060
511 2434afdd06b32d60
512 454abf4c699b0759
513 8787f0b1e24bc1e0
514 ab42235c0f12b80d
515 9c3eb5d98d18f538
516 45910e976d155cb1
517 25bf87e093c72c08
518 94ba5f0c0e8f0bad
519 769d0ffab9b7d340
520 99d604cd80f31719
521 99be5a657edc2c60
522 f62f9c5801d01a2d
523 a343e40c13f18108
524 60484eec8f19df21
525 471780f4ffee47d8
526 961f5d479b8c3d4d
527 b3ea5ed92931f740
528 44ff4375e3212fd9
529 82f5f7c92fee9040
530 3e0eb04a61c5e6ed
531 c95958c30b2808d8
532 ec8422c0e90f9a11
533 16eb6236e3a617bb
534 a4c6ee56193a5f43
535 84c00c461931d70c
536 a892f89d07c433a4
537 76e2566251397126
538 e295f433fc327fe4
539 21373a310a23e8dc
540 4a4f1c6b2116d33e
541 428aca063ecc869c
542 365ae0888d1d339c
543 f0cef78f3a13386e
544 3666b05a1132213c
545 77cb605d01f90827
546 171ff57550ff1240
547 922b8255ea0b73d0
548 ace9c4388dbd8939
549 4101d5b8ef02b460
550 632c579010fdf82d
551 81a8e2f5b19616b8
552 44d1e287d6ff5de1
553 52961760846bdef8
554 466fda678a01fa1d
555 eedee117eb7f95b0
556 2d240531e447ef59
557 3d1719d36abdec80
558 9dd8449221ae8a0d
559 bff9a87f03540b28
560 93c8be422f8c05d1
561 98d0b535de6127a8
562 f0edae7c7ceaa3bd
563 c66b66af0196d770
564 bcc257ceffc11999
565 2185b24f8fcef720
566 7a48ff3503d438ed
567 daab5afbffaf8e38
568 c9cbfa4af38aa9c1
569 dcc5238aac04c27b
570 8d78cc6e1a22e3e3
571 cf2930f1f79017fc
572 5663bea3ba564b34
573 6ac776d1f2ed8226
574 9ea1bf2e0b3e2184
575 f916b55a6e3fcc3c
576 fb4c270c66141aae
577 282e41570a1e84bc
578 da1469462cb7d95c
579 8a7d724e092ee20e
580 ee1de2700896db9c
581 e64505c4e5be8bb7
582 c96521b68f932df0
583 87e14301cdd86730
584 cdc8d781a2b63409
585 b57889e92b97c370
586 f4a7b06b0307ab3d
587 3aafc1d8fd734a88
588 c6fea18a6244caa1
589 f97156d43a2d2058
590 7c73d5e295cd215d
591 d75c077aa8729930
592 9c1b149e1acd45c9
593 1106129fabf86210
594 f19388d949841a1d
595 30bdbec0e3567298
596 7b66bc255760f391
597 d42499605a2b37c8
598 86ea40b424ba33dd
599 1a94ec4c568e2a70
600 7e63babcfe099be9
601 561c26f0bd2acf70
602 8121f964d3363cbd
603 5c4a0123595d16c8
604 da845efb71ba1be1
605 516c1c181c76f0eb
606 1ec15476c27211c3
607 2984d2e3fe004f8c
608 cd808604c45acd04
609 e8ddab368b270daf
610 24452f89fe9b7690
611 f8f3b64e4eda1362
612 69617b86c19ec889
613 f1bad74cafe5af71
614 dd7ef2ad890663df
615 b50a65362c2fefd6
616 32cbd1d1ff3e64a4
617 70de2f4b386ed524
618 842a851b99016bfc
619 710dcb00186328f4
620 bb07d3dafa409dfe
621 2e646b941d8264e2
622 b88a7e5d4f52722f
623 f69e9339d1697144
624 01b1e9a1e7b0b4c3
625 7f2ca462a7b56c30
626 f6af416ca24630b7
627 93baa42fef3a7b24
628 404dfff5e77c7483
629 8c95874e1fbea308
630 2e39db319eaed37f
631 6272e28f232558d4
632 9ca9019f7d0ac5c3
633 a7089e90ce03bda0
634 cd5991d19ff70037
635 4176ca836c4d5074
636 d5edbd6385d5cbc3
637 8c48f569ddbc3108
638 563448a38bcb1b2f
639 cfafb08ccf05ff84
640 1bd594da967ac763
641 75e6dfe47c368233
642 2262e169b80a5195
643 089db1401dcd9dc4
644 71dd2781fda05baa
645 62ca2b8b087c802e
646 78ac1f6c7eb493ee
647 262032381f3b4d30
648 47f3fa47f4d02a58
649 edf143147edeff58
650 ae80077ea421d0a2
651 ecd026db1904e98a
652 95ffff1311d2719e
653 c8696c7afa16f7cf
654 70793a4f0dc846ca
655 8b4b57977cb0d72c
656 d1c0c869a862189b
657 26276163b1361698
658 21cfab1eaecd4e47
659 1810bdc04bcc229c
660 f95d87036196bdeb
661 bdc1bc833066fc10
662 1707c56eb5069c5f
663 447a8023ad64256c
664 992708f926a5fcab
665 a0904c1e26cd6618
666 8ec567cd529f71c7
667 f1d61d129d20fbfc
668 4c1df47de973f25b
669 254ed9343eb13080
670 1fd3f4220a088acf
671 5b3a86dc4aa311ac
672 ea77b7179e3cba3b
673 a7bfb36bb901e618
674 f8d6e6cc29770727
675 ed422d573eb3bafc
676 fb55b135814361ab
677 edd7b133f3b6ce83
678 dbff43480165977d
679 151ebbb72d7125ec
680 c6681e2792d7a172
681 bc10b37bafcaabee
682 195747cac62394d6
683 1b6f4addfb4541a8
684 846975812a9fd350
685 7d0966f9b26b63a8
686 89ae2bcae89e9e9a
687 2c51b8fa5004be32
688 779af18c2dbdfb76
689 58a13e280ecdb94f
690 705e6e8f9688c0e2
691 0fa2307d6964e3b4
692 05fb7ab51dcbd2d3
693 9baaf0de479bd598
694 e5c269affdd53bef
695 47453cfc82b7f4d4
696 545682e0e25ba0c3
697 01c1007741929de0
698 84ecd80879fbaee7
699 975eb7f9c03ae6e4
700 f4eb920caca89793
701 fa7299693ffeee18
702 a34c790f5997667f
703 0adc421a7a4d0e44
704 2b900b53798fc7a3
705 e464c44e064877f0
706 9db09315b79e6b47
707 22f82e9bbde57e94
708 aec1dbd6cc0ea9d3
709 aaae3a6069440b78
710 afe1e32156ff972f
711 55604382ea729db4
712 0d2d781af68383e3
713 caa33ceb2b45ef43
714 a18b38d291d4eaa5
715 a0942b9b334f98c4
716 e83da587bb8540fa
717 000ecb021ee3fcde
718 84c795da3a6fdb8e
719 a67ee8ae0f043060
720 2d8cadf47d00a0b8
721 165ad54658262108
722 1c9e695a1e25e892
723 8e2cea1a6bda3bca
724 57aeddce6817ee6e
725 db99a4431cca677f
726 b26b491c3867d88a
727 774036af5be17a3c
728 d95018732a923e5b
729 c2b35d99fb328348
730 87132b8f91ca8d97
731 8365e177d62799dc
732 c35d326f92f8a21b
733 a880b938709cfe60
734 baeb2d00338aa8df
735 f48f82cc1d33ca1c
736 ef07798f402949cb
737 9f061fe1b1a57b28
738 ca236e88d2295277
739 5967ff6bdbe2c43c
740 5a83fa1c8556e7eb
741 8f5821f1463ded30
742 d92955438047bd0f
743 7d7f39e236ae609c
744 5101e491c63198fb
745 c36f7ec711d19ce8
746 b13be3226796c617
747 20dd284a264686bc
748 440072153b1c4312
749 1cb15f1b524e635a
750 f17283307cbab59a
751 c10e262a46c8925e
752 b6621c56b083a636
753 8bdd215acabc6103
754 f9107f933cb65f85
755 98244e3385651bb9
756 a4a719c2822409b5
757 0a53f39cb469e346
758 638f95b065f5d976
759 902857d3c7f6b410
760 f0a8097544411c05
761 092af8c39fbc5c39
762 35b5d20acfd56335
763 d68f9d4c168a7449
764 7adf46c63bb93e08
765 be72e2ef5957415d
766 71f6fbf4637eef28
767 dcebad40db4d4111
768 398dfec733d12e38
769 dc0ef9256a5c9e9d
770 1c4df4332332d1e8
771 256cc7a0d168fca9
772 b20031ec53f4c898
773 af07e49fe03db23d
774 0b01c3ed96033c18
775 73e69183a7a988e1
776 fc28abb9dd615668
777 a2a003b99ca2e75d
778 b8e6a0030e44d918
779 52229488ee9a8d29
780 803bb8fe063646a8
781 8d6a22650f04f1bd
782 bef95006b381b408
783 7ec4b12fda97ecb1
784 0b5b63a01c1bf7f8
785 39e138db4c520c06
786 db71ce5b44ad8da2
787 49121151365a55a9
788 29b3fe8bfba2b139
789 220c3e1894277cb3
790 9bf09e860fa48c11
791 fbbfa9fc6e49f3e5
792 c9d73d0566125bb3
793 c09decc25a3261c5
794 efaa09123c99d805
795 a2ecf0fce524fe4f
796 76d7bf280e20f75d
797 beeee2fcaf992a12
798 51cfbf7d9b60fd55
799 717ac501e2f68af9
800 f4b1ee1c9022a9e4
801 5772922f6bedebf2
802 a1180bc261f9dbab
803 761bc733d2a12351
804 051f1ed87aa1dc9a
805 c8ca4e0c2d036a2c
806 98966807d1e5b796
807 18783a60f76f8324
808 a4ee94ac87179be2
809 0f5507f953e780fc
810 d1b04053cc4d52e6
811 3d5f24a0ad9088d4
812 a2d6475c4e35130a
813 d9a34dc70e7ebb4c
814 a1713e49d3387856
815 c86646413516d7af
816 3a2d9db826a0138a
817 e57fc4b079ce1884
818 50ac63ee120eb19a
819 f6ac3bfbc704cc49
820 189caf504578a77b
821 4e14311fc2cd23b1
822 480db3367ceeaefd
823 cc5f07819cd12777
824 b233fe2ffd0e75e6
825 08bcd239513f09d3
826 e6940907ca181163
827 c2fb269b5bd887f7
828 04038023f3f7918c
829 cabce01b133cc71d
830 97bc459876e3304d
831 b43b9a2d86e099d0
832 e8585e4c253d5ee6
833 23afc9c6e1b3ef4d
834 a4710559a634b962
835 0a936561a00af183
836 207b1b263284f320
837 709fcd438f68fee9
838 6fc61161ef135dbe
839 685758c2ee0471df
840 8667d13815ed47bc
841 4f471afd24f79755
842 f50e591477de94ca
843 a9dd1f02a382accb
844 d5e581ab959e6608
845 89db17b331204d11
846 26b2ba378444fe66
847 69f9b3c832c0fe07
848 f087fac6e7b2aae4
849 f58ae24b498606bd
850 867c390e861e30d2
851 28336d2554f3a533
852 8da5033c6077cc10
853 53dfd7dc48997219
854 d82fc47c40c6f23c
855 72273db8a3d3490f
856 e0ea24c1cd5ace3e
857 28f88f97185b7b45
858 443a28eb6c1d693b
859 cb264512e89ccc39
860 0fbb8a05b5970e33
861 fc12e7a8b07da8d3
862 e3d4e8d753d6dd42
863 6061168c362ea55d
864 8bab51d9be205e00
865 ac91b5100bd6e3df
866 b4bf32982fe78ee3
867 38845e6614fd97bb
868 ff22b1a56fec37dd
869 7b1c3e66d809dd81
870 2c8c20ff489d9924
871 97d1a8f1a0f7f9fd
872 e650a033f7ac1ea6
873 8345edb82ad04db5
874 37757196936bae19
875 923ef4c62e45a4eb
876 bd6644b766981368
877 59be20688b395732
878 04abe2133c63eac6
879 311736ea1239e501
880 3ee7e74819692c7a
881 6daea9e4d7b15f3b
882 bfc91e28bdd6f81b
883 7b61c95f52fe39d3
884 cd910df4c46386b0
885 c6e134e307886739
886 7c3e87f5769f7f4e
887 417f96aa1df48f2f
888 a11760bb20823c4c
889 df63be04e8abed74
890 52b699802406012d
891 86573b776c430153
892 a2525bc546066e8e
893 7451170940896a2e
894 78cb700e44fcb31b
895 09b2975c9adb7b8e
896 111034136225bdde
897 e8700bb04f8d0e64
898 6b7211dcc3fbcdf2
899 a661237ff6fc4590
900 166a114a71ab528f
901 35c127a95b4cbb2c
902 570bfd19543e6db2
903 2443717257414e2d
904 5802566695e7f9fd
905 97d892efb1d68ddd
906 9560dd7c97b9da94
907 cbeffc1bb76494b9
908 f97bd8f077f5c345
909 be913b6d75a99708
910 b29923c33e52ebe9
911 a86cbf40697fb436
912 d3a308f3db08eb94
913 bf1840375350e243
914 81f1b440463c1355
915 78ba6a01e421b54e
916 8e11c45a8f1cbb39
917 b4dcfd9ffaddd35b
918 09b149c502c574ef
919 e427a4279eae452f
920 21d0391a9b643f9f
921 08d1e9827d5f8072
922 de75f96038997d3a
923 0e5ea5f50d237a01
924 132449990f854cea
925 e76619d3091eda48
926 d8b6c8bf036ef705
927 f314b1ef49a20fa9
928 ebd16f9e3f5decbb
929 72cd411f709b849a
930 b4a6938f5c5b47e3
931 a1e5a282e4a40f4c
932 84f468d81beb1ed1
933 63dab9a6d9a8067b
934 d6d05304ec650a48
935 8e109e51428dba89
936 f5b5515904cb0ca4
937 fb3b2352d4b017d5
938 525d20598a074d10
939 61e8e4cca408245b
940 1a5ffaf363264266
941 6d9b74f0362f3685
942 4a12064d48c95b4d
943 8ba9cef6462c19db
944 3f38f22f6c02f84d
945 c97389dbf2160ae4
946 d110924915822da1
947 da401e9b7067fb15
948 d00bc59efddf0f1c
949 83e81e9abb7c0bd4
950 5d4a447d650b82c2
951 1ee08361c83fcb91
952 fd6d5916b8e26ad9
953 956178a7a63cf5a6
954 0ae28c723b0bb161
955 fccf6e1f2c3c750b
956 053226c8970e9bdf
957 794c59e7a7fc1f82
958 4ecf473eca990554
959 4654219f419c0cd0
960 62deb4bfe3b9d06e
961 0f31e3d3f60bad5e
962 e74c9d7335244f63
963 bd8d7248a45329e8
964 2ac98186f2a422a4
965 de756d0dd2e9eae5
966 e8c460c46add5f65
967 7edbbe80f19fa51f
968 cb8846548ba6c448
969 3d6e4492b448a871
970 7faaea02902d3efe
971 59203858f5a3e4ed
972 8712d466b450b397
973 2cfd6b332cf276ad
974 9ba28bdfe3a35956
975 4ae166628866c53a
976 9965cb1b5996113e
977 7ebb82be87cee662
978 1f49984ae935258b
979 d39a819ec453ec01
980 62181dbb1a7de8dd
981 c2af51d67b3226bd
982 595fbf303d32f81d
983 cc24fc214837e3b6
984 38748986cbc0c6dd
985 cd6367e3632e089b
986 fc82c6b1456a98ab
987 ea68ad1ba035c6d2
988 6213f3664a22e62b
989 92792b29c172e1fe
990 cbf5917d41790fea
991 d758ccd1a414c3f2
992 58979d23cdcd57e0
993 eb61b6bb85823773
994 2be291373eeb1ff7
995 82539fc34f0a8637
996 31a480de95bd5974
997 af17912b958e46b1
998 4d61fb3494085ad1
999 f9c8a930c54285a3
1000 5390beec703c9763
1001 47ff26c0c8119cc1
1002 540735a30d2d332b
1003 4a914651830781c3
1004 d80399d7a1b69383
1005 0d00498f269f0b08
1006 578e33c3066bbfce
1007 0363cf294c9b25ac
1008 d3c61d914b427df5
1009 9e096dd751952650
1010 6301001179078d0e
1011 7c69092c0e9a2157
1012 04e0c0539d19bd0b
1013 5800ce03b9907877
1014 d170ed9120a99e88
1015 94e61b36c55085c4
1016 a2abd7e95e296c2d
1017 49f3800e3989f6ce
1018 d4992250506705cc
1019 b7cceffd8da75056
1020 1ab19e1a3e826d13
1021 1b6e6a05247c85cd
1022 091fcfa4b479b741
1023 edf880f3b57201c9
1024 e91f2fd8be4d299a
1025 38dca732d716ac44
1026 ac42d24aeb9ce30b
1027 b85b04ba7f52cc95
1028 9333265368b256a9
1029 3280b179d43b59a0
1030 56384f011edecd35
1031 cad0004c2349e371
1032 b8fec62ab3123158
1033 072d47e28b17a4e8
1034 35a5fed12be3f4c6
1035 0fb4e1bfd0308b85
1036 d6470168e6cfef2d
1037 a733ea4e917f12ca
1038 d75c1fce7429ee95
1039 8cf58a1b720acdff
1040 94e46525ad468c7b
1041 143a1ccb93344746
1042 c9e04655c9d471cd
1043 258b357d850d085c
1044 e93b598c8a6dcc54
1045 fdb022f2d2d1d17f
1046 f28c4ee83d911042
1047 67b7e9943a2c7614
1048 da376c550ae5ae0d
1049 2320ec95aad19c94
1050 0a8c3d1ff9e52764
1051 26b143119863efd1
1052 52961df56d2358b5
1053 7f943f06bf0bdc64
1054 dd04f7559e0e8892
1055 84ac82643fbcec51
1056 41147a96d8ed8deb
1057 a99afc0933e90291
1058 1849a65fa9c4894a
1059 163e0645c538aad6
1060 9db9892db1c65e12
1061 9ab1ef847c2bf33e
1062 1b421d08c97854bf
1063 ad2bc955f975b115
1064 ef73f69e669091c9
1065 89581efa79a907f1
1066 0e6b1db15b8144b9
1067 a63ce089c023e812
1068 8cf06bebdf4d2579
1069 b7d0e7598ad411bf
1070 e75f94f1f3995007
1071 aa96af50274842ee
1072 26c3b40cf28c621f
1073 70ff0b44a3f3a6fa
1074 7e84924bf4bc9376
1075 894847e85a933dce
1076 2ffd1cb926f1ef7c
1077 83763fcde1ead9bf
1078 d49a8362826c1733
1079 afec54f376e227db
1080 12f081c562814e68
1081 5522f6bf47181d3d
1082 21a66d04182b6855
1083 3e39330f8ea2a147
1084 ee77baa9dd827fd7
1085 d804038e912bbb95
1086 9f88979a8b55460f
1087 48f6745f4dff6687
1088 7903ebd9f1fc3037
1089 d330becb8ed716dc
1090 d34aaa1f616fe762
1091 db5a8fefbd984260
1092 f28518249f3a8409
1093 86f3b4ab5317a454
1094 79575bac727a8c62
1095 32d532527b77622b
1096 5197856b008edc67
1097 e03cec86576840fb
1098 7fae3ade8b65d44c
1099 1e7ff36c1c6551e0
1100 1d372e93f2276413
1101 9e41e66eacf11186
1102 d6ade3000d3f37db
1103 c883820534067fb4
1104 c02a0a8164712c81
1105 4d94e5d24bf899f2
1106 44bb19c529a62811
1107 63d1f431514d3d70
1108 e82ba46f4530b5f3
1109 772f6b00230d56b7
1110 5785eb5b1832ee9e
1111 2e126f1238f0b306
1112 7b7b16c5d653cd88
1113 4cbfa9f213e94148
1114 861360fe580b78da
1115 e2bf1e1fa448accd
1116 94def786a0342e6d
1117 465c0edc981b9c0a
1118 5264d2668ebbed8b
1119 4cfeddb2b4f07ee8
1120 e7f881150683e61f
1121 4f2488428b6a0f6f
1122 6e735961d7d69258
1123 b88ba16104735046
1124 69974cf588a1217e
1125 d7b216c40bb9acc9
1126 f87d8e7524c14a39
1127 181c83a69f527f84
1128 dddd9b581708d136
1129 b0c09ef42fcfe38f
1130 bb6717dbcf6789c0
1131 84a0e1f88314977f
1132 6b955ba92a8aa66d
1133 f55e02cdff7d7661
1134 4908ababe93a907d
1135 3fba1029ee3623da
1136 57ad5008253074dc
1137 f46a66c2891ef0c7
1138 ab6dfd1b66aad937
1139 fa37d9d6292bbb91
1140 d3130c64c52bdc50
1141 85b4ace0efb9beb1
1142 8574a8793710e1d5
1143 337e198844312700
1144 91edf1570243cf24
1145 4ed5a8ea47d5fa56
1146 32ec1d1ed90210af
1147 ae2f5e7297d1f7c9
1148 84bd112d6cb8999e
1149 1e478c6902cc9811
1150 b54d369903c9daa5
1151 b6308e918e47d6d9
1152 c6d60f35a83991c4
1153 c28fb887a3a22244
1154 5801008ae553bc1e
1155 7dbf81bdf4d0c11f
1156 b55256e83fe17649
1157 fdc72693650a91a0
1158 9f000e57453cd993
1159 506a42e1cd2bc0cc
1160 02240a16e09fd582
1161 622e2c12dc1e62c3
1162 9806a0a5e25c8a2f
1163 c67536b534b53ffa
1164 935cbc2ebfc22f9c
1165 4e852f3fb09a1a28
1166 01136b22157c7f74
1167 3fda58063cc45a53
1168 013b7d93be23ea87
1169 34c1cf8d1c2720d7
1170 19a64f71f5d266cc
1171 508ea2c5f78e3db0
1172 f6eea38e2fe3e45a
1173 bbabff60197c20a3
1174 86375e6991eb8d8f
1175 2649f5b4fe62fad7
1176 38b768abd7900954
1177 bba2c6dbb9d867d3
1178 1557054b4f68d01d
1179 632954d06a115c34
1180 c8d219ce762233b0
1181 d107eb496a147cfe
1182 4065a93726f89961
1183 c9b11f2175c842fa
1184 a31560c497d717f4
1185 4a8d887cbd55731d
1186 1a5f4910636ba9cf
1187 ec7e908ac0b7ae8d
1188 f7e299d377839aaa
1189 af7cb91f541df98e
1190 33828d6ba63f7420
1191 8f05ef6432e76dd2
1192 d15e6345e7b36db6
1193 24d480aa71461d9e
1194 85618ed91dfbdffc
1195 2615b97657e62f59
1196 64516b597fdf3ad1
1197 7e1227cd5dfd5162
1198 1fff1af5b05f7e63
1199 14a7f692888bf3e1
1200 d827ae78cf370fb7
1201 b894285637a203ef
1202 28e390806cb9fd81
1203 fdf978b8914c39a8
1204 652f929b3bfadef2
1205 b13e4b5bb38826b6
1206 db20c6b3b301b7dd
1207 8dc2db65dc5fc4b1
1208 6fc2a0703d5fb5d3
1209 2b518743509c5fdb
1210 25f6871845906444
1211 80c0daa88eec31a4
1212 592466b7a6ead6eb
1213 eda4645af4d08ca7
1214 d102992de8a0fedc
1215 f4a5adea9c147de5
1216 9ee1828e9aeaf045
1217 cbab83a705f18c9d
1218 8cf4cf2c1f796e3a
1219 258401d599324170
1220 3e8a2d991f9df555
1221 7a0f6f4655a6d596
1222 5d0ae228fe70a2b3
1223 4febde664d3aa75f
1224 47537a89aab311dd
1225 4764ceb1f9391b89
1226 bef7db2927bb7b6d
1227 e1685e588a2dcd74
1228 49d2da843d38bd08
1229 af60ae354fdf0178
1230 e113c9cda1e5d714
1231 55783238402d6225
1232 f74a27dba72f4f7a
1233 e27d21b429071110
1234 ca3193fa5e37dbe5
1235 662745aa8f5e922d
1236 6bc6f8b261115981
1237 a5f542ea8a798d46
1238 a209f1bc25c3172a
1239 ee4e4ce1148af7fc
1240 10306e116481ac7e
1241 7a0208e3eef1643c
1242 c3517b5f39cef716
1243 cc56b2f58fda2b2f
1244 d7cdd8097784f494
1245 ff1f7be6c1290df5
1246 c4e96ef4a069febf
1247 aabb5091d33d583e
1248 9bcf64a23c33f802
1249 27c87a661459eca4
1250 78d5e165252f4065
1251 6a642140bb709d6a
1252 e180e322a11a37f3
1253 93eca39a4e73624e
1254 6f150789becaf1d2
1255 b02e16d4a8d9d698
1256 d80cd1736e123db0
1257 4146ac0dffb2db59
1258 77c3671406686de8
1259 931878d60e0c2839
1260 7d2f3b84b41559a0
1261 24e2b162a2f3692f
1262 72fc9a5aee26268b
1263 63c8ff9700745127
1264 dd3505b705a059a4
1265 b901137252a342b8
1266 df95b7308dae7ee2
1267 f6c1a04f67eea963
1268 d443a26f8e86f3b0
1269 1b1d5016b47bdc49
1270 45dfa484d8dec3f3
1271 14711a1c3137c081
1272 254182690697ed76
1273 c10f566043e676b2
1274 59302649a9818d64
1275 e2b4cc74145ddfae
1276 b584189aa4e1e5ca
1277 bb84a5fd611e5c6b
1278 97174e3466487776
1279 d598c28361079c67
1280 9e59d340e12e0d54
1281 39eb6b5d806767f7
1282 e5d485145f240b2e
1283 a193015d5e71fac9
1284 f63167d3ae832184
1285 cf2648f16efaadf2
1286 433a9b2cde9eacca
1287 c2c91d8917580ad3
1288 9bf3d5fd0f5b4628
1289 74dc497ef12f2d1c
1290 5409871b41b5c8c4
1291 7a96615061433e42
1292 957db46df50ac147
1293 9541c648ffe9a545
1294 af04972011109952
1295 6c627dfe08e42428
1296 cc5236df7d0ca537
1297 bc22dfe3ce11f0fb
1298 ae27f07fcb7286f5
1299 8c49876f76e73d91
1300 80912558fd322995
1301 7ebfebfb73886978
1302 add29ee0ac864987
1303 193ba1b126f7bafe
1304 1bc2842186a5d751
1305 a134604416d967e9
1306 8ca0969e2d05207b
1307 1e967419cbe844a5
1308 12cae36ca0a56747
1309 9405542d2316c69c
1310 7bc5d795fbcae45f
1311 59f664b5cdc7ff92
1312 bd2432355a3bc134
1313 3ef7f3f5258bcc5e
1314 7670bdf0f7866a03
1315 88a6f9acbb014925
1316 e5f47e2cf09afaab
1317 b6a53a2d04cd5c65
1318 d91bf0db303a2c9a
1319 e0d9b592e8b01ca1
1320 4326a4a22696e154
1321 ddb823a63a77be0b
1322 e00c748333634c82
1323 519890f55d31c0bf
1324 82126d2a89c92d80
1325 65478cd58a053d05
1326 7e8615142599a3a5
1327 5c533d50c2379246
1328 e21944f6fe281072
1329 52e1d7cf01e96579
1330 93b4435e02c5621d
1331 2bab529c8ed2f7a7
1332 858b12785f3d0d17
1333 28a6327b1fee3deb
1334 143f42208bf61d84
1335 5667fa94287dac0a
1336 eab3eef4443a392f
1337 1740d78326a60bd8
1338 c4d7d7f697487a3a
1339 6f8af7b2831ef5ec
1340 49ec4a6a611a576b
1341 8828ea1ca166450d
1342 7d5c8298735f70d6
1343 9e0a2b47906cd297
1344 4fa2a3c9effe8b33
1345 8c97481a8ca3ac37
1346 b708d702777a051d
1347 35a897d0ed0f4dea
1348 033a07fc38890250
1349 49ce5a4c9d34b8ba
1350 ce95e7f1fe28c54e
1351 5f48090001cf10b5
1352 f014288fd01edd08
1353 73005a5b4ffaa4c7
1354 f22dc5927729a772
1355 53d4faec043e72d7
1356 0c366632f7f431b5
1357 848486bc1dcc5af9
1358 95d185228f061d97
1359 2efe588a35278da2
1360 dbbbe206baea0666
1361 90eef6dda37d61b4
1362 5cb5e4effbaae0a1
1363 fd08807cdd551651
1364 833770269cedd708
1365 1951003853f7edc3
1366 4214fdac03e85c5d
1367 c86fdafe5bd31225
1368 b4626c6c1f76e836
1369 a2d42c32b9cc8bc7
1370 d949abfca13dbab0
1371 09578a51f47759a7
1372 17eaadacfbe04ef4
1373 5d03c7ae9dc2f122
1374 10edbc6a89924a4b
1375 84a425db13d95ce4
1376 9c681a1b7367d2cd
1377 28c880ab8aa0bc6c
1378 dab7eb28071b1b95
1379 0bb143440ad64606
1380 f1716106ebf002cc
1381 e534db07584f2c02
1382 5dcd6c997247a6dc
1383 9d246c6c8e38106a
1384 043d08ce7bb8e6be
1385 bf45018353ede623
1386 75e2b7c93ebb6ee8
1387 6816780b9cb2776a
1388 3c1de2d224b38758
1389 d2c5447f9de9c6ff
1390 3f530b3ee6ea025f
1391 f0772bd2316e18c1
1392 880b3761ca57013c
1393 050ffd5af9324ec8
1394 1df5937bb1bd68c1
1395 d259f19f1cf9f819
1396 f60d285e125bac64
1397 440fb2ab789c9dcd
1398 feeccc7f91ffbd88
1399 4fae20d4784851a1
1400 45476892dab35bb6
1401 ccbedf9d5f98c740
1402 3ab695bc8d35244b
1403 597099a554ba0de0
1404 9e804fae635ebb9d
1405 ff76fcd03d59fb82
1406 c74d13cc106574e6
1407 83ae2f8e9c7a3cfc
1408 3bbaf0b58892116f
1409 578113c0b78c6a98
1410 f41b1ea08df0727c
1411 8d202298a879d6d7
1412 8a0b05dc7a445a31
1413 5b40fa8da2d1147e
1414 6ae6c6acb0abcb83
1415 e6a7fd01a6a46c50
1416 7be25decda1d7d75
1417 a93841777d156af6
1418 8a424a682fa481f1
1419 af9c7cc4266dd234
1420 1197346f43d68a87
1421 601f151ae422f4d8
1422 525d0179e725a201
1423 d1520413860b74ee
1424 bc257ab979f22769
1425 bb37e0f2e65b2470
1426 7f38ad2988c7dc74
1427 e5235412227e7512
1428 2e41240c5736f4f2
1429 f952d5dc788935a9
1430 1df19d0f0226fabe
1431 ed847dd81bd835d9
1432 7ec536af1ff9dbf4
1433 54d3719dd7f35665
1434 f2cbbf7a3109426e
1435 2eba6728d6ca863b
1436 217302d887d7f93e
1437 95321be6a9689334
1438 0f2556be6551b3b5
1439 091b9be7e20c4e8c
1440 5ca64f78de271afd
1441 ede22a0b82498b60
1442 6f504908b6c53d56
1443 2e03ff380e6d3595
1444 598112c0bfb85334
1445 1161b4a663d85ebf
1446 f959e01715fafde6
1447 c77197771cdc1c6d
1448 01f41dace900d995
1449 0f202c6d4b5d1053
1450 a1f08cc1690a8c32
1451 49637bcf19251cfd
1452 e28e36d104abb760
1453 a6dc66e9d9777197
1454 d4e4d62a445808dc
1455 bb57042e6765f815
1456 fd760f0cf020b534
1457 0501960ae3bd877b
1458 57d97602dcabafae
1459 f1b7d4b3bc12b125
1460 6a29b3b3ac0bf056
1461 66b21229a7c57f83
1462 47f2e9acf26894d8
1463 ee7a60aa4e591c8b
1464 54ee94ec2fcc08b4
1465 e282db0bc25f42c3
1466 ad9d7aca8ab46938
1467 d52c4cc5652dd507
1468 47f93156cc3f05ba
1469 20895996ab770575
1470 77a8e835cc813ca8
1471 36090133c43405a3
1472 ee615776b774f214
1473 9ea9aea2eef9af53
1474 3d33cddf1ff8dd41
1475 3bed605517c380b2
1476 a7cf42eda4f5527f
1477 89ccc1c920ba0d64
1478 33247c4e7651fa03
1479 9807d86811def256
1480 6f904a65e602a5f1
1481 6b46e908560ca469
1482 5cea9fe7580a0702
1483 5762a3a2a55c163e
1484 0a22637b210479f9
1485 f0324c3c38acaf85
1486 07eadcd8eb72d09f
1487 d6b8e532df7b26e0
1488 ef6f3dc75541c959
1489 04b63ee0b0ebd125
1490 f8907627e222ecb5
1491 51321ae76bef7291
1492 dae2717baba5ebd7
1493 7e0fec710799b2bd
1494 6a6605be002c8c4c
1495 1256ee6ee40fc79b
1496 089f0dc93babf9d4
1497 b543d4cd40064d73
1498 bb8789656b4f894d
1499 6bfe7bdef7dd9d1b
1500 ef9ce11279897340
1501 e697c78f94cf06c8
1502 aa86136572c13f97
1503 a6e90fca74bca800
1504 47cebe55078c7631
1505 b1e7bcbaabd8a5a2
1506 5ec70ba8cf354d8b
1507 5fa962c31f648360
1508 0e40f13ed12a62fb
1509 9eeae26fef9d2bf7
1510 52cbde28c7ce8046
1511 8e7db1b03ed5b752
1512 485a4969f3bbb504
1513 cef82e4ab0a0447b
1514 77021870e3cba4d8
1515 596ca6b0c3b37dbc
1516 f8028bafd1a46b25
1517 3bc498408b341fea
1518 4a4f65553f145ad7
1519 99123b7083e3131d
1520 34a0bee64d5c95ff
1521 f9752fff14ae253d
1522 ac3239f94e939d74
1523 cae430c2124ca85f
1524 e15c24a317973b3e
1525 195a34bf15afac7f
1526 92f70ec9cc1ad073
1527 f63d7cff9f123fd9
1528 f1e3cd8d5bac7137
1529 bfe9a28cf61c22af
1530 6718d40fa53effe1
1531 14d8bcb9ffcb4883
1532 349188c4952ce3e3
1533 e6decb6efcd64a54
1534 4bdc8020c7972cb2
1535 eed86388657a0b46
1536 f34553b87369889f
1537 142e638538395c2a
1538 138a51a1d9f3f16a
1539 c6e419f10d37a950
1540 4c7352c33ea0ae99
1541 af011861a7befdf6
1542 1c288f290f6d4b2b
1543 4de71e69e40ba41a
1544 d00a27cb018ac085
1545 3ffab4fd2d715d4a
1546 d29ea9628b7f3beb
1547 1efa29661d846af2
1548 49b887df85c52329
1549 d1f20886235abcb4
1550 d9d22c7cbc5e9ff3
1551 951a2b073902abfe
1552 8104bb913f3d7543
1553 240469f4f115dd78
1554 daf15d02eb0baabd
1555 17560d029fb6fa5f
1556 4dcde9a2fb9a4488
1557 971adf864699f4d1
1558 39af51193ad54e2f
1559 4a95b7864f731778
1560 81dd6d783ea8a02d
1561 738208bf96d53b78
1562 3ba711d0e8040e86
1563 6c1bd7a21773fd88
1564 23f416d899ea2a55
1565 a622bbbb98f86ebe
1566 1843a961d6091643
1567 e41b9f5ed9567aee
1568 e3c7546a2da8b0fc
1569 f606746192418377
1570 c7bbd77244b9ea02
1571 79e972d3f37cf78d
1572 ab51430ede872e84
1573 da37175588a4317d
1574 96ad5e5b4ff7958f
1575 6b35cbacbc3ba038
1576 16b7a714e6d1030d
1577 d8d50692d6fc5c8a
1578 eae55dcf3be9ebbb
1579 96e27b16c9d38e4e
1580 23e3be010cbc5dde
1581 7208d6ea61afbb40
1582 60e936a894ec5976
1583 d2febec98d7ef99a
1584 8def33d66e8c232c
1585 54a69580940dcf0a
1586 bf6aae530dc2ef37
1587 07b80a528df6572a
1588 713bc5162413db13
1589 3a0226e117d0ca34
1590 25533e1dbb425118
1591 183d1a6d5e0f2d4d
1592 8b5b951d53498dca
1593 9c9e818bb973bb58
1594 a75624361dae58a4
1595 e01962c8953c641c
1596 ae9e41b39f3893a3
1597 88dc564418cd9f47
1598 0a1a82da34929b98
1599 9e178e4a783a3d3a
1600 70abcbed800cbbda
1601 292a8f8ad3467d94
1602 4ce36e04c1edfb89
1603 03c06701b23f1ca0
1604 5f1189f8f2581676
1605 f5e43867ace1d319
1606 6b9d44216fe1cab8
1607 7ad6ea30931482e7
1608 00b72ab3ee3fcd8a
1609 a11282be6c71f54f
1610 776b9150b07c914b
1611 427fdd81816e32b3
1612 f380ae0d67e0ae76
1613 9ec7b03ec0a1d7d5
1614 d13ccf4ab6157c28
1615 72c172a3c22f28ee
1616 d260218e2cd34d1f
1617 f59b6e46b4cb7a8b
1618 306c0de61afafcce
1619 075818b24181f521
1620 51d2f32eb969c49c
1621 80f0aa465682d889
1622 36ca9011cb906632
1623 60f23e104ee2fb62
1624 ae0b3af78b199faf
1625 2d47a948c45b69ec
1626 fa3139c0ded96041
1627 12d9ed48ca0383cb
1628 7b1e0fc92ce7b20c
1629 b76c2ef4351f0234
1630 01b36696ec71e0c8
1631 731e01c5a202125f
1632 e34e1f4e2d784357
1633 b93f80277838360f
1634 0122b761a7dc46a4
1635 a6eb4238cad4063a
1636 3539438d6dab0e60
1637 dbeba90a14db1493
1638 585c252ef726af22
1639 202efc9555c29183
1640 26eee549e319689b
1641 11c857313714ceb0
1642 c3581a003fc972b1
1643 03b05fda9a4f3172
1644 2515fb1bfce9c703
1645 0d32a0cf4b7b6e99
1646 0232b6717eca1082
1647 786ea6180695e911
1648 347610e742842e80
1649 c7b1f42322edac87
1650 537632ab2456a726
1651 bd7e13298b8f1ffb
1652 a08b292dcbaddc13
1653 1f4517b412129ff9
1654 c5a9caeb758b90e5
1655 ba31b6846c9c7768
1656 0a0ab021f333f489
1657 4ba7a418411aeb2a
1658 7e2a16c29e9854be
1659 d6c6cefcf0892306
1660 a3b56cf2e1a689ce
1661 e9c11932769debf1
1662 3f3129df2767f755
1663 e924d3715d13f113
1664 fd5284ceac5b3483
1665 5449503c48fb31d1
1666 f6702f3ea2f329d8
1667 89ed954066ce6d82
1668 98b26638ade72d9f
1669 9fd4f610170f518a
1670 926e8d4b79bbac03
1671 9ad8eaaf8d642890
1672 9182d7ce617af535
1673 b6e4916ff66e70ce
1674 a884b4806c51b663
1675 0a55a1109a5b9339
1676 3c813fd35ecd489a
1677 76e2a33eee928f69
1678 a2ce34259bf7229c
1679 8177f048216c21bb
1680 9e38fd8b17bfdc66
1681 89a6c4ef0db9eb04
1682 7e061d9f643e0a61
1683 0087645b82bd1710
1684 47312488079656dd
1685 88cb367e05706f66
1686 146f26804cc4644b
1687 09c8c003af711456
1688 a37949c80d54a298
1689 94f416db5473fcc1
1690 00327c0ec4fb9d2e
1691 f842ecdc8144f55b
1692 0a8ad40dc14711ea
1693 64af14e05eb88d5e
1694 9b96bb8feeaedd8a
1695 8709f1dcdfaedc32
1696 f5e24188410d4dc8
1697 54b64e77ac78e618
1698 60414c9397603616
1699 088730da5ffe507a
1700 1430e26b77f5e4e6
1701 55357d92aaf3955f
1702 0acf29267ac1ba0b
1703 36cf95fc0771334f
1704 0626d418272a43b6
1705 0c2834f650905341
1706 1bca635b9b300241
1707 59476dfe3a336042
1708 c4e08bba2e3d3506
1709 eb6c9b03fd510f77
1710 c847a2ab7d8fa626
1711 ab3144599a4918c5
1712 985ecd8814e7570e
1713 1bd1c4e3ad0769d1
1714 235dd8ccdff37d64
1715 c15c4fb4387a4079
1716 b3b799613c3319a9
1717 e4bc1e6c3a81eeaa
1718 0b4492486b7b8de9
1719 61b348e5929f1552
1720 189da2adaef0dfb7
1721 2e23ea8a0405173e
1722 2ba1bb32357ae46d
1723 60793fd87897497b
1724 e86a5f2aac50377f
1725 4b9f661afa952e40
1726 c1f48669484a6f2e
1727 b53bdbd44d941cc2
1728 bb997b44a4843a57
1729 3f1e83b21e0e71ac
1730 8fb93553e412686c
1731 5dc3422f2eb8b295
1732 3b9289c67f94cb3c
1733 ce422f4aac149291
1734 8cad4068a16f6796
1735 5212dded1ab7fb33
1736 b0bab76efe003a42
1737 3827064f83f9dab3
1738 325d8e2109bf0f29
1739 f587efe72a10fb58
1740 7b7b7c1f2a388cbf
1741 da7e19c8b54d2a1d
1742 cbd5ac24fad416ab
1743 74206bca937cda24
1744 52b820f3d2985fed
1745 06287e7ef4c3bb47
1746 75d385e3e19b82d2
1747 ea395de8e31b2609
1748 5898f84b52eba63a
1749 0e5e5736ed31c1b3
1750 0a5357f00ddb3ce2
1751 29e13e487d2b8b33
1752 47718e11dd6f2d8b
1753 7a03198dbab746b5
1754 80dbcc1c929be4cd
1755 8512e5064900649a
1756 fbb4ce5fc9f3668d
1757 4b014122f94da10c
1758 95aa7f685bb90595
1759 a083d8f88b55810e
1760 0eea4f8b67a68c99
1761 411f454bbd900d1c
1762 3180eee8c2c57221
1763 a3f6a999b3cf2b4d
1764 72ba0236493a6fe3
1765 49cd5c12b55c1d2b
1766 f50c0ba03d15820b
1767 59f0a69260b4d708
1768 4d64b8e962c4e1c3
1769 1311b6f1a213fdea
1770 f3b1b7f942e1d5ca
1771 370df88c62730c79
1772 120c53bcd545194b
1773 2a2bf876f12961da
1774 b6f75c36ea285cff
1775 09e264e67306f2f1
1776 f73bb663c610d2f3
1777 f23dd8a205ac0d18
1778 d4a2b6d933ed10eb
1779 6d8b375930ab5d52
1780 f3b4c93f4a49164e
1781 1c6fb2ff58b9256a
1782 549273b071dfc259
1783 0975fad39312dbce
1784 e19b29e876a5f34e
1785 aee69fbd147f329a
1786 af4bc4f24572a38f
1787 414eb53e502d87f5
1788 4ab41f67785f177a
1789 314583c3b91bfc11
1790 66b749e05132f3f2
1791 bf9040b7bffba2d9
1792 618e4893c5bf9630
1793 892ce7352ec65d5a
1794 6d9304380db2978c
1795 51b2a27a1273405e
1796 6f363fb8d23c5b25
1797 4dcb19859953c90e
1798 bfc83aaa8ccc805f
1799 928742d28e692cf6
1800 7620847cdae5dadb
1801 4c254b0bbaa1aa5e
1802 b592bc97fc1bfc14
1803 0f247590bf145510
1804 9d5cbd5b917417c0
1805 a2a79fe6b3473f85
1806 096cd74086966d98
1807 aa198dfac2a91f4b
1808 f7b298c6624fbda4
1809 2e003de4b7fd26bf
1810 26e5b5f43dfec95d
1811 47881a45b863005f
1812 cad72d8fb474cf16
1813 bf8710e96ed4154b
1814 da3532d38d91389e
1815 fb03034bf45b5493
1816 d5da668a519dbda2
1817 f1d1d865aafbc9e1
1818 80ede4525b06d928
1819 e26aa83d7f098a5b
1820 8eb712da80ca9ca4
1821 1b44f0f434eb2b57
1822 ecd1b1d8aec7e0ba
1823 cf457c5af7782120
1824 9cb312082fe9413f
1825 754361fa70f875a0
1826 efd466adb1224b47
1827 a7570e651de5ae0a
1828 9d6e90e30e42fcfe
1829 9a51a83b2e248fcf
1830 580ba039851d16e7
1831 1a08e1945c7c72c4
1832 ed4179ace1362f7f
1833 edd99503d7bf80b8
1834 ed985d905193654d
1835 382085883b5ddb90
1836 c4061c438c4ea7b7
1837 0b8299514753ee04
1838 7e18580f5191c1af
1839 bd120ee3954687dc
1840 696241d8936305ee
1841 9c64c0b2cf2111f0
1842 67aeb9b812fda115
1843 098ed65647ba85bc
1844 29625f84900307c7
1845 0a60922c449e5bae
1846 e88c35aa329162bb
1847 6fb2299926e5acea
1848 ad9c349ebd76117f
1849 29e81e1c9d6699b9
1850 961b83d1b46b542f
1851 d0401de28a294e14
1852 fb41d53555ad83d2
1853 0cab42abd8e6c3a0
1854 b454a7869bef2bf3
1855 234aea3fa6f54884
1856 e514e4c192791117
1857 87c428cef72018e2
1858 70a1e09d4cad9b45
1859 86f281ea3a748824
1860 42ea14704ab52ab0
1861 32576434ff19cfab
1862 c4079bf7b6c4ee15
1863 5851313d4a65386a
1864 e42001df9d9f194b
1865 5b56e2e6df6f373d
1866 9de66f9fef59632f
1867 91d744a232d8be64
1868 16179f5a253a6cfa
1869 0f69d9bcf92ea60b
1870 7a8ccd5bbf6ef589
1871 a34ae511a721b063
1872 4526fb7d2689f1e8
1873 ab4941dc34dfe908
1874 37b22b0caf2652f3
1875 b2c860b02164b941
1876 4d8a5922e614e210
1877 e27740524a3a5aff
1878 8427363676e0e1da
1879 0201ecccf95e2611
1880 772d3aa196c9e6ea
1881 946af49f4708731f
1882 736fb7d41996abf2
1883 e542714e887d82d9
1884 1d452535fe7379ec
1885 058fd12fd61c0c3b
1886 14a956b356f77398
1887 b378762ae09b93b5
1888 dafd03705a4e0608
1889 9a8f07645315bc8f
1890 2ab41ec060cb60ca
1891 c1982e2ae8330c59
1892 52336c21d0570bd6
1893 0b72a496c561d3bf
1894 336f8702e58d1a8b
1895 a1b1ba4681cc14f1
1896 23fea7270324160c
1897 64f5f2a5b7ac481e
1898 0bdafbc5a6787ac7
1899 f8b4751d96be94dc
1900 73d9b4b9c0d8b154
1901 014182674ae13bf3
1902 20ed52db2678504f
1903 3a9b0271d97e19f8
1904 a9e68bfe5d167837
1905 2518be5c5565ba01
1906 fbfa19df4bef8a14
1907 7747741e344b305b
1908 74d4f425f0b4d392
1909 2a89e6054de32949
1910 a446843140917bde
1911 c2ee22255e34f9ff
1912 46984932e75faa37
1913 8d5c03d79ab7e414
1914 b7eca56f8f675a35
1915 bd8d17061ef4919a
1916 c4e34b8bc2a5447d
1917 8f66208ecc11245b
1918 e392b2b4797ff0db
1919 22c2a0d64ef44a9c
1920 8d9a78cd6e46810d
1921 df089a10ec5d0826
1922 bc7f05d2b6d2554d
1923 6e151b4880d8d5aa
1924 149641dc904d9a3b
1925 4c7f3f945b570288
1926 e3082db90284ed21
1927 efc698b3666d96e4
1928 05cbbb3db87c76e1
1929 f1895901fd00ce64
1930 cae092c80c91ac36
1931 7319b5c6612948b9
1932 69e213bcf0cf5f59
1933 e7c8b5f16afcd3be
1934 26bf9baa69b073b0
1935 a598dcefa42359a2
1936 0bc9097c343ee995
1937 5f48078f7847267a
1938 128484d412a06740
1939 d4ee079dcdf2f7a4
1940 eff437e574073b5f
1941 ecd66a57f9f85fb2
1942 0679a418a5559889
1943 3c13a27426fb5dba
1944 6e0635399fcaebcf
1945 4787b8b126ac07e0
1946 41fa2f0788615b9b
1947 3712985dfa3ec467
1948 156bf4853ebddffd
1949 5deae9ffc747e452
1950 6c22bb603ccf2707
1951 7414538d42a345d4
1952 5a57a8cb75ef8d9c
1953 d6d0c153e42bf11f
1954 166c2163bfbdd18e
1955 86fe8f7812feb6e5
1956 758c67ad5adb6938
1957 e27b908e22d1a40b
1958 53f1b803e71f78ec
1959 373d0e54cf90de9e
1960 3fc7b5808728050d
1961 dad355b8c235748a
1962 aa3377ce5fa16094
1963 24abf7e7031c9feb
1964 34af29aa317114c9
1965 0041ea1304820e43
1966 0aa89daa4a1c4f61
1967 0d111fbd46b1d92b
1968 a59391ad3d741a1d
1969 611619d6c52493c3
1970 f6a20aaee2ed3d83
1971 7683cad8c3cc8439
1972 521f9abce0fd7723
1973 d5c5ea5d52cfb04a
1974 93a1570e43e8fac2
1975 c521bba8535cec1a
1976 a09f4b3efd5ba2dc
1977 108d7f62e77bad78
1978 dc0f71926355c976
1979 fbb7a9367a1ab64c
1980 a718e56a970b058e
1981 9b0e07bc6024a91d
1982 3172c0dad3b8300b
1983 06f6176eaef526b5
1984 625ba0d8c39846ed
1985 19021d2756d2aca1
1986 41d43562a361d97c
1987 ece677f6a2eb90ba
1988 b75e772d200d77f2
1989 ab2a8c58df7603dc
1990 059bd28b41f6d346
1991 87fd308f87c86092
1992 d45f28a9b87591d5
1993 3ece4d86afba30aa
1994 0377e48696c4d687
1995 298a858a2c2b294e
1996 2ddbf2f36494eb1a
1997 33e192ffbb481ca1
1998 04e23efe97cca0eb
1999 78f12d06619cad6d
2000 5ed1b091054eb779
2001 a04ff9ce2f74c449
2002 d275cd28160493c4
2003 697f15802a5bd7c7
2004 fc6b69786dd0b0eb
2005 79e41bfe363b8763
2006 4f4b3dedd4f688db
2007 c2df036b33cb4adf
2008 7777148ff54df2bc
2009 f56de154b6124587
2010 aa2d21141d703d56
2011 3bea17f3974eb3fd
2012 96a42d353586b4b7
2013 a0001d83c92f3c31
2014 7372d11f094b31c4
2015 acbca60dfc5ec378
2016 a40d8ea9e7375b88
2017 cc1efe53713ea24f
2018 8d799f206e530302
2019 fc23324fb82efa55
2020 f40ec5826556a820
2021 68de9b1c517b62ca
2022 c40e9f796ed33404
2023 c547fa0443578d1b
2024 82a4d0030cccccf8
2025 ec68dcdcea401154
2026 93eae9f1029b11cc
2027 68fc8a982cd5d32b
2028 c20fcfde615584de
2029 1e6c7a428a4ba8d5
2030 66b3b74be04d343e
2031 123a3f4d8486b2db
2032 591a501f19369188
2033 899de271863d214b
2034 b79e9c6bc376441f
2035 9a759b38a8f3f421
2036 012f58ea377d1ff6
2037 96968840b62152bf
2038 7b0ccffb8b7f403a
2039 fc4f02ee92cdeb6e
2040 7792cb471e2aef99
2041 a490cc810438a990
2042 79f760237fa266a6
2043 64918c37095accbf
2044 9b101dd2f9c7e94a
2045 bde88c098ebfdd68
2046 8b7b85a28911c378
2047 981e71256346c302
2048 63945877b7698541
2049 67edd4b13d3e024d
2050 b58713704bb247ea
2051 405d01ddbd9cea91
2052 cde9a61cdeef87b4
2053 ce0a1a645f7f66a3
2054 93a0aa70daa7ec94
2055 77e09494802a5f1a
2056 87c8ad467186c8a2
2057 55830b2ff64a16f3
2058 c237d8c9cc70eaf3
2059 03c0d7a31902c25b
2060 0fab1789056ffd19
2061 096faad5ad6e322c
2062 4dae92dcda7edd68
2063 2091ec049b5b1233
2064 a3995be422b91274
2065 7dc252805ce11fb9
2066 feca330859002f22
2067 8e9b5fb57bf1bc3c
2068 e5b144535fb6f791
2069 31495c49dd55d18e
2070 6bba701913815f61
2071 5c58315161e42d8b
2072 ca5209443b12062a
2073 c406439239fbda52
2074 b9783e14be89c4a8
2075 d84f68cf90bb30a8
2076 5b08474b2411c630
2077 2ba49af83cfffa62
2078 b453edac76412516
2079 4f8ac2bf6347d72d
2080 e4f26522a52669e3
2081 cc0999e6361ae719
2082 3f3df58599889d9f
2083 fad9ae6feae13181
2084 2682008a60935bce
2085 49ab30e770858e3a
2086 802d6842775da4aa
2087 0c0bf0d1caad3a7b
2088 84122d688690c233
2089 896d427b761da2df
2090 e90d533312313e2f
2091 f23f2443c1f5b8a9
2092 6519f6c0e74665f7
2093 3e2437a653ac966d
2094 64420d45d42fc290
2095 8490529055f0a300
2096 2a1de66dc8cdaecd
2097 0bc9d067aa27ddbf
2098 1acc9592acb817f6
2099 f1f4662a4e5dc0e3
2100 30ac1f5ddf1c7710
2101 25cc3d3a17fa2cc7
2102 f49b7d422f3c9168
2103 ac29226dcdc6dd98
2104 62097ad337b48c56
2105 ceef361f3d2bea3a
2106 7c6f021597411e34
2107 a76dca055aad3c16
2108 8af0d12a1e18c1d8
2109 2e3b04cec8686b6a
2110 b334647c06370abe
2111 f82781448d28b68a
2112 cda03c5519868e1d
2113 5f7848128c290792
2114 fb8cea4b7d4db8d3
2115 add270429c860cd3
2116 37708a95124311f2
2117 8eb52778e7fc9de6
2118 0b91f2d74472e187
2119 66ca3de55cff6cb6
2120 fd7b818145918fa7
2121 a492a1673a3a679e
2122 45b39d6e5bdb40f3
2123 d72d98f031c1614b
2124 7a80f2ae29b5aede
2125 be05cb4a1cdaf590
2126 26d2216dbcaf02eb
2127 80fbb9546db198ff
2128 80b876762bcfb322
2129 d80cc48b2e1cb814
2130 7ad5f049bb2ba41b
2131 0b56dfca88445d26
2132 ce267a358d93853d
2133 3d8a2edbeb87cec0
2134 43395285191bb737
2135 96b571dec20eca12
2136 761a1a531a3f61f9
2137 d35415cd64c08e6c
2138 2b580a7987cefd13
2139 aa33ba36f6041a7e
2140 e7c962d7eba7bb7d
2141 79bac677be86ae60
2142 6d15e6384ec6c7bc
2143 3f92e8fbaacf13e2
2144 d65d33d0c83e6caa
2145 a837bb447e412544
2146 f2a618343aed5e9b
2147 c5eaf84d62fad8f6
2148 9e109032e8cdc28e
2149 dd6d7d217f501218
2150 e7f4aa3d487b000f
2151 65b7182a9043653a
2152 37a6856230e72389
2153 92553e2e1e63d7e7
2154 5c75b7270b0058c3
2155 0bc40df34187dbce
2156 f28c8382d67248ed
2157 4abc63413b1fe1f0
2158 2842a9def7e4ea37
2159 5a0d45ca01249812
2160 7dc337e2723e6191
2161 cee76b66264f357f
2162 0b6edd65950f18cb
2163 7acaf5062e84af06
2164 85de572e04b53b95
2165 d926173962097da8
2166 1dd0c405eeaec9e4
2167 4eb00244538791ea
2168 2cf901712458c779
2169 1e15574d760d008c
2170 a23f41cc41106ff3
2171 ad9aeae42f5cb915
2172 d52e000fff6089dd
2173 e630f0bd185f2f00
2174 57e7edc7728ba4a7
2175 d245e94657b09182
2176 412742f72cf509ca
2177 a9ae3aa186a9b1e4
2178 b8a057cafe5f997b
2179 c589709e74934d96
2180 710244643b0602c5
2181 25aa973c99e98f63
2182 9dfac7f1145d766f
2183 09577f410cd89f5a
2184 5c3a2ce4799d4d69
2185 ce2816d641db71bc
2186 182a4b1593c31f58
2187 56584400e9999e6e
2188 7a5c624e7e9bb5cd
2189 002b6b3e8b340890
2190 3bd8768f7efc1197
2191 3f0a95a340f1f459
2192 8774f76c08bd6471
2193 e22a43eb20580254
2194 14206dbadf4eb0ab
2195 e4ca8c504486bd26
2196 8d022df76d7c7575
2197 695563803b26d148
2198 b4c01ffc11e5501f
2199 cefbfd7460a223d1
2200 d5a6b38a992b02d9
2201 49db8551af4d32ac
2202 483d85e5ef9c51d3
2203 71d803698d77d83e
2204 d61eac29553984b6
2205 09f694b12ff52aa0
2206 f532d2b1fa10b087
2207 4e3a84b694f5a2a2
2208 4899904ab8a89361
2209 0a5fea533c32692f
2210 2b2092d35eb1f35b
2211 f93e178433aa9c36
2212 a47413bcc1c43c25
2213 c7dd6db25c301e58
2214 23b31a710670d2d4
2215 1621b8fc3d43fafa
2216 e376c17188d55d49
2217 c9f5c03df9f2b25c
2218 6f5d1cfd41961883
2219 9d954d60573202c5
2220 d528fce7400f06ad
2221 a5644e90ca06d130
2222 0f5301d70a5e99f7
2223 192d076b4595fd52
2224 ff072e0bed04f83a
2225 597b3932c4aef874
2226 fedc433f3a188a8b
2227 e7e1356b565f3246
2228 67da161540f8e455
2229 ede42e0c888db3e8
2230 1332932dbdc34fff
2231 7ecb58dd5bc3fdaa
2232 1a25172b020f3092
2233 cc0d9f6a228ac6cc
2234 da587bd39a4334b3
2235 c32fb355cc567ade
2236 7d33bfcf7a48829d
2237 2a805d9e54a582ab
2238 68f307736f05b667
2239 ed63b2332e949842
2240 975e8649396d6141
2241 54964727f6f0d5a4
2242 abe156c8530f79a0
2243 310c85f5566e82d6
2244 9a4f819a18c77e85
2245 1ad9fafbffbd5df8
2246 17bc34831cb7502f
2247 7f3fd516c5e9dac1
2248 cef602b7c0d3fd29
2249 b37fa86c35ba727c
2250 3b79704046824ae3
2251 3b73f033a997752e
2252 63c607d0821208a6
2253 ba4f276e88f261d0
2254 a9f52d3265ccd857
2255 96b0b1c66ab43172
2256 73bce75099ca1331
2257 c703492119cade5f
2258 b97be9742e8e046b
2259 2d88a946628ad466
2260 3b4ebc7745abfc35
2261 c6aba34ef38a8c88
2262 36e390a46227f5df
2263 10060f09c1d482ca
2264 8a0d13690135c799
2265 5da64840285c7397
2266 df03ec894103bfe8
2267 183a92a4e3946bf5
2268 bbc858c69816a68f
2269 64dea2aaaae59d82
2270 680d938c9942f93d
2271 f3f9c7860f2b2c98
2272 78f66d668bad80f3
2273 fd1e31099048e0cd
2274 cda1057dea99927a
2275 fb0bdb52ad19a777
2276 8d3f0afbc6990bcc
2277 807f5bc4a868963a
2278 c03f80564bc35c8d
2279 26f5c0814e737eb8
2280 b49a59d84330a7a3
2281 b1627e9f413033a6
2282 628b06725ad83218
2283 40886349e413647e
2284 461e5fb91d236578
2285 3982c3f57956626c
2286 b295e31c03c91b48
2287 2ffedb0d2f240d98
2288 922a9ca9eb54d9ae
2289 7214c0cdf8b20eba
2290 5585f7110d383029
2291 ab830dc1a23a845a
2292 2d4721d916cbdea9
2293 a3aa258a01c0e486
2294 bb6f7b97edae2524
2295 6ab8433e336577ef
2296 659e00190019a914
2297 a8b74e29373acf35
2298 0e455912ad0b107b
2299 1f253c07f3bd64f4
2300 39b4f614ba183f93
2301 617150196ba0b975
2302 144321efeb99e916
2303 c1cb8c093757ae87
2304 3ba94fb48ef85aa5
2305 2b83e19bf8fba97f
2306 1495220972aa62bd
2307 228dae7ca2a2440b
2308 196c8806a536856d
2309 22e945766c340d1d
2310 b8f0d6dc0e65d42f
2311 5e561d327e03a5b1
2312 5c26b28e1c1dd7ee
2313 7faf28db45d9d0c5
2314 1c38af10e03b07d9
2315 96b0b0d3d2244d60
2316 baa5beed7ded428d
2317 9fcb1be228371202
2318 a0c2709561bb4a6c
2319 0f484e87daa36b11
2320 f57b526b6bf69ca8
2321 c5edf01d5294aa6e
2322 6d9b202ab2eb8fcf
2323 62bbd78345acfcf4
2324 7b8b432d04d15aae
2325 8a61ad7c0a9f237f
2326 1ad2c26bbcddbeac
2327 4c4420d0a297c815
2328 d82830b5a203a5a2
2329 6f4b616b158064e3
2330 c275b3ef3552c47f
2331 beb749e5ec60313e
2332 4bc9f6e0441d9391
2333 994f2d0eb88a9491
2334 6c4c5f0f55c5ed14
2335 53f299e08725f04d
2336 709ebe68b2ee81dc
2337 020a26db313e5769
2338 f7e4fa0e3164d9eb
2339 6699957299d2bc5a
2340 229e7f96e3aa4713
2341 d8785b42c0448143
2342 59a2252de790e5cb
2343 a48cb92baab5e932
2344 7fbd789af61e82a4
2345 a475a64f546235c5
2346 c9cdbb8a3970bc30
2347 b76d7e0c6eab1e9f
2348 4d783b7b9d85276d
2349 7341ac10847591a6
2350 0b3c9f373335bdd4
2351 5874452171e67b81
2352 a7866d6dd48f625e
2353 842d98410a6cc083
2354 d7f7725fc6f397cc
2355 23a9e6fe8df269d6
2356 d417588267085f9d
2357 fce9b98d424e5d2c
2358 e2f6eba286c632cb
2359 742c5279ac40dcca
2360 bb415133511286ee
2361 d40f6ffed61768bb
2362 cba0ac8d0cf3d46a
2363 13bd0444501f2ab7
2364 60004544c27dc355
2365 9b81bca1119e5c55
2366 efd1d24a1836e8f1
2367 4f4b32ebfb4c9215
2368 11903c3309f7e6cc
2369 cad5ed8448f230c7
2370 43963b65da377a35
2371 62cedcad301a18c1
2372 2c65aa5a6f2289b4
2373 f63bb7fd8530fc04
2374 d99e0bae17b2aac1
2375 294549de1848ed98
2376 dad06989d4cd9961
2377 dd7398718a54c539
2378 996d5841f20d0643
2379 c7656ab54bba6657
2380 3442afba0decdad8
2381 8b85a7ef83ef32ae
2382 650d0541fa05c19e
2383 514ceea43e17659c
2384 c300cb8fedec735f
2385 7ccbf694917235d6
2386 4b99aba1ba4be218
2387 f65de09b5028e997
2388 993eb531b30bf32d
2389 34532e8482a3b83b
2390 e1639d1b7c91a9e5
2391 c8186a9c801ac1c1
2392 48d3021d92ab0c71
2393 1e82f2fd94c5a9f0
2394 79ac028bee5eff68
2395 725df40ce5bbd8cc
2396 7c81b700ca317949
2397 c7d50e2ce0175e0c
2398 48665b6638958f68
2399 48edac3d25a8412f
2400 f1039b1bfb0473b0
2401 5279a2636b523ed9
2402 784b3bed5759614d
2403 16a4a3c11c72b0d0
2404 99d6f1360707d3bb
2405 a57b7c04e6071440
2406 b962cb021a0583b4
2407 958e5ed656863174
2408 9d84dbf979b6cffd
2409 f70856cd6b7633a2
2410 e09e5930f9ccfd0e
2411 eb3d42eb26f33a43
2412 3395e2bfa3447fb9
2413 18ffe727cff7e2d8
2414 92160f2e82c1a6e1
2415 368c69e82abaf3b8
2416 57a0f4949e9a5903
2417 84ff1d5cfeed7025
2418 cd18f5962d66dc1c
2419 6c3e652cc940d7bc
2420 ba9fdf236ffd3411
2421 716c46aebd303ccb
2422 476615179c14534c
2423 ec0a737037060e6f
2424 e902a4a0ec354a44
2425 cf9bae8870bb07bf
2426 a687b5c5d8645bf9
2427 94bd95553e753c60
2428 d1f41c552d6b2d3d
2429 6405b4f20c740a80
2430 1bc4577e33388838
2431 553f6269da556f96
2432 3ad224aa0acdf611
2433 52b6fb8e04ec76c9
2434 b73e352d4ea3c316
2435 ee1e01f1fbcd2429
2436 4446c3d7a3887cce
2437 6811a58bef5488cd
2438 9a5cb6b99a67c7e1
2439 a2486d0d0d20ab37
2440 829b9208d21bb3db
2441 daf9a48cceb24a79
2442 c6089101169c7eff
2443 a7bab7fbb48c1241
2444 163be5be09cfd0eb
2445 803f85cf6caa76fe
2446 e133da407726c82d
2447 a42112c5ae1b5f22
2448 f2aed78d5437127a
2449 4f63b9abab30349c
2450 ae823439f052e4ee
2451 a8ad465a7b1336e2
2452 845b82d03e771d00
2453 40252441691332e8
2454 985897b08672b381
2455 95a0f28918113a83
2456 d12aeca79c5cd354
2457 5c4b875517bc72d3
2458 71d87eb2b94aed2f
2459 773b6bf96453196b
2460 0f6befe9888236ca
PROBE 2460 D0=f111f111 D1=ff4c0000 A0=0039a812 A6=00fff000 RET 00ff02dc
2461 d82a4798765cbfca
PROBE 2461 D0=f111f111 D1=00a40002 A0=003a8b32 A6=00fff000 RET 00ff02dc
2462 37842c50b7a56bca
2463 b6029ff017912ca2
PROBE 2463 D0=f111f111 D1=ff4c0002 A0=003a9d92 A6=00fff000 RET 00ff02dc
2464 bb6bc25336d123a2
PROBE 2464 D0=f111f111 D1=00a40004 A0=003a8b52 A6=00fff000 RET 00ff02dc
2465 cb691d75e29e7314
2466 a18adead0994b064
PROBE 2466 D0=f111f111 D1=ff4c0004 A0=003a9db2 A6=00fff000 RET 00ff02dc
2467 f8ce8959f2b6e764
PROBE 2467 D0=f111f111 D1=00a40006 A0=003a8b72 A6=00fff000 RET 00ff02dc
2468 4fcc02a5db2802d4
2469 f79d088da7a62905
PROBE 2469 D0=f111f111 D1=ff4c0006 A0=003a9dd2 A6=00fff000 RET 00ff02dc
2470 b4754fd1cc0486ca
2471 c37b679f06134723
PROBE 2471 D0=f111f111 D1=ff4c0008 A0=003a9df2 A6=00fff000 RET 00ff02dc
2472 0e8095ed60bc3423
PROBE 2472 D0=f111f111 D1=00a4000a A0=003a8bb2 A6=00fff000 RET 00ff02dc
2473 9fbb99c8cf888274
2474 03e983f9c98de74c
PROBE 2474 D0=f111f111 D1=ff4c000a A0=003a9e12 A6=00fff000 RET 00ff02dc
2475 c31a8a2e1c136e4c
PROBE 2475 D0=f111f111 D1=00a4000c A0=003a8bd2 A6=00fff000 RET 00ff02dc
2476 585f7304512fea4c
PROBE 2476 D0=fffff440 D1=00a40000 A0=0039a852 A6=00fff000 RET 00ff02dc
2477 41a02738cd2f048e
2478 c07b19ca83c024da
PROBE 2478 D0=f111f111 D1=ff4c000c A0=003a9e32 A6=00fff000 RET 00ff02dc
2479 2288de3dc36495da
PROBE 2479 D0=f111f111 D1=00a4000e A0=0039a832 A6=00fff000 RET 00ff02dc
2480 96f556bf4c651de6
2481 55f2d57ec6814dc4
PROBE 2481 D0=f111f111 D1=ff4c000e A0=0039a812 A6=00fff000 RET 00ff02dc
2482 c1dc4dc6af259cc4
PROBE 2482 D0=f111f111 D1=00a40000 A0=0039a832 A6=00fff000 RET 00ff02dc
2483 d10fcd76df42628f
2484 754510083a0e1d66
PROBE 2484 D0=f111f111 D1=ff4c0000 A0=0039a812 A6=00fff000 RET 00ff02dc
2485 8226adc17a780666
PROBE 2485 D0=f111f111 D1=00a40002 A0=003a8b32 A6=00fff000 RET 00ff02dc
2486 bfa2b646ce4f2828
2487 d87347de6cd9c31c
PROBE 2487 D0=f111f111 D1=ff4c0002 A0=003a9d92 A6=00fff000 RET 00ff02dc
2488 5388b23d822d481c
PROBE 2488 D0=f111f111 D1=00a40004 A0=003a8b52 A6=00fff000 RET 00ff02dc
2489 5d845002f7273d31
2490 7c25a29f51f2fc69
PROBE 2490 D0=f111f111 D1=ff4c0004 A0=003a9db2 A6=00fff000 RET 00ff02dc
2491 39593b21b854e369
PROBE 2491 D0=f111f111 D1=00a40006 A0=003a8b72 A6=00fff000 RET 00ff02dc
2492 3089e88aceac8b64
2493 4ff206022e890640
PROBE 2493 D0=f111f111 D1=ff4c0006 A0=003a9dd2 A6=00fff000 RET 00ff02dc
2494 a1741c20490d2d55
2495 0af1b268c3d5bf69
PROBE 2495 D0=f111f111 D1=ff4c0008 A0=003a9df2 A6=00fff000 RET 00ff02dc
2496 66a222cebdeb9869
PROBE 2496 D0=f111f111 D1=00a4000a A0=003a8bb2 A6=00fff000 RET 00ff02dc
2497 aa62515c3bf8bd6c
2498 8c3d886b69ed0325
PROBE 2498 D0=f111f111 D1=ff4c000a A0=003a9e12 A6=00fff000 RET 00ff02dc
2499 b4b32a373c00da25
PROBE 2499 D0=f111f111 D1=00a4000c A0=003a8bd2 A6=00fff000 RET 00ff02dc
2500 73b9d70cf7e12625
PROBE 2500 D0=ffecf02c D1=00a40001 A0=003a9d52 A6=00fff000 RET 00ff02dc
2501 a5baf5658a54d9a0
2502 d6ccfb5bde0191bb
PROBE 2502 D0=f111f111 D1=ff4c000c A0=003a9e32 A6=00fff000 RET 00ff02dc
2503 5573819b79ff54bb
PROBE 2503 D0=f111f111 D1=00a4000e A0=0039a832 A6=00fff000 RET 00ff02dc
2504 e0b21df721f6b95f
2505 39dbc38d07d17d45
PROBE 2505 D0=f111f111 D1=ff4c000e A0=0039a812 A6=00fff000 RET 00ff02dc
2506 96a67ca14d429045
PROBE 2506 D0=f111f111 D1=00a40000 A0=0039a832 A6=00fff000 RET 00ff02dc
2507 6563c377f25fc15e
2508 befa881f2147c563
PROBE 2508 D0=f111f111 D1=ff4c0000 A0=0039a812 A6=00fff000 RET 00ff02dc
2509 5c867fc55423fe63
PROBE 2509 D0=f111f111 D1=00a40002 A0=003a8b32 A6=00fff000 RET 00ff02dc
2510 3c34cd07a5ffe299
2511 1469668441c5cf02
PROBE 2511 D0=f111f111 D1=ff4c0002 A0=003a9d92 A6=00fff000 RET 00ff02dc
2512 ae898126da21c802
PROBE 2512 D0=f111f111 D1=00a40004 A0=003a8b52 A6=00fff000 RET 00ff02dc
2513 10d184338e37f6aa
2514 4d6ed0b611635ece
PROBE 2514 D0=f111f111 D1=ff4c0004 A0=003a9db2 A6=00fff000 RET 00ff02dc
2515 07086b4232c2f3ce
PROBE 2515 D0=f111f111 D1=00a40006 A0=003a8b72 A6=00fff000 RET 00ff02dc
2516 5aa36d062ecee07d
2517 8075509aa4d48166
PROBE 2517 D0=f111f111 D1=ff4c0006 A0=003a9dd2 A6=00fff000 RET 00ff02dc
2518 1025d16626c243c1
2519 8f4af05dc422c7f9
PROBE 2519 D0=f111f111 D1=ff4c0008 A0=003a9df2 A6=00fff000 RET 00ff02dc
2520 81c62288d9523cf9
PROBE 2520 D0=f111f111 D1=00a4000a A0=003a8bb2 A6=00fff000 RET 00ff02dc
2521 d5bf804f50334127
2522 edf24a8c7cca281a
PROBE 2522 D0=f111f111 D1=ff4c000a A0=003a9e12 A6=00fff000 RET 00ff02dc
2523 95785202ed767b1a
PROBE 2523 D0=f111f111 D1=00a4000c A0=003a8bd2 A6=00fff000 RET 00ff02dc
2524 2c70addf1e39cf1a
PROBE 2524 D0=ffb6fa11 D1=00a40002 A0=003a9d72 A6=00fff000 RET 00ff02dc
2525 99e5cb7a0ab9910e
2526 b80631eb9a289671
PROBE 2526 D0=f111f111 D1=ff4c000c A0=003a9e32 A6=00fff000 RET 00ff02dc
2527 aa1a2e1643ee9371
PROBE 2527 D0=f111f111 D1=00a4000e A0=0039a832 A6=00fff000 RET 00ff02dc
2528 96668b6fd98af00a
2529 6145817ba1e2b78d
PROBE 2529 D0=f111f111 D1=ff4c000e A0=0039a812 A6=00fff000 RET 00ff02dc
2530 2fe3c310d85ac48d
PROBE 2530 D0=f111f111 D1=00a40000 A0=0039a832 A6=00fff000 RET 00ff02dc
2531 7cf3deff03381697
2532 5f810b211ae03ad5
PROBE 2532 D0=f111f111 D1=ff4c0000 A0=0039a812 A6=00fff000 RET 00ff02dc
2533 75caad5fa4d59dd5
PROBE 2533 D0=f111f111 D1=00a40002 A0=003a8b32 A6=00fff000 RET 00ff02dc
2534 19b491667d78bc18
2535 6c652d1b7f33b585
PROBE 2535 D0=f111f111 D1=ff4c0002 A0=003a9d92 A6=00fff000 RET 00ff02dc
2536 9e5df00c60402085
PROBE 2536 D0=f111f111 D1=00a40004 A0=003a8b52 A6=00fff000 RET 00ff02dc
2537 629e2440b255d0b4
2538 bedba9fde2f438cd
PROBE 2538 D0=f111f111 D1=ff4c0004 A0=003a9db2 A6=00fff000 RET 00ff02dc
2539 7507f2e0154d53cd
PROBE 2539 D0=f111f111 D1=00a40006 A0=003a8b72 A6=00fff000 RET 00ff02dc
2540 73f5d6707246cb88
2541 e3ac35e1f9ef6942
PROBE 2541 D0=f111f111 D1=ff4c0006 A0=003a9dd2 A6=00fff000 RET 00ff02dc
2542 25de0220c746bf13
2543 d6ba0393438695c7
PROBE 2543 D0=f111f111 D1=ff4c0008 A0=003a9df2 A6=00fff000 RET 00ff02dc
2544 1252dd49fe83b0c7
PROBE 2544 D0=f111f111 D1=00a4000a A0=003a8bb2 A6=00fff000 RET 00ff02dc
2545 c97de6213ab274ca
2546 0251d71df78b54de
PROBE 2546 D0=f111f111 D1=ff4c000a A0=003a9e12 A6=00fff000 RET 00ff02dc
2547 a27158d8a42327de
PROBE 2547 D0=f111f111 D1=00a4000c A0=003a8bd2 A6=00fff000 RET 00ff02dc
2548 9cd0afd68df10bde
PROBE 2548 D0=ffecf02c D1=00a40003 A0=003a9d52 A6=00fff000 RET 00ff02dc
2549 51622f2903070d0e
2550 96375a49e433b0dc
PROBE 2550 D0=f111f111 D1=ff4c000c A0=003a9e32 A6=00fff000 RET 00ff02dc
2551 6f5d9c8c9e159fdc
PROBE 2551 D0=f111f111 D1=00a4000e A0=0039a832 A6=00fff000 RET 00ff02dc
2552 305de42359180fc7
2553 bdb2fc58f7d860be
PROBE 2553 D0=f111f111 D1=ff4c000e A0=0039a812 A6=00fff000 RET 00ff02dc
2554 ffa228a90797e3be
PROBE 2554 D0=f111f111 D1=00a40000 A0=0039a832 A6=00fff000 RET 00ff02dc
2555 cf0a83f163420128
2556 9df13a008289e0cd
PROBE 2556 D0=f111f111 D1=ff4c0000 A0=0039a812 A6=00fff000 RET 00ff02dc
2557 58f85bcdbc15fdcd
PROBE 2557 D0=f111f111 D1=00a40002 A0=003a8b32 A6=00fff000 RET 00ff02dc
2558 1530b00b9ab28805
2559 42956b0bb0eba0c5
PROBE 2559 D0=f111f111 D1=ff4c0002 A0=003a9d92 A6=00fff000 RET 00ff02dc
2560 83f5a1749dd26bc5
PROBE 2560 D0=f111f111 D1=00a40004 A0=003a8b52 A6=00fff000 RET 00ff02dc
2561 27618f980b07cb78
2562 4f2eb4205c94df5d
PROBE 2562 D0=f111f111 D1=ff4c0004 A0=003a9db2 A6=00fff000 RET 00ff02dc
2563 3ebb9f59056e825d
PROBE 2563 D0=f111f111 D1=00a40006 A0=003a8b72 A6=00fff000 RET 00ff02dc
2564 0c59572cee97b152
2565 ec3e6efe061c13f5
PROBE 2565 D0=f111f111 D1=ff4c0006 A0=003a9dd2 A6=00fff000 RET 00ff02dc
2566 65274e4797e465cb
2567 2b7c6408a262f005
PROBE 2567 D0=f111f111 D1=ff4c0008 A0=003a9df2 A6=00fff000 RET 00ff02dc
2568 5b13d9c7adfc9d05
PROBE 2568 D0=f111f111 D1=00a4000a A0=003a8bb2 A6=00fff000 RET 00ff02dc
2569 798971f44fb4521d
2570 e2cb1ec3ae393a97
PROBE 2570 D0=f111f111 D1=ff4c000a A0=003a9e12 A6=00fff000 RET 00ff02dc
2571 a6c4b22405ac3797
PROBE 2571 D0=f111f111 D1=00a4000c A0=003a8bd2 A6=00fff000 RET 00ff02dc
2572 d58550c5d73a8397
PROBE 2572 D0=fffff440 D1=00a40000 A0=0039a852 A6=00fff000 RET 00ff02dc
2573 7b09394840ae42c0
2574 212efaa5741d0f98
PROBE 2574 D0=f111f111 D1=ff4c000c A0=003a9e32 A6=00fff000 RET 00ff02dc
2575 ff3376898c2ccc98
PROBE 2575 D0=f111f111 D1=00a4000e A0=0039a832 A6=00fff000 RET 00ff02dc
2576 2c0083ceeb4833e2
2577 8980f4b4b6e4c53d
PROBE 2577 D0=f111f111 D1=ff4c000e A0=0039a812 A6=00fff000 RET 00ff02dc
2578 c346a1f87bf0e03d
PROBE 2578 D0=f111f111 D1=00a40000 A0=0039a832 A6=00fff000 RET 00ff02dc
2579 73fc5ca9ae032f0f
2580 14708d5770951ce0
PROBE 2580 D0=f111f111 D1=ff4c0000 A0=0039a812 A6=00fff000 RET 00ff02dc
2581 e2203c5bc6e891e0
PROBE 2581 D0=f111f111 D1=00a40002 A0=003a8b32 A6=00fff000 RET 00ff02dc
2582 450d0798cc741af9
2583 b84e49967a5986e2
PROBE 2583 D0=f111f111 D1=ff4c0002 A0=003a9d92 A6=00fff000 RET 00ff02dc
2584 e195baab668d69e2
PROBE 2584 D0=f111f111 D1=00a40004 A0=003a8b52 A6=00fff000 RET 00ff02dc
2585 4d4641c915ce8260
2586 1f2b04c3c50fc87b
PROBE 2586 D0=f111f111 D1=ff4c0004 A0=003a9db2 A6=00fff000 RET 00ff02dc
2587 7fd42ab97db3877b
PROBE 2587 D0=f111f111 D1=00a40006 A0=003a8b72 A6=00fff000 RET 00ff02dc
2588 773be500cc8cdc9a
2589 d97477e67706598c
PROBE 2589 D0=f111f111 D1=ff4c0006 A0=003a9dd2 A6=00fff000 RET 00ff02dc
2590 73f90c25391d072e
2591 4ef982622971bc9c
PROBE 2591 D0=f111f111 D1=ff4c0008 A0=003a9df2 A6=00fff000 RET 00ff02dc
2592 8a6be3ec97bc139c
PROBE 2592 D0=f111f111 D1=00a4000a A0=003a8bb2 A6=00fff000 RET 00ff02dc
2593 6b8cfb4d958cf0bc
2594 66bd61aed70d5c8a
PROBE 2594 D0=f111f111 D1=ff4c000a A0=003a9e12 A6=00fff000 RET 00ff02dc
2595 1c55528a34c45d8a
PROBE 2595 D0=f111f111 D1=00a4000c A0=003a8bd2 A6=00fff000 RET 00ff02dc
2596 e96eb8844d14b98a
PROBE 2596 D0=ffecf02c D1=00a40001 A0=003a9d52 A6=00fff000 RET 00ff02dc
2597 1777e0397deb1e7e
2598 a0f9f6ced8edab04
PROBE 2598 D0=f111f111 D1=ff4c000c A0=003a9e32 A6=00fff000 RET 00ff02dc
2599 9e618863c7aa7004
PROBE 2599 D0=f111f111 D1=00a4000e A0=0039a832 A6=00fff000 RET 00ff02dc
2600 b1d7a5d4fa281aad
2601 77bcaa3743022136
PROBE 2601 D0=f111f111 D1=ff4c000e A0=0039a812 A6=00fff000 RET 00ff02dc
2602 9bfccad0595dd836
PROBE 2602 D0=f111f111 D1=00a40000 A0=0039a832 A6=00fff000 RET 00ff02dc
2603 933bb82af3f7bbcd
2604 c8c27574a1b1f1e5
PROBE 2604 D0=f111f111 D1=ff4c0000 A0=0039a812 A6=00fff000 RET 00ff02dc
2605 9ef65c1a03f9fee5
PROBE 2605 D0=f111f111 D1=00a40002 A0=003a8b32 A6=00fff000 RET 00ff02dc
2606 fec21a0422a55761
2607 aaa2fce2d2d8ae57
PROBE 2607 D0=f111f111 D1=ff4c0002 A0=003a9d92 A6=00fff000 RET 00ff02dc
2608 26b85587a1a8bd57
PROBE 2608 D0=f111f111 D1=00a40004 A0=003a8b52 A6=00fff000 RET 00ff02dc
2609 24cf4b1df922e2b3
2610 1b5185ca25c97c2f
PROBE 2610 D0=f111f111 D1=ff4c0004 A0=003a9db2 A6=00fff000 RET 00ff02dc
2611 6eb0e564b99aad2f
PROBE 2611 D0=f111f111 D1=00a40006 A0=003a8b72 A6=00fff000 RET 00ff02dc
2612 918f922cd337db02
2613 9b99cddb6134c5e1
PROBE 2613 D0=f111f111 D1=ff4c0006 A0=003a9dd2 A6=00fff000 RET 00ff02dc
2614 b1dfefb9f37ae61e
2615 7d9e9961ad34ac1d
PROBE 2615 D0=f111f111 D1=ff4c0008 A0=003a9df2 A6=00fff000 RET 00ff02dc
2616 6dc67f045a8ee11d
PROBE 2616 D0=f111f111 D1=00a4000a A0=003a8bb2 A6=00fff000 RET 00ff02dc
2617 be79e596f98739c1
2618 c7e1085fb97f9ca9
PROBE 2618 D0=f111f111 D1=ff4c000a A0=003a9e12 A6=00fff000 RET 00ff02dc
2619 8e2fefcee87807a9
PROBE 2619 D0=f111f111 D1=00a4000c A0=003a8bd2 A6=00fff000 RET 00ff02dc
2620 81e69c56c42deba9
PROBE 2620 D0=ffb6fa11 D1=00a40002 A0=003a9d72 A6=00fff000 RET 00ff02dc
2621 1833610ab3e53460
2622 488584533c38a573
PROBE 2622 D0=f111f111 D1=ff4c000c A0=003a9e32 A6=00fff000 RET 00ff02dc
2623 875f926431e5c873
PROBE 2623 D0=f111f111 D1=00a4000e A0=0039a832 A6=00fff000 RET 00ff02dc
2624 82c3ac3f11c75e6d
2625 e8c0b5c6216b2970
PROBE 2625 D0=f111f111 D1=ff4c000e A0=0039a812 A6=00fff000 RET 00ff02dc
2626 bfaed2db51083c70
PROBE 2626 D0=f111f111 D1=00a40000 A0=0039a832 A6=00fff000 RET 00ff02dc
2627 83dcbe1fbc622b56
2628 aca289b2abb0948f
PROBE 2628 D0=f111f111 D1=ff4c0000 A0=0039a812 A6=00fff000 RET 00ff02dc
2629 2c3eace6a9b76d8f
PROBE 2629 D0=f111f111 D1=00a40002 A0=003a8b32 A6=00fff000 RET 00ff02dc
2630 1bfccbc4e70685a1
2631 3a47357c86feaf02
PROBE 2631 D0=f111f111 D1=ff4c0002 A0=003a9d92 A6=00fff000 RET 00ff02dc
2632 481451a6a68dfe02
PROBE 2632 D0=f111f111 D1=00a40004 A0=003a8b52 A6=00fff000 RET 00ff02dc
2633 4a14f0d1f1e6ee94
2634 392c87cbb043227e
PROBE 2634 D0=f111f111 D1=ff4c0004 A0=003a9db2 A6=00fff000 RET 00ff02dc
2635 eb04349a0a84157e
PROBE 2635 D0=f111f111 D1=00a40006 A0=003a8b72 A6=00fff000 RET 00ff02dc
2636 b33163f4400a48a4
2637 91ac4ccfd5b9c7cb
PROBE 2637 D0=f111f111 D1=ff4c0006 A0=003a9dd2 A6=00fff000 RET 00ff02dc
2638 31535cd9584a5c44
2639 53489f90eb368cbb
PROBE 2639 D0=f111f111 D1=ff4c0008 A0=003a9df2 A6=00fff000 RET 00ff02dc
2640 048da7bef45267bb
PROBE 2640 D0=f111f111 D1=00a4000a A0=003a8bb2 A6=00fff000 RET 00ff02dc
2641 b723215b93d6a46f
2642 b59685104a718f89
PROBE 2642 D0=f111f111 D1=ff4c000a A0=003a9e12 A6=00fff000 RET 00ff02dc
2643 97ac2bb50c2e7689
PROBE 2643 D0=f111f111 D1=00a4000c A0=003a8bd2 A6=00fff000 RET 00ff02dc
2644 267a986fb1605a89
PROBE 2644 D0=ffecf02c D1=00a40003 A0=003a9d52 A6=00fff000 RET 00ff02dc
2645 759ee4c4975ac44c
2646 bdafe8b918969ee5
PROBE 2646 D0=f111f111 D1=ff4c000c A0=003a9e32 A6=00fff000 RET 00ff02dc
2647 4574adcbc14251e5
PROBE 2647 D0=f111f111 D1=00a4000e A0=0039a832 A6=00fff000 RET 00ff02dc
2648 99df6ff6b1586492
2649 d52904a9ae5e8fd0
PROBE 2649 D0=f111f111 D1=ff4c000e A0=0039a812 A6=00fff000 RET 00ff02dc
2650 bd69c50901264ed0
PROBE 2650 D0=f111f111 D1=00a40000 A0=0039a832 A6=00fff000 RET 00ff02dc
2651 4e7c7bf7f1caf1cc
2652 f01f57cf88f400dc
PROBE 2652 D0=f111f111 D1=ff4c0000 A0=0039a812 A6=00fff000 RET 00ff02dc
2653 0a39d8c0fa8cd7dc
PROBE 2653 D0=f111f111 D1=00a40002 A0=003a8b32 A6=00fff000 RET 00ff02dc
2654 2a3a74f87ff75ea4
2655 d97d6310622830d3
PROBE 2655 D0=f111f111 D1=ff4c0002 A0=003a9d92 A6=00fff000 RET 00ff02dc
2656 3f9efb7f6cafabd3
PROBE 2656 D0=f111f111 D1=00a40004 A0=003a8b52 A6=00fff000 RET 00ff02dc
2657 701432e3abad611e
2658 0078a618853a235e
PROBE 2658 D0=f111f111 D1=ff4c0004 A0=003a9db2 A6=00fff000 RET 00ff02dc
2659 546a08434a51d85e
PROBE 2659 D0=f111f111 D1=00a40006 A0=003a8b72 A6=00fff000 RET 00ff02dc
2660 878fa57103caf345
2661 7d0dd08e16970a38
PROBE 2661 D0=f111f111 D1=ff4c0006 A0=003a9dd2 A6=00fff000 RET 00ff02dc
2662 8b4e157bc3f17c88
2663 fa11acf19bbb6a40
PROBE 2663 D0=f111f111 D1=ff4c0008 A0=003a9df2 A6=00fff000 RET 00ff02dc
2664 73f8b07de2c5a740
PROBE 2664 D0=f111f111 D1=00a4000a A0=003a8bb2 A6=00fff000 RET 00ff02dc
2665 8301a73d2f8b18ed
2666 4c86b2d1268e5a4d
PROBE 2666 D0=f111f111 D1=ff4c000a A0=003a9e12 A6=00fff000 RET 00ff02dc
2667 e5b6f143e8e1894d
PROBE 2667 D0=f111f111 D1=00a4000c A0=003a8bd2 A6=00fff000 RET 00ff02dc
2668 ca041881b8a7954d
PROBE 2668 D0=fffff440 D1=00a40000 A0=0039a852 A6=00fff000 RET 00ff02dc
2669 f29488862c479acb
2670 082f53971e6296ad
PROBE 2670 D0=f111f111 D1=ff4c000c A0=003a9e32 A6=00fff000 RET 00ff02dc
2671 c1054df07cb023ad
PROBE 2671 D0=f111f111 D1=00a4000e A0=0039a832 A6=00fff000 RET 00ff02dc
2672 484be7e6cf2a118b
2673 0ab2ac2333526125
PROBE 2673 D0=f111f111 D1=ff4c000e A0=0039a812 A6=00fff000 RET 00ff02dc
2674 b2c5a95e0f667825
PROBE 2674 D0=f111f111 D1=00a40000 A0=0039a832 A6=00fff000 RET 00ff02dc
2675 cc8dac98d74e0813
2676 bdb8790bfed3bed3
PROBE 2676 D0=f111f111 D1=ff4c0000 A0=0039a812 A6=00fff000 RET 00ff02dc
2677 f22c778af5e169d3
PROBE 2677 D0=f111f111 D1=00a40002 A0=003a8b32 A6=00fff000 RET 00ff02dc
2678 f6de136819d56055
2679 4b4e79494c09defd
PROBE 2679 D0=f111f111 D1=ff4c0002 A0=003a9d92 A6=00fff000 RET 00ff02dc
2680 eadd535a8d7785fd
PROBE 2680 D0=f111f111 D1=00a40004 A0=003a8b52 A6=00fff000 RET 00ff02dc
2681 01ceb15fc4306bd4
2682 7d83abd26aa1b14c
PROBE 2682 D0=f111f111 D1=ff4c0004 A0=003a9db2 A6=00fff000 RET 00ff02dc
2683 3a5020930156ea4c
PROBE 2683 D0=f111f111 D1=00a40006 A0=003a8b72 A6=00fff000 RET 00ff02dc
2684 ef6ad4e78e44543d
2685 09fd216b7732218a
PROBE 2685 D0=f111f111 D1=ff4c0006 A0=003a9dd2 A6=00fff000 RET 00ff02dc
2686 10a5084ed68fd39b
2687 d1fe4024b77acf98
PROBE 2687 D0=f111f111 D1=ff4c0008 A0=003a9df2 A6=00fff000 RET 00ff02dc
2688 548eda4468e39e98
PROBE 2688 D0=f111f111 D1=00a4000a A0=003a8bb2 A6=00fff000 RET 00ff02dc
2689 2a2010c1eeeb7fdb
2690 3c0cb66b257fbd51
PROBE 2690 D0=f111f111 D1=ff4c000a A0=003a9e12 A6=00fff000 RET 00ff02dc
2691 d56b0e7f719b9451
PROBE 2691 D0=f111f111 D1=00a4000c A0=003a8bd2 A6=00fff000 RET 00ff02dc
2692 09529aafae6bc051
PROBE 2692 D0=ffecf02c D1=00a40001 A0=003a9d52 A6=00fff000 RET 00ff02dc
2693 8755529ad101db25
2694 5fdaf3412a8fef07
PROBE 2694 D0=f111f111 D1=ff4c000c A0=003a9e32 A6=00fff000 RET 00ff02dc
2695 e11ea2c43233e807
PROBE 2695 D0=f111f111 D1=00a4000e A0=0039a832 A6=00fff000 RET 00ff02dc
2696 705aa33a89147e92
2697 17466da81c355230
PROBE 2697 D0=f111f111 D1=ff4c000e A0=0039a812 A6=00fff000 RET 00ff02dc
2698 480a87125e60a330
PROBE 2698 D0=f111f111 D1=00a40000 A0=0039a832 A6=00fff000 RET 00ff02dc
2699 e0c7f1226ee25464
2700 6ac8de40a850f341
PROBE 2700 D0=f111f111 D1=ff4c0000 A0=0039a812 A6=00fff000 RET 00ff02dc
2701 8f06401f6e3b3c41
PROBE 2701 D0=f111f111 D1=00a40002 A0=003a8b32 A6=00fff000 RET 00ff02dc
2702 e509ec6ceb175a17
2703 f27ea8d357f5a303
PROBE 2703 D0=f111f111 D1=ff4c0002 A0=003a9d92 A6=00fff000 RET 00ff02dc
2704 7ca7ad6fa16ca603
PROBE 2704 D0=f111f111 D1=00a40004 A0=003a8b52 A6=00fff000 RET 00ff02dc
2705 09986d5f1ce6a994
2706 9967d429828193d3
PROBE 2706 D0=f111f111 D1=ff4c0004 A0=003a9db2 A6=00fff000 RET 00ff02dc
2707 9fd8ba77f9b1a6d3
PROBE 2707 D0=f111f111 D1=00a40006 A0=003a8b72 A6=00fff000 RET 00ff02dc
2708 4525123e97cd8dbd
2709 3509e8a92a3a5778
PROBE 2709 D0=f111f111 D1=ff4c0006 A0=003a9dd2 A6=00fff000 RET 00ff02dc
2710 41bdddc4d5d0a923
2711 36c78728bd932603
PROBE 2711 D0=f111f111 D1=ff4c0008 A0=003a9df2 A6=00fff000 RET 00ff02dc
2712 911a14b7c0163703
PROBE 2712 D0=f111f111 D1=00a4000a A0=003a8bb2 A6=00fff000 RET 00ff02dc
2713 5fc790ec7de36150
2714 29c890d89972af4c
PROBE 2714 D0=f111f111 D1=ff4c000a A0=003a9e12 A6=00fff000 RET 00ff02dc
2715 0fa7bff15c180a4c
PROBE 2715 D0=f111f111 D1=00a4000c A0=003a8bd2 A6=00fff000 RET 00ff02dc
2716 7f37f242f949be4c
PROBE 2716 D0=ffb6fa11 D1=00a40002 A0=003a9d72 A6=00fff000 RET 00ff02dc
2717 84901ba565ca00cb
2718 95924a3113170f5b
PROBE 2718 D0=f111f111 D1=ff4c000c A0=003a9e32 A6=00fff000 RET 00ff02dc
2719 b5c50fd93926fe5b
PROBE 2719 D0=f111f111 D1=00a4000e A0=0039a832 A6=00fff000 RET 00ff02dc
2720 f81167fbed1273bb
2721 c798d6f5f67ade4f
PROBE 2721 D0=f111f111 D1=ff4c000e A0=0039a812 A6=00fff000 RET 00ff02dc
2722 f34e213ba9e2054f
PROBE 2722 D0=f111f111 D1=00a40000 A0=0039a832 A6=00fff000 RET 00ff02dc
2723 75c389e7f6527a15
PROBE 2723 D0=f111f111 D1=ff4c0000 A0=0039a812 A6=00fff000 RET 00ff02dc
2724 6824ac3c96c4cd15
PROBE 2724 D0=f111f111 D1=00a40002 A0=003a8b32 A6=00fff000 RET 00ff02dc
2725 2e679c9ca7aad21a
2726 45855ed8529bc776
PROBE 2726 D0=f111f111 D1=ff4c0002 A0=003a9d92 A6=00fff000 RET 00ff02dc
2727 50f9ae54f0aae676
PROBE 2727 D0=f111f111 D1=00a40004 A0=003a8b52 A6=00fff000 RET 00ff02dc
2728 d1c4b75b872ca1ca
2729 89578293138006cc
PROBE 2729 D0=f111f111 D1=ff4c0004 A0=003a9db2 A6=00fff000 RET 00ff02dc
2730 0439e2584928bfcc
PROBE 2730 D0=f111f111 D1=00a40006 A0=003a8b72 A6=00fff000 RET 00ff02dc
2731 d4b2444ed6d5b81f
2732 7946f6069226aad2
PROBE 2732 D0=f111f111 D1=ff4c0006 A0=003a9dd2 A6=00fff000 RET 00ff02dc
2733 53f37003013bd9ec
2734 a1e7d34459927449
PROBE 2734 D0=f111f111 D1=ff4c0008 A0=003a9df2 A6=00fff000 RET 00ff02dc
2735 ed6b02adb1882549
PROBE 2735 D0=f111f111 D1=00a4000a A0=003a8bb2 A6=00fff000 RET 00ff02dc
2736 a2aa2a1ef91231a2
PROBE 2736 D0=f111f111 D1=ff4c000a A0=003a9e12 A6=00fff000 RET 00ff02dc
2737 e6becd84085570a2
PROBE 2737 D0=f111f111 D1=00a4000c A0=003a8bd2 A6=00fff000 RET 00ff02dc
2738 64d4ed687a9d7734
2739 796ae7cc7eeb9f3e
PROBE 2739 D0=f111f111 D1=ff4c000c A0=003a9e32 A6=00fff000 RET 00ff02dc
2740 3f2185a60ee3563e
PROBE 2740 D0=f111f111 D1=00a4000e A0=0039a832 A6=00fff000 RET 00ff02dc
2741 f68aee4603fdc0d9
2742 9714e4edd536eee7
PROBE 2742 D0=f111f111 D1=ff4c000e A0=0039a812 A6=00fff000 RET 00ff02dc
2743 50628391f64dffe7
PROBE 2743 D0=f111f111 D1=00a40000 A0=0039a832 A6=00fff000 RET 00ff02dc
2744 a2b7046c638aabe7
PROBE 2744 D0=fffff440 D1=00a40000 A0=0039a852 A6=00fff000 RET 00ff02dc
2745 ec0a9157b92ab0b9
2746 ce0a12d4b10db233
PROBE 2746 D0=f111f111 D1=ff4c0000 A0=0039a812 A6=00fff000 RET 00ff02dc
2747 5dd5546f7c2d8d33
PROBE 2747 D0=f111f111 D1=00a40002 A0=003a8b32 A6=00fff000 RET 00ff02dc
2748 30f9ebd4efd7c852
2749 480a2ce8eea592df
PROBE 2749 D0=f111f111 D1=ff4c0002 A0=003a9d92 A6=00fff000 RET 00ff02dc
2750 7240efd78ab8dbdf
PROBE 2750 D0=f111f111 D1=00a40004 A0=003a8b52 A6=00fff000 RET 00ff02dc
2751 fd4478a7b764c1bc
2752 12067c9c93548b2d
PROBE 2752 D0=f111f111 D1=ff4c0004 A0=003a9db2 A6=00fff000 RET 00ff02dc
2753 7618fe897e3e442d
PROBE 2753 D0=f111f111 D1=00a40006 A0=003a8b72 A6=00fff000 RET 00ff02dc
2754 49ab91eafd4adbd2
PROBE 2754 D0=f111f111 D1=ff4c0006 A0=003a9dd2 A6=00fff000 RET 00ff02dc
2755 5d1a8f244b262cad
2756 d178f1b2e04bbc17
PROBE 2756 D0=f111f111 D1=ff4c0008 A0=003a9df2 A6=00fff000 RET 00ff02dc
2757 24727a58344e9117
PROBE 2757 D0=f111f111 D1=00a4000a A0=003a8bb2 A6=00fff000 RET 00ff02dc
2758 c199417801149731
2759 e0957da1e00dae5a
PROBE 2759 D0=f111f111 D1=ff4c000a A0=003a9e12 A6=00fff000 RET 00ff02dc
2760 c98b4caefe5ba35a
PROBE 2760 D0=f111f111 D1=00a4000c A0=003a8bd2 A6=00fff000 RET 00ff02dc
2761 4ee7c1057835c234
2762 4e3dae187272c0fe
PROBE 2762 D0=f111f111 D1=ff4c000c A0=003a9e32 A6=00fff000 RET 00ff02dc
2763 5729e0cd316015fe
PROBE 2763 D0=f111f111 D1=00a4000e A0=0039a832 A6=00fff000 RET 00ff02dc
2764 4d603b47bd6ffdb5
2765 35ccda12094e4b05
PROBE 2765 D0=f111f111 D1=ff4c000e A0=0039a812 A6=00fff000 RET 00ff02dc
2766 f746b47eb0f91c05
PROBE 2766 D0=f111f111 D1=00a40000 A0=0039a832 A6=00fff000 RET 00ff02dc
2767 5a2501c86938e538
PROBE 2767 D0=f111f111 D1=ff4c0000 A0=0039a812 A6=00fff000 RET 00ff02dc
2768 78cf87702a982e38
PROBE 2768 D0=f111f111 D1=00a40002 A0=003a8b32 A6=00fff000 RET 00ff02dc
2769 66a1153ed02af2c1
2770 b39db3cfb7726cdf
PROBE 2770 D0=f111f111 D1=ff4c0002 A0=003a9d92 A6=00fff000 RET 00ff02dc
2771 9a53c031d312c3df
PROBE 2771 D0=f111f111 D1=00a40004 A0=003a8b52 A6=00fff000 RET 00ff02dc
2772 6512ed4eba95d7df
PROBE 2772 D0=ffecf02c D1=00a40001 A0=003a9d52 A6=00fff000 RET 00ff02dc
2773 62690b8aa8bc080d
2774 02f8a94c120d9d53
PROBE 2774 D0=f111f111 D1=ff4c0004 A0=003a9db2 A6=00fff000 RET 00ff02dc
2775 37daef1c202e7053
PROBE 2775 D0=f111f111 D1=00a40006 A0=003a8b72 A6=00fff000 RET 00ff02dc
2776 a74e3f780fcdc977
2777 adaa455f4d4b12aa
PROBE 2777 D0=f111f111 D1=ff4c0006 A0=003a9dd2 A6=00fff000 RET 00ff02dc
2778 bea389be3dce904a
2779 333e34fe6a81ce53
PROBE 2779 D0=f111f111 D1=ff4c0008 A0=003a9df2 A6=00fff000 RET 00ff02dc
2780 922892f9dfdbb753
PROBE 2780 D0=f111f111 D1=00a4000a A0=003a8bb2 A6=00fff000 RET 00ff02dc
2781 26bfefced6b9cfa4
PROBE 2781 D0=f111f111 D1=ff4c000a A0=003a9e12 A6=00fff000 RET 00ff02dc
2782 1aff5fc079b52ca4
PROBE 2782 D0=f111f111 D1=00a4000c A0=003a8bd2 A6=00fff000 RET 00ff02dc
2783 5c8c2b96fd1cef04
2784 137b0a28606c8da3
PROBE 2784 D0=f111f111 D1=ff4c000c A0=003a9e32 A6=00fff000 RET 00ff02dc
2785 309b57f20828c0a3
PROBE 2785 D0=f111f111 D1=00a4000e A0=0039a832 A6=00fff000 RET 00ff02dc
2786 563370e0138f492c
2787 a1387c9e3c5fecdc
PROBE 2787 D0=f111f111 D1=ff4c000e A0=0039a812 A6=00fff000 RET 00ff02dc
2788 c5dd2e23d77837dc
PROBE 2788 D0=f111f111 D1=00a40000 A0=0039a832 A6=00fff000 RET 00ff02dc
2789 69bf9665b1cc7f3d
2790 bdc2973fa75711d1
PROBE 2790 D0=f111f111 D1=ff4c0000 A0=0039a812 A6=00fff000 RET 00ff02dc
2791 8148842375e4bad1
PROBE 2791 D0=f111f111 D1=00a40002 A0=003a8b32 A6=00fff000 RET 00ff02dc
2792 e0863564edf5043d
2793 9ea79163671f2d0a
PROBE 2793 D0=f111f111 D1=ff4c0002 A0=003a9d92 A6=00fff000 RET 00ff02dc
2794 c4a9d003f6811e0a
PROBE 2794 D0=f111f111 D1=00a40004 A0=003a8b52 A6=00fff000 RET 00ff02dc
2795 859f7bf80dcb788d
2796 e634c8f53f8f9a15
PROBE 2796 D0=f111f111 D1=ff4c0004 A0=003a9db2 A6=00fff000 RET 00ff02dc
2797 e08247401b776f15
PROBE 2797 D0=f111f111 D1=00a40006 A0=003a8b72 A6=00fff000 RET 00ff02dc
2798 df09dab7cdf66315
PROBE 2798 D0=ffb6fa11 D1=00a40002 A0=003a9d72 A6=00fff000 RET 00ff02dc
2799 9cf6df19ac52be61
PROBE 2799 D0=f111f111 D1=ff4c0006 A0=003a9dd2 A6=00fff000 RET 00ff02dc
2800 aa40f861e19f5161
PROBE 2800 D0=ffb6fa11 D1=00a40002 A0=003a9d72 A6=00fff000 RET 00ff02dc
2801 b9b8303b0170f478
2802 ca1d15e9c1f19938
PROBE 2802 D0=f111f111 D1=ff4c0008 A0=003a9df2 A6=00fff000 RET 00ff02dc
2803 3bbd1c83350c5238
PROBE 2803 D0=f111f111 D1=00a4000a A0=003a8bb2 A6=00fff000 RET 00ff02dc
2804 9e5d1b0a96972a7a
2805 997046ef8e814ee6
PROBE 2805 D0=f111f111 D1=ff4c000a A0=003a9e12 A6=00fff000 RET 00ff02dc
2806 1188e33afdb2fde6
PROBE 2806 D0=f111f111 D1=00a4000c A0=003a8bd2 A6=00fff000 RET 00ff02dc
2807 25680dbf3fbd4541
2808 0838c6fe8a06931a
PROBE 2808 D0=f111f111 D1=ff4c000c A0=003a9e32 A6=00fff000 RET 00ff02dc
2809 2c330442da95281a
PROBE 2809 D0=f111f111 D1=00a4000e A0=0039a832 A6=00fff000 RET 00ff02dc
2810 96151ab40317da6c
2811 1645adcf8657a92b
PROBE 2811 D0=f111f111 D1=ff4c000e A0=0039a812 A6=00fff000 RET 00ff02dc
2812 926ef285ef847c2b
PROBE 2812 D0=f111f111 D1=00a40000 A0=0039a832 A6=00fff000 RET 00ff02dc
2813 c504f7f1d4fa9398
PROBE 2813 D0=f111f111 D1=ff4c0000 A0=0039a812 A6=00fff000 RET 00ff02dc
2814 7c0abf7cfee4be98
PROBE 2814 D0=f111f111 D1=00a40002 A0=003a8b32 A6=00fff000 RET 00ff02dc
2815 645f2135ecbf63f0
2816 d25dd1f50a3cc5e7
PROBE 2816 D0=f111f111 D1=ff4c0002 A0=003a9d92 A6=00fff000 RET 00ff02dc
2817 94cda939f862dee7
PROBE 2817 D0=f111f111 D1=00a40004 A0=003a8b52 A6=00fff000 RET 00ff02dc
2818 1909e3760255e408
2819 52cabf9b24990306
PROBE 2819 D0=f111f111 D1=ff4c0004 A0=003a9db2 A6=00fff000 RET 00ff02dc
2820 bf36dcfbc6f48406
PROBE 2820 D0=f111f111 D1=00a40006 A0=003a8b72 A6=00fff000 RET 00ff02dc
2821 4ca9264bdd3b3728
2822 aaad6e814ac263b5
PROBE 2822 D0=f111f111 D1=ff4c0006 A0=003a9dd2 A6=00fff000 RET 00ff02dc
2823 7a6e7ad5d64825e1
2824 cff954b86ea57073
PROBE 2824 D0=f111f111 D1=ff4c0008 A0=003a9df2 A6=00fff000 RET 00ff02dc
2825 382a07e20f51ef73
PROBE 2825 D0=f111f111 D1=00a4000a A0=003a8bb2 A6=00fff000 RET 00ff02dc
2826 a2fbe8d34af1cb73
PROBE 2826 D0=ffecf02c D1=00a40003 A0=003a9d52 A6=00fff000 RET 00ff02dc
2827 26e803560b88d8d8
PROBE 2827 D0=f111f111 D1=ff4c000a A0=003a9e12 A6=00fff000 RET 00ff02dc
2828 8bf4ecf0635c21d8
PROBE 2828 D0=f111f111 D1=00a4000c A0=003a8bd2 A6=00fff000 RET 00ff02dc
2829 130c0d1462ebedd8
PROBE 2829 D0=ffecf02c D1=00a40003 A0=003a9d52 A6=00fff000 RET 00ff02dc
2830 e8db4b01ed09b532
2831 646f8ed05f734281
PROBE 2831 D0=f111f111 D1=ff4c000c A0=003a9e32 A6=00fff000 RET 00ff02dc
2832 efcaf00613b0f181
PROBE 2832 D0=f111f111 D1=00a4000e A0=0039a832 A6=00fff000 RET 00ff02dc
2833 b1bc1519df134ba5
2834 bf952767e34127ee
PROBE 2834 D0=f111f111 D1=ff4c000e A0=0039a812 A6=00fff000 RET 00ff02dc
2835 8877a3bb8b7b872f
PROBE 2835 D0=f111f111 D1=00a40000 A0=0039a832 A6=00fff000 RET 00ff02dc
2836 b70ff2cc104bfbc1
2837 9cc256054a5b93bd
PROBE 2837 D0=f111f111 D1=ff4c0000 A0=0039a812 A6=00fff000 RET 00ff02dc
2838 21a2484bddad50bd
PROBE 2838 D0=f111f111 D1=00a40002 A0=003a8b32 A6=00fff000 RET 00ff02dc
2839 b44644dfa0651921
2840 845b4fde738b9de7
PROBE 2840 D0=f111f111 D1=ff4c0002 A0=003a9d92 A6=00fff000 RET 00ff02dc
2841 446b5492067ecee7
PROBE 2841 D0=f111f111 D1=00a40004 A0=003a8b52 A6=00fff000 RET 00ff02dc
2842 0f9364ad34939b60
2843 6394805f5689376f
PROBE 2843 D0=f111f111 D1=ff4c0004 A0=003a9db2 A6=00fff000 RET 00ff02dc
2844 82df5a2d9d2c5a6f
PROBE 2844 D0=f111f111 D1=00a40006 A0=003a8b72 A6=00fff000 RET 00ff02dc
2845 28383ca1a0c2fe3c
PROBE 2845 D0=f111f111 D1=ff4c0006 A0=003a9dd2 A6=00fff000 RET 00ff02dc
2846 2e9d2bb12cd4fe12
2847 fac21ce2a0324fe2
PROBE 2847 D0=f111f111 D1=ff4c0008 A0=003a9df2 A6=00fff000 RET 00ff02dc
2848 70d3b2facfa6d4e2
PROBE 2848 D0=f111f111 D1=00a4000a A0=003a8bb2 A6=00fff000 RET 00ff02dc
2849 a0d6be4805d9c9d8
2850 b3c046d4f3d96dc0
PROBE 2850 D0=f111f111 D1=ff4c000a A0=003a9e12 A6=00fff000 RET 00ff02dc
2851 0a40215ef45590c0
PROBE 2851 D0=f111f111 D1=00a4000c A0=003a8bd2 A6=00fff000 RET 00ff02dc
2852 0ac00f844ca61f2d
2853 9a1228619c74d2b5
PROBE 2853 D0=f111f111 D1=ff4c000c A0=003a9e32 A6=00fff000 RET 00ff02dc
2854 fd60f84ba19425b5
PROBE 2854 D0=f111f111 D1=00a4000e A0=0039a832 A6=00fff000 RET 00ff02dc
2855 05a51347c88a51b5
PROBE 2855 D0=fffff440 D1=00a40000 A0=0039a852 A6=00fff000 RET 00ff02dc
2856 574b952095fcec80
2857 c1b4d84404897aba
PROBE 2857 D0=f111f111 D1=ff4c000e A0=0039a812 A6=00fff000 RET 00ff02dc
2858 8ce66b92445c15ba
PROBE 2858 D0=f111f111 D1=00a40000 A0=0039a832 A6=00fff000 RET 00ff02dc
2859 4f3a1ed5bea14afc
PROBE 2859 D0=f111f111 D1=ff4c0000 A0=0039a812 A6=00fff000 RET 00ff02dc
2860 cdbbb13798b1a9fc
PROBE 2860 D0=f111f111 D1=00a40002 A0=003a8b32 A6=00fff000 RET 00ff02dc
2861 900d5f077304b1ff
2862 b78faec898da5076
PROBE 2862 D0=f111f111 D1=ff4c0002 A0=003a9d92 A6=00fff000 RET 00ff02dc
2863 602786dd4639b576
PROBE 2863 D0=f111f111 D1=00a40004 A0=003a8b52 A6=00fff000 RET 00ff02dc
2864 00db7905c37e7d1e
2865 8a7f45eae8c70993
PROBE 2865 D0=f111f111 D1=ff4c0004 A0=003a9db2 A6=00fff000 RET 00ff02dc
2866 4951092782610c93
PROBE 2866 D0=f111f111 D1=00a40006 A0=003a8b72 A6=00fff000 RET 00ff02dc
2867 d0992c7710a99d58
2868 b1e14f4197d024d3
PROBE 2868 D0=f111f111 D1=ff4c0006 A0=003a9dd2 A6=00fff000 RET 00ff02dc
2869 773714bf0f145475
2870 9da3f251b57a40da
PROBE 2870 D0=f111f111 D1=ff4c0008 A0=003a9df2 A6=00fff000 RET 00ff02dc
2871 10e214cdc751bbda
PROBE 2871 D0=f111f111 D1=00a4000a A0=003a8bb2 A6=00fff000 RET 00ff02dc
2872 504bfb0625e2b155
PROBE 2872 D0=f111f111 D1=ff4c000a A0=003a9e12 A6=00fff000 RET 00ff02dc
2873 3f3ef2c984869e55
PROBE 2873 D0=f111f111 D1=00a4000c A0=003a8bd2 A6=00fff000 RET 00ff02dc
2874 a33c3a274f50147d
2875 cba42266b57b349d
PROBE 2875 D0=f111f111 D1=ff4c000c A0=003a9e32 A6=00fff000 RET 00ff02dc
2876 8f74fc3a602de79d
PROBE 2876 D0=f111f111 D1=00a4000e A0=0039a832 A6=00fff000 RET 00ff02dc
2877 23c9be60614d55cb
2878 4d85761589da3457
PROBE 2878 D0=f111f111 D1=ff4c000e A0=0039a812 A6=00fff000 RET 00ff02dc
2879 1952095d729c1557
PROBE 2879 D0=f111f111 D1=00a40000 A0=0039a832 A6=00fff000 RET 00ff02dc
2880 ba9b45b271b844bd
2881 677121c01bafa572
PROBE 2881 D0=f111f111 D1=ff4c0000 A0=0039a812 A6=00fff000 RET 00ff02dc
2882 57e96c3ec3215672
PROBE 2882 D0=f111f111 D1=00a40002 A0=003a8b32 A6=00fff000 RET 00ff02dc
2883 1f831581d8e52a72
PROBE 2883 D0=ffb6fa11 D1=00a40002 A0=003a9d72 A6=00fff000 RET 00ff02dc
2884 6d7107700b98d393
2885 8b33178f2a813765
PROBE 2885 D0=f111f111 D1=ff4c0002 A0=003a9d92 A6=00fff000 RET 00ff02dc
2886 d870b2e9bf13b465
PROBE 2886 D0=f111f111 D1=00a40004 A0=003a8b52 A6=00fff000 RET 00ff02dc
2887 e7f89fa5567c6af6
2888 9a1b2fd8a239152e
PROBE 2888 D0=f111f111 D1=ff4c0004 A0=003a9db2 A6=00fff000 RET 00ff02dc
2889 c283e79d6757382e
PROBE 2889 D0=f111f111 D1=00a40006 A0=003a8b72 A6=00fff000 RET 00ff02dc
2890 8a7a984bfc3c8778
PROBE 2890 D0=f111f111 D1=ff4c0006 A0=003a9dd2 A6=00fff000 RET 00ff02dc
2891 9aeaa20a3ba12bc4
2892 6d3235b6b24de6ff
PROBE 2892 D0=f111f111 D1=ff4c0008 A0=003a9df2 A6=00fff000 RET 00ff02dc
2893 2d09690881ddbfff
PROBE 2893 D0=f111f111 D1=00a4000a A0=003a8bb2 A6=00fff000 RET 00ff02dc
2894 9fd93827c860ce7c
2895 ddd36a58a714da9e
PROBE 2895 D0=f111f111 D1=ff4c000a A0=003a9e12 A6=00fff000 RET 00ff02dc
2896 553549902b9e099e
PROBE 2896 D0=f111f111 D1=00a4000c A0=003a8bd2 A6=00fff000 RET 00ff02dc
2897 cb875d099bb82ec8
2898 a9fa1e381e35d93b
PROBE 2898 D0=f111f111 D1=ff4c000c A0=003a9e32 A6=00fff000 RET 00ff02dc
2899 a0a3096a753a023b
PROBE 2899 D0=f111f111 D1=00a4000e A0=0039a832 A6=00fff000 RET 00ff02dc
2900 2bdc48332e9ba99e
2901 626a7195db1882c5
PROBE 2901 D0=f111f111 D1=ff4c000e A0=0039a812 A6=00fff000 RET 00ff02dc
2902 2bef537d0bed31c5
PROBE 2902 D0=f111f111 D1=00a40000 A0=0039a832 A6=00fff000 RET 00ff02dc
2903 da1ec9ae678a1e6a
PROBE 2903 D0=f111f111 D1=ff4c0000 A0=0039a812 A6=00fff000 RET 00ff02dc
2904 3390d8e8a24c536a
PROBE 2904 D0=f111f111 D1=00a40002 A0=003a8b32 A6=00fff000 RET 00ff02dc
2905 9ae390aaf5b8dc0b
2906 82d6b673d1fc5383
PROBE 2906 D0=f111f111 D1=ff4c0002 A0=003a9d92 A6=00fff000 RET 00ff02dc
2907 8b3aa58076ae6283
PROBE 2907 D0=f111f111 D1=00a40004 A0=003a8b52 A6=00fff000 RET 00ff02dc
2908 0d6e172c024808f9
2909 bd2f91312dd9828d
PROBE 2909 D0=f111f111 D1=ff4c0004 A0=003a9db2 A6=00fff000 RET 00ff02dc
2910 7fc746a842cd738d
PROBE 2910 D0=f111f111 D1=00a40006 A0=003a8b72 A6=00fff000 RET 00ff02dc
2911 b7995880b2933f8d
PROBE 2911 D0=ffecf02c D1=00a40003 A0=003a9d52 A6=00fff000 RET 00ff02dc
2912 ad99e61daa89eed9
2913 cc8959865f0b4fb0
PROBE 2913 D0=f111f111 D1=ff4c0006 A0=003a9dd2 A6=00fff000 RET 00ff02dc
2914 83103a321d7f89e9
2915 ef7edfbb11a2da23
PROBE 2915 D0=f111f111 D1=ff4c0008 A0=003a9df2 A6=00fff000 RET 00ff02dc
2916 eec7076a73c93f23
PROBE 2916 D0=f111f111 D1=00a4000a A0=003a8bb2 A6=00fff000 RET 00ff02dc
2917 6ccb771305faf814
PROBE 2917 D0=f111f111 D1=ff4c000a A0=003a9e12 A6=00fff000 RET 00ff02dc
2918 8f583dce2cee0114
PROBE 2918 D0=f111f111 D1=00a4000c A0=003a8bd2 A6=00fff000 RET 00ff02dc
2919 ac67c72547f4c40a
2920 ec58fc720cd9ce56
PROBE 2920 D0=f111f111 D1=ff4c000c A0=003a9e32 A6=00fff000 RET 00ff02dc
2921 cfa27fa275ebe356
PROBE 2921 D0=f111f111 D1=00a4000e A0=0039a832 A6=00fff000 RET 00ff02dc
2922 334934213527b0a7
2923 f6837571d10f12b9
PROBE 2923 D0=f111f111 D1=ff4c000e A0=0039a812 A6=00fff000 RET 00ff02dc
2924 c840d8fa08a5c3b9
PROBE 2924 D0=f111f111 D1=00a40000 A0=0039a832 A6=00fff000 RET 00ff02dc
2925 f9a60454024e5e38
2926 1b9f3d61e580eb11
PROBE 2926 D0=f111f111 D1=ff4c0000 A0=0039a812 A6=00fff000 RET 00ff02dc
2927 fcb9c2097853ea11
PROBE 2927 D0=f111f111 D1=00a40002 A0=003a8b32 A6=00fff000 RET 00ff02dc
2928 dda1a0fa86ee6b2d
2929 1cbdb4635293d196
PROBE 2929 D0=f111f111 D1=ff4c0002 A0=003a9d92 A6=00fff000 RET 00ff02dc
2930 eda9ddd7ab666096
PROBE 2930 D0=f111f111 D1=00a40004 A0=003a8b52 A6=00fff000 RET 00ff02dc
2931 c4459ee1cf949ded
2932 597a5cc78ba7d368
PROBE 2932 D0=f111f111 D1=ff4c0004 A0=003a9db2 A6=00fff000 RET 00ff02dc
2933 c428cc213e15c668
PROBE 2933 D0=f111f111 D1=00a40006 A0=003a8b72 A6=00fff000 RET 00ff02dc
2934 2cafba9c0a4b9f10
PROBE 2934 D0=f111f111 D1=ff4c0006 A0=003a9dd2 A6=00fff000 RET 00ff02dc
2935 36a240c4d10d792b
2936 a509d7537feee5d6
PROBE 2936 D0=f111f111 D1=ff4c0008 A0=003a9df2 A6=00fff000 RET 00ff02dc
2937 018a653bafe308d6
PROBE 2937 D0=f111f111 D1=00a4000a A0=003a8bb2 A6=00fff000 RET 00ff02dc
2938 153ce1cd3b7124d6
PROBE 2938 D0=fffff440 D1=00a40000 A0=0039a852 A6=00fff000 RET 00ff02dc
2939 d655b770b4838a63
2940 711ca6ae936b6d1c
PROBE 2940 D0=f111f111 D1=ff4c000a A0=003a9e12 A6=00fff000 RET 00ff02dc
2941 fb8d1bc374d0721c
PROBE 2941 D0=f111f111 D1=00a4000c A0=003a8bd2 A6=00fff000 RET 00ff02dc
2942 5514847fd90f7be6
2943 3b6235d81b46008e
PROBE 2943 D0=f111f111 D1=ff4c000c A0=003a9e32 A6=00fff000 RET 00ff02dc
2944 c421763da172f78e
PROBE 2944 D0=f111f111 D1=00a4000e A0=0039a832 A6=00fff000 RET 00ff02dc
2945 906d25bc52d9d2b0
2946 d74fa5adfede5c3c
PROBE 2946 D0=f111f111 D1=ff4c000e A0=0039a812 A6=00fff000 RET 00ff02dc
2947 8851e83435b8833c
PROBE 2947 D0=f111f111 D1=00a40000 A0=0039a832 A6=00fff000 RET 00ff02dc
2948 2dc1044abecbcfd9
PROBE 2948 D0=f111f111 D1=ff4c0000 A0=0039a812 A6=00fff000 RET 00ff02dc
2949 4b4566f1d74372d9
PROBE 2949 D0=f111f111 D1=00a40002 A0=003a8b32 A6=00fff000 RET 00ff02dc
2950 34f10891eaf860cb
2951 e990c54b3526893e
PROBE 2951 D0=f111f111 D1=ff4c0002 A0=003a9d92 A6=00fff000 RET 00ff02dc
2952 d9457c697fed163e
PROBE 2952 D0=f111f111 D1=00a40004 A0=003a8b52 A6=00fff000 RET 00ff02dc
2953 b9f08b2074816ac7
2954 6a1f7e71d8fe9d09
PROBE 2954 D0=f111f111 D1=ff4c0004 A0=003a9db2 A6=00fff000 RET 00ff02dc
2955 c29864344acdbe09
PROBE 2955 D0=f111f111 D1=00a40006 A0=003a8b72 A6=00fff000 RET 00ff02dc
2956 619e9d778d9c638b
2957 b367bcdb07047320
PROBE 2957 D0=f111f111 D1=ff4c0006 A0=003a9dd2 A6=00fff000 RET 00ff02dc
2958 c8052548d611c09f
2959 a8235dc327b14491
PROBE 2959 D0=f111f111 D1=ff4c0008 A0=003a9df2 A6=00fff000 RET 00ff02dc
2960 3ee3e101fa46ab91
PROBE 2960 D0=f111f111 D1=00a4000a A0=003a8bb2 A6=00fff000 RET 00ff02dc
2961 b774ed4eef254f97
PROBE 2961 D0=f111f111 D1=ff4c000a A0=003a9e12 A6=00fff000 RET 00ff02dc
2962 b3c8dad775f6f697
PROBE 2962 D0=f111f111 D1=00a4000c A0=003a8bd2 A6=00fff000 RET 00ff02dc
2963 4a10694a47c6ef29
2964 e2df27033f78fd3b
PROBE 2964 D0=f111f111 D1=ff4c000c A0=003a9e32 A6=00fff000 RET 00ff02dc
2965 4ac1d18b5a62c63b
PROBE 2965 D0=f111f111 D1=00a4000e A0=0039a832 A6=00fff000 RET 00ff02dc
2966 683523ce5548b23b
PROBE 2966 D0=ffecf02c D1=00a40001 A0=003a9d52 A6=00fff000 RET 00ff02dc
2967 55417ad109b5bf13
2968 94fc450a92db0775
PROBE 2968 D0=f111f111 D1=ff4c000e A0=0039a812 A6=00fff000 RET 00ff02dc
2969 5237a535c0bc8c75
PROBE 2969 D0=f111f111 D1=00a40000 A0=0039a832 A6=00fff000 RET 00ff02dc
2970 39667cfc32452a6c
2971 3b96861da26a39ca
PROBE 2971 D0=f111f111 D1=ff4c0000 A0=0039a812 A6=00fff000 RET 00ff02dc
2972 913ac02534e0b4ca
PROBE 2972 D0=f111f111 D1=00a40002 A0=003a8b32 A6=00fff000 RET 00ff02dc
2973 b31733d2d4f42ae2
2974 b6dea861b4d00fa1
PROBE 2974 D0=f111f111 D1=ff4c0002 A0=003a9d92 A6=00fff000 RET 00ff02dc
2975 bf96e3307cd594a1
PROBE 2975 D0=f111f111 D1=00a40004 A0=003a8b52 A6=00fff000 RET 00ff02dc
2976 60f620d4df802a64
2977 8cdbd46bff6dde14
PROBE 2977 D0=f111f111 D1=ff4c0004 A0=003a9db2 A6=00fff000 RET 00ff02dc
2978 917619fa08c30714
PROBE 2978 D0=f111f111 D1=00a40006 A0=003a8b72 A6=00fff000 RET 00ff02dc
2979 6e24dcf18853f22f
PROBE 2979 D0=f111f111 D1=ff4c0006 A0=003a9dd2 A6=00fff000 RET 00ff02dc
2980 b5505cc204eafaed
2981 ad77641f6075cd7c
PROBE 2981 D0=f111f111 D1=ff4c0008 A0=003a9df2 A6=00fff000 RET 00ff02dc
2982 602d990e3e1bda7c
PROBE 2982 D0=f111f111 D1=00a4000a A0=003a8bb2 A6=00fff000 RET 00ff02dc
2983 b79f782f6c76e083
2984 03375e5d31e421fd
PROBE 2984 D0=f111f111 D1=ff4c000a A0=003a9e12 A6=00fff000 RET 00ff02dc
2985 197638e1947396fd
PROBE 2985 D0=f111f111 D1=00a4000c A0=003a8bd2 A6=00fff000 RET 00ff02dc
2986 0e0aa578c26b38a4
2987 30adf571f5ea1baa
PROBE 2987 D0=f111f111 D1=ff4c000c A0=003a9e32 A6=00fff000 RET 00ff02dc
2988 2c4e0cc0ec708aaa
PROBE 2988 D0=f111f111 D1=00a4000e A0=0039a832 A6=00fff000 RET 00ff02dc
2989 142299715ebbc42e
2990 ffcb2c8f9747d2f7
PROBE 2990 D0=f111f111 D1=ff4c000e A0=0039a812 A6=00fff000 RET 00ff02dc
2991 a30054e175d7ebf7
PROBE 2991 D0=f111f111 D1=00a40000 A0=0039a832 A6=00fff000 RET 00ff02dc
2992 213f7d2295b26ff7
PROBE 2992 D0=ffecf02c D1=00a40003 A0=003a9d52 A6=00fff000 RET 00ff02dc
2993 52f1289160dc8e71
PROBE 2993 D0=f111f111 D1=ff4c0000 A0=0039a812 A6=00fff000 RET 00ff02dc
2994 44213c31808e6371
PROBE 2994 D0=f111f111 D1=00a40002 A0=003a8b32 A6=00fff000 RET 00ff02dc
2995 b9d68014952c7f71
PROBE 2995 D0=ffecf02c D1=00a40003 A0=003a9d52 A6=00fff000 RET 00ff02dc
2996 e2f311def4c5c819
2997 17604e452eb8b0f6
PROBE 2997 D0=f111f111 D1=ff4c0002 A0=003a9d92 A6=00fff000 RET 00ff02dc
2998 b087e2e3414135f6
PROBE 2998 D0=f111f111 D1=00a40004 A0=003a8b52 A6=00fff000 RET 00ff02dc
2999 6abe6f7099f8d18c
3000 b4bef8b2a0804da5
PROBE 3000 D0=f111f111 D1=ff4c0004 A0=003a9db2 A6=00fff000 RET 00ff02dc
3001 c8cda0b17023e8a5
PROBE 3001 D0=f111f111 D1=00a40006 A0=003a8b72 A6=00fff000 RET 00ff02dc
3002 1d6c3042a1491601
3003 f6aae71230caeaa1
PROBE 3003 D0=f111f111 D1=ff4c0006 A0=003a9dd2 A6=00fff000 RET 00ff02dc
3004 9e765f070b711433
3005 0f450c04f330d8ce
PROBE 3005 D0=f111f111 D1=ff4c0008 A0=003a9df2 A6=00fff000 RET 00ff02dc
3006 18b61f0ebb3f47ce
PROBE 3006 D0=f111f111 D1=00a4000a A0=003a8bb2 A6=00fff000 RET 00ff02dc
3007 11988884c6c16ada
PROBE 3007 D0=f111f111 D1=ff4c000a A0=003a9e12 A6=00fff000 RET 00ff02dc
3008 128b045484725dda
PROBE 3008 D0=f111f111 D1=00a4000c A0=003a8bd2 A6=00fff000 RET 00ff02dc
3009 04f43bf075c2e996
3010 3ae1a0cd9fc5bc32
PROBE 3010 D0=f111f111 D1=ff4c000c A0=003a9e32 A6=00fff000 RET 00ff02dc
3011 00d07a7e32681d32
PROBE 3011 D0=f111f111 D1=00a4000e A0=0039a832 A6=00fff000 RET 00ff02dc
3012 f650b326d7b3a0d6
3013 be44503d274f1a66
PROBE 3013 D0=f111f111 D1=ff4c000e A0=0039a812 A6=00fff000 RET 00ff02dc
3014 63d13f7b38f4bb66
PROBE 3014 D0=f111f111 D1=00a40000 A0=0039a832 A6=00fff000 RET 00ff02dc
3015 2c9afdf4dbb3a1e5
3016 66c05bf7b048b47f
PROBE 3016 D0=f111f111 D1=ff4c0000 A0=0039a812 A6=00fff000 RET 00ff02dc
3017 c7f4f5b563982d7f
PROBE 3017 D0=f111f111 D1=00a40002 A0=003a8b32 A6=00fff000 RET 00ff02dc
3018 62403c7bf8e40f49
3019 811999ce82986d5f
PROBE 3019 D0=f111f111 D1=ff4c0002 A0=003a9d92 A6=00fff000 RET 00ff02dc
3020 dbfe69c4a6627e5f
PROBE 3020 D0=f111f111 D1=00a40004 A0=003a8b52 A6=00fff000 RET 00ff02dc
3021 e6a044ac031d8a5f
PROBE 3021 D0=fffff440 D1=00a40000 A0=0039a852 A6=00fff000 RET 00ff02dc
3022 fdb26c7a50546bd7
3023 4d83a53b2f0401c7
PROBE 3023 D0=f111f111 D1=ff4c0004 A0=003a9db2 A6=00fff000 RET 00ff02dc
3024 f357160faa94dac7
PROBE 3024 D0=f111f111 D1=00a40006 A0=003a8b72 A6=00fff000 RET 00ff02dc
3025 5c01c9a3727c5f10
PROBE 3025 D0=f111f111 D1=ff4c0006 A0=003a9dd2 A6=00fff000 RET 00ff02dc
3026 93e4a419e3837278
3027 c1da36a53ad69932
PROBE 3027 D0=f111f111 D1=ff4c0008 A0=003a9df2 A6=00fff000 RET 00ff02dc
3028 89ff94fefc58d832
PROBE 3028 D0=f111f111 D1=00a4000a A0=003a8bb2 A6=00fff000 RET 00ff02dc
3029 9443165a7b5ced9d
3030 27c937e280014911
PROBE 3030 D0=f111f111 D1=ff4c000a A0=003a9e12 A6=00fff000 RET 00ff02dc
3031 410d317b0ecd4c11
PROBE 3031 D0=f111f111 D1=00a4000c A0=003a8bd2 A6=00fff000 RET 00ff02dc
3032 9a1bdfd0b6ab9a8f
3033 8f5c92ea024763df
PROBE 3033 D0=f111f111 D1=ff4c000c A0=003a9e32 A6=00fff000 RET 00ff02dc
3034 91cbebf54db1fadf
PROBE 3034 D0=f111f111 D1=00a4000e A0=0039a832 A6=00fff000 RET 00ff02dc
3035 e280ee12bd668133
3036 7575d144afe091e1
PROBE 3036 D0=f111f111 D1=ff4c000e A0=0039a812 A6=00fff000 RET 00ff02dc
3037 5c009aa7ee96c6e1
PROBE 3037 D0=f111f111 D1=00a40000 A0=0039a832 A6=00fff000 RET 00ff02dc
PROBE-CAP
3038 21ff86743cbe8cb3
3039 27485d1f4a0b0d28
3040 5625e55dfbcd606f
3041 1ddf381529248e8c
3042 a7168662db07ea51
3043 f5e582cdf20e06c4
3044 d0ff5c8b2ba8c2b5
3045 da0410a055e17224
3046 acc2ff8c297d23b6
3047 ba0d941169e8da16
3048 73cae37fb349321a
3049 cf74f780b0130ef8
3050 bcf9f00866777d4e
3051 f254bd36828f419b
3052 5e5c9ed536a6abd1
3053 5c7e0bf5bf30e3b7
3054 f0aecae637ea63f9
3055 d6b8928203ca3ca3
3056 0d4a2c1c6e1ad33b
3057 3688ec68693601f5
3058 a7278ffa460bc3fd
3059 888aef35c123bd0a
3060 c7a99dd62e3da4ab
3061 8e9058ef53a42939
3062 9212123773d7f7a2
3063 0d19e4adef8dd493
3064 256febff576647cd
3065 b0e6000ad30bceec
3066 bccdce2e48e55f03
3067 8d445d9b898b70c0
3068 0656bfc9bcbc6190
3069 f3af9622356f599a
3070 30e6fae9f365d44e
3071 6351ef9ea4ce16c9
3072 b7c5c8273817e6d8
3073 2a91e1917349381a
3074 b5f01af7813668ff
3075 d5222b9de834c151
3076 d5c3fb5858eed4bc
3077 8237f3a79e01fded
3078 65ff3004647d0257
3079 3de1b54aa22523e5
3080 5bd38fbc332c772f
3081 db341f3a6bbde0b7
3082 993042274afd48f3
3083 5d7f980bb9e1db2b
3084 3890071bc6d181f3
3085 c71f1d280a314588
3086 750accfeeae193ba
3087 6c4e4db503ee0ddc
3088 959e0a51e57440ae
3089 d55823a40a51c609
3090 19d13b55dd395724
3091 41b3dddbc5741f10
3092 401b897c37de5c0a
3093 d167eeb95276dcf3
3094 704cc54e502f45df
3095 3a455b1607ae5716
3096 de22234089102fd8
3097 d06914d736a9e6f2
3098 78d07728113d3915
3099 fd8f2028af33f675
3100 d86b37bba819ba11
3101 67b3c6d507750cd4
3102 4eac6e79b4e3fe66
3103 63dc05f6deb3972d
3104 74b2ddd1eeaba6d4
3105 e8bc72fc75625a96
3106 34b52e9ee645080e
3107 ab06c8207cb46ddd
3108 c34156577401b916
3109 6cf0335a49f5544b
3110 311d63b8a1a3cb18
3111 a1a3b3046eed264b
3112 ce5f397173119039
3113 95eccfe429799ffc
3114 52830aed8a5681af
3115 c8e51f0db5f54f18
3116 eafb42d0e086b5fc
3117 78fd5d39989ba4fd
3118 d65134946a606ac4
3119 49cce2e09eac12c0
3120 312a97a5091a934b
3121 5cca0f2d8859cc77
3122 fcbc2b27bfb48ffd
3123 9406a221e12972b6
3124 98e3ea56cc33c856
3125 282239380539dd13
3126 1068b41b29feb89d
3127 2f8ce5150fdffe65
3128 77b7b4b1dbe707b3
3129 2cd6ed506e82896b
3130 f1ef9bdbdd9db768
3131 3c17ab467062e017
3132 7277430bfdb73b16
3133 d5a631f972e225e0
3134 1b4f604d8f48d8c1
3135 6fdee4a7f03e8516
3136 65c47813b149f8c2
3137 712a53ef22c709e4
3138 e903518cbf7f4cae
3139 87ef2668dc870f23
3140 137cd5e8c263b215
3141 d52b4db4d65abd2a
3142 405b6a3d6c7620c9
3143 3d5995c0273c8b5f
3144 a70656c3b5a434ba
3145 0f296b0a37260a20
3146 57dc62ebba1f8012
3147 429151994f99a6e4
3148 71453b889a6fe2e7
3149 153b64bfbf978f9b
3150 892cbd3412cf77eb
3151 bc057f5ceb0c0be5
3152 2c808421c07e24bb
3153 a7ef9b72ef295d39
3154 37ae70f7efcc7e04
3155 a54d3d0bb4ffa83f
3156 929b1e51f35d5f6a
3157 034baf98c8fad874
3158 f193db2d36aa28df
3159 dcd7a8c79ed46e99
3160 9b878892cee63b00
3161 f58122fb470659c9
3162 d86e4603bacaad1c
3163 ed75a34af95b35f0
3164 774fc1ca192e223b
3165 751c0bb6a71e9af6
3166 fd5ac1bcf76d17be
3167 7bfe173cedd289d9
3168 4a242b3b45f0ed5d
3169 342db9c68b7805b2
3170 eb0b4af459698205
3171 2baa5ac829a4d5a9
3172 b8a8bdd36e8f3060
3173 4892ebec0d19e110
3174 d2247d5731afed7b
3175 e0fdd5522e1f3d67
3176 882120a683210f24
3177 97f430d99e21d826
3178 5f43090c27db366e
3179 d530e5bb30a3f190
3180 7fcf8dd070a22295
3181 9557e9ffb1ea11c1
3182 6f7a601231c36c8d
3183 8109220f0bb8c7ac
3184 b82a758b8b9719c5
3185 e654116f5a4ef35f
3186 148e27752d400a13
3187 72cfce36448402cf
3188 77ae783ac7430272
3189 cf979ea0637cbce6
3190 d454324b6baf65f9
3191 47b807d57d2e9bc1
3192 d47e9aabb5b0f65e
3193 3715804cfe863835
3194 53e8e53b9518b4f2
3195 568a9fc2c9af51f4
3196 7ff676ebb49430f8
3197 3a0b1644952aa180
3198 d43280cb4c2449a3
3199 1f3d9716aef9331d
3200 b82891ed96b8eccb
3201 5d49485e6e7a014c
3202 a3bf283b1cb6bce3
3203 562ea4cc2f7cff23
3204 fa272c389bb5572c
3205 8c342194461cb695
3206 48541006a826b790
3207 ceea164ebb89eb75
3208 1cf929db2002d1bf
3209 9a8bbfbff9dca731
3210 565044955e4e0b85
3211 b5eec37aa6c25a61
3212 e1e1a0e9b132670e
3213 fa6e07ce7081637e
3214 4309344ecb4e9b59
3215 f925efa137644894
3216 2e5f1cf47a1cc44d
3217 825d148b21c3def4
3218 aeaa24f4274a5b9e
3219 44a2fbbd839f84a2
3220 68106f6496afd0d4
3221 4549138640ee8965
3222 a748250c25a48802
3223 18956d90b846f2b1
3224 823ced98968f5a1f
3225 c6e7c2eadf195c16
3226 80af9b54534aa9f0
3227 5d80b1e730ad756a
3228 fb4872dcf79b3030
3229 ab70665e68252de8
3230 4161e28badf07aa6
3231 1c804b67442a6716
3232 1c4cdf9b1aaf78e3
3233 e7d6955f04d26ae5
3234 268005c0bc92c623
3235 2bd37351c8d913c2
3236 d421674d20b14a17
3237 c902a46ea72bc1a6
3238 d47312b101d95d18
3239 5dab0cab2b91dfd6
3240 5868dcb5dd07f438
3241 c3b3b6acd1aa5ab1
3242 eb852c0825b329eb
3243 946a5c8e4724ebed
3244 479c8f2bea1a0293
3245 9b09e0011aabb2b3
3246 e6b9f3fb85278a92
3247 4e60d94840da68e5
3248 00d15ba5b1a6394b
3249 a33ef6a2985419ce
3250 6ddb693ff259172b
3251 f70296cb569d2f5c
3252 59fd16e52e21b77f
3253 bc0a1e1e763d1fd9
3254 290de822c899341e
3255 8cc07e977f5c71d7
3256 058680ac076f91f3
3257 10dade299927412a
3258 e303302025d35ce7
3259 071dc1a965e8d8d4
3260 cb46d1a1a1bc40e3
3261 620d5852555f8be3
3262 bc5e09dd878691c2
3263 3e29ade1c282ad80
3264 9cb2cd9ef1962159
3265 b299aaac668bf1a3
3266 a856da6b5a1d4cc8
3267 359157561e4bd94b
3268 2cc09708f5ec04fd
3269 0cf0b3039920c866
3270 79d357d0f4fea618
3271 e849e52786eeb9c9
3272 b4bd0c3ff8bd69a7
3273 2cc582d015bc4988
3274 ff25cf8b371e6365
3275 242e917c193f20a3
3276 80b443e76a244870
3277 1077d4e9a1f6a908
3278 16df33706fdb920a
3279 042d693cc97b1b6a
3280 c5a83ea680d6900d
3281 13a35d84130ea84e
3282 fe5c476563d6a027
3283 b847b951a60c75bb
3284 41610c0fe04d4584
3285 47eedccf3c9ccd6b
3286 e685807cc7417d3c
3287 7dc6f0d7fb9d55a6
3288 b6680c1751657d39
3289 8af6b0a210262b6f
3290 4b1054635bbf498c
3291 4fab55e792cd7eff
3292 88de83e77ba12c0d
3293 fcf802d7ff6d5c19
3294 a28ffc06f0daf003
3295 6f66b974a63d4d73
3296 d6335f83c8e9af93
3297 1408f271c78f287c
3298 a0f83e84320a4afd
3299 a21a785566ce9278
3300 26953ef7a94e18b0
3301 a4b4171c0b1b32ce
3302 8bc8f59de458c6d0
3303 e96072b664a916f1
3304 4c34298b69d5cf3e
3305 07024a19fc688cf3
3306 0750ad1a90debda1
3307 249bc7f68d6f7ee1
3308 fb8b12873cc1ac31
3309 3660ac4e11f398b5
3310 0c67b0a1e49f10fe
3311 a90877241d3e596e
3312 759001c89252b909
3313 504d1aa3dbfbd070
3314 e2c1c403eaf87efd
3315 900e093812fab32f
3316 df063ac400459a9c
3317 3148ad1e3622ac7b
3318 c4b8ada655148509
3319 3fd043353832ba25
3320 4ffd45f3bfe96728
3321 90e57d788eec7d2d
3322 1b75af30ef8fafcf
3323 cd5e7a8131cb4976
3324 6ae323a99e1f9b01
3325 77ca5bc5af8f7e73
3326 8427c2aa30f35319
3327 2555727bd4ed1cf8
3328 6bb1b74c543badb3
3329 1b527f46a4d6c1bd
3330 441b4448193b00f7
3331 2216466989ec73e8
3332 490fc3d3977b8fdb
3333 dfa02306c7f60383
3334 3d2cf59c475c8ef2
3335 497730c56dcd1013
3336 8067530853e4afb2
3337 74598b18782c0610
3338 b1a56779a2a60532
3339 f96daacc57eab69e
3340 4b07686b28e46826
3341 ba2f9d039ee357c4
3342 8fd10b011df16e5b
3343 da244629e6273d0b
3344 fff9f39e5c8e162e
3345 067aec52de0ac80c
3346 70dd7bd06bf910ae
3347 9b5f67022fadc25f
3348 90645f9305ecc430
3349 8d54d9075e87f910
3350 4d4cb28a666997fc
3351 9eae4b5df15db0b0
3352 e2464bd20c98117a
3353 0444d72200110785
3354 6ae338d5e891a090
3355 b0af6ebda9088951
3356 1dc56536d7333414
3357 284c38ef24ec3688
3358 e810838b666d5c80
3359 e8d0aa62575685d6
3360 78c923abd2b15f6d
3361 fcc27182e724013a
3362 116ef19beeb666c8
3363 24737ab321eb64e1
3364 0168391ab17826c5
3365 be35cdeaa7c223b5
3366 a212a1461989c759
3367 f0b6cb005e92cd78
3368 01c148e159241e4d
3369 ff910d32316b64a8
3370 dcd8c350be8473f4
3371 53f744260834dbe7
3372 427807f285ea99c6
3373 f370f3cae800cb2c
3374 a661143ef175537f
3375 c6a1dba04ada2638
3376 a51480831f5e60cb
3377 8ff72cfa7565267e
3378 8a8119934a9ea529
3379 c4cb6f3afc3840c2
3380 3f41ba231ffe270d
3381 a076ad5d1ed3320f
3382 e3e27b52d6c16ab8
3383 964191396f3d03da
3384 12caecd50ff2c766
3385 bdb2f6b42ffea40e
3386 0e3d9f6b25e88f10
3387 4d2db093e0459467
3388 1483691721f92d77
3389 eaae23f8ab50cfe4
3390 9fd67ddd33209b65
3391 63b42320cb8dc9af
3392 ffd3bbeae279200b
3393 bcd83b6bdad79018
3394 69c083703a1e14b4
3395 e5c5115d7e90da2b
3396 d277852c70487fe1
3397 a60af5e630bd4fa4
3398 0d0c7f11a7af3fd0
3399 983fb2d7e3a8b83c
3400 1cfc9c1aafa13c83
3401 4f6fe7e62af44178
3402 526a7e28168e7b3b
3403 8a928e8c2320a050
3404 77375acb728a7cb5
3405 88bd497f76027b5d
3406 23faf174ce22af6f
3407 da3d0a45b6b2cd37
3408 cdbdb197a33bda8c
3409 a78a72657e6ac6ab
3410 6ddf0c9d310f2e6b
3411 8397f437d0cb3e1e
3412 962673d307747f0a
3413 03dea3e5b8ab5295
3414 a64fdb1ef239c787
3415 279b5ad23262e285
3416 f0c6d85e83ad4cf8
3417 3cff150763e2a8ac
3418 1ca8d471a3756cec
3419 942ccb5b4708ca75
3420 f2b9a42975a7d8a6
3421 d914db5bcf6d800c
3422 be5a4085fddbb37e
3423 1d3c2f0d6025dcf3
3424 9e410278088981ce
3425 5eb6f23b021f8109
3426 2b2ada930aa7499c
3427 8363ec5fcf8bf237
3428 1043fbb31f8cefdf
3429 c8591c45ca13aa88
3430 3d6e24e1c36fcce3
3431 6f5ec14d830cdc80
3432 d597e4c4832193bb
3433 abfdabbb57dca3e8
3434 1f1033016e361f3a
3435 655f9820cf2dfdea
3436 2e513118728752e0
3437 8b39ed24a4ccd14c
3438 e3c8f7db879a5e37
3439 bd1f8bd9bb569d62
3440 86c66080658c0cfe
3441 11f94f19d2799135
3442 e3c3768df9f62472
3443 8ac22b69f60bdeac
3444 5edd1877dd49a31e
3445 e6d1ee0ad17c990f
3446 a1d0e57c1a56bb71
3447 2c9f15449be539be
3448 76075efdabd913e6
3449 355e9a1b6e477d54
3450 30de54d6dce31399
3451 3c921b6825f1da62
3452 5e1ece90bd6068b6
3453 04364c4163bc788d
3454 2e71bd01a89a2bc7
3455 2ffdc6622a734de3
3456 61c56d6bcfe0b832
3457 173e4e560ce2e270
3458 d16b9fdd7b14f5d6
3459 1b7c4cad47ffaadf
3460 479d3077faf1a537
3461 f31311945133e687
3462 18f9882183a66bd0
3463 fb25c1e02bbd8a94
3464 df00f705b11e8342
3465 d87841e60a23c2f9
3466 3c1bef23776d842b
3467 a84bdacb2b2c9b4e
3468 dde64062d87ba8b4
3469 0aff13b406131bdc
3470 8fc2dc82e876ac99
3471 8c8def4a9d6db1e4
3472 0331682107a5ce22
3473 acb4bd71a8fdb32f
3474 383e3e7fea3d772c
3475 62f21ea85b237004
3476 63f4291910232aa1
3477 ba625b8d205205c0
3478 908c949c2d36d643
3479 3198b0d5fb2c8dda
3480 c58d3727eed3ffa8
3481 44f057fe156dfd59
3482 94b45d58272d8819
3483 f6d876cf04cb66bd
3484 7aca0e2ae26a60da
3485 84a012ef5b2d6369
3486 d82e308a7b6b7a48
3487 d56255f64f039b53
3488 865108d016ebe60a
3489 df2f90370a22cc8f
3490 a76ebae40693740e
3491 0dcbd8355b61999a
3492 20a87444bd130d30
3493 b795a3036856505a
3494 9287735595ea449e
3495 33bd4683680a4c1d
3496 10579540d44171e2
3497 36a386fcb285fcb2
3498 768e45c7827b78aa
3499 faa39248bdad1aec
3500 25bfcfd6dd14acca
3501 702d7ffa4c30bc16
3502 55b602e836d66471
3503 4522eb261cb2ff08
3504 5a66610a616e0850
3505 a9f79b0fe1d3bbf7
3506 e063a65f65b42c31
3507 a5f8c68ebb03f54e
3508 0e632e576aac9b14
3509 a4173e25b5bde35a
3510 0468b6914420d47f
3511 a32a27ad40c10168
3512 096fb4d9b9aee6b4
3513 ca4a25e9330294e8
3514 77fbeac24181d34c
3515 a066be1a443d9b44
3516 49bf91fdaad8c203
3517 692b5fdf31030bf8
3518 361a3814fa0b969f
3519 48c1d878add53b82
3520 610bfe8ac9ce1ef4
3521 b70d37c8dd7e0c83
3522 700a55516a18f830
3523 5a2d17754b1f50b3
3524 ec917187914b9d22
3525 676a3d97952f3123
3526 f05c3932239fb426
3527 35ef716ff3dac455
3528 4e7a2509cb9a344c
3529 0e5e1c348de512ab
3530 0975ddc0191f62b4
3531 93a4c987533cdc2d
3532 ff75038d7fa69091
3533 721a1d565d827e3d
3534 cfd02311c944d119
3535 00b12427c9b602cf
3536 50013d629d20fc77
3537 a75e584516b86162
3538 4d6c14276a37b669
3539 27118aa8cce6101d
3540 53a89f89432cbdb4
3541 7626804f2f0c8381
3542 864607c63025a17d
3543 2fcc165a784a1593
3544 5419bfa9d8db2126
3545 f795e60a7074d6ff
3546 5553252b63e0114e
3547 3434d5b2abc286c2
3548 b4ff566eab40a6b3
3549 ea13f744996ef3cc
3550 d97e17f0ede75d45
3551 d31efffe99673a8b
3552 35f8660589493721
3553 69bda5ef5cee6a56
3554 046fff0f30cad079
3555 14fdfc27e7551e36
3556 7e34fbdcce7cac44
3557 b7beeedda7474c88
3558 3736cc7e0d0cb87b
3559 3699e18a4e25d93e
3560 2e00933b43f7fa7d
3561 cd4babdb4f7bb0e1
3562 59ee19a3230dd98f
3563 b4fa62b0cfad7bf2
3564 18da4a5d6952324a
3565 d8d0a9df84bf88a6
3566 cca5a03088e7bc7f
3567 4db9f3b501d256ef
3568 ea245fa259d8a226
3569 efdac806aafb86b2
3570 069d6f970e117c3d
3571 e1e85713fa93c79c
3572 903f65df578157da
3573 3069be72c43e15e1
3574 0c98d2679b1fe16f
3575 8d5ee5e8c4a073da
3576 79413b2fef619e92
3577 4376ccd1bc10444a
3578 b71334114c6ba9ff
3579 a07c2f44406130c1
3580 2e5a09372a1b11e1
3581 48bb15dadff204cd
3582 db6dac6c5bea7eca
3583 cc96f73ce2d76db8
3584 a5b952dac45e23df
3585 0d6cdbbde2c2862e
3586 d4a15ce00caee71c
3587 d6f97998a418ace8
3588 94002ded73699478
3589 14299925f8fcb3df
3590 8c0abb92d504e0e3
3591 0ea7a14939e9808c
3592 3d24a049e10165d3
3593 c63835d9e8a7693b
3594 58765d93f5b14539
3595 fd04b0da39adae00
3596 171d9bf0bd6833a0
3597 7639edc72bc2f07a
3598 e9fcd092fe7d4bb1
3599 2c28ca52c19c3a49
3600 d4c8c40694f1731b
3601 518b65d530061179
3602 9f8cc33c2a7ec730
3603 d4db0ad8e7373832
3604 8673d38f134b2e88
3605 4e3ef7e80b996b0f
3606 d3222290775fffa3
3607 92067b63c3a58f31
3608 19619ffcdcd1f978
3609 5ef46617097db280
3610 cc91efc2be36a351
3611 1f8589b73be4492c
3612 0d1397178102af77
3613 0062e4abee36f98b
3614 3c8e55f9469a79ee
3615 7437973c80772fc6
3616 6c4e190978781165
3617 71f758f75201fc49
3618 3948f9d779fe4548
3619 49d2ca12d00a17bf
3620 e733427fa0c496c6
3621 94cf2008f0f620ed
3622 a3f2750ab4b6d714
3623 c767b4919c793b7c
3624 15f574427f0033e6
3625 52f813d5d591fd35
3626 300965e35d516d13
3627 1d8cd59351e22900
3628 c1dbd916da5c8320
3629 f6634ada38ec6c0c
3630 12aa0a704c67b589
3631 4429f6b78a4ae1bc
3632 b36dedde4a305426
3633 3c656e0b34789c8f
3634 c0b2e3485ea96eaf
3635 1d6fce6e2b1032d8
3636 3219921b67202ff9
3637 f25cc06c90cd13b3
3638 7a1077887979e8f2
3639 f192b621f9765bd1
3640 5a398c60343d79ee
3641 51133230d138e939
3642 405e98b6a4bcde8f
3643 1f66cc63229201a6
3644 9fd0aa66e11a7998
3645 074c686c60b58043
3646 103d35a84967168f
3647 181d5845b8806647
3648 dab5f0bfde508472
3649 56ee7ce4a2cc7ddd
3650 84117481755bf93d
3651 2930af98e0260b74
3652 8116126064f6644a
3653 32ef78f795e07fa0
3654 dc2a28384915f7d6
3655 54a54a285b2da74a
3656 1b9bf39fb9ce59da
3657 5f31824190f1565c
3658 72ba23762b54ebda
3659 4085e61213dc5d76
3660 d14f40eb110abb7d
3661 3e54e92e3789e865
3662 4cdf95cea1ed2655
3663 d1c95cf4c40b5cb7
3664 90c540f7c56e129f
3665 61e673be3a24d7ca
3666 86bde33aa01aa0bf
3667 b590aab185d7e6ec
3668 f457ffcdb7d1d4a9
3669 5162dc343efabc8d
3670 c23c481806c2cade
3671 f0aadccef100866d
3672 e2752e04f463999f
3673 9fd1bc08fd29c474
3674 d8c12ed0a93b510c
3675 aceea4822173c92d
3676 03a7af4171b0be45
3677 0d24ea92107b5431
3678 2e729d6a9c2948e9
3679 b0d2df8577012018
3680 cab5551a70042482
3681 3e58d551037470f4
3682 8a4a14af7ad19064
3683 35432a35b68e1946
3684 b74925a808b7dfc2
3685 89dceae5f1620103
3686 14716757b61f3f42
3687 3c68ea4fc8090308
3688 d4399d545b2e5adb
3689 8923d99f53745f86
3690 e6bde6ee30ae285c
3691 6c4ad3eb4623236a
3692 d843a0df53cbafa3
3693 c37482ca41963f91
3694 e5e3c7177b39164f
3695 49fd25e65aa312d3
3696 e0c36f3077e33e3e
3697 0cfcb38213d03334
3698 bcc732001f192ff5
3699 90b49bda4b11b55b
3700 e42e185b44fd9b2b
3701 a80f147c689f0f7a
3702 8ea7df6d32a5b69a
3703 5394b411119acb74
3704 c14cb3d4b0a4d1e8
3705 2fe2ce9cbd1a5d4c
3706 0626a86ad0f044a5
3707 fa5a58bd6668c1ab
3708 38561779d2fe5cbc
3709 c108c3bd996d26fc
3710 dccf0bc426fd9cf2
3711 66582539f1f454e4
3712 e4a6032e0bb9db40
3713 ab0e0c958d9c078f
3714 56559d5875552014
3715 875da51170aca2e7
3716 1b05ab65ff992e89
3717 a69ee6db21729222
3718 0fb2c5743b82f13f
3719 742d7338c36409ee
3720 df34a3d92a17e411
3721 a5d5c1f04c306bce
3722 f96b831e193d7bbf
3723 6294b951f53ff5b6
3724 cec45883589d6961
3725 b0033fa8f97e9c5c
3726 dc6f3e4ea44d08c9
3727 ed175950797b2957
3728 74205925c5ef915d
3729 1d1f2dee41e4b35e
3730 6f4e3bbae3ac2be8
3731 098f2d088ad1a963
3732 59b070efcdc0460f
3733 f22cf73eb2a8011b
3734 a56b320b91bfcfba
3735 706950b6dde1d22d
3736 6d4b741001312ed6
3737 12dd7aeaa80942e7
3738 a4a491e4eba0fc14
3739 ba6da0c3a15c9234
3740 e098de1ea2a6f1f8
3741 901741087964318e
3742 39a4cea0a1ad12b3
3743 a35d0eed76ee8e90
3744 ba70040a33c0f6e7
3745 f6cec28433f400bb
3746 bcffd1846636f324
3747 be6513da68f6b3f9
3748 2113b6c600fb0ae3
3749 e3984475e606fd59
3750 7f16a1bba37cce9a
3751 91e818f35e5db1a5
3752 84e7a87a7568c00b
3753 c4555286fd28738f
3754 724ead0cf1d58a25
3755 d9041243b4e1fc1e
3756 6b34230fa89835b7
3757 66cc94734e1fcfe7
3758 2e92fc4283125d9c
3759 8c00dc89583cde99
3760 22a19b5dc2771694
3761 5f3e8bbbdc865fb5
3762 68c3b8d44cefd672
3763 8d9804c59d36bd49
3764 c083349d8f566f14
3765 9d130d00960313f0
3766 c0a518ada43fc00c
3767 7ce7a3c7ecb7cb7e
3768 88b3f5301ca1f020
3769 b7fd76b197f6b3ac
3770 1c9b9ba06b050f7a
3771 ac7562dc0ab98218
3772 20a940728c8924ba
3773 16fd3dd0bbb022d9
3774 806ac956a024e3a8
3775 cbe7c4a6d5f238a2
3776 f9f8987fb5f9b75c
3777 c0a2c71027eb922b
3778 93ea29a0665ea47e
3779 602b263358130649
3780 88ccbbd2af79ce15
3781 36bde915aec05147
3782 86e6c1d25c360953
3783 062428a2a09c3ed9
3784 444737fd18a97da8
3785 35eb3c3c749899b5
3786 ecdd833c1c0ee48d
3787 981751efb5edacb8
3788 43b2518ae0f96095
3789 ae0809ba4bf725f2
3790 b72627def2169585
3791 3955f7ff776c52f6
3792 d9523db3b6722a5f
3793 df839e4ac971e09f
3794 778ca3da07801af5
3795 d6cf12c3dc7981f3
3796 9ff62ba836dc183f
3797 f598fa67e312448b
3798 663873283a945da3
3799 7101e120fb7728f5
3800 4ce4c92f99ff14b0
3801 8cc0df480a43e3f9
3802 c3af85e2bc03df71
3803 5858d58909624aaf
3804 7eda949144a48cda
3805 7d4e61fc20e196c1
3806 41baf3924fb2675a
3807 cb03f9cc9894c24a
3808 ee1104758a77af42
3809 402eb83d6fa49598
3810 da334d2888a1181f
3811 20d3bcc9ba57505a
3812 57c7a88deb8110d1
3813 aae8330847777156
3814 035bc47c1fae2ee4
3815 e873696f92236291
3816 ecb835a23bceaab9
3817 e5197ebf9ade7dcc
3818 2eb7d5c3be424c25
3819 cc296c73b3ad789b
3820 6a0b97ebe8c25bc0
3821 638626c567663d2f
3822 a18d4c645228ba7b
3823 20b15e0ab5c7f225
3824 db70eb3c9b42e8a2
3825 002ff6d794f91903
3826 2d90702ecc8639e0
3827 acdb1f03f00b210c
3828 750b932a848bd223
3829 c3aa13892d19860e
3830 9d9e1b4936492937
3831 56728ff05a4b585e
3832 42c77ff663bb4aca
3833 95cb666319170b1a
3834 64cbf6f16b7c2a48
3835 77145acd3aeeadc2
3836 99c7860480831354
3837 d6d8310f0826e8aa
3838 d941059a4d59555b
3839 ac2b045a181c0276
3840 dac7d29e4f44360e
3841 615d089d56b6f099
3842 973a5cdc77da8c90
3843 fee28318739690bd
3844 b62580a90c650257
3845 835488834c3c5798
3846 a09a9705b28f04d7
3847 84783b1eace74d55
3848 e08768a0262856f8
3849 3dadced6f2c0b84e
3850 942ce9d83d54b2a5
3851 75c2d1a4dde1d0e4
3852 15a08e0500969dea
3853 a32307ebb5a706c4
3854 f857ae77a0b987ef
3855 b07d3f76d3090a37
3856 618ea755d1699a36
3857 4ca8bf4a6d0fd4b8
3858 3fa6ce4c414df419
3859 ba0e736ae5648852
3860 9ce8e50fb1e870b7
3861 389389f3bd9ea9d9
3862 9eebe379ffd0dabf
3863 5648ca7bce1e77e6
3864 8c0021b498de77a1
3865 35213401213b53c3
3866 d22aafa6e34c0530
3867 87962391dbd48506
3868 c304a040694b3dfd
3869 7edb50d4a2441c99
3870 6d670d3632e3061f
3871 6d1922638fecf33d
3872 d2f588e66c7cac51
3873 91e04712d644827a
3874 1feba412ff193e55
3875 8bfde7fce256b227
3876 2b4cd8f61f3dcc9b
3877 55aba8aeea6f9284
3878 82b0ac7779cecd6f
3879 1cfc71c6e8231bd3
3880 ad4d3a26ed5ebbbb
3881 341fdbe47b825929
3882 92ca31ddccdd2647
3883 47c1bd5d05f680bc
3884 62bf1d0c1144bc98
3885 32814fb92c92739a
3886 832086779f73af8a
3887 12fc7ef40852f5b1
3888 b8441ab610210ae4
3889 179cae4c9d1b7c72
3890 105e5071d1d445cb
3891 c9739d304836fc2b
3892 e7fde5d16f82e9bb
3893 fc82a96c2eac3270
3894 14e1fcaa6389e59b
3895 4dcad1b936fd0bee
3896 f7f4dc5c8ef47ab4
3897 0fea3fdf032145ca
3898 7c6671fa549dea43
3899 a70536657193a585
3900 d9772644ab640755
3901 ba5df2ab3b534c9a
3902 5608c21d822a3101
3903 f7767d906bbe2c30
3904 c5b67d17c859e5ee
3905 004e721a3216e702
3906 dd2090fad3fa1029
3907 1164aee65608dbe1
3908 db2d433074468ac4
3909 b6641e6dba376080
3910 e9fe0e3a6fb558c4
3911 b082f221bda83adf
3912 850cea63b8bc8852
3913 1b519e52ae9fe7c4
3914 16fd30d06645655c
3915 7d40899814b9055d
3916 98c204edc0877917
3917 eea9d99212e91ef3
3918 70f181f9b68d0be9
3919 8921f7bf3a281685
3920 e5c56188d3eefa21
3921 9f14e4b422c8349e
3922 707989bc9297831d
3923 e6c2a3cdd5112f0d
3924 d2bbfcea816110e4
3925 baa4f9742a789eb9
3926 338036b05efc9f4a
3927 61731899ec81926f
3928 d451f441f8183d3a
3929 98429a719db4f200
3930 470e85b049412c88
3931 68aa35b965d2e213
3932 9c947f552fbabf11
3933 9f0236c1d7f74da3
3934 ebc5051dd43759d6
3935 b3b37944ffec5f8e
3936 1ea310ea75f8271e
3937 8366f0e0061c0d29
3938 ced8324dac78980c
3939 a40cf8b632df747d
3940 c36ac831f5c7c13a
3941 6c7ad5a59f1bca9b
3942 2f4eefe21f4cdde4
3943 7b0f9fdb5c6d08ab
3944 e6d952b61061ce64
3945 580e56beae8eed25
3946 0f288e6294563371
3947 f95417be3a8e7db8
3948 2ab9abadaa221272
3949 642a9212abaa1f6d
3950 2ccc65a159300198
3951 0febf1169ae8df18
3952 a62a83a76c30f1b3
3953 8b0413635688838c
3954 0dc9876e8a6fdf0e
3955 a9c747adfb9d6463
3956 b80c3544efd63dfe
3957 bc25bd6c018fb42d
3958 5959d7997dd01a44
3959 f4c1e7893c3e8822
3960 193377d6b8a9fba7
3961 451e9423f381a422
3962 53c6c47987088c77
3963 2c21652ded171be8
3964 0a87d615f25f93c0
3965 75c929292eecd9f4
3966 de307fd004c79fce
3967 ae2dff73e192e35a
3968 8f8875c3ad442c82
3969 5ec9f8354486b210
3970 ab5931f657c8ff70
3971 6f557de9f6f376d0
3972 51b252eea3e6ec91
3973 bd0350fc32c8b54d
3974 2472539247638ad5
3975 fafc39b2a5474c75
3976 70b7431062793dcc
3977 f2ae0727b3c1572d
3978 715d116c7dd031dc
3979 3e8087e92a5dc2fa
3980 4b73c05f53915a49
3981 ec3b29aec7b47cfe
3982 09547602225bfb1b
3983 4afb087855f62d2c
3984 ebf9e193297743b3
3985 ed1fbfd1d58b5138
3986 aeaab5606d4501ec
3987 4c194d2aad5264b5
3988 f9961389ff44f5ec
3989 617c680e5399815b
3990 398aa8eec542e39d
3991 4df21a8681461da8
3992 39f04391b93fcde7
3993 a6e0a8d1f363cd42
3994 94a84d6c8c09e4ba
3995 c055f08d40b10e3e
3996 9074815e4f8778b2
3997 5d906e3727e287f5
3998 9edec3b0c679c706
3999 4bb6959d4f5d8e29
4000 29f7b700c5b68a13
4001 5ee211cd1755d331
4002 c15c787e8207d52c
4003 3ad54c32bc175b63
4004 06c4246551097ef7
4005 dd1c069bba4403cc
4006 33aa50a63edfa43a
4007 65e04f56df90b469
4008 ae85bd3a6990c8e6
4009 a37da11326de906d
4010 99f35ff677b31f2f
4011 4102885a07e972ae
4012 26832b16b2158da2
4013 d3fadb35f986730f
4014 9fe1629b3f453067
4015 201ac28ba16011c2
4016 cd686ad792c9037b
4017 420e079685e68cce
4018 ba62fae04b41e929
4019 d9d2493a0f3a3415
4020 4c2a9f69c1dc5f55
4021 88aeec58af5ba146
4022 2a64c22435fca2f9
4023 0b2128edc28ed4ee
4024 40ee3f976a1901c5
4025 0c368242cc6b8efd
4026 d519e000282678c3
4027 7ddc91279e040b44
4028 917d38dca8d4ce10
4029 c59b515b211e4cbe
4030 b2aa1084f0b91c64
4031 1f2532a1b2e939ff
4032 11c1af0deda2cf2a
4033 ad52f1643d9e54d0
4034 04f2be807e54164e
4035 6451fd970060e0b1
4036 ed7aed204a213b7b
4037 b5696e67fffc90b6
4038 b8aa9562bb68386e
4039 ec3696fdba00a248
4040 2046bddb33c55594
4041 a3e9c15edf23f4f6
4042 7128716a64108eb3
4043 351f6b456718794c
4044 9426d6eb718fff1f
4045 d533077e206deab3
4046 e6adc2a2b4a08fda
4047 651888583d0715cf
4048 26c3156f14fc3e7f
4049 d8f94703b579b646
4050 9212705050ceb088
4051 10c5937880357a97
4052 dd9b25ce38b5f856
4053 c9add8e846482af9
4054 c6a1a9716d1cf135
4055 97a07a5c7ea73a57
4056 5c1176cae0c71399
4057 d54792322e936537
4058 4b452ffb1e9310b8
4059 e07bcc66179ff7a3
4060 23e64f598a7667c7
4061 fb5c726363e70678
4062 4828d9bd423fcb71
4063 6a8e63c713ecd5ea
4064 40fb52e4f6bfe8bc
4065 1987498dfb2fc45b
4066 d1c4c95e31c42cb1
4067 14320cd769896afe
4068 12cd0d4f1738b03f
4069 26d85654b70800c0
4070 7f8f84fbaa4a2175
4071 bb26e9cdb42b2c7d
4072 88569464ac93f108
4073 9755f793cd63eb66
4074 310e2de8c845e6df
4075 f40097bd11a8a32b
4076 ab6b6a9ce3f7e3d0
4077 de8a3c30b55cff26
4078 fea02ee194b3621d
4079 10ee126413c29eb2
4080 4b543d3313318db2
4081 540397c79a132561
4082 950e5a5e3ba7123b
4083 41fdc6e8d407dde6
4084 f2dfcb7d2b5a1afc
4085 b53ccf0e47ce849e
4086 bbe34230b4789199
4087 f8d7d46bf7ab361c
4088 6b0101532366c836
4089 9acc9b6e63c14a9f
4090 b2f474403204aef1
4091 4411f2207caf0e7b
4092 d8c1f817acefd067
4093 3190de5b33c26ea6
4094 90534782ba637244
4095 9b21961e3ac09b44
4096 3e675c8190b22674
4097 61b7954772d03fa6
4098 99d499645f866066
4099 194fb22717506e34
4100 34051905a5254766
4101 876d208b2311d488
4102 f2a8f0d54afbedf0
4103 38a4ea4443785f85
4104 59c5e6a9f578cc65
4105 05eac7e9df190434
4106 c304ae296dbaffeb
4107 93e13aabba722f0a
4108 50cf37c55fecd504
4109 a62d6f9002b74c70
4110 054ccff6d1228a92
4111 8534eea9cd28c00f
4112 49875225895204d1
4113 24deaf2fd31870a7
4114 e164e6b3fe836c2f
4115 f8fe94addf90c23e
4116 6ee1b85f8ae3c4f7
4117 c4afa5f046e702e3
4118 962c9111351532c4
4119 88c0d640d0d5d41e
4120 99c8e72836120c01
4121 04b8426a8b167de8
4122 4055952c03082237
4123 1d3fabc9c00c3eff
4124 4f87ba5f4485d627
4125 32ca10f0ab2ee68a
4126 262c4a563f679f71
4127 041fdeedafa705c3
4128 6043145fa724a40c
4129 84c8ac256db603de
4130 f06b6018b0d9a51c
4131 1f26d6f9cc5e6d07
4132 b8293f0a07d3683c
4133 902a671ce09edaf4
4134 432afc42507705c4
4135 07b60e4685189919
4136 eb036138d751f51c
4137 b4045efdd5009854
4138 7ee8f1fc58040deb
4139 1981132d11b25b43
4140 ee9a4389bd9db554
4141 8be84d3937762bca
4142 5c8e6c226654f746
4143 0327c3fca55fc971
4144 1cf1ab95b3c6f017
4145 277b5ac2a4c8a039
4146 9a61d9a7749ea2d7
4147 28b73ba8f1539f61
4148 60f6432206597a52
4149 b65efff5aa885400
4150 82d1db5c6504e914
4151 fc6b83b7b5ed939f
4152 e2519dc02fb6cc76
4153 7d0e75138c2296c8
4154 d6bc21af459d0166
4155 758912086b3ab81f
4156 7e6151070c9dc01b
4157 6de795173696730e
4158 8937d98745fedb28
4159 9c51e8d7d8eb4c0b
4160 ca68a17fd7c009d6
4161 e1e885eccf609105
4162 916636331d0c3475
4163 c503d3af2fe8a2b0
4164 a3be7b7d61eba3fc
4165 7e647b3c2f77b2ec
4166 bea90f19ddc33996
4167 c078ac020e2f6437
4168 d35d954bf042eb88
4169 ef24644fb73d5f9c
4170 8b1eba7aadebb3ad
4171 31cf1e0f2fd754ed
4172 142536be1cd3ac6a
4173 503a3fd354b8cf0b
4174 6dec0dfac969a9f2
4175 d2da32fd053eb160
4176 488e089d549fbadc
4177 0193eda95a836f1a
4178 ed64e545cac7e214
4179 7257dd84434ef6f2
4180 aaa254aea76addba
4181 ea1c2b4966a6f546
4182 a233e7ac7114a25e
4183 a0049b14b81b1b95
4184 d452feb434f549e7
4185 50c221ed1e190922
4186 67fe0a0129655b72
4187 6a7014973bebea49
4188 12519b751b2616b4
4189 66c8fe897aa85f06
4190 44a34ae61e26e043
4191 3658e750ab74b106
4192 41ec16eba86181a3
4193 eb2a5ed2124d972a
4194 0cac5f5052cd0926
4195 876b529eda9837eb
4196 425c2d7771deb8ca
4197 0cad41467a07a1c0
4198 7a25209ee52c2f19
4199 5ab4e1f4b1f6db34
4200 e61b8341d5b05b83
4201 09735ddf2810c19a
4202 5f864c3e703277bc
4203 185a56a5366ccdef
4204 95efa8dad2670816
4205 37ad7a8d4fec67c9
4206 cb4cda267d68673f
4207 4cdfd1c3c396a6df
4208 e6664945db6ec694
4209 043094464a825900
4210 1b8fe27174ad9575
4211 f19781d9e0a7e89c
4212 fecdc1edc4a30a7c
4213 2708765239636aa0
4214 b66a0be3dd26f256
4215 ddbc4f32bf335d40
4216 37192ae25f324bf0
4217 b66acd81511e4cbf
4218 76e31370a04b268b
4219 6fdea2c80249f1ff
4220 71f0a2c10075a374
4221 3f5bd766ce86ea98
4222 7876cd6ecf96be3d
4223 303d242eb9e902a0
4224 d8ff18d1b28167b3
4225 1ecb8586f6a9e619
4226 fe57c9890f6a32a0
4227 afbefc8ba26a7e5f
4228 4667c63d97c8ebbf
4229 86aeeab38b2db078
4230 ff1096242d7fde8e
4231 bdd7771e2b37014e
4232 26f7cabb6093a51e
4233 d83c228bc1f132e0
4234 aa1b80cc7326414b
4235 f186c442b6418b7b
4236 5d5ffeac4160b0ec
4237 ab7dba53c02cdcf9
4238 e4da1c7f36f36a59
4239 b80e2f25b5fc63d1
4240 30161e3797eddea1
4241 5e260e88c6a0d234
4242 5209904e4fd47ff3
4243 3fe3d91b8e1a60db
4244 53bd086df06a9ad6
4245 e3209a94fc529818
4246 fa040d130be43dfd
4247 ad6a626ed9c1a503
4248 0d5a099f1b8aaf66
4249 718a3defde570b43
4250 6be29e84c63e6445
4251 7ca51d459f75688c
4252 d4e54c1c1269b5f4
4253 1a12e00cb257ac18
4254 1a316ae0cb567b68
4255 db4f83c4b1aedb35
4256 26ebd439c0fd65a7
4257 911b238b06f99cec
4258 189ef393b5210436
4259 35060ba67a451660
4260 f0d58a74a28c7292
4261 7998512ae8e5bafd
4262 41f05e5f1c070733
4263 3c03ec65a372681c
4264 af3d4bfeb9d35df7
4265 93aa685ee60dd040
4266 9d0915978e557552
4267 7a1e2193e6ab421b
4268 1d4123ccb88e2972
4269 ff265d4c634b4dee
4270 7e1e1fa215e65510
4271 32317842d5016306
4272 be1539e797888562
4273 bce9dc5355cfe205
4274 201805d4f5bfaf3c
4275 a8d4f463564b3039
4276 048c1e9caed23fe3
4277 1914377774eb735c
4278 47eda887e26a8b0b
4279 74d8675edfec08e7
4280 4295fc25e5340a48
4281 afc791df2277fb77
4282 213b91e8e368dbf8
4283 c25907f7bb93e8b5
4284 05de79660b24c804
4285 56964435dc4f09e2
4286 ecc94f5940c6f2a4
4287 3e122d5bdafe8bef
4288 75210a8bb624f82f
4289 e71ec050cc5baf50
4290 976ad0b3f3244bcb
4291 db64f627ed5daa38
4292 e36b3e7eb7a99e75
4293 74977d1977617b14
4294 74a4370303303e1c
4295 1b934c672ef47efa
4296 653e714e920f2425
4297 8d9fa36a86c8ab65
4298 427bfaa33bb9028b
4299 7fb64b1ba6806040
4300 fca13dc529468201
4301 46533ac534ff1488
4302 5770a9320871b13d
4303 279fa6bd956aee2a
4304 cdec30348a15c3ad
4305 a86965af357c4b91
4306 d3c10e5e21c9ced9
4307 db9f6b7be84e6ea3
4308 a9d654dda897e8ba
4309 a45fd128e69004bd
4310 16099d439ad78d3d
4311 4ae3b5f76998c00d
4312 565b3264c8fa9d63
4313 656af7c887815a3a
4314 ab3d8fa9a51ce1fc
4315 e4f0a5d1200643ab
4316 8e6ed8615e3f1205
4317 3ccc0ad23f42522e
4318 309068f963a3813d
4319 ead0dbf12c3f4d25
4320 df292b050b4ae3e2
4321 f8a439e62a2eb6ec
4322 31e5dcd64d541b47
4323 a9c253a226b541ea
4324 5ffc05fa99d914e0
4325 450e5ed2f70e56d2
4326 59272f66a7e6ebd4
4327 6917f256823b1bad
4328 85f3ee89399f4ebb
4329 4d08ac80f63953f2
4330 c0564a6a0ea59ef3
4331 e4f89bc87fc1b9e1
4332 b5f263a3aa458fa6
4333 97ef5d2e4f373a7f
4334 a85ecd8a7b4d5e7a
4335 9f9beca5e0cd3474
4336 c3bd49d5729e7a66
4337 d4bba14034d38725
4338 a61460c1a4609eab
4339 9f78bd38795946e7
4340 3cfa3cca363376ad
4341 1caf46b9a83e8861
4342 f3e4d0721107801a
4343 b587a075f8bf8ec5
4344 ddcb77575afb07c7
4345 562ec4034485ca76
4346 40aa02c681dfda9b
4347 52a3eb73b178e620
4348 c18ec4bc98112a6f
4349 76f4470d91958d56
4350 c4003006b2d0c712
4351 fbe9f01f8cf63f3f
4352 72e4a7a11ab62b84
4353 a35eb22be360e6d1
4354 4175042c7f1715cd
4355 a698f7b52d19bab4
4356 c6e4397d49b25309
4357 5d6fb879044c7202
4358 7c6da4284c6038ed
4359 90ba265a9153dfc6
4360 8e7383195aee0779
4361 a7b0ff4ec9a03c50
4362 f5da8c5175a3eeb3
4363 e482e89d216ed1fa
4364 45c0fc48cb8c0201
4365 d99ec65db28cdf0c
4366 23aeff48cd6a08f6
4367 7eda040cfa94ac6d
4368 8a1c95b795a551c3
4369 a9ea8e53297e182a
4370 d27d34390447e75d
4371 c12d4da11a253938
4372 445c0054af4f212f
4373 915b12875978d318
4374 4995e555e9766c4b
4375 85f4e01ae35a8eb0
4376 f9414b6640f185fe
4377 00f4981e6807c13f
4378 54ecb3798f32c2c0
4379 9308f585757d2700
4380 40cd60709efa7ce3
4381 7c88f11a5f5e824a
4382 717875e5edba8e68
4383 f2fafbef92c1f8d9
4384 263c955a825ea65b
4385 9cb98a875a9cc183
4386 cfc42a13eddc7a29
4387 d05cc1f5b406fc0e
4388 e1710ed41aaa0478
4389 7d47e1cce2a592cb
4390 a791b60f8a63d074
4391 98575772e78ab531
4392 3f5548afd89cd85a
4393 ad17b77b39523f9b
4394 53641aa624919d6f
4395 cc2af35df5266bb0
4396 3284629b3f24f7c5
4397 41be935f6cae2ed4
4398 d2ae0861db3fd0ae
4399 2c2024af0245c8de
4400 c88a67df348d8809
4401 8db872b357d82c5c
4402 27b0cc79ed73fbf8
4403 c025165933de2b22
4404 036606fecf14c1a5
4405 0b548934efd0a107
4406 373ad1a94c3ba51c
4407 ea5aa3c3e002489a
4408 b494533e2e4bb583
4409 5d63f731f4ed13bd
4410 9664752181d22d63
4411 500fdc8c91d9965e
4412 460c8648d4120c18
4413 5d26d9f409c78aea
4414 67dec0224f69d319
4415 1cb4aec32d398697
4416 68b0f1b16ba19317
4417 278e5765a04a00ac
4418 6761a8a81dbd4945
4419 9022fc36c72eeacc
4420 b5059740c0cb83ab
4421 84f08cd5073e1ece
4422 4cd13405c93b3ce3
4423 4d993967df528d99
4424 1c5fc5481bb7e075
4425 c4063e8cbdb452b6
4426 f03564ba307dd658
4427 0ffb84ecc8789829
4428 7e4326255203d4cc
4429 970914f16f5eaade
4430 0f519914911cb164
4431 b4f500ba5b53a45f
4432 bc9a2868d3879917
4433 08dc28048440811b
4434 4032ae56298c1fdf
4435 c6d7c90016f59895
4436 298f9dadd1f0a0ce
4437 15013da8f63db074
4438 de63467a168783f4
4439 1ad820388b0fccfa
4440 935b06ebc8900498
4441 e77c151830f3230e
4442 d87e6a46c38135ef
4443 d053ad2d5f0d699b
4444 188f15cb63655a8a
4445 6b3071b78253e290
4446 4803d57fb74b9413
4447 1553e0406e983bd4
4448 241b76bab5b959a1
4449 98da35642ec64fc7
4450 bcc06911356912db
4451 0a9b0226ad91c111
4452 a0a2cd07df65e452
4453 8cb6b889d52d16bc
4454 662970e2afb779ae
4455 9b7047ecb3664ffc
4456 92761bc6be837428
4457 1e35fb43f88f1a5a
4458 af37f8c4025d6e8e
4459 090346c10b2087b9
4460 45f59feb77dd3099
4461 65c54765b5df0916
4462 da5c1d19ed2b8798
4463 0127fb05b63bcdb0
4464 40f68079a23fab51
4465 e4006e5d0674afa1
4466 c282e11823a15a59
4467 e273f7e8192cd31f
4468 5b6a5c55c4bad8dd
4469 d4fb0e310bc5ce57
4470 7e60e63cde824723
4471 068d460c4d8cf8dc
4472 7beb508959bf857d
4473 04ef0b0e0941ecfe
4474 efb0a457f26043c8
4475 879e3bcf7cc4ed09
4476 91131bd42b30da25
4477 b7c5df51713711d5
4478 3194b903a692099c
4479 543d3e8432c1c2a5
4480 e123055ac362fa7e
4481 ad1ca62209089fe0
4482 4a23079c419625ce
4483 66f97924cabf4334
4484 0412a92e14d0362e
4485 81184b7c769aafd7
4486 68082d891891e4b4
4487 7904eef11855b0ab
4488 3aef0de4576df6aa
4489 050b125d879d7a2b
4490 97fdf0b6a0837690
4491 7ae3935cb9dd02ef
4492 af8b77a70bdc1ed7
4493 fbf001d24c03f512
4494 ca034ef4d26fa63c
4495 beb1127f9bcfb081
4496 b3ae50cd1bdb1174
4497 7cf24bdac9dbbdb9
4498 6952a6dfba57f004
4499 0f3778d82eebad6f
4500 03ed2367a5ce0319
4501 b0c411d92a1239a4
4502 1dfc9f1f4a75aee0
4503 605ded70339a0c5b
4504 e1150858ef04b941
4505 9a7f6a135ec04601
4506 8c2982de460fea21
4507 1007ad18770b8b48
4508 6fc99d344aa42804
4509 f2bd5be2eb59e885
4510 46731e7d92f3960f
4511 1d8cb60c5cad6723
4512 009935f5513ca05c
4513 12c122039546ba1c
4514 cfaa22b0951c58cb
4515 171d3353d6213f3e
4516 021bb557410c6aba
4517 b148e17f7c0a9be8
4518 d73694d2fb031864
4519 9cea61a8533e9f55
4520 8670d05c234093f2
4521 0fce8c81c7bb3f36
4522 b8def9209e696908
4523 3f9eaab138663f56
4524 df528665be0f6c57
4525 8d2d873718cf97d6
4526 7cae119a80f32b88
4527 1eb4ae2a4462cfa2
4528 847e4a9296ba8c52
4529 16368f16da5275ac
4530 7e12f9f540c1d0bb
4531 2a5eda7b0da823a7
4532 1e695e32c969e9a4
4533 078b5ec8a38306ab
4534 d998e129934fa333
4535 b47a79c3227b2f37
4536 66cb1f2a0af04b63
4537 9dd04660347027ae
4538 30a5d27a076f965f
4539 a691e881f5745bfd
4540 e78ab0a3c8a19163
4541 50da3367d8c77caa
4542 1c501518a2fee825
4543 a80b9ad90a943d4c
4544 4e504be98afd19b4
4545 d81395d41f249966
4546 5e93e53e50b6c552
4547 2901b27ac17fff6d
4548 70363748858793d2
4549 9305815ef80574f1
4550 9a422ce81fc9dde7
4551 30406629f6f5f35d
4552 3bc97ddb1f1fd4e1
4553 b1f190b8978e174b
4554 f61d5f4dc0f89bef
4555 d7451e8cf5dd6e5e
4556 a466b72764637f3e
4557 c0e9920709a9c174
4558 3817ac96261f43d6
4559 156dffa100b92419
4560 58c4e8f1878a094b
4561 97480b9000ac792d
4562 49447111beee832f
4563 0e6e43c2ec02fd61
4564 c099f865e40c8c0d
4565 4708fb1d647f3148
4566 2e85b5f08d4b0388
4567 89d1e419678adfa2
4568 89140ced7d31c333
4569 0df6f050be3ee140
4570 167f1cf74b5671cb
4571 47d1c469a4ea2f33
4572 574beab5a4d27738
4573 b5c1e2a1b6e88902
4574 43369d7cd0b5d9fe
4575 04e5febdfaa41d19
4576 48c0ae535bdac121
4577 a9f2e5e26e29a664
4578 3e7aefae1725e5ef
4579 5d60d2d643bdb38c
4580 999750f77fdd8afd
4581 edcc530bdb69a66c
4582 f261b7672a1a6af4
4583 1ddd47e260ae9fbd
4584 9564a8e4b0450059
4585 6cc00dd7aa616b76
4586 1f3e6527c3a91268
4587 65636794c48d17d4
4588 ec036da307beaf13
4589 ba1e153587e4d30e
4590 d88d675f2384699c
4591 c88ddb139bf4de7d
4592 961beaf763e93bfa
4593 733f0c4efdae2bbb
4594 0450554f5c1e96e8
4595 9139330a8b8793c8
4596 fdc3443c3fc47e7c
4597 7b30c84867acaae7
4598 ee62e6e3040adcfd
4599 184464b2632c34a2
4600 677730d3cc6dcba7
4601 4bd21390d0424d1a
4602 1d64e0ab1ecf4c8c
4603 8d005ee0060b78c0
4604 0a2e55d02f62910b
4605 f8c9488890f80f6c
4606 a2dbf24e96c88215
4607 607727d4af2243c4
4608 5ed35fe12aa4a642
4609 06609eaceb8b6daa
4610 88bbfa73182aac1e
4611 47fe47d5af237dd4
4612 55a54bfbcffbbb79
4613 9f6e9552bd907c8a
4614 49d83c03a4c71dc1
4615 2225409a8c590367
4616 c9c68b3cb049fe75
4617 36743d4d517cd648
4618 cc537ac64938ecfb
4619 8ea81753af32c470
4620 24dc268101dba471
4621 117d145324e94b1f
4622 2c1651f241211bf5
4623 2993c57668565197
4624 bd32f6c1ed4e9db2
4625 4abac96fbc4381a6
4626 f9e2383dce3cbea6
4627 48f7345f7c6cf83f
4628 6e3305642f7ae899
4629 358903cd86d39e25
4630 bbfe4d9d736ac19f
4631 1cec8aced6b27691
4632 02bd153584187611
4633 2cf45130d9a954d3
4634 30f1a36e72a2167e
4635 eec8410b5f3d81c9
4636 af4a6b0dac631a55
4637 e74d41a27059ee22
4638 3818cf5e79e669cf
4639 48d21dd24a80cb3b
4640 7b0e3c84bf037eaf
4641 6077d94bbc0f1290
4642 6a8568b666739922
4643 1907252907add4ff
4644 692754176df304ef
4645 526bfa756c50d483
4646 463752c52fef54b2
4647 48bb458cc927db93
4648 efe2ed976829be58
4649 5a3866794cfd42c1
4650 7a52a03c7581c1b9
4651 2e5525997f325c62
4652 c78c57a429f05467
4653 81a5f26c8c02a192
4654 e11e7d52abaf8b29
4655 79a60b412bcd1cdb
4656 38df341e76aef9ce
4657 a4fc86ac5096bd5e
4658 7732f891b90b6635
4659 b1185807a899df0b
4660 9b320d4709ef1bdb
4661 efa466246570f91d
4662 d1e9b9cca9de1eb5
4663 c6bed40f5bc3353e
4664 3dbecb3be0e4a49b
4665 daa8dcbd3f06d11d
4666 2539f210e5c45619
4667 f168d88db3fc142e
4668 1a25cb718658265f
4669 db0fba02a1f99fc7
4670 92c660ee959dbce0
4671 f3f833ddd3c31829
4672 0c85f7520329f533
4673 f256ac4967b899b5
4674 e98b29df47df82ef
4675 10610dc2f0948bf6
4676 fa81f21ab479e55e
4677 1724f8d9936875f9
4678 2675e65b81993d41
4679 3788a02a68c0fc80
4680 0e14065618571465
4681 cac700d3bcf732e0
4682 14a0e18823feeb91
4683 7226f36e36fbc80f
4684 a96211b6df477d49
4685 707186cca1b29acf
4686 bb7c96d92b20761c
4687 a33de6c1b2ce7711
4688 44c7dde86bc25e55
4689 438bc4a8c71c800e
4690 6165f95d94c3aa67
4691 2d83906a8d247f21
4692 d0a56404395529aa
4693 5e1bb121783a7efa
4694 789ff4d3f6ac8405
4695 0f946b25d6d9148b
4696 3f101b84710028de
4697 163c51167327287d
4698 8f341a04ad2a45f6
4699 5214eecf8c38b32e
4700 1d09d3fc7f60d2c5
4701 26df3939e42f5fce
4702 54b4f8ec18b49075
4703 9f093b807832ee0f
4704 10f340db6d40caae
4705 8a55fa3a87a65962
4706 e047a021bf75b659
4707 ac836c9e17081efb
4708 e937b179c66c2790
4709 6a725f855fb81cb9
4710 3c61ffa97823e7ad
4711 afb65bc4c44a9030
4712 f28fecd138226f7c
4713 854a9e24740970cc
4714 886ef1a6da2c7e4a
4715 bee3cdfb1e7f4fb2
4716 e030596b81aa4fd5
4717 01190040c0882277
4718 eae407999790f10a
4719 eaafa4c1d517e493
4720 a01b0957f65c6aba
END 4720
