1 b9d103fd6854a325
2 b9d103fd6854a325
3 b9d103fd6854a325
4 b9d103fd6854a325
5 b9d103fd6854a325
6 b9d103fd6854a325
7 b9d103fd6854a325
8 b9d103fd6854a325
9 b9d103fd6854a325
10 b9d103fd6854a325
11 b9d103fd6854a325
12 b9d103fd6854a325
13 a23408d287fe4c32
14 b9d103fd6854a325
15 b9d103fd6854a325
16 532e03fd6854a325
17 b9d103fd6854a325
18 206bf4cc87271b98
19 b9d103fd6854a325
20 b9d103fd6854a325
21 b9d103fd6854a325
22 b9d103fd6854a325
23 b9d103fd6854a325
24 b9d103fd6854a325
25 b9d103fd6854a325
26 b9d103fd6854a325
27 b9d103fd6854a325
28 b9d103fd6854a325
29 b9d103fd6854a325
30 b9d103fd6854a325
31 b9d103fd6854a325
32 b9d103fd6854a325
33 b9d103fd6854a325
34 b9d103fd6854a325
35 b9d103fd6854a325
36 b9d103fd6854a325
37 b9d103fd6854a325
38 b9d103fd6854a325
39 b9d103fd6854a325
40 b9d103fd6854a325
41 b9d103fd6854a325
42 b9d103fd6854a325
43 b9d103fd6854a325
44 b9d103fd6854a325
45 b9d103fd6854a325
46 b9d103fd6854a325
47 b9d103fd6854a325
48 b9d103fd6854a325
49 b9d103fd6854a325
50 b9d103fd6854a325
51 b9d103fd6854a325
52 b9d103fd6854a325
53 b9d103fd6854a325
54 b9d103fd6854a325
55 b9d103fd6854a325
56 b9d103fd6854a325
57 b9d103fd6854a325
58 b9d103fd6854a325
59 b9d103fd6854a325
60 b9d103fd6854a325
61 b9d103fd6854a325
62 b9d103fd6854a325
63 b9d103fd6854a325
64 b9d103fd6854a325
65 b9d103fd6854a325
66 b9d103fd6854a325
67 b9d103fd6854a325
68 b9d103fd6854a325
69 b9d103fd6854a325
70 b9d103fd6854a325
71 b9d103fd6854a325
72 b9d103fd6854a325
73 b9d103fd6854a325
74 638981f5a8e59349
75 086042b8387bac83
76 7a3a349315f8b09d
77 e21a3cd5bf96b178
78 6822c24cb996b178
79 467065255b96b178
80 4cf857f40796b178
81 241a3cd5bf96b178
82 6822c24cb996b178
83 4cf857f40796b178
84 4cf857f40796b178
85 6822c24cb996b178
86 b7e532a45f96b178
87 4cf857f40796b178
88 4cf857f40796b178
89 6822c24cb996b178
90 467065255b96b178
91 4cf857f40796b178
92 42dec6bc948e0bfb
93 2b7f22143fc7a486
94 099d1a0c2df318e0
95 662fadba3450ff1b
96 8d5d54b7c738e75b
97 d89d4aa64041166d
98 58a1f32ddddf3572
99 87809ff686ce4c3c
100 59aef05e3f685a95
101 9404e866f4732edc
102 dcc0c0f6ccf6efc3
103 0495a29f4543ba0a
104 f52a0f92464f6691
105 63946be77c434588
106 e44839b8a02ae00f
107 a518e72c8f1e2256
108 e2fae533bfdd853d
109 b8848a2c5e604b84
110 f31a87635b3e880b
111 3541056fdcf49b52
112 ac2698998df24d39
113 df836db0d4fa07d0
114 fb3688dd00bb04b7
115 dac950b77102cafe
116 79509318d1280785
117 3ef8f027b7ca1ecc
118 60d8ec0adf62b2b3
119 60735b33bb9344fa
120 2c1c81e7cf311a81
121 214f03164e1c3278
122 9a4bfd2114fc6eff
123 06e6cf05894d6e46
124 e94873c32ca1042d
125 07a55767cde1da74
126 3b3fb29286d8923b
127 06db8f383f0b5882
128 a9328eab1dd91e69
129 95bee39a459f6e00
130 d2f292b5db14dbe7
131 c56777d934a5702e
132 d7d8be652ea7d3b5
133 f39805f0ab9699fc
134 643f25d9a67881e3
135 23d1bdf1de282d2a
136 6011f944e81043b1
137 017a48b1d60ad7a8
138 0cd40e7d6f29332f
139 a58f9ea01b166d76
140 2dfc8e341c23a35d
141 6d165207731dbea4
142 084251c0b69d852b
143 1bb13b274beae772
144 6ccb5faf390efc59
145 11f86b0fc2aa80f0
146 970477b5773876d7
147 42062218b612781e
148 cd3a7ea3e688eca5
149 9f0ccd58d56e28ec
150 665a2591df6e5bd3
151 f459ce71b6fd401a
152 2d1de722c9c4d2a1
153 84fc23da7069f798
154 6b545f1ba1596c1f
155 e892d4aa8d4afa66
156 56812b2b3342114d
157 1b52509758d09194
158 79adeb7e6ddcd05b
159 6be6066eb3211da2
160 d9f4510452f9f989
161 887ebef01d8a7620
162 0e0bcf3f4246ef07
163 c45f061140724f4e
164 181b20c13f4665d5
165 64813b3c2ebeb31c
166 85accbb239fe2903
167 d27f1c0e431abf4a
168 d0c9c8940dfa9cd1
169 96251a57fd59cec8
170 12b15bc893b5e54f
171 b2fa2472a9aba696
172 b2f1520a6d27ee7d
173 67cc6759216742c4
174 aa085f5b14e3704b
175 c4fe8f2cccc5e492
176 367cd73d5e376879
177 9b2a5c9f69344610
178 77408e091f3e01f7
179 37c509649db9443e
180 f9ee2ddb6ff691c5
181 33675fad5a89260c
182 9a6258f3096a97f3
183 2a8b69644adf0f3a
184 e0737b80c81a5dc1
185 648a57ce2c5769b8
186 1b70b63815a7153f
187 2408fd38c4ac6986
188 81869e1ebecf296d
189 4f6db557eb048eb4
190 d111f47eb8b11b7b
191 5d2d955dad05afc2
192 f90c4d2ccfdd50a9
193 b0f3ed3d7b341d40
194 702bfdd2abf7c727
195 1a1d7aeb516bce6e
196 eaf5e30a66831cf5
197 74912847bbf5c33c
198 7a8f530b73dc0623
199 fdf43fa554227a6a
200 8b57c191ab42d6f1
201 d1bf38fa7866c1e8
202 5a1d34e13645306f
203 968dbf7db49358b6
204 db1dadbcd4c1359d
205 fef918ad50c0a9e4
206 2e9270add554a86b
207 ccd66c918b8e3db2
208 73faa3df39016599
209 60a826a2a630d830
210 24c7be835603c717
211 4d90d5a0923b8f5e
212 5db711b22134fde5
213 b2ccbc13b3fd032c
214 926959211d7b7913
215 ea9279dac58e5b5a
216 67222a69ac69dce1
217 acd739b701a5a2d8
218 9b47c2e96dba315f
219 875468cfd17d52a6
220 c4cf01e7bf2c0e8d
221 a8004e43b28d8ad4
222 bf29ee16f849749b
223 d41742c775bfe8e2
224 534f94305601dec9
225 57e7cc6f25738460
226 35a04ac5cb93d247
227 033ac0751ede988e
228 3643fb4e5a57f415
229 f2f4d7744e0c0e5c
230 e31c25d293054643
231 c65769bbe0883f8a
232 cd956a0182cdb411
233 3e914abbb8119a08
234 08b501ba5b03298f
235 68b7ae3a77180fd6
236 282560a8aff1c7bd
237 d94373e22051a704
238 d00222afceb91b8b
239 3594ebc50125c9d2
240 14f9cd533025beb9
241 2c2e58c59b5f4350
242 2287df2086165937
243 effca735eb0de87e
244 5679d48628a6ff05
245 fda2d80ae5e6494c
246 c25a67366ec77233
247 74eea4761494587a
248 e8afd61ab0299501
249 8a8d202af8af67f8
250 576023c75adc2e7f
251 8e8243ab80d5bec6
252 cd4fafbef982a5ad
253 b144bd2629c46bf4
254 61137cc632f8e6bb
255 ceab4bd2d9e5e202
256 a8e2fb1f2453abe9
257 ecdc0450be8bac80
258 c0d2918812412567
259 8e24488aef374fae
260 4dcba5900e176635
261 77277ca95229157c
262 0358c40f783eed63
263 65f68c03b8eed1aa
264 be5421eb26196131
265 74a6be48a72be528
266 533593f4aa38a7af
267 bd84c6282f3066f6
268 13d9b7c9c2c450dd
269 c695bcc636083924
270 8521f5644f9ce0ab
271 bc95cd3ffe48a6f2
272 4756463c43e638d9
273 6b9d121cf9c65c70
274 c569f3ccb87ef857
275 7cb89ec210b9689e
276 5580a8c5a8f8d425
277 419fc5903d5c0e6c
278 78c27bcd20462146
279 beffbf5a1cf226b4
280 12e2e4cdde915b96
281 891d43ded984b12a
282 008425faabebcd5d
283 7dd04be9ef0b57a4
284 b26181d91be6bd2f
285 55a5f7dfbe172476
286 e8f91eabb4247979
287 0a6778a6acfed010
288 ef0fd8d82c6ffa4b
289 1ac81991657eaa92
290 5569e3cbab073bc5
291 9b9b888a85ace50c
292 0a5fb98776ba87f7
293 4111cceb67b90e3e
294 78d2d76a566c34c1
295 8f44400f37570eb8
296 6e507d69017461f3
297 9efda1aa6417d93a
298 885b3ff6e0bbe26d
299 16f08ef9ea46a8b4
300 1af16c91ea200f2f
301 aeee1e5fbb0aaa97
302 4e8ece9a1f577e68
303 3b6e890139818971
304 142cf6b29017d7ea
305 8e205af439ea08a3
306 a35bc75190d079d4
307 d6f330e11f9f8e18
308 a1439b3f6c74f9a8
309 59698c2a43d2c6b1
310 1f0bd1b1d62e1bc0
311 b556c7ce9a5d3b29
312 ec719a79a0f57c42
313 34c30a7cd67d6ffb
314 660da00b6caab0bc
315 a30f34d4692a9475
316 7132026c0b638cee
317 f76b08373ec0fba7
318 36c91d0d8cad9738
319 b3140f5800470741
320 2880aa7a3f50ffba
321 2e5a2958792e9073
322 4d02647e725af034
323 342a16e6beb5f7ed
324 113b56bc0b627906
325 65da2865162625bf
326 53bce32e6235ad90
327 29ebb798bb4c8ef9
328 1c69783e004eb812
329 bd7bdf20f04da0cb
330 2a3dce834734988c
331 46797075a8610445
332 b26ad6729bcee4be
333 dd2188c998dd7177
334 6675d7bb06362348
335 10bf798a3df67151
336 72f43ce0053bddca
337 a6b2ed5cac32aa83
338 1185dcd10ea71244
339 c718dbbcd4d77dfd
340 f1f9aeb4761f3b16
341 03702fc8361103cf
342 f992823dbf071ea0
343 e55ab0bf93b0a209
344 7d1e473eee34a822
345 ec25932cc6ea42db
346 71608e759d250b9c
347 842935f4d48a7755
348 52074f35cc0eb8ce
349 d1cc24138fde4f87
350 b75b55aee5880b98
351 dd0bacafb0de6ba1
352 febe12ea4698f01a
353 eedbaacc8d9064d3
354 7cd805beb5cab394
355 50d75cbe1e15054d
356 d13fcc6a09fb7e66
357 509db5509d46111f
358 8b2841f1e25bb2f0
359 d2567271a34e3059
360 4c5d9bcf0cf91b72
361 6f6681c58abbbe2b
362 d7ca12755dc9a5ec
363 87663cace53f1ea5
364 9b50a08d22f68c1e
365 d24933bc557baad7
366 765c90ce8e1e3ba8
367 5c94cfbd7d6bb5b1
368 65caee1b177f912a
369 74d30520625ad5e3
370 550cac267ac6d2a4
371 a23c0fa36987945d
372 5d6317d2472f9f76
373 5797be9ae4bab72f
374 ef74ec899214d200
375 ed74d935494cbf69
376 494594408fb21582
377 117f7f95ff01863b
378 deac7f499dfacbfc
379 0d22181b8b0f37b5
380 908b52e7dcd5f42e
381 89d4cfa8d1be0de7
382 16d482d9eab55f78
383 3a96fe5d66500e81
384 4f633073f0ba05fa
385 f8c424512c172fb3
386 231b89f7b83dee74
387 51394ad5e626762d
388 a15edf934cb4d246
389 15b655ec5516d2ff
390 0edc03d89b6634d0
391 4623bdf35c995e39
392 70f1bdf4e285ff52
393 ecb9937fc518050b
394 7ec5dc945f9052cc
395 e40c00cd612f6b85
396 9e59539e6512acfe
397 37ee26c9e2bd18b7
398 b3f67fb5b4df8988
399 65c3bf285480e391
400 ad8f462b20b4770a
401 7577ae798a4203c3
402 580d73ed81787d84
403 febd8abfb259993d
404 67f9b7a5cd498656
405 d9b112855842120f
406 299ae467eb1c7fe0
407 c3a45d763af6d049
408 0a4ca0076b153e62
409 1bd20c1f54dc981b
410 cbaa6f6d4deb72dc
411 edbb2a9064ceac95
412 caa0609d73b5660e
413 ab9d69243a91bac7
414 088c7d087c5cd4d8
415 21eee9eabac7f0e1
416 4eea799f781c6f5a
417 0839450b0454eb13
418 2431579afc230ed4
419 0983ad79d555ef8d
420 e3fae42ae574f7a6
421 50b366c39d02b55f
422 f62addf8e2551c30
423 343f5b368dbb8799
424 927e3cb06e4ba1b2
425 278ba1c130f2dc6b
426 f0b12d5c6ef6e42c
427 b61a1f7c0e66a1e5
428 0198d4beb395805e
429 96315a360ebe0c17
430 b71a14c2514f45e8
431 b6be0306602e3af1
432 c3a43337ef2a9c6a
433 fd87bbfb515e1a23
434 97dff489e7b14ee4
435 b95ea7c14a8dba9d
436 c1b792e72ee1bcb6
437 c2d1626e0364216f
438 ec60e68fca534f40
439 6aa338783407d4a9
440 6be9450d740bc3c2
441 047242993146fd7b
442 793faf4da7cf673c
443 3ecb34dc6073a1f5
444 ce4307cedb53536e
445 c806b6c4906b2b27
446 316a796d02d69db8
447 69b0b3776f138fc1
448 2650cf685cd7233a
449 2bc7b1f3e511fbf3
450 4851b59b052357b4
451 6a4bce98db8a5d6d
452 0662697fc8bd9e86
453 71454a9672222a3f
454 73cd541918f5aa10
455 370ac46809c09c79
456 bf5b3798c98b5692
457 a32f98a67f65844b
458 9562f343fcff1f0c
459 56c1d444fd8556c5
460 34980492dcbafb8b
461 537937d23bac16db
462 4340bd61139135f3
463 2561dfd44f092030
464 1a0d216226213ad1
465 7bd13d581a1cf8e8
466 ea5dbad20838b168
467 3dc8c93f95874b4f
468 8a98d80df62fc961
469 48e449c805e16988
470 c197ead1e0ef14e1
471 1409ac7d7914f196
472 4a9abdba03b1d924
473 d3c8337ef9a48b0f
474 9d9f2f672ce60474
475 e504c03faa65f35e
476 f790e0e48c0b60af
477 9aef99b4518ee9d4
478 2d28820e20fc3286
479 1be0c56e7fcb81c2
480 dfd466271ade8c99
481 dd02971853965d89
482 686f9c1f1f7eed3f
483 2f6ad40f0ab0d3fb
484 7e8feb7619766131
485 eed40401c74c0e48
486 4a54bb6aced321b5
487 b4b11c46b55bf2a3
488 4bc73dec8dc24ad2
489 958fa6956bb19e23
490 8f90d2c350be6355
491 c33bda4cbd24ca98
492 2bf54d135f597191
493 f6e635baa79a00eb
494 f10aa307a75dbf5e
495 0d18d23fc127ca63
496 75fc0f9eb4a85459
497 083f477c583d0643
498 a098209bb26c0d6b
499 20b214e5faf96534
500 10bb9feb7e80037f
501 0a1bc15b9dfaf44f
502 6821e8902eb90dfc
503 50ef6d682e093f37
504 3dbf9028c5f62046
505 e9e7ad5a3a68a284
506 c5a582fc6008a5c7
507 da6268e19b0db216
508 ee31f950866b3814
509 8c76f6e906304e3c
510 964467b006d537d0
511 ead649e663da016b
512 1456cc88940fe871
513 8400593daf29eb23
514 7004cb3064479b75
515 c99e3f5890678ba3
516 bd18977c633efc22
517 6b8e57dd8fe01583
518 9c59ca955cfe3ac5
519 303cc5f601392188
520 09955796f2a843f1
521 aef2c0df5f7ee4db
522 995f0b649beb491e
523 276c9990915e1583
524 03966dfff49d3a99
525 d667be3327730b80
526 e10fc72e8e9cbb25
527 89e50bb2558a44cb
528 21fd5f0e485772fa
529 7844853cf673adeb
530 a8e710cbefca95f5
531 7b9043b34676ba80
532 4248483fbcc62f09
533 afdabcda53d04430
534 3c68e2b384be220a
535 479419c7723a60d4
536 77bd3dc9a9ecd79f
537 ea4667e2b686744f
538 b3ca5ef84126143c
539 f981734198408e07
540 81d28f060c989486
541 adf2304ff1933554
542 cfd77ae6a64831d7
543 a87c46e482b5b836
544 cae15605473d54b4
545 73434a60c948d64c
546 6b3ea1d0b09fb0d8
547 322694af41b3ac88
548 d672f3c2e0bff4cb
549 201a1ba79dbf6d44
550 31c0fc2659169126
551 f9a165051843398c
552 deae8a17a481b0ae
553 05ef0982e1e6ea83
554 89f52064bd3f92a2
555 9b7fa3668718c354
556 49e86e5139244f41
557 cd717a4d9cffddb4
558 ae8438a98b51ee02
559 6e390cbecd701283
560 43d65cb38b72af7e
561 a86f319f4aa43c7c
562 1e132389d9fde765
563 70cd0dcbccc79744
564 3fc2d1118d3364a6
565 bc9cab81a102790b
566 48a4a16c82841ca2
567 9a9eb41b14849eec
568 302330eb8977cbc9
569 48c8de2e4f7b0a3f
570 1970038ddfef2688
571 026af7f744a6395b
572 631977941ac54b00
573 cb573d2fc2ee82ec
574 2ce5a4e3585bab53
575 60c58ffd825cc5f8
576 8911c3fd247cba0d
577 f373213b62883e5b
578 5a08b60dfcf34f28
579 8f845c5a5619849d
580 fab4fea26fdf5dcb
581 997ab8f33ffd3033
582 8ee443ce9a852e37
583 f697aa1c25a32c0b
584 f3e1c6e2840f344b
585 684e7f35bfdce534
586 5a7aed5eed5c17e6
587 a0fa6192c3caa88c
588 373958fec1867d9e
589 2474e106fee08ae3
590 a7961b4c752f9062
591 508242790b3dc774
592 cd03c3d9e58322a1
593 7e448ea198695ec4
594 ecf639aa04cb5f52
595 39e5e7ae704b65c3
596 97294231ed7eb74e
597 7ce2c424ff349f4c
598 e9fa956d941417b5
599 cad8170648c4e544
600 42236c5d6a918906
601 e661dfa6794e30eb
602 b6b5b01cecf3ec72
603 60f208954ef7e98c
604 a1a8e8790616dd99
605 19c6c4110781b27f
606 1ae7aa6104470aa8
607 83183f7fb2d8311b
608 418f81dcc4fca890
609 b82f1f953785ac6d
610 77962bc142032a3b
611 f6b593e10020e6b1
612 299676bc70f3d876
613 6516160aa2532f30
614 c25d1af3da347d34
615 912d128958739169
616 cff190f0cd46fc35
617 4c27e657c1366aef
618 b5c3731cd03f8317
619 3a13dfcf5ab788f3
620 6f8a1d1f7d1f7dbd
621 c9ffad15df9b5d69
622 5bde33ffc8a5ede7
623 a6a8d2c62f6ad6d3
624 d593eeeb0feb8784
625 3b7df626190d9107
626 9b1121be5b2d676f
627 623e38be26f9738c
628 37d109f7ce0b7ffb
629 f6b2a16c63e2955f
630 3c2ca85b7a91dc38
631 69ca4063adae8203
632 36fa1bf5d283d00b
633 60b5d9bd7982e1f8
634 e00c81c335a014cf
635 5dd6c997d500f213
636 7c4c0283a088d464
637 18f0efb4bfa9c13f
638 a7b374b22e75fb67
639 e2b6307830d555bc
640 69c039d5fbd8e1eb
641 e7cf3937a86d4fa4
642 cb06fbecc43cbe54
643 d3f2c33a68812eec
644 720c7b4f58269185
645 19102db3bb879457
646 f12af59c48aa4ff6
647 2cd081ef4fba6927
648 1be186dd25d8c470
649 85592368ac1cf020
650 345dd0b928865bcd
651 30c0a3806ca56b72
652 64553b2d3fbfdd16
653 9ad0f5a62268c2b8
654 d9c694dba1c1db36
655 cd0769f6a45611bb
656 1e5ad5dd076190f3
657 e00eca2e85d808fb
658 5ca68f48777270ff
659 2f70264c33c811bb
660 91320afcf1a5275c
661 17656cb12ec81f27
662 c1b9f969c20011b7
663 7f2561ef2970e334
664 0593ce1a32847fe3
665 966de347d125ba8f
666 a1fb9ef699a68ae0
667 bdf76d6d221d605b
668 8d8f53e89e821803
669 f9407295a5ff07a8
670 21388286d5536747
671 ff8fa5bcc0eeb85b
672 893afffa7e6a266c
673 0776f35e3756e14f
674 9e6b89e33f65f13f
675 dddfedfe446d1a94
676 fd909aa532467e53
677 6f2ce74980ddf7f4
678 03216ce39c77b70c
679 198c9252d7a43134
680 c75d34070f81d12d
681 6da39d82aa003f87
682 4e458366ac52fafe
683 fc0179fb6ba1539f
684 6bb3b8f948b7a308
685 c3d76104809d04c0
686 145bc00c035736a5
687 1baf703f6c4fc5da
688 9cad3414569cd12e
689 9ff2ecff5824e138
690 d9a49b22254eb93e
691 2aeab3846ac35a13
692 bca49b059b3bc54b
693 22b40cdf1d29b4ab
694 4f7bdacd12d6b0a7
695 035654bec9763e43
696 8a10ba83148dae04
697 701b699deaf3bcb7
698 d2259c58b181863f
699 c64b264e0cc3818c
700 5ed01ed73b3f48eb
701 1f7a48e1405762af
702 9e7d4b073e43a1d8
703 48573360efdba6b3
704 aa251cbc2d06d96b
705 aeb62ff96d29fd88
706 333bf0caf66d249f
707 1c58fb4ae9312fb3
708 70a5f57cd066e654
709 ddb5126bcfa2e3ef
710 a1939eb46717cf67
711 8bb8f503c177494c
712 c0ad9cf356438b2b
713 78eacb6aacd64434
714 2987a9ccf08e2614
715 418a1428d73a02ac
716 fb8b17d1ea4f6175
717 2da86ffb7c2b6837
718 b377537cc5094296
719 1d30144f94b5b037
720 ce329f5b34bbfdd0
721 1affeedd5b867210
722 6493cac4884197dd
723 a58caac9b50c56b2
724 44be20c7f8d9e966
725 c8380f282732f5a8
726 84a2d7aabf65d7e6
727 acded6f1cd9c2c6b
728 61d422817451c773
729 4ea26a028134e2fb
730 b08e8c86e4033f2f
731 9fb5727fb32d92bb
732 41059b148fd95a6c
733 79133ea3f0f9d8b7
734 4ba3c32ecd6d5277
735 75b1d15e63296b64
736 090ae57de96c5503
737 380e569b2566499f
738 702a182436843a70
739 728b8b6eff220a1b
740 e3d26cb09b5db293
741 4c318456f547b678
742 ac342345bd780f87
743 d8ff9e9235f67a2b
744 0c5d7b8afade5c2c
745 c59a25bc591e0ddf
746 24f001bcef45580f
747 5101a29a8214f254
748 88c26170f66b36ba
749 bca353f4735a038c
750 127206a5aa1361b5
751 4957e9389faeaf66
752 2da9e469fa13139e
753 65e6d6eac5537c1b
754 95bc68e286c8a50b
755 4e13a33c5db98181
756 71f8b52002d1818d
757 078a99cf841b2580
758 c567e5119c997257
759 90e4de2603611768
760 eb606e71971a883b
761 3ceb1c2446548d75
762 cf976cf7ece4e80d
763 09479cbae85a93b6
764 2c71518d348f7aa4
765 d51fddae52c134a2
766 927192e3de518ec0
767 b7def5a491a1d249
768 b31d82f8aac42210
769 6fd66cfc8b280fc2
770 fc5dc9f90bef767f
771 a1145a5abbc6c296
772 68f7c1bbfb420de0
773 ccfdb83c6a9c7cd5
774 a1d4e88768d6c9d0
775 6761720272ab123e
776 dba4123413860d7f
777 ec57efd005894b42
778 ea4cacd860d28fa0
779 7f82d5f721b03cc1
780 e15e5dd5a6934150
781 6ca16b575691ecc2
782 3f8a9de9e46b60ef
783 41843c1fc496df8e
784 22aa9efe0da91a50
785 7e7ca6a92718c0ee
786 846cf15036bb02aa
787 94c909db2fd66c81
788 c2d603b943464526
789 959b8e6d99ccee7a
790 24899843de8aac59
791 64eb33b808fe68aa
792 8720db35b40c9c9b
793 5eace146836a34dd
794 52eac921615e6fda
795 bea51d81c69105c7
796 b26614de9c56b665
797 44ed11d5bf7f972d
798 31811df5d5c6b379
799 ad6e697e07af0376
800 17c7b235533e5cec
801 a4bfafb8aed637f4
802 282b5e085ef6f4a3
803 30529544b1aad479
804 2d06343fc98d62a2
805 812ac345ae398c54
806 6bd7cf1e489e63fe
807 090290365ff76b4c
808 3f71de49856bd67a
809 f7ed1797a9f88454
810 05602474ce3228fe
811 24623740c74446fc
812 18ddb6e49afa9d32
813 b4f1d10e146ed614
814 6d77ae56576aa43e
815 6aae3a00b957be47
816 8d47e213da4bdea3
817 63c56b9cf9ccf79c
818 0e7f7d3bc94f26fb
819 af2af65d9e7590e0
820 8c28be6cd928fcdb
821 5b6e472538ee0edd
822 92c19492b572bc72
823 a4eee1e98332faa4
824 e9af67d59670b387
825 285d3f571b8cc4c4
826 b0b19182eecf0c43
827 4eaef65feca2fe1c
828 c43e06106b9a7942
829 c1ffae3b8f795afb
830 822c064c826c2ef6
831 8eac03f2fa8592df
832 d90248583a29ff7b
833 57f9f2b4a743a9ba
834 116a4cd171c4e805
835 121065bbcbc1976c
836 e8a06eb974ad91cf
837 05529fe598b426ee
838 66ee4e0694b7fcd9
839 54d45b09c12849d0
840 a8c9067d54c1ebf3
841 80f563b2851e3b92
842 c76581d42fdd357d
843 47a875d1688789a4
844 cadbdcc0cea8c3c7
845 c3486851bf9e4d26
846 b7058663a668d9d1
847 5e67567f046a97c8
848 019ba09ae9e4a38b
849 f1fed170f084708a
850 338739989658c015
851 36f9ab53045d987c
852 7f1c2305b4cd029f
853 83f276da08f2c77e
854 98e488ea75b1a973
855 d7f12c16b472cce0
856 aac95fc27be14443
857 5d532c2a29edb922
858 5e1826b663872b29
859 e26620f5f2c40712
860 920bf24736671977
861 4fb2cf6409f7bf50
862 b645758d4938cc47
863 f1669a771a39ed80
864 b23ee03f68b9d7e3
865 1e3ce13f4106529c
866 b935cab2ad71e4f0
867 422826b21d263f18
868 b1dc346d22af2dc6
869 be6fd2497e72ce5a
870 99d78b5a801b320f
871 a1b24fda4ed00a3c
872 1f905ee29e9e7f80
873 21d5df52e51bf39b
874 0405aec1f807c5c8
875 2575861c4f9f01ce
876 a6f0d27c9fa49d27
877 dd96b51c8618160e
878 6cc7fc31bdd181c9
879 9d4ffab399f0f3be
880 8eaf6ceb795f1146
881 4b4534f7d6109eb1
882 d1c37384108c8d6d
883 2457763399430ce5
884 e767e308bf52d84e
885 ad174cf4ed09942f
886 68d229ed155f07b0
887 8930420ab0e50c39
888 c36573351a6119f2
889 5ddc2854bd26e9ba
890 c81810abbdcc1984
891 570e9a05dc0e48c5
892 71c29aa9a627adf0
893 98e62afe4fb6f880
894 819693ae3556aa2d
895 74035a6dc35f3860
896 639e0535b8896ab0
897 26567537e039e0b2
898 99800de2de456a89
899 877f072581f8358b
900 fcf7f3e8c3be2ee4
901 2a0d99c58c0be6d7
902 b52ef559a6663339
903 6933ef00885891f6
904 2b69532115eb38f6
905 d211d3344bde8116
906 2c795f6651669adf
907 361ce8c6e8d9d712
908 a9f6488afaedee0e
909 8fbabce871e13273
910 178cea0b4df17002
911 b64a3949a2d31bbd
912 95d300d95c79e55f
913 353c046d11d44b48
914 18cc806f6ab8a9a5
915 9c6f588d33127de8
916 9d32e9759c2e82e2
917 25296667db130feb
918 2ffde818e243c259
919 b113dccaa5374d24
920 357eec6fcb86a2d4
921 0cd7996f238e8981
922 85ab651a6b17650c
923 6d5387326ca9454c
924 842f7e29060c2a89
925 3e53a8db91ea5003
926 60a5dd0ff88732d2
927 48bd8fd9e0628005
928 b43bd81cb889cce7
929 5703e0fe64ad96e1
930 476143ff98d0b4af
931 e23b8d53842f6ecc
932 b20bedce6bade428
933 00c371966716eac5
934 c241707a31910e84
935 f95c6704fd90a6a4
936 ce4c3ead060b62b2
937 b88acae4b22e8738
938 3ba13bf8818fac1c
939 b80a2811df63be39
940 d64cc909323f1b01
941 4a73976f82d2df83
942 6b8f1f8f516348f5
943 f0c3dbeeb97a790b
944 95206f670bc38631
945 34b8f272c087a5fb
946 bd166a5103e7d0dc
947 db194057e753b158
948 71e51a64fe7fa318
949 f61cf3450d418e05
950 68202a0584aeb3c5
951 6e2e87d7cb9e9bc2
952 ae25186a7be97f35
953 a1519871cb55de0a
954 a6866ea282330b5f
955 1c968bfaaf70049e
956 5278086ac9e81edc
957 4d2e90ae895302d5
958 2c70fb1294a8089c
959 0e40a2343e02870e
960 6be4b13c432d307e
961 2f02171097d969db
962 56982074c4589d17
963 1e86dca9dc5a0fb7
964 bdec7fcc1c39fe43
965 a4da9ab4d754d918
966 de94a92b2b555e87
967 f42015bfe37c631f
968 40ee32f17a103a7d
969 158d3fa06a0a500b
970 ef39e2cbef999db8
971 4d4ee8844a097896
972 235d67cb82d6fc45
973 d1a8e3f94d1de2d7
974 a1d059436bff3fe9
975 a9481c9c18e218ec
976 15c25fe0713c4301
977 6e82a360e1a5b5b1
978 35de430ed581f614
979 7547a0f5b4fea549
980 9899fec2650289f9
981 21e7c7cafa45334b
982 b693fb1083b0d078
983 ec7de8f3e543c22a
984 d89f91ace0692d25
985 25f0451e6bbd9346
986 da593ed8e364bc70
987 17092890fd54a9cf
988 3d765e162fe37f7f
989 b9cbf8c7c73a79bf
990 166cded46c97da01
991 f37c0fec7f90936c
992 e12c158918aa3940
993 17ce3be5a38fbea8
994 c58e2346195b36dd
995 69b5aa77238a10e5
996 da5d566da0e62536
997 bd64264147343372
998 2acd98867f43fe0c
999 a894941f730fb139
1000 d501d361fec6ff00
1001 2340e69222cb4db2
1002 f0dbd838bfbbfb0b
1003 b05d6f564ec97b0b
1004 f9049543df8652cb
1005 b9b743555f81f26a
1006 ec489d42d523f903
1007 14733410c16ce172
1008 477a34beaa1d3d6a
1009 4021fe59cd69a8c7
1010 929da544a385b83b
1011 21392b0d2efb9f51
1012 72aa042eab144061
1013 e545d5c1e30f6f05
1014 87696f008aa044d3
1015 20751ecfc6e78623
1016 4f80d8547bd27624
1017 d2ada82baff0bb79
1018 75ea453eaeb1fc50
1019 49180f15ef4583e0
1020 71fb842722a6e936
1021 6545cfce8cb83cac
1022 99814d539d3885d0
1023 dbf7643767ca6938
1024 f6c18c9cf1a5fb8f
1025 025a312c787d5c00
1026 a3cbd2a9bfd5bcb5
1027 68e9d0b78a1c08b5
1028 4e1ddf12920a731a
1029 f5386dbe9c279ec0
1030 b126e26a5eac3014
1031 1bd4491765ea7c29
1032 09b5226fcd1ccde4
1033 98d24eb539af58a9
1034 768d5403b74e9541
1035 7a20362f85bb3cdc
1036 2e22d0f42f585491
1037 2dcb93f692741ebe
1038 5af32277955a0abd
1039 1bd6a05829e2a1a2
1040 1bf8bd65d7431a00
1041 f21c87f4b317d4c3
1042 6cfa3df3fd7cd148
1043 22b389c5290eb05a
1044 d1b416c123265dea
1045 09c71b0e4f1fa24f
1046 0347d455d4b4c89b
1047 c4e652cc2642ca5b
1048 d40c97fcad0ba10f
1049 2bd7758f71c13d54
1050 96388cd98431b973
1051 47e0f480ea2c51bb
1052 0a877403a2779729
1053 697dbcd8d19c460f
1054 9d1a6f09185237e4
1055 5d1a41f4323be4fb
1056 562f761371fb617c
1057 14c5c93d7d055d4b
1058 ba39a80f170f16a1
1059 5f6c0d98d43bd643
1060 0b9497b708a27248
1061 91edabf65e8dddf8
1062 ad28389c8fa41875
1063 c0d6400c0a3a1158
1064 c1388ba8b5ba9448
1065 8e8ef4dcc9609959
1066 e7e2035105302b8a
1067 03530e93de832268
1068 b4da21eff3978093
1069 071d95e3def07735
1070 58c78f62ff2751db
1071 d188a920c2a27061
1072 c33c0b34ad4e5344
1073 1382d17b5d489c24
1074 4594bbe3da87e3a0
1075 e69fcd799abcbdd1
1076 eed65c52284fe4dd
1077 acc454cd2e905cdc
1078 5a374399f972e718
1079 0b5a4d71abd03b04
1080 bce16281a8e55657
1081 2d367053c9bda5fb
1082 9e33b3a99678464d
1083 7078cc76b717a930
1084 32e6bb8f407e0371
1085 150bd1417df57253
1086 bab941d5c903efe1
1087 1d7c3f52fc6af53c
1088 a23ea03417d5758c
1089 283e2c0fb9d64b99
1090 a47d44c147d61324
1091 060c173c42f2bc99
1092 37f8ad5031f49481
1093 f25fc9ff6974f7db
1094 03fe5fe133f00465
1095 569fce9e5bd39acf
1096 e32614b5e6224b58
1097 a3cc4954d29ae62b
1098 1023634b99b584b2
1099 e8f557c9e43e6bd2
1100 ac4633130809295a
1101 c63e4fe0f5de35fa
1102 7ad0f9ed2121f077
1103 ee3a609eceea5cd7
1104 2d0d512ace72c502
1105 4ea5e5298c4a3707
1106 1ba90d4f6b19629f
1107 9cbc50cde67396ea
1108 8528ca13c44470af
1109 c68a79e0285ee831
1110 a3fac858c2ae84cd
1111 9936c77a75da2ebc
1112 690697bdc5af1748
1113 59f3333de4acd2a8
1114 9a6620f2be44a254
1115 173eb4f26c2cd832
1116 898a0692c10d3402
1117 4297a4fe5bdf762a
1118 c1446272af4a1779
1119 72e4bf67e26023e2
1120 e7d516d4d1c4e589
1121 49ca2b816919ea94
1122 cf1bbe337c4d9cf8
1123 09a3bfa899ec6350
1124 795887fa5451bb5c
1125 931ea3581d20b631
1126 09267d287ab14f90
1127 c6b7ff8ffff893be
1128 fee1716b09a30633
1129 7c847a11375e46ee
1130 dcf0fb4039150956
1131 803bfc8c188fac7b
1132 0047e6ea7c79bdd6
1133 c514ae56d0c89388
1134 24f1c522e93d24f9
1135 32459b9f0bb5fb34
1136 7f75d1c805399728
1137 6597c223c8082915
1138 684209116720262c
1139 61955b5c53797369
1140 5f974cd6231f9bcd
1141 65d7e0fa20cad218
1142 38d82add54ed2598
1143 447bceace1b096dd
1144 c670d926b98b4068
1145 fcd06982b2063391
1146 5ce12b1195c4f6bd
1147 f77e9b79e8b7737c
1148 8102bd7a0faaa2d0
1149 7badd215eac90ba1
1150 5ce58b57c987039c
1151 a8c4efa996d60967
1152 5361f6684e478fac
1153 45482cd2065af152
1154 d1a5571e5a66241a
1155 60cb9306fb320204
1156 a17a1e13893141ca
1157 563ea666d9b76014
1158 e7a9da840642971d
1159 26fc884f7cf2facc
1160 b977279c5614d042
1161 062dc11787ff77e9
1162 f2ec3a55e50b5921
1163 c3b3253b0f80f250
1164 9a4da5e2a36cdfd1
1165 6d6fb7496bb4d8d2
1166 62a9912095e6c324
1167 04ae63a3e0bee8a1
1168 59bb6901bb6ecaed
1169 03968f828f6b4d2d
1170 7f0138c3a7410305
1171 4e9f966ec603fa42
1172 6612632c42cb4020
1173 75c3c6ca0b7ab179
1174 f61aff91f20ad2b8
1175 af9619f023898e41
1176 7e3894c02d70898d
1177 caaf32fd6be12390
1178 a1e0f7d3b6c1e674
1179 258de20baa3ef375
1180 cc963403a2306eb9
1181 73983982912cc219
1182 7739aa4a13b8142d
1183 11ba9db86b72a8f1
1184 49476c0855833ab1
1185 c95ae242d8a84411
1186 27112ab546fe0a84
1187 d4bcd9c3f5c75fe5
1188 c2608487adfa3358
1189 c0956d53ac9b3ee5
1190 e3d85cdd588b2079
1191 36a5919d4feec160
1192 672ed96e2dac566c
1193 436d4077afb242ac
1194 cde29e077ce59c01
1195 4b18f976c0caecd4
1196 010aa187a8421331
1197 d3dbe8d260550f7d
1198 1ad74da532c37760
1199 e1d831db5d350a01
1200 d250f3cde4ff3a41
1201 b8330f3018fb024a
1202 1f2c908318b54919
1203 e1d41740096e72e9
1204 a54d56ebe7b20ef5
1205 5ddca2c10df83135
1206 2de965503a9058dc
1207 458e2971f05ea6b5
1208 2f3b4671ec60c175
1209 32445b81a3a0f059
1210 cb658bd757ff2a51
1211 cb0544c44e700cbd
1212 78593d8c9e8062d8
1213 29f25cbe2a133a36
1214 4dac13445b92148a
1215 e42a10c49ece8fcd
1216 2eecce6964b46f9a
1217 adfd943b555fce94
1218 c1ffb2f253d8962e
1219 9f75d525ca3081fc
1220 dbead2a90820fe13
1221 087dd2445833c12f
1222 73279df13be28e06
1223 05c07db6c8fd0b6e
1224 1ce507424534abd4
1225 e8efef6aa18b301a
1226 0d49e901f393ab2d
1227 51262d60d3a0c4ce
1228 42465eef5a17c001
1229 253b76e37aac979e
1230 5a99e03a45b683b2
1231 f1978eff8241d4f3
1232 53b81378fb693541
1233 8e8e4a24abf4c9ee
1234 646259d42a3bf328
1235 edec5971bbfeac58
1236 824f1aa452fc0e99
1237 872b866d59c3d344
1238 30515a980053fa28
1239 f574ffcf90193768
1240 cc44c4ea9a16e4d7
1241 fd8eb9b2a65dbb59
1242 ef6713c455c00602
1243 4d29b8a092268cf2
1244 7555ffec41a3a452
1245 a2f30490138a1d12
1246 ae6b724d1c81486e
1247 05c0984921262ed2
1248 190502dc5a976ce2
1249 50b9c85355a0e190
1250 e854827c8a900719
1251 afd6dbb60ad4176a
1252 a53ea87498c9fc25
1253 a5d3bc0716eb0bf7
1254 8b548e9207737f49
1255 ecaafe44c72933d9
1256 d13c6dbb19f9e165
1257 48b16edfa6a449e4
1258 a1a9693d07927381
1259 b21f0b5c7bcb3941
1260 edfcf084521964d3
1261 ac73290b1f009972
1262 18fe7247eff3542f
1263 00940c0f93bab63c
1264 e3dd82bef524f562
1265 11763c47306ce0ee
1266 91d873c3c36dba96
1267 dcbe9edab0f824ca
1268 155dad11f0584eef
1269 ef082a15dc2855d2
1270 14bb4a5dfa8a0a5b
1271 555cc0aa18aa4ea7
1272 9ac45ba8a968e664
1273 f0faaa452b196937
1274 40b23bd1941c2c00
1275 7d454965db70613d
1276 8176faf5116528dc
1277 3c48d14cab97cc1c
1278 0f3013be9bff040d
1279 5d8b53987f546ecd
1280 e18137fd3f313326
1281 7222e98013ea6928
1282 ad46ea81b091a50b
1283 7783bdc4ff596329
1284 81c6f7227cdb438a
1285 c3027e38b8c4cf46
1286 08d2e483c27e70a5
1287 20c1c20f216321ea
1288 043db2cf86516836
1289 b2ec3160b58b374b
1290 4320d18e2dee191d
1291 9a33efcf64ec99df
1292 b39aeb6c832bf39d
1293 c60a58409c5a5502
1294 ee9cd1e96ee73c2c
1295 ed8d5c5497a8526c
1296 be195ffef4c1cc2d
1297 e31aa48dba3ac8a0
1298 3beecea50a8cfcc4
1299 9b254c6144dd4a5d
1300 19a04a59a244817a
1301 1e54a4be8042d2a4
1302 7be222a4c08802b1
1303 a12946a7d8caa31e
1304 e88bff8826a9acca
1305 bbdbdc4549ae6f06
1306 50d885982658db82
1307 84dbd2da362b9421
1308 577477752b4ec311
1309 6e1ba90870c4084c
1310 a49efa6b4f4528ed
1311 721b9050d44c3b8f
1312 40eabcd5ecd1d34c
1313 c10dac0b008510fe
1314 06093248b31409ec
1315 035faeedfa8b7a40
1316 c30e9a7f69cb544c
1317 c0c3c55aff3abf81
1318 013046ad4a6fda80
1319 6835b7bef60f392d
1320 59a49ada0e3fd452
1321 8566b09ef54075b1
1322 198b83ee5e2d1d77
1323 58da3c6684474868
1324 a3df23ff16e823ea
1325 9c87bda4e9dd6d6a
1326 bda0286d5782003a
1327 d18a8cad9cd47f05
1328 57c145458b2b8ae6
1329 b4d97b68f087700a
1330 9fcc38fa71406181
1331 0072443612802acf
1332 041d24f7788887d0
1333 5b7b6ea6fef3dd5f
1334 4f995ac59565fd0c
1335 8fdfd0d603e7664d
1336 0bf6e4732b06d624
1337 2929a9812d85b2e4
1338 713cdaf20085bff5
1339 b3225f837ae2b87d
1340 89bb09d0de092b1a
1341 b91b4f623c38e744
1342 a29a553e35f507ad
1343 c5dee22c95d4b35d
1344 f7333d24d6be1cde
1345 6b987127a9c6a171
1346 4cebd64d24f8935b
1347 56955f24c5ca663a
1348 5665b56c90d3ce4a
1349 afa628ba1bd94437
1350 904e2b37960a5f45
1351 79b72e259ecfabd7
1352 574da949c77798d5
1353 296dc4a81dff7d26
1354 57851be33fecf9ac
1355 f7be555c346003a0
1356 1c39757d710dd1ac
1357 c3b3005b10f703ec
1358 b80b7be6cf6fa2f0
1359 f1360c3f9f48e0e0
1360 466476470b5496d6
1361 6365c5580f882fa8
1362 408b9cd09a6e12be
1363 ea238d3bc19db0b7
1364 589611bb18626dd6
1365 26d97cf136cecada
1366 fdc615f990bda2e6
1367 17d25eb0e21d6e56
1368 4b28553467e5f7a7
1369 f32c1f6a62e04afb
1370 71999ac5c78ee3e1
1371 49d654a968325842
1372 069b12363a54a76d
1373 503abf811dd6f5bf
1374 dfe2b9acfb017c81
1375 8ccd910c21293bf1
1376 b7cd19fd628562bd
1377 40f0ba2de1368edc
1378 c47b257362ad40f9
1379 09c6edf2ccac95f8
1380 021f1deb41922cc1
1381 d3c5de5e4bfcaa34
1382 d7b1330757ad2c21
1383 d48fa7a943dc90c3
1384 33263bf5140e96a7
1385 3c5ee14844bb8e0c
1386 cf576522660f07e4
1387 66c362b24023c68f
1388 084be8911069a0af
1389 6838554db05a6565
1390 5162c6702bcb2d90
1391 45fe1ddd94d9f16e
1392 a76b404f70a3f97d
1393 c50c362f6071974e
1394 2fc90f35ba315f95
1395 6d362dc6e4cc4635
1396 e5a2768027471564
1397 b78f0380b185b824
1398 c7b554e4cd600865
1399 e4e1e720bf6091d5
1400 5d60fe7b49dcf8b7
1401 61091f9d3ba45b24
1402 17c660845bfad27f
1403 fead02d371bcc9fd
1404 90d31343b7af2fff
1405 465886c2c377cdf2
1406 b46c6410824cf8f2
1407 35cac48603e55b8f
1408 7da630b0709318c2
1409 c9ba09702f8ae79e
1410 65e9d97584fc3d43
1411 b3840ee3e3ecc800
1412 df5bd0ddfb573454
1413 be88d5c279117edd
1414 896fe7cb8e622bc3
1415 762e993368048d04
1416 d4f53c368b3d4be7
1417 3de0a724f45ff249
1418 a64a3df858339cf6
1419 d1986f0f1533a60b
1420 d3d476eef5058522
1421 7ee1e8b0520a8acc
1422 396a5b59d84fe4e9
1423 5ce4234ff34cdb90
1424 7d8c79cf7e2de6c2
1425 499b559d29e21f02
1426 13a776557f3b63f6
1427 b52ae952a101f5a6
1428 e2cf43b3532d261b
1429 0251d618bc0a4b8b
1430 bc6f26ff94a6fc58
1431 669e58c11ecf9c87
1432 3ac2a3f6500e8bc5
1433 f7c85155aa16de98
1434 206d8b71c5e9be91
1435 1febe31c8c255c8a
1436 4b21341fdb822d4d
1437 ea7162957ef52d07
1438 06bd09b78e22fd21
1439 ffe48a6140620d97
1440 65d72f17fbc5bdb5
1441 88c516331c9cf8b0
1442 5401fafab1e23456
1443 83c8ca2a3fed2e5f
1444 60f86995a4409ba6
1445 c4928925e88ae667
1446 7ae97c22afee0b73
1447 2aa2cb39867c6a36
1448 f93790f95deae486
1449 391b3e9113f769e3
1450 91ca99354c88bd60
1451 4a27b3e6c468b27e
1452 b2629a6900c3d347
1453 85c3e397f258c53e
1454 498321a7fdc9f79d
1455 5b879c1e083f4756
1456 4bf7678c2674db61
1457 41cb70664297d881
1458 b63d1943dfc0923f
1459 a03c31b2e24c9968
1460 9b37ed9fd5534671
1461 750165b6a31c8f3f
1462 9a80694fbc93f43a
1463 6e2975527bc0dbf3
1464 5a559fc521dd78fc
1465 9d5e03c50e2a0217
1466 b006fcca2f3e17a3
1467 8ccfdfbc28eb5fd4
1468 4a614387138290b9
1469 062d7989f66b9c2f
1470 7c723d2a03e74e22
1471 c7c5c9a5f6533da3
1472 f6aa6787cfbe9871
1473 20c7044db5ba085e
1474 5917197581824798
1475 dd720d24f0a5af88
1476 74049bfc532c2a09
1477 500023f6d7914734
1478 8a6f9cc99151e2d8
1479 99d2859d7b1bc425
1480 fe178a69e68e2e87
1481 66e5fdc2a50442c9
1482 07fc024986944db2
1483 4c33d588203ad88d
1484 51b92cea25813242
1485 b2984bd97ccc0a82
1486 fb44b2ac0ec338fe
1487 b6c20aafe0e12d0d
1488 381115f356b2ba52
1489 9030e78f3ed10e73
1490 7abefdec86d684c9
1491 d4ee2fdbca11bc5a
1492 696537cd9538f995
1493 939280e2838ac5e7
1494 a8e63eabecd5f839
1495 a7ddb2265c22f1e4
1496 eee7e0fbff23a698
1497 8e9ea92bb1167dd5
1498 da70886af629df9c
1499 8911ed7c84cdf071
1500 41147a22406f1483
1501 7f8108f3a95f1251
1502 6cd9e211f8f9af3f
1503 ee679dc38359086c
1504 e7b112d1fe1b8572
1505 b8667f72ef318dde
1506 738dcc178e9b2f06
1507 fec7313c2702d35f
1508 8c5607da4125bb2a
1509 693ee427eb85031b
1510 cee6c0ba8c92438a
1511 9f16fa5bd44466f4
1512 b04cdd0e9abb3309
1513 ed63f042826f7134
1514 0f84056bcc03a88c
1515 b0979464bc24a04c
1516 dad0879fd8620b8c
1517 c3acecba2402b74c
1518 aed589e24135b93d
1519 a276d5dd03c4e73d
1520 ab0246e6d4b63f13
1521 85bcb63dbbd7219c
1522 29d08f705d0fbd5b
1523 456ced864c3147ca
1524 eec8fb6cd21fe5fa
1525 a1038dcfae5583ba
1526 45cb3d721c2fbc15
1527 dccb7541df50405a
1528 80602dfde5966d05
1529 da39026773d4045b
1530 034ed1b410fd846d
1531 393e0b4b309d75a2
1532 62335b502ef5dfcd
1533 e01f32e99c71b830
1534 3d82b789b869811c
1535 da4a762a1f6d4adc
1536 2caecafe1297d59d
1537 8c7f98f22317b250
1538 0fddbc8f2c121134
1539 f9704d48ec84be0d
1540 b3e49ca630c20f6a
1541 3823b7286897c654
1542 d7e100e445831581
1543 109b3d4ea45b2cae
1544 b6cd024181925a9a
1545 ba3d248108094c76
1546 bed8086fe33416f1
1547 fc01c74cc10ba063
1548 1f9617824c2939de
1549 dd0b69a65da8de60
1550 59d5a358233376dd
1551 c060c0ed6a3103b0
1552 c2796f6ce9d95301
1553 9c0436ec17bc58a3
1554 18d9ce2e43dbc9f5
1555 e579ad848a78af18
1556 965d0e27cfa61644
1557 180e677930d14fb9
1558 ea135c1f2c5671e8
1559 f4183f2f2b662b35
1560 be7b51e1752b02da
1561 4cce7c0d975c2919
1562 ae279359997930df
1563 b34e50f891259cf0
1564 00df32dbd9deeb12
1565 85fe6bb6792d63fe
1566 38d1fd6b4e29ab52
1567 5ec08b4444c8595d
1568 d63a8168401d238e
1569 92dbeec6a43c0d22
1570 96ab49248489e1d9
1571 c4312065acd7da27
1572 cf3f55449255f9aa
1573 5fd2014173afeab7
1574 5a838ee7e769e3d4
1575 a84c1e022c5a5e1d
1576 9bd482ef67d6aed4
1577 bebf978cb8b4fb54
1578 9cca27e50fec11a8
1579 efb9f543d9fe3044
1580 78f022a8d987eaa4
1581 810bd204c1221865
1582 7caae46c28ec88f4
1583 c6e737665da1c526
1584 306ebe005fe49e46
1585 af9dfa13c9fc7f4a
1586 01936f2f43614532
1587 51a95d54ba9f177e
1588 957b311f342f8302
1589 05b51890bbf017cf
1590 78c18ddbe604f360
1591 c3fb94c956b9799f
1592 ebee44f682e278e1
1593 d4f570ff8f985783
1594 db1d9f1382886567
1595 ef6eab130801b8f8
1596 ad30e49c1f66d109
1597 1e1e677d46079d64
1598 6ba168ebcf5b6e58
1599 24ce9073489dc588
1600 5debb890d32e63e6
1601 d67803d611c0eaed
1602 a144dfcee02a0057
1603 8c3cf7264a02251a
1604 d4e04161ef7222f9
1605 40542641eed1514a
1606 7f69092ca65868f6
1607 0958871b73c87ca6
1608 b09faf0040177857
1609 f96bc98685dd338b
1610 5ec0625184bad151
1611 b50aeae950852c72
1612 25cd2430fc83cc5d
1613 12ce5473c0040c2f
1614 00002bef1d9f7d31
1615 759f91783cd2942c
1616 a9998208f6360900
1617 2d050eacf8bffcad
1618 05024b1c09e8d484
1619 b4d9882bcfddaba8
1620 d2f703884ae40fd1
1621 155fe15eeef371f2
1622 7cf77dafe9a93a5a
1623 ad5a0137c22ed7d3
1624 378005da31c101c0
1625 820be2687706620a
1626 c3551b6d164b0d4e
1627 7fc75b8dd58c6cdd
1628 773028aea5e414d1
1629 0a576f1402b2680c
1630 1701c43d4a3cc7ad
1631 74d4c402d9aeffde
1632 2aeba0a156c6f178
1633 364cddd446be440f
1634 431980991e1cf714
1635 edecd5d3829906f4
1636 6a4bb0732507d41d
1637 dbcf015b05fee3dd
1638 b37102b8137fead4
1639 580391d6432bf25c
1640 1ccb637a52aea6fe
1641 f67f6a97ac1509a5
1642 a401332fc5b9b016
1643 1dc7ca6c3eac1c74
1644 638d28803c6569be
1645 795626f94c19f0bb
1646 e015644b014c216b
1647 b4ffba23c2648c8c
1648 c249712ece40621b
1649 cfda49c0f7a28ae7
1650 a24443e5dd2a1086
1651 32e4fdf6cc1c39b6
1652 039c36efb06391ef
1653 236a37bbeecc3eed
1654 522550a3f796f675
1655 d4dc7a340343efde
1656 b66d87d9cb5bd592
1657 19e9636c3b2e98d2
1658 cd8a5d1f22ba93c6
1659 232eb34f490b68da
1660 497f7f61795fe512
1661 f20e8c0daf31d367
1662 29cf10750ab620f9
1663 a5a3e43908729b00
1664 e2a1a2029ff244d2
1665 73b4050cb2d07c37
1666 2a236cbad3f800bf
1667 4720addbefdfbf2f
1668 61386fd3811df5ba
1669 9c61749b722b4162
1670 0ac27baf045f27f9
1671 2a53c03ffa4e4617
1672 52e1491b144c0215
1673 897af7c318a260e8
1674 1d95071eb3e53081
1675 bf526826d2d7dc1a
1676 ffa1044fda6de5bd
1677 0f9fcc5344207237
1678 0333ad656ad9ea51
1679 5a6a5c6ac5527aea
1680 be31db1b24b5e7f3
1681 aed81295b1a86e9d
1682 7c4daa632619c118
1683 4816660764fe7059
1684 0d7c1d5352e6d893
1685 43cf7b38c5024206
1686 8c873f673a800676
1687 31ec6fe0110a7fd3
1688 6e13c08349a4f203
1689 85beeb1b6a83e50b
1690 df31c25d6df040dd
1691 078356ea5d09adb3
1692 4577b02e25b084f1
1693 4f6b435de966e6c6
1694 cfab708362035d7b
1695 81d7db1257f17f73
1696 5ffd5ea7dc0fda77
1697 d133065c9dcf9db1
1698 4f58e24a4f0975ce
1699 b88a329c5ecf108e
1700 4fe708b7257789a5
1701 1ba9107564b13d96
1702 8996e7888a041797
1703 2c99a0ad22367313
1704 b795fa6efe71d393
1705 0c8506361cfa2e5d
1706 2cd975d8965a6cc9
1707 eff0ba8633ada49b
1708 b0478d82773e2e2e
1709 c6e648e6c9a2a4f9
1710 d36b6710a32a76ee
1711 170da613ca1ebe80
1712 8e57cf21d72668cb
1713 ab35e97209c6e566
1714 636d723d45a21bb1
1715 22f219c036767ec4
1716 ef5a708aa4a67a80
1717 cf93fe81104a0c06
1718 4798c31648cb70ca
1719 c348a61c8be22fa9
1720 06558ccaefa0f628
1721 ce4401cbb4e0774a
1722 484e5b36010942c3
1723 61cfda68206b93eb
1724 76020b1ee24136a4
1725 60a77851a8817369
1726 342a3b3a4e48a12f
1727 6f93224913934698
1728 e8813289d3fefd02
1729 42561eb0fc4bf578
1730 f43e6db75d7124bd
1731 4fd3fd04527ba473
1732 67e0c6ee046f69a9
1733 480bb72cf606bce4
1734 0e173f654a7d6536
1735 1c54f4dadb577074
1736 3f54c573e621910e
1737 f35c652debe596e5
1738 af608c1122ac79bc
1739 4224b24dddd4f6a3
1740 4bd5a62435b23b30
1741 5f0e5ed246c166a2
1742 7a1dd7b7c31c68d1
1743 4f29433a2ba387f0
1744 4efcadec742c3e87
1745 dd8f4a8132375c06
1746 c111b4cb19d5e1fa
1747 af13c34fce0ee281
1748 d56a1d4e42e7368b
1749 d4baa0defcbcff96
1750 e9d2b5d67b20c5c3
1751 58e2b42dd6ee7367
1752 acc73c543b7c256a
1753 1bf71a6312c81180
1754 9598071a9a5756bb
1755 77dd85f29ba0a14e
1756 64617df86291d22b
1757 041499a2c53dd97b
1758 7dc4a54419a08f78
1759 c2bbe3db3fa05933
1760 16e08b37d9831e49
1761 a706c9e8a73637ef
1762 3d31f4590e49b5ff
1763 6875585cb387f71a
1764 e4501795c4cc273c
1765 311740fa84d0c7be
1766 14e815fac01d1bd8
1767 43fe62ebb13a184b
1768 ec6f75170f35e79e
1769 dd0826fb614f4369
1770 6b5327a5a686d436
1771 a50745ebc9306b09
1772 6b5cf4d956db103e
1773 af43c942e1a46caf
1774 d726826693e612f4
1775 eae088f2b75e0a15
1776 f71047da5b99f965
1777 5fd7ee1d703525d7
1778 0f330aab8a78c3f2
1779 3eddee600af1d995
1780 9be2a025b831f3d0
1781 b11753f62f845d9e
1782 277ced403c2028dc
1783 1724ead318cd5ff7
1784 052bfd23c0581320
1785 5503ee1240a8f79d
1786 f8ca59bad53ba0eb
1787 2cfdfe090b81e324
1788 f38edfe08921f75b
1789 e2f467c0a5bfb7e1
1790 1c03e1896d7d16cf
1791 c89ad163d326936e
1792 66d721b02a9b279d
1793 7ede245dd7573e74
1794 21e4db8d55032e19
1795 991ef6025a0836fd
1796 880295026e9b9b97
1797 5b2da7e900d044bc
1798 3ecd7b7dc4b5c79d
1799 f79eae1309944d82
1800 a50926744690dec1
1801 852cf43ea3188da3
1802 31e68fd098ffd718
1803 61742531045a09a9
1804 505cad63934aeb0e
1805 39d1439c94769faf
1806 7d94b98d1752a3cb
1807 4061980cff345484
1808 b75feeecc84317ec
1809 3f96d16497ae1187
1810 d1440241f2def96a
1811 cb2c10219e6937a8
1812 3c749ee40ce17385
1813 a4c67cbe1cbaaee8
1814 082bb2aba31ecc8b
1815 1d0f432aa6eb0f1e
1816 f5d917f19c693e04
1817 fefc259344c01a8b
1818 5be4df5c4f83da40
1819 cc2353bf7f1c877b
1820 f274af2ee28382e6
1821 c87875c56e978f74
1822 5d3d95eec088a2c3
1823 024aed7e3bb48426
1824 2acea47ecb6bf943
1825 7a1b2af2dca3ff8e
1826 f518f33c0aaa3a20
1827 85ae9954c3a51abf
1828 240952872be627d7
1829 fcebf0b2c7124a71
1830 da4ecedd0ec64ac6
1831 7073208d3e0e4c63
1832 e881ac1340e99f43
1833 9b438d5aa8323982
1834 df975be86df58449
1835 f60427b61ed21f18
1836 d79c5ddf4d42c0d8
1837 4a6c80ace9d97bff
1838 47fbe31968420a9f
1839 ec5d0b969f7729c5
1840 f076f622379c7b55
1841 38d763c21344bacf
1842 1668e2133e261077
1843 6b8919f014a6f543
1844 cc74e13e7949cb09
1845 84fc39ba172c2cf4
1846 20607fef1011fb1a
1847 ced7ac22bdca6245
1848 4fade79f153f1f7a
1849 4d0bece0939d95b0
1850 279c1da5f0a9f7e0
1851 98e594e382fb2956
1852 7944f530ac613854
1853 0de5e76ff3765cdc
1854 ad1345a2741acdd8
1855 41b477aa3fdd5009
1856 1a413b9d752a8806
1857 91073b9f001ac8dd
1858 e0775f559171e234
1859 83e3b3bf6660635b
1860 128fe09e3b62f2c8
1861 30d0433c38cf48c7
1862 4d88280bd32f20ed
1863 3f048da3cb0f924c
1864 6dfbce79e1a22eff
1865 71a4ceb5ea7d1c43
1866 85c663f00f671f6e
1867 1619198b98e4c61d
1868 4ae24d3c31e89e34
1869 0e1ecaaa506f36b3
1870 0c0fab68ff42819a
1871 586732c2aa4826ac
1872 f54c7bcb6ca0444a
1873 2c17abd0b85b85ec
1874 fe301b3f8a5890bf
1875 4561b0979ed2cc21
1876 c8c8b2f8832ed7a3
1877 24e365b2663a09ff
1878 671cce834cbd7687
1879 aad4a3584cefb34b
1880 00ecfaeb1c674d5a
1881 02a3c790e21d8b44
1882 c5ca63b5a8e02ff7
1883 9d811c195e0df272
1884 79b8069dc5edabe7
1885 f449aabb8818062b
1886 d1a5330a1f5f62d0
1887 c506b17662173e0e
1888 8fbca93754a6384b
1889 568acb29b2718044
1890 8dd84fa3d9e94c83
1891 c5e923ef513fbd60
1892 acdfd6e4c80b1037
1893 ebb3e4b1558d954a
1894 db891640d4a4e33d
1895 3608f29b79c8402c
1896 30369fa1d98d6103
1897 c712c07f719ea1bc
1898 73153e685fb773aa
1899 8cdb21059aa81fad
1900 3c7419a0de2ab108
1901 657488cfe34268f6
1902 a45615b5efbdaceb
1903 3c9819c063b80fc2
1904 4b8120111605061d
1905 31e5758e7430e6bb
1906 048384910464366e
1907 558be0b01b19ca59
1908 4e1ffe9b51a691dd
1909 c85cc8a277ac3a19
1910 028bb2430d00c144
1911 5026bc1d3e9ec4da
1912 d660cf3e557b2d75
1913 d84ab1cbf78506c8
1914 b560f5ba3d1cd8d1
1915 2280661c59f3e195
1916 8a112adad963cacf
1917 378de0c3242d6c14
1918 50f3a225f4105b15
1919 6d6a90a42ab93747
1920 24ed7189a5dc427c
1921 5b4241666d9cde0a
1922 0a300ef981b648f5
1923 fd2ef0f8a70d6190
1924 647cc068b79cc9a7
1925 b1597f787548cb6a
1926 3540e408f58fdd22
1927 9da54b13bd17853c
1928 102c9ba3dacac6a1
1929 7800224f469b2e62
1930 28bbcdcb5752a5bf
1931 02d8cd5426633a85
1932 7eb04741dd0d0a08
1933 4e6e5b17f9dd29f4
1934 6bb5632149a55643
1935 0050adadf615955a
1936 a0310d36141726fc
1937 ee8e30f1600b8fef
1938 7faa333d5726b678
1939 c400b3e9ded65782
1940 5808e164ac8d93c3
1941 7ece205f951d699d
1942 d19d3d61e6c47266
1943 21a8eecabc004933
1944 069060bf65a9cde6
1945 d0c9c52248664297
1946 9caa01e8b76b3e39
1947 f9a1f0da40aa9aea
1948 414d733ff1c9d29f
1949 b3c1feef109e2458
1950 6be0f8062e9e255f
1951 4599665be65cdaa5
1952 20e493c92b5821ea
1953 fd9c6c3175b271fb
1954 8b20b388f5264ab0
1955 17df05e6e582cd41
1956 eb72587d52aa5ed1
1957 c990337bf2bc9576
1958 91fe42e6d9dfeca7
1959 03e4a8a1d55fad6c
1960 d6daf7f7a35839bd
1961 c21d5ec4cc1dca97
1962 5d2e920b831b7d8e
1963 848ee62e64d89136
1964 13a41e0002d4661a
1965 d9e928e7473e797f
1966 367c996b67240fd2
1967 892df93d7b94935d
1968 ee09116ca2c913b9
1969 ac05429494ad5f09
1970 e51db678065517ac
1971 4d22ffbca7b5f85d
1972 1adaf460bf7c165d
1973 54f8b9ee865f9f50
1974 b97affb558273215
1975 2571c7cf011597d0
1976 f9854b56bc9747f2
1977 4dc1b1f2c920018e
1978 0b1bbfa6a6e498e0
1979 5183104c4b1981e0
1980 d21cee183ffc4bf4
1981 5370eb2f08a43ab7
1982 a77d4a01eb91dbe4
1983 556942ca0860323e
1984 b373cb6b50f9e127
1985 914404c18f822e26
1986 358c590fb33aa79a
1987 ffc8e793a47a5d40
1988 f30abd249666152d
1989 f2fe541b3f1b3c16
1990 bc46e779d1b32143
1991 04a3c43f825c3581
1992 d5dd7345d0ed469c
1993 bb67c2722326d081
1994 724b1a662d01b46a
1995 32fb66b448ee11cf
1996 53ae8059ab348c45
1997 51cae1d24b7978da
1998 3bb429d998ddd1a9
1999 894778448991eab3
2000 d71e6383e680faef
2001 373b991914d49a89
2002 45fba31744fc037f
2003 52db170874672077
2004 012b6664cf986f02
2005 950098d65836ea22
2006 274bfe3f6fa9daac
2007 ff94a6ddf10e5790
2008 a23359ef530a1dd3
2009 523962cd13b5f37d
2010 fb4e79b5cf37d89a
2011 03d2f89d92159cfc
2012 759f9e6e51df40c8
2013 b892cd4b7a07465e
2014 3b79ed4c5313acd1
2015 92fa29afd711cca0
2016 32b875f85da78ba0
2017 d5108f18939a2067
2018 49c29c1afc11dd2e
2019 4a60567d166e76e5
2020 0d107639d2735f34
2021 73b438ce5be1e16e
2022 5a703a3b8a82547f
2023 ef8167be79a090a7
2024 80f1ddcd6167d5d5
2025 deb46df58dece10d
2026 2f805dab1aee7d66
2027 6b3e1db19b370094
2028 8daf7adf3bf799d6
2029 62874d04f27e2494
2030 7e188938e8ee8779
2031 9f64687286a5ca1f
2032 a5d8e31b72631978
2033 b8aaae3cc392ed25
2034 fb5cecd6f916592c
2035 f288c6d9ff8579ec
2036 7254c743539cab31
2037 b393716ca44ccf9d
2038 324e95ad3fda11fc
2039 59ca3009cb54153c
2040 5124a9873635b841
2041 e9fc2b249738d280
2042 0eb1df75a8290e5b
2043 79ca53a1165f9ac8
2044 d58179b9debd8f13
2045 2e669c2bc456631e
2046 e33b7144b00eacf6
2047 1d1817954ae39a1a
2048 c281024da13f74f8
2049 5997f81f5501eb17
2050 1f7e9095115f4216
2051 7f42d87a2b1b80e3
2052 ca96b2de97d33ac1
2053 9fb526678b17e078
2054 a711eaefbf1c9850
2055 38ce91408e430212
2056 5eb41b0da311f394
2057 9b062a7270c1535b
2058 e12415734fb1bc44
2059 7121a6e010ae4cda
2060 89e69905caa4efb6
2061 e74287db5784cd10
2062 55d15914fb88ec7e
2063 17b3c49165e8b98b
2064 1854e12deb1187d3
2065 c8a83a82e24d233e
2066 9adcd85229cf9a07
2067 5da6ea36f765e083
2068 d2e0900c31371cb6
2069 f054b19589438525
2070 e693d277c22e7ab6
2071 67612313157043dd
2072 c64999be9cae5002
2073 44a5e97b303bdc93
2074 2a5fa97618613e28
2075 dbb350946ecd5359
2076 d1004f889e74bde9
2077 ba934acb8a485f2f
2078 e7f806b09689a812
2079 6e973156c352e891
2080 ad4b24d4bc7ace6b
2081 36c12690fe4ecb69
2082 c241dc002687ac8b
2083 85c2e3416ce6a573
2084 148ca8a3f2ffea2c
2085 464b0865e15da611
2086 730ef4be0794f777
2087 ef2655b0895fac60
2088 2657cae9b4299a77
2089 20afb2ff255709a0
2090 6c401c88feef5f45
2091 749d51ce478d135b
2092 d788fa2b2ba6ab84
2093 00700b7fc5be20f9
2094 f919fe6fc1d6d508
2095 48c59326b9d04339
2096 f9890f14eeb7ac9b
2097 f05698f5a9536be8
2098 98468141d527edf1
2099 34d404ef42b3ce26
2100 e2a0c8afeec9443d
2101 800e49c7ab3d3347
2102 6bef75f99f3a286c
2103 39f127b51e80598d
2104 e7c397ad848a7702
2105 c9ab2841055521c3
2106 0a613fe1d81d6fdf
2107 229be504ff7493ad
2108 19db98214434dbcb
2109 c8097e5e12a09ce8
2110 7492c73b02ec4675
2111 29eda41426b653c8
2112 efcde26bdaff8d31
2113 9de17d85c0fd2bbf
2114 b9f2661d3628abac
2115 ef66bce481cc6757
2116 67807b3209bdfe13
2117 5e040f8645a129a2
2118 1a25e289e032f311
2119 106dfb2401b94306
2120 506afe882efcebb7
2121 2732a75ad4b00051
2122 23a6924dc6a0d6da
2123 669caff164420e5f
2124 69f40bfb246f148a
2125 21047d60fd02759b
2126 18fb38f1ad2269d5
2127 652a770bc4207abe
2128 db9c8d9e2b257dbb
2129 f7dd488cf2ce1834
2130 e5f70c13925692b3
2131 decea0429f3c0d94
2132 24286cba4c91067b
2133 d676c5f3b1e7561a
2134 2dcac24bba9c40c9
2135 89bffeed99376398
2136 d68332916f1e7458
2137 1dfa0cf621dae27f
2138 71f78f6113c0c546
2139 1820849d3f88953d
2140 f075e832fea61b8c
2141 54969b167b3a5086
2142 239b762b631aa797
2143 5449eceb43b3267f
2144 0a4e9e06181d1768
2145 c527262ddf4a1fe5
2146 753eef8e29b41ed3
2147 cbe1b5bdfd28730c
2148 ad617e4fb32811c3
2149 5a6807cf7298717d
2150 617cedd35889a114
2151 ee69d3055835f336
2152 f3e4520778c36a05
2153 52fc1f64e6c89dbc
2154 f0ee8285f70013a1
2155 22452c1e6fb670f0
2156 f5fc7a1a92e86e12
2157 bead0aa7721cf1e1
2158 41ead3c1da955310
2159 ff33bf5af482aa97
2160 0d15fcfae14b4fcc
2161 a97f3414ef85d916
2162 c1c8223db68757c5
2163 95c0cd8333f9fd04
2164 ea6a5fadef5ca94b
2165 f6126ac66f1e07fa
2166 4ffcdce3983e39ae
2167 c34a98092fd02d2c
2168 df7b66cbe168cc74
2169 4c1461269034a8cf
2170 e544395dbc80c9d2
2171 69583fd747971b90
2172 a9179e8652522638
2173 ed5390902c067ff5
2174 7afc2ddd7c4b045e
2175 2d8ba42cde137e86
2176 a79f0355b59a2b4c
2177 85dda27f9cdd2af3
2178 886aca96a7757348
2179 de702c8cfac437ac
2180 016e13b3b1a26f1d
2181 40e08746f464dd0d
2182 64b053baeec72b8f
2183 1e52cd9639a89465
2184 0ad87264936bd470
2185 169bec518cc39737
2186 034518b39a2341c8
2187 959b997cece9b6bb
2188 2aa38c2e06f11449
2189 d36c00ea82352578
2190 8cf1b25402853c0e
2191 a836df1bd0c256e0
2192 d26adfab2072166b
2193 e7d14893fec62d46
2194 7244008ae8fcacd1
2195 979954fbdb3ab824
2196 bd9e5c86144ed1a0
2197 1fdd34125fcd108b
2198 57c15a2e0adbc1f6
2199 fc3a0c6b60755289
2200 75e1b8c3e291ed7c
2201 c193d9fe2385c52a
2202 2b36d9efd33bf3a3
2203 99752e55d0c8a58b
2204 1e7ff75039d37651
2205 3e3b9c19da7652fc
2206 e41c224d21c6f5e2
2207 892f2f3ececbc1b8
2208 f4ec4b70d8a8736f
2209 a61e47d6fe577a79
2210 f0599c9f5365ab08
2211 9307e026606c2272
2212 d04d2fe33f6dfe09
2213 807ec790563c6940
2214 94f65ad3957607a5
2215 b5c80e2f87cbd591
2216 b33bb98dfb55d973
2217 c2ebb67330b4a1c0
2218 b89e85eb34803c09
2219 12311e4a45b7b37e
2220 a59f812a5284a9f5
2221 2f903f52f0c80929
2222 6603852506f15231
2223 ed7445cd2fd2f9d0
2224 a794146d9f109694
2225 225dc890d41de6e6
2226 5a49971d8cabd4c1
2227 bb970369cbe07e4e
2228 19fe46dd26fb2b4d
2229 e38eabb7c2241d36
2230 f7da9119842a5f63
2231 3690dc0c33570f21
2232 9f83996fffc08032
2233 d4080361599ca6a1
2234 4ec9396f0fc8480a
2235 3f8921db5fb270ef
2236 7d01c84300302c65
2237 6b1f4126a76ad0fa
2238 acb6dfec56969729
2239 53dba19b78a6659e
2240 9b3b99cbd88bf842
2241 63b17e83d7f3228c
2242 77b654455d13b292
2243 6d5912865d9f13fa
2244 dff3f0f34481852f
2245 9d6facb1d39699b3
2246 1a8eb0ef6d8ae3b8
2247 c988f8bcb59e18ab
2248 ba050298f60369fe
2249 ac1e1d5e3459d3c9
2250 6116d140f420a596
2251 4daa9f32c9537488
2252 6c51f76e26ff6fd3
2253 24ad3a943a7f900e
2254 4026bf8eb1736de1
2255 cd8931a777ae3dd4
2256 24a145274793f8b0
2257 dc9a43ef2a8f2b79
2258 46892aec50e50922
2259 11be3e44d48440b8
2260 f37adfe74f93695f
2261 9d48aee36212fb4b
2262 1a24fa9bfd2e9eab
2263 677df9fe84b2c53f
2264 b9045b526751c428
2265 05ed13818a3c31a5
2266 6b6ed5a22c654093
2267 572acaf7094624cc
2268 c40064126da6ec83
2269 26e158c5f51b40ec
2270 644b2e7fe782bb81
2271 eccf93650ea46261
2272 3c8e2137c00086d8
2273 e653d16b135df913
2274 3549888a5ee0b83a
2275 2b0909d2298e6f40
2276 81fcd034f22f3362
2277 fec9778eb33f3eb1
2278 2ad8ecec29f92cf0
2279 7f09dac54053fbf7
2280 c125a33ab23513ac
2281 0f52626a750d496b
2282 f234303a72f82980
2283 4382a9f87e4c7291
2284 4f1630dd958523ab
2285 e8a5d5ff35d9e177
2286 12de4f535e7fc383
2287 960234f151be5e3c
2288 3c74c3cd7e1c8fa1
2289 405ed9d506b97162
2290 aaeba38b0cfd3ebf
2291 f1f65ac8727d4d85
2292 4c9f80a955891b08
2293 b55512f492a12f44
2294 c149860a2bff8c93
2295 a64425eef7eab2da
2296 689f8b8e8cca928c
2297 6818c7d31e0dc76f
2298 e0f15da6b3828b88
2299 f7495d3bda46f90f
2300 4c7d43f42ea0e80e
2301 d2d2cdec65eeff68
2302 ecb55772dbeb8c7b
2303 7bcb79285302ca32
2304 a05604a120fe395b
2305 1b3c8f52e1bb263a
2306 6a8cabe0ccf69c9c
2307 e3c9b291f694cc97
2308 e058cf90187c3b72
2309 6258225a684f004e
2310 945b737b28f9faa9
2311 b3bd6762947b4d00
2312 533688651dde7557
2313 1830a28f57a89ae6
2314 3cdcd641bee1bf55
2315 839a51e054d45644
2316 ac034eaf900f0794
2317 ed6f8657436080c6
2318 fcb7cb38f2d8185a
2319 4e3cd56cc58992b9
2320 2aca9109ffcb7378
2321 856c618fec6afe1a
2322 d91812731011b64e
2323 16881d7b289d3a3a
2324 48524e51f46ddd32
2325 5323d82f37719699
2326 5ff98705f156ef01
2327 d25466e67f7fb6ee
2328 052e982e9f867a2f
2329 f5e5af461f243ee0
2330 ed3018273633ac14
2331 f33575592cbecaea
2332 9fcacc4e3d35780a
2333 266ae25b699f2c39
2334 542af8a3b0f82409
2335 1ced1a5d8961218c
2336 71d2b68bf03a8785
2337 880f46766b21903d
2338 62c6f2396ee5f387
2339 205de90af16967a0
2340 22f490a8eda41023
2341 e830a962a1ef305a
2342 8446306e6b9cbd69
2343 7380614edefea6e8
2344 18cf055acf6a5a5f
2345 8637ede294e9db3e
2346 1b790eca6e9efa72
2347 f0012fab2987b878
2348 45cbe06365cd76e5
2349 fb9160155f82c46e
2350 d23db82ce5cb069b
2351 59eeb2726ec41699
2352 a2026bc877cf1314
2353 0c19f43a890f5e2f
2354 d9efc734d21bed13
2355 607557341ac5010a
2356 23e2e0c99d843f03
2357 aa7f10c2222bfbb3
2358 cceb0a8ddf08d484
2359 610e843956ab3ff6
2360 3abc5fe66c383fe7
2361 ae18140fd16f0575
2362 529c6a60d24507d6
2363 dcd0013841f3ab55
2364 2b879a65657037c8
2365 439a7f4de76ad1a2
2366 786f2c6977c9b091
2367 541d7e98d923daf1
2368 bb992b11b768e7f8
2369 26d3edccb0adb0ca
2370 5bd85c48fd626222
2371 e4e26d8a3709059f
2372 ea278541141b8d67
2373 ec491f4e8a4ae2b5
2374 e1429881e9d7a09d
2375 6e08883c8d97caa9
2376 7310f20a394588e5
2377 206e251fc95cfb8f
2378 38d496c94b44dacb
2379 9219670953c2fc07
2380 4f87460dfdc9fc01
2381 c84b213413b07935
2382 3586f8b092df67bf
2383 087b2e7cd2175d0f
2384 03075cd47d7a7005
2385 47e4479e8fcb5a06
2386 8f2633fdde37b3f8
2387 7b2f9299af9eb2f7
2388 c219f7bb0e5fa44e
2389 1626fee22819626b
2390 e02ff659c115bd6c
2391 1ce03b09f92b16fb
2392 605911cebad89f5b
2393 55065d973c59836b
2394 3f6c7f2b96f246b8
2395 8288e699980dfd7a
2396 7b44372bbea617a9
2397 37e802ada2cff16c
2398 890e3e1f5b3423b2
2399 70f18e91be8e1ff8
2400 eceedaaf1b133734
2401 19c21e1b45393ca6
2402 0e9c0c80dce21cd0
2403 95b168414a256cae
2404 a69cd90d7499b66f
2405 f518c8702c03761e
2406 f2f8dfd567fc9c1e
2407 69ce7d059c9d83bf
2408 f2dc617f4ab060b5
2409 624f40825d369153
2410 d16f58aa315efda1
2411 affc3310ea512f8c
2412 eb84ba1d728d979d
2413 56fb64d6c4063e96
2414 5633122176d0d50e
2415 2226fb0e1eca166a
2416 94275f5f16a164df
2417 0cfa4b56f76a6dad
2418 430f1462c1e2908d
2419 a537ece87116ff15
2420 47f91416e98d515d
2421 2db9746c7e861b7e
2422 62cf3526becbd6c4
2423 e559fcbb3f7706c1
2424 93f92360c727f4f7
2425 05bcb51ba2646c6d
2426 77dceeefda824a4c
2427 8f9979132dda707e
2428 f033321731124072
2429 6ff0ca9082ac90fc
2430 e9b2327ad7727d07
2431 210adfc1abbebd7e
2432 4a0e4fe59aa0f8d5
2433 6e1da706362d19b7
2434 58071dc9a6ee1714
2435 3995c77ae0f0aea4
2436 b5150d0d1a466c48
2437 e2f9f6c9758d800f
2438 b03abce3275cbd0c
2439 f40d431a19eefc3e
2440 1cc7f922630ceabf
2441 87417f9e26eb3230
2442 5e1c57606a03ec18
2443 8fa2322767397f7f
2444 091bab1a746c2d52
2445 5946cd6df03e9878
2446 11b1d1178dc61012
2447 a678e2230fdd07f4
2448 20a894f9ee16aa98
2449 c53b7f81f157df77
2450 03f698d7c09c499c
2451 2a8fbd8e6f35bd8e
2452 f74c7e408771b8e0
2453 6b078cf3acbbae8e
2454 ea16994afa4adbde
2455 479a3e07ee225581
2456 f85ba1adf08ce84f
2457 6d2d9b3a9f69528d
2458 baa6df6b9ac0f027
2459 ed0add477dc35369
2460 6acd10cdaa0e47a5
2461 50a4d068dffb6583
2462 e05397c9f9e5e2d9
2463 626a2daa33bf4543
2464 5e3428ad857241c5
2465 3f2dcb1c8651e6d4
2466 9e801d492c1222b0
2467 6b202060ee3410be
2468 4dbb6f6ab85daa63
2469 4f40dd6ae23eee09
2470 d0fde99d200bfb43
2471 84579c73dc9e47b5
2472 80466365d61ac2a9
2473 d4dd172151ef27ba
2474 932ade52b4f5e71e
2475 0cd744523c508d19
2476 da023ef4915e0d89
2477 c49b007edb253ea6
2478 247af8ab2e469ea8
2479 b0338f789e74b698
2480 bc2740fd76d7f85a
2481 0ddd1dca8965309a
2482 6e10d77092e947b5
2483 fc6d55fbc59b0786
2484 eef13ef5a2c02b6a
2485 069c7c09607dab54
2486 e4063c31adaf5b31
2487 5e46fd6dbf49f546
2488 bedf5fb74cbbdc42
2489 40a7c7dfd965d9f0
2490 93895dacfd8d5557
2491 c9fa65710bf2551e
2492 6791d92335640d4c
2493 6f43a8484c62dd99
2494 df5f87ef58359c10
2495 52929a18c5fc4a67
2496 c79fff83b11462c4
2497 fe701440006be1f2
2498 2519e28c5918999b
2499 f0caad0f2c3980ce
2500 7498ad7492790b2b
2501 3a503f39600912e0
2502 d2bbbc8ce33b6187
2503 77ba054e81087a54
2504 2104556b23efa0b0
2505 13db382bc9e404e8
2506 9f5e34a12f768b97
2507 16a576f8e01ce774
2508 117cbdd5e7e6929a
2509 3ba5aadfae7d2ecd
2510 0bf2fea9658dd8d1
2511 3dc9ee66701f301a
2512 018d75179431440b
2513 0eb7cba24ce11a81
2514 bdb07af9347b1804
2515 4456e8c6c4fc72e9
2516 fff6fb8f49eb2e7c
2517 6c7d251d952486c3
2518 fd18694ba5e0d301
2519 0c1f1e603d48ea0a
2520 b1040c96f54ef3be
2521 11e8dd3ec0b5f327
2522 c8ef5438f9efc2fb
2523 0e586924fe39b63f
2524 590184659bcbc872
2525 2b72cbf3943eb07d
2526 de9adcb116e1e986
2527 891aabf91f70a88d
2528 d978052285268be8
2529 e80d9e2e3c4794d0
2530 b232702472426311
2531 d594a6dbf16f6f74
2532 3dfb889f1e4946cb
2533 68678155a505cd7e
2534 b8a811c2f22e2577
2535 cbbb91bfc7b0bea4
2536 b698177ffe5f0fd8
2537 8ab5c9614cc53dfb
2538 e9de9ffd215d2f11
2539 d14b4917bf056306
2540 4609270ecb931bfe
2541 ee1acb9bcd089ff9
2542 c1cdbc819f975cdc
2543 36516b28cb00a57b
2544 80bf52c03ea2becc
2545 6d1f702d903706ac
2546 c3415081c624525a
2547 33b8111206a228c0
2548 d782510a4ca2458d
2549 8ead99d6fa819b6b
2550 7a18ba946b459452
2551 fa9342d845d5d4bb
2552 de188db098b83816
2553 66db6f8d2a5218c5
2554 3018e95feeb046c8
2555 79da76deb5cac629
2556 0ba6fda4b594eb0e
2557 256d5b6ca53ac26b
2558 d1abfb4ce3584db6
2559 2d432710330de761
2560 43cdc2b3d4fb3bc0
2561 8e1f70b5a82432be
2562 b77815233d5bec18
2563 dce77db8172a43b0
2564 300c70f4bc4b8af5
2565 6a874e7d1e0f5879
2566 e597aa05c9b8cfa9
2567 efe7ced38eff3f9f
2568 8a2e25ecca5c97ed
2569 cef17f6b0a536896
2570 21748c171553069f
2571 fb4335375e7c04f2
2572 aa8c85e6aafc0547
2573 bff579d4aae7a6cc
2574 0660fafaa89edafb
2575 ea535500334510fe
2576 d0be4c18badec8c9
2577 2c9858accc064b8c
2578 dd5b9d5ef7055cd4
2579 a9d5139354129d18
2580 7ee5f31478a3f4d0
2581 15cffc943bda7173
2582 1c279c56e197670d
2583 b4446d2579e6d1d5
2584 990ebd0e5a82f2b3
2585 a9f364e85d3994f9
2586 7f151d0e5397cfd9
2587 e6a9bd01bfa9ce1c
2588 1afd2e9eb5584fd9
2589 1fa6166c68f518e0
2590 4897501530e08191
2591 ea612861ca3c3ad6
2592 0909472acb969e3d
2593 d0d25ac8482a926e
2594 df6253e6a1320d8f
2595 0d7e64d9402eee82
2596 8209b5812431289f
2597 b45999945e210853
2598 2d9f6c4b2152c4f5
2599 4d16b3a4ab37fd4e
2600 0879b525b4463427
2601 8ebea916aafd1e8f
2602 5c6dd66af67d89ec
2603 ce1bc17f0d62db1f
2604 cd9ebc39db257d00
2605 1dd8554436cbd448
2606 74129b4d68036fa2
2607 e38eae513501cbb2
2608 c07bb2184052291e
2609 d7ca42cbbddf0311
2610 fdcc8623255ecadd
2611 c1d6952c1ed4f47c
2612 94bfa5e3063c8170
2613 30672a1e748a78e7
2614 2d5f81a9787772e6
2615 fdf45b4c4a887388
2616 cb57e881b262a7ad
2617 f30450578f67f77a
2618 eeea6b8279f6b73c
2619 1019aa0cb6d60f9b
2620 4f864d66353ebec1
2621 bba383fc8852fa51
2622 8e428d32a06c064f
2623 ebfa00c3a03a5bae
2624 8df3064090e91317
2625 39c8b6e41f1d5edc
2626 df0d0539685576a8
2627 975b030c0a0605aa
2628 9324422b42eb1e88
2629 f9db9d0ea94cc70d
2630 03a84e2a575c6050
2631 ab5a29743380ffc4
2632 52d29a4edcafff03
2633 16ab61aa8789fb90
2634 2519317634513fd9
2635 5564f49cb15984d4
2636 bc90585c2049b515
2637 aec3f2e740a09d90
2638 942e94b4cd7b8218
2639 7c4f494f6b6a5caf
2640 0212f5121f6c84c2
2641 240e964b14d7fde6
2642 26990dd614f0a57c
2643 bb4ebca6a1b0108a
2644 1f9ffa487a65a4a3
2645 44a139a915ef0b35
2646 c77ef248659fc54a
2647 fcf7b739d84fa4a3
2648 077082a57f7f8fb1
2649 e14027a8ea38982e
2650 631346c49d13f84a
2651 6a02e24e642a8a34
2652 1ad4d77df4f3458f
2653 400b079e390dce32
2654 1a11c31c6fa6e645
2655 9859ceda40ac6b19
2656 a25289e10ee29cb2
2657 26021f8646a06d17
2658 22d9d61e3fafa2c8
2659 cfd167fa9cf8f00d
2660 ba21ebfea6d4be10
2661 e568515c4f763c34
2662 b69b2ee64c9a19d2
2663 6f46e3af8554db77
2664 cfb10f6c441ba78d
2665 72e31861f44ce810
2666 a6aef6b16b3ff806
2667 a780eb73e6b81143
2668 9f82586d7bb8ace8
2669 567837abdf0230cc
2670 d7558b68960b858a
2671 34c897fd333a442f
2672 0a5ee6f651d0162c
2673 b5f532ac222dd2c8
2674 2fe762ad3dfc487e
2675 360a6931233ecdfb
2676 ac7b7e195edefce0
2677 fe21e5ea067ffd64
2678 3dde03d675c9ef1b
2679 ac3af0510c5ab8a7
2680 445ab3907864aa04
2681 2b284b02a3210dc1
2682 436f80ebd53a11df
2683 8e8c8b82640e28b3
2684 6f80ea629c128c38
2685 18657c9c0f3e309d
2686 7c14d01694c4ae93
2687 df4516f099a9ca5e
2688 ea6b15ff194c7855
2689 c2ff33f12f27bbf8
2690 d897e2f3e4bf78b7
2691 c1d62a9a9fc48c2a
2692 f3dd6be071cf3849
2693 766f88d17c36cc14
2694 0ca1fb1897ba69eb
2695 42ca86c45f1c5366
2696 0815aff9f90b3f6d
2697 b7387a73f72c20b0
2698 6679a6871ba71a6f
2699 598a6f1c060ee4f2
2700 8a5dd7b1190ed121
2701 06c202e4b54f552c
2702 a99b50b1c598a023
2703 daa892de83d41fce
2704 b2a5eb11540c0fe5
2705 0fa99d314c2342e8
2706 be2161164528b307
2707 b466bd12b04be81a
2708 e4f7250d0f454399
2709 adab42d32c079fc4
2710 04b7d48df459c23b
2711 41c9ac722c981dd6
2712 81e6d1ba05a4f27d
2713 486dae36ccda2960
2714 1f2cdca38aeadc7f
2715 9ccce82976ac3d62
2716 ce093602c46d9bb1
2717 701b796f3f6c8b5c
2718 25fc6c044d4595f3
2719 4ef17eb69ed0b8ff
2720 5953603206dcf8b5
2721 4eb3a2bbee2244e9
2722 b7ffae309b302eae
2723 9e32d1e672c73d8a
2724 f939ebb3caa778e9
2725 139681c6d4f34705
2726 6085d6f4f35c6092
2727 95f0d11969c8f337
2728 fe53f1aa3a75434d
2729 f2e0d218bb5de750
2730 09f0b62ba279cf46
2731 c8f2aee3ff2f3d83
2732 0b24fe9477aec441
2733 2ec829a6f1aaf50c
2734 f02822e8541651ca
2735 d9ba4ebd5d4ee06f
2736 e4998f3a1d82b8c5
2737 569ca40dd002cc08
2738 81fce08340ed12be
2739 b3541d76336b3fbb
2740 503c81cb5647e2a0
2741 31f316e5ec90d5a4
2742 41dca5f1e6c9d7db
2743 bbd464529b969b67
2744 dfd64dd8ad112f44
2745 c746e7cadf8a2280
2746 7e4a24ec19041f1f
2747 eead203f75b280f3
2748 2ab5d86a191eac78
2749 06ce9dc9f8361c5d
2750 4c13c558a7fafb53
2751 e4b01b2f73bb5a1e
2752 e5b8ce812f1f0c15
2753 052fd2876bbe68b8
2754 d12fdb797ddec177
2755 26fa61444d3b0dea
2756 905eec7b325bbb89
2757 fcb0f52d819a1f54
2758 d52bff880338beab
2759 2d29670bd5d5ba26
2760 6fe4d1902eeeb72d
2761 6de04f0afb792cf0
2762 da4e92c3d12493af
2763 c5f5b215b98050b2
2764 d6da720da13f60e1
2765 f229a4d378fc636c
2766 34a5f2d64c13cee3
2767 e18129596b37888e
2768 08f130cfefe50fa5
2769 fbc96c20ad69b728
2770 ae656d74fb5998c7
2771 155e09f463c724da
2772 7a98af4bb8de44d9
2773 b58514fdc7e29a04
2774 597f01f43d00e3fb
2775 fb8d6636afcc7596
2776 bb72de51bc32423d
2777 55579b4cce8ee920
2778 07f9c0794b730dbf
2779 0a94dc4fe4ab5722
2780 87ccd76d692a5671
2781 697a4b8888a0669c
2782 9aeab0e4de2ea8b3
2783 0b65811d89be9dbf
2784 9bd12e003d627375
2785 5fceb394731850a9
2786 f086c81c4cd6dd6e
2787 b9fef905ba451d4a
2788 4d3d658fe34d2329
2789 dbc8e5f158852f45
2790 6c9e18d40dc37e52
2791 d47c642c189eddd6
2792 c74ebb79327f244d
2793 811995b1b1c62ad0
2794 4f9e46bf7a0daaaf
2795 386f0d13faad3332
2796 c5763bf127b78ec1
2797 c42317eb2f4d2e0c
2798 8fe953b6982e65f3
2799 10c92c13455ae17e
2800 b5306f1230ed3656
2801 0fbb9649b1874123
2802 e0889161c5cbbc74
2803 dba9c2b93e7dae81
2804 975ccfddec4ca9c2
2805 e5dbbb1a2f8b866e
2806 9cbeee77ffae1e54
2807 5b9e3da1f5d15910
2808 f0b49296c061e4b2
2809 a3a5e0532212e40c
2810 4c7687881280b48e
2811 d05d5a6b4e99e592
2812 a99cd703c1abeab0
2813 281eb91891e6e981
2814 e11429c8fc553b47
2815 5af23f624e0686c4
2816 7a8932e04797d623
2817 0bec12b4e91244b6
2818 d04ec5d67fd7ad5a
2819 cabf66c51cfb0b7c
2820 6b87df18184bed44
2821 070f308a182b73ad
2822 637e9af0b13a6b99
2823 fd4e877c5d06c1bd
2824 8f2aca78350a77e8
2825 7e530c7734563df1
2826 2fe027f26ca95382
2827 20ebb46d3cff4da7
2828 da67523a1079439e
2829 70ffb104d767aa80
2830 9233e4bcfcfeba44
2831 5f6e144ffeac397b
2832 6080f7752b6e403c
2833 42e4b7e34f42d01c
2834 bea82adf34d35279
2835 73543a0e7da22bdb
2836 60775e41d72d6630
2837 9b6fbf55a4599a85
2838 877d358a3ccd897b
2839 a74e6475188c02b4
2840 e6326d157bb7929a
2841 f2e96da4f25ccb07
2842 22c5f249ac486bf4
2843 589ff5792c3b84d1
2844 a73fd3127e138f23
2845 4793ad2609254a64
2846 242f54e42b671167
2847 7dc6287b90f9d211
2848 0c3c39a580b5daf2
2849 c6c0c5124f6ba0f8
2850 1d13f6697fa30ec8
2851 5c38cf80d541a955
2852 0b9cf2fc66450b24
2853 185b6927a585a464
2854 0eeb998e0534a511
2855 878d00cc7546805d
2856 7bb12b2ccf0fadea
2857 8ae340cabc8cabed
2858 9f84842c4de5c56b
2859 e90fd79595419a0b
2860 2a2c94b8560ebc34
2861 f4e14b772e01b6ef
2862 94066bc5e9298017
2863 0d7eabe09f1ec20c
2864 0a85aff31ed60789
2865 7117b9e2e102da14
2866 1049252f53578433
2867 39943669be37e18b
2868 c071bd732180a02c
2869 f92a3685948126d7
2870 f7af2d5e2a2aa638
2871 a453c222667daf42
2872 324223b239215433
2873 f2bc2e51803bc36e
2874 7d36c51a9af04273
2875 bd50418bbc9d1462
2876 f5456c52fccd11c3
2877 62a6aef54419d0e8
2878 ca506c71d8fc0500
2879 19319e05c90e22a6
2880 d72ea0b29242943e
2881 66219d45ab8b2096
2882 47eb627c89f6383e
2883 e43a5472de6da333
2884 9a42c5a6c63f3141
2885 b1e5aeaebdb2cbc0
2886 9553ba940e2c4b7d
2887 181639b593db9fe6
2888 e23b8d956a9a2096
2889 c2adbb1026d2f754
2890 6ebea50ebaf24553
2891 e8321f3d568a1143
2892 dab8a84caeda1bfe
2893 e10372cddbc6fa7a
2894 e5c6968857c5a539
2895 f2292c4fc20aec1f
2896 8a7dad0d527be924
2897 a79dbd22a63ddafc
2898 04d60311ecd1edea
2899 6c3019625fcbb0c5
2900 7e28814af2e00e36
2901 6a54f4ff413b53f5
2902 4f37a323696d2ffe
2903 aa9e25dee82045cb
2904 f7ce272ab2c9de4a
2905 db02c09910d6b92d
2906 5523938e95ef8824
2907 25dfe5bc3184bf28
2908 556d02b70dffe85a
2909 45b1ebfec5267135
2910 068f1762ae690558
2911 0a276647a6dcc0fa
2912 863b7478ec957e13
2913 e86c2254f60e0d3a
2914 ea2032d97e2291f4
2915 395c383a8e79fefd
2916 5ba9a26f6733ec1c
2917 c1581beca11b6139
2918 461274642f1c8183
2919 32b5d2cdf3705905
2920 e96e7e42ed89e6ce
2921 b0f7d901d4b696af
2922 641504c9b2ed6cff
2923 888eaff1c848b675
2924 02c23b60f8115553
2925 7e5e2ec63417f839
2926 8b0202ab27bb5f71
2927 e54cd45ccbc354f7
2928 14ce1bd1f5d59ab8
2929 42c536c8c42a28c5
2930 3ee399d4167e02f0
2931 c1a85e5548119294
2932 5fb677b49c2511a2
2933 8f5b762d2b69b4dc
2934 a07a65d48ddf4c75
2935 8cc2d65935367c1c
2936 bd07ad8eb2942426
2937 2050fcb5f2e94a90
2938 afa5479bb1b04a84
2939 86100bc4659f7ef1
2940 041f35a663ab9bf9
2941 a5bcc89151172363
2942 f4cb9b4a9a3d9358
2943 39b39506a1995961
2944 f7e46a327a294686
2945 85ef0275255afac5
2946 cbfdabb62a15e3d1
2947 7bf5034132f090dc
2948 65c5b87d9106b14d
2949 b0271acdaa1ee183
2950 71323726c32b499e
2951 c4c491508c0da5b6
2952 9aa76904c3724a9c
2953 d35614f880fc7a24
2954 e60df80621b4fba0
2955 72af71c59a350368
2956 8bc48e4bc264c505
2957 b73045c26fd66f28
2958 c42afd472fc3c30a
2959 9f4fbf47ffb2e8ca
2960 e3107df500ff0cc5
2961 8da0d0470847b0fc
2962 3098f07bd9433437
2963 414f9a0e0ad1f3bd
2964 47816069387aef2a
2965 800f1e7f6ef277e9
2966 838cceb47d768d19
2967 a90b93d716bf2bb7
2968 b142ee04a52e3419
2969 d6b728b8d7c3a8a8
2970 3a3e0cecd795e76a
2971 86694f06554d81ea
2972 3f0878f63203adec
2973 a63facd3125add1a
2974 6ab3e45a9e244927
2975 7176a8df58a764fb
2976 6e90b09c308275a6
2977 8b72c319a533deb6
2978 1762cee0e1715f7d
2979 0c503ef257b9767b
2980 f9978f0bb32af4c6
2981 cef9009ff9b19fc5
2982 8fd765df230a28af
2983 f8e9b52031ee00c2
2984 710ae8163b4185a0
2985 8160497b765c1cb4
2986 2a19373d7a9d6cae
2987 2e61d84dc617cd9f
2988 1c91679ff96aa886
2989 b02bf59c35493442
2990 9053aaa25cdf739f
2991 d8a535c86a9df3ab
2992 1aeaeaf72d6ffc70
2993 81c82a80d7c1b7ec
2994 71e7fa30bbc5bb10
2995 f8a13fb491ba6358
2996 cdb1efc117a2052f
2997 35713add07ea0313
2998 5d41278908dc4eaf
2999 5a595dd9cf072a8d
3000 c8217f6e00045a83
3001 71e9668e52b91417
3002 112048361fe9c8cf
3003 d13a0337ba3c7886
3004 bea57956cd7e0ee7
3005 5f1ec15570ad82fa
3006 ebdc8d8719bcc0fe
3007 c8272fb24d3b8838
3008 7e0daa4ae52cc14e
3009 e50c223f2d0e20dd
3010 0e26df6eaa9f9986
3011 d3e802e6d0010391
3012 ee5ad1df3716ae75
3013 bce2bac9ffcf9de4
3014 de6ca4874a077738
3015 5f9de96e3c60e2df
3016 684558789409bd74
3017 3576e9a8201f2a27
3018 02c05b8a5e6b4173
3019 6698e4b4a036d977
3020 177c168e46899384
3021 9e2723fcb955c2c5
3022 c5c989e7f06d2bdb
3023 85843d0332321660
3024 0adb1cc3c95e419d
3025 b41253721dbbda2c
3026 9b187245355fc8ba
3027 b83a7449e765bd68
3028 56e3e50816c8a479
3029 3609704694932fb4
3030 671c26d8625b2648
3031 e48d423500a3606f
3032 8105b13d4ddae48c
3033 8dcdcd6ab5e87928
3034 3d52c0e9068532b5
3035 0538445696de5801
3036 3131ff7dd2f367cc
3037 3ab229b5cb4defb6
3038 b719bb4430d9d34a
3039 9fa9baa581f4f84a
3040 25dfabdf56a9a8a9
3041 e5f0e2a79de78875
3042 a71a7351b41288e1
3043 410150caecc1a62f
3044 382941f357023705
3045 4d6f1669fd33d486
3046 bc3d58e3ab749ff6
3047 d2789e01d5579487
3048 47c3041cdadf2e88
3049 cb2582913c2f0da5
3050 5d9a035d7b680eb9
3051 ac01109970611abe
3052 436c9cc97387d0d4
3053 7d38a7d424b54224
3054 1c072327f4428988
3055 4bdf94ddd31286ae
3056 17bb2278f0a1f2a2
3057 b84209fe3f505807
3058 1747a87b2dbffdca
3059 7cb19fee8bbf7afe
3060 5501d0498f35b9d7
3061 6062081b2464d1b2
3062 f8726a75d7307db0
3063 027c78a94548ffcc
3064 504db3794c35d10b
3065 74e2725a48e0fa83
3066 8992f4ba338591f7
3067 e03784db4e4570bb
3068 b0ead0887bf400cb
3069 5cedcb309c6bacff
3070 ed69ebef77332a92
3071 6714fe17bb23e521
3072 73b577cc5749abb8
3073 50493cebd6561f06
3074 a232eed52c4746f2
3075 75c2df2c2ced6bff
3076 6bbb4807abdd5f87
3077 28212dcecdafcd16
3078 08be376a64d0228e
3079 91497de05b10c340
3080 f78fdf0cdc33d459
3081 bccb2938c12d23f9
3082 a79e1b009aabfdaf
3083 3a218b4008a74fab
3084 25c13acac7f03491
3085 a1731a9e09ec4256
3086 cc136ea59c79707d
3087 3baf2eaf7e0ff00a
3088 1fabdf10390094e2
3089 9875d2b0672c8b84
3090 77dab2ce1db926c5
3091 49024981c0398daa
3092 6eb981620920aff8
3093 bddf172dbeee5fa3
3094 2742ee9a7c7ef67b
3095 06c6e048dbc7335f
3096 9a771f42fa9cfb0b
3097 8b2ed16dfc3f47a0
3098 cb2e82a216e282c8
3099 da26877c243ec0ac
3100 fd46729586083bad
3101 8422ad51a73edf00
3102 a39117ba5fbfdbe7
3103 c4af875ec369a889
3104 5eb83cb1aa0f1168
3105 f553eba931cf7c40
3106 10a9eb1c4780c8fc
3107 f7d4d741c86b244e
3108 00de38a3641a5911
3109 d5764caf9fc52d61
3110 014d8950e2ac1978
3111 b69a54e24e6a96c8
3112 49ca4338989807a0
3113 0ffa35e26cf27f47
3114 75a24ae4157f2452
3115 d960d565502e0953
3116 4adf24a6db33e273
3117 94ec57b7e0850043
3118 bbf1c37933bc2718
3119 35960a204a5f1a39
3120 f4fec5bcc594f5eb
3121 c1d2fd2585bfc9f4
3122 1bd325c656e9e223
3123 32318ca0f0baf7e1
3124 ad75d2a8a90a52f7
3125 d4714c54418c9e81
3126 0e93f3506a23254c
3127 59489990fb36d5f9
3128 71139d37bde907b1
3129 3684c7ca5c562c3d
3130 c2cb3480ef2b77af
3131 246d83bb1cd696bd
3132 429caae18c142eaa
3133 9ee0088944c3fce4
3134 ae2c1fb898600ccd
3135 199ab2580969f161
3136 fc2f458c7c28d166
3137 9c79934cabca1421
3138 f84437a8545db310
3139 4fdd3337e0c86a64
3140 c2ad25005ba66fc9
3141 bc6cb1bd075ea28d
3142 2590f66b9c61c942
3143 aa10a5436d95b113
3144 67c4bfb610d73caa
3145 c312da118285623f
3146 d2e5f089fe2b31fb
3147 4989eaf9478c0c17
3148 305fbcbde23f4090
3149 d1894c0d6a7fd191
3150 58f385eaa055d6c3
3151 dfdd0748be948e9d
3152 2a4b0e4d0f14739c
3153 c651e5a0cb7d315f
3154 08cf9e1246bf264a
3155 02466b5763deac79
3156 617860630d66900f
3157 dd67b036d3322d8d
3158 bf1092b30859ea3c
3159 6a0744d5701a429c
3160 2731ecd1f548b2d0
3161 3ca202a78ff321c3
3162 100a89232d7c4dbe
3163 6c1f614349b69b4f
3164 355a9a33641a978e
3165 b3c4d4da4e3459de
3166 d1ddf6e4bada821d
3167 9b7743a5c171b5cc
3168 3cc11a2f3e2942de
3169 447a4e71b5bfcfea
3170 ea2edf9ae1e86e90
3171 2844a14e90752a95
3172 0509ed08435efd5d
3173 d9172d6495779695
3174 da21239398044fc1
3175 a947263114e1e24e
3176 5a946e8f86b19389
3177 7e3f7e60761e00a3
3178 bda16dd61028ca86
3179 cb985206f0055856
3180 94e58bef6f357c30
3181 f030e1c82a694bc8
3182 b2b2e2143e324bb8
3183 657e1136157d3fb1
3184 e3bdb9d97a490e95
3185 8cceb8de081a5632
3186 26376b5d68319a1c
3187 d684942650b62f80
3188 2fe96ab8f1edf257
3189 a2703fd2d643b8ef
3190 e969eac899f047e3
3191 ab0a2456f3c1bf5b
3192 3e62dfe6f016552d
3193 52d1203724042da2
3194 a52e4937851e56dd
3195 1cdcf6368e885741
3196 85dabb3b03413925
3197 44ef95120fb1b02e
3198 9fe7143fee529d74
3199 cd79e557033784b3
3200 0c4b6a6cecdb97cb
3201 16d6395eb10b252e
3202 c966a6dbb1b4563e
3203 aa337c76a756c39b
3204 324e03c39e274f9a
3205 851ac8fd021cb5ae
3206 935112557ee40e01
3207 ee078ac347ea8c60
3208 aae84a7ebf2eb19e
3209 bbf6b6211363b291
3210 86e2004e79e14d94
3211 22b917d9c5a71c9c
3212 178a9e5ed8496343
3213 205a467b7853bc55
3214 70ea11d7d7b3206a
3215 3c3c06ec372cd327
3216 c6447bf80efc0bef
3217 65f5a13d28c075ee
3218 0cf453852396b24e
3219 eba660774c5fed23
3220 7ebef9a2f47d0658
3221 f58150e06bc07039
3222 0d4f8fd1beb3b06d
3223 0e7684fd64e5fe07
3224 719ec04a8280b841
3225 225806b234fa5da9
3226 dbfa989df135e157
3227 b695efd32516585c
3228 1de4badd6d76876b
3229 c382fb2c60e834c1
3230 52d332c2f2a860e3
3231 f1820ef984b31ecf
3232 c63d326c1ab25d9a
3233 707bfa6d5e827987
3234 a8bd99e24913bd67
3235 120f833e9e7b01ab
3236 fe61a6b4a67151fb
3237 f1c6ba74268be89a
3238 f1c6bb58b5868c27
3239 89451f9050241d02
3240 9d2c260b47d0fb5f
3241 e97d4f30bd0d6077
3242 fc95b64a0d390425
3243 8f59f8e744d417ab
3244 1807ef51f048d753
3245 8b8fa3c9d420733e
3246 76e954fe78278797
3247 a7effd97e9b13e81
3248 8a0185955076ba9c
3249 1f9abcac3c616a5e
3250 fe2f83ba26fe6a22
3251 3f0922e6ff69cfd0
3252 b8ca324cb9fe52c6
3253 3eb3d972a5d44998
3254 64a810a34edda77c
3255 129d5970d5002884
3256 a90d58fb51b42cdc
3257 1563b4151c50fc82
3258 2fd7eb6b360a6ea5
3259 57c8add14b7ddba9
3260 4ab33d93fb325b8f
3261 2df95b84629301a7
3262 200e59359ac91b5b
3263 bc14fcc11e21d0e7
3264 2ae43dae2a97f2a1
3265 0f9d22703ce75cbb
3266 b49360fe73aa9b03
3267 85e0fad66804451a
3268 678f61b3bf70e70a
3269 dc181329bccdfb39
3270 a725d67ed7c8163d
3271 eed54e804e9f1beb
3272 7b2a6a0239433d68
3273 c261d79bc2375d00
3274 9361d6fb71694d8f
3275 fd39b30592defd8b
3276 3c103601d922b995
3277 d5b0604fad00093e
3278 fb83762d7733199d
3279 e21b1de37a52cb66
3280 076b0b6c6acc9031
3281 535ab52a80ef3151
3282 1b206c7ac04e04fd
3283 df952692ac0cec75
3284 e974db70f002c056
3285 1e0f8abddd77b92d
3286 ec2903dc9024061a
3287 6af41c96d359e0c0
3288 a28f863fa25cd8e4
3289 e9ca8c9c4755049a
3290 59fb3bae9ba94e1f
3291 5ea44e92b1589507
3292 f3999eabe1c2bc6b
3293 500f199a78e7879a
3294 b86802157f16d70e
3295 f3dd490da1c8b818
3296 726fc6c1848a4634
3297 092820cc3cdc26bf
3298 eadab3b4e90adf6d
3299 75154112cc00add4
3300 c6f4b24c8513b3db
3301 0b8cd649ee2fe107
3302 06447742844dcabe
3303 1f0e04a0b1702767
3304 3a86c78e77c95103
3305 3f7020c579a6c1b0
3306 4cd8ba4dfbd24cd7
3307 141a24938aed29d6
3308 98d3e93d027bce3c
3309 839cd195b5fb3248
3310 5344b6488d9cfbe8
3311 3fb890ad37ade484
3312 e979730dde790b3e
3313 236a0a8fdbf465e0
3314 2f4663fa8594da1c
3315 630e30dc85706444
3316 3268474a7eb7ddf7
3317 caf9ed97aeff71c5
3318 811aff10fcc90322
3319 20e915d3fb8b202e
3320 d3ac9ad6067399be
3321 f7dfe71bb59e7385
3322 19ef9420d422f4da
3323 2d65a0930e75cb05
3324 20c87db775579d11
3325 ddc8c2051497c084
3326 cfd38381f0009f8a
3327 d8bd890a43ef3e99
3328 97e39ad150b834da
3329 95dc6805ba808d7a
3330 9b802cd61e4a4b5e
3331 fdb33174b2bae534
3332 628ebf0bb80186dc
3333 0c377cbd04a60f33
3334 80d91342a3ed57c3
3335 eeb5048db9d20086
3336 f032582fe33edde2
3337 5cc9f443b8a7dbc6
3338 f9d2cee9335df88b
3339 99ac62c3b0a43c7a
3340 76d4b1095d83a060
3341 30c870dc4f249a13
3342 2ac98a015d3b8ee8
3343 c4880ed1eef8c624
3344 8f2c78302ebfe5df
3345 05047b8a8feeb734
3346 74029b8d4cc6733d
3347 a78652f4932fc055
3348 26c6cb3f5e843da9
3349 aa1b30f52cb6c85a
3350 e325d86ce87d69f8
3351 f88afc3fce572f42
3352 758c860334ebd7f2
3353 09e8449429a77327
3354 286a2b248718f67c
3355 9da3eca9514ac4b7
3356 284455251469f779
3357 e22be658f37c8f19
3358 1f3f5d75f9314842
3359 bd968812e0cdbba0
3360 35942aa28f412969
3361 ba51d75f38ada055
3362 ec9ffc6a66a1dfc0
3363 96223f4c2750902f
3364 f21b44f004996762
3365 50301193e59203cd
3366 ff54ab385e919bcf
3367 b86e81d8c18bdaca
3368 6814bccf034d4396
3369 36cf7c72c8ff2473
3370 f955f40eadf92743
3371 3a6636eb68ac7d82
3372 c5e3d443300728a8
3373 fc8c729bff8cc902
3374 a0bb46c364cd69a0
3375 d9df79524d1bf0c6
3376 8cb6df788b6aee7e
3377 fcdbcf41479e2714
3378 e8e2669629bcff56
3379 a0c848140eddf6c2
3380 fe3ad6bd2840e67d
3381 3c2b3e3ea9e826ec
3382 b3875c0362ce8a51
3383 735cbffae07a43f9
3384 a2c399273db8ddb8
3385 7ccab33cfa7aae2b
3386 4e05c9f6994cb33c
3387 ab87dcbeadd76367
3388 2759094c29d1fccd
3389 d124d108c385ae4d
3390 74e9da6a605d1279
3391 acfcc94287b64c20
3392 1547c8009f726036
3393 cdd32914b4cc8e48
3394 0b46a97fdab61814
3395 d472bda64760b784
3396 a944ef1deb41c488
3397 fef93ed384e70d1e
3398 fba6f7a0a648d3e0
3399 fbcded5c024b19d4
3400 9b9cabe52906ff5f
3401 da5678e74513d87f
3402 4017056c47d86c8a
3403 7a7ecae01c1424b8
3404 3f608805425051ba
3405 f23c3c3f489812ff
3406 48367c05fe5a2c5f
3407 1bab12d8751e7de3
3408 e09e584c0896e005
3409 33f1218079f2530f
3410 c060be441a380f85
3411 3d0ea51c33ee1b6c
3412 cfca525ccf34c42e
3413 6789ab3b55177e67
3414 144c61e3321ef9dc
3415 21cca0ca849422fc
3416 31b6db5461412b39
3417 d4c8d94396f90845
3418 33c72b3d9f45c9ed
3419 4eedecd91a713578
3420 da2e6d140a13ce60
3421 20ba376a406f6db7
3422 2f1b081327336268
3423 62f6ab2caf9ba836
3424 cd38f2e9597ddb8d
3425 312e5724a2ba3709
3426 77fa91a402f47d24
3427 c45603018752412f
3428 8369e8a2db2adc30
3429 a4fc2cdd856b8891
3430 b3610b57c05ce00c
3431 208a3c93a70d3ba7
3432 240da3f420a8f87a
3433 7d7c986a5ba4c2ef
3434 b5aab524d7f8097b
3435 a556f9c55f63322d
3436 5bf4011c95d1cb9f
3437 13f3b452b040f1cc
3438 3643fc95513a5fe7
3439 e58c555c9c75dbc2
3440 4d487e2aa31af047
3441 ccc52ab04e590d25
3442 d5111d75b86287da
3443 80306d8c285133ea
3444 c0d992d2f68f297d
3445 3ec44be920922282
3446 2b812a61e9a542b5
3447 f89a0bcbee839c67
3448 8dca0b2e67980121
3449 b6c2386e29a5d53a
3450 140eafb309074a72
3451 1ded10c49458dc67
3452 c81ef10a5b76857b
3453 3197af28c45d1237
3454 922f07b23b6cf250
3455 2e1a3243209f4945
3456 46a4ed3d6f77416e
3457 a63fc5fd9fc649a9
3458 2896c05acc9d0088
3459 c04f961a2f6adc78
3460 2a39f328fdb2ede1
3461 c82dc21e6536f598
3462 8ea065a543bdff0a
3463 cbded6d3d75d52bc
3464 66e297e68ba3c974
3465 86f39fb8c6301e91
3466 d21ca3a466b7717e
3467 a527a9e2d6bd7b5d
3468 9c20edfaa77b620c
3469 b809a3e7c1f194cc
3470 407684f8a365218b
3471 c7150680b202548f
3472 82c1f074822fe4dd
3473 b5e26e2675b07fd3
3474 e855f63d0e43b1e1
3475 916d12027dc42759
3476 8d95441a6046940a
3477 9b7276a55b54ce3e
3478 2ebe01315bc32d79
3479 61d5b9a3cf70f11b
3480 206aa4ff4d81dc2f
3481 cc65d834b6780b35
3482 54eb56ad2d1def91
3483 6eb96fa4c2ba14b8
3484 a5dd1b14a2c1e1c5
3485 6d129537b2324258
3486 79094deb667f850a
3487 b48b11c8f443cb6b
3488 79947eb593c86691
3489 be28aed3e068fc21
3490 c82b6f66b667bcdc
3491 0fd1337e14157a4c
3492 a5426bca9f81dd0d
3493 486b54a04a46478e
3494 4168a255ed491a14
3495 48694ef72b6fa51f
3496 b8f8e23ec4c4ba64
3497 9d254940940fc91d
3498 d06bb20bb26de3de
3499 7cc13ffa81185b43
3500 7fd22511cfa431b5
3501 39882a24fe466cd0
3502 c9bc3ad389e43d45
3503 d62efcdca68d2c8a
3504 f6d9ebab7382b2ad
3505 430b94fc2e11a75d
3506 bb3a3b644e78dae1
3507 9fb7a15ee8cb46e4
3508 376750a2ccbbf947
3509 146936236d84d596
3510 7b942d62dd248b82
3511 fa6b83771da09aae
3512 110ad1fd45d8ea93
3513 7a7c4e9282637ce6
3514 83e1140c41b730f3
3515 d52895ee2a0271ac
3516 716436b82718d49a
3517 ce9ca4077aae0b9a
3518 287aabe0dcb72ba5
3519 78a48bd71b05699f
3520 05b022108164d3e3
3521 eeabcde09e7ff581
3522 fe7edc024c8a79d4
3523 e635e6c80b27dcda
3524 e3e6b1a80e0e21b6
3525 1690c33ee7b34f8f
3526 fe160218161134b9
3527 4b5a7ad97b73d8c2
3528 2128ef9ce3a20367
3529 1903c4b881e89e10
3530 2a6da1c242345d12
3531 4ba27f1bd3d44551
3532 e3a59cdb8bb334bb
3533 8d2dbe0844f0da69
3534 0dc9113dcd1bdd5a
3535 981ab58656e185e4
3536 35a2a0d4969ab0f1
3537 4e9d4e4f1f0591cc
3538 9fe8c43ef4bcff1b
3539 a9e7dfbfa7bb9cab
3540 62314fedd9e5144a
3541 8ec8765938e6a9c7
3542 8135c708d134ffc6
3543 856acd94b4a58bf0
3544 364251359329de60
3545 3385148ad129d04c
3546 bebc890281c48816
3547 1d1a12ef10733e54
3548 e7cfdcfe4ec384f3
3549 abeb3188ef8763b1
3550 a7d873349cc8b97d
3551 788555081d021c6c
3552 529278a6970fac2a
3553 24ee615f441c504a
3554 fa72eb1b0192f91d
3555 bcc3af0805b4dd57
3556 4a6119da8a139448
3557 dc12f31750e21a14
3558 53eb0267ad866e5f
3559 85ef83997fccd764
3560 00a52ebff92cfbce
3561 0a6e2fca61f48a4b
3562 9447e29a04dcba20
3563 0f1d0b42a345f9ff
3564 271e62bafdfe5fee
3565 ddf8b1ab319595d2
3566 e158f0823cb77507
3567 0d466c1734080dde
3568 2ffcacf72e6f1c16
3569 894f219a2b02e8a4
3570 c8d9bfa72064cbb3
3571 335ea5a342c9d66c
3572 bf49bed7ca089522
3573 7a9e9ba1fadbc01f
3574 1502ee97d309f392
3575 d36007002e93bc7d
3576 3ad61bacc641f86b
3577 cc2970beee058542
3578 09440db944162d39
3579 e3c865fd5d54f92d
3580 742c976b0036c390
3581 9e8a097c491200bc
3582 e46cd3e13026ede0
3583 d2d2b96b4fc13b63
3584 d3e1dcbb776af954
3585 32e1ebc6b1451aa1
3586 2667732cde9e6511
3587 8df53cccde1c025e
3588 2962043814c231ec
3589 c6e172ece506ac99
3590 cbf8a246f1a52504
3591 eabd4816ed80af53
3592 63447422ca535ce5
3593 72533e26b27ead1f
3594 3969cf66e99298ec
3595 8a1273a410aa3583
3596 b8f04e2602255b2d
3597 9232e77f47dc807f
3598 488f364497d96101
3599 ce85c49d95bceeb2
3600 5cf4307f8e34b199
3601 b702a8940eb69fa3
3602 b2fcd1e76ff44618
3603 c1c455f479a5c99b
3604 efc2431cf592500f
3605 27e2e7aed2839b22
3606 b0a30fbcf55e1cee
3607 a3ef0f263af196a9
3608 3569d80c5dac8a13
3609 9840bfa6f30117d1
3610 80af78117b4a8089
3611 cabcea3d4b48ed02
3612 9a9e33c765044ee4
3613 f73ea4e4db87bc8c
3614 506d12371c2110d4
3615 8721fc6d914f986a
3616 986c77fef33600f1
3617 43221d22db94e89b
3618 eb62dad9c23b1210
3619 9eb39ec028201ca5
3620 fe9a0640c0e3fb8e
3621 e03bfae0f7991d2e
3622 88bd51c33f011f44
3623 18402ee442b8dba4
3624 0f72666b71410b36
3625 635286853dd8f67c
3626 7bd7f6aa6336b79d
3627 d901fe5602d17122
3628 8969eefe5c574704
3629 681728ed10bcb3ef
3630 ab7a114d02e7d338
3631 66758ea8107fbf9b
3632 ae335e6aa3a94e68
3633 a60ecf5772abfe0c
3634 56c5ea77114a4c78
3635 494d8f058afd032e
3636 1b88a13a07bc3024
3637 3d92976c12f9365c
3638 87756f8713eab52a
3639 3604e7f7e94ebe4c
3640 c699fadb93e5fd1d
3641 86dd8e24c048123f
3642 1bef34b88a2fe182
3643 b8cb746aaffc79f8
3644 2bccc5a219a487da
3645 3f3122c6f2f805d7
3646 16aed72e25c88717
3647 93845c5be5391e76
3648 fae24296f17a5a97
3649 9682e1a68fdc71c6
3650 8cbee8eeed0363ca
3651 25ece7a9359012fd
3652 35ce840d21ca4df2
3653 d5edec8580b818b5
3654 ac609bbeb3039dd2
3655 20c9bb5b48c6e9a0
3656 a002e50f713d55e6
3657 04737f07ccb23e43
3658 de7afa48d5411343
3659 2469a7f79ad7918d
3660 eeb6e5578127c4e1
3661 def97f1217735be5
3662 8e3571eb7e41c014
3663 4cb12857dc17bac9
3664 98ce0bbcdc66763b
3665 b7eb2b34ed3208f4
3666 ff8869ed4aef62f0
3667 f1db2f6e4640a5a4
3668 efc9761049adac6d
3669 bc550da556a0a702
3670 68b77fdc879da0bb
3671 6baa7e9c84e59dc0
3672 2f87d3751346af86
3673 243dc535f7711f72
3674 bff9870973d3754b
3675 bd8cc11427d7638f
3676 6fd3e29c3eb6fb67
3677 06ddaadee720830d
3678 d291f647bbe9c86c
3679 fe2fdf2bb96c511f
3680 b572277a5e92c7ab
3681 db30ff41fcbc474e
3682 e7bf82f6069c379a
3683 b1ce231e626b299d
3684 8b5530ce605ae04e
3685 57c4b47d88b60b23
3686 0ef559770219d2f0
3687 a8b826681cf7bb9d
3688 92d5abb8c1fbc2af
3689 45e1e2c8134ccfa1
3690 e6febd8de27a0f50
3691 2d44bdf0dd3b0d01
3692 cb1391bd70fa46b9
3693 e277b1d8a67ed731
3694 a2f429318f052900
3695 aad8bc98dcc4eec7
3696 a9ce5b6babc82b96
3697 a578ab82c350a15d
3698 d3311be42c9876d2
3699 774c72dcdac07aa0
3700 080fc00ca31ce0b3
3701 55ac35fbc23b5110
3702 a9e2005fd62ea935
3703 a9ff7054f9fcdd04
3704 613499a3b6bbb26a
3705 24d80172c0f91d86
3706 65bf43c3a81826ec
3707 c685b5e80c97c8ed
3708 93390618870cac68
3709 b7234ded6c12c892
3710 510f8f54fd151db0
3711 14af9598f1c353b6
3712 edf17ecb5e47316c
3713 a6bf0a516a9b464f
3714 5f7ab815955c55fc
3715 fa0bb885d6985d61
3716 c3c0d9356e4970fa
3717 cc5609ee3bea36a1
3718 7be3046df9431a90
3719 21983fdfb5ecacb9
3720 14ccdb8dbbe446ad
3721 c59ab8c7bba78170
3722 3e2e63bb2d416850
3723 e717d7e9bdcc2f28
3724 a7ab6db90bb7a672
3725 a5fcd92fd0e8d6b0
3726 3b294501fad54285
3727 9d1eb77049a80cb4
3728 945da7c906b25031
3729 03a1046495967f79
3730 c84fd54d9a14eedc
3731 a9a26eec0b18af25
3732 ea92472ead2593f4
3733 1fd6bfef798baa1d
3734 78518a75eeea747f
3735 79ac5e5c4a35c135
3736 89ab660a146f3182
3737 55677f4967e25b0e
3738 43968dd188c0cff8
3739 746dd845457a2bc8
3740 315bf806d7a0eb01
3741 73093c157d984441
3742 e687dd3e317a5e7b
3743 6bef1f6f3b36ccce
3744 ca92be588c7cc4ce
3745 a9915ba7e3eb0480
3746 9486c50f786eae8a
3747 904566bf042b8f86
3748 16f3a5354e1214f1
3749 f6067916679ce268
3750 3a43dcbbc86c8957
3751 bac16484956e94de
3752 f151fbb9581bed41
3753 f869444df2a35e54
3754 0fc81b22ca6880e3
3755 f4867ed078dc87c9
3756 9ac4c9871f0a99ee
3757 bb6dc0102d7d513b
3758 caeb203565c0115c
3759 af0e46be7e22c77d
3760 40c47b7ea6a5d07b
3761 c10af6a28e05dd3d
3762 574cdb9da76c9950
3763 2019a4bb49e5a75b
3764 e7f12e8c9392bd0c
3765 a1f98a2169ca3733
3766 a759c8ac76e3893b
3767 12f046e5e87ce910
3768 1041b1001c17c410
3769 4f1feb6c1adb9bf3
3770 5a30174516faae19
3771 4281a08f7a6bc33d
3772 abfddcc98e30c8b3
3773 5bddbc6c5bff5b4c
3774 e61008c4e5106577
3775 98dfd08a88918a42
3776 03d2b5a2d83762f2
3777 eeddce8cdc723515
3778 bbd786922d19c4db
3779 23147cda69632718
3780 08bbcc0d1a60f5a9
3781 87f2ff6b3b8f9721
3782 9a9ba1a2744edafe
3783 e890ed08df50db87
3784 20c37bd3dbcb1213
3785 27ac359822c026b7
3786 6fc3012a4f63f3e7
3787 2b09060333f24dae
3788 6eb1ffa4fe7a3b27
3789 9015fe5d0bca9040
3790 907a07397efa8b7a
3791 06074f4cb1cbb56c
3792 ab2fa93693f165b7
3793 158bf0d1206d5b88
3794 a4162501c497795d
3795 7c0dee88c03940a2
3796 5eb254db2b7a71cf
3797 3d0c7b9090dd1473
3798 1483193189018247
3799 77f67473edd9d0f4
3800 328116f7b4cb34ff
3801 b8e8c07de5d6ddaf
3802 33943a48e6765449
3803 1a63040b78d07b99
3804 52f556fa50242eb1
3805 f625c8cdc9762d1f
3806 47b7063b57d7b157
3807 8f7cfbcfea3f9183
3808 0cd599af3f5da7c7
3809 5b1312021c0af335
3810 ffc9edf85045bb7e
3811 9e2da966d6f33e03
3812 7378c1932c8aaf1a
3813 d31a57d1c5e065fc
3814 c99a7421f29b59d1
3815 7ff6a441b4f24884
3816 42224de84078c093
3817 87e4997a88f27b0e
3818 7dedea7524ef1c5e
3819 2d45fcd92664c3b9
3820 1727a286b60f7861
3821 03a0a23ef7dfc502
3822 8ad65d3ca2436e8c
3823 ea9ae566be7b23c1
3824 75ba4841808c8415
3825 51687f6a23244f01
3826 72db85792ac70e09
3827 a734be6bb683a710
3828 3aed66fbfead79c8
3829 b9ff192f54bebc07
3830 73636557fb535405
3831 ab1e238db451efb9
3832 85728b7841e34ff6
3833 edd4c6d4b7337581
3834 05acf6d838315ef6
3835 d36bd1eb3b05c466
3836 feb38a599f97e219
3837 6ee5972bc5cd6887
3838 3d0f8576755d7134
3839 de97f98a1948289e
3840 8858e200d01b81ef
3841 a45043b92d5c0a24
3842 5dfe8cd74e7f59e9
3843 90429ebf4d6f8dde
3844 53fef19318b196dc
3845 cc6aaca0a6e0a885
3846 844d2bc27d7f2614
3847 02c044b8dce6cc02
3848 fcc6534e8f97076a
3849 25ff03a24fefc312
3850 d29d66cb11f3392a
3851 77fceb0b7650765f
3852 2ff84a56bce50513
3853 101cec0b86c1e9cc
3854 1a5bbc8eacfd4b90
3855 4f0056da41d52cd2
3856 06436e3518ee4be3
3857 4649454ccd5692ea
3858 a532eda5ba36522f
3859 b0086a05a55ecc86
3860 03c3d92e9fa17493
3861 e7c292dfd197b083
3862 d7e0c7cd09d0083c
3863 0e55fee0e6f55af6
3864 d9e6991c9a48baf3
3865 208e8eb793f646e1
3866 c1f36cb8fe249156
3867 ce111d832b1dd7a1
3868 838c19e4b19b60bf
3869 49f71cee3ed65bd2
3870 165306adb389b9e2
3871 58365ed959bfd74a
3872 725ca4b09d97efc7
3873 de8539644824fbed
3874 8666971a25089157
3875 647c592bdaac9455
3876 797bf194b3928493
3877 3e2bde1d8c50fe5a
3878 5ea4276d00bcb3c1
3879 a2d890b7e2dafcfb
3880 d8735504702cd274
3881 82a917af709ad0d2
3882 4ad404b7bbb6d6b9
3883 02b170f157e52a20
3884 7a2ec1de1b7db35d
3885 ce64bf678edfcf4b
3886 19ca879f5b488224
3887 32758536cdf2c9b3
3888 3f50178b138eddfb
3889 c7d2928dcdfa41f8
3890 8148f3c549971078
3891 82e0c5d817a0293a
3892 28cd4bd0ee3ee192
3893 e1c8f0918230491d
3894 3e4a8811c66cf464
3895 39520e67055062df
3896 75b0b027d3615fd9
3897 5a3364e25a141605
3898 bd908fc609be1c5c
3899 354b307c77ed9491
3900 5980ba4e6d6efd4f
3901 22f3e6226683bf9f
3902 030599af81b6329e
3903 203e3e13c32a12eb
3904 216188773ba8dae4
3905 7e5e46467049d7da
3906 3ca463f1e69e258f
3907 b9a1bc106fd376ed
3908 dc16df83f52a6e77
3909 a95bc47c690f51e7
3910 34350002e81a21d3
3911 71f6c2840426df9b
3912 31779defeb28b66e
3913 5b8b6e6bbbd17aaf
3914 baa0e9caa0d5b11e
3915 d117c71f35facce3
3916 aeee331a0c27779b
3917 c842860373aba215
3918 00fdcfaa8496356e
3919 8b5d43da06dee806
3920 e430666f3b1aebf8
3921 1ed9473bb1e74117
3922 a809e9e7d2fec64d
3923 29eada7ce796d14c
3924 85fc88deb5bf7511
3925 19ca1d54048eb568
3926 2b43449af1b2b722
3927 08c1399e46c88756
3928 212f1540750bb502
3929 bb2b4147e01b15de
3930 1036f690fb964fc1
3931 7ebef40a9feaa5c4
3932 c8c0e6372b54ecc6
3933 26564ff2f2e304d1
3934 0f63112ea647c9e4
3935 55249f08501ea490
3936 ced2586aaa9efde7
3937 beb5ab47abdb775d
3938 05d617920b869686
3939 51f3267505a3614d
3940 5876345c293d09f9
3941 cb1cb4a3a58ad620
3942 cadb25c12597cd4f
3943 5e9444c081f99db8
3944 580d260e4a18031a
3945 523e83db14600ac5
3946 9e0124ec9f12bc0a
3947 f3bd31d0604fd735
3948 f08b853c05d1ef77
3949 ed395db65045f703
3950 22ba419e4263b650
3951 be892eb481c8b4f2
3952 6657cac65901ff5c
3953 4d190208b73aad0e
3954 816ed2966a49c38c
3955 28cb0675f2a98c91
3956 2eb3989ea6eb527e
3957 ff21b729d8507ced
3958 801ecac3e9ca2a20
3959 ca3cbbd02e0ce707
3960 f47da879c22cebad
3961 1f338aed458f725a
3962 b43fb231f9997977
3963 114128b86ded6d94
3964 148596241550a7fb
3965 c9f07e42a470a595
3966 d95d94fc3c976205
3967 81fdcf9fc3a91d55
3968 8333bf58b95a6009
3969 16708e3b2318fb07
3970 2b28381b3910f187
3971 7913a0e2a5b2fb81
3972 a61ea712b667792b
3973 fd8518c6aff215c8
3974 638705de88b9eb44
3975 2e58f628e36792c3
3976 387f999a2bab393e
3977 242dff6c81751760
3978 bbab0cf615c3cfa5
3979 7805fcc42b4fff67
3980 f79201a6bb9ecfd5
3981 db0534204f284a93
3982 0114f0b1560525b9
3983 6ad2d7ec35451e20
3984 7e8f10a9bcd3f9aa
3985 f2080d5e24f27af2
3986 baac6a18f0ec35dc
3987 022af584450220d2
3988 d658e3959d912ee9
3989 e4cab3cf01cabb81
3990 8201be92793f761d
3991 49bbd87ed878f8d8
3992 e6abf85cef10924e
3993 b215ae6ee205d41c
3994 658a1406c946104b
3995 d80fa924548e6d59
3996 5181d52812767c13
3997 19cefa1884cecf0b
3998 781ad0aee2071d00
3999 19c046d269c92297
4000 a348914872c00a54
4001 a91954d449537ca5
4002 dd661a751bf678d1
4003 445fd1ba2e906447
4004 0863304e59d3cff3
4005 634fa39b01e8c023
4006 bb66e1a6ba9ba6a5
4007 5608bbb1161aa755
4008 170183603dd3778c
4009 846a68e451f835d3
4010 adcad922d7df3a17
4011 f829c7d1ca4c0337
4012 c82b17defe8e79c4
4013 9f30b9f8f836f2d1
4014 51d699e8510f9467
4015 bf080aebbcf818d6
4016 504f2d323c945e60
4017 8ba8df8451d86cde
4018 d4181fda547e17dd
4019 b8aaf2269a38dbd1
4020 97fbfad0d96422cf
4021 9befac8984705eb8
4022 8473cf4dccafffa4
4023 3385f6dfb244503c
4024 18ad9d2db579f7c2
4025 c0badd9fe74faacd
4026 26f35528cce4db88
4027 10d1465b45a46996
4028 60285c203e442bd5
4029 56d4eb99b500007f
4030 b0bed3dd859ea349
4031 c03e65aeb97872f5
4032 03a599a028bda521
4033 10533b59f854e543
4034 2a272f3a20fa8648
4035 2e462d30c1628482
4036 a566fc48aca91cc7
4037 b47a0bbfaa61e1ba
4038 83d1782d24cb4d28
4039 8995e8223d9da2af
4040 97f1675eaafee627
4041 c00cc5488b31d257
4042 2c700fdae95a459f
4043 e0cb784559a4320e
4044 a57dfd528a23abb5
4045 d23fc8545c673b0b
4046 b305842b45702a02
4047 7d714760c0401a4d
4048 d3440e0dcf9028c5
4049 a5078aa84b561461
4050 6a2b2ea1ba5bc176
4051 a4b3584c13417d8b
4052 30b63678d5f77279
4053 f8777a36b5d732b9
4054 a6e5734fae3bc81b
4055 03431cef7ab48f2c
4056 d4735207f5befeb1
4057 caa6d0f7cc12badd
4058 c23418b125beb68c
4059 d105ea677ad7bb5b
4060 d6eb8cee096bcb99
4061 cf625491e42f8882
4062 12fb89ed44440a25
4063 c2d8dd1c26bbf5bc
4064 76bf05d8a9b207b2
4065 07b3b9dd3fba5e0b
4066 8fb19b1f761657bc
4067 3c9a06fcc8758937
4068 a5f0e6deed39cd1c
4069 fd075b299b4e85ed
4070 b2372d215e511baa
4071 c4dfae1385b6b2e5
4072 ea585f4852357bdd
4073 32a0c0c4af996936
4074 b13d77d719d9bf71
4075 72efa4b30743a945
4076 740829990b225680
4077 9cad421cf2982558
4078 018d35bcddf9ae28
4079 f42cae3bebcb0dc8
4080 63abd99dee17a7fb
4081 c32711431a996b20
4082 c7560145e242e856
4083 1c31b06ab3e81533
4084 a0a48f8a7a87bbe3
4085 4d95ae2b55155fd1
4086 6e5f8d89f794ba1c
4087 9677e69b0bd8ff58
4088 a395d8aae9e6d093
4089 9a17eeb3bfc50f06
4090 ba99093b9f79c1f4
4091 76cfc31a644629b2
4092 838c6842d6f21860
4093 c6ada5f12acf05b7
4094 5a1d77b5a2eb0c17
4095 66dca50a4dfb03da
4096 1a715595073224a4
4097 6a9dca4ed3d70496
4098 a65e37f86dbb7a36
4099 506e2de3db6b6c00
4100 3b5985b18e98ad26
4101 7ae2fde05c56ff28
4102 2b0f1385737eeab7
4103 02b907c828d64303
4104 99f208022f3f0bb6
4105 33e38cbdc4d15e63
4106 ec877194bd1d114e
4107 40d07b4085bc8412
4108 6ca27e896a22177b
4109 aa652e74fd1e4e61
4110 6d3ffcc815586f76
4111 e1bd8209c3483f9e
4112 42b874bdc9ab6f40
4113 960534c886944da1
4114 7a50aed543c0929c
4115 a8a9d73d9ca30b65
4116 6adf181646106f51
4117 a53c203692fc3bad
4118 ae8c4189d22a5a5a
4119 19e3a30f7f659a81
4120 676d59561aebc366
4121 5b16950c0a80e008
4122 521d1ea53c7a93fb
4123 050db593269b8910
4124 a7d20782f275be83
4125 c525b4dab587bf4d
4126 892ecbd7d5f49dc3
4127 2ab60f2a0b63c056
4128 9468b2594cb140a7
4129 3d7405b699b07d66
4130 9f306207d7cd4969
4131 0a58154740f9afa5
4132 3033fd0e96e619ea
4133 17d7c1b562243390
4134 715bc5c9e4265870
4135 21894d4dd8d1a5f5
4136 f5f5db043e834481
4137 c041dab51d38851f
4138 f373676987a04f97
4139 6e3caadea0755594
4140 4076251c161b3f37
4141 6094d4ae670b9099
4142 0aa3e76d9451e581
4143 f72afb5022905b4d
4144 3886204b99779268
4145 e804bd65684cfcc3
4146 52523748dbbe36ff
4147 ece2ceab0fd18df1
4148 46c7c54f566ea47c
4149 db03e30d7ba47bb0
4150 717de83cb4c80428
4151 546cca74e6c05e56
4152 600d6822a9631832
4153 871ce11f76d7ad28
4154 9517804de3d20555
4155 56a21d22902d54c0
4156 9599d10fe69c56a1
4157 8ee0fc38efc70dfd
4158 e2de5a994ed869c3
4159 4551f48dfddd62ce
4160 f96e06ced41ae90f
4161 895a23cfaf273954
4162 b79e07e8ee8aa17d
4163 98bb20c33088a719
4164 3c89c238897164cc
4165 82387c41490acaa7
4166 12fcca7b2c7e3847
4167 5bb268f09b4f151e
4168 7bb25f5692b76949
4169 09c72ea63d655909
4170 deb47a21c2a8dcec
4171 03a0f766b4cf7735
4172 76d368f42101faef
4173 4d2b0da6b531df34
4174 e8bc79fceb92b5f5
4175 08b5ebcd6e62de55
4176 fe7301003bad991e
4177 d637fe624e1c917f
4178 be55262ab9bb3dda
4179 c92b310374204099
4180 c91d8d8f99c570e9
4181 d883c6a829f36ee7
4182 0565b3d75ddff1b4
4183 2acbb45bd2157cc1
4184 91fbde9195e53041
4185 aa31a6a575e32060
4186 2fa34ac884298d20
4187 663ad2cc2bf1f246
4188 12c8480ba0ef1fbb
4189 d66bec9467a7f961
4190 d4b040beb331b9d8
4191 e2eca065cbe0eca5
4192 3c290f133c7dd613
4193 359814d4e1923fec
4194 a7449df0104edf82
4195 4635efcd70f7ea34
4196 3c7ceeba98f69c67
4197 c029d5fe78cab921
4198 772c5630e8f719fa
4199 64f6503783575282
4200 404cc84cf7995dfe
4201 4ca98764a9487027
4202 be95ea8ba0bfb98d
4203 979048dde8f3ed6f
4204 9edca7d22af6dabd
4205 b8ad09ad2b5cd1e3
4206 c638a52cf7fa7d36
4207 1c540257f9683f02
4208 bd65e23ba837b7b9
4209 8851485f8bfc5a17
4210 404f57ca2a006f7b
4211 821c0c67e62fcf74
4212 20918140b505e2ec
4213 fcf9565fdda14b56
4214 4e3b9e47d0283af4
4215 15169e5627de4007
4216 b4bb8975309b88b0
4217 281b81c1c554c876
4218 132bae9fa5268a25
4219 23d9d7105b673fea
4220 1e9a40d0014c0b77
4221 4ee56b5deeb46458
4222 f3ec0a4f4e35d249
4223 8b4b4f2aa308d844
4224 d2ef3dea8914208f
4225 2d80b23523e7b9c6
4226 656bd65345bd5b2b
4227 20a5172eaead1c49
4228 441bd04747c6a2b1
4229 9bcfde554c4d8451
4230 d76b2b092c5be803
4231 629e1d8577af1d9d
4232 4390650272c9bac3
4233 a31bdf8930b550c4
4234 ecdb733789eb2def
4235 4de961ec2b7b090d
4236 856ff973b25cdbcf
4237 256601ff81618ed7
4238 43f6d6ae8b015724
4239 07078c35848c35aa
4240 d6a5e1410fec5be9
4241 c657f0fc18f0bdab
4242 49f48112d2c34b6c
4243 c3cb6bf619dc3751
4244 01328275a48d049f
4245 9e7735fa9c01f3f3
4246 6eff0881a97c9d76
4247 10cfa0386be556c8
4248 409874c8c2a22072
4249 d0fedc12ab0b9a58
4250 68b8b56e6db6ab3c
4251 ee3fcbea14a345f6
4252 622050a03feca7c3
4253 6de25027d09143a1
4254 22b12cc128608de1
4255 3b1751af8a2573c4
4256 6ece1cf782535099
4257 424cdcbc068443f2
4258 76a558983cd18f7b
4259 fc0d41bb0915bfcf
4260 41ffab7084f5a51d
4261 514308d5ffccee9f
4262 182ec5e5bca374a2
4263 4a1f9f6ef0498203
4264 983c28cc401531b7
4265 c7c05a8b2b3dafc3
4266 295ff07e84e8c419
4267 ff14809435286984
4268 df5a8a4afd53c525
4269 b4686c4755f347c6
4270 c5ef0b682bc17cf5
4271 4c5809693121373e
4272 676fada52c8b006e
4273 09928d2de6c749f6
4274 8ed2a6c05362c538
4275 c0ff936887eb1517
4276 e8dbfcab393a74e1
4277 a56889db38afcd47
4278 aa78afd4c908db09
4279 6f56f7d8a6e09cc6
4280 1bf7b75f6adfc745
4281 2ebbc68f7fc50780
4282 9b0044fb8dcd483d
4283 d1d185fbd13b0890
4284 3fbb8a7f89cdc73c
4285 3f993ecb8f443576
4286 a592cdac4b180765
4287 f1da7cc3f86bcefc
4288 41bf3b37023ec4ef
4289 3bcc7cd1d02f5504
4290 d599dfc97be895cd
4291 665eb4507ffab4ba
4292 970871872323ac96
4293 47af3ad0ef1fea4e
4294 6ec0891e3ed54f0d
4295 a8ad5ede5558c14d
4296 4f041e12c9e921c7
4297 86b0b6d6ba50dc87
4298 901e9b779bea8219
4299 78156e9b9aefdb9f
4300 8c70d4ca51d48e2a
4301 7758706021e6f62f
4302 27227ce6b037d9c3
4303 bc34f2b20a15a748
4304 04bab31cf0348831
4305 3d7a0e78c71ae8fc
4306 a97d8cb9200ddbd3
4307 992d3513c6b3a047
4308 5b490719a90c1e97
4309 14bfde8e361f78b5
4310 6ef82618a7695da1
4311 7952a0619d3cc036
4312 0bf9211867b54f7e
4313 172830595f3169e6
4314 421b203ced4bd3eb
4315 5fc0ebabb757d516
4316 f7b3e31d73a81843
4317 c3019d0aecc46a92
4318 7590482b32e40ee9
4319 433fc169397903c6
4320 32cc55652cdc7003
4321 6ee04002c196b595
4322 1de2031e2ecd6bdb
4323 c48bd49be3cd8203
4324 4c62fdf6c52ac812
4325 9f03d85af9315d76
4326 efb4c7b5d43bd962
4327 619cca827d332139
4328 f4281e3ac18f9473
4329 2b151bd1e31120bc
4330 f26ca746e6560177
4331 237eccf1c1bb9d4b
4332 736c4d6320a66790
4333 86155f5d002702dc
4334 a4f64a6bdf808a10
4335 679a6ec408add59a
4336 cdc4e1eb981cf0b1
4337 e8627c052c3dfb72
4338 35adb9e0b49ef507
4339 0e976b68234f947f
4340 9acc2ad200d57b4f
4341 64a5dd926febee8b
4342 73a270b31165e508
4343 7981d3ced6994298
4344 6c9b2482ca055ffa
4345 deb18e181f7ce714
4346 b5f08cd2ffc4f8ef
4347 3addad6c32316940
4348 04c4fc6a488ad1c5
4349 ec3f273d668c1d1b
4350 14bcb5d2e2b1201d
4351 583c48e6566a4e07
4352 ba0f01cf0f04ee16
4353 7a0dbc881c9956c8
4354 d4577f20f9b0ee5f
4355 d6d225e664c73b88
4356 515629bf358791fd
4357 1132a643c6f7b25f
4358 c8d67451b78afc82
4359 3240a40f96d2fd70
4360 8ef6606e977f9ada
4361 c270e18cf20c283d
4362 28313360edffe997
4363 622f681127b13a60
4364 3eb4e516e98c60cb
4365 ff81059460aca976
4366 3b35c60e4862db59
4367 87082252bd28cc49
4368 e3b2e7dbf0484f51
4369 d25ca10654fad6b8
4370 d583cbe18688c496
4371 a83d684d585b2c55
4372 2ea62a88dda82d55
4373 20773316683d51ef
4374 a71b182af8cf3b43
4375 1c5d30ee154415f7
4376 9f418fd666167446
4377 95dd031541c3d6e7
4378 fae462ba2adb2f98
4379 cb49964ea8509e1f
4380 b2c983f96b095cec
4381 5bdebb367f4b25db
4382 5da17e3ae075325c
4383 0f634458814ba975
4384 333a6c73f8504d11
4385 606bdd3bdf314e09
4386 846127df4a83e3f6
4387 302ccf565d382dce
4388 63fac5ea07273550
4389 6747bd13d154e214
4390 2b3dd916cd2af14b
4391 8bcd3c74f7762348
4392 efaa67f2c5aad0a5
4393 9206e2a707a05254
4394 8e50a840621f1507
4395 f23e7c8c3a2d7ae2
4396 d9b45c5fe035786c
4397 8ecbfb789e067ceb
4398 eb46c674fde8e544
4399 1bf87bf56e4e8842
4400 2bf610cb89622b2d
4401 240b071dea287ca0
4402 5e803ad779a36c93
4403 0e7268b3cb68668f
4404 7af89c997fad43bb
4405 2b77505677110fd1
4406 526c6eef1feed445
4407 576789f2aac88be4
4408 e4842942e8557fb8
4409 5fe416e2ff0e8530
4410 4fd8fe877406c2d3
4411 110a5d551431f37c
4412 9a164853bb6eeb43
4413 423e85a4b0f3df91
4414 5638551da3c3be38
4415 9a2c32a636441733
4416 c99ffc6c290e7525
4417 365e5f4e0583bf3a
4418 5e8e723924a081a3
4419 ba6cf2d23953e437
4420 bfcbf327f7813c5f
4421 645fcabb78a64cde
4422 cde7cea5e084bbb3
4423 8f7599ea7a0c6cf4
4424 5205cc2e34a89f43
4425 44bfb23995df3b54
4426 59a869cc1e9454a9
4427 6d9af2073f8e18cf
4428 a43c45f1e955122e
4429 2e07a5731188975c
4430 6a1b348e989810f6
4431 674f8537449580a9
4432 d7dbbfd324851d43
4433 03ae891d8a46cac9
4434 87aa5cd378adac60
4435 289d75c846130e7c
4436 fd832f3b4d749271
4437 8901f059b086b895
4438 672b3ad4d4c799cf
4439 faf03dd31196d64a
4440 0264a9125cfc5f77
4441 f9b53fae352ae6b2
4442 50f00f140ceef67c
4443 8e4f16ab4a99c5dc
4444 9c066950f4851d8c
4445 98e37f09be9c7b07
4446 9a86a5f7e8415f6e
4447 bf791671fb18b752
4448 6901c2717eaaa724
4449 e41ffbe9f14bcb94
4450 7497a3c9fa6681b3
4451 9ff3d7f786d989ba
4452 68f88c97f81b6bed
4453 40fc8fea3cf735a5
4454 a0e60579799b21d8
4455 a359f9c91cb5106c
4456 047e87fb74dd980f
4457 37e7c338cae0f1c4
4458 d79e08d5fe054df0
4459 10626bb3dc21456b
4460 c65eceb280bad49d
4461 fc5014e25748cad9
4462 9e891562130284d3
4463 ee0e23e15aff93bc
4464 3b0b2e1401c801a3
4465 baa85bea7e8eebc6
4466 632502a6bd5561a7
4467 c59c4b01e31bcc71
4468 87055ca088247136
4469 fc58a960b7eb1446
4470 ee3075671bc4a85e
4471 9b1645090335ca35
4472 7b502e02a7905d71
4473 a8b70e3e232d3e57
4474 0c08925fb12390d2
4475 1bf4dfb9a7bdbd77
4476 65e560ac63c169de
4477 88610e7474ba80c5
4478 6b1d3a13a0640896
4479 061d0678caa72c93
4480 6d2a5c84a444da44
4481 0697510cdf73ffde
4482 d7e9efc25d194a07
4483 f9c245374ee605d8
4484 815566010eac0678
4485 85f2e5c7f14ae0f5
4486 285a68614b9ef23a
4487 f52895d839a8a212
4488 cf712056edb5275f
4489 c52852d5002c956e
4490 adc7128b6d0bcfae
4491 747bfc596fbbf666
4492 106d6f674b5c9755
4493 dd814a58a3e3bd08
4494 8b2954ba89ace4dd
4495 9e64cf6465ab0d8f
4496 303c43839917262b
4497 5f0c0d890ae2ccec
4498 a1cb649dc9cbff0d
4499 4f5260368ac2153d
4500 b8f5307f133957ac
4501 fa61c2b1fc21c2fb
4502 de2e50bb308a195b
4503 09410092f0ed6654
4504 97a98f1502212bdb
4505 369ba5561c963416
4506 2716e27fc59afdaa
4507 1d930dd9bd0c1bf7
4508 0a76a2f0ad57d132
4509 6026f269faa5ed5f
4510 47a5fcc10f98dc0d
4511 4dd554393a53e243
4512 316d3d7ddffa386b
4513 585ce9e02734d75f
4514 7960b9140521d048
4515 db44cf187e1a0943
4516 253e55cf1c6fb1a1
4517 47e3237912d1b346
4518 eafb99f8a0165f46
4519 9b1f8b26d0cf4b22
4520 2c7278117adfb1b3
4521 68abff0c9e73ed67
4522 be201d5a79a90625
4523 b5305143e2f887d9
4524 b530b9846b2fd8c5
4525 f3b9704fcd7d6663
4526 b6687b2803fe637e
4527 870f207cd16a489e
4528 0e326ce8accc2c3e
4529 77b0e3658b0bc625
4530 e1b823a2e5572487
4531 9c5f97dccfae8824
4532 ba82e9d8ba74c3a0
4533 bb314d4583b38b63
4534 4954a161ed87e92d
4535 765a927667b6d893
4536 fa663b56b3e653c3
4537 f3f041cfdb7b4bdd
4538 8dc49c054b989b80
4539 8f31ce9088773ca2
4540 1d409ccc800a7a6c
4541 1d39e624366fac3e
4542 51b4c37900ddecc6
4543 0d94f9a3d5a1365a
4544 4a4057f6a1105088
4545 f7afe317b359fe40
4546 189d0f3ca04c8f20
4547 3c6f20060089369e
4548 eafca9de23b05975
4549 fdc846459523cae2
4550 68671fd138bfd15e
4551 604775fbc225cae0
4552 5d7abcf2cfa44f2b
4553 e4c80aab772aab09
4554 bad5d0af11734a26
4555 cab0d4973edbff83
4556 9646f716289f6c5c
4557 77064c8dc3062282
4558 3edbaeb4a2e118d2
4559 4ab68935012646f5
4560 76c0fd0c5af0a915
4561 aaaf1339300cb63b
4562 9248217a6f70704a
4563 7c4d8b4526ee7fde
4564 bdd735b6e89cb457
4565 03ebea308929fbdf
4566 5f8f205641da79a3
4567 2ab37dd09b13000a
4568 7fff410d94a01e6e
4569 f9123bb0b38ab6b8
4570 72add6548e94df6a
4571 64e8774779578909
4572 fc0f0d7509ea69ab
4573 c974954db3b8c834
4574 e89ed3acdfd266db
4575 a60b2087f4bb3576
4576 f5d0d08b3b7c7777
4577 91c35104c89018a7
4578 08f09cddba06733c
4579 91b82205d5e2e329
4580 7bc9bd6d923a2a74
4581 252448b0874e8673
4582 875f9d53980594fa
4583 d9bab958936b7041
4584 1eb22e2d527c7da2
4585 34407711b6ee55a7
4586 dd2c94f3dcce6a27
4587 3173146ed800c6cb
4588 ab136a16dfb12976
4589 976ec1e5eeb98b05
4590 6222685267b64f25
4591 c3a573d1c62548b5
4592 2c207d9746b375e5
4593 3bd3a33e8adf0584
4594 477d08e9e5706e01
4595 1eaef4359fdc27bd
4596 570d57676cb38c75
4597 db106ed9464dc11a
4598 ea79adc14cc75c0c
4599 c718484fb1724012
4600 2098d1b19da7a95c
4601 b719b40f8c80075a
4602 fc70a70e648df73d
4603 be427d7e5113f0b2
4604 1617616b36a7f667
4605 6ab069534535f172
4606 887f7bc58064a9ca
4607 dc9ef711788ca562
4608 2b63aa9509a70fe9
4609 de4e5fda4ad76146
4610 56e2e0ce0128729c
4611 7a63cfcd28320f44
4612 f7405c716487add8
4613 54ee4f90209e2501
4614 ca047782e73d9f68
4615 c1a315b796e9d9b7
4616 f4ad61d35c6c069e
4617 a308edcf56755118
4618 ff43611c83eecf76
4619 e46467c0a2cbc920
4620 68d3c58da08cbac5
4621 e3a763e2491f5690
4622 7beb135320309c7e
4623 f98ca4fcdbff9f27
4624 aff6b4728830a1e6
4625 f9c8dc14e3bcefdb
4626 1028ef6d30ac3c10
4627 232601f00cd52c34
4628 fd962512d404238c
4629 cbc872a7017a96e3
4630 edfa4acc2dc99418
4631 09e54480129ee2c6
4632 d3965847d7a986d8
4633 6f0cc0df41069fc2
4634 44efcdfaefd579e3
4635 ad4a798aa6c9c1ad
4636 013d24df14e229ad
4637 d85b9710429fb6f4
4638 f18430508296a60e
4639 96ad5451045ad00c
4640 2e4757ac487a38b3
4641 6a437b879517bd11
4642 b1e328d23b488303
4643 ab19662b41f57aae
4644 1e6be5f6ab0a6e25
4645 1f50d558de56495f
4646 ad7a0435611e2ac1
4647 e3faf6f8ee29d936
4648 d4253a975d643e04
4649 2975b13c5a95089b
4650 8b1d7fd5bcdf8ee4
4651 21244b9ac4983fcc
4652 835504b0eb6f41d1
4653 0376d00ca8b0b69c
4654 3d8478a0fe297a70
4655 5871cc72882ce298
4656 d718bb9687452e0b
4657 c31e48d1a93eb5cf
4658 026d5bf475134a39
4659 447a5397e29610da
4660 d58c172382166265
4661 a55056b82723e37b
4662 ad9fb25587b625f0
4663 72ba90e6d808888a
4664 19d043b1eb8fc0c4
4665 8816527fac7dedbd
4666 b44c88d0a70101bb
4667 5ea84e2a99956ba3
4668 1ae89d2361ff8e53
4669 0a44a772ac5a6dd3
4670 443c3e51f331b430
4671 340dc1cb8c5651a6
4672 030fd9df2df14fce
4673 3d7d8ca59613149b
4674 dd921100a036ded4
4675 30cb58d3c325e5f8
4676 e0212b1c00270e4b
4677 84043c2daea9e425
4678 522edc4284f532f0
4679 ede302aa1bd559bb
4680 bb0b792b7d2cf44a
4681 010a922549ac99c9
4682 2519b128123771ad
4683 63884f2c1549c36b
4684 7244f5dfd8a66955
4685 53d9da3948b9cb98
4686 909fcdb727e30162
4687 8572aada9b9bb7dd
4688 cc4c0485b35496d6
4689 aaa5d182d675eb25
4690 7b380a0f7c4912ba
4691 8722f920920bb309
4692 5cff8e7c2611ab98
4693 e8b1e0a3f9dc9884
4694 ae91710cac889f1b
4695 f89ab93a7177ed98
4696 eab8a54243d23229
4697 4182577a6c17be77
4698 b2ef57d56df01259
4699 c3eafcd136222bad
4700 b7956e98b0c9cf75
4701 0cc35d7e761580fd
4702 8d7fd264e761a328
4703 9020a3d4c09b7f00
4704 fd33ffb53c1c7fb0
4705 2ebbad1deba80ba1
4706 8d7a3eea51691770
4707 eff542dad3fd12dd
4708 7ab917513f0ba118
4709 daf1092b03676aa7
4710 6fbb4d8bc5ffa64f
4711 6ff0df381f869d85
4712 9287136ec869d527
4713 8e190f04ed25a442
4714 269183cb1512a08b
4715 31a42d6f4b989e75
4716 7711d77a20b9d44f
4717 a0deb5f1ae1c777c
4718 f5dc029047e6eaad
4719 c896335468260882
4720 504cecb208befaa1
4721 f9bedafde1789376
4722 ded1fad1b7f2f70b
4723 dd047110c68b0fa7
4724 92677e347c00aca3
4725 faffed2250a93b9e
4726 474db87c60840d51
4727 4db338b8127ee6f9
4728 ae52b512577fc22a
4729 61d05bde5c3351e1
4730 0f3d64a1a44b6052
4731 b0a45c0bdedd3bbf
4732 7f5cb1299162b092
4733 f203642f1ac70e3e
4734 8c042e9faabf3af6
4735 840a4e9d40e03b0f
4736 3d84dff5010b4e1d
4737 f9045b7793ffde57
4738 865cb7ac70d8ae85
4739 7ba94c9be6146e80
4740 bfb462a3b97ebf42
4741 16c93f0af3cdd7d8
4742 15f5a7c2b1c4ff48
4743 d29814d6291bf11e
4744 c641fd643fbcfd0d
4745 727bfae4d04a4c33
4746 f72329f4ac9a040b
4747 7c2dfda08c5c5ea4
4748 277b2f18f681e107
4749 466d98f0249c3c66
4750 c3a4b7143e2940dc
4751 39f5ed19754d02df
4752 5a23e2d3c8e06195
4753 0ec6aad7f3bcbf5f
4754 f2a44eaf70494ed2
4755 734a62dc3a0d0568
4756 d0401efdea62e9a0
4757 2a4c608a66e1ad72
4758 f1ee25e275581fb5
4759 048240caf843025c
4760 476afe2c5119762b
4761 69236d316d869e28
4762 ac3073c797026224
4763 e92d023c897e9229
4764 364f1dab80b543f2
4765 1dc3a29f34ec7cb6
4766 1ffc1442f0547189
4767 af7d5f2cbca282b3
4768 3c30c409f7ac45bf
4769 155c1b2dc03f58d4
4770 a0c458c15b80d497
4771 4afdaed56c19850f
4772 3c08da0bef75037a
4773 09ea30133b990349
4774 23ea8317e83e39e3
4775 89a7527c38dfb0ad
4776 785ed0456120c53a
4777 5397cccb6b3319ba
4778 2bbacadfb567881b
4779 ffd23937a819139d
4780 2c183cdf09f71f92
4781 19d97f389c9294a0
4782 7371d818e67bca03
4783 e3da2c8ba9f80165
4784 bed22ded3b447872
4785 d9be8fec9933e2db
4786 08d63b359155c4ae
4787 ce565a20ebb4b507
4788 0b9e5fd55afd31b6
4789 03ad45112701bd1e
4790 ea29505c12053b97
4791 00a66de7a61592ed
4792 502b5e0de003270f
4793 eb435963828bb835
4794 5dfd01250adb8861
4795 7d739053bb81cd9c
4796 10ead323c7a4bdf5
4797 1522a56f84a51bb0
4798 83db4fae054dddb8
4799 d1085789286ba3cd
4800 22b9b22154aedb7f
4801 ffd7d9091ee9758b
4802 c5b80cac2e7ad3d1
4803 5cec899d9bd851d7
4804 6cdc23d3f3238444
4805 8a9c2d512cce1d60
4806 9669c9c885b8f8c5
4807 92419f429840cff4
4808 38c0ca2a620ad4f5
4809 e388c8b77a2b256d
4810 857c2c415e7d6ccd
4811 316de9913db9cd6e
4812 714432f285f532f0
4813 7b66a5bc3b36c1e7
4814 e968871eb753a98b
4815 2f7bfea54d8cacdb
4816 56bd340f5d83fe3d
4817 79ecdd0f8d325186
4818 d783eec83310fc51
4819 b0f92e7ab0757fa0
4820 44efa91de8ff897e
4821 334f95898cda7d8c
4822 047af8e08df05b6b
4823 32d3b6aa074e2ee5
4824 c51405db3b14a53d
4825 50531f04166fb656
4826 1cf3f0e4c8cbcdc5
4827 a1e7ab66f1e05384
4828 e753d49db65f793f
4829 4ad825540e33ac6c
4830 2f6f8b37b495b254
4831 d6997e93919102b1
4832 e25be0cf89d4a030
4833 070721012f4048b8
4834 0a64dd10577a0c30
4835 d90eb87c0a5cd494
4836 ec70f18cba4f13b9
4837 be9ec95577fcb8a4
4838 367ae648bec70c18
4839 2e449e22f6654e01
4840 665c7125edb4b2d1
4841 59f7a7b2d9d50d31
4842 80a2a3ada798c474
4843 b469350af47486c5
4844 a472d4516234f5e4
4845 b88fb5aac512e5b5
4846 5abeb5ff89958f0b
4847 30ce56f58e130ecd
4848 35a610f367da398a
4849 82f212474411e154
4850 a13ffb84947d2c10
4851 c730124bb5de8128
4852 5eef669863b08908
4853 cde2eb14492c844c
4854 574a120bce7423b5
4855 884a638150f523fb
4856 bd4288c365fafb83
4857 56313b0fddf57d47
4858 74fc533f5edabfde
4859 bf2d5f73062c730c
4860 9ed57a1142780c63
4861 4c656fc89bb875a4
4862 5172780c429d16d6
4863 adca9027d35bb0ec
4864 1505409e8379c713
4865 185dc294900e9e93
4866 e23850d551528db9
4867 8af0b529d229320e
4868 09a716ca33d268fd
4869 b28486c0984df149
4870 56e68905d32c21ca
4871 35069bbad7a4c1b2
4872 372f6e8558650a2a
4873 0a930d84a5474593
4874 db92dbf425ff692e
4875 098b7ab9168c1baf
4876 4180f6354a91a73a
4877 9a21a547cf7456f9
4878 006967147bfeda6d
4879 f88f6692b865465f
4880 f7a71ded80df986c
4881 82eba0e45bd79beb
4882 a91de3f404c87fb3
4883 e76c93eb0a93e7d6
4884 bd6fcd550dacb72f
4885 63998b78659e1c58
4886 d6936137530e4b46
4887 94895e83f2354e99
4888 674b46e7520fda41
4889 0821041ed36d913c
4890 ae69dff932015a17
4891 04992fd5013c3cc8
4892 88eb4663804ad799
4893 1d190b392303e94c
4894 66a217d9da930f6e
4895 c25521e407a5dad9
4896 743eb199b2d76f2e
4897 755d138fbc872b2c
4898 4061d6c30f5d6f0e
4899 53b69a23d5b71be9
4900 9f59a71927ebca2e
4901 f3a4cb48230aae73
4902 9f552ee3a8e0e142
4903 fa0c50efa3bcfdb2
4904 6b8524ba4202ca4c
4905 d1a178c3dbb3de28
4906 2338f053e1c36423
4907 b01e4fc7cd2081ad
4908 a42e246b4efefbe6
4909 7884481a197212a3
4910 ccc785e14ed6e27f
4911 77c7dacc88cbf3b8
4912 b7f0a01c711ab5fe
4913 073e58b65b7d6a04
4914 bb050c1becbc213c
4915 805035d3659b5363
4916 913c4fcde794d3b5
4917 75b045c05edbab70
4918 afaf7c7363b5288f
4919 94f791b2871f840d
4920 a4f6ef60a1e881b5
4921 d25894a2bdc8827e
4922 3c2e48ae6a2e2a2d
4923 197575884d1327de
4924 72ad072ec51c0a07
4925 5f2db2a41405f20e
4926 7fd1330cfd5bfe4f
4927 2fd0bcddb445bdfe
4928 195e40c4cd544e36
4929 49c88902d33f19a2
4930 1885caf28abcf71a
4931 4c08edc3c74463f9
4932 a88fa40de2fe1403
4933 716e05524b599099
4934 70a3ebc30d0dd7f9
4935 2fd941d7eb041ee2
4936 50fe27932e923a60
4937 f194860b179420b5
4938 6f3e9ba436cffcfd
4939 c7ff0df83a0d3273
4940 2c75c3ca8560fc70
4941 4f73e9b21e8fb545
4942 f2d39ab8bb920b7f
4943 28198598dfae941b
4944 b57a388202f841f1
4945 035a48dc8c79a062
4946 6a75e9ebe870782b
4947 25e281b9302777ae
4948 fc10ae30cc7f85a0
4949 b65f52d90c1438cb
4950 ff7413b921d1750b
4951 0094004597fb8c4c
4952 4d38e7f1105e5689
4953 f001990ae70f6b53
4954 17b5f001672fe5e4
4955 184013a046e312fb
4956 cf56fdcbf923a800
4957 58338423299495e1
4958 0c8b40fe49e4cfdf
4959 7a190e7c6b382162
4960 603c7189a5b87653
4961 5e1720ae666322a7
4962 5af6cbce6ba5ed3c
4963 73601321e8eee83b
4964 aacb211f8ef49e02
4965 9936d7a279fb7031
4966 43068097b86a609a
4967 2ef69d64a0d573cb
4968 7905ea6099ab8a9e
4969 360f04b1f6889241
4970 833511e2c0ce1ac8
4971 6de7d45eb59d55a3
4972 ffec207581f91b60
4973 294a9e87cc72a9a8
4974 deb5e60d7e3928be
4975 52d8fa2a839bfa46
4976 ea2bcbb6f1c9fa1e
4977 d88a0406ce1dce75
4978 73bd0175244ae762
4979 d7c1b0f2a7fb11a0
4980 99cc2bf036c6a55d
4981 5cad770515378211
4982 7d11ac865791b437
4983 5704fee4a6b0df5a
4984 7df39d50007d4241
4985 c758dd95e7563a7c
4986 beacdedc226e4776
4987 d0db5e257eca6e01
4988 14fc66becb81fe43
4989 e7519b7fdccbb852
4990 c2a5aa803a60da70
4991 6ee42edd1c1d2a79
4992 7bfb27628c21a3aa
4993 418f829d4579de08
4994 bc2cc0017cd87461
4995 c1d3079e05a10827
4996 552c71ada10f25cf
4997 67b34c6db04d1e92
4998 2e41e6d8ee170cd7
4999 b1b3f6977e5bd92a
5000 f94054e93b92011a
5001 560b64bacb12e9ee
5002 d3cd03a3cf8aaba8
5003 3d00822308343f5d
5004 102862809e06fd1c
5005 2875272a7096fc63
5006 564dbe9d9af369fe
5007 9e10d80d698c6090
5008 46e260bf47d7c8e5
5009 2422d1b72dbb3858
5010 bb3c44f9ba6f92a0
5011 956a08d3cb3afa33
5012 539f62c5c67172d8
5013 a3322df46bbdc49b
5014 f427ca44f1053b4e
5015 ae8af2e9393bd24e
5016 e09b35f2b906c6a0
5017 9382e27d373b66dc
5018 008a456242ec52df
5019 640a54733267b979
5020 da274128154f99d5
5021 536222ad5dfd1163
5022 1acdbf7607a801ee
5023 be9a119d08cafeb6
5024 80e2f1628184c85f
5025 521391e485f0bc7c
5026 4c3f4be0d16592b4
5027 d57db26166d62edc
5028 8c09622b18b6ddf9
5029 757b1dc70978d71d
5030 d4c7378fc3ae8cdf
5031 9ca2202d302b725a
5032 0755651130352672
5033 c697ea7ae7d4f732
5034 2beebf43529ce349
5035 be397a062dbda3ff
5036 628ce7ed1d94500e
5037 e6ac9e5cdfa587ed
5038 edc3cf0063562a90
5039 55318eede524e191
5040 0a31d84c69420f8b
5041 10791c9dbe9c3f6d
5042 8041ed6a3b90e77f
5043 2e90957f2f6d5e8b
5044 e277691f6c66c35d
5045 e83b90f8a6f4a275
5046 fd873d044024f9f4
5047 07b52b0c7f4e48ce
5048 e6f6708503163279
5049 d26396627e969256
5050 668ea5f73c9d9b46
5051 33c6fa3cd9070886
5052 fcd108467c272d3a
5053 f14c59a07ebf6d61
5054 6ef3d455871d5f8e
5055 d6cf957989dd0bc5
5056 4b50ba73a06353e0
5057 3ff603800dff0860
5058 0f2a7140eca4f44b
5059 b62896006a4385af
5060 47369b5fecfb027a
5061 5e8749235364a28c
5062 13a2d5d747dff993
5063 063a818211da6a7b
5064 00f8840a65ff0536
5065 a3617ae86d70005b
5066 a984367e296440c6
5067 78316145d857f12a
5068 8cdc2e49fb5cdd36
5069 ee7fb5aced5bbb17
5070 086dcbb60ccaf771
5071 e59842f4eeb01768
5072 bdff2d3ff941afde
5073 8cdd5087ad314907
5074 1c8fb571189e1348
5075 756c203baf701b21
5076 12d6ce8e8a3c661d
5077 5305c8302595ada8
5078 89dd0c992cbfde8c
5079 484fc237174e109c
5080 f93537d4f6bb5235
5081 d70274329b7f595b
5082 5f5f738bb8ec80ce
5083 bc2905af293a5cb8
5084 3870c22e6c462444
5085 2c4a9a5a77eeceac
5086 4898502ec09c9112
5087 685ad19b69703d57
5088 1cb2fb09e7384cc6
5089 8629aea88067d4d5
5090 a2b44afb5bb36105
5091 21cbfc3271217e6b
5092 c805a8b2a0adf8c8
5093 76c88979194b6653
5094 299d0322920ea91e
5095 839009695982d303
5096 79d208918ac29f10
5097 198f10dab84ed1e5
5098 0f5170e1570949d3
5099 a6c66e0992ffff7a
5100 403759208608a7c5
5101 f1a3c73d96e064c8
5102 f5e993220631912c
5103 efdeb5e75a43d43e
5104 48eb52595cfe5f85
5105 fd56db892a8f9668
5106 8ba7040cd0a40837
5107 ab95ebadbd7a48e1
5108 d3622ec183d6ea8c
5109 e32c1f1e79dda1d9
5110 52a7f08e10e47780
5111 a756c2c3ea37b64d
5112 36d7b8d4f5d2a00e
5113 e8388accb9b59834
5114 aafe606f77563223
5115 53a392430eed6182
5116 ea87daea7d51e8d5
5117 532de8b72bc80cd2
5118 05150180af4d7442
5119 58756ab722d5f3d8
5120 1ce1703ac01cef90
5121 278049dbb260dac7
5122 c489a22a80cea4e2
5123 227cb36c694c46eb
5124 bdf4dabd0c0e75db
5125 1cab4aacc3b59c08
5126 52f5bb101a365e2d
5127 6054256219a0b953
5128 3c89653f959c6e55
5129 ac5576eeae7cc748
5130 5456ff5b2ee0ed15
5131 c9bf506f85b01bdb
5132 cf4e6f88e4a73571
5133 fce241ef4e54ca89
5134 07e5559d58facca6
5135 be9117cc71018a17
5136 461f0827291cdbcb
5137 a0ee0270262f30f9
5138 a730ec99bef8e463
5139 d4aa6d5ce1da8b9b
5140 867b2711323e91b8
5141 38a2d3c81b745597
5142 5ec035229a0b2605
5143 2764a4b72dc7be08
5144 270e6d82d6ebb681
5145 c27171823397c0d1
5146 7c0a715d8248bcd1
5147 39303d0efd1741c7
5148 41ca64fdf225d894
5149 235e51911c22bcf3
5150 d949ea27b7dabb07
5151 a560025ce4b349d9
5152 9db354670d87f6ba
5153 4699f885a577758e
5154 ab5f721baef52783
5155 4aed0ff2b3903ce7
5156 a99785d677e64cd2
5157 b885dd649bdbb2fc
5158 693dea0b35832924
5159 da58871108531286
5160 0081183fabd8b8c9
5161 e1ef403a0ba675a0
5162 3bfd4d16c85a1cf5
5163 d30d59389b412b6b
5164 9015e4a3a66cf472
5165 2c2bd35c09f60ef7
5166 4dccac5e30826724
5167 ec5337c94d5aa284
5168 eb75c0b1e326cbe0
5169 a5ed9a1152a667f3
5170 35fc1fb034221fe0
5171 fc72456b5ff63059
5172 5a76e0f6d878997b
5173 2b72a070df838fca
5174 43522d9b3bbef1d6
5175 1aada39f18336d4a
5176 aed186079439bcdf
5177 4b6caf404bb41a9b
5178 1459a7a0a48c8ced
5179 3c82730fc9565cb7
5180 c261b69b39bdaf5c
5181 3290dbaaa68f2c2e
5182 deab16395a14c469
5183 1cc28c405ab6bdf6
5184 a261fc25d1424194
5185 36558018cd74e659
5186 76fd2e5f320d42c2
5187 e2050fa4dd0263b7
5188 7bbb8728c92cb2a1
5189 486baa5787b95620
5190 eb1f701c8e2a3c61
5191 f1153eb0a0f1cf69
5192 272561a177b7d242
5193 b62ad217aa7ad6ae
5194 3319cc07f2087824
5195 b300560941513235
5196 189562bee8aca14e
5197 487e80c2440348d0
5198 fba50826a1529df3
5199 9887fe3487da4394
5200 e1fd6b6c6b651a15
5201 ceea817d89c436da
5202 284ddbc1f951f0d9
5203 0518ac194a951cc1
5204 cf153b724360be29
5205 c595185cf5592c9d
5206 1a4031d496728b0a
5207 84887be99666f474
5208 dd48508bc9a325dd
5209 9d7d09d37319267d
5210 4f3d09054e155124
5211 81c264c6519c7d74
5212 eb7e7f50cfae7996
5213 3bb75b1f1d2ea49c
5214 d5dfaa9caed56b8c
5215 8ede90da3c158b6f
5216 5b02ed97bf5511c8
5217 ca918183f4776532
5218 d9f1ac9e9c3c8b77
5219 ae0e048233108a7b
5220 9b2c48022e73ef78
5221 736aae72e68ae5f1
5222 32f8c8dd63620a9b
5223 3529fd9b270501f7
5224 be02593c29c4d0af
5225 198321c534a0a2ce
5226 1c913b2fc2f8c59c
5227 b664ae64d3e340b0
5228 9129b9861fa101e3
5229 a2692e17d96b29e2
5230 5266a03a5e7b0b4b
5231 d0e41da3725bd710
5232 71223e2d73cc3d53
5233 c962376d1526788d
5234 0aa49aeb501bb747
5235 1fcc3721764726f8
5236 148f28c2e116a92a
5237 f281a7b65946b111
5238 91d52886731694d9
5239 ec4e1245e397c9f6
5240 75673cb471227025
5241 d174ca62acfa4d8a
5242 212689b1971410f7
5243 3387dbce0d5a9239
5244 e5b4e8ddc0265a64
5245 c48dbb834146e833
5246 ce2f8092ea60a171
5247 e58210f388b86483
5248 9dc990527e44a633
5249 9678ce872dd95ff8
5250 56160dd119ea6ff4
5251 5a70e224b863fe15
5252 aaefeb90c3d40e2d
5253 2f128ffd0588769d
5254 4299d923842cc5db
5255 d67eeccae463ac5a
5256 204bf29e6014ea3c
5257 d0a977b9891c3206
5258 4c8dfb7e011a5d75
5259 44441882bd24b8ac
5260 af5ea91731085c0e
5261 97fc46833cce3146
5262 fadf40249840c5fa
5263 bdc21924aed11349
5264 ebf23f7af0eb43a4
5265 bee2681f4b3ce5fb
5266 94c546fae256b7f0
5267 95198830679ddb0e
5268 8aa39e82855ba977
5269 a450d3faf12b18ac
5270 5ab1c78238e229b4
5271 86bf35b04a12b320
5272 6d8fd5eb4237a30c
5273 a7f6ddc32d91b19b
5274 e5cfaae2dd2350c4
5275 9deb51c6255bb3c1
5276 ea9215163dc5e3bc
5277 70cbdfeba40d763d
5278 44c8de31e8406ecc
5279 bbe15680e17be9c9
5280 b9921657e54499b8
5281 3344ea8db2d49b38
5282 a3bf477381c000ca
5283 3e8a10f1616ec385
5284 3014dc2eddaa976f
5285 27c98825063df39b
5286 aa76fbd77da6ccd8
5287 6b4ee388c5c8fa72
5288 5f8e2440f1b4d734
5289 d910a9c2ff8f9db6
5290 d3dd440c3f87791f
5291 b2d60452dbfc48b2
5292 eac22f23fa62c104
5293 90e6f6d50229ad06
5294 85b89268b2e1e746
5295 02d9af15a5833c16
5296 e12ef9c5a99f2ffd
5297 9fbd8976604761ef
5298 d081f5c1a54c159c
5299 b95a8855ba5294f8
5300 daf20d7211ed7fe9
5301 2b154369e32c43b1
5302 b8537082f852860d
5303 2453e501436969ef
5304 8500e4654a8ce1ad
5305 39f6019bc0b53b43
5306 7dad8eb87b459386
5307 6675c4e095ae69e6
5308 3927add4887d6ceb
5309 70b3753872a02ee2
5310 cedc0e13fe718d6c
5311 2fcdef6b68ff85ee
5312 44d03e1998e32326
5313 864e03c428cae92e
5314 749e674d7d5df4ab
5315 70c80bd26921d7b0
5316 1436e889fb8821d7
5317 9599d680f5ccb59e
5318 c0beb3a785cccbe9
5319 c0f4823edb2f33af
5320 605ff21dd606485f
5321 c5db88cb3f5fbee3
5322 f8e66469e8065ff4
5323 1639a43e2b88f084
5324 5a40ddff51c59a2e
5325 e0db7746422beb55
5326 954d07223515d9eb
5327 fd1cc584ea4602d0
5328 4232ac70d78f48c0
5329 019b6119179071dc
5330 0dca7b57c1920430
5331 7e996c80f71280f3
5332 809a05cc973ef77e
5333 363c5bafdb17cced
5334 76b633cfec36702d
5335 89765ef0b9638d8e
5336 18b52c7fc2270ae8
5337 5160deacafc1751d
5338 cd63f53d0fb6b56b
5339 3e4c65c4fa735461
5340 05f9e72e90ba438d
5341 eeebc530e8a3d7b1
5342 3e9f895d2e5ae49a
5343 1e082af9cee1449a
5344 9c72db366bd847ac
5345 408d2c243ff85c2a
5346 612d679caedf9f0c
5347 122a6b62bfcd7516
5348 3e980679e3d4f595
5349 1407d0126cc461ca
5350 305f3fc368b7bc9d
5351 c7cab0b11a5b4a05
5352 695c14cac62eecbb
5353 4b0ef091b056de1f
5354 62844e3e0c0a540c
5355 5e32981996bd2a8c
5356 a1236965d0d7f92d
5357 e3e2a55b5827d80e
5358 1df04dfb127a5d37
5359 6637f79ef67745fa
5360 081acc999a212aab
5361 4f442392196dba17
5362 92b3ed092bed0f75
5363 37a54c98cf1a00a6
5364 def40baaf4dd222e
5365 64809c4481170dbe
5366 7de3da02bb089b0d
5367 0f1d7af14a75ba29
5368 b6e98c84a61ec2e6
5369 7dbcac52aead80a2
5370 2a7e95dd45047544
5371 a181ccbb09ba3d29
5372 2be03189789b4006
5373 c87c52dee4086160
5374 8841c79deb92a9d2
5375 9a4633df7b1b87ce
5376 147b9944b9be0b36
5377 1508b2ee0edfc191
5378 36dc4541bae6d28b
5379 cecdbcb689d47cf3
5380 fdd62a8365ab924f
5381 3beb4553bc4d867c
5382 d3d6b8d42997f16c
5383 2a376ad2308ea354
5384 802d8b5bc3a9f9b2
5385 8fb0edeb30aa1e91
5386 5e4d81f69f577c6a
5387 3d05bf1eefe8428e
5388 99aa2515b2795687
5389 df2943448906d864
5390 8bf71415e7bfbaed
5391 7b8b489f9fde9bfc
5392 7b4ca4aa9945679f
5393 678561d01d1ff4f8
5394 96ab62bbdb5f3c03
5395 467fdb065365fda5
5396 6a7143e44160f264
5397 8910f5445175c5fc
5398 d0606bd374121739
5399 f9687299f0cb8bd6
5400 4d5ea8920d8caec7
5401 8cd6a8e7d6e7bd81
5402 ee847b92f60523ac
5403 bd97c3ec749a8f91
5404 9353192c8714f6c5
5405 fff9fd210e6e28eb
5406 d484a4f3ae7b645b
5407 d23d3bc35a91fa9f
5408 998619d0f029e607
5409 6ed9445d3d3f2966
5410 94a75494537e98c2
5411 af8a461d8a136e5a
5412 a449ce7cd49bc372
5413 bedb1612899ec667
5414 a75092f81738142f
5415 8a632061495bdc81
5416 dcf9a8b9974e064f
5417 71eeeb454b23827c
5418 6bab5d62908ebd49
5419 ce9c4e70820f1c3b
5420 0d6c3970dc696a47
5421 340f65b116626855
5422 95d69a5103301bd7
5423 965d978bad41095a
5424 c6d4d0a2989183b6
5425 969dc3ab050dbac3
5426 c4a508e6a4943bb5
5427 1ea6f75d1186ec89
5428 26b251f15142577c
5429 73105d3806fb3d68
5430 ef184fd992760825
5431 a9a22aaa09700233
5432 53ef241500414b37
5433 ebe8fc6d113958bf
5434 1788ac81f74d9cb2
5435 78621a7f2d95425c
5436 67f0c14733d8eac9
5437 ab54cbe8f84dc903
5438 77bd34bf96903f62
5439 ead2bb5b84f06a43
5440 ee14c0bb37191311
5441 8e8ad651de0ce190
5442 9f1c883bd16a71c6
5443 756397ae6f9cacf9
5444 eb1d9c0f8a2c8cae
5445 9dce18a31baae0c9
5446 2a6d228f6cac8a0c
5447 f17752bd382965ac
5448 d801b446e764623d
5449 23f4a6a25d37eaf6
5450 27faaedc983c6721
5451 9d92c6b131c5d727
5452 be05d21f496e0ab4
5453 a288cbef9c7c7c5d
5454 0e77170884dc920c
5455 846b08713282025b
5456 466629187ef01c89
5457 219ea431068a6b70
5458 69c5733b3d7ddfd3
5459 8e715947d4ec0c8f
5460 69e993eb56cde7ab
5461 5f92d8851151aa1a
5462 73104d70dc0e8345
5463 ba4146912a9def8e
5464 09f05279ff2b0223
5465 cc4157f358b200d5
5466 48854deadab3f3cf
5467 a08dd52c2501f163
5468 e04191f0020328fd
5469 5b3fa733a67bdd46
5470 9b78f691bf788dbc
5471 c598c26b625db4e4
5472 2995fb5ac91100b1
5473 9603622e1d7fd6c3
5474 16fd039ddc930e74
5475 f13689d75ee97161
5476 429ddacde6685008
5477 3053f552ad0600ad
5478 cb18b2e362df1ba3
5479 02e3aaf39f466f6c
5480 03ebf81f89901946
5481 d1d956c86acafb84
5482 74834ed58be5c060
5483 417cbacdf2f3b634
5484 0e6e4c92ae9c535a
5485 c3121ad02e19855c
5486 cd32c242786c2335
5487 0a5115b861a270f0
5488 1ce3b3581b5c88d5
5489 0df9f4b71650f273
5490 a2723594f9b97777
5491 c69bd5af28f80f85
5492 a0a8dea076ab25ea
5493 a1eb839d6bf725b9
5494 a07624c4ba9f1fba
5495 e934aebbf60958f8
5496 6b42cddf7373c572
5497 1a694feaa64e910c
5498 2436527a9031da97
5499 6f0b08d5bf2b65cf
5500 d54451832db95b63
5501 9e803122cd4af9b6
5502 be44fe307dd3b89f
5503 688390f236d83cb1
5504 afcba5895d5ff55b
5505 b861b052ce69c8c6
5506 a2abfcc6d2a3c438
5507 f071a66a45b3f941
5508 e77dc2cdba0e7f2a
5509 9b91df0539290d14
5510 1da667b68e17f57d
5511 54e5ce5c3f27aead
5512 e4adf76123418f7b
5513 7da63e5a21f90a0d
5514 076038da3feda2f9
5515 2166d796b7f912d3
5516 1e9c6f05db7582d3
5517 7655212ca765a32b
5518 c56c1b8a3bccb854
5519 544122195e25cc14
5520 8b5a5609894453a4
5521 6364cce1cabd38ed
5522 cd28a35ea330c899
5523 2b1fd19d7c9c33e9
5524 5cd028c9d046cb91
5525 f82b4e38b1f11bcc
5526 4b0f1fc3d8614f9a
5527 41a62b936a77e1dc
5528 b917be6c4249b979
5529 11ce6b963b7f5d8d
5530 782f3ce66be386ac
5531 6bbc75784ebbae07
5532 7ebb212506eaf58f
5533 5c1a56a4c1b342cd
5534 22f9b54a4fb59082
5535 a6bff13e6e000e7e
5536 a88686f5450bdf75
5537 48560b76572f7ff9
5538 d76e7c2f4de95028
5539 ac22b4e82f784dac
5540 c705920e3a4ac568
5541 0891c8cd25e8b9e0
5542 4d05321d5d9c0371
5543 e7918f4471656039
5544 100af0e3870c7d0c
5545 a7ed9e8cee5f968b
5546 720ae9db8b4053ec
5547 4095de275f247d2d
5548 e17be786aad9d618
5549 009546423401c4a8
5550 801b5f118c4cae08
5551 4c09526fbab083f1
5552 815d7b74a6ca3379
5553 36523a51cdb29594
5554 02de080cff3d6270
5555 238c8efafb7ebef7
5556 8a766f8eeadba4ad
5557 374c7da8ba988268
5558 260cbbb716af728f
5559 0e85a19435a6f915
5560 86348140673de845
5561 95347dcb95ba0fba
5562 873996a4e01e85fe
5563 a0b5d18b76bcefe0
5564 6bd9975afe2c439a
5565 711f0c3a015dac83
5566 97ccc23385be4085
5567 29b4eb9562e703ea
5568 3c297f5977189211
5569 53faef885c98180d
5570 347b85e1b65d1452
5571 efc7532dd8965f51
5572 fe197651194a9003
5573 a52b1fbcff9e5d39
5574 1ce7d5e2314837d2
5575 9bf12303e1dd01a9
5576 557b67aba4aa6b50
5577 128825b134918ed1
5578 59c6011f5ce9cdfb
5579 893d79b77232cc65
5580 32bf7890212027fa
5581 e35ff66e146881bd
5582 2213d76bb5c819d6
5583 b5301b7e86d5a2e5
5584 1304bbf7a8d1ff1e
5585 8d3347c7d5baa85c
5586 5824f7f1068da03f
5587 961cf8ff31117138
5588 a92eed3b7a08ba8b
5589 84c83f64106116ba
5590 60e3daf398e67b4c
5591 1315cfc6fa812d73
5592 a6489a303792d189
5593 38e6bc03377538e7
5594 5c375ef59f3778a3
5595 e86132f6e6308ea1
5596 2052c630d8357b15
5597 75b6279db7e59830
5598 07e1fb2d53018312
5599 ea75f3c80bdfd5d6
5600 ff100bbd7027fbf9
5601 447223c8964e7bb0
5602 a79e7cce2e645fe5
5603 6ecc356595e45b87
5604 09e24368e4e7bcfa
5605 9bfaba08e025444f
5606 f36aff95e4583768
5607 130bebc0d8c4002f
5608 9910a9ba91c63c28
5609 6a68386777c0e93d
5610 3e4395695aa60499
5611 4e47b9ba97905223
5612 24f669f942b5f674
5613 e41f29337bd4f7d2
5614 ff7351ce18cef08b
5615 24c0fdca5259ed33
5616 bf636212313ad9f6
5617 11dbc0ce92639df2
5618 91e23fc1948deaba
5619 d4c36bbc8b2626f8
5620 e2c771d4b2dfa8f7
5621 f4feb9d7c5c131e7
5622 fc3caf15f190f4e0
5623 481b897bea46f079
5624 f70f8a63310a0215
5625 a930ef43c525c3c2
5626 e9d21b1f2255714a
5627 9dfd55bb21f45675
5628 f59fe157cd7632d1
5629 ccfa59f07c55a12b
5630 062d4aeeed4e3ad5
5631 1ae7924ca345d83b
5632 21f548a0a7baa47b
5633 10d1fcf95f6d7710
5634 9ac24fb671dc021b
5635 af1d0a0d0fbf73cd
5636 da56e4747fe5cbe0
5637 69db150022d859c2
5638 61509ac8e7a82693
5639 f7ae9ffe752d3777
5640 fed593cf9010beb4
5641 62ed8bb5d23f5765
5642 e1715a0e5d68718e
5643 0562e2124fc055fb
5644 51eedf5a2a3f65ad
5645 8b706c2cf4bbc158
5646 22c29f71a8b398ac
5647 a04e6d98755dc7d4
5648 978a811431cf728d
5649 be844844271a667e
5650 e42094d61cdd87d4
5651 8acf8cbb375be761
5652 adc35952c141f634
5653 aa0a065b07c79c5e
5654 5483814fcbe5e26c
5655 894f685caa991bd5
5656 f6ab2c51a26a0972
5657 6742119a2c914ec4
5658 6d33321bd6296834
5659 ccd07d3ae7596cc8
5660 c907825a689307a1
5661 c90a60a54ba486af
5662 9445ebda2f485be6
5663 366ddfff4ed0a58c
5664 ead1b1e4b7666f87
5665 3cdf892c817462fc
5666 9b3aea92e6789cb8
5667 5e7bb10cc8496448
5668 ba895c92adc01873
5669 01b7557813f92389
5670 9906c116cae34c63
5671 fd2b7022cc87ef3f
5672 708600e309f28b2f
5673 02a61f9beaf9fddf
5674 bc84934ca23e0d06
5675 e328beb64bf69b88
5676 b4fa40a934806eb6
5677 bdf63a72decfd06e
5678 504ed4d97d4807cc
5679 8465d9c8d5630a30
5680 bf336e5ef4f989e0
5681 1e615c63f6344a3d
5682 732b01dd47de1f77
5683 62208ab46632ebec
5684 3f761d58c3bda1b7
5685 113a4d29012d6996
5686 e3d2176c06cd28a4
5687 0afd4b2c80cb1ab1
5688 77f174c2cba70ecb
5689 a4e2764f6ba761d3
5690 9e9b5d8e736911f0
5691 3eb0f1543daff400
5692 96fdb0c306eda1c0
5693 e73cc4964f7afcd4
5694 7924fb08021693e9
5695 00328a9af643868c
5696 76bfae1b02d87e12
5697 58100b780bde461e
5698 112524abf36fa194
5699 58465dfee66a1267
5700 1b0fa9f4def68728
5701 7e47034302b3c882
5702 097de526db8c232a
5703 9c3cff1d5d96df4e
5704 6ddac21f8bddd688
5705 9cb7dd8094708542
5706 d70ee5e377da16da
5707 62b9df0eaa904060
5708 6ef6f24598ab3d01
5709 0fc57e6f9e55bc46
5710 02918b64966e33ec
5711 de91350b02bcc5f4
5712 66930ea7d29b27de
5713 f297eb98452df47b
5714 d9120ce0087b50ed
5715 d9479e82d92d56ec
5716 d5175159be5725a8
5717 bbb4938f68831610
5718 fcd36c42699ad9c8
5719 a8b83684a39bc15d
5720 204558fee711aed2
5721 3b6632c43330b816
5722 8795d90cf900a548
5723 b2b8f1c0d3af48a6
5724 cf28777ead1062ba
5725 1f730f06451259ad
5726 742091e08a6aa28c
5727 311cb3684f5c6f3a
5728 babcee91f635e866
5729 c20f956e613798f0
5730 aaed4c8e502804db
5731 3e2a11515c6b8145
5732 cbe16b51efb03e42
5733 45bc7a74fb010cde
5734 bbbe23b7e2112289
5735 8f46a0779c7b5b5d
5736 b88bc6a8460d1813
5737 543c68b2b4f06b28
5738 f692960ac6d50ab5
5739 1fb2b1bedbdf3e7f
5740 67284877d21f76ef
5741 be33aa1f80dde701
5742 c4c736fd5675bd57
5743 2af946516e5ae1b1
5744 1a59495735dcf201
5745 be51e21bcac51980
5746 91ad01813b79637b
5747 a3b36e05a51e24a0
5748 52146b8fa833ad74
5749 10208992dce03cae
5750 74f2015e429b83bf
5751 f6c7336ee7c22b54
5752 26bc6970f491f09d
5753 edd4e9fa7cccaca3
5754 e1f8b5724dcc4790
5755 70269374c0931109
5756 f46277bb00b14fc4
5757 eb33680f6367e2f1
5758 26a766958c4ba810
5759 3fefa1e605ff3e54
5760 fd5f5fe7004c8834
5761 85373e3ad6e273bd
5762 71166af8609a83b2
5763 52ff3b27c06ca5f2
5764 a93d5e9ecf0bbf8c
5765 b48ce7138d29ea42
5766 2c27cb6252270070
5767 6aaa0d012c4c0775
5768 3ab9754a8865852a
5769 65f402b9587f5ab3
5770 11969570b52c5d4d
5771 e78113b6d52d35d9
5772 1a42d027bf3e7854
5773 5a06820adb0efa41
5774 6a200ec154a2281a
5775 5000b439a36888d5
5776 c017f8996913e330
5777 eaed11b33d5cf8a2
5778 5d314e6127e88165
5779 bd67dbd9175478aa
5780 8e9512009f80467b
5781 3b92c9843862e5d8
5782 7f99c38639a05d2a
5783 a64a916153fcfb30
5784 3f7360bbfd46aff9
5785 c43ec9324dd7557a
5786 60c627843c114946
5787 a35d80d532dbc94e
5788 a3f8d645b62de034
5789 c5ab469dc5e8015d
5790 fffe0887010b69db
5791 2f60aa48950a0499
5792 cf14b90e690fd458
5793 0d4ef8fc18826a0a
5794 bf543ddd0c65345f
5795 0f0e0b915744a069
5796 07c4581209c5a697
5797 e489dc31c5319726
5798 32698a1c2c34c4c2
5799 3dae471069f410ca
5800 747f6d9e9da1ab5f
5801 b0441ece26c93916
5802 fbda2d0005e00ced
5803 03bc6f5fc1d3970a
5804 94f539b62004ae1e
5805 b7564b8643fc3a01
5806 08b3ee42476bf283
5807 646c10909997e17c
5808 e05d6871d4e4edb2
5809 7ae260a7fa34f9a8
5810 2db40ba135a1b733
5811 d00c6508f424cfb2
5812 ba4368762f342c86
5813 e65448dde256d1bc
5814 c20d08bd8210ec1d
5815 87a53213d8aaf4fb
5816 fc4ca0d01406d615
5817 91b8f00f3a220636
5818 2185793726327941
5819 e549f9edcee36c22
5820 66e9e4902b9b1a9d
5821 e6825d75d165403b
5822 68ea41a2ccc59c7e
5823 6630bbdcb1ac2737
5824 cc260c172eb72776
5825 3308e75a10b5c375
5826 3376ca94aaa0e3c4
5827 49ae4b625b489434
5828 f18aad32304d2149
5829 52a16539648d30dc
5830 f9cea19083a559bd
5831 1f8ad800b96aa9e3
5832 fa275ccdde5596db
5833 9b8dfc86758e4175
5834 0a173e7c5b3bfcf0
5835 724a4c2312a7a165
5836 a4369fbd8fa67cdb
5837 483dc8650e27fbec
5838 5f97263682be37f4
5839 f4356e4534ac60d1
5840 8c829ff47c2ee84b
5841 878f8bd4d3f442d2
5842 ea56aa18df0bf887
5843 151925a1c9c493ef
5844 72778c5c0646000d
5845 16738a133ce3b45d
5846 b228fe5b27e0c45a
5847 e69d13dfa3df8a0b
5848 0574d84c7f901cbc
5849 ed5e01978754722a
5850 d8ebf6efb33c31ad
5851 e8fd91bd4dcd48c1
5852 06cb5811d0193fa4
5853 a6baaee37c0a8238
5854 1c544ac8824f6718
5855 2567744169df1ee7
5856 9af0181c19e1d5e0
5857 52ec290d3e228c69
5858 ad87b90f2e1d3346
5859 c41d92b48ea0adca
5860 d04f9f47bd4c0add
5861 0148b443d184ac42
5862 729bc87ebcb435e0
5863 a5c76db0ba1e1e7f
5864 f40f43aa810fdc9e
5865 8ac230f3cba929ae
5866 8187978109ff5d21
5867 8ebdd44f8e96cd47
5868 9ef5ed17a2d4cf47
5869 a3fd20099dcf7c24
5870 3711baaf333d37ca
5871 04b4906ca6f631cc
5872 8dde7d78bbd6981e
5873 e017c175a6fb6daf
5874 f65943db330be6b3
5875 745d7dc311a46fce
5876 e090b101c8785f92
5877 494ac9eda76078ee
5878 46535847a414b88d
5879 21ff1cc2969f886b
5880 ae3a8583d7bb1e8c
5881 6fb3ed4bd71c4557
5882 2fd27ada284635ec
5883 f354691ffe548a37
5884 b3cd857af6b71a1e
5885 c0c4d60f4e12d1ce
5886 4172c89eb361bdc2
5887 4742ae65a5d5d5c4
5888 5d0c1936a119f252
5889 f02f7a2e07fa062a
5890 1b064b5b52cae9d5
5891 442c5fd3470db696
5892 41af00be9e5439c2
5893 d72336eaef8c774d
5894 10a02870d498a070
5895 41f30e364983c62d
5896 b879589aa73ed4aa
5897 d2f98d4b503d831f
5898 cf28491947b38668
5899 fed622f577acfa5f
5900 decd9294ae9a29ea
5901 4d8c0ef6b5b63e59
5902 f78e1cfeb62cf036
5903 4b83d51c0a95ac75
5904 416948d86529da97
5905 d6f2f297a161fcbb
5906 d9537ffc438f0f8b
5907 9a474ac1f9ec40dd
5908 0051ba8ce162a181
5909 c43b7d96a97aca13
5910 5565fe2f30542c76
5911 8b961fed04bcd845
5912 38c8e84a987a0d63
5913 f6deb8f4b8cbf63b
5914 9c7fc309725c6c2c
5915 da63ba9c50501503
5916 3afeba59a124a509
5917 4eb4a44d4b88bcd9
5918 bace40da47fa9286
5919 02c44bd385bb49d8
5920 cea15a1f399db0d5
5921 629360ae13ddf375
5922 49a6a32671e85702
5923 71925b626fc7ea05
5924 369d851d6d842e02
5925 d1bcea6c8200087e
5926 8f254629e3b9a19b
5927 f3b6ae02c7f71a80
5928 a4028f4a82f16ff8
5929 112d6dcee0f28e18
5930 1d44f6382072f11b
5931 2f561acda90dd7b6
5932 f41d6abfe6b57478
5933 6c29e64e0a954b56
5934 31582ef8e576c2f3
5935 b073f9215b47029a
5936 fedaab544c9ed731
5937 c6e87474a034d389
5938 2ddfc4a0748f551a
5939 8d384e19072bdc2b
5940 96feb86063dc47c9
5941 7cab2d5c5a69e12b
5942 fbbd797c7aef52d4
5943 4cb06d321b2a65d6
5944 49d550b4dbc414ec
5945 20824527f5f6bffc
5946 6f41999718b4589e
5947 fdd0e3e56047bebf
5948 a09bde793ff4b7cc
5949 8ced1421c8245f44
5950 9d21a990a9fac8f5
5951 cf52f0ad636e7e64
5952 699247ed496007bc
5953 4dc0ba056dbd4283
5954 fb301894e59d1c9a
5955 dc2f5a76e3500ae0
5956 d94a58b12c2878d9
5957 07a34f25fe43eb28
5958 136ad2bc2c3d472b
5959 8fd6e719ce05e99a
5960 97534f4f41478397
5961 b135988cf599ac10
5962 6e3b400a035d2d4f
5963 83c67b2b1d956e6d
5964 2f22d85f423eb2da
5965 f8c3716892645cdb
5966 99bff4a82710bc8a
5967 7bee0e00a13d4111
5968 b4a9ac9d063d2af3
5969 66d737eaca3d8089
5970 e300ce9853cc637c
5971 595255e73ff83be9
5972 4049c98302f4e02d
5973 869ff34ee5623d0f
5974 df415287d04de716
5975 1c12d2d6d2ae5ef7
5976 adacbe87967af90e
5977 c3afd8f5978d5c5a
5978 f8d4e8e2a8cf74d8
5979 fc58f5a8e3ed7ddd
5980 819de7c19c075b72
5981 028de058e24e74bb
5982 fd286bba92739cf7
5983 d8f4eac4a4e47409
5984 64d93e8819837dc7
5985 e76f256d94def727
5986 5493bb382addc7f7
5987 34e17c2aa92a4542
5988 ed20d66249679433
5989 7e0b3996119d6146
5990 4ffafe2068118053
5991 4da9d5d577830fdd
5992 99b2ed63fce684fa
5993 ce66bc199697ab81
5994 955331201df4a580
5995 97ab51cdf458d4ea
5996 b146dbc365f1f65e
5997 7f7a31fee9f8f9cf
5998 f000d159948f55a1
5999 926e79690de2b4f0
6000 4b1a91e742d2ef2a
6001 670408603cfc276d
6002 0a3da0468978240f
6003 2ac2b1cd166a2fe4
6004 21ee9966a08781f0
6005 8ff96ed8d6a6a3e5
6006 2f54e3f870878bbc
6007 846cfaf7789b514a
6008 4d75f051ae4ebdcb
6009 28fe388fd8b6ae4b
6010 05062a63da63b242
6011 0b922a211ea7fb1f
6012 6b4354231268f317
6013 24aa3f0994c2bb6b
6014 475ef424b4732e54
6015 3de6cdeb359d8a4c
6016 7c229aa59879341d
6017 14229feee232a374
6018 fc019dea639d7861
6019 b2be2015a5dd2bda
6020 1ee76bd82289d582
6021 a4924751000a07cd
6022 88c75d545556c9e4
6023 fff78b9033d3b2fe
6024 6916bef8c8db4909
6025 58c222dfc06864e0
6026 4a13ae1a6b40961b
6027 851262d17659291f
6028 77044535fd17e547
6029 4b740ab3c6f2fac7
6030 326110cd791f18d2
6031 7eae1abf22f7e41f
6032 79ca67252fa41bd2
6033 a8721277dd60b640
6034 9fc9f5f3faa05345
6035 e2345b64c37b8faa
6036 a720e7f59f63bbfe
6037 390368aabb9b76ec
6038 20644bda393949cf
6039 8631e33cd1352f09
6040 be8eb884cfb86edf
6041 8fc93f038a880c7f
6042 9471248bc688bc17
6043 81205b4c1c7aabd9
6044 ca709cab65938f4d
6045 fbf42b25372da3fd
6046 941c17482925a2c9
6047 0fac23667c7f3dd4
6048 528652387840a2f0
6049 30d030e0c7a3744d
6050 3cae919845935945
6051 3567925e26244c9f
6052 b8deed6be5c0d3f2
6053 f0061a1ae8056741
6054 3dbb680bc32920e0
6055 ccf375b93c49cc1f
6056 36c9a2b7165f85bb
6057 ff090d0587d26374
6058 7334843504f7ca65
6059 17013c2e06f9437a
6060 bafdf2c5de503253
6061 50583e101f17fadd
6062 3b0c674a0ade5f3b
6063 c55e5dcd52b60626
6064 eb753a21fe27e3ff
6065 c4d815e10bef38a9
6066 2b9cc906f51134d6
6067 c0ba4281cad9833a
6068 7525943a3573d962
6069 43066560cfefc630
6070 b572c2ec52e5941e
6071 8d6107e3db34f63a
6072 59edba79a2028f44
6073 b822a5fbada419f6
6074 3501be3001d8e364
6075 051bbd8085c9f1e5
6076 9ae8ce3a89bed9ba
6077 3d4e0dbe3f167496
6078 12ffa3ed4d761cc6
6079 50c6b2c20e5e1e58
6080 27cecac4abeec229
6081 1cd16788daf0c111
6082 ecb288b44155822f
6083 a60fb8da09e29d45
6084 5006b2322ff153f6
6085 d38b84ea6abdff5f
6086 cae41437cd30a90c
6087 56ca1c8ff5ff78a1
6088 5db2006c06510895
6089 f7d7bfd0b55bd4a0
6090 8374908b37e02950
6091 e6e3509609b9cea0
6092 3e65dbdc8d9550d1
6093 2e649e6a90225bbd
6094 47fea2a76900aff7
6095 c2156bcfe791d254
6096 60c8cf3d00054e07
6097 7d94d57fc84939fd
6098 396788b6ea29009e
6099 9b093621a307cae9
6100 4fef840ddf2528bd
6101 4d266966f8845f3e
6102 74648417f8311eaa
6103 a55fdad8661e802f
6104 fa54fe84ed5daa78
6105 63e5790d885a2fd7
6106 9446fae7577d6b5f
6107 c9b2bf7fe48fd1c7
6108 7c8b3af3542b54a1
6109 099821f4e4d72514
6110 06ec12474db7b7b2
6111 2f6e813cbc42ca35
6112 555a52f3757822cf
6113 38f19d468a8ef1dd
6114 5f997e5d917d4f82
6115 950332aa9b7b7ce9
6116 98ca313299f67f23
6117 db41ff5d12d31be9
6118 6b60fec6a7a5c022
6119 41bdce3837f0b55e
6120 2f40961d2212237e
6121 185d5d8366f529c6
6122 93219d957585c18d
6123 08a1f998c036dbbd
6124 03eb3b56b8b3abe9
6125 f382d10b055662ff
6126 8fec70c2d6e623f3
6127 bfd6e9f15b3cf19c
6128 bf68650e40968ab1
6129 71923c43d0cab7e8
6130 4a347ed302d0b466
6131 2b674f7115fe0249
6132 099d2d908e9d9c0d
6133 4c1c3a8f3a0b219c
6134 99c4e708dbbaa85a
6135 a3c6002b90a79074
6136 37dde173b8f59e17
6137 d2d14fa0c7c11e2c
6138 6e563e859d1e3719
6139 2f868f6de3f5a2f6
6140 c85729c7340b77c7
6141 58eaddeb4d3fdc23
6142 cf2410b2f58ad1a0
6143 d72f6decb13e724d
6144 328e84c87fd5a39e
6145 f13c37747b2ee308
6146 c96b01738f3c6a9a
6147 f01bb344f0c75aa5
6148 6aa12cabc8b6c391
6149 6e05f87aa9240972
6150 0ff1b60114f663aa
6151 7ed26f4f3e0a31c2
6152 1b813da521628642
6153 0c9760856cbb1bea
6154 22cf37bb03d433eb
6155 637b395ba0c1cad2
6156 f9633361122fdb2a
6157 e14709b259c0c19d
6158 edf20f03c14d5d7f
6159 6d76c94e5747ed51
6160 d3c149c36259bd2c
6161 fb2face0be1da79b
6162 183b71944375f049
6163 f02d394e5a663136
6164 cbfc8d1806fdfe76
6165 7ba19beb35941296
6166 794b88f19cea2073
6167 90bc00674acf9cc3
6168 137470429c29c679
6169 769289a9321f4a2f
6170 3a42f392ceb24085
6171 f709ed15d6758602
6172 1263b76381302d16
6173 8aefb8abff36f913
6174 9f61c0a3d9fe9228
6175 075d5fe58b62cb7c
6176 b6cff01c2ff66b59
6177 866bcec97a82afdf
6178 cc4f3ec4f722c85b
6179 09957de2d6d668c3
6180 23cddee419153470
6181 2943023b028bb867
6182 a8fcb1e92e443050
6183 cd1cd3dfd7b7ed99
6184 88001cfb827735f6
6185 ec7c82e01446bd25
6186 38dced60c7b0f6f4
6187 36a8ea36261c0ec1
6188 e2183f203126637a
6189 30599288179f0286
6190 96f1146dcc48822a
6191 f47b733e532bd606
6192 229a1f30c01c1757
6193 93d43956c1a32e33
6194 537331d4a57e0a27
6195 e117789aa6b03c61
6196 8c64db3464437908
6197 c9ecca1740873a64
6198 0ea6431dee95be55
6199 50c9f03adfedb8e1
6200 12a46cae505f1da0
6201 fd2ee4b9305ac0a2
6202 263a62c5c4c6272b
6203 ff2fc89674ddff1c
6204 c7011881ee22c4ba
6205 df02a79a2638f181
6206 6b16c33eed7b7ac4
6207 588214c2981ea646
6208 efa7c4d79c6b9c26
6209 7a904a44d773c678
6210 3eb8adef19a855ae
6211 b9a703acd01774b7
6212 322ab69f8fcc35dc
6213 1ab8329991d1d9bb
6214 2ffd5403e4c55cb2
6215 7ab13f4e902739b0
6216 13313662386c8cf4
6217 f0d2ef7ecbbdfc95
6218 70f41f01d177ca81
6219 7afdc97a1d48345e
6220 d043cd587f99613e
6221 23a676ddeafd47b1
6222 ff4b455f29454fd1
6223 1823519b3d932570
6224 9ae2caaadee422a5
6225 c2ed266b29f07a64
6226 2da9ff6be398a9e6
6227 177d87f4e7c86a9b
6228 2726095248deeda5
6229 d5079cdb2423cc17
6230 818f13caadbbb312
6231 be0e5aa0aeaabafe
6232 25c4394b90fc3dff
6233 8a4cc9e394238da4
6234 79743adb9ad2c856
6235 d2b061f64b9102e6
6236 03bcf5b7704b0cb7
6237 d7885c850d7d116b
6238 6636b7943fde0481
6239 7f8bde5b47086c32
6240 edc77f57f6f4c804
6241 5a1f205b0bb49ba7
6242 e3c64555587bedd2
6243 b26273cc4927b04f
6244 fb45364e0a058f14
6245 779c02bdfec81809
6246 3c133eff1d88da94
6247 12db73767d56a1d8
6248 1cee654884a4602d
6249 e45afe2f9894a519
6250 9fd68e6549692d4c
6251 1040d8b4bb808215
6252 bf76f667d3bd2879
6253 1be9abe951543f08
6254 c61292c6c300b122
6255 8561b3738dea66dc
6256 b41cf2e6b80a6ae6
6257 3e48c8d6460cf6a9
6258 7edbca5732fbc7ec
6259 3e9139cd90a77998
6260 b3c2fe291ccfb218
6261 615e1b792b9d77dd
6262 69e8bc6767ce80b3
6263 76c11b32da490ae3
6264 4aba6593697f3588
6265 ffc57109b3686aa6
6266 1bf67b356bfc861a
6267 528336ba65e955ba
6268 ed0ac83b22a7682a
6269 c959223705e14b8f
6270 47bb8870fd1ce704
6271 699c4ba9f24ffda3
6272 9c355ad835f3fd36
6273 9813ca4c1cbec8e0
6274 3afc78914390d5d9
6275 126c56a662b1d42a
6276 cd382261ca41ad55
6277 b8c0c173a6f21085
6278 a18471ec26a09b5c
6279 1c0d5f08c9137be0
6280 c6f3b56560ccac01
6281 49f9cdd1065c4b26
6282 74f5a6dad7a34c4e
6283 89109efc7907cbdb
6284 ab440339bc18b199
6285 f27d75458eab7852
6286 7f1970f2782ac3b7
6287 eb0e16b22a96fa8f
6288 b6450203624bd3f2
6289 eb16252b8c6e358a
6290 c0f6f2af91b02d71
6291 2ee5ef4c6394e479
6292 9c8a7c89f269d89d
6293 116a3a31754bac77
6294 ccd23908df20f927
6295 fb1716e9dc00511a
6296 d795a4034c360bf6
6297 ae458b44492c5d7b
6298 45ded62d9f031851
6299 accb5ced98aca685
6300 e3155ac02e62426f
6301 0f3f0c7453c30d47
6302 06ada9d4f874838f
6303 4e4bbd7e84008d82
6304 16dfd5d97e33bee5
6305 03ff22d7b3abefd5
6306 e454365ee2f6b163
6307 6c7d14c2a0a27fe6
6308 6075044eca6c16b9
6309 7e705379cf349bbf
6310 ec818d11eaf8a9d4
6311 ed4e28b611155510
6312 edaa160aac05411f
6313 3a451176229a36ce
6314 eed99f21c4daa723
6315 66a9171bc91c1385
6316 2639df73723a3d78
6317 d4938f801e47df49
6318 f5454e4593e449c6
6319 0b80654719f552bb
6320 2c3bcbf76baa234f
6321 c25921a9209432cb
6322 a9c8e0586a0b86a1
6323 b16a0df2810f33a6
6324 daa89d86fc5ea3d6
6325 6f5fa296fd7f57e7
6326 75c7c8bf674f1d68
6327 8c2cf6e82833ecf3
6328 6e833308f9fe5349
6329 fe960ab9de4b4b99
6330 4ab09e4b5699474b
6331 27847fe9f99c61ef
6332 cd86dea2552ee293
6333 d7f0ba816442aea0
6334 f77c5b86b043b9aa
6335 eeb4eb4b0aa02dd9
6336 442ab6aff50da48e
6337 0d8e904b257181ef
6338 8f5de57f84e28428
6339 c216527f8070626d
6340 86b441f18a9c65f6
6341 775706e45189f8d6
6342 86bd2942d6f8344e
6343 b21d8ae8e66198a5
6344 a7f9b4193e6fb305
6345 06af78ffdab22e66
6346 e88437ebd5698ded
6347 5ec5002fa610e652
6348 875c55b12cbe65c8
6349 e0e1a70126cb4ea3
6350 c39804a5c518e49f
6351 4f10b15bd8ac02c6
6352 3bf1bec3e85b13fc
6353 0a5eba985394a15d
6354 c0c639769cf84623
6355 fe3ec0d77cdb02da
6356 b0b44286d32294ea
6357 04c2b31f0ec1bde2
6358 7ee1d039f3f6cdf1
6359 de4fc9228c7dbffc
6360 258d667ac130d362
6361 03a335b65192cb77
6362 8c2961daeb652b8c
6363 588944ca41fe1afd
6364 ac0b87d88760c485
6365 8f5e61745bad55da
6366 55a4f2d66d47433c
6367 c4bdb7a639f7e789
6368 22f455f9c8cff023
6369 9fd2bb236f6dfb70
6370 354e1f65db5c2f96
6371 27ebf3b0c044080f
6372 addc86b35756d278
6373 297d001e8694dfbd
6374 54c8c84236c536c5
6375 5151b25a17fe33a0
6376 66e70c9d108ff1e3
6377 07837114b139e469
6378 d06e74f55b9fa883
6379 8b78b69d76db1abe
6380 32d1303d85ea40e9
6381 a2344c23e27c337a
6382 b343dfc71cbc210b
6383 1114f5dda409b0c1
6384 f13e4ce551e14b82
6385 3c0ad7cfa17f3fd7
6386 231c14acecdad31a
6387 a9707aff0cf8f4d3
6388 3c8fb3984ee02d1a
6389 f3036585157f791e
6390 a839fbc069daa7a9
6391 a6e7eb6cdbd2ae8f
6392 60d5a5ea0873da62
6393 227410c51ff55d3a
6394 0bd508f44b641114
6395 bf7707988ee38227
6396 6ce1454964caf51a
6397 a55a426845756799
6398 57b8d28a9ffc8faf
6399 5eb2244e08ab6ca1
6400 7b7fbc30343bf71e
6401 857751b323940997
6402 bac097b8b7c05db6
6403 15227ff3d107c9b2
6404 a6c9c52bc028af69
6405 c59b62621d29fb8a
6406 1022e0449cc6798c
6407 0878d939f1a106a8
6408 6b8e848834f6a052
6409 7a9861623fc95b48
6410 9a16aadedfee571e
6411 08fdab9780ba067f
6412 02f258caa8e82916
6413 ae12bb1a5ceb25ef
6414 ac30938d68f0b081
6415 c99bcfbac05bbdc7
6416 d7689f0d06cdd804
6417 0739eb988aca7e99
6418 47758689056d3d0a
6419 26267158133e4cbf
6420 d35c6455a41bb69e
6421 c05525c15676be6d
6422 651ce0efc0a351fa
6423 3377b66d71d09a1f
6424 444189e4ecca7d35
6425 9e6c9872fe18b4c8
6426 fe024384bbb699f7
6427 67611064da9dc5be
6428 34bf0e0dafd1b9dc
6429 82ad2d765c218dff
6430 e8f00e047a4ec45e
6431 2200d7e6baf7d02f
6432 80deef57b8fc16a6
6433 c8742b4f3a65f148
6434 82f004f333ce133c
6435 d2e9be76e4c5bba8
6436 719def2c38889ef0
6437 f5c4f1f290aab8cf
6438 eceeb048f5a45ea5
6439 522c3508dc83dfd5
6440 d1924ec78834fc4e
6441 78beb450fb2a52e2
6442 31e288de293a222d
6443 72f801451dadbc97
6444 784be9774227fe02
6445 aa1d6d5441a3ca76
6446 e340e6c5ad412fe9
6447 617cd1b899718a5d
6448 3e955d5d65c72dc2
6449 70a029c0310759a1
6450 fadfe1e9f7e2cd35
6451 c2a5b576b2f16c37
6452 3d0fd164eb4c0843
6453 c2cb1c6249ce85b4
6454 6d634937656f017a
6455 bab78f79086acd67
6456 a9951f9c2bb8940f
6457 ac01b2ff5ac8faef
6458 c46e4d407e54dc8a
6459 7b61d7bf9cdfdd85
6460 5100aa42e6eff446
6461 a08ab1859ad7fd37
6462 2acea2a42ab1fe0f
6463 85e4022ee718a870
6464 a4b98798d7f8f7da
6465 dd874fbec4e5b028
6466 708a7498efff60c6
6467 158673f4152d9745
6468 9b0569cb21a9c4cf
6469 e31a016b16824e17
6470 58aa99baca82521e
6471 06e672554d1ddfb7
6472 d46b5e6087013a5b
6473 473cd120f93b2ec5
6474 315c45a268e429e7
6475 6fbb19af30e68a69
6476 3bea6847967f18b9
6477 7edcd9bf143eeb67
6478 5b962a52cb7ad3d5
6479 40380da156bcfa0f
6480 7dbb0f0ae07deb6c
6481 a3515640a08effa9
6482 3b5842a0273c84ea
6483 5e8d731201ee9877
6484 b3ff3e452d945052
6485 6cb56e7bd9a8e579
6486 6ad640f3025f4623
6487 b5ac1abf06ea36f4
6488 e14a1cd06c0e3580
6489 6a02ca1c9500f3e7
6490 b6de421edbf6e48d
6491 2be2a78523d0fb4e
6492 df7493a669ee5679
6493 f9c210c526330c65
6494 844d9a3fb8bd4402
6495 5fedd550f7a1e96b
6496 d89c213503972d4d
6497 c163f1ec3970ce6b
6498 7cd187eb86dc4201
6499 abb2070c2e31c4a1
6500 a9fd05f64029b81c
6501 afdf885a59d639dd
6502 b3eef8eb7b97f21a
6503 08e9accdcce45bf2
6504 7884387bf85acad3
6505 c46ad3e5040f2fbc
6506 5f14bfa16d9d568b
6507 061d10091475bb3f
6508 1bcd1e3001efd46e
6509 43b3ffb0bc0dffc8
6510 01a73deaf4c991df
6511 9029dde6fb237a75
6512 b1f04a0f8180c1d9
6513 9d93612b4d707676
6514 b3571b99bf0e7159
6515 18044890d4f0e6fe
6516 7d7dc035aacfb7f9
6517 ab536dd8c591fbfe
6518 788a40aefba3d010
6519 2490b0706ac8122d
6520 b2e575beb4dd91cc
6521 85c69a787d6f732e
6522 0bfeddad2324a675
6523 8d8511053d8180d1
6524 2b79ee47d4884747
6525 13e97def95274a93
6526 e0f1c73ce6130760
6527 ac952d224a8c185c
6528 84e8e168cf5fa79f
6529 9f2dc5b1a66406b4
6530 ea5791b4012225bb
6531 49fcacedf15b5114
6532 00f752bc0ec56a24
6533 64c8b4cc46a28edb
6534 1f4259d6d15dd27c
6535 7ec644d30fdc9c73
6536 f2a6ce3edf94ea8e
6537 822dc83049265293
6538 89e9db6d5a0c64f9
6539 5c609459d56694d2
6540 8ccd92bc12eb25b5
6541 3e645e9d23e3c173
6542 7951ed1d0acec588
6543 07de8458f014cd28
6544 e62dd9740fed5fd0
6545 f9a1ad8a81d8b7df
6546 ed1c7dd816df88ee
6547 61319459d95012c8
6548 04f253c7dfc0cf1f
6549 c578c2228f8640ee
6550 a48dd1494fde97f6
6551 ab430170c5dda274
6552 e812c0aff6b4453c
6553 6fcb28a05edd4dac
6554 56fb0208019006c2
6555 7f38b0211800c340
6556 aa5ed4cb83abc1b0
6557 1b41c9df99015ec0
6558 e831e20c2cd6c899
6559 416530818f853423
6560 679f2aaa83e6e8b2
6561 ae324c5f21800941
6562 c27b3dca065c0191
6563 6c195be6a6fbc022
6564 3d15730a9055856a
6565 e3a6c048254c0927
6566 a2a4f8cc82e78381
6567 c5edf49aa5658688
6568 ed6dfd7981a91c61
6569 e7425fa58a0712dd
6570 9c1db8213f4ddc5b
6571 9ceadabeeaeb9bfa
6572 546b7819aa40380f
6573 93eff041232edf2b
6574 5470e9473f3160f1
6575 b0257afbdcb8d3f0
6576 144a49fd4f128cb8
6577 85cae7cb6d493a0c
6578 f3e000627a9dabd2
6579 46c92b15354c39ea
6580 3a6d249072722610
6581 fd23e37b17c043f4
6582 a06b9d5292cfb647
6583 45104ddc41866c9a
6584 c93ffde5401b8cf4
6585 055c361b01faf0c8
6586 d4b967b5017b637d
6587 6b9f8bac7d899508
6588 2dbda4f47e60711a
6589 317dd8678f11aadb
6590 f0add931c6f9d8ca
6591 e3b85bed53b0b661
6592 d9f021afbc3ffb5f
6593 8ecc4dbbefcf80bb
6594 79970e8a8a5424a5
6595 80c871dc3440cefc
6596 98482aa83cf6d14a
6597 b34f8e8c3d514b01
6598 c11bfca6cbf40395
6599 2e11eebed3a127f6
6600 053618b5ef20d112
6601 83f01fbe7a4d834b
6602 81f54e674fa46d92
6603 b8f1ea2820e45746
6604 80e664c23d99b1fe
6605 ca1f6cbd52d17234
6606 64449fb365b6d574
6607 b477504288fc8a42
6608 a874d55cd8ae194d
6609 8b7773aaa3c99e0b
6610 3632bfd1d0d2f1f2
6611 62d6143c0fffd35c
6612 2b5824749b65a0d2
6613 f2fd227e8d7c4d63
6614 c6e1ac4be96b1ccb
6615 f61cf13900a7e836
6616 24eeb30eb4dcba9b
6617 2f6580d0d0f05d6e
6618 a387f06c21c240d3
6619 ca45673f11a481f8
6620 2b562f7687a39baf
6621 39cce601b70d961e
6622 2c18da7990e05418
6623 28d3e6582789f55c
6624 e89f0eefde1accc0
6625 77b544c62fb45226
6626 09a3c1b874797d60
6627 ebdca57ce6de5413
6628 8f97dfb7d3cbaf12
6629 5474f31d1bc71280
6630 54ada80f0ccbdce7
6631 dd6cecb69c82bdb5
6632 e7bcac6e374c5e21
6633 591b4321221da06b
6634 54e19484fbfabb6c
6635 a7b1d0a55c6cc603
6636 797f97b5648627f0
6637 071fe8018cf1b7de
6638 10be702e533659cd
6639 6210493bdc539d64
6640 5f7835f7c02815d9
6641 8e86abdf9cc43a7e
6642 42af8f6c43ea5aad
6643 98ec4946e5f6188f
6644 8392b85f9eab8553
6645 3804eb3eb45f29bc
6646 abc1edd94ece7728
6647 8c1da98f0bbbc25b
6648 192598ce1af9203c
6649 e96b5a97a8b94021
6650 2425c0aaea6b64d8
6651 ce2229e037dba4c1
6652 6347ae15e36d4556
6653 4e4eec8bfe96a45c
6654 a72f74f4fd61a79c
6655 9b1cff7fddb6deea
6656 07b5ec19d8a20e32
6657 0850c1dac55a1391
6658 205e7149d667598a
6659 28405e3377077695
6660 49d4ff532abe9846
6661 acbbfdba426bf777
6662 526977d229c8c202
6663 fedd002c2c768ecf
6664 72c38d54271b6214
6665 1c320d4720ef739d
6666 05d6d3dd04443fb9
6667 0cfa21bc95273971
6668 fbda7dd6042ed0ae
6669 402b21c62bdf49ff
6670 cdcad0c974910649
6671 a59d037b211befa4
6672 7a03cbca99bfc50b
6673 4d7c46ba8f8e421e
6674 6edd90a93e3fcc28
6675 61b5708b9d46f277
6676 09e44cfd499c08a0
6677 fbd32455900bed43
6678 0952eb39495efce4
6679 2cc4da9b7a7b1133
6680 85fdadaacf74b58b
6681 8681fd277f7b7d7a
6682 e3cdb24e7522c261
6683 0ccb4859b22b92b5
6684 983dc4386e8cc4d2
6685 c44466aa106c0cbe
6686 fd0340f1f1fe8415
6687 27620fe9ba5b20b5
6688 3f187a70d08c6b88
6689 d73d82354de147a3
6690 8aa4b72b7539b408
6691 ac609a1ff11d8724
6692 292e086c2dfc55c4
6693 77bc715f539fd52f
6694 62b7f0bd16e8cc1f
6695 0c7d8a3804eb5cde
6696 4fecdca2868ff514
6697 8c223cdf9e40d04e
6698 8c60ac61b2fcde49
6699 67963e48517a203d
6700 4df39ed1effc730b
6701 bc4c4e6d50620edd
6702 779d4e21fef3468a
6703 fd38942b69c873f8
6704 2894fd12d406fa57
6705 a5ebb2500796b465
6706 13629471f26ff778
6707 3bb46b4144da0d5e
6708 e539641cd52776f8
6709 5231cad782cb5867
6710 9d1b6a9cc6c37ad7
6711 e19594f2d2072a7a
6712 b770d0f51f5b687d
6713 3f75d6603ba314a2
6714 35fb109bf30b4a57
6715 8663ecffb4ba2158
6716 dea9c86370423d32
6717 7b0778f571d272ee
6718 388153612ab964b4
6719 a417568c3bddc865
6720 104857e7bebebf24
6721 4d9894d4d6051860
6722 2bc9760fec69fc92
6723 6ff0cc4fa0d3e31e
6724 8efdc37abf881576
6725 0e300b2ab8a7c102
6726 bc72606749d0add4
6727 ec1670111ed354a1
6728 f184915d700183fe
6729 d22c8498ae90b060
6730 a8183fca3074e827
6731 a556c3e6af6132d2
6732 65343a2b4457db03
6733 4428bd644ed9e432
6734 9b073fc170199f5b
6735 4eea60fa2393a8e2
6736 f03d61eeeb6569e9
6737 7ec4f3f4c5ca11a1
6738 e5f29942a6dba89a
6739 5bc2f8cd0563b563
6740 a14608eaf7e5f1b3
6741 d5163a82af2424cc
6742 b92343a224b4b39a
6743 645c6fb1a27dcb03
6744 d34acd85a180f2ae
6745 12d48b77bc3c47a3
6746 91debe203c0ce22e
6747 7d89215707a0f9f0
6748 16477c3d03815f1c
6749 42994d89f11f0627
6750 da516d3bb4c18918
6751 ba54bc44c898fd38
6752 78e0059866598bb3
6753 6cde73059c2a00c6
6754 0d71c8190afda4a7
6755 99ae3ef638319700
6756 5f3e06df48b08c33
6757 c32c1b1029443d00
6758 05b3b76c7d3410f2
6759 6917234080f13f47
6760 f880aa8114078069
6761 60584edcbb4e1658
6762 b7b62c205fd8b167
6763 ec15dc72a4a1c7fc
6764 808dd07c27e8c3a1
6765 2d4f37551c5a0f25
6766 3678f95098696c52
6767 6aac9556f8e9b59e
6768 89ae76caade0c56c
6769 287d77853edc56a6
6770 99f207a6640979b7
6771 fc66bc96ee79091f
6772 7f93dad2d40977a9
6773 9a0b6c5f7751bde3
6774 3e6ed78d12c88755
6775 97f741a16e4f3af8
6776 e809f0a885c04a25
6777 485cd476c572153a
6778 b834e216cb4c1bdd
6779 c030d2db9ea6184c
6780 d3a9d74e4981e495
6781 a276a9128e84be57
6782 dbff076002b7675d
6783 2baaab06a8427137
6784 bbc472713bbb77e9
6785 4650fc1fb76fbf85
6786 06ba7023cfc80b85
6787 0e0daf15df32be1c
6788 24c0f8a87953ad8b
6789 fd9678b9a3fe1445
6790 b23477ca8681d4ba
6791 e93360d6bb6ad1ba
6792 042f0335088024a8
6793 27b3c88ad4ae421b
6794 e7e30bbbe447b4f1
6795 316b8a215401be65
6796 82f2e26d96ed8eae
6797 29d31716667f0003
6798 954324635956f1d6
6799 5e9af272bc401415
6800 3984b438177f2397
6801 545830f8334508fe
6802 17378a276dbef4d4
6803 9d12d4d605613721
6804 a2b0aa565297ec72
6805 d931a02cc8dbc312
6806 d4cf479220db0d52
6807 6689b3805d316167
6808 d77c62124271dbd5
6809 1899aa906379bdd5
6810 278f6a4a2159c8f3
6811 ba0f784585a17edb
6812 1a84da7ce5914fe7
6813 d3c273954021f309
6814 326b571ee992ff15
6815 65d6b5c08c9247b8
6816 914bde8b9882c081
6817 672e37196e08792b
6818 7a4bc214447cb9bf
6819 bb1ddd27073c47bd
6820 9ef5550e4cb027ba
6821 23bbe3c019289ba1
6822 cd4ff0b923b139de
6823 f7b86d92bd9ec61e
6824 e09b9f4d6646bdcc
6825 0e4d1f64deeaf6a9
6826 76ac13a091fdf4d3
6827 f420793a6dfbf540
6828 f0c97011fd9c4a0d
6829 95345a1106578218
6830 bd46bb8dc5421760
6831 7bba13d632507544
6832 83608cf5ee4dc000
6833 f30dc88aee4ed208
6834 8d90138da0248072
6835 d0578e64403334be
6836 1ce37943071010c4
6837 ba2156515bd41175
6838 166b8d65669b1aaf
6839 efe803834a50087a
6840 a772e734d8917835
6841 fe92be2a10c3dac8
6842 8a49699f8b0a3e26
6843 5bcb342711af66cf
6844 a163795a5934e1db
6845 7b5298ef0dbfe9c9
6846 545b75dbbab0180e
6847 ed1acd3846f27067
6848 bc5f01b97d09c122
6849 ddd26055d5eb7e13
6850 e9619095939c891a
6851 f4cbe00d1c722d6e
6852 21aa87364db5ae0d
6853 7dd9a4a119605caf
6854 fcdf0fd4bf13d4f0
6855 0924d3a05e61a3a4
6856 c533d7ce5e604e5f
6857 e83071a4f23b9ed9
6858 f9e782045ac734ab
6859 4d02855cad27cb91
6860 557acc04d56b46c8
6861 ff9ad4942a7f8a36
6862 b3f5cbdd382965be
6863 6d83eebdb0de8467
6864 fafbca4178de51f7
6865 91095af2d425e3a6
6866 2dd2acd6a09a1253
6867 5c7a05dab287ff81
6868 92dcb027679018ff
6869 4f60fb02fa7bd94b
6870 0c0785c9f40097a5
6871 c3b25c195cddcf31
6872 dc07ef978dad2600
6873 622481c344ee45ad
6874 c0fd755f63494f06
6875 0791817bfce65cba
6876 aa8b94e21bd97e49
6877 c630b7b0ab26b1c4
6878 d344cc47d1288608
6879 98c4ca4c2ee8f6cc
6880 94fbdbb98171188e
6881 7fd6b27b3b31642c
6882 77bb908a721b7a8e
6883 06775736a1a1d9ce
6884 d0cab9836263dda6
6885 ef826aada41e9fd9
6886 caf92f0ccbd1d224
6887 dcf58ecb0bf62d10
6888 a7788f6ba753aea3
6889 7ef4cf68a2f777a8
6890 73004b9f2e8e28c2
6891 2a34394e9baf8bb7
6892 6bf83a8a93588c30
6893 4ace149b7157276c
6894 c70c703284b08a83
6895 533c3fd69107053b
6896 8dfadd3e56f180be
6897 f9683ba1115f67cb
6898 2bea056771132685
6899 bc01d5a3d115feef
6900 98658c7301f67f24
6901 250cc68c1e990675
6902 6e0752a8e952ba62
6903 c3ab833438712fb2
6904 b9b8ade758ab7ca2
6905 9e270002111b487a
6906 f756c34f161e3da2
6907 aae4cd453973cf26
6908 c154ac184ed25931
6909 aa1e9c6bea3079d8
6910 b2611b91503c4c28
6911 c18a0cc3a5e3574a
6912 f01aba97c6df0cf4
6913 57377afc4ac4bfab
6914 db9df2c8f9e27be4
6915 c9cebff709d860ee
6916 7baa614106ce0944
6917 53f4cae77432802d
6918 dd4fe86e7906ddf7
6919 d3bd918051e1b44b
6920 0490e7ab7cd28bf3
6921 80ce7c4d3a66449c
6922 3943eeb87ddae29f
6923 65e9463112913145
6924 5c4581f2d57acfd1
6925 67b25381320b7d6f
6926 0c1094f610ac119e
6927 9d16782cd6cc4fd4
6928 bcc001c82fe9210e
6929 77171e6ed9711523
6930 d03fac74681f098d
6931 59bb10a5628a4ee4
6932 c7124f1768be586a
6933 aa90d174aed27fc7
6934 df792b14c8a30052
6935 2eaf165d141bdd29
6936 aa089cab48f5fd2c
6937 b21d971dd76bcf87
6938 45cb79d90c7c49fd
6939 adfc327761cfbc97
6940 2084038fee5df92a
6941 93ea4dbc9f02d604
6942 a1d20781fb3b2c87
6943 0fb1bdbd4cf55f6b
6944 8ce3a172fbc6678f
6945 fd501d172aa2680e
6946 4ffd587bf386363d
6947 c7793e416c6a416e
6948 86603580e85bf985
6949 552973f98100f580
6950 291c22370735b03a
6951 843e65d692dffb66
6952 7a331e3b9d537436
6953 514c17ab1ea676a2
6954 2509bdf90f4d588a
6955 06606d20757e5947
6956 e4c328a11b725f62
6957 2782ebb1d6651bc7
6958 af50964e58ce379f
6959 c72014a8b967b675
6960 fd0fe431254e937e
6961 6400a717a74b0d15
6962 0d4801e3af8eef89
6963 3472fcd42dca660c
6964 dfa99dbb474d5e06
6965 f2a981cd2bfa2263
6966 90dd70d475a8ee44
6967 f00f36f93e1e9d71
6968 a55d495c71262320
6969 db278b91acd1e629
6970 961c8d1f84c13cd0
6971 a498a889c1299ba3
6972 b74ed6db8c75c3ce
6973 1f918941a3a4dc56
6974 9e63afe0723caf18
6975 c44d0de41df41472
6976 bc5ee83fe751445c
6977 aa3723ac6d4d8abf
6978 319af4cae5a9605d
6979 aed5518d0133425d
6980 62d2a19cbb73ed91
6981 d63f49f1c53da8d8
6982 3b0abeb4e5687b30
6983 dc742d2ceb3ecd08
6984 9c6875de2a93df51
6985 e97e3e2ad2ed6f03
6986 ad0970e7d98c3a01
6987 8723c2ae23839431
6988 f10a5e223f7950c7
6989 f2491769298411fc
6990 10a1649b35985e94
6991 8003e26a1e84398d
6992 ee517d20002bba6b
6993 f0469fb5133c86c2
6994 a44faf5dc6277189
6995 9c093fc921672110
6996 cc3bbd78314aaa88
6997 2073259bfa206ac8
6998 b9e04178c34bf505
6999 73d1fe498f0d0982
7000 516a7f457fdaba69
7001 75a7e1b5f249ca10
7002 b87a98136104ee5d
7003 3c5f2607ba324755
7004 db66908466ec1fc4
7005 14468caf8933ac8a
7006 54a635461f51e9b8
7007 a5b3b55c94d9ce72
7008 c157f426dc49c5a6
7009 dc07ec7dfb4db1ca
7010 c7cd80b6020afc31
7011 952c90cd2b1bb16e
7012 a179f7d55ee8a94e
7013 9448765a52bca597
7014 4a60e4bc001d21bc
7015 76687b1ca9ac2a74
7016 935cca92d420780f
7017 4709366e7aafddcf
7018 41ecfbbee0ba109d
7019 e2908bd1e65f5946
7020 da39c72dc1f2afad
7021 47a0522999bb0f92
7022 431635c846c2eeb9
7023 a57f3341e1176163
7024 be8bd3be2af9a0a4
7025 1d075cd4ed702190
7026 368767680a95458d
7027 4664a9e40926cf14
7028 fba581dda0b34a0c
7029 e545724147513e3c
7030 a547f6642c42d26c
7031 53c9d3fd192a5c4b
7032 037e63c3b4239a74
7033 9b36abf6a50780ff
7034 18a15ce235ff0914
7035 e97157db17ed9fa1
7036 6cfd0c517e349526
7037 d9a36f932e7c8555
7038 4afda92c9e029133
7039 06f785436b1d40f8
7040 e3565f2d86e8ade3
7041 d646cf0b6cdabc4c
7042 3198a56fd816d5b2
7043 0daa35df12f87a3c
7044 488d8162655df2c8
7045 60ec2b716e6df657
7046 eff0e87afc1a0e29
7047 4fc9b9420ae75a15
7048 f8fa22fe792db3c3
7049 5d9e6a4e352db2ba
7050 922e0cd04f4cb8b5
7051 2d7a6146a6947890
7052 8e97f21f2eea2f3e
7053 7ac0754f9c67d1a6
7054 a11cbea40471ec91
7055 b05bf68cc61cfd6a
7056 dea63d5a49137476
7057 8223c5df3bebe45c
7058 82a6b1739e5c3e66
7059 e77e7fc1dc01d8bf
7060 9fffbaf3e5748caa
7061 81ef997d4b955a56
7062 9853657809c1b547
7063 922e15b550cfd9aa
7064 d351729716621458
7065 0c7377f91e74e89b
7066 f5f1c7a81fb65ce6
7067 5919128757d2f273
7068 2d00bdd0f96ef39f
7069 87a75e2149ece913
7070 ad651e1dae1367bc
7071 805d0cb5085b46c3
7072 c3b5959870103068
7073 9b10b8b454714a1e
7074 26f057446544b4ce
7075 afebb3490d31126b
7076 cb37395de375de10
7077 564493479eb1c4ba
7078 cd145299c9bc4e97
7079 f378e0f8fd4a6c77
7080 b48b32fbda9801f0
7081 6ab8d24744b9da72
7082 457a78770765d15f
7083 eff3b21f099dc1ba
7084 071fdc9859048937
7085 aa068262dc96a0ce
7086 4bacc8094f03714a
7087 7a7e122c676c0667
7088 eccd7e16b2582820
7089 2bc7d355d191b5f2
7090 c4cbd966a51f2b3e
7091 6fd4f04f04ce45fc
7092 1a3c3bbd8f1d68ee
7093 620ac8ed4d76b9e5
7094 7511a2ae141f4791
7095 4b7c7aea46fec128
7096 4abb76b456652101
7097 4af95034f77b43a6
7098 5533f9d98377d6c9
7099 e7c0e3605417ab69
7100 3668258003661011
7101 16b194a72ef54f1c
7102 9ec9424dd27edf6b
7103 6cca411a85a88040
7104 bca3758a2a1cd26f
7105 4a8d79ccc489fd42
7106 a09a6a9fc709e111
7107 aee66c952593e2e7
7108 32bad2185896b984
7109 e478819ac498d7da
7110 12b584bda0f3c646
7111 986049cdfa19ceec
7112 ac47542d93f86418
7113 3e5f39f06b103e92
7114 980be151d58f2fdc
7115 10aadcdc1beb1f77
7116 be1c1946609e9a94
7117 95991c072d988f15
7118 85acb7e50a8122dd
7119 d48dcd1eca4c444e
7120 2fe81c82df641fad
7121 3321ffb4b604e745
7122 9002d2fb2bdaf85c
7123 f59c9dc2e6a099a0
7124 910c60beb26eefd2
7125 972b7e4025ec1fa5
7126 caf181d05f5d27d6
7127 16a9511bbf7aac4c
7128 0dd4e9f6e3b9695e
7129 a0ff36737c8be693
7130 10223a2412e26389
7131 23cf6708ed161e0e
7132 bceb8cbd2c4f48ee
7133 f16355efbe1192fb
7134 9a43dceac55c58ad
7135 63e14cb0df4a5f99
7136 abdfeda915e1229a
7137 9d5f21214d9f5caa
7138 c12baea858043740
7139 2f047a4b8d25139b
7140 437f2ae3e09177ee
7141 7afa90c24abdce5b
7142 02f870fa8801d3ef
7143 067fcfd16416ac50
7144 42aad9c3f8802ca2
7145 f0542cf33f6a80e4
7146 2394e3e9dcdb4a50
7147 bcc44c7baf96ac49
7148 4a0dbbbfbb869e0c
7149 3cb9a5f5230fe19b
7150 263e4ca59224cbbf
7151 04eef287f86dfd55
7152 a23ea1f15ea64217
7153 f370f1be7e51de86
7154 a08431aabfdba3d3
7155 f95cfbbea71802a5
7156 950bbf19811aefd5
7157 3e972b70ddfd44d6
7158 996c3263acda4faa
7159 90da8bbb666ba98b
7160 ed7e89dde774c40d
7161 8a951a55fc8be303
7162 d494192ecf3894f3
7163 ce7ee8f6c17cec76
7164 c03909ce0334a82c
7165 2298bcb1b11a2fa4
7166 92841ac43322e89a
7167 8971f1442178acd0
7168 6a07c41f2b1fcf3e
7169 ecac38bd3426ce6b
7170 3d3a9698b853bcc5
7171 2fa18e56d60ea96f
7172 63b6eaa013866f51
7173 7be1fddfbe003a7f
7174 39e1f98c3049df16
7175 6dea4ac3df8b0568
7176 f89124b5bb9953ca
7177 d5d595e51ea49ba1
7178 cbff8b7514ebdb57
7179 a457e088c5d8e327
7180 b97972554e4978d6
7181 03791242f7ef0de7
7182 7a9682f7df6cf8af
7183 a4b35eea24c3dd00
7184 7ca733fe7f1cb58b
7185 45f4a58e6765fd48
7186 e354df340ecb90c7
7187 24fba9e8de1ae69e
7188 10b571b6a3b9879b
7189 f71af9d0a113dee4
7190 e8dd5b14098ec023
7191 6fe32f7992f681a6
7192 baa9ec2b9c236068
7193 dc9269ff6aba1f5f
7194 8474b6ccfb20fc0f
7195 c71ee71ea12dbfb7
7196 58aba3ad59d3452f
7197 39f98e3500889e35
7198 c0b46e12c48d615f
7199 4dace51d5c5275b5
7200 4c7345fad7b5129a
7201 3ecba15f88aeb91e
7202 0dce7d7080e7d687
7203 e8cfb6401ac8ea79
7204 78b362e5cf429a9f
7205 533e9cee4cca9053
7206 51fe0c7b89f60665
7207 50e514b049dcc6c4
7208 0b39339a35b17175
7209 61c2eaaaf3edc0e8
7210 281b15ba5c8ad5e8
7211 0a48b2e0ceda9b97
7212 9873ef1f52041a93
7213 7385c7c7581b7a02
7214 97665f74c1e17515
7215 e73059656a37d678
7216 18e00a89fe9268f2
7217 b253a5a580786cf5
7218 405d116511f8440c
7219 2891bece727db69d
7220 bce1c64c2e0d8d7a
7221 a7169ca41eb68883
7222 04bbd487ed685989
7223 9b1c362fa75c50da
7224 a6917dd3d75a0af8
7225 c7bcadde0ecca25d
7226 7d372cee0412fae5
7227 1b148c0bcc6cd02e
7228 4b6fff2751c6a6f1
7229 0cba296086b8a5ea
7230 ce24e66705729eeb
7231 c4c13a01ed29ffbe
7232 fcbd871e7b81712e
7233 5d40da985cb9ece3
7234 47f3c84950cac15e
7235 8ab1669b5ac72f46
7236 71ffd39f633e15a3
7237 2e5bc80f0db15134
7238 30eca8b2679a4a72
7239 98a5604a374e6171
7240 5a388b4962804a57
7241 2aeff4b82bc931d2
7242 9276043d1df83439
7243 94e7dfd2bb96b734
7244 5f92c5f1ddd63a19
7245 44e97afd640875c0
7246 525bfcf4833742ef
7247 e100cc025a51557c
7248 c67759953e235c61
7249 7fe216a84b8b879b
7250 ae4e6c7ab16fdb8a
7251 96b42a42afb6ee5e
7252 ae5325ad89a70450
7253 f02c91bda94e27e7
7254 e8f0df08b6a023f9
7255 5977f825b66691d1
7256 ecfb2d8ca77b900b
7257 0a363167603da4dd
7258 24fcec101ddbfea1
7259 5117adc0268ed645
7260 d7b31aaf19538470
7261 5bc0659b4fa1a0c7
7262 bb32604d832d66c4
7263 b1edd8697cce429d
7264 fe5d1f48526b1778
7265 121c30755e09a1fc
7266 2f5f0602428e1abe
7267 5d036de51cbe4a6c
7268 80c632517a3897b7
7269 118323e812cedc32
7270 83254bab8550f4cd
7271 778833e87fe7860a
7272 fca596650982cfc4
7273 77802ddac25756b2
7274 fbc9108983c51eda
7275 d3e9839fbf06df00
7276 95f2be03cec2f929
7277 14df2334ecec1038
7278 31141ef2fb6464ae
7279 3756fd6c35c6f363
7280 1ae86797d01f25fd
7281 d7335c6367e54328
7282 2d29e591f5ca86df
7283 594661c3fb775ee2
7284 1f9a833a6dd9fd5e
7285 c7e8e2348ef5ebfe
7286 19f9c1ec6b996a39
7287 3e82da77e2f790e5
7288 b82b3fc6a48d2ce4
7289 7abb837bef728520
7290 d6ebfec694cadf94
7291 751a5ce340e37292
7292 23b918f399ce329a
7293 e73fabfe36990cd2
7294 a38c2c451b835b8d
7295 69646d3f06c4b1d0
7296 8ac0bf01d45f7a17
7297 35a46d49232a0ecd
7298 741f5c1aa51d1ff6
7299 866a7455715bbd20
7300 8e9d8bd84ec8f7d5
7301 a0c0f94b1bd859a1
7302 1a7c54fb9dfb81de
7303 7053bebfab57a81a
7304 b25de6d0206a4684
7305 d961cc377bc672d9
7306 e75ab5bf222f98dd
7307 9458e777065d5207
7308 ee8f8b6b62902da9
7309 c44bee3bbe4625bf
7310 0f5a0c9e5d564711
7311 a55292c981204cf3
7312 4bad1a3f52b292b1
7313 e966637c94ac9130
7314 978cb2627778574f
7315 352b4b63be5f03bf
7316 fd1c7d5c11595803
7317 9272ff7cb78081cf
7318 8b8ae76a949c9bc9
7319 a7e475b9a1f8a134
7320 1f063f35acc76591
7321 7101f560c204a85f
7322 478d56494616e489
7323 415e33cd2082c904
7324 14824459a445927e
7325 9a6bba53aff58a7e
7326 713497533412cfc7
7327 1b9018231a922e4c
7328 88df312a1634e46f
7329 3307504de5ba57f9
7330 1db81b7351a16ddb
7331 ea444ef2bafe7301
7332 110b155c25347e50
7333 076a958d611e12cd
7334 c4a06a813de25ba4
7335 868e6b3f3bc18782
7336 9de132b98f4fb308
7337 0afb1dd1b057118d
7338 014edd068fe4ef62
7339 7a3f69d28015c3b7
7340 27eb7cd5ec1e3431
7341 62ad3dd9f41b78c6
7342 438768a5d421759a
7343 6f8034e4bc22eb9e
7344 26c41da381b50325
7345 f0c7bbd9cf6ee228
7346 b6230616b7f1c86e
7347 9791563c939d47eb
7348 5b4df61bb0d73451
7349 29ad51c127bd20f7
7350 bed6b876bd434721
7351 74f19b4344e944ce
7352 f010cf098f25f72a
7353 c314bdce78039b7a
7354 cd9157c831b2ed65
7355 50e42dc1e68fe64c
7356 ebfa58917dd71e60
7357 7b4a1e7c3159018a
7358 74353eeee9da509e
7359 7ff80dc8e7dc067b
7360 709064383d09720d
7361 aa928f5b87c32a71
7362 0417fd0464e3de77
7363 20f5a9a85bc5e5bf
7364 2e2714339d578f97
7365 f36f6543b8e10881
7366 db3e8e0ddd0e52be
7367 18977af44a429b01
7368 799243a4bc9e3f0f
7369 98aeb708b492f54b
7370 66788a9a6961af56
7371 5b5596f9a0aca699
7372 fb59bb48d00cbe45
7373 cdadf54b8f38f874
7374 d99b3bed7e0b45bf
7375 722c5549249fcaa2
7376 c9a8bc5dbc8cffa3
7377 bd5d0a91b4e648ac
7378 ad57a202d3e2b375
7379 6abfda88458e5af9
7380 cbf8b704a51ae92f
7381 8602c655d3076a62
7382 b8295b0f2d18936e
7383 55681bd886e4e58c
7384 0ee9d89a8f84d1cc
7385 3420ca4478aad6e0
7386 bf0eed0ab0777ca0
7387 46c3a57bd110e0bd
7388 7c9099361fbd6232
7389 3997012aa40e6e22
7390 d5924125c8cb0da2
7391 a9e05af7c08982b0
7392 811f1aeac834836c
7393 eb47ff8f74fffc1a
7394 7ecc507fb232817e
7395 a0c66b8d27eddbe9
7396 f1d45f2476968603
7397 2c8960401c5a34df
7398 99c4816391f8324e
7399 b3b08bf70d6c5276
7400 130e98415087532d
7401 138db89830ba6e1f
7402 f60456b8e42738c3
7403 8c5738b3609c137b
7404 6c7e9fe4723465da
7405 d445a5e75da77c9f
7406 ca316838986af52b
7407 93a2b8660c051f5b
7408 a99526fa3996a0b5
7409 8c274e159e9a5396
7410 43991ab63312157a
7411 702b5d837aba5dfe
7412 bf21cc35b2cf9021
7413 9d0eba1cdb7cc113
7414 68ef7caef0aabedc
7415 c920422f227b0086
7416 e162ac7735c9cd4d
7417 88708cf0eb2a9a1a
7418 53b0f9fb0d59467f
7419 0dbd51e6425ce032
7420 4336bf44dce3ac85
7421 7a0a78a2b08f744c
7422 88577aec3c4af66f
7423 efc6eeb27fcba979
7424 81e71ab92f15aa28
7425 abb79565ac1aaeb8
7426 f1fe82b9ce229c89
7427 1f7a5aef500f11df
7428 1dcdab40b0131f13
7429 5612bfcace31401a
7430 d442bf7a1566cc03
7431 f7889780613417e6
7432 1db4ad6374851b5c
7433 c14df7892f676e22
7434 32b9880ed86d7d24
7435 d7ddbd0142b76d55
7436 79989b0d966e397c
7437 6df26ab499b41280
7438 9e263bb571e4a253
7439 7387d902d353a26e
7440 c717d04b790f1c76
7441 3e7684600c335a4d
7442 5aaad0efb4b34bd1
7443 8fd54bb1374000fa
7444 f5588fd0a32fbe3e
7445 b8887dc8e98fdba7
7446 56641c85d79cc931
7447 8dd3fdda64f4021c
7448 59e82007a2f8ffbd
7449 6f01c29af62d336e
7450 e1fb3aae62b892ca
7451 3ebabb44f92f595f
7452 9b2a7ec567692fa6
7453 39272efe528dc5e0
7454 3ec725da8f1fc863
7455 cd97e66a7d1d2e51
7456 f776005aab6b5611
7457 e1d85827f0139c81
7458 c67237e6696c1972
7459 c9cda497ce746870
7460 39721873043a808f
7461 23eecdc16640668e
7462 a8004ab45aa9f7bd
7463 6fba0e95efd4e299
7464 43e437a9b19efac6
7465 67f603cd71212e81
7466 2f73c4a016a35a94
7467 d3bc1c96ab68c231
7468 e4c8679b9e028583
7469 1a16a8e499b3cb85
7470 f010f436b8fa5e2f
7471 b1d247cdff21424a
7472 04774257592fa856
7473 d3c0a037273285b2
7474 e3a76a7d15b8aeda
7475 77c4175a6d0a13c4
7476 58a6744381a541cc
7477 07da1628c74cf3a4
7478 efc12e44576b8f98
7479 8e840b5c6a3b90cd
7480 04a57eb5b0f51aa7
7481 a75194a3748b372a
7482 d396efeb01582b59
7483 991e07a471a8a220
7484 fd086e84f11d296f
7485 cc42f3feab0ad25b
7486 9e0e276849b35932
7487 9068cfff562384f0
7488 846585f0e040df3b
7489 2a01592728b60ca4
7490 0cbacc534304e643
7491 c03b25c998d48135
7492 7d41168da088ce90
7493 e4ca133389e8a0f3
7494 3e8cdb3795adcfff
7495 930b4fe807915fe3
7496 edf47c5833e78424
7497 c72b2da08ca7ff64
7498 f35cbb3ae2522ebe
7499 113f70b105cc57e6
7500 832b7428f2199e27
7501 57f6521f8f843d4e
7502 f327d297452e8acf
7503 1037a5fc3314c0c5
7504 cb0e668e6864e4d4
7505 3b9c985ae6ad20dd
7506 3d861daa63b249a3
7507 98a6e319cc5162b5
7508 3adc59d5525c3b1c
7509 fa446960b272f623
7510 cb4ee7432898d292
7511 ad109dcd14cf8942
7512 39b7d50e8df6be11
7513 351b5dac7c59987e
7514 8adb0890fbcc0985
7515 5ab37ccadff2cc44
7516 e80e8edcfbe44b50
7517 607d97b92a4e6981
7518 e02bf402e9cd18f0
7519 97157ef4b0bd7578
7520 e19011d49bcb50ca
7521 81ef23a5a9f47e50
7522 8dc499b75bce6c3a
7523 545fff963b009657
7524 58dab028eda9b0f8
7525 dabbdaf129eb64f3
7526 7380544fd32b9d5b
7527 60535a09aa6b21d5
7528 e2c6cffc006120c4
7529 29f63c107277ced1
7530 7c4f26f1429df6c1
7531 4a909a9fedfbd9a5
7532 ad79de5b57317997
7533 8d88bc765d944c01
7534 36a5a8d220ba86fc
7535 3ff26995ace1b12f
7536 cb6b9f1ef59c12da
7537 dd6b5e0370ce63ac
7538 ee88b9acfd25d82a
7539 e79e094fab4b9de8
7540 b1ddbbdaecc88c82
7541 6f5d4bb657d4eba9
7542 40094ac40f48f8b4
7543 ff8276d848f5f52a
7544 bb2455061a0cd2b4
7545 3d2b9b5926564203
7546 b5aa7e1a0874b8eb
7547 ee53f687a6af6f2d
7548 e604d0b20ecc9d9c
7549 a3268b3982c6d4fc
7550 77592e7ec2f3ae25
7551 1b97d538065a4354
7552 92f9232799d06f0c
7553 449922391a9a90b4
7554 49f5d0e9b42d43ad
7555 aa6db15ca8916d54
7556 71eed6868145298b
7557 5d52be4ded908dd4
7558 c5ec16f6686165d2
7559 1e3516a27490c641
7560 9ee67252f23fc423
7561 552f0d2a6066014d
7562 f7699494118c975d
7563 85cb830910998351
7564 97cdd10d8d95cbb6
7565 d0ddbfb50ac092fb
7566 279d10737b66287d
7567 12a67c3ea87858fa
7568 a4993e9117d3f888
7569 b85410eb83b04064
7570 715868dd5a0f8551
7571 1089540282ef06f3
7572 7e45d2e2e3b47e37
7573 639ffe4b0097f5a2
7574 7614eb50aa3a36ad
7575 b374b4965a4a8081
7576 1ff753216af2179d
7577 1c817137e2c60093
7578 9879d75b834f3114
7579 89e23c7bec58edc6
7580 036230e9d067dd85
7581 6d338722cacc9ac4
7582 d26652f39874e9e8
7583 3f04dd29eaadadf0
7584 b3a67ce3b849bacc
7585 3d49a6787dd9fe82
7586 cf82e0199444d6af
7587 7844dd98f254a736
7588 6312a6474a71da13
7589 3d9e8fb505c2b777
7590 450009bf47150184
7591 90489269bdb5c577
7592 89080c304a138798
7593 c4e19d1c70c1c969
7594 c3e5ca0da056da6c
7595 6ca1a85573c6eb70
7596 b59a185ed0f3a9c5
7597 f04cb32557d8d378
7598 16605c7239171bb0
7599 84d5996cc65ee497
7600 f578102caf7f6f6f
7601 3e5c09423d21780b
7602 5f815e3921ac020c
7603 ccc91ad4d131a592
7604 45334f2ab50f5963
7605 484d02b12fb739e7
7606 d8f9e43a61440965
7607 6f1850bc3ec80ef9
7608 6184761453c32f3c
7609 e14cd8a588141a53
7610 829c28c6642486ed
7611 cb7fd53ae219ec61
7612 aa7dc16320c0ac34
7613 9156f350f67f7e3c
7614 033f0e40081d0027
7615 873fd5060b7dea2c
7616 d2f6f25e0abb5e25
7617 d0c17e7a0099f6c3
7618 8be04c1ed8d96824
7619 d3481c57f279f34d
7620 07a4db175420ee48
7621 e9aa645c7d1e7c9a
7622 08f3dd728ae2a48a
7623 f1e8fb41cc711e10
7624 1705c8f450c12b1d
7625 f7995a4ee6736a44
7626 dfaaffb82c9bc6bd
7627 18960324402fdd9c
7628 010a4be1d62420ee
7629 b3338938bcab8d36
7630 7ca782ebd9d312e3
7631 1796fbd1e57d630a
7632 9408a7f4c977994f
7633 4ab4cb3a9979166c
7634 4774072f01185515
7635 1be8f01a4b1b84aa
7636 62c66750a6b8a382
7637 52ff66b2dbfddce2
7638 af325658538ebeca
7639 e3ff59ae23af0bb1
7640 f889e613bbd97e60
7641 ba9b17c262d9e831
7642 789cddc2cf44fcec
7643 0f87d58f0a5210e9
7644 8f81f49613afdbef
7645 cfe042e7e98b1393
7646 d47718bcc7f6cfd9
7647 e6f6624f33a9c007
7648 fb20d5f37cbb8d55
7649 fb9b33cf13f6c336
7650 a7d12d1c90878864
7651 6d7345ef91c93ec6
7652 9f2ad27e7d72ac90
7653 f1886bcb71b3b199
7654 4dfd8a9f957bfe70
7655 aeb017a632ee4032
7656 b4ae5ae6c25c7d5f
7657 a141bf29fd488e41
7658 f9f55293abe2779f
7659 cd3c64973dbc01a2
7660 2fe5dc5e8e624e45
7661 62eedaeb402ad464
7662 f4b0d6284869da84
7663 c502f2867d0b2c2e
7664 8d6fce964c621ea9
7665 30c4868fc78d35bc
7666 ea415c83d3744a2b
7667 c534415a8ec1db70
7668 d6d38119062c881b
7669 2ae450b082ff29c7
7670 764e15d45f345d49
7671 af2065f0c8d7cc0c
7672 6afa2e6b5ce1d414
7673 f775a9e7c7971286
7674 4e6f74b0d8b2f330
7675 9461922065332ec0
7676 5e14a2d521577779
7677 b034595c9b059421
7678 bd8d69499d146d34
7679 608e4bad5ab8143c
7680 227a1b4ee84f441a
7681 83c39e92fb58bf77
7682 82320ddc1dd9a880
7683 394dbbea668613b5
7684 4554150ee77aad43
7685 4c74a2cbec196090
7686 2ca688bb07343879
7687 1b17c6d0b71acd62
7688 484233e43cbba6bb
7689 4a1938677cda0b3c
7690 8e699cd5a5b0dd5c
7691 393854cf070ff1d1
7692 aeabcb5701c4309e
7693 fd56faa21162c649
7694 b050dba1d90302ef
7695 a3fe7fc1c5748172
7696 3da4f8f72dd1c50b
7697 e9810f038b1714bb
7698 7ebedae2c3c5ad5b
7699 5405d67ebf657e12
7700 74775704bb05ff61
7701 5bab90cc643d2bdf
7702 475742876c530043
7703 8b4ae9f2b615e747
7704 3b5ce49a8b3391a2
7705 8d72a6291ab83682
7706 8428b4bd2ba8b292
7707 897c07d9be5aa023
7708 ccdbf75069409a45
7709 fd0b0155fab06cf4
7710 22d9c2b4b5d8ab40
7711 a2f75d7f5252de53
7712 ff5337ec0d65f1da
7713 a7d5fe0bc29738c9
7714 704267a4ceb560fc
7715 310f907476407c5e
7716 fd5ef37eecbcb291
7717 128e85b6beae707e
7718 8276839a23afc80f
7719 b1cbceb72f1d451f
7720 37563964528407f8
7721 2efc0091e43ce11c
7722 604353891ba0b7d1
7723 18cc39d8f3a17fca
7724 b63e05b0f001b661
7725 4c53813e410a3407
7726 f2091afaa3c1afb7
7727 7108ee43558feae1
7728 a286dca975799aab
7729 985079a01203e6e7
7730 cf585529d86bc8aa
7731 32b014e5e5fc52fd
7732 360342a4c8dc2237
7733 4c966bce19ac23d0
7734 c2dfc3849d978274
7735 3feb7e1eac33d12f
7736 6580e91d7644d1a7
7737 07f7733845883253
7738 5be587910874b51b
7739 3bdeeb11bf5d0e53
7740 65ac64d3a5e60b98
7741 72967d8b6b4d9d4c
7742 d0f357844af8f4b5
7743 4d29c9dde4c275a2
7744 c286581b22407523
7745 36d3296fee0c7ba0
7746 c06765f781d5b11f
7747 05cb59dfabf16f8a
7748 507a7c79320910a0
7749 34deb4ae71a9eeb5
7750 a19cc4b083fa3bfb
7751 f8c1780bcb2462a5
7752 83ac2d609513dc13
7753 53827de0419c0764
7754 e630b0a9d7fc5594
7755 876f71189b6a1213
7756 b0073cd8d9196b69
7757 1ae55ec89e5043dd
7758 6121410601cb0ff9
7759 277a91568bdbb1c2
7760 f687133ee3ad692a
7761 e4aee2dfa0526eb8
7762 54551336ae1b4175
7763 edb76860cd3ffa4d
7764 7313189dfdb05fe5
7765 19111f0b8fd35030
7766 980382b4a47d3b09
7767 20eef8c202daabe8
7768 2407ef3649d44753
7769 c600ad1e401c7e9a
7770 f759c27c10c8f24d
7771 c4e802d293df093b
7772 b72376cf84ad757e
7773 7b4bec8471eb5686
7774 e9c33731541869b7
7775 eb09fdf8b49521cc
7776 ff63a6a7d9add9ba
7777 b1020fe546344e1d
7778 c6a16010b783ac34
7779 5910775638dbe93c
7780 a17836ab4668381e
7781 aed856c376e4ac97
7782 03b8cf89a4beff7a
7783 c1dfd7aacee811d0
7784 42428e73c8d5420c
7785 dc6368c84f8bc5a9
7786 5190855b1a4fd225
7787 6a56fdc5e2b5056c
7788 0a3f7ef6e2f310d0
7789 47f6c6e8770888eb
7790 6717913d7b4b8140
7791 739fad993350af3c
7792 9c2a38f43aff7b57
7793 980bef51adb46331
7794 5de450dcda29ec34
7795 def37dd4495c4c7d
7796 6e5f2fdd78f4d9ed
7797 1591c7fb18bea6d7
7798 1406a9be343bb676
7799 c164cf1c3763a03c
7800 d0cf7472ba988f4e
7801 5a88d8606ac08bea
7802 ca0981432cd07498
7803 9cefde147cc2723b
7804 611e8bed02b7f22e
7805 9bc4084c688bb2e0
7806 496168707a665b1d
7807 c99f820283d5f060
7808 a8aa5110a41108be
7809 952e53f834f196a3
7810 b3e2fa0fb6aeb2ab
7811 5b4ad986c5e029d9
7812 841dfafff91b538e
7813 1148d3d475f0592f
7814 4025976a82d838b9
7815 f84cbef7c5231eeb
7816 2ce647333ae5e0f4
7817 3a21d27adb6bfeec
7818 a076292d917135f2
7819 9b0e1f6a6d569b9a
7820 a8db1e53bf70e1c0
7821 3e03eb5b57dae663
7822 389dac49025b29bd
7823 d94a8240f61968ea
7824 c606f867b7f5b0ce
7825 abf2157a67376b93
7826 63969f8acdfcaf92
7827 af978f971633164e
7828 f06da51f6d212bfe
7829 e589b502382114cb
7830 679263c98dfcbc78
7831 34db043755954ffa
7832 bfdf0a248d7637ca
7833 06bc8c2d9e293233
7834 c3a8f885b728765a
7835 601ef530407175de
7836 ea9776a7e802095d
7837 11127dd8ddaa54c0
7838 3535aa63159b169e
7839 9d9420866646f71f
7840 64fb529e1d31d807
7841 8398101d4661742e
7842 ff72cf61113dfe2d
7843 54dc0bd5780eedeb
7844 72607718b99adf77
7845 b311b923415f48c8
7846 18e410a5f26508e1
7847 bb4b454a77a4239e
7848 068269a2be7e213a
7849 4904d288d56203a2
7850 ffb4edde0fb64a09
7851 51518d7fb149e379
7852 3d0bdbe495070e9b
7853 6902a8b42720fb1a
7854 bf96c48e5a13c6f5
7855 7a3dc2fd15f50496
7856 0eb196d737f4af09
7857 f93b169cec7e75cd
7858 6145b5836f8be001
7859 335499975c4fb244
7860 730ce14d93113e7f
7861 954b2e06a521d0b7
7862 1285907a4aaf7dfc
7863 e19fc8157c71c149
7864 174069ff612598de
7865 d8e06332cd484748
7866 2be089f6a2aed674
7867 ed034ad27e7f80f2
7868 77a9c02f9a00f7d7
7869 d2727973ea2cd5e5
7870 5656bfb957b70a38
7871 2491a57b140431da
7872 53a2431d1cbb3069
7873 5d474ebaad1e595f
7874 8863f99685a88696
7875 b6ea8c5a4f8cb3a5
7876 7424f1f8c0b4efd2
7877 5f752b0d91e00057
7878 c4a7e79b6b877420
7879 e2b8fe027f63e3c0
7880 37d0a26302dcc242
7881 d690ea26f490e1a1
7882 8a3b60c378ba3c96
7883 4aabf3adde238222
7884 2ecb72e0eee72101
7885 15c1b3b91dd406b2
7886 c113150bd558df0a
7887 66574906ce842c78
7888 ca98509d6e17bec7
7889 e931de689575caa1
7890 60f4c55caf13d5e7
7891 d99aaf3c15d6b1af
7892 f3e94753e0f223ae
7893 a533c6be435d0b9c
7894 027032ad4897c12e
7895 0c03b5442b54f103
7896 61c63983c90736b4
7897 294225af84962b83
7898 b14353ebb9d91a91
7899 498d299e7411952f
7900 1b3083d9cafdbb75
7901 bae9f5c69ebf13c2
7902 0a681389c86fd150
7903 e5a9553d46e03685
7904 55e3ffcf2ce8d6a5
7905 982b9b448a700d8a
7906 f6894f1a7005aee8
7907 12231f441f84b8a9
7908 61b90cf5c454d9e4
7909 6d4d61de602be282
7910 8ebd594a3726d0b3
7911 b909d0a7497ece6b
7912 e1fb39e68a366dcd
7913 d9b0cb11a1b2d2aa
7914 7e9e099451332b5f
7915 9d809f8950002cff
7916 608fe8132f0e6f89
7917 b129df961d55127d
7918 5a649a58dbc798bd
7919 b4148f7a342fca66
7920 76553e79d7832bf9
7921 1b47813ebe71b138
7922 e31cf45e7449fe9a
7923 a08b232bffb2385c
7924 6c80a681d0595b3a
7925 14aae38f60b50404
7926 c663b915f82b9aad
7927 718bc4b236d92d7a
7928 af8ab2d4dcc8b74f
7929 0acf245ab781d61c
7930 991dcfb1c4286598
7931 882cbd91342325ac
7932 8e94ed7fa1e9f454
7933 fd06975a9b2063a6
7934 ed83857f8c9afc34
7935 db7188999e13343a
7936 e7cd9fa3456d25ec
7937 c35c88aec6fc789e
7938 70d22b20a50d7334
7939 8f3069dc4c4ebd81
7940 2768fa8445bd2f35
7941 cae4b8434b2ec71f
7942 26f56bcb6eeea32f
7943 e49a70b98b33963c
7944 b5fe09a9c6eea01d
7945 4fbeaaf4a1d13f51
7946 2a26a61d2c1fcd55
7947 6cd7b8b9045fb643
7948 b782111942309a98
7949 b6add7ecfd20f7bb
7950 7189a653577be602
7951 8d5362a1d8f95874
7952 7e6ad1752af97ed0
7953 dc0bf2e74211e534
7954 88d3cfb3e1459af7
7955 c5b4660ce138a515
7956 764b8c03544d48ca
7957 3fa2d5a498abdda4
7958 0df94c8582c44470
7959 601b5f1826cdd6b6
7960 229a2e442f628c4f
7961 7919685f8a917c92
7962 3e66be7b95663dd6
7963 42ed5ae5fe7513b3
7964 edf8d27d8b465686
7965 de141d71f0b84d73
7966 cbe712b093ff1c7f
7967 74c8ae29776987d6
7968 647b2421e41ecdb8
7969 cab6c08caf1c6fdd
7970 6b09af4dbb420bf2
7971 7eb457bb671d0369
7972 37ed3249690769e1
7973 58f3013338c5e048
7974 8ebafd0ba66ac42e
7975 2582dc0cd09c653f
7976 014800be0459bd03
7977 a9ad7e1d132d1862
7978 f903c9a98a4a3a35
7979 05d8e596d082bed5
7980 3e5080da8b1f3a67
7981 7597d9ff91865ec5
7982 05ebe8217a619e85
7983 53db1e84db8813f8
7984 9cbc4bdcf649c314
7985 1ac2e5f969cebf1e
7986 a155c8eac6e32b01
7987 f00c3e3a1ece1db7
7988 4665e358183464b0
7989 e7e721f654a49578
7990 57281e0bff175f96
7991 79d905881f2825a6
7992 b5cc6064609d37ef
7993 ee8ae682263452d9
7994 b78d302e49949cb0
7995 6b8b468a31c8eee3
7996 0f94bf7b2114956c
7997 010ac2976c15adde
7998 1f2fb654b6e6ae6d
7999 583914e5cfff3bec
8000 aa122d7aa1dd41ed
8001 51ebe6c080bcf842
8002 c1a62873779b1c54
8003 c238b1d0886ffe5a
8004 62227c32fea3d9dd
8005 4101d2416d87b778
8006 c40c30b78f14b535
8007 422b9753f883f01d
8008 072b278f0e2001cf
8009 79610f805e5cddf6
8010 8beb4729c012474e
8011 c2d30c9104715c0b
8012 fc26837514c0d6a9
8013 dcf4281a3e735c96
8014 287f7e8bb26cd2ec
8015 5cc3cdb26b41a01c
8016 84e3c3ea23480851
8017 97ba2eedf0835805
8018 7009c06d778846a6
8019 0449e2268cd331b6
8020 96ade314581e63a5
8021 a39b0443a822e4b6
8022 12848cc92c847ee4
8023 2c1f11502f9507c5
8024 b927897208f1f1e5
8025 13946485dd3cc94b
8026 38f768412324e767
8027 df439fdc2b903fd4
8028 5ccaf8f61479ac57
8029 2c130c1fc165e8d6
8030 a841d68ec679a8fc
8031 e6f6578ca4a48345
8032 0a35ba19ec62ee59
8033 19e6a6cead6336ae
8034 cfa846c852ba322e
8035 c90130624b47203f
8036 f6e03be53d3b3e97
8037 88dce90384582a46
8038 1b71c73e1ff17152
8039 b9b0728959907399
8040 085bfc91d2069803
8041 63d4515c64b3644b
8042 e4d5600c419e88c4
8043 13f54f04d3bffcdc
8044 5cffab945d69a988
8045 df9155c00bf5fe7f
8046 011b23dc900d2454
8047 d198133d6bf95b75
8048 b49eae14fdb135bb
8049 14a95a54480a8cae
8050 79ebbf5ab81e9c05
8051 fa55041ebe33b329
8052 1ce66d30818c84c3
8053 a795fee11badf9da
8054 a14d5d3cb1c2ace8
8055 f4d0f78396f4cec4
8056 aeebeb2523a67db0
8057 8902548e3e5e115d
8058 469ba95ebfce4aa4
8059 a83c8bc985d93696
8060 fd0348d52a98d0c3
8061 d104039f73e50cc2
8062 adf671e9ebbe3954
8063 411aa5fa3bb7375f
8064 61f7158fcc26795d
8065 0f25d1683b27f4bc
8066 acee83931c9f239f
8067 0e15296b7a0045f1
8068 65212ea2a9a64a8f
8069 1bf75ab8531a6e8e
8070 7f539b0b9483cf6e
8071 9c43f760a72eb158
8072 c024cd52814699d6
8073 b86ce186eb992ae7
8074 09a05abcc5044c5e
8075 1bab79c6c9d2bd29
8076 774f23eddac937b5
8077 57f89bd08a466a9c
8078 9ff3908e7469a562
8079 13f0de2b9fc528d4
8080 74bde13443ad8455
8081 e25a423d877f2efe
8082 71120af9ba51c9cf
8083 b1f1271c77c7f429
8084 6d30fb7147a5b6dc
8085 a6e3479c334e118c
8086 9368b0ef032d1ff3
8087 a8cb8f0d6943c6be
8088 1b510a69d1c630fb
8089 66d2c8be03268766
8090 ed45f2f74b1b9ddb
8091 58ea6cdfd2d28460
8092 4a3088f37e6069b2
8093 dfaf66d3751ab690
8094 068d47f14c71bd79
8095 af1136bf9d793854
8096 a28bcd4f5f37118f
8097 5ddbd6b01d005772
8098 e254992c7c966d16
8099 4c3b47163c1bcf9a
8100 b241c9ed730a778f
8101 04a3cb8e6414a0d7
8102 4bfb13385d652602
8103 57806676b3c341eb
8104 962011badfc43a92
8105 85d6f624f3fbd6cb
8106 bd795046d8fcf730
8107 cb6c61a76032518a
8108 653d668c482ec638
8109 e15bcbe50693bb9e
8110 ace225e54f8f1832
8111 de89857efd23f273
8112 a088607ff36c82e1
8113 a777dcb98e79addc
8114 a72d2abb397c3206
8115 d4bdfb4ec359fa93
8116 71a92e5688cddcc9
8117 0903e72119c7d0d5
8118 fc7b045378176742
8119 572e0ec3cbfe8b3a
8120 d816510a8e77c93d
8121 f3838ce017628472
8122 ae00e7947b413e87
8123 8a20ad9399815065
8124 0497353369cf8df6
8125 2dbf1fbc52ebc80e
8126 3ca24e34ec6de012
8127 05d2ee25ac2902a9
8128 41ac270dc2c8400a
8129 3cacae67b5cb23b0
8130 5abee2ade8b3f16c
8131 3edd10e20a04175a
8132 a29a18356109fa7b
8133 b7c4b6efe0476841
8134 a89bdd21c5451dcc
8135 5a323039312f0b7e
8136 895389f3a8f0d0f6
8137 cad88dc5d8fb6cbd
8138 cf1e4188355e7c3b
8139 c6603cb311dc873f
8140 38a2a5ca5204f959
8141 58dddb33c9540235
8142 b18b6445a642ae70
8143 9b211ddc1ce94c8b
8144 f8c63c516bb2d5fc
8145 9efcb896f863b7ee
8146 82c4d743b02bc707
8147 2c0b0bc586b4e847
8148 456fed071f8944a1
8149 a08de9a921d8576d
8150 e325c9b2f0f3b402
8151 05b0c6147fb5db9d
8152 26249a388dde3d21
8153 1e2cca0f75e924cb
8154 55dd47be62914dcd
8155 f1608cfa8dff8d23
8156 934be9b814344201
8157 eaf921cf5cffed74
8158 2aefaa0d563096d4
8159 b80115324c4fcbed
8160 b5fa732758af7caf
8161 cd8443f2ce863d80
8162 80e1982ae5341bbd
8163 bc479d752dc6e75f
8164 ecb01cb4bdfd01c4
8165 83ddd9480bca7e32
8166 96444263ef94c494
8167 07d63ffa5549f107
8168 9098926000855a01
8169 4e7909371ff7fe7d
8170 d2828bb5f7b0509a
8171 4227e15f2131c641
8172 035c46830658f82f
8173 317c378d5ebdcc24
8174 10aa5c7af4d16538
8175 9e06f8b51f626c7c
8176 31901c0a97526957
8177 b6f0849ed7afe1d8
8178 14d881da599c352e
8179 c8e1e362311b6f50
8180 5cf35f9d2fee87d7
8181 3a0e6bf6633e96e9
8182 8562a6780a038e9e
8183 644f2be4f0f55681
8184 05ff67e9f51ffb6b
8185 d7d2646765fe3563
8186 61b3e2eb980cb18f
8187 8220d595362543f2
8188 859951ab4d0f4b26
8189 c77da249bf9a0530
8190 c4e4d504086b7966
8191 c973edaa3469c32e
8192 f50612cfcc267e53
8193 f5b2f7b53488e8e7
8194 eeff84475b32f1bf
8195 90b0bd7a64d5ff07
8196 6ac246732d2a538c
8197 0df00f7eb40fe2a5
8198 41a8f8faef9f277f
8199 ff60ef152b24a6f7
8200 324d62874da76c42
8201 cfefdf672f175000
8202 76337af7f984cc15
8203 3fa50da13a092a41
8204 5a7993aad4af7983
8205 a81a1b6952736dab
8206 321be1b59ed158a5
8207 a2237af3057aa2dc
8208 dcd054c16a5d03d7
8209 e71fbfecc2443b4e
8210 9c6851607997393a
8211 d7c9ccd7c155dcba
8212 f5a9a4ba98b04d5d
8213 f99d195a65574aa4
8214 ad8e54f4affd4eeb
8215 847e62aeb6e6a1f1
8216 0d375d6f80a631ec
8217 f7a966285080b140
8218 365f29136a815d2b
8219 1976cc424ffff495
8220 f2a076f85a96fb1c
8221 9b6e325ba690c9cc
8222 59ede92c3b9a9466
8223 c0ddb27d83ca89a8
8224 41b48fe61365717c
8225 b1c7a10b2a47d2a7
8226 aea80433bc905b88
8227 55f30d73ec23ab4c
8228 f3c30b4e749f4fcd
8229 6b41bd7d9a23feb9
8230 ca0147ad3721a5e9
8231 d500bb3b328840bb
8232 7bc7670bce71e77f
8233 49c9787401b3793f
8234 04d3a9e9b5489948
8235 091e8e8d586a5b17
8236 15f7ca35f656be71
8237 c2fd46546712f1cd
8238 5a03a65c2eaf6c18
8239 ec38eb510e4312de
8240 3920f6c5cf3d11f0
8241 7969cee9d5076fd3
8242 d0a680db6092825d
8243 6bd58ce0fa39f50b
8244 bb342b57a2a3205b
8245 febbe4fb93b89ae2
8246 33f1cdecbc0fa513
8247 31366756701806c0
8248 08960d752baa766e
8249 0df34ab9cd67bd69
8250 efcb72a8003a7179
8251 9019752d56eb3b99
8252 af0f76383a4e0ee9
8253 1d2af90fa90a3701
8254 06d610cb19ec4d3b
8255 d25d64739aa547cc
8256 a02be1dd023defc2
8257 4ae729f63795c620
8258 19f0ea8c3fc2c345
8259 69886402617e59cc
8260 69ef6bbe6fdb8e41
8261 d0f002176299da97
8262 58b27618c239f08d
8263 8ec89fdfb9e17fab
8264 45d1f131f3cc266c
8265 27d41425d93042fa
8266 619a20085fd82ef3
8267 42c415f0b6696664
8268 ca9d408ad80449e4
8269 82ef2f5254a5303c
8270 f0106c86a8a4a55f
8271 d62620d730d894c9
8272 cf38495bd5af8e53
8273 d9c5fdfb256079a2
8274 8fad2b3785ce950b
8275 ebce98921db93b58
8276 e1d6a08efb1d1d5d
8277 562e0a9b558190e8
8278 307d1b6ccfd4e374
8279 0afb7c655f424a6b
8280 17837749a8d663c1
8281 9d7b19940d803671
8282 d492028691737390
8283 93de24ac75fc7aaa
8284 a8d0044e7b8009c9
8285 6ad2de979ef4bcef
8286 6073d2ff6d0396a8
8287 f8b3778d50d0bbb1
8288 9eca0f2cdfe3b7ec
8289 22ad9433a64ee6c2
8290 cbe9b211bc8fd070
8291 dcfd655a2e498d19
8292 fa9de6ce0e10cb17
8293 9981198d0e770704
8294 174075bd36f9a070
8295 6e2a97f9cf189c2f
8296 3dfd29f48ff68f02
8297 f45ab7049fd879d5
8298 a058fc559fae9559
8299 c684af98df7c7769
8300 da4c3f6ba8d4d8c1
8301 7e83391db0675038
8302 8db14efb1bf40948
8303 4c2d9037ef983363
8304 dfa2d15d7a97e5f3
8305 cae9196e767774bd
8306 c8d9e1f885bcc469
8307 88ae48678f76c330
8308 761188bba371ece7
8309 4392b2f9c4d7feb2
8310 c2e5ff2a6375b4c8
8311 c777ca87e7e28c1f
8312 e0db3f4cac9265df
8313 da77cb012a614a79
8314 2cb1b953f57c4317
8315 609ac0db9d76c788
8316 fbbac49a49798928
8317 b2ede1b036c11293
8318 c3bef791221d3f09
8319 573422bad4fca198
8320 f9edcf5bf7402817
8321 4aec4fc307983d37
8322 5268f9170e3368ec
8323 fb5dc8167d5770b2
8324 9ed0fc6ed6928f72
8325 296b1d2434cd6b6a
8326 543aeeb8a5a80944
8327 75bca2c6b976902d
8328 bb1060c46babe20e
8329 b3230ac4d5c12262
8330 c3d579ab7a429ecd
8331 8669bd57945679ef
8332 c0534bfd21a8159b
8333 edcde4dca15fc63a
8334 ea789ac2baa4fac2
8335 ba490b34e78ac825
8336 afd4a4c295e5bea0
8337 726a25006f1ad934
8338 b854950bb98bafd2
8339 cbf2f31619caaa44
8340 06e61b2b9fd0ca3b
8341 e7d99ef89448a710
8342 0ce53744e94ab074
8343 52ec6e6a324239e5
8344 2356df7556c34296
8345 4750d9e3138a976f
8346 55e95b1386166846
8347 5e8168c811029d57
8348 eec91d4a333fc9a4
8349 02c3dac00d6e9ea6
8350 9a21149cdf57b296
8351 a7e19334bf80da9f
8352 8c1745fa6d78da48
8353 65d34b0f2d6ed583
8354 1afa82d68622b87a
8355 13d9c78b6c596d2a
8356 09d7e5d78c88e815
8357 edff8bfa12432f82
8358 16c68f4201444073
8359 37f626ae5f588cb2
8360 509643600612220e
8361 140fe769fc3b48f6
8362 269ecf988e3007f2
8363 4283e3ff54ef3bec
8364 ac74f821b3e07d44
8365 e8f175e740b89858
8366 36aec9ab1f8e8d37
8367 4192cb55485d19f1
8368 3c2f608c54aeb987
8369 7c2c25a3aacee6dd
8370 6af30779f240b98e
8371 9a66702f45e23b53
8372 b73ad053dbc624a8
8373 98589fa5b5ace2b3
8374 3f1b67719953b102
8375 cec6e6858e47ee1f
8376 099523adf2a30fa1
8377 69748555f7453afa
8378 36553615625b4c31
8379 4c6b12fed9121f67
8380 ab93f2725f3f6b58
8381 f34ef0e9253f6a40
8382 8a6fcb811045dd53
8383 434f1da51863cdbd
8384 6c111299baedee8a
8385 93b4650129c7e95a
8386 6d0a280e5c260fc8
8387 8b12b33458bd3f37
8388 4f2402e9cfedade7
8389 d912f0487eacf212
8390 85030f969339dc90
8391 0eacd18c596ad516
8392 2efd2ccd5ecd54f0
8393 cb8afced3d613719
8394 a87a3a896ca144de
8395 8668f8f97a1f007a
8396 42eb9dc00c511c28
8397 28e7a8f592a7bc07
8398 655abb4922395a83
8399 a8d7b8018eac6316
8400 2295bdfb9605728f
8401 9ccb1261398fa5df
8402 131aa7a286f75040
8403 c5f86f0d33e4a7a3
8404 33de267af95de010
8405 1c97eb218ffbf1a4
8406 7a6152ffb74a314f
8407 e13fe1dbf1eae1c2
8408 4fbe98d56a281338
8409 0e180305c64f03a0
8410 a0c5795ee926b965
8411 2ec2e69c73f1d842
8412 c8de5e3b69fa4ee0
8413 747ca74f8893d36a
8414 4b2d1c7fc01ca0a5
8415 c5a45e5981c44fd9
8416 6b3985a17bc0e55d
8417 f53b06ce3ec2bb7b
8418 899e3d467940d1f0
8419 cc7895d2a4e4060d
8420 d3c1cc15c577439f
8421 ff019e3d9201a435
8422 cb096744606a292c
8423 65609893c2561e33
8424 641e49312a8cb895
8425 27fe2521c9617d5b
8426 6d8d4ffeef5ec46f
8427 627da0ec4f37dcbe
8428 40d6f21f50d147f8
8429 1e056c5e3cf54f6a
8430 9f8d6c2d12760d9d
8431 797fd10ae8025cea
8432 cbad06bbdcf39451
8433 346f0e7a544a33ff
8434 39da43f67357a782
8435 dd17d292c3e89898
8436 e9aa822b3160596c
8437 48a2ba094d8bd130
8438 3abee5bca64f15cc
8439 329cf652f0163cf3
8440 2e6b426f331516c3
8441 ab9fedf4fee780a5
8442 1470ddf65eb85df4
8443 c1053ebc56c66a0d
8444 260b518dbd872fd2
8445 215034ee2461a5f4
8446 5704436589a35319
8447 d4fbd2aaf8353806
8448 36f28206c41a39cf
8449 f9e40fae67b3384a
8450 13ade7c38dfb8149
8451 fc107dd101c562ea
8452 c3e6dfd16b8138d5
8453 8abd949bff0dbc58
8454 01063ded431f66c1
8455 2358d9d11741411e
8456 a5ef8493f10e28f0
8457 547b503e8cb692c4
8458 55dadf325bf0613c
8459 9db4b37bd9eda40d
8460 dfe0df908b636bfc
8461 660b194caaee8638
8462 ce5e0ae457d1736a
8463 20ebcdae4332c8f8
8464 98444893fa9de240
8465 a391a8886161cf49
8466 d49b80ef9ece1508
8467 cf7dd288c302bf24
8468 3c06476b640ad8d1
8469 bad4e4f1c9980618
8470 38419e1df9d90e4d
8471 917b019f5541ae07
8472 5405ecd709cab24f
8473 9a4ac85ac6502fa1
8474 db6ae6fe02e14838
8475 9a439d38e474c235
8476 6f4f46fc0f555953
8477 1004bd4bdf8558a5
8478 ca5becc5176f65b4
8479 619233e29d8a4fbc
8480 aa061fdf95427ef5
8481 6b03ce600ca5463b
8482 3125ae3d3f27f991
8483 eb1fa3a5424ecabb
8484 7fca4de31b14215d
8485 7f3569ed56b0202c
8486 8ce19cac7c62eaec
8487 e4cab63dfc9b63e4
8488 7b991b07192a018a
8489 2042358c0bb858fd
8490 ed8911cfdf286a44
8491 1a6cc4df15484fce
8492 9ae1d082cd4287f3
8493 e032f76db9672fbc
8494 f37c11b13517496a
8495 dd3f1aee5bbe9a64
8496 65791358c858a6de
8497 c3dbe220e63d3d44
8498 d07e8677a44d526b
8499 a62edddc3fc1d97e
8500 f7de944276feffd6
8501 5be1f719a2da5e9a
8502 6f17ca4ae9158203
8503 be41cc855e8895f1
8504 168b11ea6a93741a
8505 49ead5fe45727b2f
8506 ea8aaa720a866b86
8507 54abf016ec90f389
8508 34731ff6fff272a9
8509 c2b893e94158e9e7
8510 0332f9b3a7b2ea58
8511 8a3d005d5f483a96
8512 115d54e04a6b0372
8513 0037b2246f6f9cb0
8514 bd478bd0ae0d74b4
8515 0fbd347bdebcf6b9
8516 659faad655f62729
8517 5824c318818818c0
8518 432cbcf889d519a8
8519 e3c1f9905550166a
8520 65d7e5734eb1814f
8521 4a0aa347805c9645
8522 94e0358506ba01f4
8523 ab1a4648bd5c7e50
8524 978356add72642d2
8525 b4c660dd45f8e3d5
8526 af445128c677b68e
8527 27465bedc31399c6
8528 2ad78d629cf18f0f
8529 4183917847db2cd5
8530 558f50fef5d8cc3c
8531 52671f661eb1da32
8532 45ee475ba0eacbd1
8533 8480fb5d475e48f3
8534 fdc6ece0fd34fe2d
8535 023b23f5513c7922
8536 2f3f02dba21dd79f
8537 94326d820e520643
8538 57d5e866d3831f03
8539 f8e82f6a4f0a4eda
8540 6d6e0fe0a9f521f2
8541 ab9c95d21375acd4
8542 e569c0ee1f710ad7
8543 827ae8b84920ed6a
8544 dbe3485342c5aa68
8545 84b67ad08ca0b36c
8546 a4dafea3dddda01f
8547 573b1127543ea02c
8548 7cfbaf2ae523b385
8549 b207919aec6cbf53
8550 0ed20d4ace5563ae
8551 02c8125598701104
8552 668637d094477465
8553 4f4159e828876f14
8554 85fe826860658535
8555 6fce82d887f85c8d
8556 15e640b6bfd2bc5d
8557 05f14d6d49bd36d5
8558 1ea942fe7ce2c8b3
8559 f2fb7aaf49836e55
8560 e8c80c16ab2454c3
8561 8454faabc56f7c73
8562 48506602adc698a7
8563 6a0a4b4e95098e0b
8564 2a5de2bfb08aeeb5
8565 3278c1f479854f2c
8566 ad2f665c6d9070d5
8567 2dde07d44efaf390
8568 7831c98e29065732
8569 7084e1617e705de6
8570 17d50d2c469afcea
8571 862e46a547a472e8
8572 ff1ebcbf5d2a4e2c
8573 da469d242ddf2e8e
8574 a5a159cda04a2b76
8575 3195a720c52a5935
8576 096d66acab2428fa
8577 14ce0d9ab1bf1222
8578 5d3796b20c3d485f
8579 f4d05e4ca3e84d89
8580 c70d31c001b13440
8581 dee4e285e8319ec4
8582 00b1ed01a4144931
8583 666e2443d24c577c
8584 3b9ef22b1604a52c
8585 c25a077f5e58d6a1
8586 17c1e689211e55ec
8587 4dc0ebc72aebd764
8588 995e453bddfa91ef
8589 16ada958ff20352f
8590 dbb23e7a26cffd6f
8591 dc7365be88d2741f
8592 9d1f0b8e483fec1a
8593 d6b84c88bad475ca
8594 b1f39cfcba59734c
8595 6da46441f0193fa2
8596 a09e98f45a478fc9
8597 ac055456ee7cd734
8598 7dba97e83da4a119
8599 e5ed97d386a1ef15
8600 e040c232de94733e
8601 f53cdcc17abee3c4
8602 2d14c5da0a18bed1
8603 ca12336d2c3d3bea
8604 55ec9ec790838302
8605 465e0efa73d96263
8606 a01dc022371187ea
8607 96eeeac251f70def
8608 05e65f91eba73fdd
8609 785a5aa5a08643a9
8610 79dab4dc8c72b57e
8611 88e7cc5089e6805b
8612 3bdb29abf686b080
8613 6595ebf3b9275ca0
8614 cb13a92223d17437
8615 7bd5c6f1b65d1770
8616 4e9ad0376b5f4fb6
8617 0d53bcaddee78f99
8618 a52340b282ce1ad1
8619 b338e4e888dd21e1
8620 272902a4bd4d0962
8621 f8c460f337970a85
8622 a0d772a4e6597a32
8623 c3de9207bdd0be9f
8624 4a79f42c016fa3ef
8625 99cb302584b2f96e
8626 569de80f08c2bbea
8627 57916d255171bf37
8628 5280d09484ced49b
8629 12d2840f46880afa
8630 09e5cf3b015a4775
8631 61836f4119c7a07e
8632 ea9fdf74304b46c9
8633 02fbab3482ff5a13
8634 e2a87749213568f8
8635 c5afd5e4fc74b31b
8636 abe3027b738a36a8
8637 6fc58aad5ce956c5
8638 83352e3f91d7fc43
8639 2e863ab1c5eb853e
8640 ab8a1fa85149af3a
8641 7e7e8d0410cea8de
8642 09bcd316e5614b0c
8643 f09b76c5c8a5292e
8644 cd6cf90784578882
8645 a4619688284fb3ef
8646 9ce872f32ab12038
8647 8d5e2b7124d6c03d
8648 85e551f88905761d
8649 34b186e01d312c9b
8650 56eca5f7a6516623
8651 17a8f19c7146723d
8652 2e6bb4d85089cd30
8653 38b8a9726abf0d1b
8654 a740e073e8b34cf8
8655 be76347d5810df23
8656 0175cd19f97a4aa1
8657 0173f03c4769d8f5
8658 1bf46c7e7449335a
8659 5f15dca1c79d94e2
8660 d958bf2f5036c2cf
8661 3d9d72de73204327
8662 d99a054a6276a793
8663 717b823715da2e27
8664 c08312f1b37ed37e
8665 e3f11cf17691623e
8666 5e2d41b8c48ccbdc
8667 0243184e7c945392
8668 515a0e4b63dbfae0
8669 182513dde72d960f
8670 f2fca49d855d5dd0
8671 2625b5431be556d0
8672 bd42adc633cd1164
8673 5269f91166f20cb3
8674 763d199e315226a3
8675 8e508481f23e4bb4
8676 57add99c15779e9c
8677 c2c504ac3cc86a87
8678 698f2b782b616489
8679 4b0f4d8d9d049d0a
8680 9414e542c8f920f1
8681 ca77258e409604b4
8682 0ab3b894b0f200fc
8683 e9ac3c95323242fa
8684 dd26d8c6c9d2f7c7
8685 5a16437bd0297c6f
8686 fa2bfc5e0dc14bfd
8687 98c55e1e0234e957
8688 25d13aa63742df58
8689 74f6a6fcd1749b97
8690 56a446bba48b1da7
8691 ce1bc1a7d80a7e84
8692 2ae27515ecbb3085
8693 cbad152734f43944
8694 1a4b078debde055c
8695 9aa8cb54abd00afe
8696 38cf1f96690eee4e
8697 35be509b22b39e66
8698 6ba68f942771ca12
8699 ed59486f29158255
8700 33d81e0973fedffd
8701 60c174a4f5712a8e
8702 725ae568ca42d804
8703 0a25e3300b695cdc
8704 0358891e439163c4
8705 ef79dbfee0dac5da
8706 674cd22dde61cc44
8707 3addf96cf36628fb
8708 e4478d1082185e76
8709 df0e6d4a66f7e673
8710 295ac0c7a5ad03b6
8711 c9335249f5a2f93d
8712 ccb8ff84ac5ff016
8713 d4f85de0eff41458
8714 56fa28a049b4fc81
8715 88108ebf1086a6a8
8716 5daccd56c6489538
8717 4fe9fba5c607572d
8718 afb32b9d3f4ba9c4
8719 8c9408c7262bf808
8720 1c51a518ddf12344
8721 f41a0e8a5d3238d0
8722 4433917c52327032
8723 3fd5b95353dc42d6
8724 97762a66b3ea3f7f
8725 c2af8c70f165b5aa
8726 2b90bed4b2d08ca7
8727 a256d8832dd29add
8728 c10df3382a61cfa1
8729 a41fc3fdcac1f764
8730 f29e5cb4ec0c60b2
8731 1f4b5175cd8c476d
8732 225bc4aae38940f1
8733 7bd7c009545bb518
8734 cdc043282949534a
8735 b968efc09b951c66
8736 94dd5dcc33a22254
8737 dad9cb47e1d47f18
8738 49f9e94cfa759c21
8739 2295a794815bc976
8740 29d8b4600d8923d0
8741 27ee7c44bd0bbf26
8742 fc50bed2c288325b
8743 e55c67c771bdfb40
8744 85ed95870679410c
8745 6118d7b7c4d61bcb
8746 4e1a1c23cfd28946
8747 28626788cc519682
8748 d838fb41dc4d26a4
8749 fe0736f10ada4877
8750 e528b81e345b313c
8751 56d02ebc24f314bc
8752 cdb0c4e5a4f17fe5
8753 ddc2ea64646d8bfe
8754 269af9a5633c52e8
8755 f50a11dcbd0161f1
8756 989bdbdf89bab9b6
8757 6ce8666fa0bb37d9
8758 e8f66731d3ebf195
8759 a0ad8d2ea7d9e2a4
8760 7592940a8a9f3209
8761 b7477987b592634e
8762 9d44bd599f35e418
8763 296ae7f290b65754
8764 caeacb5e41daa108
8765 b52fe9110cf07184
8766 70df5dca5b9961d1
8767 ea76517c04002793
8768 fc083a378a1d6142
8769 fe75a0b84f8f3931
8770 429c99430f3eefe8
8771 344c1b82ed0c55b4
8772 5173ab2504adf682
8773 c1df7bd782d660cb
8774 40873e9bd5c03fb9
8775 de9b378e714514ae
8776 14b7f0b1ca6fcafd
8777 7465c53568346842
8778 f31d7a45752ca7db
8779 8dd8b94761ea7309
8780 8340931c8c021f2d
8781 51e49bf17ffdc80d
8782 5b3278930122a952
8783 6380a69b4577be87
8784 f4c4fbcee0ad50c9
8785 1a1f4dfaaa593dd8
8786 32a06ca7a12d8e1b
8787 6ba562f5b844232b
8788 d8f51129a437f9a7
8789 4599230ffda3904e
8790 2b4943ffb2504b5f
8791 66c84b7f5b9be7aa
8792 f4d8e50af87e1e20
8793 4d838515c625fca7
8794 daca714806736f8e
8795 eddc7100699a1151
8796 b2e8770b320d3382
8797 9f2d138752c680fa
8798 b5afe2833352139b
8799 15142db917b83efb
8800 2e7ca46e41046a62
8801 5853edc762e803a9
8802 83034c1e9ebf4fd2
8803 5cae9fea598ad8eb
8804 a4b23e3fbb0637ac
8805 e73cab832a962709
8806 6bc6afc2d250ec61
8807 230f92ec9f14eec9
8808 93a3522211ad492a
8809 0f0c78142a2c9b1d
8810 b583d4926b3337a4
8811 58fdf68be20a3360
8812 139ddef4cc7846ff
8813 0e4c5f044c2641c3
8814 4a60a6e831ea334c
8815 eaa5627c582b5502
8816 e52ab0d904082526
8817 7d2d08aa79b1cc36
8818 b6c7c2648a6d2933
8819 42795559a5223951
8820 6a50f22bf969d898
8821 65fb94f518030d30
8822 b382443c75984671
8823 389cf782ea0932b9
8824 e93a8c7ccc60e8fa
8825 1ee827071eef46ef
8826 442d2c48808787d6
8827 439280603ac9af46
8828 41d4fefbc0fdf9a2
8829 e3b5b54ec38f2c93
8830 0aa9e31fe9202cbc
8831 d1cabe6a2946edaa
8832 7a1756ab0db755be
8833 7ca0582be14e8e6a
8834 c7ed8b20f13ab930
8835 db9bcf0e974f864b
8836 cd6d19f2626d153a
8837 04f3e3021d4b707a
8838 f43e5366b9464338
8839 13472393427173c6
8840 f1e628497db15258
8841 ebff4282e458416d
8842 232a7584b8d1eafa
8843 59045c4f0c21faea
8844 5553b0e7c1a5520f
8845 3ab419815941f881
8846 eeff69b998e76262
8847 784a68ccd4365911
8848 6e140120d4cd0b97
8849 66204fed1eb7caf8
8850 c40d1964f451bcb1
8851 94b9cd6fe725e554
8852 9c3301c11d987c7f
8853 e17d20c9b713ff62
8854 41160bec5f8e2331
8855 2d08a433f3933898
8856 e09a103c084266b6
8857 2d7800823fbea076
8858 cfe61ceeab7d1786
8859 f2b3d5894d77abc7
8860 04c9fe590d06821c
8861 5c28a71471c4c078
8862 959bc50c90fed3dd
8863 228a288044ae4b29
8864 0bcd93d0823b3ccd
8865 0f8bfc5b3372221d
8866 ff8ae53d2c51802b
8867 0463e27148d37620
8868 690845d9b8dd8f63
8869 5eb054aa5ddc9c21
8870 b0468126b494d536
8871 468c31387fba603d
8872 1864b9215d3e26d4
8873 88ddb735124c75ce
8874 23394137159e90a9
8875 57c5c38320d24d6c
8876 a453ed0a16372ec9
8877 3d2604723b808178
8878 488db1b41669e29d
8879 d13101ee060424d7
8880 214a2a96494f2096
8881 05ce2a9f4016ca32
8882 60cb28f3fcf47704
8883 1ce7eafc8be02c13
8884 a925117c7890ffce
8885 3128d6f340073a77
8886 619c17d7c7b06859
8887 92ea1bb5f9f6fbd0
8888 43fee880b7ccdea2
8889 23688e3576423501
8890 cc2be011bad3960f
8891 d480e4463db33846
8892 561718e98c9c0121
8893 39262c488a0bb278
8894 a8b65c07a2554be6
8895 37895580156ae550
8896 4f7c18d980da3911
8897 67d8ccceb3e07873
8898 cf78da106f7042bd
8899 5c5e864bf1e560fb
8900 47e31998aca91a21
8901 e162487983abc427
8902 513a756282c9ec4e
8903 5d41ceb882f01498
8904 3b063ae60a8f64be
8905 5aa5945c04396cc8
8906 b69f306cb9c8e4d0
8907 8f495da02f5fe984
8908 1a8ac8e70037821a
8909 a6203aa178a7498f
8910 3814b0926a0fc2fd
8911 2dcab482e112c358
8912 a2a430af085fb90d
8913 7dfdf433b53af32c
8914 514ffc71e2b1c8b7
8915 7217d0f388003631
8916 8785d373f5d42c7f
8917 42f71bb01a92fcec
8918 141100ec0107b238
8919 59cbd9ce47f1349a
8920 0cec2147de450d6e
8921 4c1f5e7fd1368caf
8922 8bb3df3c2c46a8d7
8923 1b68d23ee6f3809f
8924 631625ca2c7ce625
8925 330cbadf9040b573
8926 eb10b4494d4ef215
8927 7aa5ef3b2a9b0d83
8928 14649944bd1b1f0c
8929 a43c31ebf6b2840f
8930 fd467ce1ea2ac8b7
8931 89ba8275ded8ba1d
8932 7c70810122ba68fd
8933 0a5f5f8a79dc701d
8934 110f7341228bf755
8935 d949759b205ac427
8936 72b9b927c1b3a6b1
8937 032f83f178a6b674
8938 c4f0cbd4ed9cf133
8939 eea68b359c593081
8940 72a4af68f5490afa
8941 4f811cfa51b5b2b7
8942 12be8cb5e900d6c5
8943 6c1bb90300d63c5a
8944 a0887bdfd9d3feb5
8945 a181a6d0d8532339
8946 8d4e489a4f2fbd20
8947 0960a4733a342408
8948 085ea246b2055b17
8949 234425ca6a5920f2
8950 5aeb222693d5f9df
8951 61d57f6e65220c67
8952 384a5c550e55508b
8953 d47a1ef471f0be0c
8954 763851d8de8aac0d
8955 b341cc4046798b9d
8956 ef00beb70ad3933b
8957 8f09432e48c17cf5
8958 ebc2bb337e7db64d
8959 e8b1d20db2c4fa21
8960 49f24e99c12dd897
8961 449c419aebc93cd7
8962 0830b8a8f6f234d6
8963 8da0723c858f77c6
8964 a52f5fdbb8da70f6
8965 f500865543ea642e
8966 3b18305505aa35cc
8967 87cca86b134801ee
8968 ed3b73589fa4155c
8969 e59008cde7305b53
8970 5a54e9bf532f2fb4
8971 575b5bf0137a538f
8972 683eb968efe7c0c7
8973 ed2fd359600c42ce
8974 fde85ecb5853196d
8975 bc21ab12d9d9f0e8
8976 6faeeef6a0f0ffad
8977 d8c3f6ec383f9af5
8978 157c9c45bdfaad1f
8979 590847ae09edbc3b
8980 8ed08d6fe995607e
8981 4f7bf5372d85b905
8982 63205ef52332e4c4
8983 5794d9eed4e890fa
8984 24b6d0f739dd0135
8985 4b406a91fb306462
8986 913cc19d465d4063
8987 c94775bb379f4f9f
8988 55fd90009da7ba3f
8989 32a905451ec90668
8990 30d2d93d2e5af03e
8991 66454accf64b18bf
8992 3e6dbaafec975df1
8993 bd806ff51e8460ea
8994 5d0724a420e456aa
8995 6841a0966987931d
8996 bd8e50abf7ad5f4f
8997 3684503e2473df6b
8998 94919e74f0ebfcf3
8999 0c233cf8f68ff3a9
9000 0b25294dd4fa61e7
9001 394de2b7cfff79c3
9002 874295b15e88c36d
9003 a7be74e970b7a1b2
9004 f8dadcd7e9f5679a
9005 22a48183e2b97698
9006 06afa1f0430c336b
9007 0f5c49562a1483f5
9008 a6675519dbfffc5d
9009 a373fdbe48f4e215
9010 97366411154435d8
9011 2758931fab21a8d2
9012 aa3bbaa5fe23cb11
9013 0c668585588648d4
9014 381687c073d50189
9015 1154867fe7dbe43f
9016 f322d5a8e5de6d65
9017 11d913ecbca1d677
9018 82676a7a450aa75d
9019 a530272ec5985a67
9020 8697a6263f1cb241
9021 2e7e1c1a23fbcc30
9022 da709002e7a29ba9
9023 c158569d2754a82b
9024 9698266a3219f54e
9025 0446965eb2671257
9026 3226be7f46c07e83
9027 1a65a2da36007f20
9028 dc2473eccc15a96c
9029 25ef29641a9d48e0
9030 8597a63cc84d1b47
9031 e56adca637dca538
9032 615f00719a8af667
9033 c0a599b2475275ea
9034 7a0fc0250ee390b5
9035 da5a3ec94fe42ea4
9036 661ae3d76642a2a9
9037 5d1aa7f3083cd2c2
9038 7e7b93c3406aa8cc
9039 f5548030a67f956f
9040 3a07ca0466dd2f84
9041 cad35c3ac59b177d
9042 570ebe1f201b4ee5
9043 3855be5ef3a9aff1
9044 0fe0028caf174ba7
9045 af5f5c7f616f45bc
9046 07131ed767a3c828
9047 d920c2d528e97d1e
9048 281928602c089751
9049 4d272f025f55a09f
9050 3727142deb06cda6
9051 c67d305c22368635
9052 79569ffd4acae2cd
9053 0c9a909700847fe1
9054 ea1eaa4d4a26f88c
9055 32cdd4c1106fbd90
9056 47c58dfccc3de907
9057 ae0ce9c83df6ab80
9058 1f6e99c7ab25d622
9059 4daf2b21a88a8450
9060 57206d199adca474
9061 d9384b0883fdb6bc
9062 2605a6a524f26702
9063 336afa804119cd63
9064 0e7a0b7b08ff16a5
9065 8f52fba7a244f349
9066 d17934916ef50372
9067 1307205cb93483e3
9068 98e7baf0ea2e7240
9069 31f1351b45fb8ec3
9070 fe984f53e44c23d2
9071 40a573fa84e0de75
9072 9e4263fa3beaa03d
9073 8cd825803da7f480
9074 b927c570020200d1
9075 cb1f8d54489dd40e
9076 b405db7083825341
9077 5bb7573fac0e9bec
9078 855fe25a187680bc
9079 48a81dee8e8901b4
9080 23bcdef2ba5124dd
9081 2c3bec38a378dc51
9082 38418b4abaa700ae
9083 4ec423dfcbe1534b
9084 2c55bea063ce41b8
9085 f87aac15aa9be8ef
9086 f8a509bee6aa2ddf
9087 cf94da353a32ea08
9088 19c6a5e4726cce50
9089 07b271dc947c43a6
9090 bfc1c66788aebb52
9091 b5f21a5b747d925a
9092 895b1b9cc97f4620
9093 4442fb4878bda659
9094 464d5cbbdf053885
9095 28a71bff367e89b1
9096 e2aa1e86724ea875
9097 a714a4624f4cd52e
9098 748390504f3b55da
9099 dfa07e921d1e348c
9100 a5fc293cad9fa161
9101 0e9399b1f291ed73
9102 0bf19b69c36de4ea
9103 e63b2bf1ba5cfed2
9104 5a381cf8d3f152ec
9105 5cb4ecc01e6db5e3
9106 5fa5183292583c13
9107 b538cb48fb1f5fcb
9108 94d85f74f7858d8b
9109 f93223dbe7817fab
9110 ebc9d80a6a195be5
9111 2ab2406c15c6b9b1
9112 16a9c38272353383
9113 4583edbb9dae02a1
9114 58b8b3ff5f38c249
9115 6d13b13c799308fc
9116 fff9cfe59836d56c
9117 7e6b39df889022c7
9118 2b164763f3084225
9119 1b50cbb206933fb7
9120 d57969c7be62ee17
9121 8dbd22957903de10
9122 4c9da5017ee2376e
9123 522c49939805794e
9124 a2351c51d3901ec4
9125 7d2323a05be13425
9126 2616460c644ef355
9127 8a2cc18d418537e7
9128 074be36b8b5e1df2
9129 8c5169d6d1ef2c50
9130 7c6c65ea5255e6de
9131 cac2c0c00016040b
9132 129200a9bab50f00
9133 e9f774e528407935
9134 e70e0054b7512623
9135 912d3bf3bfa0ef37
9136 997cc3ca0b9a90cd
9137 2df0c1bf6ae7e592
9138 ba0b9e5c8e3c8211
9139 2d5424d8b71ef2d0
9140 95354e4070a0bddc
9141 0f0d93dcde7b13fc
9142 6b4d7d54b4efbb29
9143 3f1aeb529ea719e0
9144 0e1ce9d6084e71c0
9145 98e501492432aef5
9146 839943d8dee6b52a
9147 3e2afdacaa3c4005
9148 abfc0425b82a38d9
9149 3cd448cae99a4e75
9150 b02bf80f6ecf9e21
9151 bb68636a4deca9aa
9152 e43474681af96ac9
9153 dee7eaf1c0ee093e
9154 8b89c0f6293245fe
9155 eaf3737fa04e33d0
9156 45e7c4244d0a3a3e
9157 17c340bc2215af3e
9158 474124814df74019
9159 dafd3979d85bc800
9160 c53b319fb1d19112
9161 3b4dbaece28154b1
9162 10a6614f0ae50eae
9163 60c24f4c7e81668f
9164 f85d30a6b5983ff7
9165 229e745fa680fa3e
9166 36d415df5e756cff
9167 6780b5e0b4827873
9168 d5cd3528e81179e8
9169 64a97fa4bbfe364d
9170 a77c49ce1cfe8f68
9171 e454df8c87948fb1
9172 f9038fb1642ceaf3
9173 7c6ed4685a683c2a
9174 0cb2860cd3e0237f
9175 e0539ed3350ce415
9176 62523620be209148
9177 f77487fa65bbd54d
9178 d67e2a3dc59969e7
9179 3633ee8ee901f451
9180 c3ea88220eec48c2
9181 cedba292c6f549bc
9182 e083931aa2db47f7
9183 c931afc999cfca62
9184 d814071443b23ba3
9185 75d9d19f0d2befd7
9186 f6558ed05275a1a3
9187 1208c258db0eecd3
9188 f92ea9ea3c22d9b3
9189 27715ecd0f62c047
9190 058b5c993e4027d3
9191 0e57d7a3c6ac7ea9
9192 90fa6674a39d8fff
9193 6f9b1f64774693b7
9194 e588c907adea0a28
9195 5cee36fbb97b2b09
9196 34addff8a5af95d2
9197 8263d8a73ed8c872
9198 520ccdbc73fcabcd
9199 9d96106c6664b04d
9200 5e38d1618a430a08
9201 724aba4bc6ed50e8
9202 cdf46d5e4e0d1cc8
9203 7612726aab98a09e
9204 2ff4c11a8cffbb5b
9205 d8bbc2e4466c1a73
9206 54ad02f72cffb0a2
9207 024e70932d5c136c
9208 0bee82a400faab95
9209 a93a64502b9e68ca
9210 e0544911ae3dfb45
9211 19dbdc3b4b65a00e
9212 87afe4117803c2f5
9213 d1a3a5f6df6f31e1
9214 87e5b60e1055daf2
9215 7feb6dad4344eec4
9216 874f3b1de75b80ef
9217 0da96ad9d151c36c
9218 dc5e6f6ce5e83141
9219 9b805dd45b761942
9220 e2817a7e9d4fb575
9221 c24de65eea60fabc
9222 ae0225824b6cae3e
9223 9c22b022f3f4d044
9224 579b312a025b3e70
9225 a36fefd70d706741
9226 bde70bceffb85e88
9227 356479d9a12b77b8
9228 c2ffc553019b815f
9229 efa3a2275e9ef7b8
9230 84eb431cb3bdca66
9231 bc1f15c6a3ce9d3b
9232 1236b551d642c3a3
9233 5a90727b7e54e8a8
9234 6e1ea6fd8f286a0b
9235 7963caccefe2a4b1
9236 69debcb7daacec1a
9237 95c814d1e978d02b
9238 f6a3675447de941a
9239 0e3df86fb4c1130c
9240 54f912c19597b6af
9241 9d2bd50822a77272
9242 6995c4f5dd5655c8
9243 ccb13959517dae03
9244 68b9e0dd500d80cf
9245 9c76f9e51aa73f29
9246 38ae6c3c3accd147
9247 eb7737136469fd7f
9248 ece3ab701b6537bf
9249 36a66e642bb2e9a1
9250 08b80af76a2263c9
9251 a7df5af38a7e3074
9252 a310a2b366206c48
9253 503ff2b513d94dd1
9254 ee486b4dd766a5a1
9255 0c2412338766fac2
9256 1bb7b1d4bfa1bbe5
9257 379449ad9d93c840
9258 26d32313b4d0e509
9259 03c95ad7f465e307
9260 5b3a80b4d3f59415
9261 0a736d9078a717f7
9262 422d1b3df01d1b71
9263 9d393e2bdfbb919d
9264 ab3a2976a7e07a52
9265 08bc585aa79d1f81
9266 b9531eef0248ab20
9267 441d15765d1fd050
9268 bd0ab5e4b8db2ec8
9269 7352f4713fae16b7
9270 88eda7a434e35f13
9271 71ca94464cebe194
9272 506aff475f672604
9273 6be66461111641dc
9274 96332c26f3c870e2
9275 251b3195c1c05394
9276 76c3c57d149bbeef
9277 32b3d31fd0838e07
9278 2885e1b255522348
9279 695ce47d4bb1d1f3
9280 a5634f3b1d6484ac
9281 7810b12f3ce96508
9282 9f5777c88878fa00
9283 38c00c62979681e1
9284 89147df23fe7996d
9285 e89d9d371902449e
9286 d8664f434f4c20d2
9287 4f7fd5bcb3db43b0
9288 cdac19303742d761
9289 483415130133d10b
9290 b7c0e2223b0d3951
9291 6b1d8de95d6135f5
9292 d7a585506a47b385
9293 8f7c96ac522d673b
9294 a9fc20d41937da8a
9295 1eda1d062ea6ebcd
9296 5e5a70c8e11453c9
9297 e4b36abf068cf202
9298 24fab39cdeb722b4
9299 41998d49fc93139a
9300 ace61b628aff034a
9301 2141068e5d08259b
9302 a6b6aca521ea100a
9303 0e0ce1dd5e6492ae
9304 8ff5f7a6af90f363
9305 1625e517b8a628d0
9306 bec8c4ac00ff7ed6
9307 8a0027208b432357
9308 c138645fe1b1b4af
9309 6ef6bcbf6edead28
9310 752214be39b6a482
9311 3695e79bb13cfb12
9312 3c582a6fdee0a35b
9313 67960d0e3ee6bed0
9314 9606104a41c704e9
9315 f869be1afb68a9c2
9316 daab14ddccf13b7e
9317 2eeb3828d2bfca1e
9318 5946c75b8402f67d
9319 8b3405c2ec039ca8
9320 8de0aed9a7eaf1f1
9321 54f1ff35c374d24d
9322 30c683ac1d9416e6
9323 4d7fb722129b94e1
9324 89a255fc7539c4f1
9325 b29c4744fff68fb0
9326 7aa52807409c8732
9327 c24f19933125c4c7
9328 83394f6aa193d61d
9329 2f6358b6466542fe
9330 cc417d87aa35c914
9331 9715ba7a53e03081
9332 f96b66e7c0a93a41
9333 1756b80539897338
9334 e6dd6e09eb1a8151
9335 491e503d8397d119
9336 0f513b324aeaff8e
9337 28b0b61850e64e40
9338 20cc7348c39a995e
9339 2fe1c8297ccdcf05
9340 059e248b4f9de66b
9341 1856b8a557ad5da3
9342 59fb8e801c8f69c2
9343 c2fe1b42f5200b79
9344 e01f61636e5d5a63
9345 4328b7844e9ac51b
9346 33fcec86161aa021
9347 ae608a3551e29870
9348 ca7e4ca6cc430b53
9349 e4c835dfb0999d1e
9350 4a3abed8f548b2c2
9351 9c1b650958bac3a0
9352 40e1b7a32b118b15
9353 1fdef769b5ad2daf
9354 5b03d40071569591
9355 15f14de002e326dd
9356 ed265db2ee29192c
9357 1e293db8b17eeba9
9358 a393cce64f5b3c14
9359 ad776a2fd2f4b5d9
9360 4ef8f7d425df89d9
9361 6dfd6a34a2d2b63c
9362 fc64a595f909fd4d
9363 64464c4c48428277
9364 3d38d5ed4cd7259e
9365 57d3a8837eca693e
9366 d776567893827880
9367 043887418dce083d
9368 03730e99c2ddd77d
9369 50db5790bcc876de
9370 6cfe27769a61a43d
9371 1045bc8532cb94f6
9372 c42a7668d0436921
9373 01e865359f2afdd3
9374 1ce0d5f583d50b7b
9375 99cdf56b00c7b07f
9376 21570f0a3556373d
9377 b6b6066327018f51
9378 c67457aa59a505ed
9379 6c1d340e9219fe60
9380 595f9700817b2ec8
9381 85d2425e6d3dd2a9
9382 5c47aa08c360614c
9383 1d1193b43c5f5da7
9384 6e9559389264a4aa
9385 f129cd33ff56eaf8
9386 d7693e2147edd053
9387 c5cb47406234268b
9388 d6e97679c9e8c3c6
9389 4869da4891d532ba
9390 9621a56f1466fe41
9391 e75c3cf4544eb871
9392 dbe9cdc958242337
9393 92832c4892cd6f64
9394 545642d1e01dbd98
9395 a1fbdd8ea781b6f4
9396 b6508d266a747a15
9397 06716d3667176968
9398 e0dd4118b010594c
9399 47de07fe85bdb5bc
9400 23eeeaff0f0bb5d9
9401 20cba9b6df6fd058
9402 ebe5590c1c387d71
9403 f3828b4379a33751
9404 6dbb69aec43602a8
9405 33c6a0031a3d32c3
9406 6378d59b3f09ca73
9407 a97f3d03db97bfa9
9408 89d6cc6451371fe4
9409 05c54728b22f6941
9410 01a90fffeef06849
9411 be9053cc82a7fbfb
9412 8f062e961324e815
9413 5e9b48faf4c50df9
9414 2b92adcff0d2b13c
9415 fa0f0fde9eafd3a9
9416 f7bb969f4b898b23
9417 aebbb05eed4671e8
9418 03522367de85f8d4
9419 df94d70ea10b4c84
9420 16d577c8321c1a8b
9421 dfd75fb13539ab62
9422 d0899aec79a6ef31
9423 98854da27458f1f0
9424 6f4a1499bf26b1e3
9425 b986bb03250941f6
9426 8d6cebdcb0c7598e
9427 2a64d38a8aa3675c
9428 f64d0415d8a7b8e6
9429 13c40d1d71090a81
9430 e728460a75b22716
9431 7a11cbb79d9db70b
9432 c2377eb3cdbd4a97
9433 b4cffe73a9a9a935
9434 c9bdae1d8333afcd
9435 dc7b16ee1bbcc502
9436 d318db5317e46296
9437 11336eefca26173b
9438 cbd125698cc7d024
9439 7c3e9a00cc7d9d72
9440 1162105cff26a0c0
9441 fea38e0c27bc2be6
9442 a6160dbeeca2cda9
9443 94d2c96df6fbbc56
9444 2683b9f312f406ce
9445 9a5f3302058fb777
9446 560871d6e986852b
9447 424fc4e2cf2a201e
9448 7c1494ec98964454
9449 a5dee72ec002a0d8
9450 2035690a9ea04ff8
9451 92ce1a15bdd86872
9452 98503fafbff6324d
9453 9880cfbfed2ad923
9454 57e3a0b1c026d33f
9455 c92eafd534f20032
9456 600ca2a6feb35696
9457 dde1b5bd621243c2
9458 a207bf484491122c
9459 f0b5aa8f1b3392fa
9460 29a37455e89601a4
9461 098a0df00b9c6943
9462 4947e92d6efc88fa
9463 1726fd0a6b75f0d2
9464 ac6ad30314e23d63
9465 a9369b4b1567d4fb
9466 d729e499ae1df573
9467 b85fa8c9539e9220
9468 629b4a55ed98a277
9469 8c0d6ef26d83c419
9470 a86149651b6c22ba
9471 c8721b9854f06cc1
9472 68e826d8176f7ff6
9473 ddaa1c66d2f12b95
9474 f15863fa9c796fa3
9475 6f9626c49a3272a3
9476 e164316f5c33f4fc
9477 67716ba505e4118a
9478 763ba1b822e4d919
9479 a4bc15ca8dc79d68
9480 b18156180285d277
9481 f1288d9f3bf3b0ce
9482 f93e8b64c934f59d
9483 0b3befcc13fa5190
9484 792d7be5afb8205a
9485 b0df06c54999c5c7
9486 5fcc1f5040ff4784
9487 1fe14e10035e0693
9488 660e856745ebbdc3
9489 ca1367ffe4fb2a13
9490 6c4cf86d07590ae5
9491 5e04a93be777a33a
9492 3e7cc71a7a85a45e
9493 80816f4b04b80407
9494 f4db25e5ed948993
9495 7c6ebcb66264913a
9496 9934685dd8e2b3c0
9497 cbf6360a27177f42
9498 642f5652d37c8bfe
9499 bcb9b560b21cc61f
9500 152ab56aef9bac25
9501 6b328cde3e299adf
9502 0a6c8aa88daa2008
9503 a1abb135373da02c
9504 56ea172c220653c9
9505 07f6b3cbaf957c14
9506 74b65e2033377445
9507 f2f2bef92d964ff9
9508 92eab4f257256001
9509 f0942408acf39c93
9510 54cbcc17f138de50
9511 0b7832dc6ca13692
9512 d11a84e8e2ff5515
9513 27a49b7a1eba7c3d
9514 605e499616f25e30
9515 38260e1e9305f1e2
9516 efe9ccda2506edc1
9517 674ae05f73dac131
9518 95741889bd8bac06
9519 34fca5dda8fbdf45
9520 0bc4a15823640db4
9521 9ca9cf09223663ff
9522 6d334cc0354c047e
9523 bab8d227a6506512
9524 ebe912b7a240f477
9525 adffc2dcf269b9dc
9526 2488cca3676e44c7
9527 f449683fb2084fc9
9528 e0efb34b6504ccfa
9529 58723de03dfa5b33
9530 040308bb5c6d0cc0
9531 57e633907b81ecc4
9532 a06b1c3c364ef2fb
9533 c05ab9459e318b94
9534 652b70cee53018f6
9535 20476fa6798325cd
9536 c4dd57cdd43bc5c4
9537 5ebafb9d63ce41e4
9538 64ebd2729efb26e0
9539 4596004e39b0e34d
9540 869d3b259c21fb11
9541 8a329e0bc6271eea
9542 96ebd0b358bc687f
9543 b6facdcdb6c8a01f
9544 1a8e2061d4f26961
9545 5903a30f1a8b2b10
9546 05df0b9741b57cd5
9547 ca497995823e1953
9548 c8927f9246bf3b5d
9549 d76354b783cc00af
9550 4a79c069cc5b4372
9551 51e079a049cdc6d6
9552 0eb3f7f034503fd0
9553 694f4b88d56fd320
9554 da37653aba15d3b4
9555 e081c95e7d710988
9556 87e77cb9f5efbc45
9557 8f257c750f61cd0d
9558 41fcd74bafea2437
9559 34126967d9d4ffb7
9560 2a23741d8b7b2cd0
9561 7f9de59bb8a80802
9562 c45782e64be8a79b
9563 d51839979f9ef091
9564 645853c62e218d6b
9565 69d93949fcff752c
9566 63bc9abd6686d6f5
9567 56439b93e9f9020a
9568 8a7f8290e88f67ed
9569 cc9d093b8d0d68d3
9570 0b52f0b4c64cba16
9571 8643e38305edfbe9
9572 0ab11ca1449fa4ed
9573 eadc47fd2c3329fc
9574 c1f2252299865367
9575 1c8ae8332546823b
9576 f59404589cf52d97
9577 94028ab43034723a
9578 084a69c673d22d29
9579 51771b3ae7872a97
9580 915ce7dc26c4713a
9581 5d3a3097d311e61b
9582 677ff958be3018da
9583 08ea4090ec63e741
9584 91a86f22d589294b
9585 e9abf5dfd010f77f
9586 67a1eb55ff2770b2
9587 5b0e5692cf976a66
9588 6c0dba5150aa7c63
9589 1d2e9b8bc5b61ce0
9590 e21328e8639ec6e3
9591 bbd27752358c0f3e
9592 d70ed30cbfe801eb
9593 7b6f0f016b7dee8b
9594 0ebce794efb21992
9595 bb21184daac8ae42
9596 78b9c00663061bd9
9597 10dd61266594886d
9598 795b36287714a219
9599 a225db72190883c2
9600 c97e171b391bf33b
9601 3a6adea86e535547
9602 dae3d3b9486b0f8a
9603 7472d4f0478f7e36
9604 7390cb95dab98283
9605 df2e08ff56597f91
9606 d59cf70848e50a0f
9607 9889964f0ddc4ebb
9608 6fa72549d7fbcfeb
9609 38314f440074445c
9610 b7be32311ee00ccc
9611 56aab7134c8af63e
9612 4166817dcdf39951
9613 90e5964387d80e09
9614 11459a29a7fd9d99
9615 7017f9f3ae053287
9616 35b939c6f4158afa
9617 68fab62c45bc2405
9618 b5f6ec23a88ff464
9619 0f3875c25ed9d8cf
9620 bc0fe865eb6562d0
9621 861cc85b537040e8
9622 b4c778cb063618c1
9623 5fd57a4d316cd8f5
9624 04f8c1194070eb34
9625 4ce8ec2b7a85967e
9626 839326753e448497
9627 86e7f657ce122424
9628 d9320bc2815bf293
9629 f58485e446e2d666
9630 634ab0a33be4dd15
9631 4b4bd0d1bbdd4b12
9632 4f4d07264d604cb2
9633 cc669e7fc8d05871
9634 5f52e760afb3698d
9635 994949b9d6ac6e91
9636 18dff762c8f21de0
9637 1b5e59fd47e08107
9638 3e0dd894c320261b
9639 4c409e21c248f0d0
9640 59312072c3764a74
9641 0fc84f13415be63f
9642 c45908f8d7d3d30e
9643 12fe8ea15cb62ad2
9644 c02981fd6566aab6
9645 01f829e5a91ed70d
9646 279e91881b997345
9647 6134e78e427a6594
9648 c1297841ffd963bf
9649 ab22ca763be0dbf3
9650 e54aa7e389d85425
9651 53f27256174b49e0
9652 e837f5e492a2f3bb
9653 1825e53a0b559546
9654 2a9c994ce43cbc3c
9655 350e38d6fb864b40
9656 2246074fec72291e
9657 05b70e6cf7c8fdaa
9658 46e0116cfc05e204
9659 13da76211e6fbb31
9660 ec4073efdbdcb130
9661 057b5d96e2c6ee9b
9662 2006ee2fd800ef31
9663 1727491f4e5238fe
9664 1ab3917c720dc5bc
9665 0abe5d3384b0c770
9666 00ddde0821ba17b3
9667 43a947473865ee49
9668 f917fdd23d684370
9669 2844ca0e3e719602
9670 f67c58dbd7cdd0ec
9671 c2033fe66909165c
9672 d95554d5abbad58a
9673 7559bcc48951e802
9674 50e719029046bae5
9675 5039fa68fb374004
9676 df9441ca61bf957f
9677 3751cf2b2738173f
9678 7e0625d148b5ef7d
9679 b0a370f75a7735a0
9680 bffbf40adfaf2566
9681 4ed4a246437eea60
9682 b889f25a626c382d
9683 69e6f8be289705d7
9684 4755550ce631ca6f
9685 ce950e6baaca0f05
9686 e0736eece3407357
9687 cd91bf14df95ff0a
9688 c87b95b6f5b4e7ef
9689 247d26a96fda6e4b
9690 e13b758ba938b4a4
9691 63fa79746e89786b
9692 2437ac9c5f24e6d2
9693 b9c7335695de80cf
9694 d495594eabcde70c
9695 c3633707dc67c942
9696 afab4ddfd2fa36ea
9697 591924cd61666147
9698 a59675e4ce51b99f
9699 1cc880d1b58a8bda
9700 63eaf281b6646df2
9701 c8b45f44d6132664
9702 fa7a00e55d99a590
9703 6b33d6e26075c00a
9704 c25d2ff8ecfec845
9705 653ee63d60b7a458
9706 65bce26ba1f825cb
9707 d90481042d361eb6
9708 475c212da18cea6b
9709 107982d99a0aa8ab
9710 4ea7a4bf8ed83589
9711 592e0aad0c420820
9712 0a58cf4e78e43f88
9713 d6c104c0f7348286
9714 62d80f6266429e3a
9715 ec74574c3666762a
9716 86edc2640199f9a0
9717 eb35196942734281
9718 a8715371985c62ee
9719 34f087930a7c0106
9720 e317bd5a4358e7ad
9721 6c3d1abee6beb417
9722 20b9f414a6dc37ed
9723 8bcccdff07371597
9724 adce2fa78b7cb8ba
9725 a00f99e61e570dea
9726 cacb1e3d4230b624
9727 0fa7fcdf2d66c624
9728 63cf16791ae647bf
9729 f883f8f8bd23214b
9730 132f8572fb0f1432
9731 81f2cd84c6e6a12b
9732 509a04c7819c35e1
9733 22a433a821080a09
9734 1c21e91d01fca951
9735 d9270edd9a87a327
9736 9d176c2c2f2caccf
9737 448aa08efb68a69b
9738 7a58fc6c7d985da1
9739 e1a874b1060364b4
9740 a4a940ee283c6843
9741 6020bdb623c871de
9742 26e5ad2e75a1ff33
9743 5cc60ac6119b7820
9744 0fe1db544d9b6c2f
9745 6e0f59f5ed5863ed
9746 2fe2cb9c2cb2976f
9747 3035d86b32c50358
9748 c7ac0351a1359000
9749 bf1473d2dea97846
9750 b9c9bd5c1b05186e
9751 f9ecf8461712d73a
9752 5fa635cfe444648e
9753 fc329457bc995bb5
9754 7a636684edaa4e64
9755 fa4ce2e882efb503
9756 34f54af94bba3768
9757 a0d1653e07eea1b4
9758 47e6a786df1e2c64
9759 80e95448f47de088
9760 bcd8409e28cb7749
9761 8096e0d27ea5bd4d
9762 869c14f6d62cbbfb
9763 a1af7172c5ab6f1b
9764 85f77aa091021d9f
9765 a0ef03933991f832
9766 7d6ba66e0431dc08
9767 7f9bb1b9e91e6f63
9768 92b497e1bcfe5c32
9769 773da989503e8484
9770 941d591d40df2a67
9771 4c61317a78109874
9772 06dfad4b86ba72c2
9773 c55a31d9ec315aea
9774 7c33a870e099a0c3
9775 988064c8e84ac08e
9776 cb613fdf735befeb
9777 4e6b9ff7f341415c
9778 2722552d2551ef81
9779 6ac34af1caf38713
9780 0ecb88506970cd57
9781 074754baf3f71c96
9782 e3145145b95ed894
9783 dd481bd84b6a54c4
9784 b9fff7b451f561cc
9785 760ea78de7027ae8
9786 fe40897c5d4d27fd
9787 fca1d05ac78fc2e8
9788 0902cd50952c6c76
9789 f7895e03c1f2708e
9790 43cb0ca1bf0f297a
9791 c03f2c978008cf4d
9792 cdd055e5b30a2fc7
9793 03f1f76f66fba656
9794 47298c8bbd18d15e
9795 5687736eef933a17
9796 69cc4b77294bbbe0
9797 b0f41dbb00a35527
9798 e1684d834699167c
9799 91921a2b932b396f
9800 db7c842cc816d980
9801 19127729bb1e2289
9802 a6497d0261b03a43
9803 d7d7cf3bf0cb096f
9804 f35480f4194415dc
9805 f114bd311b6cbe4a
9806 54e52e0c9c6204b3
9807 e824db57add7f3a9
9808 0205ef87dda15280
9809 8104bf78cace7168
9810 92c73a7cf9d13293
9811 d430fc1b1a455904
9812 7549a7f67053a561
9813 b50bddff54f06407
9814 53d7cadaacb9edc5
9815 92b5053d51991551
9816 aae7912dd3b72120
9817 2c8164a40054c066
9818 830bc9817e8c7a95
9819 9c0de462f5e22bd0
9820 7d69b6b41605fc8e
9821 830300e8ec684187
9822 734e424b2658cb3b
9823 7779fe7eba95c263
9824 e33d6ec78967fdd4
9825 cae42b68d4f42b12
9826 60a189cae0aad0f2
9827 82529158675bf639
9828 f88e48b31cdcb3bf
9829 7abd8ed341fb4812
9830 6031e7a4bb2a60cc
9831 d144d536f1dd2a8f
9832 944d468b225c9512
9833 1ac73c8932fb3e69
9834 e8336f04203a0772
9835 47fab1f5f11f1176
9836 60c53824a716aa1b
9837 8c41d742fcf9e855
9838 6a398b9f5c2d9baf
9839 c4609704c9e83ffe
9840 7a164b6f070320b9
9841 3c3b4a11925dfacc
9842 df9cc6c32f2bc723
9843 c99cc150dd03d5e0
9844 6f7a6c63827572b1
9845 91670262c4a530c8
9846 1c33c7c83b12439b
9847 b20079a10f0e16f9
9848 909d4eeb8a082045
9849 996dcc37a4fa89c9
9850 b9b5d84913b90a62
9851 a565bf04f2fca622
9852 77342b08f4f8f297
9853 b6a3060734649233
9854 6d163603521bebe5
9855 62703a2bc5ca4e1a
9856 f8e42e3fce681ef3
9857 5c96e6f9b517c619
9858 7a0f62f22f988aaf
9859 b2f27b9ae4fb5082
9860 0551570b9f62d464
9861 cd1cd9a55efda58f
9862 43dab0511967db3f
9863 f26ac75ccf6bbdd6
9864 8db6d055d4edc5bd
9865 f9b0a0cd3e5cc546
9866 cb4bae5bc87b2a6e
9867 bebf330bee6433e9
9868 68a88e339b7ae7b9
9869 1c41cd299226236c
9870 a8dd024b6aad0938
9871 8c8d728371117f86
9872 5c3c59eb84c9dd23
9873 e0ab21f960b41575
9874 368203125894a5b0
9875 7b868117819bb31a
9876 ac46980b6b040f1e
9877 83602978acecbc33
9878 b9fb22b638cda296
9879 b54062ded2ab556f
9880 18eb1bcf0b38ab58
9881 d46e6afdee89ef05
9882 24d275856571b3ef
9883 bdc136ca57dbde42
9884 826b0ecca1fe1782
9885 2fecb47a0b37e621
9886 1f4d327079876ea2
9887 96298e4e088285dd
9888 02f6865e7c336d41
9889 b5ec4dbea1881c5d
9890 c10f7f11ecc85a04
9891 2d0fef856b2dfdd4
9892 4b107d7fe0c50282
9893 c7e3ce5dd39d7158
9894 531eafc7a629195a
9895 1ed42db800c774e8
9896 b5dd91ec40d24141
9897 644980cd1982fd7f
9898 8caafeb261aef222
9899 bdd98c1de3782063
9900 26ed684562311fd1
9901 d89293fd37d95911
9902 5eff659b420a9c18
9903 a2dde62198116f9b
9904 a1e0b0c2820c61e6
9905 48ced8c06eb73a65
9906 36e9ef6f5096be1e
9907 74c1a37d489f134b
9908 5e8f700e622ca585
9909 04380dccfd5e5bb5
9910 2e8dbb101a033e94
9911 329b6ae21a48ce24
9912 ab80e3cfe20a4f2d
9913 ecf5c257b5dbc1da
9914 a99e167a41219e8d
9915 39017fe24dfeb80c
9916 a34e7cea56f6a87c
9917 bc7ddf74b13308dd
9918 2bbc0d395138c163
9919 5f5537eb4a914c26
9920 a3cec85dbe470719
9921 a3498c134da9592e
9922 e99892c2f0a469c9
9923 7c6800c0ad4e14ce
9924 99308ce62b3dfead
9925 0adfaae595e65cfe
9926 787037d7ac6be747
9927 b6a419617e6b723d
9928 7c0ed8fbd4252012
9929 5d3f5dd149896e71
9930 177fc64f28a16447
9931 bb9a6097d8708c63
9932 4ed4a6d99cd9f44e
9933 22fe7ee3c9aa38a6
9934 a911187a8fb8168e
9935 0982a1564c2632bf
9936 ed58991f5d26e607
9937 1446fa55804258df
9938 b9ca91a74c6afaa9
9939 c83915250097462f
9940 15ff63df1e2f88a5
9941 60e0cee892d36718
9942 30d830693f67693e
9943 12a9a25c205d64b8
9944 782f6911b12bf900
9945 76a7f9892f36acda
9946 a179565b484a5273
9947 8b4aa10caff0f809
9948 9c778a4f6907bbf5
9949 95cfb509c091ee67
9950 a4279cb8f0e53748
9951 eb1c04e03c2fe946
9952 eae55892c5f9243f
9953 96f1cb0e30858a20
9954 7d184b772029f991
9955 ee059bb519ddb6a4
9956 20e7fd7543a12b5d
9957 845bac08bd854bd6
9958 227fc2c4e4d6894f
9959 425f10be9c8a2c6a
9960 65fdb563b356625c
9961 d4d5f820496c1777
9962 54b0c6e89af5c5e4
9963 0ba0329a5ed09fdd
9964 19ec8111bc03f45f
9965 298840577c711f75
9966 e1722fdf306499e1
9967 94be69c09388ddbf
9968 4589e0b2089ded66
9969 be5b1df3d4be62ef
9970 bdf5f8467153c7d0
9971 c1e5300eeb6202ab
9972 0a77a9de91e5a8df
9973 f36ca5960ed68bad
9974 ab26dfa2d93438bf
9975 6887f8d5a47acf4f
9976 581e530d50788c1e
9977 851cb9306ba32218
9978 58ea9dc1c588e697
9979 4650717a7c5a7769
9980 8d0d9615424e3460
9981 09db4fabd5e78394
9982 d8e08d1483f8c27c
9983 cfe448832ebea8ba
9984 61e592fae00ca934
9985 f478193fe02814f4
9986 c369902f5bbc11ae
9987 8fc72a7fa50f3c97
9988 673476c08e8b5539
9989 a8aab26c54d5904e
9990 7abc3a2dfec4d2d7
9991 b7dc36a9d4288d0c
9992 d12f0fafc0e71a30
9993 67101f818559ab69
9994 257fcc2b50928767
9995 79ddec9bd4836dca
9996 3495c4c1355925b1
9997 3c0bde670f11632d
9998 319dc97a8f2838ee
9999 34e1fb913d20888e
10000 b894f45a43d2696f
10001 d511dc8b466105aa
10002 f1b26cb2c2a10da0
10003 1c8ee70f5f879fa7
10004 5f62b8b068040a46
10005 381c798184f87c1e
10006 e146ca2dd4568bdf
10007 f7ab9c5360ddf7b6
10008 9da55ea55d290d24
10009 10d16c0fbbc9f24d
10010 fa9c28f9fcd171eb
10011 5ef99abba8f791e6
10012 9668c94d3b3893a7
10013 c19ad38c5d792178
10014 3a9ff319f2a5f7e1
10015 ac6ddc85ce1f0d2c
10016 1b10724443343ff9
10017 af5ac822cfc37bab
10018 0449547b8699ff9f
10019 1a57a5421f497833
10020 8355513a8a8d97ee
10021 be8706242d8c7ea5
10022 57044e3483a5e2f9
10023 67c6599db63e4cb9
10024 a28d2b4568463795
10025 05aaaf0ea4b189e3
10026 64c1c1f92dc9404b
10027 707f968cadbc9e6a
10028 ed0affe4a259e4a9
10029 2a16218e180b16e8
10030 47fe612c335f48f6
10031 766eeb0ac3d77e42
10032 c3dc7cee70ac15ee
10033 5c78dd8391448e6c
10034 7b628104b0599de0
10035 8e39a22266215ce4
10036 4b5afc724a14a2eb
10037 9690c6c231aa9893
10038 b4808f1f21368365
10039 81cb9bf067333902
10040 ec33669c9e984e77
10041 a83827314de2c80b
10042 43ba212394b32139
10043 6131d79a2c7bfc3b
10044 e1f9820a380ea1a5
10045 7d1201a18eec52b2
10046 dabaf8b942473902
10047 9a3b5a291bde1b6d
10048 f7d44c0e06d06ee4
10049 eec11cc18dc33e0e
10050 4927742e2cfa6ae0
10051 4f6b725de80b87f9
10052 aeb5336a6b807f25
10053 ca59811f1bf49092
10054 ae65c13514e65208
10055 1f9230ac02b898c0
10056 d1480a6fb467a8d3
10057 0531c5410a62398d
10058 497048cc7e3fbfb3
10059 0804047a0bafe7ad
10060 4dbb0ec3343c04a5
10061 5e2fe99e04cb19bf
10062 738f05c1b454353c
10063 b2b0f153f31691a4
10064 84450593668e7777
10065 76949fafc411bb0b
10066 cfd35fdc8ed55e0c
10067 2ca39e5ccfeb9f12
10068 31792b6d54edbaf6
10069 1c3e1076ef253879
10070 0d78b2b6976610de
10071 d81552cdc88e3a44
10072 d8dc2bd48961a951
10073 9c4cebd1a9403dce
10074 0501dc8efa603613
10075 96fcd498a7241339
10076 cbc36bacb8ee87ca
10077 bcce3bb388d7aea2
10078 11da7afc4485aff1
10079 1f1ba2b49739e51b
10080 565c26d67cc4db0a
10081 6a15e8bc41a9db44
10082 67e97aaa8d24be14
10083 fc3bc74a05438e7b
10084 cce84c0dbb168281
10085 de883963e830d570
10086 6e585c0ed43af85d
10087 ee5b015ed1c9b896
10088 67ee6bc78ba9f2cb
10089 fbcd3794c7fef965
10090 32d1c707a7554802
10091 670f91a8494ece4f
10092 69d1d7519f0d52e0
10093 2f679f32ca576c6f
10094 61e4a577dc3a961a
10095 65beccc5993e6f22
10096 de1f1d687464bd65
10097 c7d0866dbbc5722c
10098 290f6d6c508b211e
10099 2e5e0713ef861642
10100 a3ab8aceb6c48688
10101 caf1a3ad0042f91b
10102 9f422ac1fab5ea91
10103 6d535875c93fe604
10104 1e5c80391d5f91f2
10105 b23986f35a7622c1
10106 6bb31055a09d41f3
10107 5764511d120d9d91
10108 bdd9a55874d5eb96
10109 134a1c859b46f64e
10110 1678c3a3af4a5980
10111 20d527cab6e3f904
10112 d89ae7f0cf7a707c
10113 28d297928d5f0f9d
10114 d2ad86104913596c
10115 6853a0600123ea92
10116 85ff6721aee488cc
10117 7d7701c83b29eda5
10118 0ce561c17aecb231
10119 82f45e5af6fe75f7
10120 12fc39c01f815af8
10121 34458b187857340e
10122 1e188f9180b7ba09
10123 f1506f347d5ad956
10124 7f9be4bb60580ead
10125 ee5751962210c436
10126 15d551ff611398c3
10127 3f4e25c889955162
10128 eea5c713f00c7176
10129 7d498e2d1d2582a3
10130 8d2a0e29b6f07529
10131 060e0a69de116ed5
10132 34e694a47c8734dd
10133 2782a41a618a418e
10134 e2bbd5e449e1d567
10135 1495d8098f5f9a65
10136 042c0ae0f995be2f
10137 04c63b83e05fdfab
10138 367e389277d3de84
10139 897cf855ba4a53fb
10140 a675c6bfad2d4921
10141 264a9264e6c4e35b
10142 68bfbea388ed68b0
10143 34ea0a3c368bc375
10144 8dab5525d534927b
10145 13fba8f7fcc9bbe4
10146 14a4705f1f8a14ae
10147 9fd16e6f29d70327
10148 ac45877542e8a73c
10149 4bfc6ae15b7ce897
10150 3fce06c9a96c8281
10151 c4c64e6a85e53a60
10152 ca5146c6377def8a
10153 4477c18f4020283a
10154 6a71d08b884c7872
10155 337196bbc577f077
10156 933b589fce259c34
10157 53fbc98a7682245e
10158 8726d541452fd11e
10159 1bca67c76cfca658
10160 6d592538349ade90
10161 26a526d547e2ed15
10162 b187d9553cfe758b
10163 38c54c42dd270db3
10164 d62a8dd8e34850b9
10165 ebdf1851a1b59087
10166 f7d7ce2094c31c31
10167 39dfe800477fc621
10168 1be4d0bf2b95b37e
10169 05b6e78a0258ee65
10170 f079085daf4ddac9
10171 fa948a54fd9b658c
10172 bf9d1859a3c6c688
10173 a1810998d355f6b5
10174 ef6cd428c45404f9
10175 6daf3944ef0f8ce1
10176 9d03b5667afa3438
10177 2499330933d79dec
10178 191179fdb9045fc8
10179 53e1a8a48900fbd0
10180 c274c68417c39944
10181 c096bebdffa4b742
10182 88a65aff2d832112
10183 5e489e68ef1c1220
10184 708f55738d537020
10185 3444c95000357cee
10186 ab6e6e216fe3725d
10187 2c25503132a54594
10188 16ed6d14bea263b5
10189 32c6d981a8be6921
10190 aed081094d613409
10191 f13ce8814bb7da67
10192 650c2d9fdefac6a1
10193 4de034883c983bef
10194 5055ed9518b03240
10195 238a80cc53f997dc
10196 e47e302e7bc52137
10197 2cb8294a8f074631
10198 e3af69189e548dfe
10199 7f650478839216b6
10200 72e3d7afd69762f7
10201 ff70f518c49a9e3d
10202 c901382f90543811
10203 21fce046f9948fc4
10204 b2235d9c0241bbc4
10205 d8182ad1ff33532f
10206 28345b8546c7190c
10207 8367271ad62dcb82
10208 9bbbb05d0589b1ad
10209 832e585f41b05bd9
10210 7a04a0cff6cbf331
10211 2dd6f8dc1640d6de
10212 d9b9b4b246ad38bc
10213 6a172040bc4f49b2
10214 7ff25a359b5fdfae
10215 80e9a99cb743d7e9
10216 159f1a6ceee92b41
10217 2fff5aeeee7e902a
10218 96715ad31d578e71
10219 e61d4f00913a7c32
10220 c04f7c3c1dc017bb
10221 b3eb9dcbf4c5698b
10222 d47d1729b72b5b8f
10223 2d1669ceeec1b12d
10224 7d184373dd4aa38b
10225 b42603aeff206b96
10226 3fc9b88ecbd16ff1
10227 32e9e7f8c665c7cd
10228 b872814298fe5e6f
10229 9c69310d3fa8db67
10230 459b64178da5562b
10231 77597dd36a83018e
10232 e6cf279d696a02a1
10233 20fab352b8bf8d3c
10234 9c97dd66a9f68673
10235 3b244353b4854f4c
10236 4e31eb71f9dd821a
10237 ad6657528aef1b9d
10238 bf5659b793ac56a1
10239 f0eb8954b28176f1
10240 cdb3ecd4b1055977
10241 552339b8b9a72eae
10242 c4900c597823e872
10243 8918a9dc4a7dccea
10244 71aa1f54a89efe3f
10245 0de82b849e1cb3f7
10246 197975c7b2597c7a
10247 f44f44542978dd85
10248 df32c0a4cd19b31d
10249 9d998687914fc9ea
10250 c922450a3b732228
10251 20708ab213a77fb1
10252 e60eaf1226beb3e0
10253 4ca3f6a3d41011fd
10254 3fce909109b5a4a6
10255 3f287810575d97d2
10256 491c21e773f21d3c
10257 0159dc8988ca19fb
10258 c46db86a6d844e0f
10259 0e6881e95a8e76e6
10260 ba2d1e18fd34b894
10261 1b7df501039fd1a7
10262 45a2f9bf5779b405
10263 2e2deb9663e5c883
10264 bbed954ca5ff10d5
10265 26ffee956624cecd
10266 7e1c7a4dd3979c5d
10267 5f179a62d65bd678
10268 094b8a9042b684ac
10269 9018b13e939f70ea
10270 0b84c28298d4db0f
10271 30330c09e36e913a
10272 d908715f046f8716
10273 7c4406614166804d
10274 4a61aa945c821098
10275 03cdc7c4cef96f6f
10276 22daec93d3151ee5
10277 25c04ac80b170b68
10278 ffa57e4bbe5e70c0
10279 a7d5545f8df2a677
10280 5a88c4e1e076761b
10281 3995499f40a7149d
10282 69d938ee0ac49291
10283 595c658e4bf248d5
10284 be86071249b7a77d
10285 791dc97c960f89ab
10286 7fa28a4dc4698e25
10287 32bdf5091aa29a25
10288 7a9fba3487915784
10289 cd116091a9a03019
10290 9d07f0a85b3c3b73
10291 63acd0ee829dbb1d
10292 2c540f5af13a7021
10293 d83686dc08481f11
10294 5406f4a2d841b996
10295 71217f6f54ef2bce
10296 f6415c63d5bab764
10297 29b73a0c20a58563
10298 dcde7616416fe393
10299 efca2ce1117bed59
10300 5a268128617f3316
10301 8dbb0cbcc31ecb63
10302 6eb20a21f5f9c797
10303 1801f8b5b7e3dad3
10304 04ee67f46f59836f
10305 a837109df574895a
10306 e67533781033c2fc
10307 45b0178bbe75d0db
10308 035f9ca31556c019
10309 36b23b8bed4e24d2
10310 b7a93b7b00a7e58f
10311 6d634687367b5b61
10312 1f6e70202729abcb
10313 22eed027ff6baed0
10314 6614f5d74e9cf110
10315 aa4864875d7e78f8
10316 5a2efe0df7b813e8
10317 fd811c4f21c1d926
10318 a4cb8f371bb60205
10319 00e6330b6bf1740c
10320 dae78308bc504440
10321 7f51dd78961d0eb1
10322 b601da85d584a3ef
10323 fe1ed3e6bccd62cf
10324 47e52414e1466343
10325 9a6c950ff9566c7f
10326 fa5b26b4e11a1c9c
10327 4ff2a74c08224fd7
10328 3614194609692985
10329 26956f73af942c47
10330 0b4ea80347f951b2
10331 dd480bf6caac9e25
10332 86e036bbf556e517
10333 97a0380c43e8efd1
10334 4eb2b954813692f3
10335 2a8612f8fea01fd1
10336 0f44bdf6f8e910d9
10337 cb351d7358c7a73a
10338 f73267cc1d7723fb
10339 8307276e9bb3a252
10340 ae3ad5e429f49238
10341 8bdd0804937949ec
10342 e07c1e4729be8a6c
10343 941d718136681795
10344 d61183ec4a8d7ff3
10345 0624aab385896b10
10346 6f5edf2e6f8054c2
10347 a17589de3b9fb468
10348 f76cfbc9fb5db0bc
10349 3a97de8ca94c2519
10350 aeae39a9f0b10db6
10351 53ebef96f4c98c5d
10352 e8c63e265a392763
10353 3de8ef4ab433ccfe
10354 afd03a3a8e041c81
10355 39585d5c5e312d56
10356 807f7dba96220826
10357 69ce6afab3bce551
10358 f0d3fcd7e78e3418
10359 beaf6821f537aa1c
10360 a3bf88fdacb6396c
10361 fe66f74b339eff60
10362 a62810eaed2fc1f1
10363 10e04840a38d3349
10364 24b527732f7b80c4
10365 05bd50d403834340
10366 5354abcabbe904dd
10367 52782f2e246ee366
10368 8fe722bf9afc3f0e
10369 c72cbe205453ac41
10370 ea1efce720fd7ff7
10371 d50bb07b3c1b2b27
10372 518118fddde7c7a0
10373 61ccdebb961e19c3
10374 02cb49b7bb04f738
10375 5888e84b6f61a82e
10376 35a9bde5e884efad
10377 c985ea9b710cbc04
10378 e82254911dfa371f
10379 deab87b9ff5507c3
10380 9675eda49bab44c3
10381 7349dce9b54b3808
10382 1bb7c3e87651738e
10383 781b11e200e5714a
10384 50f6ab427a6f0ec8
10385 0e50834e8f7d980e
10386 4c33a496550d373a
10387 684b0dce6d40c80b
10388 816784ab05b5a3b8
10389 642f389aab7d94eb
10390 478d317c9440512f
10391 12dc80c227f1f05a
10392 1f59aa4740797747
10393 e9c21c575988f39d
10394 443b4256c5d1b784
10395 7c97590ed58db742
10396 c2ee8762ff87d8fc
10397 76fbb6112560265a
10398 53de13373b6ad176
10399 78a8e8fcfebb85e6
10400 ac58864f0a668480
10401 565cec133e562d2c
10402 5668f42d2a537f1f
10403 abd9cc152d99dd5a
10404 74436e91f45633b3
10405 9b7c575f940a0187
10406 56a89b4edb84faec
10407 023ddf68e3ef7cb8
10408 1698ee217e18b183
10409 a1bfc05369ae59c0
10410 282e298122dcbc62
10411 3afbd83c8b1dff14
10412 6e60cc1e0b1c4889
10413 0d05ceab20912c7c
10414 a217b0e49dcbb035
10415 0de95b1effaafe06
10416 2e9510263b54adc8
10417 8b631f821374ee70
10418 ca9aa79262813e7d
10419 031552f63a4091ea
10420 d733ef26af23851c
10421 2fb69ccb787ebc06
10422 5a36db4cfda40135
10423 50be5fbd4d0e58a5
10424 4e8f40db8618fe53
10425 5214e74ffe5a6d2c
10426 ab9734af05cbf93d
10427 fcc23fed250f7493
10428 0f847e9629fb5d53
10429 5a1a2f2877cbb20d
10430 76f0b0684a7cbdc3
10431 d9dde9a14c5e4cca
10432 76c2232d5f8744ed
10433 6669525e1a0e3217
10434 ca852a7b1de8d3a6
10435 81b37161f0f2c9a0
10436 c123a742868c861b
10437 cdb93b60d37ae4f4
10438 83c8db738ba467f1
10439 819702d6bf8f074a
10440 40387f2ba6da7ab8
10441 da36bea2cc176c31
10442 121ac1d29a06c506
10443 3402166c87a8a073
10444 a9f5b7f9cbded318
10445 4fca3f945890b111
10446 9331700931f130f8
10447 1c6e2d7c5206880a
10448 7497739a31975225
10449 08d3737646c4abd5
10450 8b6b32f027378a03
10451 5ab79eb05ab4a478
10452 4db23b8a69ec30c0
10453 b1dff6b650564b5f
10454 70942cacf11cf956
10455 1e9ca332e3bec03c
10456 fe23efca0cad0737
10457 460866d12aabe52e
10458 a695df41e2a9a88e
10459 44faf819e5352f52
10460 57ff64392ce92132
10461 c85a7eb8b5f89229
10462 797ad01708155f5b
10463 6e687a9e48fdc447
10464 3b6bf3d918b16999
10465 9aaeae55af4c8f51
10466 bd20c3c4d4b57589
10467 3f4e9a5354a0e6d4
10468 5b137f54acfb2fe7
10469 77da3534f3ac0ee6
10470 f61c2888d98340ab
10471 09413d4a072a3657
10472 c525642cb940e38b
10473 14a9cfbc8b017b0b
10474 e5ebec758f14fa58
10475 3816a4c549953ef6
10476 ebe1f49cee933ab2
10477 e47517a93ee91a36
10478 36acf34c16e6b62f
10479 32fcde4c74a691be
10480 911f3342956b682b
10481 c2d19a2d020e0074
10482 78f76559efe6cda9
10483 ff1310d9c200349d
10484 8e86d9181747390d
10485 ee30e5e7f5df553b
10486 4455594d84d2ef4d
10487 7edb53e11e5d86f6
10488 92e53873a2b05974
10489 ff288eab2f4d34da
10490 f65614b2aed2783a
10491 afc1baedf6834998
10492 1fb965362bed808a
10493 804869f690790e3f
10494 57f1569a813af859
10495 dae68b2d5a8db0bd
10496 371bed6d9552dba0
10497 d0688ce8df724b36
10498 e3b6a5f7207384e3
10499 d13a43b7cef7e405
10500 00f1ad8e42a32ee9
10501 240565e0e48f0d82
10502 c63d6b11d9448135
10503 b01857496edf62aa
10504 fb1b211a0746a22f
10505 0414bd936375bdfe
10506 267872df221894a6
10507 79a28d8b737bd2dc
10508 fe6f36ce6f427789
10509 e77a0deb640fd203
10510 ea02272e70fc6e90
10511 ad5bf1f2008f31f8
10512 ebb71b257038ced2
10513 66c22c36515604af
10514 53de9f2f5674b368
10515 e7919a45c78954c0
10516 1258cb73012d6733
10517 2d70d3a68b24dbd9
10518 4c23107ae4a61d5c
10519 34a66868aba374ad
10520 18f7785a4e1ad840
10521 96ffdd43dc0a0ccc
10522 337e190768a1b47e
10523 7512992070e1d18e
10524 ca667595db95e937
10525 d48ed7e22d7ba2b9
10526 0f0da8f0bb24234a
10527 e74dee09ea7c6551
10528 2c83c90c1ab27aeb
10529 5c7149502af5b285
10530 4697888bb1ab6a65
10531 5da6a764f9bb4161
10532 9203163399ffe667
10533 ac74c88e45561125
10534 087ecb6b50bf9a5f
10535 2c83479ce84623ab
10536 6c7f8f61ba76a5f2
10537 592d45e9c0e69380
10538 ed8916f90cf08888
10539 3271f62d247ccbae
10540 9e3ce35ac6437aac
10541 7ae744d4356a96c9
10542 4c580698c844ea9a
10543 3d949df659459d86
10544 cfbc6e970ad69ced
10545 3a40d5617011f77a
10546 85fa4a64183b34c0
10547 54c0defe58add072
10548 f21ad978c8cbe19a
10549 6b135bd1918960d1
10550 4c836be6629c0b04
10551 c677b28705cd0a0c
10552 5103f734503ad942
10553 0918818c1fcafdde
10554 40db070341d0e0fb
10555 821279a269357c6f
10556 4da743d434371f93
10557 db165961bc57a3ef
10558 e7ac5a06d130c025
10559 db8c6905ac40a102
10560 ebe780b21c9b5e3a
10561 c563b47db4e0d818
10562 2248834675b8e914
10563 1bd27e359c8f2207
10564 d5126e392fe54ec7
10565 096fad2abc52adbc
10566 335f3577c5e7e762
10567 ead18d72b6fe3eb4
10568 916bf6d2c1395387
10569 991d999e3fb043a7
10570 8c85334b02e65b6a
10571 0d49ad826555c79a
10572 914b501e96e038c5
10573 58243b5c4cc8c62c
10574 bb20ddc32065089d
10575 03a20d5a3a20e481
10576 d93eb29a12adaf60
10577 5bf0c6c5ba88935b
10578 24b2eaf6fc504584
10579 2684fa86b1708570
10580 e7a5717729470722
10581 a9908e81d79e4355
10582 02b53c1f0e8bb7ec
10583 563e5f8745f01a94
10584 018216450d1b5e38
10585 28f63069710d3b42
10586 5f4f677a5d54cb00
10587 9ae6c012746d93a4
10588 efe0e0f75f55be5e
10589 817d85e990ac982d
10590 25ef2dda69ec9772
10591 aac4fce8c3756ccb
10592 ae5350cf889b43db
10593 eccd62973960e94f
10594 75e30c35ce4c89af
10595 c76e9600bc3e74ba
10596 c428ec95b51a83c3
10597 e168fdb22b8a8b2f
10598 e9ba4f72241e465c
10599 1e0a5247d6d564cf
10600 3dc48195954fba8a
10601 293c1b638a505a9e
10602 66ae8543920bdd24
10603 b2aeea457f74f3ba
10604 bfad9c84a66fc722
10605 5a1b5600bfaa402f
10606 b1afd11097be40b2
10607 4bca0040c28fd2c7
10608 6ce20e1896b840da
10609 de5116378c92a583
10610 2e029b418f16363d
10611 7058bfcea70d8fb6
10612 b9c30156262c3342
10613 96f8e67ae9b96216
10614 31b064108171109a
10615 55752c2023776384
10616 19f3e7ed41d610e7
10617 806c1eaa9e56e960
10618 11ad025b7e1fec0b
10619 79777c8ee803cdd0
10620 1321122aa1a88d05
10621 c1e8a335f6c44dd1
10622 b0a009b81d1c5633
10623 811eaded04dafe07
10624 1d34e70c2793c0cb
10625 682e93a522dfc32e
10626 ad9f8bf12b05e0cd
10627 3b47c1feb9b67eeb
10628 3c9bbf22c6fdf045
10629 b7206cf3759dcda3
10630 aa435aca5c1e3517
10631 6dea309f6a7f0326
10632 f3f4642891b56b2f
10633 021ded55c841a4c9
10634 10a997d52ef10f17
10635 fdf6b6dd917d73ca
10636 ee5ef6d8b378079b
10637 3c0d74fd932d298b
10638 b4331705fce9edb8
10639 e7f6ca87731c02b3
10640 11a8f5b6770b6551
10641 4d71bb7285ebbec5
10642 cb5b7fd120738523
10643 62a39d05601a8054
10644 fb6c1fe8cfa12b13
10645 d7a934cfbac2e85d
10646 492f1939a3272787
10647 efddbcbd9a450324
10648 380008f907522240
10649 4725377b62cd37ce
10650 0bc2ee2057d83049
10651 4d9f2ac965bab561
10652 db93b351c29ba28c
10653 ab2cd8951dbdc992
10654 765ad30af78b7af9
10655 cba1d82d65d200f6
10656 393778cfd0b5dab1
10657 c075bf84d91bbdeb
10658 42d8ad4593549d4b
10659 2be52f6067e0c12b
10660 5b8faec10e88a65a
10661 bd87d4460c97bcb5
10662 dae829aecc1d4a3d
10663 a17d509550b16284
10664 388d718be587dedd
10665 ad0ccbb62f0d38cd
10666 5c357c1143ecc597
10667 bfda9c3ec24c3b11
10668 fe9f12f4f5341363
10669 665ff1969fab2b5a
10670 738ba3f6202973d9
10671 37ee41b4e6476d0d
10672 26cf61023f864b3c
10673 81e7ead3aa085e71
10674 8833b606c6875346
10675 09e724337e349f32
10676 a2979de712e68dc7
10677 357da843109a649e
10678 acba9e38fb1d0864
10679 53e94d8cb05d33fc
10680 d5111478c1c329fd
10681 5d435511d22a7912
10682 2212be85cba4f358
10683 ce30f36ba6fcdcbd
10684 605e903a745febfd
10685 474a47fb0f1e2f2c
10686 de2ad992751081df
10687 1886716183706f62
10688 c633b7adafecebe5
10689 730c280875b6e1e9
10690 28542203368f1d4f
10691 a8a6cc21b90f0df6
10692 8af0818fe9b1be36
10693 28f64192da257f3d
10694 7a40341a4e1baaea
10695 ef4bbeea8411c895
10696 f559ad4bb4dc5336
10697 502e05c1c9e13805
10698 46175badfb9255f2
10699 f0383bf31e6b8ba1
10700 8e16ff5bcfd3de8d
10701 60117349aa3dc6eb
10702 cd82e9ce3ede615e
10703 da5df4bc969bb045
10704 2207512f1c9a0dc2
10705 96de4b8d7ed30151
10706 bb4cfaae2a296fe9
10707 c42f5e124281136f
10708 3562666f04073ba3
10709 f87df9ee08133f64
10710 6f6074e8de98df1f
10711 463ff05136fd2ca8
10712 1c3b96da2d7f69bf
10713 1800dc3fc2ba452c
10714 046dd513619d1283
10715 43e0bf33424248b5
10716 9e377bcd0275a3d2
10717 68e104e85a6b1c57
10718 c2f7e47beffb43a1
10719 565420eeb62e9e03
10720 7fa04d04560e62ab
10721 dad8e36cdf45b6a5
10722 881bd0de32be35f3
10723 aa91ba84173847fb
10724 551d1f227e0900a8
10725 001c3fb75116cffe
10726 ec8cb86c7a855cdc
10727 e5f24a9d4328da70
10728 4327c4a16d9e0bc0
10729 d180045e4206eba2
10730 ba74e37613a7ea77
10731 47c509d708f29454
10732 c238c275a188943e
10733 eb37d57562a4b114
10734 c3b0448e19efb3e7
10735 e7f5a551e7daf1dd
10736 0664d641157657fb
10737 9a997a18ccd0603f
10738 4608f7a8a0630e9f
10739 b6c7d958b604563e
10740 638cb3449d3633e2
10741 4bd20e8bddded708
10742 387da8bfd54f9f1e
10743 7e1050f8b8caa413
10744 72640d486cfcc461
10745 4e3e7463b3c53c6a
10746 8be5af6847d0c52c
10747 6c1a31fea5d17523
10748 219186d6dbb96bd2
10749 5b828bbb444c68e2
10750 0d9df9f44aad9b2f
10751 1eb9ec8816fc2914
10752 e8038f9901de10b0
10753 281ea66634792645
10754 20e52bf64c37064a
10755 40b928555a66bbfe
10756 9ea75680ccd1b48e
10757 92ea3cd200293310
10758 939dabc8ee369293
10759 387648056869e171
10760 f6b7808c8689e7a1
10761 ff82f65fdc805ace
10762 af27d1cf566932ab
10763 bb53cde440993cde
10764 9007d5ad4bffc11c
10765 e1205e62e53d703d
10766 c4297596aab7e37b
10767 845c0d55b5f4ab38
10768 78eb0a0c5499149e
10769 122ee0e64170ece7
10770 271893d210093b48
10771 03ba741424761ce4
10772 903a221f01f65c3c
10773 ca8b884c818220dd
10774 654c8b176980ad91
10775 3d11efaf1ea7c72d
10776 bbcf77fc91b9cc84
10777 014146455324e8a3
10778 d52ea76402b80264
10779 53446a3f4b926a7c
10780 5630bc00055b120c
10781 32c1aeb84a887658
10782 906487258e64a08c
10783 958e4b5ad6c3f6a4
10784 50b054ac26cddf5c
10785 786a4e0cf9e58953
10786 d2db998c3db5ada4
10787 9f21f1ea159f8a7f
10788 310114c59a01736e
10789 d4c49c80b7b1fe52
10790 4f745ce13748a5d7
10791 4c63b51215010882
10792 ecb8a884677a645b
10793 f4edde8b5b3774e3
10794 5a4fa8254c0fb676
10795 a5e243d6f63818b1
10796 c4f5b448b4f17f0c
10797 aed2cda4e8557066
10798 7c113a3a8b852f14
10799 1acba469622dfc9b
10800 3787ba652309832a
10801 093d5c23dee176d4
10802 3712fda6b530dacb
10803 91f442e3c050359c
10804 718a9cb9cd726830
10805 4a2c3b4115e29ac9
10806 2d2644d89759a7bd
10807 46b953b28a906644
10808 809d66e341cc1522
10809 fadac4f3fb2b5629
10810 bc3246326caede45
10811 9b6105978fcdbdda
10812 33a44f7bd3da6b6e
10813 ea24718c04dc1f8c
10814 7e9c4fcbfa6732df
10815 f25d10b2126b8851
10816 b57030ff29c7acc6
10817 14d08b0ce7529135
10818 84573bd53324c083
10819 98e7a9c98a4da74c
10820 217a17b9f95313ad
10821 b5ce094453c05ae4
10822 96c32bf0ebb3ccd6
10823 f3ba5fa7533fd023
10824 42dbc662d510af75
10825 3b22da2a21f8a41d
10826 c43f88c785025cf4
10827 267cfc6e5a8b8b86
10828 38dca00cb44edade
10829 b48de54f0bcc0edd
10830 bbdd30bcb2a39765
10831 967a30fc81b8b6ec
10832 6c4d3ac0f8dc3ce6
10833 c9e522a5d4807353
10834 433d5b9fd9f9bca4
10835 cfd52eb42d392d3b
10836 ea0f783b151ef6fb
10837 c5a561b2d02baf30
10838 25918e00de99705b
10839 e561b8c821887eda
10840 1be6a4f1ca1f4dfa
10841 3274cf3af79e032d
10842 c2e099584011ad09
10843 8a86fb709a683fc8
10844 991ccfec7574e16d
10845 56580aa4cd7f7cab
10846 b5459334f475413e
10847 c87d1dd64c86b333
10848 153b65a80fa2ecab
10849 68f7ea588f616330
10850 5d814c1d8b421ae8
10851 5da6f3c9a782c848
10852 ac3f1eb6ea693720
10853 09bc8f0fe5a001f5
10854 7d773e74c8075da7
10855 690b4ec46a785473
10856 c2953f249127acb0
10857 f916ea5f330ddbdd
10858 cdb101e0c07abd37
10859 2d8d87ed070baac1
10860 f4f0acf38c07a0ea
10861 0bc6458be63714a1
10862 518c77e6a3e6496c
10863 801146cc0f7fcced
10864 0222a659ccd3dc5c
10865 5b80d3b7de126fb2
10866 cfdcc1829931f68e
10867 a747fd348a740475
10868 2a08387ec34d5d90
10869 13c88ddfcc844837
10870 cad6bd5e0fd65f3f
10871 68c31ec1fcb5600b
10872 87ca8e241104f873
10873 4a882e3868cde45c
10874 867f1512991ee528
10875 88e7c0fff2182768
10876 811cca4d5cd26ae6
10877 89c86c2710a6f337
10878 2ac500d0a78d2a46
10879 d9212024fe7f6d12
10880 6e12bf6a139072cb
10881 55db35d7bc0a70e1
10882 bd083473fdc715ff
10883 be5e2f10e4cab79d
10884 7d6035e9cdb7022d
10885 44255de8ea457e5e
10886 091c3c575430c167
10887 1106bcba686a4ccd
10888 dfcd98297e8f383c
10889 70bf7fa76b6d99e9
10890 2dc2a2c826f848c1
10891 7dfe435ba1d049c4
10892 7a52e398dce84ccc
10893 78941e6c02e44820
10894 46d91e87db484887
10895 beb2bb29db288354
10896 dd3e100d52473107
10897 34506030d64d6d71
10898 9ff7e86c64789553
10899 2a305e9ae9d9a9cc
10900 d3e5e63273ff7755
10901 fb67eeddd63215d9
10902 9abc7a3a2236c537
10903 79f2279746500dbb
10904 c29b5a907253c5f1
10905 894961d40ffe4137
10906 d0bdf8f6a9e2c1ae
10907 7883c7041ed84924
10908 7fe9b0c97967d4ed
10909 c2833bd5d1924c26
10910 11b7c214b7f38543
10911 7fd5e410151e2ceb
10912 8dd2fae6d846d687
10913 680da9aeaba459a7
10914 bddda88a17bd9769
10915 026e1f9cdc55de33
10916 72f574812775ca0c
10917 fc5332f93f660662
10918 0af92a52aaaae2cd
10919 1d7c2f9dc957da33
10920 320b7905ab374091
10921 6c256ae8e835676d
10922 f55e2e063b9e5b2c
10923 51d4275246271340
10924 98a9508641c21f4f
10925 c3fe5e09dfec8d4f
10926 135eb8be9f4f1ab3
10927 45a48a205e6e7985
10928 19162aace48046ec
10929 9c2cbb1b333e2409
10930 bacddbdb9500752a
10931 98c7871212749051
10932 013481b77be37266
10933 8999fe2a1892bd7e
10934 8f9769a029bf4c2d
10935 baddd446cce8a402
10936 6ca1a84a238f00ec
10937 d4098f2c8c3a6fe4
10938 4fe742ad2716aa17
10939 d46422db449e0d91
10940 c0d6f27d52b1d677
10941 c8b4ab4e64ab1127
10942 9450ec6ec22dda70
10943 1cb0676711c8f27e
10944 b116bfc522bb86e3
10945 538ec9f5ce75a82f
10946 eb482846443bd037
10947 b16baafb977c59e2
10948 ffafda88ac9e19f6
10949 453dec016e78b947
10950 ade76337a6e4055e
10951 73548cdcd487f29c
10952 6d7c561a8f037741
10953 561c385294b966a4
10954 7da17695a9f22628
10955 a543f558bed4042c
10956 3ceb20819a9d4b9f
10957 982b10f62c4ad7e6
10958 0b78a2a36c9d5e63
10959 2f9359237fdf21fc
10960 f3d90cc789171efb
10961 d96183cb2fae597c
10962 b4499ebc1cff6800
10963 18f8e88bb9ae8edd
10964 f12117118d703e8d
10965 ccedf0e1812351b3
10966 642c83cec6524100
10967 6c502437ae3034ad
10968 8dda0c3df3850093
10969 eddeecd3d09bf97e
10970 390d991c14dcec9e
10971 2a8b61e73003fde8
10972 fb75ae99703a0cdc
10973 5185f6a642a38ed0
10974 1f20c2e65ad46dd0
10975 3aa6a3ce3afefd4e
10976 2fdc45f474a272e9
10977 20bb12d6499b0e52
10978 fb6134e6a27eda73
10979 35e35f9daddbc4b9
10980 a3fef1287a86ccbd
10981 185708557cd2e443
10982 2ca2c1788764fbd7
10983 3e5028fcf8dc5f83
10984 63e6c3df3497816d
10985 ade168cba9501e14
10986 17ace5d100c41bb9
10987 62a2f62c08fe7bcf
10988 cf8e54c1996fd55c
10989 735c0f33ffed9e54
10990 1aa60150aab79789
10991 0a9b9b728bc8925a
10992 362c1e8bff03c8f8
10993 45b28c8ff79604f0
10994 9fd6b6fd2d89242d
10995 29d15e6af7d1b83b
10996 5a9190e0347d5495
10997 722778e0537f526a
10998 aa6b86554d62bc65
10999 17543b59ec36423c
11000 75390e30707df14f
11001 0b675254eb7ce4d2
11002 fca932cfaa6bfe96
11003 336789aebb59b133
11004 2c807876f6e2019c
11005 08b90afd7c8e84fe
11006 6a1ffdded076bdc5
11007 a68eb9c99558ae76
11008 2de745beb832c15f
11009 c5a22c0d45afd841
11010 7d0d370e34d3c128
11011 7e771b9b2b061efb
11012 e2f55899030a5500
11013 bbbdf4d1ff42d748
11014 8187691a31151834
11015 162e927e11823a42
11016 41f75087a78ba590
11017 55ff9cee4f71fdcd
11018 a0b26607aaf024fd
11019 cea16e6fda2ed3fd
11020 2fb604504a2638cc
11021 8ce6d859d1364040
11022 65c4f6037224765f
11023 866285145573bd97
11024 876f4c7d549ec622
11025 5884598f45b625ef
11026 b57a2b302dfc8ca3
11027 19f6d2d55073dd1e
11028 c1b8b1a2745bdb6e
11029 ee72dfd45ee13220
11030 34102b4a0c0a2654
11031 9685b80f9ddb3124
11032 a9b22b2935f97d80
11033 5eaf77297bbc9d2a
11034 fb2acdcbf2735b25
11035 8a5006be2434ab78
11036 7208e6fe75593d54
11037 bd1bd756cb9f76a7
11038 d1685a47baef3562
11039 4f1adc324c77abb9
11040 d128f23a2a862ec0
11041 e0e3b51955d03f48
11042 a809bfe7eeb5884f
11043 ca28a93562fdeeb7
11044 7b6f50e6b7caa3c0
11045 a3649d0504e0dfe9
11046 3996124593a3f412
11047 00f6ee07a8b57009
11048 712ce740487365f5
11049 ab155a5810df938d
11050 6fc5c58bef584bc5
11051 9a8ecb009411ad42
11052 ec64736a712f7c04
11053 2e786eaa8ec33774
11054 74e977bee85cfec3
11055 c1173a89a2c7b0e1
11056 36fa362ca6b3ee4a
11057 07a9be2c7bfee90a
11058 d838283317c6e34b
11059 9cac132a55f10f6f
11060 210f6cecf3823f6a
11061 2082e871cbfcdf52
11062 2c749832f6be9d82
11063 82d1e4a4fb5db3f1
11064 724c77a8372439ec
11065 60191603c3c63f65
11066 96aea0a8249f50bb
11067 a9533820100bc207
11068 7342dfd243d9bc55
11069 fa2ef0c1ae5c4b13
11070 b033abc9ccab867b
11071 7d691fee029bf187
11072 ce54df930a99b391
11073 332056d8473bb548
11074 fe2f8ba12b3f1aca
11075 6b17f664a261544c
11076 8d63ff8c53cb3000
11077 8dda7dc431374e54
11078 e88e0c6c3d5044ea
11079 0f58a181f7a6cb27
11080 0f45ec4a5e313fef
11081 aae8aa1ca250a537
11082 c10415738084abd6
11083 ceeed4e015c1d4c6
11084 4816d0dbcf9f191c
11085 dda925772b4a3a14
11086 16c7c84fda4accef
11087 025d0de8d79e006e
11088 becc8cee77bf9a59
11089 02f9852935e00c20
11090 2900113e0365f15f
11091 80ad9fe0393c0155
11092 0e430afdc989ee9d
11093 2b864392a5bbf2c0
11094 975666d43a5acc88
11095 2256022a10fac043
11096 bda1bae0d14839d6
11097 13071fe6b3f266b4
11098 feccba6147dd86c0
11099 7658331777da7de5
11100 60df42296e421f20
11101 50296ca80483e4e0
11102 2d97076e6a1e9dc9
11103 4dbe6e8d994f853c
11104 09d67cc35ac3e8fd
11105 a5a753df37e1e0ea
11106 a5db7c6761b812a5
11107 daacd2533b6dffaf
11108 b414ead4a5e1cb0f
11109 72c99a3f75358762
11110 b324d4641709570a
11111 a5898c1eead1612d
11112 2e8c51ca5b99ee5e
11113 1839b184ea03579a
11114 896df016cd0d0f4f
11115 e4a18857af0f0be6
11116 8bf7e5860c7b760f
11117 7188a5adafb9e098
11118 396e498b4ff13601
11119 0893ac2ecbcb67b6
11120 fbd5eada3325cacd
11121 5503b1761bf264ef
11122 f18e6c3b949a2c81
11123 c2d6531a906553ab
11124 cf45c709e2a1c67b
11125 13319fa38c3e659f
11126 f14f4d78d88dff3f
11127 8588331b385e991e
11128 922d2272a8c8b2ac
11129 a9f83152f5b7735b
11130 a067ab5c8e4aa3f6
11131 a0d19811e773b943
11132 cb0bc6ebfd27e18e
11133 9c64c382d9b141e8
11134 9a5e8fed86ad47d1
11135 3e95a39c97591698
11136 21a4efa5195ec89e
11137 4fa6ac018c574df1
11138 00e5bf18a18dc98e
11139 9437ba3583652ec9
11140 4fb999a045c94dd6
11141 16da85544c34e1b4
11142 4de680cac87b6b7f
11143 2cd968205de9029b
11144 2ff66c01c1f38222
11145 c3b3f1858b1f900a
11146 51f128460ff0e521
11147 e16d3d1940ab6616
11148 f8f9453af3b450de
11149 cb2dc7c990f20bf0
11150 336adfc7385972dd
11151 d2e08b6a55aa3ea8
11152 5cad6aadd8d507ec
11153 6f84d48fae611b6c
11154 d77dcffaa448fa94
11155 e6f59dd26c139af2
11156 e8b417cae4afe7bf
11157 0a920c6b5f16e0c0
11158 724d16f34fa3f9e1
11159 75fd353c4edfed4b
11160 89cdd6f015f30f10
11161 0a05e76b2992c019
11162 198118514eaedee2
11163 a630342b3faf51f4
11164 cf3117dcf8ffff40
11165 46c6bdb2a788ff39
11166 099bf24728037842
11167 c2c04286d2f29aff
11168 d70b4d30b64ed093
11169 bb896852aaff26be
11170 ba2facf01cac3a95
11171 d236b622bb3ce51c
11172 f15e2b8d79b1a295
11173 a947f8220c19c0ff
11174 8ca0ace85980af29
11175 eddaa9fecfa39cca
11176 4b8a7511834d942c
11177 4937232f2866e4bf
11178 a5130d9c4aa046ef
11179 9b54b12f9ef3091c
11180 9e85390d57294c3d
11181 23b4c7a3a5a5a48c
11182 a0678841ded77f1b
11183 809bc4bb009846f0
11184 99ae12ed793cf830
11185 dc294429aa984938
11186 9f6673b01a7123e1
11187 6d328fe45754c77c
11188 92eb0c715f57feda
11189 89283f348ddd22a9
11190 205cd73ee440bbf7
11191 82bca988d1039934
11192 11d7dd7988d7f627
11193 72c558e89d4e0944
11194 4720af5123743d99
11195 b25a3621b7da08bd
11196 ec357e507a3eedad
11197 a536207e9405ce8c
11198 803fb8a2e3ea32bd
11199 501fb27d8abc5da6
11200 d9104984aaa1bdb8
11201 f0839c850c9fdce3
11202 690da64604240b4c
11203 a008124aaf25d200
11204 253c5d94de5fc105
11205 9e8d01a813d9deff
11206 276e3f4ee53f72fe
11207 091e7f46fd351bd7
11208 7ecd79f27f32e877
11209 9ca89b6a5e2e0118
11210 0f132fa3b8ee1d9d
11211 151377610d001a42
11212 b6fc8a19c9bcf359
11213 44510f5b5e10a13f
11214 2c65443294710a28
11215 d846ba6f494b1352
11216 1779308ae6907c3f
11217 0eb487767546c300
11218 011c142a8881c001
11219 a7e1eb2b0740b143
11220 e5c741cc100a6a46
11221 e3f459dbc00f048e
11222 38aac532ec625fb3
11223 7d91a7acfa260409
11224 78a4ab714e479057
11225 58992b6058f7551a
11226 0852fef85464f6b9
11227 cc1db37444b8a7a5
11228 3b2dee87211be8d5
11229 894820f928affaa2
11230 063f1857ad8f7060
11231 c3545fe5223489b1
11232 9f51a04d85e0894e
11233 8f0ba54795e03a19
11234 ac60103e34fec72b
11235 90115086ed8ff6f9
11236 0799d864e4b80ba5
11237 8987dd5ab82eb2cb
11238 063afd8b2fc27bdf
11239 79db29a4fcd70a62
11240 4369ce14c5ec7dd4
11241 92d1d980f2909f64
11242 3725d2a0898ed15e
11243 6201b8168a15998a
11244 55da7cce83d24a73
11245 6fda8a5592424f82
11246 229b6c7ca7971559
11247 37ee9d3450bb36f7
11248 67dc6450b7a9d6f7
11249 ce17036c6a9d8104
11250 df8803a64b75cf62
11251 5752319f2ae718a5
11252 db4d278c426fdd22
11253 e71c9b4c0dad2389
11254 2f4f684b3213e527
11255 b0c0894cb39dcc57
11256 9d513d2b980dc217
11257 d493232fa7d60898
11258 e9ecfcda4c296650
11259 cd57d80c2e01856a
11260 03952274c41349b8
11261 59f6745e72882758
11262 7e35c65bfb435b4a
11263 4c497c3b1af4e93e
11264 2f9b08fd989150ed
11265 ee47411d2c3bc5ee
11266 c0f40b7fd91e9825
11267 31bc17aa83e989e0
11268 ca278127895672c3
11269 1f4220e839fab9fa
11270 b54a10267ac0badf
11271 e8beb5654932a0e5
11272 610160eea0baabb2
11273 ec198a21f359e867
11274 b7aead0c34622e4f
11275 052721838db98bca
11276 629446892bfe8bdd
11277 7c5a4ae7f31103fe
11278 8b363247d5726fe5
11279 1ab8b80c15efa9b2
11280 04ea94ba4112e09f
11281 743f2c1a5b3082e5
11282 666846ae23a1ac1b
11283 6cb1e0ca772bf23c
11284 3e02b9c6c430b782
11285 8c73f2d542609633
11286 22f700921521f7cf
11287 dc74e9956675919d
11288 95aa2b4a270e917f
11289 fdd6f52ed4114372
11290 ce69ded7729a27b8
11291 8187b6eebec7b153
11292 fa646ea1cebe6d46
11293 27bf817f2a1fde7d
11294 fdbe17ece86640be
11295 6dda1975d5b585e8
11296 30b53802267eeaf2
11297 f4400d34bd6076c6
11298 6417cf06e5892d28
11299 143d26f98b818c77
11300 139ab7f6d64f132d
11301 a5935de832c62914
11302 aa5f21acb0370d75
11303 6789ce7cc29b479a
11304 69277a80a4d34319
11305 97fe7ac281cccf8d
11306 61f71b32f0a7ffb3
11307 61f7b2a7d13c95fc
11308 0a28fdfa7e0fabe2
11309 9cbf9d0d546f5e51
11310 68d01d6866a75440
11311 cb061992d1e7f798
11312 058d671d2a94cbdc
11313 55dd4667b6495062
11314 bba8eed4253fcca9
11315 28e49ce39233563a
11316 aabb438386697892
11317 68fae2218f5ee861
11318 9a92fa71481a592d
11319 90cb09341fe18bc3
11320 38b7874fb80ecaf5
11321 84cedf5954fb5a23
11322 05d66cea2c5f68a5
11323 3137c4ce9fbc3d86
11324 4fc55ef5c3bf756a
11325 b0900ae0fce77047
11326 c05067981e13f3d8
11327 b5205c1d206063ff
11328 2e17f3ffe09b6f6e
11329 ed4f4ce6d2354f49
11330 0972dee96672cbb8
11331 d897315cd037a43c
11332 a9e14bb4cafa034d
11333 7dc3b40357c4be61
11334 82b65f49019300e2
11335 de5f860b7e794d3a
11336 9a5f15291fce4204
11337 6c5b7fb387dcba7a
11338 58ca6dfc4d014484
11339 4b8d5b2e59c48f69
11340 ed18e5a7f38ac835
11341 252368f0d99f315c
11342 dfcec0589c4ebe1b
11343 0c176c5d95437453
11344 aba05c7899ae2c9d
11345 4179ef03d2d6c280
11346 3d94c0e138eef557
11347 35b15dd53d69efd9
11348 408c121ae4dce8f2
11349 76f0cf4f559f5289
11350 c25f9354560c9635
11351 6a6bfb36fd86155b
11352 3cba5211eed2e2c5
11353 4b348701d781e466
11354 40c7f534288d115e
11355 12a0ee3c1c4eeac7
11356 14605b9306a481d2
11357 0043dd62f316b08e
11358 14a7cfbae5dcdbe7
11359 14c5c34404cb1714
11360 7f9f614816885a2b
11361 3a23a5adeb41b886
11362 c158d9010a13414a
11363 40000a72c11282c8
11364 005f174cd0f6bf6c
11365 88a35c4ccc238b67
11366 35c88d990888bc0a
11367 df85291a1ea1d0fe
11368 9228e521e00fa7be
11369 e51c4a29d89951f3
11370 ff10edd4cf668206
11371 01acac1297247dc2
11372 bf5666f79436af9f
11373 6b48f04d8bac20dd
11374 0ed6157c191af9e6
11375 b390ada6bcb18051
11376 710ead3785e7f582
11377 fe23bdf23b667c39
11378 4816f74806224bdc
11379 6ccb2d8278238d91
11380 43ac18e8446f17fe
11381 519166c4a31949c1
11382 5aa721311179e633
11383 852488ca0d9f249c
11384 90a48f4a7999d315
11385 b6c27e4f9bebee46
11386 72b49a3b77ef6dfd
11387 660802473bfda741
11388 3bdc91a5848b2250
11389 b363e8601d6ec812
11390 bc806319c6fa7ca6
11391 c5cbcceb0a7bed07
11392 0cccb0057104be72
11393 e2d9fd9c5b07f18e
11394 f12a648d50c92349
11395 a5808759a41be586
11396 27378f57709a9889
11397 599a4cfbdf560d28
11398 ef84ba5bea0cde2c
11399 8c610a8b65572b6f
11400 513f32a6dd6981c3
11401 7fa80570ad1f1809
11402 b58fc1d3d322a5ae
11403 afcd511e3994ed68
11404 65aa722713ac457a
11405 92a575da4184bced
11406 0ec084db63a27a71
11407 2bbc50051ec367cb
11408 db38c2588de2acc9
11409 22fb2925dff9aebc
11410 6dae76f85f7cecbf
11411 da18f7e3d238b31a
11412 7cb724cff0fa387c
11413 d52db686ed1e509e
11414 bf32318d3ecf9af7
11415 29e933ff5559555b
11416 cb0661b9c7b96c23
11417 db4b52819d427f07
11418 edf1996c3e51b4bc
11419 e0b74d3825428724
11420 abfdad6f21db6a2b
11421 e6e63a0b8899f021
11422 657841ea48ee12e3
11423 dc061b85e3b9be5e
11424 30061ae697812c29
11425 47659f8511207fe6
11426 472bf042040f0bae
11427 2a16d650e851533d
11428 4ad47c0b2b031422
11429 2daffc410f275ae5
11430 b6f9a474f3c1db66
11431 28ade820d96877c7
11432 93a805712c940de7
11433 d4d0f8e73f18784b
11434 9db34c51fdfe1730
11435 ca9a67323e7a7525
11436 3e685bad82fe6601
11437 3a3163829921db56
11438 c8da676aec7a1044
11439 ae3eba50293fec92
11440 e76240e136ff1716
11441 d96980e4a20a3b6e
11442 bbc5be4fa0f96927
11443 2fbdeb1103695f96
11444 1c31c813b33c8924
11445 919b31bb99ed72af
11446 96f727fa01e68417
11447 adbe55140b6d2df8
11448 8d3f38e69c199c1e
11449 9dc0795a8d48fac3
11450 4b3131415991470b
11451 59bca9e11af24c69
11452 2f2ec8c56d66e648
11453 f4e8a817f3ba6fcc
11454 a1d73a0b454a8bea
11455 8813be92b6ec1d77
11456 dcba9eb674e83db8
11457 295e33bdf69ef124
11458 bdc77e8e2e53ca55
11459 cb313a8383f83a72
11460 e8bb51f4fbd6685f
11461 3b313abffc8ad2b3
11462 4edf992f0fc51330
11463 2d33cf5de39df1dc
11464 a6c694955ac3a393
11465 0e4a69626d041f0b
11466 685b354d44a515dd
11467 23d6a98f3c7869f7
11468 4d0e8bed9059e70b
11469 5ace03f9de041c58
11470 dadbe0bc401f1636
11471 c17419a0883143d7
11472 952e8f43c9328712
11473 06fc3ad3eeb0067e
11474 4a91c7ddbe5704b6
11475 29a0154d71bbf086
11476 808dc11bdd23a0ed
11477 2659e5fa03b23023
11478 fd3abd1d684264ac
11479 78635b2fdc9e8b6e
11480 dfd6b74c9596ced2
11481 59e474ff9bbb8a60
11482 39ec41beedcacdbf
11483 f462f62cecb79f72
11484 e2e62e546e94abff
11485 e068a3d4b2ca763a
11486 ab0f64f970788962
11487 5dc5263fa0735a40
11488 88442dd78639c8bd
11489 bd58f4c0c1a5e8b3
11490 40cd30a40eb2a05d
11491 50dd2453b24deb36
11492 1c2f199d6f46ba85
11493 da93a5a86dec7164
11494 5da6e439f70bda15
11495 37931d60426f1f9f
11496 1510b556ba195a10
11497 b3bd296c03b928e4
11498 34145077b77fe625
11499 e4fa7bced726a372
11500 f865ba98f9d6256c
11501 80e13eef6325c408
11502 039bb33ae2c886be
11503 1744299070a6e586
11504 3073461f34eea51c
11505 250ad09bc95c8670
11506 7270124b0edb4796
11507 b7005f00cbbe7fee
11508 f4f05a9167e515a5
11509 9133f3f073dcb4c3
11510 41f0b860b81dc26d
11511 4b294992415dca10
11512 dd544b122edc6b12
11513 0ffcd50a48313676
11514 cd2cf5afa1262416
11515 507111a4ccd509be
11516 e06a1a79b07d17e3
11517 f76ef9cc3da414ab
11518 b63eb8ee81f6b286
11519 ac46dfd0b41ff78b
11520 2c42c18a38d31a65
11521 c2088492ae3ef61e
11522 b184d115feefbd49
11523 ab37e608eedf465a
11524 3f0cfa3010d655bf
11525 58bfa931b704a722
11526 45b3b6539045ebf6
11527 840f00489195aea2
11528 5c4aad8a9aae2088
11529 7e34ab07b8a4924f
11530 862ff034e8b5ea91
11531 3c59f7427b409275
11532 e370be5e52a564db
11533 df3128b66340db4d
11534 edaaf112d2c18ea0
11535 f32795ce86bfb0e8
11536 2e87a87b21a9370b
11537 759fb2a7a8eac9fd
11538 ac7daecd228d2593
11539 c980d3675b5cf5ba
11540 c5997d1e72494857
11541 4f0656b91b1c54af
11542 3a17160a005f297a
11543 ab07454564139e54
11544 2311c48c80231138
11545 af79864e6b28c048
11546 d94a1377ef7bf639
11547 0fd24bad8bd1e7fd
11548 c58b2ea11e3f8dcf
11549 354b5662f3b427bc
11550 7d3b9b7727da95ce
11551 3a67ac04513ede56
11552 5098934bd17f8747
11553 a5fda68e514cd175
11554 581da8bfb25f3d11
11555 3246a62b50705ee2
11556 89d1d83bda51ba10
11557 077ae2ef96fee4ec
11558 c137e7fa060b6b18
11559 2bb4f20752a70cae
11560 2dbb939d1487486e
11561 8504e90e9869e415
11562 6a4905d6e10a572e
11563 d9fe6d2095d4ab90
11564 dcd33eed4ddb90a0
11565 4ba10e202783f3a9
11566 6ad54692ab38004e
11567 d539af94772ad8cc
11568 77a883d9c8adef5c
11569 5a36eafcb7b88ffd
11570 4a9fda91b7bf7217
11571 5cfd612531319538
11572 e7330b5e4353626f
11573 9178826034dffb40
11574 e4fb7e1805bcd669
11575 2833f5c1d8538158
11576 2793b076460b8bfe
11577 edf04b31c15101a5
11578 cd1ff708ac8d2166
11579 0d163f2453490318
11580 756ba71dcb9f65ec
11581 ef379951465ab168
11582 8af56a8ebd15abbb
11583 b4b3cf7df1bb8aea
11584 580f082d07754117
11585 2518f928d1b6801d
11586 25e965802ca1430a
11587 ebce885151df5913
11588 0afa05374aac32bf
11589 81f353f7af50d932
11590 b3f36f74c9607ae1
11591 2aaa026544d15346
11592 fa6b7eeaf7e96f50
11593 9ec0956916d8e37a
11594 9a58920170384ba8
11595 9ff42d1be7700bb5
11596 6e2b2cd5fab66dac
11597 d088dd6ca5d316cf
11598 894f9bbd4004eff5
11599 4a56cbe0c290ffdd
11600 ff49cb72b4f423c6
11601 5774a83c9466440c
11602 ffd02ed19f28e29b
11603 633d3a5d562e526c
11604 63d7fcad1d6732a5
11605 1bef0d44c8699926
11606 c55f50792c3b4d71
11607 e61c7bbb8262c533
11608 73ebabe0ab9aa081
11609 599f1293443a46a5
11610 62ea5bf06e15c08e
11611 6b6d2ca6338a65af
11612 1835878efe988006
11613 b05bc9fc93885ad7
11614 a4c971cadd22fa89
11615 028c392608109924
11616 86dc7dcbc7e66208
11617 77a7717cfa02d068
11618 8e66bce60d66f9c9
11619 7b648b77c4f5811a
11620 7bfb498adc78f282
11621 4cc27c7221ad4f02
11622 abcb22f4105f5fdb
11623 233f2b0a313a3cef
11624 5005b8ead8d5f034
11625 36670e1d5424b931
11626 3ffd5fe5c068c20c
11627 6f0813a27d2584fc
11628 6132a3d8b5758cc5
11629 7372794252f431a6
11630 0dc0944592353836
11631 ad8d8f6f846598e7
11632 fb3c4e382218cbf8
11633 03685b018ca1ad9d
11634 f348779de3cda4c9
11635 7e3c15f61ec96e14
11636 ab71f30dba3df23b
11637 287034b2e920c60d
11638 003aba2e6d281679
11639 b9c45f719f1fabcb
11640 e2b17bb10f97c5a6
11641 dbacde839b585771
11642 ac51880d4c553264
11643 24724d904d476c18
11644 d4e78eed4ad5046a
11645 02a94a5f71c181f4
11646 b9ccb8c4e57101c2
11647 2064bd568ed4a762
11648 54644e80d75f370e
11649 2cde799fc2c98276
11650 efd1b4af46e1ac16
11651 9248b2cc8da159c1
11652 7b3f4acc5c68c639
11653 7fa8491d85f46b37
11654 fdd9eca3a45f5fb3
11655 7f379dd0d95f2455
11656 8ae2cebd8a07a50a
11657 326843046dcca319
11658 e2aa10deb105208a
11659 675549a516e43ebf
11660 d9fcbf429dc6dcee
11661 9b869ddaed6de496
11662 9bb6b38eef9977d9
11663 bd8c8ae2cbbc3aa5
11664 92a911ac3ad74420
11665 12c953fd60818146
11666 2bf746cff1425e4c
11667 d1f746f6f2170943
11668 9738ea3ae9a09c70
11669 13e2e67f4a1e15fe
11670 906794ad35705fa9
11671 46ffb6d6408a80cb
11672 38211ee66a1a75b3
11673 36c8385aceacd6bb
11674 2acf04b847a10737
11675 19efd73c2308afe5
11676 4919ae6946fdb2fe
11677 168bf1e57b6457dd
11678 ce0ba967fa359ff1
11679 db166db000f4669d
11680 c82d1e5f71d646df
11681 762372f051ae98c4
11682 5b101757d29afdf3
11683 26ae823154045801
11684 8feecc79d4063f3d
11685 85142ec2071dd687
11686 474ccee960a69f7e
11687 e0d4678c88d61605
11688 00ee6b277421c2e4
11689 c9d259d4926c2ac9
11690 a42fe308d2d8a29f
11691 8e52cec64e7e34ac
11692 fc1b1ee3e3f861e4
11693 f7627e85406349b9
11694 64752872462db88a
11695 3d62782e6dc2bf11
11696 38c4143325b7beed
11697 ddd30646d5f25955
11698 7e3b66f4aa9d6f6f
11699 f7d35e304380c984
11700 382ae05db191bc47
11701 241c5b068a8337dc
11702 bcb02ba29d25ae3d
11703 7981bc9e3d8c9b36
11704 ca4f3bc64a8f9b0a
11705 8f2478667cac9375
11706 fccc1be9fea3dce6
11707 a175c4610f047ad0
11708 c06434d64c15100a
11709 0b539e2137abc910
11710 16ce3fe6105b45bf
11711 0c4007f4c1adc8c8
11712 d5ed7c9f2ca0aa10
11713 2b8275d6b5622b27
11714 e88f8ea7e6d19c76
11715 75c605668e8f1cea
11716 2caf1b2d23710e76
11717 cd8baffe3bed063e
11718 31f8135af224396c
11719 71cbd307d327d0e4
11720 8bcdbee82fc9cfee
11721 54270b4959cba721
11722 8c777c95b6d9e84f
11723 5ea3c25c20a0d0e9
11724 236ed84923e59e5d
11725 0fa3c57d4343c152
11726 8e086424c847ed05
11727 ed757300e2ee9e0c
11728 6531add91cb9dace
11729 73fc8832e7ae1ef1
11730 c50b62f818e9a298
11731 73bd8065143622a9
11732 821f1854f826c94a
11733 b72d01d88c4daff7
11734 c108ce663f841776
11735 b5f4c2817cb013be
11736 f4833294a9dfd7c7
11737 db882698d5f60390
11738 c2b9f62eeef43591
11739 be1e7ea55037c86c
11740 e0bcf6aa02d570d8
11741 1225a5daabfd7cca
11742 f49973375335ec20
11743 7fda38d9af788996
11744 190f40982d35c452
11745 b4f97ba33d967539
11746 da5b7db63f6011b8
11747 b5791cbb0d01d15a
11748 cbfc687f84851ed1
11749 8344ca621341e772
11750 6d8cae9c0f0d12ef
11751 2dcfdc27bda57482
11752 0090da511d8819af
11753 d13a8d43968cb2e6
11754 b3768aa4910d7318
11755 c7f532f11d681534
11756 a801bc88e64d9033
11757 1e219482dd059dab
11758 94f6e7916ef09303
11759 3d0360906da736ac
11760 3bf1f51878ac104c
11761 5199a337315238c5
11762 f78bc29094cd9567
11763 424c49f14464a570
11764 26b78b685dc7d05b
11765 9e06ca30d17371e7
11766 7d22d79c544fe65b
11767 c44e12d17f038f0d
11768 ec360b3b2419b687
11769 fb7cbfab158663a7
11770 a819d0b0b87f54fa
11771 df7278e5a08ebe78
11772 6a286189ce576595
11773 f3b20f4ffae22cdd
11774 5e838cc820ee24df
11775 9a228c57a4848e26
11776 2a2ae33405121427
11777 63e20cb867720f81
11778 a3fd8017c0926dbc
11779 dca0a3f8371d35f9
11780 c0a84db0a98eab3d
11781 720027777f2b6291
11782 5c7c3d8f4a0257ca
11783 d9335ab15ca67e8a
11784 54b72b0fbaa027f3
11785 5790306895efcf1a
11786 a9a65adde7bf5361
11787 910db4ad681a384b
11788 9e69c4daa36b08c3
11789 3e80c8ac39409b8f
11790 c04e8cc71a514641
11791 6d551f996f831704
11792 142f018e1d76e947
11793 51aea5037dd01b16
11794 6626a8fb8249f331
11795 c12d03117d944bd6
11796 29679e5f8c2fd05b
11797 6af299100023dca7
11798 0c85ece9a326867f
11799 294b385eec35dac0
11800 c8d28810e3d9a9f9
11801 48301e0a7824e2cb
11802 3289e56041385671
11803 34361852e6e80199
11804 98211e7a2b6b8913
11805 ea4ca90cc2eb07f0
11806 0fbb12756bdaf326
11807 8783a9356bf611a2
11808 8c4cb85820414742
11809 e6e9e8ba7a4defad
11810 e1071d229dad4ce4
11811 e3e53d9e9f3d2fcb
11812 a494e8f4e2e5df8a
11813 2e6ae5f42a46978e
11814 3a0b55596fff29a8
11815 825904d6999baaa7
11816 b2bb404b727cfbca
11817 ad1d04deac802bba
11818 d482f0699844b52c
11819 cb3e5cd90111d1be
11820 bf5ecf4ebbf15e0c
11821 151ce8fc001f4453
11822 9fea011ee49cc012
11823 6387b918d23405ea
11824 3346c6d84af9d8db
11825 083a88f925a20aa2
11826 32f2af5d730f2da7
11827 0fd3c0b46b1e4559
11828 3ce369de2815a2aa
11829 8ef534c97ef38899
11830 cce102be4a117c71
11831 52c4d0d9f5c33847
11832 408e9f597d236834
11833 e48a59e984dbb1fa
11834 1fe7c201785b220b
11835 6461eb6c40d479ee
11836 2c1ce58eba208acc
11837 05521299eb46656e
11838 af70b6da7cf58d90
11839 865bc5faa4227d22
11840 c3a1b8a806eee07c
11841 0b429ee187453cfd
11842 4141349aa9cf79a3
11843 2d60b15e25f96dfd
11844 0306ebb0978bbccd
11845 6a1f29e26f2933ad
11846 2f3ac74517f0fb2e
11847 9ce2eed7dd291a9b
11848 4985108bdcb755d6
11849 097a973a0afe1a4a
11850 5ba06ec6a57b5955
11851 009ecb5878eb8a58
11852 eaffc15cdb9f59f7
11853 3c38891f9ea53216
11854 7ec0f7b1bc06f160
11855 4aa14f9dc537f183
11856 ae3c3fc852be6759
11857 0702de124b7b120b
11858 e8f22394bc865526
11859 4e962fb6d00d9f22
11860 36032ecd276735b3
11861 f7100a18f6589ecd
11862 24be9ca0545bbbdd
11863 ed8a5200fee9499d
11864 76ad8bd98ce6b3c9
11865 f2b5d62c756c2491
11866 658ab2d162b27c0d
11867 08c5087ffdb8db56
11868 55f256fc62029775
11869 9fd89f783df249cb
11870 cee7bd1ce2808393
11871 ddca15651415fb31
11872 23cb8a407c1944d5
11873 2d6a2178f3c69431
11874 2312c859407291f8
11875 4b0451ee0ef564b1
11876 3d06149e1c0b8e8b
11877 824507beb0eb52b3
11878 19c8a1a8c3021ee3
11879 3afa2a8d839d7109
11880 531fad5dcf822cf2
11881 8c0689863935d672
11882 901ef2122187c9c8
11883 b0e16077f9ccc89a
11884 a8b06a07f1129e5f
11885 551d2607a6705440
11886 31e647f4cc25d606
11887 3ef27ef03d18105d
11888 e8f437590c2fca0f
11889 8e4ad61d722ea266
11890 0e660675ddf6d52f
11891 875aa30a64d2305d
11892 a6ecdb58ff69f803
11893 ab68642e96ff84a3
11894 eb9049821a3b641d
11895 e40420410a25aca2
11896 e12e7a241882db36
11897 8303532dd846226d
11898 e55f3d9556b1b6d7
11899 b2186c1b9eb22e40
11900 677d23d1c2e52a31
11901 6b7576d9917967c4
11902 9d25b4f52dee1906
11903 ab00823082a00233
11904 f9fbe36b41e206c9
11905 dfb9517a5f7d66e3
11906 30c06e0a5e3e2d9b
11907 bc9f1a17c4188813
11908 3a1d5355703d063b
11909 0733b03a02bd91b7
11910 13a57460a1cc66b1
11911 eaae86cc34440e69
11912 af1124e27432b775
11913 0689de3e11d2c153
11914 23a830657dd535d8
11915 31cfc9dd7a1c6a47
11916 7e7d81dd061ff793
11917 af28fbee1c3cf2f1
11918 e6e5b22fdbf94970
11919 c5dd7279bd5dcee0
11920 ad5a5edfe48127ec
11921 f4a1b5d2fc4150f5
11922 97a96bbed945eb7d
11923 ee0a400010f22023
11924 8b2aa06d1a64e525
11925 d3fd890dfd85070c
11926 f805e5baf40ebad4
11927 247aa2997ca0609a
11928 962fd1f1654f7aac
11929 43285db9297b25a4
11930 cdbae627afe1dce6
11931 c8021150d735b64a
11932 2a516e833ae42547
11933 22a92e86e2d64685
11934 efcc4077a35d72d7
11935 7c96d1b6c8c6e43d
11936 634f57ad573131d1
11937 f6fb5c5f7276fc74
11938 1cc872fc9c0b1f7f
11939 5df65c427858e136
11940 d58953be13d0e2be
11941 46562ea4ca49da9a
11942 5b115aab527b2ba1
11943 f3e2bd3688dfc3a8
11944 af4537648bfe8924
11945 46f9da74d302c90a
11946 2ecb495ba09fd10e
11947 3670ed7a3aab761e
11948 94a7be80c035c609
11949 9387db70e0c0cbf0
11950 13963a0602a9af9a
11951 5a1e2faff8c42e33
11952 186ce93e07be71de
11953 aa3ea09c631e42a2
11954 4bdbb7a013320e4e
11955 7950e25942861378
11956 43ac1589351a5673
11957 358298112f4dfc55
11958 7db6b7370652e926
11959 f11065b78b1de6ff
11960 3b2e05e9e6aa5203
11961 e4a87f6ed08a502c
11962 3ffdd104a1023670
11963 9998041a18f7d08f
11964 3c2435897bcea89e
11965 837c2ce36ff75e17
11966 986f0a4a9f3641ac
11967 bdcbb860b579ab5f
11968 6f65fa34d0fa6b8c
11969 fe7f083424efb468
11970 6910ce59a5e4d472
11971 28ba72679afd4ce0
11972 d92c92bcc3672af6
11973 03d33374008ab6cf
11974 398347942fdcf7a7
11975 c432e610ede96ebf
11976 a72e6cbdddadff97
11977 be4130f7fddfcb92
11978 d19589562032c1f0
11979 026867f1cf663744
11980 fda33a499360c2d4
11981 fcc225c8d6b84062
11982 15a9f3b0279c967c
11983 a83b83603d9bccae
11984 670b050f43d69a85
11985 3684db1db1d7a447
11986 66d87090b283feac
11987 cc4c3315f221a557
11988 d4f7b435f9f36bb2
11989 c03d0099c625a181
11990 0549691262ddb870
11991 41d9834633ec1014
11992 986fde6036862568
11993 1a55a7114c36ecd7
11994 cda77fe83aeaec71
11995 e3934eb7d7d0eb14
11996 279d9418d6c998cf
11997 2f5be2f4e8a104ac
11998 9f2c3ca41b59c210
11999 b34f02f5b165c809
12000 d3632ed32eb1cfcc
12001 b840aa2db0117a8e
12002 168f8ca3122bbbfd
12003 9e4e72bbfd1506c6
12004 739c5f3973121f0b
12005 aabfe4f0897f8c58
12006 3d114ddbe8259bf7
12007 7d4612ac69acff5d
12008 09221c406f1bfd4e
12009 cccd20adda8d168f
12010 c65662c1cfce2ed7
12011 3f22981d50b79505
12012 92607325e931b63a
12013 ba9dee1bbda6f62d
12014 28e8f522f4500a3f
12015 6a146a79bc667e0f
12016 99133b702dd9dd27
12017 db8fdcb5864de4cd
12018 07a43c76c6de0f4f
12019 32cbbd461fcbd24a
12020 1189cc5883255b63
12021 b0eb8847d7aad913
12022 fa7b5f647edea30c
12023 70c7a8aba168fe34
12024 5ad15861a0e53f7b
12025 f2c9cdc7ab4135a9
12026 6a47b881524a884c
12027 c4346694caf56210
12028 242171355f581034
12029 d98abc25cfc4dee1
12030 a3d73e5243b2c9c2
12031 238b7a3b9b58e04c
12032 1f07cba9868d23bd
12033 833d922d9c034a88
12034 1e3c8d0b3416598a
12035 2c0ed04fea0db56e
12036 e02893c8849a9db2
12037 3ee903d73231ff10
12038 ea359442752f2716
12039 51712a7d12e22717
12040 07286a1a66f7d817
12041 faebdffc32e3c82e
12042 b5db6a48029e6ae5
12043 579712e8867fe3e1
12044 8346be3544ffd44c
12045 17b08a91580fe287
12046 b719bd79b295980a
12047 11afe4cad12fea6b
12048 de388b359926c1d1
12049 5c4805c111e0cbe0
12050 eaa3b48226aa3d88
12051 1186ad66b5009dd9
12052 d292f53cc2332d27
12053 f9bbb7a69bb2a1ed
12054 7449665510b93274
12055 03a71e173def3faf
12056 ee7909685ae9b15d
12057 647f638cf34a98ec
12058 afbc854c7d45ef47
12059 8f010cce9b7157e2
12060 83665a6d1e7f59bb
12061 38147083801c8cda
12062 8e706ca0b027427e
12063 050025226c0326b9
12064 3cde9fb0ff86a9f6
12065 8ca7e91c16d449ba
12066 2e617565199a04e8
12067 7535f3d4c5c01ed0
12068 6af93ea03d1703d4
12069 0dbd94d818d24c79
12070 0e5a3c4bc6110072
12071 1bdcc33ba4fb874b
12072 1b76e28b35787d86
12073 6d33335ae0e8beb4
12074 d6bb7220807e02ae
12075 fe4d066bf8a6e3a8
12076 e95695b00846dcaf
12077 c477665c5ee3d491
12078 a80290cad51df3b4
12079 bf6cb40237803aba
12080 01efd5875c3ca114
12081 ba31ba6954ebe4e8
12082 7957a05738e9d5d7
12083 d49318341a358377
12084 84cc51f3afbdf616
12085 c6c5455b6aad244c
12086 c36e0db623450fe9
12087 061aacacaa497da6
12088 9536813f6682bc64
12089 a40b33b53113baea
12090 9c3dd76b14f56359
12091 d2d7658f85343534
12092 d83f8115115691e7
12093 0544be53357d5241
12094 1088ad0da3020407
12095 39ba8f741c4f9b38
12096 ad7cd247a0832816
12097 4ef5462ff8dc46b6
12098 5bcc05a09d4b248b
12099 de6650b0edf47cd6
12100 8fa09be833400dd3
12101 c060350f5e611c2d
12102 2992313cb7fa3878
12103 d3f5d2c72722310c
12104 982b64ac7f7ca30f
12105 1a23e80a34b97622
12106 bd12f2f6a5411073
12107 97842631b12d5a21
12108 a052ef35c8faa939
12109 2d0a72daa3b36468
12110 a2263f9a608d2ea0
12111 149c979d441978f0
12112 1e17558e09d98bea
12113 bb9d400698c196d5
12114 dfec1c8adbee7bb6
12115 43ee4f7c98a604af
12116 cac4b8eca2b2daaa
12117 7affb89d5c64011d
12118 9fd920e97f8e7acd
12119 737935711051eefe
12120 880d45b0d781edcc
12121 66a39f5e34ad71d9
12122 21d390a1c3cd7873
12123 4c765a521d954339
12124 662220fc6cbff01d
12125 19cf6e7f4f55ae4d
12126 6a4d4c6f3eccc55e
12127 abafdd842b0cac98
12128 e451c96c4aa5a76f
12129 565dc752668270fc
12130 e5c106e8f8a0f631
12131 b70ea46c4b7cfd5e
12132 0f07f8b29326579c
12133 875858ac266af2b0
12134 79d74688c4ded957
12135 fc15641513472b8c
12136 e078341a3c0b2a07
12137 79f185facc7bc49b
12138 386370a92f8caa58
12139 da750158177039bc
12140 9d6fa5cdb79eae0e
12141 9be91adb01df51ac
12142 6db454a71ed8bd8c
12143 c6cdae8935dddecb
12144 66e5cda1eaa71962
12145 2e70694af99c8a3c
12146 64e2e3ad811f5a80
12147 8bd7d573ec1eb47f
12148 997d833325eb928f
12149 9565dc51ba959928
12150 32b26cc1ca02afe6
12151 cb261920da75a507
12152 72dcebe6a97c47cc
12153 68353d54aadc67d3
12154 2d312fcb82ea538a
12155 8c392617e616eb19
12156 026d81595348ed07
12157 f4a891ecab74d863
12158 d7b4c79228b9f56d
12159 0d2db00f1770984a
12160 2c031f0a5ceaaccf
12161 5d895f2593d9df67
12162 7b819cb71d629809
12163 259af9bf60342759
12164 f3bd8d3fbb5346d4
12165 18be59a0e3525c2a
12166 3e66bd76273e9f59
12167 66684da94b727f6f
12168 d64664e866a40e6e
12169 edbe640e8aeb24f5
12170 93889e7794084536
12171 924798f8309f8b82
12172 9b111c6c05dd6200
12173 98e07ceacd17f2a0
12174 b8cd9a4ed414f1e4
12175 1695b1fbf81f1305
12176 73993a776537a30a
12177 b530b4cc4c1f2e30
12178 67b790dc635f89b5
12179 ef35550314f9118a
12180 d8952b6fecc7bffe
12181 f6a9742feb54d887
12182 62d5150a7f1c84af
12183 3a176ddec74df2a0
12184 6e50710e4526b0c4
12185 6305f71eb2f63009
12186 4bd5faed5279e1b2
12187 ec4d577fb211d233
12188 5eafb55b50cb1b7e
12189 4620d3174bfd2167
12190 f7e2fa32c8488985
12191 a607b386d8a6c181
12192 3f08cc8939e0c9bf
12193 e9584861b97ef230
12194 2b979960d51e21af
12195 abe628ef9622c30e
12196 154017e629dbdb49
12197 6c1076e10f6426d7
12198 15f8d8f5e061b5a5
12199 51722a8f635cd8ed
12200 35486c39ee2dceb8
12201 65af5f2546fc277e
12202 0bf9fa9ca501068e
12203 1693e25864aaa7a7
12204 f11d47a862efb13d
12205 8a1c2166e3d6fd40
12206 bccba034d0ba7522
12207 53978c358a51ecad
12208 a37077cd5b088b1a
12209 6aa92b86cd93fa9f
12210 c2365910ea89a15f
12211 6a66d39aff87cf07
12212 4f3eb787ec116c10
12213 36b2127c124e2a27
12214 3766c29848c53be9
12215 2e19c93e6fcba043
12216 687884fa3cc893ea
12217 bc9dc4623548c214
12218 a370ed51ed93b4c8
12219 71bb2798abe70164
12220 19905ce6275d7b09
12221 aef93a2bc31e5d4a
12222 d7dca41188fe3a39
12223 35c4e18d670f1785
12224 de14e4b826f8155f
12225 da4b3e091aca6ae4
12226 d1b3defe93ea4072
12227 443f2c953fab1370
12228 c2f73c240c6a4cd5
12229 fbd211cb3ce31b97
12230 758b329e0a8708c5
12231 d5aa6aa488ddb0ee
12232 5539d4e010900c2c
12233 6f9c52dc96563f05
12234 942619b59bb571a3
12235 9f9acd7778a396a7
12236 794ebf919311276a
12237 2e389469be9faf4e
12238 2b6361905b56eb16
12239 a4efc19b538cf2b8
12240 f0720f892027168c
12241 f7e0a5a74f2962ef
12242 d1e6d47d4a5bbb74
12243 15c96b63c9c70fc9
12244 2b11084c781724c4
12245 933bb062ba2d7fec
12246 c9eb6b07ccc2aed0
12247 f9f9c1e39acbf948
12248 7a02151aae70f602
12249 45cd3fe1fcbae97b
12250 5ee69849361b7080
12251 574ac195e8cc05c6
12252 61be93cd95c5ca02
12253 adef1b5b76352b71
12254 8e44512b24d9aef4
12255 e47aa57c7664f355
12256 1937cc44593ed51f
12257 60607990d15472d9
12258 94a91661394dcdac
12259 f70563ef04f82228
12260 ed4f5ad7b5aea005
12261 69942dfbcf82e772
12262 e57d5ad89609584b
12263 92bf65be1fb28fff
12264 afe4bdfe9683fb5a
12265 81e6b0467b2a4a68
12266 8b4aa4535c31f12c
12267 51ca53d2592e2f10
12268 029b07ab2c46baaf
12269 a4da8637da0ba046
12270 cbb9a4a12c517f55
12271 8349d53eff49a354
12272 6898878340e6827c
12273 dbacf9d2b661e0f0
12274 9f1192f916b7ab79
12275 10c0b1bb835d038e
12276 a26e1172e2aa129c
12277 03df7e34977254b5
12278 5a7824107004422a
12279 736aaf8f84ede925
12280 f5abff8e72736e1d
12281 78aaf6739e0a5ed7
12282 8b5250abfb4848cc
12283 5c060af77cca076d
12284 ac95c2cb5740c2d4
12285 05d24b40debacfe8
12286 7f4c4291e50e9f56
12287 461443738e668bfb
12288 d3cf988588642199
12289 44f9647a42ff218c
12290 5b7256102a5bbe7d
12291 7b1f25a59551ac49
12292 3dcbf108fc003a83
12293 9f0062c920518cf8
12294 8724fbfc631a00d9
12295 5859d5a856640e3b
12296 f953e776486f7364
12297 8c75ed845336eca7
12298 cf1d46dfb1b19858
12299 ba02fe913bab2b6b
12300 23726841ba9b447e
12301 a95168fb375bc3a6
12302 a6a733fddb1fee60
12303 25e2b1adb9b357eb
12304 6c94d3221340f666
12305 abef17c1e36722a0
12306 3722c0588b25d42d
12307 8dad779b51730edc
12308 d2dceffffb1bdc6c
12309 c1b10af58806cbb0
12310 7b31843ce894e657
12311 49227f3a0f805f22
12312 8b93651b6039a729
12313 38bdbf22b125d53b
12314 937255a3cdf828e6
12315 aadf429935668dfa
12316 e9c5874cc94f0a4e
12317 c43216e47cc2f58b
12318 8c79d74fc4c5b5fa
12319 e2548eac2516b1ec
12320 38758ba56eca27c4
12321 5797780f1e1a8122
12322 6cced6352b0eb05a
12323 3b09181ffcfcc7f7
12324 bc982f390a65d2b6
12325 d2132f1c289a3399
12326 cff7824ac05ebd1c
12327 a8185689ef0de020
12328 ebb4f6ec7a93f5af
12329 0cb583fb4e1c8092
12330 5fbcbe91f2720abd
12331 2dd3e2b54b093ce8
12332 79a77333a8cafc72
12333 9061e1aaac1beed3
12334 449e9141e414311d
12335 6fcea89652d1c229
12336 a2d8f229e1cfbb40
12337 88d33438eeb7388c
12338 35a6a304ae57d6bc
12339 c282934aba187aed
12340 00f6eb6aab36847a
12341 6e31128de6939ddc
12342 0dfb0fc7eb8f7c33
12343 1d561df77a035983
12344 2f17dba92273a250
12345 e13f9872c0ca92b5
12346 a2f6b91d60dc3be2
12347 d6973bbaef25bc5f
12348 6ed5a139bda02ba2
12349 049db85561a266b4
12350 e874175290599f9a
12351 908c1a1966e849b0
12352 d1789f1a1f3618f1
12353 395bcb69871cee32
12354 b8a731aeb9121d9d
12355 52916d01aa4e69c7
12356 ba1e208121af1b2e
12357 ecbb1161dbb9aac2
12358 64a7b9ae5fc439ed
12359 84084c273d9fac56
12360 2b507d396c579ce5
12361 0d673ddd3d0e495e
12362 1428ce82fc20b420
12363 a04ba830c2976384
12364 c1bf055a5f8fd881
12365 ba1fc1527d13f11d
12366 03ca2a9e315ffa05
12367 498e101c5396cb58
12368 b057132d8318c574
12369 4bd1facf59a5f135
12370 e405b71eecb55328
12371 f35da4e911a77c87
12372 c2be7e9e1c84da87
12373 9e926bc6fa7e40ea
12374 f21398af826e7900
12375 82ad40ac8ca6772f
12376 6f6addb774a046cb
12377 9b1ac25f742a2e8b
12378 13dc5d008a2daece
12379 1fef13dc9a92e727
12380 f263127702d295c6
12381 39fdc385e42e785c
12382 e42012960c7d7019
12383 2bc9b36a9a5baaea
12384 e62e9238a9bf23e3
12385 62253ed905d88ad2
12386 b06ed83a386a55df
12387 15dacd387acd1717
12388 a10c87225e3da03f
12389 16fe2b43961021fe
12390 38589d2580a011a5
12391 56a30ad72deedda4
12392 12d5950a90e27d4f
12393 65c6ebf773cde1ae
12394 b1d05e3f1a204b60
12395 35e9757fe71a9560
12396 6c201d8d0150d8c2
12397 098fd1bca7a9e37b
12398 96207bf277ca1303
12399 e8770812c31f8785
12400 94b181df7a20548b
12401 ba70ad1f77e20dfb
12402 c0307dff202fdec8
12403 a883f5ec3472d7d5
12404 d5b6f29592fb526f
12405 7ed0ee4009936b01
12406 92e55108233eb6de
12407 350d735d9ee25f42
12408 d7959dd3e0b495d6
12409 cafb113e1f075c8d
12410 c02b8cfd16a116a6
12411 2acf28d05003564a
12412 240ed0ad59002533
12413 f85d2f5aaf4c5af6
12414 427332c109cc0091
12415 72becbb135c79114
12416 cefb031cce142790
12417 92840ee0a3915318
12418 16c3f687737afd1d
12419 2b78245ca3005848
12420 73dc51c4025aba7a
12421 a8395c5cfcdcb84b
12422 0c3e66e49bd8b592
12423 319f8c2323af7b42
12424 6e811feecf6ba9ad
12425 79e5aa4b7b7ac351
12426 19dab40f940bc1fb
12427 78569e2fdb1013bf
12428 3e0695fa527b2e66
12429 04be9f2e44f4fdda
12430 03269a4f0ca3ff96
12431 bc1b34744ca96a98
12432 4d73de2544a4cd8e
12433 7ff825c8c7612ebf
12434 cabb3e3a41dc0665
12435 d9992715f90c9a26
12436 cd05633bb54ddf13
12437 9a4a60d10abc9b92
12438 5a4cde5ad05b3917
12439 92e3916897a1e5da
12440 a355744ae333a868
12441 26a9918dabfa2e81
12442 811739950834cee2
12443 6e4f1b00fc4b9fa3
12444 7b476cf6d93b453a
12445 550500e1eb0d341c
12446 48b8660f46fb0c46
12447 dd8861d898966f71
12448 f563e8b0bf2eb937
12449 ff7e4b1cda07baf9
12450 9615dc5f7717cb9a
12451 ec1f7896738571c4
12452 0a76be299512dddd
12453 33d4130dbe73dfd2
12454 fe6b53b53d18a49d
12455 30ddf698f12b66ac
12456 907326374027e7a1
12457 b790d5ddae9a2691
12458 15319eb77af95ab5
12459 965d71537c4d3286
12460 d4bf86343c14ea2e
12461 1ec0863189dc1ca9
12462 0336ab74e40fdb60
12463 d1df370923464e1b
12464 604c3dee624cb7ac
12465 82a1a966d0aaeaad
12466 246a45552aabe8f2
12467 0202936c2ac71e68
12468 fa3cbec30078e675
12469 e6821483fdeab7a5
12470 e2854d8bc96f78b3
12471 dc2fe2cf5a3dc066
12472 7661c686c72dff30
12473 049e206d68c490b7
12474 742c276d3ef99ee3
12475 69c8de2543bf042c
12476 c2d6b06a40a5bbde
12477 29a644f94f8fc649
12478 2148cc0c95861b1a
12479 22a1055248e6379b
12480 b5831a0b7a5a7a68
12481 450d6e94bcae1ade
12482 c9d72561e47adc99
12483 6a3fbdb5dc4d8341
12484 96036fbc54260d57
12485 beacd1bd8857e3a7
12486 44cb119e6f624c92
12487 b7df3b286b60610d
12488 5b67baf5d732171c
12489 d6db2ee72323b5e4
12490 89f482395c8d87e9
12491 62df89a957c281f3
12492 1d434e9bd00a63b1
12493 81745ecdc0df6405
12494 b36c1be8abd8947a
12495 5933f9b689456354
12496 b6033e31c2e0b169
12497 e7723c38f1c0d4e9
12498 3d1716d859840f46
12499 c2e7f3cfbb94b811
12500 b519775ce7fb99b6
12501 cc5da971405d5a42
12502 133cadf71c571097
12503 a45795a9e7c026b0
12504 92d6f70ef1967867
12505 821170593dfaea67
12506 ae8afe8dac02c3a5
12507 6367bcd18333d136
12508 13a312013fdeed64
12509 2ccef2123a8adc4c
12510 963eeaf79c5451b4
12511 8e964f487ebf6d5a
12512 6a7aabcc3ed0caf1
12513 71198322213049da
12514 89a9e5780394a440
12515 7c6ebb12b917ffe8
12516 28110a83cb48defe
12517 b2ae59bfe6792828
12518 3a46e584642bb6e4
12519 5a2c3e84f99ca182
12520 2d6e3244c594e450
12521 aaafd1d7c99619f2
12522 591ef6ecd49f0f79
12523 505b29c8c51ef94d
12524 22983a1eb520a6e5
12525 f24977ec572c59f7
12526 f9f3d07848452910
12527 492389b25ab0c47d
12528 aafb036a18ddaa20
12529 8c5697ce2236cd4a
12530 6eb9934fd54d7639
12531 32a038311a1c75fd
12532 bac3813a7dfe5547
12533 800f1b467441dd59
12534 e9622c21c934c416
12535 acf17b8bb1ad2eef
12536 6af2456cd11f601b
12537 60131a3c1f3ce6a9
12538 5e351421e4db86a1
12539 bbc162d8c6e6a52f
12540 ea1b965618464724
12541 9ddc5f51bb7ae293
12542 888f4b04e0a1f7e4
12543 90a12387c8a02c25
12544 475d9f6d9aeec9a6
12545 edc31230075536f7
12546 9ce67640e163ce25
12547 79dc9bdcb68356e1
12548 eb092b065e2db144
12549 aeb83a0d3721c6f2
12550 267625c7f5f4462d
12551 a6d738c9e4711cb3
12552 6064b6db67159ebb
12553 bd1fc4dad3741c99
12554 2ca94a600f980f09
12555 51ad6ea76f805280
12556 10bb68ea0e75c6e0
12557 4f6c4822d478ce7f
12558 0292a00aecc3f664
12559 d65dcb4d062bec1f
12560 7a24e94b11419f6f
12561 0ba0e5db3debf225
12562 aee9dcde18c13874
12563 1dfaa192915d9d3d
12564 3a1e7caed5301abf
12565 9d60f6b19e7c2184
12566 999ae3937b53357d
12567 e22f71be2a456594
12568 353650d512aa47c9
12569 5de9d73ec727dc69
12570 f559c8407ccb8325
12571 d883bf8a56d1c6d9
12572 c303a62f341cb325
12573 593b93740a72371c
12574 df4fad35066b5472
12575 45e2f67c5b1a40f6
12576 b179540134f8763d
12577 ab5b219a7cf0a8d7
12578 c9024c60321a991d
12579 287efcc1bcc3d305
12580 ce4533c46e41ff59
12581 1628ebd5aef14189
12582 0424935abea429fd
12583 f4f839fb9f51fb64
12584 b8b0b99ae1d4f0c3
12585 6884a1603cfb4161
12586 03afde87faff910f
12587 7d42f7b31cf2f469
12588 a53f2c0455fde9af
12589 df447c66f5d2a3a2
12590 5c4bba3788702475
12591 38fe73bee91677dd
12592 5bc1dd09e5c6fee1
12593 36178906233c9951
12594 a275c5fa12800e67
12595 d2cbe5818bcf3187
12596 a9af35052eb656e4
12597 8b3c69c5099ecd95
12598 1fe8e58c734a7bbf
12599 de340ae310569aca
12600 cfc7d68308800455
12601 1cce36794f2d21c1
12602 c738bfb9cc8be1e5
12603 c60c1cd284f85b3b
12604 4a8462af5928971c
12605 aea3d9052f585d81
12606 7020a67e0b6a5e89
12607 11d88855142b861c
12608 6d89502cb0bef8f2
12609 c183a44ab95a7b1c
12610 8f1b75ae36fea4ed
12611 ac2b837a9434cbd1
12612 fb3e39ed03d44acd
12613 e53b528e7ed39b93
12614 5be73412af1beeb0
12615 96e2b36ca84b5547
12616 19450a1bf28dadd5
12617 7658c3ae6275f848
12618 9b921f1d7d7606a1
12619 3fb7fd1e5c4dca1a
12620 b48b9076018b21d5
12621 bc9a112b1fec09f3
12622 00cc5d5698a1e5e7
12623 8a393b8f8bdafac3
12624 98e8dc2e30554943
12625 53465f1c77affdd2
12626 8036d872bb126329
12627 3391f0a3c96d8fe4
12628 e135bdc84e499102
12629 1145d5b2b9569cb9
12630 7bca5b8d9472b7f0
12631 3a013b88f9919562
12632 db37f93d04dfff01
12633 b882d695fbabbc3e
12634 9b38745aba0275d4
12635 5011d2d13ffe14e9
12636 847fccf3a3eb8b32
12637 a53ee6c276bdde23
12638 415f49f8e338ad55
12639 8c40d71c9afcd33b
12640 0ce6216325dbf604
12641 ba45c9f521f18412
12642 cb3ea5dd9bdc47e5
12643 1609b9e22fc1c88a
12644 202a58af923f573e
12645 c586030b3b3e0d96
12646 7ab2714b0f7bf164
12647 577b0b1f7733a852
12648 192a8b78f674e98f
12649 913ddf5d43caba16
12650 10482ce6b67e58df
12651 6162d5663d9f68dc
12652 272536ae7c5b6da7
12653 26b88a711b70efc5
12654 a32a02fd61e33d17
12655 14f4db06548aa7c1
12656 c28ef996b68cea92
12657 e0cceafaefc4fd20
12658 a5953ac387de711f
12659 1c2e2086f592a716
12660 55dac591b1623d78
12661 168630c6ed4755b3
12662 96d633be953f65f7
12663 399eac1c81798fac
12664 85c8ba2aba53fdb6
12665 3be49691b9e83dae
12666 d6379f1f1b5c9df3
12667 1c6383d078347741
12668 efa336a68b17590c
12669 8a7b4390b7692b48
12670 427c7dab1bbec672
12671 9e06097a681a9347
12672 b092acc6ec70be7d
12673 7aba85a2ecdc11d1
12674 6749999e8e5a1a24
12675 96080eed927ffecc
12676 8a9612a7e4a5e27f
12677 b6ffb6918a3210a2
12678 39ca1f68abe4ba80
12679 fadb762afa5971aa
12680 c1a5c486757a84f5
12681 b5b2ee55582f379c
12682 a1a3728d74b90e02
12683 b8f3e76e84157bdf
12684 1db97f2a953e76a1
12685 773e4de179dc8ec3
12686 2ffa5cdcd8cfe5f3
12687 9506219df3729fd5
12688 0a005a4d08e83be4
12689 e3349d4c2d264f42
12690 683969261df7c831
12691 e79468c99f34f1ac
12692 15081d8bacffead8
12693 a3eb3256974477d2
12694 449937ae0e92ce6a
12695 399e265a6d9bf872
12696 5757efdd06abc5ab
12697 564123cb9ac323ca
12698 41cda055cfbf026c
12699 5247a9f8dcda5b1e
12700 2de7622c31ea37fb
12701 f18212fb0f9623b5
12702 88fbaf07ce4d0f88
12703 9f1d41e66a540453
12704 a7613b92b03be7d0
12705 8b99439da39aeeba
12706 c43963fae285c087
12707 f3ee038eaa3acc82
12708 9938a73ed56dd72d
12709 59cda22bdd37817a
12710 204d4448d7b32a8a
12711 3f6c9b84fabee63a
12712 e967f830a1827e6d
12713 95cc050af940daed
12714 7ee18e3d3dea0706
12715 783df999bc2bdaae
12716 6f96ac5d06e74a5c
12717 ae9bc533ef6eea5d
12718 20edcc568f90e81c
12719 93e895e4eadf1238
12720 851240b6aebbcc0d
12721 7a3a3e3bf8fa587a
12722 e92e829cb902565e
12723 adce9a4d36a90670
12724 5d1033ce45b7e1c9
12725 2d0f8842fc535a35
12726 251d7f54d9e948f6
12727 da4fdaf532d885d1
12728 c00f269e47894c03
12729 22fa780ab00a4c9e
12730 50badcc6355321a1
12731 3e1fbeb29532826c
12732 0abe614d08f657b4
12733 e8aea7c1910fb291
12734 6eedba22c7c35506
12735 b742ec75b7fd4a4d
12736 203998858acfff39
12737 cb45335d236cf9ed
12738 dd37c8eedac78309
12739 2f63c044da9189e3
12740 29114d58e3dd8226
12741 ccae48ac54e875f4
12742 1ae412689977e3d3
12743 76891f0001fbe152
12744 af63b0e019d2a328
12745 6cd2c9d203f0be94
12746 34ed1539c77f6d9e
12747 496a5cabcf641fe4
12748 b1b65cb34af2c7e2
12749 5c76ac3be2aa10d5
12750 01c8d1d349e7cab3
12751 37c6d57d19a8941d
12752 afc63c8b81c2b3ef
12753 18d599906d744229
12754 d2a017bb52e17219
12755 f5fb105df5c2c166
12756 f1d06f777d7bd479
12757 04688d650df107ae
12758 de7f93fd35b880cc
12759 964977b5c6a34f6e
12760 d50c91c8d3ecd6ee
12761 fb0057fd436b6290
12762 c4a1d98b93810595
12763 7cc7783b19432444
12764 2f3a7bd1c3227700
12765 47c51b67cd867e23
12766 fa1d30fd488a599c
12767 0aded96a39fa7925
12768 759796ba26a24952
12769 aef837d9f526ad71
12770 186bd08f2879aaed
12771 712bf46d802e8a45
12772 560a839c41645aec
12773 cfadf867f69a7e38
12774 c0bcc15617c3835a
12775 f59816774dd000ed
12776 35a00a56f716a24d
12777 4433ff6a69f40491
12778 f4b53153660f6625
12779 c3ff64f529cc9479
12780 5753f491033ab33d
12781 d73637e6f1da4f3b
12782 3e70c528ec017edc
12783 2dd5836915beaf60
12784 4d6b1d4b9cb1161e
12785 88d4b49126a31329
12786 1dbb1eacec33efaf
12787 25d18c30304ce5f7
12788 86a5d0f751af044f
12789 be65d194ee156635
12790 4d7d36ee47b580c9
12791 d8a5bb7e796eeae2
12792 a4183dba1965a982
12793 b94b9a825a2a5ad0
12794 bf00ef5eba29051d
12795 aad05870360cef6d
12796 285cb48c08777a9c
12797 3a964a4c27986b93
12798 391402950b65994e
12799 9f54cdb79ee174f7
12800 edefdbd2550894a8
12801 1cbb61aa9648b576
12802 ddcb577cef03f0b2
12803 1d28d8bb87d19b82
12804 b13d368809ee6cf9
12805 f139feab5f839c6d
12806 7dca519c289ca0d7
12807 5f260c8a715b5e24
12808 124ce3e5bf07fd40
12809 963d8a3e715086bd
12810 b8d4490e817482c3
12811 d0e3b967aae5e91b
12812 97440a99b01b32ac
12813 a3c3ea760d796728
12814 ff7de8d89d727b26
12815 74b9352f2f452d68
12816 96c00f3797e4e9e5
12817 efd0bdbfd19366e5
12818 2ade0328b22e4f46
12819 82876e73f1c687e3
12820 f0d7d5adc6fa49e0
12821 b1045f1606470922
12822 a5f358b3e217d04c
12823 f69e62afd300ec1e
12824 b6dbc9e9c2bfc23f
12825 dddb2a1e5abda72d
12826 b1371d827d34d8cf
12827 268d43732fc5084a
12828 3855b7d8f35b92c8
12829 d7c555ae78669855
12830 d18290fa10b48fb6
12831 e7eafa2915956541
12832 705d5357d9813286
12833 8c69080bfbe9f0e7
12834 ceb02dd08ab90eff
12835 b6ec62c5f168762b
12836 38ea31a0ca5102f6
12837 691111e4ae4cddb2
12838 b59f3bc6a5de699c
12839 7b5937e8d009c57c
12840 a73d077d82cc7497
12841 c4ee0700f263a013
12842 7ce325aa4dbf425c
12843 86dd190b9d9bdf64
12844 5bccbd692be746be
12845 ff7f8018c903d842
12846 ff41f67003f53f40
12847 69d903ca69b03849
12848 c11ad07e51433e8d
12849 cecab685f3e95441
12850 7f147b7bb0b9130f
12851 f82d10c4c8fc5475
12852 6b0994fff1a27157
12853 fe647767111de2d6
12854 e4dd4e9eb3a4d630
12855 02f6c7cea89ead56
12856 3371ec4492d2be40
12857 4bad12ca9d392e2f
12858 10dc61b6d1ddf2ef
12859 fdeceb108f175f53
12860 eab97a127674fccd
12861 fe590390a47ebe76
12862 1a4a34eb5da147dd
12863 f0b0666746c89be6
12864 3c7bbeaa457bd604
12865 5053ae742c588362
12866 fb4936c41c1eea5c
12867 e629feb0d5af3af1
12868 1c1b6453beeefdeb
12869 d031947bc50c4503
12870 1e1734de38e857bc
12871 27650819c6488f20
12872 1a8ad500802d8976
12873 3d721039f63226f8
12874 fe8c21833e7c549e
12875 d1a46c5d8111df35
12876 f288394905697a1c
12877 829f9b39bae05bab
12878 45fcfb5d61070097
12879 a8e48326a90e7624
12880 f87a5a158def2b24
12881 19f3c4ec5ef91158
12882 a63b2a5ba8362e88
12883 e698d9b198c4fdd3
12884 e9d35aaf46a98676
12885 734746cfa6f1c510
12886 fc9502b9cb1bb4b6
12887 021664b9388a25ac
12888 6167148419c934f0
12889 e6a4081c194c1046
12890 505c0553938d9322
12891 9d2a01697e77205b
12892 a4360a48cc176c67
12893 03a305d7d36aae3e
12894 3e107e0b341f6e5c
12895 3c732386d781263c
12896 f3d1753d57ab9a23
12897 103588c70afb7546
12898 b059bbd9300f5a94
12899 024ef3ff23040223
12900 b8a64709448a5710
12901 3cc7920061354f7e
12902 db09fdd467bcfd46
12903 456183193d8c46bd
12904 a6a8da687f2ad1c6
12905 42218ed5090b48fc
12906 42435eeadd22c713
12907 f7f0224c98625b45
12908 b084e0bb982d0190
12909 9af0e22284425656
12910 5ad7bff7a77c566d
12911 8253871585cb1adb
12912 7a08d7394a818e2b
12913 c31f92f74ead97a0
12914 e850b561d2f0fe39
12915 8d48f75ef725c87d
12916 7872dac2bb5d4c9c
12917 75415febb0abfc91
12918 4148e1d44ff37bae
12919 99029dea194327f6
12920 4bc7ef4775de0319
12921 460abe284baf0aa2
12922 822a00359592d9a8
12923 568ce17e8c321312
12924 c343b6b4fa602795
12925 05497e918a8de42a
12926 864ab21a95742a8c
12927 2bef56a5e9194723
12928 14c88c3e8e7bf233
12929 b70201cc0fb1ddec
12930 6582259007a6e4ac
12931 f2aa998183bbd7cb
12932 5a06866cd4a7afae
12933 c4c29943035f7544
12934 67c92e3d93d25147
12935 acfe818f26b9722c
12936 da2c1ff3961d2c92
12937 6a3de2f1e5af29fc
12938 057f8377d607ba4c
12939 58c208d2bef63dfa
12940 b4635daf22100fcb
12941 ca40f954337558b0
12942 f5987ef6085922f2
12943 a63c2d74b0b67648
12944 9a4d9a70674eb878
12945 d075084ba826c308
12946 4ffeaa3a43ddec95
12947 8da1cbad86a9823e
12948 fd367a4e118e33a3
12949 24a8ce42cd0aa03b
12950 0d9b981f61abee46
12951 b636d92bc75adca0
12952 ca48be04613a8994
12953 1f86e8c3cecced62
12954 3237122719064684
12955 0296124d2400c6e0
12956 7bfd1ee26c12271e
12957 a2ce0340b5c57783
12958 391827cc8e666f88
12959 51d237e41a7b2270
12960 cf908af8a4b8a7b4
12961 3e6e21de3d3ac384
12962 64cd67ac3f644274
12963 e1d8cea317bc11e4
12964 167c4b8ae5f8df2a
12965 e53ff0b0b64db95a
12966 07ac645e6e08e55c
12967 7cc23942cc3643f4
12968 7e67386a8413d559
12969 2e2a0cf3fa8a6380
12970 d4d97fdef9292987
12971 75f61962ce14e7f3
12972 c1213cef7ee5a141
12973 1f03692c7cdb5552
12974 0a13ca7cbf4ac30a
12975 3a197aa53545cf40
12976 1fa6c72c085ec838
12977 c82ed68f9a7df23f
12978 4f65b808a3c4d9eb
12979 b39477a9f87f5d78
12980 938c5a33127b2757
12981 b2f9eace9bf886f7
12982 c6f01ab0e41e7e1b
12983 962ca47b72110991
12984 364b0257c5e56835
12985 e37f69071d3f451b
12986 ade042d5a536920f
12987 ec3f713e632fe25d
12988 b637365c69f47f3e
12989 d42869600b6e7770
12990 b67c7f828a97ea22
12991 9502f517dde989f0
12992 47a12b59365bb0ce
12993 049f78e1643777cb
12994 c7f46c80158ba855
12995 c7fa514a97ce7cc9
12996 f346d2a18070de07
12997 d876e719ffc310b7
12998 5b51e77419e11660
12999 3e9f1c796efe01e2
13000 8fbd7e74f5e5b291
13001 2c07756145fda5d3
13002 345fd0bf7c8f7f58
13003 59af2ece1ab6ad65
13004 ee073454c870c555
13005 aa374f4357138df9
13006 b060a624ce525494
13007 399b123e7efb23f7
13008 1ed22edab70b750d
13009 5dc5fd386e80138c
13010 43244ca881a90665
13011 7f0774f3f8c319ea
13012 d362b54196f0c79c
13013 cab6890a5dde919d
13014 8ecd9506f716901e
13015 a85089c73608c294
13016 166b6baf51ad57ef
13017 9f18f6c33fb6d555
13018 21671c9a44ec13a6
13019 2893934bd81ccf5e
13020 518ff80b571e3a4e
13021 d1c28788aae3396a
13022 f0163b06f0242283
13023 f1b331f7a09a99b1
13024 7b79de2aa50a01d9
13025 f186ed52b5349ae9
13026 8eec09436e0d129e
13027 77dfadbb7e3f30ae
13028 21161f95c5131817
13029 e5044c953a8d4e78
13030 df265c814c4f68b9
13031 75dd720d7bc823fc
13032 66d18531d4c797d0
13033 365170ab02e0fdb0
13034 eceae67d080bd6d2
13035 5f423a249e5e5747
13036 57f895ba58a95e78
13037 9dcd12ef495a12ca
13038 1ce6c5eefd2d45a7
13039 b95bf85dfe9d1bf6
13040 193c460aeddbc8a8
13041 8a61b6ffd1ff1205
13042 7344d6c4de4341dd
13043 a9daad51a7c6dac4
13044 099b844ea9104074
13045 d8473d63992e9adf
13046 7852d868db42a05d
13047 73d3717679ce1001
13048 7080dc624b73b487
13049 17cc6c2f2a5c9ccc
13050 39d1bdc7796f7c50
13051 e08b799966521eb5
13052 55efb7907d266a2f
13053 4dd9b73441f878c6
13054 08a8042499887b2c
13055 457402d4e3e05d00
13056 27f5783099432010
13057 e96110cb4978a911
13058 11bd930559138ee1
13059 5e0b1fdff6dd52e9
13060 85ad10bc9f3a9dd6
13061 71b3b1497c84be1f
13062 72ff9c28cbab7175
13063 c32622b821ab56eb
13064 d3f76e5662c7aad1
13065 7996691f90224478
13066 63d812e0bce82772
13067 7bfc50ac38e50ce5
13068 f362c9d2828848e9
13069 133700c309a5faa2
13070 f58fb97f2835d836
13071 8220d764249aa6b1
13072 201d721678d225ee
13073 9fa1506dcb55af19
13074 b9168b0992e471c8
13075 d1724cd01a7c42e2
13076 5a866ee82b4eb91a
13077 a46d9fd5a4fa34b2
13078 d88c56a12f8ed58e
13079 6315ab5318f2ee9a
13080 af5577ef755e1708
13081 a3bb2455444acc2c
13082 5f7147ddbb21f06f
13083 77251d0bcb34541e
13084 450614dbf1d157df
13085 3400dcf1e6e601ff
13086 83162b0a94ab5f21
13087 01a41fa9f9aa647a
13088 a0b13194d8e4c25b
13089 b761da456029b669
13090 bc61b422c7709849
13091 9055c96d1bcacad6
13092 1d371b1cb50eeff4
13093 4913e7373d89cfae
13094 cc9c39fd432df125
13095 8e150ce5fcb35cf9
13096 4b121bf8b6cb1d27
13097 2f412ec07af8bf9a
13098 e1f5a074e636c4ca
13099 aa3c11ab275482b3
13100 4460f88c867cfca8
13101 f3fe6eb48f0279b7
13102 b776e8c779f0f58f
13103 407f7b46f6ffb04c
13104 7312bcc5b15435ce
13105 d41b27fe414e800b
13106 a7b37785e041839e
13107 a089731797f0cf45
13108 15b0c280616cdc46
13109 ee379dbc5cb931a1
13110 8e6209b48f06c214
13111 b9f17303c8b39441
13112 59d2946ae2697e97
13113 7551c6b96f6490c6
13114 6c735fc10102380a
13115 dc89fbab728e69e2
13116 86f5392bb261df74
13117 a3abef0cf4632733
13118 bc0c9a422d327765
13119 f8ff646ef4724478
13120 69b2315f5affdbff
13121 c70c1947d90763c0
13122 3f9f162cbff5dc18
13123 44f7f5acf19f9209
13124 12b2673ad1b10416
13125 5775c56e9a23e1f1
13126 7d53930e6719d0cf
13127 3cb16ac1d3ed2d78
13128 de1f5a1a33e3edf5
13129 d6a8cc0b5632bbdb
13130 c154aa3b418624e6
13131 8f23024b670f021d
13132 5c9fb065e886bace
13133 f58ae405451849a2
13134 8b3d41f88c2342f3
13135 ba8e27ae7b8b6869
13136 423f36f296ababe7
13137 326e4c3624fda759
13138 d88b340d5c40d1c0
13139 07029f1df4998c48
13140 5c1d90f48d55c19a
13141 976aca3cf0e30b67
13142 8bee20d20c628d01
13143 4540fb5456c5baae
13144 61320454759f1e07
13145 0f92b72244cd11e6
13146 1dc041c09efaf4e8
13147 8c47d662774d1b16
13148 a227e89a8c9656bd
13149 c2d0acb37bc52f5e
13150 fac4c45c70fe285e
13151 3c22c48068f3d003
13152 049804676945f91d
13153 ed8f1c718645346d
13154 83c23ca18aa240fd
13155 a2760869c6afe0d3
13156 cc4431e5f79fc531
13157 e31dd854f6f491cd
13158 f4ee42dd391de114
13159 8efffdf5a029ee5b
13160 0457ed8f39fdeed4
13161 ae0f2a4e0a26651d
13162 6c92c0960e22a101
13163 83380cb03af12abe
13164 4868ff4eae293bbb
13165 e6e322eb8fbe3a39
13166 800fad14af4fcfad
13167 3a292308b41d85b0
13168 c2e72974c4aaf39c
13169 b7eb283e97cccb11
13170 79578a12e865e86c
13171 2feaaa85ceddfd53
13172 0f896bc9f67a0da8
13173 fd30453065172501
13174 3c9a2a85c0395e97
13175 c8a8ab16a95a34ec
13176 a65afeef15333104
13177 8e77317979ae4948
13178 1ab24c650f3efa4f
13179 0698d2bd21535f84
13180 e07d823fb69a0bf6
13181 1bdc66c9a6ffd586
13182 7894a792b25e520f
13183 0f989b0fa5d0f356
13184 b164d7102348c55f
13185 d421cee0bf0758c2
13186 378bf712b63d7d26
13187 28ca2668628f8bf0
13188 e1e3687ae69c4f7c
13189 09287c0241889af5
13190 a0ae2be891f5a6c1
13191 90586d68739c2e28
13192 bf7d74d4ec1e65f7
13193 817b62169e03daf3
13194 b2705a0f8b3b44fd
13195 d9f4d3087c04809a
13196 9d660b621e8d6443
13197 18c238c0f8d38a07
13198 fb8bc8a490b6d5bb
13199 0ca15801534b2de2
13200 bcc1cabf29318c1f
13201 a9ebff23a9874d3f
13202 a36f74566d7d16a6
13203 e3947cfd3abf5dc9
13204 8f22d07fbc20f555
13205 8457433ec6026ecd
13206 c2e2a99c929bff35
13207 0739c3b8e9b8736f
13208 35e6c58c6e8bb4f9
13209 8a2b8cffe772a958
13210 4f5f03cdf16b36c9
13211 f3c795bf4f410870
13212 cd8176076d40eaaf
13213 866481807a7d7640
13214 5978bf8757b7fb4e
13215 922a41ae185b977b
13216 55853d3ef4e2c65e
13217 451ad93ea11b56c9
13218 dd085a668c6ea1ef
13219 ae7f222965fda941
13220 d09672331f6123ed
13221 d5aa742ffaf08bd4
13222 8031e4dd89e48e03
13223 bdc795c7c3ac6d54
13224 0de4db91d37e9fb3
13225 610c178d2ebfc364
13226 25787bdcb1d777b0
13227 db6a93626cbb8b4e
13228 b5de42c188196967
13229 257c3ba66901b625
13230 58697a39efe37961
13231 8fc2d5bfd3cf472d
13232 77a33500fb598545
13233 5f482863440861f3
13234 2e4d48101787d0f8
13235 37922394ff74ebe4
13236 629a0d2a0430d8dc
13237 ca117652616785ae
13238 d3865c4966eab564
13239 df3e57c672c8bb80
13240 e95cb8a7db139cea
13241 6222e47aa2186ab5
13242 9ae311f9423b945b
13243 f8e18669425a0b7f
13244 93ca3bdbe3b01c3f
13245 b3d97ddd6bb1efc0
13246 1afbe07b51432df6
13247 d32e4791edc9ec68
13248 a4553a92e3449218
13249 cf8148f410dd5c58
13250 58b6470857edf227
13251 cde69f5dd0b3c133
13252 75a41312da157b53
13253 f7c8f89bdf1cb2ae
13254 def8eb152a924623
13255 3465bc0b6df76eee
13256 12d61249cf301d75
13257 9587697df79c25a2
13258 172506ba4c9817b4
13259 648b218b7db85def
13260 6ed3225064d1326e
13261 c3ac7ccde67ee0da
13262 9c182e2726562b2e
13263 4061f65cfb3adc57
13264 753a0e68fe021616
13265 c18a20ae3c8b1e6f
13266 86c8c4dbda120dc6
13267 2711b066ce8ddb33
13268 578a8b6177bfa4b4
13269 2288751dbfea8d40
13270 6d837c9480af0d35
13271 7c0a423ca1cca226
13272 651f483a33577dc8
13273 fa1e74e54c75fc3d
13274 25ff947adfea3165
13275 2e54571e0c16b641
13276 d753dfab29da2a55
13277 cf95afc222577ed8
13278 b51eccb4784ec48c
13279 59ea762891297cc9
13280 801c87113593415d
13281 6b38f02880d276cd
13282 6de0393ede870abc
13283 d8810306eae1a7f8
13284 acbcabac28673c75
13285 0911fe019bc049df
13286 9d15144c7458712a
13287 cb2db90e1956fd17
13288 33423d36ea1092ad
13289 bafb258578c0d26d
13290 13a8c047c7925449
13291 398de79b451004f4
13292 0edd1236c68e2960
13293 056b45547c179928
13294 bcd5898482908b7f
13295 6bb85a302adc03af
13296 3891be5aa68d8416
13297 8a1d4b06dcb8fc89
13298 e4b01fa5568998b1
13299 17deb4a713eb514b
13300 d5406a6f780930c3
13301 50446ca460ef7823
13302 c13f3ce8248a041b
13303 3a28117f416cb681
13304 15d057e9e3f5c253
13305 892d134d09c0e05f
13306 69494c2498138987
13307 b2dc7362e9113201
13308 86823b254f082e76
13309 7a5197c5e6b9e750
13310 cd6f443fdcbfe692
13311 642e0e5e86145680
13312 642c7d574110cc10
13313 2e2dd8f77a65e970
13314 25c18eb9033ef8a9
13315 b38ae6063ff71735
13316 dec2de4d8decb087
13317 34d2651f880f2a58
13318 51a38c8c3751a138
13319 07a0c7cf745b9e5c
13320 4c9bd453f27217da
13321 2f6182f1b7f1d868
13322 dbab262af79d43ea
13323 fd14fccdc6f224a1
13324 c2c9eddbc511a1d5
13325 591a8d45c1626623
13326 71a2055981bc5c08
13327 399084f78171becc
13328 1a4fc28a7a966753
13329 c1aa36b6d71f7ad2
13330 91caf70e61716915
13331 00239fdf7f1b12ec
13332 430f1eee04222eee
13333 0134eaa660ff5bfa
13334 ada367070a6a7cf7
13335 818f9e8ef03644ab
13336 5f9a26302f8c51a1
13337 f158cab548648abb
13338 6c1486c9c8cb25ee
13339 f795104caf072af2
13340 99e21916316b8d6e
13341 d34a1ccabaec0d68
13342 2226bee754862db4
13343 a6c551499a3b2de3
13344 5523f9369724129a
13345 e173d29508974618
13346 dfc2608375e09e96
13347 a0c8efc2e27bc12b
13348 07ee712e7c965baf
13349 4bb7f7c2d8337d48
13350 4aa18d951fd74f46
13351 547eb87ba6d44a77
13352 2450fb5b6e537dee
13353 851cc8786bdf4ba0
13354 4b014782bde2c410
13355 891a05c7d8423a47
13356 8f61de7e5f2ff2e2
13357 1133980e78787e60
13358 3a495ace6534ebe0
13359 12c3ce5dd7db26cb
13360 f2770598a58d87ef
13361 7d8715b272dc97aa
13362 8d202b7014063950
13363 89a28a14b3c624a1
13364 d4880f4cd9b3a1e6
13365 6e27ff8167ede661
13366 0eef8ebdf1af3406
13367 4c99a461a30046a9
13368 1dea28fa995780b0
13369 9d91b839d5869835
13370 eb65cbc79751efa5
13371 a8a6ad315c236dbd
13372 07d11fd6f8972117
13373 6a0cbc88e2769a39
13374 c9b2e7e143305426
13375 fdd5dcdb659d8b2d
13376 867ca84219e0e6d3
13377 d6405820410ab572
13378 061e83d125b2e469
13379 ab8e49b1b3d26000
13380 4ef3692e14aa3c4d
13381 7f8e3fc5e1e96e64
13382 598a89fdab8e9d97
13383 38e087419119bd43
13384 6c9cf83d2cbf4d3d
13385 bf57b3486d08ede8
13386 ff8fe139d97972c0
13387 4a560943ef657f50
13388 98c4d4e0147e31c8
13389 e48a52c985d8407a
13390 95b0abf82a0b65e5
13391 faacfa3ced65d6fa
13392 58b30d0c40a1ff54
13393 c071707967701e65
13394 69bee1ca8d0648c4
13395 59c090f251ca7df7
13396 9f3c1d01491ab816
13397 88b984066dccef1e
13398 d8bd6c0264fb7de4
13399 3a15f1cc6c897d4d
13400 761425e905a1260e
13401 01ab2a2c8fb95763
13402 194e05b8afc26175
13403 5449bac71e48aba4
13404 0ff1ca3510c1ad7f
13405 25004221cbdc5a8b
13406 16c39a8b90552c42
13407 0e1e3826e097fde5
13408 8fd05b563821e55e
13409 9fefa3cec3653e8d
13410 c1c514e28bab6962
13411 9edda61ffe74bf4e
13412 98ba42a3e85f46e6
13413 1d031a27a5ebaa0e
13414 0165b8ff6dd911ea
13415 4c743c33c02132d8
13416 4f9a012e318fc473
13417 7e71493ae2d5d4bf
13418 255118162e48e000
13419 b8372342877bb720
13420 a88d8afde8534a26
13421 a583e8376ba41f51
13422 04f02ddf2b76de65
13423 5373f5553adf6192
13424 52576b2557c9ed71
13425 0b763cc8b7e8afdb
13426 0722de0e75a73500
13427 0baa3992ffcb6b94
13428 e4927785a5de223c
13429 3f8a0eebbb86826a
13430 5abd7a23a1bf94c2
13431 ffaecff1a0b44ea4
13432 0324578ce480e4b7
13433 886bc546863f88cf
13434 b23bd73ff002c59b
13435 097abbe2e33d1c95
13436 57bdb6b022e3002e
13437 56c71f62dea5138d
13438 07cf3c7afc6ded6e
13439 31976cc847fa7977
13440 97a695fd0c4716a6
13441 13df0ce561c06c05
13442 0ad0e19afc9520eb
13443 2caa13fcb4709efe
13444 6f93c7347f7e5e2d
13445 b807320b90dfa572
13446 b26b7caf9c9bf324
13447 ffd30a5245388ce6
13448 a259605c120f15ee
13449 f780e7c336974d94
13450 8d40b252545ccd82
13451 11f8ef65b2872741
13452 a6f5aa44f20e42ea
13453 cd2cb0f9aa6fede1
13454 e236c9256e45d3c3
13455 6c92e3e530d5e5e0
13456 83c57227b143b1ab
13457 ea67f282e54f7815
13458 91d05d8df332294e
13459 73fb9fa7ed0179e2
13460 aa27537fa7c4ac93
13461 d995f555b25b89dd
13462 a4f95279756682a1
13463 1273e9999d80dfaf
13464 236bd9875fc5027d
13465 eb1cc143e813a401
13466 e440fcd6b5452140
13467 d58d998552ee319c
13468 ef0ecbaa7e060611
13469 959da2e52d57faee
13470 90e4e71593f2f2af
13471 5cbf38d0e04f71e9
13472 826c0c4ffbd8fa74
13473 c83238615ba3f168
13474 6dbd3559b72d44be
13475 d46c21030bec2c00
13476 64197cdac4d3221d
13477 3a456f4e705ff706
13478 51ff9dfc9d8bb254
13479 e50678dc1fb749a1
13480 6a9180bc0593569f
13481 d85b1c404eb61b8a
13482 f6a79848dfd26b54
13483 7ea513df89c48350
13484 2e61ac3775f7a6ba
13485 930c4c379aa0c59f
13486 c9d2dfb99f9db320
13487 ee6167b73d4ae374
13488 6e06e17879222727
13489 fe76f19ee4f92c7b
13490 b4208ba7cd641b14
13491 3f80b7d6870cd8f3
13492 29c20eec977ce863
13493 98dda8aee1950146
13494 ec2705ba37412988
13495 ab1c90bf0fa90392
13496 2c437a4b4026445a
13497 384ad386496653b2
13498 6aa6d5b1b55b46da
13499 1a739c8a0e0e297a
13500 6e6f5f5024d012be
13501 e92a719142d56404
13502 b1a8bc3b4c06d81c
13503 1c1eb6e1b7bd022e
13504 735ef15f4c871e7c
13505 342ae5d5e53aac21
13506 6bd006a8dbd2e933
13507 72ca4c4b131a1522
13508 2bff989b68de5689
13509 76fddc6465d6ffdd
13510 9ab67b4e2b6146ae
13511 d8f1facc93fd8274
13512 b95e2601d7b5123f
13513 c21861607cccb7bf
13514 391b9cef5ad7f089
13515 207d55fc25ceba1d
13516 d6bb25e6fa8b5695
13517 f31fe39ab9bde536
13518 57a503d933010a83
13519 149a1df10e06d2f2
13520 646fda80c059638f
13521 ef76ff28706a782a
13522 49e2a4849be8e048
13523 74d9a1901fd50529
13524 8ae446c465340aae
13525 f15f50cce120f94c
13526 3ef0535dc2d322e3
13527 8b747b1470926682
13528 568f3ab6d9700fcb
13529 b3cc35c02436e059
13530 60be611b05669768
13531 ca9427d7fbb30ef1
13532 ffb38b24120068d5
13533 19aa1ec75607a5ee
13534 39e8df9e5dfd49fe
13535 988412f7a294cb73
13536 0b70c225ab31e636
13537 117b2eb1b755c81e
13538 695db05aae648029
13539 5df376b38ca9902b
13540 f729c1d8edf63e67
13541 9a5d62ba365beb82
13542 07f0ad813c9f224b
13543 27c11db1875dbefe
13544 8c2625030ac21d9e
13545 d567c7a47500a58d
13546 41175aa8619269ad
13547 3076240d762bed4e
13548 77a615a80fd23f0b
13549 f49663074a95b3c0
13550 fe51b7bf444f86e5
13551 6f2815ffc4db946a
13552 f7d1cf3f4ed5168d
13553 9b107ac8245bd48c
13554 140fc7012f57db40
13555 1b9cf12f1b7af976
13556 03b79454f591e916
13557 40ea9324d6ad6f3d
13558 8839ebe466bfa40d
13559 159d80f5163cbaaa
13560 faa6c18417c1f82e
13561 cc90242073e537e3
13562 420b7924c51e2a79
13563 dc86b9e60b3bb5aa
13564 f3efb7d29f76f0ea
13565 b9585a79ad42a48f
13566 116c6fbbf5b0a6c1
13567 698688b2db0689e7
13568 0a123ca340bcecf4
13569 1742c16bcca8fe3d
13570 ef8725df2801898c
13571 240f97396359fae1
13572 f856d62d5b8483d8
13573 03fbf5e944f4a2f0
13574 a2c2e2a4e6ba4149
13575 9890ec93789ad12d
13576 a36196fe7b3ac3e6
13577 5313f23fd36bce79
13578 afecd3aaa92bf55c
13579 7bf7ba5ae0048e5f
13580 ff2a1f81be523eae
13581 b6f7c72c8c6d7cea
13582 514183315ff2e2a0
13583 2a867416080638a4
13584 d9a6da601cf8fe19
13585 8787f657d62587ab
13586 bde924bc25e48fbe
13587 1fcf6c56aded94f8
13588 e63f8e7500692a2e
13589 a9bb60916dfa0e0f
13590 9a7455d9593ad352
13591 dcd6eaab7f31c0a0
13592 eab981a4865c3a24
13593 e4f5f81b0e888e16
13594 71d7a35517944493
13595 84c56fd715341870
13596 90f87737a94c5a06
13597 cd4ea66576411c53
13598 aea1f7fd53c47638
13599 11bdb7c23f582dc2
13600 ed20b7f269968d73
13601 87853f0cb1637f1c
13602 3230f3994d5464b9
13603 c94b801228f3c155
13604 d058853821cf3a3d
13605 17013f6600383094
13606 f042be25edf2819a
13607 7bedabe5ce94ad30
13608 54812f5fbcb18339
13609 8e4351b4c8e00e48
13610 0b2950a82dcbab85
13611 dbbeb87e30f2bb72
13612 bbbfc6cebc2e8726
13613 2fd5b611a62c247c
13614 9ab9986bcc568198
13615 473ee7f7a30039dd
13616 002bd4ed5d0b6b74
13617 1be639312ceff43d
13618 0fb5b3aa6f875175
13619 ed3b41cf225b0edb
13620 1064e794831a88f3
13621 e78da18919c3369a
13622 79a5f4472354b530
13623 34f5808dfe1ae5e9
13624 e232885420770589
13625 c2ca9bb055a5217b
13626 0228b4d31dc813a1
13627 aaeb12c1960464bf
13628 faa3da6d6c912b58
13629 38be8e911eadb963
13630 78a3f44fa651a0da
13631 1f8bed7375fb202f
13632 479fa3f257be9be0
13633 6e496820cfbd3b97
13634 bfc11648a281fce2
13635 d4fdf9a66b0cc06c
13636 dc08fca1dd8ff91d
13637 9c0c1e4150dd582b
13638 271583f7a7f7fb9f
13639 62961901c2b8b7eb
13640 019f0aca662d59c3
13641 1031d01c4f637d69
13642 14a660d645fa6c1c
13643 76720fdfc99f0628
13644 328a52e4ad5fc20d
13645 d262a616487af9fb
13646 f014e57b20920410
13647 708a4e33311e084a
13648 c8346f0682fcad7c
13649 2d76b7efbb18d7de
13650 1789e1932977c93d
13651 ee7a08349c0421cb
13652 f6b2c8fdb01f0596
13653 f229fc229d561988
13654 2c210e5063c04be2
13655 9508f32dea6021a0
13656 c155bb53d6d8f0bf
13657 4e4f02a85150733b
13658 ebc3bb80e7b0e446
13659 5fa269e077b6c77a
13660 7bd495372ff00ceb
13661 1032bfd6b5acb8c4
13662 06c3bae8a9f0bb8a
13663 2f4c2cdf141c61fc
13664 f5399d77e880b401
13665 95afdea403c49ebc
13666 433c8a9f43d0c990
13667 2574050e2491f145
13668 0ab926e84ed4a64c
13669 1fb9b5e58d2b39bc
13670 39ef4cdcce7b3524
13671 e7c5aa71f70a7c79
13672 6f3b36c45a9966bb
13673 0fa076455152ac9d
13674 c948ad85e92a1928
13675 1c67fbbdaa4202cb
13676 8e7ec27f12be98e2
13677 3b6fc4dd8c71adbc
13678 930b5525b99d7588
13679 162905a2b6611097
13680 64d524a96b2d3fed
13681 0f25782d1bf04ba0
13682 7e2307610576ca83
13683 4a7c0b00ccc3fe06
13684 3138946580907f83
13685 51a6361aeed8326d
13686 8cc752ed94e08e89
13687 9bda51e74542436b
13688 fa7aacdbdb046ae8
13689 6dfce9ce9847529a
13690 e00a0f4599040f90
13691 a1875d297094214a
13692 a4ad015138af4859
13693 1e2c6f4f69149fb3
13694 bde12c3b233778ae
13695 911db6e473b57b55
13696 c6e25e10e863c5b3
13697 d0c7c17c69d4036a
13698 44ba8c0229923db6
13699 d510fc5205c0c712
13700 d603b149b0019565
13701 147d05b304c0bba9
13702 b39327d75494f49c
13703 9750cc5ecca5b0b1
13704 6be208fb1e1eec48
13705 b310cd8613d7a90d
13706 464055a05017d3f7
13707 9fab48d64d773a5e
13708 edba6521aaa638f9
13709 abc5d439ab344418
13710 5021a78b0ee3f21d
13711 120686b361ae99df
13712 9527b82ae6bf15d0
13713 8a2bbd81908d6893
13714 0e4ba6ac8b3a4901
13715 f0adbc4f9f74bdfe
13716 b9ed0fad5a7a3ba8
13717 7f7fc0ce4c270ae8
13718 2c9df44606577686
13719 2a0aa2f68fdf2215
13720 0df2bbbfdc758413
13721 127765a671307296
13722 5cd568c3ad743401
13723 460148c3e4af832f
13724 b737a06a1bb2b134
13725 af3fed4b2b658b38
13726 0b6abb391e2bb6e4
13727 941b850a5d269836
13728 492763ab1ab5246b
13729 b765959d7c2233e5
13730 6441cbbdcab406e6
13731 d1e06f645c15e852
13732 9d6698e6c817c40d
13733 3ded2e7a19fe535c
13734 acc9096e252ec9ae
13735 20f423edb6a6af18
13736 c1def53c82449783
13737 891cbc9f05263285
13738 d9cf73e8ca882244
13739 3afb4737b07bc5ee
13740 6109b2e91a75632f
13741 b8057d4852ff77f3
13742 24a68aa4cdc355b8
13743 5bb2ce0cadc3907f
13744 9567f8092d5b4857
13745 4caf112f1b76d3f3
13746 be832e96f999c64d
13747 89cfb58f7d003a26
13748 a23dda28861fdfa5
13749 7f10671215bf41bc
13750 baa7a5ab8b289a10
13751 a140b01e4365ac1f
13752 63e01855aa1ec631
13753 0b8d9c3b3ce6be37
13754 95cff5205a0366eb
13755 892c29ad74628e6e
13756 50c3cc4ecd49be05
13757 c772cd12fc3e9ae0
13758 1af7523115c92f65
13759 564b372325307928
13760 91c0b0e13ec7deec
13761 c3a3ff5046b61fe2
13762 aa6a6f0c705dba40
13763 cd4eb5ec517d55b7
13764 0b39aa960de5f890
13765 e9e537102fb6b20e
13766 93f111492f188916
13767 489c4aff53744501
13768 f1bfa9173c0cba49
13769 0ac5af2716c380e3
13770 c17f155b1b2fe87b
13771 3bbb55841ef5902f
13772 a48b7e091937c9aa
13773 3e4a8c4ee95afc33
13774 37b8ea62b4c4eae9
13775 c4e7ed0990c30a21
13776 47fc839b585dfbb0
13777 f6e8e67feb7fd0c8
13778 eafc05955128b5f0
13779 2ca6eec05c8b9059
13780 262a96a15bf35290
13781 8dbe41370df4ea3a
13782 18697cc2d43c0c12
13783 2058146c5e7c2ed5
13784 981801eceb559fbd
13785 0837c161dacfdf3a
13786 d33cbdffbc915d75
13787 7b9419ab09e484a5
13788 4d818b5daacccc21
13789 6062ceebe44ab4c3
13790 f35c47f7f4ccbee3
13791 851b94196242cef1
13792 915257eceea61356
13793 984d2db1fd3e5807
13794 8c1ee70f86cd3dde
13795 416a6471f0677a0b
13796 71088976fcc191d2
13797 821c0d0a2d121bb8
13798 8a260bf31a5f5593
13799 5532740afb587ac0
13800 8029c25f9ab9b7a2
13801 a9496c581da3c2a5
13802 30ab09547746b0b7
13803 0ed8b6eeb3ede821
13804 06b5048bafe13293
13805 afb5fcafd1ac9384
13806 3b7e28381dd40443
13807 f1a6ded374477328
13808 04e4051702bb124a
13809 8194fa660afb4be0
13810 b44df5ed81a22231
13811 798499293a3ad38b
13812 c91d5e25d5e5dd51
13813 03d6b55f3dc227b5
13814 74303aecefec7467
13815 2703f4de34e3d9ce
13816 4ef9d51bf1b6a73f
13817 d0c0df441423634b
13818 9d45fb3ccb999e17
13819 3d3202777e52a3e4
13820 9f0cf1e47f632e2d
13821 8d63d6f07e437b62
13822 0bcf2d4318e375d9
13823 87bcb9773ec42d4a
13824 75b2faa306b6e615
13825 c81425cf486ab345
13826 b0cff7de5d7db750
13827 90a2eaadffce1fea
13828 09c76a91315b4327
13829 e3c977971f57950a
13830 716b8b7a9b6e13a7
13831 e61af686e406dc3c
13832 1e766abd5d91ab0c
13833 e77dc96209971a94
13834 cf436a78cf682981
13835 5b9fd00455bdf016
13836 e8acbbc633c2595a
13837 6580a3be3e002d39
13838 505c7d20c5273eea
13839 871b4b9fbf541eb2
13840 dec7686e9f29a30d
13841 5122bdb6c0fa7006
13842 9accf844be62338a
13843 a2670ca742c20705
13844 59f579ec29b6fa27
13845 8d4962e61410cd7e
13846 80a1d40235b5a942
13847 ebe05781a5ca6508
13848 9c64d27d11f9d742
13849 21cdf52243916c19
13850 d401613e706ae3ab
13851 42bde56980b58334
13852 1d0584a0efdf2bee
13853 a7f69c97225aa6c1
13854 e26e48663dc01ad3
13855 eb90135b3be80bea
13856 fe7046012b85b76c
13857 fe7a0586d6f864d6
13858 4ceadf5ebe0c10b6
13859 705d9792688a721e
13860 ce9e6cb44323bd17
13861 46f51775b2a1a648
13862 79efae61e1e4a6bf
13863 bdd5c69fa20edb85
13864 ebb654e8a1de1063
13865 eda2dfeafbd3bac7
13866 2be288d881c9a3f7
13867 30a6bb0a6fc2da79
13868 1d1c76e566bf4db8
13869 1bd591263c33151d
13870 750474ec011ea780
13871 af7444a8dc12eda9
13872 a6e9a967a56aaa73
13873 6a78fe307888a2fc
13874 e0835f40ab0a5329
13875 e4f0b8ef5146d7c9
13876 2e9fcfe7eb95f570
13877 48e28f1c119958b8
13878 8686cf86d0132b79
13879 6df3e5ce37ecbe68
13880 ce592e27c9229ad7
13881 6cf8e18d6b97f421
13882 6febb442736db544
13883 2dafb109a2997080
13884 263d3b8ac08c3326
13885 002a612a1533d3ad
13886 194a47aca90140ba
13887 3c2bdcd68074dda5
13888 12d6f48a87f9ffca
13889 6d349e14444cefe7
13890 3bd80d1259da01b6
13891 d7ad36cf7f88c0ed
13892 4c27366c88e5613d
13893 b4639160cb4f35f4
13894 e3d2527d04028800
13895 162c989199ac8bbc
13896 5d18a378a6198585
13897 56b6952329fafbce
13898 dc391b71f0aebf54
13899 875b29ed914919b6
13900 54aa0c9fe0d40098
13901 ab03a7cfc0ab016d
13902 feba5afb3c962cfc
13903 6fb8ca22eca95789
13904 be195bf8684585ce
13905 7bbccbda1453e2c0
13906 fb72a159e3e648fa
13907 8da892aff3e72060
13908 7ece7cde2880f799
13909 38449d7ad721ec8d
13910 6b3aecf2eae97b15
13911 02ea75368f6c29af
13912 ba9796fe9cd9ff62
13913 dc35018f0337a07d
13914 05d3306bcd225f0c
13915 ae4e5639dffb82ca
13916 3ffc453e399eb3ea
13917 2add7be2adf0d2b0
13918 64e0ca418c1b7705
13919 f92801f251a76cbc
13920 07c2cda5fe1f2e2e
13921 d90a3cad19c392c5
13922 6872a73e6d064b1b
13923 8917381b5af572af
13924 a311a19f13325a6e
13925 2696f9bdb5e29df4
13926 6fe8b0edff34aaf1
13927 6e78a98f44033925
13928 9bd84052f2ee0e46
13929 5b2ac3b5481bda2b
13930 82563bfa72eb55a1
13931 948edc7f54ec8f6f
13932 ecfc9c53ef96be51
13933 438ed31badb6fa24
13934 c41de57eb27904d5
13935 c00e8694b00418c7
13936 aa6c7f7980097bf9
13937 96adc1ed3bbcd1e5
13938 de2545a7364d769f
13939 3a709876da080ad8
13940 7976a2f631f91770
13941 870afd9c11025311
13942 38b041ec0cc7dd76
13943 661e70d30dfea8dc
13944 c2f045a112a3fb92
13945 7219c499bfeab3af
13946 6ab965cfb95377ca
13947 3b88437bc2ca348e
13948 c23861f08295b312
13949 03054158e6ac11e0
13950 1e2bd125850a94bb
13951 f5bf12e200b75030
13952 535b0cf387c72909
13953 459c877a01eec983
13954 f78a149bbf72992e
13955 93d1f083cc2a14cc
13956 84ef7437cc70c202
13957 8238d5bd69cc19ab
13958 cd2278397ed026b9
13959 3915c6ceac91e23e
13960 b729e83a7caa54a9
13961 34e31b1e7078da2d
13962 60afd423f369fcb4
13963 fb217ce239034493
13964 84cd7ff19f88968b
13965 a43dea51eededed7
13966 dc594716723d0679
13967 eea297905e91c520
13968 dea22784926e363c
13969 1b69ea4a8a855bee
13970 ff9caf6e82021f3a
13971 f248972da3ab59d2
13972 b327e3e0316d884b
13973 1158d40cc5b5ca88
13974 71dc6ccd99940d7b
13975 19d7ce85998063a0
13976 4084199999f25195
13977 1449362e8460ff18
13978 9bcff89b18c3f686
13979 86b42c13c46b88df
13980 30ee67c6fa1dfd74
13981 b7c001968f5263e8
13982 e8c3eda76971d8f3
13983 3acc460ea6a41098
13984 0fe310cac4e064b6
13985 c4470d9d650bbb6a
13986 e55e9a3c2fc102ae
13987 4aed755230396dc3
13988 637110f95bfadff8
13989 ea1c9553f4d9b6a3
13990 d25fa32c7cfadd55
13991 11afecee7a09a554
13992 43198a2e5b249e93
13993 6ff38191323660c9
13994 c2fd201414bd6d38
13995 b3dd2a38896ace32
13996 46e113ec6818b155
13997 e2d2a2f66bcf4a01
13998 e7a6ef5457d6990c
13999 e9d576fe3d83c463
14000 085bb7886cbc1479
14001 71d5fe920ddd07d5
14002 bb98a0c342cd8f22
14003 52daf086bffa213c
14004 42dc5bb428689fab
14005 57424a82e580f26f
14006 bd1396eec46acd4e
14007 f6ff03ece1d97e15
14008 7232dbe1f591b208
14009 84f6cdda9dae5655
14010 f59966aca0aab94a
14011 f443f0a922aa92b4
14012 4a30f794f23f8449
14013 2b196b680b3391ad
14014 fe7bbd2cc4e849b0
14015 1145f718328169ec
14016 8cad85c594824fb4
14017 d8c700346c992f40
14018 13106294d7d7d4ea
14019 d797e83c79bc4839
14020 164a0be57d780adf
14021 77c8743bce2a994d
14022 54dea5647ef9cdec
14023 ef2199c0b6f78080
14024 d476c90a9c9f324a
14025 f32aeb07c7ff2b88
14026 17176880b030537d
14027 0f3ff957af3eab4a
14028 a46a0bce415e0b5a
14029 46e2c9b022e9a8fb
14030 a0e173c10b21ddb8
14031 6a5163335c0c2ed9
14032 e8bbda8324684267
14033 e27c53d5877c577b
14034 f0e03d38913ee7d0
14035 c066067acb0eb763
14036 af59a8acbdc2a91a
14037 1f17a9885c2d3f01
14038 0ef153873cbc169c
14039 f7403a00a4216463
14040 583a3dba0d0fefaf
14041 085346e4a5e9ad4a
14042 bd65bdb99cfb8f6a
14043 daa1f0f3fa976857
14044 90a756fecd9ae8c1
14045 6164d03b28531fda
14046 49d846e10a4d2357
14047 9198f9bf992daede
14048 3730f0af2b030832
14049 21cae5f50dbd3cd8
14050 4bc35411cd03e15a
14051 84fede62f3a075f4
14052 3c1d8e71eba1ddf4
14053 d2b015ecbfac8742
14054 2c9b75d8d653b80e
14055 d75f07729f601537
14056 49c93000ce3ac684
14057 f6a9e8287a0c74cc
14058 b41f6210168c5bea
14059 fdd961256727f215
14060 50ca7ab4d137f1e4
14061 5b87718e4d566dee
14062 88c3341a499fd814
14063 f8935f4b7c1d53e5
14064 69a91fda63f32b06
14065 5cc1dccefd8bcada
14066 a98c7f62511899a3
14067 e65f1624a0d92dec
14068 da2b9344f22601d0
14069 5611e33a6537243d
14070 66f585c56f615c0f
14071 36147de9135ffdfb
14072 161a66f716a9e4af
14073 2fbce4186bd47c7a
14074 dbfc66dd440113c7
14075 27d1d3087b683f48
14076 8d6d6355b318a84d
14077 2df278e1e1594302
14078 0dba733b00e2b711
14079 fe931d6ebe62fc74
14080 4ef1b0ca8d950287
14081 6c042e7a8cafd798
14082 0e108cf972108451
14083 11d24a911be52126
14084 3075250254cf30e4
14085 043244a3749724a7
14086 f6ad69246fe3bf0d
14087 24d03957de13994e
14088 775741aea7dc51f8
14089 eaedefa87a3d30b6
14090 cdd6298835c74e27
14091 010e014d700419e1
14092 007e41f662577b90
14093 7bd87653f35bdabb
14094 a0f91b578c1e78d4
14095 daa929e364ef4e25
14096 74a8c49033f6a0c3
14097 2a9b15da88d7c06a
14098 068b6524b34d5392
14099 34e13e3f18c724b5
14100 0183b1d6a3c9db83
14101 abf4becf1859980f
14102 aa312ec44e78d601
14103 2d1e7df7851695a9
14104 9163836c1a388788
14105 ab364804eb5b6d7d
14106 3cba7312474d48a6
14107 e7ade1ddf73e1830
14108 e528bfca6d8266c6
14109 bd4fb383ba0ccf99
14110 beb890719ba20197
14111 9c7538d7f00c9fc6
14112 1268e28af8cc5cd0
14113 bc415448c7685050
14114 e1d846e50659a794
14115 be682384f10fd166
14116 48c7d6a3c7efaf2e
14117 e175545ca1d13369
14118 9536673e3e921509
14119 f1e46b1e7a41b6d2
14120 9b60850367723b2f
14121 9ff7cbe6a0764a3c
14122 d132471f70227589
14123 fb7b28db18a5c129
14124 d37d9fa877ba7764
14125 9ac0967d80351809
14126 22ce6ae0a45f4223
14127 0c84ce175906339b
14128 2f758b71ddbf148b
14129 f83d3f43633a01af
14130 921f2b55badb4e09
14131 b5b59912d375e1c4
14132 15eb317daf740b8b
14133 9cb64f80ed59d388
14134 65d051d7c6dbf29c
14135 b1aa19e713da689b
14136 ac20f4211d2d4073
14137 f10a5b3b607cdd6f
14138 46cf3bb05562a5d8
14139 a8bda7c9f78e7438
14140 1c8df0007d918249
14141 0afbe00c90d61853
14142 9e5823f62b1b4961
14143 70aa3acba91db7a5
14144 80d1b981a381df77
14145 237828a5994d7c30
14146 8a43baa5c8bcf4e0
14147 2b3db29b7b78da82
14148 f563c5fd10dd97a4
14149 cfbc1e46a45f420e
14150 85bb8d067b6fb3fe
14151 c054b0e4c29163a6
14152 442d322ec255b977
14153 0ed19bd612a2c086
14154 b56781838ce30320
14155 97a927e19f95d0ca
14156 2c3be68a1b0ca58d
14157 62103a6e171549f6
14158 c8677e1a59a95b97
14159 cc53b487a9d10dc3
14160 d5c49416e33b46d7
14161 2baaebb62618b5e3
14162 588c68d379fb41d0
14163 dde87fbe0583d9e6
14164 507006aa6ffcba29
14165 470260dc7ac79137
14166 7de00c6a776013af
14167 327440525337bf69
14168 fb81fda84eb6c225
14169 c028ee651743f6ff
14170 79e0d39fb7a22828
14171 4839a4bccda372b4
14172 70cfafb555d44fb2
14173 ce80887a76abd4dd
14174 18d728965e7d5d6a
14175 ff6652f82c05cd58
14176 24c358b62d48771c
14177 f280618df03fbf0c
14178 b8bb24e00b061952
14179 b0152eb18f5feb1b
14180 434b5d23cdcb6677
14181 85d8c20013ad90a7
14182 f6d71639653b1eea
14183 d3fe6d8112fc945f
14184 e1b1f6d82aab29c7
14185 f87b154530b0146e
14186 1fb9c455bc98549e
14187 b8ccc928214d15f8
14188 58d69f99107a3b20
14189 3a872a1d7f64f6f6
14190 7622cf998c0d8f8d
14191 6bd361005c79fd41
14192 e5cbf1841d3d5f73
14193 58e370e0c50dd961
14194 4af08c74a4d24199
14195 cb530b45ac03d904
14196 14ff4de33d7e6c6a
14197 528fb79c5a9dcd40
14198 246babb377f2df51
14199 057f44f07adf8e7b
14200 f2688d02d797d130
14201 3ea6efdef045e83f
14202 e5339fd0ec5785ab
14203 7a7a79dbd67a442f
14204 cf5cf66b2afdd446
14205 b63e973a5d667675
14206 5938dc06dc08e536
14207 99493e77b0f40664
14208 98b583fc5e9b3b76
14209 fed86bfced266cc3
14210 742fa8ce6688d2aa
14211 299037cdd9765cea
14212 19e086014eb7b0d4
14213 cfb00ac88ae15bee
14214 ba267d1637deae3a
14215 789c2aa56f593323
14216 f8692fb5a17202b3
14217 4568b7d31c8e0f10
14218 c4c23c16e2af3e00
14219 21a09470ad790549
14220 e102569be0362c04
14221 3d5ac24f1b3739bb
14222 08aada6680eb484a
14223 1154ff83f40b784c
14224 9d20090e97e4405b
14225 4f552aadf48a43a5
14226 a29d9f48190ddcfb
14227 4f66ec80d56c7f9f
14228 9295c6ff21e4dfcc
14229 827ccd7c46c69550
14230 18888a3fac58a25d
14231 8c41183f99093aea
14232 267ab8daa66b456a
14233 badef7bd29bcfc28
14234 4fb3cff5040c9ded
14235 0e8e8b2d6631a829
14236 f65d8c03e6be1a27
14237 64e783377da3f312
14238 c5497b592dcd54e7
14239 f6a899f15961babc
14240 af2cd09253179293
14241 0062e0ee25b7963a
14242 c84fe3011dbf2d32
14243 fe27ce3bcf58bdb2
14244 1bf3621e7926fafb
14245 7833f2f646eaf99a
14246 246e19196cff0b5e
14247 f3dc8ebbd715963b
14248 4fa37aa918b39477
14249 e246ad42134924d8
14250 c946b1536a07dd2e
14251 ea9c7f15dee90c8b
14252 c48bcd96681023b3
14253 c3169ae5731bb962
14254 76040fc35e608cfd
14255 ab83f934d4669ddf
14256 1eefe1e1d75fbde5
14257 ce6f73a8b9eb2de6
14258 1b6a7ac9b1034821
14259 cb779cb259aecdee
14260 675bedd646413428
14261 b2464faba1ddea18
14262 d385c88fb2c25689
14263 d4acd21d28603433
14264 a87da4ec5b69c0c9
14265 e63a01ddebb59a28
14266 ac8b5c4f3a572a58
14267 f905910cd43920bf
14268 aa5a2363df04fff2
14269 faf945a8abb91089
14270 7e3f7fe9c0b54600
14271 b5ae5a820c090cf1
14272 49e61f735f6a8fd9
14273 00e6aeef2e215019
14274 be63ddd415a8ae2b
14275 65f78d94eb1ff2f6
14276 116a057c1e7cf270
14277 4819b1f8e7252b73
14278 ffc99c76b3e78900
14279 46632fb55412896b
14280 d628dd17b99f8188
14281 3306b52b521b63d4
14282 fca91de105232c60
14283 be0829b7c5442f32
14284 3e86d09b1ee63ab7
14285 7f3d1cf9730bc499
14286 fdb72e918375819b
14287 fbf5b2a51e898a00
14288 1825cbdce5467bfa
14289 429f152b8d4a9720
14290 8d6b9e736c308b91
14291 58459a3f5acb6c73
14292 033845803f9c1a97
14293 058d3911e089459c
14294 c3fa9c88ab8d2f05
14295 06045db33947082f
14296 82a21a8b7daa4788
14297 56d60a8dd6bd1baf
14298 e38d70585a129240
14299 b9c14906409a5c65
14300 8a96721f16f226d9
14301 1b709bd6939c3d3e
14302 11938c90ab3dea91
14303 4c7ed0905b54e826
14304 47e0a63cf7f05d87
14305 ed912481ad7b4b26
14306 68c88b24754004b5
14307 393ed74a8ca79482
14308 22fbddf8cc77196a
14309 b3515a197f9171dc
14310 6c6b5d758217e3a3
14311 285a97c49cdab9d3
14312 ad9b7d4d39f66649
14313 3e06e14ecfb72582
14314 7defc63b2d24e6e3
14315 0a67201b4feafaf6
14316 ecb9461aba6e6864
14317 573680a56eda45a7
14318 07e737f4f67a5721
14319 6dde24474e3a33d6
14320 0ac286e5f7c955b5
14321 0928ceb95192bc6b
14322 21da350269973ce1
14323 739e6f6d7ebdebc2
14324 539d3b133dfa83e2
14325 354cc20d4a6e8574
14326 698614149eaf8d59
14327 75ad1e8a0e33f25c
14328 270191c3963e3698
14329 196ccd07d2a80c66
14330 e0f7093ee28b7edb
14331 505e219c4b3f1222
14332 4b8770de06c3aa14
14333 60634075ea7f303e
14334 04e43434c4ad527a
14335 8f9edf2befb4ea3a
14336 1e4ea502dde545b9
14337 b45b0b1e95353b92
14338 92f0ac8a8becd1ec
14339 5dbd36101ae12831
14340 46cfd5a2d0bcd1e7
14341 cc5655bcb07e38b9
14342 6077cc41b5e3eb73
14343 69795db18384a7eb
14344 9953114611852f69
14345 9e3e2858d48a4557
14346 8b668bd7109b38e1
14347 a1d9513005614abe
14348 2bf9c9d83273268d
14349 3e3526383c8154db
14350 5041d01564e5f4c5
14351 f6f0fafb6119243e
14352 784970e6ce296bd5
14353 e2ac182df692fc33
14354 510191c387321314
14355 73fb51f9c0a0dbd3
14356 3f57732a6565da83
14357 7fcb785bbf7a5909
14358 91709bf93f8a8ebf
14359 18688e501a0be7a0
14360 00a20d714b564abd
14361 3dd0235ef1a0a497
14362 a00e201736bf4469
14363 bdd7c73449e14cf5
14364 b88277a6c38bbab2
14365 b9f60bb25c455d02
14366 fb33cdb805bd71b8
14367 81b367cd1651a2d6
14368 06d54824d4a8c4ef
14369 16d12d9f7eeffe30
14370 907993c7e7ba0e80
14371 0f2d7eb3fc79158c
14372 6d975b5b3c27ba67
14373 60a8dfb7c659f2ac
14374 1f4fe77d3e696c99
14375 8d5419ac2ad272bb
14376 3b9431357c6a1f5a
14377 848d2d8bb7ab5c0d
14378 5f31118ec50e7b6a
14379 6f7b7f6a91664299
14380 95ee02947d242145
14381 b91a91c1ea7f0828
14382 c1b55205c0fd288a
14383 4b2419da096de314
14384 38660d52d37529a8
14385 da334a260236f9c8
14386 83a0561f7e2a578e
14387 645271b833ecfdca
14388 483700aeef13323f
14389 fcc1479071eb9777
14390 dcfce87a1d12208b
14391 9bdd720df3687dc9
14392 0b6b2450493af32f
14393 df03460b93d5d485
14394 ded410427a34b11d
14395 ef0007d3d56d664b
14396 f32a6a2d118afd69
14397 4ee6ff690af15d30
14398 d529860b69b7c66d
14399 8baf0a232cab4e5c
14400 22fe7da5ce604a80
14401 eacd4203ebdaac24
14402 4bf63561f85403c2
14403 7d4e4688f845ed09
14404 d718827201ba019b
14405 63c4722c0a30721c
14406 20751937483cc821
14407 63dfd9c61adc865f
14408 f74db30611baff29
14409 ef6476680152af4d
14410 4b59fe1e9004389e
14411 0a5b019120fc0031
14412 078506db6b9cec6c
14413 b9e263d59a705d67
14414 f5268b5badbd0c84
14415 296d2f206cb38a29
14416 434b775dbe0b0c2d
14417 53230c17eeffb0c3
14418 a798dbfba38523f7
14419 bce00b9f85a110f6
14420 b788ae54716da1e5
14421 dcd5b8de19f56f57
14422 2fe1f0c5ff465c56
14423 be0be9bc9d71f1fc
14424 b52b850d87474536
14425 544ec39f0c8f32d6
14426 384a67f35707b6ec
14427 a0e764385078fdb5
14428 2cb37ec230cb80e3
14429 59b4c489c491e132
14430 734226ca38423903
14431 a640e8df7d5f8e5b
14432 3652e9a5bf73e5cb
14433 b05f793d637e2e57
14434 e999aa1f4eb2c269
14435 2803eef729fe92bd
14436 ac87a46f32c75be8
14437 96b5e5db4dc9fd4a
14438 40f2e53491bf1fd9
14439 b0ba0ec9fd73469a
14440 5a30aff399137e2d
14441 3153f9c7c53bfbff
14442 799a932cf5b53214
14443 12fa682259f939f2
14444 07d25617e8513c93
14445 6c714def090ed28d
14446 6118a55b8ad571a3
14447 d05d0e12d3405bfc
14448 4cdb48fe4ba26c4b
14449 dce5db6db0911f3d
14450 7e2c928ee04140c2
14451 a5f9be387d19acfb
14452 d9a320ca5c67aba1
14453 f8cc803426256da1
14454 f9a200e901587447
14455 84afb36631a652a7
14456 c67d97d83a908b1b
14457 e8eca846ebdb92f1
14458 f50c0140edbe6f01
14459 8fb0a89c68fccfdd
14460 782eeaf5d89a07f7
14461 bb76da91ca74667b
14462 c502b38fb4b72e99
14463 d364550381bf579e
14464 3f9e4fefcf50fa4d
14465 392fcbaa8775b429
14466 a61bd391cbb3f58e
14467 b417b4f92a0dbe7a
14468 ac37d2e5d0fb0139
14469 1795afea76fcee84
14470 e215f0d8a32b158a
14471 bcf2c1c0b9a0bd87
14472 54d39e3e9f15e451
14473 f6775b89f6247009
14474 8fdee40ae3ab1a2c
14475 1ea59c7d9b3c5e64
14476 fc3d84a269f2fe86
14477 66cc3efcb0a5196e
14478 395f2b12807c6ae2
14479 b2c2b8d22f62f996
14480 492396c0b3cd6fcf
14481 c590f8594ca56b4e
14482 05695ac78f2b2af6
14483 7b80a83e18272ca2
14484 9025379cb3a1eb01
14485 6a7162a3aa9bc059
14486 13e7ef9e83a07dcd
14487 e742ce405a442a54
14488 7092a48846b4b33a
14489 ac74af5ccf385a3a
14490 79d207e55cdfd2a7
14491 f77d0249128cca6c
14492 55e56dc4cc70bd1a
14493 5470b8aca13155d3
14494 fa63a903801806f9
14495 766f883fa2592d94
14496 a24a2e3c2e9f3009
14497 fd3478d649bbe912
14498 f53e6571c980036b
14499 881400d0c87b4bff
14500 e1e0ab7cdbda0d0c
14501 4e6081d671285da3
14502 1bb07f05669fcaaf
14503 273b1538478d3304
14504 c482efe42e11e06d
14505 d67f67fd628a4d96
14506 54247dff04b3cad8
14507 936a6602b24e783b
14508 c4af2c2dc54f7a65
14509 d1687470e5be71f0
14510 c76f8c81c9a984fc
14511 9c8f8139a65d1787
14512 a383304ce7598c6a
14513 6fb4dd861ebfc514
14514 1b0e3eaec7757c94
14515 d85caa2181ffdf22
14516 1697d6a10cb7d991
14517 26997e72d0f6577c
14518 471facef25b5e4aa
14519 fe3eeed7333ec0a0
14520 1cd8e66b59e3c089
14521 06a7a525f66076eb
14522 b0b8a070777dbaa5
14523 049ae9b644098642
14524 12dcc9a87aa45ebc
14525 cbbb86dce44693dd
14526 ae995cd86b919112
14527 4aa083a89bb738d6
14528 4fe8765897e267fc
14529 433be539704fb4c7
14530 3b40c2103babc964
14531 a6be159b9056b0e5
14532 e6d4b5ead86d2f9c
14533 b6a52b6d4e8ce291
14534 1a878dbc2cb66aa3
14535 ed9f5a36a11e5ee5
14536 8033a401b45ff02f
14537 17b28ab7698c400a
14538 f49b414397605a20
14539 5a768f22b392cdcb
14540 bf2b6b85b78386c5
14541 33f39926dbb5ff64
14542 cb5256bb8e61b828
14543 963901d6fd2dfa78
14544 0fb953bf7fb83b78
14545 f395ba041b2b7434
14546 e7a5d8e6e9abcb06
14547 3c4503a5242f3cff
14548 a072504dabe8a820
14549 415a5876049f7cae
14550 1b0cd38d64981570
14551 1a84d10f391eea43
14552 c70614e14c06c2b0
14553 7665ec282f0db161
14554 ffe2a385de16f250
14555 2487df9c6988e719
14556 065889e548489c87
14557 be8369c1477faa0a
14558 8205756ef6221862
14559 c9e4f27aec6dbba9
14560 14696b4c9e2da545
14561 0366bd06b5d0a998
14562 29fac8bd410a6187
14563 7341df757c79db1e
14564 9e4e47717a4e00c5
14565 47549ccc70c85ec7
14566 0f24bba3ffc46d06
14567 ea18d143b6a0c6bb
14568 50c8a5eb72e99dca
14569 3d69d6aa7c29cc24
14570 1a98d3c5e2124153
14571 bb72eb8484b9fa53
14572 f5ebfc8439039006
14573 a5e2deb7fe1a352a
14574 a9451f2b1173b020
14575 4f1b5fa37dc5c9f2
14576 cd0335525e033afe
14577 4bb3334b197ac6d7
14578 f717fa39de4b25cb
14579 822f3ea69b1f954d
14580 3103a50bd83f0be6
14581 fc97a045481cf1da
14582 c9c0880ebb62ff2b
14583 d3f655c7f5a75d89
14584 d469ab4af61ca070
14585 410470646312de25
14586 c0c8e543714bd76b
14587 aea82a522744e7e9
14588 dd94995af2e42c7b
14589 22693aa492df8872
14590 ca941ea77134fac6
14591 7d0f3db479b0857c
14592 7f5ce2db723d81ba
14593 baf29f455299d71e
14594 bf896d54634a1caf
14595 a5dba1dfc8419a47
14596 4d78498354caf360
14597 a3121a9d77b2bdc7
14598 b12193f4fb434fb5
14599 6956b120c5540e2d
14600 548213a4934c8c70
14601 c221035c3153b5fd
14602 48fa90fcea0baaf6
14603 e34d7ac610f2fce1
14604 dfb40038cc8697b1
14605 57808113f81e0cc0
14606 8a5b3b4eae366205
14607 3d72606b3536c16b
14608 27500af274c25aa4
14609 aed8b2f26616569e
14610 c9b60129916be4ae
14611 4ef0e3a54898f7fe
14612 09563b305ffe8f20
14613 4d3f1cee86831744
14614 a034f58f706b5aa2
14615 6ada8bc49be945f0
14616 686a2ad0d82ff86b
14617 5ccf092fd5367013
14618 b70a19660c0730f9
14619 2f97d89127b91d22
14620 3e4c2de129737f00
14621 7b4e96bbf674beae
14622 56f34ff583f0241d
14623 0ff5ea73c7a1baa5
14624 abe48449cfa6571f
14625 013070dbc4137da2
14626 127b8445c86f57c3
14627 f772ef5c356e5b94
14628 aa88b353ed8cf5f2
14629 926b932ffb166fbf
14630 7643ac1033b8ef88
14631 5b37a4f572fddd39
14632 72eb1d56bda27283
14633 3a5e4310f3bdc8db
14634 c328e9a4f867a2bd
14635 5bab2e1223a52618
14636 bff640f1f2212a25
14637 1112c43271ba9825
14638 8df78a7d7d71c15e
14639 f4e7b33f4a987b4f
14640 b60fd02f63fd9e4f
14641 9c362e227e9783f4
14642 9ecbf57802eb8084
14643 cb4fdfcb4d63256f
14644 9cf35f88e17dc638
14645 158c82d3843e31ed
14646 238d0bc42048bd16
14647 1c60fa193c0d7ec5
14648 2ebd7337870178e0
14649 82497f5e48e54bf0
14650 b46f609e394b41ee
14651 76492c262cffae7d
14652 e8493cbcb9afb038
14653 d99e542e7f87aa12
14654 74a8be6d18cc30d8
14655 3bb48409d33009d6
14656 fe9379fc800c9b7b
14657 d0b5ed21961f7319
14658 314360785e273368
14659 20c55a9632b3b11d
14660 4e07c0915444fefe
14661 733b6451b7a23c22
14662 66b2eb8386f00f0b
14663 4486a014c53dae26
14664 e3ce00b1fdcf1ca4
14665 b8e1525ed47a6133
14666 10b26c0df5c1f51c
14667 d7c1414d7d624632
14668 e445c4772626d83c
14669 71311e73f7db3c15
14670 0f3363cb70267f88
14671 9bb3eb5012e3c5b6
14672 b49a5012933eeeac
14673 1e11c3fad78bd51e
14674 9715bfddc9bcbadc
14675 1218bb512dfb59a8
14676 79d332bc28495cf6
14677 f54906e9347d6e69
14678 db6ccd08ae119b79
14679 db6676fd4fee0ffb
14680 09c6677786522b41
14681 6c41bf2365bfb728
14682 e58ff0a84d83fe62
14683 d2c6f84650469d64
14684 c462ba1299c6ef8e
14685 f77695a16d3c9748
14686 9370567e2b2ccb2e
14687 904bcd4eac2dd23a
14688 85f5819adbd92396
14689 eea79150e1861b95
14690 998943c1836feecd
14691 b544d59578d0d386
14692 35f178f2a4bb2574
14693 8cbb68e1214d5950
14694 8a5f479108c024e3
14695 2d33c3cee896b129
14696 aeef3950f55267ca
14697 f6c14833070fa59e
14698 bba092ba8321df85
14699 0e8192af1224b969
14700 a88955a5dd83227c
14701 8bfecb0c04cba3a0
14702 254afd5b3d6c4c68
14703 c3aed203ac1143e0
14704 4fa3e3f49461dcec
14705 36312500f3ea3ec1
14706 31420a337d7b0a49
14707 ed74f3883e61194e
14708 0a64e462a335f318
14709 406b56a0db5d1043
14710 3f2534d0170b23d5
14711 4f99c6bb7fa1675d
14712 fdb91b708ff1b76c
14713 d0deed76b25591ef
14714 af10f90fbb89b4cd
14715 2d352405a2b56748
14716 721b9a6e97de5c6d
14717 d8fe534a8c46e0f3
14718 23b731fe64c898a9
14719 a9fd922c17c73be1
14720 0cd579c189528a0d
14721 1cfe571003250ce2
14722 5bbd62ff873d9b16
14723 bd9f577de325c4f2
14724 bcf492d37a6b5071
14725 db27d02e933a066d
14726 2a293e739d9e5af0
14727 644ec6f45d936925
14728 3b42e99ce130d4e7
14729 1d2e6fdec2690736
14730 e83d78fcf3aa6ca7
14731 f370bb600400925f
14732 ce6051b79170c3dd
14733 105ad5f588a3570d
14734 bc787d08299acb97
14735 b953f567a4b2be32
14736 5f1cfa27c3615ad4
14737 a8c283e33f4b170b
14738 aeeed123e193c5c5
14739 b7963caa840cef8c
14740 fd1d0a921c5fd891
14741 ef3e609de387f3b3
14742 375d295136b5f257
14743 3cc2046f87da6fd7
14744 d1ab037e2577c55c
14745 245cb027f063f027
14746 f50cad7bed2f08a4
14747 f14a283bfc07a49d
14748 ae242637c8f88adb
14749 49abf0397c0a489f
14750 3fd57498cf0bc114
14751 91a617877db423fb
14752 cf8ed398ed053e2e
14753 1b08a2b2f3209f12
14754 a04f169eba2b92f2
14755 2d462a977f3a37ca
14756 40dcf7c882f98fcf
14757 7c0b03a4741b9731
14758 a48d74c7bdaa338e
14759 b8ea9bde09f813c8
14760 2833b8305c13e0b1
14761 ef2b87a6a3381781
14762 1d70b821601ae399
14763 484305937a0562f2
14764 879ded41c7af7072
14765 eea2260d42f0507c
14766 2fb693204be93138
14767 9c32250cee23ee05
CRASH 14767 vec4 PC 0fb6e0 SP 00ff7ff0 ADDR -
REGS D0=00000002 D1=0000004c D2=00000018 D3=01370000 D4=f000f000 D5=00000000 D6=00000005 D7=00000180 A0=000bff70 A1=0090c240 A2=007085ec A3=0002a62e A4=00ff85f8 A5=00ff8000 A6=00ff8400
STACK 00ff7ffc 000011c2
STACK 00ff8000 00020000
STACK 00ff8004 00040000
STACK 00ff8008 00040000
STACK 00ff800c 00060000
STACK 00ff8024 00000168
STACK 00ff8028 00000184
STACK 00ff8030 000f270e
STACK 00ff8034 003f7080
STACK 00ff80bc 00000100
STACK 00ff80dc 00000202
END-CRASH 14767
