1 b9d103fd6854a325
2 b9d103fd6854a325
3 b9d103fd6854a325
4 b9d103fd6854a325
5 b9d103fd6854a325
6 b9d103fd6854a325
7 b9d103fd6854a325
8 b9d103fd6854a325
9 b9d103fd6854a325
10 b9d103fd6854a325
11 b9d103fd6854a325
12 b9d103fd6854a325
13 a23408d287fe4c32
14 b9d103fd6854a325
15 b9d103fd6854a325
16 532e03fd6854a325
17 b9d103fd6854a325
18 206bf4cc87271b98
19 b9d103fd6854a325
20 b9d103fd6854a325
21 b9d103fd6854a325
22 b9d103fd6854a325
23 b9d103fd6854a325
24 b9d103fd6854a325
25 b9d103fd6854a325
26 b9d103fd6854a325
27 b9d103fd6854a325
28 b9d103fd6854a325
29 b9d103fd6854a325
30 b9d103fd6854a325
31 b9d103fd6854a325
32 b9d103fd6854a325
33 b9d103fd6854a325
34 b9d103fd6854a325
35 b9d103fd6854a325
36 b9d103fd6854a325
37 b9d103fd6854a325
38 b9d103fd6854a325
39 b9d103fd6854a325
40 b9d103fd6854a325
41 b9d103fd6854a325
42 b9d103fd6854a325
43 b9d103fd6854a325
44 b9d103fd6854a325
45 b9d103fd6854a325
46 b9d103fd6854a325
47 b9d103fd6854a325
48 b9d103fd6854a325
49 b9d103fd6854a325
50 b9d103fd6854a325
51 b9d103fd6854a325
52 b9d103fd6854a325
53 b9d103fd6854a325
54 b9d103fd6854a325
55 b9d103fd6854a325
56 b9d103fd6854a325
57 b9d103fd6854a325
58 b9d103fd6854a325
59 b9d103fd6854a325
60 b9d103fd6854a325
61 b9d103fd6854a325
62 b9d103fd6854a325
63 b9d103fd6854a325
64 b9d103fd6854a325
65 b9d103fd6854a325
66 b9d103fd6854a325
67 b9d103fd6854a325
68 b9d103fd6854a325
69 b9d103fd6854a325
70 b9d103fd6854a325
71 b9d103fd6854a325
72 b9d103fd6854a325
73 b9d103fd6854a325
74 12492d72f25d9349
75 7ae3909600f3ac83
76 ea654c5975f0b09d
77 53f7faa40e1d9940
78 beb4f46fb01d9940
79 7c15e8cd7a1d9940
80 53f7faa40e1d9940
81 7ebb4311961d9940
82 beb4f46fb01d9940
83 53f7faa40e1d9940
84 53f7faa40e1d9940
85 beb4f46fb01d9940
86 3aa2a85e761d9940
87 53f7faa40e1d9940
88 53f7faa40e1d9940
89 beb4f46fb01d9940
90 7c15e8cd7a1d9940
91 53f7faa40e1d9940
92 cc17bc8385628003
93 134410349f25189f
94 4bf05fe1d8669370
95 e30b5cdc109f8f98
96 d794e94403d48dae
97 f8893af5b1ee68b8
98 6715da566c136703
99 bdddc3bc704abb56
100 cac8d5a7639085bc
101 dc4a5fdd2189e675
102 07a15598ad2352ea
103 d67fb61c49c1dea3
104 2c6d7e9344406468
105 7a81f43f54eeec71
106 a6081aae5d7db536
107 88fff425e58417ef
108 19fff030fb15f864
109 cae5d50d7d8b5e1d
110 364358103f40b832
111 f0cfefba14a30deb
112 3bc0a973e64e46b0
113 b614c5f2c9890919
114 8fa5f9f803592bde
115 9489bac029d7c597
116 f94c55259d9e3bac
117 0b04c94d0ecd8d65
118 5bdba50638f681da
119 9af89d4e9540ea93
120 953b806112f92d58
121 a7d268316c233f61
122 967e907be9279f26
123 58844f282a25e2df
124 0703ad407f4cd354
125 af1dd48c403c1e0d
126 93766f0bacf08322
127 1030ed8f4de6e4db
128 47f58bd17f5fa0a0
129 a575a1a2c4626009
130 70a925cb57355ace
131 72a37bb6379ad187
132 1cf924e84bbd029c
133 7cb3d4e49e301455
134 05a5172b309b7fca
135 8287cad0b4170583
136 93393185b7375c48
137 62626a118aa3a351
138 7786da4ea5226a16
139 d0e5f8c80f7aa5cf
140 057c071e00d99344
141 c2080fa96d5518fd
142 d3a2b17571a45a12
143 3cc7083a2efc22cb
144 59c7d7745cf6bb90
145 20d3b0e6b23ee0f9
146 e4703aad098086be
147 37dc28d0e0fb9877
148 7d087606e6a6898c
149 45d4c501b9a51645
150 cd6571ce36587aba
151 56b828d05dbf3273
152 8646b4aeaa2e6838
153 32f8e70c0af8e241
154 7fdc5a3a39261b06
155 b2ea95e36070c7bf
156 28dbf02a5c83ae34
157 e505725b456099ed
158 b2aae9d9bb727802
159 e318d5b2c97761bb
160 9ce4004d23ec6280
161 04b54bd33a8e7ee9
162 511f68a53a067fae
163 d7d85c6f57c9bb67
164 facb33e848948b7c
165 cc2596272b22c935
166 b1674569e0d4a7aa
167 f15dea0f3300a063
168 5943ede3e027d528
169 64ce5aedf6d36731
170 120503b9e56b1cf6
171 0a5de6a7fce51aaf
172 8c97818e60312f24
173 b4663f48321953dd
174 db8ac8997657d6f2
175 9a72baaca66d96ab
176 44e3b52ad0571270
177 4352e48593059bd9
178 cb48408f6edbae9e
179 56c1d633c6dec757
180 52dca5801bb83e6c
181 0a3fd08abeb5fa25
182 91f8981ae066159a
183 6d4ce7120118ed53
184 7e6339e33688b018
185 cef200d534e2f721
186 aba94e33c4628fe6
187 fa74971cafcc8f9f
188 f96a5571b9355b14
189 6da8e020a2966ccd
190 4444ed3de7030be2
191 f79b6ea39e70ea9b
192 e64f8f3f4475bf60
193 0e9842227b77b4c9
194 b5613c90ae2d4e8e
195 26e6f659cf620247
196 a30c58577fbee15c
197 c2275c3232166a15
198 ab142e492103828a
199 31e7d70e885f1c43
200 e86d0ff11194c008
201 c853f457ea08e411
202 b7ae9bc4986236d6
203 38ce347d97f5ff8f
204 0aaa190d11610204
205 eef9c9043048edbd
206 f41f391c038e5fd2
207 44c2b7ec35734b8b
208 1f9936903a37b650
209 6822f15f562474b9
210 f3d5aeb783c6577e
211 b6182317f6630f37
212 e7e3336f6e55df4c
213 826fbfb7b98cef05
214 ac9fd28c60f1037a
215 2ea4c78e2de72833
216 f35be144122a6af8
217 8f7e411a05dd6b01
218 29104f1f54de74c6
219 bf999f68e82e1e7f
220 d604451199a682f4
221 96c113337e7f7bad
222 8931a24180d112c2
223 a5128115e088ce7b
224 c792c30ba002d840
225 e5317e4b40d96fa9
226 397547f4376e846e
227 681685069522ad27
228 dee91b1857c9923c
229 7c2e0ff8275463f5
230 0f587ee33c0fdd6a
231 7418d80401124123
232 467f97e3a7d897e8
233 b666a9cde32f6cf1
234 5b36961e0c0093b6
235 f819e0c9a8a9e36f
236 4c320c24ed21d0e4
237 167623cead3ec89d
238 81f337a0aedd63b2
239 2cf87dc444203e6b
240 a7c6ad4bdd761730
241 2c4cec376a7cf099
242 05d12030cee7425e
243 8728e8062408ca17
244 1737c825d062b92c
245 80e86f83000ad3e5
246 b8b17931dadcd65a
247 981a662836d07013
248 64becb50d57351d8
249 e345e3edf5141fe1
250 ceb27784348638a6
251 64ca7d1d03d3575f
252 e022ce95cd883dd4
253 afcb0c720cbd918d
254 8c981eb99b9fb3a2
255 36d0eaeeed169f5b
256 4f603023b8be4c20
257 511f39e1a6b9fc89
258 61ec474b89c03f4e
259 800cd9dd76a7a507
260 c8b714668106491c
261 76cbddcf995ba0d5
262 42ce8d80a5c5054a
263 7234f30b4b0c5003
264 3c7a33232e1dbec8
265 665ff2d32352a2d1
266 46502e4ac083ac96
267 0845eee34b72084f
268 dbf3719d638518c4
269 7887f1589e12817d
270 16eab53bff801492
271 282d8b8434a7264b
272 cfbc63772fb2dc10
273 1127cdc66b16c379
274 6b9dc892046f1a3e
275 5b1057a55de324f7
276 5a8e3d85e1d1160c
277 9bddc4f506c9b7c5
278 d61cd02b5bfbd14a
279 c1e5dc8446922138
280 24e9bbdbd82563b2
281 8b6c7ac8a9e50f6b
282 84bc0cf538115a51
283 ae46d19f21fa2448
284 7672f620e538f483
285 a89d258b93c682ca
286 7dce7c52d1cba225
287 f5adbb1bbf50396c
288 90bed405a9d23a57
289 5bc41413cf30369e
290 62526e52b8dc96d9
291 bce10d3321e03d70
292 4fa3dd56c02a3eab
293 0dc1e52a327fb9f2
294 d793d0c0a9ec4ecd
295 4fc2b49e462ae314
296 3d33edc8dde0379f
297 ff21ca03a9e271e6
298 6c3c2eab4cb9bf21
299 be7777a078c35818
300 6f351146af33e383
301 03683a55406f538b
302 87977f234b790a04
303 29f0befe062e4ebd
304 57e34a1afea367d6
305 77231213a452b08f
306 589ab0802f0b98b8
307 154105a984113c3c
308 e38e2e53bd85e654
309 382eb2da0a64510d
310 1d7cf029fba3b22c
311 0802ed1cab6319e5
312 bdcbec698bfae35e
313 73041be417737e17
314 de019facc820b430
315 a41fd9eb4071e699
316 afa93c324e4c59b2
317 a6f9735e15c47f6b
318 5575a306689eeec4
319 3a131744974d777d
320 23d4847aafd58296
321 530ff8c15c72bc4f
322 f939fc080af722c8
323 d3b0979a867b98d1
324 4868e2816f58db4a
325 7d6a869b87a14603
326 7c25bee2f3d1161c
327 21129f79f5fa41d5
328 223ceb8b3b80a84e
329 a5c345fd8426cb07
330 89b0e7d24d89ed20
331 7ebdeb0b694c1289
332 c010c707ca28a9a2
333 17732473809eec5b
334 fa118c29fb6789b4
335 5dcf0a24c52ad56d
336 b4e576d5b2fd3686
337 60794a70e004813f
338 74721e2bbe62ecb8
339 da490a7c1d2bb6c1
340 ef50f1ccc3f99b3a
341 b6dc4c70f43b93f3
342 d31aef8b251fb70c
343 dd90d5b2130ec8c5
344 01a2c8f1c8bb603e
345 69df24ac8736faf7
346 10a03e5e33820210
347 d09b81b214590779
348 fe1d1c902b8a6192
349 3b51452e620c1c4b
350 fe22c8c762710524
351 f120d31ec410d0dd
352 5628ec3a8a0d73f6
353 7d9180e11f397eaf
354 0800fbab671f3928
355 a9967c31bd393d31
356 f6a78ee519379daa
357 bb10ad77b4a80663
358 57955b781090e87c
359 61b3b9ec80ed1235
360 df8ee7ec0d1bd0ae
361 282bc185cde2e167
362 4f1cfb9a06d3ff80
363 9510f59793e6ffe9
364 987700e7b8686e02
365 75ca6b81e54be2bb
366 969c9667a4d45114
367 d21e5e3d9c3db0cd
368 ed2c15349d17f8e6
369 ff63f37f61ff459f
370 c55d43b515008618
371 821f6bba68f9c421
372 a395ced1125de69a
373 533221c4601faa53
374 382a251bbe82a76c
375 72927c99e7e19b25
376 feee83b7797f849e
377 4a0305849f762d57
378 5f229de904d8bf70
379 231997011fda54d9
380 6bbfd37f88e677f2
381 671929423c2d1bab
382 81dd554c715a5304
383 91b4a809b81e03bd
384 9db7ef3a60afd3d6
385 3ecf141e9341458f
386 b42acf687bcbb608
387 4c25111025685811
388 f44a01211bd0cb8a
389 f4a99347bcaf3243
390 ccfa537d5e89425c
391 f7c078fd58676015
392 784e2290907c448e
393 4daa08721c7c4647
394 a3be31c27f2d6060
395 d9886a2c744bcac9
396 6ea348657c956ce2
397 ca174c17f989309b
398 79376fce5cfd78f4
399 b9634ade662ed8ad
400 bc1ae5d419c0bac6
401 43d69ae8ef9dbf7f
402 cd4bf82066b71ef8
403 089bc1f8ea209101
404 da354868d7c3f97a
405 302b8cd5a25e5933
406 3a17f24f3048d54c
407 f0b0a25b0bef7805
408 8e57c6603d23bb7e
409 0323326b0406e537
410 1d9c70d11870ac50
411 2c0142c1ea7f65b9
412 c2abf245890da5d2
413 907fb062a3f0948b
414 e6df34998fc43c64
415 f3011e404f98541d
416 477bbdb1c1b21b36
417 7ed5f4f8aaffbcef
418 1e650515c50b5a68
419 b8a421e955b87571
420 32c91371a053b48a
421 7a65b669c9fcda1c
422 9e604c6992a92103
423 1edbf4c75307264a
424 a80e5a9dd4bce7d1
425 a32d7f9504c0c6c8
426 04db4830512b31af
427 4be1ba0ee49b8454
428 77b8ca72315b033c
429 c8e4dfbab6a0cdf5
430 d845b3a651d41254
431 4efca823584a320d
432 167affb0afe5ca26
433 ef9e7fceb99d40df
434 395d3042063f2858
435 ac6889d865eb3361
436 7bc935b234b3b5da
437 ab0bd519cafb3993
438 4ada4895b32b4fac
439 16ada8c3ccb61c65
440 e505e604ec7682de
441 6b3330d9951d3897
442 4252b37fdf9935b0
443 35e43e7f4f07ad19
444 3860fd0611467c32
445 1512c48bc8e928eb
446 6ec46c571d9c2e44
447 128355f8de6ee3fd
448 e59b9124bf37f116
449 d0788b51327749cf
450 72a8181e67c3ef48
451 f87416aac0143651
452 92b71fb6d8ae93ca
453 19de691bbcc36083
454 e4e38f8d2cdd919c
455 9361990d6bc64355
456 3d173fbc4c98fece
457 8d0f698c7189b587
458 519e9ae95d8bd4a0
459 559f43833bcd7e09
460 42014fbcd348bf76
461 d790e74e3f71ec2b
462 7ea2b7c1df291f23
463 fe19291b795f817b
464 d79c127c8adb3705
465 db3105f23611f2f1
466 856bfd092a89c574
467 b7ca8d961b289031
468 6eea616d7bd59fd6
469 b810bb3506764f33
470 679aeb172c9922fb
471 dcaef907a4a5fbeb
472 2e5a5c8997ff048c
473 599f5c0854ccf1d6
474 8f0a340068602c0b
475 22a3b4a8816160df
476 51da08a6155971cd
477 c2e6ba76a578ab0a
478 7b75d2476f7a46cd
479 1a87752730b10657
480 3cf2b007ff11ce43
481 070adbb2b849f1aa
482 03d5c334ed272812
483 4f004fb3f999f499
484 1e1a11d5c31519f9
485 0e3960b93af29848
486 bbb7eec9e414ad26
487 bffaec8e27b616e8
488 4736e3619a50ce4d
489 16a06101df891b35
490 904650a956e8c790
491 6c9695a8e0258c99
492 07e584e8cd87c993
493 a9d54e23519de190
494 a0478f5f87bb27bd
495 f542faacbee64258
496 6fee30dce4ec351f
497 2b936235632f55a3
498 3d886ab15681a222
499 daba287b7d7ed5dd
500 5d344a72bfb5b9b4
501 2d30d36481912666
502 8d21a3b8b9fbda19
503 d3b9bc8652df73fc
504 237119b5afc756c2
505 663cddcf583c0f49
506 31cc85dd4c1fabef
507 e139779456a49cc6
508 12888b4471bdf43d
509 d5086628ab717653
510 6f0ab7b376198a02
511 5989ad800a31632a
512 884ce4b49677e96a
513 3fa1ba9988856ee9
514 82eb341fcd405bfc
515 584131673f774df8
516 40dd310d9559abef
517 7d9c9aee84792103
518 6c7ed8c8649ff6b8
519 8ad176651a0d9ac6
520 cd9830d48798e342
521 b6725ca0b5e9e5aa
522 ede7ce5d30cacf85
523 9f78ae335300dc1e
524 5808b03fea86f2b4
525 bfa0232c3f69435b
526 4fad5f982d692f50
527 76d0ca4a52ab8dd9
528 8dbb4a82c1ea76a7
529 d3402679e92cddae
530 e8672bf55eb5adff
531 36c2e6120fe49271
532 f0615c0b7ccfb428
533 b815e1e8db547857
534 1d3aac7e50a71eae
535 68b954628e625551
536 110b79372e745038
537 9af9ecce7f1037a7
538 f129f4c97021faec
539 094f61c3a3693c60
540 1f28ff6181736af7
541 82023ba39256fd05
542 739c94b85fbbc614
543 6fe9901248342497
544 980d46910400b035
545 d8bc0d3146b03cd7
546 bd892a7d2fe0af32
547 f2ff380fdfa96d12
548 0a3d71e4a2352ebe
549 eebfc91e84b3297d
550 662fb208ea821fb4
551 d4547ee4000d38f4
552 cd631b3b1bba3e47
553 88462ef73f2f9067
554 9cf1fabe26d4948f
555 0bae630bcccdcba9
556 3d740756798d4b91
557 8a4c126cc7ec382c
558 118605dda44df137
559 f5519002305f4de6
560 235e3978f273f126
561 fe874cf1107ac354
562 dc565fe1036907a4
563 36d7d60325f2a2d0
564 68e7e7a82e022107
565 3fd7b6dd8c2525b9
566 1a045d5f75a1c616
567 381c38964dfefd71
568 92e73cdf0dfce794
569 4994c9421997a903
570 3944e64ef5e0817b
571 f432f2cde65c459d
572 9f8b57f107eca6ab
573 de7d431fccdab1fb
574 9f8d30a85a32e02d
575 dc3a2e9ba3bfc494
576 8263a20516fd4243
577 b514b70d58499d91
578 c513c8a30390c72e
579 a40d8df90b676fcd
580 c2b809a38a9b1de3
581 d89c20c24cbd9770
582 bdd4b78a244932ae
583 420d16ad20cd473d
584 48ac89072a24e726
585 a59d71f675ba95d4
586 aaa4e153c36c2da8
587 e67f2643fbb2d39c
588 83e242fcd4add1e5
589 bd3a5a61a40cdd50
590 8b5ca9ae8383262d
591 9d9f09616ddfee1d
592 78ed29a1429150f4
593 23c87b2fb84afcff
594 062606eef8605d43
595 39d961d2a37b671d
596 b891b4017fcb960d
597 f6fee00b2ac53e38
598 6120d95e8b52621c
599 60bfc38cadc8c8fa
600 abba23611d833209
601 831993cd898f829c
602 a578653418fa75b0
603 85fde4b4f2ea7c3b
604 3c9dd4f774b9bee1
605 2a5ddfc559aa45e8
606 770eb5c4bba007ec
607 46c18504e35c689b
608 d300874e59b9a528
609 e1afe31c1f6ce236
610 de621043c89b1d6b
611 367371004a0d96f1
612 cec13b598af898c3
613 92ce94b3a730bc85
614 cf5d20ca720db7a2
615 3572ff0d2957cec0
616 6832531e0cc10add
617 0b9f2044f97e909d
618 fad61ef50084037d
619 98435ebf04a8d535
620 b92d73816962f4cb
621 5ff988e94f29672b
622 c8c946d23ebe8ae5
623 766849143b97e8c2
624 1347f17bce7499a6
625 39889038affd8fd0
626 1e3e1e17261622d6
627 be83b2d0c160657a
628 e6c040f41bc2c5ed
629 ded6b555c966307b
630 2ce644b1e6a4c729
631 20058b7d734735e0
632 b45dd513fae6e682
633 95dae7e870d0fc16
634 78f3c27808919215
635 fa0ecc1bd2c19f36
636 51a1d79c31e5a2de
637 0517693767a0e118
638 dc86527a6509fe96
639 235e2fa68524c5fa
640 6a6287402a0a11e5
641 d5f8a171021f19f8
642 0413cb4854114ea6
643 842121ec643a7029
644 e0e860c243baaf4d
645 dbf49fa1bc23448c
646 085dd47cadb00610
647 7cd76b311a8a4cf3
648 4fce52ac41dfcacf
649 2d441ece1dc305b2
650 62981a78da6db1a6
651 3759cc560de8699b
652 06e617b2d4e2d280
653 ede824ac2fd80980
654 926b339e2b8b8a32
655 457d2a0df511e6ca
656 6761332a31937e01
657 8cb7377bd118152b
658 50cadaf58cdc56c5
659 00d99d7cf1be8e3f
660 5ada0569eb15cf5a
661 0c540ad230629f1b
662 2e751f42aac86bf9
663 1bcb1466ae1bf222
664 1b7c8792194e1b18
665 26b9c74fbb32d69a
666 bdfbb75e6e85b866
667 5e27497f9148fa0d
668 49f9756ca3607113
669 eca88d130a349ae6
670 d9e751c19eaa84a5
671 16977a51bbc445b0
672 b11bc490fbde8197
673 7c1d88b4ffef6225
674 1841dc0b449a3577
675 b7a9fd26a5836827
676 54d26f2878a1d4d5
677 15b5ddc1ffe289eb
678 1944bc99705d6232
679 2474ec6a4ba2ffcd
680 b2b519effed03b45
681 fba083cbd5226be6
682 b94cb6a865487310
683 9edbfde9968c3ced
684 67f902f18747552d
685 59edd2d275863202
686 18a6c55abbfabd99
687 5dbf0a5183e41abb
688 1a1a62828d891332
689 b53af8489a8666a2
690 49a7e386c4b02307
691 8bc273140b352c84
692 534281fe80098167
693 32d4f9f5c666bf83
694 1a927927af01a819
695 4552d962d9aa0652
696 8c44e37dd33b9156
697 fabe655fc5721f70
698 216c75937b31d232
699 f68b91436497d4ea
700 732073c0b9dc984d
701 c497d3ac265720bb
702 9bfdffffc10926aa
703 f901130c0321cc98
704 856ef90d8ed7feba
705 73d84b34880f6ac2
706 2f8dee0716894178
707 92284a8cc2138893
708 82377fd9765c5d21
709 c75cea61196a9f21
710 d3b63f2e12d3fad3
711 c75b9022ae7bf7e1
712 4b2bb4e2a2522d75
713 c342becc97a8ce58
714 0d608b43d6cc7ec3
715 325f4d89b29cf7de
716 3c8458fa852987f8
717 9a22722776b7a928
718 5551ae01c8799509
719 7e86681a2ecb6777
720 0a441510359951ce
721 b0eeeff30499a06a
722 b41db4121e316e98
723 8b5e80228a1216f0
724 bd0cdc5a81e43685
725 aba5e0de1015a318
726 1258e9b65f8fb80f
727 4f1ad64f48898aa1
728 3948bde19e682c3c
729 e5d664d416388e4e
730 5abe30d625999589
731 2cf0071854223a6b
732 7af3bb3e7d20cf6a
733 b2f4e57e1342631d
734 623e3c523d2c745c
735 b7e50be10d671d6a
736 c8717925d53e8769
737 36679c753a38483f
738 90c6e0c0ef354f92
739 966af733a0ce81b9
740 9c241136162caf80
741 68eead3a0bca9e5b
742 6280423e1a3e6391
743 ec980d0509947451
744 cbb6268dd5000154
745 707e6fdfeba54f6d
746 d1d8e45042f5ca51
747 f87d204797ee7293
748 f2f09d3de557a018
749 42091970ff661e12
750 e30aeec0aeb7a9e0
751 419617d7c7a540be
752 1d6995fdbe05ed82
753 4089abfa3e34c654
754 5cc813fa17798d3e
755 fb547740c6d92c0b
756 b8d72dd4188c8348
757 7862c501de55e2d5
758 d8c0b53cc44e3906
759 7d0a5c37b43363e5
760 3d0970e0888367c6
761 cb03fcbf85b8b341
762 2d043178ab6c0eb5
763 5185f5fa62e4aaf6
764 3b971eac75f7cd26
765 9a3d3130037c00ad
766 6641bc9f4e007268
767 e01e5f5eacd5557c
768 bfe8ecd2e870fcea
769 6a0d85b630d088a9
770 73c220d1db9f370b
771 f183acbd879069c9
772 e1816899d56519b3
773 2b27a2e719a2853f
774 be7e614ba8740598
775 1ac61203cc1cf5d4
776 74ce6459ac925e08
777 8c52f18c1e77c750
778 39fded080d4ae64a
779 996d920cde3b035a
780 46c9df094e77c000
781 5dba1da50be3fb61
782 5155990df9c5d2e8
783 10912c287c76eda4
784 11007bbe35420cfe
785 08feefa728c04818
786 a252f4c32a0e4c68
787 8e775a45f3f6e5bb
788 18275f9f7819a3c6
789 c6c894fc9d0d7ef9
790 6976bc0a66f7b37b
791 7a46c425447ecf32
792 9147a4f9d55dc309
793 f87b7d21dc9a141b
794 f20d9a0016cf207a
795 c6bac65717963935
796 e0fc9819875ef75b
797 9f36bbfee8095205
798 667e2760786344ec
799 07961fee9805fa5d
800 7d6ea4913f910cc3
801 24fe343825f58a8c
802 0690257b0532b914
803 7f3a28d77e429309
804 c6616b39d19e3677
805 c6d7e9e4623ee10f
806 cc39fc3920aa3fd3
807 7a03fc7c46fd01ef
808 6ba2c0573246f5b5
809 e8738f368141f895
810 a7746f1e9118ef9b
811 f911d5d6fa32304a
812 995e8fafa067ca1b
813 36f5a372c85bb935
814 862c0cfd1f91b8c1
815 ccfc61cc5fdd125e
816 87467779901d4c09
817 ef46d70730488c62
818 1a73c7e48e89c99d
819 c9f3673a5bf77f7b
820 84d428db3f76a3d9
821 646c4aeb3a0e38ba
822 83390ae1cadac2b1
823 559cdee4a576e442
824 ec2847be64ce37e5
825 234c8e7f839bd1c4
826 8b085b4cd2962347
827 9ed5177546c9a12d
828 5ad1a49656e4f67f
829 9ff6b05426b3c6e2
830 6157cfc9fead4f6b
831 edf6be9bea73bb5f
832 07e4e727b7846854
833 3cfc420db1b9603f
834 7c7cce4f960e8af8
835 3d1bd37da756f47d
836 f075dcab22f43b46
837 311ee12fcba92863
838 0f17ada489fb3b4c
839 05c37f42e09bfb21
840 d9567bc54515fcca
841 70efb6fe4e68dfc7
842 6f61a6309e795320
843 397b5941a8e9f325
844 8583ecd41d3727ae
845 b7ecbee7abb679ab
846 09d0b73cad877294
847 fbe99ba67d609189
848 24aa4a210a8c2592
849 dbc2a4c1c287df6f
850 8f6fe129e0228728
851 0f81b7e83181c72d
852 790ee16315ef7d76
853 ff5d2007c9a1df93
854 8877fb7f8e9ec18a
855 ab7fd0e86b1117bf
856 e61e8eaff9ca18d2
857 168fd3cf7f53acaf
858 449c5fe7e2514223
859 c611ef508aa30b85
860 eeaac17f86149d0c
861 daf64c108a4f07e1
862 bb6c2b7e41ffc814
863 360d2e4d0b77534f
864 acefaf2eabec4d20
865 c84a5a3aa4af7418
866 0fd94c08dfd4b513
867 459b2aa655ea471b
868 7d0bf2cba5b3d50f
869 ec1772d27f6e3c3b
870 8b1ca63c39fcd0f5
871 48cff36dd5bcbaa9
872 259ee3b84ef1343b
873 2877221982a67d0f
874 5f906b861a83ae17
875 d889dec3e0a42cfb
876 32aad01a4ac9e2ca
877 d9fa719a5c5130c7
878 5012e62026caf5b0
879 a47279afcc15799f
880 e596c7fe755c4676
881 a750d143f75d52b9
882 0ea91385f533ed85
883 0bd6990c9ee4a08d
884 33867f3ec522cbd6
885 d62d5de5a2145ef3
886 439ac6fd182c2e9c
887 e01f4bcfc960daf1
888 39c4b3a095123c9a
889 4c77c35cef54a6dd
890 03ceee9d4c0cdf92
891 e9f419788fb0ccae
892 1c00204efd8d5506
893 adf92ebd9ebef4e6
894 9206f4793768a722
895 c7f28cd1a05cbff6
896 5a6f403c93ec3206
897 00dd244b8180699a
898 8c03907ef190ad62
899 783c165585cbcde4
900 c2ce804f429d3eaa
901 e25a48bd9a513dfd
902 6c166cec6db2c802
903 8c664fed5aa20f7c
904 c6a4dc03d01612d5
905 d88b7ea7f4964c54
906 81e943b142addf11
907 90fcd1a78c3fdf1c
908 c22cf16c401d2415
909 956e4c7dc56c023d
910 99d55bdb4de00a1c
911 a9c4cfedac8db5a6
912 ae32ab25062dc998
913 7ea9fc3281824a87
914 0f57ae1476cc774d
915 7d384321ca88a34e
916 f0fb3825c18a3341
917 006e2b1d85e4724f
918 6a268db81691efac
919 cb773fe915257dbb
920 ae078512ee9500c5
921 6c68527956e70c8b
922 1c78698efce11863
923 364d394ed580c65d
924 7324581db4e1c283
925 7d9d1100f5b70641
926 48bfc5997ebe31eb
927 13b609731d82f7cf
928 c8df274800a23c70
929 abc4b33444801041
930 f72aa182cafd67de
931 e12994f5e5ca9df5
932 0f2c06b274c20937
933 60599b0fa8052066
934 39df1f51fb9e4a15
935 9c2892d5178ca2f6
936 09d6fe8cceef1a7b
937 a073a85a4a72ab26
938 72aa34ec4dd15916
939 edc76d9b6c0d0730
940 eee3f81222fa9f7a
941 490dcc769ad05d7f
942 1ca61d1045f3bbe6
943 0c916cbcdc8012c1
944 b38494c50842032b
945 d7e37a9b46e72a0e
946 55fb5f1137e5e33b
947 13abe87c94175b56
948 db1e622ca1b72eae
949 e608e65d4beee1fa
950 ac99b013a6d34e44
951 d51d8f724e02c3df
952 ed5b88adab5a114b
953 162362f4df06f4bd
954 ea7a6e06e5300277
955 de7a0108923516fd
956 871f1d6f86a772e0
957 dbfd5fc73d6692cc
958 ce8c1a74e4ac964f
959 7c98891ecf318f96
960 c262a673d1f448e0
961 e59f835103fb8f34
962 1571a682150e4384
963 7bd7a9cb566afb3f
964 5928aa074c70b425
965 eb53ba7a42902617
966 106785b435daef0e
967 8757b02d0188d262
968 740eb5a1d76ad9ce
969 f160620310ce7d3b
970 671ae4a740975134
971 33082fb26fd719b9
972 5896db369f10ce18
973 4966cacd0dc537ec
974 4a3b9e91603067bd
975 f4487168ff30da8c
976 57ff6e93c823acbc
977 acd7e08988a6b61b
978 c9b19d6b8773e9f4
979 3a0f3105a7ca1dee
980 3109edfd6614f675
981 e9bb3d62ec68c0bc
982 8a3bd0c2a2650908
983 ed57114047313c30
984 c2ded0541b24dbd3
985 b1775f7fd4f11ae5
986 93d9b8997602a41c
987 bebb272ca4d055a4
988 6e980e3ac975ec45
989 34c2c8eee590887b
990 d89df9052f357eb0
991 21c86c36b7f44422
992 eb1f386c0962e12e
993 0602b6d58bfa022d
994 b709741f0ef4ad6b
995 1fb2e0a4074d6efe
996 33a4c8a4edebbf38
997 39cdfd3cf8d3694d
998 18ea5dabe58522a9
999 4ea620a31c9e24d7
1000 3764ed5516ab30b9
1001 79f91aced63b1f7b
1002 43b992d9484033af
1003 87b20905bb625c80
1004 0cd0af50c3687fb8
1005 1b92b9f8cd44d373
1006 cdf26cf2da4efdf1
1007 200e3620727a07ff
1008 f7ca67af4145bfda
1009 f53fdd4cb318ea7b
1010 9afdf7befd82b9a9
1011 7e3b9b12108a98e4
1012 1a282cec3f6532a0
1013 f1172ab26d130c66
1014 b58c9bd9cc810e03
1015 847f17e71031e33f
1016 5ab59451984f7cda
1017 09dda95b9ee68946
1018 8693c52db79d7d3b
1019 0ae4820b18457a70
1020 df2cf3ef09a73579
1021 e742b0d3ce742d93
1022 1d7978c5e23d3ddf
1023 d021c5ef6453305f
1024 c7b8903fe2095aab
1025 409590ec95e94c33
1026 18a5172cf660df69
1027 6a6f81542e90bb6b
1028 a444575da273a34f
1029 73ca2155a44e9a12
1030 87c589398e81a963
1031 82298d040f651f6f
1032 0b88152ad45d99e2
1033 d629dca8ea494826
1034 85acf1160a964ef8
1035 9e2ffee425ce9a53
1036 2bbe28e0f013c5a7
1037 8186fa976749e2a1
1038 78b8705e002a118b
1039 420a15cd0571c729
1040 57a35aa023086c2c
1041 2db2679477e84600
1042 a21172402335067b
1043 7ee88ae397544d3a
1044 995fa65748a17c66
1045 f4f7c813e3750b3d
1046 038cd7435f7134a5
1047 c84883e3ee03cf5e
1048 a76c72718f33f714
1049 b11abfa464733bae
1050 87126422597ee367
1051 798e213999f52d83
1052 107dded39805092b
1053 595d90d414754746
1054 94ef70692df35618
1055 f462d78355e51382
1056 d4b1cda55c8c78b4
1057 bf28fb5fa88d6080
1058 c54339c70e9a12b9
1059 8082a8f46a9ae4f0
1060 f5b47af34a0bcaa0
1061 b2838245aee088c7
1062 fd670d2934d82b08
1063 734b4f2a6315d7ea
1064 52d21992b40501b6
1065 93af1c7b4b9de3ef
1066 c7211af53d9d9224
1067 3387111bd55a8ffc
1068 a8805dbca8e0e02f
1069 88feee3cc2734bf1
1070 1cf741e2ffdfd5a8
1071 d1f8b59e63b829e0
1072 10b335644afc8d21
1073 a61a48e06f55d28a
1074 371fe9c9db8cbaf5
1075 908fde5f4b6d9267
1076 a5fd5a7ca1bb17f3
1077 b116762e76228ef0
1078 fb4448696d0e92de
1079 0b68e9dbbbec6263
1080 27347735e9e71355
1081 6955921fc3b80bbc
1082 c5c285e0748fd9bc
1083 fc7d3fbdc77df9ba
1084 8b848ca0c73b590b
1085 3b48bb6a7f13a12e
1086 96163772d1497562
1087 aa2ed8f0fdf18c7d
1088 e35e2269a3b7459d
1089 aa2b3917ea23b1b6
1090 3bea73c1df84795c
1091 d6f06baa1a408b12
1092 ee57b51abcf84fff
1093 60815ac09de30066
1094 b9e48b0e6696fef4
1095 87a65ce349b12c11
1096 3889c79ce4386095
1097 15e1edf2b9174b2a
1098 9183ed934a7f44e4
1099 8f812b12ca3064ba
1100 6e2ac4c60f9b74bd
1101 f2b2558f88279238
1102 2ad5013a16419f21
1103 a2b9742722c83d2e
1104 0bc538f7d4268d27
1105 81f66882068b489f
1106 b2edb4e46b5e509c
1107 7ce5e6cca3938ba3
1108 1de6d5ba4389eb8e
1109 32b20c30e66c43b6
1110 fbb649517ab959eb
1111 502d69272cbfb0a4
1112 1ccba87fce9dcd41
1113 23fbd6b33b982b41
1114 9f233f6b22eb2aeb
1115 2d0ed9e2d4272bb8
1116 8f4233e9ec13fcfb
1117 001fa28a8cb3b2b7
1118 6c124276de36ba41
1119 d41cd0ebd706f63a
1120 dc0e2b5acff7b0dd
1121 533eb298da6435c3
1122 079bcd2d06d80c4a
1123 d9670219a357ac00
1124 ba4d192fab84dd20
1125 6bf2f8b9745a94ff
1126 9a99e5ab0d434257
1127 e048c30c9f5752ce
1128 d1e78f58d372971f
1129 8b5b1db1116d2add
1130 6a4f352f216bc8e4
1131 83d782f10da14e22
1132 a00e2d3d79a6490b
1133 15dba715e4192949
1134 f65d852daeba45b3
1135 efb612d401ebb639
1136 1fd5f054b83d018e
1137 7ae557f715f961c8
1138 9f3398d5efba8d95
1139 27c77b4b6b547f12
1140 36bf77e90120fc17
1141 bf100fb48b60d24f
1142 568dfe15f2044f17
1143 f881c9aa28264cad
1144 8fc969960b532906
1145 70e6d5ee30b49700
1146 0531cc6839431e35
1147 ad81300030db6577
1148 e9b8b892921ee938
1149 3ef1ff0e8ce33c86
1150 9578889ac3616361
1151 5336cb544f9d6455
1152 8b9566890bb7727c
1153 ea18098d6d43c0c2
1154 a547e438a4ff8093
1155 68c99d112ab79eb3
1156 0a7951334f42bd6a
1157 27d7c1fba7916060
1158 56d07e82bf4333d9
1159 962beb3e247432ff
1160 9cc5c67d1bfe3385
1161 71671f11f84f1b1b
1162 da0dad31255bfcc3
1163 8f835595bf24c5df
1164 58dc076a8fe9da88
1165 7b13ddb2eb2f48e2
1166 bf4a93989d853c1e
1167 df77639a83fe2241
1168 1c83b15921ad1975
1169 f4bd6dc726b3435d
1170 5425f0249af95ecf
1171 884ef2d22e08735a
1172 4ce8aa9109cf1504
1173 bc1abff398d05f39
1174 8f0ac188e9ad1583
1175 ab196588cc3d685d
1176 2d56d0f13141d7b6
1177 4b19c18118a12131
1178 a55896d20ec11b8d
1179 c84815f852940c2e
1180 0af32093edd486b2
1181 15526b1da9352e7e
1182 234c85c666fe88b7
1183 c824a36cebef2f15
1184 9871f704c3489a97
1185 76c55c1da30ec751
1186 99dc432a7cd5eb76
1187 eb57978f9ee24d49
1188 452748ce1ac9a1fe
1189 eda75c76a6d4bb43
1190 f3202206fb0a4d78
1191 17a308353adef487
1192 ddb16d75370dc9a8
1193 a5a2d790aefcce88
1194 dc8892e8d758d639
1195 009b1fa47b8c9d7f
1196 35f4d807247b72cf
1197 0947c408662c3ccc
1198 c6c4db09b8e73daf
1199 081f49bfdf83f252
1200 0d0f63cb3c4fde7d
1201 ea183c72a5ef3ec0
1202 c43e104ae97131a2
1203 7c3af69b9a8f60cf
1204 71da12c66b1aef01
1205 b7efd6041a5431e0
1206 0cf477ecab5df124
1207 b562898eb2dbd9c2
1208 6f51b81b839579f0
1209 b9c9ac52e73c4ba4
1210 547e0dbcbb1afd88
1211 b550316e95cd80d2
1212 9612128d2ceb41b1
1213 827ded89cfc576bd
1214 efcd526f834cd776
1215 0d6824263f9ba6c3
1216 56140a0d384f9284
1217 f9c873cfd32d7ebb
1218 0b552480ce0c8574
1219 368fbbad06676753
1220 226ca7f29502ad29
1221 28158e7a3b590952
1222 cbd60634bb97ddc0
1223 f73d82ea61ba5666
1224 21bf4eb215ffe723
1225 e8bdf1fc75df9c7f
1226 d1d0be9c076f387f
1227 3134850883f62b21
1228 6c5c368dda5c51eb
1229 d7347414c62210bb
1230 93924952ffa40d9e
1231 1b55e824bf6fe223
1232 c291d1b9f4adaf35
1233 be18ec12265b855a
1234 8bae420ad42d04ab
1235 2ae6f63bd8fadf6b
1236 047fe573f90de47f
1237 7c7863cf7e7a8e7f
1238 cc96d5610e3391fd
1239 8ca40ddc5d9ddbde
1240 a25592bbe22381ff
1241 36053546ace949d3
1242 d059e3dbc6c48e12
1243 4f94a3d265b7e442
1244 172605f6edf28dcf
1245 3b0bb26ee93589d9
1246 2d46d889212cd883
1247 cefff798bebf8784
1248 f977d127d9a4779c
1249 f312450776938c91
1250 9a837dca5c66234b
1251 19b524360f7d95fc
1252 c32acfa2f826381e
1253 4f79793c7cabffd8
1254 48f42d7291fba229
1255 c2fe47f66262479f
1256 ae19940fc60d1247
1257 223bf7e36cb194ba
1258 c4b6c86ab63605e7
1259 19a34cc5250b4607
1260 f21be713c415ac72
1261 690fd26173b01fa4
1262 af2a2654bdc986a9
1263 b068b5c7264b953a
1264 053618e45f204b6f
1265 9f14a75b3916f0aa
1266 647cd3d4775751a4
1267 5e2c7dfeb4a134a1
1268 2fcfa309d94651d3
1269 98b18fbefd2e2bcd
1270 0d00c3ce024bfe35
1271 bc8135bfd3afed92
1272 667923a2d2e7675a
1273 542f5c4751cedf11
1274 e99eb6c346c5e46c
1275 472e987e0801649b
1276 6b5fc7ce406bda44
1277 fe48985651668a6d
1278 724ae5e57b4ee09f
1279 132f026179e3c775
1280 19cf244a46c3d907
1281 75fb95cd3d1777b1
1282 412ff18a83af652f
1283 f73675765e2abbaa
1284 05e822d60aa20d03
1285 770f07bcd9c9c574
1286 9a37917adfea8115
1287 d7603e7193a490f3
1288 b0ae9939b0052dc5
1289 6fefacb63517e3fa
1290 e24282f66b8ad8ce
1291 91222b73dbe06d44
1292 f38e082d6e95e2dc
1293 5ae962b7bbe10c13
1294 72acd2afcc13ed73
1295 861310dd6ef8eec3
1296 016f20b3150ce383
1297 6b9d5c6d11a5b13e
1298 11b401b63e523f5a
1299 f15c357cb5690e27
1300 1f7198a7b468cde0
1301 8d12d1065fbad9ae
1302 7a89d1c76690adfd
1303 ad290189a3da2780
1304 cccca362c000039f
1305 5aed24d52c7b46d9
1306 3c320c2864338a39
1307 c8b03694ad64d12e
1308 c76444fb44b809cf
1309 11b0c2a2003816fa
1310 c69bfaa88653aae5
1311 e632c3f99da4e1e4
1312 9be0392f851d4da6
1313 e5f5dca9394e1e8c
1314 dc243e20dd5050c1
1315 135ce3fa43eaa113
1316 3e277b4ac7b6b181
1317 d1d2be2ddf02b5f3
1318 f9a8c5d4785c064c
1319 ee9a5eed55f892f7
1320 40d889c05aaf1f22
1321 d7cf18ff87818385
1322 3e47943be20eaf98
1323 d82a0fcf895a8ac1
1324 dcd485052dcfc9be
1325 da9c3bb1a6d00d27
1326 5d11c51d326d0c6f
1327 86419f710970ad18
1328 cd34efcc9c8d149c
1329 5609dca1d2ca676b
1330 4d64c8a1afcf11d7
1331 ccf975c745a90b60
1332 d09c3214e08ac6b7
1333 77f367c5e4da78b3
1334 a2a077ff9f2b848f
1335 657c0cc01d702dc5
1336 a0c2cb500d7fb734
1337 0288c49e43121c56
1338 c29e3dbf78841fb7
1339 e9c7e3559e24981f
1340 95deec8e6c00ad80
1341 813b6d61ca1960ce
1342 a09d22b5e0b4fffb
1343 9f05d9411684784d
1344 e0e27832daecf0bc
1345 6599d0559b80ff3e
1346 a8e34af01bfb2773
1347 3de22ceecc0c5cd4
1348 ca50a9a4efc4835e
1349 b09314a142e137e7
1350 215c2b166cccd0bf
1351 873cc2b04cdc02e9
1352 60a631615abc01c9
1353 ef2248a9f55a567e
1354 28ad92a3463c94d7
1355 cab2f8e89f179b35
1356 999c2a1d32f138f1
1357 a335020061f288b9
1358 6ec09ce1f45f04fb
1359 e73c848ff6370178
1360 79258ea7a7a35508
1361 d5e418e2ab59deb5
1362 bff5db505128416a
1363 8747fd00bd58f68e
1364 120867c1c4b6553b
1365 edb5d3af0eaa9fc8
1366 fe77416d7193d783
1367 d6363a68cd1ac2ea
1368 d0281d08fbd2eb24
1369 212f4e1bb760509d
1370 d6da5b9350fdf102
1371 0ecfbb7b1132e151
1372 86046b9d119726df
1373 57c082845e542b2c
1374 8df7b39aeb771891
1375 f07713ed925a2542
1376 14f1f7330b37e4fb
1377 1203e61e045f4030
1378 51c68dd15b4390a5
1379 6dbd48cd6a058a72
1380 f4892b5cd8978e2c
1381 f76b01b51fdd4dea
1382 b896bbcbc21da20e
1383 8a64d674cb90a59d
1384 6e1543fd12b2b2c1
1385 a2bc24601f59b361
1386 7d7f9f298d66abae
1387 114818ae0e971127
1388 11eaf27c420f1cf0
1389 a882ab6e086b9615
1390 863d906a8baa6ee4
1391 dda7cad48f56eb83
1392 2be3e5fe06462307
1393 1db6b1aa9e579261
1394 92d9963028aa19cb
1395 201d6b86ff7e3b7e
1396 1ea88a6679d5e677
1397 648c14c2f8fa7fc1
1398 58094766956f852b
1399 288e8756ab8ec483
1400 65b025b20486cdcd
1401 7f0d99f9b507d942
1402 963bb8de1b1e12ec
1403 d77e7bb0b908363b
1404 17cfbc65fb55dab2
1405 5d029f0f0a24bbd1
1406 d8604a522590968e
1407 5c469c6f61fb97e2
1408 e32500e5b5a95300
1409 870f394acff5c513
1410 30cb9481e97ba6d4
1411 79dc7e1c3444da69
1412 16d5dbf4c9fe7130
1413 1c91dbf7b9ebbd9d
1414 e1887eb5186a1564
1415 f28667ac3f2f451b
1416 4367057eadbb869e
1417 276573394e144e09
1418 958e9ad890b4e066
1419 111570bf7b4014df
1420 57378aa586568ec0
1421 f74de97b8d419c09
1422 ca6567cad432ccbc
1423 4029557a2cae18f1
1424 6efab9afda7caaf8
1425 108e25c0b724b065
1426 bdc34e61c6b3e776
1427 f5a67f83c32f21a5
1428 3dee5f7078c093f0
1429 201b648157ac7e06
1430 223abdb433baac26
1431 5c2d237c83d43104
1432 1cf89ce3349c16bb
1433 968b269484cf2071
1434 0cfe3e1d91789afc
1435 45991f78ec237867
1436 a2e288a7143bc5bc
1437 875334a04e79e588
1438 fffb1c9349a0c7b0
1439 ba2ef50f75133903
1440 666896192fe66d46
1441 99ff1e16248e9555
1442 63604d208f3610de
1443 7f209383fb4e92ae
1444 cae84af57793de43
1445 d2e5e1165d6e64f4
1446 22851c4c1c7b1715
1447 fd74c557af20e222
1448 b3b217535fec3e61
1449 30d5ff4671bbf518
1450 8db907966eebfe65
1451 b9471227e6348062
1452 d11f7dcebddec076
1453 8d75d2e3f1cdc040
1454 f51a108129ef8af3
1455 cca47fb05e763374
1456 c2e15cc09c41b1e1
1457 00aad340d583dba2
1458 4e2937d2a8c617bb
1459 aa18104165b1b1fc
1460 0e73fbbc67c2647f
1461 175698063cb177ab
1462 c6736944fbac6e68
1463 0d0dcc21d1f1a3cf
1464 cac174a3be0f115e
1465 1908cff2e75066fa
1466 29cd176d98e59d52
1467 b4c997cc0f909dfe
1468 7cc9e2e06d3ad47c
1469 f668073b9941b9e1
1470 439ebf7c7efc14d6
1471 125a583ecf55c0c3
1472 941850a9d3ced324
1473 2de15b9ee2387c5c
1474 d484f82ce0776bd5
1475 710a90a8ec5c5f72
1476 5919a02e2f366db7
1477 58c0b8b3ab1d5db0
1478 4b888034f5c3270f
1479 00603534683a946b
1480 189fe1767772895f
1481 eb833b22be37f310
1482 4bdb5efc391d1ba5
1483 f06e9aed783ae1b6
1484 fca2de821a24b661
1485 42ae6f69ac9d051f
1486 08731bd1d572e711
1487 ffddc1af618defd2
1488 877706369dbb4aaa
1489 877e07a817fa7a9d
1490 c4cec8dea1e813a2
1491 69aff71c98799749
1492 fb3039c4b76d61fa
1493 3e3b976bcba7f893
1494 f17f85d90ec336ce
1495 15c4322b11886dbd
1496 1f07a0020e1a0dc0
1497 1fc2006d3c5e06f7
1498 69f2de18c18e71e9
1499 ead666388c050657
1500 d79116e578f8b617
1501 ba8d9468e0d1cfc1
1502 2384a0818cbf854f
1503 968f8e854b48189a
1504 62a31c73a6468212
1505 89b8dcb49ffc5a8d
1506 f73e20c9a56d988c
1507 3b23c2b53d3e924b
1508 fbaf36e18ee6b348
1509 e3766e817e231169
1510 38f0e3aed4e4ecb1
1511 21c31c586f8df246
1512 d24d748dac563caf
1513 d446625b771aedac
1514 ea19fac1a99eb037
1515 2cf3ebbbb11b621b
1516 17a6e911fd6d6554
1517 ab1c77e932880ad1
1518 20253e5af4e891e6
1519 d84add11dbfdf679
1520 e0250f75ea3ea904
1521 814da349f0328ab2
1522 3aab9cb79266f1e4
1523 3ae347c8e3564ea5
1524 89cb219f9b9e975d
1525 268b7bea9415ec88
1526 f1b14018f3828697
1527 7a3d01081e5ee2b0
1528 8b635ab3b66e60d0
1529 70f176c1132e7823
1530 87242f42d491ed66
1531 37671de760d5edf3
1532 16946e44279402a9
1533 566979f5c3f07427
1534 45755cd24ffa9df2
1535 b06f65491580f53d
1536 e4f2c864a794e74c
1537 adc08884367de365
1538 0e01ccd3c6016742
1539 d884e8b7dff4f3aa
1540 899f934c7502cc5e
1541 4e9d69baf58a990f
1542 1e0033d1202c37fe
1543 eea39cffc4969895
1544 33e27289f41a8774
1545 23a8863c5ceb0e0f
1546 ca9bc720eff89526
1547 7f70d923224a9195
1548 f5ad8e7e80ffa7eb
1549 10f549b8df604c9a
1550 d39cc1ffa22f2a9a
1551 5fbd7247455710a9
1552 675ab1fec33ef4e8
1553 1f8a527738acfbd7
1554 4bcaee06e0ac1e7e
1555 267b51cc132d88b3
1556 eae57111092cf0e3
1557 ec601ada56f2d0fc
1558 4453a2971fe7fd75
1559 4de41965a8108f2e
1560 e05775f708764e67
1561 3094f45eca13ded5
1562 fc6adbdafa917905
1563 dbc07c692a975cfe
1564 5c8590b6b18d26ef
1565 b552de5971a783f9
1566 c05adbc91d81fdb2
1567 fcd631867169d443
1568 7e0172c2a982cd65
1569 9e67e37d48315c9a
1570 7cffdcdc3f146933
1571 4c668b482bc2f47c
1572 25ed2713aa994eea
1573 8b5b8eb555d65dc4
1574 f67cabf005e5e144
1575 6937ae22ddc3f749
1576 0f5514d84872ced3
1577 f0e3f569d33c97f8
1578 2c91c375f992c8cc
1579 cf325469a88c20bb
1580 fa7a753773253630
1581 1bb9624443444ac3
1582 5b4603c74bb12743
1583 89c56be7642d76d9
1584 c9b69cbdd1edf82c
1585 5dc08a6c5696a1d9
1586 2ca456362dc11d18
1587 a8250bdfc4f630ec
1588 3304729b8e652574
1589 3227203a6784149f
1590 0a2e0eaa219ee202
1591 e7382b9c0d7757e7
1592 bf559789b1964a38
1593 a3cbc663f8e541d3
1594 98de1c6e968494a6
1595 94a4ec39d7a37209
1596 ce01904be74700a8
1597 0a1ea32d127007f9
1598 aeaf91e6d32c5e22
1599 f0736372e7ccba0f
1600 e308194fcb160e8b
1601 552922743510c775
1602 802808c537e412e2
1603 6e23564567847ec1
1604 620fa64b132279ee
1605 00df7bdf8f92ef5d
1606 85f8d2b5be5616b4
1607 10b5576ec74de87f
1608 f338bf0889fd1226
1609 0e809573118bc7e7
1610 1feec118b0f0d07e
1611 159743148f59f490
1612 336ea09ce6a89941
1613 8aa2033b13c0bcce
1614 adc758f29b3ef4a7
1615 c819034117ff7aba
1616 a132f6957a95d1cc
1617 1796f86f71cb60c5
1618 c1ae4c0ff5473317
1619 ce8c9c1421be05d4
1620 4b85c9f6788fc1a5
1621 78bf92f8cb122038
1622 2ebaca9d93679c28
1623 50a12fd7e4231641
1624 1669b559fb393075
1625 27f77158b9fa8212
1626 6f14d9c1bde6e22f
1627 b06cd476fb1decee
1628 645493f24fcf35d5
1629 4f1ee41f7bbad91d
1630 c7e6601d9eb0e406
1631 4f2c63488b82775b
1632 db0353559db89276
1633 c8306c6adbc7bf70
1634 200ab0b815764c1e
1635 57c3d2c4b866737e
1636 502e76a7cdc1688b
1637 fe95398c3513f3b0
1638 e7fb9c6763b0824d
1639 4fb679223051e43f
1640 0834ecf0f7ae0658
1641 4e34ea3385a4e20b
1642 15cb3eddc9d5a34e
1643 cdd8c2924513e729
1644 2039c96d995dd73c
1645 07df96bf0c86b829
1646 488475800b3a2e5b
1647 27c1f98d44806d63
1648 2a062893d9704116
1649 bd334c1857187ceb
1650 ba0ad07048d8acd0
1651 f7d67dcd505b697b
1652 93277aa6a2e0e1b4
1653 0d981269b10773af
1654 0b0b44ad3329849a
1655 623a3772698f8965
1656 8b575fbf01516d74
1657 de6c86e127da7e4d
1658 41898b13bdb295ea
1659 5ae05b1482c89153
1660 8531b0d1f6d5b286
1661 c40511f3314f41f7
1662 2ccfe9653f97afd8
1663 16886d79176a11c3
1664 239a3aef0c154569
1665 8cf94b4e8217b997
1666 1a3b997746f96e4e
1667 63037d0a517d079d
1668 c79456790885bde4
1669 6a77ed6c32c9adf5
1670 87838cd9c2d4419d
1671 58381d4f631a910f
1672 85b645339d759270
1673 070523f55188c671
1674 ecf1e64d0f2ace46
1675 454dd25949885acd
1676 f8e5d819ee8a4b7e
1677 1c8c6e9fcd162bd2
1678 b48d29e39938e5ea
1679 a9b60a99b3694401
1680 30b99b7db5ba6eb8
1681 3a4e0059c276a53d
1682 ba8ece5b4711237e
1683 aa0679e4e9938f1f
1684 18eeb3d9a4581fe8
1685 cc90d488e7679dc1
1686 eadf7b3c90ef35fa
1687 4c55313c2212823d
1688 a45aaf5c6eaf488d
1689 bbd7ae1bb4eee422
1690 1be1855295f36d96
1691 1d1cc38e93628bb9
1692 b662f8376c78cfd1
1693 789aa25c3e3c9845
1694 45989bd0074b74de
1695 b65eba1fa78636f5
1696 22e46b3e849e35c8
1697 0496096151ed62eb
1698 d2bd639f70912436
1699 8742babab99a1d71
1700 6097e2b3bdba350e
1701 1791c2446a5350e3
1702 ef874fd05c6441ba
1703 11d59af9f8655f93
1704 9fa5603dbf91bbf6
1705 7ab441b0722c5b00
1706 f61e49f84bcfde05
1707 0e7dc90514d71829
1708 cc21e9d91b1865b0
1709 84d858f43e288d55
1710 6e743a81c08429f0
1711 a3e338fcb6b3d7a9
1712 5844b522229fa3e8
1713 71d35cd50354cec3
1714 e7b9d75352715ff2
1715 f67118ea7a065f12
1716 0f1ad9dabf85817a
1717 ffe6b2a76f6094c3
1718 18a1e3668e5103fe
1719 9932ba52c749a9ff
1720 c9c6ef78ec9c9609
1721 bcc5d9fc4f11620f
1722 015004031b592316
1723 eb48bde238de5215
1724 eb2ef1a9131a03e6
1725 5fe85da6cee0329d
1726 e1158e6e010d88e8
1727 87afd2b24ccc9c3d
1728 e23e07b113786f9c
1729 c337962837ca5e2b
1730 13354ddd5db4f118
1731 654d4b62ed265256
1732 2c507d2f1efa4a93
1733 abe5ee88bdfc4459
1734 9cd9631dcc3b8d95
1735 a981debd3333c4cb
1736 552ea97153bd1e54
1737 113225224e8d70be
1738 d8c0a4296263c1c3
1739 aa220257190836e1
1740 771ae203b47d498a
1741 391dcaab4c661731
1742 0687d0a93a448c78
1743 c5dfacba25a2bdc5
1744 1478a4f5edd21bf6
1745 9ee896f1954c67e1
1746 856169cc3d736c7d
1747 52544fa09953fb10
1748 912714c615c8d7d7
1749 0cc747cbdff3c010
1750 7538a14387a6cdbd
1751 438f7da8897711dc
1752 6a96f1377d00fb4a
1753 528f74a767669039
1754 9d0a40fe7ad10296
1755 77c14ec3f9d17403
1756 c30309222f8410b2
1757 24a3b740b8c351df
1758 5d2f7eaaa23c9e4a
1759 af63df484e4f56b5
1760 6565901833f17f42
1761 e63c0b6bf8d9ff27
1762 612b27b2f71197e7
1763 737942066c6674e7
1764 74b61b87ccb281a0
1765 c7845ebe3924766e
1766 370485a028b50a6d
1767 f9066fc741c61da2
1768 9b13558fa00b50b4
1769 3a7b21f61f68ddd7
1770 151d07063e7f7744
1771 4713d83df610c1ff
1772 82e5c3a9410f00c5
1773 b2d0fb0549920d79
1774 407e91927018dee8
1775 33a776fd6dca91b1
1776 0d81d3347a887bbe
1777 baa93f4af72854a7
1778 854bbf8871a4e4e2
1779 b2585404dce6e34e
1780 17611cc8d0c02e82
1781 e8d3bfd8bc60f823
1782 e016f26adac2acda
1783 2d38a5d58f9e1fc9
1784 7d255a39de9dde6a
1785 8e4b4fc0d8855e81
1786 3cf3e2f191efaa5c
1787 3377009aa356cff1
1788 ab69d95bfb7af7bd
1789 621619fd9c1e8cea
1790 dfdbf2859f11cf41
1791 1ea7566f3aeac8ea
1792 9e20de7fd0cdd0d7
1793 60747a7ed4f15da6
1794 92be5830dc5f7a1a
1795 9533318b1eddecc1
1796 d9d4cb948612090e
1797 9d97d885ecdc6ba1
1798 d7c89fb212bc5864
1799 f55f575efaa0c4a9
1800 6203f9caf76981c8
1801 e85e80e9dbce73d3
1802 b85b4448364fd13c
1803 964b8abb9ca2fc89
1804 adddc8e7a95c753d
1805 f3ff3fb27e7d65fb
1806 51f9ad181275a5f6
1807 8e8cd726b2c899ef
1808 27fb809a1db1e916
1809 ce65fea5f74a4c6c
1810 b040c27a4d8ee7c9
1811 11d9d2d8a19afa63
1812 2a7f0020405ab033
1813 6f4efc90ad2ddc2d
1814 127a11d8beb85a5a
1815 37a7c56ee9fc0f71
1816 70a4a6a0d97051c0
1817 47638cda47300af2
1818 eeb8e851ffe15f6b
1819 2852f6e9abe916b4
1820 d727abb59f192cbb
1821 921713114bdf3910
1822 5e4a9720ca23b6fa
1823 961e7e8c72d9a1b0
1824 4f35aa3fca996cd0
1825 8099edcaf76bca73
1826 07b5e34fdd2b7488
1827 d4e2eeeaa93fa769
1828 99bae478647faf38
1829 121376430d2374bd
1830 840abd8d495ca098
1831 14eb6ae31af18b35
1832 1d061803e4af20d1
1833 93fd44fd6bc5486a
1834 52cdf65d68686b9a
1835 1125b8513e004695
1836 433ae1985b811894
1837 36bda73c0a39f06b
1838 1ea594f4eeede028
1839 593cf0e5fe6df167
1840 6f3e69cdd674abe6
1841 57ed5411c8737257
1842 c9a3fd4cef7b585e
1843 24a833e90529c7bb
1844 c7fa03482744e558
1845 61416311cd7572b8
1846 ecd16064ab627990
1847 33ed9bedb5040c85
1848 6ce1883af2feed44
1849 744148ce4f7ba773
1850 80f1d1f7584f0ce0
1851 2da448d496fd201b
1852 67e9178e4154e8a6
1853 07f5290e2eabe9bf
1854 4b0e512ffc752018
1855 0d0d48ee6f9d2f65
1856 792ab703e151b9c4
1857 fb8619a3bfa20715
1858 1538d888fad22b7e
1859 e090b173b401aaad
1860 686df09b79a271f0
1861 f5ca748327ca44b9
1862 df3d7632735a8326
1863 489a57bbbe4bd1fb
1864 7ea156942838d620
1865 63d0dcab358ae347
1866 777841dca5c1c617
1867 41b606cd5f58e158
1868 7b56f3e547b67efa
1869 7162b157eff668f8
1870 f80475af8343b2a5
1871 95d66ad91adc23d0
1872 b2e3bf0a44031c2d
1873 2345b3c9504caa0b
1874 de2f6266c9b1cddc
1875 034598b996bc90f0
1876 8126f357ab191f6b
1877 05c440fb686767fd
1878 424291df9a84b849
1879 b87dd4057bd9f02e
1880 57ed84b1be2f7525
1881 a25df4fa1795b133
1882 d84ad057c2aaf902
1883 1c340e591c8fddf7
1884 f50f736c03d2c7c6
1885 27e86325164bb2f5
1886 12d1cf6a3dac3362
1887 983504e314e307b1
1888 8a1f28ce79c8fae0
1889 54dc541036fb0388
1890 37515145f5914271
1891 e7555a8e1bf60f82
1892 a0edba37b6e1387f
1893 9e8d6fd3c54af863
1894 d64cef3f7e0064fa
1895 7524394b29f763fc
1896 0fd2c4a0955415b0
1897 9baa10bfe3374baf
1898 8f6367b5c8cdd5b0
1899 bf2188de4e2bdee2
1900 4c452d74dbd52446
1901 d2f9b1a22da96069
1902 927642301df1659c
1903 e1371ef4d02bbf4f
1904 104693298f7e3bd8
1905 dd158cc3b21d0a2d
1906 cd96814702fd2897
1907 1d50de7e8c4b5e0e
1908 08b93373cc64ddcb
1909 89e004cd8a9afd4c
1910 725293ba1af2fbeb
1911 ee04caedc55b39c0
1912 ad94847f4e731a10
1913 2223b316871fb6d7
1914 356a8c752a57dcda
1915 ec80893b19f47979
1916 2dd0202c3a6499da
1917 89e7df1304113847
1918 0bbde55cea90db1e
1919 dd0b312c2992d363
1920 280c42f7f55821d0
1921 2ee167a9c2219635
1922 8849f685694bcd3e
1923 fe83e0f8ea7a9b4e
1924 1d91a5e36b1c2566
1925 df2fa485454f7736
1926 289448ed8f1b47df
1927 fcb0bb188559e85f
1928 255294164a545f9b
1929 263f590a576dbedd
1930 aa7b152efd4e1ad0
1931 f588f0aaf93bcd27
1932 180a6edce278369e
1933 890901ae6e938d4d
1934 47099217cd176646
1935 ccd8bd3e94e025e3
1936 60ba3b681be20522
1937 a5cccee55a030dd9
1938 76a43679beb127e0
1939 ee1cda763f20fb57
1940 8ee931e4072a7f94
1941 e2469c7019d33479
1942 00a8ea3c6dbacccf
1943 c99c4df0efd32581
1944 a16af24cc67425b9
1945 35448e26b746f7a3
1946 6d353262da58219d
1947 122d75d8ace28a1e
1948 db6a78621d33fb4a
1949 8963ae0461ce3ac1
1950 25a9cb1a0df3a8c0
1951 de695c6cd73b32a3
1952 b07f8484ae719684
1953 e6e2d71203ba6709
1954 2f892317157d503f
1955 03da7cc28c551f92
1956 1e32a69912bd6657
1957 ec24a30e0756bffa
1958 b57cf6036e6e44af
1959 d0ac7d577dd41dae
1960 4813bea751e69672
1961 30cfb84dab9b333d
1962 a758457fd4abf5c7
1963 ccc8bb55edd72c39
1964 55bd970fcc095862
1965 525127b5defd8784
1966 2209062374cd13b6
1967 753ce35d9d0e6462
1968 c4088df4bd457558
1969 0ea2b6d31e28a02e
1970 2fc1644e8c442d8e
1971 4a0cf3d703e6ca02
1972 90c80acab9149b91
1973 cc6db93102003ac5
1974 88a15db752699f4c
1975 b87a48756ce4ac49
1976 bbdb01300542238a
1977 395e2e5da6e1986c
1978 2dd9c6d21d18ed4e
1979 2d8604d9ae440946
1980 6b64efde59b9fb3a
1981 5ce1504e0b18211b
1982 9016b7522910fdbb
1983 1d87020541428769
1984 2669b2490bbbd7f1
1985 ae2d3097251cac29
1986 bfff29eb298f93ac
1987 29e72a8bd3cb1592
1988 dd98f5bbbef74d11
1989 38ca24998c63872b
1990 0300c232954dc8b0
1991 bc6b5eea88974987
1992 73349bd635744b73
1993 6b685effff04dfbb
1994 3d23e9abced48d89
1995 b714e2dffe52e1a2
1996 0562390238231b38
1997 ef9fcd126272f348
1998 011218cb923b970c
1999 61594d1ff9da91db
2000 1150833ec67c456e
2001 7cfa00e318fb5f34
2002 f65bed2448ece926
2003 1ff838dcffb88702
2004 680b4d04ec96774e
2005 4279fbad5ebb0522
2006 a1312bbe638f99bd
2007 12dcd308896e7aad
2008 766e6f8976d0d572
2009 fd36101512b317f2
2010 3658e7014a1ce9cb
2011 aff8c477e7d18618
2012 a1af6e194ab33399
2013 179d17f00b7017f3
2014 7cd866e981c953cb
2015 9382bdbc53a8e8a8
2016 401ba1cba05e79d4
2017 e0f1bca2303e5b47
2018 dc88fa5d111e3613
2019 6885f2fd5a273b55
2020 22f9bd293de42a3d
2021 635780b7304e7697
2022 41d83582e91a2be7
2023 8cf5ca4972e85155
2024 68401e420cb07e20
2025 c37c1f3e30deb2c7
2026 d719f0c3389cfac7
2027 e5d0e6fff8098678
2028 0252b563214491f1
2029 8a0e1ef3135c9b4a
2030 797c6cc469e67144
2031 18d886dcfbe82e4c
2032 7a0ea7097a48b7b0
2033 1907ce423da8d049
2034 c9f0cb85184d9254
2035 9c0017cf62902fd7
2036 841fba67985a6dee
2037 c3a86efc13d65e88
2038 e49755c07a26bf23
2039 68ff42e942929659
2040 e20cec9b32e6d02f
2041 4778c1fad21a5ca5
2042 eb46b740e221a9e2
2043 6116cb4cf59509d8
2044 422980937e68c548
2045 72e1d483a9ce0aef
2046 b754db36d95313df
2047 cbd7c1c2d569ed99
2048 0a08ca6cfc083f4f
2049 aca3a57fa105d6c7
2050 7a030b45e2785369
2051 c388e5785aa23923
2052 e6d59c83453dab13
2053 349bce1b5506f837
2054 2fd3ce2954fc5356
2055 178986162fb64115
2056 67e36eb5c1f2800d
2057 baba09103a3d9d39
2058 888f5d34d5cd5898
2059 cd85c2b3ac533f61
2060 5467132c7e698786
2061 7f99026efebc0369
2062 d0ce726c5802625c
2063 83de431ec8de2afb
2064 457fd2aaab4ba4a6
2065 52077a923a0d984f
2066 f2471f24ec133d96
2067 088e959bcb52ec3a
2068 edbc15cadf8bdb7b
2069 68ddafd28067ea24
2070 30734cfe77e975a8
2071 f9b2f3d11f145e6a
2072 6b8f67a7bc3e5de7
2073 b7e4bc6a468ecb1f
2074 4f90dbbaaa083469
2075 cc995aa7cc59496e
2076 9157b8f886460cc4
2077 5dcf0b97817de6cc
2078 a65a1a33e828a5c4
2079 6a400b02062b4155
2080 d1bbeb73e78753bf
2081 d554ab1f4237e125
2082 7bb5b6b256652ae7
2083 232044bbad943c79
2084 7b6073c27917af2e
2085 055dac0ed0018ba1
2086 a0125f9942320119
2087 6a7739c0fa56dcff
2088 ed90730d65b775f4
2089 83a02f21bd7c36f8
2090 ebd9d7a2f67bd52d
2091 1b45f06240c81b92
2092 f5b0c52b11a0d4d2
2093 3a2621dddd3ea5e4
2094 8b36ca9a5d6c121c
2095 fedacd400df7169c
2096 b62b07adb692d793
2097 d7abc41462578717
2098 a1f56143c3b3f071
2099 33347ab667ac0e83
2100 ace5bf09e0abe228
2101 896c884416f6cf12
2102 d5342a83eacf7faa
2103 9075f04174321a3c
2104 be2c6d866a584d39
2105 f5bfa3c0a65c8dde
2106 358c03db16342481
2107 73a0f9ee629c1774
2108 10652fc36e2859ed
2109 fc41656b0c83f765
2110 da3e66c82a3e4d7b
2111 53d48d4c17afcd41
2112 22c2b99d8b605c49
2113 11595684c0d2f619
2114 41ca58eb3dadb771
2115 becee1e841d64216
2116 acfe9e024e4642ef
2117 fa37df9d248dc524
2118 c0173155f511c62b
2119 d4bffaeb2433141d
2120 bb2ca3bd34a35da1
2121 47f21c9e6d46a13c
2122 1e10580ffbc111f1
2123 c6fb4268423bc1bc
2124 13e893187f84830e
2125 fe4f2d219f0fac6d
2126 f3f2c1d46818090c
2127 dd13d3d2360ee875
2128 48d0f2f1b0e82fd8
2129 cd4ebdf016df175a
2130 fbdd88e7044b2abd
2131 a716be04bec41933
2132 8be6ca9fb41820f7
2133 035359089dc387d6
2134 a30232972446bac5
2135 5e7df1c6c0eaab20
2136 859c31eab9a66330
2137 b9f3410235f59094
2138 69109ab31f9528c6
2139 8fea7532f9bb24c8
2140 dc1705e826f51361
2141 b9ca3ae6d2842e07
2142 52e82be2a004978b
2143 5214c6a5831d3eed
2144 8231343da0da2e79
2145 732f5d485b4c7944
2146 a32c426c67d32d90
2147 753c679b4f56f56e
2148 8d1bb3e88ec7606e
2149 fe1db0460c580348
2150 902ab06d1daee474
2151 47dbcefe03a6f3b2
2152 ccfe281dc1bca2b2
2153 6cff3b8a07bea09c
2154 56e04669a64df5b8
2155 fe81013a15d47a96
2156 ce1cb8809abcb3d6
2157 4d64d181586ae480
2158 f0a3b20b7107df3c
2159 c04cf4d2ae139cfa
2160 d94a226244ae53ba
2161 f6a8f9ec94ebf794
2162 3951c684d9bdaec0
2163 a5349fb706fe739e
2164 fc1089dd85f5251e
2165 565b9ddaf823fa44
2166 e7304135737dccc3
2167 67e5786fc56342d5
2168 bb2c042f436a49ad
2169 5389216d5ef2de53
2170 e654e5e713b1d767
2171 0f030e87257446a9
2172 b7399abe41e29581
2173 2719ac713c2298a7
2174 312312124da06fbf
2175 0e81219eafb4d94a
2176 ef4fb5aa4c5cf44a
2177 2c253a47fbadb7e4
2178 891d0cebcfdcc570
2179 1077668e24cbac4e
2180 c8aa40198ab5aa0e
2181 ff0e007e862130e8
2182 f32f106ec1f1f294
2183 40490f5a238d9306
2184 16f718e3bc0d985d
2185 8f75413f02531443
2186 1b5e01cb5b6f7af7
2187 4b57efb3ae60b3d9
2188 2c7826b046e1e0f1
2189 89944ea041029b77
2190 a1a4f11783a37dfb
2191 0009c2b5761b6bfd
2192 67034ba1cadadfe5
2193 cb777094882614cb
2194 5918c3451eee3f9f
2195 ae39558bb0185511
2196 019a6cc9e58cf2b9
2197 9f43cb528165869f
2198 58c8093eff9c88e3
2199 4377dbc5f0d81435
2200 97c8ace16d09ca4d
2201 affcd26ad02721b3
2202 621a03763fd909c7
2203 801cb7554bfbb109
2204 905a0d8ab48514a1
2205 5d40e8484ec2b6c7
2206 946673f0cc50c01f
2207 73bf6ce9b2ec4c2a
2208 172b9086a5db136a
2209 46b86738335e4d04
2210 afd7e55ff51b17d0
2211 ced13406e45a1c2e
2212 0b13d74b25a13fae
2213 f75486683e4f3608
2214 b71ce172f8e46a34
2215 6670634dd6349466
2216 4c62ea679d0c557d
2217 fd1790b4cac76aa3
2218 86fb9bd0bfaaa0d7
2219 d6b9389dddd09039
2220 3f6c30ef7ebbd011
2221 ca80577cfacf2797
2222 4a1c407c14e9741b
2223 e753f1b08bc0859d
2224 f54f59130aa4a069
2225 50726c30a68fd954
2226 19612bd87dfc8a80
2227 fb5c8856d351665e
2228 312b5ab19860255e
2229 a01790e280e85058
2230 d6692e2609e7e284
2231 17d538d222210b82
2232 ccd6eb31a84bb802
2233 2e3a2a187d2aeff0
2234 27b4d1b5c0ac57a7
2235 82426e78b54b67e9
2236 d001d1be72da8dc1
2237 2464fd11f0cbb967
2238 6a78af14561d946b
2239 4a55eb8c64aaadcd
2240 2225be4415b25b35
2241 31e490576ac4a89b
2242 9fe616c5f39abd0f
2243 617fb5a3316486e1
2244 17e0d12f93436309
2245 f79d3d928626b08f
2246 9cdc8bd7ceebf8d3
2247 a58ab1e26af4ed85
2248 243399cfb67aa49d
2249 fbcf29585c3dc083
2250 d15d607fd86fe537
2251 893668f0f6357899
2252 972e78a9f92e9831
2253 2c344c2687a44237
2254 09844ebb66f7adbb
2255 e9fab4d1dc9aa73d
2256 d559947ed7711c49
2257 11d7cf17a11ddbf4
2258 e54c1b4196898d60
2259 622240cc8e443ebe
2260 31e2b46999b2cffe
2261 2ec366901a6644f8
2262 873b8bd4905ca7a4
2263 004f38a531f130a2
2264 e24c6631b01b23a2
2265 772df4b235c64390
2266 af9f5ff0d57b3b48
2267 3ac259b2b6c02592
2268 2c8a11f3916cabe0
2269 c9c3ad487f35f971
2270 2e0a78bfc813c6ce
2271 09f0bfe5cc66b470
2272 f2f08c103cfb5bdc
2273 8cc8f03ba00b692d
2274 61a8c8a7065d595e
2275 248b3a70e77ef063
2276 d9c613f27f508603
2277 b9922f733de96a26
2278 e176a845dd0e0ab5
2279 ee3e210f7db16694
2280 51634be88652977f
2281 e82da91349ec0b89
2282 6280fb8a50cfca70
2283 1625016c53d0e581
2284 249e6bbe4b17ab2a
2285 483972016c82e17a
2286 bdf229e9aa39c926
2287 9be50f75bac6f058
2288 2394a2a3e3687537
2289 23457b3356b60731
2290 3e84766fcc97de10
2291 07fffb8909017b59
2292 86362836ff007d1a
2293 105ae9e4de49bab9
2294 2408aeb9936e0018
2295 f897bed343c081c0
2296 3a60aafbb0e5361a
2297 ad9497282a504651
2298 473186b17e225fbf
2299 96f2882d75bedc97
2300 f4c7d5dc21f61959
2301 09eedaea58c38cd7
2302 093473752ff8c3d7
2303 e828709d3ec69e24
2304 ece848572de45a05
2305 bba51d314ba82d8c
2306 c70c4b59833a5301
2307 bfe7b373fc9891fb
2308 5544c21fa30782c2
2309 cfc992bdafd615fa
2310 a1a9e5ea2a9dd07c
2311 4a03e3e1a9f6263a
2312 6c6ab853f37e1ad1
2313 ff6f2fc64c099902
2314 0f7de82a2bae3e2c
2315 db04631939391945
2316 c2d5d22e8f2cf8c0
2317 bcb9cd851386d027
2318 e7e0a48392c3713c
2319 a9a96e069519bc06
2320 677618f5bf9a3a04
2321 a6bd14e081a5479d
2322 ee1796a4cd03a137
2323 f2cb7548c01b68d0
2324 324ef900f898b97a
2325 09b5d79ab9dc5e5c
2326 324f7e5d2e2538b0
2327 3777a030c5990471
2328 4626bc9d29deca05
2329 bfdd6e05789fc566
2330 59ad942e4b113e43
2331 6cfe05de1ada3dd1
2332 b4b6eb27143341a8
2333 daba87320ad43f51
2334 12422bec1c8f2d83
2335 02a6b8fbd1ca01ab
2336 a89b5589dea86bd4
2337 de56586972ce69c6
2338 c7eafa9c3c2eea20
2339 17b2f42bb5b84232
2340 12a9da0b84df356c
2341 48a8c201423d58a0
2342 8130a78f24accb9f
2343 67a22d82a1347129
2344 be19466e65427425
2345 ae26afc54fd82ba9
2346 cd9f73443823d953
2347 6bfba7c1eaf307ba
2348 3b28dc45fe9e133d
2349 14cac9c95343ddcd
2350 a8ecd77e64e6682c
2351 d7675a7e7e5fbf49
2352 bc605e7ab697e4fd
2353 6271038e3934b48c
2354 11c6fdd1157c0b00
2355 feae47a8645ff1a1
2356 ff38943994c32b19
2357 d9d4efb364754f4c
2358 98e6b824beaffe1c
2359 a06d54a9a5f25911
2360 21f06f5763d9e309
2361 3a40db26214dd244
2362 aa89250c39aacb0d
2363 320d01ed7dec0aa3
2364 bbcc55eb9b03ffdc
2365 071b268a4d3d15af
2366 0d121a1772f8d624
2367 a087ab08d5f7846e
2368 5b70ba16f7035ef8
2369 8f73fe459af33596
2370 b60b9b92427da134
2371 094c87e3cf836453
2372 33738f804cb04570
2373 c97950324daf7c37
2374 b72a4faa2d3b1664
2375 7216292ae41e94eb
2376 b733a78b981e341f
2377 ff08c8b2bfecde75
2378 35a055465195d022
2379 750760880cae8c0a
2380 4916717da9fda45a
2381 fc361a8c2eaa6891
2382 f4e13ea6f2ee840b
2383 c480afad988fb65c
2384 3d2f31a549287e60
2385 daf916c16f07317f
2386 8d655713d597d439
2387 2b3e66bf6c806acd
2388 5a673144949a8ebe
2389 a96b32b3097a058b
2390 d13ff7f7e1fb8894
2391 0069f32112b41201
2392 75b91439275e5e71
2393 57de1b6e3b533866
2394 4aac598b46fec3c5
2395 bff793e9fc5ecddc
2396 104269de9405f3ea
2397 fedad755c2d4e5ea
2398 f53546322cf24a23
2399 5c27fd332d6d3189
2400 3773785faaecb4f6
2401 f9578544d07e4d5c
2402 1ba7f0b7a328b300
2403 504a84034e3bf023
2404 6777466d68026137
2405 d0a6166e1e912a05
2406 2ca669f61127b899
2407 1748805dd2834830
2408 352322a392f00e51
2409 8923e5430bb3980c
2410 64b20b71a38d2b34
2411 7a3e5c8b87538186
2412 6bc9c1a6ead8ca37
2413 4334b620be535215
2414 3a2c140fb0a5c0b0
2415 18f6afcd705e0d72
2416 3885f3dd39b44eac
2417 1d18809058a42615
2418 0b75be991173fc94
2419 6bc225eb3da16bca
2420 135572b7d719f2e5
2421 2892a7221a36a689
2422 0370a801f3233150
2423 c8bab31b127482e7
2424 e0b9d9d6ca4271dc
2425 9040af152c9f2912
2426 ffd951167f20169a
2427 082dd5e2a98fd2ad
2428 159e36ccaa1400ed
2429 fa648e7c40e45801
2430 0488094ac094442b
2431 c9640cbc39f142b7
2432 04baeaca1f313258
2433 c73eaf5e29a90159
2434 07cdb552f8307556
2435 326413f86fed7c91
2436 c8ab20108c300edc
2437 aa7ec53eb6a35051
2438 4a9a1951eabf8eba
2439 1946ec1b5f61a8b5
2440 88e6aced2302bc4a
2441 b581e5844eafaded
2442 bc9e5cb8e34c9fa4
2443 88e8d113c96e53c4
2444 dd26b6e563094399
2445 91e303210fe6a57d
2446 2c125aaa6c2a22d9
2447 0226bf6bf11111ca
2448 eb9a6fc4995c6093
2449 b14f41e1b89deea6
2450 c229f24403935a90
2451 efeb0e9630515220
2452 88fc8c7768db5f65
2453 5de8a1b095e71094
2454 c1d35dcf1b23661c
2455 792dbb4a1c96c9e7
2456 d25b96f4dd10efaa
2457 43d92520fa10d5d1
2458 dc69046087e1474a
2459 fdde32e472a03a11
2460 5987ada659667d09
2461 24f54665d76cb372
2462 cf8e615bca94cea6
2463 421f9dd3b900c71a
2464 9e25e30270bb5bbb
2465 034fa667d4fb6b0f
2466 bfb017fd091444df
2467 a218f6a5178bd77c
2468 c2d51c525bbfd896
2469 0a0cc53b7d264d7b
2470 637bb2f33cd660ff
2471 ae5f2c44ed7e80c3
2472 4da58fe3735b6264
2473 e5914abfb9794bbc
2474 5c2dd7c11533b7f7
2475 874ea3c591a0e4e8
2476 c2019a53854f515e
2477 f5019f9dc547e8ee
2478 db7ace5e6b9a79ce
2479 9f8c10b7e3b470da
2480 7509f81949323670
2481 f3c68b94bd7f8941
2482 da9e5edbbe51ae41
2483 0121ad0416ada3e9
2484 d924326e24ebba84
2485 be6b895fe7198c7a
2486 537c3dd4a2eac3be
2487 5d9f7069d407ffa9
2488 5f93462becaf5992
2489 4c47e7f65f24a8fb
2490 be1992cf48676c63
2491 be923f37190d364e
2492 e5a4864804c2d8d4
2493 f22d4ce82cec9a79
2494 fcdeaa136a1db10f
2495 2dd36e517c755a5b
2496 a5748769f8679d29
2497 821b54137bf3f20e
2498 bf393d617868a848
2499 7a7ea77c443fc01e
2500 f71fd0b6d5c082c1
2501 44840e4f5affbc80
2502 294112cdd98517f8
2503 ab5d37cd0e9535a0
2504 877d14a3e857b268
2505 08aae9735021a564
2506 fb391e317b1bcbf7
2507 ce2dd91dbff2b51f
2508 f52f560d2d381f11
2509 b3693f104d0cd0fa
2510 e33aade391e60e20
2511 dad6ff5ae6858b94
2512 3d8c9f146d47af03
2513 30f66c3ee462051d
2514 342328a3e60c0cbc
2515 317fb9555a8e0a88
2516 787e03de6890cfa6
2517 db09994eac98e2b2
2518 f6c1eda821ac3a59
2519 6ccc26fec97c6f10
2520 57dd782f9ff88150
2521 860ca5d2dd95d627
2522 d4652ff22791d257
2523 4b8292eb08d6ca07
2524 1ae4f19bb0d4456f
2525 2d33dc9797dfefa8
2526 d6b2af86b97eb6b2
2527 dec3fdd78e132d11
2528 7076e6396317fef5
2529 016e6182c6ca9500
2530 bd545e9030bc33c9
2531 0651d4269371d88d
2532 320c65107b0aeb45
2533 5fe0a4c07623d2f1
2534 f6968a5f687d6131
2535 7146bc94fb61ce27
2536 7b4511cf52d00c68
2537 682ac5cdd67fc6c3
2538 0311fdfd0f35fedf
2539 d0401c015ecb01f3
2540 c5d9830c5b21dbb0
2541 76a3c83e82c27237
2542 f2181a3f14e72fcb
2543 e6fb96ec2e6bd18a
2544 6a60c9d2cf8b19e8
2545 1f6f1d0b1644cc21
2546 aaaa586308c97ee6
2547 537611dce1042440
2548 e85c857ce5ccb573
2549 dcce685b957dcdb0
2550 ce7fad6c747fe1d7
2551 4104f97ef407e914
2552 282a13b8ff7efee3
2553 4c1cdf7f808085af
2554 6e788c1cd377ccac
2555 56064e9117d858c2
2556 26cab379ec739c49
2557 fc530e49cbe92274
2558 92549b98891b1e21
2559 ba5d2caa009e2856
2560 30a1e1bc3e98efff
2561 2ff487545968e9ec
2562 b7e28b18060c715d
2563 3e4d89dd8c2d1b0e
2564 56c568ff5fc43e67
2565 d6f011f701201299
2566 5e9cce21b2d34d62
2567 45b47a6922de3ec6
2568 4858a700e79f858e
2569 a6cae67ae5b58efb
2570 7e6e38d27b572da2
2571 e0d3606c4b09c7aa
2572 b98b321fffc18547
2573 a2a7fe2c4f9f783a
2574 35ad446f66af6206
2575 1a33741a1bd908a4
2576 3ae084e61d4a6aad
2577 e9b26ce21a663f40
2578 368b5dba8b912736
2579 9e485acf9fbb5f56
2580 3f304726f89562c7
2581 b8c9085705e8f5ea
2582 983b065d11e9ae24
2583 5538bb326b748e10
2584 55a87f39e2d8d484
2585 5f6defed73618f57
2586 66510fd7c8c26cfc
2587 b889f68a64540b6f
2588 587d3c689f0d1cbd
2589 a008e96a7f0dd773
2590 4149b373a9db1d30
2591 626031fff806f6dc
2592 85d343579801df49
2593 f232dcdeb3788db9
2594 9e654b2c69832a70
2595 c0e2d13736265d00
2596 686890b38e054ac6
2597 c261c34e273f7d91
2598 ff2c8279894ecf97
2599 46e107c7fde5d4f6
2600 7ee9f28711faf82c
2601 89495d6e15d94ec5
2602 5e2475fb2023a53d
2603 1d272132761103d1
2604 3605f741ee073f06
2605 e0d23f4bf948de7b
2606 d52c8590b28ec653
2607 be0db2cf9fb55b24
2608 039e209e73e37ae4
2609 59eb855261998daa
2610 de5f026513f56965
2611 b2efd3f97705a9c6
2612 7a8872bea9fc40eb
2613 8baf62e12881f47c
2614 d9e5e7a781c2f0bd
2615 b87e8f648fc83a42
2616 4ac085779c1e5bbd
2617 75a43666497d1a0f
2618 eadbe26d33959e31
2619 915556ec07ddf77c
2620 43fb5329a7ac08c1
2621 f2326d740ede65f7
2622 38bb2682bf1c714f
2623 ee457868a3e93917
2624 ba22d7b5ec2718af
2625 a5b98a778cdb0138
2626 b36f0919cd877dbd
2627 75d38f8d9b7d66b3
2628 127d49b11a37ce7c
2629 c6252d18e900be48
2630 0ab6f4e26cf39d3d
2631 1799bf5d6f62570f
2632 bf3ba88639786609
2633 8cbd86fc63d435bb
2634 87a7ee2886d5a38c
2635 deba5b7ac6741087
2636 2bbcb3cb41f9e6d5
2637 c5799ef848a2f7c4
2638 4d33e4ac1f6b0b3a
2639 45ae32878a8c7718
2640 2a71ea4d0ae49dc6
2641 fdc9eb2f009026f1
2642 e212f2e6d42a0f99
2643 836571ac649de739
2644 430dd1d6652744d5
2645 83fc00032063140d
2646 4188a6ef7ffada31
2647 6682c31011049069
2648 3ce081b27d230d03
2649 b78a777e3f1968da
2650 66b9098960839719
2651 4167ff3e49ea0a19
2652 4480ac1909a8ee31
2653 447d59936a65949b
2654 85f7c81158090fae
2655 62284ca35a725e97
2656 9d44a6dd028617f7
2657 f2f857078effb61f
2658 4c2a4c6698985b2c
2659 4e512d9846f28447
2660 d4125b8639bfb9e9
2661 d89c2e11c4af53a6
2662 e40d7421488920c4
2663 80f5747316a923ab
2664 4e6f3d3de6b818ca
2665 e247ab859e290cbc
2666 6a4286770c595a9d
2667 93342ca50b553f16
2668 8cace3bc994b0d16
2669 8de47ae7c12f93b0
2670 97ef866e231e6350
2671 2fe90ec395966cf0
2672 17d3727dfcd5c7fb
2673 04d8d48b731fb26b
2674 b0e5bf2eef47baae
2675 3b6f214d40428049
2676 aa6bcfb4dbcf5ee1
2677 7d470675bfccb2f3
2678 93f131394fcf1acc
2679 a79a5bec50a74074
2680 8e072ee8bb79ac78
2681 1ea7c0eb0578fc91
2682 9bb6984e177b7403
2683 7382509c705ff20c
2684 874e772a55702f0d
2685 8e24d01a19a7c4f7
2686 95d38ce00da6af0d
2687 afaaf881075f6364
2688 64972b9dc79fd86e
2689 9a8c504174f18ba6
2690 71edc30a41c569a9
2691 891c8ae6f35b54a8
2692 d6333d729910b5ad
2693 6aeae70116722bab
2694 669872194d7e7912
2695 a280740ce72230fa
2696 3d01c6bab9ed35ce
2697 7599f1fed3d0861e
2698 7b083313978858b7
2699 4b15a6fd967b2b13
2700 459570d864d0a0d0
2701 e26fcb3f70a43506
2702 71e81cf26d6e5afe
2703 9cd9aeb4c694a114
2704 13ce9400a5122ba3
2705 e2ae112a7c84355e
2706 832098dfd7e74ef5
2707 7e63d9772276dcc5
2708 382f0f32b5f3f394
2709 f979ca0c745f4e40
2710 44901bc072436116
2711 6354810d6cf5ad26
2712 48e7f8cb3fcc4207
2713 5fb83f06a57d0d82
2714 f108bcd9ff734b63
2715 580be6feffce9c16
2716 94835bcf6f5d6802
2717 41a9065e5ab56789
2718 2a9bef14729e31d7
2719 42f08a8d4085d6a3
2720 f9498d883954014f
2721 e80584d7e5e23173
2722 ef1d56346c516d57
2723 17172d4874880f0f
2724 d7c175db8e0f3863
2725 0e54700015b751f3
2726 f5fa25748fd924e4
2727 60674db2a301975c
2728 7f9e45c7af54710d
2729 e073da0d08cc2e06
2730 2739806c484f1f3f
2731 4329e20d5b1f3c31
2732 a57c17401e22f521
2733 47c5e56ac13517cb
2734 11199b6a5b4c369f
2735 3076c3b41565933a
2736 3e3418103f6737bc
2737 183c9b5aeb64cc9e
2738 d57f1cfa33e85440
2739 4dfc74423582ab9e
2740 1e23316057840575
2741 adc3c1d1444fa132
2742 0e3e42f6a37d4702
2743 4368f0ed6dae9648
2744 28b685e02b86d89b
2745 62a00ac8c881096e
2746 bfd86edffa7b8a2f
2747 34e71d2c000f91b4
2748 12a521c6ecc414c0
2749 e2946fe6a872df57
2750 d9f8bb07e1784a8a
2751 741b00630b9fb22a
2752 33cb7e6016ad50ca
2753 7d995d05555edc20
2754 acc7dfa4f6c38ea7
2755 5cc755b6ef228e1f
2756 39b6985c6008b0ae
2757 540bd0e1a4eaf956
2758 0f44aa41268c5826
2759 9ba69e699394b04b
2760 6482eae70348b648
2761 53218a7b180f2455
2762 abf6c0e33bd45e02
2763 62ae63197923048e
2764 0ff38ed668a85821
2765 7f5e51df2f7ea083
2766 dbbee98d36c98ea9
2767 e66da1a223671c6b
2768 e41fc10b1c12d8c7
2769 a80295bb74c75493
2770 03b8866bcd309bcb
2771 bca435a87b638654
2772 333e57b56f2b6c41
2773 88e3bf39f6c7c474
2774 28a7b02552597891
2775 7fa04e5caab713bc
2776 552734076d1e523b
2777 7d6a1610af5323cd
2778 174a7b873dcb9583
2779 686fa6c943fc6550
2780 646308fccaf2aef2
2781 879de3952fa8aca3
2782 8408ea23a9358d1b
2783 b080d562644f715e
2784 6113c013d7c97f41
2785 a9885355185a7ab2
2786 90a65d886f2f61a0
2787 0e47d6418d08d06e
2788 2fb22905ca254bc2
2789 21c102a78eec560a
2790 6c60343ce329d622
2791 f94043d754736bcc
2792 590e3743b4bd776e
2793 24eef02652ecc244
2794 e2f1705b6243a1b4
2795 9f3fecc1c8fe6591
2796 fc8e4d902df27e9d
2797 6cdb2d8ac7b81a69
2798 ff2ae32444b39684
2799 59255f9c114b97ec
2800 70c48486023011ef
2801 8b91d5525640bffc
2802 a79c84e7210d1247
2803 846a587c1f6a8b4e
2804 3833b175a007c208
2805 c853925f677e4a05
2806 9175fc6a0be8935b
2807 e660dbc314b90a2b
2808 d52cd48cee17a8fd
2809 6e30aefe9b944db2
2810 8f16ff2f31179544
2811 7a762817ba6eddcc
2812 e994bbffff58cd1c
2813 d7b40a83601a7b9d
2814 fd96a97b1a8c688a
2815 fad1bcb900cd29ec
2816 b22c2669e8c77960
2817 b9791c97ab21ac0b
2818 33e8b2d9e23a295d
2819 1a1fa3f251b1f2a0
2820 5aa908932f9c4dee
2821 1760c0b10a51b798
2822 50f32fc3a13f80cc
2823 a17b5eaa7c5d1165
2824 29898987b3765cb6
2825 0e83d48a19c85806
2826 7aaeec7e9bb88d62
2827 c005c74b108ac65a
2828 ea27b7654592bd4a
2829 ded5f127ad3c52a8
2830 1b688ce213d1a591
2831 8f378f9834cdb7d8
2832 2f7cab91753a72e4
2833 fb93744d7308ee5d
2834 152879bc8aacd281
2835 f5a8c43d45bd8103
2836 f06486e1ff8a70c6
2837 8220df6c73a2013d
2838 0da15b42b335f5ca
2839 98438b895c04a1a6
2840 46daa7bff5efca82
2841 56a161f67c816c42
2842 1f5e6b471e542092
2843 0cf3de7403b7db90
2844 9519d168f6b99268
2845 15f1f1e4e6d55537
2846 c969091fed8951a0
2847 59c80050f0daa62a
2848 6ea625fd1be0cfba
2849 90821a486cb767e2
2850 390e8507913425e9
2851 30bc9d68d214d083
2852 bcb2ef1d509aa1bc
2853 e8bb5867817943c0
2854 b1753edc2af4caa5
2855 c8cc5a3aeac7ba7d
2856 605902bcb6580ef4
2857 5b8249949e3dce1d
2858 d89886e631da4fbe
2859 7e189eeca5c366bc
2860 ba353c42f0b5a282
2861 06b6cbbad7acbb82
2862 89925effca222f45
2863 475514b85526434b
2864 ad8d420ce432f76e
2865 70157c45f1f7b277
2866 a53fd3b3a08f5884
2867 4fb7dca5db9019c8
2868 a47c33b0c88f4102
2869 fd857361f33d4e47
2870 7f3ec2bb2f79950d
2871 b9af44992f3b3198
2872 3a8610986ae4e35b
2873 ec37fcaaa5eb3c03
2874 528774ff2f0364c5
2875 b87c20c8802fd1a8
2876 ffd48439d0a88c9c
2877 0958a6e30c9f50c5
2878 104ab35851cd400e
2879 cda095d2a4a8be6e
2880 422a11b903bfe5c1
2881 9cc1eaa7fc40cc1b
2882 124bec1c8ee5d77d
2883 7d57466489e3f48c
2884 f85f918b948729dc
2885 e70e0a365b9f10aa
2886 75d20ce66411c61c
2887 9e42fddba763dab7
2888 f3d4eceb382734b4
2889 2e98bc6d65933ac0
2890 203f71ac3ab321a4
2891 21cd9ad967d7adfd
2892 a6f337eb1bebb6b2
2893 b9e063fcf0721066
2894 a6575eaec061a2af
2895 e995d5e040924bec
2896 01450f0569878051
2897 099b9a91459562f0
2898 148163ac048f3aba
2899 70dc72880e0923c2
2900 6b313b7270568943
2901 0d50a2dd37958f52
2902 c8c74cea6fba98c8
2903 a2d6a04c35deafc9
2904 da48ce702789a987
2905 d2d323bf6873fa11
2906 04d04a3fdcf2d0e5
2907 908c1c56b60881d3
2908 3b54f7b837cbbbcd
2909 658bc9493456cc11
2910 d5cef4bdb2f9ef8f
2911 c6a1e10019bf6239
2912 64dcd6f7000b80d9
2913 be2b87f866fc2c83
2914 57335d6361066be7
2915 dd06eb13fee06687
2916 5412be5932d481a1
2917 3e8b3258e47691bf
2918 2f8b4dd980c91952
2919 c0b47055ef6f65ea
2920 f7ff4b04994dd2eb
2921 76f5c8ec494fce2e
2922 de7dabe656a2f3ab
2923 6c3d5c8815e3f9b7
2924 9fab36a7e47d85b7
2925 793a92808015a465
2926 ce8aabcad1af1ced
2927 9c458f5f0c871bd7
2928 c07cae1c49725602
2929 ef2b7dc2e59da222
2930 234cffb12196b9c1
2931 27c61dcd5dc00a98
2932 19626206e506508f
2933 fd177b5614cdfcc3
2934 50fa33a0048c2ada
2935 5ce365b6a7eb57bc
2936 8ea556a9bf6ca46a
2937 9840e12e917593bd
2938 1feb356f4b167d43
2939 463d010593ac1ee3
2940 fc4b8480fdb8c16c
2941 e471494ee27dfa53
2942 9156a923510f7446
2943 0109e8d61fb020c6
2944 1b53e7274cb87bf6
2945 478ba1d3471f65fc
2946 fefbd4a940089ed7
2947 901941ca6ec89001
2948 b13145ff24fda8b9
2949 854a48e394fda072
2950 cc0b74a90249ccaf
2951 e1e31f93315860c8
2952 a4d872816c8ed7e5
2953 9b4b8794b35f7752
2954 2ff54be3f4ce5591
2955 93af9d3890d2a5f7
2956 9e4c30f1aaa65693
2957 e75c4cb5eabff480
2958 08cb05c24d65a8fa
2959 193d6935516e67fc
2960 4f305a374ca1b35f
2961 fac5c57498ed9cea
2962 e92853ff2397146f
2963 574b74c78c08578d
2964 6200a00d48287193
2965 32399167dce96dea
2966 99ac818139865725
2967 b68281837c3f5df2
2968 b553a1974a59f982
2969 e045d3b40f43d7cb
2970 2135413661ac86d7
2971 9de95f3f2fe4009a
2972 1f3cef26d945afe4
2973 d01c76002d617287
2974 af18f1322169273a
2975 c2f66a20cca5d83b
2976 c8700238faf7400d
2977 3f838514b2203e0b
2978 a7bf779757ef12b9
2979 4b1805e9c2a4de7e
2980 41d5595d51fbde0e
2981 813a447f83be093a
2982 83b2fbb6e39a9188
2983 8d0c296510132214
2984 1af481870f93c2ca
2985 b9a5124483268329
2986 c486154ac69df315
2987 3f9bdc51a3c7c68f
2988 b52a914b565dc5b0
2989 2825f69c247c08db
2990 b5a221e55fa70b19
2991 cf36ec3dd62c363c
2992 80a7e072a2be81db
2993 86fe90146e8fb84f
2994 7d308e9baaff6369
2995 94bcef78b21e4475
2996 c114bd59463cb361
2997 02a2a902325e4578
2998 ba3f56d0880d85be
2999 0f3a089e0d28d14c
3000 54c290181b1abf4c
3001 449cafbb7b2993e5
3002 f8e2b4014765b1df
3003 3de121af71e38816
3004 cab955fb9b19e723
3005 dd4c2fbab9f7c7eb
3006 cfae390d3e086f95
3007 da7b817413476e38
3008 37d4cb4357c53369
3009 845c480cd659cf2c
3010 8ad774adba31ade3
3011 c3cb2f4e8cccbde7
3012 8e4d2c04afbff50f
3013 e970cd925f14f729
3014 ac128ad7dd0be588
3015 aa7540d4ade8116e
3016 92b77048999a37cc
3017 0ab0e7bd731693f2
3018 8497eb89fb2f2913
3019 2165c7a311a1f53c
3020 d7c1e284a01e7079
3021 e08685a8eea73e93
3022 c92db161c3faa3ef
3023 275ae0280858f023
3024 3c869b4f17baafd6
3025 d4672b5a5e52e3d3
3026 6f74a7873af292a9
3027 c5bba3daef103c07
3028 3cfe1a3254fb95d4
3029 709c9b6563e184c0
3030 7fa43769788d7d25
3031 3e1c9dd35aee6017
3032 0dfa7bbc4f2098c0
3033 6ce493b847cb6a43
3034 7122d076b7f6cd2c
3035 e597872f21f8ac6d
3036 d9e4c450e51e4b52
3037 d921979d77e94ac2
3038 3be8ea379a180b44
3039 ac5d255cd0056afd
3040 393311e412a4e1a5
3041 be913ace2d7a85fe
3042 d1d2747ca47cda14
3043 d495b8a5d742d929
3044 b9ba9e28ea92b095
3045 5a630cc05ec8595e
3046 5bd5425366f6fae5
3047 3973a4813c849609
3048 c46e12427ca1bb48
3049 9b686881e6e5d57e
3050 a3544c265a516d28
3051 0f51224287522fdf
3052 92767c6b2649b229
3053 b360ab1fe3907217
3054 38fccb9ffe407d6c
3055 da0725e548563dea
3056 201024f232db9e55
3057 b57116370d2d913b
3058 cbe27851809efe5c
3059 fe53317910f2dadf
3060 30103483a6550032
3061 8fcb31a1f31306d1
3062 c0fbb6b637d9e99d
3063 1ec4b8b96bf31fb9
3064 092f8078d844c279
3065 fbdc99163cc85539
3066 1c57b042f60cb7d6
3067 e558117568aa3449
3068 5b6ee9bf58ee4060
3069 1b4b354756db1f4b
3070 acb60d87b25cb7c3
3071 df2ce5a67a1edf65
3072 c32053e208c6f6cc
3073 efcadbcc8e523378
3074 26b53de944e537be
3075 194f2a8abe59534e
3076 2f18c1b5110cf864
3077 9f98ef2015f34ccb
3078 8cb995815ac297ec
3079 88881d04a9b1947d
3080 661634970e2bed4a
3081 c5cfafc05a6d9971
3082 17775d8cd08e8f6b
3083 04638b9c5e208097
3084 0e49fba1941b6e23
3085 4cb1f5dbbbe53b9f
3086 9b6c77dde0895c8d
3087 c3bfce1f400d606c
3088 d1a66c5b13f60aa4
3089 c833b3df94407411
3090 0a0848e9b9d560da
3091 63366ae2df3f5a4c
3092 503a6444d104ee9f
3093 ed6fc967f199cf68
3094 6839b1380a511da7
3095 fe3188068d86ab74
3096 5538d64a1e2011e8
3097 8e8745b75d647178
3098 916c1c85503a3f68
3099 a506972a515e4706
3100 f80778f65519eeff
3101 ab191bc293a3ea51
3102 f0628fa0d5ed7317
3103 f06cf00e226163af
3104 371d420ca6067f3e
3105 0676f2cee7cef331
3106 ba46cc7ed2215c77
3107 50801c0995b024cb
3108 6ed9a5407644bedf
3109 113cba10de61bae1
3110 8583945e7aa4049f
3111 57b336438747e6e7
3112 c265b2626a9a3390
3113 bb8f4e556d4369f4
3114 f7bcc02c19f7cb14
3115 b59eada62a070afc
3116 fb38141a818265c0
3117 8da0824b5db93bff
3118 d8aaf20cf5146b17
3119 e8d92f858e32d405
3120 547dcd1ae75a65b8
3121 633f4e70e225ae7d
3122 809af84870483770
3123 067a514159cffa42
3124 496d486528e31a67
3125 59eeb9a1f437bb22
3126 996b9d7103f12e6e
3127 98318d274d456c73
3128 af88808457dba7eb
3129 1826dbe16da66e25
3130 6e6473c5cfc58fac
3131 f652fc0bbc7e921a
3132 d43369f6e256c84b
3133 7ef967222c518552
3134 e3cc09c2a0605721
3135 06d91d2c5090978b
3136 42ef0f3e7ddadea7
3137 cc4955203d272aff
3138 2d5c543dfd50bd9b
3139 d74d2f4b1a7b1521
3140 022cbf910ae39351
3141 2a93d9ac2004fcb3
3142 60bb8c1032f10b23
3143 e9acaecd8802a603
3144 e8ecd12ac43e85db
3145 bd914e8997192bbb
3146 2ca4fd6eea37778b
3147 ffdc57c6ee7f7839
3148 a67ad6e1cbf04b5b
3149 9253dd516fd81a22
3150 32dbb0d3e61276c1
3151 ca446233fa3559c6
3152 fc52b938fbe31cce
3153 a1c344eb21433e64
3154 4462718911c30111
3155 c904efd201be64b4
3156 9cf32921f54e0e31
3157 213c1a97b56a196e
3158 e600176fb23b8b86
3159 2a0e3347646c9079
3160 a08a13221b1501bd
3161 42f37e5266b578f8
3162 2dd757055c2fc41a
3163 067f7ef24707619e
3164 f0b6511e47786288
3165 2c6dd9f65c9253be
3166 4dd6ee647bfe94e2
3167 6d10cf5b57e66a07
3168 1c37f2acaccb7da7
3169 c28a2cf20b569a9f
3170 b4b9554ee37e19c8
3171 f96df1b702f19f80
3172 f86c19c85ebd4bbb
3173 6b185eaa5c1a352a
3174 f3bd0b303a5eb2ea
3175 206f04df8cd741c9
3176 910f360ff975a98a
3177 ba3b72ff4ea3a3e8
3178 319ab160d0cb137f
3179 347cc96fe9df9866
3180 c472f5013ea72c1d
3181 c4ffa01d719054d8
3182 7b4f715479a7e590
3183 1bfe1ec3659bf834
3184 6cc310a9a55ca0f8
3185 6a4357b2657ba908
3186 e8f39d504d938511
3187 4d447b306daaf2ea
3188 4d1277843f7cd734
3189 ea5586febe9c13f7
3190 acdd0a0c376b2869
3191 14d962363261e3b9
3192 00ebf31587b8faaa
3193 8f32f254dedb1ea8
3194 1e366ef3c859595b
3195 87b0d8ac3adbfe92
3196 600018eac3d87bc5
3197 93d8b08f7bb785ce
3198 05a221e141859b62
3199 371b656a34daa586
3200 11a5d7407937321f
3201 aa747755cfab6c0e
3202 08f2e3d10d056d29
3203 07709c903e107fd8
3204 eb0b2fb3ed3b011d
3205 3132b42a1ab168a4
3206 e4b074e3ceb5b69a
3207 fc8729be55098b86
3208 9990a03d4a034524
3209 2645a4b14435a2c6
3210 09756756e6702b02
3211 b1935cee97c35bed
3212 cc969e5d45a5d712
3213 d15eeab72929719e
3214 c883b6e75ff55dd0
3215 742b4b9e3678473c
3216 b83b98c11e6ce537
3217 05bc00f9d6661343
3218 00c35686f4fd2074
3219 ccdbae721ab69ffc
3220 1b54f2e87ac826ff
3221 625b9b1cdb8e4159
3222 18a766af2bce0a46
3223 e5bc94e35aeda62c
3224 d98d99c7d27f3336
3225 e7a253e74677ff30
3226 009f65ad5cf64ac6
3227 116bb10b1ee2c033
3228 c681c927d81f681d
3229 ecc8264b4e6da350
3230 1c344504f9ae5750
3231 16e1f1cdda7d3f11
3232 d5f844fcddce89fe
3233 45d9fcaaf39077e4
3234 93c72dc97d55adcf
3235 76c53eec00de2b98
3236 539a925dac40a59a
3237 6c6102e7a4699878
3238 f473e64d426ef876
3239 66ac5adb3b093eb1
3240 e640cfabfb4424d7
3241 90f4e8c7f3ca03f1
3242 beaa2da10fabfae2
3243 ef87e2a116728568
3244 c8212df1600d7bc7
3245 871ebe00a8ab230d
3246 6108e89105a0676e
3247 f9ee17d653e6850c
3248 df03421e5fc66a86
3249 b60d188bc5d489e3
3250 8a0dde2de31581ef
3251 29cb4ca6b5df10a3
3252 1d7f912551135990
3253 18b8e6a6bedd5bb6
3254 a00fa2b753e220f2
3255 3b13f279e2e9ffd5
3256 6f76aaccc98fddfe
3257 326eda64755ebd6a
3258 5696de1efc387bf3
3259 02473d79a0a9d9dd
3260 5c78518dbf0c4c56
3261 0290deea7ed1e0a0
3262 3a08d80daa43fb7b
3263 9bb49f0af0bb59ce
3264 20e9115896fcc4c2
3265 faff88aa706b28e1
3266 d434a98746e0d412
3267 0b323a4c5564f6e9
3268 26bc39873aa99470
3269 7e63ccd81f136d45
3270 ed4739d23f147d77
3271 f3362783999531d8
3272 c51304bb435b356c
3273 2a974e7cd97518de
3274 163e37b829547c47
3275 f1f1c2d3b008c963
3276 8fc44bfbd0e78aa1
3277 c9d8c380a341b89b
3278 88a21756f9948fe8
3279 702d58abcd028c0a
3280 3c7aa1edcaf036ee
3281 fc0736b75a074d73
3282 8be737353acadf59
3283 cbae2547b110cd80
3284 2ad338c1409167f8
3285 2efe0cdf48ae1d06
3286 af2c3c8a2ee5ba83
3287 a480780db3e2cb42
3288 3cee4578b2c0f7e9
3289 87a4af9b0fabe26b
3290 24b65fd2c9ec36bf
3291 be780e63ffe01cd1
3292 dca4546e5f621c05
3293 213da4192b483e53
3294 9770a8de84f64c1c
3295 a0dac4179c642289
3296 8505a70d20297fd0
3297 fa7feb033771d58c
3298 444dcf22659b89ca
3299 aa96e297ab92b9dc
3300 86fe5222d7d9eef3
3301 dc9807396750ae5f
3302 f7caf8948a980f17
3303 e642555ad5f9dc43
3304 c5c5b10da74ce2e8
3305 a1e342f9a986951f
3306 479b718c40878514
3307 51c34e81b9fcc240
3308 4a53d2ddb988c538
3309 d63a59e77c1883ab
3310 5bb21eeeaa9c2683
3311 597065ae17f5dd9c
3312 7660c8e072e689c9
3313 584cd693771deee5
3314 35fcc271e95206be
3315 6bec1cf6d561024a
3316 9f9c69100e76260b
3317 06527f0f4a8a1377
3318 a0f4f0347d0f54e6
3319 61af03b9a0393a1b
3320 d52468bef71e38d9
3321 9513b7e4e97dc3e3
3322 2b35711bf7a49a59
3323 323f4cc861c4e15e
3324 9cb63c813dd1e237
3325 bc3193af44a2afb6
3326 a88b98823b961c13
3327 66cab1526ecc4366
3328 c1a2c93441153237
3329 02e65bfb8d37dc4f
3330 45d59b8a36e7df6d
3331 a6be352cb82a671c
3332 9da90fe90f1c7800
3333 2bef241679ab9c17
3334 0b7d1c3d33553111
3335 65dfa4b851034554
3336 cf57e61618d2a85a
3337 121f56f44869261d
3338 f1f1778c3ce0200d
3339 1972f3a03dcdc42d
3340 1094d9de48fdaccc
3341 9e426e21c0a5dded
3342 4191e9bafd1745b1
3343 a748ad8df6a540a3
3344 8c92a44826c66e6d
3345 5011b5b5648bb1b3
3346 565afcfc69e487e0
3347 3b7a611cdb1a3116
3348 1de6db0e988e32d3
3349 70f35d7861825f7c
3350 1c67324dfb7bb3a9
3351 5c54f954555c3e61
3352 c2b343faaf42b659
3353 f2bf71e007cb7395
3354 c81427159aa57443
3355 1ddba2c5c809d31f
3356 c5fb01fb548afe88
3357 c8f477178b685fe9
3358 a36e3092695ae168
3359 2d19e83a2168db53
3360 0129756f5bfa5296
3361 5bdc042cd2cab230
3362 31417a454fd511e1
3363 de13a6eddef875ad
3364 928c48948f619131
3365 d90c574c42553333
3366 aa12d8fedd25036c
3367 50a44ca171dda426
3368 16c7a3bea1796b31
3369 5419b0239f091793
3370 7497a8436f7b9085
3371 df8143fe3f48cfad
3372 850d609a31ada1ca
3373 a37bab7b2183f580
3374 c14264e63026450b
3375 6965cbc9e4d5756f
3376 0b5a604848a111e8
3377 28577859d4cc78d4
3378 83a85a54c2713385
3379 3b3f1c054863739c
3380 689890f9112ea857
3381 4146c07e77ed5c02
3382 e4c90ba2e42300a7
3383 11e015ce6da1f9f5
3384 675b6b2a690d3f22
3385 aa32189c8e3d8ef4
3386 5ebadc776fae1139
3387 c522b263355bc51d
3388 a890896c04b2b1e3
3389 a0102ec45ebb9aea
3390 1b69e4f39a3e23a3
3391 a3a52ce8e7b78603
3392 06cdb2c6513c8375
3393 3a99b5fd008f9fbd
3394 aa1e52ea415477f4
3395 0de7b675e7b2a2aa
3396 c00c6bb418dc1a15
3397 5f45f22aff2333e8
3398 f252cc4c22c2b6e9
3399 f8f939627cbce873
3400 e64ac8a9d2e1c78f
3401 a2f9522eb6664ce6
3402 83fad83aa3cb127e
3403 8d51fca57cf1d4e0
3404 09cafb25148ee21e
3405 a352b8c53eefedf2
3406 6f7a8254392274d6
3407 0bc1510b222e1a5c
3408 d0f06659534bc2c3
3409 9d459d50c155f397
3410 1d1ee581b31f13f3
3411 181c41373007d6e4
3412 a1b7071c13e85cb3
3413 9416fa61d75fdbcc
3414 8c4e06ed0a5a25a3
3415 e5178e9903515d34
3416 07ec9b815d6df677
3417 c5fe3137448eb8c6
3418 27bf87ed08c65226
3419 0243e95fef20bf9f
3420 dab48c4aa862870c
3421 05ec509b408a8107
3422 af2ffeee7ca2faa7
3423 584adb838d459758
3424 6d706474ad501810
3425 70d2bbaccea4caf9
3426 008a4a0bc700c25f
3427 e11a549fc193ed2b
3428 59160f5684ddff6d
3429 72629c78d80afee3
3430 a9f1412c9727261f
3431 021bb1b4bfeac186
3432 60e009a926ae6bac
3433 3176fff8b75f2b96
3434 420e9a1db2e318ec
3435 723027a738e3a247
3436 640e76fe41f2743c
3437 350e81326b13117f
3438 5101ddaee4e7da28
3439 6cbc7ffc4fc23751
3440 5a47e622b5107add
3441 e1d502c347377b56
3442 054b009651c938f9
3443 c29a1db3bea686fa
3444 a729390d9fd18551
3445 70be2c61bf99834b
3446 94029019341dd4de
3447 39759d87e4adf89b
3448 9d43099daf667f8c
3449 9279f6902303a4ab
3450 86587f6de3896fb4
3451 36a9285ba9ce6b46
3452 e23c940ca37c779c
3453 9af7f23d12db55fc
3454 846efccdc1f0f4cf
3455 4a205527456c72ab
3456 176f4da538406c94
3457 1d1bed05ff8fa2bf
3458 a67fac96881047ff
3459 4bca0ad48548e1f7
3460 8e0ae343ee465c92
3461 a8417e0f8df9ad1f
3462 4909f361de16db05
3463 1f1cb264f4a4e6e0
3464 8ec508767d98203d
3465 e35b8490b8482001
3466 eec3497da7dba8d2
3467 59f3901ea29bd111
3468 0b4c2ababc71ac2e
3469 3c9ed1d6b0f051e4
3470 a6c67d2580f3dd25
3471 12fead78526ced7b
3472 08ff0d0b5ee332e5
3473 f7cdf18f033e5ed1
3474 52bfced3192b2e07
3475 2bb5bf41d71fa2e2
3476 a01685a98958cd9b
3477 b98096af3b698373
3478 dc018ab46adada77
3479 bc7259e95d0b0a3d
3480 404bb698af93383e
3481 5699b1f5eb81a327
3482 ae2e3a6a61964c1d
3483 c029a32172fc1be8
3484 3db3e6e8f1345757
3485 f0b21778f86a458d
3486 4b79dceec4bb760b
3487 50d128132f30629a
3488 7e3980d318981270
3489 b7cccb197684a87f
3490 9098b0e833e23f1c
3491 ce8e38c8c71a5d7d
3492 ffd1c41ea138dd64
3493 0ded61ffc3cd814e
3494 0354fcc3f400e3aa
3495 e338b67b19220fa4
3496 ce8d4e339e3867be
3497 e012caa382f7611f
3498 b8552c85a23ace1b
3499 9197f1cf593e3b5c
3500 bdc03d57171b3781
3501 a9a4e07813626463
3502 d3ab1dd51d20c2d1
3503 293f3b23dd78cdea
3504 0d229967ca9fd67f
3505 3b633bd45d1fa090
3506 4a64c9d291b858d1
3507 e4fb77dcd15a3da0
3508 d6938b6ee116b546
3509 9e60bbea7306e312
3510 31d50cca878f072b
3511 4e11968f8c4d8688
3512 7c3f5aacdd6cf13e
3513 67ad62417dcf0f30
3514 694d0f47d9fe31fb
3515 51f1298f0433dad9
3516 70435e93a2450969
3517 1d212be0d465923b
3518 f5e08fe7a41734e3
3519 220ab288d0f8806e
3520 99dc30543d736e44
3521 826e3b0ad5dc0eef
3522 b4fe224338e1edbb
3523 ce57b843451bf6aa
3524 bd5b8caecabdcda4
3525 775b616eb1a052d7
3526 56b500450f461bdc
3527 5c5119014962baf0
3528 7dd722f266df31fc
3529 98df681db4a66ba8
3530 fb1344372efa2bc3
3531 20aa9c50f11bfd73
3532 e7dfaddd87060773
3533 d1420920de4c6399
3534 bb2d92ea56d49b18
3535 48936f42768d3bd1
3536 0ee242762076126e
3537 c040718be41854cf
3538 b74cb045ac760789
3539 356879955f5228c2
3540 a75381c5b7db8a53
3541 24435aee190fc0f0
3542 1764003bcbb6a0f7
3543 7d05774e4f108340
3544 413390d777c20f96
3545 46eb897165429fee
3546 c9c008022e27c799
3547 208dc939c42a9ce8
3548 07e9f617c58ec0ff
3549 060fc1df601abb4d
3550 516a13a57319fb5c
3551 63699ccc2099939a
3552 70037667cf59f039
3553 b17ab948fc178718
3554 ae64b685c685ff4c
3555 ffe217993fe43a50
3556 1b13b0ee9f322c00
3557 e57d25b2d9c0ff09
3558 841386b92a29ee58
3559 b2ea9ab3242a5470
3560 21993a6bd7d3c194
3561 e71bce9db3132293
3562 217ca38fa96c8e52
3563 27989ffc7b44314f
3564 d7554bc4a78235c7
3565 af61727e6dfcb762
3566 ddd7e078ff336cfb
3567 05202d35cbe9734a
3568 b694c2ead69deae1
3569 234de27640435561
3570 44dfde2646ce01ac
3571 313fbbaaaeec17cf
3572 b2b32a5d7134c254
3573 c4504d95a7005e2a
3574 1a2339f7387596cc
3575 be770986a1bf3663
3576 afd8852ddeecbb83
3577 7fb15f5cbf88f7b1
3578 758c87245db2125f
3579 52ddef778d217c69
3580 aa078d40cf4b903b
3581 9a6e85662f86b905
3582 2afe0c048b652ccc
3583 b9234b01eccb3d2a
3584 632928d509a98a5d
3585 7a199937482b03e7
3586 10450d11ae86aed8
3587 07d83be8b2973863
3588 e1cb3601d99c6cc8
3589 1255989c519ddd48
3590 90cae59c96995631
3591 e0c18ca024541f6b
3592 31b96591b008f5db
3593 8d4eeed7c8a00fce
3594 cc9e57095e516fdb
3595 12b192eb2aa487e6
3596 b46d1e3f727d3e78
3597 d03f18bd43c59f71
3598 0568a93dec924a0a
3599 f06df3fa658ffe56
3600 8e5e3e31f8bcf12f
3601 4180abed5b9506d8
3602 255592dfee960877
3603 c43a74289fc26ad9
3604 e507d02d3152d1a0
3605 99539ebd5119efe6
3606 4205521af56cbea7
3607 3f0aa5d0aa22d720
3608 36680b941819c8fe
3609 dab56f949c86e5b4
3610 80fb5ea399963dd9
3611 1a00928a8905504f
3612 a0ff0a152bef6da4
3613 4aa0acd37bbf6bb4
3614 e6369f708d40a779
3615 2fb8db2ee306ece5
3616 e463cf98303c4798
3617 31b6a08c28bce6a0
3618 60a1fd7256b47722
3619 9a7d621664190e1f
3620 803d12f521d416ea
3621 128a0096cb748e02
3622 880348ae61999ea2
3623 726be64c4252e290
3624 c6dee4585c358548
3625 7c71fd1387e68ac0
3626 784d63668dff1423
3627 459806689fb54c70
3628 8e4ef711a62232ab
3629 cd8517af2578f919
3630 6cb95e8da17360c2
3631 9339a966290ba9c7
3632 503afa151634321e
3633 2ce1ab2fe64564f2
3634 fe67433610cf53eb
3635 6c9a123c0693e0bb
3636 027f2857c370648a
3637 890ff9fa0b6faf22
3638 1731c3858a62ad36
3639 d01c916349b43f33
3640 2757809527fff2b0
3641 81c229966c680f77
3642 5744d93554aeddf8
3643 5b45a748c653d403
3644 f40ab27fe8d35687
3645 f54c7c6059f01e16
3646 fcc0871476f41bfb
3647 7045d8189a0c19cf
3648 22a33a0138d4518a
3649 3cfb1f4082e0af2d
3650 90a827735d622814
3651 cc50f04f009d8c1d
3652 743244640da87cae
3653 dd44edb385211f03
3654 61733a534b4cceec
3655 de6e54fad80b2d85
3656 340e17524cbbf2b3
3657 3e64cab30c4f1bdf
3658 49776897a1956eeb
3659 ec51a3827a471173
3660 a6aa66acf323f637
3661 8c4cc0babde387fe
3662 37e4978cef046956
3663 3ea15b7d3530bdba
3664 084fd74dce2057a1
3665 0ca63a71d2fdc92f
3666 a94eae0be7282882
3667 19198a16e289cb8d
3668 3828ef35a62039d3
3669 bdfac5bdba5f7ca6
3670 6544cc78b5e0ba85
3671 f52b4d70c49e1802
3672 93e30c4311bfa1c2
3673 aad71365af32bdfc
3674 3ecc91c7744c01ad
3675 ed9981b8c9ee8d6f
3676 927edf0e3d86009b
3677 b8ed97a743a8cdda
3678 ca93208602260522
3679 e8d3f1644a98c354
3680 965691b06e7b5148
3681 17db334dc2a174e9
3682 f4c2788e7c4a49da
3683 5192ed9eb5aeba57
3684 af2afdbd5dd8fc57
3685 c9990916cddbd82a
3686 2463b76836f993d6
3687 d0cacc8e94eec7ee
3688 a9768332ea21ea15
3689 5fa49b65703c12db
3690 bf5e433804294ffd
3691 f14ff84d78209c7d
3692 1376c635b1133afd
3693 6af465c18381d749
3694 2a16b546694b38e9
3695 458ad0e40a4a46da
3696 04bb2d26c87fe71a
3697 2807bb93643a77f1
3698 2c7577c0614d7a8e
3699 46737df5eb2d520d
3700 f0ec4d63a66060ef
3701 6cf2237d687fda05
3702 176a81f7825c26db
3703 aaa9592f05c2e233
3704 e35cb1288c8ec03b
3705 32beb48657729a02
3706 711fe86bee933dfe
3707 460e32196fba819b
3708 c924a59e6d0a6cff
3709 413d3e68e50af772
3710 7ca58cd99e23bc4b
3711 3dd7caa03d1df75e
3712 094f39f649263da3
3713 afe559a987902bc7
3714 2850056c978f4f2c
3715 fd0b834560388203
3716 3860682e3d4cf2c2
3717 c54747e5bdb2693a
3718 2ac4c3344657e2cd
3719 a7555969e2181379
3720 94b70114866b32a8
3721 17c5ff6bd7ef3133
3722 73e77a6ef2b5e0c2
3723 2f2b2829237eba17
3724 f039ee59832a0b66
3725 a867c314716dea88
3726 2234773542427a3c
3727 7e8baad5964caff5
3728 9f9070eaa4252538
3729 cec1747480f16f9d
3730 d62e1e2bb39d3607
3731 1f1918641abc488e
3732 0eeaf9d8bdf880ce
3733 87f1b8ef9fa7ebca
3734 4ce96f83ed5c4274
3735 ff141d7114be7540
3736 19e20b4883b73a82
3737 26d807eb4eb2ba5a
3738 8411ebc0a30f6c61
3739 6a5ec8dc204e768d
3740 ac6106704b62be9d
3741 0fb5d516f02ee847
3742 b291a18f4df9ea18
3743 92be177dd27b1116
3744 36555eb86613b2b1
3745 9efb49fb32240c5d
3746 df76fa6cd9033e6d
3747 48236b4f9e00258b
3748 a7c81622f9391fb6
3749 4e579a1113a883e3
3750 284687658efc118b
3751 358fdae1994fdd54
3752 c10be0e06e7d95e3
3753 43c7b1d302143aee
3754 008368b5e57681e1
3755 f6150daae1623a88
3756 785fbad349259b4c
3757 baa9712840ccf07a
3758 61a9293b918514cd
3759 281e68377d96a1b1
3760 a192c07204f2b26c
3761 40f5f403e8844f7e
3762 4aec7d8ff495dde7
3763 57c2c6cde934197a
3764 bb826256812ac2f6
3765 a0022caa5d5f8799
3766 34e1e30a851b6a85
3767 5f426195d9796c6a
3768 343329d39d50c5e0
3769 4272fbef395f84e5
3770 4c7fa1eacab53861
3771 a02d4903e591dae9
3772 c0817a3420cf7f95
3773 e3144eede2e4edce
3774 a051521467ea0b05
3775 b27241442f5f6d56
3776 330d4dbb255d5162
3777 64e67404ec428ae0
3778 1fe8f086667e8fca
3779 071742f6ea0bd403
3780 ca72560aed8ef90f
3781 540398d25dae4377
3782 e13aa74993f59a9c
3783 551b9648df03d100
3784 4d7f10df56a15925
3785 a6b2b7d468caa66d
3786 89fb5793ab668422
3787 0930261cebc290ad
3788 13fb1a9b0ab66070
3789 aeb1b15b7b394e71
3790 c588a3c0e699ce92
3791 6e2cc3180daf472b
3792 6f93976ffc4d90d3
3793 e26264a04be69fe8
3794 1ec15dd9ba4778cc
3795 b2e8247e1ed45d6c
3796 b36a35c91174d5db
3797 87d49a79f745a44b
3798 5362d3ca472e72fa
3799 8f4403020685ae95
3800 01ec412393ff461b
3801 f214aa6abc30b959
3802 b5e7bcddeb39c1f7
3803 145cf067727522ef
3804 d223ac236a9a9d11
3805 f80e1b45b578296d
3806 ea3ad94ecf11f542
3807 d5f8242207bcc363
3808 5cf511047c91b669
3809 19897d937c22f8b9
3810 7caacc12a34deea4
3811 1bf047abeca7eafc
3812 33816304d3b3faba
3813 befbd4a0fcba7a92
3814 6d7543c840857915
3815 9de15823dc633124
3816 e1d54e0b1be916e6
3817 390e96d4e83793e7
3818 9a741c997d100901
3819 3a9e25e35daf2f01
3820 056b7cb79b1a7709
3821 a677e38c933879da
3822 be2750a749c0d9a4
3823 752ec0b9b52ba0de
3824 18ea1ea2a8483a6b
3825 17cafc3995310a6c
3826 778a8ef49f702ced
3827 56dde3bf40ddd495
3828 9ea8c2a915346a38
3829 3790ca712696ebac
3830 2dd9dc40608327f0
3831 e0809e094f9254c8
3832 adee5f07c30419a5
3833 271babd4591ddfe3
3834 cef4ea72bc02d972
3835 8218d7c61a9ce02c
3836 a6eab4ba0f90d3f9
3837 e8db2fa89eeb3344
3838 0edd97a26589e68c
3839 6b846b53a344b375
3840 c560de6e4912d89b
3841 20b1268174f82484
3842 f9529f5364172f92
3843 72898878074b8a82
3844 3dac367f0d3b0c6a
3845 ccc249013ed2c1ee
3846 4b5eacf26fee2610
3847 c048e0319d4071e7
3848 1c522e46863ce131
3849 c85901113474f541
3850 969af5aab74ecd00
3851 c68bc3a0b666afd2
3852 e1812b5e98eedb88
3853 b54490bb25a7876e
3854 a018bc5498e39292
3855 1f49f6dba4b15fe0
3856 af6a3739d6f4ae23
3857 c36767762130a6ea
3858 84307e0cf3c9fa33
3859 5e90ee83f7dd5559
3860 847b17a36e2bc01c
3861 c7b4f4490251a7d1
3862 2e5d09ce20fffc2a
3863 fa7d9adb1f258d61
3864 b832360dc1618ed6
3865 f56bf0c8fb1d69df
3866 4c3c0a2fdd427114
3867 6561fdadeb477276
3868 14cf7329fa5e9b40
3869 b3ed0e216de7616e
3870 7bf9e1630bfafaf3
3871 8010d6802f1ad80f
3872 3f9930887028d8cc
3873 ad8bc5c27b096441
3874 32ae4d86b5ee2d21
3875 a80063485fb8821d
3876 eae1d7b132c146fb
3877 9ce3e611660e5ca8
3878 06f0945b36c984f0
3879 149724c676e41d6f
3880 e53456fe12e5cbea
3881 2441910e221033b6
3882 7f9f0f46da93e2f9
3883 56583e69d533b03f
3884 475b0332d0c8d33d
3885 42af0df99e6ac005
3886 12a0b4a7920fd67a
3887 01228122a7c663ce
3888 4c4575486c6c279e
3889 1901bfe22dbaec5a
3890 f72a945ad7030eff
3891 e5d25f21a35308c5
3892 d5aba654efb086e8
3893 0991eb01e4fa9607
3894 bdd0971b1339829b
3895 80dc30818cf1d476
3896 b24607cc15e47c36
3897 179a46cca5c34276
3898 b5fbe42852a399f0
3899 a69b7632d0ad9893
3900 af5312571a0d3a2a
3901 73166ea0a5057bdb
3902 d948a728dd551666
3903 099da10813f8ba6a
3904 1143f9e5b82d6b32
3905 c5ca6116531bd4fe
3906 6e7965fcb00c2b41
3907 eb581d0b1bd7961a
3908 c1e2aaafab6f6276
3909 db37c4d2da33ccc4
3910 fa448711aac66b70
3911 51fd187088133454
3912 23b84d150cb4d2a6
3913 ed8934821b8958c9
3914 75eeaf879e122d30
3915 1e2425b06acbcda4
3916 747264df7f449677
3917 cbc740578ab23379
3918 042703745227f418
3919 54d4809365ff9183
3920 3741c232fcb286d5
3921 f89068728ef02f5b
3922 cef034aa515c6e5e
3923 c414393f676a6809
3924 c02550d2455d1ad1
3925 40ba9a9ecb0a9be7
3926 6074363cc4730a44
3927 b2e386dc3660cac4
3928 199d9c0da9cae64e
3929 0ae5b0f972bd6cdf
3930 ae8587b8951bd310
3931 b939272d433a19aa
3932 0e0a7fb9dfced933
3933 44a069d986ee829a
3934 9017a76286a09d37
3935 5dfe09daf157e67f
3936 8a6c20908df97447
3937 2e1e7a8c88c8688d
3938 5965ab4d8a63393f
3939 fc0114b18752347a
3940 3a746bd8077a259e
3941 151749f34157b2ab
3942 b29cc162fcddb678
3943 49fa515ab5c8b654
3944 2a1dce83efca9ce7
3945 28e109cccff6252a
3946 045f0e6e5026bd2c
3947 fd682eecaf8b597f
3948 3dd4154dd2fa86f4
3949 0e931345bc6ab515
3950 b8eed47b09fc4d71
3951 7f2cd275e1dc79ee
3952 55bbdd7945c21fba
3953 64abc96fb8c79927
3954 fb02be7b86e38d4f
3955 b4cfe9284103bea1
3956 ba9f7ecc412626d4
3957 f6cdc8e970e0568d
3958 18cae36d85e8e431
3959 2888df840d0268c6
3960 0889f1f3e232a27f
3961 c244d8914a6ed28f
3962 9f62feec0801db37
3963 e11d53496504c8de
3964 c075b1d547c29389
3965 53fecc62fc6beb8f
3966 d702636333cc8fab
3967 c9d88a7db5a27c96
3968 cc2605ff30bb70db
3969 d7a8b15e5897e4a4
3970 0b02f59120f763c0
3971 14ce4a19ee1d2dc0
3972 70e2df5374b0686e
3973 b7f66c550e0bc290
3974 c60278a2e225ab6a
3975 4f461a56cdd187eb
3976 268c386923b33443
3977 ece34d53380e5124
3978 d62c898988c083cf
3979 1115347b418c0071
3980 a5af15b23c9a7219
3981 29d479cd10bcb00f
3982 c6b51ee790c5eadf
3983 1331233f78dd65cf
3984 48ee5bc98ccac322
3985 dbc4659bc52384bd
3986 22f6c86670b977e1
3987 ffe948c8e441598b
3988 ef3827b71482111b
3989 0fd38a9f90fc6634
3990 0cf623920853ee93
3991 c2463971fe6ee918
3992 5ba533f633381ce1
3993 18d4d03be3747fb6
3994 ccf268509053c46b
3995 a9f1fc029fd3ef64
3996 39ea98f670bc571f
3997 01ca576a8f0a2d6c
3998 72de43d430389e9a
3999 97734705482ae21c
4000 e7850dfcd36a826e
4001 55ea161e407e8ae3
4002 94c0996467acdbfc
4003 48b1b31ad4aad527
4004 bb0380ed9c947038
4005 9cdc4552638d7dbb
4006 3f0bfd0687825bb0
4007 5fb987a78e2f9ef2
4008 82f25e0a3a9eadcc
4009 41c75032de5565dc
4010 5b5f78b64dbbc965
4011 52884a441649e045
4012 0624185e03a12884
4013 b5718623bc7223a8
4014 dd4baa927f6d8abf
4015 b8db3780a07deb84
4016 64d76c590f5f1425
4017 bef64b06e912652d
4018 299c9ab68e44308d
4019 5c499bc3dbd58d01
4020 4205e728797ce153
4021 033b3b17caf9c328
4022 a0491aecb42e0d1e
4023 fda238608c4b0e4b
4024 ac3a50c64f9d4b33
4025 aa8f8577930f034d
4026 78c3a37d71b46fd2
4027 cda629bd02454e33
4028 46d54a66037cf34d
4029 c8b9bb8f9398c968
4030 85daa763e80a94e6
4031 232d1aef5754d741
4032 ee27e4c6bf46bde1
4033 9ad52d6827ad2144
4034 c5405b3f9d4ca632
4035 bd85ff1a2382653e
4036 d29abb4ce1985b6c
4037 cc0878e6ee54d245
4038 489590d0d4ce1feb
4039 3b2a0fe2f3e6ceea
4040 91e8bbdc09ff9da2
4041 7a4cbab141478d76
4042 bd486080086126ed
4043 328d1445a18d766e
4044 7b9288c6f2b50801
4045 1d38b16b1f82bb04
4046 bda2e026f6634e96
4047 cfdb59d40893de1c
4048 4a6f0b922ff45e25
4049 52c7cc0fc64a7275
4050 f4a87b64f658cd84
4051 571b8b27565983da
4052 f7fa0e017745f1a6
4053 e1ed17a09b8a647a
4054 b7b436965d349b42
4055 2168530b7a844a39
4056 e93e65fbc1fa9a81
4057 c3e838fc6d9001c9
4058 a969c4f731ef5443
4059 496a398d341d06ba
4060 dbb2d7b37798f63b
4061 dff4523ad854b3c3
4062 b5d657764429570b
4063 315f4c429bc1666f
4064 f5632cd0fae9fb3c
4065 4faa7e5b95b727cd
4066 a5e329e65cae33b0
4067 0ace0d0b921c3d43
4068 c0b384774803bf1c
4069 4dd1bb5db5865e66
4070 d3471b3af31e6a84
4071 23832b74b41de8b7
4072 1f48f9abe225573f
4073 1493b4cee74e3d65
4074 a2d50e04c18d0fd2
4075 f45e60d4d2eedbf0
4076 bd7ef3b8caa3ade5
4077 5d1dba4f9a2e967f
4078 35c33cecf55b0d23
4079 da2d75c029ffeb40
4080 8f1c3f4e6ea2e4c5
4081 5bc3dbfea969d1e6
4082 732e6865524d33f4
4083 13cbbcf7720ba7fe
4084 b2b3d901e0b4e49f
4085 0848b1e886c1c3dc
4086 218a1ee3b7c01c65
4087 2d6909b41ff807b8
4088 0fa0fe7f796283a9
4089 4c7ed9056dda36ce
4090 2f2fcc95040b27a5
4091 b81873c7feee4ccf
4092 232b18ef258f0f13
4093 a3f274757aa276e0
4094 ed292d2a3d9a7092
4095 d57fffb94996a2f6
4096 8e3061e6789ab99d
4097 3d47223bae45aa52
4098 7a5649c37d330b52
4099 cadc2fa7742ea590
4100 6a255f7a06f0aa12
4101 4cdc8784decb69bb
4102 45385ecb755c9b4f
4103 306609ebaed9a743
4104 8e81135f486fcff5
4105 6c9855eaf50b5233
4106 251eb1757242886c
4107 75dfab7e241063fd
4108 2a0bbda6193d6bc2
4109 d1189cf68c63b5b6
4110 31d1a1cf8d31ae46
4111 ca5a628a97704bf4
4112 5fd996401309c9ec
4113 a697823b010a8ea5
4114 4be630fc2b204b95
4115 79d738eaa030a4da
4116 fd719ea77729384f
4117 a5d7202686ab10ea
4118 29e485895e5c32e5
4119 b339efe4b19c1182
4120 a8c26ab7c8a373ac
4121 71010283f2081557
4122 fa262caba019c5b2
4123 c0f81541e1bc1828
4124 357d31bfbfc00c8d
4125 e71539064614e3d5
4126 8285eea3f5e9ebd9
4127 19639a6a1d20af23
4128 5f708a7b6d7e225d
4129 0f5e18b3cfc52e65
4130 ca6be3184715bf15
4131 8c9c9353094b4330
4132 19a78d199c7b5180
4133 b6d24aaee0717050
4134 972cbb2223b6b29c
4135 816182071966eb5e
4136 8efca7b74dc5e93f
4137 44294cde3ccf95a4
4138 7002993db88da5a7
4139 7e6d1864c89b5356
4140 65f1cd25ea68676d
4141 a694cb5dd49fb6ba
4142 1a0e449ee6c7a0bb
4143 648a4b3ecfaaefb9
4144 6e82bac0e92fa381
4145 d2cf615a4b5fd4c9
4146 b509c6b416717f19
4147 741c09d122794e3d
4148 66217198818d5a26
4149 b8fa3e30b2792f46
4150 ffb0957937ac8c9b
4151 93be7421ad075dad
4152 e75aa64d69ab5d00
4153 be8110a2267f19da
4154 d24e85309fb86f2e
4155 07fbe88489dde84f
4156 1d6c5f10abdb52d4
4157 18d70f61974a6914
4158 a778a535b1485838
4159 37026b2b4d7f636d
4160 af26b601016c090c
4161 cb2cad557cb1a160
4162 241cd187bb36db11
4163 07d3ef6b1d950440
4164 e562c1aff7cd641c
4165 f70e7c47dc787719
4166 8a7d990e425ccb37
4167 93fbd4369c235ecf
4168 46d1fd69a3aea57c
4169 1f35f436bb495fbc
4170 ee281c7e063fb9fd
4171 fce9ff593f6d02f5
4172 347ac9dae37b89cc
4173 2edeff4765a88eec
4174 d666850e24da78b1
4175 d00263e0ee92724a
4176 8832a0260f2eca52
4177 1437e8352b0d2668
4178 f85f428d29178233
4179 c377116a0bf38c86
4180 6907dad47900a6f3
4181 3a3d202e20975ab6
4182 c4cc5e573acd7321
4183 4d63e09e79419a90
4184 bf3f1fa4d235021d
4185 491ff3269add8b3f
4186 cc75aff2ac362cb8
4187 62c370448bfc61f7
4188 4ff12099ab0d98a8
4189 d1c996c784639a71
4190 7cfbce4f3301a02d
4191 69bfdfd7e29da291
4192 9a2ecd40de7497af
4193 a971523a20f3fa5c
4194 e5be2fcd7a33391f
4195 039911fa1afc4d99
4196 622e1e77eec1da9e
4197 72e1ece18c994f43
4198 1d067157b063649f
4199 e36ab7ef99be1a3f
4200 db3b8b5e71177e26
4201 a1ad3c4bdb458b87
4202 aee32b6f70cd24f7
4203 8973f5226ddce8db
4204 ddc08179d5283a30
4205 00252466fab7efbb
4206 26a94c8a097d1ec3
4207 55d3493f6d76d939
4208 d4c619e00cf96e98
4209 73de08c43152259a
4210 360864f61d21cd1b
4211 5e741a7c5c1ffcd9
4212 d95ff115f9eeb555
4213 d05dedfb5133a7fc
4214 e023c089e1a261ce
4215 90c4ceb4e9f23ba7
4216 46304c98420d6cdb
4217 df86f61ce26fa4d1
4218 368892ccd37a98cf
4219 563a62f51c396907
4220 dd2c5ad13153500e
4221 efa66bf45cf2bbad
4222 b164ce4279daef01
4223 81a04138feb8cec2
4224 4e8c36e46bccd789
4225 1d5317df753d51f5
4226 d10ec02b540e7362
4227 dbe1c726ebf1878c
4228 5ba4a8313edec325
4229 5095a2f7a2065477
4230 93566562205532eb
4231 3b6d5d5f0a4d3f07
4232 4d0642a7aaf8cbb5
4233 c345544764ec1f5a
4234 efc970a1c340b558
4235 2e988af6ac269afc
4236 3d33d6d6d261481d
4237 1322d1f3fc328b20
4238 04030fe164fa25ab
4239 466269708b7e152b
4240 4b7a52bdcf884c54
4241 8418ce1f314b07e6
4242 1ecf83aba6bfd96d
4243 245da9d2693d4646
4244 ac80d78e3c6b7d60
4245 1e852201253848c6
4246 a9906b3e94a446f2
4247 6193e750bbf00258
4248 281cadfac6055c51
4249 7080cd18d278bf76
4250 f499ac498a83fa29
4251 c3c36f723e2f7a7a
4252 5ffd90b07a9f0bcb
4253 570d91d8ba5d7043
4254 abae616fea9d9032
4255 b078653d5332482c
4256 18acac0164fb89b6
4257 7432b4ae6432980d
4258 cce0ade1fb40c0bc
4259 795a453a7a20a063
4260 f1bb36a6aec0efba
4261 a56cb8b35c021adf
4262 6d41027339d5a188
4263 bcec3b680661d8ff
4264 490aa514ede9a549
4265 38a32ae100d4865d
4266 69a572900b9e0f94
4267 9faf3de2343a5b1f
4268 6ab8da4dfa7cb0f1
4269 6cab2c9905303b18
4270 abf5fa550b4c7d30
4271 f4628af62bf2acf4
4272 54cdb6eb3646cab8
4273 0bbb34173d3f9a2b
4274 5e99d02e49310ec1
4275 f7a2b9fc566ecb9f
4276 5f981730bc292334
4277 a6b8e22ab55aaead
4278 2bf245af74e37801
4279 0b03fab6b3e25413
4280 0d9bfd05e3c22d78
4281 147320c3a0a786b3
4282 74553f0523c2256e
4283 f508c6e100404fcc
4284 ca343bb658945cfc
4285 fa8918e61ba482a6
4286 79889a7325f928ea
4287 612590df56cb8c77
4288 7db850cf82981458
4289 9d6747cff82f0fe9
4290 b5fdadb00e437801
4291 a426411ba0e27a8d
4292 f0c8ffa5f9244963
4293 6839c181ae2a5878
4294 a22e7e4fcb2edb7d
4295 6eed98fba92d6e76
4296 b8fbaa59294a9524
4297 9d16db6bf7a355b9
4298 45b1370f8562dced
4299 d47e57f3a8119240
4300 d62ccfa538a4e64d
4301 c7e6c5511ac3fc79
4302 8597d4110c9bc987
4303 2968cbfc41498700
4304 90b1a65507f098a7
4305 20c019beaf53753e
4306 0657138c0a5660f4
4307 a5e9cce143974990
4308 4208829ea20fa191
4309 2387bb7da98f8f7b
4310 539f9b05427f3b53
4311 28b6c513d714b96e
4312 cafe479e0cbbf9f6
4313 2a798b5f0c6a85ee
4314 04cc2644029291f6
4315 34a5c0e1bd7909c4
4316 bb2ec5efccf0677d
4317 73ba44e650179264
4318 cf16c3467710de18
4319 1e39d07c0721d0e3
4320 bab09a0b0852f1e3
4321 3e9e3462b0ec6c25
4322 86a39ca949c6e4f4
4323 428755a55a03334f
4324 2a16c696a74f34c7
4325 cebc06577d91b71a
4326 10c3a462616de644
4327 9adaf7ff7bb14bf4
4328 9ece5fb9133782bd
4329 88a77d7dcfe691ae
4330 53708ae639e56e67
4331 3ae10fd11353913f
4332 26b68e4de2b60465
4333 848511d27af928ad
4334 40844ce2159abed8
4335 48a3d5f534b3eec6
4336 207452454238b9db
4337 c4d34e771e793206
4338 6d7f56b9022742a6
4339 234a7bb845d76314
4340 c52be31dd9f492ab
4341 40419709d62d2eee
4342 2d4662011550308b
4343 0fcf916c810dadb5
4344 53de8108b1efed89
4345 922ab8b50637bc4f
4346 c50e35c6efeb5b3c
4347 7a96f3da10e32eae
4348 a6f6789932c152f3
4349 0db11619cd709e73
4350 449fb7bbbba73872
4351 2ad1d03eabc79ece
4352 36b2473c040e5b97
4353 8456d56b84d21fca
4354 6cebfec205e4e597
4355 fd7331bdd3ab2a9a
4356 3714393ff60371c4
4357 bcff0c5e3e333ce2
4358 1a263c29391dfb9a
4359 6ad0bc91d242e33b
4360 4c5f608ee56a4f3d
4361 5afcfe71e226c7d7
4362 07b52f7e2d39673d
4363 ee525633881c8e4b
4364 f0345211c6c1f1d2
4365 143c56451ddd00de
4366 96894e4296526609
4367 46eb31014375f058
4368 4386d1d07acdb246
4369 d6d7af29f85cd54f
4370 a70efc51d321fb10
4371 40873c035e52854d
4372 773d085b7f07bafb
4373 a8c36c88e186fcfb
4374 362709e8e007e74e
4375 5e489c01e3250769
4376 44b80066c34311af
4377 4454c9f72590e63a
4378 88346162abf026d7
4379 29ae4accf0f45878
4380 d544970508f142f3
4381 34912a98c54df287
4382 e9252dd8c4c86708
4383 9d179bd88657e48b
4384 294dc85497ec58fd
4385 0719b76794d7b5db
4386 bba1973541bb9d72
4387 8bf666939e4beae2
4388 e346f98f7f28b9e5
4389 57c434da4418e471
4390 6303b7d84a222c6f
4391 7bfe0defc147c42f
4392 44701c9f8531d3cf
4393 7bdc7831c5b77753
4394 0defee69cb99967a
4395 79533ec2348baccb
4396 4719fc9076a3b221
4397 b38babae2f569150
4398 77051d94329d965e
4399 ff438d02a4bc617b
4400 2df678c2ed70108c
4401 b5552f265386188e
4402 be09361322d68cba
4403 50709c3823e847c7
4404 6dc27358368e38d6
4405 f19e35872dd6bd40
4406 c14ac611589f09c9
4407 a5103b56a96c7476
4408 9c6ab39f65747e15
4409 a9a2112e959637f8
4410 f8c81802df447c15
4411 1aad1039f19f15b0
4412 dc29ddc6e910f8bd
4413 1a4a7099ffc201e2
4414 1d13489f59372ad3
4415 3ab3c494cd017202
4416 d3b6c3e0eadb8d95
4417 16f1718e4447d0e6
4418 d589bd1bf6764d4d
4419 3e218c4ad5fa4631
4420 81b5ddeecdd9f617
4421 2eaf756a6494f8f4
4422 6a6e43e8e293a118
4423 78f68f32a46521e2
4424 3f803cd7d48304ff
4425 ca0bfa1f6a849536
4426 d3adac99a444164a
4427 df9f3f782d185f6a
4428 aa8cd46822e133e6
4429 5d85aa376503c625
4430 db42d168de718814
4431 cd71ad99b14a02c3
4432 662e1789b09d0ea5
4433 ec23214a00122e26
4434 39391d4d666b5af7
4435 fd2b9bba740a6aa6
4436 656b65e5968d7e6e
4437 246ed94720eec541
4438 6bed6164b464553b
4439 e844a4106021ec62
4440 6d3381d146c7641a
4441 e20a7061e5c3afc0
4442 23501ac403945d32
4443 09cba751c20e8041
4444 7d3ddec25861de83
4445 7cc61adb6081cb9e
4446 47c1e143b6147890
4447 655bd07f2c933720
4448 d654dc37254cf607
4449 25f2e9b88af71a95
4450 21520fc7a8f756c4
4451 ff29a75947749daf
4452 9e6e156a7c12e0c2
4453 197d8842d96d76b0
4454 a38a612a98c8608e
4455 2698b7000325ed5d
4456 8662e722d1afc41b
4457 1d40418f1c56447b
4458 9a057a33b382a0b0
4459 bf6f5f0725873e83
4460 3cbc31d7fe53d20f
4461 ba9ec7ef09234b95
4462 44202e1d39eee5db
4463 b18fb255bf6c441e
4464 dd82359d30a72dfc
4465 165e70810a14b15a
4466 acc2f8200a28ff1e
4467 7ab20a0967fe1094
4468 c0c069af2c18fcce
4469 74b7f98b215be5b2
4470 e7e276cbb23f8234
4471 08c9eaad167f057a
4472 27ffd0ebd85fd8a5
4473 6c4c6ff09a5259d6
4474 2a15ba8cf2575eeb
4475 a10ee372f251acd3
4476 587bf48c5907c674
4477 16d4120b8e2bf0d7
4478 52a17b1f01cc833c
4479 acfbd9fafcc3310f
4480 4c4e8d3f02620c8a
4481 942229dd655bce5a
4482 6b70cd4fa2996174
4483 6f0e66fdbade63e0
4484 cbb93c4ff93c1742
4485 33325aba917a410d
4486 3a160af8a3964ee0
4487 0b209702edafb4f4
4488 5fefc6e84176601c
4489 b54bfb0c61db1e75
4490 f758a9425c13ef41
4491 5b5947f951580ffe
4492 45619317013b2175
4493 36cba9e362bb4550
4494 07e5cf3f6ab7b29b
4495 b43add151bd92949
4496 2c23ae856c4f3081
4497 3663429bb3e3e20a
4498 3766c50b35e627ac
4499 a41095c090c8c8ae
4500 8988fbbe6b424dd7
4501 233e71a1ec11d057
4502 9228be6c80997445
4503 e95a5dd9b5a173cf
4504 cbd9ab664ac1d304
4505 6845142f3fcd5264
4506 cb087060cd8b11df
4507 8c07fce54f69bd66
4508 69a35823b76a737c
4509 3c4cb1f6a2cbba1f
4510 52592478d01b1520
4511 82b05e7407d537ff
4512 f1004e6938a23d10
4513 c658a1b143ba5d07
4514 df6bad7f5335a05c
4515 38e05700abc90d8d
4516 ccf6775e7bdc367a
4517 45139adfcb4e5b87
4518 8315fd83999ba1f6
4519 a523bb0a1b11084b
4520 c488058ef8f147fc
4521 f0962a9492c948b7
4522 bcbb08a111577a05
4523 4dcc122ec76bf969
4524 af3f8058e630cf48
4525 9ce2712a5184d7fb
4526 29905a527bb1db51
4527 68d0f973547ab367
4528 c87b57a8b30b46ab
4529 7272e1982bd3667a
4530 a59e313f344a105f
4531 c19b88f05a04a9d5
4532 642799f9279aa0d3
4533 289dc94d11c6d645
4534 f5dfff6e2d360cd3
4535 344bf978836a75bf
4536 42107bf748ae2596
4537 e0c099a35b1e6119
4538 569081bf55402be1
4539 6bb27f2e16ad0e5e
4540 59715702583cbedc
4541 e19279ca068753c7
4542 c5dd84a4c6146774
4543 c148a2a6c626a555
4544 bd5438d5d8e12d6f
4545 fa9a3fa9389c66b5
4546 e3dd99b488e09520
4547 c528a6b6bb01ce04
4548 ed0f26002c9205d9
4549 881a62e6519d8132
4550 d1df5e96a4261e86
4551 49eb55d154366e0f
4552 b69f23e9ac6ae63e
4553 e556733b1e8b6c55
4554 9a5c855c8126f169
4555 8b00286c1920d47e
4556 6828b84baa9309bd
4557 e3cfce113a0fdf6c
4558 59b939d2cd03073f
4559 6bde32ef5e677e35
4560 b6fd5a620d25327d
4561 a4e9b805439b3a8a
4562 d3bb109181818e6e
4563 9e249929949461ae
4564 c6ee28d783592c95
4565 a60fbb418e86f98c
4566 d3bbfd5928ac64ea
4567 742ee7ef49068bfa
4568 afb2cf11794e725e
4569 6136cbb7f1db69a6
4570 62dac6ddc96752e6
4571 4f9663e9a0e1c4c6
4572 a44ce676c598d973
4573 8f562e5f9d73815a
4574 b4ba17ef00dc83be
4575 f5c8776292c0ce91
4576 a8983a2fa86f19dd
4577 8b84eda3740bcf5a
4578 dd815f4743552e49
4579 9a7c4ce089c139ab
4580 80b3ea4bf7fb473c
4581 67ffcd0e88e33214
4582 51a8ba0c79b92544
4583 35311feb2aaed14c
4584 9f1bdc4c01c071d7
4585 66dcdb9320bbd586
4586 e222f69f0e875a0f
4587 0040ee7dc5f70054
4588 7829f7ff7a6ffbd6
4589 fb494e248aa8c11e
4590 27b4f53771ca6bb7
4591 65afec27ecb90993
4592 18adb14f3ced608e
4593 423b8911fc5e8ac5
4594 3657832c706a1627
4595 19167b8dce39d7ff
4596 3900ac0536182fdb
4597 47fdfebaf022470b
4598 7f1165407f41a15f
4599 972246d4ffc46b2b
4600 5d240d632c5e6970
4601 ff047e1dd0a5453a
4602 62435325ad7ff6fb
4603 9f79ad162edfb734
4604 6e256358cf13085b
4605 1c2bd80770e265ba
4606 a4d417c27790a8c1
4607 d56906701d927a16
4608 c9123501a261fbc2
4609 9ae8774a524d235e
4610 f98a820aa0c04a3c
4611 1a6c598bfd1baab2
4612 6ead04d502913636
4613 857a2730e6ff3153
4614 fb7f40fa0e585740
4615 26bed0aa1ee92e93
4616 ef9464e8b0b985d2
4617 4fa52c9bd1215b38
4618 ed9dc25f464472df
4619 43aa00be9e64e2ed
4620 40e90e22f499d48d
4621 c491ef282f327762
4622 c7255259351e2e81
4623 460e466467d32b76
4624 344cdeb416780743
4625 524f69138a29fd02
4626 371e0cec62b0cc7f
4627 5d2a20135433f6e9
4628 934b8c064c4c97e6
4629 b4d5d92eb969df6d
4630 24eb1a3fb7ce0d86
4631 db15915a172fd102
4632 0d6c0f4e6ca43cfe
4633 f2f2d4dbcf2325b1
4634 c6a01fdc9613edd5
4635 e45c50d56b27e551
4636 77b9f51f9bfdf03c
4637 d9850d025d716574
4638 6c357ba6bc661c77
4639 ef7dc4399be09a69
4640 bafd0956d28fa00f
4641 b070b07f95528b79
4642 718e4b50233974a7
4643 a06255dab2efdb95
4644 525eb0db206be952
4645 91e43874f3ab5eba
4646 cd5a94f8eb42e07f
4647 2e9f1c71f24c0293
4648 a611f62f7dcadb36
4649 37589d2df4edd9ff
4650 427a0dc750d10152
4651 be3ccc1e564d6112
4652 96efd4967f06b8c8
4653 4a142c4266a16a36
4654 7f86200d9d4aa754
4655 b3cc39466e1fbb72
4656 307c8b9f97f0ed0d
4657 704b10b732077d21
4658 d65c637b651024a2
4659 f4a2177b29e0053c
4660 a08b77568c7dca52
4661 c53f15b169ae1039
4662 ecd4586f0121cfe8
4663 811b9e854efabcf1
4664 2ae3b906376ed3ad
4665 6977c6f5e42451ec
4666 df3524202da86e55
4667 f937eff6bc8bcb25
4668 d629daed2e36c391
4669 8d361ec47a3d9814
4670 7023e74f0a98638c
4671 0dcce3425213723d
4672 019e97a97b400ce9
4673 4481daa2109986e8
4674 fb7f8bd9a88b7603
4675 07ae6deefd7d9e6e
4676 28d20e1fd4fc0878
4677 c9b83d9bbdb45e9c
4678 5bc5114c4e6a0037
4679 450a443bdf795bfc
4680 8c0775d0415ddb03
4681 451b10314e5654d3
4682 db467cb17c8e5ccb
4683 d3fb253666e092a1
4684 cdb1f19919db480f
4685 7e7001a65f3f9dc4
4686 a59c45f1fde78a72
4687 2511db302796d984
4688 57ff1d024cddd60a
4689 00e8473f6cf203a6
4690 0d5d6af1fa2c7247
4691 d5473a049dd1ffd5
4692 cd2fc82be3019ec4
4693 6aa4af71c4f0ac92
4694 d0a9097b59a66ceb
4695 63e80afafa0b2e9c
4696 4db2662a42a771b0
4697 bbd33c459b3cd84f
4698 7e9d54161aed6cc8
4699 753c7814e97c902c
4700 6374fb95302dec96
4701 9c68d3adcbea26b5
4702 6dbaace9ca93bf54
4703 a82c329fb11469ec
4704 8dcfb5c0b0783edf
4705 f97fcd3079964351
4706 de9269980f19c520
4707 449c2acc0be69a72
4708 875d10fc11754a83
4709 43aadc0c05ac8089
4710 4f83f65e011f9c92
4711 c77c3fc303e603d1
4712 fc7edefdd52372d8
4713 b54f440512fd2931
4714 f7e464b7defcf855
4715 90d3adb5ae68abd4
4716 f545396f1a7f5927
4717 2e6637da10e7bb08
4718 dfcf80217fbb087b
4719 f55516bd31821070
4720 abf3ee98cba34b4d
END 4720
