1 b9d103fd6854a325
2 b9d103fd6854a325
3 b9d103fd6854a325
4 b9d103fd6854a325
5 b9d103fd6854a325
6 b9d103fd6854a325
7 b9d103fd6854a325
8 b9d103fd6854a325
9 b9d103fd6854a325
10 b9d103fd6854a325
11 b9d103fd6854a325
12 b9d103fd6854a325
13 b9d103fd6854a325
14 bf3ffd926854a325
15 b9d103fd6854a325
16 b9d103fd6854a325
17 252c8f5e6854a325
18 b9d103fd6854a325
19 b9d103fd6854a325
20 b9d103fd6854a325
21 b9d103fd6854a325
22 b9d103fd6854a325
23 b9d103fd6854a325
24 b9d103fd6854a325
25 b9d103fd6854a325
26 b9d103fd6854a325
27 b9d103fd6854a325
28 b9d103fd6854a325
29 b9d103fd6854a325
30 b9d103fd6854a325
31 b9d103fd6854a325
32 b9d103fd6854a325
33 b9d103fd6854a325
34 b9d103fd6854a325
35 b9d103fd6854a325
36 b9d103fd6854a325
37 b9d103fd6854a325
38 b9d103fd6854a325
39 b9d103fd6854a325
40 b9d103fd6854a325
41 b9d103fd6854a325
42 b9d103fd6854a325
43 b9d103fd6854a325
44 b9d103fd6854a325
45 b9d103fd6854a325
46 b9d103fd6854a325
47 b9d103fd6854a325
48 b9d103fd6854a325
49 b9d103fd6854a325
50 b9d103fd6854a325
51 b9d103fd6854a325
52 b9d103fd6854a325
53 b9d103fd6854a325
54 b9d103fd6854a325
55 b9d103fd6854a325
56 b9d103fd6854a325
57 b9d103fd6854a325
58 b9d103fd6854a325
59 b9d103fd6854a325
60 b9d103fd6854a325
61 b9d103fd6854a325
62 b9d103fd6854a325
63 b9d103fd6854a325
64 b9d103fd6854a325
65 b9d103fd6854a325
66 b9d103fd6854a325
67 b9d103fd6854a325
68 b9d103fd6854a325
69 b9d103fd6854a325
70 b9d103fd6854a325
71 b9d103fd6854a325
72 b9d103fd6854a325
73 638981f5a8e59349
74 b2ebf1ca0e7bac83
75 7a3a349315f8b09d
76 e21a3cd5bf96b178
77 467065255b96b178
78 e21a3cd5bf96b178
79 467065255b96b178
80 d1e532a45f96b178
81 4511ecb032633278
82 024b069f839cb051
83 2457dcf8a7f318e0
84 896e1bea750f8c40
85 f1637416db970248
86 0a10230cc834adc7
87 60cad38323358198
88 e99c56b5364845d3
89 60b4c5d9ca667ead
90 95c59834150422c3
91 afba3a3ea48ebe0a
92 f9b04d303c8a4591
93 73d6daf14730f888
94 cd7fbc855395e40f
95 9ede8ef3d3afc556
96 d8400e9153cf643d
97 9f6ddfba1dcdff84
98 712178d15362d70b
99 c7197f33baa70e52
100 3e6c8b9730155139
101 4e47e0492f1c06d0
102 f0ae729225d3c7b7
103 57f5ee9aef177efe
104 932285a88e223e85
105 cbc02f876a18f5cc
106 33e3a4cee3d0b6b3
107 3cc280b67adf97fa
108 df112a374628dd81
109 11df079f2b6ccf78
110 3e82c088950abdff
111 c4670fe1d1265946
112 d1822bcc0150b82d
113 689b79b514543e74
114 91af67a8e630713b
115 0d834087eca50c82
116 fe3eca2bec600169
117 4edf7ff3c7164200
118 b5215ed8683e8fe7
119 c7a441dd06ca2b2e
120 67018c75696b02b5
121 f9955c886598dafc
122 a678ad4a439dd4e3
123 dacf38908668442a
124 3c19ef0ea232f7b1
125 4d232f5baa59d84a
126 533a09e24d2f6a2f
127 be2c04de9e892176
128 03d8777f978df65d
129 89b49c82d587bb96
130 33ee98b70fe4892b
131 37e2cda94287e672
132 7805e36204008f59
133 5dfeb7c69902ce92
134 e118a173485d59d7
135 983e38a410c6571e
136 caf0ee197ce5f0a5
137 0cb4b7f6bf62ed3e
138 23f5182fd229f6d3
139 c3d3bf45bf56441a
140 0dfc32c5261819a1
141 b03af3ac5f619a98
142 0d058dac462b501f
143 54bdd2005cff3166
144 af0e260cef21384d
145 42d0097a55034594
146 8bcb439a52a8235b
147 dcea549fab5334a2
148 b530bab5edc98d89
149 9bca16bb7c764d20
150 8193a49dc4782207
151 5553ec564680534e
152 6a373f5be92ab4d5
153 8876541377c4761c
154 ae6f1e9c11760d03
155 917fbf4a3ba4c24a
156 cddb7a3dbc8b70d1
157 16190aeb994582c8
158 be0d12a89e101c4f
159 3dce0dccb8a5f596
160 ca2dbeafcd826f7d
161 873c7288dddc95c4
162 8abf4a32bcb1974b
163 c79e90328ba89892
164 5b01b63ca8920c79
165 7095f25ee5bc5d10
166 efb6b20b7090b5f7
167 355f6fd76f2f973e
168 6c624b44c58645c5
169 87107b7562ac2a0c
170 53dba4568122cef3
171 ea914ca54c3f823a
172 c69d2ad77889fcd3
173 1f7f1d7c1af04cb8
174 ae012ff593aeac3f
175 f5cb96c46ccf1d86
176 9a53cb0a53bc561f
177 200cdb2c3e50e9b4
178 e119c5780ec6cf7b
179 0f5a0cd48537e6c2
180 b9e62d580036711b
181 694941a08e6d2140
182 133cf19d7604ce27
183 01f815f5c1bee56e
184 1bfbc6426c74cfc7
185 6ff693ccefb5163c
186 55404765d946e523
187 fb0e2140d1d72e6a
188 bce418720b2529f1
189 5e820f5926b914e8
190 50e555c4bbe2546f
191 e09848617b89a7b6
192 aa1def973a7e4c9d
193 5856e2f177bfade4
194 12ddc2ac8588df6b
195 258f3bdc972f24b2
196 1f8c9e47fa101999
197 58eef5cbfb049b30
198 2917efb3fd02de17
199 e7b653fc821e435e
200 87c9d7105e4f00e5
201 31fec5c080d5b62c
202 0d935438edf22d13
203 cd391637f9eeff5a
204 600317084056f3e1
205 80e036cbc44c56d8
206 9ce314a41587805f
207 6634f561d90506a6
208 096364d56febf28d
209 1c6664cc2eb7c1d4
210 9afa821eb82fa79b
211 ced38ae571a729e2
212 7ccd4d6e414cc5c9
213 fa1fe0b3268bd360
214 c758f3407139a647
215 bf736782793afc8e
216 729ac55b6eb90b15
217 6586619a5fdea25c
218 ce32aa4f26f04543
219 d1e937520fbc4768
220 728cf5970f43b811
221 f3e4ce4d9f87c108
222 da879965cd7d2c8f
223 d2b0ad15cae5a264
224 cc9269f2d06aaabd
225 f2d31332cfdc8604
226 854ea545fc6b1f8b
227 c60653c8cc1dd1b0
228 4fbd65949d3ac5b9
229 3cc863712c614750
230 ba4119e9b1597037
231 f7212cb6563202ac
232 dda0ba5ee6a4b305
233 46ff41fd8065604c
234 7c62ff226934b933
235 7eed68d7d0a10c7a
236 bed348b5dff45001
237 757fd2f08f0a7ef8
238 7d0edba32110327f
239 f2c05ec623bca1c6
240 287db0ecc12038ad
241 6774fd1563f43ff4
242 b238d5c2434135bb
243 cb85f30dedfec502
244 7e743d766bbe5fe9
245 5d97e75aff4f5f80
246 6fe864f517c55467
247 5466638ca8f203ae
248 9a5e6d72893d9d35
249 4e0f905ea4a9487c
250 38a03b09b7d2be63
251 793a8a3e6993b8aa
252 7a24bfe3f4c51431
253 7032be2c973e9928
254 cee13d3af6385baf
255 025c867738c8b9f6
256 309115c024d8e4dd
257 5705539425d53824
258 1c82768f134db4ab
259 62d41aafc32aaaf2
260 decb69877a226fd9
261 baddb7c6a4cc1f70
262 aab39b2e0fcae557
263 6c4e301735b76b9e
264 64fff4c0d536fb25
265 f2058c170f84126c
266 6c0b6cbec0ad4eb0
267 1f33bf69eb6126b4
268 62094962f943f1ff
269 1832262f4ad14c2a
270 664c8d444a740c5d
271 64f2d1296b407ba4
272 612ea766cd63f02f
273 a6d9dff58949f776
274 c3e697b37e962d79
275 a786a82b69d40310
276 26bacf0672f1ad4b
277 a5c2d3f9a7448e92
278 03224dfc5f97aec5
279 764247e9040dd00c
280 a160bdf2692d8bf7
281 d8bc66aac8cfad3e
282 595cf707bb2d07c1
283 d1390e1ecf2e12b8
284 7f0a228841a794f3
285 739b74fa8e16cd3a
286 deceec088a50e66d
287 8290b832364a8fb4
288 a6749740ec26823f
289 8ee65ca62db15886
290 645fa78b93695389
291 500302a9ba722320
292 a2a44cb37b86395b
293 a691aebade821ba2
294 2c561dbaf3065ad5
295 311441b6ac70fc1c
296 0712b97553c53807
297 eef3b4ec9a4c1a4e
298 2fd64c74758a49d1
299 1a3aa5b7ad4e78c8
300 772651a83b8252d3
301 c5c7b0f00972c189
302 9c34e420aa6582bc
303 6482742740d55607
304 365b5029a6aa7fee
305 76b56c29cf8f58d5
306 77fefdb4c181a1c8
307 65d5112a8e68f663
308 599a7a79a1833d31
309 d7794fb402a8b721
310 e3c6ec9caca80daf
311 36d145ccc3dd5517
312 2af478b82e1eb3dd
313 41af50a53bfbf5d6
314 65304e1f2737fcbb
315 0e0744d88163d802
316 a7dc0a1a47fbdee9
317 988dc10dfd9bcee2
318 1fb89dd1ab69fb67
319 699daae9c2331aae
320 37ce38cd34ff7c35
321 1ecdc0b3181c7d8e
322 1bf7087a478a1453
323 19805794529faa9a
324 825eb81988ed5721
325 7ecd2a394b543e7a
326 a0940984e5aecf9f
327 0c0414414f5c51f4
328 77fe2d26a9b427cd
329 41a258f2cedeb3c6
330 93681cd4a0ded6ab
331 366420c79fbf5950
332 d04bc3bef80d4ed9
333 ae680e422fab84f1
334 450ac74cac272757
335 a5d6afea52fb624c
336 4e6f138e3a343a25
337 4adcb20409eaf16c
338 3e54918c54cf3bf1
339 86400c14fb56994a
340 225537a90bfdae50
341 36faaae3bd7d79c8
342 225a9d42ea299e9d
343 e2cbde250fbe0c96
344 75f70d90c5f6666f
345 4387e6d848c058c4
346 bc8b172b866f65a9
347 659231726e0513a2
348 88769147a9abe17b
349 e4badbf3ddad8c20
350 eff9f23991558cc6
351 4386812d6095324e
352 ef8c09de9808e027
353 1fc797ca12e9a91c
354 20fa479580c3fdf3
355 0ad6d0c7a4fe68d8
356 6e5eaa63f64e20c1
357 c2113efb9bc8b0b8
358 e2a4e38b956beb3f
359 1e4e1d1e27c713d4
360 2aa0eaaf0efa3f6d
361 ff27bf9aa1864db4
362 d846f2dce2ad664b
363 1a5f1736ad5eed30
364 d388e9efbe4a7e79
365 b26f34c6d73e76b2
366 36f4c071aa1c64f7
367 72f577e8ccc6238f
368 58d38968c5fdf7c5
369 0f84de307b4a555e
370 c8374e0bc3edfc23
371 7805b0575ef8aeab
372 09a30c10f8a6ccf1
373 5fc8f5abc092d44a
374 16ff2af756bf236f
375 67502a12451f9eb6
376 86ba7841a3c94e4f
377 b0792226947b30e4
378 b0525b161ff00e7b
379 e61945bf89995f20
380 1ef3d3b67e5896a9
381 a707083ac81a3840
382 46784329f5d1c6d5
383 d06abedc3f24c46e
384 d3bad440aa74a3f5
385 21b3da34a1e5154e
386 b1e831f0e23bb013
387 35352fdb8435715a
388 ed453b1e4e5c20f3
389 ddf7d27aeaf0b1d8
390 59f16ae8cd46975f
391 2f868f1c188f78a6
392 515ab0d5b685be3f
393 5072daba17fcf0d4
394 d4fc09e56328b979
395 e02a77287aeea3b2
396 030ff9b9b0cf3099
397 213d413b001aea92
398 bd52130dbb8fbd17
399 3ec981472dc7825e
400 08da979b4c56c7f7
401 c13f0cb16b5af92c
402 5bd1f8043f55e5c3
403 d646697af02fbca8
404 ceb29200deed5c91
405 6b7ab379b4fc3b88
406 55ed1711210f485d
407 3cb14d8cb1608856
408 2686ed58a1377b3d
409 e9ad1d12bc215a84
410 5517616350733369
411 b91d58f38c9d2362
412 9d3614703689c33b
413 f8181856428061e0
414 c393a47f00464cc7
415 17ab708c6df2affc
416 37c8833d795e6d95
417 20998a62236024dc
418 ae26cf73a2416ba1
419 65cbc6c231695afa
420 361b210e926ae0e1
421 f7339cdb7d8459d1
422 e8589e306d6e1f80
423 eb1027fc7013d24f
424 97b6f705605b8502
425 6c4bc13ba8e5787d
426 c3ce5ab7f7abaac4
427 ddafdcc455426070
428 7a9e24fd0ca34939
429 c664ab1a4ed83272
430 6613724e042688b7
431 b4e1aa3218b473ec
432 4d28461783f3fb85
433 5edbc11ab417a31e
434 6cd410e0777845e3
435 5c2671fbccde4488
436 f0dc7ae79d41d8b1
437 4d8d2f0dc4449c19
438 78026ea234f8272f
439 0574c42f94f64b84
440 b8420818bb3cd75d
441 4ae3ebd32b3642a4
442 dbb022b41d4eef49
443 67f72c72b32d8582
444 0eecdac36ace5269
445 dd580357fbc08200
446 c3b63454a82e5a95
447 ab3e080fe5e6a42e
448 d1ad78c9a1dd5385
449 9f5edff04a5c1b1c
450 844b9dfaf24825a1
451 6e3711162f6a01c5
452 53a6c16ca9d95803
453 1c3065d1e6eb961c
454 3ec5a099932cf0c6
455 8fb2a75b8c6d4d99
456 aae7c3f81e4ec8f5
457 668bc52738f4090a
458 1aa4ac26c4b1ee21
459 6edb645a9f43c75b
460 40e90a308b613ed3
461 20e2ef9d4a73612a
462 b0cb768208ccb01c
463 d673e58c93b67353
464 8ce19ee1b288c292
465 af4fa53ff699b1d1
466 66a1a3600e8ca5ab
467 1eed66dfedd75d1f
468 def9800d0c19d629
469 e081400a10a6382c
470 6fd342fc4be2a9f7
471 4d9ea1ed912f7f0a
472 389c739dce483ce8
473 a65e4cbfc256f3fa
474 49c3d43cd02af06c
475 94983ce5e253c052
476 976515ec4a927300
477 092b4e31e5b6a012
478 614711897e8af81c
479 4448e0a07b09804a
480 d31e41ad9a3b1758
481 b82979857247fe7a
482 b003c31fde72533c
483 0cf51f07cb001aa2
484 e4e28f1fea62be00
485 23d60c4f26563479
486 54ecb7d40639a804
487 04c25e05dd88e3ed
488 a9754d14d2be803e
489 760c3fe3825f82a9
490 c738875c19e653f5
491 b37f011c11531066
492 ee2d57b2234856a1
493 5f2d022fffe0d50d
494 cadc31d7244fb8c6
495 4c0c29ac6fd779f1
496 ff22ba08705f823d
497 5b02aa14c7a543fa
498 fb899f81fb1124d1
499 477e754cc9c0f78a
500 99ff4516fed9ea08
501 1e143a6231d6490a
502 eacb6534928b2f8c
503 e025f155924041b2
504 87f563e3d4e5c9f0
505 e5491c13e3c443a2
506 b8976307793ba67c
507 eb98e4bb915b32ca
508 ee86260217431db8
509 1a9e6a28a83a652a
510 922c0696f59ef4fc
511 c687940590e4c7c2
512 e5ca95b42ad2db70
513 af98137365e84232
514 c35932f999a7044c
515 1d96368850cdf8aa
516 9ea48e34f93ce748
517 0e7fe9f38bb6292a
518 09727dac40220bcc
519 b7f0dade8f579eb2
520 cdb2f17149724fb0
521 2833d466329c6779
522 1608c86e6d3c5274
523 ddcce8b26261c1dd
524 27fedefd2c7f3d1e
525 09c2378b9c044269
526 25b8863bb1ce6215
527 99f608b532497426
528 e1be7bde971d95e1
529 3caa8a395a22f7dd
530 c0080936d850e896
531 5c514cbd4ac1de91
532 e7c47a07816834ed
533 4a5792a9e5abb8d5
534 1167f82b1e197491
535 85dd1745e5d42d7a
536 3417c53e14442eb8
537 6edba912839540aa
538 3741a518cfc5e05c
539 baf822786c480f92
540 870d7841c7b161a0
541 16d1db8e02846992
542 20c41184f1cfd46c
543 5d5448db1c3c497a
544 0d875c8e1ce2b468
545 7a6c5d01a01290aa
546 2ed0d99414e88b4c
547 4409333f51a5b7e2
548 dcd122ebd528c040
549 04206e551e99f8a2
550 b30b5c58f60255dc
551 5fd50b477725e03a
552 833dfeb7ea2cc4b8
553 46bc33579431698a
554 755969fd35cce6dc
555 b51d0ee640ca5992
556 047fcf726ff84760
557 ed4a47fb85fdbf49
558 bcdef4a52d01ec04
559 775a1579985efc1d
560 3251ed4e9382633e
561 6e386434439f48d9
562 8c8b95ac12ebe995
563 fbd20c0a2a4b5b16
564 f419710cbc33f721
565 e95be05bae85db3d
566 f8a7982a7ad52bb9
567 a295cb040f957221
568 c053237bbc4619bd
569 de1c55f802ae1345
570 894e64807177ae31
571 6a348848eb10695a
572 1b896ea1bd50d3df
573 219cd796a6db829a
574 ffb9dedac802f00c
575 e257aec6552b2ec2
576 689c9c1f7e05a970
577 8ab0e226b1caee32
578 3ccd14fd63d964dc
579 1eab7c37804c15fa
580 552a411416eb4238
581 f8cf6b3ce9d5e29a
582 99b9e84d2367519c
583 b33031b9543236f2
584 a5d6bf484661c9f0
585 e1347f13a547ff02
586 fdcc8eff82895e8c
587 43681b0abf38db5a
588 d772c7bf5d4c1208
589 8b1720c95395ac5a
590 99c3c9ab7a5cc5cc
591 f166417422dcb722
592 b3525d1515839eb0
593 9ed131a2bf2f9f69
594 5b9944e811ab9534
595 23ba9c52cd79d4cd
596 c234b641abe6d99e
597 7335dc166dd29708
598 218a0e1eb8645f20
599 403e21d053533bb7
600 8e1e520cc1f41941
601 ac1b5590e5c64cfe
602 5114038564101682
603 72c32a84c214c08e
604 fc73776690360973
605 f8dcb30b939c9c36
606 267e095b116833f1
607 c06ec806fd73e08c
608 9ee0952c4a614470
609 5c57bafedad6238f
610 df090d039d27cfb8
611 cbb4ee070ed2488c
612 4b0f4a6a913dbd74
613 e6dc22195b4fe098
614 007626c3aa66b470
615 dc4d267f1f12755c
616 6b6724a12cc28574
617 c31ebf5f44e2e790
618 1e9b4e4ca171b188
619 2961b6c60e0a2d3c
620 0a22202deff82494
621 c03c1df95fe84ce8
622 d9e5880e570ac510
623 72bb5c86fc2d68ec
624 47f9662a90cd8b54
625 634b45bb6b177710
626 bbf9f67d6eabe598
627 68ebe16059f12bac
628 7eced3778f8ca234
629 da529bc58c5c099b
630 8ec01e43c89422a0
631 8b575fff076f5b93
632 87f479a90f0ce972
633 0d0c38f351d9f6a3
634 816bfa0fc678a681
635 51b9b120802bd72f
636 97f25743b82032dd
637 fecd02dad0a84adf
638 9bae9f8837bfb5ba
639 7caf06adc1344657
640 aff606fcb88f2ef1
641 375342899a8b1220
642 10e18c2dd1b843e5
643 acc343de7020aa04
644 dd13f02be159409c
645 c20ea955b1840e90
646 22c9ffddc2e0e430
647 02c180b8dce14024
648 ce6c83ad6190930c
649 4b618d1f516873c8
650 14e4d08f6f5f1b98
651 0ee190e1eb902844
652 8a0787b29f75c58c
653 361d0834381fa550
654 04f083338e08a870
655 669a36b3966a8284
656 6f32d6390b99f11c
657 67b9f1f8d4b57178
658 a8c3c2a1bc29ff08
659 f9ff0b0b2e4c57a4
660 869f19f13165809c
661 8c17208950fb7bf0
662 5f4a073fcc430a90
663 016d188d11b1f0c4
664 068101c9bdc8092c
665 4e24a3bd42d7621b
666 e510390a70df27d8
667 287e306ac8f7636b
668 9e97d0787b422b7a
669 af5a7609b0417373
670 18c68f516189cf19
671 283367157a86e7c7
672 7506584d75f02cc5
673 42175d7a2fa220ff
674 7f12bee7d48a0852
675 cccf654c24321faf
676 aceb7a1f5c5dc659
677 ed91b630f5230ff0
678 77b470471fb4541d
679 72037e8397c02f6c
680 0952640a9af0f164
681 8ed8f47452072b20
682 5e1a08bfccf7ffb8
683 75793b04fd0db1bc
684 cb1eddadf5f80fb4
685 2b2bf7b82acb4328
686 152d6d0f541d4360
687 f789b66c42cc6c1c
688 065ec4319afe4ea4
689 5a631ca8245df3e0
690 3a4e04c6eaa11868
691 c69c9b6dad6a832c
692 fab8c791e64313f4
693 7adb99905bcd2238
694 9f5033856f95ed60
695 7345de48ae94f98c
696 f477363b1061c084
697 f8a638e8deb15dc0
698 e78aa2502f3b84d8
699 11e99ce1c9ec5e3c
700 dc3cbc16d78cc4b4
701 972001bd19b8a44b
702 6d4cea5f024e5a10
703 75e2426cb6d320d3
704 34aee9f456c349a2
705 6f6d392431b971d3
706 12300b64583b8081
707 deb20c23cf1854e8
708 508f09a3f0470e5d
709 25b60c3ccd84864f
710 a58b067d61fbcf6a
711 270eeb515cd2f6f7
712 b654cc98d45faf41
713 baf186b18227dfc7
714 b631fa27ec64d8a5
715 74547b01a946e1b4
716 0a28c1e63d8fc5ab
717 1d8ac1993ca68f20
718 e873d8a2257e83c0
719 14676403bf321ce4
720 292f28b074a02adc
721 b2d87177c9eb5758
722 269476172563f6d8
723 0ec49c8ce09fb2f4
724 8d41d5a268e7a00c
725 8c40a8b01023a660
726 73e5fd46c8c2ca80
727 e24e8d5f9c5ae704
728 76f9201c008040ac
729 59872aca9a858da8
730 cec54572ce2ebdc8
731 92539b6a894ba874
732 cc68369260015bdc
733 bb6214e6cd3a2660
734 4f3a4a0df5307840
735 da8e046b10dfb884
736 84afcde5f567678d
737 a7737f1023caeb67
738 60c0927e5506f363
739 33ff2de2581bc975
740 015d76e06c64d710
741 e407cd346f358214
742 6de78fbeffa41acd
743 c1f4a2e52c83a9bc
744 5027321c463fa26a
745 13fd117a6e4c4f4e
746 0532878e19cbb63d
747 212413eb15990917
748 58aaab5b1aea7c5d
749 911bc3e2729cb642
750 5b7ea2ec8b7bf03a
751 c5d8b4fd2669e0d1
752 99927e0c79f0c32f
753 5bab9ba5d6993225
754 f93718367d43bf3f
755 78d9ef1a12d74dd9
756 d838abc7b3fc39bf
757 d48a23341760a315
758 3a24e23c5857046f
759 7e85d2fc68a4a8f1
760 83142e94f33f919f
761 80ae9bf0e5ff14c5
762 f1bb01c1057de8af
763 37029f18c9582ac9
764 bbc9768bf470f7af
765 1febba3e7849a8d5
766 cb508b1d8e7fe11f
767 8bfcbcb52c9f4871
768 37cd8146d56bb56f
769 6cf3a0d17293f1c5
770 1a3771392a21fd7f
771 2ebe04475b10c5d9
772 6711a7d5e239291f
773 6afa9b8752b7a33e
774 f8ab91306f63a2ff
775 6655689905ce8f66
776 3b59eff5434ae411
777 d862d314a1fee9de
778 20dd783343e5f09e
779 d6245c7da93601ad
780 0f7b7aa99a3a70fe
781 3b3fdef9c023b9da
782 2284952fad821162
783 e2d4fb2e5c930d62
784 11bc180e9cbec282
785 dfadea7533e779da
786 5c056030195ede5a
787 6a9352a2a1a12bd1
788 ef90bcb658277eb0
789 11d6bc249d78037d
790 ec9ba6ee603b0dcf
791 7afed99bde0d9889
792 e932db13734047e7
793 1f7448794d12ff5d
794 be8f76c7277182bf
795 ef6a90531f276ab1
796 408645c6bd32b557
797 e030f763432e214d
798 8f1bffb53482139f
799 4e309a0fa11f65d9
800 0786d12efc4fabb9
801 9fe05728610f22ec
802 a03ee524fdb27876
803 776977f5997a3254
804 788508bfb86000c6
805 861eafbf46cab3e9
806 5449bebdf27e36ab
807 94e693404342f330
808 92e5a16ac484bfef
809 138e93f507b241ba
810 2c555352ba62d4a4
811 308a0060a0cfebce
812 60f2c328969f2811
813 bb92acc6a05ce825
814 5120bd7d5a07158a
815 17cc600e1f8cb704
816 3ccffcb8eeec4d40
817 dbe0ba6884d77461
818 24f5db87a6aa58b6
819 0e0b76a5c8a3d3d0
820 18ef0964c7cf3588
821 2aeb5c626c368757
822 29d5e7f145d48a09
823 e14fc7675dfaad27
824 9a71b7e85a023840
825 2d25716644ebe932
826 57ad3b64b554a462
827 6c326297cebefd4b
828 a70a8cffc1af4261
829 d7fdc21f1dcbce16
830 5492bc50f42636fe
831 0dcb2024e9b41b81
832 6fcdee8c074919db
833 db5c8d6bc5a0f217
834 f00797108a7ea9ba
835 69d1d772bf89447b
836 024199ff26071377
837 beebdda675616541
838 c2a1acd4d67b86ee
839 71666ee20348f805
840 ed05e49e4000b767
841 53a2969ab393f005
842 1ca0b9d3edaa11d0
843 7424402b7a9e6bf3
844 1e4287bec06b01d0
845 187128118ffb7bf3
846 53c68fcdd6340d26
847 6c66f43b99cee3c7
848 453ec0b0ad62a526
849 4640227aa60bb67d
850 6bdd5a0908f347bd
851 170b9d006b15b8b5
852 3729297979bb0a8a
853 6e2c3732442047d7
854 6499018520831ae9
855 4e029bb5cebc5069
856 4fa821d5a87e7994
857 68a5a9f6d9de0903
858 d743a517cab4413d
859 a99e260e6c360869
860 07837e7f42647f20
861 48c8a6467294fea1
862 8d77b3b61f535134
863 2afcee3eae10a6af
864 cabd6111ff41cae8
865 0353fba89849eb65
866 3a30c9fb6a606ce9
867 f96534a1e21fb165
868 65024fde9e605a0b
869 b4095c7a255300af
870 f1f0eeb50caa997e
871 2fddf6c74da48ca1
872 e862ae5127d5ea1f
873 9ce3c9a797b1725b
874 8b1c26277e895427
875 0abdedc8fa2596bf
876 0aa63b712c4f7f71
877 55bef01e7b24a5b5
878 532cce616d140488
879 096c3a7a54da6cab
880 81e62082a0b1744a
881 b1c5575f46145771
882 785f4a38885c5d0b
883 d93340a74ce7aead
884 cf9aeeecac0424ea
885 6a9f4f193af31a29
886 fd59c891715eec34
887 d64b34ea90834c04
888 051d69ee13b94527
889 47f0b3700cccd115
890 41b461d6eefe4157
891 54abf35bd8c3f2bb
892 50e8a1d077375598
893 fac7c0b95b3adb69
894 6900f9a76732230d
895 8d2d4de048804554
896 dbf8af23c80b14a4
897 9e5c25a5f58586e2
898 8ae1070e4822bbef
899 a77c6cba6920a13d
900 51fde8a5c4d0e93d
901 8198a28003a09db3
902 31b7d94cb3b93504
903 f4a36502a4d4b34e
904 06bbddc6f5fbba52
905 ff3aedab8fb98b58
906 04136791a87e7ab6
907 098ce0b284681f96
908 1682a60f51d5af6b
909 e3126d230c8b5fd3
910 7013d23c88ec3996
911 9c92f16d4edde5e9
912 dd0ab2e88d10073b
913 ec6c157234ec5d08
914 0de986ac7f8d5b86
915 d354336f9fc4c909
916 75dd52ed06b39c7a
917 6dce63a575d2c568
918 5fcfba0ebc110500
919 c2b80f52ee703199
920 028e082c11c59ab8
921 15de3e5ac8fe39e4
922 fc03df86212db6f3
923 39537c34db4d6b78
924 a9d1dd1f9af81414
925 7f55f714361a76df
926 943c0e83a8c81369
927 0c6d4727f87b9c07
928 0580fa11e0c938b9
929 7d425f46bd81181e
930 07599efd212e5628
931 2d656870b6494283
932 19b303c0b129b9ff
933 ab065a097ecf2cb1
934 8fb4d4fb3c5e470d
935 d73fde78b57befad
936 49093cb953cc26d9
937 39569c8c4f72eed1
938 6c8b1ea96b6b04d7
939 7bcadfbf712068b3
940 1debbcd254d43bfa
941 c8ac783a91c582f5
942 62f31b3415104bde
943 7e809f55a1d16367
944 cb3f1b2ddb4d8546
945 22e9389a5f02ce6f
946 4ee6dff31d3c48bb
947 34a1c29957fa71f6
948 c48a85dd7f2a6aa2
949 f48b236e85e64d86
950 787d300251991604
951 04a359f85120aa8f
952 3d210ce0da658fe3
953 ce2d7d2cb2093d8d
954 a1467d5748e4a707
955 51f009a51175cdc9
956 f69a7196fb028f84
957 29215cd6eb147a8c
958 1187e2d75418db3e
959 d45a8389814c0d46
960 34fa9eee9b5cc222
961 9972b2aa8d30f619
962 bdccc0e61785a305
963 897432e449722ec6
964 96cd3bc14010bc1c
965 37b4b090e7d332b6
966 d9fedff55775ed4b
967 784065e4d72512be
968 c43207575ab78097
969 c775d173a3e76a7e
970 4e0be8014147e5cc
971 711cc837e8256ad1
972 2f749abc246d722c
973 1eb5b78423779e0c
974 a128c09d58bd2cbd
975 a7d01ec2fe3aaa8b
976 b6cbf4fa0b6e68a9
977 3167a26fbe2e558f
978 f644217e223ef9e6
979 ec1b62268a1bf633
980 a46fbe3b8de6b0fe
981 5fc5b81228fa5040
982 367adc59351a9261
983 9c04452bb5bbc46d
984 b664cdde6e723f36
985 ac9796c37429a96c
986 fb8f9255e59a47e8
987 c6d6ac4e1b1098b1
988 e81ed3ed1374404c
989 74813732d6095e99
990 7e10e52f29173c14
991 2741a8da9202b0c6
992 34a9ec32c7cf7bae
993 13abe92ce2794c05
994 8ec9a637e90f143b
995 1a2539ee8c474f56
996 9528ff7bca35bcf0
997 5d898817f3c9bf76
998 ead4c78d0336c382
999 503921e14ccdcd77
1000 341ed823bfa7f741
1001 1c480f49acef3e2b
1002 524439a9e5bd211f
1003 cb3e6f9842c9b390
1004 d3188d7e47370784
1005 f7d39ec96259c16f
1006 05d2e064c2c2b04d
1007 9a08edfc7af28fab
1008 debf766e733fa482
1009 ac4f6bff4998598b
1010 36619d3c5a169531
1011 e60b6e30841dd228
1012 b05f3bd043751238
1013 ce112d2d718a0e20
1014 134216c9ba386c37
1015 11fb582748afe0df
1016 1ff8a6663dbcea92
1017 4e2d6d7c2bae59e1
1018 34a23bc50f58b10a
1019 cff01fd23851e96c
1020 4ee477310fde5ba1
1021 178c7a16f33d9d23
1022 afdb8ae443f9bdeb
1023 9c9d2cda5e90801b
1024 bdf188bf3aa8dcbb
1025 458ce766c368fbe7
1026 1079d28c1eb24e65
1027 183aa59e376b9477
1028 849aa32d92ade717
1029 ddd67eb8e5d2fb26
1030 c5e66091f7fdf1e7
1031 3af1f8c4998619f7
1032 4c658b0cf08d0ad6
1033 9ba6a4645ac56a22
1034 0a4574b1ca66e4d5
1035 0e26765e6837e7e3
1036 865ffa6db84e55bf
1037 66b1bd44f67dfce9
1038 01baf512687c28ab
1039 5a0edd46b864fc05
1040 96137f42f068dff8
1041 6b6a38f22f598230
1042 f7b4ad119c56098a
1043 0548c79a94d61eb2
1044 9dee264f3f1d829e
1045 b44503aa0d88eee5
1046 24e74ad50c98bd71
1047 36e2ff20f0667942
1048 43f697408a5dedf8
1049 36601e20477db622
1050 92cde43a09a0c6d7
1051 74c54896e876219a
1052 9699c10e1bca5013
1053 3439ce1774c43ffa
1054 a50146c1b35b93b0
1055 66aff22255c0edde
1056 47a0c241586254b0
1057 9823b6d1d9b2c510
1058 de8fb1a64f8931e1
1059 7e72e213760262cc
1060 6bd953144342a085
1061 5294f10cdb0fe09b
1062 6a7130b6b308493c
1063 4d47958a17e05bae
1064 cb755948a108036e
1065 24bd7a4ce1de5e8d
1066 b20f155f113dfb5e
1067 46c2bd87d434c9c4
1068 a0c52a3dbda48b37
1069 d9007bfbaed29bd5
1070 1f033b8298e60a5c
1071 4cf0e2b03998ee40
1072 964491ba4a6d5fc5
1073 4589650322a04806
1074 4870bbbdacfe2565
1075 dfa883f66e121a77
1076 bf8a5e613540e63f
1077 ad902247141bf98c
1078 85c1f2fb73839ad2
1079 4773f4ddb32dee27
1080 da3eb86e398126e9
1081 11aee900924f848f
1082 2fa0719a73a7bd4b
1083 683aa786cc61b2ce
1084 c7211ea38fcf8440
1085 e27af3b8439bf7c2
1086 6c3ea38d37215bf6
1087 52998b5ddab87749
1088 5254d325d0cf33b5
1089 a0e830906c275fb6
1090 23225db583ca6c6c
1091 4028664fad3e4c22
1092 d344423131b06993
1093 f4222d31ce5c101a
1094 d7a4e8a358f44610
1095 48bf8ca891713781
1096 dbdfa9b37a01b5e9
1097 8b7e7e698d3c6851
1098 2bd8df87b0ebc7a6
1099 0f5f7d8695b8014e
1100 cb7ac246d89a6b70
1101 9eda76c0a5dc3715
1102 30ad49c79a3a5219
1103 aae27d1e2b6b3f1e
1104 70e2f6ffba104a33
1105 24954ea904fc0ce8
1106 4ab5d014560d8d26
1107 c3f9fbc0e4689303
1108 8179c40e1b3b5e0c
1109 4e25e8aea8b8f859
1110 161f3e251a0e4a8d
1111 47e48a070e51e549
1112 df285249cbb7e2f6
1113 b036eca271f7dbeb
1114 a9ec74b9f277fd8c
1115 57f433651ab5ef26
1116 26516daeffa76777
1117 bd5b63897c6fcea3
1118 2f28bac9d11ec321
1119 a302267687cf662a
1120 d5897e7d3630abd3
1121 e58544504c562540
1122 3825cf540d371da7
1123 bc84948284e2b38d
1124 84f62dc93cddcb62
1125 98aa4bf71e455994
1126 53c77909a5a21b17
1127 5ea851b02f0793f1
1128 b76edd91468ec03e
1129 5caf7b9356086d6c
1130 52c1c0304b18dca5
1131 7812969f87b8c032
1132 8b1b8e30092005a4
1133 bc29747bb5a3ba44
1134 9e62624d830c413a
1135 ba280f25179babca
1136 87bbf07b88d1ebb2
1137 113e15f2ea1a7bfc
1138 562d1e492a07bfd0
1139 3dd1a65b13a67442
1140 41fb44435449c6bb
1141 c8e609ec1fef755e
1142 25d898a6a9f6afb9
1143 bda5086c909d9207
1144 ea4bc91f8ec9c763
1145 d94babcfaf405824
1146 a3185e68dbebe4dd
1147 dd83ef1e6e5e28f4
1148 aa4e640763e12379
1149 c7f8a2935dcee943
1150 d13211311272193a
1151 dc96e2189b30621f
1152 7f750449fab18dbf
1153 6110767f29f64db3
1154 2a05f6b057684538
1155 7e6d89761ae3e4dd
1156 529f1c152ee46ec5
1157 cf0a051de890fbd1
1158 d7b9906aec83e7a4
1159 e5368388b371b2d4
1160 783505d893bbed90
1161 883f69ff2605a3ac
1162 0e4b28348cd8b6cc
1163 79bf67913e2a8a8e
1164 ca916887b50279ed
1165 5bb11c7d641305ff
1166 01e7f8052cbf270f
1167 e3f0f4a425046568
1168 d2636505a16e4e40
1169 b86f9941c26630cc
1170 9c8e83037d0609ea
1171 81579c6ac035cdf9
1172 090760995ae801d0
1173 736f350f51980689
1174 bce52a9fa29f7763
1175 d3e0065d61a1c636
1176 13f0629554d0d256
1177 858e45030e7f02ac
1178 a39bb8d97c88d37d
1179 c659f85fe49a6aa6
1180 874490bfb11e4df6
1181 c2b5bc3fc56905f6
1182 43db81ed2fab9e03
1183 82d1a7f5b28af689
1184 81ba223981d0da4e
1185 3af1f9125bc65b1f
1186 82b71bd43782d823
1187 abfa8f7c3002b0cf
1188 7e9611134145ebc8
1189 9a048f645728cd71
1190 e39ac524e4d0ada2
1191 7c690ce1f52581a0
1192 cd13c161d8039aba
1193 abc778ee56ca4c6c
1194 d1b574f24b4151f1
1195 61696573663916a7
1196 17efbf71661c85e3
1197 b7f307b2070c4cd0
1198 88920d5b4dda3877
1199 fbc055720adced59
1200 890bce11d9319ae2
1201 4f9778acf178c830
1202 ef010964b9f086ca
1203 1e4740b943b9f20b
1204 fa286244d1af25dd
1205 08eecadc4f61d4b4
1206 03740d997803d52a
1207 e09a8d8a96a25c00
1208 6f52b27cc856f117
1209 972ff4274482f210
1210 27a8228d555524d7
1211 d8032985626d7bb0
1212 440e311132329688
1213 ac0c6586a63e0645
1214 5cbb1498defb140e
1215 63b3bb4ab9eecd9f
1216 23f0da75cc0545c8
1217 830878ac1024ef37
1218 40cefbc2c9c0bf79
1219 bd950be0f51ab901
1220 4d50d3f3cbbce34f
1221 8bbfbdbd9d747cbc
1222 062b10f8b3d4c2b9
1223 ef97849af485b210
1224 04f1ccd5f5e768ab
1225 9004e00689e155f3
1226 b141a921be49ac97
1227 08063e425612d2e9
1228 29f2a832ef89dd6b
1229 117d0bebab1ac225
1230 41a60ab03791a687
1231 aba2e19bc74de334
1232 f5d2c9399e5e7140
1233 5338910f8e0e88d2
1234 fda7e682fb89ecb7
1235 f90b466bcdb6a773
1236 06c6ba23351804f2
1237 7177749ca8767d2f
1238 e0a1374ded929d55
1239 4e9e3ec9bffa042f
1240 ccc638aa6c3300df
1241 a82dcb40aeec2132
1242 382473e04ce7721c
1243 2f6cd460f152694e
1244 51f55460af40fc1d
1245 5a341af9228a3ecc
1246 fa0cfd498db89c9b
1247 61d46255cac293f7
1248 3a953ac9c8cd243c
1249 b15da0836a98bc3d
1250 c7935cab6b302ef7
1251 e9e1f4c371891770
1252 12acad641472b2ca
1253 f99d44abfea18285
1254 aa71e48badcc0e88
1255 5816aafa1c68fef8
1256 d057876f35aa3e07
1257 9e85f43d11802c36
1258 a761e1bd838e4b2f
1259 5ee78497fc2bee76
1260 317a0a816db38191
1261 d8988c871f3a5a39
1262 1d46e64fd7a205ea
1263 f49898cb49266419
1264 3c11ed94f5bb0c92
1265 b39ea7b12cf26129
1266 7a9c718ddaec963c
1267 58101178a7cf2885
1268 61087aac776ef73a
1269 4512b30e371a81ab
1270 81b3ec3756100cbf
1271 c075e6e1904894e3
1272 39ece73b993903b4
1273 1f9f5ab040f0033d
1274 18376713e3655346
1275 7fc4dca40ae682ac
1276 b998c29da9696424
1277 a1b5dd79f8b54c23
1278 e481bf7e8991089c
1279 08f97125d8721645
1280 bc1bf450a1157726
1281 c1ed123f47cb5a55
1282 e52c4502f7a8332d
1283 c7fa8610986690d4
1284 ac83340ec664f9cd
1285 ef31d98b0445659c
1286 180a4524aeaa96c8
1287 5697283ffed86f41
1288 3b651110e931a47b
1289 7ab85cf490bc9395
1290 318b6b323105055a
1291 b686e45ba39c1810
1292 543af74badcd6ebc
1293 d2d9cba1ca601f53
1294 d32bc9840e780f4f
1295 38be78909c78a58b
1296 717d4e42991a6ddb
1297 5389f7490e3ece19
1298 547f4d1ccd69c8a2
1299 c7f9726d54ffad83
1300 dfcf8d2d5141d064
1301 9a18dc583cd7dea8
1302 db7aa4980b3dac11
1303 cf842c2365ed7bdf
1304 c434b910c9b3acfe
1305 cb8204a8353336b0
1306 5c2c41a92a3e96f0
1307 1de5e7b8974c25f7
1308 b264f8e63d27ef08
1309 7243898507fba98c
1310 360ef6e4855ee6fb
1311 2e61fd862e080cd0
1312 f4c26770f2357cb3
1313 3e244ba12bce552b
1314 cb4468e66c6c860d
1315 83b007d6038e96c5
1316 3c961043a733a56d
1317 37e204712a815906
1318 92a7a6310a1d7287
1319 52a5796cae66b4eb
1320 598541fa891281d1
1321 54ede02c4e2a9670
1322 6b0b6e45a040e050
1323 141e7ad8fd2ebac3
1324 28a5f522c7523266
1325 defe5dfd7c7b94d1
1326 ab19d710d172e20f
1327 4a03f5198826dab2
1328 a4027adfd1a57f83
1329 e6df589f58a7278e
1330 81a32b247c08169b
1331 45450b1fd23bb970
1332 5beedf2483f4376c
1333 bcbe7a0df9c72c36
1334 e93dabe797b0e8c6
1335 e2aae3ff92a6bb84
1336 6041011bc3f41950
1337 727b3cb27d96c7ff
1338 1095699d386f6abe
1339 ad0634a5fcdedce6
1340 725629ecaf5e61f6
1341 b8e95e92664313ca
1342 6d0ba6f7f9b32476
1343 408a91a7a6cb2d9e
1344 923068d2932d8709
1345 376d5c322ba8a8f9
1346 c7d4630e3ce78b93
1347 2e163de850bd9b1d
1348 29f9a5f3b5e97585
1349 bf6863be2de9ceb2
1350 fdb6573629e25ea5
1351 a33140b79b8ba8dd
1352 e39b6904099ad658
1353 cfcae25dcdbe6dc5
1354 185fb749c04fa87a
1355 b085c53b540ca772
1356 750ba89651801124
1357 8cd0f619126b7488
1358 316031ed9423933d
1359 5ef9c3ab02474d45
1360 6badd67d3996346a
1361 d7eabb76c0d372a4
1362 c2e99111e5cf53d7
1363 e60298e1e27e7a5b
1364 0894faaf39a684da
1365 5470a2ed99055055
1366 14f5287b463abd77
1367 3e4eaead401f6146
1368 a088ef72b8b424ec
1369 fbb8bd83c664d799
1370 d20748c2caae5da2
1371 99204a141fb81689
1372 a54403e0632086a7
1373 964037f208e6efe8
1374 173bc0722058b7e0
1375 f37bdd8bc43fb9c6
1376 90f55e6cc20a21b3
1377 e58241c72fdf5c8f
1378 972c16c543fa6a4f
1379 a8967918db8dba38
1380 f3a2205d63857956
1381 95f14f1e44753ab8
1382 9de26fa809f0f7d5
1383 a75fedf7bec6c350
1384 be0097b89bb77d34
1385 f37ee28a3dfa17f8
1386 f1e2c82aec253ba7
1387 597be5c3f1914e85
1388 65279ecc04ab72d3
1389 4174a21d40457322
1390 3693c57f8f2987ed
1391 36a03c9e2828f52e
1392 0cb9078294318766
1393 9cd7a392d7980c75
1394 b13a78487d837dc7
1395 b220f5e0d22fe853
1396 96b606507334d72b
1397 f4926903652c90e3
1398 9e5b076ca5bf690c
1399 c61bd7ba25921ac1
1400 82713d624abd1ffe
1401 0d3b986425873c22
1402 8be543507bbc775c
1403 4aaa21cf0982033f
1404 387c9fd6fb6765b6
1405 0a9e019635c5476b
1406 6c0b82046f58f4f7
1407 eea2c3e800bd7445
1408 4664eeb453025ec9
1409 7766338689e2f72a
1410 b4eec6bcd8a2698b
1411 4fae0e176822ae0a
1412 f24f847105e900ec
1413 dd3dd9334a7726f1
1414 f0c62d2a34e286bc
1415 c259773270482bef
1416 b6fa23121c7c967c
1417 8fafc89c8edc9b19
1418 5d411220c0f6933c
1419 f71609b48e920fe5
1420 742768adb44b99e5
1421 6e39b9f402f4d2da
1422 7fbada555c6d076e
1423 82185f4c8800cbd3
1424 5648aa8c08b27187
1425 ca1ce97109fd4309
1426 261b25dec8885cf4
1427 2cac4313790abd30
1428 3062ccbd86a43799
1429 fb29283c3e1e8a9c
1430 9ad413a80911176c
1431 04df32768f71da38
1432 38bb0475d42e703c
1433 d0e7a620771c6e5b
1434 4a8beb24511044aa
1435 cad44debb3945007
1436 5ae576d682ab51ff
1437 9d88f2416f84d66d
1438 f35ea0856c9328ea
1439 574ac2dc5797881e
1440 6279b0e4b8b2bc80
1441 81f6b06be4ccbd9b
1442 3fc3a7981e5fd35d
1443 d299bc4a388bf529
1444 7d884ae04fb8e034
1445 af4258d3cc44d737
1446 5585f1d6636b3ab7
1447 05a61b3375645c2d
1448 3dd2ecf053285a98
1449 28ab1fac4fda1cc5
1450 48cac399e612899c
1451 b6699e2f215f9e8e
1452 4884c9c8516b608c
1453 ff6c8b05c1e9ccb5
1454 fbfef4f538e48535
1455 151e39b458c93bed
1456 4ca436a8a1e30119
1457 65b5dd8e24888f3d
1458 5a2fb1b5be9be448
1459 80718ba7b344b96d
1460 927d939dcb8eeb31
1461 0d9c676234c0e17d
1462 5f34badf21e5ba9d
1463 1d6987404fe9397c
1464 ac446c2ba686e77f
1465 cd4216558106a67e
1466 80de7025f7d72e8d
1467 0e56a3ba363e0897
1468 b57ddf8b926b41a5
1469 a19ecdde9efa337e
1470 5d0a1416ffe27477
1471 498d3a5af978339e
1472 c298f87ad7129018
1473 ee38366e39c5e339
1474 6f5c2d8a03a7a078
1475 f2cb827a7dfe3d9b
1476 9267fabbd893e7df
1477 838baf5bb1a98ab5
1478 aa98a4634f859c28
1479 026a4d7bef162b29
1480 cdaa2cf6836ca902
1481 8686b4cc81c754cd
1482 83b8c5ad7a76d736
1483 154ee26999082fe7
1484 c6f5fde7f1d67c93
1485 9bed8a3d70a6b776
1486 c23e74fd738062fd
1487 b4334d7bfdf572f9
1488 2e7e0b4078785218
1489 0f0add23f7ef03fd
1490 800a3a30cbbbe9cd
1491 7a2788e77c7a6de4
1492 80b017520f2b009b
1493 a707dfe422350d84
1494 db2e389ec673487d
1495 932ae905c6348050
1496 5aba1094f8d594b8
1497 37852106125be982
1498 3e00ddbdf2f086a4
1499 a7c1407999f14177
1500 3d66daf40a2166d2
1501 d9c10fef193af6e3
1502 68372d17bd6a1372
1503 bd7e18bdca32a550
1504 088b2b2fea980c3c
1505 6c9d8bd62a9f8b4d
1506 69212a351bcbd266
1507 fd5ff96c4d6feddd
1508 ccedf95aec9e0bfe
1509 95aa3870c25ff5d5
1510 c5edaf4cf2c83f25
1511 090698eae6d819da
1512 ac9f6770100b6278
1513 d406fbec0b73d621
1514 ce4e8469f59c97de
1515 c5e9211afbf2a984
1516 d7331b0a5bd690f4
1517 15b50c63b18ccc78
1518 5027f5713707aafd
1519 43e9d532ccf1e3e8
1520 3745d756df0f6924
1521 5c27caf3001b2996
1522 e9d6ec8b33b31479
1523 f741898dbe69a42b
1524 e678ed68f6f45cb2
1525 0a3ca744572df761
1526 04d45b196069d923
1527 4d98c101b89a9e1f
1528 fc00106fa72a5b0a
1529 bcf5b6d4aadcaae9
1530 08b5f0323fe9904c
1531 80ca83c2bbd32a88
1532 48a2de7ca686b258
1533 6c5bb2b4fe423134
1534 76a9dca747508161
1535 b593c21dd4994de2
1536 ab2d1d149cd4c032
1537 24fdda30db96fc15
1538 84cd249930528264
1539 0e291e3267caa01a
1540 2248e774c7504edb
1541 4b63bf737ca3e88c
1542 df3b0b5d45d9571d
1543 80f142aa921efaa5
1544 1d58df13da1c686a
1545 08d7d850d7e1f953
1546 73cb82a92bc99244
1547 0879fa34abb65af9
1548 28f7be63d4379852
1549 2873b21d8e115997
1550 67d6dc98282d25f8
1551 425c2f9ac297469d
1552 947c85ed4907abac
1553 0ebfb6e2808e2a57
1554 efb6f26948697afe
1555 f50b13f6f141453d
1556 ada967e34d488fbe
1557 588df3422ff392b7
1558 a6a96213b9c4664e
1559 8730a233a2e60355
1560 69955458e895a9ac
1561 0f391afc105f1e72
1562 f5b907d540e03d90
1563 c78358fc05a3e171
1564 2d56a43216a5e076
1565 2d40b98c8b30717f
1566 32775d99187a8ae4
1567 415cd260edbcfbc5
1568 6615866a8be25de7
1569 54fa1d0d4a9011c9
1570 082000b32c1a0ddc
1571 1c7fd182c03d64be
1572 3948ec449838efcd
1573 e5f60d13a2a2fb48
1574 91e2d738bc513a79
1575 1da85232da5b1e53
1576 9b2851cd16a09082
1577 22de31354ccb9907
1578 44fb0915756065e1
1579 92ccece1650fbb76
1580 1d436e493a415143
1581 fd21065a3cf68952
1582 10e449986fa3831b
1583 7ffc6b332864ab64
1584 1231d920b1c014b6
1585 ed5ea2dcaf6ef85e
1586 bd0264e089d3f320
1587 fe860397b8ab0633
1588 82543f4044283ada
1589 723f068d2ac15b1f
1590 cf7a90d291874e50
1591 48633df21d668be5
1592 3f817b121963995c
1593 6f0ce3491ec8baef
1594 82a430cc91745954
1595 3120b93a8cb75d46
1596 df253a8c639a45b2
1597 11510d802e791822
1598 2063721165415923
1599 e3a3052740a78d48
1600 281888f5e11c5e01
1601 76e5974e67dfd7e6
1602 930f53f51eb71e7c
1603 ece64d41b9c4d609
1604 606eda4f3abe9a67
1605 675755a9956b514c
1606 7281c18dd5ddc798
1607 5d2cf479d28723fc
1608 355bfaee896e1d11
1609 df8813b705d3bef6
1610 b62045a99c358702
1611 9da82f3467e6d568
1612 a1e227758c7be62e
1613 2ca12a3a754e74f1
1614 c6700ef94f9b1064
1615 08b1e22bf0b8d2a4
1616 5ffc50f85f234f24
1617 ba345e99f88864c0
1618 fb7bcd4a735bf024
1619 56d58fbbc47376e7
1620 4c134b46c7d212e6
1621 c2dd329da0cc2b08
1622 35cb78eafc02edb6
1623 8ec67c4034550ca5
1624 c84050364d4cc588
1625 a3beea55a371cea0
1626 d2e3c144d39988c8
1627 da2adeb2e4419b32
1628 53499960925067a5
1629 116171562bc706bb
1630 00ea67dfa300750e
1631 ae2ea7fa8cd14b2c
1632 7329570319850c4f
1633 6edf7f5478c40227
1634 d594f8464f08f9bb
1635 a432dccb6cf3b94b
1636 78f9061559c7e0c5
1637 9905f597857448e8
1638 44c1c27f5ab510b3
1639 dd45b473d9659b36
1640 a8aa2a0a0acca819
1641 5608be9b312dba0e
1642 29c8fa2cb7fe87d4
1643 48ed3eda1394ce23
1644 6d3d291dcd935b6a
1645 4830accaa0465112
1646 12fbaec971a25940
1647 a08f60891d07479c
1648 64ebd345b048b2d7
1649 d7bf5ac6765d5984
1650 f9e49fe6ce9ea691
1651 6724ef8849421336
1652 049bf0c8eefa168a
1653 6407be97b2713877
1654 d06de0e5babc24e8
1655 3d5ef11924b28e79
1656 fd91b55da81968a6
1657 54c3d8426750379d
1658 6931707c70d9baff
1659 a79ead9c0c2a5f6c
1660 8c338db902faea35
1661 618b2199d3dbbb0a
1662 546eac655fd2ca07
1663 eadca7e6a7b3f29d
1664 d590758fd33b9c92
1665 f26ae80912ecba9b
1666 e91a396e5cc25830
1667 fef51a6d22cc44cb
1668 572d89f90fb4ac1a
1669 24bd31746b2dd4bf
1670 8d272f8d42334948
1671 f758683b109920a3
1672 66b95ec2aee85fe8
1673 d36c6210dcf709ce
1674 4286b6a57f7838cb
1675 3f31184113c5077b
1676 98bb6ba29f15a96b
1677 d3e933e91cb40de7
1678 5732a82fcddcfb3e
1679 867c93af2a4af945
1680 d4575cc1c05f08dc
1681 3286182d4900f3e2
1682 a46ac2355b74c1c0
1683 6f9061580d9f07b5
1684 0f7802fd6c8f7adc
1685 1ba0103dee1f5a6f
1686 5bc522fec398dfe3
1687 3a066d20767ec8e6
1688 735c87b947e51755
1689 d8b421d20d92a0ae
1690 307c3c5c29bc8b63
1691 5fc8d960102acda1
1692 b1ff31254c193bc7
1693 3824dfbb0e63dcfc
1694 efdf2ac1f55a5ec3
1695 09ebf1ea0113c410
1696 30e39ba047479313
1697 0deb2515ad2e70cc
1698 1514d5a59f68a98e
1699 0b48808832efb24b
1700 5db849daa7185f5a
1701 3c66b26b4c67023d
1702 43ffb41fa1c568b6
1703 0d68ec26e4dcc56f
1704 b6e09f434f3cdc73
1705 6220237e314abc56
1706 7e74a34da59235b9
1707 9b3841307def4e2d
1708 c8d43be68d80ab01
1709 e8740ec8479ecce4
1710 ded873bc67ba1111
1711 3356f42c87a428e0
1712 ba5549c748226b62
1713 e76d42c1d25313fd
1714 0c60528a93b907ec
1715 da3eac769b20f2c1
1716 21920444e3db6c11
1717 ab174ebde2380453
1718 19294c06b86c9a7c
1719 7f9ac97f9ca7d756
1720 68208f462d5a7718
1721 da37901c5b40d193
1722 3d60de48988d0e5e
1723 427b2f0c87ed988a
1724 e3b411c68804f84c
1725 078fed1ad5eeda39
1726 0977d03d38326382
1727 da9341250b6ee169
1728 b7a4008f86a98906
1729 d6ab3989fad58919
1730 047edcd6081c7bec
1731 745c4cead71deb2e
1732 ed03419adbaf300c
1733 f9d7feab7b39af1d
1734 7ea55722a00e5bf8
1735 29b4cf3dec16634d
1736 71975d8f2c192a39
1737 5e22396887d878ad
1738 c330a4fe7618e978
1739 332659fb49ec7d65
1740 69155edde1032dc9
1741 12276ab7b6ed6678
1742 58e2249029212b11
1743 53129611ecbe2d4f
1744 94e63faddf0d0a88
1745 b2fffe29dab03205
1746 8ed990bac3f36fbe
1747 9aeb5e47e6b8fffc
1748 9d301ebf0f9b1197
1749 49334217b481f664
1750 7f39614b8daaa895
1751 24ab909724757d8c
1752 a84d084f6525a9e2
1753 279c5e4d5fe07653
1754 ee86aa93a49e21ea
1755 ac7f2349eb96db53
1756 5b09f6e121c553c4
1757 34a2add9de4a47d7
1758 6b025ae17d61f574
1759 3b262e8e03494e9a
1760 6240c5eb7bb08a01
1761 4dae728dd67ba693
1762 b61fe0f75e3987bd
1763 26207448814cbb9c
1764 fea2b5c643d32120
1765 499f30263db3bc95
1766 5e5b262a7b47f0a5
1767 c184482aba1970b1
1768 4283ad2bbd346de5
1769 8f32f082c9b09018
1770 1457f5058c9fafb5
1771 7df3095a75ac2e59
1772 5ad83216ca0565de
1773 8712b4e296cd7ff5
1774 69494ea212a16f50
1775 eed5e32609d909d5
1776 ca79cf9d25aa80e9
1777 a5265925f06fd774
1778 f2c54c263388e64d
1779 264431b14b6b3446
1780 8f8c74b57b1d859b
1781 3cd7c69c26c938da
1782 78b08618a62514b7
1783 f0f8b8feb620e0b7
1784 06dfa21daad0ab8e
1785 e8420f7e93b653d5
1786 9d4b4dfa208d338d
1787 b80d956f4e72dd75
1788 4c321c386943b101
1789 bca93f11bb275641
1790 6929ee4c92006390
1791 5651c376fbb585aa
1792 5634da4e91144e68
1793 b0bac3368dc4d029
1794 0495180dec3a3880
1795 d5e727ce2ed4e3d7
1796 d5312de471756354
1797 cbb2b08f139c49df
1798 1efa850036f466d6
1799 059380a1aab6b78d
1800 c92de0607cae10b6
1801 05a63842c6bd111d
1802 7d5a9a45f676865d
1803 400cc0686f1dde25
1804 f9a1219f26209518
1805 91f215aa97cc0f90
1806 e6d43b4365b7d494
1807 667f0eb050cd475e
1808 beaff14cdd43be42
1809 89ee06e743bef381
1810 92b4bdae59aa0df0
1811 500b35a86626b869
1812 f1573f1c3ff99852
1813 afb56bcaac94a603
1814 7d07f138e7821d35
1815 fb77d46ded3ca510
1816 3831533bc17d4eed
1817 7403ad239a163958
1818 6a5845ceb2b531ce
1819 d78b2b75a0994e8b
1820 03fb5c567ceb11b6
1821 d83cdd916b73ab34
1822 be7f991a8f1a881f
1823 8aab5bd1b2fae2db
1824 080c6d0ec76ea0be
1825 56a1148d7e55dc9a
1826 6a0a69a5c1b667e4
1827 aa008e2c1eaca3e0
1828 f29af779628ea544
1829 ff572a2c652b5141
1830 e7a188422c9e8509
1831 398f4688a0bd58b8
1832 7512e7db65763e70
1833 17b6b5ebd1d806d1
1834 7d4829842038ec97
1835 889a6629af9153e0
1836 4a9e7c75b9aba037
1837 3bdd8a7ef13591b1
1838 2b5381ce815d5fc6
1839 db91a6a494a2b7ce
1840 884de58c01807780
1841 5d82a6795f669c39
1842 e6caf4b170f616b3
1843 4be51838fdbbd242
1844 41d2261f0822e221
1845 05ff485adb695e01
1846 44b06265787f71c9
1847 077b380b9668f708
1848 cfef36d49e183ba2
1849 ddb78e012bfc32c1
1850 d3c4a17634c7d6fa
1851 aeb5f053da5ac4cf
1852 8d1eabde54dec14a
1853 2e127c3ea13b4978
1854 4c0648607a65c53b
1855 8bb701d1ab76451e
1856 b8c2e725c444b364
1857 8beac676d2cd7800
1858 6df52406a9e52043
1859 1feac504adb693fe
1860 c0ba39a252f3c68f
1861 d0e02041a2e8ecd6
1862 a7551bc295d9669a
1863 f56eaa0bac028042
1864 0bf31935732c3744
1865 89d5296dd2e898a4
1866 13eb8799e92840e5
1867 d61df6887c331277
1868 eb1999639cc96166
1869 894a26f6b498faed
1870 96d339c5b72d1504
1871 7fff81e835016559
1872 d40b08de73c304d4
1873 60d13706c22bcc15
1874 b107345b5b13871a
1875 7b11950f742bdb79
1876 57253afb10cdbc35
1877 6a743606e29f6bbc
1878 79f652fc3097ef8c
1879 34c289da990e7c11
1880 530da6c9c0ebf7bd
1881 2ce68f91488ef014
1882 51c2218ba7d0e2cf
1883 e07d6321cd527f25
1884 0f7a63eb9064cf58
1885 7cfce3ee7ca6836d
1886 bc539435e6c8e5ac
1887 30e92fcb4f258876
1888 d446b4ec37e78142
1889 9f3de4bd81ae7d71
1890 e294fc75061fd050
1891 9dc7cfcebcb1bc21
1892 3af922b0292d8827
1893 db5c573f9c901f8e
1894 b0c1a6cb0d50bfc7
1895 7e32c7f15d78ba0c
1896 8b2df9b32e12d850
1897 c2d2da6bfe9e33da
1898 fb5b1116d3be22d4
1899 7b1834019fb27376
1900 ffae7eda5106c740
1901 975765d0f5f28d3d
1902 370129baf65124ec
1903 8660eb07b6fddfa9
1904 fe3b661996faea31
1905 f9a49f3156d8a3a9
1906 1b504a01ecdb0ca1
1907 5e61e060183269a8
1908 d41668db572603e4
1909 11281b0c793f10a9
1910 a528a7052b3cf86f
1911 8d3486cdabc1745f
1912 471b054c3b5c6b64
1913 b2fa18e596ec1396
1914 a663735e77991b11
1915 6ec75ca37df29c3f
1916 aa0010e63e61ddb7
1917 00d2068a51749f05
1918 741ebe6710ef2595
1919 1dbb240da164172e
1920 627c346ba9a21513
1921 645079a0e067a992
1922 48c7871dfc7485b0
1923 c7e0a08308631371
1924 e97ab7c5d208ba38
1925 bb901d3ff1799990
1926 e30b56b3dd0f4176
1927 b90707e9577ab6f1
1928 be65f4c0c69c5c42
1929 9516c841879183e1
1930 bbce9bf141eb3c42
1931 6eab0ab3fb8030ff
1932 e1fddeecd09ba332
1933 18dc26b1ab458107
1934 9fa9a97d53fac67d
1935 a06c6085abfd909a
1936 e69ac8d6bbde8b0a
1937 4ffd3a24ed1b07f6
1938 0e37707101de01e0
1939 59be0fc6a0e60139
1940 b5b0ab6a0a092512
1941 ccbd080fa7330601
1942 55cb815183aa82e2
1943 c8b741ad3b7e2f4a
1944 798413f8d590328a
1945 5908e6e40dfa6ee7
1946 5a5d699711017df6
1947 2f33fbf7e6c54394
1948 31d750cbaeac37fc
1949 4621dc8f5ac45a6b
1950 90d2e9db30d8e65a
1951 31d4b5c212f791fb
1952 3fb6e46b67ef321a
1953 de00c89be83e1ae5
1954 aad0ae0c1d6ac6cb
1955 d77efc273bb1f3a5
1956 08914fe01005ef69
1957 8bb2ae39c249508e
1958 a4fa44eab9873e6a
1959 bab75bdb1cf46ddf
1960 70eb0c420d160587
1961 ffaa4c8c45578eb1
1962 bac25fb99734da0e
1963 5c10533fe9d36e07
1964 c0e8e0d2f133976e
1965 96192739d8a7e01d
1966 5a888dc59f9f1374
1967 676aebf7fdb97259
1968 2ea8f80da2ce88d9
1969 6fdf75a318a069f3
1970 bf2733f690d9d7b8
1971 2962d5098ed14cf7
1972 8d99189bbdce6acd
1973 869304baba14c4d5
1974 40216f236523100b
1975 a7043dbe812b031f
1976 ddeedb6a034ff2d1
1977 6be380004f74776e
1978 bc684c6aaa5c7ce8
1979 6aff7ce66b865fba
1980 47ab98fdcfa16d1e
1981 bcd3f7988c1059e1
1982 b1c282b1ad89f6b1
1983 0e633001db691b51
1984 3bf2751109748dd3
1985 7d259fd1a57c5e2d
1986 d36d774f2fa795f6
1987 800199e97fde3d6c
1988 a621a8b034eec927
1989 f15190502f5addc5
1990 18ab38939a10b90d
1991 f6f4f323b2db8d67
1992 a01d807ca42f8592
1993 04efa2ff9b19127d
1994 f7ca0c92a00daf70
1995 e10ef24b0ceab54c
1996 c9a981de26020fae
1997 e03efeef6bd991b6
1998 6910943077fa4952
1999 d90f4a2a7ced5048
2000 639de69d180cb328
2001 13b39fd9298a6ee7
2002 d6f216067526ef1c
2003 abb515d5122b4e7e
2004 f486e8993409e0ac
2005 84a1f5a0188e0c58
2006 994ccf247f79d5ca
2007 111034b1a9591e45
2008 cb64dd564470a3a0
2009 cbb45a61f66ad478
2010 b5084a906e5a01c2
2011 60aa5759f4e8bc84
2012 c624d9ef99e5b4bf
2013 d3d5aa70a1cc2d2f
2014 31a2ecddb41affc4
2015 ffef06c7405a535a
2016 091a83623c424ead
2017 685035cff0b64707
2018 640cf654801fcdd5
2019 c0ea227898d87387
2020 a7d0f97ea63f548c
2021 6c03d1383e570411
2022 b175e0600b48da1a
2023 2588815e1cba25ea
2024 bcd666e3f81c0c90
2025 e2bcbcb5d47a800a
2026 44ffd10c229b9252
2027 56cdce978a065376
2028 c5a71751c467e9a3
2029 2c6b9cca0146c118
2030 0f57578b07d48bd3
2031 0e91cc08e56039a0
2032 41e9e2b82dde765c
2033 3d430f6b867c4405
2034 a61e57477b47e3aa
2035 de8e0a3923216134
2036 9271c2922aaabbbe
2037 fbd3b0fa346d7294
2038 989c61d34f148182
2039 0e310a7da90df78c
2040 56349c5e15fee57c
2041 be5d127a466b52aa
2042 c28710ce6b135746
2043 aa5b492d9c83ae11
2044 4473e521ead8bbf4
2045 f68ba7d61ec4343c
2046 ad407f20b14f2431
2047 a2147e39ff95c46e
2048 7e3c168a048987be
2049 76efcbb045af3cdd
2050 660a69dc9c4bb76e
2051 d6657dcbcd5cf880
2052 461bc5d1386b06c5
2053 088f2e471007b036
2054 207e864755f6a1fc
2055 d00e72a27aa4313b
2056 1c03cc31c79ae226
2057 2f9d0ec59683e9a7
2058 dbc71edb1520c72b
2059 07faff932e023889
2060 c69d783e89d0f817
2061 5a0df9ff45f0e92c
2062 468ee7772596342e
2063 f1b198d1105eff7f
2064 f51a367108cc812a
2065 428d8ff83de41b5d
2066 f0c815d8ba0bd0a3
2067 180f2c77c570616b
2068 ca22616e292aa4c8
2069 7d51bbb5e362c9e1
2070 8f0b7972d1ef1339
2071 24389c476d4f1b36
2072 a691dc8612c5e91a
2073 aba835c33f9f47c4
2074 02d9474873d6b023
2075 fff1d38262ae518b
2076 3c8573875668452d
2077 1af56ac401ae9bc9
2078 27a31b0e616c3f8f
2079 63d0885db5aabc66
2080 e285d67b9672d308
2081 40c6f0f37898aa1a
2082 d687be4b673c2d7c
2083 3619dac118121691
2084 9ac4ce35f37b5b4d
2085 4a24596476f76c37
2086 2ba7eaa8954eac6f
2087 e63bfb0ab3282d1c
2088 f5dc2570345a3edb
2089 a82a3c861261d937
2090 d8d9445d285a9ebf
2091 b77c1e6176ecd72d
2092 d3e55d12af5a1113
2093 c2fc3feb7d0bd62e
2094 a41ce7d195ebbea1
2095 1de5d030041a83f9
2096 34416c08b8b1837d
2097 5df808b61a3a72af
2098 89cf9855666c159e
2099 f30f61879cf2d63d
2100 62b7db9da552b375
2101 e55b82c891d50b2a
2102 f90ad38cbe339489
2103 2e1aabf2e69cc9ce
2104 0d3e144d1885b9cb
2105 43b22f422a679e27
2106 697aa7ed32e15204
2107 a14d44d3ff82c010
2108 7d398237542e606b
2109 7873f71264b66a41
2110 92a19271028c3d71
2111 63da2a789a31decd
2112 a91375600554391a
2113 36094e3a838ff0f3
2114 1ee768058dcea4e2
2115 b024bf11f3da5633
2116 cfdd5224568bd34c
2117 5185e39f056aeb90
2118 163a38c00495c4e4
2119 0a933d71db85f6f9
2120 a0edeba3cd0a9e2e
2121 b574f64c71e43f70
2122 55c9d299959a195d
2123 5f08404645022288
2124 8a28e3168ae03af0
2125 45cadd368836ba12
2126 0ef53432fbe6f490
2127 f492ed27706b7213
2128 78f55f216adbb39b
2129 bf96070851a12a49
2130 74457f62f107cf0e
2131 e19fad9ffa6b0fbb
2132 2b3b29189bff6dc8
2133 e01b42de1f06e9ed
2134 3d0f8142b9071992
2135 2923490a644f247f
2136 1b9c670a6e3be4fc
2137 1916cc02bdde8b5e
2138 7a945c0d7ae1ddd4
2139 20ef3c2b00cde903
2140 de5009a8b8b08548
2141 59b66c0a36b86e1d
2142 3aad39c0c7cc4b92
2143 f78093c946f5c1cf
2144 71d1c7f728711494
2145 55f90e63ee3d8ad9
2146 2af333b8af31e76e
2147 8cdd8846ed4c195b
2148 a050543362e2c5b0
2149 29b5514c4ff1c8b5
2150 efd9b9979b0ebdda
2151 638e05ad78e006c7
2152 f133c1bdcf67525c
2153 db9a177fcedf8f51
2154 9463d1f8941dac96
2155 e7f853fbbd7a48d3
2156 ebac6d4c300f8d58
2157 0efdcba1ec68dced
2158 244be9bfab1b2d62
2159 e10e400c80315a7f
2160 7fe046a8fb10ce24
2161 f4988c530cb17949
2162 364a3b6b8ff018fe
2163 251b06a56bb2a96b
2164 61ebfabaa6d16c40
2165 86daca9fb64a3985
2166 c5deaa50f2a7db6a
2167 9101488cf7e0a877
2168 2ebf753dd8d19d6c
2169 69bd59ae443cc481
2170 142a2d0b9c430b26
2171 55df61cce40907a3
2172 fa6f814384049768
2173 440fefc90357fd3d
2174 e470b6fb91ef7732
2175 719bed918e7527ef
2176 48c49adb78120db4
2177 2618890fa272b8b9
2178 43f61712c423938e
2179 473c5833fd21d97b
2180 c0969ee10e0f8450
2181 31a36c15de780bd5
2182 a7ac3b20762b05fa
2183 6f56de812c4a4d27
2184 9263dcda030cfc7c
2185 0f9ac66ceeeb70f1
2186 e4148d015847ecb6
2187 882094017e1cb473
2188 e6e1ac815353aaf8
2189 0efe54b2a610018d
2190 b125e5d5d73f8182
2191 3582b5b1aff2601f
2192 1a34ea825e50e044
2193 37ca290274905ea9
2194 924796d7da2db61e
2195 d113a5de3d11388b
2196 ee6e9dc3481a1560
2197 86d9e5e2a6215625
2198 5993b53f2804e18a
2199 5c4a888f27adb4d7
2200 d71c4d17ef3eff0c
2201 5a4da9134efddb21
2202 093b15216ee73b46
2203 775ff7c7a472ee43
2204 7d1cfa04e406b588
2205 375ed754f0477fdd
2206 3a75acd48eb85052
2207 4eb1f0010e7ba98f
2208 eefec5e77ef67bd4
2209 3a11832deb88f619
2210 a4cb9005c55cc0ae
2211 bd01ae4e8d78009b
2212 926424f2fe6a5bf0
2213 8c709c4d5e463e75
2214 4850a448429d6b9a
2215 0359ae0166a5d387
2216 c7cfd6fd856c9c9c
2217 f130ac8e2f45fb11
2218 5fb4e28a7a4ddad6
2219 31a57eac8af9e113
2220 3dd4c10723cb2a98
2221 f475912229624fad
2222 0dbe53db577f4722
2223 f4bf72d12c31453f
2224 728e0860126d7564
2225 d972b2496b367d89
2226 541dacda0537533e
2227 251aacbda37168ab
2228 f1404e098830e080
2229 b0e57679150e6f45
2230 709e582ad7dbe72a
2231 75d381832309da37
2232 391ef93e4e970aac
2233 e948c98b99d4b241
2234 38919297bb33a466
2235 acbd25781b7682e3
2236 1becb038514b76a8
2237 56989f11aa454dfd
2238 4bb59d1b3d4f2df2
2239 3841ee852fd88daf
2240 88e110e532a696f4
2241 57a7852dee1e87f9
2242 a787fe17df63dace
2243 0f79fa5bbafda4bb
2244 3c5568761ef7d990
2245 447ab8d153f51d95
2246 8adf46cafe1590ba
2247 54482115f7c35be7
2248 32375af64b1847bc
2249 630cc23d77b99db1
2250 7481a7af009cfbf6
2251 81a432a8a94091b3
2252 48fec1c60efac338
2253 61b63ebcbdd97b4d
2254 7219232f13390142
2255 8efb7727cf1cfddf
2256 3a548de4e8d38884
2257 280bbdeb352382e9
2258 d328348ba4b95b5e
2259 14cd68c7fa67a1cb
2260 ce59c122191472a0
2261 c2a94bbc1a76e3e5
2262 c81bdf3a5074b34a
2263 82b03ed7081bf097
2264 ea9e1ed703d3724c
2265 90dd5498fbbd2e0c
2266 ed1993931ba1f1bf
2267 2edf2e6f83aa1a83
2268 368e1730408d9701
2269 08447e807826cf44
2270 dc6e9bea2ac452b3
2271 a75ebc75ad88ca0e
2272 e57335116218ad4d
2273 b84fecb36ccf58a0
2274 a08c6795c551ce5f
2275 4dfa634c2050042a
2276 51f0fd872874e4d9
2277 3712a39736852c57
2278 ba5a9443055bf408
2279 51fb24d6978e26c5
2280 b469f774e8ad9a16
2281 e58f13e57ae32e6b
2282 90c11560d046021d
2283 5925b97838fe042c
2284 acac148fdc752c39
2285 6f1bc29e08d025b0
2286 01075750b838d9a9
2287 c3cab8ee8d97b90b
2288 2d5e147bc07fc8ed
2289 cb8762e3ee14dba7
2290 3f0c3c500fbc9c37
2291 bd54c40403b75188
2292 db6e6f2a9cee077c
2293 e166712f0f79d812
2294 1564ed1e34c7a0ce
2295 cf42dcc706146a59
2296 c5850a2dad70bce2
2297 dd651a0993f7dbd6
2298 50290e2a16882289
2299 21110c84c1e73cd5
2300 8a684e33de2d59c9
2301 d9909d020d5b397e
2302 801a4c0bcc17ec6c
2303 2d19a1f0c285b97f
2304 7c0cef18a726b524
2305 f261a07e62b292e1
2306 4bc9b0aa8b6a2da0
2307 b7e9829c60d552bd
2308 48ebb1b99254648c
2309 4bd832fc106cf848
2310 48cd8a0be7350fb8
2311 6567c64eec4b8b69
2312 a6af5e7dde564211
2313 f5a8ea8a72deb2c0
2314 4e26f482cad24017
2315 5c7df03553f5aa62
2316 62d71fb316c55be5
2317 90b88e204eb37df2
2318 0cf2a737e0321e72
2319 d1235bbcd29e2f13
2320 5dc599aa037bec62
2321 0c5052e63c91f916
2322 97dda34481b683f5
2323 f121f2ed0f33fce5
2324 337fec749067b167
2325 a9050d3670e4d3e6
2326 623300c9b23b705b
2327 2e1b67b3ab43bd84
2328 b0c971e9c55d6ccb
2329 a941242b8707cc5f
2330 9f23a3fafac53452
2331 c7c1238e580707c3
2332 2c992102060203df
2333 4ef5c0c1d577bf59
2334 815ab294740f673a
2335 5d442d5ffbef865d
2336 229d2f40adc42910
2337 9a28dcecedf24671
2338 b81e199447fb6f8f
2339 3f407393e9d46cea
2340 2060ff4d433c0785
2341 e50a7c13924564a6
2342 c9954e256f8715cb
2343 9217f5f62d94242a
2344 4ee701cef8ef1de8
2345 361e7a99ab3d3811
2346 bd689a0b146c120a
2347 b1237dbc8d4f1e5e
2348 045144b987c628b0
2349 115b32d7468c3f01
2350 f70ba7dc14f22106
2351 fe0f654066213dbc
2352 607664b7344c299b
2353 9fec1b87f64d656e
2354 7dc2a469a4ffa9c1
2355 4f2a3eaf80cce128
2356 77e7db6786ccb63c
2357 7887f7dc18d22fd1
2358 adac1829adc8802a
2359 ed48feb6b391bcb6
2360 078dfde6d9944d09
2361 da68b596ec16e9aa
2362 d6f9f18b5d5309f2
2363 837726f80e2d7c36
2364 658d7b4ac080f2ee
2365 c8abcd1963d1ba20
2366 721d9528627bbeab
2367 74c85ddcf28ba985
2368 f556c2b856df2a7b
2369 366c8da0aeb30a39
2370 5df97cd2c73821d8
2371 a9defc6376efcf91
2372 9d0ae69119b60ed9
2373 5ce719e635860c4a
2374 a9090433bc5a2e11
2375 8e75e8772d67a436
2376 552416d5ae2120c0
2377 fc8b52f71f10d00f
2378 8a7b3988d1378586
2379 3150ce9dc61f9b67
2380 fe2975fabb39f2d8
2381 e00aad942d8f3d53
2382 0d007a07b8eae05c
2383 ddac0b113b90d516
2384 89890c2c5d0837c7
2385 5127e2ca8eb7e14b
2386 57a7fb73ed53cab9
2387 39cb99b66960bab2
2388 b7daac8b17c325dc
2389 5310f6f43270d5a7
2390 2b5221d593db86f2
2391 3c8c16b680aeb8b3
2392 0ce75f0c8644aa70
2393 ece3e55f2c97b018
2394 f62897980db5539a
2395 ec6bb800e84a0c47
2396 b837b38f361a7e13
2397 467d37c254c16492
2398 c3c86ad32647ad6b
2399 ccd867f4517d43f5
2400 f06c5a7f6c10db48
2401 2d2d0c148dce6f56
2402 73a32da2a0a733c0
2403 2b3df0bdd362ca7e
2404 4540b45999ded027
2405 4dbc3864c61b81d8
2406 5868d627200cf069
2407 c274f10f13249b4a
2408 e8b2ab961ac023b7
2409 0a08e59bb29c995e
2410 1eb13c9a34728b98
2411 cf95cf1e1945b28d
2412 0321e4f142f1e48a
2413 a708df4e7c85bfee
2414 3731364aa3d4ff70
2415 078386e9591e5cda
2416 8f46bba86796ca8d
2417 d7416bdfbf6b9c73
2418 0c328ef979a75329
2419 3413fa051379f456
2420 69ca44570750126f
2421 d63ba1e40647d6a4
2422 2b14c34e4fb99d63
2423 e5b96e3ce8bd0a05
2424 6a56ad5f0393e5ba
2425 6967f879bacf54aa
2426 157d95faddf5ad30
2427 738f7ca7bcceaa10
2428 48c4b48c6d5f1f1d
2429 02ac77980827b398
2430 5ee2e5efcdafa61c
2431 98a4f04eb187a1a2
2432 cc0501c0908561d6
2433 176bc431876c2ac1
2434 f65c192a53b6b117
2435 03076265b6383c30
2436 6a6d585dea56505b
2437 ded1e27eac08c8d9
2438 60881e75402dfd3c
2439 8c38be3a2235f5e2
2440 c638473f98dca056
2441 6076652dd4236bb2
2442 9a0715698e2cb642
2443 5f4f4e893361dd19
2444 5aabb60cbe0507d8
2445 923446593ae656b8
2446 0c60bd268f3831e6
2447 3f49f1f1b9f7d080
2448 364aa24bd8f1b8a3
2449 f8cf59250af18345
2450 927bb67a8bf6bf76
2451 2bfd3165630fd470
2452 b3ff43c58e0258fa
2453 940ba5f7525d96e8
2454 9c04d11c1225f541
2455 c9df68639b85c1ba
2456 35c66a0cab26af09
2457 1a5fb6eb02bde11b
2458 9bc4660ae75a4d65
2459 09fd279f6cb7814d
2460 b6b8ecff34a6d979
2461 e88057eb69341e8f
2462 cca9017a5a992ee1
2463 d9efe05952545ed5
2464 9c705997758638c1
2465 d733a44ac1083399
2466 4a3b1db786afe46b
2467 48fe45927966f1f6
2468 7cf6bd62af98d6b0
2469 09ee80bb4d124f2e
2470 a7fa19eaac888051
2471 4289b78f8dec17eb
2472 6ca0651afde612ce
2473 efeb96c95ba78dfb
2474 5c19398176330564
2475 33a57c409bdd4886
2476 ad7776b375d272ff
2477 621ccaf357edf41f
2478 c2aa1755ff5387e5
2479 6bb1ca9bf34f2ded
2480 9b4f2bba6db39729
2481 b1128fb7906b2f31
2482 7d755ee4a73fd6a9
2483 228abfb2a4e279cf
2484 998c7eb404ea7982
2485 3d91808ed90dee37
2486 e29dae0949630d09
2487 7aad6de0532c605f
2488 157f752421069666
2489 f98f7b6bd82d041f
2490 858f991b71093c24
2491 cf6272839f3b0e6b
2492 42dc47be26dd802c
2493 608826d0ccb20453
2494 04baab696f3607f4
2495 33f42793cf35f7e0
2496 3ccc77cd281d522e
2497 b17c29e47a7ed15a
2498 97e10216b94899c0
2499 fb7b89bdcb0159a0
2500 8fdd80a4cf5b1188
2501 dafed815449fba21
2502 469b0cd1032158c8
2503 c82015a1dc50f7ab
2504 9069b0e4987e9a5c
2505 8d3d52e896e2e53e
2506 beb3c5c1ca2973e0
2507 1e8751b8389de2bf
2508 0d55a92a8bc4f7aa
2509 89bef517134ac632
2510 58dddc66d7be2abc
2511 b08595fe7319e163
2512 3eecce963ddbdd2c
2513 cb6b44a5c0ee58f0
2514 d0518bf44d286dc4
2515 3b03743cf07cbd92
2516 81106015283799f2
2517 d946a79b117d38f5
2518 8845e38cdde06b04
2519 9f62067e2ea86ea3
2520 5b3e9c32675c65af
2521 15a95de8606b2b5c
2522 bf22cb44a5708c71
2523 75fceea4b509c034
2524 c12aa603a158973b
2525 552e42809d892924
2526 058f78ff98c84e45
2527 e80a36f85ca4180c
2528 4b34ee09b1a302b9
2529 b0e2d05080279070
2530 48a80df6edf7ffb8
2531 f8008fcf9f908171
2532 48e4fae911c2e267
2533 b6961d8e579bb0ce
2534 e2cb187fcb1f7519
2535 c82b386b2304e5f1
2536 9ff28eaa47b8ba9f
2537 7b4cd92cfa0d71b2
2538 61bc5ef5fd51d107
2539 222bd35667251227
2540 b1cc03669cd635c5
2541 760a2a1e7d163dc3
2542 cbafe5b20a174dfe
2543 62306aea0c390a6c
2544 eaafbdb10388b35d
2545 4caf7e66b539d78b
2546 539b3138790ea6f3
2547 e12a0babe9951cbf
2548 811b6e79b1fe6e4e
2549 3ee44a21006b9c43
2550 b99a5430b1bddb17
2551 abc76127eed77534
2552 e907100226041014
2553 64aa20bc6c169bd4
2554 17a8d68684335ad2
2555 81fa7df5a170a048
2556 a0ed96b99388f435
2557 0a263280f66334d5
2558 d7088600a1ea0f05
2559 8b296009f08b0b7b
2560 7430db8d08d75f3c
2561 42aee87f63216ee9
2562 987caab84cbdb27e
2563 1a8df673104d5ccc
2564 2eb95239b0417a5d
2565 c9d31aa7b920c596
2566 936c7ee13b69ff6f
2567 475f0b358bff33dd
2568 3ca7cd9472c55af0
2569 52578b5884cb42a9
2570 2e20f6380dd601fa
2571 d1ff9025e626ae83
2572 fb3f95e70cb429fc
2573 b4c15bb3ef9150df
2574 2091f056a3b755e6
2575 88e4a6305a33f6cb
2576 fe87a0db09160fc2
2577 7a71f17f880b732a
2578 c85d25738e0c46f0
2579 0e5ddd46bddec83c
2580 ad4107bc941924d4
2581 58d131f5a998b720
2582 209b93266b2b7682
2583 4ae670c5243992e3
2584 3fec8936a01667af
2585 e881635f0f5f6122
2586 6f1bad33238980b4
2587 122667699d6261c2
2588 d0a96e841bab6475
2589 491170d52eeac5ca
2590 7d4aacfd853206b1
2591 e0bd40ea118813aa
2592 9de5cd6811306c7e
2593 ca2da6c25886d3d5
2594 bdb35368c98736d0
2595 8012051362b4eaad
2596 674a7ed67f718369
2597 aa80f5a0ab3a4ae2
2598 886524896cec915e
2599 087f95b9c4b3fe97
2600 c0a68da633b2abf6
2601 eb65b4a622d078e2
2602 7c88e35995016d90
2603 55658ca17afc39fe
2604 e62167e7745713bf
2605 1d5f0d3f6aa6fffd
2606 65dc7d98b2807959
2607 914fc6e3fe70ca10
2608 ce46ae231e8d33cf
2609 544e18bdb9d15b83
2610 de607572857f614d
2611 ca953ade66457276
2612 b129be1036958e37
2613 5f6dabda20f9c258
2614 df9f5b24c11a6b9b
2615 3527fbd64c25f052
2616 0d1e4d729b99336b
2617 e24f04b69f9e8d45
2618 8168561d382858b2
2619 d3518e17d2bfdd6c
2620 93b101599ba6186e
2621 ed55a1fc9e1f84af
2622 ca5d9f62fe13a274
2623 e92d663ed7cd74c5
2624 c4b8f6cb12726e3c
2625 602c6e8fd909c70a
2626 b1283144502ec589
2627 8a0878c66a39fa23
2628 d7292a99271d4db7
2629 f4be0b54cb9a48fb
2630 6ce0184a5c0b3e23
2631 96ddbf95448b7d65
2632 96cc9889352c431a
2633 00b42236f53d3125
2634 b36fac5e759beacc
2635 e7014052021bfa42
2636 19d66c95257aa0fc
2637 027205b707510357
2638 b09ae57f5b93dc23
2639 c64520ad6d949fe0
2640 d1e29919780269b8
2641 19cd58e9ace95441
2642 c755ed2ee0be4f62
2643 ea9eb39cd88a7ca5
2644 c476655302e25af9
2645 eeba7c738615fc02
2646 1d0cdf6dfe84b3de
2647 6b76d06631a4a3bb
2648 215547615986bb42
2649 db2113830109e8ea
2650 fa13253ec04b0234
2651 b1cef59057f781de
2652 b7aa3576fca20da7
2653 8957f9ff7ed499a3
2654 a03c31d374e5cbc5
2655 456e597a8138e15e
2656 766d8bc9e6417dab
2657 66133ce0a68ed175
2658 6b3261d137ae8fb6
2659 bcfdea0165745d17
2660 16138c9be8b59d89
2661 e28d58959cdfcae5
2662 fc144940892a5539
2663 a21975b151765b4c
2664 4a2bfffda7de6eee
2665 b1ed416e7807fbbe
2666 3d0155d6d4c2b5ba
2667 867a04e0456df806
2668 a3d6b6d579faf1b0
2669 237cacafa74b6f15
2670 4f3d66b436a0a1b0
2671 eb801c10c27c0fe9
2672 2d6208dc14c11088
2673 9d02ab748d90ea6d
2674 61aabe9e9ac5df2a
2675 617e541854dc2a3d
2676 0ed87eb797b78e15
2677 634605d2c751a980
2678 6af425442f754dd1
2679 5555133fc1fcf7b6
2680 6f21f51846a9658e
2681 01df912bb30a38a6
2682 ccbbbac514f21fd7
2683 c69fd250e1cdce34
2684 9a8edc4c17834d00
2685 60d7f9fb78304fcc
2686 8a99aa92b214f323
2687 d9a391846e90ec41
2688 df3cd1b49cb3a78b
2689 ecfe01bb68f86241
2690 71d23dd2f8420c67
2691 e067e62182909bbe
2692 ddb225408ca79ad1
2693 4acf75bc7a461aa1
2694 4e5c514b13807e80
2695 4810f4e6002aeb46
2696 a6081c5f8d59a97f
2697 a0413ea82afd079b
2698 aedf9b8e2073d198
2699 033ffdac8b8dddbb
2700 b5bf4c101b755e8b
2701 0d7cf6b18444bd0e
2702 30aae7c3e417c4fc
2703 f7cdcd266e719516
2704 760901453bea8890
2705 ff203a411eaf1190
2706 5319009344094dba
2707 d6f1da5b7bc70f8a
2708 9ec378a040ad4a4c
2709 90bc2047918ddb27
2710 08da0aca834d3be4
2711 c70514ff8b8156ed
2712 4f4e8ef1c26a3d8b
2713 f787f0b52fb2cc1e
2714 f3b9cd096466c813
2715 ab7bd0450fa82622
2716 cb51402387e22e6c
2717 0ee70eb9c743c2ef
2718 b45e423d90052576
2719 c94dd4b335328a9c
2720 1afd7a090b71d212
2721 db9dd4df84189870
2722 5f11e0fd04ad1e5b
2723 ae32356b1ef89903
2724 084e4c73eb556343
2725 be6dda42c789a541
2726 f87d3f65620660f4
2727 0baeb22a72eb1b47
2728 4d6452f8811cb31f
2729 aa97be8eaa9559f5
2730 2e5327880de3a0ba
2731 7faa15bac29f6b80
2732 de7a5c6d1ed9e6f3
2733 4d6c80576392c370
2734 02e2d0897c3ab52d
2735 2b9b4e4a91e40da5
2736 54624d780c369aaa
2737 f646b4ed45a2f3ff
2738 f71ca9f909a34f5e
2739 1217714c8cb10733
2740 6eceeb2ef32a918e
2741 e2d0dc07f0baa0f8
2742 a8fba99abc1e3bf9
2743 e315c227701fa493
2744 4a7a59cff213747c
2745 03470d72902162de
2746 1dd5db7e16172fd0
2747 e7f43984c6ceea69
2748 237b1a4090fc7f1d
2749 d2ddd1faf6847775
2750 9311bab615635d6a
2751 0b376a2dffaacee4
2752 8aa8e556db043afe
2753 0592ed4d03b89e1a
2754 7f09f9218a87b925
2755 80bcfb5735a97788
2756 1ae9b8036472a9d6
2757 b1ca7d859ea066c6
2758 dd6a7c5a2b3a0432
2759 64967a63811690b2
2760 f0ba3ae4af97b9a8
2761 38edc23ac9762b5c
2762 807f0383e903c643
2763 0001c14fb1a23921
2764 fb0cc7309b64d389
2765 07167d3d3c427ac8
2766 0ef24d6bb3db3e04
2767 073534a83f51da81
2768 a038ae7c12458d4c
2769 c7e50048cfd88e15
2770 71d094d9108dd85a
2771 6d98634cc357df3c
2772 3f081cca3b35631f
2773 a6519bbdbd684882
2774 c591fa03588621fa
2775 12ec22049262844e
2776 a6f674b6ace70379
2777 00bc80dd29793107
2778 9375fd91fdf61339
2779 9769526ed00e324c
2780 4d2af0fcf589ef63
2781 a6a19cbab38dda98
2782 28b2c898f3c622b3
2783 c33674a8718b94b4
2784 4d9b23af1d1b1822
2785 591246724ef39ff5
2786 0c15942317ca21b3
2787 b754a466717b6b31
2788 cc9857731507d026
2789 293fa9077b89edda
2790 8625c3dd72f03678
2791 f5773cac5c116ba6
2792 4ab8aea04569caf1
2793 4e1f2faf8451455b
2794 0f6a6629e5948d44
2795 d2df44bba66f1a1a
2796 a2d3df578a0bfe77
2797 682718900e146a85
2798 e7d9fc7e2aad390d
2799 e8e76e86cd88b0b8
2800 b0dc150488fc6002
2801 5b0cdbd4856ed94c
2802 f396837aed5e0a7c
2803 0bfaefa9af12339b
2804 3c896978564099e8
2805 2c278dd77441a06b
2806 02565b8bc9f541c9
2807 78e7172b7cf94524
2808 84f75b465d461dd5
2809 2db744297053ac17
2810 5a30eb5b4606f51e
2811 a55e25e721167515
2812 67d7cf97a01e6bad
2813 5a01a6280ee7df96
2814 0d475206fe869257
2815 bef58df03b020d7b
2816 3f4ae4d309dae62c
2817 51af5f274d535bb6
2818 471c319a86f68499
2819 d20be89b401f0f3e
2820 66f76f883c7ee2ce
2821 8e6a6b49b9678feb
2822 391ad0c285a98cb7
2823 3bbd35baafb23e2b
2824 da3a3838f2c8f5ea
2825 60b7e69bad2a3720
2826 8d3d854eae080f75
2827 3644890e31070609
2828 86c7fd1dbbfede09
2829 d8ad2157300c6dcb
2830 8d956b88bf0bcbff
2831 6bddbf127d2c1efd
2832 6c41092118ce33e9
2833 c54f0bc2ba36cb30
2834 99120ab4c2058d08
2835 9f6dbb26d7e6371b
2836 5db1896c0d2c4180
2837 629d2427f981dd16
2838 77df56b0799a78fe
2839 fd39be4aae2d6213
2840 6fd66c4507702fc1
2841 f8c6e516c9aafecb
2842 59666422b3ae5780
2843 c80beb002fd47719
2844 9580d70ce88ac144
2845 624aa47f6e8ac99c
2846 c50b5f3fe30b171b
2847 eea4bbfb7e4c40dc
2848 35e282dc66751fc0
2849 b2d4d67daa2c6d60
2850 128bc24a119a96cb
2851 fc899c86cf6f4227
2852 6996759fecf1d8f3
2853 7737032631dec684
2854 a224cbe0ffce0c5d
2855 6d4544dbd7077a36
2856 f25cd8d95ac112f0
2857 94a8f02a35165ac7
2858 d618964aa3395b6a
2859 bfb549f3e65bac17
2860 b94e6f041373540e
2861 26ed299e3b5fbf27
2862 4d2425f75a9087fa
2863 6ad27b9763c3a344
2864 99cde1e31eec45a9
2865 44cd44db2fb8bdfd
2866 19c72c1c9f08ff57
2867 6c511029c18692b4
2868 650780b0f9d1f4fb
2869 7a8c7750bce3cd7b
2870 1042b26659f615ec
2871 115d33c0b415d247
2872 7c799f5490eff0f6
2873 a9f9480fb2f21e3c
2874 6d4f9fb5bcfaac5f
2875 2bfb40c594bbd379
2876 382b6f48dfe70145
2877 3affa413ae61c59a
2878 dbf853ca2719555d
2879 51701e02a8dc5e5f
2880 26e52fb410debf47
2881 8139c4095715c698
2882 b54562a5e78b8f61
2883 ae9c9916bc8582cd
2884 207f3c03ebecbd37
2885 27679823ae998309
2886 0cd110079e380362
2887 675cc5ab2a870b32
2888 fdacb877e3434200
2889 72172dbc1d5b5430
2890 f6212f03dde0f181
2891 4a306be9357b8cb8
2892 2e5e56cc467c0e62
2893 2952c207a3f399e4
2894 4d1bc5db04966e44
2895 e5164c3906927153
2896 1c4bdfe1851149d3
2897 11a274fcb57245e0
2898 74712e5b000467c5
2899 7dcbb09bd2aca12a
2900 6375d75cd8d43584
2901 d7f179fde023158c
2902 a79a79040bcfaee8
2903 4d1a77767b3161d6
2904 7f51d5a83fd94a0a
2905 5d7fa2000285805c
2906 489f34e2883ebf8a
2907 023a7b2de517e55a
2908 a891046d80f104f8
2909 72d0e6aaf2006c92
2910 6b8aa7e855e63bc4
2911 fefab30c22654679
2912 2c55b988d54f9a09
2913 7359b7bc295d7117
2914 b27fa690b559da99
2915 565dcc5eb4377316
2916 e594f90fa3269552
2917 74a40149443350dc
2918 0083ce49c774da35
2919 a6ba55a5e9d0a82b
2920 5c3d7e9a4a03d879
2921 63efbed2078508b2
2922 929b8ba86ae9559d
2923 2bfb79e8ad27f532
2924 3af8a93e3afd3dcb
2925 e6db798b5540bd02
2926 cfa7aacd19ae4d87
2927 bd228d8e7a798ab4
2928 9915ac1a93bc9b4a
2929 e51ed52e2e7d9065
2930 8d524bf59b1187e2
2931 3cdc23032974a975
2932 dcc82c6e914cb1a0
2933 2f9c23081e22e6b8
2934 544687ef47794677
2935 6d359a4be9adfeab
2936 5da30b031428268d
2937 3886d5033a024106
2938 cec4b8d81ce526dd
2939 5ef7e9247f01f65d
2940 d16292c34beb6610
2941 c1602a5023659c08
2942 8ab9450dcd8ec037
2943 b9da65e02608e097
2944 5aeabedb3c9c36f4
2945 5d91839bc39da76a
2946 890576444807e4f7
2947 abc181e88bee572c
2948 aeafa5385d46da83
2949 a456e636482efcf6
2950 66985c28ece7e291
2951 0be48b01db9e62be
2952 cb2e5f08064ff420
2953 dab943201c4e3022
2954 9bdd80a732e1c413
2955 33a3f1719f74d815
2956 87c375d37c0e1802
2957 4bd8d812899a3395
2958 9773d4729fd1419c
2959 aace1bf8753732f1
2960 d136323f7e65ab87
2961 173f51725366063d
2962 cfd1cf123ebe672b
2963 82f3a47a760b0622
2964 a4b3275ebce1af6f
2965 c25925f40fc8a359
2966 6aa6fd7116f6e6dd
2967 1b687b5adad742a3
2968 87ce5daae6b807b2
2969 409a4410907dd752
2970 9ce1ee48847aab69
2971 596fa041e74cc842
2972 c62c7005bf87044b
2973 060317a691ead32d
2974 2d89111b2cbfae27
2975 3d592359573385da
2976 34665af1366e38c7
2977 9c5140d1afc204d3
2978 2becf10063c66d9e
2979 97e658ceae7be078
2980 05407ac9cec9944a
2981 02a8ddcc75c93252
2982 2d7f85f76f69a598
2983 4f877053a34b4f55
2984 4e6a00be7253ebc5
2985 4b12079f33c19735
2986 7635f028f270c2a8
2987 e7896a9cc08474d1
2988 fa49a0c0a2f64132
2989 9042b0c4e3bd2934
2990 d294b24d2aa2b6e2
2991 6648ba6cfd346231
2992 ca7fba6790175404
2993 b267f78e957bd658
2994 25e82c253561eb71
2995 cb33ddf5ea8faa09
2996 2d1c8769cf13a7b2
2997 839e213455f329ff
2998 aa2ff27dca9686d6
2999 2ce98f27b368d9d1
3000 ebb0a781cff048d1
3001 5e91b1d3f3b8f203
3002 615be1d199137d3c
3003 82f25bb0d6c0beb9
3004 7f553e67012b1bae
3005 2c1168feea769a8b
3006 9056c51c744ce57d
3007 1c5d9bf892aaee15
3008 694330eeee430b73
3009 4e5a9151990de19c
3010 c4bbb3994f3df86d
3011 909d88d0c795b390
3012 b786b436a105c8e9
3013 e2365af2e58f331d
3014 dd37da3d089ae72f
3015 149a255b288f08e2
3016 5d215fafba05e35e
3017 063ebbddbede041f
3018 585c0ff32b64e0e8
3019 563bb50ddfcbbdfb
3020 61c7843a224f2eb4
3021 ab2374b26ce4caae
3022 635ead38bf508b9a
3023 3624e2709d2376ae
3024 d533b9e0b1dd770c
3025 41890293e9546270
3026 7bfadd410ef6cde8
3027 71829ed480cd900f
3028 d754304be8b3aa58
3029 0b07d24d713e545b
3030 b47dd69fe09bf632
3031 1be21b2e80fe7044
3032 5590a69ae826c652
3033 0a160708cc5174be
3034 49fa7bdfb8902261
3035 271f1d8af52ad35f
3036 e59be064336f34f2
3037 034eb727fa8b3df2
3038 7bc3ff4b3003ac30
3039 114cc0a704f1058f
3040 390ad05ca0971dfe
3041 cca914bd912b2e5a
3042 cb1ee243b4803997
3043 06a533c919e676d5
3044 804118f75c41987e
3045 0444217c02b2cc6c
3046 9fb2ceec5a90d60d
3047 eb0a0221e3e8b2e4
3048 69ad0031f4200cc6
3049 b5e9bc8f73fee1ab
3050 c9ed0e51cb8045aa
3051 b56347c844c01843
3052 d92d14b2d76e11d3
3053 21e74e377b13d032
3054 96de6254d2a976e0
3055 f5e5af0e4594b461
3056 bb61d4bb7b4f7bc4
3057 52894630aa8bdb20
3058 ede58df9fcb30729
3059 ae808e55cc6828d5
3060 e19dc004feb9e14b
3061 da168ec6d6a50021
3062 ae746d1b817f43fb
3063 4a17df393cb91134
3064 46b061e2b7f29a94
3065 c4f923d2f6d22155
3066 b1d0601deac67503
3067 648fbe42b9eac463
3068 c92cb70af94290a8
3069 f486168b1b421359
3070 8c5eade114731505
3071 81eb9024c0668ce3
3072 c94aa9d73e946120
3073 36d6a4c6ed84b506
3074 ecf4b979efd782eb
3075 36a458433257b33e
3076 8ff0b1e63e5dfff0
3077 d4ed35680f75fb78
3078 0096dae72f7bdb9c
3079 230a8382be21fc91
3080 7dad31844a245ab1
3081 1a8375356bbf5cdd
3082 a1db37d2cd3afce6
3083 13a67200ba0846aa
3084 85ae8a6f5c5d1a10
3085 ec709f7bedc415d5
3086 486b552b9135de2d
3087 4704271b82114dd1
3088 e357c24b8cbd9e72
3089 0a2e49d311ee5c04
3090 66d522efc7b0dab3
3091 cb4fa41934e0413f
3092 f9b4d7c340b34e8c
3093 87cfea9a1308e51e
3094 365bf5160d5854b1
3095 61c36ea4f9f35e37
3096 2e11d55807e7cf9f
3097 06238bbe92d9bf65
3098 9fe665485d750ed0
3099 3609b1d21ad72b4f
3100 9011c757bd7fc53f
3101 ad8a92d9432625f3
3102 51621542f076c9cd
3103 a403f5131f3568b1
3104 532e259906f10226
3105 11a0e018797ad834
3106 3d6e800bc372bd4f
3107 41cd8bbc77da159c
3108 654ed88cd4515127
3109 92522b83b9b9c1d9
3110 fbe9123b0b9f9214
3111 39dc5cc73cb44c4e
3112 d26901bbd98102df
3113 e3982ca0ee1f7c54
3114 2f9844f05e058d2d
3115 e54aa2eadf2d88cf
3116 b43085d02c823c4a
3117 a1c2f4d54d44d474
3118 0e1cb069bb10aa7a
3119 055aeb3b4d32e30c
3120 5dc599fe7a2b58d2
3121 46642f071bf74646
3122 f4bdfa6d9c09503c
3123 024179f96bb34aaa
3124 c0ee72c4938930e6
3125 0e309c93afa343b0
3126 fa0eac098179dfe4
3127 49e6a551294c8b2f
3128 b36acc778909179e
3129 46eac0639d9d222b
3130 b97aca424e9fd540
3131 3400a84eac3dcced
3132 d00cf9237efa24dd
3133 5bafa8db0903eda4
3134 f0cac18514b4e5d0
3135 9fcbd096a1a9dbbc
3136 56afeaabaa595bb3
3137 6088d80716295229
3138 f6f697557e931699
3139 01001c492f7c366a
3140 82fe88338a380857
3141 eb1d09d4b4d7514c
3142 dd86643165ef856f
3143 2a68de3cc5b9bb59
3144 aaef51c94df011b4
3145 6680354b8cdf6633
3146 fd6830ebee8c1500
3147 0191d29cc63260d2
3148 f1f8303cb6eefe4c
3149 49e90baeb6daa5f5
3150 eafc3fa0adf8aff7
3151 b0c7f8032e50b2d6
3152 9b604959289a42d4
3153 b88cebb23a597bd2
3154 57c9a4a1282f0230
3155 4da9a76ebf07e8c5
3156 9c2789e41c7a35a9
3157 0adc192b535b1c2c
3158 8f40e80405abf14d
3159 e43887b45770a050
3160 ba3db5078e09e42a
3161 112310c402349508
3162 2ef4e7e116d2e283
3163 dd26d01fe100878c
3164 9af008bc968d82eb
3165 b713c9eadfabc29f
3166 69f6a93682cd9e50
3167 f2ab0ab9dcc445d7
3168 d9892a6f997cd5d5
3169 7a149159b4282bdd
3170 4585dd52aade43d4
3171 e9aaf3f58d49e361
3172 bde8faafcaf9e382
3173 042c09df502797bd
3174 75aed7c231f81ec5
3175 c19dbd9330d19a4e
3176 364baf822ae8b015
3177 e7711408bea19f9a
3178 b3618249f772e9dc
3179 946940497fd26b0e
3180 875d26fe8a67ac9b
3181 e751f42faa210c98
3182 a4e377298daaf8d3
3183 6b2f5351b77bfcae
3184 de659d20bf8e9f99
3185 857d5f2bc1c4951d
3186 67dca3a4ce9581ee
3187 6011acf87a564a47
3188 047b95f016b49c86
3189 3b1b269eb4ab81ab
3190 734ae6736a3967aa
3191 3a7c477114ee4205
3192 d854df648b3b54fc
3193 93e27f40464ccc2a
3194 f2005618d6da2dde
3195 c8d294abe642456b
3196 aa6f122d0f07316c
3197 6e60ddeb8079cc5e
3198 9a9c536f19984735
3199 ba54501860e10bab
3200 e18158ad9755d577
3201 d59b47ae4eaebb12
3202 7987b54d0cfe8bbc
3203 72388346b0cc9350
3204 c1067d003e641afe
3205 eee5110ea1a5086b
3206 8235a1041b708afd
3207 1d568537260a57cb
3208 45e90f96ae153916
3209 75688968941289e6
3210 0f45f7560a2e5357
3211 b3cdeed10c924228
3212 3b46fc504a094c94
3213 5bb20958e9c9cab1
3214 0c180a98cd8c4883
3215 03555a072c758709
3216 af353648b7ca3f87
3217 4917776094684828
3218 f096e9544b9ae3c3
3219 147ade1aaf1ff5a7
3220 b4b50e3790039057
3221 649257620cbbafb6
3222 7af66ac775530d34
3223 a69e005267a9c6a4
3224 f3a6ab7ee750f8d7
3225 619ad89ce4ad3152
3226 b39fec3e4733ab99
3227 245e9e5db6996081
3228 5602088af0b34d65
3229 5b082119550a7105
3230 a852467e7601c46a
3231 eb8cd120be5a5ea9
3232 767e00422a82e4ab
3233 820839cd46b0c358
3234 382ca5f5c553b732
3235 b13ed4ee9fa3094a
3236 5f39c8734ec0f884
3237 3cbc305472abc518
3238 77bd54d6c795ae26
3239 cc20dde88e4b74c6
3240 2680a805f60d6884
3241 83c722622e67ea08
3242 b164c308c74bf7d1
3243 645a3a98c1935fbc
3244 a74cd658309213a1
3245 4f0f69042e9561fa
3246 d3815f26425601b8
3247 0fde52545c3be5c3
3248 d4602c8670e7e38c
3249 4650912554882a1f
3250 5f66307907abd9c1
3251 86b8e0d119391c67
3252 091dbb4b5ef60401
3253 c194ba8cbdecbf71
3254 919da09270b296bf
3255 884fe48eb099205c
3256 05d9a8fda1a6d44b
3257 0ee4a60a7f942d05
3258 7672e0d6fd3f08d4
3259 3963c5ef39e7d44e
3260 aff183863f416c96
3261 d7e1a844a6938420
3262 2a1e84edc6f6da08
3263 ae8bf741cd8f7369
3264 995a46d34b75740b
3265 234cf7b366027baa
3266 82a2bc6e4e5b3eae
3267 165e5d5ecb84b030
3268 aaf00b8e1230d29f
3269 b8951a9205c60d4f
3270 6a474274e7da6a9e
3271 9e72602c92141fb3
3272 2d2423e600e4b8b8
3273 9a0730e5e3ee1325
3274 3ee30f74fbcb64d9
3275 78f8affd978821ab
3276 31c8ae24a4f4040e
3277 5c45c7c1ae57786f
3278 28940d70605a5479
3279 25e09caeee154b87
3280 db4c1c525ae2cbb3
3281 d3f1beb712253855
3282 b4bad3bc1c2a43d5
3283 15fbed025d432532
3284 d8aa4896e649b9e1
3285 80b258fbc66ed19e
3286 41d59292458ed825
3287 237fcab2635196a7
3288 0030a8c742cb801c
3289 8974474349e12836
3290 2ea1951b8154ee4f
3291 1c9bc2e6cb8b1533
3292 c46ef82c8bddc72e
3293 fa67dc0b91f17ea8
3294 62ea7aa6b406fab4
3295 f4516dc567f4b148
3296 2b5d01006c4115ec
3297 7e02a50ec55ed9fc
3298 a8a80d06870e5881
3299 bc3f4c7c9b83a3e7
3300 8df3b7a9f9819339
3301 a8e5877910e11d50
3302 b1d98242655606d5
3303 d1a646e2eb9bf269
3304 58454517448fbb9c
3305 5ea7df0980c7646d
3306 ceb5b19455a6dacc
3307 39ccfb01894d3a5a
3308 b7080c5ca966fd9b
3309 4ee8f12cfa1c610c
3310 b86a7b4bb5e8aa5f
3311 55ed8cbcff709ec5
3312 030246206602ca28
3313 bc3ddd0d2c7da6b9
3314 f7624aaa3b870ed2
3315 457e7e4b9cae95e0
3316 e48f47f4029b63f9
3317 59c6873b47a9c11e
3318 7ddebe2982123ec1
3319 c34c36eb3f73f80c
3320 3d2835506c9ae70a
3321 e977762c9ea0c771
3322 2f28a17b4af8f498
3323 e384c306a12a2885
3324 75e9b9d364d9d107
3325 9c82125240d94a04
3326 24b02a90ab0ef50c
3327 776848f3074f5121
3328 56ff7f4fbeedd423
3329 f9baa34619494af8
3330 07a14eca58efe2a7
3331 f1ce4e10893c1f86
3332 0a54fccee960fc6c
3333 787c672b8fb3cd19
3334 2041bf25723699cf
3335 67fb1f532d30e537
3336 25901915ebb641fd
3337 789cfd205da75ff7
3338 62296d9b76e15e1a
3339 9d265333183b3ae2
3340 9ab6603e65348769
3341 719799f6fd1f6801
3342 2562ac424253d2b3
3343 500b08f616b0fe67
3344 fb63b124cdcb6b93
3345 80b7bdf35a1b3f6a
3346 4e685fcac885d3f6
3347 3d193405ee9b533b
3348 effd02e7b4ed5651
3349 94d47db214a2f32d
3350 216299f4c854c439
3351 51eb5ac173ae68e6
3352 dd1d5a892e7b07f7
3353 726b52ad9aff509a
3354 d40306ce31885ba3
3355 6fc09ca8950c84d1
3356 f3f49a49030adf70
3357 6635a4874a560696
3358 3dc952d0b5fd923c
3359 4edf2b46262eff96
3360 6938a90e31880837
3361 c89ee40a9a43ebd3
3362 30fe3753bd5a6327
3363 c1ca0cd218167fa4
3364 b9303c4793b89ae8
3365 7254c6e22feb61f6
3366 e4e3f6aef16ecaba
3367 4ebfee5754e98307
3368 c0f5d8458306978a
3369 cd25ff76acf89070
3370 529f10cb5ee95e43
3371 71a1932f62aea538
3372 5ccf832c99bc2282
3373 0b0041a23c56d5e0
3374 8875a755d1f0348e
3375 55c2a0be45adde23
3376 cc9ba61873b529f6
3377 f8acb4004bad1ad8
3378 08cb9231d73524ca
3379 b55c429ab1283ed8
3380 f4b8620409bdb448
3381 2292e1c0e04cf190
3382 6a98d7b3d6cdc728
3383 d670331b5dc4859f
3384 54809c794d5775a1
3385 10b01a7ee582f857
3386 03653e0d927f7961
3387 240727325edc85ba
3388 3215cc7a984a7bbb
3389 8fe49b07bb707554
3390 44e6555dfc785cec
3391 5cf904aa0795b36e
3392 91d6a9352e6ba1b7
3393 1add49766f4599cc
3394 1653e452bb89721d
3395 bd15ea4267f9770a
3396 f209f8e2c4b8fa2a
3397 b8c0038bb819b67d
3398 81494c7c7f590a6e
3399 c6d5db8a31f77f1c
3400 652850f4e69d7519
3401 68105a3bd71ba193
3402 f3184c0dea943773
3403 9745017d6c489b0f
3404 7e859d1fb045d535
3405 d498ef3229ebe4ef
3406 d10ddc1321f32b17
3407 63403467f769a9d3
3408 d1222da5d5d0b974
3409 f510e173c7a53146
3410 e4b9f7ec6ea333ad
3411 2ab63b291e4d4a22
3412 b7b4a595f36b6924
3413 d0b224f13e4abce9
3414 9d1ff3f46f1f7be0
3415 742334559fca76f2
3416 959cafacb2f68090
3417 a9148e42f863f29d
3418 f72b4484028875e7
3419 aa5c41762b19c3b4
3420 e2c6d2ee02477451
3421 db89f327602023aa
3422 4ce52bf4eb8f5602
3423 0ec7b91a3f7bd9bf
3424 0b3ff6b507854078
3425 63ca2c59f179a832
3426 8a418e9b6fa1e85b
3427 fd99ffd6947b8aa9
3428 fd065b0056280064
3429 a9af19af38dd76c2
3430 7cc7fe862364c949
3431 6aff9fd914d9b90c
3432 15535290973ed84f
3433 df55238d10af6c35
3434 eab50cc4bf660e4b
3435 790ad32a2a2b5aff
3436 079fb7f3b01ddbd4
3437 4cf7277f26d50d55
3438 096b66adfd2ca8c4
3439 93367bf2d66f8c01
3440 adf9cc4357bd3905
3441 1696a38efed9c82e
3442 01c6c692a2368046
3443 0e4cc961573da550
3444 0c18497ddb7e7546
3445 c5c2d74f2310512d
3446 21cef9bb474a6952
3447 8dd9919f9e2676cf
3448 bcd2a94e49aca854
3449 721638ba221e4e4b
3450 43b55d41f6653719
3451 3bb76b123c82c7a6
3452 3bb3e3c99714fddb
3453 61d7041b73dee5dc
3454 b99e85809b3f8a21
3455 71648aca1fa369f4
3456 da3d032cae92b6ba
3457 0398c145a3271ace
3458 a248ccd2c0dbe944
3459 30e076d631858434
3460 bd2e7dbb67c8a786
3461 95876b840417338f
3462 11251e1a62f47989
3463 55fa9914ed276373
3464 eae00f4b46490404
3465 fe95eb26241d68dd
3466 2aa301e0693f3ccf
3467 d6b0872f8db9f22a
3468 3e9f510e3a0a7b4d
3469 ac16de281b493d1d
3470 dadc1d9bd7a86f2b
3471 39a1e879b0d0ef93
3472 a22aef1adb819835
3473 6bfe02c5c6e1b17d
3474 bc6bdb536e9ef470
3475 6180ca437bd55b01
3476 e3c2a53afe703ca7
3477 24cb17d940485805
3478 c8005046a5a5dc6b
3479 5893a90e69bb176d
3480 a0bf9876d1d5ad7c
3481 b13ee785ef368932
3482 27429f917b6b015a
3483 dc82cb387043232d
3484 d8c5721bfe5c3501
3485 a0b4dcf87845b7a5
3486 b315add0b8581d2d
3487 c7b8a385ef63a218
3488 d8e3c73cc1f9675f
3489 ee9de5efcbda3e81
3490 d1fab92e4983bce3
3491 5feb838f817d1293
3492 2677c9b992748ce8
3493 919439ea59ad3a3d
3494 d819275da6436ef0
3495 55b5688dd1c40d20
3496 ce80a8a709c884d0
3497 7ab92a477421a414
3498 06c6a989c3cfde58
3499 4568965da1143275
3500 2121578f5bbe9782
3501 20b8d193ff3e5ec9
3502 9b4e9d888186daab
3503 017f8635ffe78024
3504 8808c0250b0e1e7a
3505 e08e9b7cf1a73169
3506 66057cfc26d16bef
3507 6699cde0daa586b9
3508 a652c5b324e49b54
3509 02b0a26f76714fd3
3510 aba3be9c1b7780bd
3511 6f3f8eb181d70101
3512 ed54d745c511c4ff
3513 c82d3a26ac8ed014
3514 4a0bc65768407aea
3515 b0aa938ebd0e6d32
3516 70f4b7b84fe8d238
3517 0d5660b7630bb7fb
3518 f048d11c67341d80
3519 45ec6338c6865c96
3520 1455d151ea3d52cb
3521 ab071da117d46aa6
3522 cf7aadbd29e97a65
3523 2abd390e6d21ad90
3524 4a29fd1827bacdc9
3525 b9346182ea4f4d6c
3526 0583637845eb94cf
3527 5774bfa3d2cc6965
3528 15b3d4a5aceeea34
3529 8937f1a5943893c0
3530 e69294925c094a71
3531 231392be0142ae3c
3532 591df3b74907ebaa
3533 c04592df88cab13a
3534 fd1494813fad7579
3535 05782aad2c8c9903
3536 5bdfb5930780e434
3537 a1c89c3fa7ff3286
3538 f634ac34237e9e78
3539 f61e456005f7aca1
3540 98e43be508e0a175
3541 e9beec15cb2943a2
3542 f97e970887cb617a
3543 37f45337983c1567
3544 ce5832d87b5777c3
3545 57ff257db6b9957f
3546 552924d26be8e459
3547 ceb8c9c1305e1060
3548 77cb0ba7a8213339
3549 57f88222ca9a4eb4
3550 e8d1ce69f9471518
3551 5666c074f11df1e9
3552 8cfb775b41cc59fb
3553 f4c6741f0de1b078
3554 324e24fc7410d4db
3555 f48b352a995c8d11
3556 c043464b7d116b5f
3557 5f8c9bf8a4e4ad67
3558 7245fd3feff9a0c2
3559 f4061e5cd2e8fa46
3560 7b4059e7389d7f8f
3561 365db1636cdce3b8
3562 964c77cb991d051b
3563 959f4402bedd9358
3564 db487ac89fc982aa
3565 efd38c07c57a5b65
3566 478512b18f98defc
3567 e271a25ec780cf3b
3568 1acd6685c1f4bf5d
3569 4107e72aa3803f08
3570 4a92aa8f8ca14057
3571 7e8d5b628a274e4c
3572 630c13127d29e2c6
3573 67ee3265cecff0e1
3574 e1e8e8e074eceecd
3575 17cdf248ecda4593
3576 22a1f44e19dadf0a
3577 a4119e71592bff3d
3578 ab0fd8efd4bea217
3579 83ac58401468e1f4
3580 0ff199631c5626f7
3581 afabc1cfd3e92cdc
3582 932968e925426905
3583 17ca435fe319d580
3584 34f0cffedea9a7ef
3585 90e79e9cc27cc00e
3586 9d51955d0e62d062
3587 1f3a6353770a1e8f
3588 bbfe03b8f5093587
3589 70f7a9ec8196484a
3590 cbd1e4156e23f531
3591 6a7f8876043e46d1
3592 f08c268561ec3e9f
3593 283281e27ae872a1
3594 3da7ec843d4be38e
3595 571af6b9b4e90772
3596 56cc2a049393bb06
3597 19f96822351f84f4
3598 037fa340ff530129
3599 4b5423975967d222
3600 d0826c8fd52ebb16
3601 edfc4a88c594760f
3602 7ce6dbb223fa2182
3603 4c0d9e86c6d7be07
3604 f2181bd2fd7a5632
3605 98f6f8262becfb72
3606 4d20756e70ad8ba4
3607 efb18d05e2710b41
3608 eae64d873d740469
3609 dc0d2c53831b5ef1
3610 4abba151ffc4317c
3611 a2600b88d0ba68a4
3612 6063c693e88d8260
3613 309303f1bfc74b49
3614 bdc29049bcbedda0
3615 63e6625f109ecea9
3616 4e72f298fc31e153
3617 282a7b7acdb5ac56
3618 2a370062e8cd4ccd
3619 db088319ccc80c56
3620 7b5f595fe785c521
3621 b6a040918955d93f
3622 6b434ce00da3ef89
3623 df3d281906cfe559
3624 c2523072d6598294
3625 401ba736b056b1c8
3626 0201cf426623cef7
3627 daa0bd6648838c68
3628 5775a9ef83fac5fa
3629 504d16b6bf1e8504
3630 21e5e64bd8d26b81
3631 31a441a5cc880d51
3632 7bf6bd290b4c8af8
3633 262993caf4f5d115
3634 1d3c44bd08f463b4
3635 6ca5c8a74c6fddbe
3636 479f56ccfe7c90a2
3637 8d9f5f255a71d9ff
3638 8d3d9693e37f17dd
3639 9ef933d141d6a882
3640 0fc610849468c057
3641 27acadbd27355752
3642 0fd2e59747ae5d3c
3643 294e169bad842fc5
3644 0fcdbad74b0118bb
3645 36d4a9e5bed824c7
3646 1a5ea4b686f64746
3647 2a98e5d03b46dd30
3648 96ecba2821e77c27
3649 d9ffbc63f60b51c2
3650 9d4475ba4a319d3e
3651 3424025789778ef1
3652 995d24f965136f19
3653 002b7d4e7fa6a0e5
3654 39f12d20af3565b7
3655 79bdb03921ed4493
3656 2ff0e6a3ea28c8eb
3657 a543224f86db910a
3658 a16740a38eb3b047
3659 ce1295f58ef17ed6
3660 5c91dcaa0383d0f5
3661 283c0ef0dfc84875
3662 bade2a07dcf8a69e
3663 93b913a79d45e181
3664 93ba2cb117a90a24
3665 5aa913eed43bb1de
3666 f764a11f34f09c27
3667 40fb031724fe8f94
3668 bdaf9bfd233b064d
3669 d2395c00a4c8991c
3670 4870ed447db8a97f
3671 4cb68df338bc190f
3672 ca416c823b9314a6
3673 7cf86de72d8f51ce
3674 39bd66c6e32a1adf
3675 7210212dd7551885
3676 92bcbf29bcd704ed
3677 abf2a7d282c8f8d0
3678 9e1797969a2626ec
3679 d841dfd5851d8ab5
3680 cfe53fb2000d264e
3681 ad175a47efc42872
3682 c9ecbed95696622b
3683 e685c9c92c569428
3684 fb097724a91f2040
3685 bd75d325fd829986
3686 c9d9991de1d8ac64
3687 d52cd2946858b152
3688 cb3f86f24abaed86
3689 9abcf7ad1abea017
3690 92edd885e651b20c
3691 85a01416dc978e74
3692 a864081577b5fb6f
3693 ab9a0e9692edcc48
3694 67c22d0cdf4b21ec
3695 81689ea248ac9f5e
3696 2974c269a4a991a0
3697 ee529e6290be16cf
3698 c115dd91cc17e0f5
3699 483b19ed29523222
3700 e31a63f1ec478ccb
3701 c3e9cc42ad7adecd
3702 75e4b16604357f05
3703 b4f879b29a1a7f02
3704 1346ae2902a2b208
3705 f0c3b4024044f439
3706 c1a7d3c5f696bae4
3707 655452b72cb1c8da
3708 238d7b2a0eb4450b
3709 a454c17b2f14d10a
3710 9d54c64065c3cd45
3711 f897b1b880d9487b
3712 a940f0d501f805cc
3713 bd46c01aa976b3b3
3714 7978824cd8a301d9
3715 40a0f12a64615d58
3716 185297c87b43e7df
3717 3341781efcf3a2ac
3718 fe346f3201138c19
3719 190341212bb97f1c
3720 cd3a48ef8be295d1
3721 1aa55dfb1f99f8de
3722 442513e9b23b5011
3723 cd3a70c6929a7403
3724 df61307e20704578
3725 bc428c61cf654367
3726 dbc2de8e8ac3abfc
3727 97d7bc09eef739cd
3728 4b7765239e6b0811
3729 6eb4153ee131c16b
3730 f0dfc6e5468ff43e
3731 a8f3d78e39235f28
3732 a9938bd7e7810515
3733 6318118360801312
3734 fa8cdb430a48b8df
3735 c364f114e3c367bf
3736 a5c99ee2ea009535
3737 560df4ef14263730
3738 d0d85cc0e1ba7b83
3739 2df2dcee3a2b3f4f
3740 554b3f9ef550c2f6
3741 cae05e6400430940
3742 0332cf0d8bac170b
3743 7d56776848966c3c
3744 43ff8b5d81a352e1
3745 03f9f11e81ac4003
3746 a8fe52ef3feece7b
3747 de9c4d1e64412cf1
3748 cae0b24aab313377
3749 31a410a32ce487d5
3750 e0a2ad3630706116
3751 b5980ebcdfb99039
3752 b5f911a542c1be78
3753 529c59d85fe6727a
3754 c8fc4e0d19cf4c85
3755 32943cdf121db631
3756 5d7b06a84beb3a73
3757 dc2698291d19b9b0
3758 f396324dd3d3ab03
3759 b16c8dd1becb017c
3760 79f5978d8fd8faf3
3761 6834651cdaeea4b5
3762 5fdc1db66eb6f508
3763 4152651db565378e
3764 32c1aec1b4c1b7f1
3765 a705fedc88c32d9c
3766 69ef091b1d66d42a
3767 f88d2df511849a35
3768 3483a69dbd7d22ee
3769 c53af3e56b5d7ae5
3770 0bbf536f72602561
3771 a17d5ae5d36eaf4a
3772 41d00905fb17f8da
3773 7a4de9637ec3fa7f
3774 da0c292afa4385d8
3775 22f3e59c56ee2753
3776 1014aee52224c031
3777 e19a24769722163a
3778 07d6a5079a6e95fc
3779 28f5d5e43bd88cc0
3780 877ca819e047f152
3781 1e7fb75463f7cc87
3782 9392409c7d4b45b8
3783 77712573f4b85e9f
3784 5a4b128e0f935f19
3785 41a0c16db40a9138
3786 10a22461c1445a19
3787 a74b5dd891c6fa93
3788 ac8829b072e5d77e
3789 9576eb5e900f45c3
3790 4b774bab505ff553
3791 96fd93734e94cafd
3792 67e9b2457b0955f5
3793 99a59bd7f6fb6296
3794 ace7325450635586
3795 ff936329f57a1798
3796 df65dfcf31255b26
3797 c1f47cc982956941
3798 216bd18f338edd4a
3799 2f685c79b2a01cdf
3800 ba02c0f898816e3f
3801 ddcac8f82000b212
3802 83b2cad74e33aba7
3803 0cd0ce06a1af0859
3804 531828d610c5247c
3805 d07d212309e615cb
3806 6bf5ef9f5463929c
3807 1f7ce7345e026fff
3808 27485802c999c469
3809 00aba8c6c1f14a6f
3810 889b97173b43fee9
3811 66f5187345a548ac
3812 c24a41ce6ef99af0
3813 68deb4e2c03e1c30
3814 5a919ff99684b49e
3815 55b8a7fff28d8dec
3816 4584a11a9afbf047
3817 d5b4482bf30f0bda
3818 2402228e0f30757d
3819 04ded8539d52dba2
3820 67ba4adf9161e11c
3821 bf65b709bd5efddb
3822 edbfd48ba2ec876e
3823 0a2b91fbcb411b50
3824 4eeb4843f5e0b3c7
3825 ab746e4df3ede1bb
3826 c6b762c8ce962532
3827 4613165d64cebfbb
3828 21d6a60b9946e14b
3829 85d60f45aa3e7b78
3830 38aa14e1f7d516d7
3831 1e95156a222b9eed
3832 dc4ca8a70122c888
3833 ac6f27dc6d69ff20
3834 b7a0099ba8f16163
3835 f46bf88d7ec9d117
3836 42392609e791ba55
3837 a648c4919d8b3470
3838 06eb665db9726098
3839 4417fc1107b17e39
3840 a642b526780b764b
3841 d2af028771f4e0bd
3842 4d1daf267ee8c40f
3843 388fbd0bd34d6fb2
3844 23021d8958c95263
3845 6209cae8058e0b84
3846 d18fda8f8739acf8
3847 f1e53f48c00a2a5d
3848 f0b5b4b94e99d7c7
3849 4149800fdfbc2e81
3850 10d09389dc427e1a
3851 11ae3af6a8732378
3852 bf2b6da7acaaa190
3853 9cc108dcd4f9df6e
3854 ed2557cbd7c751da
3855 c6a38d74bdfd31bc
3856 d3fb834c5915ce72
3857 897425ec3db89fe4
3858 bee4e0f3feb5fc02
3859 9f7f7b2fb1b3d93a
3860 a2d329394e72a105
3861 6e7725f40e3e91f2
3862 0052261cb435bfb6
3863 38386f96946aa6c7
3864 f2e15cf4ab4e1960
3865 c1b7c4ed5ab556dd
3866 3e64d60d1e728695
3867 4f076790f7663d10
3868 1f76375fb680b135
3869 25c54b8fbab71312
3870 c005e22870f8e686
3871 edafa3ba2136410f
3872 e564f897ee7ae342
3873 5a98a9b00e48d154
3874 5c80733f21dcf16a
3875 1c91909635b0503a
3876 006705fd94419d04
3877 0581c21f54df2ff8
3878 c1caa85a1652116e
3879 e057be109f4e6137
3880 1b17faf66732245c
3881 fbc94fabd594aa51
3882 f6fb3e618dc39041
3883 3a2459fe76f76c6e
3884 b02ecab3b10e006d
3885 5d0995a8bfa6c94a
3886 27c63e661c09251d
3887 c9d937622d55b395
3888 22b5bcc6c46b2e3e
3889 89f2b3051c7d3015
3890 ce1432778a005c45
3891 e88bca42c15ae536
3892 edea6fa7aab99d3b
3893 128a27f3575c10b6
3894 8c32e47dbf2ea3ce
3895 27c10f02db4296d7
3896 59bbf0736f5e8a99
3897 0287a18ee19e9189
3898 12e3514268303aca
3899 ad86e731c79c0d27
3900 4a37a5b754ba821f
3901 7827ea0281626389
3902 a59c596a39f581ac
3903 d49aade17b2dadcf
3904 042e8f2d1c2ba6ac
3905 04ce416e9ec469e0
3906 983b34cd5ed2b407
3907 4054867e3e286b19
3908 8b68e313c3786acd
3909 554817ef1f86b75d
3910 b453b04790983807
3911 93f2ec2ee4ee106c
3912 9dd786ae4a8b5f3f
3913 24f1c53dda977b10
3914 ccb9e87ac8952709
3915 418bb5249fcb5b27
3916 c89a6a023f73d8ba
3917 2c2b274ae7c13c9c
3918 f1fb083a62971d70
3919 50bb3fbe35c8d135
3920 459ad05020af611a
3921 218c00863517f2c0
3922 dea6ea8c8b597b64
3923 3cec8e84aeac6b30
3924 625291e26eedfa2f
3925 e9d5760b914f8894
3926 fc18573f1b52f1af
3927 beb8c50ba145b42b
3928 27aaaf93199c3287
3929 78a85785014ea1f0
3930 97f440ccd8e14907
3931 3b3a40461c48cef4
3932 c85a633e04f82361
3933 b5eaec38070301b2
3934 380a11b3e2a8da9c
3935 f63c5e2333ca652c
3936 61d967c69a906e18
3937 97ed78b500af8003
3938 3f0bc6ba531b80ea
3939 2874fc672655538b
3940 0996ffb027078d35
3941 e363edcc373b4685
3942 9c3dcb8076ac4bf7
3943 325592359533177d
3944 09c341b7d5c39a86
3945 dc60f912e9480926
3946 4fc9d68622f827b2
3947 08a4f51d3ce1adfe
3948 f18760a038b8e9f4
3949 93322743bfc6afe4
3950 14d8c1cf87fb2330
3951 678e752e24b0a5db
3952 9955ec788f766706
3953 251e704a20252a3c
3954 43d6dcc76802db0f
3955 f9413e6d08e5f5be
3956 825bcf93fe771a8d
3957 bdcd70e744f163a6
3958 774e78d73ce1821d
3959 d6ddcd133cd1d753
3960 c8693ff2700daa21
3961 63ee7593c4c3cb60
3962 e7eca8ce1bc014e9
3963 ebadffe136dbc7d1
3964 bd851348f15c85fa
3965 409d8aed988de146
3966 945dc2f84a855204
3967 3974a863935ceb3c
3968 2f535a3cda706782
3969 f985436042d5a4cd
3970 b6a4a512392c9edd
3971 f9c7f3ae425eb322
3972 f06a322fbcc2c52d
3973 42da4eb3ba8fcf74
3974 c1e694859bc799db
3975 6ce2753d5cdc48d9
3976 e153e8155883ef8d
3977 deaaeab3cc9c090f
3978 dac6649fd8e5b433
3979 466b010c5e5693c4
3980 047dde2f0317d068
3981 d72dbc8bb50ab1ae
3982 57d48d142984a336
3983 ca669d226c606431
3984 d5e582a1fda83a2e
3985 2fe3fcef9a12933b
3986 9dda92b4a22350f9
3987 5b903161179e7a78
3988 13e1f8893237e27c
3989 36375535fce411ba
3990 1e3c1357e57b8ab3
3991 35be7f48b7f24b44
3992 1b73e67dfb9ecadd
3993 9bcb59330f03f72d
3994 1fe47a9a34ebf428
3995 e0b5d03fad3adc48
3996 9d260f1a6af8d08b
3997 066f791b2168776a
3998 afbc7b1048335b28
3999 91d5224ca2650ecd
4000 6b2ec40290de1d11
4001 cae29db9e0bd299b
4002 fd29fb1a9c1fb89a
4003 f5f2cd6097d6bfe3
4004 d88f5ad9e59a78b7
4005 635f9ca678596698
4006 d99a76a9d5c6b822
4007 3cbc75a547da623f
4008 d2c6e94e888916ed
4009 806ba379d668aa97
4010 676ad451b23498b5
4011 a2b39cb7863c2646
4012 5af939fd576b5949
4013 05dc1313ade94041
4014 04e5ddcb53d4eeb1
4015 18300db6e212cf9f
4016 71b92cc8eb15f229
4017 d498160278ce89b7
4018 09af106f9548604a
4019 0f1fb951b189cc6d
4020 29c9bb8c4545fa2e
4021 c75274a9563fd582
4022 7da39244c7d3e98e
4023 6fc9290259d7ec53
4024 8e9ef66f7a0d73b6
4025 8c8604e5f836a7ba
4026 61d10c525ab1e599
4027 b82300ace8dc5361
4028 59cf3d6927129406
4029 49806e63a5eb0ddd
4030 db8cc275625286d1
4031 54fab4a704dfb3d1
4032 e75647d19c8a1d1d
4033 f2ba14cfeff6c7b0
4034 f9c4e659b6bf4b57
4035 b09ec15b30cce1db
4036 898df43ad358c899
4037 9efb8e791a7c226b
4038 2b2a6efd10ca37b0
4039 9af752431c0c6961
4040 6114c23f7ae327b8
4041 ddb75accbb962e01
4042 75348dc0d73f055f
4043 30c96d09f659d52b
4044 3c87cd2754b04601
4045 cc0504468d06768a
4046 dac20ffd2ddcc62b
4047 43aed92df710c1e0
4048 31f0df35bd7d430a
4049 f5f7d79ee56c8ad0
4050 01d1dcbf30e65b37
4051 5080c2f5f0a9c188
4052 e6af18c412ab81fd
4053 160a94ffbfc932a3
4054 20eb8ae91b4fde4e
4055 bc8542cdb6b88532
4056 6bf9e6447160a48b
4057 3218c8d740514d52
4058 db57a59746db2fb9
4059 8ee9610e3dc9d8c3
4060 4435ff2e9882c644
4061 aa54d8ea5663c4f5
4062 7b9d976dcdb1c50e
4063 3d943711a8521ecb
4064 d519b81660102454
4065 50907978d28ce05d
4066 422272f276ecfdfb
4067 6dd89644295e1ee3
4068 700a029aad13b65d
4069 b5fd0e1f9366e670
4070 88755dc5cfce0d92
4071 f94f5523463ab25a
4072 656d8f64a72d65b5
4073 d74ca64466851edb
4074 2c09986a520aff82
4075 cebaeb6bc8cf0f3d
4076 d0dff9fc1fcce94a
4077 8e6f63cf9209e9bd
4078 15d01be0e1cabf57
4079 c0ecd60347c20354
4080 0b816e8efe527957
4081 eac04864610602c3
4082 cf88b2ae17a5cc92
4083 055cc8ca0cd457f4
4084 901d9e01fe2a238b
4085 53eaaa8cfc882ed5
4086 a2c356f7b02e46c9
4087 abff646d14edc5aa
4088 8605b332f073df52
4089 d4fffd590dfd0c98
4090 15e076f0bda0bd1b
4091 241c9e564b0c44c2
4092 a08bd3298d5f17da
4093 f6ed4267217c858f
4094 b8d5cff6303affc7
4095 647ba9e99d6e7c54
4096 95184b9b3ea7132c
4097 982f5194fcbe22f2
4098 81e46f6afa346eea
4099 94a1fb4bae98c3a5
4100 7df849360b03d432
4101 08fc6abb9ecc04a7
4102 d351e9ba8efbaa1e
4103 988163aa30ca3511
4104 8343d3d550b2c9fc
4105 fee73373c8abd942
4106 76d6dd81f8e12931
4107 17ccea0ca6763c58
4108 6e529e8676127017
4109 528c08800647d4b8
4110 6ccddcd8c65ec927
4111 61b6e1599eeb12a4
4112 a379930f907f8295
4113 580fa43d62c7e295
4114 c474d2ad1edd6726
4115 8dde034c2f72462f
4116 b02aef8781ea35ee
4117 62f37f9b51993569
4118 7aed437fab5cd550
4119 b253c921d47b9419
4120 7ccc92bb1352ed44
4121 6d4fe3360920c196
4122 976428c0ed16e91e
4123 d9ac29845405c4f7
4124 2f2281338acdef35
4125 9a4a05023ecbd8b2
4126 04eef598a76a8e55
4127 2dd358b537ead23d
4128 241e0696046d9c0a
4129 80ef37dcf36df519
4130 b88f47c4d1e3b306
4131 8f2590cd2c8dc72e
4132 a7dfbc36e4e4f759
4133 0be3714319d4469a
4134 6c0c9460735d7a8a
4135 d887d5fd48cf69b5
4136 59aa75b44f0dc2b4
4137 3513313e7da0fedc
4138 23e27feb5b43ca5f
4139 e044b15bd8c6fd31
4140 30c41391e497e7d6
4141 db510f7e77515065
4142 4dd5b2226474d4a2
4143 0bb78b0e4be69540
4144 0278481bf3372704
4145 daf602e29087c288
4146 34947ff1da5168cd
4147 af01435ddf75bdc7
4148 be02980bdb02680f
4149 061d005a535d0ee1
4150 b7bc68bb6f80733f
4151 5cc5fcffc0caeaff
4152 ca008c278515f771
4153 c3510bf9ea0d7ed3
4154 38d2e293ee41f100
4155 603031c1e2985bab
4156 d40c543d7a33d617
4157 a4b6b4da3082c914
4158 19274dde752e7a03
4159 2d18d5919af9107f
4160 9db980b86c4f163e
4161 4989ef4a0b6fc544
4162 630b7ca283c447bd
4163 5cae5f5306a5c6be
4164 6b8ce691019d0021
4165 4cd7e7f0e6660cb2
4166 c3c9cceb86b64b2f
4167 711180fa86a08d59
4168 baf3191e5dbbc567
4169 8ec5bea59f221927
4170 136239a9398d7073
4171 c3ee9c8886e2a4d8
4172 6c963200c256b955
4173 3460525af7876930
4174 6bdf6ecf316c8748
4175 cf4d3c82f816993a
4176 e5be2eb5ce798c65
4177 3a5b73fab030b444
4178 18fd82c0e39506b5
4179 9e50b8f073791fce
4180 3a1b8d54362ab973
4181 8b3f69aed3865cd7
4182 b5598eebabd71cae
4183 58510ddad184c7e1
4184 1335559806e3eb84
4185 627e563b44d441c9
4186 030a3580ae086db5
4187 e7b064fcace78f6f
4188 577792e4d8d0e8b1
4189 f8872f57ce3c7f58
4190 68982e54d808cfba
4191 1d9001d10863e201
4192 811edf852e0fecd0
4193 da43610179386dfb
4194 47a4e30b023a5fc3
4195 6fc92e2b8c4efec7
4196 358144b8cd3ef0a0
4197 c572560aaa68dbd5
4198 a35b3ced1f32fc70
4199 4b80a1d167ce6cfa
4200 ace05266327baa6c
4201 ada9057b60045196
4202 e00ecb578b015c19
4203 792d89962dbb9664
4204 826b0043c7ec1216
4205 29ec19b61e0ccc6e
4206 45a71505055ef806
4207 c5b93656bc97240a
4208 ad2579de523c64db
4209 84a2940384e67e80
4210 14855adb2bd43d26
4211 d7a59511c3167133
4212 8d16fafc9067ca3c
4213 c8d0d511c308f8b5
4214 fa959c2a18cb95c6
4215 97ea8438a1085213
4216 0c0698d1c100db53
4217 6762c309bef25407
4218 1b31ed80b3ef5682
4219 34dbe56661340ca0
4220 9684f41715010663
4221 96fda9447371ff49
4222 dc5ba39809a308cc
4223 a3e7c03dbdad4830
4224 9d556511c7d61bbb
4225 cdd851b9d224fbc6
4226 0826cdab10645593
4227 0906b451375bca4d
4228 42a26e62fd986c21
4229 79a4e5722b37c2ba
4230 8b8eb9f164febaa7
4231 32dff1482a96eaa7
4232 aa89b131c7a89951
4233 84d08a3dc17b83eb
4234 94cd892b299d8af1
4235 d4604618ddb8db15
4236 7640cd49652370ab
4237 18c43fd20536edca
4238 f948d85470937677
4239 b3eeb47df0f0f89f
4240 e884778d3a5a2bb6
4241 72874bc65162207e
4242 f35b97c3c3a65da4
4243 46affc85a46f884a
4244 7b7593fd69de1582
4245 8ea9d25d87c8639d
4246 cf576396294e1332
4247 fb71c5cb3d8a9be6
4248 7926ad0e8f1178ce
4249 e086b8455152f12f
4250 7547e340df85371b
4251 39a096ce5b2a9665
4252 a2f7ec5d2a387f36
4253 56a7e8463559ceb2
4254 905c04557e2eee0e
4255 df6875c4f4b332e2
4256 561d0dc010748c68
4257 8715870692365fe6
4258 78de702dfb81a929
4259 4b0d50f788c89b41
4260 8c99c9a6f3c3b038
4261 34eaaa4ed59c5f91
4262 edc05ff1da0e0e03
4263 6f808d56bfdbf3f8
4264 b6223a9fb3d760e0
4265 5993459d46a5149f
4266 529782d6ee458218
4267 6f8096ec24fc67f9
4268 dbbf456134fcf272
4269 c956aca3abff852e
4270 eeffeeb0b0d12036
4271 6746839379b1c753
4272 c2cb640e62144c66
4273 7dd7fc1b587efa33
4274 7e5534e4b6b5cd1d
4275 52c9722c714af6bf
4276 34283ce818c273dd
4277 f448cabf5bad96b6
4278 102c44aef6575159
4279 46cccd1b5effe316
4280 d85ab0d878980b58
4281 0d4b026b756fd7e9
4282 fa2e03611d61f638
4283 3346829678019f65
4284 0d3cf8d4952dbb20
4285 d0b4d9b9520eaf2f
4286 100b4acb11286191
4287 7d96fc2808c37908
4288 0b30e5213d4259d6
4289 95f0325ed37c1846
4290 0d9c72ce4f40cfc3
4291 127f256e8b975663
4292 ee7665f694a1142d
4293 702868e5e3798ac0
4294 5d1f799eb6ad667f
4295 b956b8c6ae9e4bf8
4296 ce1aa2110f9b49ec
4297 6ea87c3f2e1f78e5
4298 274ab7633d796855
4299 c9e9b1800920208b
4300 13852f7676980e98
4301 907c037d36e189f1
4302 f877625ad43effa3
4303 021d574174307e71
4304 5230036a2e0a7efd
4305 c21678f45e9bb193
4306 965db7c0d9fcd55f
4307 a4946c18d0be3dab
4308 030a50b464a493f2
4309 63ee073738ce55ae
4310 0f9486316274c557
4311 988eaa24d2338d71
4312 028ba7107ee9622d
4313 6d367f43379c89b0
4314 013928b7a5ebcc23
4315 3aa91c7e91851702
4316 5e2c67d214832e4e
4317 e43e084f4e6aa723
4318 8f55797346da4724
4319 76d2861a282eca05
4320 376ad0f2d1dd5994
4321 da204ff777d00d74
4322 d06f2bbf06a256da
4323 39d4e4e4cc70e0ec
4324 3ecf4590c65b6a8c
4325 1a6b258e2694db97
4326 fb27ae46a382f90f
4327 daaa3a1d5bc72007
4328 dc281ac1f63c204b
4329 5ce31cb3409e391b
4330 c229cd7f1ac5fb90
4331 f62dbc6c16731d6b
4332 3d1d7b5b27c2f51d
4333 ef7fe41460286c36
4334 9c94cd5e8159661b
4335 071974f1ecba0585
4336 11f8a665cff7202e
4337 1911562d0b853ad6
4338 788ff34377a51679
4339 5e5961932dcedda4
4340 677fef3793319b83
4341 acd62152f6ff2885
4342 09fe700dd8d05d44
4343 60546259c57f92d2
4344 04476a5a8735ded1
4345 5f095982c9973616
4346 ad691fe239501843
4347 74721ee9a94c5624
4348 d2590364088fcb2f
4349 354c0422682a7dc7
4350 c1495ceffeb4579a
4351 a5722125eab2fd66
4352 0b4a5468a10ea954
4353 c71bdaa1522f015a
4354 bfb84a5bcc950c7c
4355 c0206d96627a10a6
4356 7156845281288a55
4357 84dfeb633e26bbe9
4358 691714a8757ff3d1
4359 c108f0a07b9a1f49
4360 2eab85718d13885f
4361 4008fb3be0d8d9bd
4362 59758567d526c4ae
4363 c241f5127617f46e
4364 059792ab50b90a5f
4365 6eaa52243144e891
4366 1b9ebe454ef09447
4367 6c2c03887c754ffb
4368 6673a85fd4a66f19
4369 1efad0082fc584a7
4370 004578ce812fe0c7
4371 205ecbc1c3022a3b
4372 068524323068d4bf
4373 71e84b2b28ff116d
4374 79f9c4f903848c16
4375 0592acb6721df814
4376 1f82fdeb55ff4d7d
4377 60f25ef0527e636d
4378 2999ea69d76b3ce8
4379 2ad43a38273009f7
4380 7a7f1951b0ae2bc1
4381 def4edf6826f2597
4382 4f833d6217ec80cd
4383 f930fbf0ed99a98b
4384 edeb13a0cc0f7acf
4385 3b5a6a385589258e
4386 1acf04a6b7f582c7
4387 7b3d71816c79380f
4388 d9675518305ca9d3
4389 f0219e6c9dbc6da2
4390 e15d5f0f66f46931
4391 9f3d21a3249c3ce7
4392 1f7d129f9bcbab7a
4393 c17e7bb988670898
4394 0850dbba86b37bbb
4395 af170292d5fcea68
4396 de69362231fbf148
4397 c653321204513434
4398 4b6943c3d2297a7a
4399 a3e0d5720f8f1b8b
4400 8c0da513ab67b842
4401 f14110b863acfca9
4402 74063e66f19c0acd
4403 6c8fc48d7cd77efa
4404 8a7f797b8a9f09cb
4405 62bc77b2c78d50c3
4406 74127c31eddd8679
4407 a62b5b966585aab8
4408 83b439736c2276de
4409 cd6ba7066c110699
4410 1dc9254afb581079
4411 e355ef77a85a86f5
4412 c4727a19f00305a9
4413 c807fb3e39cb9e94
4414 2bf3e8be5596b006
4415 e18feaee7bc97034
4416 00f40ce430f4aa37
4417 b6b15f47884c9926
4418 976eab9cab28749c
4419 2d078c1f96d8f01c
4420 d514c5cafa9f3df1
4421 ae57c65adca9de5d
4422 a22ba2fe4072754e
4423 396edf679a43454b
4424 4d542d52720de090
4425 57673f56597dccf3
4426 c2105f0a59e6abf0
4427 c242fa4ce3ccd8e4
4428 9f1ee070c577022d
4429 ff17cc5f1ae1b9a9
4430 0d07251c43ab773b
4431 a5e81019a6b47c88
4432 b473c209a2ed81e7
4433 483b830126472939
4434 78d9b26555a48d1b
4435 dcbb6a1a6cb797f4
4436 a0b4e87ce592e9a2
4437 8b7fa5f995335bde
4438 5555836a1faa5b13
4439 6c6749bfefe5b4f1
4440 4eeeb55de5ade7b1
4441 76207336e12dd608
4442 94cafeee6e20d7b3
4443 abaf86f7653aeb35
4444 4742307dd12b454d
4445 5ae27754bf092358
4446 e103f70a20b2446d
4447 ddae0961724357fc
4448 bf48a280f3017cb0
4449 0ce5637b3b5feffc
4450 42ffef1fb09befdd
4451 1c19e089be3ec74c
4452 88b116f1501343a2
4453 9b9e94dc90060790
4454 2c2cea479a9c4bc1
4455 4dca436db91c38d7
4456 c2b8c63976578c2a
4457 969c81a49704abce
4458 b9698eb17551c042
4459 eb2e4b8eea303764
4460 fd1c2af3807ff189
4461 ac75120ff9bd5600
4462 8df4acdcd4a9f4a1
4463 2911e2af9c464c42
4464 0a324f3faa38eb3e
4465 5fbd5258d337af98
4466 b16efab49ad67596
4467 e843da705964e9aa
4468 df197775553e9b70
4469 0325bca8b04caa10
4470 24ee2fb9539c1e49
4471 9374ae7994d798e3
4472 e95f239036b70681
4473 1652022eed9be9ed
4474 86619295df98fb80
4475 5428e7a983a75d9c
4476 9fad85128aed04a2
4477 262dcb0d4b6f3d32
4478 dd1b64a32ab75df2
4479 6d4ab0760595d7cc
4480 959163f5b08e2251
4481 67667caa8f41cae0
4482 fcf8103ef9283842
4483 7c3e66fe95e1c1e7
4484 735d31b5bb2cac54
4485 1c414ea689cd9d7a
4486 82731b59c1c6248c
4487 ca5e6b0ab74d9382
4488 cf5b3f3213c73b31
4489 b8f39a50a591e05b
4490 11c673b1f8eda18c
4491 c7c1b5dd7de87e03
4492 473f7c1f98834aa1
4493 779fa32003f26745
4494 56bbf433b34137d5
4495 e9827d69e85c4bb4
4496 c965d38016ce1fa8
4497 89e4dda876926e96
4498 d34c25cf3c4647c9
4499 15e63d11c6bd20c0
4500 24fc585c477b8e48
4501 715cc6c70a3d2a80
4502 8242629b65dbaa38
4503 79cf5cab98ae7cc4
4504 99a8251297059663
4505 58326f046bcf625a
4506 44dc057f03af3450
4507 55d813480f19bebc
4508 7868bce66006021b
4509 0a680e5c6f9fbf14
4510 6bd5712392a7043e
4511 e67a9a7259cd5400
4512 bd2fda9bc035a00c
4513 d61ada47702144c0
4514 346e0ebf2c69e473
4515 4fb28cb0b465b08b
4516 b51b3287444e42cd
4517 b84bd2297e46f3f8
4518 d82099dd37884a55
4519 bfe27015f4a7ce26
4520 80cb3a2b5db942f5
4521 3eebcaadce9af7eb
4522 18df711f55053034
4523 17ed55fa1f7edfdb
4524 119fe76d240e88dd
4525 3ee528579574f955
4526 8f90e292e634cb10
4527 596edb242165a800
4528 32be8c4cb29ab70e
4529 13aae1884b45184d
4530 4c48832af173f322
4531 9842a2b0d3fb14e2
4532 1b7dfdf48f6d2422
4533 c93ba5520346a7a5
4534 a4e688019b2f5e51
4535 2daf642334d1611c
4536 7665df8697830fcf
4537 fbf84d6b4b3267a1
4538 fb918d56f1920f9e
4539 c0192b0790f919a7
4540 9c003fa75bf7869d
4541 446b6622310dbdc2
4542 1c19fe1cfdc95590
4543 9cff1dcf0fe86b74
4544 6f86af7db9da792e
4545 82d8586a1c5e30d5
4546 f45cb94fea6635d5
4547 5166a7862a0dba20
4548 a532716293bc5563
4549 8de2dd284b692790
4550 ee6506643cb898a2
4551 bcbbcb48d9614b0e
4552 ba2df6f635a55078
4553 8f81157095998eeb
4554 e0a95d8f1e8c0852
4555 836ea2c590b34ae5
4556 38f023fced130785
4557 e8fd8540f8ab2b25
4558 dcf93fd80e8a667e
4559 60ccd33bcfa63bab
4560 363961bb3de678b1
4561 91b2a9a90d34e2c6
4562 bfff85a5a7df88c8
4563 d2670e657ef3856c
4564 3617a79c8b64f978
4565 1d33ee9b2aba37b8
4566 c63314cb83ffae92
4567 6efb15e9f6dec94a
4568 ef5c976b2930824c
4569 7cc31aa0fcf25218
4570 4f823d2a076c3fb7
4571 459d09c389371c2a
4572 9fe3ff68ff8496d2
4573 d817d70a6f6a5fff
4574 4279e49f89dc2577
4575 50f556606e0791a6
4576 626ab8748d4f0f5e
4577 e36cd5d5ec78e3ef
4578 fa607714e4d44831
4579 ed30a39d8e9d96aa
4580 704fd32a9c3e6d16
4581 b9f9e49ba6d1776f
4582 dd9a47fa943a473f
4583 169d16f0248a4458
4584 af806c77e0a25e5a
4585 bdab9d976648347e
4586 00941caa05ecded1
4587 964cf0009b20d404
4588 53dcdcca3751d5da
4589 9fd1058bb76d6c91
4590 e55afebeac042a58
4591 b0f57922f087903c
4592 106a2831ad0eefca
4593 13868aeeb3cdee6c
4594 3a732e3e05756f75
4595 c23ced8b4d4a2c17
4596 d985aaa9174391ad
4597 0b698339185c7d89
4598 d2948ecce62e6535
4599 85e7d3a2801a1641
4600 4bb86eeb6fde1f2c
4601 463e376966dc4653
4602 2c9a8f875740e3c2
4603 33fd86546e1c2ac6
4604 bfcd24c7a145c436
4605 066a001d336955e1
4606 03c20429bffba242
4607 7fd714c37d114a8e
4608 f45198180bfe7171
4609 a690e13a60a31b21
4610 190c37c03158639e
4611 90e7cc663f98fa42
4612 33af55517297915e
4613 9ad207416f7078e9
4614 af5fff4a82ad7fde
4615 70092629cf1b00a7
4616 b21c8b8a1062af5f
4617 554c9606b6c803d1
4618 8ef7d6490c24b7c9
4619 f3185d264d0be06c
4620 c685b5900180fcaa
4621 d9663e4371d61c21
4622 4bc80e225cfc8502
4623 8156aaa65fce2e85
4624 0bb765030e5ce62a
4625 f8435a7024197994
4626 572b2a476c31488b
4627 50a3f5a546b4870c
4628 dd3de4fce7d25af9
4629 e95eaea9734c949f
4630 9ec445c303c4b408
4631 a86f1bd034e7d3be
4632 23984fa4eb9f1bff
4633 d5e8c2f1898f7696
4634 bc5f46a846591ffd
4635 9b13cfa379ea9cef
4636 8900a85335997f2b
4637 760cce843ec63f2c
4638 5d0da77ffddf1ec5
4639 53b42514e8ebc810
4640 824a37e602970b3c
4641 1a32da5d469bb975
4642 5fffa06c9b9657c3
4643 fa82e2256bc38c97
4644 e4a74f968aedf57b
4645 de7cbe8a56b4ca0d
4646 23ca2c44a13c7da5
4647 f58c139e164dfd3b
4648 97aaef30b645530f
4649 8110681aa2e32006
4650 93dc4272b400c37d
4651 ca63f9e7e13b541d
4652 84eeb7eb3c45fb50
4653 cfddd9877b0b1f06
4654 d1d11471ae332e60
4655 e0ae781a90fcc9b0
4656 90011682ce6f0174
4657 668ff29f2970ddac
4658 48f087d7548015bc
4659 dcd22b2ee73ca9b1
4660 697e78efcaa0a1df
4661 a787318638228941
4662 189eb01ef3409fbc
4663 770a5b1a1fe0c5ad
4664 e9261dbbffa6b1a6
4665 6db523481e3c92fb
4666 02d19b441a1e8776
4667 568802c56acf1a13
4668 6a9c82f8c19a384f
4669 d217ffb6751ead51
4670 53b2630174674b25
4671 982b1f1d85599a19
4672 ae66309cad78d5b8
4673 c0bcdc4f4ec79c5a
4674 62e57d400b153fd6
4675 315207b84e3fbf70
4676 4b86ba7802e83428
4677 e4d407d1dcc07b2b
4678 cf6979c60741f5f4
4679 ffc7cb0bb66a56d7
4680 0e23cbf8bf756c0e
4681 f7acd209719bd7d5
4682 e4f34ee10847c330
4683 4d2b1e7ae0871c1f
4684 0672f2b3f6737a9a
4685 05ef10c47b202059
4686 289d4c8e3ca28832
4687 8ebbaec0ddb9e9c3
4688 7ad1128460a05f54
4689 ecc45af5b4865700
4690 6697c2d17677aa3e
4691 c7cc9a3450c52aa4
4692 d666ebd803d81c88
4693 bb0a07e5b22bd96c
4694 fe9887f69ceaa782
4695 1870557c4e695b1e
4696 c5d22fbec5f4b51b
4697 b82379cb71d05197
4698 8200b4b9e56ea4f6
4699 bf6300a78aba629a
4700 e0f029696b26eb78
4701 de5177fb3194e81d
4702 df6f0b5f2b2964b8
4703 aefb3c5fff5d2142
4704 18c2606f3b7eafbf
4705 80bf78881082804f
4706 dbafcea32198ce0f
4707 38f2de91473b046b
4708 74279ce7c82ef2a8
4709 fd5c6a64a3b55158
4710 da0c1d49ea6c69c2
4711 32462195b1c9ab09
4712 9588209fdaf45dc8
4713 f44cad41c6d834ac
4714 44fdca6bd44fb5ab
4715 bbfbf64f99944092
4716 19dfa22cc077efdc
4717 88882e1a0df029ae
4718 c5ce46ee2c46a533
4719 e7d7fdf9f478cebf
4720 a165112ceb8a0cd6
END 4720
