1 b9d103fd6854a325
2 b9d103fd6854a325
3 b9d103fd6854a325
4 b9d103fd6854a325
5 b9d103fd6854a325
6 b9d103fd6854a325
7 b9d103fd6854a325
8 b9d103fd6854a325
9 b9d103fd6854a325
10 b9d103fd6854a325
11 b9d103fd6854a325
12 b9d103fd6854a325
13 b9d103fd6854a325
14 bf3ffd926854a325
15 b9d103fd6854a325
16 b9d103fd6854a325
17 252c8f5e6854a325
18 b9d103fd6854a325
19 b9d103fd6854a325
20 b9d103fd6854a325
21 b9d103fd6854a325
22 b9d103fd6854a325
23 b9d103fd6854a325
24 b9d103fd6854a325
25 b9d103fd6854a325
26 b9d103fd6854a325
27 b9d103fd6854a325
28 b9d103fd6854a325
29 b9d103fd6854a325
30 b9d103fd6854a325
31 b9d103fd6854a325
32 b9d103fd6854a325
33 b9d103fd6854a325
34 b9d103fd6854a325
35 b9d103fd6854a325
36 b9d103fd6854a325
37 b9d103fd6854a325
38 b9d103fd6854a325
39 b9d103fd6854a325
40 b9d103fd6854a325
41 b9d103fd6854a325
42 b9d103fd6854a325
43 b9d103fd6854a325
44 b9d103fd6854a325
45 b9d103fd6854a325
46 b9d103fd6854a325
47 b9d103fd6854a325
48 b9d103fd6854a325
49 b9d103fd6854a325
50 b9d103fd6854a325
51 b9d103fd6854a325
52 b9d103fd6854a325
53 b9d103fd6854a325
54 b9d103fd6854a325
55 b9d103fd6854a325
56 b9d103fd6854a325
57 b9d103fd6854a325
58 b9d103fd6854a325
59 b9d103fd6854a325
60 b9d103fd6854a325
61 b9d103fd6854a325
62 b9d103fd6854a325
63 b9d103fd6854a325
64 b9d103fd6854a325
65 b9d103fd6854a325
66 b9d103fd6854a325
67 b9d103fd6854a325
68 b9d103fd6854a325
69 b9d103fd6854a325
70 b9d103fd6854a325
71 b9d103fd6854a325
72 b9d103fd6854a325
73 638981f5a8e59349
74 b2ebf1ca0e7bac83
75 7a3a349315f8b09d
76 e21a3cd5bf96b178
77 467065255b96b178
78 e21a3cd5bf96b178
79 467065255b96b178
80 d1e532a45f96b178
81 4511ecb032633278
82 024b069f839cb051
83 2457dcf8a7f318e0
84 896e1bea750f8c40
85 f1637416db970248
86 0a10230cc834adc7
87 60cad38323358198
88 e99c56b5364845d3
89 60b4c5d9ca667ead
90 95c59834150422c3
91 afba3a3ea48ebe0a
92 f9b04d303c8a4591
93 73d6daf14730f888
94 cd7fbc855395e40f
95 9ede8ef3d3afc556
96 d8400e9153cf643d
97 9f6ddfba1dcdff84
98 712178d15362d70b
99 c7197f33baa70e52
100 3e6c8b9730155139
101 4e47e0492f1c06d0
102 f0ae729225d3c7b7
103 57f5ee9aef177efe
104 932285a88e223e85
105 cbc02f876a18f5cc
106 33e3a4cee3d0b6b3
107 3cc280b67adf97fa
108 df112a374628dd81
109 11df079f2b6ccf78
110 3e82c088950abdff
111 c4670fe1d1265946
112 d1822bcc0150b82d
113 689b79b514543e74
114 91af67a8e630713b
115 0d834087eca50c82
116 fe3eca2bec600169
117 4edf7ff3c7164200
118 b5215ed8683e8fe7
119 c7a441dd06ca2b2e
120 67018c75696b02b5
121 f9955c886598dafc
122 a678ad4a439dd4e3
123 dacf38908668442a
124 3c19ef0ea232f7b1
125 4d232f5baa59d84a
126 533a09e24d2f6a2f
127 be2c04de9e892176
128 03d8777f978df65d
129 89b49c82d587bb96
130 33ee98b70fe4892b
131 37e2cda94287e672
132 7805e36204008f59
133 5dfeb7c69902ce92
134 e118a173485d59d7
135 983e38a410c6571e
136 caf0ee197ce5f0a5
137 0cb4b7f6bf62ed3e
138 23f5182fd229f6d3
139 c3d3bf45bf56441a
140 0dfc32c5261819a1
141 b03af3ac5f619a98
142 0d058dac462b501f
143 54bdd2005cff3166
144 af0e260cef21384d
145 42d0097a55034594
146 8bcb439a52a8235b
147 dcea549fab5334a2
148 b530bab5edc98d89
149 9bca16bb7c764d20
150 8193a49dc4782207
151 5553ec564680534e
152 6a373f5be92ab4d5
153 8876541377c4761c
154 ae6f1e9c11760d03
155 917fbf4a3ba4c24a
156 cddb7a3dbc8b70d1
157 16190aeb994582c8
158 be0d12a89e101c4f
159 3dce0dccb8a5f596
160 ca2dbeafcd826f7d
161 873c7288dddc95c4
162 8abf4a32bcb1974b
163 c79e90328ba89892
164 5b01b63ca8920c79
165 7095f25ee5bc5d10
166 efb6b20b7090b5f7
167 355f6fd76f2f973e
168 6c624b44c58645c5
169 87107b7562ac2a0c
170 53dba4568122cef3
171 ea914ca54c3f823a
172 c69d2ad77889fcd3
173 1f7f1d7c1af04cb8
174 ae012ff593aeac3f
175 f5cb96c46ccf1d86
176 9a53cb0a53bc561f
177 200cdb2c3e50e9b4
178 e119c5780ec6cf7b
179 0f5a0cd48537e6c2
180 b9e62d580036711b
181 694941a08e6d2140
182 133cf19d7604ce27
183 01f815f5c1bee56e
184 1bfbc6426c74cfc7
185 6ff693ccefb5163c
186 55404765d946e523
187 fb0e2140d1d72e6a
188 bce418720b2529f1
189 5e820f5926b914e8
190 50e555c4bbe2546f
191 e09848617b89a7b6
192 aa1def973a7e4c9d
193 5856e2f177bfade4
194 12ddc2ac8588df6b
195 258f3bdc972f24b2
196 1f8c9e47fa101999
197 58eef5cbfb049b30
198 2917efb3fd02de17
199 e7b653fc821e435e
200 87c9d7105e4f00e5
201 31fec5c080d5b62c
202 0d935438edf22d13
203 cd391637f9eeff5a
204 600317084056f3e1
205 80e036cbc44c56d8
206 9ce314a41587805f
207 6634f561d90506a6
208 096364d56febf28d
209 1c6664cc2eb7c1d4
210 9afa821eb82fa79b
211 ced38ae571a729e2
212 7ccd4d6e414cc5c9
213 fa1fe0b3268bd360
214 c758f3407139a647
215 bf736782793afc8e
216 729ac55b6eb90b15
217 6586619a5fdea25c
218 ce32aa4f26f04543
219 d1e937520fbc4768
220 728cf5970f43b811
221 f3e4ce4d9f87c108
222 da879965cd7d2c8f
223 d2b0ad15cae5a264
224 cc9269f2d06aaabd
225 f2d31332cfdc8604
226 854ea545fc6b1f8b
227 c60653c8cc1dd1b0
228 4fbd65949d3ac5b9
229 3cc863712c614750
230 ba4119e9b1597037
231 f7212cb6563202ac
232 dda0ba5ee6a4b305
233 46ff41fd8065604c
234 7c62ff226934b933
235 7eed68d7d0a10c7a
236 bed348b5dff45001
237 757fd2f08f0a7ef8
238 7d0edba32110327f
239 f2c05ec623bca1c6
240 287db0ecc12038ad
241 6774fd1563f43ff4
242 b238d5c2434135bb
243 cb85f30dedfec502
244 7e743d766bbe5fe9
245 5d97e75aff4f5f80
246 6fe864f517c55467
247 5466638ca8f203ae
248 9a5e6d72893d9d35
249 4e0f905ea4a9487c
250 38a03b09b7d2be63
251 793a8a3e6993b8aa
252 7a24bfe3f4c51431
253 7032be2c973e9928
254 cee13d3af6385baf
255 025c867738c8b9f6
256 309115c024d8e4dd
257 5705539425d53824
258 1c82768f134db4ab
259 62d41aafc32aaaf2
260 decb69877a226fd9
261 baddb7c6a4cc1f70
262 aab39b2e0fcae557
263 6c4e301735b76b9e
264 64fff4c0d536fb25
265 f2058c170f84126c
266 6c0b6cbec0ad4eb0
267 1f33bf69eb6126b4
268 62094962f943f1ff
269 1832262f4ad14c2a
270 664c8d444a740c5d
271 64f2d1296b407ba4
272 612ea766cd63f02f
273 a6d9dff58949f776
274 c3e697b37e962d79
275 a786a82b69d40310
276 26bacf0672f1ad4b
277 a5c2d3f9a7448e92
278 03224dfc5f97aec5
279 764247e9040dd00c
280 a160bdf2692d8bf7
281 d8bc66aac8cfad3e
282 595cf707bb2d07c1
283 d1390e1ecf2e12b8
284 7f0a228841a794f3
285 739b74fa8e16cd3a
286 deceec088a50e66d
287 8290b832364a8fb4
288 a6749740ec26823f
289 8ee65ca62db15886
290 645fa78b93695389
291 500302a9ba722320
292 a2a44cb37b86395b
293 a691aebade821ba2
294 2c561dbaf3065ad5
295 311441b6ac70fc1c
296 0712b97553c53807
297 eef3b4ec9a4c1a4e
298 2fd64c74758a49d1
299 1a3aa5b7ad4e78c8
300 772651a83b8252d3
301 c5c7b0f00972c189
302 9c34e420aa6582bc
303 6482742740d55607
304 365b5029a6aa7fee
305 76b56c29cf8f58d5
306 77fefdb4c181a1c8
307 65d5112a8e68f663
308 599a7a79a1833d31
309 d7794fb402a8b721
310 e3c6ec9caca80daf
311 36d145ccc3dd5517
312 2af478b82e1eb3dd
313 41af50a53bfbf5d6
314 65304e1f2737fcbb
315 0e0744d88163d802
316 a7dc0a1a47fbdee9
317 988dc10dfd9bcee2
318 1fb89dd1ab69fb67
319 699daae9c2331aae
320 37ce38cd34ff7c35
321 1ecdc0b3181c7d8e
322 1bf7087a478a1453
323 19805794529faa9a
324 825eb81988ed5721
325 7ecd2a394b543e7a
326 a0940984e5aecf9f
327 0c0414414f5c51f4
328 77fe2d26a9b427cd
329 41a258f2cedeb3c6
330 93681cd4a0ded6ab
331 366420c79fbf5950
332 d04bc3bef80d4ed9
333 ae680e422fab84f1
334 450ac74cac272757
335 a5d6afea52fb624c
336 4e6f138e3a343a25
337 4adcb20409eaf16c
338 3e54918c54cf3bf1
339 86400c14fb56994a
340 225537a90bfdae50
341 36faaae3bd7d79c8
342 225a9d42ea299e9d
343 e2cbde250fbe0c96
344 75f70d90c5f6666f
345 4387e6d848c058c4
346 bc8b172b866f65a9
347 659231726e0513a2
348 88769147a9abe17b
349 e4badbf3ddad8c20
350 eff9f23991558cc6
351 4386812d6095324e
352 ef8c09de9808e027
353 1fc797ca12e9a91c
354 20fa479580c3fdf3
355 0ad6d0c7a4fe68d8
356 6e5eaa63f64e20c1
357 c2113efb9bc8b0b8
358 e2a4e38b956beb3f
359 1e4e1d1e27c713d4
360 2aa0eaaf0efa3f6d
361 ff27bf9aa1864db4
362 d846f2dce2ad664b
363 1a5f1736ad5eed30
364 d388e9efbe4a7e79
365 b26f34c6d73e76b2
366 36f4c071aa1c64f7
367 72f577e8ccc6238f
368 58d38968c5fdf7c5
369 0f84de307b4a555e
370 c8374e0bc3edfc23
371 7805b0575ef8aeab
372 09a30c10f8a6ccf1
373 5fc8f5abc092d44a
374 16ff2af756bf236f
375 67502a12451f9eb6
376 86ba7841a3c94e4f
377 b0792226947b30e4
378 b0525b161ff00e7b
379 e61945bf89995f20
380 1ef3d3b67e5896a9
381 a707083ac81a3840
382 46784329f5d1c6d5
383 d06abedc3f24c46e
384 d3bad440aa74a3f5
385 21b3da34a1e5154e
386 b1e831f0e23bb013
387 35352fdb8435715a
388 ed453b1e4e5c20f3
389 ddf7d27aeaf0b1d8
390 59f16ae8cd46975f
391 2f868f1c188f78a6
392 515ab0d5b685be3f
393 5072daba17fcf0d4
394 d4fc09e56328b979
395 e02a77287aeea3b2
396 030ff9b9b0cf3099
397 213d413b001aea92
398 bd52130dbb8fbd17
399 3ec981472dc7825e
400 08da979b4c56c7f7
401 c13f0cb16b5af92c
402 5bd1f8043f55e5c3
403 d646697af02fbca8
404 ceb29200deed5c91
405 6b7ab379b4fc3b88
406 55ed1711210f485d
407 3cb14d8cb1608856
408 2686ed58a1377b3d
409 e9ad1d12bc215a84
410 5517616350733369
411 b91d58f38c9d2362
412 9d3614703689c33b
413 f8181856428061e0
414 c393a47f00464cc7
415 17ab708c6df2affc
416 37c8833d795e6d95
417 20998a62236024dc
418 ae26cf73a2416ba1
419 65cbc6c231695afa
420 de28a1f957351081
421 1eba837f9c46061a
422 1f2223a4437084ff
423 4248a176b664b446
424 3ff98b9b6e5d521f
425 6998099811efd074
426 e2c512164ae9ee0b
427 a25ce4c7b7c89152
428 b0673dbf00bd9b2b
429 12d819f543a91dd0
430 ef596198508c22a5
431 788bd6241d6fc1fe
432 d341e2c73d611d85
433 c4e0c4b254b0691e
434 ea2ce859a11eb7e3
435 07e0338dcb4b732a
436 84bb7a9e6ee174c3
437 b72a4cfd8bc1eda8
438 b616e338c01d492f
439 d0eedfbef1151184
440 d2296901b79bb95d
441 de35c5517952b4a4
442 20d940d993a7f549
443 0e8d88dd7a28a782
444 8a8cb6a000698469
445 e68bdb3dc264b400
446 0ed65cc4e2944095
447 0be126cade30862e
448 1ec46f5e639719b7
449 66327c136b4b231c
450 efb531a7cbae79a1
451 d220ffa58c33c9c5
452 cc95b56445d02903
453 3f17d56bd6bf74c4
454 792f4d580779d786
455 75cb8bec3db93051
456 498b4319817e0fbd
457 c226c420b8edf015
458 d4544edf7f585fe9
459 8f16b827748a21f3
460 5935e6f5b56cd44b
461 423b50e7da22cba1
462 f4e9c45038596fa4
463 f73ef5a2c4e35aab
464 02cd0de390676aff
465 bb83a8bdbace48c9
466 37c80f7339f05ad3
467 dcef557f09ba74b7
468 8ad9637757b7bf91
469 654bb2176953ad6c
470 b70238fcc4cd9c6f
471 12b4a5c785b559f2
472 09286ab7886f0c70
473 1c1b7e7602f557a2
474 0125aa79f38be664
475 dd0b5cc68395c59a
476 cb04653d267d8968
477 8838d3e032ece11a
478 b39819c0006d2724
479 6964fad9ef654572
480 05f41536df244fe0
481 b725a1b5ebd403a2
482 fe435996bb426db4
483 6b32bea4b525bdea
484 6d9f5f1043304e08
485 2c0c5f69346e7301
486 bef68c76651c0e5c
487 205669847de81ba5
488 cb0a0025f39c7e16
489 f412d6121f826981
490 6962dad42f7d509d
491 e6edf56690a17c0e
492 7e94ee822b3d3d89
493 b40e02be9d0127d5
494 0e1796a400a6d081
495 e2f1b40f9280eb99
496 0a3d7607da156b85
497 bbdddc4d0464273d
498 0e09849d96548d39
499 e6e3f3b1e081ebc2
500 ac891213b70cb4c0
501 dda7544af3892f02
502 07e39dd0f8f04754
503 c5762a9b3c40cc0a
504 af482f41c9c17ba8
505 b8d5773a487b1ffa
506 fc38583335d5be34
507 5b1b8aaed3b2c242
508 90fa7c73959b94d0
509 335a5d9c0d370622
510 29df669c9e2d0a44
511 f7ec051e3cb0c6fa
512 b4293747260b6b68
513 b490c9e2e92f5dea
514 45073259cebe5804
515 a00145a424b923e2
516 53c392c32c2c21a0
517 fe516f150a8f64e2
518 04a49e80013bdd14
519 7f1a5eff2213d76a
520 717d7194c306f568
521 3413c737f41ce431
522 0fb876a7610c9b9c
523 96e97ab4e72892a5
524 ab7e290d5222f046
525 4388493e72224bd1
526 76cb3572f22c258d
527 d1432b5b8bb810de
528 9a64a2a574dbcd39
529 16f86a1a373a2f35
530 5d0351058572ca21
531 d380bdd51c1e0869
532 185a69522da0afc5
533 dea6f24dcaebe68d
534 afdde8696bcffd89
535 e67b71ca27c12482
536 194484f897f86ac0
537 11967d029f58c9b2
538 62c219e6eab6cb34
539 fe57b76cd021a71a
540 500b259c1f9b6d48
541 4c0f91282036875a
542 bd0a0e7a7ce95bb4
543 8ab393adbd0cab02
544 000f913bdb7f6170
545 1596c35dab71eaf2
546 f36f9cabf2896324
547 f2bcd6eaa57f692a
548 e2c149d62dcb23c8
549 41788dce170a2f6a
550 8f880206ba225da4
551 32040a11247bfe62
552 f76d2aac3c53d2c0
553 55f42764f7aa0d72
554 1ab245b44e1e4b94
555 3e6d0ac033cbacda
556 954d7e07d3e54da8
557 be70f260a34cae91
558 87f99eb67b95225c
559 c594f9cc46214c35
560 71d788037c0e3e16
561 43065a01d1455791
562 b6b34282b67babdd
563 0b4e81a3729581e1
564 a65eb6ba75effe69
565 a141e8ea559a5845
566 214ea966d5a1a98e
567 61f9f2cd1c968289
568 4259d5572cba7945
569 c48898bcc1ab6072
570 87e77b7e9ed441d9
571 2ec7e3486fd94952
572 9db91316d4845700
573 dac8d76a2eabbfd2
574 7a6e5285a98b9bd4
575 6eebcf22035d9bfa
576 d959a945a1a61628
577 092dee6c478267ea
578 017c03110880be74
579 9936f283d3b92772
580 e8835579311be6f0
581 83d0cd4c578e7852
582 336a60057c6cfce4
583 396e0dfbfe0775ea
584 d3aafe257edc01a8
585 6d96b1a1bcdd19ba
586 b6c6ada0d9967fc4
587 ee9c5cd482854d12
588 529975d4b9853860
589 a6488019e7482712
590 231a5a547bd30794
591 5d829d5084b7fdfa
592 06bfda6125c8c968
593 249bb851474dc301
594 c7e0bd6eb06c08fc
595 53faa9875a8752d5
596 752b3d0c71d24b66
597 18f932cd28457f30
598 10b2c16e0f114bfd
599 f32071a62c45840c
600 95b882e965ff0581
601 7bd944fb1bc5b93e
602 17c0c9d2702b8c45
603 91657c019a9eb4ce
604 617ac0c05839b0b3
605 4359f6816a2e733a
606 1cefd6498af26214
607 490fb1617e59909d
608 96186c1cfbc9cc8a
609 8429a3b1c87a5097
610 3f656277b3aa2920
611 2aa3ad12d4710e64
612 e565bfc453d3014c
613 d6776ba774dd8650
614 0ad7d55478183878
615 23d644aaa8f86fc4
616 4f067da173eb8f7c
617 4bd2d6563370dda8
618 28f72a0af15677b0
619 ae551ebefa295174
620 210d0602b4db026c
621 51c5cdf56be53b40
622 dbe8e6b06b851f98
623 45a4398316574694
624 39460e01c162225c
625 590cae35ce9b3828
626 0f8c74567e63bec0
627 6fc269afc5280ae4
628 52d0129d80b6094c
629 c91329e8ae532e93
630 c7fc1605150f7158
631 f8af5eae2b1ecc0b
632 0f1c58b0a5dd6c8a
633 a4d32ff4068e1fcb
634 4ffd8fa5b4c534d9
635 0af1be6bdfc59290
636 cca3ab91513342f5
637 fbe500eb56b998d7
638 583c59348d123c82
639 77c72e39d58b4f3f
640 2d8198ab8a67daf9
641 b4d08f0cde6194ef
642 5c2faef0ec5677fd
643 b3a4fa8023f1e24c
644 e12452cc7aaf65b3
645 8ba186db3d601db8
646 1c9debdb26bcf7d8
647 84db309b555fd23c
648 294081bf09250e04
649 4781c56d3a4617b0
650 14b16f65d2a67b00
651 f3d213aeaf37f20c
652 b1101b8bb17a49f4
653 543a3458e88b1eb8
654 27385f1331773158
655 fba7c98d2de0071c
656 60d673f9ca7c0a34
657 94e2ee22e05e5f20
658 9f1c1678d011f870
659 45713f6b0bd7e50c
660 4c5929a29c351384
661 f93f49c0f66619f8
662 72e9b3f2ec3c0cd8
663 240d9ce36af625dc
664 e80bb35f01af6404
665 97a08a41cb7bdd63
666 86a027c266d90e30
667 a86f855d12ed6da3
668 5012dd29bdc6e3d2
669 b0ee49f1a9b75a8b
670 e3d2b66c84786f91
671 43c90dcc869c2d08
672 c992681d5f170dbd
673 0b8e60a287e0cb67
674 5244b762898bcc65
675 33c6fe2540be13f7
676 61b812f47eed5441
677 c22698d0530eb76f
678 4adb35f4d9b241b5
679 517129b1733893d4
680 7bd5837229907e0b
681 e9158a3934c7a138
682 eb315ef6144f9f20
683 a5ad3e06ed67e374
684 3ad3f6673a74198c
685 bc853be823b90f00
686 01774d94cf474648
687 d1fcb4af0fdedb84
688 2f6bf3e8da4ada8c
689 70d03c8071ca6a38
690 14b8df66e9916710
691 7eceeec5c3f57b24
692 5ffb7a766a2fb08c
693 795898006651ca50
694 83e2d2016812b2e8
695 8089ed6ad17a8374
696 373cd7d79d8727cc
697 687f05c2c946fd58
698 69f9b4f09bb33c00
699 ffe88bdd11c3d394
700 e2324b73616855cc
701 9eb0b750fd5d8aa3
702 9ad00c75b5faa628
703 90e4d22bd914de4b
704 26cfbff88922045a
705 80a27646a5aec91b
706 460754dd116f2b99
707 f9c94b7ab91a5080
708 027c9246580004b5
709 05ee8b39ee39fbc7
710 8a982aa4a11d899d
711 e1e28cd865c0db1f
712 9c1183fe2be4f989
713 00c774043cc7851f
714 0f8b7a0755ec92bd
715 3c6fb6edc4aab9dc
716 d9aaaa5a69297044
717 41b99572a369e1e8
718 ae8bdcda907b1e88
719 7794beb2177278fc
720 96ec4b080cb50bf4
721 901b9316632a0e80
722 55a978fb4792f180
723 fe9ca05ff94d5b7c
724 75b53face75bfef4
725 283601b188ef4d08
726 0e2f4e2df20b58e8
727 45925a5b627f641c
728 91628403e099c244
729 83346e9fffbda710
730 a481503850c4f230
731 616ee287a79d85fc
732 fb850832c24293c4
733 55368e16a7b27e48
734 bbfec7013e28a268
735 5de5e5dfefcdc49c
736 81f215cb34b19805
737 e8bc73233672c7ef
738 2349347cab33b24b
739 1cf91e7b16516900
740 ea07f28057187585
741 08d5291292b2c3f5
742 65c45b4dbf913125
743 21f5e530a6c7e577
744 4b5863032529b5b2
745 406eab63633bf48e
746 e5f9fe406be00f7d
747 ad0d54910aea9357
748 1755e37fa36dea08
749 a3c49e47f32992db
750 740db23b7bfb1863
751 6ac39e648cbecf60
752 6a2ca6496a279a89
753 095d8dc15d363564
754 a1ba2b02f482fa26
755 7c4c3507f594d2c8
756 29cc98c80adf4916
757 84ab03a7ecd79684
758 f6ade98afcefcff6
759 6f8c6ba56db81ef0
760 5b3d995d04994b86
761 6521643f9aaad6b4
762 3ca535a985df9c26
763 e9e661b02e361d08
764 dd6ca6cd8d4894b6
765 e3a27e4b68289894
766 01cf646e19a73cb6
767 56494e1b01486e00
768 4016c2fe8df337e6
769 5db77aa68c839ce4
770 4b17f865aec3cca6
771 4ed3395ffa6be8c8
772 4e554c3804deb356
773 52f923882e3c7f57
774 1b6d46865030844e
775 5a935fb2d74bf14f
776 775acd4f3b562300
777 54cbc97704724c9f
778 5306d0611b1f1597
779 9dd82e7c37d8d85c
780 311511a8e6ee201f
781 b781920993c85d33
782 37ff0fa0e4d5860b
783 5471857cade57493
784 0d7de3e0f4057efb
785 e961927f0230cc23
786 3258dff2b0a133f3
787 a075e8dd38e09690
788 777cd830f03718ae
789 afdaa4001801693c
790 54a9fca23ed27856
791 0e243fbc37f70a78
792 018760082161122e
793 38603214dfa3cdfc
794 2bcdec6331405a36
795 d2664ac806375d00
796 230aef5be97591be
797 da272ed446753abc
798 a81330ef8de8c496
799 66926c8a6cde9ff8
800 5ea5e3cecd57d3e4
801 d72a3385c7853773
802 1652cb49f6a6ee8e
803 e452fe66786327dd
804 e4e734a3d52d43ce
805 8c45593fc6eb99d8
806 faec3a66b4df2af2
807 bc751b3c2cc26348
808 d79cbee17576c056
809 6d03086ad193163b
810 8042e0bfd82dfa0c
811 d8e237a356d73ae6
812 606e635cdf424eb8
813 bae96cf92975409d
814 26984fe912419012
815 c49fefbec4757fac
816 431a0e5d5fa64db8
817 24b4cc94428a1f79
818 5bca771eb3b90d0e
819 380bc1d52aac3d54
820 c1bf8b52eb683eab
821 127e8b82c559fac3
822 1451f71d70d275cc
823 0e7786bd33b7bcf1
824 d04411a2865df303
825 cc4a6c29a157fbe7
826 dae043a9f748150a
827 54486db86ddcd801
828 65ef90847efa8ba3
829 bef18535d255c078
830 50e6c4a1f1f8c650
831 36ea56327557c10d
832 bbbecdfafd0f1a1f
833 d27a1c565703d7fe
834 ffe7b6dc01d1fd1b
835 4dd4ad9a4fdd0076
836 d3e44dca80dcecec
837 52868b2d94280485
838 587ead817297283a
839 3b68f5f4b9f062fb
840 d7dfed528eb7ca78
841 0f5e18266c6bd1c1
842 cc15f0798f2117a6
843 a2f4a1f268c75647
844 53de9a11a7e39a24
845 1c2cafd1f97ad0fd
846 379b2d3ca1e88412
847 03dacd0f5641f673
848 21f6e77bbc513450
849 346aad8e65ae4e59
850 2ddfed4749f9251e
851 5ad2c439b54b727e
852 1fe8d270514e73f0
853 f123bf8b43295f7c
854 e6d5eaedfe468fb7
855 fecd1e1819895694
856 e6270457a3098866
857 1144526e26021af0
858 7c6e5ee13c8f04aa
859 34cdb4b26d34a6ce
860 8aff74c44e2f0833
861 8fc208a7ba9e717e
862 bb023becab74ef38
863 b847ca2f486cedc8
864 84432cb0ab623b61
865 d52bd48eac3a378a
866 ead3db6b0c2ea00e
867 e57f2087a038297a
868 63a72e1380b811a5
869 fa6277d5d7b459c6
870 3a1676276e6b9a9b
871 f6a4ccf5fd628346
872 84361471eacb9e28
873 4d556f97c68d8ab2
874 8c1a55d75222a11d
875 b473ab085750cfd6
876 14df38ab4dd8104b
877 a33ae827c3e6c5d4
878 195589c235b9d3ae
879 b93480f01bf7e80f
880 fab21807f3e10309
881 9a5ead6ef460bd62
882 764b2486f30b5798
883 dd1adabd4b666866
884 9ae2b4a63bfe0be9
885 f28aabb2e14e42e6
886 b57fa32b5e10ff57
887 76d844b38c128190
888 e2c43d31ae964b4d
889 49f77ec19896b394
890 f0c793624f9d2d80
891 646eef382e554331
892 3cf755a85d5ae6f3
893 12d45094dc0b0e93
894 e56e98a929ca7f2a
895 6888ab19bdff4f0b
896 75fbdd78e5efb31b
897 96a80d14b07bf175
898 ae3bac1d4ecd37fb
899 6881295b50f45dc9
900 4266912f3de4f34e
901 84c0c78b7da091ff
902 4049de0678850aa3
903 215bfa7c45f024a4
904 ddd164fb3ad66006
905 f0ffdd52e48c46ac
906 0b7da30d5d831105
907 e7f207ed7898af46
908 51d51aa7c91a046c
909 0b027bc624458a09
910 05239b2fdebadabe
911 064619b3422bef67
912 9e2ef664ca0979e5
913 f5d7e54bb5779996
914 039f0a30633b6be8
915 384ff7f5fe9763f7
916 8694ea3b4242b824
917 3dcbd592829d1e16
918 5f30d1a8dbe63d1e
919 e7a3ae8da503e558
920 8fe29b15ab316e28
921 3add53531352c645
922 4330318ce708c220
923 3037cc9d8c0dc640
924 96d579d510d1c41d
925 9ed4f28f681550af
926 d79e28bc25a27381
927 2756f874937b0c2e
928 41f1c625c4ed79ce
929 50b428373915ebb7
930 8ab0f517141342b4
931 26e8bb61a0c1a79b
932 7d8d7678f2488536
933 3a725a7e5d57749a
934 502052a9c438d762
935 7ceb16d64c35a3f4
936 229531736e2dd7d3
937 2e2bc4db0c832d1e
938 8408305d4478f39f
939 74bef7c1a9ed2e40
940 790adcb3c7d1e49f
941 8400bbd9211c3af5
942 1431de6f5a59723e
943 60dc42676959c9f5
944 7240d5c4114db75f
945 1186fa06e84d6640
946 3347a9396223d163
947 9d081c73895e6582
948 9407804c5f3e0d0e
949 5c97217710b8a5eb
950 5bac2491bfe512c3
951 129a18a2d2660bd7
952 acfb9f896e2edb72
953 4210a9dee720390d
954 2cfe6b84ff5b5376
955 6827deea21b21cc1
956 13bfa0b5d3fa2a63
957 7e5281770318ce29
958 71030510ebdc4f9a
959 6c23e06434fa9508
960 93539c9267253456
961 867434e7a9b8a9aa
962 d76015fe9701a2d0
963 15a4a386ed6dcbea
964 2074295444a0e799
965 3035602f9b29beae
966 5ca7ee3afd3fd1b6
967 ede502805e256bf2
968 f5df5bbfd56d06d0
969 3259daeb0397e8c6
970 31b871429d9638f2
971 bad6d5af22a133cc
972 9201f3257a0e81c2
973 501da50ffc3ac896
974 e63f9e0f95d770de
975 50ca1a773ffde9a1
976 6ddd2b1f8c4a623f
977 8ea63e151121e8dc
978 a35d2139ec0fcfb5
979 9df22abdd5f3a4d4
980 6195d21f7dd8cb71
981 adb97398612c791b
982 4f62cb12a196ccc0
983 c146811390e9b0ad
984 10f153c8820035c2
985 00b811997a25c127
986 86fc53d3f34e1011
987 4e502589a6296c66
988 9d05e610da3bf4f0
989 e119712bc221f571
990 cac926614f4e3a5a
991 c41207fd4141074e
992 317a77f63965eb16
993 bb757ad8d2d94f0d
994 f73f255ed123bba5
995 6fc9b9a4b4f2155c
996 dcd085385426495a
997 53ea2d625c309cb5
998 8e96c92a13279a6d
999 daed4c40afb38e66
1000 2a54a6de285cffd7
1001 d0b0b571a7fd0dfd
1002 fed5f7ad24268b4c
1003 449cf2d480ee5d7b
1004 b328aa53b1dc8d47
1005 ec4501fd0325cc85
1006 bcdf411577665c94
1007 c4214ba7d6396ed0
1008 64cecd1a8a0a8f1e
1009 140010c20d86ad11
1010 471fb24ee90423e9
1011 1e9a9c3d9031cbee
1012 9d97c72b6154e401
1013 8025f193cae3f32a
1014 bf8ddb91665de35b
1015 bde6bf5e86cc4e0a
1016 8ad6b6cb847ac17b
1017 a753ef3a4979d417
1018 62ec40fdd8342955
1019 64a6a0a3ae2f04d6
1020 60eb4f202020de2f
1021 fdc416b098c5dfd1
1022 5c310839351708c6
1023 69e73e407f605cfb
1024 7a1798d41c70b251
1025 7baa62b82ae7e8b0
1026 a9f30d25d3296536
1027 4af5e8a757be8c78
1028 e0bd3be7f1357270
1029 415b79211601e6ef
1030 59156d50efc90089
1031 4bf23c1f142eb067
1032 5bc7fefcf4367980
1033 74d979e4197429e3
1034 b8e588b3ba5b51b2
1035 27dff04af2b5102d
1036 4469e1deb3ecead1
1037 600fe0e8f56ffe93
1038 520d7781d3b0662a
1039 e84daa517eb3a225
1040 374aaea708cbb4b4
1041 f5ec24fd8090dbaa
1042 da93159766ffc679
1043 14241ac932568f60
1044 e9df4acefacbe5ac
1045 dc5a4b8408f95a9f
1046 d0ef1be329362d36
1047 cee2973d6e3ee086
1048 9f6abc480c0d9fe0
1049 437dbb8db305d270
1050 bacc78e7d4bc1dd2
1051 8d805858ca7864bd
1052 7ac062f04cf2f2b2
1053 4a57b06ef8ee3da7
1054 204c5f6b8e4b2e14
1055 f19ce0ec6267fc49
1056 fcd5d8bab1024dcb
1057 69ccc9c48345a504
1058 ec5787f071ecfb8e
1059 8deaa4651211e638
1060 bbc65338f92cad09
1061 db7db537acf33275
1062 6e5e137ce3f5258c
1063 df6584b1e47a8027
1064 30cdbe7429ea6466
1065 223eca552978e552
1066 63888844db98cf98
1067 42a408b0ed0dfb6f
1068 c271ea4b723e6e47
1069 4cb22ea7b3828931
1070 037d4aefce78cecc
1071 cec33e0b3b6c9146
1072 8df3ced4e12fd84f
1073 345f88cccfe396d1
1074 c5359327a449e37c
1075 8b469bc6442d3859
1076 1dbda29c8c7474df
1077 d4d94309fc4b6f78
1078 c263179bbaf0ceb1
1079 edca2ec4590dd6bd
1080 0b4efb6b105abaf3
1081 0146d70097eec591
1082 333d6f5203c25362
1083 553c2bf2d3dcdbf3
1084 a9d6e7bf4d5a6adc
1085 f878636753f6fc8d
1086 97f9e8d8c1139eb8
1087 34b26682a9ad5e3c
1088 1b99c55b96801b07
1089 57a5f96c69a3a736
1090 da09b593f3b34a1b
1091 b3a6ce6f057ab3b5
1092 16d72edd61b7994c
1093 7362e1ade28dd4ce
1094 2a312dacf9c08637
1095 2edbc330692b9ace
1096 ca6c3d2cc2cc3524
1097 713cfbf3d91a057d
1098 3a1e28ca98728676
1099 57dde2e74a40c3a9
1100 d1c841523f5392eb
1101 971ce83d0c67bf52
1102 2c4294b8b46c13a2
1103 797b101d2301e3b4
1104 d5f516c736a4149c
1105 c2f88f7e2ba5209e
1106 09681bf0d1ba7573
1107 c623840f85dd3f64
1108 f6c86919b282656e
1109 960a6830fcd75393
1110 afdb0f63ed5012d3
1111 7c1b6b2a5a947028
1112 dab1ed4ba3874522
1113 31a829453a4d4aba
1114 ae3c80f89d148227
1115 442b9749370ea7b5
1116 58c11d1312626f99
1117 f9194fc042a0aaf0
1118 e72fba86a68f2b3b
1119 bfdce3dca765f090
1120 03f6c18260b27006
1121 4d1111cf95292e20
1122 905a202fe9522c19
1123 3d615d986bd058dc
1124 dfeede3787af9743
1125 6c2a3d7af8deeb16
1126 e5a78f1b5a2fc6c8
1127 6f5897df73c38abf
1128 df2a8dff6943a4f9
1129 b13440ca3029b50c
1130 e74650d1d8cd4bf6
1131 b4f47cea005c5c82
1132 d41e086c70e64bb6
1133 791f057e275f213c
1134 266028322b182c89
1135 98e91862cd074f74
1136 3875f9fdbbc5b78f
1137 a50e8399aa6906b8
1138 f8582b81f8812d09
1139 f5952d0ea51b3c05
1140 6024ab3c774303c6
1141 38f9a1660d63b0c9
1142 33a7ae6aca89c101
1143 6200e9e6434429d3
1144 e6b417c4f2c0d1b2
1145 6f55d18e4ec0667d
1146 dc5b6df37a581291
1147 7380551e04abfc10
1148 5dc6bd069d478333
1149 92798f3ff8159f51
1150 1100677622dc423a
1151 3328c521a70bf2ee
1152 1ef6929a738dc18f
1153 64c78fee41e4a0ce
1154 9ab80cee675f58bb
1155 c44b9c926adc9c64
1156 2c38fb9da102c4e5
1157 f9d38bd81b80d424
1158 42eecdf304e4146d
1159 2a0a082ccd08c332
1160 7b7fbc07dfb55ae7
1161 5d905e9e465454fd
1162 d5483d3ee7f87711
1163 a1f25ffb98d9cfa6
1164 550e263bbfbf2ec0
1165 60320369d64d2f21
1166 f48be223a436bb8f
1167 9bab1dcf371e1a44
1168 709dbe508e831a49
1169 4e9a1898dedb80be
1170 ba8fb42c170783b8
1171 641390b1f301dcab
1172 9cef737a45c9d580
1173 f1a08fffdd2a7d3e
1174 e0056dd43f346cea
1175 274832897568f130
1176 97caf8dadeb878a9
1177 579a60afaaa34eb6
1178 437b5cd2b761192a
1179 10d3b51fafb4a7d0
1180 3884d2ed5a70aeb4
1181 727d688d18d2e097
1182 724fb0ae9c82ded1
1183 5249dee55f4e1669
1184 6111150c4657df80
1185 d368628e50f059ba
1186 3e524d6fb00d9175
1187 296ec9b881221cdb
1188 8ab9c2f58d4e6c41
1189 03d55bd3eabc3b05
1190 bd08a32e09cff681
1191 1c1386b10b878d86
1192 76de2ea7adb80a61
1193 62386a2b7e1d5a1e
1194 b3464eb660e9d930
1195 c14da22a3848f518
1196 6c77badcf7d240b7
1197 b01c93df20fb7045
1198 df5ceee51b535e0a
1199 63dc8c1ac2fff604
1200 bccbebd05b3e0d5a
1201 2a9e02969aa3d80f
1202 9433de5ee2d180cc
1203 55acfb8e2934a20b
1204 a570e80bf067ceca
1205 c52650b29c36853e
1206 12c16e25cc5ceb90
1207 77752a0b76b4b227
1208 e2adcc7fa4268562
1209 8d958a05afc60201
1210 c165060af727908c
1211 418ff85b42412b06
1212 be5166a9316ad532
1213 f0593448c69d71e0
1214 0b25f2dbb0dd9b05
1215 ad69d584b3f0784a
1216 160a9a60d6fe058a
1217 5d2279f1580a13eb
1218 45285ba7b0004d34
1219 1b2b1c730b7cd8de
1220 cd9949c544248518
1221 d477ae417ed7e180
1222 9d167a782f112e46
1223 664bf129b450d03a
1224 e3e766c331642330
1225 d9504b4d5ee548d6
1226 f5160d33888fcc13
1227 07d9395ab00eae9c
1228 7f7b0823ce745ae7
1229 9fa0befd31688196
1230 6a8a0261484ab789
1231 a4bc942b2be862b5
1232 3ceedf24d36cfe44
1233 72601f6a32695074
1234 0139686ff19d70e9
1235 ecffefeab36401f2
1236 87a0cbc696847430
1237 a57f21ff5bb67bee
1238 d5e7641b055c5432
1239 208130ce2b8a79f5
1240 6de3f30464c238df
1241 b353c9062b3cf376
1242 071ad831b588a4ce
1243 fdc896b15b83bbe5
1244 1b32fc92bcaaf44d
1245 3613907818b5bc4f
1246 01d5bd40a23aa1a7
1247 aa365918045a7c78
1248 c02bc514439e1f44
1249 89d77736ab9d532b
1250 087d4a65af7e25ef
1251 ecf978ac3bfeedc8
1252 c5329b0499f9fc8f
1253 68258f8f7bd453ab
1254 07ae02e0970ad303
1255 af5e07617b26fd39
1256 51334d6d6cb25e60
1257 d8be5295b5d0f274
1258 a7810dcd85ea9742
1259 08cbfb057139b97e
1260 c492dce85b7bccec
1261 2fa60428bae0328e
1262 1c588d37d7ebe3d8
1263 d4b9c2ae78029370
1264 73924fd1091b89fa
1265 bcd69724dea45c32
1266 345f5a42d41060a9
1267 2e66f4707784f1e3
1268 5f9993b7ee25161d
1269 3877c30a684f9f29
1270 0e386ca7a7ea14cf
1271 1d30eae9ac4f1a31
1272 f35db28558741dce
1273 a6d2bf7560dde680
1274 2a4fa3f286adf938
1275 e2d17238c6aaa901
1276 430e13e1cd5ae37e
1277 82b95c83c2e428e9
1278 db32b9de374d2ef0
1279 69b962e75b4014b9
1280 6305cb7255bd9139
1281 4f060275482f4f08
1282 f7ca4199ae2a4058
1283 f6f951397a45022b
1284 e765ebaaa2d9a270
1285 b7e5f3368ee6fb31
1286 8d84e0775a403675
1287 91f39814e81b7154
1288 abd0be4e2e7cac5f
1289 58cf43a40a290f35
1290 2152eb11713a2298
1291 d51505c8f1334e8a
1292 8fa9936dff219495
1293 797855d10b6ff6e4
1294 0afbfd5045d6b167
1295 be784eb9dc2b3d56
1296 fc5d66bca0d13727
1297 41914cb0322f6597
1298 cc3ef2f6267baeb0
1299 0a89111b13a05e60
1300 0ece86e9aa831772
1301 cab07e1e5042cb86
1302 40dd1d7d05809e3a
1303 b931b4effbaa81fa
1304 0b28372c6a070764
1305 9635e7fc62c6b4c5
1306 3224f2d7e0f063eb
1307 2690105692bdbdd8
1308 6712f07bbd5ce735
1309 6b34226cd03b760a
1310 712a4d219bfc719c
1311 211194f80a8fa967
1312 70c4b7cf7100ba60
1313 8b64faad285af1c3
1314 49630ebaf237b6c2
1315 d1f13b47d65cdb3d
1316 92aa98603b3f2321
1317 ff776ca2422c5563
1318 42540eb45c032e36
1319 2fc170b77b4941b1
1320 c8152969b50da8ea
1321 8edad53602b5e646
1322 33e9313ab3dedafd
1323 c4c4c22c3bbf9fe5
1324 f66380f739789c4c
1325 a392741a5d15408b
1326 603020c0e65d666e
1327 8103b73e230cb832
1328 53b6ada830f49a8d
1329 3c5c1cf375d8135e
1330 832d99d48f537b6f
1331 ce310e35432f4908
1332 5d619dabe6b0722e
1333 e866aa7fbc49c69a
1334 f649575a043e5021
1335 357474ebf7a1266c
1336 6f9285863bd4b8b6
1337 1038897d1f140611
1338 90e19986a7cbe873
1339 275397d84393c80a
1340 cd66d3c8d5aa6df5
1341 e548925d7cec51b9
1342 6879952b53b60eaa
1343 331947e7bc5cc70b
1344 57eff54f52fc4702
1345 e4dfcf7d8a5ca696
1346 0d96a21223fb6f15
1347 03a6094acccda2c7
1348 7dc6f57abfcd3a02
1349 bbf2d2a3b56f0b21
1350 f4a1115aa5640564
1351 b52312f808ff756c
1352 2633a5cfb6c6a50a
1353 f05595886911e4bc
1354 8a5af907cd201fb4
1355 9cac2bbd4df9bbe6
1356 3f7ef10d8b77fd5b
1357 3bee974ed7f00327
1358 fd3314339476a6bd
1359 eb8637fb81594e35
1360 4b310d3d0f3780d6
1361 190fbddeeb8f9b1c
1362 f9f48d6351d6c6e7
1363 469479f43e98b70b
1364 2aa6f039a240b1d1
1365 bdb2a0502265a565
1366 bccbbcb4669493f5
1367 0da1026a51286a16
1368 1f1759c3e10283cd
1369 b763546ac4441012
1370 dff6e0cdbe6b2613
1371 5f50de102fd58906
1372 827cd238489bab87
1373 1a2436e6474b89f4
1374 ef7c9191e0541614
1375 49ce170e3366c64e
1376 a6ee235ef4f8489f
1377 b3c81780b67267ef
1378 589c58311ab6f195
1379 5101f3265a06b9f9
1380 12aaa9a8bebc9403
1381 926546a6b0b7c26b
1382 8c13801cfd323e86
1383 4666e85bee665d5d
1384 eed0305d622e5b01
1385 4363e549a6aacf96
1386 999eb803a097f4c7
1387 1fcb547eabbf8d4d
1388 3d78e4ebd7ac1191
1389 d4a5e8358b372dd6
1390 59bb58725b2e006b
1391 a034b69adcc58575
1392 ec2eb3e7ab64c5da
1393 7bf84df43c64df5f
1394 2223de6da199d1bf
1395 55b9d8e34f746379
1396 9b485db1278904d5
1397 0500e422bac602b4
1398 fce22cfd8665bae7
1399 d0866fac674c5936
1400 d9c7c50879ab9461
1401 98d443174b020ee6
1402 d6d65b646ac6dfc1
1403 71a702c3d8e9d8b4
1404 fc818e85197d059a
1405 d09f8318bb7a918c
1406 ff6564bc19bd4fa4
1407 d5c104937a837554
1408 06685b65cd49d975
1409 a5cabd860415f541
1410 fc43ff4cf5efeaaf
1411 2ec8e32ac74eec46
1412 771aeb6e2c28c358
1413 aa8fd714a3a6decb
1414 c00a4da62ec3b150
1415 22dd6957ea504e22
1416 78556ac892d5d207
1417 8f5c73f9303e33d0
1418 97a3c2a973f00741
1419 8a92c0d8d9f70c82
1420 74c969f4070451f3
1421 81460f82e25b9ae1
1422 bd91ffe3048d04b9
1423 1570bb64bbc560b7
1424 cd284ee0fe96c7b6
1425 aad8b3a705014791
1426 1a9b31a4bab9be4f
1427 7104bf42b4d5ad3e
1428 2d8be3e44e29a887
1429 f068e54069964138
1430 59e2b3d22bb96f28
1431 e62c5cef3c29ef67
1432 c190c2bd36046025
1433 73e83b6c90928811
1434 8daa0198fc93a49f
1435 453cddf8e7dc1543
1436 a03755be8788dadf
1437 152956ad02811863
1438 eb9af8395d84fac1
1439 013b9c5d05f133b5
1440 470100472d399be9
1441 fbf50e538ca3bf15
1442 6f955a1f9a21107f
1443 9dafd9074964d17f
1444 d251881ac4121a2d
1445 2bd23a4eedae4f19
1446 b851a01a4925797a
1447 b6a24db30b283e1c
1448 529fb92781dbdcf4
1449 2dface527829a276
1450 bfdf30a58ac27cb5
1451 b6157aac3688b9e9
1452 dddfe2662adde678
1453 666ac8992d74471b
1454 821746bc804681e2
1455 2e034df6ad5083dd
1456 4230d33e6e4a6c41
1457 0d2c7bd154ec4b39
1458 39ed459fa34e19f8
1459 7b93546d8f82e419
1460 44f1c1da22503888
1461 286527e0765a0d4e
1462 6c0848489a64b26d
1463 a0b2dedbb0f31650
1464 1eb4d7eb6e0e925c
1465 5ca747ce0c66d292
1466 37d1919095799762
1467 1b67731e36496d93
1468 9ce18d9fc4ecf89c
1469 da138d9f5c9c7b7d
1470 c4af7734f1c2580e
1471 c360b75cf0051469
1472 8e30eab228f0ca3e
1473 ef29b6e30661e454
1474 67ce6b237820273d
1475 952b812e4c891f05
1476 5dc2660ef0d33c32
1477 bf647d43c1cf26a8
1478 5a751f2d7e791a5f
1479 03db4b058482a56e
1480 ab3485573608decd
1481 9e17e879ead4cef1
1482 b2b6158be87274f0
1483 6e4e5137954835c3
1484 3bf6d50bc86443e2
1485 52fabc659e0fa2f6
1486 fcb719b80813b60e
1487 89c89518a0d96339
1488 d937c1c13d35fe7a
1489 759cbcfd764b7d3f
1490 b48b9d158335b8e4
1491 2290de57f0449fa2
1492 9a9e566ccd352076
1493 9b6344b0d69767f8
1494 df71b24d6dfe2c20
1495 3964a8a6a162703f
1496 ef91ecfd26ba041d
1497 3fdfe8bc46bd8ede
1498 ec67f8bb1f679629
1499 5930d0c4c1f54f01
1500 ff6bf5db8fe7ce56
1501 dab9210f7ba4556d
1502 fb8d690e3417ca5f
1503 ea786f2dca5f6c5e
1504 089fb72ffb58e089
1505 2e4714bdfa155719
1506 27bfa2a769fe2de4
1507 efe4872dc7697365
1508 45cc7dba9e649ad3
1509 1fc8fdeaaf1846ef
1510 eb889c92e63d69e5
1511 e566dee69e40791c
1512 30be90abef116522
1513 7ed43bf528917a58
1514 5a7888fd7cf98416
1515 bb3d353f44db520a
1516 4b8bf10ec0907a0d
1517 228893919dcc48bb
1518 3f891d3ba2bf697f
1519 81e2931af1a369cd
1520 8a5f9bdd932d02ea
1521 915e50d89291530e
1522 a26ea264ae473bdb
1523 392dea40b181f81d
1524 1e39aaec1618cc25
1525 e0171c70d3216107
1526 4a821fcd1f5b1882
1527 cc6cdf2b5c2486a5
1528 c61c9953cab7fea2
1529 a03239b95df50507
1530 1bf3f33adab7d80a
1531 fdc5a20d084cea84
1532 f2c70cdeb65ab8ab
1533 3f8abd3c2bc41723
1534 90010996c84126fe
1535 ad08a80093ca945e
1536 cce76193ce831b14
1537 82b7bb2ecd5dccf5
1538 3afe5e100dbfe6ee
1539 ccf4756a0f73eebf
1540 63838241bf89eb28
1541 5d32a5b93db5a67f
1542 7ca8e7060ab0cb62
1543 f5599f780062e5e1
1544 cb2b035d3034bff6
1545 3e3325f65d935753
1546 ba82dc85cd7745ad
1547 502f06a4d54920f2
1548 f6ea2be4aab2784c
1549 f7bb0fc6cd65dabc
1550 d9e4f841675fcc3f
1551 9a3117a7b09b1d0b
1552 2d5438a7919e883e
1553 d2b0162343ccafd5
1554 9f114813d9ec9318
1555 a7d00632c83aa735
1556 07abbc1b1533395e
1557 382c5e927989b7c9
1558 bde7bad35aed62d0
1559 2ff853f92160cff3
1560 e71b82f1784bbd52
1561 6f7a48225fa61480
1562 217ec360da250830
1563 e9c4d25c92e5fa0c
1564 737be2a162bd6f03
1565 456ffe28bcf6c4dc
1566 9dc6a7f5c61d5098
1567 7bad8a731e7fd8d9
1568 6b91a12691e5502a
1569 d09f8e87ae7d0de8
1570 2c46567bcc12164c
1571 e532bcc2b6cef9a6
1572 f22df6aa65075d34
1573 4683b262696234d0
1574 a0e575bfb6d0d1ab
1575 a90591d4385f4a47
1576 4e45e462c02d5603
1577 ea1421b24cf338da
1578 178c9ce58d81a130
1579 dbbf5347c6b2604c
1580 1ddff753c07782bf
1581 0778949edf7db37b
1582 350ffe63e2327f1b
1583 9b2a6f14a97a4696
1584 60d20f6085db6e65
1585 a0e7efacfa329a54
1586 0fe1a4060fabb89b
1587 e0bb05ebd835fd88
1588 c7390c4d637f64e5
1589 802d6f18a174a17a
1590 b2a89a0a8dd83fcc
1591 c7ad9989bae043dd
1592 6b7576534bb92a34
1593 040667dc8271c13d
1594 c2bd77129d725ebe
1595 27fb2dc7ca4b1919
1596 f19c1b8b65ed2475
1597 c221ae816693de2d
1598 e49a982598113e7e
1599 c3ed54f512fac191
1600 80d7250da0632340
1601 4748fd2bd38497a6
1602 e11a7d35dc2cd0df
1603 8787b2f50d027c70
1604 cc3716a9f8c2fc7c
1605 55a0694c400d096e
1606 87e907f8658e1ebb
1607 12bff05ba4db0037
1608 6239aa2f6e5cc665
1609 81cbcc20ced550f6
1610 22d454d3fe1cb40f
1611 1c4681914c3ff8e2
1612 d966dbd5371f14af
1613 5d7f2722016db74a
1614 fa6d76c6c4e6f40b
1615 3d74ba6aced1c2a4
1616 8f0ef2a883226fe6
1617 12d283255d437981
1618 e1124c3cc7784553
1619 d5eb04ad090326cf
1620 16014dfae67d0d8f
1621 583cf1935b439562
1622 a50f278c35a0de7b
1623 9e07ae458a992fed
1624 5ff92ed3f9578736
1625 d89b352d5e979d4e
1626 c472d3008e0df6d5
1627 df281da262a05a37
1628 9c3f7d38d76d793f
1629 8cf61c854000c667
1630 ff957c3f5ddf04aa
1631 b45ebbe63359ba4f
1632 23e1f718c619e103
1633 e6f486ffc81c3225
1634 80dd61384b7d1cde
1635 a1b9af5e1f8a6289
1636 c8680bf4faf5150c
1637 0d69341116b98395
1638 519d38b86f212f1f
1639 b88e3d31bf73fb81
1640 29a161a4f7418d4a
1641 dbf7f59c8d69020c
1642 117a8539fa463337
1643 8a1748a325bedbf0
1644 625699d7a3957a7f
1645 0c4b9af6a33a2a14
1646 0838dc698448ec9b
1647 7b794f1f3b065426
1648 3a25b3a136ea1ad0
1649 c177d0d35f8fcfec
1650 2cca12040b901e5c
1651 aa8cc0490b2699e7
1652 76c72c99a81293e1
1653 d7991f3c5a22f8eb
1654 f6a450eecb7c009f
1655 0f1bb7eee4bab7bd
1656 d0d91a48475ceb0d
1657 3d4baf6f3f0067b3
1658 cf42bd54cca44df6
1659 e95cf87ed5edaae3
1660 9ad3174f9059e4e9
1661 226538453880877c
1662 dc743798c0c332cd
1663 ec4086c312c0298d
1664 23eac40e657e4451
1665 ecf59f363b21d451
1666 7eb087e4d05091fd
1667 cb6ed7d5e3107232
1668 c2971f9c2b1d6b3f
1669 7c96dd57257f25f5
1670 74a8c6fee91a3b82
1671 742717b5d4e3ccd0
1672 e645de009072dbad
1673 c507a661dcec5bbf
1674 5bae9a7deac327f5
1675 a9589e7657917036
1676 4316d133e1544a46
1677 f0ea093f38dab79c
1678 eee30829842dc19b
1679 1a1555c3f047d80c
1680 0fde7656f893d0e3
1681 984fd6c29d812e28
1682 205f33f1851c3c52
1683 95688a5554f0fbd6
1684 6edc201f9a91bb35
1685 ae143c9010bf93c1
1686 3ab441b382ad902d
1687 6310a28c00103a8e
1688 a431d0bfb8cb009e
1689 7c7064461e03651b
1690 eebba82d7c4d08c8
1691 043fe19b7790b0df
1692 6bb67b151118a04e
1693 bb2af92e6a1fa195
1694 1f1e2ab554ce7bbd
1695 29a8f1fe2358739f
1696 6364ddd8b3cace9b
1697 098a40e76ce44f1d
1698 5fc6ba224d5853e4
1699 21bbdcd42682236e
1700 710fa2daf8a4fe90
1701 e22761189ded1734
1702 95962fbbff8e1f74
1703 4feeeed77edd9bcf
1704 2021486e112df5b3
1705 3910c1893900afc3
1706 26f749bd542e5a23
1707 3aaf5490a61e5063
1708 7f8bf587d1137563
1709 4e0c73cf77766428
1710 c7e034082a8ffe0a
1711 2f862b0b8f04a15c
1712 6be65ca4300d229a
1713 b756de6d994a10a0
1714 53cb0a752608978a
1715 d72fc1a7a87dbc01
1716 f484ad1afe3f85ec
1717 91ac0f15db5da93c
1718 b1261d5ececb7ecb
1719 a94fa93138090abb
1720 30494b11e86b48ef
1721 e8afea789fc8e3a4
1722 dcfdd14db68f698b
1723 d0c6a96bfcd140a3
1724 6531b03ec86d3e2d
1725 3b991c205a3c1b59
1726 28f2cec7bf79f871
1727 6e07a22a137ae999
1728 9887c15688e22c57
1729 bea8234fd2a05909
1730 78c9d9a30178f068
1731 f73183898f71898d
1732 0ef9f5924d9565b2
1733 b6751c58830d0046
1734 257f08a7d9a3d453
1735 0924a027dc6334d1
1736 3216b63637b27c50
1737 d94dd03eb7846870
1738 8b8ab90874381d91
1739 a4a24528b7a0ab80
1740 92221e4b1834e7df
1741 229b449682f1e86e
1742 c310a0363a8f211b
1743 a0a6b72ef01d9c30
1744 56717e92aaaf9835
1745 6e6571f6d1eb4f45
1746 f2ef74a1ea3fa565
1747 04c768acf2ed1859
1748 be716fb7e706e269
1749 4a7bbd491b0da029
1750 6e657eea5f3c2b20
1751 ec52366e1b055308
1752 20727e4f7e9970fd
1753 8f15a44aad92fe77
1754 a00bbac41785c0f1
1755 5fbede928140af3f
1756 6abb172cf6ddee5f
1757 77c2847cb6c0bd09
1758 4b4445afddd927bf
1759 89e82789084211f9
1760 f29439fe5be61f06
1761 6036f468fc09586d
1762 28e0e4c05c11d3ba
1763 0f5b4d87cf3dd2a1
1764 fbbe5da0487ca4d8
1765 ce3af922c4c8e1d4
1766 6372b5871d926b4b
1767 4dbb8b8f861c7cee
1768 833af2c39e91bb8f
1769 c079b49f3380583e
1770 7f6e714b09c213f9
1771 35579e6e2c4c10b8
1772 30e095ff49ba307c
1773 7f99094594e29ee7
1774 088aeb74dea6f4cc
1775 95f67ae1aed66d38
1776 d12d2c21a68679ef
1777 5ce114be1b3b54de
1778 5afb53a18fc2d6d3
1779 879746d59fc4f3e1
1780 0a70b88814b39afe
1781 f4c95face081ddea
1782 fbd2ae8341cfcec5
1783 e222baf38b6b7739
1784 4ca03304dff9e0a8
1785 0816b2d0381f4da8
1786 b3829af1e1ac2701
1787 55205d0b807115e3
1788 5df7988cda144662
1789 8619f27292536941
1790 aaffb4fe5d367d63
1791 88bbf7c861e9ac58
1792 92ecc9bf6fb618ab
1793 1626556720002f9b
1794 f72f34ff904a1c92
1795 0c352b1453f5f677
1796 ac2cc33cbd9eb5c0
1797 f3644fa58efbde6d
1798 4e1c4339dbc47012
1799 f30624af051ecfdf
1800 72c2ec7654959b35
1801 6ab99fc960824229
1802 b089cb9b7ebabca7
1803 a6d1b39e5334f71f
1804 98b9c1edb878d232
1805 4b0f4ceccc9f3c8b
1806 ac36693a3ba50fea
1807 1af9c38366233b10
1808 193957379bfef6f2
1809 c73ce2bb60e42f5d
1810 3ce0e80936dfe1e6
1811 dca9a6b479f3f6d2
1812 1597064988361ed6
1813 2a6b3ed6034e2131
1814 9d9b4ba177e4121d
1815 3b9a2b4b7553d9bc
1816 a8be36810ce9ada6
1817 b0145660a7a6d0a5
1818 a61463371a9616f8
1819 e271ed093b3474cf
1820 3d0458cc3f1b486e
1821 ecd2ec0ac52075f6
1822 36da40fb4eae0dbb
1823 c3bf4cd5ee59ebfe
1824 b014980333137593
1825 72438d0f6ca2358f
1826 7ab26b6c792785eb
1827 6153e3515c31740e
1828 1bb5dfa68ecaf732
1829 0b60e3263eb9e915
1830 4c12863e74ec6691
1831 6c1594f42807a877
1832 6c5d95c91c224624
1833 87b311a83c5255f2
1834 7c77961f091411ec
1835 26695230d2fd0dd9
1836 fa40cac7c4aeaab6
1837 9427e6aa1cf12a10
1838 488b153cbe6f75b0
1839 4f582ec935e3e57c
1840 86eb1cf54d06fced
1841 9b11bbbf1af5c4cf
1842 9d28533f319b4246
1843 6a171a9e25a2d0f0
1844 d3a337b5caf0f551
1845 ebb02577b48c4e2b
1846 93f22d359d939d7e
1847 0448fa6f4c762550
1848 85fdc57e227065b7
1849 21d3249d2059db3a
1850 fd4ea25514e557d0
1851 2d38cf41c983937c
1852 4e670cee53dc00f6
1853 da30c4edfe3f5502
1854 3b27bc4b717101ea
1855 9138b217eec9738a
1856 c28ad51ea5be1bac
1857 9c21359a8c5e9f04
1858 dc96a3789d6c5aa4
1859 0d4018bb832dea13
1860 d0a3099d86510a19
1861 bb100f0d2b53f869
1862 c915d75a084ea512
1863 fa3f6e25781eea16
1864 5277edd59fe795b6
1865 676379188a6c3db6
1866 9c5b84e708f409f6
1867 a7c5b22c100314a6
1868 f0c27421e385337c
1869 e4fb8302bd5189de
1870 c1db30ecfe2587a3
1871 b021ffe862f40374
1872 4e8d73e0dbe7a34e
1873 5cafa5adf68371fb
1874 8328c0276d7f1879
1875 a91857e49bd3a9c6
1876 1259941c756aeff7
1877 0f75cf6a8e43b45b
1878 f6c17689307372c6
1879 12f001aee3aea896
1880 ad6e5e6952175a4a
1881 82b642401b714b33
1882 c86e32d3967aa70f
1883 4446694f70c69a61
1884 0157ea7c3a7ee76d
1885 7e7c4e8ddb3312ff
1886 807747bb753b933e
1887 388b2d0d709a9531
1888 7536b731b6c29d48
1889 f132ddc1ee9dec2b
1890 735cc20daa0a579a
1891 525634ee54a8818a
1892 168c1e7b1a0b2fd3
1893 18c7e11fff90dc05
1894 61f86bfb7eef4cd1
1895 f598a169d29c6175
1896 83c65edd88f0ddec
1897 830bb92603693998
1898 a800fa6e979a590a
1899 a1f559490e666cb6
1900 f57aa9ffd9c677bf
1901 3a941c5dbd25578e
1902 f97c61871a010a41
1903 c959111b59aabc82
1904 b4570205f66fb981
1905 40fadefb6674a28c
1906 21680cdab9bac68d
1907 3c5eaa2a5cbd07e2
1908 32f50d26e0c58ff0
1909 ca876d9b8dffb7f5
1910 8783cae7cd8e1c36
1911 a038789961ae766d
1912 8614ae633ef4431e
1913 d521054939aed1eb
1914 65cb8450a3914034
1915 9143080839d73721
1916 45036a8c13d15bfa
1917 e3dcd392c710b60f
1918 fb1aa11ac235b660
1919 812c1699a56fc8c5
1920 834bd61b0d35dc59
1921 d25214643cc3b154
1922 d8f4a0c2def3df6a
1923 75a29b422157f6e6
1924 4066f8eb4af5114d
1925 3445be06face8d79
1926 d5b614b3968187ce
1927 6c64ab3d37ec2fcb
1928 5e2b7ceeadf27e51
1929 7980489555b5e83c
1930 a2d1f0f92a86a373
1931 557e7e0c6a1ac517
1932 608cd7cd0bc20a34
1933 56da7d587f7f9511
1934 73989b49cfe3c6e7
1935 1c55fda146078c3a
1936 fe0fe9fe6a2d0d29
1937 256361773338917d
1938 99033bf34818cf6b
1939 3cb14c27982c838f
1940 f5c1ab31fd71451d
1941 458bc4864f82fdd0
1942 cb6097b599e6097f
1943 08185b9a95316122
1944 5a0d877c6d0d04a1
1945 ac785a500aa4bac5
1946 299dcb9eaba08dc2
1947 d5dc93b94b52ccb7
1948 6e53b0d870a47634
1949 018a7b2c1e508b91
1950 9d79fee6586bc016
1951 86bd2bf26f854a53
1952 58ff07c5ebe46b48
1953 98032e96a114ae1d
1954 77f95e2e5244c04a
1955 978710d7f45339ff
1956 e46b1ffe91643e5c
1957 038b0a20d44f3e49
1958 e4f55d0824df791e
1959 7552fa8000ab7bdb
1960 9b5b148147c6e7d0
1961 9e4bad6b32f12775
1962 5f4c82c929fa6f12
1963 82485373af88faa7
1964 6c69f72a43897a04
1965 53f8892f3a3538e1
1966 40ff28392431cae6
1967 398f484dd41ead03
1968 2c07e9aa546e7dd8
1969 b8ea27051c4da28d
1970 019743d56083b75a
1971 79179d9f3e14f49f
1972 51b3f35da7c3defd
1973 6e97d931dd17ca70
1974 70ecbb1df46a199f
1975 dd2e5ca90006277b
1976 37428c6423d0e210
1977 92965e8addbd1815
1978 ecf4c77afb6e9f23
1979 86f8028d8bdd957e
1980 3c8113298d33dd55
1981 ef6923b1eaeba121
1982 678f8ca6a9782b26
1983 b12e3efba09feaa3
1984 a696c80e93393819
1985 7dd60b09173b0984
1986 63f38b81baa0369b
1987 77e2de4c07160eaf
1988 0d9f62498e40b68c
1989 e0b57d2ca36caf60
1990 91d9f40c0d3d72ef
1991 cf4871e98fbc14b2
1992 225786b2cb6f5740
1993 cba033a55715cfe5
1994 700ccec5aa6c6502
1995 6697b382c04865ae
1996 8b030461e7b02065
1997 66b3e8f89ab2c5d8
1998 042d108e4e7d1c56
1999 6ea29e997f8252f3
2000 54aab669a3b92b88
2001 ce29dc89dc0d5df4
2002 2abb410797d2172b
2003 741311d8d5b9abcf
2004 0e0fa605ce550b4c
2005 97a9574926c0e8b9
2006 6b581a7973b4a40e
2007 da498df3624d14ab
2008 b23ff4272a49e3c0
2009 971992c511c10e05
2010 b6bf7b823040cd82
2011 6ce1a21b975261f7
2012 99f90eeaa9a027f4
2013 2ed62735625fe5d1
2014 c7f8269390a36456
2015 92934b5bc4187593
2016 1f4de41e30ebf008
2017 149eabc21bf0b65d
2018 57be49d5a0754a0a
2019 ef8e587b14d4923f
2020 b8191ce1458112ed
2021 a7a5ed0c62c8ca00
2022 ebd738ae2293bb8f
2023 a04c5f24c8457512
2024 0565c5f27db6c6f1
2025 dc9667cb042e345c
2026 03f50abad0796053
2027 c4788078572e6ae7
2028 15bfe1a39050ebc4
2029 f689ddb763bb3c21
2030 af95c8921496afa6
2031 3848bd6af0157a43
2032 dfdf634bc77fe918
2033 a2fdf646ea10744d
2034 d9df33659340f61a
2035 35b7a2b826c8c7f6
2036 ff0343d4fd0fa45c
2037 f4cda7b3870d3ac9
2038 89cbdb00296b3f1e
2039 90ec2318c3c8cec2
2040 8c193dbe440d50c1
2041 e5190c13443a870c
2042 999eb7b96c30d912
2043 f0195674d1d72c87
2044 dad4dae6a408b584
2045 2f33429bc6894628
2046 55463ccc8672d9d7
2047 a72e2338aaa2a18a
2048 dc11b793d3d656d9
2049 27ec6f2045a5937d
2050 b67fd43248f48e5b
2051 ea583750396ac7e7
2052 3ef7304f08fb7f14
2053 c526f85d695f0b21
2054 ebf602c0ad9be566
2055 3b7b84fb7513f323
2056 29873ccd37a53dd8
2057 44ba4c021cc4011d
2058 de7587bf4284a3ca
2059 03fed4496ea67d7f
2060 a8420de01fbe4f1f
2061 318b7f6bbbdbeb72
2062 f7dd857552f143ed
2063 511e1b4f9925c4f0
2064 afdc63447b4ddb3b
2065 87b83933ed74dd1f
2066 2e80fe00dc491a1c
2067 2ad3468a001ffbd9
2068 316e00bbab4f508a
2069 585bcf6d68ca814d
2070 419d5eda57fd9816
2071 0e2f29c38252f171
2072 4b5cd59ec282d571
2073 fe1b8c7c37cfb9b7
2074 f8e0edd78fb8cc36
2075 022a80b18beb4a58
2076 ff1eef282498c800
2077 d72338b1245caa72
2078 8882dfbf5cdf3af2
2079 52427bdf257b21df
2080 cb01a6e66c0cd1bd
2081 2c145f7b992573af
2082 dcb22111e703ccca
2083 3ea105d55e553e11
2084 e722d7a4c8526ca0
2085 80dd9ee435705cd6
2086 d1c3b5d5c9f22c94
2087 f97102f51c65708c
2088 cdd8d893adb92afa
2089 c0bdd6297dbdd05b
2090 b5102de6f9c37789
2091 f8c63687632bbcef
2092 07f8acc65ddc8646
2093 6961b405bc071e7c
2094 84b44a9769f4e163
2095 a3023e908f7b46d1
2096 eb7c175a5dd88454
2097 9de3fa74f5a20e3a
2098 545cf72a1f003dcc
2099 b5f2a04204674731
2100 14501f2a5f4d1ab1
2101 8418548176178797
2102 1783d39d10a8c29c
2103 450f94ee8ef07809
2104 356a6e87b14dc2c8
2105 2c1a5e7658a9b0ad
2106 0c044ecd053b78ad
2107 27690bc2cc169999
2108 0e9541ae12ab4c6e
2109 e88591cd2f7fe318
2110 15273fed927f999c
2111 6215ca6d139fe391
2112 1c73fbc75df15843
2113 8df92df17780b08c
2114 cdfe3ad6a8e1e6bf
2115 0bcd3413f66f5367
2116 9a933a16526e9fb5
2117 57230d789249f750
2118 485761156cad5600
2119 52db9adc9242cc4c
2120 e11fc9dee9bcef2b
2121 ccde6f09b16cfa35
2122 e849cb9e440f7798
2123 ac20f59e1907563d
2124 facb1c27f19c6587
2125 3231f0aa569a697f
2126 ffed2144111d3064
2127 260eb02a52a556ba
2128 cc66e52dcc7b8caf
2129 d2a6c25ad475ec8a
2130 c6809078766e2219
2131 c98ff7c00427184a
2132 c6a56c7d07ae6075
2133 7075c223beb59ba1
2134 ef26db0d5341543b
2135 6242d033578e08c6
2136 206b0e66e3970f68
2137 59c9e64d33fa9dd4
2138 95be029788352407
2139 d2881bc0837bab48
2140 0b4bdc19ab9e5d7a
2141 bd7260f07fc5b00f
2142 f4f248b3984b4799
2143 40bd6966eca278bd
2144 b233a7798dc9cc5d
2145 5f40734b6c7b1914
2146 e18d598d5bb11a56
2147 b357a1bf7f079adc
2148 8dac76fcca859c72
2149 546324ae8184af4e
2150 ab7575a8d4940b5e
2151 32f13a01adb702f2
2152 afe12e5eac3c699a
2153 8dc72559c378bee4
2154 b22e618ecbec2c06
2155 5dbd745e3684d3a8
2156 01d96e4eef07d82a
2157 02bda6c05a9031a4
2158 0583a66b4e0af4cb
2159 e00dc8ccaa39835c
2160 71b2f26bf9a5d35d
2161 ab6d683cf25ec016
2162 d0bf41d2824b0ef1
2163 3456e14826c6fd26
2164 e7fef38bec8ebeda
2165 5409baa2ea5a1354
2166 0e5d16a6d0de19bb
2167 8df42d173dc69270
2168 7e7afe86819be6c5
2169 c84e51d188acf0d2
2170 10e512afa99b599c
2171 8bf9ec51c97bdb52
2172 29bc6e0216394095
2173 0544e38338f8a9be
2174 7be3874279003410
2175 20c5df502b5b82f7
2176 003fa367512ab41e
2177 a4fd802f46def158
2178 696898bdab510adb
2179 7843f9f62a6b39a6
2180 2b586a9f4ac0cfe1
2181 2db23bdef978347a
2182 241bb91e7359a989
2183 1fea2faeb17a5c65
2184 2960f18b0a9ba9b1
2185 e91aeb7f66c1e450
2186 a29d82e4013fd248
2187 f7de8ea9109b131e
2188 e1f0f8a4d1085811
2189 e936b92d79b0a8ad
2190 76e75b2db0ca1737
2191 00308c154ff48aa8
2192 1d2f494b05168549
2193 1eda0928e9955fa6
2194 898684fc095cb540
2195 5c996054713f30b7
2196 f53476b6e2357676
2197 1a685cb560629034
2198 1089939039ed196c
2199 1414a6a53fbea850
2200 1e7f9f80c9cd4bba
2201 1f06bda48cb703b5
2202 b4fa4caf270ab9d1
2203 4448d0627ecc55a6
2204 8f2b0a709cc83c2c
2205 a71f904aa686617e
2206 bcd1523647a6c115
2207 845fc5fa60983594
2208 ef14b1756fa0f301
2209 82f58669ca09ca20
2210 85df7d3b4bc063a4
2211 4f59322ef4b4b5c8
2212 671701234a01b8a4
2213 e548807cd459b3dc
2214 02b0472b9083d7b5
2215 0c60f898906aea44
2216 083f621b49124088
2217 bb1b291857a76f8c
2218 4448e09157b48cf8
2219 2a530abaf0ec1fb3
2220 8451bb0ff52391e6
2221 0bb31c4ee3291074
2222 f534e1b20fd92743
2223 d99732e76ec74133
2224 b7fbb17f72bd57bd
2225 20afc8dacbd48253
2226 275faf964eb86515
2227 ea418d00b18188be
2228 81c4251179b52889
2229 917c5c4052314e4d
2230 fb1984dfbd609bce
2231 59e2610c58fe118a
2232 3f58e93bf56c49b6
2233 6885d53f13da9374
2234 eb6809ab5ee64772
2235 4b999bc85e91e531
2236 2a817d339d47605c
2237 c577f74c32ae95eb
2238 e4e290fce13a00f4
2239 9f54b52eba375909
2240 ca190e2e5f0d46cb
2241 55146a76ba43914a
2242 fe6f93428693ba55
2243 cd353dd1cecc3453
2244 0bf90aaa28ffc788
2245 baa46fe30d97e25d
2246 c8f0948b907e4682
2247 c38d5439d8769986
2248 ead7343ec994039a
2249 489e918e8821f9dd
2250 3bc10680bed81ed4
2251 d4e840b4ce97e117
2252 8e67b07939217071
2253 6d5430c2cfd512d4
2254 74854a4b0eb65b71
2255 3f307fb32a8a85e6
2256 a84ba64efd0524e9
2257 69bb167b0731b8e8
2258 1a252b7a7320326a
2259 4c7d6cf468e1c366
2260 6cfe3ff3bc9be9fb
2261 6d7a6fd46a6b98ea
2262 e6764e0449ab1886
2263 a252b2d29d19ae4c
2264 5225c913d42d3954
2265 008a78239d33b8f3
2266 6b8277f4e25f71c3
2267 c34c6fbc6aa97d5e
2268 4f2fd4aecd08ae4b
2269 9e59486bbf57fc07
2270 0afcb8c8738b224c
2271 0be5f4495484c209
2272 c02be55fea5836dd
2273 5105294fac7ce6d3
2274 28e2e5cb3c4ed0cb
2275 cc53fff4b5887b86
2276 fc08d8c775ae4a53
2277 cc99591064605b8c
2278 ef016e2b8237bd92
2279 6c2b8104073abd5b
2280 79ed720af1b85305
2281 0e13b29b924a5d6f
2282 7d3eac7209681489
2283 5f158f21874ef201
2284 0a3f4fb285ad362b
2285 3100132b910cedc7
2286 374702c8117a8d3e
2287 cb6444f950f63f0b
2288 4c531b93790cdcf3
2289 9e03ce61819fc876
2290 6af68c5798961212
2291 c80aaa63b91cadc3
2292 53452e15482b4a50
2293 5ec949fe3dd43ee8
2294 f3f6ce6598ee4c54
2295 3c6bf944a110010c
2296 91b6239b80a273cc
2297 cb363168f31dd7cd
2298 9d7edbd5a8d72240
2299 ced3daeba7fddbf4
2300 d3c7b48ff6295381
2301 b3b824ad0ac8b697
2302 a9d4efa236de1e62
2303 a17aa069f05c2ef8
2304 7fdd96c23e573dae
2305 292ba256a35afedd
2306 9398dcaa701dd516
2307 c2c047bacdcc3d9f
2308 a14d07497271339f
2309 0db2ea6c0ff6e7f7
2310 6390a5318da723e7
2311 63a5b897bbd4d777
2312 2a7bb52aba3dddbf
2313 47953b8964d49136
2314 ccfa22568ca0dd51
2315 8183542a6254c49a
2316 790c88b4160149af
2317 a7441590e8cd6813
2318 d3d64bc495f5e30d
2319 bc76d99a4ed448d4
2320 3514178533680fc9
2321 6e969529cee87a98
2322 ab7fc6a0f06ca193
2323 203518a6c2340ec9
2324 00f0a8e8adfbf94d
2325 d4f98be9af79c60c
2326 624c21b987cdbe70
2327 44dbf2f85a28945b
2328 501e9705f0c9f822
2329 d79ae8900ddd3cac
2330 485d9f1764a42f71
2331 47df44aefc9ae3a4
2332 db1c18a0c24415ec
2333 457b3d4134e37f96
2334 3417ff121db70c87
2335 5d1ce8f84817ad91
2336 f806212ca403bd91
2337 e1c1278c5f85c68a
2338 87c4cf748b3fb36e
2339 9ec71e00c39f9f0e
2340 673d824549f80914
2341 8243419686762e15
2342 affed814c79eae4f
2343 cca829dc86e36df0
2344 51ae7eed65204e92
2345 8841d633cfe842cc
2346 1331c3de3b336a83
2347 ec0906c8f2767943
2348 4ea32dbb9476a547
2349 00b2cf9c5dc840b2
2350 71998c85a77c49ff
2351 3ba4fd3dbbb761d9
2352 42fde4ad79a0feee
2353 266fc937fd3428cc
2354 95e34c39eda19626
2355 838357c8fdb0eeb1
2356 7e270aeffa81367e
2357 73a35376b1baae47
2358 68a34d288c4b43c7
2359 a73550a091df8e7f
2360 8c9e312834f65ff9
2361 7c10861cbd42721a
2362 1d1278b76c6773e6
2363 1f5b5f1bc303951e
2364 067d2251a6e777a8
2365 8b6b79b70778c230
2366 5ae8f96610b63295
2367 ffd1160409af653b
2368 d751d1643718ad41
2369 87b41391daaf2024
2370 1669f686908ae835
2371 bd3fab2850e0448c
2372 07309c8cc3bb6d2c
2373 0a3945661d8d5388
2374 bd7fc1ec53526de8
2375 f2a3c89c0e43ec9b
2376 802f11a1c717bab1
2377 26fbcbe9c54ecfc8
2378 db10d9df654e4b33
2379 72675447676f5dfa
2380 5208317aa80e81a3
2381 8890b05b9917040a
2382 75d3095a9089a5f8
2383 51d3592230386e1b
2384 e5ce05b130b313b7
2385 3e1888ff1c585758
2386 325a4b8ae8313db5
2387 36098e0161fad747
2388 18daa7cc93bdbb92
2389 914ea7142e0bdeea
2390 d4e75168660ec277
2391 13694fd67644fa73
2392 4b033058b27c007b
2393 320ea8c30d7f7269
2394 926983db36682994
2395 e27509233c18d0f3
2396 cbd689c304705bb2
2397 a8afced3733b0dbf
2398 bcbb7683000909e2
2399 6811491b2c24f062
2400 db67ec3ab0a56246
2401 0674c0bfa3d142d0
2402 2d6ec32c07cc3de4
2403 07ca424710d85635
2404 a45119c28e6188d2
2405 bb403a177845c2fa
2406 939eff3a711d78d0
2407 3182ba2050b9a763
2408 4d5da735de5e493a
2409 e6c2f00175043b8a
2410 ea948437e65f3115
2411 940433297e2a2a87
2412 5927a313982d4b8f
2413 24336e2b859402d1
2414 84b9a73fbbefa33a
2415 7956ad5a842b4eb6
2416 db7c8fd4ff27dd59
2417 cd69337bd89ac27f
2418 e573b80c04cf1027
2419 3d5ab1e8168dd589
2420 c75a9466ff39747f
2421 7c71e04ca1c6d4a5
2422 ccc934cfa1af32e4
2423 2d6c44c47be5c8ff
2424 dd9449785380113d
2425 0afa31c56628cdde
2426 7d0d2bef6c399fcd
2427 1717288c2bb363ec
2428 e2630ad262790ea9
2429 fee49f176fd682dd
2430 7283e5fc3b9805e6
2431 75ab804685d826ef
2432 e2f114ff9bc9354d
2433 36fd4847b53e79fc
2434 ce6e715ed86f2913
2435 e4e4ad4d09814622
2436 c3642801b0631035
2437 5355eabd1eb69f9c
2438 9fd70882ea6f653b
2439 7a0c42b4c92a215d
2440 5f6ed33667872b0f
2441 5fdbf679eaccc65a
2442 0d40a43404ecfa8c
2443 a93f38b9f18e4409
2444 2e6e2265c61fef0a
2445 a259b407bcdb419f
2446 d9b953481011d8b2
2447 da18054980f25641
2448 de594a8a86e4b7fc
2449 90e8c785b70f2650
2450 7cd245098fd3ac0a
2451 3358ee4b20c2a3f0
2452 a363a46bb8e04961
2453 6b7b8176fddb2f7d
2454 39ac33d95a37eff6
2455 4123a8aef010fa1b
2456 3ffc210b1fa0059f
2457 b27b5dcd49045b13
2458 f44b818cc205874e
2459 cc6e547782a17f27
2460 a75a43ff39910aab
2461 a4ca8cb89cce86dd
2462 9eb3587f5d0a9496
2463 a946dcf8d1831082
2464 c48dee7c88ca1739
2465 fa104cec2d4de117
2466 92950c8e6113a70e
2467 9ff4e3aef5b401b1
2468 d7d7e068037157bf
2469 4de548d1b462725f
2470 5f07d498596bba8c
2471 7a60ac77bb148937
2472 b2fa54628a51b12e
2473 8948f05fea34b563
2474 a58c40031978540f
2475 167c87e9c7b2c52b
2476 6078e77d2719873f
2477 3dafaf1c2e91fdd3
2478 405ed4c8c064949e
2479 be05076d7e4dc1c6
2480 fd53d12dcd89a19c
2481 43d8aaf400115bb9
2482 1b07d7bb2a756b97
2483 70c029085162c131
2484 186c3223f2dc1782
2485 08db7336636dc9cf
2486 5bfb9eefeb7f4ad9
2487 6bd1840f322a4c36
2488 1ceda0c18a3f73a9
2489 38e414dd0f636e3c
2490 68f1cbddfbd2c384
2491 3e2295778342c2e3
2492 144f928d3d0c4261
2493 d25a7810ac7d9f4e
2494 e06699ba26507711
2495 f28c7b72a58ae53d
2496 f5058857e68790a8
2497 2265b0d81b331b1f
2498 c0e8eed35d145c41
2499 494d139933ed410e
2500 e55ecdf1b4a08eda
2501 6f0800275cb281cb
2502 2da19660bbb753ba
2503 b8e72ea8bcb4babb
2504 169ff887f392e977
2505 49d9d74bd2651f46
2506 9a6b3727523c6543
2507 990037e9265768fc
2508 41d0004ade46adcb
2509 94c60e548c666c87
2510 07270301da332c17
2511 a4525e5add62c251
2512 6098e17b155304f0
2513 8835404ad31697e9
2514 fbad7430cbc05e57
2515 fe03b69b3da038cb
2516 b22a173b35e86609
2517 a7b4804edea682b8
2518 edd498fb71af7f6c
2519 1caeb2f8f8c68da5
2520 a6a176d4363f6852
2521 4a266de34f024420
2522 697808bfa5149f59
2523 614ea504e803dec8
2524 75c17e4cd8f6629e
2525 2e56059c57cd39c4
2526 e48305ea1c140e47
2527 db7fb9408b814e78
2528 dc8f308b49f6f7e3
2529 55506d69105121f5
2530 7d8648d04ccba86f
2531 7488fef0ed37b8b3
2532 f0cfe23b412ce146
2533 6659e2daf7d03e3f
2534 1a765bcb89cbc8ee
2535 87bb84f1f972898e
2536 67d8de57b505a00b
2537 a8c8660ce7d994cf
2538 27ce5de7cf33d853
2539 c3c29df861407581
2540 652f66e12dd58edf
2541 9f9e13d15425065f
2542 556f0f65095311ca
2543 460eb9a59726149b
2544 e134acaeaa5157b8
2545 aaa8bbf5165e24a1
2546 c3b1fd00aede4a00
2547 78d43c3818df7fe0
2548 bbbbeb95b83f7cbb
2549 3ef86219549c05c2
2550 086532fd37dd0c73
2551 b1dd04235b3743a2
2552 64d3ce35420c8172
2553 f9374894440eedac
2554 ea2299db344d042e
2555 b4681bcb5b561c6a
2556 7a4bce2acfe624f2
2557 268091d886aeb93b
2558 945734c366f979c3
2559 891f1123eb36d6cd
2560 edf2b4d49468421f
2561 367007310dd802d5
2562 031eddcdd79a09a3
2563 abd543a2123ec5ef
2564 f9d65b3f633dd71a
2565 fefac5f25e163d9f
2566 53bb0abead42b396
2567 bd67c942a0a34033
2568 a106cc4769b06038
2569 2f0e281e666c66d7
2570 a0606419696c28d9
2571 20a369547d587b40
2572 c39ba0ced80ce84d
2573 3b9c4c80a057c871
2574 47fe93e62e319615
2575 9ce13f6efb28b76a
2576 8b938dc34c0145e0
2577 c622a4b68b220db6
2578 ec690158f4f818bb
2579 3716bc072e002873
2580 b20d89dc1bf377ef
2581 53cebf94fd58fae6
2582 a36f01a5ed102575
2583 4d288808c34c8a79
2584 a88605ab2ad3f7ab
2585 2c77ac9185cb683c
2586 32ef0e06fcbcd3dc
2587 86f6400e82e01ea5
2588 ac2760c3a033033b
2589 fc4853ee1b8bc3e5
2590 ab8f64a16a1e7b24
2591 bacd353d0e882d54
2592 d5e0ca7f3a922d83
2593 e0c14e37f026c772
2594 0d2e3588bf235da5
2595 4fb3498cf6ab9acd
2596 9a7368df554bfe36
2597 ab50b78df2c7df8e
2598 b8069393c0a6ebef
2599 f0e91039541fc442
2600 ccab87a3934180bd
2601 a565b8f72a58afdd
2602 7afd586fe07f5b1d
2603 8701b88227d504ed
2604 a6d252619ff9d72c
2605 7a0200563ee814ac
2606 4252d67ae9ccd949
2607 9686edd38ff6cf49
2608 20ff318fc70937e9
2609 8048b5e2285675f5
2610 3856775c9fe1fb68
2611 428d35c278a51427
2612 603cf3fba03b6404
2613 699b618b69b6bd0e
2614 d200fe879f25940d
2615 7e4651a08a868ed4
2616 156ace32e59fa19f
2617 7255db26e131ec99
2618 f3fb3effe36189a7
2619 da99255bf9da7aed
2620 7a93e7010ef930c9
2621 4e7f0a287d92f3ca
2622 1c39708f486a89e7
2623 9dd4866a43100be7
2624 6797bbcdc9714138
2625 a863c59a14504fdf
2626 46cdab3aca9e1806
2627 ca0a59103febdf15
2628 b729dfc0efa3e7db
2629 933b9d2ed1f42373
2630 dee23e69944a55f9
2631 1b7581a428426370
2632 02119d720b0dc561
2633 b8d757f24fd3c300
2634 86f09a0454920f7c
2635 00f6b0f2cf6c7b6e
2636 99dca850b40c928d
2637 4f50d8a63d7a741f
2638 9302aadca6584d0f
2639 c9875c8a13c16d97
2640 9c0556c7023c9bd6
2641 7d63ba0b0e46dd64
2642 9a90454595c67e3d
2643 dc9607bf9f7894dc
2644 b44bce5738454103
2645 e3c05781be71856a
2646 7e3aed668d4506bc
2647 e9cabb8be256fed7
2648 27128113196c308a
2649 91a92f7c2c34c348
2650 fc7d2698c33a7fa2
2651 286318e7dfbda570
2652 0e8037f2cf375c7e
2653 ad2a0899b63d7110
2654 b889af7b389aee87
2655 1b4df71340258c13
2656 54dd6a855a4ba798
2657 6ec56d083b4ba491
2658 b3d5ef5b5d018a8d
2659 f14ef4da6cc971f4
2660 448552b89d1a8fd4
2661 a6df7edf44f0edcc
2662 715681f7d15781a8
2663 7914985320fc512e
2664 2fd4f86467920da0
2665 070b5df0316b987d
2666 8dd3e571fb4f351c
2667 3e7ab81b6c97e818
2668 9fcf780417f13b1d
2669 5b64af880c9b88ee
2670 7c5c751da0961531
2671 aa953ada469c38ba
2672 420cc5e4ca5a121a
2673 0b5f8c0aa93a89fa
2674 f478881bf9438514
2675 35c075513387ed4f
2676 067452a8f45d5a6a
2677 4ce33d0426fda776
2678 06d45a1cd17510a3
2679 0e0406fff14567fd
2680 8c5a262554e20a86
2681 f9cfa5b4e8f7279d
2682 8db170dd47bbe0ee
2683 6184c8a8731e041c
2684 36fe8673c7d3dcec
2685 6cd42e57be625136
2686 d1fbb31559e98d9f
2687 20bde00c4c184e7e
2688 676fb2c4254fefd0
2689 b14c324b62a9c745
2690 b402d97d41c98731
2691 e644d3ac03940036
2692 106145467eb1cc97
2693 530804079ff074aa
2694 bc47650a9e687697
2695 283c4a6986eb25be
2696 5b2215083ac158bb
2697 73f78605c28a4a44
2698 fa840a6001710066
2699 61a5a1426b2ee9b3
2700 ea1af0738a1d20d2
2701 cf50e83d0192d1b5
2702 4ee024f2f5ebf518
2703 8f42dca19da564b2
2704 608fc422a5d87a4c
2705 01deb67b72077bdd
2706 c3a9471109abfe4d
2707 7d6463fd3863c481
2708 aff066b74b13708f
2709 d45a01821138d93f
2710 570da52b18e4865e
2711 d9dd8b6ba9b3e77a
2712 856eda2f97b2f9c1
2713 a62998689c960d64
2714 233e923efd5628dd
2715 608376d431f207c8
2716 1d5cd120dd3461ac
2717 274142826f1d8f3c
2718 9e23bf9d412e7baf
2719 b44377b18922c02a
2720 6cfb6a9ebfbdfeeb
2721 d297f1fc756c6a11
2722 83db7d6e09634fd2
2723 51457209d9576cc3
2724 45f606d0d76514b9
2725 fb1e5b123921af7f
2726 28b8c1d577a7ddea
2727 f152541439c6e49c
2728 69832104aa2f47f4
2729 43de514768c3b80d
2730 2a6b6b13b98c59a0
2731 78df763ad5a6e0a1
2732 baa9229a740bad4d
2733 0de73aaad1edaa45
2734 2bdc86a1dc6fc00d
2735 1331edd0f8b0b631
2736 82d9626b3501dc54
2737 73b1217a5139a87d
2738 57717a71ff37da0a
2739 05df25948bd4b623
2740 20c4a5f4c3f2b5d3
2741 e458f250bbab9e12
2742 ec0bfa0c2ae94737
2743 126bde2d8ee4304a
2744 01baf11d6e1a111c
2745 71da26910b2bb12d
2746 ba1f0608917db470
2747 70e72358fdef62b4
2748 f96aacdf5df42316
2749 eac9921ce21dfaf5
2750 4658398ff4d17695
2751 382bd5d6b6ed5806
2752 b7395871e88de520
2753 24c72e78a0eb4aa0
2754 4e66177a53978278
2755 e8f6dfbc3e0d7ac0
2756 a5778a3cdcecd38d
2757 1e65b49576a52d7e
2758 abb115d62aa516a7
2759 0c390b396f1c1b4e
2760 1dfd264d1a9e8659
2761 d872bd48dd1c1fcb
2762 a95f6e96393e6696
2763 f1e4616cf38dfe78
2764 2a15a9f29633deaa
2765 7e9b30d5e4b52f6a
2766 a63274c58d809ba7
2767 b7ef533d41bdc3d5
2768 904a238bdc693c29
2769 0274895136e274fb
2770 d0868838c18c1b53
2771 cc4ffd2040fc6688
2772 8748ca3c327248af
2773 9b7095be66e35600
2774 cf0a78f1ad1ab0e4
2775 e9df028144e0cfc2
2776 923091a66af38ad1
2777 a56a5fd2250fd175
2778 5fd79a5182300fe3
2779 9b693e710470fa64
2780 4e2919d88d8b4b4b
2781 98af9eaa97bb3767
2782 88e7d23571f066af
2783 63e09cfc15d7267d
2784 682f3f98ac0a6a48
2785 06aa8a7a47fafd6f
2786 49f1fe5b6038be02
2787 f7431a4e570223f1
2788 ff1ee01138800761
2789 ee904be83d474a37
2790 961097c5f466683c
2791 1f44901f6d414f5b
2792 304dd3cc08e15af8
2793 a5d850178f5822ca
2794 2339c48744122bf1
2795 3a5b49ea3984a33d
2796 a6e3c86b686cfdfd
2797 78b053b367f3087b
2798 d90589e2a1fb06d8
2799 7e46ad31255e2b22
2800 c1e2be8850086fb9
2801 766dc805d4171ab3
2802 6458e2180247e9f5
2803 5da57a17915111b3
2804 73c842a825f63fb3
2805 e838a521d603b3a7
2806 29e60d4c3fb938f7
2807 0fabffd1b0bea60c
2808 e4bc3da77eed1c70
2809 dbc9fa5ee5b27054
2810 66731c00a6ef45f4
2811 38d71c5c44b6d638
2812 f6a179c173ec0e22
2813 54cf33575542e01c
2814 a6a5a9832b9301cb
2815 ac08093130769b62
2816 2f8baa5aa5de1630
2817 739626a7ad211fbb
2818 1e7c7272f1c72384
2819 16bdb685ed21130f
2820 d841cdc497284515
2821 1d7551e064fb4acb
2822 f27d8df0c57f3677
2823 b40b843b745ea61a
2824 e5f8a1ba54d09f4b
2825 5bc9c5759417b510
2826 59bd2dd023ee2121
2827 04fe890208c38614
2828 371e92f2f139b119
2829 94f09630ac41d7b2
2830 6fba397f69cd817d
2831 e177983d30681d3e
2832 e4db1929a7cce2b9
2833 46c0e7d84f2c6a9a
2834 0826b444e419f9be
2835 be7bd7c333252ff8
2836 a421cbbb489ba801
2837 2346bb00d96b3871
2838 b2b3095645e73dbd
2839 54d517777a47818f
2840 cb09ddbc7c2c19b8
2841 0bf01d26a50ea865
2842 893b56d5d4be55e1
2843 d1640b195926389d
2844 3df28a8d207523e3
2845 9468161c4b6d814b
2846 81778e4b972828ae
2847 f693bef2938f865a
2848 e9fdb72bc36c09d5
2849 4fa6b4c94d6c35f5
2850 183125c02d6ed888
2851 46c6e35c66f4bb3b
2852 5a229489320711a7
2853 687e327235d69bad
2854 90b0aac92a03c7ed
2855 71f6a6c63e4fa532
2856 8c1896866e3ef5c4
2857 40d9b9568da0ae4a
2858 aaeba992ae184d32
2859 167e43af6c3ac67f
2860 42c8720d764438e5
2861 fc4767bd1037fb40
2862 1573970a036dc7d2
2863 50b00f63f2f9a6b4
2864 2152663f57f41ede
2865 bbe67553b66c0a59
2866 9be96c0fc063780c
2867 b4389abdf9071613
2868 7421d605f46c999a
2869 8c0d9c07436b6505
2870 d522236ea488def7
2871 a55aae60602d341b
2872 4ddd6a60f27263fb
2873 252f7a43244041ed
2874 98fe7b1df07f1e60
2875 1ab904a31d0badf4
2876 494bdf77d211178d
2877 59af2efe95cee3bb
2878 67a30e9e947c798c
2879 1356656733b6bb90
2880 73b6416d90c8c6bd
2881 0905c7615ded62a7
2882 572901b680e861dc
2883 e7c212f3539071c2
2884 92550cd1f5423139
2885 b54a9bc9c767d854
2886 ef4b27f915e9d480
2887 4c8b4e64cd78b63c
2888 e198f260098536b5
2889 f5718df56aeb3f38
2890 cacd4e29d0d22491
2891 9dcdda0ba7fae8f2
2892 08399d2e93e77a0a
2893 436516fefa528159
2894 2f8c575c27bdfb93
2895 cd21b99bee2c7e51
2896 cfe232ed4be99937
2897 b66458613d5d164c
2898 e9f04594509216f3
2899 51ac725540e838d5
2900 d3b31428e82fb9f0
2901 c7c77cefe2a71780
2902 3736140eb2d44ebd
2903 dc8bcf98c55f7e7d
2904 7c9be57cd816407c
2905 fd78d79c530a67c2
2906 1b1d9c5c2a8b7cee
2907 821486c8c2848c13
2908 127acc3da1b9816f
2909 b0d70080f8f3810c
2910 a5e1b408facffa51
2911 80bb094c059233f8
2912 c6e0f016b67b7939
2913 2fae6078f4390bd5
2914 cd5a06ed14bc737d
2915 203a6e9fb78b75db
2916 e15b7b2ca3b451a4
2917 181917d5eb17f6f4
2918 850b98034ef1b971
2919 5f807fae7ee86f3a
2920 b444dc09b0c65cb3
2921 267cecaf8d00bd79
2922 951ce33aeb94050a
2923 1a52d32868b6f15b
2924 7d32fe32b25e2407
2925 376556dfcb36e5ff
2926 bf5c88f7f25862d6
2927 be9aa9c72a84e4fc
2928 4c3ca6df861b9b2b
2929 46b298f68f149c91
2930 ca418e8696ad097f
2931 3b35d917173abe27
2932 92f68b162bd7a53c
2933 4487e471ea76b144
2934 09d1c69c46d1144a
2935 a148e6f43b590336
2936 a78846924a3c38ec
2937 dec4b7fae7371099
2938 b84f4579b87546f0
2939 376898d895651f65
2940 fceaa8ada7f63dcb
2941 3aa2a2d120281679
2942 6512c0329f66b151
2943 a3f8bc025419c8e9
2944 fce38c17cd5b5475
2945 2825da7a45d6143b
2946 759836ca845c9ed5
2947 638be74d62dc4e46
2948 92f0f550bf71630f
2949 5d95f7b2d05d9571
2950 c9f790c44d462246
2951 be16cbe2b7fcfdbd
2952 cde4a2ce7c6db9f9
2953 068552a7a9c6f56c
2954 c410629d2f4ca489
2955 de6ebe0c2397e40d
2956 a417137e84381fc3
2957 f371aa48f7668563
2958 13fabe8258673a33
2959 26048336943b3414
2960 270669318fe17702
2961 7db2bfa96dbcdebb
2962 b1320cfbf2a8e81c
2963 7f3a32cb3088a70c
2964 74669f4a11dc4b1c
2965 ca0295071a17eea3
2966 f555e740e842bfc8
2967 b167ccd8237194a4
2968 d65fd6ee91202e85
2969 592afddc4ee772fd
2970 8dfbf20b1f078963
2971 eb0a807007f73854
2972 af00d38a333094db
2973 dd16b2c462f6b1dc
2974 a5856a35572be0e5
2975 c54879f3d37e3bad
2976 a8880a2082b66467
2977 7fc452c7da15b6f9
2978 2fa685bd5333d131
2979 fd92c31d05e6beb1
2980 02ea5bb552ec7cec
2981 86fb4413d8e87604
2982 37c6b94ceeac2c30
2983 51d0e49e6969f025
2984 0a2b8dd8c9fdd46c
2985 143292ccafc14597
2986 461181bfeed87065
2987 a09c4d984c46fb39
2988 af0af9592fa7c03e
2989 5c49a04462c27353
2990 ce6284cd4e59c6c8
2991 f640d1557d9c915b
2992 9d105ca1849e4491
2993 fbc3d270a44bd86d
2994 c5f9ce73a2ebd97d
2995 751d1fe6faaff371
2996 2d2a399e3b217486
2997 d350baf52c1122be
2998 c932407e15ca045e
2999 fb5d85e1449fb68a
3000 518e6cbf5e65e021
3001 e8638633080df0a6
3002 ecfb3dcdf193142d
3003 c0cfdfcf3d49e42d
3004 4602ee1f96da86e5
3005 b99814888e944188
3006 7e8a61bb5837e03e
3007 190b0299144abc2b
3008 657cc604771405fb
3009 6b8530a627c6f926
3010 59574252e975ee48
3011 18052344f8e02621
3012 5963bbfb4ec42e9f
3013 e866589fe0205a57
3014 4e1ff062c668141a
3015 d045dea7ee19a48d
3016 9d0e090a275eaf10
3017 4844c8ebaa61f5af
3018 9e97e704b183a1bc
3019 65c664f2ddb40f7a
3020 1e4448c4eab96307
3021 3155cd14c804e418
3022 9dd7345c8e84a008
3023 fb8ca71225595d63
3024 80fc3f7f3c754a90
3025 a91f1ac66fc62add
3026 b85eab687a1a8332
3027 55a8ef05a8847e9d
3028 b42efcab6ea59bd0
3029 f9360bcdb617410c
3030 82fb78b953024f63
3031 1521d06b8f3018db
3032 e1d02a00dccbc4ff
3033 c75b81b472387d7b
3034 a19732fd5cb6a21b
3035 bc2de84707485e04
3036 1985803892baaa10
3037 cfae0fda3be506c6
3038 af15bc8131319f2c
3039 024f6235163928b7
3040 cc6b4008a5f7ff39
3041 6b10c80b6e4f4eaa
3042 d21cc2cd79dc544e
3043 0cae68f8e3d834af
3044 11a539e57505d010
3045 7ee7ce743cca4c58
3046 f1e5250a16d9c355
3047 f2e0a9f96e603b2c
3048 b3da6491a506f09a
3049 2c30007fc03b8296
3050 f4862b90a52345d2
3051 2b0cc13a0e27fec5
3052 30aac2f0be75f8de
3053 eab6c988099dd8fd
3054 2ca39527499db13d
3055 35d8396e0c78d7ca
3056 3f97342f7c518be0
3057 a1dfb9afdb4346a9
3058 a89ebd257b29eac1
3059 0ac0dc9d2df81c65
3060 00c9f7b85976677e
3061 53ac680777b6ab9b
3062 5ebf87c7b23ef4a9
3063 5eaa5fd494518630
3064 515e6bcc1f0d892f
3065 14cd826b4f8520d2
3066 a7d6faac1061d4fe
3067 a057d05ae8e2653d
3068 f27a686b9cb566a4
3069 c889df33ee416d08
3070 aef94f7db7f463ab
3071 8e37b224f434ee4e
3072 d1033e2b091f1af9
3073 91cca1c46d3fcbd9
3074 014f071affe633a7
3075 179cdf16e9933fde
3076 287204a772d4e9b5
3077 be745a4631f1205c
3078 a1b189d8151b0285
3079 05272111ccd93bc8
3080 7f286981c7beded6
3081 7bc63c3f52b67cdc
3082 1854ee591acf2e55
3083 a6e8cc19c3ccbf02
3084 8093c8354e6b5d70
3085 1d1465688ac29c56
3086 a3c83d73e930e22e
3087 2ccf0967bb8ae378
3088 0c1a215e39e48e15
3089 f715a44a47cabd04
3090 1383feadf5c5d2ff
3091 f4e2ec29df0bdeba
3092 7ff7f20dbf691b0d
3093 bea673621c0860ef
3094 d6f98291609e010b
3095 4811b9fd945ee478
3096 a30c78b861f324ef
3097 709d22a18e8caf1c
3098 51b8ee652131e17f
3099 b315e85f37e6008b
3100 db4a335fcae21935
3101 cc3ddabe77a3f771
3102 475717a15cb8f5b2
3103 712598dd5eb0bba5
3104 e89455b2542cebc4
3105 3d2ff779d33ca471
3106 352c29dc45023fb8
3107 2727a6c2d554f02e
3108 c40ced8eb65853e7
3109 33049dca74a063b2
3110 7268b323754b13d8
3111 d112189a5f7d614b
3112 72dfdbbe6805a85c
3113 d341403e00beba3f
3114 8778499235fb18e9
3115 0e810783249c2463
3116 22fc6c72dcc84c8c
3117 e5736b6d6b84634e
3118 be00c80d4583416e
3119 27a19ef12ade4eab
3120 ba4876bbcb06f50f
3121 4f4b76593eca8809
3122 861044fad9ca78db
3123 75a9a5962e8173ba
3124 45210b36b7eeb70c
3125 edc3a67331befaed
3126 ff33b9d793b5c6e6
3127 ee283bb1c5f7542c
3128 d1271dfe53cf721a
3129 32a4a050f560ff3e
3130 4dd896e599e03895
3131 0f5edb30508d4c1a
3132 32ea4230ed5632ad
3133 49ffeb5a390aa0d8
3134 6c0289b66526108b
3135 f83fcac9e54a4035
3136 8d5c256fcada2d2a
3137 8922ec466fa9c8dd
3138 81c35cf4a23ef5ca
3139 6eaadc631f77e8ea
3140 bfd0eecf73f55ad5
3141 1c5ab87495d389be
3142 a9ff6f08230e7f52
3143 6ec85dc69adeb62f
3144 43c9022e635e02d0
3145 15c2129440f7e76a
3146 36cd60ff4aa3aa7b
3147 d08cb2743ea00c66
3148 182fdfa02f218bfc
3149 99be827cd92f2265
3150 4c226bf0e1fc004f
3151 76fcae4d49e1ca20
3152 71b71903188ab811
3153 253bda7072194566
3154 929638c1f547f2cf
3155 39d7a37ddf849a1c
3156 b65f467076770640
3157 05efcc9986f33739
3158 5b63006bb28ab0ef
3159 93c46ea0011e0095
3160 4fb677f1e205e3e3
3161 86e920e67f0612c3
3162 a95e7287342633aa
3163 39c89e12021eb2ae
3164 6624eb03968d7fe3
3165 2ba8f3f88bda8b37
3166 81cc8838a0993e9c
3167 7f278625f864c271
3168 52786d317b39b4a3
3169 cbedd306f00668ad
3170 4484596f6f7b440c
3171 d719bd6ff9b4bb84
3172 248e147d004d0fb3
3173 eeebfa0797471bc7
3174 d352d99d813421c5
3175 931203f4d24723a8
3176 9aa0a7a5da13c03d
3177 a42d59dd5285f22a
3178 d0603f6000ca6898
3179 17f8b1fd7cd0e1cf
3180 5fecbbdf69a5598f
3181 a30cd5e628a3f343
3182 acb40b2f4cb51707
3183 44b9921947b05b0d
3184 49b3d0d92c07e0ce
3185 68f14dcc85bc1f53
3186 7d3d77c0efe0a6d1
3187 817c8e874e279a3f
3188 b425606f1b2a1c00
3189 64bc7bbb274d7eb6
3190 91dddfe10ac4702a
3191 13f246eb37d6c4f3
3192 c9690701d6afeb6b
3193 b04b5abbaff80809
3194 5c19469c0db5d835
3195 026e666f5805fb61
3196 73816b5dd33b83da
3197 9b0974bd30662577
3198 ef995c9e89b7caa9
3199 b3a0a8d78d335215
3200 553ea516c7543bc9
3201 2ceec4dd0afbffc7
3202 3fd55117a1602c9f
3203 8b9909e7f54f1063
3204 380ffad8f194a1d2
3205 d6e865f3d6408e0c
3206 5cb0e1d921cb6537
3207 7af50eea1c850f2d
3208 4d9d05d0b0559ad2
3209 9a502d2ddc423886
3210 c32411df181dbdf2
3211 fdb51c26e5cf518c
3212 f4057869e30b329c
3213 89da60db25e1951d
3214 94d07606823c33a8
3215 e8f41e509440cc0f
3216 c5c3553909870436
3217 0bba1362467e5350
3218 0fd6443a19fcd1bd
3219 429d6edf9d81e1d4
3220 f142dea7e1d624fe
3221 ff78421c62d34924
3222 c3f54dc5543f0a66
3223 96e06d89f5dc03a6
3224 134d790196499bcc
3225 58b601b0cb1cb5c2
3226 995fc50834353e39
3227 fa88c7730c4a477f
3228 f24734396d37e9c4
3229 3c97fac0138f0019
3230 d77d64421b75a754
3231 e051358318c28d1e
3232 9a633bd34f94d475
3233 f86a2d1655d32ae6
3234 d84768c2b3dac1d2
3235 04fb47ccb89e95a0
3236 162c5f943aa9bdb9
3237 d39082c8b522b29e
3238 e17599d5c82ba4b9
3239 2feed1d673f7b4fd
3240 654fbd1382f0709c
3241 52c89f22ef8895fc
3242 78de2b5c452da41c
3243 5fe7e14a1b05afe3
3244 985d3d5a7b6c3926
3245 cfd99cc1a6eaed40
3246 9e21c693382bfcd9
3247 a222226136f3e4cb
3248 8db6f18e808bd683
3249 a73eabd0b1143af3
3250 8de6514257f32480
3251 626f4282828977d1
3252 1d7e03952dbeccf3
3253 c66d93565dbc894c
3254 664a013596fe7db6
3255 0bf63d489dd2d451
3256 2d6feb461159481c
3257 453d0e0e9a63bc6f
3258 f7e31e8b43b96163
3259 aac384b8f7be9a7e
3260 7ef471e6cee96af9
3261 71b449bbd17a703c
3262 3ffbeaef53f82d4b
3263 2490aa8980c7bf6a
3264 37e316642cd00f64
3265 bb2c5dec986e88c9
3266 77aef179502fdfe0
3267 91ede37b6b634ebc
3268 2a64a67adad09ea8
3269 02f647c6882791a0
3270 19123c6959398bf4
3271 911203dfd987e20b
3272 fcc6d9e3354eb224
3273 15c01e5b1129b7b6
3274 8fa211cc4d097204
3275 7256fa2ce524d12b
3276 5d050bb5407fc99a
3277 aa6db8d627db0441
3278 d6572bf3fc3618b6
3279 c74efcd232ca1d31
3280 a361d1503e5bdac6
3281 f43449ca4d0ad83f
3282 3f403ecca41abb89
3283 43d1b0fdf90f1b58
3284 7b2a2265936c93bf
3285 8743882ca9dd6c57
3286 d9346c8ed7448e95
3287 75f8f657e2f7756a
3288 afc5801ebe7c330b
3289 d3ea5acb24734637
3290 50ef443eddc1f71e
3291 d3fa68e626bfba59
3292 5608b92c814bab6c
3293 5cc19141937ad426
3294 6869ea95d33253fc
3295 b05e21814f226059
3296 35b126246955f2d2
3297 dc7a129e722747ea
3298 27fe084a93f4f457
3299 64a3317acff49313
3300 b6489fdae463bc55
3301 764bf52c73c39999
3302 764ed09392262001
3303 44a828e05f3c9c2d
3304 8fb7a7061843dfe2
3305 48fb7b3677bc79c9
3306 e7f271b1c7f0e32d
3307 2737b87390126d72
3308 0b00d1471f2d4c98
3309 4e0ab08319f08636
3310 09b7f3340b2fd934
3311 bc8fcae9aa542895
3312 2e9b2c824a6f53fa
3313 bd8a54ea6fd0e4cd
3314 fc82521fb2e5fcd4
3315 4004434b474eb197
3316 56f1354add37f6d0
3317 b3ba7a74f9ed1177
3318 690cc17325fb871e
3319 4f3908cbf6538b3c
3320 5ef2eeba8d60bdb4
3321 473087d52486af3a
3322 485614d78c03a25c
3323 9dcc41bdbb21934b
3324 3836038ea28558f7
3325 35600424a51f6f78
3326 2a7bb87673140fac
3327 699e7ff0bcaa43fd
3328 2fb84500f94b7af1
3329 ff67ecdac7e70719
3330 f8be8134e6b4166c
3331 e357897c215ba781
3332 f25670b138de2998
3333 82a66df4503a351c
3334 66607cde3ff8403f
3335 57e63a9fd5922c06
3336 ed6515472f9830f2
3337 72a0b7fe40860c6c
3338 76f443d0068f22d0
3339 8f49c5be1e650b0f
3340 f3cdb1759783ecd9
3341 fa2c497bbd902c03
3342 6e6a2ae150312276
3343 102c753fc4eb8359
3344 a8c381b74f54bf7e
3345 dcb54cd01b0263d7
3346 87baea07572676ad
3347 72336b1126fa178a
3348 30eb5e33e2058f0b
3349 e8f95abad6c9fce2
3350 22dd0e9075f48be4
3351 e14223dde35bd177
3352 6ec5203ea8b61fab
3353 717c6dabfcba2942
3354 9f04cad4c0027e48
3355 6a64549d9943e2e1
3356 4e3fa549748b3c68
3357 ad3acf3b2c4c0b2d
3358 065f43be15db6f4d
3359 0a193babeb472d89
3360 656bc689034d7ad5
3361 6b6d9dcb61a490a9
3362 078a37a032a37b8d
3363 e4cb6496042ac62f
3364 4f6185aa40c8268f
3365 b83531f1d7b56481
3366 0bed8f4124be2561
3367 de86a7f5e8b2017a
3368 5c80533952702be3
3369 ae7d841e199b1258
3370 d7dfbc0d1d0c4c86
3371 98de5fae39f06612
3372 bb3df96f7bedc822
3373 5f7bf4e7394c0049
3374 5f11ff6b03223610
3375 42fb5fbef11271d8
3376 28c8e5aabe88724b
3377 e082f6bb1a4501ee
3378 3928e28b24f53949
3379 36589809e79b2a9e
3380 4baa199657659f1b
3381 cee60b74e4f1cc12
3382 55edf2dbaaf31ddc
3383 a184be87c5d5e8cf
3384 4a57dc5aedfb73e7
3385 0772cc71433ede0c
3386 b2cc523d1837775a
3387 ed12eb778501613d
3388 d4a5c5e7eb1c20ee
3389 f962838783a04bcc
3390 d0ab253ef748987b
3391 280e5f65234887d1
3392 2ff6ffd46b9c642a
3393 2c221acbe6dd03b1
3394 01ca3f70c1bcb107
3395 eda2b99973c44284
3396 cbbd7ed3b8af9642
3397 092006e892c3b31f
3398 a504adfab1c39073
3399 0b1e5793a61c89fa
3400 b90ed72cf82e4a29
3401 7ff49eb178b240d6
3402 8052dbb7827deaf4
3403 3b4e25b721866272
3404 f8ec7095054de424
3405 98cdfbc8b0df2463
3406 03e8d7ce97947676
3407 b8b2f69c64f07d4b
3408 d1e6462b943dd7d3
3409 5e36000e2b0fae45
3410 0d44ad31bc1c596f
3411 1eb6cb3c38376732
3412 0a703d8a36cbb0d7
3413 dbe44d28529f5819
3414 983fd4f68f68d01c
3415 7f43a6568aa5a20e
3416 a258e92d3d882996
3417 a76ed6143c6714e1
3418 9dd3aa2a5f147d4f
3419 aeb0b42e23dbe7c6
3420 3da470295e321393
3421 540208de732232a7
3422 6389e806bfdd8897
3423 3a56afa585e10a30
3424 65dd24b4052d6c4c
3425 b45bbc5c1f774177
3426 d8f6ac517c4b72ef
3427 52a0aa7c38c32ea5
3428 3ff9927718e9c519
3429 dee1204c614cd005
3430 15ae79d556d43bc1
3431 b6466287814b1798
3432 dfc9b8318b1fd92c
3433 1b740dfaefad85f0
3434 792344819da54b06
3435 10f58eb250401235
3436 7dea34a023af8538
3437 e5d653b11808b2e7
3438 b1fd0dd2581c817b
3439 facd2ec475a2af93
3440 132181b2026be4fe
3441 f911451742e14e17
3442 d47e5ab673c83c05
3443 9bd845083229bf0a
3444 c97db43f6185fa65
3445 1bfbda10afc6e4d4
3446 1a7f92bf3aa81aa4
3447 1ec25fdbbe922c34
3448 f6a66a1e5adbaa17
3449 3d3f11b24a3c83b6
3450 eda514fd7be1a2c4
3451 a255f6e3ad3da99e
3452 ba7b8a4afd5956f5
3453 77cb364aa2501bbc
3454 2a1ca5f022d2e04a
3455 5330df28a181a383
3456 d5600d0353b33b36
3457 ca310760b5011243
3458 b20a7adcc75afee2
3459 1c5d9286986eb61f
3460 dc494908d8426335
3461 2039d77f62cd0a6f
3462 630a1ff3f1d4eacc
3463 b7f5f548b8d65fdd
3464 bea9c463e025d214
3465 71ded419c680a32c
3466 17069615f2f3277d
3467 604a0415a7ee9787
3468 cd9aa087abf0f054
3469 10a1f6e154f8bfd9
3470 67437112622d62c1
3471 91dc3ac162efb128
3472 74ecaa0c728918b4
3473 0e03fbd01e596e07
3474 52e27ae721342195
3475 170e513584dd52a7
3476 b788ba5e520e37f9
3477 5fa97107e488ddb7
3478 da631300b6fe38a2
3479 067f63d6d822a4d8
3480 f46d42e4b0fdd022
3481 57230041c795bafc
3482 0ad7e3c81e3cbc72
3483 bacd01e142aa2480
3484 bfe53d2be33d71a8
3485 cbec1eff4752e88d
3486 9fb226ac0539d6da
3487 5022e786b7ad5b94
3488 e62e48265b0a03a8
3489 96e512409853583e
3490 3a3ed45182aa4ff0
3491 fb2ed20f9084ff81
3492 70210c6ab84a825e
3493 d31523b934e3290b
3494 f3e9a452475274c3
3495 fe27c2b973156a51
3496 b240873a35c7a3db
3497 f9bee1420fcf99a6
3498 abdffba6e7dabddb
3499 c3b41c0b3a1083c7
3500 91e48b525ebdc876
3501 5a88a3c728752c68
3502 64754c49f95f43ae
3503 355b5538beabe3fd
3504 04dcfcb81f655ebc
3505 e937eb175c88d6c3
3506 e0ca705567e9753a
3507 7c89b57d7d60a73c
3508 f2e2a80696f32b15
3509 5f7b29e28076e9d7
3510 51749bb616a72fe6
3511 07e9fb405ae8017f
3512 cd59d4093db6ca21
3513 270f8c2c5faa097a
3514 6a2d3801eccb39a1
3515 22f9c961d51be81b
3516 9dbe28d71479852f
3517 f57b841f90f9b28c
3518 9826f5dcca06f031
3519 1ae964a261fa4347
3520 99b837d9d375fc5e
3521 bc46dea8ed027e67
3522 c2dc08b18f0c558d
3523 b2b7e68863d96096
3524 3ce0b1641b949572
3525 61c9446cab789356
3526 035ca4ce472b88d6
3527 443d9e35426485f9
3528 e88c9dc24e47e882
3529 7d73d8e6932a79cf
3530 b40ef7edaca40d1c
3531 02466fa54a0e2ba6
3532 1372ebba732f829a
3533 fa133f025c80518b
3534 51509d61a1675bdc
3535 761ed07613731a07
3536 5bef907d871d3de0
3537 1aa12fff2fff0d77
3538 4682a92854152a8f
3539 c64b2b31a3172575
3540 523249795d359e77
3541 af5112afa80e0f73
3542 14ee21f2970f3e7c
3543 adba01e848ad65ee
3544 73a4501856dfd255
3545 8ea02a0e121933c4
3546 24198f010de79e94
3547 d490b7754334dee1
3548 9cdbd60de7f5b4bd
3549 d39f8aa2ff289720
3550 4cf753a971a179a2
3551 3d420ffe7d21031e
3552 5e2a8685baf72ce3
3553 2c3e30ea1b74c587
3554 4e87e55e1cdd38d4
3555 037dfc336a8ea828
3556 be1f570497a7c419
3557 31e40baec1d026b6
3558 cbbcb00bad7d23c0
3559 e8af33f8090b7b73
3560 0bafe46055d6ccc1
3561 a733a9e2b8d892b0
3562 cf17619826fc7024
3563 7f935fa80c458709
3564 99e1b01453fa6370
3565 615ae09443bffc86
3566 6e557926227e0339
3567 04a96e623b0fd023
3568 dd88aa63e26dbb26
3569 ffbbfeb877f261a0
3570 f5d0c1e39d39cf23
3571 36d23fca8556000d
3572 aa7a32590a73d8a3
3573 eda3b685c0552455
3574 e47c29da835f9c04
3575 e8634999fef1a84a
3576 673d897bc37cf88c
3577 1e24a99e36c84e19
3578 66b37801fe373358
3579 514f8a668a245c94
3580 c49ae8498851eeda
3581 99d2c8653049201a
3582 08bd2cbaf4e4ad87
3583 6bf8459810dfeeb4
3584 b802357c5508b071
3585 ab982222de6010ec
3586 ee530a234d30a7bb
3587 9d1ae77c7c5e91f7
3588 0b3006fd3330789c
3589 0bdd1ac087226669
3590 305268a4dbf8f293
3591 4336e12cb567523c
3592 51def2a88812cbb7
3593 bebc6cae4249ee8d
3594 9a85806d5da78364
3595 d7b02d784a2537d2
3596 4218d0d7b85500a1
3597 4a10e5d6ce2baa8e
3598 4ac090432addf036
3599 f5cc9589eb22bfa4
3600 d2844ab91cf8144b
3601 9d4407c7147ddc0f
3602 5e69b8e24b3dc36e
3603 d319d030c22a7c24
3604 c20bd555dbb13ce2
3605 46847cc1f420918e
3606 1fc9379842c44cc0
3607 116ac252f23fd36c
3608 15c52bacc17d82da
3609 7c9c5a34e591c7fc
3610 e4d5916515804814
3611 9b6d32c216d5b00f
3612 45c8991298e3e979
3613 93d14d5af8fbada6
3614 728959eecac6e857
3615 f9d0b2138185e599
3616 a8b9ebcb2c4ed550
3617 23a10f307f469c7b
3618 84fb81d28d577bc6
3619 84c94170ab9c1b52
3620 98680c32eac82ac0
3621 12de4e1ddb803159
3622 6f1aae645c1d73d9
3623 e32dcf2a904f0e8c
3624 37ae9d537e826a28
3625 3c9a9b75f3fbfdbe
3626 7bdc6bb4bcfb1de6
3627 db184030ddbc8ba9
3628 5b6bbf6471675e82
3629 2c6af32880313e0b
3630 8c2a67a901ca5f75
3631 5bf98dda6590af7f
3632 e69db28dc2db2505
3633 0e84410ce30484d2
3634 d32aef347863cf64
3635 fa13ca439e986f93
3636 7cc43a8940dfcf9c
3637 76df5653445760aa
3638 9c82d1ee2dc14dfd
3639 bd4fcf4ddec86588
3640 9ca730e4c0f84aba
3641 e55ee283d7468c94
3642 b25db9072efd08a8
3643 a3604c194d8fad71
3644 bef693aac6bd68c4
3645 d5fad0c4dad2c2d1
3646 3b838dd78903c4c3
3647 154f20acfc75ccf3
3648 fd5739f0181d63b1
3649 a180a4558aa17ba3
3650 872b20040b48332e
3651 8f2a66703b2380d8
3652 ecf1b2a4169402b5
3653 21e66948789c1475
3654 0b35dae80014751a
3655 f13845bf6ca49e60
3656 b4b67650ce3b2fd9
3657 f2b72207b6b7a39e
3658 7fd44523b6e93ddc
3659 d3b4dccc063d6eba
3660 f9566ffdeca2714f
3661 f5fbd76fb8a21f97
3662 a9dc83199437704d
3663 12c3071e43822561
3664 987cdf5f68ed4409
3665 42e05800a43564f9
3666 95799a7555f4e9e3
3667 ea831784553f4b53
3668 c195280feabf5eb2
3669 09868cde17f706c6
3670 884f167436ece710
3671 c83129d7fc9d6aaa
3672 42f58da7a34aba23
3673 e53bfc72cbe8f3ba
3674 fc4e3e70bfea595b
3675 e1b5daf9817c8d68
3676 f146c157169ba031
3677 41546f499c3f271e
3678 04854d0f2680aff9
3679 34a599cddc418fc5
3680 fa579882f02725ca
3681 f8a07676a90107d1
3682 606da249cafbe4ba
3683 4055872ef6a0bf27
3684 2912f75fcdfc0f5f
3685 a770ae6089e080ae
3686 eea983bc0d962216
3687 c57ff04e5cd9c2c0
3688 db86d28dfd477242
3689 082c51a44813737c
3690 200da3c0c2b2a0f9
3691 3e14727a5d7cf018
3692 d31bf403fb2dd382
3693 6d6c327b43e61121
3694 f1dda0ed75ddb8a0
3695 a7a606757b76d4ff
3696 4a3518045a868669
3697 eab0982f0c6fac8b
3698 623f4e6a40214230
3699 7fdafbd48b5defa1
3700 4f3b40973fc50bb6
3701 dd70e34640fb1bb5
3702 75161dfa0140d28e
3703 710cd40b7c28f53f
3704 897fa7ceca15da95
3705 d9413e7a88526273
3706 90f5c5956f31d807
3707 497f2510e7fe70ac
3708 8afec1d2506cacdc
3709 138ae1537d776f2a
3710 e4ef84b7e79f3f0d
3711 1dd232b50afebd67
3712 dfec35074ddfae40
3713 354d3981157d37e5
3714 f2c83147c4b2f020
3715 c325c7abd29e9192
3716 f1c73c08fad788b4
3717 2b261662eab60658
3718 5b8fa1d5af79ff99
3719 c53c6bf80f992be8
3720 6d556f01d426dc9b
3721 df8c9ec2eec068cb
3722 d38ef979d60e9c7d
3723 c9625f5febe539ca
3724 71516595e1376d3b
3725 7db9ccecebbfa8f0
3726 6b19119af201b5f3
3727 2b1e2d4884d4e164
3728 12526c8474d7454f
3729 c31519867da6f945
3730 982fd47a54367f4d
3731 1e079bbfa1dfbfc0
3732 b5c22488675570e2
3733 2414067bb1e82230
3734 4e73f82d0910ec26
3735 79a14a0b7a366460
3736 aab22dd6a9d965bf
3737 f734a6c29f6d943b
3738 a1bceab461ccce64
3739 e5a5a6d9c807d6c2
3740 d12ab352df698a7c
3741 677176385dfb313c
3742 14a8dc5129c28729
3743 ebfafe0be5cb5b61
3744 898ee3808112d40b
3745 3b1622c20c8d9946
3746 0e623177cdd03ba9
3747 b82b1a48ffbb526a
3748 7c9341ef647968c0
3749 e7afc7b3eb0771d9
3750 1cdcdb16be0c0543
3751 f85b24efb2df36ed
3752 fcb838b5d11dc901
3753 a7e4567155a09e0f
3754 d99e6dcabf9462b4
3755 b10cc689d9f62860
3756 9364dfdb1ec1f0f2
3757 83a864ce1923a3e5
3758 517024a325f93e47
3759 003f48e768f6a9cd
3760 8f6e6d79757ab754
3761 627220ac7788eb9c
3762 5b3b5a0a69aaa987
3763 3740d59ca9949d88
3764 56c20412c029d683
3765 e331ade45f66d87b
3766 32e078c4d90b268d
3767 9020d8be8f95a4c3
3768 857b11e3a083b630
3769 26747949d5d11f57
3770 9e6100aeefd07dfd
3771 c96ae0178e4ea915
3772 8e4c7853b89d46f5
3773 56658b9d1911708e
3774 261a5107ad0cd86a
3775 6e851df3606e0169
3776 8d241a2c990931b5
3777 a3ee80bdae462e12
3778 72894e9661c0b6a0
3779 c4d7c4750b5f1d44
3780 41a0d9499d2afa40
3781 66d02391e1ad1257
3782 f6bbded906ae44fc
3783 811f49a6e53b711b
3784 5b88701183b6d9e8
3785 1ef824762d9a1380
3786 0cd63f841f6298fa
3787 2efc3c5c85d58951
3788 79d0c40ba543c57d
3789 66755dd9f6e9591e
3790 8ed3552cb0e20f5a
3791 fe6554a5286a7fcf
3792 79f1e32557a7ec88
3793 9ba4c3a028ab5b94
3794 efa30ba5f18c6840
3795 28c263adbb188336
3796 240672ab913dbd2e
3797 d438280738b64bb6
3798 8a4ac9387969c357
3799 4014d3641a8a7498
3800 b26343c05561a255
3801 22fbbb2536b0ef79
3802 384f58d145e75b94
3803 43e5b7b8720ff93c
3804 dfbeba79489a6373
3805 5ea23c6216d68294
3806 6424451d7a2c310a
3807 2267ff84206d933e
3808 a597b2f695028887
3809 7b432070176e4afa
3810 5e359747eebc06c1
3811 dad2c77a0e25c9fb
3812 c4fa19f90dac87ca
3813 46d7fb0ba4dd3546
3814 fbcd01e7ac94463f
3815 a566eb3b1a8acfb7
3816 b1af115664ef2a13
3817 011a96b4a57de6ac
3818 e29b8d13eb251cd1
3819 842874236a73b081
3820 547a6d5a776808bf
3821 fa49a928fd07c549
3822 c9d31cbeba143291
3823 82c5795c56d6d70c
3824 f28cb71fb2dbd570
3825 3a9f30c50b367aec
3826 e9d5cbf005bcc622
3827 8d214313ec8dd974
3828 f5571d47ad18ccb0
3829 a17d7f36ac1d56ac
3830 f054eeaf431ddeea
3831 660b4127f3ed5f59
3832 c5fffadc3cfa3e2c
3833 95af66bd8df69b5c
3834 3d8787341c09abc1
3835 dabb23798b6ce897
3836 0a97fc05b20242d5
3837 2d98d2cea3af2822
3838 6a742b535e4aa482
3839 a4c936cf28295bbe
3840 08103625fc889170
3841 67aa12367adc1e52
3842 98ca288cb2533201
3843 d6abb74351f67a3b
3844 5d911c4e7aeeffe3
3845 115338badedb319d
3846 b323d4884e4e1afa
3847 9091efbe1a8edbe4
3848 70dc7bd5d37d3a31
3849 357e186dc2153c03
3850 bf4cc6ac741e4b8c
3851 e11ea80e37bd089b
3852 01b64883483242bd
3853 d30c06ad29928621
3854 5518ace5e6d94b22
3855 174f5ba7dc865db0
3856 e3aebc1333fe5f5d
3857 58a935efc7f73d60
3858 606f8808624a6839
3859 373c994fbaa4b593
3860 d4faef5289eaadd5
3861 155eeda06caecc46
3862 4306cc06e6e19d65
3863 7a0002429d92b547
3864 70b1796b111f0fb6
3865 09616abf55ac3d88
3866 90aebb012aaf1ccd
3867 cec8cf67c346da6e
3868 1c65a39823febb80
3869 debbf7d854b46cbb
3870 97d738c0281ac288
3871 60d48a41de9441ce
3872 2fc1e91e33b26d1d
3873 f574a714d5131737
3874 0224c33507ec40ab
3875 a664539aba2989d7
3876 31f83d7cd08215e0
3877 01eb8213a22ea872
3878 647d9da2054b5ed4
3879 4b562150f877c7b9
3880 dc3d06e90cda48a0
3881 5b3a8d9d87ce4989
3882 510d920fd6ba9d7b
3883 fa19107c389c80ab
3884 1480adc8784fb411
3885 f92dec9f92c78c30
3886 8d524a6273ee3e96
3887 a80edb3dff80d2ea
3888 45c44bd25b8fee9a
3889 4effd030f2ba9ac0
3890 0022c0c4e16ebcf2
3891 680aed14508872da
3892 716b4cc551620c41
3893 e0746bfc1a329cb8
3894 17f21bcc95ad65d0
3895 453dbbfa1dc78fcd
3896 3a40baa286ad76fc
3897 637966e04960ae11
3898 0fcd619cf132bcec
3899 4854a77013060a9c
3900 377d1aebbb3a1f03
3901 050f18424795d042
3902 ef93f0ae28f8312b
3903 88b0ec011287e438
3904 ce29fd9f309e14d4
3905 b770fb160b8d739e
3906 b128b11ea8542a04
3907 d6943b8bcc0789b7
3908 7765164771c83bec
3909 8dbdf0667df1a158
3910 32c12d7f19671b9a
3911 9d954dad9d06cbf8
3912 4c171378f77e7d24
3913 60f63fccaf0c5aec
3914 d005bbe90e0115ea
3915 f382743d057a15fc
3916 c739b94fa62abb7a
3917 4795b6a688617f9f
3918 3be5a042ba5e51aa
3919 743fd95665902bb9
3920 0aa03a5cb28f9650
3921 9a96e298370dec4b
3922 b298a526619def71
3923 3b1a18e8e1ce9fb8
3924 d6aee5fdeaa19edc
3925 fdf0c643fd338d74
3926 75c6cebb76fc9372
3927 f17e849f0759b945
3928 67745d14d7ad9c7c
3929 54e9c037691113c2
3930 b1bcaaf2df70da36
3931 fc6a2a49f3bf18a1
3932 5a8f6865ed9e3a10
3933 9e526bcda923d4f9
3934 f9bb574c2651c374
3935 4d662ff8c0a38523
3936 3bc30bc21375c2b9
3937 e294e0bfa6fcb2bc
3938 011ba48a34b77219
3939 1b27a692b5a6c46e
3940 e47dc272f22679dd
3941 d81a48959f82bd98
3942 2e9f4418b5dcdc57
3943 efbf49cb090c7221
3944 0762d94f1cfd847e
3945 cc59f3ff5bd467ba
3946 70e50e187d2d8b58
3947 7123b78fdd12ec40
3948 870b8498bcf008de
3949 32b08327bd972271
3950 6b9e0e1193d0a395
3951 bda044fa3979c96e
3952 f75e12450b7c7692
3953 437a72d9a7be85ac
3954 098deae8dc981cf1
3955 597e4d810729f316
3956 81697f9aef6b8565
3957 12a87d0271ce3b37
3958 476610da543d8272
3959 8593ced2bb31428b
3960 5d62c2e82df4b3ad
3961 4a7b23f04875a6b1
3962 90239aab27bcee86
3963 ca4652149aba1152
3964 8dee3580d144515c
3965 9a1df2035efe471c
3966 62a6c1df4f8b61a8
3967 fcd4a2c519f19dea
3968 6e79e45885d48311
3969 39a1bedeb428d8c0
3970 2e71e6beceb95a5f
3971 8ded991e3bcc648f
3972 eb568c02e585ec8d
3973 6ab2deb6a718d177
3974 51a623344aaeea09
3975 5afd513913540525
3976 ba27f476ae250df3
3977 fdf55e1f0594c51d
3978 21d7b9e9d9f1c99c
3979 c59cee0f8308f78d
3980 974d11a3fc0ba61f
3981 ec21d681465a1902
3982 c5fd3984805b4384
3983 f79235e7a6198bc9
3984 68543da92bffb756
3985 534e7697e3acb91b
3986 1d36b6a958d78fc2
3987 c428cb7d75e64991
3988 b142d49fed57af18
3989 46e0dbcec4f25aca
3990 7388d56371f2f892
3991 0b9068be00a70602
3992 9286739ca623b3ea
3993 911a089a23546c53
3994 82f54b9923c61ebf
3995 2c0d562b759ba7da
3996 efd006aab9762bf4
3997 47272acb1a05080b
3998 4f3890195ef97853
3999 5642a25379874037
4000 b574dc67f7b78227
4001 944c1a47c2e4875f
4002 b3f256803d710088
4003 4861706195c97af2
4004 fb16ff83dd0ff1c6
4005 c2b1920a9ad356d6
4006 d2b885523498cda2
4007 5d72b1da7105fd1b
4008 b106d79f25730b98
4009 401557f1b2983203
4010 a0a6e9b00c68e172
4011 4f646453568f0f88
4012 b4a36cf63705be3e
4013 e0e444fbd8b09584
4014 840d194e78acfcb6
4015 7b734e3bc631427c
4016 1be8195d8f44e3b6
4017 f211cc6e37d26563
4018 0bf38438cedf4482
4019 ac8caa153684d6f4
4020 837d1fba4378bc3b
4021 85d75d1bb4384a02
4022 70fba86129113f82
4023 b5112066b43d170b
4024 8c4b6f0bf91e1fba
4025 ad6c7b2f8ee646fa
4026 a6ca228f3199e794
4027 12fe523a3afa5521
4028 ab733b1899553d29
4029 7660eace0ef1af62
4030 1112f7426c2af0aa
4031 cf6baa17f53a4050
4032 4c157883dda57856
4033 056080047b73f809
4034 9ea5eb3bcdec3b94
4035 68991d7a10499ec6
4036 9420c104ff2fcf1c
4037 76830baaa5553c3f
4038 842927974f90fc7b
4039 54ae109612c1f25e
4040 ea0d5e00f64f09b2
4041 19270da3f0101007
4042 b2b12288d25b0c17
4043 507a7fdac09cd20c
4044 139bd114e1f9ffff
4045 989b24e716e6d673
4046 ffad30eb643e5d62
4047 39a3f3fe1f231ba2
4048 cc8028be88b782f4
4049 7b2898c153cf0afe
4050 1b48dc1751ca8801
4051 d768aa78e04408b4
4052 45422db792b3bbe5
4053 b95c1234942337d6
4054 1a859fc90f225280
4055 68b36a0544514464
4056 ad1c71b9ccfbe30a
4057 e3e0bc3b19f6e2df
4058 7c4d4d3775ec7278
4059 9dac2d9a3fec2fc1
4060 df582e96f0288cf5
4061 9e41d5fd02643882
4062 c0589340dec7527e
4063 f55e5a2da7b7d11c
4064 07be7fb165866f15
4065 bc5b6197497909f2
4066 df9877ac1267cae6
4067 24124ec5ca463be0
4068 3774a1fbbcea572e
4069 f3c4774f30b04240
4070 7a4c66ea5a3608e2
4071 0096651faa8e8d28
4072 23be069e2992c1c7
4073 6823ceb585da3f4c
4074 25e5262787caae1e
4075 de9239000c88ab58
4076 4e6bba0a5d6789d3
4077 91c696a11aa4aee2
4078 8a8ca5bf1f1a6832
4079 2f9f9ff08738206e
4080 55bc84591f8be1f0
4081 832ce897c8d20652
4082 83f9be787dad8b37
4083 7ca0079688711af7
4084 3deaca52158df990
4085 87cc81ff472f4986
4086 2ccf511aab4f02f8
4087 f4235423f74e1f09
4088 021bff77e015eacc
4089 904bc8b9a88c67d8
4090 77f98c1e247d9917
4091 fb51b52558e19baf
4092 18eabfd4e754a3c6
4093 53b12b8d6e027881
4094 f0afa24a0ebc3270
4095 86d3ade2d40a1608
4096 3c2a8aec3b622b2c
4097 8f52021e7fac02ff
4098 2ec8aa6b5417eceb
4099 5f0d08e6be6a3741
4100 c40690211d89a3a7
4101 b1e4ecfc07610242
4102 e32a035e995fa826
4103 cd977965e26fdcc3
4104 db94a6a657922a65
4105 6a06228ebe3ff58c
4106 1030c7ccd4fdae9f
4107 5089deff5bab0ced
4108 954b77c9b24147fa
4109 607761567c65a97e
4110 bd370b241f5d8fbd
4111 63a22adf2a3665f0
4112 be152e2613fd9c42
4113 f4576de36538fc1d
4114 4792d0c1d14d36e3
4115 9bbef44e9aad8375
4116 fee5444c23d65223
4117 64caf3320ff58fbd
4118 1986792e39f4ef0d
4119 d239ec3eabeac1be
4120 8b3d93bc3796fd57
4121 46ec0e41d257249e
4122 6d066dddb075c395
4123 688e7a7b97db1c74
4124 7aaf34ff63a8ff2f
4125 2526bc222b112e60
4126 751abff11cab85f2
4127 73e0babee11181b8
4128 b2829f7ace5dca0f
4129 514a41629bc7a1b2
4130 1ff012cb9b6a0264
4131 db7b5d932fd12d83
4132 9178645e1a0b8e62
4133 f82488992cfa087d
4134 36ec3c86b48107fe
4135 538d18eb85c919db
4136 8dee396dd47a2df2
4137 a34b1ca0b5395ef2
4138 49d6f9685b28333b
4139 5c15f3ae96162924
4140 05212d9993c16223
4141 f7c73f9ed7efe8a8
4142 add7415216467a47
4143 e26ac12272922952
4144 e87c3fac2ca48cdf
4145 e6763804c66167ca
4146 c4c3f8381dbb6d57
4147 1d009fd396a7f767
4148 0c411353738ece97
4149 0e8ab20c6787fc3b
4150 aada31a3eec79dae
4151 48f4e3a9e71a80ea
4152 c897dc42d9ec3736
4153 cc60903bf3c7e196
4154 788e995e4971107b
4155 96eb29e60cbe65ab
4156 7f704b687a62045f
4157 407fbda3190459ca
4158 e4616947b8aa0052
4159 1ce156859d7704f2
4160 02e03bbb12ebe93b
4161 91102b7a1635d4b2
4162 88e2cce9ce9de426
4163 11f9c3e2c4ddefae
4164 b37b5dd6f615a2ff
4165 1028ba5f8f1e83f4
4166 5fd62499f8bba842
4167 df3f026a94a5421d
4168 75d8bc9c91e49317
4169 85a9670f59a2de58
4170 fe6f51499230e04b
4171 7f271f8fe219eef5
4172 9cd687a135e4a19d
4173 a575e599c900e638
4174 23414df840528944
4175 78a611162b9e3123
4176 0b7635190748f245
4177 69715d97db78464b
4178 9544143845664d47
4179 af117b30f7562853
4180 a2b10a8df2dce3c6
4181 123643654d38e80f
4182 2c72e84498946544
4183 852edd2be3e3c270
4184 92c91bf24223714a
4185 c587e97a3d31552e
4186 5a01060de47a18a5
4187 41beb94be4c2cd3b
4188 8c704b3cf661f92b
4189 39fd3179f8f0c038
4190 b36b613a3b161e64
4191 c3c5b302d4351f4d
4192 006070dd298fee34
4193 41d74ca8e6d776f1
4194 063b77624ec6112d
4195 2356d13873b71440
4196 8631d49f349445fd
4197 e99f2a1c9806348b
4198 7d55e6e6b94a7fdf
4199 bca2aeb8fd29f947
4200 42bdaad2e8fd1881
4201 d164f8b035e7a24d
4202 a3b237ad28233b2c
4203 24c9978824031759
4204 75e07f6826fb59b3
4205 eaa1cd84af17d1e8
4206 36547463eee253a4
4207 dc6b29cfc7e28911
4208 fdeba0517fae37f0
4209 8323cb231ac113d1
4210 cb5dd5458eca46c2
4211 37c8c8e4f1819b0f
4212 9fb8ac2ea6e89b73
4213 9f5094a4cdf774ef
4214 66cdde49765047d2
4215 bd473718d2b8e6d8
4216 bd506c0e19885b88
4217 1e8bed3ab724edcc
4218 51de6132d0e1251a
4219 17038fed8994f985
4220 792cb5adcbf5201d
4221 aea5cd9016b79b48
4222 5c4c95ee4330c5ed
4223 00c5e3692b50281a
4224 0d20f9260cc3841d
4225 6563957de62854b2
4226 c9043e15557e82a6
4227 1ae3365162e966e3
4228 0e22122db5a41c98
4229 6dd2c73a67be3e18
4230 d6a7992b9d88c4de
4231 581b709e55d87ce0
4232 9a6260960d691570
4233 04590affc1b8e406
4234 87f77b08372f514e
4235 07cce2acd3130822
4236 ac0458f674f276f1
4237 b0b8b12f47c336dc
4238 ad7119d7421a3ac0
4239 1dae9129c2794004
4240 f9d8f4863a55c539
4241 47ba921de9b17a77
4242 448249e71552a26d
4243 5809fa22649aa458
4244 acd2b399df19b883
4245 73b9d88a27afc5ee
4246 7289da21b2ce0e2b
4247 133aecee05f35fe4
4248 5803d7967bd2ac57
4249 e8535decd83b7c72
4250 d22c7ce48da0d969
4251 0dc7ef443e758556
4252 5eda30654a277229
4253 f84b46525f50dde0
4254 86b1fa78505130dd
4255 bdb100a689db3cc9
4256 653c6c03e09d891e
4257 49ecdbf28769192e
4258 465e4156ba307332
4259 c9196e5e531b88db
4260 b97362624c9399e8
4261 4da7cf6412f59e3b
4262 79ecc7d92c0b5da7
4263 02dd06a53f20ff06
4264 ba9f67baf73c4ebe
4265 ebe1a4017f01aba4
4266 5591031aa53a68aa
4267 c2d99dd06906b365
4268 fe19324ff9d355dd
4269 456d2b71cc86bd4e
4270 4909cf76056e8aab
4271 faac986202850f5c
4272 42004e438c04327d
4273 8f03aa83b56f6e91
4274 264a5ea46d623208
4275 235d6067e8b03683
4276 436f83b067e6d89d
4277 fe9befe0fc879138
4278 49cb186f961cfdea
4279 5a09445a40d56c4e
4280 f866de9360112925
4281 1a2e4b52747c82cc
4282 61a94b5e5f910558
4283 6283630a5a26343f
4284 d75495c1b1c04877
4285 48bbb7d412453ec2
4286 24ec6f7edaf425e4
4287 21e1443641b9586e
4288 a56d14f7a3cf2f85
4289 ce83953b6bfbbad2
4290 2f0a94620baa7922
4291 33bb4a8824deee2a
4292 29791b322e75a2a6
4293 969f02669317297d
4294 51d73bfcca86bb03
4295 19ee8d6e9772f7f9
4296 42d62e5407fc82e7
4297 60e96156e9424442
4298 f9909499447532d8
4299 32f4fddf1520fc44
4300 830327134a4ff3a0
4301 e87e1a0d5fae1cc6
4302 1f16b2d0cdff24e5
4303 f8a0c0492e16e657
4304 d1f533356d0bbbc4
4305 3e75ad83779bfe9b
4306 7fff7fed2eaf424d
4307 150bab5073afd0d7
4308 ec20a5615ff4729e
4309 e82eeaf6617ae55a
4310 b4be42425c98ecdf
4311 7836c12c781925c4
4312 619b763f8ce471be
4313 6ed7f3115775da4c
4314 46d05b535cea64c5
4315 98f5a83b20d9bb30
4316 b9180a3bf0131caf
4317 bd83c36304d23379
4318 87a962eb3b899e1c
4319 d17810825bdde684
4320 da8e9a6f9bcffb99
4321 e30826ee30d3cee4
4322 ef6c8a48a09b161a
4323 fcb484eb2912c654
4324 352f5ad7e46ec83b
4325 9dabe561d7c2547a
4326 c2dc551b9f0f4d00
4327 293a7e0420a91701
4328 11c626f4ae8cc171
4329 09aee576a2bdbf6e
4330 100475613070514d
4331 80c88a5865dab2cf
4332 2e5791c15a058e89
4333 3db1604355985d8e
4334 af52f3462e8c9ef3
4335 5d7fd5efabaf7030
4336 5fd03258cd69bee0
4337 03be67d3396d00e7
4338 87514b8df3d7f7cf
4339 719f251397b90ac1
4340 17db9460086f9247
4341 2ffaf64c1c8914ad
4342 a5ba9fe8a04eed76
4343 a698406c187191cd
4344 4ebfa6f16adc7f93
4345 0f6b898c6a53211f
4346 907855e334c5d1a4
4347 e123d689a8217f92
4348 02db554c50430b14
4349 811f5b9d8d05dc0d
4350 7786c3be22c2f719
4351 b416b5ee3a88558c
4352 d74e009fd928ec86
4353 87e533ac424b24ec
4354 5a4c55d9708a2dac
4355 8808293d30b006ba
4356 c7e053de0bb9d518
4357 6b182769b1ab117b
4358 cf9e0fac4a077817
4359 451d401d784784ad
4360 46732002dbbea76f
4361 9b6bd3b35560ccd5
4362 00a905399acb7b78
4363 92b921a35fdb8072
4364 0d917aba36b1b70d
4365 c149892c1b0a4c19
4366 1c03885d18477d66
4367 8dc09a90903cf0ef
4368 bec317a3228cd6d0
4369 a24afb86bed9bf70
4370 76afb206f986c5cc
4371 6a351678bb04961f
4372 1f8889912548a5b5
4373 8e094787411e5d6b
4374 00c76a22d55cc414
4375 42b4d413ade17576
4376 988c64d2bd6faf6a
4377 85349e04ffb6058d
4378 34cf64edfa5203b3
4379 8c9c04440e28ad06
4380 4adc151004b9aaac
4381 0465b1b75820e24c
4382 80078f94e72272ae
4383 cb03b266d549df2c
4384 54af7fe3c1f85c94
4385 a8ade7b00dcd3719
4386 f1b43f70bb50ad2c
4387 3922eb319022d8bd
4388 18655f4a61a48122
4389 c3600adfaf62f573
4390 58c7700d9fac0ce1
4391 e7449e4f159cb26b
4392 09ecf64b083c19e2
4393 0dd814b7c27fc34b
4394 94bd9fb68f6a0946
4395 981a139fbc832ba3
4396 27226732d42793b6
4397 deb358c518f11106
4398 ad1bea60d0354662
4399 a8b65e8dba709b61
4400 9e90fdeae63bb732
4401 965dc3df3e98e940
4402 e8376b93388dec7e
4403 7a91d5e88836ec15
4404 f55f7ae792ce898f
4405 ce9c6a0e3d23238b
4406 ecf8d4d2b60c03db
4407 21665f3b04a500ee
4408 3b9337170acd9008
4409 5d8e5001de98b633
4410 9948ce1f9ba41f14
4411 8dddf8bdb4233d97
4412 5f62a3f25dcab721
4413 6f999d72384a1989
4414 e524b347dffd72d8
4415 5a36c9afd961a976
4416 91398187b51f70ba
4417 b7fe17da8a81d307
4418 59867fc1d2421e9f
4419 e6ff21b2c52343da
4420 8f2f0f61fe934e89
4421 0eccba9b5fa1c008
4422 4d15fe21da00e4dc
4423 374c70991a373ff8
4424 9bb890cfc1f6a9b3
4425 0d86fabbe7f5a4bf
4426 ff14ce5ef372b58a
4427 9a89bb05e48369d3
4428 ed6e82c30e0f391b
4429 9b794a59f2331a34
4430 ce3700779c6c0451
4431 9a185392c5d1a2e8
4432 c58e1b05541ca49a
4433 8b10c4df4912e7df
4434 fe15eb8de3100c2d
4435 8f66beab02ba6b46
4436 e688748b173d1163
4437 d5e826d171af1aea
4438 3a0deceeeb4c17c6
4439 27d893e645b32d54
4440 12535dc0fc43a676
4441 1f1d240ccd08228e
4442 a21ff874e9dd11b6
4443 4af497ae32b15e63
4444 ddcf11c881a8bc5d
4445 39c2e1aeeeb9da3e
4446 751c0914b0ccd261
4447 59081dceb86df5a1
4448 ad0549ae2ad999f1
4449 9694cf47cabdd4de
4450 6734796d38747d08
4451 3eac67a5e77d0860
4452 05e9539555365425
4453 421b1acc744287f5
4454 69ebb00ad483494d
4455 79609a8611ccbd09
4456 3d99fc8ce62c2540
4457 6b23765e09a638a1
4458 aa93d21d9086d005
4459 d5bd64e8f9a9d9b1
4460 70eafacb9838288e
4461 41ad60b547501caa
4462 5ba7918ec016861a
4463 a7312be5e6e7c81a
4464 6b9021d5c6e02ee1
4465 30ffdebafd6d62d3
4466 71379cf9d5fb2bf3
4467 7b3e3e323761bd4e
4468 15d582403f6d6d2a
4469 49d625e24527ae54
4470 5a5e64e346f7590c
4471 e285c53a36082702
4472 5358aaadce99612f
4473 137f0342182153d8
4474 5ca826f373dd20e9
4475 c4c7c8d3f440e746
4476 d0c4e844d6d71da6
4477 c081d54104090641
4478 6c91ef8e1699bfd8
4479 43f407550badac4d
4480 4bc6b3ec0de3c7a6
4481 7faf8c1ea95dcc80
4482 70130b2a6f89429d
4483 dfa78f4c545359d9
4484 29a8526d46969888
4485 f8a4ceb1044a4090
4486 c949856ac3fde01d
4487 8aafb2e0e1ae60bf
4488 0e60118f9d9df2f0
4489 d95b28617aaf1c2a
4490 feff18431aa9bfac
4491 c2d3d2ceba24343e
4492 e3bd846cf7e31cf9
4493 1b14b75c54e4ac86
4494 394f0a968a6cbc58
4495 b1d0d4f25e6e9c63
4496 04470444f48e9a32
4497 1a551f8436e8bb58
4498 e692ebc55093d59a
4499 b6933d2207135ac1
4500 f1251cd5f26d4979
4501 bfb347dfce0a07a8
4502 9facf56074a19f1e
4503 e2d2c07c4a498112
4504 7c9222722b3187f5
4505 f11e615dabb5fb6b
4506 6fd5693b72da8906
4507 7b6176f52ad120e4
4508 33fc7c85a3582191
4509 0d0bf35fec5e9501
4510 9021ee81927dd89d
4511 b65c8f70cdf10a0d
4512 9a99044a9beb5f98
4513 6ec0f4c027618cee
4514 6348df65e97583b1
4515 4ffd7cfdba3708ae
4516 8527d4c9a5e3a750
4517 80a73014f95bc597
4518 8a422d1a504c7720
4519 c72e86f751c253f6
4520 bbd96e9bf3e876fa
4521 230651c166a97f97
4522 756b4f627684cfc2
4523 091cabfd54e7c25a
4524 cf3abee41844dd2b
4525 670979914cc16078
4526 484e83abfbd075ef
4527 300d15996f45c9b6
4528 07c2a9519a9b95a7
4529 071a017ac7ce2f05
4530 fe7ce3a9b1e7e128
4531 16752e9c493276e9
4532 cd1d2a4a460b5ca1
4533 55f7a5839d596186
4534 98011f2e0f95f1d9
4535 b593a158b29e2ccd
4536 74e61bd3fb5a5921
4537 bcbbb369775070d8
4538 fbd71b8bdea59b21
4539 022c2a2a5ff1c363
4540 f57063c4ed635a25
4541 d33400e1b43780b1
4542 28f14b7a8fe0ce9d
4543 fb5cabaa7fb7b5f0
4544 db73493d7e9b918d
4545 23f61b61b872270c
4546 1aafeba0940f8ef7
4547 1e0eae5954e4846e
4548 1a2d2a74ed6e7480
4549 7c16ca7d40bac994
4550 e65c45706e16a582
4551 74efe5858bb1f7f3
4552 864ba7e46f9454ac
4553 4cbf8ede8d5aec11
4554 14f242a165242779
4555 6b6996d180f07589
4556 a421af34c55c424c
4557 20b1b33e47f14c3c
4558 40ebd7662914815d
4559 87297dc187831540
4560 1559c4605f3d2a5a
4561 da64214dda8b2fb6
4562 a038e821ec8f7c8f
4563 8c33a0344a8d12c7
4564 50a93e3c7b043650
4565 0cf72fb84583e56d
4566 1b806919e19800a8
4567 da75030fa79086eb
4568 6ba23d2163b33ee8
4569 30ae80714a06a233
4570 b599743b815e3e37
4571 a1739b33b2df9d26
4572 47ae3e63be12a474
4573 8f81f66786f4e83b
4574 9b6e2b967b30bfc6
4575 d819edbebff46c63
4576 649f56e74caf77d4
4577 10d403b31c68daa1
4578 3bdff92e91bd3de8
4579 7e54a5029cb17aa4
4580 793dfd915443bb03
4581 df689329194b9ba0
4582 562bc2c2837dbea4
4583 44d55ecdf48d2e8c
4584 f829d9abd92e6ad7
4585 e25eab7c2988acee
4586 b4d3e044b9a5a7ca
4587 3708388d38fdda71
4588 a444a41d551f4115
4589 55d585131502adc2
4590 85b754f15589dba9
4591 f50637322979d362
4592 7f54b35f60f617e8
4593 44b1a9f7161f37b9
4594 027e981761692db0
4595 0e5227bc131ae242
4596 9ec1bc8422db6b56
4597 ce6baadd66762426
4598 c1ed61dbb6a39bbd
4599 166774e65dd29ee8
4600 c1e6d9b20cba8f6c
4601 d4e78ab52d099f55
4602 5e90644dd1b71401
4603 1f232d485a2f9a2c
4604 96174190e5c30bb6
4605 d39e6f1d9fb1fcfc
4606 0e88a1df86e05de7
4607 49089ca756c4d8c9
4608 abd2333d82fa24f9
4609 c2a47840043b7c8f
4610 15fe011675cc1924
4611 86f6021ac05c0d26
4612 f4d9fcc26b7ebd4f
4613 3a91aa5f77516cfa
4614 4d031555ba95eb99
4615 30d539e0a13be105
4616 01c6ef17fd6651b5
4617 b3e1bf5cd0b10587
4618 cea60d4e23e8debe
4619 eee06f051482d6ed
4620 27ff15663a03d9e7
4621 84b07a6a4e1109ec
4622 d9070c31a227b658
4623 0c7d0019bac7c4a2
4624 1a69ebdbaa1f9fb1
4625 de7fd55e4d9be1d0
4626 eabc8af09a14555b
4627 2db00a6a4e114502
4628 01fd26b583c7e947
4629 af93904ab45c157c
4630 a2f5fd0f939a8323
4631 32da835ef9925aa5
4632 3de22be7f71c175c
4633 66a8ac3388d6ec9e
4634 8086c374e586787d
4635 b4dc61b776b416f5
4636 5bde5e0b990391d4
4637 3b7c03dadd0eed79
4638 14ea8a205dbf8b5a
4639 f33a7b1116af54ae
4640 e011be060e7d054c
4641 4ab63366d1be72e7
4642 5b52880dac0a5eb8
4643 dc137d2c24be8089
4644 5c854d6ada6f5343
4645 6e8b1d93a8307e5d
4646 66fa11dda85e2c4b
4647 6fb33bbc2fd1764b
4648 80b9086a6770ae85
4649 4238f9d3104eee91
4650 447ed6655188f321
4651 07f5e368fed606a1
4652 67814107e024d926
4653 06288009e889291c
4654 35893515de0771d7
4655 c9d0e5bd229f1f0b
4656 428d97f818362815
4657 b574d286e2470484
4658 93ba9530fbc939e9
4659 89e40e9e49ff2306
4660 b21ede51bb1c994c
4661 5393038fdd0801bd
4662 f2a97f8e7d9f0ed6
4663 e00170802d3ee046
4664 18c40afdd0492b62
4665 549adbcb5783d419
4666 d2ea062b3a02748b
4667 84ea6eeaf9d3de7a
4668 5b9e2c6711ce3854
4669 67742b28e6f84e8a
4670 552a7dbb8066fa2b
4671 235e8e4d3d56cdb1
4672 eefbda156c6756b2
4673 20009be4a43fbc72
4674 c6465e8bf6f10352
4675 45485ef800f1d9ec
4676 792b37cfd3519ed5
4677 8e8123ac706983e2
4678 92a1f986d8ab8d56
4679 a17fe7115c1a0a42
4680 3eda02529cfbad61
4681 fa370382361712e7
4682 2817cfbd9ba48a4e
4683 e7e2911f9a466622
4684 8e426944d31a2c1a
4685 8e3313f09dbef1df
4686 2f8392d12691a41c
4687 a25f8c88a53783e2
4688 b421ae1a2782a2db
4689 bc86861f5fc55c8e
4690 672a9a6f42b59ba9
4691 aa2dedcc11546f3f
4692 dcda351a6ab98c2c
4693 603c959e1b991d28
4694 ec121ee5ad7f99f8
4695 49c3c5cc5ed2a76a
4696 53706f209afa61b8
4697 9fec0993f5dba3d5
4698 ad6674af6cad6fda
4699 bd1f2b82e73fc4ea
4700 d348384f41ee54fb
4701 ecc047ee0b3fac3c
4702 7332a9114732c023
4703 a0c5515e2369cdaa
4704 1d048f6fd9c5ffa4
4705 2a0756dd724324d4
4706 b32fa3d3e970b159
4707 46f6a07d99481671
4708 231e56c889686cfe
4709 feffbf3dc5fb1f35
4710 0b5b958b9fede47e
4711 b4ed815abbda7efe
4712 63442c3836764f65
4713 fb2d4c4ec4ac3b0f
4714 1a3ea1cf06e5c5a5
4715 034e84bebd4d2cc5
4716 c1f9abae32be6a77
4717 75a2c393d598c399
4718 d093c749450ff0d8
4719 da41fef693adedf4
4720 1b74096f5028acb5
4721 8b8bcff32c226627
4722 6bb6fa3716f73277
4723 db92ddf398462d57
4724 da59ad4c4d4ef94b
4725 9313db83135ac3e5
4726 6946a90b0c28b668
4727 87eac426d2734635
4728 27043407892dc499
4729 286891164e35ed70
4730 83bba0578213f3e0
4731 206a405724330962
4732 b66becea0012f3d9
4733 a4f9cf8ecfa29bc4
4734 31792456912c5527
4735 3c199fe360b7a6a4
4736 42ec3ad5fbb59e08
4737 692ba6f4e746f3a6
4738 d9280106f27ffaef
4739 00cc7ff92ad1112e
4740 c3737004cb5e3ae2
4741 f677895efb8ab0ec
4742 9404199e88cf2047
4743 f3e0117d1625ff8d
4744 60082e53ac4f8b49
4745 dd31c594c5e25964
4746 079c5fdcf7c76558
4747 e047ded5637ed255
4748 5ede3c5076fac343
4749 d8398e6f0ebd18c0
4750 bd988c9b2fd3f7d8
4751 08e9a4571f81bcaf
4752 73561056c40f2c55
4753 8d6deb34ee447a4b
4754 e3d0a0e08bdf6024
4755 645c57242c699433
4756 7ad0b20d2249d9e3
4757 aa48c6b5aba35847
4758 5bf5e0db4f9ef2b8
4759 41cdd7e7ac16cebf
4760 46667a183be97cbe
4761 530f4985efd2d747
4762 4aebbf6d4aea0ad2
4763 0ff65a76a3c61be1
4764 9885961828cb7971
4765 1d164846087c618d
4766 f69f81279ea8587b
4767 914f802ff65294ab
4768 80043bbe7e59ee3d
4769 70bf6c25ea8f2b72
4770 d107828402d79bf8
4771 1f1cc1aeb98267a4
4772 9155ca7887a8e914
4773 337b883f1888440b
4774 084ea26199ea9f23
4775 751495606930b8d4
4776 db6674583fd53adc
4777 46d74b951ea644f4
4778 3aa74d748a13f395
4779 0b9351dd26a35768
4780 5976d2cb5f4c341c
4781 205611678eb4fe88
4782 cacba043626c728e
4783 7357f91386bbfbdc
4784 62ce913b0a224ab3
4785 140562c1c3ed5ac2
4786 c9b108a985e18d7a
4787 9d26c9d0c94ef215
4788 436a856ff72bc72c
4789 290a80ef3d0fd80e
4790 80052f68181f256e
4791 ad19d162ed4cd20b
4792 d1441d76320d6b94
4793 e09bfb8fd86c590f
4794 b61acefd35b1ef70
4795 d9de44a1998d9e84
4796 89faf52547cf51f9
4797 055b1973dd150c05
4798 2cc076cc00b727a9
4799 64228cbd1bfba258
4800 804b89e9b852da26
4801 1c8f21d1ef828d56
4802 c6844168cac1bbb0
4803 aef2470d8a5e3c33
4804 0113a2d83e9adc12
4805 a599b851e06d8b25
4806 e56b623c527e30c7
4807 445e24f8b796f9ba
4808 2b61cd752ead9148
4809 c58b6aa0271aa952
4810 7ed02295f094b767
4811 7fdf6c0d30c0c5c8
4812 646527867f5b6916
4813 c3e41db5f901f911
4814 d3b760c5706e7cdc
4815 14b5b6d88e1e7555
4816 d88c3a69d89e36a2
4817 9beafaf01443cb30
4818 8fb4f334c6e96851
4819 0fe97244ee5aff8e
4820 3e53c1b896abfc92
4821 9b575aba48d50917
4822 de400c41ab46439c
4823 24a89818ec2adb9e
4824 49d272c8988ad167
4825 ae5c35b3a76534c2
4826 06d4be18ae5ea60d
4827 e0e8638480bc70d3
4828 753d04abafefe241
4829 3514755e754c57f5
4830 31ee3a0abc741b06
4831 c5fa29c94c89bdd7
4832 c935c52fb3d9f24c
4833 fc569951fe6a4a07
4834 1b6334f4302df4be
4835 63487681e301727a
4836 95d513dcecf29039
4837 34398c05a64785d7
4838 fc55155481c90e43
4839 4f98adc83213ae0c
4840 85e9d8a9bee2369e
4841 4ef70a0411f65f54
4842 cc7312bdf1741a27
4843 b34958183380f618
4844 9c12e2ef20fb6426
4845 d414614394eaba5c
4846 55e314268ed43d5b
4847 ede9f878a5b36d09
4848 0c9f776961d87ed1
4849 9cf6802c672b05bd
4850 730b41da99acffb8
4851 ab12aa0be775dd5a
4852 99c64059f9ca44f6
4853 b27791c183108dca
4854 15da8b081bfdc0e8
4855 546f8db9be7277aa
4856 8c184a1082f1c4a1
4857 0b02b2272558bc83
4858 22237ba1565e33a3
4859 cbc5125bdef5c28a
4860 e0aa8cc6fad78faa
4861 6862b2e83d2f6bef
4862 98872356aa71d203
4863 d091c5f1b4428d1a
4864 c610af168c2edb66
4865 46ed14d334272488
4866 56f2dfe6e459f1de
4867 14d08b07322f5eff
4868 9b8d2bd04a636ba4
4869 d86d08a646a6a2a6
4870 d82dbb66fbf5c824
4871 2a01a45741ffa005
4872 0b3306cda277b9b1
4873 773528052f9f99d1
4874 87a8c6d9e26d60f4
4875 8d5a9d7311b96526
4876 6556245143c8ba82
4877 54732524c1d3a5b8
4878 9b1512202fc9b310
4879 c5b50d3f6687b1da
4880 a7cb2fb15ffd693f
4881 441f075edd40b205
4882 88d0446b2f035745
4883 07b9332efba578c7
4884 3b3806ccb951bd9d
4885 7f3f3625eafc2743
4886 c34c586ef2a91ff4
4887 90b587accedd83a0
4888 aba4694ddf30dd33
4889 c51c79df49b2e5bd
4890 5254977fada654b9
4891 86db4030eca3fdf6
4892 c483307fe961f52f
4893 e5448d5e5f57113c
4894 1b626e00a232e265
4895 ce717045d9910ec2
4896 4aa7d248d8796671
4897 cba932b2830b398b
4898 b14128b12282bf19
4899 d4ac8a00b51ceb94
4900 565e59b08b0696ad
4901 b8947d63fd8bc10b
4902 d28f5a372d4ef81f
4903 d9ca306274481f83
4904 b85c4ceeaa416cb8
4905 34e2e31ca8bbda3e
4906 f7ada9db50c11df9
4907 35d60d8013809118
4908 e93caeb841cf78f6
4909 a2f1858a78431dc1
4910 0d7714d75f00c9da
4911 3c8129c261a972ab
4912 58c0d5b97e114de9
4913 bc8ad565cf8633a4
4914 95da3ae73e3d7d45
4915 b1e37006c5e94695
4916 05798d6ded179953
4917 f40e785278331c13
4918 9add3bf4be535573
4919 af8ff97ac9516967
4920 a9c801de4be9faf9
4921 dc302362317826e7
4922 c48319b9afe362be
4923 2e0aab5c463a1fed
4924 430054063c350246
4925 c11d94a1214a1ea4
4926 d55870e89a67d625
4927 2b91a76afbb2fcdc
4928 ec137cc13e2f1681
4929 01c5b0a2d122cc7a
4930 2d1381568254c17f
4931 e41fe04dc382141c
4932 a751763fe2d357f0
4933 fa40a709aa5e1d64
4934 449217a3559c445a
4935 b9251d39fcd327d9
4936 6b938b7889c415b9
4937 6d04039cb292a9ea
4938 8151de86298570c5
4939 29e804c17adba46c
4940 407e65ad3e632186
4941 c231e7a4c8f31784
4942 407145dd596d411e
4943 8457a914549c3a57
4944 379714ee62cde371
4945 9126eaf1a26791bf
4946 7f851284b241e80e
4947 ce0890b72b1788b5
4948 60ce2c4828734848
4949 f2c8873497518b35
4950 378a496ec49f0ba1
4951 0b1da8e5a2c896f6
4952 c27cb10de673aeaf
4953 62924979c8739c70
4954 d1c899b65c89a0a9
4955 b5f197292479b397
4956 b95bcd0621ebc727
4957 ef82fcc36ffd28cb
4958 be4e247c10027183
4959 d4a2f358e89dbf40
4960 ac2fac3578417af7
4961 cbb1ad90a34b57c9
4962 f6b66a677d163dbf
4963 32a0fe33a4173b67
4964 ba125d2b533f2331
4965 b27c7d4efaeebad7
4966 b896b35adda57eb4
4967 cc78b8d3dea26c96
4968 071eae054f0f1f56
4969 ac9ecb802c08c0ae
4970 0f98b57266f3325b
4971 07ff8bf0c1ca3b6e
4972 7536e31b2f989ace
4973 80684463f7d198cc
4974 b983b33fab14fb73
4975 1d3c3f0539b0e3a9
4976 88f5cdc27854b2d3
4977 da8804e588498f68
4978 91eb52abd5971cbc
4979 e3d646748f9e39cf
4980 b40c0485619678cc
4981 5f5a497b2cc7bd89
4982 1f85c324aaa40df3
4983 35696e673564f571
4984 41e442e73ba3985a
4985 d8eb14d46775b5da
4986 90c3a52b3fec2bce
4987 dbc325f3c21fbd8f
4988 89a3bd59243a604a
4989 3075718eb2d6bd1c
4990 d2e3bf656446e0fd
4991 7163eed7fff2e093
4992 f9077f8f9d7631d5
4993 fbb14741169292f6
4994 306425248532b539
4995 a365f32a09b54829
4996 4f4d87f4963a2da8
4997 4eb319fae832c84e
4998 fe27c6839c8ea655
4999 d8b7951f44ccf826
5000 119e3728fdc34e72
5001 be79090cf786e4db
5002 91aa78475523d05e
5003 a7bef98d24aea584
5004 34b10c9fc7a8f395
5005 997aa41ee9dff7b5
5006 19aa90b0ee1b6b2c
5007 301ca1e9d302ea82
5008 91b893047ded5cc4
5009 aebde61714217403
5010 dba8772f0288d043
5011 0ad6b6f1e2a8136b
5012 48eafa47f99ecc06
5013 e8c9dd1046c9a59f
5014 5065cf9e2359f292
5015 a8e87f31b2504e2d
5016 e7e18d84ea0e1463
5017 2f9a04f68beef852
5018 e74245b6aecef9e4
5019 cad57ea2a3f47784
5020 4cb0b50d500b4728
5021 24d966af34d824f2
5022 a1315a0e01727282
5023 238cb34db5c5d020
5024 0a5bb47a53f1775d
5025 bc0e4ba1f1507fe2
5026 05e0d0394cfd48da
5027 0caed9ef8f23a109
5028 4b63514972de1d5e
5029 f92b97ec3c44f2d2
5030 0e62b526087a2f3d
5031 bc06afe7e9a4ea2e
5032 419517d473b746cc
5033 697494a6c7c5ba57
5034 492cb6ec392b6bbf
5035 b9115d81fadedcf8
5036 cc470be3cbf2166d
5037 9a735113b1b331e2
5038 c5138d52cf0992a5
5039 ff45de55acfbfbf5
5040 a113d2177c8c5cb9
5041 2470769ed7902b67
5042 c2bab4f885e1dcf4
5043 89e99d4757780707
5044 bc4ff8f6c1c9ab93
5045 091b7a89c691c33a
5046 8b9f67dabca3c949
5047 5b0337f812537c11
5048 9944e1a5e179e6fb
5049 cbd70c79502046f3
5050 a10a33c41086c3b3
5051 9a49c2fa9426b29f
5052 64b70f7491fc2d5f
5053 d56197bba3e583bf
5054 406dc31a19f30322
5055 e665b033ed5d0142
5056 db2a4ca5d7b71b74
5057 f028366283d5231e
5058 84438c30b6a0efbf
5059 4f4045fb38a31ba1
5060 4748e8cd34f614f6
5061 b5c6d6d41fa01e8a
5062 c726b84811420c80
5063 0ca8d4ab7aa7ec1b
5064 60ef9361caf47352
5065 a2c4143c871e5ce1
5066 006895f2b2e4a4bb
5067 d3c0a7d3d5fd2127
5068 6c984a270eafa132
5069 3d65b496ff6e6825
5070 8942ee4f01f8109c
5071 44ed6329d1960bef
5072 b05510d358b1a430
5073 0ee26bdbbd2bf1f4
5074 83b45b7728517680
5075 fc768ba0be243111
5076 eabd2af36c708e48
5077 eea9d9f16b54d165
5078 71b80292e53da121
5079 076c9e35383a8de1
5080 0e3127253382e963
5081 8dded6f838d43cc1
5082 ec23a00fd877f397
5083 4a372f7188acd300
5084 e82154df1f6fa66c
5085 df48af5c6d24811d
5086 8267b5d77c081209
5087 8ec0cd0db9a14aef
5088 8483f42aa34c9b20
5089 86611cbddd057c6d
5090 f36e2a4550913ee6
5091 b87e50e778230a84
5092 177abacd8d0449c3
5093 702add8bc731cb33
5094 d1aaaddee7a9b02b
5095 fa6a41552bf664c4
5096 ea071f14930735d2
5097 46e5d11f7a4fb4fd
5098 72e6adc92e531c84
5099 665ea83c290bcf71
5100 a1426758b492310d
5101 41a2c2fac4ce000e
5102 a3734d35bd4ebbd5
5103 5dadc5bd1ebe8892
5104 92c81b9b8339f2e2
5105 bac090aab6442d60
5106 2b42886fc3906ac0
5107 3962298fb179aad3
5108 87d91c03ff6caa96
5109 3220ef01307b07a5
5110 30c48c7ac5b53be5
5111 8623ed0b1733c979
5112 cd01acb3bc97a60a
5113 63375143c6c9f86a
5114 3bc22c5b3a089ff2
5115 3fd012341cde3184
5116 587232f8288aeb92
5117 7971f7bc81cf5da9
5118 77702f8a86a6b6c6
5119 2ab00e6ebf212c44
5120 f611b3de7968dafb
5121 7c7ec77f206190f8
5122 4d1cf8508577a35d
5123 1ec36d2a164aac1d
5124 392e6c1638c646d5
5125 eb411c159050fbf8
5126 0d273eeadb93d550
5127 fcec56722ff07e20
5128 2a9c6f42980d1ff5
5129 6e0d271c18029847
5130 b335dd17017914e9
5131 8ecdcac21c8baf92
5132 a6e1d1148f3c1989
5133 f8ac9e9cf19cb5de
5134 c6e928622b83d3fe
5135 74ad8ce352989bd1
5136 968127a867262937
5137 a3be22380f907a04
5138 ba8c91b0c8800177
5139 528fddb75e3959c7
5140 1c8eca2f371b457e
5141 28a98a95f5a6b392
5142 3ef7d841f7e6d770
5143 724d38753177c245
5144 b8f83966a18ff659
5145 8e9d60d9cb7487a5
5146 ac472e1831e3b340
5147 76e7cc9a01f002f2
5148 95533e93186842d2
5149 3e6e5f629209bff5
5150 81d94093f7bff26c
5151 4bb75f23590f8d5d
5152 8107e06ac7a6888d
5153 53ebde1545715193
5154 eb97fb84dc42c7c2
5155 4a86a1de4e08b8b6
5156 9395ab0213f87450
5157 13ddc332df62ec6b
5158 0249941d0d1cf31f
5159 4363b06477d50534
5160 78a3ae60dca6f50e
5161 b80c0e2318d3a7ec
5162 e2c89a5dcbef3e09
5163 b94832cc90ebc3d1
5164 79804e4effe13ac4
5165 e071b55e0a50b1a1
5166 6bbbf23a834674a0
5167 469ca05b5ddd06b4
5168 50b04cb226e9df01
5169 fddb4df0baee5ac4
5170 211b15cc66f7fb0e
5171 9d270f00087eb576
5172 91607ce5fecbe6c7
5173 d74d70d5322a54b2
5174 6fd0c1c813dd0bc1
5175 fa59f9854dc791ba
5176 89412d33182c945b
5177 a859da4a5390c18c
5178 a26d86fc5156ea50
5179 ccc0647c3c78f81b
5180 9527e2f2fc7c48ec
5181 09d405d93b0b0f40
5182 5670cfcc637567d0
5183 df520be1246ea979
5184 4a8f34f19310e62c
5185 5d4e26e0c5ebd6fb
5186 343efb33f93525e6
5187 2d1a151e2f253051
5188 f190f2389282d795
5189 f31b2fee9ce481ed
5190 5b3a3f3e350ed112
5191 efb3aae58ebb35af
5192 b04b8e7379862226
5193 206976ef69327577
5194 8f0fc0a0a689ed21
5195 b46610181298cca8
5196 a1b64bc3f432b4cd
5197 683ea0826708f87e
5198 009fbe206ea463c5
5199 a65c3631c991361b
5200 fe0849c54592de45
5201 f8df596113e12b75
5202 00cc0f3053755f9a
5203 642dbde6b4887fb4
5204 f8768b105b529837
5205 96ae8666d44e8a48
5206 863a78640061f84c
5207 e29c4298b5668d83
5208 39a706f9b4780471
5209 37cc6ebbf1973fb3
5210 d6ef083ef061ad8a
5211 5e0d88434178453c
5212 0cd36d668c2173f7
5213 9ef8472345fc8900
5214 ba35c998429fd2fe
5215 2b541e03881f93ba
5216 f78636feb1ecb27b
5217 ee8587a63494104c
5218 4d002b6dc0500f22
5219 6ea5dba84a0f443f
5220 02b6e2deb08e9da0
5221 308dbb7950a151aa
5222 f2ad9549ee56651b
5223 36a5354fe1bb1e5a
5224 bb37bfdc992d4939
5225 d07b9f5fb991af3e
5226 c1c799fe3fa95f71
5227 6db4c7766de99ab5
5228 f60286968b2f3484
5229 d4b0ec53a5387d19
5230 8b54a479d4816188
5231 899ebcd19638a7a2
5232 7498050b6e448dfd
5233 8639b06bb108f0eb
5234 5e496d34b8bb07c3
5235 8d9a504674aa7f56
5236 fbcc524386b1e63d
5237 86aa8b05558d5fd4
5238 6970d1fcfee6c198
5239 60237f7f0b0240b1
5240 f3ebf9111088c167
5241 0c867144c2bf44c7
5242 73e64cce68f058b8
5243 3c9cbcfd0a1ba79a
5244 d747fd7f1d4af573
5245 f9ef66c4a9b75d83
5246 2cad5e28bcda49fc
5247 64de0ea97739b37e
5248 c517ccefc29fcb22
5249 b2788533bc3da86e
5250 9caf50f5b712de5f
5251 932f427737491cb7
5252 a8607a13235c9a68
5253 152e32c35046f99a
5254 609ac3c5b930b196
5255 b8c9ab464e8b1a4d
5256 92cba491992eba0b
5257 658dcb0efa03b951
5258 dddc92e3470e85d3
5259 6fe707f4b350aeee
5260 db4c72770a3c52db
5261 0cf24bd1bb848e03
5262 316dd361b773f6e6
5263 5e812dce4cb400ae
5264 1fa2eec4d6729676
5265 f9cd68d235c8a4a6
5266 fb21ed4650b163c8
5267 a10d95e8bcecb5f3
5268 108f5d2ec2876096
5269 a82dab52dc7ad7c4
5270 ece97370cad3b0f0
5271 de074d895e827899
5272 417aae80db2d0c05
5273 7c0f82ab4ba00f57
5274 d69cd00948475777
5275 12a65e59f01a15b0
5276 3c71878c7a158d0c
5277 1fc4990a0d6e5391
5278 3a010816c11ec0da
5279 5baece64a4502c16
5280 83a5748683667f8e
5281 75e516c19bfeaf89
5282 d9976e3452d039e2
5283 385a1a1a390a589b
5284 ecf7ad6998c6345c
5285 ebc00cfc059bc659
5286 546b82638d85abf4
5287 80f69e2f50322af8
5288 a954d68ed62138f1
5289 f78fa2140e7fa7ac
5290 dd86f5a136b2a4ad
5291 36c7cf3a4e7e755c
5292 dcf85440ac46bdc8
5293 797ba1e482d47e99
5294 b1b7d1875020f29d
5295 fe4a7d77a4ea3d85
5296 4877d841fec1245c
5297 3c6a59f1b2d74ff6
5298 ce57c218ccfa3153
5299 eeff2e51294e8830
5300 f033b2518d1c2ae3
5301 eb525fd1fb6b9d5e
5302 e41db05f99503b0a
5303 88cc7231943c03d9
5304 d48b5a160200e1a5
5305 04482259bfd66d7b
5306 8ebc1a2d2c6a324e
5307 f5d134335ce766b0
5308 e809cb806a55a91a
5309 f8e959db91ec7af6
5310 c0724e771347e228
5311 0c2c84d2af8d383d
5312 1cafb98c44c0acc2
5313 f65170b3f4b75635
5314 2e2adc4cd4c89ebb
5315 4b1a2b9fb38c07d4
5316 2de3b9231c431af6
5317 f41c6b877100a151
5318 3c23d58cbbbebf9a
5319 fc3d35c0cdf25ee8
5320 104c3b771e6b62c1
5321 74bcf6350b8ce272
5322 7dc843398e242746
5323 27d4cfe2152605b1
5324 e36bdb156076c080
5325 5c7da57573d63159
5326 efd8f7e475082e14
5327 d5edcd9f2b637518
5328 b756fef2007a403f
5329 cdb4a41c0cdc521b
5330 ca1da688e74c9604
5331 bd2a4049ea0aa831
5332 e31846d098a62a7b
5333 5346a48414c4bac7
5334 d3f755e5def14952
5335 4a7d6fc7831e6cfa
5336 e81ab7797f3ae4d7
5337 c93eef4e02b745ca
5338 85a417b32c484223
5339 655cb456bf7e0adc
5340 b2399560b03f9cf5
5341 f297ddcfc28d80eb
5342 7d94572b8227b775
5343 9ed7aaad52131ca1
5344 e62a5eb35194c797
5345 b8b3db8b180e3486
5346 a56e2e4971ae0dfc
5347 bf4caae45caa7044
5348 7c6c91b420ada5c3
5349 b8eefdc936bbdbcf
5350 8a64a24431f4a0ed
5351 2de3cde9df1f2e87
5352 901dd8f938952b7d
5353 5d31a9667614d0ce
5354 4c62cb9f4ae95707
5355 162bd647d6e8c1fc
5356 a7984128ca0d559e
5357 113372ac3e499f14
5358 aafa781f71ead122
5359 58d06ac9b80c17d6
5360 3667806cc0ac24e3
5361 72ef52673d5f3e98
5362 0e9e52384bc63c76
5363 845cca03b69c92c2
5364 db93816c206b3536
5365 ca0d8a27cc12bc42
5366 4e0382cdee836db0
5367 d09daf6b406e482a
5368 9f2da9c81a90c955
5369 f28bb341ad75bf2a
5370 b3970e9d05ed386d
5371 33ca59530997eb4f
5372 4eb8a206986b97bc
5373 51b089efacb3015b
5374 215ee193d5c8d926
5375 96f732851d6ecd4b
5376 5b0e85fb91ce48b8
5377 0250b7b4ded520bb
5378 eb3ca8023b250f85
5379 2d454d4325b9aa17
5380 28593bc486539631
5381 c16772210db0f12b
5382 b530c56267fa75f7
5383 6d1ef8d114ea44da
5384 e35a134b5b0a50a4
5385 01228f84b2050931
5386 062a1daf795fae9e
5387 26db88666b262a14
5388 dce8515a12121b97
5389 d20e49a2bc701ce7
5390 266b645450834dfc
5391 6d3a72ee75ec2114
5392 d18a2e10eee97333
5393 23257469c4df88bb
5394 6e388e6e51b40f5f
5395 f93556cff98437b6
5396 40006180e38c6eae
5397 cd4e6b4440d8cd05
5398 3ef03fd8aea8fed7
5399 1773dbeec670b749
5400 a6432656d6c4c076
5401 4d32a8f3cfac99ab
5402 67d715d64256d120
5403 fbd00fe8be51f54e
5404 208333bed50e9d50
5405 86e842a4a729ed1b
5406 8a397b79c7493afd
5407 8565162b9baa3bdc
5408 9848b53c37547041
5409 465e10f47c88f7fd
5410 f8318ad8a70df1da
5411 7ee7fe4ed9292df8
5412 3daa050955abb009
5413 b96273a149e4494b
5414 cc10e6188595e463
5415 01f6f3fbfcd93524
5416 caa34dd9e7b922d6
5417 32e975a7e42bfee4
5418 e58e49a6bd6a7641
5419 002693ac361a8967
5420 65b0f420d0463716
5421 8bdf64a3ad9bc639
5422 6b2046975fd2fafd
5423 993a886bc78fdcb5
5424 b79fd09449e61e10
5425 6d4b8d567d40fe7c
5426 9eb805fac1e75d3d
5427 47fa257cc61e9853
5428 ca4e6d2dd2a038d1
5429 bcb596f04a73ce5b
5430 c05c19d7141ab3b4
5431 c8190ff6aaa92b11
5432 1f1afba38bce841e
5433 52f7b3e703acc7f3
5434 504caf39ecb5aea2
5435 c1d99770be76c522
5436 f96a50c4d78561b1
5437 fe76d146fb305967
5438 c5a061527acade5c
5439 3c2dc004961d74b5
5440 ff72bb6ca8b8c416
5441 fa212fa27d43af02
5442 a4e5faf2be04eef3
5443 1b672090e32922a2
5444 748b61d121c260bd
5445 41640d1f0bcfa21a
5446 093f9f29f93ac739
5447 cc18c672d56811a8
5448 ab4546eb8059d4a1
5449 0bd82b9342a4a589
5450 d574a2331045bb9f
5451 abd9cb8184d71a5b
5452 455c6306fb7d1c7e
5453 7559ba459dd3b6ea
5454 109e494ca4e9546f
5455 03c388feb39f2416
5456 e9f0b3334dacdf4e
5457 39031de67629786a
5458 911342f4f322d7d7
5459 ec664a71adc4c0f4
5460 0db291ec74f7eb6c
5461 c1ce1a90327eb358
5462 e33db647b5827674
5463 4f37c48ceca92d97
5464 b0d79c7ee1ca64c9
5465 58b2f57622121504
5466 696ae9ec04301253
5467 266e40261392aa12
5468 ad038bee4c5a4153
5469 45a6880d94279413
5470 e9801ac0598520df
5471 3ba33e02b364a2ff
5472 bdcc322ca5f8c90f
5473 b91e527b8fca22eb
5474 6553e27cf6b32a9a
5475 f8658cc7a28e5e69
5476 0fbec2f5d95c5fee
5477 037975ba9cd2bd0c
5478 81e2870d1fc7b659
5479 992db8936d23e171
5480 b841507194ff1270
5481 4a34493b496e2341
5482 be5519f4b7b00e3f
5483 c03c94ce581a2ab6
5484 12a9c6fb4bb03742
5485 d827f099d882bece
5486 9be8a296f31416d5
5487 f3712e03070794ee
5488 fe602ac2129e8a09
5489 80ce5c92b908b58b
5490 a84573f014cd6971
5491 643a3c4e7f555f9e
5492 d3137f4cf6be42db
5493 2439fbbb090293e2
5494 da229550886a6880
5495 18afe4aafb1a4f47
5496 6c8ab29188e6d316
5497 a5a9856b712daae7
5498 e5a770b8e9cd41a6
5499 c2fddabe233fa585
5500 c2568ab8bcf45817
5501 9ac873eeb24a11e3
5502 3f139493fdafc2da
5503 33e13f9b9877c164
5504 36539c705210db68
5505 3ae8b2be74e882da
5506 209501ed67515f9f
5507 744e719e94ded105
5508 13036a89d18a96fb
5509 dc7c3dc2121ad7eb
5510 e7041b90464b240f
5511 3e10785302b497cf
5512 c17455b76caaec2c
5513 d00dfc796294bda3
5514 99ce563693787da9
5515 719e12c0686c785f
5516 69f8114816da3757
5517 2057c0e5ef45d104
5518 d31702abbd1343f8
5519 46616aef6e028c59
5520 d952571725ae9354
END 5520
