1 b9d103fd6854a325
2 b9d103fd6854a325
3 b9d103fd6854a325
4 b9d103fd6854a325
5 b9d103fd6854a325
6 b9d103fd6854a325
7 b9d103fd6854a325
8 b9d103fd6854a325
9 b9d103fd6854a325
10 b9d103fd6854a325
11 b9d103fd6854a325
12 b9d103fd6854a325
13 b9d103fd6854a325
14 bf3ffd926854a325
15 b9d103fd6854a325
16 b9d103fd6854a325
17 252c8f5e6854a325
18 b9d103fd6854a325
19 b9d103fd6854a325
20 b9d103fd6854a325
21 b9d103fd6854a325
22 b9d103fd6854a325
23 b9d103fd6854a325
24 b9d103fd6854a325
25 b9d103fd6854a325
26 b9d103fd6854a325
27 b9d103fd6854a325
28 b9d103fd6854a325
29 b9d103fd6854a325
30 b9d103fd6854a325
31 b9d103fd6854a325
32 b9d103fd6854a325
33 b9d103fd6854a325
34 b9d103fd6854a325
35 b9d103fd6854a325
36 b9d103fd6854a325
37 b9d103fd6854a325
38 b9d103fd6854a325
39 b9d103fd6854a325
40 b9d103fd6854a325
41 b9d103fd6854a325
42 b9d103fd6854a325
43 b9d103fd6854a325
44 b9d103fd6854a325
45 b9d103fd6854a325
46 b9d103fd6854a325
47 b9d103fd6854a325
48 b9d103fd6854a325
49 b9d103fd6854a325
50 b9d103fd6854a325
51 b9d103fd6854a325
52 b9d103fd6854a325
53 b9d103fd6854a325
54 b9d103fd6854a325
55 b9d103fd6854a325
56 b9d103fd6854a325
57 b9d103fd6854a325
58 b9d103fd6854a325
59 b9d103fd6854a325
60 b9d103fd6854a325
61 b9d103fd6854a325
62 b9d103fd6854a325
63 b9d103fd6854a325
64 b9d103fd6854a325
65 b9d103fd6854a325
66 b9d103fd6854a325
67 b9d103fd6854a325
68 b9d103fd6854a325
69 b9d103fd6854a325
70 b9d103fd6854a325
71 b9d103fd6854a325
72 b9d103fd6854a325
73 638981f5a8e59349
74 b2ebf1ca0e7bac83
75 7a3a349315f8b09d
76 e21a3cd5bf96b178
77 467065255b96b178
78 e21a3cd5bf96b178
79 467065255b96b178
80 d1e532a45f96b178
81 4511ecb032633278
82 024b069f839cb051
83 2457dcf8a7f318e0
84 896e1bea750f8c40
85 f1637416db970248
86 0a10230cc834adc7
87 60cad38323358198
88 e99c56b5364845d3
89 60b4c5d9ca667ead
90 95c59834150422c3
91 afba3a3ea48ebe0a
92 f9b04d303c8a4591
93 73d6daf14730f888
94 cd7fbc855395e40f
95 9ede8ef3d3afc556
96 d8400e9153cf643d
97 9f6ddfba1dcdff84
98 712178d15362d70b
99 c7197f33baa70e52
100 3e6c8b9730155139
101 4e47e0492f1c06d0
102 f0ae729225d3c7b7
103 57f5ee9aef177efe
104 932285a88e223e85
105 cbc02f876a18f5cc
106 33e3a4cee3d0b6b3
107 3cc280b67adf97fa
108 df112a374628dd81
109 11df079f2b6ccf78
110 3e82c088950abdff
111 c4670fe1d1265946
112 d1822bcc0150b82d
113 689b79b514543e74
114 91af67a8e630713b
115 0d834087eca50c82
116 fe3eca2bec600169
117 4edf7ff3c7164200
118 b5215ed8683e8fe7
119 c7a441dd06ca2b2e
120 67018c75696b02b5
121 f9955c886598dafc
122 a678ad4a439dd4e3
123 dacf38908668442a
124 3c19ef0ea232f7b1
125 4d232f5baa59d84a
126 533a09e24d2f6a2f
127 be2c04de9e892176
128 03d8777f978df65d
129 89b49c82d587bb96
130 33ee98b70fe4892b
131 37e2cda94287e672
132 7805e36204008f59
133 5dfeb7c69902ce92
134 e118a173485d59d7
135 983e38a410c6571e
136 caf0ee197ce5f0a5
137 0cb4b7f6bf62ed3e
138 23f5182fd229f6d3
139 c3d3bf45bf56441a
140 0dfc32c5261819a1
141 b03af3ac5f619a98
142 0d058dac462b501f
143 54bdd2005cff3166
144 af0e260cef21384d
145 42d0097a55034594
146 8bcb439a52a8235b
147 dcea549fab5334a2
148 b530bab5edc98d89
149 9bca16bb7c764d20
150 8193a49dc4782207
151 5553ec564680534e
152 6a373f5be92ab4d5
153 8876541377c4761c
154 ae6f1e9c11760d03
155 917fbf4a3ba4c24a
156 cddb7a3dbc8b70d1
157 16190aeb994582c8
158 be0d12a89e101c4f
159 3dce0dccb8a5f596
160 ca2dbeafcd826f7d
161 873c7288dddc95c4
162 8abf4a32bcb1974b
163 c79e90328ba89892
164 5b01b63ca8920c79
165 7095f25ee5bc5d10
166 efb6b20b7090b5f7
167 355f6fd76f2f973e
168 6c624b44c58645c5
169 87107b7562ac2a0c
170 53dba4568122cef3
171 ea914ca54c3f823a
172 c69d2ad77889fcd3
173 1f7f1d7c1af04cb8
174 ae012ff593aeac3f
175 f5cb96c46ccf1d86
176 9a53cb0a53bc561f
177 200cdb2c3e50e9b4
178 e119c5780ec6cf7b
179 0f5a0cd48537e6c2
180 b9e62d580036711b
181 694941a08e6d2140
182 133cf19d7604ce27
183 01f815f5c1bee56e
184 1bfbc6426c74cfc7
185 6ff693ccefb5163c
186 55404765d946e523
187 fb0e2140d1d72e6a
188 bce418720b2529f1
189 5e820f5926b914e8
190 50e555c4bbe2546f
191 e09848617b89a7b6
192 aa1def973a7e4c9d
193 5856e2f177bfade4
194 12ddc2ac8588df6b
195 258f3bdc972f24b2
196 1f8c9e47fa101999
197 58eef5cbfb049b30
198 2917efb3fd02de17
199 e7b653fc821e435e
200 87c9d7105e4f00e5
201 31fec5c080d5b62c
202 0d935438edf22d13
203 cd391637f9eeff5a
204 600317084056f3e1
205 80e036cbc44c56d8
206 9ce314a41587805f
207 6634f561d90506a6
208 096364d56febf28d
209 1c6664cc2eb7c1d4
210 9afa821eb82fa79b
211 ced38ae571a729e2
212 7ccd4d6e414cc5c9
213 fa1fe0b3268bd360
214 c758f3407139a647
215 bf736782793afc8e
216 729ac55b6eb90b15
217 6586619a5fdea25c
218 ce32aa4f26f04543
219 d1e937520fbc4768
220 728cf5970f43b811
221 f3e4ce4d9f87c108
222 da879965cd7d2c8f
223 d2b0ad15cae5a264
224 cc9269f2d06aaabd
225 f2d31332cfdc8604
226 854ea545fc6b1f8b
227 c60653c8cc1dd1b0
228 4fbd65949d3ac5b9
229 3cc863712c614750
230 ba4119e9b1597037
231 f7212cb6563202ac
232 dda0ba5ee6a4b305
233 46ff41fd8065604c
234 7c62ff226934b933
235 7eed68d7d0a10c7a
236 bed348b5dff45001
237 757fd2f08f0a7ef8
238 7d0edba32110327f
239 f2c05ec623bca1c6
240 287db0ecc12038ad
241 6774fd1563f43ff4
242 b238d5c2434135bb
243 cb85f30dedfec502
244 7e743d766bbe5fe9
245 5d97e75aff4f5f80
246 6fe864f517c55467
247 5466638ca8f203ae
248 9a5e6d72893d9d35
249 4e0f905ea4a9487c
250 38a03b09b7d2be63
251 793a8a3e6993b8aa
252 7a24bfe3f4c51431
253 7032be2c973e9928
254 cee13d3af6385baf
255 025c867738c8b9f6
256 309115c024d8e4dd
257 5705539425d53824
258 1c82768f134db4ab
259 62d41aafc32aaaf2
260 decb69877a226fd9
261 baddb7c6a4cc1f70
262 aab39b2e0fcae557
263 6c4e301735b76b9e
264 64fff4c0d536fb25
265 f2058c170f84126c
266 6c0b6cbec0ad4eb0
267 1f33bf69eb6126b4
268 62094962f943f1ff
269 1832262f4ad14c2a
270 664c8d444a740c5d
271 64f2d1296b407ba4
272 612ea766cd63f02f
273 a6d9dff58949f776
274 c3e697b37e962d79
275 a786a82b69d40310
276 26bacf0672f1ad4b
277 a5c2d3f9a7448e92
278 03224dfc5f97aec5
279 764247e9040dd00c
280 a160bdf2692d8bf7
281 d8bc66aac8cfad3e
282 595cf707bb2d07c1
283 d1390e1ecf2e12b8
284 7f0a228841a794f3
285 739b74fa8e16cd3a
286 deceec088a50e66d
287 8290b832364a8fb4
288 a6749740ec26823f
289 8ee65ca62db15886
290 645fa78b93695389
291 500302a9ba722320
292 a2a44cb37b86395b
293 a691aebade821ba2
294 2c561dbaf3065ad5
295 311441b6ac70fc1c
296 0712b97553c53807
297 eef3b4ec9a4c1a4e
298 2fd64c74758a49d1
299 1a3aa5b7ad4e78c8
300 772651a83b8252d3
301 c5c7b0f00972c189
302 9c34e420aa6582bc
303 6482742740d55607
304 365b5029a6aa7fee
305 76b56c29cf8f58d5
306 77fefdb4c181a1c8
307 65d5112a8e68f663
308 599a7a79a1833d31
309 d7794fb402a8b721
310 e3c6ec9caca80daf
311 36d145ccc3dd5517
312 2af478b82e1eb3dd
313 41af50a53bfbf5d6
314 65304e1f2737fcbb
315 0e0744d88163d802
316 a7dc0a1a47fbdee9
317 988dc10dfd9bcee2
318 1fb89dd1ab69fb67
319 699daae9c2331aae
320 37ce38cd34ff7c35
321 1ecdc0b3181c7d8e
322 1bf7087a478a1453
323 19805794529faa9a
324 825eb81988ed5721
325 7ecd2a394b543e7a
326 a0940984e5aecf9f
327 0c0414414f5c51f4
328 77fe2d26a9b427cd
329 41a258f2cedeb3c6
330 93681cd4a0ded6ab
331 366420c79fbf5950
332 d04bc3bef80d4ed9
333 ae680e422fab84f1
334 450ac74cac272757
335 a5d6afea52fb624c
336 4e6f138e3a343a25
337 4adcb20409eaf16c
338 3e54918c54cf3bf1
339 86400c14fb56994a
340 225537a90bfdae50
341 36faaae3bd7d79c8
342 225a9d42ea299e9d
343 e2cbde250fbe0c96
344 75f70d90c5f6666f
345 4387e6d848c058c4
346 bc8b172b866f65a9
347 659231726e0513a2
348 88769147a9abe17b
349 e4badbf3ddad8c20
350 eff9f23991558cc6
351 4386812d6095324e
352 ef8c09de9808e027
353 1fc797ca12e9a91c
354 20fa479580c3fdf3
355 0ad6d0c7a4fe68d8
356 6e5eaa63f64e20c1
357 c2113efb9bc8b0b8
358 e2a4e38b956beb3f
359 1e4e1d1e27c713d4
360 2aa0eaaf0efa3f6d
361 ff27bf9aa1864db4
362 d846f2dce2ad664b
363 1a5f1736ad5eed30
364 d388e9efbe4a7e79
365 b26f34c6d73e76b2
366 36f4c071aa1c64f7
367 72f577e8ccc6238f
368 58d38968c5fdf7c5
369 0f84de307b4a555e
370 c8374e0bc3edfc23
371 7805b0575ef8aeab
372 09a30c10f8a6ccf1
373 5fc8f5abc092d44a
374 16ff2af756bf236f
375 67502a12451f9eb6
376 86ba7841a3c94e4f
377 b0792226947b30e4
378 b0525b161ff00e7b
379 e61945bf89995f20
380 1ef3d3b67e5896a9
381 a707083ac81a3840
382 46784329f5d1c6d5
383 d06abedc3f24c46e
384 d3bad440aa74a3f5
385 21b3da34a1e5154e
386 b1e831f0e23bb013
387 35352fdb8435715a
388 ed453b1e4e5c20f3
389 ddf7d27aeaf0b1d8
390 59f16ae8cd46975f
391 2f868f1c188f78a6
392 515ab0d5b685be3f
393 5072daba17fcf0d4
394 d4fc09e56328b979
395 e02a77287aeea3b2
396 030ff9b9b0cf3099
397 213d413b001aea92
398 bd52130dbb8fbd17
399 3ec981472dc7825e
400 08da979b4c56c7f7
401 c13f0cb16b5af92c
402 5bd1f8043f55e5c3
403 d646697af02fbca8
404 ceb29200deed5c91
405 6b7ab379b4fc3b88
406 55ed1711210f485d
407 3cb14d8cb1608856
408 2686ed58a1377b3d
409 e9ad1d12bc215a84
410 5517616350733369
411 b91d58f38c9d2362
412 9d3614703689c33b
413 f8181856428061e0
414 c393a47f00464cc7
415 17ab708c6df2affc
416 37c8833d795e6d95
417 20998a62236024dc
418 ae26cf73a2416ba1
419 65cbc6c231695afa
420 de28a1f957351081
421 1eba837f9c46061a
422 1f2223a4437084ff
423 4248a176b664b446
424 3ff98b9b6e5d521f
425 6998099811efd074
426 e2c512164ae9ee0b
427 a25ce4c7b7c89152
428 b0673dbf00bd9b2b
429 12d819f543a91dd0
430 ef596198508c22a5
431 788bd6241d6fc1fe
432 d341e2c73d611d85
433 c4e0c4b254b0691e
434 ea2ce859a11eb7e3
435 07e0338dcb4b732a
436 84bb7a9e6ee174c3
437 b72a4cfd8bc1eda8
438 b616e338c01d492f
439 d0eedfbef1151184
440 d2296901b79bb95d
441 de35c5517952b4a4
442 20d940d993a7f549
443 0e8d88dd7a28a782
444 8a8cb6a000698469
445 e68bdb3dc264b400
446 0ed65cc4e2944095
447 0be126cade30862e
448 1ec46f5e639719b7
449 66327c136b4b231c
450 efb531a7cbae79a1
451 d220ffa58c33c9c5
452 cc95b56445d02903
453 3f17d56bd6bf74c4
454 792f4d580779d786
455 75cb8bec3db93051
456 498b4319817e0fbd
457 c226c420b8edf015
458 d4544edf7f585fe9
459 8f16b827748a21f3
460 5935e6f5b56cd44b
461 423b50e7da22cba1
462 f4e9c45038596fa4
463 f73ef5a2c4e35aab
464 02cd0de390676aff
465 bb83a8bdbace48c9
466 37c80f7339f05ad3
467 dcef557f09ba74b7
468 8ad9637757b7bf91
469 654bb2176953ad6c
470 b70238fcc4cd9c6f
471 12b4a5c785b559f2
472 09286ab7886f0c70
473 1c1b7e7602f557a2
474 0125aa79f38be664
475 dd0b5cc68395c59a
476 cb04653d267d8968
477 8838d3e032ece11a
478 b39819c0006d2724
479 6964fad9ef654572
480 05f41536df244fe0
481 b725a1b5ebd403a2
482 fe435996bb426db4
483 6b32bea4b525bdea
484 6d9f5f1043304e08
485 2c0c5f69346e7301
486 bef68c76651c0e5c
487 205669847de81ba5
488 cb0a0025f39c7e16
489 f412d6121f826981
490 6962dad42f7d509d
491 e6edf56690a17c0e
492 7e94ee822b3d3d89
493 b40e02be9d0127d5
494 0e1796a400a6d081
495 e2f1b40f9280eb99
496 0a3d7607da156b85
497 bbdddc4d0464273d
498 0e09849d96548d39
499 e6e3f3b1e081ebc2
500 ac891213b70cb4c0
501 dda7544af3892f02
502 07e39dd0f8f04754
503 c5762a9b3c40cc0a
504 af482f41c9c17ba8
505 b8d5773a487b1ffa
506 fc38583335d5be34
507 5b1b8aaed3b2c242
508 90fa7c73959b94d0
509 335a5d9c0d370622
510 29df669c9e2d0a44
511 f7ec051e3cb0c6fa
512 b4293747260b6b68
513 b490c9e2e92f5dea
514 45073259cebe5804
515 a00145a424b923e2
516 53c392c32c2c21a0
517 fe516f150a8f64e2
518 04a49e80013bdd14
519 7f1a5eff2213d76a
520 717d7194c306f568
521 3413c737f41ce431
522 0fb876a7610c9b9c
523 96e97ab4e72892a5
524 ab7e290d5222f046
525 4388493e72224bd1
526 76cb3572f22c258d
527 d1432b5b8bb810de
528 9a64a2a574dbcd39
529 16f86a1a373a2f35
530 5d0351058572ca21
531 d380bdd51c1e0869
532 185a69522da0afc5
533 dea6f24dcaebe68d
534 afdde8696bcffd89
535 e67b71ca27c12482
536 194484f897f86ac0
537 11967d029f58c9b2
538 62c219e6eab6cb34
539 fe57b76cd021a71a
540 500b259c1f9b6d48
541 4c0f91282036875a
542 bd0a0e7a7ce95bb4
543 8ab393adbd0cab02
544 000f913bdb7f6170
545 1596c35dab71eaf2
546 f36f9cabf2896324
547 f2bcd6eaa57f692a
548 e2c149d62dcb23c8
549 41788dce170a2f6a
550 8f880206ba225da4
551 32040a11247bfe62
552 f76d2aac3c53d2c0
553 55f42764f7aa0d72
554 1ab245b44e1e4b94
555 3e6d0ac033cbacda
556 954d7e07d3e54da8
557 be70f260a34cae91
558 87f99eb67b95225c
559 c594f9cc46214c35
560 71d788037c0e3e16
561 43065a01d1455791
562 b6b34282b67babdd
563 0b4e81a3729581e1
564 a65eb6ba75effe69
565 a141e8ea559a5845
566 214ea966d5a1a98e
567 61f9f2cd1c968289
568 4259d5572cba7945
569 c48898bcc1ab6072
570 87e77b7e9ed441d9
571 2ec7e3486fd94952
572 9db91316d4845700
573 dac8d76a2eabbfd2
574 7a6e5285a98b9bd4
575 6eebcf22035d9bfa
576 d959a945a1a61628
577 092dee6c478267ea
578 017c03110880be74
579 9936f283d3b92772
580 e8835579311be6f0
581 83d0cd4c578e7852
582 336a60057c6cfce4
583 396e0dfbfe0775ea
584 d3aafe257edc01a8
585 6d96b1a1bcdd19ba
586 b6c6ada0d9967fc4
587 ee9c5cd482854d12
588 529975d4b9853860
589 a6488019e7482712
590 231a5a547bd30794
591 5d829d5084b7fdfa
592 06bfda6125c8c968
593 249bb851474dc301
594 c7e0bd6eb06c08fc
595 53faa9875a8752d5
596 752b3d0c71d24b66
597 18f932cd28457f30
598 10b2c16e0f114bfd
599 f32071a62c45840c
600 95b882e965ff0581
601 7bd944fb1bc5b93e
602 17c0c9d2702b8c45
603 91657c019a9eb4ce
604 617ac0c05839b0b3
605 4359f6816a2e733a
606 1cefd6498af26214
607 490fb1617e59909d
608 96186c1cfbc9cc8a
609 8429a3b1c87a5097
610 3f656277b3aa2920
611 2aa3ad12d4710e64
612 e565bfc453d3014c
613 d6776ba774dd8650
614 0ad7d55478183878
615 23d644aaa8f86fc4
616 4f067da173eb8f7c
617 4bd2d6563370dda8
618 28f72a0af15677b0
619 ae551ebefa295174
620 210d0602b4db026c
621 51c5cdf56be53b40
622 dbe8e6b06b851f98
623 45a4398316574694
624 39460e01c162225c
625 590cae35ce9b3828
626 0f8c74567e63bec0
627 6fc269afc5280ae4
628 52d0129d80b6094c
629 c91329e8ae532e93
630 c7fc1605150f7158
631 f8af5eae2b1ecc0b
632 0f1c58b0a5dd6c8a
633 a4d32ff4068e1fcb
634 4ffd8fa5b4c534d9
635 0af1be6bdfc59290
636 cca3ab91513342f5
637 fbe500eb56b998d7
638 583c59348d123c82
639 77c72e39d58b4f3f
640 2d8198ab8a67daf9
641 b4d08f0cde6194ef
642 5c2faef0ec5677fd
643 b3a4fa8023f1e24c
644 e12452cc7aaf65b3
645 8ba186db3d601db8
646 1c9debdb26bcf7d8
647 84db309b555fd23c
648 294081bf09250e04
649 4781c56d3a4617b0
650 14b16f65d2a67b00
651 f3d213aeaf37f20c
652 b1101b8bb17a49f4
653 543a3458e88b1eb8
654 27385f1331773158
655 fba7c98d2de0071c
656 60d673f9ca7c0a34
657 94e2ee22e05e5f20
658 9f1c1678d011f870
659 45713f6b0bd7e50c
660 4c5929a29c351384
661 f93f49c0f66619f8
662 72e9b3f2ec3c0cd8
663 240d9ce36af625dc
664 e80bb35f01af6404
665 97a08a41cb7bdd63
666 86a027c266d90e30
667 a86f855d12ed6da3
668 5012dd29bdc6e3d2
669 b0ee49f1a9b75a8b
670 e3d2b66c84786f91
671 43c90dcc869c2d08
672 c992681d5f170dbd
673 0b8e60a287e0cb67
674 5244b762898bcc65
675 33c6fe2540be13f7
676 61b812f47eed5441
677 c22698d0530eb76f
678 4adb35f4d9b241b5
679 517129b1733893d4
680 7bd5837229907e0b
681 e9158a3934c7a138
682 eb315ef6144f9f20
683 a5ad3e06ed67e374
684 3ad3f6673a74198c
685 bc853be823b90f00
686 01774d94cf474648
687 d1fcb4af0fdedb84
688 2f6bf3e8da4ada8c
689 70d03c8071ca6a38
690 14b8df66e9916710
691 7eceeec5c3f57b24
692 5ffb7a766a2fb08c
693 795898006651ca50
694 83e2d2016812b2e8
695 8089ed6ad17a8374
696 373cd7d79d8727cc
697 687f05c2c946fd58
698 69f9b4f09bb33c00
699 ffe88bdd11c3d394
700 e2324b73616855cc
701 9eb0b750fd5d8aa3
702 9ad00c75b5faa628
703 90e4d22bd914de4b
704 26cfbff88922045a
705 80a27646a5aec91b
706 460754dd116f2b99
707 f9c94b7ab91a5080
708 027c9246580004b5
709 05ee8b39ee39fbc7
710 8a982aa4a11d899d
711 e1e28cd865c0db1f
712 9c1183fe2be4f989
713 00c774043cc7851f
714 0f8b7a0755ec92bd
715 3c6fb6edc4aab9dc
716 d9aaaa5a69297044
717 41b99572a369e1e8
718 ae8bdcda907b1e88
719 7794beb2177278fc
720 96ec4b080cb50bf4
721 901b9316632a0e80
722 55a978fb4792f180
723 fe9ca05ff94d5b7c
724 75b53face75bfef4
725 283601b188ef4d08
726 0e2f4e2df20b58e8
727 45925a5b627f641c
728 91628403e099c244
729 83346e9fffbda710
730 a481503850c4f230
731 616ee287a79d85fc
732 fb850832c24293c4
733 55368e16a7b27e48
734 bbfec7013e28a268
735 5de5e5dfefcdc49c
736 81f215cb34b19805
737 e8bc73233672c7ef
738 2349347cab33b24b
739 1cf91e7b16516900
740 ea07f28057187585
741 08d5291292b2c3f5
742 65c45b4dbf913125
743 21f5e530a6c7e577
744 4b5863032529b5b2
745 406eab63633bf48e
746 e5f9fe406be00f7d
747 ad0d54910aea9357
748 1755e37fa36dea08
749 a3c49e47f32992db
750 740db23b7bfb1863
751 6ac39e648cbecf60
752 6a2ca6496a279a89
753 095d8dc15d363564
754 a1ba2b02f482fa26
755 7c4c3507f594d2c8
756 29cc98c80adf4916
757 84ab03a7ecd79684
758 f6ade98afcefcff6
759 6f8c6ba56db81ef0
760 5b3d995d04994b86
761 6521643f9aaad6b4
762 3ca535a985df9c26
763 e9e661b02e361d08
764 dd6ca6cd8d4894b6
765 e3a27e4b68289894
766 01cf646e19a73cb6
767 56494e1b01486e00
768 4016c2fe8df337e6
769 5db77aa68c839ce4
770 4b17f865aec3cca6
771 4ed3395ffa6be8c8
772 4e554c3804deb356
773 52f923882e3c7f57
774 1b6d46865030844e
775 5a935fb2d74bf14f
776 775acd4f3b562300
777 54cbc97704724c9f
778 5306d0611b1f1597
779 9dd82e7c37d8d85c
780 311511a8e6ee201f
781 b781920993c85d33
782 37ff0fa0e4d5860b
783 5471857cade57493
784 0d7de3e0f4057efb
785 e961927f0230cc23
786 3258dff2b0a133f3
787 a075e8dd38e09690
788 777cd830f03718ae
789 afdaa4001801693c
790 54a9fca23ed27856
791 0e243fbc37f70a78
792 018760082161122e
793 38603214dfa3cdfc
794 2bcdec6331405a36
795 d2664ac806375d00
796 230aef5be97591be
797 da272ed446753abc
798 a81330ef8de8c496
799 66926c8a6cde9ff8
800 5ea5e3cecd57d3e4
801 d72a3385c7853773
802 1652cb49f6a6ee8e
803 e452fe66786327dd
804 e4e734a3d52d43ce
805 8c45593fc6eb99d8
806 faec3a66b4df2af2
807 bc751b3c2cc26348
808 d79cbee17576c056
809 6d03086ad193163b
810 8042e0bfd82dfa0c
811 d8e237a356d73ae6
812 606e635cdf424eb8
813 bae96cf92975409d
814 26984fe912419012
815 c49fefbec4757fac
816 431a0e5d5fa64db8
817 24b4cc94428a1f79
818 5bca771eb3b90d0e
819 380bc1d52aac3d54
820 c1bf8b52eb683eab
821 127e8b82c559fac3
822 1451f71d70d275cc
823 0e7786bd33b7bcf1
824 d04411a2865df303
825 cc4a6c29a157fbe7
826 dae043a9f748150a
827 54486db86ddcd801
828 65ef90847efa8ba3
829 bef18535d255c078
830 50e6c4a1f1f8c650
831 36ea56327557c10d
832 bbbecdfafd0f1a1f
833 d27a1c565703d7fe
834 ffe7b6dc01d1fd1b
835 4dd4ad9a4fdd0076
836 d3e44dca80dcecec
837 52868b2d94280485
838 587ead817297283a
839 3b68f5f4b9f062fb
840 d7dfed528eb7ca78
841 0f5e18266c6bd1c1
842 cc15f0798f2117a6
843 a2f4a1f268c75647
844 53de9a11a7e39a24
845 1c2cafd1f97ad0fd
846 379b2d3ca1e88412
847 03dacd0f5641f673
848 21f6e77bbc513450
849 346aad8e65ae4e59
850 2ddfed4749f9251e
851 5ad2c439b54b727e
852 1fe8d270514e73f0
853 f123bf8b43295f7c
854 e6d5eaedfe468fb7
855 fecd1e1819895694
856 e6270457a3098866
857 1144526e26021af0
858 7c6e5ee13c8f04aa
859 34cdb4b26d34a6ce
860 8aff74c44e2f0833
861 8fc208a7ba9e717e
862 bb023becab74ef38
863 b847ca2f486cedc8
864 84432cb0ab623b61
865 d52bd48eac3a378a
866 ead3db6b0c2ea00e
867 e57f2087a038297a
868 63a72e1380b811a5
869 fa6277d5d7b459c6
870 3a1676276e6b9a9b
871 f6a4ccf5fd628346
872 84361471eacb9e28
873 4d556f97c68d8ab2
874 8c1a55d75222a11d
875 b473ab085750cfd6
876 14df38ab4dd8104b
877 a33ae827c3e6c5d4
878 195589c235b9d3ae
879 b93480f01bf7e80f
880 fab21807f3e10309
881 9a5ead6ef460bd62
882 764b2486f30b5798
883 dd1adabd4b666866
884 9ae2b4a63bfe0be9
885 f28aabb2e14e42e6
886 b57fa32b5e10ff57
887 76d844b38c128190
888 e2c43d31ae964b4d
889 49f77ec19896b394
890 f0c793624f9d2d80
891 646eef382e554331
892 3cf755a85d5ae6f3
893 12d45094dc0b0e93
894 e56e98a929ca7f2a
895 6888ab19bdff4f0b
896 75fbdd78e5efb31b
897 96a80d14b07bf175
898 ae3bac1d4ecd37fb
899 6881295b50f45dc9
900 4266912f3de4f34e
901 84c0c78b7da091ff
902 4049de0678850aa3
903 215bfa7c45f024a4
904 ddd164fb3ad66006
905 f0ffdd52e48c46ac
906 0b7da30d5d831105
907 e7f207ed7898af46
908 51d51aa7c91a046c
909 0b027bc624458a09
910 05239b2fdebadabe
911 064619b3422bef67
912 9e2ef664ca0979e5
913 f5d7e54bb5779996
914 039f0a30633b6be8
915 384ff7f5fe9763f7
916 8694ea3b4242b824
917 3dcbd592829d1e16
918 5f30d1a8dbe63d1e
919 e7a3ae8da503e558
920 8fe29b15ab316e28
921 3add53531352c645
922 4330318ce708c220
923 3037cc9d8c0dc640
924 96d579d510d1c41d
925 9ed4f28f681550af
926 d79e28bc25a27381
927 2756f874937b0c2e
928 41f1c625c4ed79ce
929 50b428373915ebb7
930 8ab0f517141342b4
931 26e8bb61a0c1a79b
932 7d8d7678f2488536
933 3a725a7e5d57749a
934 502052a9c438d762
935 7ceb16d64c35a3f4
936 229531736e2dd7d3
937 2e2bc4db0c832d1e
938 8408305d4478f39f
939 74bef7c1a9ed2e40
940 790adcb3c7d1e49f
941 8400bbd9211c3af5
942 1431de6f5a59723e
943 60dc42676959c9f5
944 7240d5c4114db75f
945 1186fa06e84d6640
946 3347a9396223d163
947 9d081c73895e6582
948 9407804c5f3e0d0e
949 5c97217710b8a5eb
950 5bac2491bfe512c3
951 129a18a2d2660bd7
952 acfb9f896e2edb72
953 4210a9dee720390d
954 2cfe6b84ff5b5376
955 6827deea21b21cc1
956 13bfa0b5d3fa2a63
957 7e5281770318ce29
958 71030510ebdc4f9a
959 6c23e06434fa9508
960 93539c9267253456
961 867434e7a9b8a9aa
962 d76015fe9701a2d0
963 15a4a386ed6dcbea
964 2074295444a0e799
965 3035602f9b29beae
966 5ca7ee3afd3fd1b6
967 ede502805e256bf2
968 f5df5bbfd56d06d0
969 3259daeb0397e8c6
970 31b871429d9638f2
971 bad6d5af22a133cc
972 9201f3257a0e81c2
973 501da50ffc3ac896
974 e63f9e0f95d770de
975 50ca1a773ffde9a1
976 6ddd2b1f8c4a623f
977 8ea63e151121e8dc
978 a35d2139ec0fcfb5
979 9df22abdd5f3a4d4
980 6195d21f7dd8cb71
981 adb97398612c791b
982 4f62cb12a196ccc0
983 c146811390e9b0ad
984 10f153c8820035c2
985 00b811997a25c127
986 86fc53d3f34e1011
987 4e502589a6296c66
988 9d05e610da3bf4f0
989 e119712bc221f571
990 cac926614f4e3a5a
991 c41207fd4141074e
992 317a77f63965eb16
993 bb757ad8d2d94f0d
994 f73f255ed123bba5
995 6fc9b9a4b4f2155c
996 dcd085385426495a
997 53ea2d625c309cb5
998 8e96c92a13279a6d
999 daed4c40afb38e66
1000 2a54a6de285cffd7
1001 d0b0b571a7fd0dfd
1002 fed5f7ad24268b4c
1003 449cf2d480ee5d7b
1004 b328aa53b1dc8d47
1005 ec4501fd0325cc85
1006 bcdf411577665c94
1007 c4214ba7d6396ed0
1008 64cecd1a8a0a8f1e
1009 140010c20d86ad11
1010 471fb24ee90423e9
1011 1e9a9c3d9031cbee
1012 9d97c72b6154e401
1013 8025f193cae3f32a
1014 bf8ddb91665de35b
1015 bde6bf5e86cc4e0a
1016 8ad6b6cb847ac17b
1017 a753ef3a4979d417
1018 62ec40fdd8342955
1019 64a6a0a3ae2f04d6
1020 60eb4f202020de2f
1021 fdc416b098c5dfd1
1022 5c310839351708c6
1023 69e73e407f605cfb
1024 7a1798d41c70b251
1025 7baa62b82ae7e8b0
1026 a9f30d25d3296536
1027 4af5e8a757be8c78
1028 e0bd3be7f1357270
1029 415b79211601e6ef
1030 59156d50efc90089
1031 4bf23c1f142eb067
1032 5bc7fefcf4367980
1033 74d979e4197429e3
1034 b8e588b3ba5b51b2
1035 27dff04af2b5102d
1036 4469e1deb3ecead1
1037 600fe0e8f56ffe93
1038 520d7781d3b0662a
1039 e84daa517eb3a225
1040 374aaea708cbb4b4
1041 f5ec24fd8090dbaa
1042 da93159766ffc679
1043 14241ac932568f60
1044 e9df4acefacbe5ac
1045 dc5a4b8408f95a9f
1046 d0ef1be329362d36
1047 cee2973d6e3ee086
1048 9f6abc480c0d9fe0
1049 437dbb8db305d270
1050 bacc78e7d4bc1dd2
1051 8d805858ca7864bd
1052 7ac062f04cf2f2b2
1053 4a57b06ef8ee3da7
1054 204c5f6b8e4b2e14
1055 f19ce0ec6267fc49
1056 fcd5d8bab1024dcb
1057 69ccc9c48345a504
1058 ec5787f071ecfb8e
1059 8deaa4651211e638
1060 bbc65338f92cad09
1061 db7db537acf33275
1062 6e5e137ce3f5258c
1063 df6584b1e47a8027
1064 30cdbe7429ea6466
1065 223eca552978e552
1066 63888844db98cf98
1067 42a408b0ed0dfb6f
1068 c271ea4b723e6e47
1069 4cb22ea7b3828931
1070 037d4aefce78cecc
1071 cec33e0b3b6c9146
1072 8df3ced4e12fd84f
1073 345f88cccfe396d1
1074 c5359327a449e37c
1075 8b469bc6442d3859
1076 1dbda29c8c7474df
1077 d4d94309fc4b6f78
1078 c263179bbaf0ceb1
1079 edca2ec4590dd6bd
1080 0b4efb6b105abaf3
1081 0146d70097eec591
1082 333d6f5203c25362
1083 553c2bf2d3dcdbf3
1084 a9d6e7bf4d5a6adc
1085 f878636753f6fc8d
1086 97f9e8d8c1139eb8
1087 34b26682a9ad5e3c
1088 1b99c55b96801b07
1089 57a5f96c69a3a736
1090 da09b593f3b34a1b
1091 b3a6ce6f057ab3b5
1092 16d72edd61b7994c
1093 7362e1ade28dd4ce
1094 2a312dacf9c08637
1095 2edbc330692b9ace
1096 ca6c3d2cc2cc3524
1097 713cfbf3d91a057d
1098 3a1e28ca98728676
1099 57dde2e74a40c3a9
1100 d1c841523f5392eb
1101 971ce83d0c67bf52
1102 2c4294b8b46c13a2
1103 797b101d2301e3b4
1104 d5f516c736a4149c
1105 c2f88f7e2ba5209e
1106 09681bf0d1ba7573
1107 c623840f85dd3f64
1108 f6c86919b282656e
1109 960a6830fcd75393
1110 afdb0f63ed5012d3
1111 7c1b6b2a5a947028
1112 dab1ed4ba3874522
1113 31a829453a4d4aba
1114 ae3c80f89d148227
1115 442b9749370ea7b5
1116 58c11d1312626f99
1117 f9194fc042a0aaf0
1118 e72fba86a68f2b3b
1119 bfdce3dca765f090
1120 03f6c18260b27006
1121 4d1111cf95292e20
1122 905a202fe9522c19
1123 3d615d986bd058dc
1124 dfeede3787af9743
1125 6c2a3d7af8deeb16
1126 e5a78f1b5a2fc6c8
1127 6f5897df73c38abf
1128 df2a8dff6943a4f9
1129 b13440ca3029b50c
1130 e74650d1d8cd4bf6
1131 b4f47cea005c5c82
1132 d41e086c70e64bb6
1133 791f057e275f213c
1134 266028322b182c89
1135 98e91862cd074f74
1136 3875f9fdbbc5b78f
1137 a50e8399aa6906b8
1138 f8582b81f8812d09
1139 f5952d0ea51b3c05
1140 6024ab3c774303c6
1141 38f9a1660d63b0c9
1142 33a7ae6aca89c101
1143 6200e9e6434429d3
1144 e6b417c4f2c0d1b2
1145 6f55d18e4ec0667d
1146 dc5b6df37a581291
1147 7380551e04abfc10
1148 5dc6bd069d478333
1149 92798f3ff8159f51
1150 1100677622dc423a
1151 3328c521a70bf2ee
1152 1ef6929a738dc18f
1153 64c78fee41e4a0ce
1154 9ab80cee675f58bb
1155 c44b9c926adc9c64
1156 2c38fb9da102c4e5
1157 f9d38bd81b80d424
1158 42eecdf304e4146d
1159 2a0a082ccd08c332
1160 7b7fbc07dfb55ae7
1161 5d905e9e465454fd
1162 d5483d3ee7f87711
1163 a1f25ffb98d9cfa6
1164 550e263bbfbf2ec0
1165 60320369d64d2f21
1166 f48be223a436bb8f
1167 9bab1dcf371e1a44
1168 709dbe508e831a49
1169 4e9a1898dedb80be
1170 ba8fb42c170783b8
1171 641390b1f301dcab
1172 9cef737a45c9d580
1173 f1a08fffdd2a7d3e
1174 e0056dd43f346cea
1175 274832897568f130
1176 97caf8dadeb878a9
1177 579a60afaaa34eb6
1178 437b5cd2b761192a
1179 10d3b51fafb4a7d0
1180 3884d2ed5a70aeb4
1181 727d688d18d2e097
1182 724fb0ae9c82ded1
1183 5249dee55f4e1669
1184 6111150c4657df80
1185 d368628e50f059ba
1186 3e524d6fb00d9175
1187 296ec9b881221cdb
1188 8ab9c2f58d4e6c41
1189 03d55bd3eabc3b05
1190 bd08a32e09cff681
1191 1c1386b10b878d86
1192 76de2ea7adb80a61
1193 62386a2b7e1d5a1e
1194 b3464eb660e9d930
1195 c14da22a3848f518
1196 6c77badcf7d240b7
1197 b01c93df20fb7045
1198 df5ceee51b535e0a
1199 63dc8c1ac2fff604
1200 bccbebd05b3e0d5a
1201 2a9e02969aa3d80f
1202 9433de5ee2d180cc
1203 55acfb8e2934a20b
1204 a570e80bf067ceca
1205 c52650b29c36853e
1206 12c16e25cc5ceb90
1207 77752a0b76b4b227
1208 e2adcc7fa4268562
1209 8d958a05afc60201
1210 c165060af727908c
1211 418ff85b42412b06
1212 be5166a9316ad532
1213 f0593448c69d71e0
1214 0b25f2dbb0dd9b05
1215 ad69d584b3f0784a
1216 160a9a60d6fe058a
1217 5d2279f1580a13eb
1218 45285ba7b0004d34
1219 1b2b1c730b7cd8de
1220 cd9949c544248518
1221 d477ae417ed7e180
1222 9d167a782f112e46
1223 664bf129b450d03a
1224 e3e766c331642330
1225 d9504b4d5ee548d6
1226 f5160d33888fcc13
1227 07d9395ab00eae9c
1228 7f7b0823ce745ae7
1229 9fa0befd31688196
1230 6a8a0261484ab789
1231 a4bc942b2be862b5
1232 3ceedf24d36cfe44
1233 72601f6a32695074
1234 0139686ff19d70e9
1235 ecffefeab36401f2
1236 87a0cbc696847430
1237 a57f21ff5bb67bee
1238 d5e7641b055c5432
1239 208130ce2b8a79f5
1240 6de3f30464c238df
1241 b353c9062b3cf376
1242 071ad831b588a4ce
1243 fdc896b15b83bbe5
1244 1b32fc92bcaaf44d
1245 3613907818b5bc4f
1246 01d5bd40a23aa1a7
1247 aa365918045a7c78
1248 c02bc514439e1f44
1249 89d77736ab9d532b
1250 087d4a65af7e25ef
1251 ecf978ac3bfeedc8
1252 c5329b0499f9fc8f
1253 68258f8f7bd453ab
1254 07ae02e0970ad303
1255 af5e07617b26fd39
1256 51334d6d6cb25e60
1257 d8be5295b5d0f274
1258 a7810dcd85ea9742
1259 08cbfb057139b97e
1260 c492dce85b7bccec
1261 2fa60428bae0328e
1262 1c588d37d7ebe3d8
1263 d4b9c2ae78029370
1264 73924fd1091b89fa
1265 bcd69724dea45c32
1266 345f5a42d41060a9
1267 2e66f4707784f1e3
1268 5f9993b7ee25161d
1269 3877c30a684f9f29
1270 0e386ca7a7ea14cf
1271 1d30eae9ac4f1a31
1272 f35db28558741dce
1273 a6d2bf7560dde680
1274 2a4fa3f286adf938
1275 e2d17238c6aaa901
1276 430e13e1cd5ae37e
1277 82b95c83c2e428e9
1278 db32b9de374d2ef0
1279 69b962e75b4014b9
1280 6305cb7255bd9139
1281 4f060275482f4f08
1282 f7ca4199ae2a4058
1283 f6f951397a45022b
1284 e765ebaaa2d9a270
1285 b7e5f3368ee6fb31
1286 8d84e0775a403675
1287 91f39814e81b7154
1288 abd0be4e2e7cac5f
1289 58cf43a40a290f35
1290 2152eb11713a2298
1291 d51505c8f1334e8a
1292 8fa9936dff219495
1293 797855d10b6ff6e4
1294 0afbfd5045d6b167
1295 be784eb9dc2b3d56
1296 fc5d66bca0d13727
1297 41914cb0322f6597
1298 cc3ef2f6267baeb0
1299 0a89111b13a05e60
1300 0ece86e9aa831772
1301 cab07e1e5042cb86
1302 40dd1d7d05809e3a
1303 b931b4effbaa81fa
1304 0b28372c6a070764
1305 9635e7fc62c6b4c5
1306 3224f2d7e0f063eb
1307 2690105692bdbdd8
1308 6712f07bbd5ce735
1309 6b34226cd03b760a
1310 712a4d219bfc719c
1311 211194f80a8fa967
1312 70c4b7cf7100ba60
1313 8b64faad285af1c3
1314 49630ebaf237b6c2
1315 d1f13b47d65cdb3d
1316 92aa98603b3f2321
1317 ff776ca2422c5563
1318 42540eb45c032e36
1319 2fc170b77b4941b1
1320 c8152969b50da8ea
1321 8edad53602b5e646
1322 33e9313ab3dedafd
1323 c4c4c22c3bbf9fe5
1324 f66380f739789c4c
1325 a392741a5d15408b
1326 603020c0e65d666e
1327 8103b73e230cb832
1328 53b6ada830f49a8d
1329 3c5c1cf375d8135e
1330 832d99d48f537b6f
1331 ce310e35432f4908
1332 5d619dabe6b0722e
1333 e866aa7fbc49c69a
1334 f649575a043e5021
1335 357474ebf7a1266c
1336 6f9285863bd4b8b6
1337 1038897d1f140611
1338 90e19986a7cbe873
1339 275397d84393c80a
1340 cd66d3c8d5aa6df5
1341 e548925d7cec51b9
1342 6879952b53b60eaa
1343 331947e7bc5cc70b
1344 57eff54f52fc4702
1345 e4dfcf7d8a5ca696
1346 0d96a21223fb6f15
1347 03a6094acccda2c7
1348 7dc6f57abfcd3a02
1349 bbf2d2a3b56f0b21
1350 f4a1115aa5640564
1351 b52312f808ff756c
1352 2633a5cfb6c6a50a
1353 f05595886911e4bc
1354 8a5af907cd201fb4
1355 9cac2bbd4df9bbe6
1356 3f7ef10d8b77fd5b
1357 3bee974ed7f00327
1358 fd3314339476a6bd
1359 eb8637fb81594e35
1360 4b310d3d0f3780d6
1361 190fbddeeb8f9b1c
1362 f9f48d6351d6c6e7
1363 469479f43e98b70b
1364 2aa6f039a240b1d1
1365 bdb2a0502265a565
1366 bccbbcb4669493f5
1367 0da1026a51286a16
1368 1f1759c3e10283cd
1369 b763546ac4441012
1370 dff6e0cdbe6b2613
1371 5f50de102fd58906
1372 827cd238489bab87
1373 1a2436e6474b89f4
1374 ef7c9191e0541614
1375 49ce170e3366c64e
1376 a6ee235ef4f8489f
1377 b3c81780b67267ef
1378 589c58311ab6f195
1379 5101f3265a06b9f9
1380 12aaa9a8bebc9403
1381 926546a6b0b7c26b
1382 8c13801cfd323e86
1383 4666e85bee665d5d
1384 eed0305d622e5b01
1385 4363e549a6aacf96
1386 999eb803a097f4c7
1387 1fcb547eabbf8d4d
1388 3d78e4ebd7ac1191
1389 d4a5e8358b372dd6
1390 59bb58725b2e006b
1391 a034b69adcc58575
1392 ec2eb3e7ab64c5da
1393 7bf84df43c64df5f
1394 2223de6da199d1bf
1395 55b9d8e34f746379
1396 9b485db1278904d5
1397 0500e422bac602b4
1398 fce22cfd8665bae7
1399 d0866fac674c5936
1400 d9c7c50879ab9461
1401 98d443174b020ee6
1402 d6d65b646ac6dfc1
1403 71a702c3d8e9d8b4
1404 fc818e85197d059a
1405 d09f8318bb7a918c
1406 ff6564bc19bd4fa4
1407 d5c104937a837554
1408 06685b65cd49d975
1409 a5cabd860415f541
1410 fc43ff4cf5efeaaf
1411 2ec8e32ac74eec46
1412 771aeb6e2c28c358
1413 aa8fd714a3a6decb
1414 c00a4da62ec3b150
1415 22dd6957ea504e22
1416 78556ac892d5d207
1417 8f5c73f9303e33d0
1418 97a3c2a973f00741
1419 8a92c0d8d9f70c82
1420 74c969f4070451f3
1421 81460f82e25b9ae1
1422 bd91ffe3048d04b9
1423 1570bb64bbc560b7
1424 cd284ee0fe96c7b6
1425 aad8b3a705014791
1426 1a9b31a4bab9be4f
1427 7104bf42b4d5ad3e
1428 2d8be3e44e29a887
1429 f068e54069964138
1430 59e2b3d22bb96f28
1431 e62c5cef3c29ef67
1432 c190c2bd36046025
1433 73e83b6c90928811
1434 8daa0198fc93a49f
1435 453cddf8e7dc1543
1436 a03755be8788dadf
1437 152956ad02811863
1438 eb9af8395d84fac1
1439 013b9c5d05f133b5
1440 470100472d399be9
1441 fbf50e538ca3bf15
1442 6f955a1f9a21107f
1443 9dafd9074964d17f
1444 d251881ac4121a2d
1445 2bd23a4eedae4f19
1446 b851a01a4925797a
1447 b6a24db30b283e1c
1448 529fb92781dbdcf4
1449 2dface527829a276
1450 bfdf30a58ac27cb5
1451 b6157aac3688b9e9
1452 dddfe2662adde678
1453 666ac8992d74471b
1454 821746bc804681e2
1455 2e034df6ad5083dd
1456 4230d33e6e4a6c41
1457 0d2c7bd154ec4b39
1458 39ed459fa34e19f8
1459 7b93546d8f82e419
1460 44f1c1da22503888
1461 286527e0765a0d4e
1462 6c0848489a64b26d
1463 a0b2dedbb0f31650
1464 1eb4d7eb6e0e925c
1465 5ca747ce0c66d292
1466 37d1919095799762
1467 1b67731e36496d93
1468 9ce18d9fc4ecf89c
1469 da138d9f5c9c7b7d
1470 c4af7734f1c2580e
1471 c360b75cf0051469
1472 8e30eab228f0ca3e
1473 ef29b6e30661e454
1474 67ce6b237820273d
1475 952b812e4c891f05
1476 5dc2660ef0d33c32
1477 bf647d43c1cf26a8
1478 5a751f2d7e791a5f
1479 03db4b058482a56e
1480 ab3485573608decd
1481 9e17e879ead4cef1
1482 b2b6158be87274f0
1483 6e4e5137954835c3
1484 3bf6d50bc86443e2
1485 52fabc659e0fa2f6
1486 fcb719b80813b60e
1487 89c89518a0d96339
1488 d937c1c13d35fe7a
1489 759cbcfd764b7d3f
1490 b48b9d158335b8e4
1491 2290de57f0449fa2
1492 9a9e566ccd352076
1493 9b6344b0d69767f8
1494 df71b24d6dfe2c20
1495 3964a8a6a162703f
1496 ef91ecfd26ba041d
1497 3fdfe8bc46bd8ede
1498 ec67f8bb1f679629
1499 5930d0c4c1f54f01
1500 ff6bf5db8fe7ce56
1501 dab9210f7ba4556d
1502 fb8d690e3417ca5f
1503 ea786f2dca5f6c5e
1504 089fb72ffb58e089
1505 2e4714bdfa155719
1506 27bfa2a769fe2de4
1507 efe4872dc7697365
1508 45cc7dba9e649ad3
1509 1fc8fdeaaf1846ef
1510 eb889c92e63d69e5
1511 e566dee69e40791c
1512 30be90abef116522
1513 7ed43bf528917a58
1514 5a7888fd7cf98416
1515 bb3d353f44db520a
1516 4b8bf10ec0907a0d
1517 228893919dcc48bb
1518 3f891d3ba2bf697f
1519 81e2931af1a369cd
1520 8a5f9bdd932d02ea
1521 915e50d89291530e
1522 a26ea264ae473bdb
1523 392dea40b181f81d
1524 1e39aaec1618cc25
1525 e0171c70d3216107
1526 4a821fcd1f5b1882
1527 cc6cdf2b5c2486a5
1528 c61c9953cab7fea2
1529 a03239b95df50507
1530 1bf3f33adab7d80a
1531 fdc5a20d084cea84
1532 f2c70cdeb65ab8ab
1533 3f8abd3c2bc41723
1534 90010996c84126fe
1535 ad08a80093ca945e
1536 cce76193ce831b14
1537 82b7bb2ecd5dccf5
1538 3afe5e100dbfe6ee
1539 ccf4756a0f73eebf
1540 63838241bf89eb28
1541 5d32a5b93db5a67f
1542 7ca8e7060ab0cb62
1543 f5599f780062e5e1
1544 cb2b035d3034bff6
1545 3e3325f65d935753
1546 ba82dc85cd7745ad
1547 502f06a4d54920f2
1548 f6ea2be4aab2784c
1549 f7bb0fc6cd65dabc
1550 d9e4f841675fcc3f
1551 9a3117a7b09b1d0b
1552 2d5438a7919e883e
1553 d2b0162343ccafd5
1554 9f114813d9ec9318
1555 a7d00632c83aa735
1556 07abbc1b1533395e
1557 382c5e927989b7c9
1558 bde7bad35aed62d0
1559 2ff853f92160cff3
1560 e71b82f1784bbd52
1561 6f7a48225fa61480
1562 217ec360da250830
1563 e9c4d25c92e5fa0c
1564 737be2a162bd6f03
1565 456ffe28bcf6c4dc
1566 9dc6a7f5c61d5098
1567 7bad8a731e7fd8d9
1568 6b91a12691e5502a
1569 d09f8e87ae7d0de8
1570 2c46567bcc12164c
1571 e532bcc2b6cef9a6
1572 f22df6aa65075d34
1573 4683b262696234d0
1574 a0e575bfb6d0d1ab
1575 a90591d4385f4a47
1576 4e45e462c02d5603
1577 ea1421b24cf338da
1578 178c9ce58d81a130
1579 dbbf5347c6b2604c
1580 1ddff753c07782bf
1581 0778949edf7db37b
1582 350ffe63e2327f1b
1583 9b2a6f14a97a4696
1584 60d20f6085db6e65
1585 a0e7efacfa329a54
1586 0fe1a4060fabb89b
1587 e0bb05ebd835fd88
1588 c7390c4d637f64e5
1589 802d6f18a174a17a
1590 b2a89a0a8dd83fcc
1591 c7ad9989bae043dd
1592 6b7576534bb92a34
1593 040667dc8271c13d
1594 c2bd77129d725ebe
1595 27fb2dc7ca4b1919
1596 f19c1b8b65ed2475
1597 c221ae816693de2d
1598 e49a982598113e7e
1599 c3ed54f512fac191
1600 80d7250da0632340
1601 4748fd2bd38497a6
1602 e11a7d35dc2cd0df
1603 8787b2f50d027c70
1604 cc3716a9f8c2fc7c
1605 55a0694c400d096e
1606 87e907f8658e1ebb
1607 12bff05ba4db0037
1608 6239aa2f6e5cc665
1609 81cbcc20ced550f6
1610 22d454d3fe1cb40f
1611 1c4681914c3ff8e2
1612 d966dbd5371f14af
1613 5d7f2722016db74a
1614 fa6d76c6c4e6f40b
1615 3d74ba6aced1c2a4
1616 8f0ef2a883226fe6
1617 12d283255d437981
1618 e1124c3cc7784553
1619 d5eb04ad090326cf
1620 16014dfae67d0d8f
1621 583cf1935b439562
1622 a50f278c35a0de7b
1623 9e07ae458a992fed
1624 5ff92ed3f9578736
1625 d89b352d5e979d4e
1626 c472d3008e0df6d5
1627 df281da262a05a37
1628 9c3f7d38d76d793f
1629 8cf61c854000c667
1630 ff957c3f5ddf04aa
1631 b45ebbe63359ba4f
1632 23e1f718c619e103
1633 e6f486ffc81c3225
1634 80dd61384b7d1cde
1635 a1b9af5e1f8a6289
1636 c8680bf4faf5150c
1637 0d69341116b98395
1638 519d38b86f212f1f
1639 b88e3d31bf73fb81
1640 29a161a4f7418d4a
1641 dbf7f59c8d69020c
1642 117a8539fa463337
1643 8a1748a325bedbf0
1644 625699d7a3957a7f
1645 0c4b9af6a33a2a14
1646 0838dc698448ec9b
1647 7b794f1f3b065426
1648 3a25b3a136ea1ad0
1649 c177d0d35f8fcfec
1650 2cca12040b901e5c
1651 aa8cc0490b2699e7
1652 76c72c99a81293e1
1653 d7991f3c5a22f8eb
1654 f6a450eecb7c009f
1655 0f1bb7eee4bab7bd
1656 d0d91a48475ceb0d
1657 3d4baf6f3f0067b3
1658 cf42bd54cca44df6
1659 e95cf87ed5edaae3
1660 9ad3174f9059e4e9
1661 226538453880877c
1662 dc743798c0c332cd
1663 ec4086c312c0298d
1664 23eac40e657e4451
1665 ecf59f363b21d451
1666 7eb087e4d05091fd
1667 cb6ed7d5e3107232
1668 c2971f9c2b1d6b3f
1669 7c96dd57257f25f5
1670 74a8c6fee91a3b82
1671 742717b5d4e3ccd0
1672 e645de009072dbad
1673 c507a661dcec5bbf
1674 5bae9a7deac327f5
1675 a9589e7657917036
1676 4316d133e1544a46
1677 f0ea093f38dab79c
1678 eee30829842dc19b
1679 1a1555c3f047d80c
1680 0fde7656f893d0e3
1681 984fd6c29d812e28
1682 205f33f1851c3c52
1683 95688a5554f0fbd6
1684 6edc201f9a91bb35
1685 ae143c9010bf93c1
1686 3ab441b382ad902d
1687 6310a28c00103a8e
1688 a431d0bfb8cb009e
1689 7c7064461e03651b
1690 eebba82d7c4d08c8
1691 043fe19b7790b0df
1692 6bb67b151118a04e
1693 bb2af92e6a1fa195
1694 1f1e2ab554ce7bbd
1695 29a8f1fe2358739f
1696 6364ddd8b3cace9b
1697 098a40e76ce44f1d
1698 5fc6ba224d5853e4
1699 21bbdcd42682236e
1700 710fa2daf8a4fe90
1701 e22761189ded1734
1702 95962fbbff8e1f74
1703 4feeeed77edd9bcf
1704 2021486e112df5b3
1705 3910c1893900afc3
1706 26f749bd542e5a23
1707 3aaf5490a61e5063
1708 7f8bf587d1137563
1709 4e0c73cf77766428
1710 c7e034082a8ffe0a
1711 2f862b0b8f04a15c
1712 6be65ca4300d229a
1713 b756de6d994a10a0
1714 53cb0a752608978a
1715 d72fc1a7a87dbc01
1716 f484ad1afe3f85ec
1717 91ac0f15db5da93c
1718 b1261d5ececb7ecb
1719 a94fa93138090abb
1720 30494b11e86b48ef
1721 e8afea789fc8e3a4
1722 dcfdd14db68f698b
1723 d0c6a96bfcd140a3
1724 6531b03ec86d3e2d
1725 3b991c205a3c1b59
1726 28f2cec7bf79f871
1727 6e07a22a137ae999
1728 9887c15688e22c57
1729 bea8234fd2a05909
1730 78c9d9a30178f068
1731 f73183898f71898d
1732 0ef9f5924d9565b2
1733 b6751c58830d0046
1734 257f08a7d9a3d453
1735 0924a027dc6334d1
1736 3216b63637b27c50
1737 d94dd03eb7846870
1738 8b8ab90874381d91
1739 a4a24528b7a0ab80
1740 92221e4b1834e7df
1741 229b449682f1e86e
1742 c310a0363a8f211b
1743 a0a6b72ef01d9c30
1744 56717e92aaaf9835
1745 6e6571f6d1eb4f45
1746 f2ef74a1ea3fa565
1747 04c768acf2ed1859
1748 be716fb7e706e269
1749 4a7bbd491b0da029
1750 6e657eea5f3c2b20
1751 ec52366e1b055308
1752 20727e4f7e9970fd
1753 8f15a44aad92fe77
1754 a00bbac41785c0f1
1755 5fbede928140af3f
1756 6abb172cf6ddee5f
1757 77c2847cb6c0bd09
1758 4b4445afddd927bf
1759 89e82789084211f9
1760 f29439fe5be61f06
1761 6036f468fc09586d
1762 28e0e4c05c11d3ba
1763 0f5b4d87cf3dd2a1
1764 fbbe5da0487ca4d8
1765 ce3af922c4c8e1d4
1766 6372b5871d926b4b
1767 4dbb8b8f861c7cee
1768 833af2c39e91bb8f
1769 c079b49f3380583e
1770 7f6e714b09c213f9
1771 35579e6e2c4c10b8
1772 30e095ff49ba307c
1773 7f99094594e29ee7
1774 088aeb74dea6f4cc
1775 95f67ae1aed66d38
1776 d12d2c21a68679ef
1777 5ce114be1b3b54de
1778 5afb53a18fc2d6d3
1779 879746d59fc4f3e1
1780 0a70b88814b39afe
1781 f4c95face081ddea
1782 fbd2ae8341cfcec5
1783 e222baf38b6b7739
1784 4ca03304dff9e0a8
1785 0816b2d0381f4da8
1786 b3829af1e1ac2701
1787 55205d0b807115e3
1788 5df7988cda144662
1789 8619f27292536941
1790 aaffb4fe5d367d63
1791 88bbf7c861e9ac58
1792 92ecc9bf6fb618ab
1793 1626556720002f9b
1794 f72f34ff904a1c92
1795 0c352b1453f5f677
1796 ac2cc33cbd9eb5c0
1797 f3644fa58efbde6d
1798 4e1c4339dbc47012
1799 f30624af051ecfdf
1800 72c2ec7654959b35
1801 6ab99fc960824229
1802 b089cb9b7ebabca7
1803 a6d1b39e5334f71f
1804 98b9c1edb878d232
1805 4b0f4ceccc9f3c8b
1806 ac36693a3ba50fea
1807 1af9c38366233b10
1808 193957379bfef6f2
1809 c73ce2bb60e42f5d
1810 3ce0e80936dfe1e6
1811 dca9a6b479f3f6d2
1812 1597064988361ed6
1813 2a6b3ed6034e2131
1814 9d9b4ba177e4121d
1815 3b9a2b4b7553d9bc
1816 a8be36810ce9ada6
1817 b0145660a7a6d0a5
1818 a61463371a9616f8
1819 e271ed093b3474cf
1820 3d0458cc3f1b486e
1821 ecd2ec0ac52075f6
1822 36da40fb4eae0dbb
1823 c3bf4cd5ee59ebfe
1824 b014980333137593
1825 72438d0f6ca2358f
1826 7ab26b6c792785eb
1827 6153e3515c31740e
1828 1bb5dfa68ecaf732
1829 0b60e3263eb9e915
1830 4c12863e74ec6691
1831 6c1594f42807a877
1832 6c5d95c91c224624
1833 87b311a83c5255f2
1834 7c77961f091411ec
1835 26695230d2fd0dd9
1836 fa40cac7c4aeaab6
1837 9427e6aa1cf12a10
1838 488b153cbe6f75b0
1839 4f582ec935e3e57c
1840 86eb1cf54d06fced
1841 9b11bbbf1af5c4cf
1842 9d28533f319b4246
1843 6a171a9e25a2d0f0
1844 d3a337b5caf0f551
1845 ebb02577b48c4e2b
1846 93f22d359d939d7e
1847 0448fa6f4c762550
1848 85fdc57e227065b7
1849 21d3249d2059db3a
1850 fd4ea25514e557d0
1851 2d38cf41c983937c
1852 4e670cee53dc00f6
1853 da30c4edfe3f5502
1854 3b27bc4b717101ea
1855 9138b217eec9738a
1856 c28ad51ea5be1bac
1857 9c21359a8c5e9f04
1858 dc96a3789d6c5aa4
1859 0d4018bb832dea13
1860 d0a3099d86510a19
1861 bb100f0d2b53f869
1862 c915d75a084ea512
1863 fa3f6e25781eea16
1864 5277edd59fe795b6
1865 676379188a6c3db6
1866 9c5b84e708f409f6
1867 a7c5b22c100314a6
1868 f0c27421e385337c
1869 e4fb8302bd5189de
1870 c1db30ecfe2587a3
1871 b021ffe862f40374
1872 4e8d73e0dbe7a34e
1873 5cafa5adf68371fb
1874 8328c0276d7f1879
1875 a91857e49bd3a9c6
1876 1259941c756aeff7
1877 0f75cf6a8e43b45b
1878 f6c17689307372c6
1879 12f001aee3aea896
1880 ad6e5e6952175a4a
1881 82b642401b714b33
1882 c86e32d3967aa70f
1883 4446694f70c69a61
1884 0157ea7c3a7ee76d
1885 7e7c4e8ddb3312ff
1886 807747bb753b933e
1887 388b2d0d709a9531
1888 7536b731b6c29d48
1889 f132ddc1ee9dec2b
1890 735cc20daa0a579a
1891 525634ee54a8818a
1892 168c1e7b1a0b2fd3
1893 18c7e11fff90dc05
1894 61f86bfb7eef4cd1
1895 f598a169d29c6175
1896 83c65edd88f0ddec
1897 830bb92603693998
1898 a800fa6e979a590a
1899 a1f559490e666cb6
1900 f57aa9ffd9c677bf
1901 3a941c5dbd25578e
1902 f97c61871a010a41
1903 c959111b59aabc82
1904 b4570205f66fb981
1905 40fadefb6674a28c
1906 21680cdab9bac68d
1907 3c5eaa2a5cbd07e2
1908 32f50d26e0c58ff0
1909 ca876d9b8dffb7f5
1910 8783cae7cd8e1c36
1911 a038789961ae766d
1912 8614ae633ef4431e
1913 d521054939aed1eb
1914 65cb8450a3914034
1915 9143080839d73721
1916 45036a8c13d15bfa
1917 e3dcd392c710b60f
1918 fb1aa11ac235b660
1919 812c1699a56fc8c5
1920 834bd61b0d35dc59
1921 d25214643cc3b154
1922 d8f4a0c2def3df6a
1923 75a29b422157f6e6
1924 4066f8eb4af5114d
1925 3445be06face8d79
1926 d5b614b3968187ce
1927 6c64ab3d37ec2fcb
1928 5e2b7ceeadf27e51
1929 7980489555b5e83c
1930 a2d1f0f92a86a373
1931 557e7e0c6a1ac517
1932 608cd7cd0bc20a34
1933 56da7d587f7f9511
1934 73989b49cfe3c6e7
1935 1c55fda146078c3a
1936 fe0fe9fe6a2d0d29
1937 256361773338917d
1938 99033bf34818cf6b
1939 3cb14c27982c838f
1940 f5c1ab31fd71451d
1941 458bc4864f82fdd0
1942 cb6097b599e6097f
1943 08185b9a95316122
1944 5a0d877c6d0d04a1
1945 ac785a500aa4bac5
1946 299dcb9eaba08dc2
1947 d5dc93b94b52ccb7
1948 6e53b0d870a47634
1949 018a7b2c1e508b91
1950 9d79fee6586bc016
1951 86bd2bf26f854a53
1952 58ff07c5ebe46b48
1953 98032e96a114ae1d
1954 77f95e2e5244c04a
1955 978710d7f45339ff
1956 e46b1ffe91643e5c
1957 038b0a20d44f3e49
1958 e4f55d0824df791e
1959 7552fa8000ab7bdb
1960 9b5b148147c6e7d0
1961 9e4bad6b32f12775
1962 5f4c82c929fa6f12
1963 82485373af88faa7
1964 6c69f72a43897a04
1965 53f8892f3a3538e1
1966 40ff28392431cae6
1967 398f484dd41ead03
1968 2c07e9aa546e7dd8
1969 b8ea27051c4da28d
1970 019743d56083b75a
1971 79179d9f3e14f49f
1972 51b3f35da7c3defd
1973 6e97d931dd17ca70
1974 70ecbb1df46a199f
1975 dd2e5ca90006277b
1976 37428c6423d0e210
1977 92965e8addbd1815
1978 ecf4c77afb6e9f23
1979 86f8028d8bdd957e
1980 3c8113298d33dd55
1981 ef6923b1eaeba121
1982 678f8ca6a9782b26
1983 b12e3efba09feaa3
1984 a696c80e93393819
1985 7dd60b09173b0984
1986 63f38b81baa0369b
1987 77e2de4c07160eaf
1988 0d9f62498e40b68c
1989 e0b57d2ca36caf60
1990 91d9f40c0d3d72ef
1991 cf4871e98fbc14b2
1992 225786b2cb6f5740
1993 cba033a55715cfe5
1994 700ccec5aa6c6502
1995 6697b382c04865ae
1996 8b030461e7b02065
1997 66b3e8f89ab2c5d8
1998 042d108e4e7d1c56
1999 6ea29e997f8252f3
2000 54aab669a3b92b88
2001 ce29dc89dc0d5df4
2002 2abb410797d2172b
2003 741311d8d5b9abcf
2004 0e0fa605ce550b4c
2005 97a9574926c0e8b9
2006 6b581a7973b4a40e
2007 da498df3624d14ab
2008 b23ff4272a49e3c0
2009 971992c511c10e05
2010 b6bf7b823040cd82
2011 6ce1a21b975261f7
2012 99f90eeaa9a027f4
2013 2ed62735625fe5d1
2014 c7f8269390a36456
2015 92934b5bc4187593
2016 1f4de41e30ebf008
2017 149eabc21bf0b65d
2018 57be49d5a0754a0a
2019 ef8e587b14d4923f
2020 b8191ce1458112ed
2021 a7a5ed0c62c8ca00
2022 ebd738ae2293bb8f
2023 a04c5f24c8457512
2024 0565c5f27db6c6f1
2025 dc9667cb042e345c
2026 03f50abad0796053
2027 c4788078572e6ae7
2028 15bfe1a39050ebc4
2029 f689ddb763bb3c21
2030 af95c8921496afa6
2031 3848bd6af0157a43
2032 dfdf634bc77fe918
2033 a2fdf646ea10744d
2034 d9df33659340f61a
2035 35b7a2b826c8c7f6
2036 ff0343d4fd0fa45c
2037 f4cda7b3870d3ac9
2038 89cbdb00296b3f1e
2039 90ec2318c3c8cec2
2040 8c193dbe440d50c1
2041 e5190c13443a870c
2042 999eb7b96c30d912
2043 f0195674d1d72c87
2044 dad4dae6a408b584
2045 2f33429bc6894628
2046 55463ccc8672d9d7
2047 a72e2338aaa2a18a
2048 dc11b793d3d656d9
2049 27ec6f2045a5937d
2050 b67fd43248f48e5b
2051 ea583750396ac7e7
2052 3ef7304f08fb7f14
2053 c526f85d695f0b21
2054 ebf602c0ad9be566
2055 3b7b84fb7513f323
2056 29873ccd37a53dd8
2057 44ba4c021cc4011d
2058 de7587bf4284a3ca
2059 03fed4496ea67d7f
2060 a8420de01fbe4f1f
2061 318b7f6bbbdbeb72
2062 f7dd857552f143ed
2063 511e1b4f9925c4f0
2064 afdc63447b4ddb3b
2065 87b83933ed74dd1f
2066 2e80fe00dc491a1c
2067 2ad3468a001ffbd9
2068 316e00bbab4f508a
2069 585bcf6d68ca814d
2070 419d5eda57fd9816
2071 0e2f29c38252f171
2072 4b5cd59ec282d571
2073 fe1b8c7c37cfb9b7
2074 f8e0edd78fb8cc36
2075 022a80b18beb4a58
2076 ff1eef282498c800
2077 d72338b1245caa72
2078 8882dfbf5cdf3af2
2079 52427bdf257b21df
2080 cb01a6e66c0cd1bd
2081 2c145f7b992573af
2082 dcb22111e703ccca
2083 3ea105d55e553e11
2084 e722d7a4c8526ca0
2085 80dd9ee435705cd6
2086 d1c3b5d5c9f22c94
2087 f97102f51c65708c
2088 cdd8d893adb92afa
2089 c0bdd6297dbdd05b
2090 b5102de6f9c37789
2091 f8c63687632bbcef
2092 07f8acc65ddc8646
2093 6961b405bc071e7c
2094 84b44a9769f4e163
2095 a3023e908f7b46d1
2096 eb7c175a5dd88454
2097 9de3fa74f5a20e3a
2098 545cf72a1f003dcc
2099 b5f2a04204674731
2100 14501f2a5f4d1ab1
2101 8418548176178797
2102 1783d39d10a8c29c
2103 450f94ee8ef07809
2104 356a6e87b14dc2c8
2105 2c1a5e7658a9b0ad
2106 0c044ecd053b78ad
2107 27690bc2cc169999
2108 0e9541ae12ab4c6e
2109 e88591cd2f7fe318
2110 15273fed927f999c
2111 6215ca6d139fe391
2112 1c73fbc75df15843
2113 8df92df17780b08c
2114 cdfe3ad6a8e1e6bf
2115 0bcd3413f66f5367
2116 9a933a16526e9fb5
2117 57230d789249f750
2118 485761156cad5600
2119 52db9adc9242cc4c
2120 e11fc9dee9bcef2b
2121 ccde6f09b16cfa35
2122 e849cb9e440f7798
2123 ac20f59e1907563d
2124 facb1c27f19c6587
2125 3231f0aa569a697f
2126 ffed2144111d3064
2127 260eb02a52a556ba
2128 cc66e52dcc7b8caf
2129 d2a6c25ad475ec8a
2130 c6809078766e2219
2131 c98ff7c00427184a
2132 c6a56c7d07ae6075
2133 7075c223beb59ba1
2134 ef26db0d5341543b
2135 6242d033578e08c6
2136 206b0e66e3970f68
2137 59c9e64d33fa9dd4
2138 95be029788352407
2139 d2881bc0837bab48
2140 0b4bdc19ab9e5d7a
2141 bd7260f07fc5b00f
2142 f4f248b3984b4799
2143 40bd6966eca278bd
2144 b233a7798dc9cc5d
2145 5f40734b6c7b1914
2146 e18d598d5bb11a56
2147 b357a1bf7f079adc
2148 8dac76fcca859c72
2149 546324ae8184af4e
2150 ab7575a8d4940b5e
2151 32f13a01adb702f2
2152 afe12e5eac3c699a
2153 8dc72559c378bee4
2154 b22e618ecbec2c06
2155 5dbd745e3684d3a8
2156 01d96e4eef07d82a
2157 02bda6c05a9031a4
2158 0583a66b4e0af4cb
2159 e00dc8ccaa39835c
2160 71b2f26bf9a5d35d
2161 ab6d683cf25ec016
2162 d0bf41d2824b0ef1
2163 3456e14826c6fd26
2164 e7fef38bec8ebeda
2165 5409baa2ea5a1354
2166 0e5d16a6d0de19bb
2167 8df42d173dc69270
2168 7e7afe86819be6c5
2169 c84e51d188acf0d2
2170 10e512afa99b599c
2171 8bf9ec51c97bdb52
2172 29bc6e0216394095
2173 0544e38338f8a9be
2174 7be3874279003410
2175 20c5df502b5b82f7
2176 003fa367512ab41e
2177 a4fd802f46def158
2178 696898bdab510adb
2179 7843f9f62a6b39a6
2180 2b586a9f4ac0cfe1
2181 2db23bdef978347a
2182 241bb91e7359a989
2183 1fea2faeb17a5c65
2184 2960f18b0a9ba9b1
2185 e91aeb7f66c1e450
2186 a29d82e4013fd248
2187 f7de8ea9109b131e
2188 e1f0f8a4d1085811
2189 e936b92d79b0a8ad
2190 76e75b2db0ca1737
2191 00308c154ff48aa8
2192 1d2f494b05168549
2193 1eda0928e9955fa6
2194 898684fc095cb540
2195 5c996054713f30b7
2196 f53476b6e2357676
2197 1a685cb560629034
2198 1089939039ed196c
2199 1414a6a53fbea850
2200 1e7f9f80c9cd4bba
2201 1f06bda48cb703b5
2202 b4fa4caf270ab9d1
2203 4448d0627ecc55a6
2204 8f2b0a709cc83c2c
2205 a71f904aa686617e
2206 bcd1523647a6c115
2207 845fc5fa60983594
2208 ef14b1756fa0f301
2209 82f58669ca09ca20
2210 85df7d3b4bc063a4
2211 4f59322ef4b4b5c8
2212 671701234a01b8a4
2213 e548807cd459b3dc
2214 02b0472b9083d7b5
2215 0c60f898906aea44
2216 083f621b49124088
2217 bb1b291857a76f8c
2218 4448e09157b48cf8
2219 2a530abaf0ec1fb3
2220 8451bb0ff52391e6
2221 0bb31c4ee3291074
2222 f534e1b20fd92743
2223 d99732e76ec74133
2224 b7fbb17f72bd57bd
2225 20afc8dacbd48253
2226 275faf964eb86515
2227 ea418d00b18188be
2228 81c4251179b52889
2229 917c5c4052314e4d
2230 fb1984dfbd609bce
2231 59e2610c58fe118a
2232 3f58e93bf56c49b6
2233 6885d53f13da9374
2234 eb6809ab5ee64772
2235 4b999bc85e91e531
2236 2a817d339d47605c
2237 c577f74c32ae95eb
2238 e4e290fce13a00f4
2239 9f54b52eba375909
2240 ca190e2e5f0d46cb
2241 55146a76ba43914a
2242 fe6f93428693ba55
2243 cd353dd1cecc3453
2244 0bf90aaa28ffc788
2245 baa46fe30d97e25d
2246 c8f0948b907e4682
2247 c38d5439d8769986
2248 ead7343ec994039a
2249 489e918e8821f9dd
2250 3bc10680bed81ed4
2251 d4e840b4ce97e117
2252 8e67b07939217071
2253 6d5430c2cfd512d4
2254 74854a4b0eb65b71
2255 3f307fb32a8a85e6
2256 a84ba64efd0524e9
2257 69bb167b0731b8e8
2258 1a252b7a7320326a
2259 4c7d6cf468e1c366
2260 6cfe3ff3bc9be9fb
2261 6d7a6fd46a6b98ea
2262 e6764e0449ab1886
2263 a252b2d29d19ae4c
2264 5225c913d42d3954
2265 008a78239d33b8f3
2266 6b8277f4e25f71c3
2267 c34c6fbc6aa97d5e
2268 4f2fd4aecd08ae4b
2269 9e59486bbf57fc07
2270 0afcb8c8738b224c
2271 0be5f4495484c209
2272 c02be55fea5836dd
2273 5105294fac7ce6d3
2274 28e2e5cb3c4ed0cb
2275 cc53fff4b5887b86
2276 fc08d8c775ae4a53
2277 cc99591064605b8c
2278 ef016e2b8237bd92
2279 6c2b8104073abd5b
2280 79ed720af1b85305
2281 0e13b29b924a5d6f
2282 7d3eac7209681489
2283 5f158f21874ef201
2284 0a3f4fb285ad362b
2285 3100132b910cedc7
2286 374702c8117a8d3e
2287 cb6444f950f63f0b
2288 4c531b93790cdcf3
2289 9e03ce61819fc876
2290 6af68c5798961212
2291 c80aaa63b91cadc3
2292 53452e15482b4a50
2293 5ec949fe3dd43ee8
2294 f3f6ce6598ee4c54
2295 3c6bf944a110010c
2296 91b6239b80a273cc
2297 cb363168f31dd7cd
2298 9d7edbd5a8d72240
2299 ced3daeba7fddbf4
2300 d3c7b48ff6295381
2301 b3b824ad0ac8b697
2302 a9d4efa236de1e62
2303 a17aa069f05c2ef8
2304 7fdd96c23e573dae
2305 292ba256a35afedd
2306 9398dcaa701dd516
2307 c2c047bacdcc3d9f
2308 a14d07497271339f
2309 0db2ea6c0ff6e7f7
2310 6390a5318da723e7
2311 63a5b897bbd4d777
2312 2a7bb52aba3dddbf
2313 47953b8964d49136
2314 ccfa22568ca0dd51
2315 8183542a6254c49a
2316 790c88b4160149af
2317 a7441590e8cd6813
2318 d3d64bc495f5e30d
2319 bc76d99a4ed448d4
2320 3514178533680fc9
2321 6e969529cee87a98
2322 ab7fc6a0f06ca193
2323 203518a6c2340ec9
2324 00f0a8e8adfbf94d
2325 d4f98be9af79c60c
2326 624c21b987cdbe70
2327 44dbf2f85a28945b
2328 501e9705f0c9f822
2329 d79ae8900ddd3cac
2330 485d9f1764a42f71
2331 47df44aefc9ae3a4
2332 db1c18a0c24415ec
2333 457b3d4134e37f96
2334 3417ff121db70c87
2335 5d1ce8f84817ad91
2336 f806212ca403bd91
2337 e1c1278c5f85c68a
2338 87c4cf748b3fb36e
2339 9ec71e00c39f9f0e
2340 673d824549f80914
2341 8243419686762e15
2342 affed814c79eae4f
2343 cca829dc86e36df0
2344 51ae7eed65204e92
2345 8841d633cfe842cc
2346 1331c3de3b336a83
2347 ec0906c8f2767943
2348 4ea32dbb9476a547
2349 00b2cf9c5dc840b2
2350 71998c85a77c49ff
2351 3ba4fd3dbbb761d9
2352 42fde4ad79a0feee
2353 266fc937fd3428cc
2354 95e34c39eda19626
2355 838357c8fdb0eeb1
2356 7e270aeffa81367e
2357 73a35376b1baae47
2358 68a34d288c4b43c7
2359 a73550a091df8e7f
2360 8c9e312834f65ff9
2361 7c10861cbd42721a
2362 1d1278b76c6773e6
2363 1f5b5f1bc303951e
2364 067d2251a6e777a8
2365 8b6b79b70778c230
2366 5ae8f96610b63295
2367 ffd1160409af653b
2368 d751d1643718ad41
2369 87b41391daaf2024
2370 1669f686908ae835
2371 bd3fab2850e0448c
2372 07309c8cc3bb6d2c
2373 0a3945661d8d5388
2374 bd7fc1ec53526de8
2375 f2a3c89c0e43ec9b
2376 802f11a1c717bab1
2377 26fbcbe9c54ecfc8
2378 db10d9df654e4b33
2379 72675447676f5dfa
2380 5208317aa80e81a3
2381 8890b05b9917040a
2382 75d3095a9089a5f8
2383 51d3592230386e1b
2384 e5ce05b130b313b7
2385 3e1888ff1c585758
2386 325a4b8ae8313db5
2387 36098e0161fad747
2388 18daa7cc93bdbb92
2389 914ea7142e0bdeea
2390 d4e75168660ec277
2391 13694fd67644fa73
2392 4b033058b27c007b
2393 320ea8c30d7f7269
2394 926983db36682994
2395 e27509233c18d0f3
2396 cbd689c304705bb2
2397 a8afced3733b0dbf
2398 bcbb7683000909e2
2399 6811491b2c24f062
2400 db67ec3ab0a56246
2401 0674c0bfa3d142d0
2402 2d6ec32c07cc3de4
2403 07ca424710d85635
2404 a45119c28e6188d2
2405 bb403a177845c2fa
2406 939eff3a711d78d0
2407 3182ba2050b9a763
2408 4d5da735de5e493a
2409 e6c2f00175043b8a
2410 ea948437e65f3115
2411 940433297e2a2a87
2412 5927a313982d4b8f
2413 24336e2b859402d1
2414 84b9a73fbbefa33a
2415 7956ad5a842b4eb6
2416 db7c8fd4ff27dd59
2417 cd69337bd89ac27f
2418 e573b80c04cf1027
2419 3d5ab1e8168dd589
2420 c75a9466ff39747f
2421 7c71e04ca1c6d4a5
2422 ccc934cfa1af32e4
2423 2d6c44c47be5c8ff
2424 dd9449785380113d
2425 0afa31c56628cdde
2426 7d0d2bef6c399fcd
2427 1717288c2bb363ec
2428 e2630ad262790ea9
2429 fee49f176fd682dd
2430 7283e5fc3b9805e6
2431 75ab804685d826ef
2432 e2f114ff9bc9354d
2433 36fd4847b53e79fc
2434 ce6e715ed86f2913
2435 e4e4ad4d09814622
2436 c3642801b0631035
2437 5355eabd1eb69f9c
2438 9fd70882ea6f653b
2439 7a0c42b4c92a215d
2440 5f6ed33667872b0f
2441 5fdbf679eaccc65a
2442 0d40a43404ecfa8c
2443 a93f38b9f18e4409
2444 2e6e2265c61fef0a
2445 a259b407bcdb419f
2446 d9b953481011d8b2
2447 da18054980f25641
2448 de594a8a86e4b7fc
2449 90e8c785b70f2650
2450 7cd245098fd3ac0a
2451 3358ee4b20c2a3f0
2452 a363a46bb8e04961
2453 6b7b8176fddb2f7d
2454 39ac33d95a37eff6
2455 4123a8aef010fa1b
2456 3ffc210b1fa0059f
2457 b27b5dcd49045b13
2458 f44b818cc205874e
2459 cc6e547782a17f27
2460 a75a43ff39910aab
2461 a4ca8cb89cce86dd
2462 9eb3587f5d0a9496
2463 a946dcf8d1831082
2464 c48dee7c88ca1739
2465 fa104cec2d4de117
2466 92950c8e6113a70e
2467 9ff4e3aef5b401b1
2468 d7d7e068037157bf
2469 4de548d1b462725f
2470 5f07d498596bba8c
2471 7a60ac77bb148937
2472 b2fa54628a51b12e
2473 8948f05fea34b563
2474 a58c40031978540f
2475 167c87e9c7b2c52b
2476 6078e77d2719873f
2477 3dafaf1c2e91fdd3
2478 405ed4c8c064949e
2479 be05076d7e4dc1c6
2480 fd53d12dcd89a19c
2481 43d8aaf400115bb9
2482 1b07d7bb2a756b97
2483 70c029085162c131
2484 186c3223f2dc1782
2485 08db7336636dc9cf
2486 5bfb9eefeb7f4ad9
2487 6bd1840f322a4c36
2488 1ceda0c18a3f73a9
2489 38e414dd0f636e3c
2490 68f1cbddfbd2c384
2491 3e2295778342c2e3
2492 144f928d3d0c4261
2493 d25a7810ac7d9f4e
2494 e06699ba26507711
2495 f28c7b72a58ae53d
2496 f5058857e68790a8
2497 2265b0d81b331b1f
2498 c0e8eed35d145c41
2499 494d139933ed410e
2500 e55ecdf1b4a08eda
2501 6f0800275cb281cb
2502 2da19660bbb753ba
2503 b8e72ea8bcb4babb
2504 169ff887f392e977
2505 49d9d74bd2651f46
2506 9a6b3727523c6543
2507 990037e9265768fc
2508 41d0004ade46adcb
2509 94c60e548c666c87
2510 07270301da332c17
2511 a4525e5add62c251
2512 6098e17b155304f0
2513 8835404ad31697e9
2514 fbad7430cbc05e57
2515 fe03b69b3da038cb
2516 b22a173b35e86609
2517 a7b4804edea682b8
2518 edd498fb71af7f6c
2519 1caeb2f8f8c68da5
2520 a6a176d4363f6852
2521 4a266de34f024420
2522 697808bfa5149f59
2523 614ea504e803dec8
2524 75c17e4cd8f6629e
2525 2e56059c57cd39c4
2526 e48305ea1c140e47
2527 db7fb9408b814e78
2528 dc8f308b49f6f7e3
2529 55506d69105121f5
2530 7d8648d04ccba86f
2531 7488fef0ed37b8b3
2532 f0cfe23b412ce146
2533 6659e2daf7d03e3f
2534 1a765bcb89cbc8ee
2535 87bb84f1f972898e
2536 67d8de57b505a00b
2537 a8c8660ce7d994cf
2538 27ce5de7cf33d853
2539 c3c29df861407581
2540 652f66e12dd58edf
2541 9f9e13d15425065f
2542 556f0f65095311ca
2543 460eb9a59726149b
2544 e134acaeaa5157b8
2545 aaa8bbf5165e24a1
2546 c3b1fd00aede4a00
2547 78d43c3818df7fe0
2548 bbbbeb95b83f7cbb
2549 3ef86219549c05c2
2550 086532fd37dd0c73
2551 b1dd04235b3743a2
2552 64d3ce35420c8172
2553 f9374894440eedac
2554 ea2299db344d042e
2555 b4681bcb5b561c6a
2556 7a4bce2acfe624f2
2557 268091d886aeb93b
2558 945734c366f979c3
2559 891f1123eb36d6cd
2560 edf2b4d49468421f
2561 367007310dd802d5
2562 031eddcdd79a09a3
2563 abd543a2123ec5ef
2564 f9d65b3f633dd71a
2565 fefac5f25e163d9f
2566 53bb0abead42b396
2567 bd67c942a0a34033
2568 a106cc4769b06038
2569 b2e593aaf375b1d7
2570 22563c38f3aa6f34
2571 9527b17625795440
2572 1c86a136ef4bf221
2573 f11e99ddcceccd4f
2574 a8e4a5c20a75cb50
2575 0d097a4b9ae8c84b
2576 b395ea8712d82f65
2577 a0e88ded7e3d1f67
2578 ecbb11640db0fc5b
2579 2e96ae2655b7663b
2580 b8f5d47b437d5187
2581 273ee242e4e6485e
2582 8bd8d4c7b3777160
2583 78af3ebdcd0eb1f1
2584 3a6b6e7a6f026783
2585 86988ddb0c7a0734
2586 2e8d1c1a03df0df4
2587 83db4606ecb754ad
2588 3aa0ef74c4efb53b
2589 fc4853ee1b8bc3e5
2590 ab8f64a16a1e7b24
2591 cdc7b09d22882d54
2592 a178114c19e95034
2593 50f7fc05f4a9226a
2594 79ccd404db87f864
2595 d9f5fa99c332f660
2596 0c6c1bb94d1cba19
2597 3c8ecb795faba819
2598 d8e224a557eae986
2599 a6382c336dfe784f
2600 7d239e7412acabb3
2601 5513bf73aef181d0
2602 9b98996e6b0c45e0
2603 3436cc63be281ced
2604 1d808208dcb5f471
2605 0c85e1f57fa9e5ac
2606 bbeee1ebcbd98a49
2607 9686edd38ff6cf49
2608 20ff318fc70937e9
2609 29d3c629234d9752
2610 5ca174539fe1fb68
2611 39dc7a53c4d82927
2612 603cf3fba03b6404
2613 699b618b69b6bd0e
2614 f83dc5879f25940d
2615 ff10d9849e567dd4
2616 156ace32e59fa19f
2617 7255db26e131ec99
2618 f3fb3effe36189a7
2619 72bcf53074eaf992
2620 d9e14e09e8e130c9
2621 2b1afa406acaf3ca
2622 fbe3ff5b0de4cae9
2623 406b212510d698e7
2624 5be72cc267c0000e
2625 59c77f4dad0f429d
2626 0a242505a1a1bb57
2627 f26627f2c5a0df15
2628 1d2eafe1397a1cb7
2629 2d14f74ad22404ba
2630 dfd17a49f8544970
2631 5a6533ff10763ac9
2632 869c332cdde91ca9
2633 9b089fd56207ea48
2634 88ba9fe354b75794
2635 9a02fb6fb41804d5
2636 336e179c7620fc78
2637 57802bb48a3925ee
2638 2c7db07b81c42116
2639 669743f0e712573f
2640 906980ef153d6b9b
2641 ac045f22c187e60c
2642 917e5ff4bc144695
2643 c37588d8ee77fc54
2644 c1d4ecbf2e587b6b
2645 173203ab26bcf592
2646 2453a88ff7f03b94
2647 4d30e0bb2c6e685f
2648 1b6ab902eca05375
2649 8ec8a62fdb7fe7e9
2650 d564d15be1a56bbb
2651 a52d49f28501a51a
2652 c2a18f6b2f15770f
2653 180cc790874beb09
2654 6658ba20d6bbc4da
2655 c2a93b0543adc6ae
2656 54dd6a855a4ba798
2657 c2c56d083b4ba491
2658 b3d5ef5b5d018a8d
2659 f14ef4da6cc971f4
2660 448552b89d1a8fd4
2661 0f8b2c5b978de2cc
2662 8ea81f7984080650
2663 7914985320fc512e
2664 2fd4f86467920da0
2665 c4bb66c057cba09e
2666 4ac75c69a646d51c
2667 9d37cf36d26e5519
2668 32ecd8e2d6ff3be9
2669 3002f050997d7dee
2670 7c5c751da0961531
2671 aa953ada469c38ba
2672 8ae9bddb390d1220
2673 0b5f8c0aa93a89fa
2674 f478881bf9438514
2675 b997f4bb85ebad4f
2676 e63d8e0a97e27ce3
2677 5e29699f1354cd76
2678 06d45a1cd17510a3
2679 0e0406fff14567fd
2680 bdbe5572ca4b6a86
2681 12c2314ef0554bcc
2682 8db170dd47bbe0ee
2683 43545cd1bc86641c
2684 707fb9089da595f7
2685 6cd42e57be625136
2686 f5fbb31559e98d9f
2687 20bde00c4c184e7e
2688 676fb2c4254fefd0
2689 b14c324b62a9c745
2690 b402d97d41c98731
2691 e644d3ac03940036
2692 fcbf70422f58cbe2
2693 530804079ff074aa
2694 bc47650a9e687697
2695 283c4a6986eb25be
2696 677cb0469389b8bb
2697 73f78605c28a4a44
2698 fa840a6001710066
2699 61a5a1426b2ee9b3
2700 ea1af0738a1d20d2
2701 cf50e83d0192d1b5
2702 e577796202877800
2703 8f42dca19da564b2
2704 b9dc049a0207314c
2705 64658233e4ee3fdd
2706 c3a9471109abfe4d
2707 7d6463fd3863c481
2708 aff066b74b13708f
2709 671fe64a7d94d760
2710 2278db0ffe9f8579
2711 2aa4921e2c0d8785
2712 c45e0ed430e695c1
2713 a62998689c960d64
2714 898e66091f86afdd
2715 622a09efd8b26ec8
2716 1d5cd120dd3461ac
2717 de55b17a330aaf3c
2718 32eda9d6a773c8af
2719 b44377b18922c02a
2720 6cfb6a9ebfbdfeeb
2721 d297f1fc756c6a11
2722 726e60f9928b0ad2
2723 51457209d9576cc3
2724 45f606d0d76514b9
2725 263f39bed1a3777f
2726 1b995fa65e7d04ea
2727 4aa49765ed8e859c
2728 69832104aa2f47f4
2729 dcb931987b5adb0d
2730 d9ae6874c829f9a0
2731 6a58e70737d9c0a1
2732 1206ecc4ce7a183a
2733 0de73aaad1edaa45
2734 5b622b07d84e180d
2735 f88f6b9c9c4dd631
2736 9cd8e77a7a490f58
2737 badbaff7d59c857d
2738 12db386ceff62d0a
2739 ea2b55d7388d6d21
2740 b92241d1b8c6f1d6
2741 e2d50ddfc3ac3edf
2742 234301058b4fd68f
2743 1d1782beaa598ee2
2744 63406860287aaf4a
2745 9820a74a25fa7025
2746 6721a27b7c3b9478
2747 e58abe98ba81cf4c
2748 db367cfb9c84b1f3
2749 69359f399d67f239
2750 dda0b429a2138abd
2751 337d146490aed50e
2752 788dadd8d7d94c73
2753 e042aec533efd1c6
2754 65cf2d9085fa8ac0
2755 873bf2d52b452928
2756 df19e85859b5020b
2757 b3e592e49e9f3cb6
2758 2d9f6e6cf4f79f7f
2759 21e4cbb67c50b0b6
2760 161e2fd66bc98dd1
2761 0f87e50cf8781543
2762 3e1fe4e7ab0c914e
2763 d3a207398c054ae0
2764 e495d788379116f2
2765 b1c205bc7c6ded92
2766 7aa77d6dd3d3f48f
2767 59c4f8ffb80ca62d
2768 008d8a1d12dd9041
2769 7842a1e1f604e9a3
2770 8777d7d4ff4dd0eb
2771 cc4ffd2040fc6688
2772 8748ca3c327248af
2773 9b7095be66e35600
2774 cf0a78f1ad1ab0e4
2775 e9df028144e0cfc2
2776 923091a66af38ad1
2777 a56a5fd2250fd175
2778 5fd79a5182300fe3
2779 9b693e710470fa64
2780 4e2919d88d8b4b4b
2781 98af9eaa97bb3767
2782 6b076d7def1f82af
2783 f2c5c44cb8675d7d
2784 682f3f98ac0a6a48
2785 06aa8a7a47fafd6f
2786 49f1fe5b6038be02
2787 f7431a4e570223f1
2788 ff1ee01138800761
2789 ee904be83d474a37
2790 961097c5f466683c
2791 1f44901f6d414f5b
2792 304dd3cc08e15af8
2793 a5d850178f5822ca
2794 2339c48744122bf1
2795 3a5b49ea3984a33d
2796 a6e3c86b686cfdfd
2797 78b053b367f3087b
2798 d90589e2a1fb06d8
2799 7e46ad31255e2b22
2800 c1e2be8850086fb9
2801 766dc805d4171ab3
2802 bde8b36caaf855c5
2803 7226c6543e10d3fc
2804 19091aca3e620edb
2805 f94e18e193f2a132
2806 1d70b936fb7d5591
2807 bd3f792b3471d428
2808 5c32f6b68be09d97
2809 930df06cb8b17f0e
2810 e962cef3859d4d4d
2811 a2aaabffd4098be4
2812 3c2d0d552ddbc5a3
2813 72dedae46424029a
2814 5da3ed5f157e4319
2815 453df49a00e4d930
2816 3ad0e8b1fb4e949f
2817 c8c98b60a66727b6
2818 a1a20630459632f5
2819 79d3684fff4f96ec
2820 128c4399510df0cb
2821 8ee4376407aaf662
2822 97228251457d3cc1
2823 25d5477ee2759818
2824 55c4b16a01101107
2825 c828ad5263b8bbbe
2826 f2ce0d9bf1bd14fd
2827 7a66a120b67efcd4
2828 936e780b79fb48d3
2829 b28569a742acea8a
2830 bf853293c395e449
2831 0db58c4691fcbe60
2832 2c4a9347ce8f918f
2833 182fdc124bc9b8a6
2834 9e7d398aad2aec25
2835 183b5457fb810d5c
2836 1d64c7ddc14bea3b
2837 cea7687992f87892
2838 28e92a0eb322bbf1
2839 f80349b9c8e19608
2840 3c070c167f9156f7
2841 6e8b7c3c35e110ee
2842 ead4ef1509e02a2d
2843 43bd8c96a6e32944
2844 303c67a5eb607a83
2845 01a573778524537a
2846 b986a38d10e7fa79
2847 c3d15043a223ecf0
2848 c3d15043a223ecf0
2849 c3d15043a223ecf0
2850 c3d15043a223ecf0
2851 c3d15043a223ecf0
2852 c3d15043a223ecf0
2853 c3d15043a223ecf0
2854 c3d15043a223ecf0
2855 c3d15043a223ecf0
2856 c3d15043a223ecf0
2857 c3d15043a223ecf0
2858 c3d15043a223ecf0
2859 c3d15043a223ecf0
2860 e13be12b383a17d9
2861 432ab7c6a223ecf0
2862 c3d15043a223ecf0
2863 c3d15043a223ecf0
2864 f7e93a68a223ecf0
2865 c3d15043a223ecf0
2866 c3d15043a223ecf0
2867 c3d15043a223ecf0
2868 c3d15043a223ecf0
2869 c3d15043a223ecf0
2870 c3d15043a223ecf0
2871 c3d15043a223ecf0
2872 c3d15043a223ecf0
2873 c3d15043a223ecf0
2874 c3d15043a223ecf0
2875 c3d15043a223ecf0
2876 c3d15043a223ecf0
2877 c3d15043a223ecf0
2878 c3d15043a223ecf0
2879 c3d15043a223ecf0
2880 c3d15043a223ecf0
2881 c3d15043a223ecf0
2882 c3d15043a223ecf0
2883 c3d15043a223ecf0
2884 c3d15043a223ecf0
2885 c3d15043a223ecf0
2886 c3d15043a223ecf0
2887 c3d15043a223ecf0
2888 c3d15043a223ecf0
2889 c3d15043a223ecf0
2890 c3d15043a223ecf0
2891 c3d15043a223ecf0
2892 c3d15043a223ecf0
2893 c3d15043a223ecf0
2894 c3d15043a223ecf0
2895 c3d15043a223ecf0
2896 c3d15043a223ecf0
2897 c3d15043a223ecf0
2898 c3d15043a223ecf0
2899 c3d15043a223ecf0
2900 c3d15043a223ecf0
2901 c3d15043a223ecf0
2902 c3d15043a223ecf0
2903 c3d15043a223ecf0
2904 c3d15043a223ecf0
2905 c3d15043a223ecf0
2906 c3d15043a223ecf0
2907 c3d15043a223ecf0
2908 c3d15043a223ecf0
2909 c3d15043a223ecf0
2910 c3d15043a223ecf0
2911 c3d15043a223ecf0
2912 c3d15043a223ecf0
2913 c3d15043a223ecf0
2914 4693448de5f76b74
2915 e95dba9e03956b4e
2916 b9d103fd6854a325
2917 b9d103fd6854a325
2918 b9d103fd6854a325
2919 b9d103fd6854a325
2920 64cc1b732d22b150
2921 e0573f38da0273e9
2922 ec2e2291f36c9478
2923 4a28264faf8d4b68
2924 948d4d6857c1f7c0
2925 1d64a93c429746d1
2926 f14c336b2c2689b1
2927 b446df65ae827f2a
2928 cfcd2201c3486ea0
2929 b1ac92dc5d0699d5
2930 65abfc812127c71c
2931 c2d0f0226e344307
2932 0c8e624d30e9004e
2933 f5a2928e275c6a89
2934 65f5f49e60979a20
2935 c621c868debd445b
2936 d6a9e4ab41313aa2
2937 afec2dba6d3c0d6d
2938 f1244e8d72e952b4
2939 27906fa364f3f93f
2940 48c56a62d8262386
2941 cb9147ddd9c50ec1
2942 f9ca18807ada8db8
2943 472affd5058b0bf3
2944 48212287ca85883a
2945 8b9662a603acc5c5
2946 f8adbe220a462f0c
2947 51e541d936a272f7
2948 ff2335364ae5ed3e
2949 a6bfaab5c9548c79
2950 603ef5f45a065a10
2951 6d3976a1b141744b
2952 cf1320bb0c849dfc
2953 b3c48e7123cc899d
2954 66d2f99b10bafee4
2955 9425f58eb514f16f
2956 708eabfc6351c678
2957 73e3651f99910af1
2958 c08cfef674d335e8
2959 be7d86491e960a23
2960 13009a557cb5d974
2961 07ad20a5dabb71f5
2962 c492fbb78d7d173c
2963 d961d65366f31b27
2964 8bb71284f84b06d0
2965 9cf90834aab384a9
2966 06d2f66955520640
2967 593ff5e357381c7b
2968 76fbdde2006ad3c2
2969 1efbb0b011dbbf8d
2970 70cbb7136a83fed4
2971 360aafb16c68655f
2972 c3158e7c5f4586a6
2973 af9170f3b5a9e0e1
2974 e7db09426efe0fd8
2975 a8ba3e5e0379be13
2976 97aecb9f86237f5a
2977 7a3b600898b451e5
2978 fd6df7728f11072c
2979 eb9b3637f9d58b17
2980 b7855653124a905e
2981 81ffb584bb963e99
2982 93dd6c290ace2c30
2983 dd2e7545d74ec56b
2984 349f6de045c391b2
2985 d99ef8f3da3d493d
2986 9b379bf1b53db884
2987 c819cbf57f36aa0f
2988 623043f553e29656
2989 867fdff19e1b6a91
2990 9af92524a5289988
2991 a69dd1d4158f28c3
2992 e06d71073fce270a
2993 6005283dbd047b95
2994 47a319f6cafe82dc
2995 78e1d56a5b57cfc7
2996 70a7bc60bf93160e
2997 03d1960d1077e049
2998 2eb296c066796fe0
2999 f786c9b57fda00e5
3000 bd6aba9d7318cd62
3001 6c3dee897b7e712d
3002 da5d419046f0ba74
3003 31839e78ed917df1
3004 c98bc05206c02e46
3005 b28d2938d52fda81
3006 e4db962b8f460b78
3007 6ee740a94e70e09d
3008 b808cf97249824fa
3009 8aca523439f1e785
3010 2433ee2796aafecc
3011 70fa416ae30da7a9
3012 39d92d55eef98bfe
3013 13a0af01c7c60a39
3014 38523effba29e7d0
3015 8a6c18d2f2cf680b
3016 2ae9a61c73815b52
3017 46fd17c92c8a835d
3018 7fa60231ce677ea4
3019 4f9fbc981fa6132f
3020 07295354ccd52a76
3021 1f1df92d098d84b1
3022 c771802ef440b7a8
3023 f02a826c9a0461e3
3024 fd34ec35d056ed2a
3025 a87d6ad11ebf93b5
3026 4fe06e218d64e6fc
3027 190cdc60f41070e7
3028 48ad78d963ce502e
3029 ce8d17e9622dfe69
3030 e629100062ec6300
3031 89e3eff9bbb9723b
3032 b4df5cb075e25182
3033 d96e37754177d14d
3034 3ba4cee988fc2794
3035 c124f75470d4ad1f
3036 030b35517024da66
3037 3781b48361f8b2a1
3038 4be2bb31e4410c98
3039 dbe5f2ca786d3bd3
3040 65a1aaa52c56fd1a
3041 6b856d5967ea99a5
3042 130741126c1339ec
3043 4bd1f19f9efc56d7
3044 83fd2503a914381e
3045 3c89faa937d2bc59
3046 ef7a800056b2774e
3047 bacd05ef1a6d1a2b
3048 7f7ae46ad851c772
3049 e22dd7dd76fed9fd
3050 70a68ae4b7d08a9a
3051 cc5affdc2505afcf
3052 43bb1925fbd1e716
3053 514c52ec69abcd51
3054 46d54966c9a6c7e6
3055 bf912f2726dc5683
3056 a1228f704cf289ca
3057 00647b1c24751e55
3058 493ce208eef7eef2
3059 2df71b3d8c18fb87
3060 5ad0166ccefc44ce
3061 275d4d0d35ff5909
3062 87eb68180c2d0ea0
3063 45cfe25057f632db
3064 8a4436abde2d9822
3065 5edff589eaf5e7ed
3066 fd4b157ce3b46f34
3067 b658cf96a0ebd5bf
3068 b7b5defdcc3f2906
3069 d2fbd0577bf1f741
3070 07eafb31ecca2638
3071 4e279ce51f188073
3072 230644904298efba
3073 0f5dc7c32afdb445
3074 750a5de99675278c
3075 357d3c60f0f16177
3076 7fcaa2e4c4ff94be
3077 a3289dd2d54a07f9
3078 a0f0a3306a407c90
3079 198a7fd77e2550cb
3080 62dc80dd363d8d02
3081 51b43d196de2c5ad
3082 398f84149ce3e7f4
3083 f55716ec54ab85ef
3084 77652664f8895336
3085 5c4b4da66935a671
3086 cab76399a588d268
3087 e00e7b463ca52ca3
3088 7b9365df8e1f2bea
3089 7ac110db922b8d75
3090 252262a6e275d3bc
3091 736dd1a8d4fdaba7
3092 68ecad97a16f3cee
3093 9411b9d0ad107037
3094 57801f24f0707ac0
3095 54c8eac45c5592fb
3096 a2a98cd521906c42
3097 edee22bb58a74543
3098 9574c12105542154
3099 86ce14a5d04787df
3100 357987ff192bcd26
3101 5fa3ff49512c2c8f
3102 29378038bc1f4258
3103 23963723b1e75893
3104 a55ed382465adfda
3105 dc56a92fcc599142
3106 b51bb085e693c68f
3107 88b2528f0a02dcc4
3108 20dd1f0782964040
3109 0556d5186446cf27
3110 ff5e05ff7498d66e
3111 32ff3415f7e395f5
3112 53f206c749e1303c
3113 57f5644b990623b3
3114 ac738e706fae4cfa
3115 88f27b82744e0281
3116 adfe96dcd57bc078
3117 138363612d3e56ff
3118 94d682d735097646
3119 3dbbfd2dc77f792d
3120 3d3320d0c057b374
3121 11bbe7f932aa700b
3122 9d57f092eba86352
3123 bb973f29ce715239
3124 112357f4289fe0d0
3125 aa0272245da0ccb7
3126 7e3bf4fb8c22b3fe
3127 519d95f59c92ef85
3128 f41730ed9bc0d782
3129 59388bde70a1f7c3
3130 93beeba300102b0a
3131 7991780e7c296e91
3132 3c882dd575c84066
3133 f0dddaa2ffe8010f
3134 19f8be2277884a56
3135 8a43914c57634d3d
3136 654bd77afa4aa31a
3137 b29743ae10c61c1b
3138 ee4362b0068af562
3139 aa47142e6ac89449
3140 9c94ad302013be1e
3141 b362a2d43e185ec7
3142 02f0cbdd4a1c3a0e
3143 d714394193097f95
3144 60e38311651036dc
3145 137c6513494963d3
3146 28f5e455f571251a
3147 e9b9b9da20f1faa1
3148 24db25e7836adf98
3149 0d9f99c3f5bfd51f
3150 d50cc1d148534166
3151 85205ab55a49484d
3152 669c80a592ad9594
3153 b490ec5ebb57992b
3154 22b540c70e333672
3155 1d9b739ae3afdf59
3156 77c95b30cb3094f0
3157 f3c2ca9be9dfa9d7
3158 5d1953bfb2cc671e
3159 96f94e0abfb6eba5
3160 02407f58d73487ec
3161 3916bad0505d24e3
3162 13776c07912f942a
3163 f33ad25ee96016b1
3164 bd181dab8b73baa8
3165 5a6a899283667a2f
3166 ed864ed9ce933176
3167 3440ec36e0f1155d
3168 301597288b94e5a4
3169 fbaed1dc10dec13b
3170 f01707c08bae5c82
3171 b0574b5462f89069
3172 a6716bf0273e4100
3173 b26dd5135ce19fe7
3174 3cf267e9c2563b2e
3175 77a25b2494261f0b
3176 d6d4a3874683adfc
3177 e8cf5eadcae09373
3178 e28ce74d40d8baba
3179 6bd9ca7169f4931f
3180 23bdeb728ae07938
3181 49066cc863a074bf
3182 94acf07aac2ff006
3183 24471a64a21012ed
3184 dc6b17fa63e28234
3185 56432490f7db5fcb
3186 d78f9d1e6fc81712
3187 2f4adba010d43cf9
3188 3fa85c8c49828f90
3189 bf62cd1514698c77
3190 813a8220e0b927be
3191 e405de784c9ab245
3192 95a3180a62f49a8c
3193 04729fd7877bd983
3194 445d15294e9394ca
3195 98feebf6886a1f51
3196 855ff98da9542548
3197 93ea0cb612479acf
3198 caf41e3a423a8e16
3199 68d3b908b9592bfd
3200 0801475e26871444
3201 b699e9d04eb6a1db
3202 b9708a6094d0a722
3203 f27fff278acf5697
3204 4850a8f91bbf21a0
3205 32bedc7be7bab287
3206 0217197ceaf7b3ce
3207 7505dddcd7c769eb
3208 8137fc965c93269c
3209 db168e63c67cff93
3210 76e33f02b8849eda
3211 2724f27478a1b2cf
3212 f943225ea33f5158
3213 b15ed4ab22f306df
3214 9106fad248b3d026
3215 b7efe64382c43183
3216 c5d72bfb159a3454
3217 952e0ee0f02a31eb
3218 7e7aaf1531c5e932
3219 b5a0c168fcf5aa19
3220 5a83a7339c941bb0
3221 9cf85b226ee43e97
3222 4ca0414a8003ffde
3223 0d4a0e4ee357b165
3224 a51f1ec175f64cac
3225 c77246e4e10caba3
3226 c005015187f276ea
3227 3e1ec292aef8a071
3228 298e44ded09f4168
3229 43b7c6ec0e9b2cef
3230 04a68dbb9428c636
3231 b4c82dc90a8ebf1d
3232 69b9085388b7ec64
3233 e0bf2b40731621fb
3234 dcb68e3df89b6a42
3235 7de7342108031629
3236 921f94348d47f9c0
3237 3d6f0902f5a78aa7
3238 63f1b2b3aa5f5aee
3239 d270f2c2eba8d775
3240 47fea54ed40a42bc
3241 b8b72774d1660933
3242 d344d2cd84e42f7a
3243 0e6c00fb4f566001
3244 0df9801f50708ef8
3245 1c87b13df14e427f
3246 9a96d6463940f0c6
3247 4219a19771f688ad
3248 52f19fd9592e4ff4
3249 5fb162a0f6356f8b
3250 e7146afd9a4cb07c
3251 53d710b967e7a6b9
3252 cbea2b76f62db850
3253 1f9bd840d2bd6137
3254 da60221ec6b41280
3255 1ca82c4a68046405
3256 d9dfeb846ee7514c
3257 8223df1efe314e43
3258 298352e5302ecb14
3259 47d9b3e6978d9111
3260 0eb428a71913c208
3261 0c86e3dbc821318f
3262 37c800f7ad4e6018
3263 6fdedb3326c6cfbd
3264 cf4a4ec296c1af04
3265 c49e2fd84bc45c9b
3266 f59cf4acd2e95de2
3267 f9afd38520ee06c9
3268 a666971719908c60
3269 3bdda29a2e9e3b47
3270 5e18c44a5885384e
3271 cf7ff0452168d1d5
3272 48ec4339ed04df1c
3273 254220b4dd92d653
3274 0c8d236111e5479a
3275 79ec52c2ccf12921
3276 2b3b368a70d90218
3277 56634d3a1d47c19f
3278 03027e81f1ad24e6
3279 644ac0271c0039cd
3280 c0bccd6b177a6d14
3281 3d00161468d955ab
3282 3fb08bb3b75283f2
3283 8bd96978cb5240d9
3284 b3d534b1d9a02470
3285 407247f6a6e7c657
3286 c1aca461c240709e
3287 bdee8e1be1709921
3288 8ca07cfdecda7404
3289 ceb208fed4cafd75
3290 20acd5adc25fd055
3291 b2073f259ce7c28c
3292 4584ebedd7855772
3293 12a0441e1b886919
3294 32eca1b222d14154
3295 cb4fafabc3d3d04e
3296 45b745cb4f7dad76
3297 1469a5653c1ebf6c
3298 4afcc9840a0e07c1
3299 fe8c69f8df6f8161
3300 03cf76f9bf6c150f
3301 ac4e5c0aa81f6a74
3302 a458d640ff874f2f
3303 a5b44892cf24565d
3304 ef16aeda9c75128c
3305 3c2c1a5404c6f21b
3306 8a093823c5d222e2
3307 f113b23dbbabeea1
3308 ed748def6ab7d4d0
3309 b4f32a49db89484f
3310 6958def0e7928556
3311 c6e5545c43203815
3312 7b562545bf25a714
3313 0e0fc6cf85b32a73
3314 546d6171acd9ae0a
3315 9132f457dee13259
3316 02058d0d52f26dea
3317 93d4abc8aa746c4c
3318 757cfdb2c99cce38
3319 ff55c10d1b5dc4e6
3320 0a05df600b2bef9a
3321 c57f3e15cddac29d
3322 f8c7d1d529042d91
3323 08d32b0130b5c8e7
3324 80391271d0b88196
3325 350373880a19a97c
3326 a96a19d2176baa40
3327 f1f3678a1c640a63
3328 323175e309ab2dcf
3329 c7c1c06307389125
3330 1873422f5f321cda
3331 e053cb89069a2aef
3332 f37d4bef343e537e
3333 1744b0b746944b94
3334 26614e89fc221b48
3335 326e2536d4dde84b
3336 128f255732ea11c7
3337 87614b01d045396d
3338 f5a0aeba8f3f1b44
3339 4fbf4d32a1c0df5a
3340 bb9941c24979ae26
3341 023b529cb7eb5ff9
3342 32784b9e00dbf255
3343 add2c3d5d0c0dbf3
3344 90d7e81e9c789ab2
3345 707e87a620fb21f0
3346 e4afa7926b1bd26c
3347 30107d2f931037bf
3348 fcc7f265ba5d3013
3349 d1e93aa4408a2941
3350 390d5f340251b7f8
3351 9f8ab62780f56066
3352 6b69e6e62b80591a
3353 b5db54cae85dcf33
3354 bc053b6e9a4280d4
3355 af32dac6469f2807
3356 888961fb1ae3eb0b
3357 8460d52f62403d09
3358 5a84f6508f20a8e0
3359 d752d7da97de153e
3360 c5c05d832d524642
3361 bd37e4f3cb283cc5
3362 f4ad9cdd49658e29
3363 5c9c5bcbd0e8ce0f
3364 b98b9a5cb491fc9e
3365 8fdea1954b45abf4
3366 6a7ae51293cbb268
3367 724cea0128153c6b
3368 c73f7fe67f5176a7
3369 bc02cadf2971590d
3370 a9e4e32afdd90ae4
3371 0acc98076b90d4ba
3372 a94dcef5c600d8c6
3373 54829347c5242d19
3374 4937c13d63a75cb5
3375 077997f6162bf093
3376 f007971d5c4adf34
3377 aa4ad290f8293ed5
3378 f5a481cfcf4a9a0c
3379 86d4e060bb130d32
3380 d3182fcadb6244ee
3381 51448864913124e1
3382 7a6f261997d490ed
3383 2b1267856c1b83fb
3384 3a806a2d1b41a1da
3385 688c941986ee15e8
3386 9b577c67f8f55474
3387 e375942d115cad27
3388 ab095d7691a23deb
3389 cd4425621bd3b4a9
3390 b3ccf8ae80db4880
3391 48ff6591d334ae1e
3392 e0e4e01ce8141b62
3393 4986008670466765
3394 2e85547b4ad96889
3395 9a5cf6b23e734d2f
3396 0ac42773e7f689be
3397 e4da279a15e36454
3398 87cd3b98dbacb188
3399 bb2c777482d1ad95
3400 79150d3eb0a3b2aa
3401 ebf347ca54d665ad
3402 ffda05c2b5d54121
3403 607a43e492ef8537
3404 38f1e6a3439ffa66
3405 f50c177446f5bd4c
3406 84ae8acd68c49910
3407 4725999835af1033
3408 e947b00d5c2d6f1f
3409 530498846960a375
3410 8be231c0db87d6ac
3411 a34c48027fb4b192
3412 cf5bd1abbdc5610e
3413 119f45bdd02aa181
3414 c9aaa2caefd96a4d
3415 26ca03b8f1587a9b
3416 4b92387f24ac917a
3417 1e92f6b41a5aa6c8
3418 7830e28f3e761914
3419 47c71b0797313247
3420 ada37beef786dfcb
3421 9e7ec0a3f7130949
3422 7191948fbeca4326
3423 ca52c3ae386147c3
3424 9c60170e4b600a82
3425 1d9b73d075aef0c0
3426 0b5818b9c524e9fc
3427 a75a459811d3024f
3428 bbaefc6d995181e3
3429 5bea84a674847611
3430 741e5e61e5ea12a8
3431 8798e36d9b97eb16
3432 8c9333cb18f5bfca
3433 c462749c4d6dee4d
3434 59a72fa5e9ad8981
3435 8fd16c5d053dce57
3436 796be70580995606
3437 6cdd67574e64c3ac
3438 7a11b98f069955b0
3439 25ccad5a1e1f97d3
3440 380fca3ad2adb6ff
3441 747c2e937a2ee015
3442 50ad5808b763114c
3443 ac34e222f2c9bdf2
3444 a7dd7a8dba7cd22e
3445 c4184eb097f47a21
3446 727e483b5617c0ad
3447 4f0c272d9971b33b
3448 3105235e61eb631a
3449 6b6c20dddd241ba8
3450 d038cc227a2fdbb4
3451 3c64cfe9f1e8a667
3452 c624dee8c7eaf1ab
3453 65719b74bd85e1e9
3454 c4c9809a63a46bc0
3455 6df3a0bc36c5a7de
3456 4910002019b956a2
3457 d90a44a37daa5ca5
3458 e9dffa4abc7ac849
3459 693133b725a7886f
3460 28ca3f8f8618dafe
3461 93ad3fe38dda7e14
3462 4dfd798057e8bac8
3463 38b860f992060fcb
3464 5e4859975f30fd47
3465 d800ffd235c9b6ed
3466 dba40833c14570c4
3467 185f0099acb2fcda
3468 b112646d361b73a6
3469 b2d07c0d1995fd79
3470 d9eaf856e2e087d5
3471 6ff0f588b0f39373
3472 208ab2012ac41a32
3473 4f7d2ba127601970
3474 52cd72851dc3b5ec
3475 1f902e209730033f
3476 c00e775c1e2b2993
3477 73a7c71619c33cc1
3478 6c1af3c5e245ba98
3479 f08aa613c6a567c6
3480 e633de44c5205eba
3481 710f30e7651a6abd
3482 f4eef8183849bbf1
3483 b44e7b1936673587
3484 d498691538af28b6
3485 25ac55a12b78d25c
3486 dde3e312d27aa260
3487 43ef7224e2303503
3488 8d320692b536262f
3489 db7955fc02d46645
3490 b3040bf78a4a413c
3491 04fd55f0240cc262
3492 397855ea214cb01e
3493 5ac74cd2a7b7eb51
3494 8fa5c88f567eefdd
3495 4f9079457c2013eb
3496 b2b30a243ab7090a
3497 2b069f3b487d9c18
3498 65351dcedeae3264
3499 c54f7e3387fe2c97
3500 9f4119b265e8115b
3501 d338b07fe9f4ea99
3502 38138d7378001df0
3503 9bee50e0e5d62dce
3504 f01bef63644dfdd2
3505 ebb5c75bbc33ce55
3506 8363914749b0b6f9
3507 3798582265e72b5f
3508 1af039678c69de6e
3509 66065ae6df12a044
3510 cf32d20d71bfbc38
3511 b9afdb7c22d1b57b
3512 e464ced45f7f1cf7
3513 34d603db29f9805d
3514 d5ee011c346707f4
3515 de06f30f19a5338a
3516 8b100c653f026756
3517 809e903d679ada29
3518 17cda4f2ee0ba0c5
3519 a76f3a820b15f223
3520 e0dccbe86a5e3309
3521 1642ee4453c1cca7
3522 d872196cd02f940f
3523 bb2b18f91187e8af
3524 14a5d00257afbd83
3525 dfd7abd5ab08d471
3526 9d4704fb223eab08
3527 7c608a48078b5536
3528 c0c01632e614962a
3529 0e2e90c32b815403
3530 248a970ee0620d04
3531 e7e40887847108b7
3532 8ba5747a202e7abb
3533 c0182d24a5f73bb9
3534 2973b87d14f84890
3535 7fa7f89371b8c4ae
3536 b9589a316d517e72
3537 0cb4ef7b8fcc8cf5
3538 7dab4d9380ab56d9
3539 ea925db0b129097f
3540 7a96069a8c4dec8e
3541 15ecef71c220eaa4
3542 e3e566fa70c122d8
3543 af76a8339f32721b
3544 35d738252f22d0d7
3545 6596c2ddf8effafd
3546 6388aec315d3d294
3547 f962ff9c57ecae6a
3548 ed9fbf012e1850f6
3549 e8ae214cb73ccec9
3550 3fcbee087e091525
3551 19672bcc968ce543
3552 1f9e2e36a0e9b5c4
3553 55880d58d0d2ca85
3554 1881fae6b80c357c
3555 5b4620ecf63c2e22
3556 2199bf4e5574de5e
3557 016eda06207f9991
3558 b4f0c4ebca7a969d
3559 e6fee5d40a95222b
3560 d974b744359a5d4a
3561 f9318616a32d76d8
3562 95fa7c42d2b386a4
3563 d261aefb8b1160d7
3564 286897158b79421b
3565 1fef3053c64122d9
3566 c9c3aa36d9905830
3567 5733e168bacfac8e
3568 67a7081d14d08812
3569 679f3d3f462e6495
3570 e85e645532e74fb9
3571 3204408a6f339f9f
3572 8827025553f784ae
3573 5efbcb6c7c4d2104
3574 a1234f8955421278
3575 ac8071e1c751f865
3576 a1bbb1e30b2bef9a
3577 ba559f29cddac29d
3578 136579354ee2f091
3579 c7c177df30b5c8e7
3580 55eaf727d0b88196
3581 d4d472780a19a97c
3582 5154a505176baa40
3583 fd7dca9a1c640a63
3584 d074780509ab2dcf
3585 a786397e07389125
3586 73ce16188228fd1c
3587 dbc4eb5a55be9202
3588 7fb35dc7343e537e
3589 960b1652daa0aeb1
3590 9422b16124bd5efd
3591 c0dc5444d4dde84b
3592 a864e1e4eca7de6a
3593 753f93cd59e40038
3594 d6cd157d8f3f1b44
3595 8688307cc44becf7
3596 c786377b6041c57b
3597 ee2471c3b7eb5ff9
3598 d77b945ed5792c76
3599 30e58c50d0c0dbf3
3600 1e6d3f80489cabb2
3601 5030b7d31c5181f0
3602 42a077e81b90336c
3603 0407908ada5eb6bf
3604 c7392d4e493cab13
3605 4b665623cd829c41
3606 d99558a5d70d4a18
3607 3b6af68f126bbd46
3608 761f997980b2e23a
3609 9b98d58ad916e63d
3610 6bc7cb78a6dca771
3611 81ca39dbe6dfc707
3612 c795366bfb75a636
3613 b9dcec2810d063dc
3614 d5a2f0bb1dee75e0
3615 4a223f160eb8e883
3616 5d8185e1aa634faf
3617 0a2ee8739746b3c5
3618 f439d88c3d6c98bc
3619 482aad7513b523e2
3620 e83bc44ef1cbe19e
3621 c124da33873e69ff
3622 20a10d93becc8f68
3623 597f8c2b17ffa36b
3624 7a517c1d499c16a7
3625 3d10cc457d3f5c0d
3626 5480f260608e1be4
3627 514ef1ffa7ed5dba
3628 ac880f603fde65c6
3629 fb205c2d59366419
3630 9cb9066beca34bb5
3631 8d525d4992b81b93
3632 ec6001b8e4e1a352
3633 c2ad8a7634db1150
3634 c23c1b57bc46ab0c
3635 640943cd5bbec8df
3636 1757607c3535ec73
3637 5effb716dd9887e1
3638 bc69e5db182631b8
3639 2aba89ffe4a15ea6
3640 0abce07da9f572da
3641 39e6e9eca23f99dd
3642 ad28aa24f7ad8c51
3643 f842f67277343827
3644 666974622195fc30
3645 c60002405f1d2fa9
3646 9af0821d21083d80
3647 1a8ac52e69840e1e
3648 ba094a4b939cd862
3649 d15ee46d5010ea65
3650 e7977bbb230c0389
3651 e38b122ac9ad002f
3652 2d953efb227fd6be
3653 6c39dd91a1ba6554
3654 b6da73244ef02688
3655 3a65cc11c0073b8b
3656 f631ef5ab885f287
3657 560c66f53f1a7aad
3658 9d17532d3616aa84
3659 b364a918f5d20a1a
3660 6ef7981c190b0966
3661 2d7175ed416de139
3662 f7d1636a96108515
3663 dce4f93da6221d33
3664 80760cedcecf43f2
3665 bfb02d7f25ba0cb0
3666 fc197856547669ac
3667 d13c64d00c6c35d1
3668 b08c3c9d5142600e
3669 84aa78a31c44c281
3670 193da90b9c45804d
3671 0b188dc01197079b
3672 d76e41022f2de07a
3673 7275418b46862dc8
3674 9a7ffc50b3af8c14
3675 b99af99cf39b9747
3676 5ac5f2e7032914cb
3677 d368855c37d33249
3678 c3974bd05d849020
3679 40117b8af357d9fe
3680 279c72693b85d982
3681 854720a219586a05
3682 468a82d8867472e9
3683 c38f95ddb8e3034f
3684 6e982bc5fc5175de
3685 c4419ba1d6efe2b4
3686 411c3d75d35401a8
3687 0caa160f220ce3ab
3688 ac4ca83eaa5b0367
3689 2247e15fc283234d
3690 f509a9b70d2c9ae2
3691 11047d030542b757
3692 57acca898296a106
3693 590225f3fe11ccac
3694 c1ed73f3839b18b0
3695 8e75f578346630d3
3696 448d36224a6091ff
3697 ae7fef519f81c115
3698 ed7e50ec5603904c
3699 9676264f2d5ba6f2
3700 6c8632468dd0b12e
3701 5c0f604c39051021
3702 838bc1a909b5fead
3703 b2637a1aa1ba3d3b
3704 42d846e2d9b3311a
3705 b54cafb1069e65a8
3706 9c6d45e06ec6cdb4
3707 e2c57383c0d57867
3708 6affaec1c92ff3ab
3709 f4907f6bd5c1dfe9
3710 29f9eedc9039d5c0
3711 a512388c1d6195de
3712 9ab271553f78a4a2
3713 d7c9a6ffcd0522a5
3714 38da76ae02894649
3715 2c8cd61407f6e26f
3716 b630f38585a780fe
3717 9ce6ac8ce4a26014
3718 ca34086d10e23cc8
3719 de9b620fcc1a19cb
3720 bb810c139e5f0ac5
3721 983b65f575cbd9f3
3722 03214f7c7956b0b2
3723 af473403def982da
3724 b27048cdab9151a6
3725 43fc82fcc60dab79
3726 a839364f0b3275d5
3727 3d0e03f1f4221d73
3728 73ce62d3c54cc032
3729 1f4271a4e94b9370
3730 6fc2095c48f157ec
3731 4ec155ea81be7d3f
3732 df84329b7655fb93
3733 d92a7206e84a3ac1
3734 ee637a7ce1444c98
3735 3959e515a4fb95c6
3736 22301d3dfd9184ba
3737 db8ff9970d17c8bd
3738 c26f13b834b219f1
3739 b51be217167d8787
3740 50e18aeab5afaeb6
3741 1f02c295efdab45c
3742 7b9edc98da1fdc60
3743 567ebcf34263e703
3744 42d843b7d414602f
3745 a663b838250d2c45
3746 8c2c9f26de2b933c
3747 ad1777051fb3b862
3748 f20c2d3f41bbae1e
3749 70bccb030e13f151
3750 2fcb979a41545ddd
3751 b154accdcbda2deb
3752 73d40a28f19ebf0a
3753 5947d7a5bcd05e18
3754 b2f8e94fc14af464
3755 01fe554f94f54e97
3756 b348a8737e149b5b
3757 5a63c424fbf4ea99
3758 1f8c9eef78001df0
3759 59a5bb1a30dd8dce
3760 6ea26dc6644dfdd2
3761 41aa577abc33ce55
3762 d14a1fe7aa9396f9
3763 9798928b65e72b5f
3764 254a28778c69de6e
3765 0fd0f40394f58044
3766 8ebf248871bfbc38
3767 8015e33222d1b57b
3768 43457bb200d933f7
3769 444d739329f9805d
3770 c20ff91a346707f4
3771 afb6f8ae43782c8a
3772 ce9a1eec3f026756
3773 ba31e77b679ada29
3774 53c25c991a4687c5
3775 352ab41a0b15f223
3776 c2b09daf8a47bae2
3777 9210d7160bd929e0
3778 fba967e0cb3d16dc
3779 71f5b2f0ad64e8af
3780 40b6d35557afbd83
3781 57f12f08ab08d471
3782 a51053a8223eab08
3783 737df940078b5536
3784 03fac45ce614962a
3785 2afca6a14607c72d
3786 92d5b171e4dee2a1
3787 a883a860847108b7
3788 ff6261bdb87b67e6
3789 e083f8ecd4d4bbcc
3790 de5bf30214f84890
3791 24af2337e0413fb3
3792 55b68bb8f380df9f
3793 1b9156ad8fcc8cf5
3794 04f5ad007fda062c
3795 e04537d8d10bc812
3796 06b321548c4dec8e
3797 7f3db46739a8c48f
3798 9eb1446b70c122d8
3799 ec47bacb9f32721b
3800 ac0486d5fb08457b
3801 32027747e4d402d1
3802 99d77bc47f731d68
3803 bd71926ba098ae6a
3804 3f752cde2e1850f6
3805 34da6265b73ccec9
3806 b4e5c4c27e091525
3807 8f15deb4968ce543
3808 9acbabd442ba1202
3809 428e1f7cdc6fbe40
3810 b1dae9a1b80c357c
3811 7dde3bc017e6adcf
3812 556f0da1d1c88a63
3813 169e94b6207f9991
3814 2f08791f45f4d028
3815 7c531578851b7196
3816 020d3f57359a5d4a
3817 9853f3bc8c987acd
3818 8fb507d8be6edf01
3819 dd7261978b1160d7
3820 57c1adf1be5db380
3821 e994532ec64122d9
3822 451433a5d9905830
3823 6fde9e8877882d8e
3824 f2e5256014d08812
3825 29803c02462e6495
3826 30f48be732e74fb9
3827 edc651a16f339f9f
3828 ca7dd95a53f784ae
3829 3b15bdc97c4d2104
3830 ab13b7c455421278
3831 f07a76c2399c93bb
3832 81d9ba246ab7b8b7
3833 72a614bdcddac29d
3834 62ba46e0d3e4d434
3835 8504520259baed4a
3836 90945043d0b88196
3837 5f9fe2e509e74669
3838 d0c540e8862c6e85
3839 968997391c640a63
3840 3294a115a885e522
3841 d2c0c304852206a0
3842 273921858228fd1c
3843 acb5c6522c4575e1
3844 d5bd20a8343e537e
3845 9a60912cdaa0aeb1
3846 51b708dfba2ae5fd
3847 97cbf223d4dde84b
3848 c2a31710eca7de6a
3849 2763f82c59e40038
3850 422be2268f3f1b44
3851 110324b8c44becf7
3852 a0d2da896041c57b
3853 2be98defb7eb5ff9
3854 899aff0da5623ed0
3855 01e019a7f7119e6e
3856 401126d69c789ab2
3857 e5a175e2c17c6335
3858 ee4c061e7b403e99
3859 812ee5be931037bf
3860 d64d4ee631a0d0ce
3861 3e4ce13d92f9e864
3862 f0da072b3d36ad18
3863 89bfc9eba4d6305b
3864 c55af5986926be97
3865 37c128fb7f1edb3d
3866 14e81481efd6bdf2
3867 3f5e8abd469f2807
3868 b46124015b80e536
3869 595176344fd6c3dc
3870 9f8762878f20a8e0
3871 44f4564e6622bd83
3872 e206af94b0b1e8af
3873 b1dbc9e9cb283cc5
3874 f65e3f77ab6933bc
3875 ee2ab3b92508bae2
3876 f9922b99b491fc9e
3877 71d15390bbea9dd1
3878 5cfe0cce2b09645d
3879 246a779e28153c6b
3880 aba42cc6e7b6a38a
3881 d7462259702a2098
3882 99203ec1fdd90ae4
3883 9030d3e968630f17
3884 a2053b6cca71a7db
3885 d2e3b89cc5242d19
3886 1ce1e6460cab3270
3887 c1686a6f6671484e
3888 1e20b16ba9a13a52
3889 fddcce9db87f154b
3890 53aaceadcf4a9a0c
3891 9dcb9925ab9659df
3892 0a6f1aa947998c73
3893 060d2f47913124e1
3894 751db091dce404b8
3895 d2f70592f8bb01a6
3896 339a7ef21b41a1da
3897 9160cd98ed8a76dd
3898 c026758a40ccb551
3899 a130e370115cad27
3900 178ed9ad4b3ac4d6
3901 c60c6feb07154c3c
3902 b3483b9721083d80
3903 d13a70b9e751d9a3
3904 8c9cf27aea7cf28f
3905 f0a8446d5010ea65
3906 86e7e7b9539e705c
3907 b9779dead39928c2
3908 76bc76fb227fd6be
3909 5f8c7aeea81d05f1
3910 3fc4f65107b387bd
3911 43415411c0073b8b
3912 1f53ec09897773cc
3913 157f6af53f1a7aad
3914 c9b8e9763616aa84
3915 340f2e9dad0ca11a
3916 ee02f9bf190b0966
3917 e72e75a1416de139
3918 fd3d10b296108515
3919 c4eb4a16a6221d33
3920 2692fa38cecf43f2
3921 e3abafc325ba0cb0
3922 4a177472547669ac
3923 7869d44f599010ff
3924 d335084e0e9610d3
3925 2a8030fc1c44c281
3926 337f3886b89c9e58
3927 0e207e029d875106
3928 ee6a185b2f2de07a
3929 a8aae8b374ba7c7d
3930 bec492386e01d731
3931 2f51399cf39b9747
3932 041a57b89595fa76
3933 8a3e96040f71e39c
3934 6a5527a45d849020
3935 e81ea344fa20696d
3936 e0fb2f913b85d982
3937 19a8792c19586a05
3938 dae6ebc0a385f3e9
3939 2215b7cdb8e3034f
3940 36f71b1efc5175de
3941 a96c7ed6d6efe2b4
3942 2ab66057d35401a8
3943 10aeb6cf220ce3ab
3944 eb1adaffaa5b0367
3945 52be6ef7c283234d
3946 6299073abd53d524
3947 42c019665d53df7a
3948 3eb59b1efec33306
3949 cbf783acf2f192cf
3950 fb61e25370ae16d3
3951 17a138d72b4e97d5
3952 55a248cf778f4039
3953 f0ed5f8a96ad8b33
3954 8c558d73f8d8892f
3955 03192c4304528b19
3956 aa427cba3f939f75
3957 1b2b977c928d26c7
3958 166de8ffa3713d7b
3959 f36e19a51ceefe6d
3960 dd721d3d2f64d401
3961 a25d60b326a255ab
3962 eb7d78aded069bb7
3963 727e39496dfd5631
3964 dc43da1dbc849906
3965 541c2f6a78bc8d59
3966 ca13f70fc5e81295
3967 c71ed9f5eff8d5b1
3968 395da010f5ddf20e
3969 85b234ddedd6ea97
3970 46d3ed4779f671a4
3971 21747df947a6cdca
3972 3d8ecb61e7e5c893
3973 a64f8498303dfeb6
3974 e46fda6a42dcd1e0
3975 4096bef3c272ef4c
3976 b98d5a88edfe585c
3977 275d538130ed69a8
3978 40543f7a421f7818
3979 c10b3c04372f628c
3980 5956809b671d24cc
3981 7b224cc698a965a0
3982 f2a79117a8527f04
3983 9a0a435dff64ba1f
3984 667f201d9a75329d
3985 9729a45048c1376b
3986 fbb6021e1dbeccd4
3987 021e45b0f2aa960f
3988 630f0b9e651630df
3989 4c25fbb909b50af3
3990 e8c3569fbdd54d43
3991 3686de236f9268bd
3992 37228aed27021847
3993 c1a668b4896a6f23
3994 37a42a50161e4ace
3995 72bde39a6bbf3862
3996 b1f341e148693f14
3997 ef4b06c85938cad0
3998 521b37d09eadab48
3999 efb4bf91f4543b3c
4000 a5ded977b63235d4
4001 1df9b1aef22773e8
4002 c4b6e48494d861c0
4003 188fb698bed339cc
4004 452953415315a2b4
4005 177c6f88d58b2400
4006 23cac17481258a4c
4007 091458b6338c7d9e
4008 61d952dc12f1b128
4009 b8d7401cab6c3df4
4010 53cff447a987c3bc
4011 92581af7c0c11408
4012 bec4d6ba17760e30
4013 1168590a6c8c1dd4
4014 e8ac2af907e5fd9c
4015 695be8fb38329a10
4016 63487010eb973288
4017 0f946a4fa66a0f74
4018 12a5e582ab621dc8
4019 6a3ec7c718901d0a
4020 8308b4f97cd5e073
4021 42cb1dd93c82116f
4022 b56c02a5340b183f
4023 0dc491eee6efa5ba
4024 9fccbaa766c1495c
4025 83daaa068288d590
4026 dfaae8e3144215a8
4027 fd5975463cfd5334
4028 b95374929b8bb6fc
4029 4785c213e50269e8
4030 abb60804ee0f2c84
4031 39c7bca71851fccb
4032 a5783ff8d5b7f7e0
4033 b5defc32d70b896c
4034 05ca3f216fd3e5b4
4035 9b4b913fda804e10
4036 3559c691109d3578
4037 eb6a86137836273c
4038 07aead268cb4c824
4039 f2d7d0c3bf179d38
4040 c9426715b4292890
4041 8ce5d565a6c1de1c
4042 0ffa744c65fef740
4043 380dd3a94b8cb4b2
4044 81a68ad5801e9e64
4045 547308b9a9e7e0e0
4046 5f43610e9b3ac6d8
4047 9cfdb3d84e9e354c
4048 5609feb9d7abc484
4049 9cd45b048ce205f8
4050 b3451d5d00361330
4051 d688b2b320574e3c
4052 14b2ca45df951cc4
4053 ef05ec8cb29078ce
4054 a80856ce3341e81c
4055 a4db7c3c3314300e
4056 66af4c02cce20398
4057 877cff5f8f4b6b84
4058 af9a326777124bac
4059 d00154f77e6fa138
4060 138cbd2a215bc8c0
4061 8d8b88372de98be4
4062 6f79b946956c35ec
4063 2279d5eedd7a4560
4064 3af65bd6dc574178
4065 78ebf2d8afa96704
4066 6e65087f2b857878
4067 2a016f6d308a3eda
4068 c681d6b7d0e586fc
4069 cab80b69083d0cb8
4070 fb763e0a6dd9ccb0
4071 b44ec98f05efe7b4
4072 3ec1dde54116f8cc
4073 486058f086b0b6a0
4074 07c1a7b328290cd8
4075 2d14b6b76f036e24
4076 da108df8ac1c17cc
4077 d56b39ef836507f8
4078 ed96d857160f3f40
4079 64648c019f9592aa
4080 a57b2450320a603c
4081 fe540f832f72b350
4082 5e8fc29b169ceb58
4083 ef54153af1207a04
4084 52ce5c1aec4f913c
4085 9dbeed42d6d8c4f8
4086 6a8cf0027af6ad90
4087 de291bafd7a8e1f4
4088 0811c7c2aea66a4c
4089 f16c23b4b101bea0
4090 4575396fecf57bf8
4091 a78792c20c54cee4
4092 09dc95bee798fc2c
4093 45bf809fdb62a238
4094 ab795527b97d8580
4095 063350343cfc7bb4
4096 bbb0d89e040678dc
4097 aeafcc8a6891c3b0
4098 907f6b0381e32078
4099 2f6743dd69de3604
4100 f3563dbc54aad176
4101 1fc1cc358c8ba182
4102 b24389ed16abdfca
4103 cfa7957d95d6be74
4104 b4787794acc8058c
4105 3c56b479d0303c20
4106 6a4959deb6491f58
4107 71b76cb987ddfce4
4108 764fa702caaaca8c
4109 3060942a3d2b77b8
4110 b1089fb07f0548c0
4111 ea3af0940800c3f4
4112 58ea0ac59013a5bc
4113 4dd911a4f2e1e910
4114 0d3c1c6c1d616f98
4115 82cbbe7208da7804
4116 53b2ae0bba7f3dfc
4117 9eceb49d51a2a338
4118 3b0acce5c5bcf910
4119 5bb14e9bf56179b4
4120 348265e35bbbec8c
4121 514036c9d58fbda0
4122 61323f5fb2476d38
4123 07d5ae5565f19f1a
4124 1c353de16b84252c
4125 3a63d0d37d2c7cf8
4126 4c778630b5339380
4127 b0c620f60ea91074
4128 0b457cb4294be01c
4129 05f916bd55735db0
4130 dde86efd170280f8
4131 fcac4e1f75448704
4132 4c191eebb536bdfc
4133 2f418b203689ebb8
4134 551f23a654facfb0
4135 93156debe75875b4
4136 9f4e4502343776cc
4137 e4d424b01b444720
4138 7e8b69182502c658
4139 d45a53af548bbda4
4140 6d10b97ea91e4fcc
4141 9b7bdd195f239c78
4142 35503f9f609358c0
4143 5eaefaae81bda634
4144 cab266554b70453c
4145 cecde36de390fc50
4146 dbb638ebdc8400d8
4147 46c8f979f1f1ca04
4148 5113bbbf88266ebc
4149 75ad5fbecd068d78
4150 88c1962d527f2c90
4151 cef5411aab5eaa74
4152 42a40e1947ed17cc
4153 33f5717b5a08ce20
4154 d9ff43fc68ed37f8
4155 f70406c598f908e4
4156 6fc6610e0d94422c
4157 0d8d81104b93a838
4158 368f353c7c25c380
4159 92851c92452c53b4
4160 eda9b91f818fdf5c
4161 8e9c060b0be99530
4162 08c5dec194e732f8
4163 e3294a731fd58604
4164 0ec8b7044a02a23c
4165 451416229fef1478
4166 1a60d7aaca411570
4167 e27c29a2e92d95f4
4168 d88e19c02d466b0c
4169 e556d3eb3c04dea0
4170 682b75c6fd083546
4171 cdfb3f1ccdf020e4
4172 efc92846214c950c
4173 f5955ee0a8f558b8
4174 0c5214ff814b2740
4175 8fec8ee47be01ef4
4176 3c20463134530bbc
4177 cb5d093ecc08d890
4178 230721f4e07ee098
4179 c183da3e5df71d04
4180 72f006fd6c30c7fc
4181 35a304bdd0716938
4182 1744fc5e3421de10
4183 80c77f189e80bbb4
4184 21aa4025bca37b8c
4185 e493b855ce698f20
4186 fc05c7b54f0c23b8
4187 2e7512879a51f4a4
4188 f5878d230b80182c
4189 42b21431a551d878
4190 2a31feb37a589880
4191 04553f7a750af5f4
4192 46111c361688861c
4193 0547ee60133c4930
4194 a804a2eba67a1278
4195 efedd0ebb780b404
4196 721d24929e30d2fc
4197 2c635d39515622b8
4198 a30c53dc667748b0
4199 75f1533fa6a99cb4
4200 4897a4c65c15b7cc
4201 2b896ad78d210ba0
4202 a7bf219e50398ad8
4203 d250f20e79b83a24
4204 3b9da9cbf24b79cc
4205 ef1b4f50924bebf8
4206 3d7e13d8c84b3540
4207 f4e7d8ee11bf58b4
4208 fa0086ac6178af3c
4209 c777bcb0d87b8e50
4210 1a4e7c464624c358
4211 11e48df995b2a904
4212 4abb628e6f1ff23c
4213 93ecb70a11b8ddf8
4214 22b401ae557c8490
4215 8b001a6ccf5725f4
4216 04d277857968fa4c
4217 5cce4fc185f54ea0
4218 4c7c6828da025ef8
4219 0c8f1adf3f0c36e4
4220 39119da6af44a52c
4221 947015fa29c33038
4222 dc64ccfc74f47380
4223 e6d9542b4f7f32b4
4224 802af6ad513edcdc
4225 a6ff8da7f3177ab0
4226 6d306b39b9d67706
4227 a0d81a02a35a4304
4228 a1f592617a4830bc
4229 68542c05d0031bf8
4230 bcef049fdb25b25e
4231 5108d3281e3cb174
4232 30fd44f2546c128c
4233 cfc10ec3967b8720
4234 abae30b54e3db858
4235 8742ca1cb1e997e4
4236 103be87d6fa51b8c
4237 daf23653e99e02b8
4238 a99b0ef35c21d4c0
4239 2b03ccfbd74e81f4
4240 7d7d3d55eec3a7bc
4241 b9677fb60f178f10
4242 0fd2d69156c77298
4243 6146792e820f0704
4244 71c2bd31ea1527fc
4245 1a0a51b8790c8f38
4246 4684f7c130849e10
4247 ad03d497337a85b4
4248 e2426ecb8d4fb58c
4249 6df20ba35942b9a0
4250 f40ab8f1cf4f4638
4251 ff10206addb65d24
4252 8d9f463b5a8ce82c
4253 e2d39fae797649f8
4254 61cbcb37866d8380
4255 3f363a5ec06fba74
4256 1145899d40ca061c
4257 89cafcff74f0a5b0
4258 20b2d04667c2a3f8
4259 be56e17041899004
4260 602c46b367d208fc
4261 844145ee13c461b8
4262 123f9456a0c5c5b0
4263 2a83e30e468c7bb4
4264 9e9c2876fa6d82cc
4265 f8d71764eb292820
4266 56816acac80bc958
4267 64c37c89e08c01a4
4268 3a21054ecbae14cc
4269 99d07159d65eeb78
4270 d28fc1f9eb3946c0
4271 b67020a8a13fdb34
4272 09e284056d71f33c
4273 1d3944531d866a50
4274 029e52b83e4a25d8
4275 d6e85e0f51e04704
4276 95d4753b68625abc
4277 8be22ca03ac9a1a6
4278 c12d127fc7878c90
4279 e8531907bec9fd74
4280 4f93143f1b7ad8cc
4281 a067feed0c824f20
4282 b378781bf0f0def8
4283 df8098606a1f6de4
4284 f7e4a07eb459592c
4285 f8e05483a3548238
4286 ed34d4d2e36dc580
4287 d5d3c224dbc52fb4
4288 e2d17d039fe1e35c
4289 64d3e9a5e376cf30
4290 f706006b92c53af8
4291 d5659f085d904904
4292 defc1deb33e2a83c
4293 f3c132dfe7f82978
4294 0c2f1105b1c52a70
4295 a4c51676772b53f4
4296 6dc1e1a4e1763d0c
4297 058bc7cdf6ccb4a0
4298 27f400740bff71d8
4299 5b6e76b8370f2be4
4300 1b731357e4480d0c
4301 f0f9575f8f7906b8
4302 ef9128a86bb77740
4303 c4134a92782c1bf4
4304 c1c1eb0ee5c331bc
4305 3acb207ff5b41290
4306 98bb56df4b190e98
4307 84ab7a0e9baf7104
4308 db67d0b138b42efc
4309 f852ef1e95892238
4310 1a2012b98a09b410
4311 a8b5ccb0f1c920b4
4312 8b655b8fa5c87b8c
4313 a33a812440ff3920
4314 5783f951c085fcb8
4315 13d09387d7ed65a4
4316 5e7fb57be038862c
4317 d7b43d293cf3b578
4318 3065b07b11182180
4319 b2d3895820303ff4
4320 c1639dcb992e8050
4321 cba62109fc168ccc
4322 c417aea30875c834
4323 393b376539b71404
4324 21d42de41ce3ea52
4325 2cbe45f635594bb8
4326 740e4a65111223b0
4327 bf15b79f205d5bb4
4328 cefba99c9a6b39cc
4329 823dc94205b284a0
4330 60fcf3e41bbeddd8
4331 4fdcb442d2c06f24
4332 ce10be11eeb6fbcc
4333 3eba8986c55d94f8
4334 b6894cdc64171c40
4335 de078bd109a891b4
4336 0abc1773d6b6933c
4337 f9fa3a51312b1450
4338 697eae9372e29558
4339 238ccaedf0ccba04
4340 df24edd349fb073c
4341 ce4676f30eac86f8
4342 20af4b4d359b2c90
4343 1c7df9bc77930ff4
4344 483764fbee2fd64c
4345 dd938f4feb42c0a0
4346 16403357711fe3f8
4347 3f55561d915ba8e4
4348 a9222eda1285dbd4
4349 0e2024e23504cfe1
4350 f636fe3d539997be
4351 48665ea77d19c1bb
4352 463d5bad765c075c
4353 4e6e2af3c771639d
4354 cc9a6d7f646b1842
4355 274af1febeb00ab7
4356 f4c7a37bb9e56770
4357 3fcbc1ae869bdd89
4358 99f23844be6f1de6
4359 14b1beb858a68123
4360 b28d0313511a0c24
4361 dc94fb9bb3911605
4362 7bd40e389603314a
4363 df342779f90b3788
4364 1aac3954aa87c7a1
4365 7fa16911bcc903a0
4366 585f48fbc081de49
4367 b922c126f5b9c370
4368 35544e16ac9e4582
4369 05e93f9a775ef402
4370 a147aa4f142a32f5
4371 273feac96351bfa8
4372 49a5f4a9025a18cd
4373 3e8fd8bd5134e84e
4374 41358f2211c6ac69
4375 72db3c75b8e5d11b
4376 0a6c01a9ef2596c2
4377 feae046d90b52485
4378 36ed0ae911d2f074
4379 d39b6bcac76bfec7
4380 75d457aac68c16ae
4381 a11fd454a6b527c1
4382 94faeea143443760
4383 a32d41807689b713
4384 dc658133f4b3f55a
4385 002849c21e855b81
4386 cbbf26abc1ac60d0
4387 50ecf6644a4a42c3
4388 19bb5cd2891a9c0a
4389 d8a57b8167f18bf5
4390 523d306d404990d4
4391 5cbd7991b6b81da7
4392 82412b1da4b454ce
4393 68a917fa75a3db59
4394 87a9b0972a6f2568
4395 7775affeb6bdb55b
4396 eef88ffa17fb0763
4397 23cdb4ca7e605702
4398 b270189f46e46a11
4399 bf7327df7e3a551a
4400 1935f861eb3969bf
4401 0f5b07997d622e68
4402 5c81eb39bc713956
4403 680aca1413041c74
4404 c0312f718275f1a6
4405 25cd1965d57cbb3d
4406 17b728e5e275cd0a
4407 26ef8dd4d91b1cdf
4408 ecdc38278b5f20a7
4409 94113910207b6df3
4410 1305d5625236d97b
4411 fb7c1cf9c2c45abf
4412 b4df00de86b237a9
4413 a57af1f6d0a512d5
4414 35063084ba1afadd
4415 d5956e263df05301
4416 7056d5bb82381779
4417 a2543fce438b121d
4418 d2920f3ebc91f595
4419 2fb99a5c1fd324a3
4420 1fe3a4a4a85eb3fb
4421 1a719f9539f8ad17
4422 e0ee5eb34b10c91f
4423 f6030cfa257937a3
4424 335f478633112a3b
4425 feec41b4c591a76f
4426 71467aaf9b5161e9
4427 35cd49243e5103ed
4428 a2ec2a54f4d055d5
4429 5579661f783bfcc9
4430 9c6758a12ea7ef61
4431 150539c93a7a540d
4432 24fc2cede24cc4e5
4433 1a95973c9a3a7e73
4434 0ad7cdb7a758bdab
4435 2c9fa0a0ad2c609f
4436 a38fa7b95d8431a7
4437 a71ce1e1b9bff15b
4438 7d0c7233a9d31603
4439 52b430037af26b9f
4440 f675504c5f089b29
4441 25b08aa9b8a1fabd
4442 1b37c70a1bd73425
4443 34480f8b96c3b741
4444 1691201613fb0169
4445 e2fb48ec2d598415
4446 f2b0edac517cb95d
4447 011df5d4303372e3
4448 b26578c91c2dbbeb
4449 9f8a807887f2dd4f
4450 0ee62165a1318c27
4451 f6b71a32e97b7ae3
4452 e7381137804ba47a
4453 ac6eab8234b77ce0
4454 8bc28159f4167854
4455 36639ac6b157ba4c
4456 42d9cde3d00ffd19
4457 c721cd69ac3e83d4
4458 04884e2224b4f62b
4459 ea179669fdf7290e
4460 a5464eba2ddeafd5
4461 48d3d8f886eb343d
4462 073a8b765c57cafb
4463 3fb5237dce3c6679
4464 9fe95f7abf8f3dd8
4465 4d640b1535c2fd57
4466 0598cbfbbacbda8e
4467 b7c3c58423160135
4468 cb16836d7e243af2
4469 391c1dd5b2c51a0d
4470 85d2f6ff835d556c
4471 f982a8f6782670cf
4472 86370ee8b5855986
4473 1ab1108d61197d11
4474 78d344584ce98070
4475 33c371066fe38fd1
4476 03cc0139f444b270
4477 09e2071ba7caeb07
4478 8ff982dc85e98b2e
4479 ff71a8e91b4ec185
4480 c67f4896009a8fb4
4481 1923a03815ccfb4b
4482 b41af53df587a8b4
4483 5a8b49249a7ad9e7
4484 0459aa94ce99581e
4485 114f41ae82660da7
4486 8130f39a14ea1c5e
4487 f36bd3acb533b2c3
4488 c76dec9571ef1bda
4489 ff49b4b620dbb709
4490 40af212fcedeb4f6
4491 e15eefba687379bd
4492 2519dfe2f790a2ec
4493 9c784f22a6e0dd5b
4494 37cefdb18952a642
4495 c8da22cad9fd15af
4496 7bb6fb7b7e301750
4497 beb42696aa3ba1b9
4498 18c8edeedea11718
4499 def2709a1fa34d5b
4500 1e2b80e85df9ac52
4501 649825d3c8544d6d
4502 25f42f05215ebfcc
4503 5cbbe90b3b27270b
4504 255d2351aa8928bc
4505 456d8f3f367100f3
4506 777e3d075cebdb44
4507 09a154116c910b47
4508 5ba78e15b78d458f
4509 8457a270452798e0
4510 8afd06b05b279297
4511 f5a6618fd7f6a1ff
4512 69ae7275a55964ff
4513 f8173a770b4d40dc
4514 5733733e0a9f25c4
4515 51db7ce6b9fc9bf9
4516 c3a47bdcaf32b737
4517 5e0bd1efc8d36c8c
4518 ebeb0a08e8a3ee25
4519 a7e4c203559eb0e1
4520 94d110bca5dd6fea
4521 612f365df1d7ca7d
4522 1d4faedc791d765c
4523 833f0ea562c03385
4524 4b4e02c10ef96f4b
4525 9f7584bf25e27d4d
4526 d397e66b2009b555
4527 546a56a6065b5924
4528 d59b73f8124e306e
4529 5f894d10dd0b4760
4530 94ba408260464871
4531 d5f00155c0a5fba0
4532 604385cd2f520691
4533 82a9701bbe6089ce
4534 db69ac5aa9cd0ec7
4535 9fc8c9b6f5f85a2b
4536 fe8a0c924b8efcc4
4537 481a7be9b4d10d6d
4538 d070f4323987a5ec
4539 37528a92ae02bef6
4540 85f94646d4c6f9ac
4541 1a027f6c4e319472
4542 2927042288dbb22a
4543 97fe7eb8cd7e6efc
4544 95a4c57cfb7da9a0
4545 0434f94d25df7bb5
4546 939a87615a2dc59c
4547 be6620732b48adab
4548 2fc37760c2f9bdc9
4549 8dc5c8773de984be
4550 21eb0500232450ff
4551 7228f62140a0fb6b
4552 c061bbf4622f0138
4553 43dd04b14aacede2
4554 f41bb6d00c1fbd5d
4555 873ae279420acfbf
4556 b12c619f07bb3f5c
4557 3a0d5b48ace26071
4558 4c82f8ce4cc66d6f
4559 d29c80e2862c3ff1
4560 6cd1a54170074b01
4561 6f724348237d5482
4562 176d77429727f628
4563 b5b9e4fe0d4202f2
4564 85b78869d3091364
4565 168a8721b53e833b
4566 ac65378f555f1b5a
4567 ed9624f0c9cbae6e
4568 3ec4f33717607e73
4569 8c8c12ad164f88e0
4570 b7017be2f9ec0e0c
4571 a263cff8066f9a69
4572 2a0837fec6132f06
4573 bf8e8a5c2d5b175d
4574 5c06425019179ac1
4575 c7847ede9325c4da
4576 235cee49b9e262d3
4577 2ed595e790edabfc
4578 2c37c10003c2f4af
4579 e269c0419aa57d92
4580 2c4e2b7f9bb6527f
4581 6c5e7ef3776329e1
4582 b1102d7d81319e0e
4583 fc9385c610369c33
4584 f4a0ad3642d0e48a
4585 fb372be5ab66e0e9
4586 115e14d5794dc308
4587 3493e40687217a66
4588 b5b058081af462fd
4589 cde2ad303fb1d53a
4590 a49d07115bb5a463
4591 96dcfb9dc65c00b2
4592 c22d65358179767c
4593 29bd7272e864f193
4594 56948e5504d6c1fe
4595 f1c91562dd8e4b90
4596 bdd6fb943c279e46
4597 f257101489fb3d8f
4598 8d0a3e577a70004f
4599 90030bd0d8991892
4600 7d3c862562df1ad6
4601 5a820fbe323510eb
4602 af709881015ab17c
4603 6e1950f5fe607de6
4604 5e70818fb6c2fe77
4605 34dd3639ae0393e8
4606 11a28fcab4324dff
4607 6f2e2593e0459197
4608 51d519d8d39a6e95
4609 0249b7b88dcbce1f
4610 280bfc99826dea39
4611 402111a4d1f94f25
4612 163f34a61ad73948
4613 e4a90bc141058c85
4614 ef208c05fccc0b2d
4615 1353f38b6998caa7
4616 4ae7ba79630425cf
4617 2fd937093d40a9ff
4618 ff2e1378ff483edd
4619 6d9d57b276f1d764
4620 5dd7e05a9a2d62c5
4621 fa1ff2941b128368
4622 49627357b803ffc4
4623 e9b452bf1cdf5fad
4624 1246b66bd3a7bbaf
4625 d7b7abbd2027a430
4626 4d0f9534764a2ffc
4627 c59aead90a54f99e
4628 654a5cfe4ca7eaf7
4629 0c986c28b94a9d22
4630 5a23206d3b386ce3
4631 98bb4f12fe402dbb
4632 bc60ab86e43e90a3
4633 c2259bd36fce9c6c
4634 cb6a7ee6a140e593
4635 2ba836946a007f85
4636 58a8628814ecd429
4637 90085c818e907c95
4638 87913c45671d89a4
4639 83afc9471133675e
4640 eda72f38ce920a7b
4641 5b8bbdb2429cbd40
4642 4f9e668d2ab24741
4643 6135e2a07fb71715
4644 ccd3e8897c3ecdf1
4645 f31f8cf50405e2bc
4646 f6df9265b0a461ba
4647 a9d3ec5ae57104db
4648 c45281eff3a90cbb
4649 3094f6077ac7ad71
4650 1332e6e9f0b373a5
4651 bb753525f71eadc4
4652 f2e9343b6f119232
4653 e97df6aafc174959
4654 3d213217a0a09383
4655 e213d8d9bf66a4cd
4656 9aa78cd14ac6e258
4657 aaef197205080f13
4658 81ea65ee5782f458
4659 9a5f5b131d8cd526
4660 3fd28fea53350d95
4661 9bf005249ce0b2fe
4662 828c4fd1bd7a3efc
4663 68f714e51e8db134
4664 507a5a3d7208cd07
4665 d3f01c94e2e9734a
4666 ef16d55e47d383f5
4667 6733e8887a86a748
4668 b7fdf371e5f3ac52
4669 2eff3d98f81f9a6a
4670 6a50007885cba564
4671 e75397600a7c7465
4672 f7ff98294cac0344
4673 10297f1a30454d74
4674 d87d6d07738f55ad
4675 694ab4b1838b7af5
4676 ce0487fc4fd4bc5c
4677 18bc5cba6511b76a
4678 a44778cd8393f3fc
4679 c2a2db01ab46b8c3
4680 72beec715e3af97b
4681 8544fee5ab1d5113
4682 e02aa84197a7dfce
4683 49f28845a8e030c1
4684 b04ab841ac7a05d0
4685 935fed2d87aa2e5a
4686 b3d5ff6d4df987dc
4687 3753a654f5649cc6
4688 c7d02131777edf9c
4689 9b6ba20a0dc0bf30
4690 21b83bf7e4b3cc34
4691 59c61b79eeebd5c4
4692 0e3af19214ee64db
4693 2c82027b534514e0
4694 25d6635444864f2b
4695 b7a3bb66db8f2d30
4696 d906ec3f94df1435
4697 e2de88751fad42f3
4698 fa44a09a8c6ca6ee
4699 cfb1b81268ba713d
4700 4e7ac4851616a090
4701 84d478f8389251a3
4702 6cf42886e4628f32
4703 cf5935a8a08ea450
4704 13f17de31014eee5
4705 958cb33d7dc7bb87
4706 83f3042e73b52d2d
4707 ba9e270acc4a527e
4708 20ac7700174fef08
4709 e9d410c58d109b0a
4710 b33e3f051864b270
4711 1e8ea13df099ad0f
4712 ebb1dc93f2751bb0
4713 dd5e2864c8f43147
4714 aede0096bcf38c12
4715 1da917e770997f2e
4716 60b78826b57bba55
4717 20d64c5d5975102f
4718 577aab7206d10f15
4719 16fce33cc516961f
4720 9c6ace81533cfcf7
4721 6a53e8fce999d7e3
4722 35f6ad69e24f516b
4723 73a6fbe68b792dfb
4724 ee25205899085baf
4725 7cf8ce330de417be
4726 43da441829c89c4b
4727 bf42d28916eb8316
4728 9532dd83d8c9f8ec
4729 27dea93f9e90c37e
4730 27730020195173c4
4731 3176758045b6c84e
4732 3508d3ac24017283
4733 c1e66ad9249c163f
4734 13563f0c916bb4a6
4735 faf12cb699c4cb7f
4736 abf69f140bd5b693
4737 1a8399c25f326dbe
4738 f82613dee15ef044
4739 0a6da33b701731d3
4740 a6371cb9d834937b
4741 fc16730952d363fa
4742 7cac95452e97b090
4743 8bf0860a67b58f40
4744 4abaf9a33cbfa4d2
4745 f15be6392541777b
4746 4d94bf2c664df103
4747 530d59c21e329f40
4748 fc29c2178ca29bb5
4749 839a7a1649920f84
4750 30ef9a13bcd3ada3
4751 2e96896d5069bbcc
4752 7e3fdb2550a69016
4753 5b50a2c9393be227
4754 2898a2bbc1dc4d7c
4755 cfb7f822f3b91f68
4756 a3585e259bbfd2b8
4757 c011558312ec824a
4758 141ac2a7d6e03f5f
4759 f89ca485118585a0
4760 e703e3103a6e35b4
4761 6beaa213597afe84
4762 87cff296b9f8ab2a
4763 b70929de5666dfee
4764 222a9079ec13ae46
4765 c9c21983e8adacbc
4766 0f98990257b6fcdf
4767 a1660ef4347b9549
4768 0a9080155e192216
4769 5bf6d3fd6b7e1b8b
4770 31698813f56e1b7b
4771 d3d3863b75957c2e
4772 c973b96a829da79f
4773 89384223855be753
4774 0f1a2435776e47a8
4775 02394e920fecfa64
4776 9047ee2f34efe150
4777 24c26fdd3c558327
4778 7904ae4f5cb7f986
4779 ddf40e502b523efd
4780 8b8de6e025357c23
4781 42304a170a05b194
4782 42df82131fd95c03
4783 c338b41d58cb9513
4784 ae7a2ebb276c7332
4785 f6363382f928cb58
4786 f81b692fbdd02bc5
4787 114a397ee6373de6
4788 77e7404a336b4ff5
4789 70bf6b6cc4b0cc45
4790 15386538d9869554
4791 9dee5b82fd958021
4792 f1fcb44e9064b199
4793 970130792b0f2e46
4794 24d5b9686c9025b2
4795 5d26f4a19d6d9a0f
4796 93a1bbc88f6858ae
4797 7e069074a9f2eb3c
4798 beb68fafdd6417e3
4799 84046ca0545d12c0
4800 c7dc144b197c6d37
4801 6c3e3539701e41b7
4802 4c404383be5466f6
4803 7a15f621c3f13d4d
4804 b9c3ad593aa07ad5
4805 30b4a5812c1be272
4806 31070329aaab64cc
4807 4981d9fb9ff0bef9
4808 866310df276d26e8
4809 8beca9bfc30056c7
4810 8d334b64832b8889
4811 754a5a73c0fe80ca
4812 8ffc5ea9c6ea141f
4813 205a057c07943973
4814 464de1e55af38c12
4815 3701ff7a93787b9c
4816 fbc2657acf67d9ce
4817 653703e3f40888d9
4818 759d7bf14392faac
4819 1e9d0fc775dd0c61
4820 ef7ffc65fe603b78
4821 f4176090295ee558
4822 fdc43a4069808a90
4823 cf480571396686eb
4824 23fb64bc6aa064d3
4825 88cd86594433780f
4826 11c729dc098ed819
4827 01a592c0d8785951
4828 7e691786dfadc0f9
4829 89f85778a2fa51b1
4830 38efb6829b682b81
4831 f604769b6dd84239
4832 956c788c7034f217
4833 3a2111e55c120a5b
4834 1f3c9986b47eaa8b
4835 f2a4b94bbc63403f
4836 b05401bcf9c49fe7
4837 aa8b606f1a622f03
4838 425b2dd73c915fa7
4839 15c7d8b60b93c55d
4840 ee9cf808cb7ae7d5
4841 01defb44a77160b5
4842 ad804cbd4f04b6c5
4843 92cbf42d2703243d
4844 b6a43310e1308b93
4845 340c0c2c682377e7
4846 57f2758a7445e0f7
4847 8a58a135e8057653
4848 e8fed19c5dd0d98b
4849 05ae892fd1869607
4850 ba881812dcf1dcc3
4851 2d10812e129c3d69
4852 cde65055241dbbd1
4853 f9fa34b586325f71
4854 d04bbb676d04a460
4855 de3f0285c74d626b
4856 f89104e09946da4f
4857 9f41794a1f04bc89
4858 40eeb3244ffe36a1
4859 009975ab335ed26f
4860 12e0ccbb661dc10d
4861 492f9b103d25ad61
4862 0e1fd2f80b61a1ad
4863 9c444da95694968f
4864 5a22c9f6f923d7ef
4865 00fab960a07a0845
4866 da026c66913f7f5e
4867 f722a6d1e9f8db0f
4868 b0d81bee9c7b3de6
4869 f883bb5e92d80838
4870 19b340b065a7c720
4871 77b30d272233c0ae
4872 c8ff3e47dc48a8e8
4873 6e9abc4ca6a4fd75
4874 8d3bc362d9a420bc
4875 ce90056575f1108e
4876 124e7d6fc8b443ae
4877 82a9ec4eb9975cfc
4878 fbb67e7cc9cf09d2
4879 795adafd1a04ead3
4880 636381f720ff38aa
4881 1c2ac72854c61e10
4882 882104a58657bc62
4883 1ad0b4146c8c291a
4884 352b8dfe8fb115dc
4885 b3927aee74783c5a
4886 e5c76cac0af94c70
4887 c619a043195501c2
4888 8b84c447adc9d502
4889 5ba5b9f68f2aefa8
4890 72b8585fd49b0eca
4891 881a315616dc3512
4892 ce2b7d5819bd0f33
4893 737f8bfff1469fb6
4894 c874828b5d2a0a5c
4895 805af04e7cda27c9
4896 0472346572d703e2
4897 8560210093a7f817
4898 26102a6a6d69a5f9
4899 7a5e4f1f15655db1
4900 f3cadfc0f6ab986d
4901 9caf9c83fe5f9493
4902 e6a3e4f04b675f5b
4903 cb180a6ee2cf0119
4904 8bb777418b2c0b94
4905 fcc527629667535e
4906 028152745057921b
4907 dc9f9782d7f0d217
4908 31ff97afbd683747
4909 fdda7c2b148c71a3
4910 7f66cb3d3c2fe5c7
4911 b79c90ca167bd7a5
4912 68fd3d1885a0aca8
4913 89c1b8fea7390d0d
4914 c3b22d7dc99c87e3
4915 c1111c5129e3f340
4916 c65389b55eb6dc91
4917 5c7c3a9465b5ce70
4918 9b4e4cccff2dc809
4919 92a36eedc3e115c6
4920 d93b44b541d078e2
4921 0699e970d8cc51da
4922 5ec4210b0ab82c23
4923 33f90f5fdf7a5f1e
4924 a5e1541785aed7d8
4925 1fba993b5faadfca
4926 828f4627e87b141d
4927 945c829f4ef01de5
4928 e557d60875a70aa6
4929 d02d90e6280917cc
4930 c074bae2123fa3e7
4931 82c905d5fe8ace3d
4932 7dd0be3f9aebed7d
4933 9f96d75b642b4821
4934 03ad6e4797dad8a3
4935 82a9f4e46db12f19
4936 7953e0c6943abffc
4937 0ff00ecfc51810f2
4938 44775d9fbe7f2a8d
4939 50f6e6c9ee90fa0d
4940 d3ad30f67395ce38
4941 b3d71f9db0437487
4942 8be0d2c122999611
4943 86200c556c80fcf8
4944 8018c5962225b5ce
4945 1d89f19b926482b9
4946 15558d59393f4cc2
4947 455fbc30a43671d1
4948 6e918fb4255642ce
4949 74dd3b4b85696a89
4950 77731eae8de9f30b
4951 2fce61e1eea2506f
4952 1cbaca23fc5d8a0c
4953 6a2cad7de47579d1
4954 b8ba7969d7b81f80
4955 36e4180a605cc0c6
4956 03f1708f5689ff7e
4957 01132c7c06dacb75
4958 4fce8a8daa3f6806
4959 3e26dda014d1c99d
4960 f24a98242b62fb8a
4961 7418dbcd6113e724
4962 3282a6085ca3b25b
4963 667b1a654920fcba
4964 3603a2fecac3f9fc
4965 4d1d604f81d9c6bb
4966 d7b0bf6351fac533
4967 7586db69266f86d2
4968 40321ce4ee582a9c
4969 74f4e2374458b5cf
4970 93858f6323b585c9
4971 6d59250344fb19ef
4972 eba137cb18b76ead
4973 7b58465edae796a8
4974 6c6db608282bf4fb
4975 d82bb3dc9145b9be
4976 7e5a05be5a1b7371
4977 8a424cc910217a06
4978 8796bc4c9277a3cc
4979 66b0156be1d7780b
4980 4cf49b608cdddf3e
4981 9be9751b1640d9e5
4982 8d2d4058c0800663
4983 f5f08b417f4219b7
4984 ad895d45da73ac4c
4985 189511036f36dadf
4986 f484ee0a67dada97
4987 b00fbfbf005af4d5
4988 8e9ec1ea71163e04
4989 313f80f5e55e1138
4990 c8d668dd2d90b890
4991 dc2c5fd44efe3594
4992 4576f117096c4d1c
4993 d8cea0af29043d28
4994 4e813f9978832ab1
4995 7a544622e85ec5a7
4996 dc2d993e31bb7de4
4997 3199218ce2a02af0
4998 f6816c435a163b6a
4999 8efa20ee1b253f3b
5000 89e7c60901780515
5001 98fbe8de1231c149
5002 f843bdb1bd64e6b8
5003 985e56c83e42afac
5004 37df4078158ec590
5005 b218a3090f46888a
5006 4468cfabb4199056
5007 81890f553b8c5251
5008 ffb87e93fb82cb93
5009 f3bb478413bfa026
5010 ac37a0c0d7a8a9eb
5011 0488910b8a5d766a
5012 fdeeab0d8e849ea9
5013 c1c11a8ff35e66f3
5014 2bec8c7fe73cd235
5015 2fdc72dc553d83d1
5016 283a3d046bb57dc9
5017 648959c0d89b905e
5018 99edd5b574476a8a
5019 d28d1bec157a1d14
5020 8f8dfbb44bd6c1c4
5021 7880ea069c2f4fea
5022 e965221059e8ab1c
5023 45f848c370874ec9
5024 e827b3a4c05962cb
5025 78374c057de87c19
5026 c9b92dba0912d6c4
5027 1bb1bb34092c34cf
5028 6473dfa416a78c1d
5029 7b11545dd6e99f5b
5030 cb019bc1b9eca7ac
5031 72104391e1a472fc
5032 6edeeb417ed6dadb
5033 897a551f7c7daf77
5034 8c42cc50dd5c4676
5035 493b6ea6e54a1c50
5036 1fa4affc4488d678
5037 543e7f635a203418
5038 f347cad77a0b8b04
5039 ff576387ed3258c7
5040 586f092a6914821b
5041 0877adc6fe7651d4
5042 e89886a8d3966f43
5043 3fe4a0581801897b
5044 d214b011fb69f3c7
5045 0fa63973f7894a1b
5046 32a247cc6701bb21
5047 49e34a903c50e6ce
5048 a36f6b2a30aa4574
5049 5f80d0d8d3baae07
5050 5566fef9b933f921
5051 84297b57e81f1fb2
5052 ee7c1f9bb9179dac
5053 d91c6da3bfc45477
5054 6d5c9c485c836752
5055 b05b0fe2c43c5f8f
5056 bfa8fcac4ba2fa53
5057 c64c451ac18a4512
5058 c47979febf104667
5059 2527c9d24921a502
5060 554c100181e8294d
5061 6a80dba88f37efee
5062 2435aca0eca79bf2
5063 56b9cf7c844c18ef
5064 806e93a856c53e44
5065 03d5aa8b5382a5d4
5066 2bba915118e79766
5067 ec99f1ff30cfb843
5068 b37ee0cebb46f927
5069 8370d27f94dc8e81
5070 8147a4efd0427a5c
5071 2eec265d47355df9
5072 1d0d08d1b29c22f5
5073 42a1edcc3d756be1
5074 d390a6a56b98a9c1
5075 06091fd3536ced61
5076 e9a0ba041ef5db80
5077 208c9e27ae59905a
5078 71701d20be663afb
5079 a83bdd72280b1616
5080 3118ca9b5855e331
5081 c9d0d89620d762ec
5082 0a091076064767a7
5083 88b2f6da6ff3b41f
5084 e3c053e0f8b26ba7
5085 cd37c2442492d9f8
5086 fdcd9ed815a166ab
5087 aaaa3a3ca036a2ea
5088 4d696a302acf6c3b
5089 7ed689e1dbafa91d
5090 e683d288a0cd411b
5091 cbc2f2babf5ceaf6
5092 1b582c383a2342db
5093 79f65eaf727dfa60
5094 55fac0cb376eb8c9
5095 da62ea975747af11
5096 4e9b687713c7c7a4
5097 b520b15a0a4f4074
5098 84c4e9cc90f501f6
5099 c1bde0621efee44a
5100 340a94a94f4df66d
5101 b67afe609f5f1831
5102 a2272136a7910bf1
5103 80105bb464df1bc9
5104 ef7f92669c20995d
5105 9c3fdb010374be63
5106 5c39de67f6d576e2
5107 77dfb364e51d6900
5108 41150bfc001c64ba
5109 5bbc902413ffca66
5110 33bc1cb3a0e66544
5111 ab91c2611e1234d4
5112 e8a23f1d09b420d6
5113 ce79bd0d6034ae46
5114 f47916daf4c68f6c
5115 d27a3a798a25121f
5116 99cc0c3c97a63172
5117 1fb806e07c31b98c
5118 d521bc88cbc429a0
5119 006698d9350150dd
5120 d99a7bee7cc15a0d
5121 70ae65dc25f8012c
5122 154bd5dbc1d6638d
5123 21043d6bba253bae
5124 1b21f3cf4430dab7
5125 6cea144b92042854
5126 58305d937e537d50
5127 14141e42841e4c58
5128 2a00dc117524e126
5129 488d868937971be8
5130 5029a99893c0d371
5131 89eb9b9a9f2ccf4d
5132 2839daf338eded82
5133 4b4b8de35d8620de
5134 3fd0bebe8538c797
5135 bcc9c0428a34f229
5136 abdb3d56eb7cdfaf
5137 ebff9f11e413c02c
5138 b5bfac32a25519e5
5139 8228700457af06a7
5140 fd814c9d37fcf188
5141 7cd7595fff2f89fb
5142 43bb33e9b03286e7
5143 3f9901b787e21b4a
5144 8df7981a7317d607
5145 247fbaa3afdf2f70
5146 f6961d7d00ae3d87
5147 04473ef3a22c7585
5148 eeadc8e2c40229bf
5149 2e44d7eaed12371d
5150 8bf899d8fc4c7ed2
5151 df15b05ef6374679
5152 aae5b1d335ec92cd
5153 dbf227c40939a972
5154 012c8cedfaf6122f
5155 c48e9469fd5c28ea
5156 9ccf786faaaec532
5157 ff67c645c4924600
5158 84b7759218bb51a3
5159 58002a7d6fd1cdaa
5160 942a6923054cdb7a
5161 f94eec282bf151d3
5162 37d6e0805321de6b
5163 2d18430b6b187fec
5164 8647015737898f8d
5165 2dfc4d4c7ed744ce
5166 179ff8a34babee6d
5167 d4ec2e7433983772
5168 4d40524047e70181
5169 964ddc5fb77bf80d
5170 12c18b28a9361bae
5171 cc7cf3c160ae6d7e
5172 5b36043dd7101f0c
5173 60d0a2f558d64336
5174 8e97640293df759d
5175 419f5be8481bea41
5176 7a64cddb759744b3
5177 38d0a29430ddfacc
5178 0ed0fb3f5cf7df4b
5179 f5c975011f26bd8b
5180 bb89fcac5a5bcefa
5181 00ba4ceda81f03cb
5182 5be58d066208a71a
5183 b45b25ca32e93c9e
5184 46578dc48b98bb75
5185 e690fc7ed9cefb4c
5186 266f98408c17bbc2
5187 3b26b83aaadb443b
5188 71864fcdcde59eab
5189 785ea88fd829d1b9
5190 b34fe38e7f022ee1
5191 f55fb97d572c22b6
5192 639dde608f42dce7
5193 21e2889473858ded
5194 153bc5b05ddd2d63
5195 f434d713ac4e440a
5196 5fa51a3219607b28
5197 c0a4286673cdb8cf
5198 94f9ccaa154b78e1
5199 65149de45cc18c4b
5200 79b6238230aa6080
5201 23c7a07429882009
5202 815576f22315afb9
5203 3ad6519f6966457c
5204 cf7ff8832a237306
5205 d4724d21ecebe315
5206 ffd59292d8628593
5207 938ca402de15d1a0
5208 04a5ad038b52b113
5209 7df04400a6c5e1fe
5210 e75c35e066a15d4b
5211 647112e66aa02ae3
5212 f3c9bf88d54ed846
5213 1c1657aefc6d6093
5214 0637e057db897869
5215 8193287556743ff6
5216 1834ba5874cf96b0
5217 f0cbcc1525114399
5218 522618aedd2a9c99
5219 623bc3ed62c25a6f
5220 923f697ec345c636
5221 4c2b5d100039573f
5222 4be3726afff88aaa
5223 fc9ea405990edeed
5224 f1692b443aaea618
5225 30720127556bc505
5226 a36756425a2be921
5227 092086a584b94d9b
5228 306cdfbc209f9c03
5229 5ab3c09d0c94a00f
5230 3dd430d802ad9c8e
5231 1db8650e64cd2be5
5232 48eac4860cfe5693
5233 d2cdf480309160db
5234 71ff40bfdb2df587
5235 1de2cb93f7c15a7f
5236 13d37a3de6f690ee
5237 c70e6c635df991d7
5238 76d62d3e7a7eb6a1
5239 5088968cc0d2a9f7
5240 c4722baa245af348
5241 a7dd66aa2a80c091
5242 1f26fc8ab488d656
5243 f2d3f3bda61afb58
5244 2c8e563bbda89fdc
5245 b777d9ab67a813e1
5246 44eaa8b3f79ae27e
5247 110350415c7070cf
5248 812e93458b7e3540
5249 46c1bb9ed6548288
5250 bb8e00e017e01ad2
5251 f069047a5ed32c91
5252 b3aa86b86bb3156d
5253 5302a9790c8ca57f
5254 3fb9af823a25669f
5255 8644f6fc5a05471a
5256 d5b5be8cf518e258
5257 2374e2e55accccfd
5258 26c25709a14d0528
5259 1f20cf216aa45181
5260 d169719880b59495
5261 8e33fe7f49d5aec3
5262 2c30a3dc999f4a5f
5263 f02ee6bac6b94c93
5264 dfedfa6f9d94644f
5265 9ba919c32f7bcb30
5266 6f61184fe6363b02
5267 608fcdaa5d5882fe
5268 4e05dc482b8048dc
5269 a45908c9c560fa96
5270 62fbf6327516e444
5271 3efc3437ad54163b
5272 918c9d266e61bf71
5273 d912b19219602986
5274 48bf8619a206b944
5275 ab424a38eb24e85a
5276 5a68c1fd9565d3e9
5277 6c167bb07d35b760
5278 ad54bdfc6d59f359
5279 a07e6afb7164195a
5280 8b9e27c33d8d18ea
5281 1efda10cbe8ff0f7
5282 3f724c48e105a56a
5283 2ca2a0d4d5e8de79
5284 01c13e5fedd6f778
5285 696a5297cea3c8ec
5286 5231f3105830bd0b
5287 12ab7c25e904c391
5288 0e673f8ac76cf7b3
5289 06d25c0cb38a5c6c
5290 1afe144f547d16da
5291 7a95b1fdfc0bc543
5292 46358828ae325d6e
5293 c61a0187da4b02ca
5294 190fe8542b928aac
5295 b2046a87e8d41bb2
5296 d66a29f616e72b53
5297 7b298734ae672ee1
5298 36fb4f1c44a2c2e4
5299 aa6ce211e6165998
5300 d6bd198fd56e0801
5301 5de9bdf8f422046d
5302 5e59bbd413ae7327
5303 4ff35e41c7dc8994
5304 4db531904cd79229
5305 2fd177392ffbb032
5306 ddc99160dfcfa1af
5307 bd3c064c6149d14f
5308 921b3f83d8a078a3
5309 03d1c39e9bb13ab2
5310 0f9c5b43d93dd981
5311 06b2e908f32caf21
5312 932e29d5b9f31e29
5313 7979d7052b1745a5
5314 6a4ffed4226c676a
5315 13cf66101efbaf01
5316 6daa8b776eb092b8
5317 27ead216b568ed8f
5318 1e0ad529c1bb61fe
5319 13dc630949a0e9f3
5320 b14495fb1f0b1982
5321 20e326658648e275
5322 5ec4d8af1e9da150
5323 d6566822585b757f
5324 77532267b87cd8a2
5325 566614e4fa2b3ec1
5326 10d147de31ebab24
5327 dd44f623ece3616b
5328 b38f1446a3587706
5329 b618b6535310d0ad
5330 905673b3812ddfb8
5331 1237349e6dbf3450
5332 e5ccc2039a408208
5333 22af86d82d1c3ac1
5334 b5754141fd56c1ac
5335 7563c33f986126bc
5336 89da515efd31a295
5337 2a9c5ded9b7478c6
5338 b679025d26dc2c30
5339 20800e97f1860390
5340 13873c37e7102a66
5341 44b44943c2ca18da
5342 9d2d878701cd6915
5343 4a5acb4fdf45d4e2
5344 9a5d215ecfcfbea1
5345 103256fc209e5f7a
5346 626f98ce79db0e8b
5347 081bd735a493eec4
5348 1c3d12297ff5f8bd
5349 a233d123718b2386
5350 6dfe705f48982cf7
5351 8016af504d38ea60
5352 e0a179c3c12ab9e9
5353 270fda07f206e386
5354 8159c765da5e7e3f
5355 42744143520c5b91
5356 701eafcb0bb0b66d
5357 ab6fdbb50677c6e6
5358 8609ccd8a68f3564
5359 bb10d825fea3edce
5360 964830c4b489d4d0
5361 a0bb32c321d806c2
5362 1e4baaec2057ec00
5363 4fca1a7001096902
5364 a002ebbfcac73dbc
5365 3f51a78591986f15
5366 4ff28c801984738f
5367 83737077d9dc17a5
5368 2d234ce83830803b
5369 ad85085ff5ccfdb9
5370 2ff331f59aeb3a28
5371 1da8bf3e2b51816a
5372 9f0efe5601a6e32f
5373 73a4e006ca261fb6
5374 63446091bebf5f34
5375 5b592f1c6651e65e
5376 fa4a541c4ca84090
5377 cf80b8410a215f52
5378 c49176d40f33ce50
5379 eec851e00e3ffa92
5380 b024d6ac53bb69ac
5381 da6775f29ddf6185
5382 8fcb0c88a73090ff
5383 eef6eb6c2a8fd1e6
5384 d1dba26886c3346b
5385 127180fd66769929
5386 3bd7335277f4de38
5387 7921ac06fa7c1eba
5388 fae94e8d8a651c1f
5389 c3db957daff7b686
5390 9d22d4db4d92a304
5391 640a6fe842ae6fee
5392 e4135243318207a0
5393 2831f080e454a062
5394 5f6f6427c05d50a0
5395 94f8c213196a8a22
5396 1139156f431ed7dc
5397 a157f55894b5e575
5398 e23301efe7977d2c
5399 59e96d0e24255d36
5400 08ef724fd80ee11b
5401 7d8d8f3364e4cb99
5402 e2721afa5dd0f848
5403 102d4281fbc08d0a
5404 3fdc180be0ae808f
5405 f8bd56ed5674adbd
5406 35c61f886e421354
5407 be40929e612395fe
5408 a7f864d233d61043
5409 29204bbf857e7872
5410 b8a6f110c3356370
5411 1035d8fc3536ff32
5412 9d6060974359739c
5413 702221c38fe1675e
5414 c397133c30dfd0bc
5415 0ce00dc9d3927b86
5416 28204039df136258
5417 1854157949e04e89
5418 bd6c75e0c7ab2f58
5419 e871403287f072ac
5420 54637d95e67f5be8
5421 317ef9e5b16d7a6b
5422 49bbab1967adf960
5423 8a78328d8b29c6a3
5424 8f602cc26a22327c
5425 4ee79c90fe4656ee
5426 59ecc9bf57143555
5427 941dd0a2ac7bb037
5428 09be4031ef46faa8
5429 a633a489e38cc22a
5430 ce39c513e47cbd11
5431 c2784ff8e22441eb
5432 1cc3f06366b5c08d
5433 46a41c8e8bc005ae
5434 459b34ffad6e77ea
5435 c9f7948496285d48
5436 cd1e71a46d986e37
5437 0d5126fa96e47fcd
5438 2d226b25f9c05d06
5439 69c023c696c161dc
5440 38df7529338486f3
5441 aa5b87fbc58fd7b7
5442 c9d828bc31824ea6
5443 3887c1eb03c726e2
5444 463e108a91e9ebef
5445 673a3faf9eeeaa4c
5446 fb1e8070bf855d8e
5447 732390a236725526
5448 f9b3788903c67e73
5449 4f63a083ff2ce9e0
5450 dc28d47070b7bb42
5451 477eb3877ea1f9da
5452 9490684396ceddf7
5453 0fe6a9a045eb50b4
5454 5222b91af8576cb6
5455 00ca92920a866a7e
5456 5d9e2a38b69e0e5b
5457 714de97610954548
5458 fc9db0d2c2fa146a
5459 5959bd5493965eb2
5460 d0322056412f97df
5461 89067fbff934947c
5462 b7cf9e4878f8b13e
5463 e85e32d786c44876
5464 c98392bb574face3
5465 2f22285b72bae590
5466 ba167928798bb5f2
5467 0742e2dd5174eeea
5468 4b02c2684d37a7a7
5469 5b525f013cbd6c64
5470 6100b51b25e3ba66
5471 2d82d8e78b5b48ce
5472 293031cf5c33c4cb
5473 ef20e45c59a21af8
5474 6ecea87022520a5a
5475 b1a3daf90b46f8c2
5476 da59c35c9008454f
5477 0a2d5b800c79b86c
5478 ca822a32298d8dae
5479 4064bae50db89306
5480 cbcb178b257acc53
5481 85fde7f747417480
5482 ca12450d5ec93f62
5483 15d8f8b4873dc6ba
5484 2835faeeb3092557
5485 e70cd68b95fdd2d4
5486 6580eac78ddc5856
5487 539cc9e5b0d844de
5488 dae5e95ba570dbbb
5489 1d56f86db1b3e7e8
5490 9f0fc8d7ae4e708a
5491 b04ba681906b5712
5492 1bde256fff4c403f
5493 adf04856fce6dd1c
5494 53df7a332f981b5e
5495 3cc01c2fe5a59dd6
5496 a90f059e90b6d743
5497 2636850296a02830
5498 00a881984dffb112
5499 eb02b8268eec014a
5500 87de4697d33c8607
5501 f7329970706d0084
5502 4b36905a661a9d86
5503 8b17a34b880cbcae
5504 89f4d4d0f75281ab
5505 007afc6cb4569898
5506 ad87e41d3467fafa
5507 674d2d44740ee222
5508 e2e9a4eeeba0a5af
5509 183f99b534446f0c
5510 3f94281d6dcf0e4e
5511 976a8a3480080e66
5512 196da87591c67733
5513 b2d332fdd8caffa0
5514 4fe58670a1f6c102
5515 4f26ecf2d793211a
5516 ec16803485db6db7
5517 fdedb65555a92474
5518 ad3440a5d6491076
5519 133d09c7cb4f8fbe
5520 f1a136d25842c61b
END 5520
